epoch,accuracy,loss,val_accuracy,val_loss
0,0.621999979019165,1.2905504703521729,0.8478000164031982,0.5385565757751465
1,0.8479999899864197,0.46389034390449524,0.8830999732017517,0.3912363648414612
2,0.8930000066757202,0.3314451575279236,0.8867999911308289,0.3783145248889923
3,0.9169999957084656,0.24999594688415527,0.9016000032424927,0.3307287096977234
4,0.9369999766349792,0.19351156055927277,0.9064000248908997,0.3040385842323303
