epoch,accuracy,loss,val_accuracy,val_loss
0,0.6140000224113464,1.289228081703186,0.8403000235557556,0.5385168194770813
1,0.8360000252723694,0.49481892585754395,0.8783000111579895,0.4138680100440979
2,0.9079999923706055,0.31022462248802185,0.8944000005722046,0.34070757031440735
3,0.925000011920929,0.23802268505096436,0.8913000226020813,0.34522637724876404
4,0.949999988079071,0.18376192450523376,0.9059000015258789,0.302530974149704
