epoch,accuracy,loss,val_accuracy,val_loss
0,0.5759999752044678,1.3958879709243774,0.8198000192642212,0.6389486193656921
1,0.8230000138282776,0.5681349039077759,0.8722000122070312,0.447858065366745
