epoch,accuracy,loss,val_accuracy,val_loss
0,0.5450000166893005,1.428504228591919,0.8363000154495239,0.6170260310173035
1,0.8019999861717224,0.6191603541374207,0.8708000183105469,0.4523661732673645
2,0.8659999966621399,0.45281288027763367,0.8912000060081482,0.3700026571750641
3,0.9120000004768372,0.3142373859882355,0.8902000188827515,0.3628550171852112
4,0.9100000262260437,0.2783429026603699,0.8996999859809875,0.3393557369709015
