epoch,accuracy,loss,val_accuracy,val_loss
0,0.6110000014305115,1.31426203250885,0.8151000142097473,0.6312845945358276
1,0.8399999737739563,0.5278111100196838,0.8860999941825867,0.39529991149902344
2,0.8769999742507935,0.38461288809776306,0.8907999992370605,0.36860114336013794
3,0.9129999876022339,0.27614733576774597,0.899399995803833,0.3433685898780823
4,0.9210000038146973,0.2394910454750061,0.9081000089645386,0.315311461687088
