epoch,accuracy,loss,val_accuracy,val_loss
0,0.5910000205039978,1.3274997472763062,0.8382999897003174,0.5764927864074707
1,0.8349999785423279,0.522286593914032,0.8812000155448914,0.40672633051872253
2,0.8899999856948853,0.35328489542007446,0.887499988079071,0.36666956543922424
3,0.9200000166893005,0.24999530613422394,0.902999997138977,0.3219640851020813
4,0.9350000023841858,0.1886281669139862,0.8978000283241272,0.33304712176322937
