epoch,accuracy,loss,val_accuracy,val_loss
0,0.6320000290870667,1.2964354753494263,0.8547999858856201,0.5347543954849243
1,0.8489999771118164,0.48240602016448975,0.8884999752044678,0.38987797498703003
2,0.8939999938011169,0.31511250138282776,0.9035000205039978,0.33349189162254333
3,0.9350000023841858,0.22584128379821777,0.9132999777793884,0.29873672127723694
4,0.9459999799728394,0.1766626089811325,0.9182000160217285,0.28439974784851074
