epoch,accuracy,loss,val_accuracy,val_loss
0,0.6119999885559082,1.3149069547653198,0.8375999927520752,0.5709966421127319
1,0.8379999995231628,0.5279170870780945,0.857699990272522,0.44696900248527527
