epoch,accuracy,loss,val_accuracy,val_loss
0,0.5830000042915344,1.3742127418518066,0.84579998254776,0.5813696980476379
1,0.8569999933242798,0.5179750919342041,0.8791999816894531,0.4257873594760895
2,0.8820000290870667,0.3896143138408661,0.8885999917984009,0.37391749024391174
3,0.9160000085830688,0.2669966518878937,0.9056000113487244,0.3176116347312927
4,0.9369999766349792,0.20579491555690765,0.911899983882904,0.2961188852787018
