epoch,accuracy,loss,val_accuracy,val_loss
0,0.597000002861023,1.3210629224777222,0.8281000256538391,0.5929036736488342
1,0.8230000138282776,0.5336906313896179,0.8747000098228455,0.42397382855415344
2,0.8840000033378601,0.3845106065273285,0.8942000269889832,0.37024930119514465
3,0.9110000133514404,0.28725889325141907,0.8967999815940857,0.3518376350402832
4,0.9290000200271606,0.24129147827625275,0.8988000154495239,0.34224891662597656
