epoch,accuracy,loss,val_accuracy,val_loss
0,0.43833333253860474,1.2612563371658325,0.7343060970306396,0.873119056224823
1,0.6416666507720947,0.8209502696990967,0.7302341461181641,0.7113860249519348
0,0.7383333444595337,0.7165267467498779,0.712249755859375,0.6490094661712646
1,0.7933333516120911,0.5670153498649597,0.8500169515609741,0.4922885000705719
