epoch,accuracy,loss,val_accuracy,val_loss
0,0.28333333134651184,1.6865392923355103,0.3379708230495453,1.538429856300354
1,0.3866666555404663,1.4887460470199585,0.3864947259426117,1.3888815641403198
