epoch,accuracy,loss,val_accuracy,val_loss
0,0.3700000047683716,1.3947887420654297,0.6253817677497864,1.0373338460922241
1,0.6700000166893005,0.9118931293487549,0.7322701215744019,0.8275198936462402
0,0.7149999737739563,0.8037205934524536,0.740074634552002,0.7409995198249817
1,0.7883333563804626,0.6670258641242981,0.8299965858459473,0.6512666940689087
