epoch,accuracy,loss,val_accuracy,val_loss
0,0.3216666579246521,1.5584412813186646,0.6745843291282654,1.3970686197280884
1,0.57833331823349,1.3310717344284058,0.6135052442550659,1.2399287223815918
0,0.6816666722297668,0.8212450742721558,0.6976586580276489,0.7972687482833862
1,0.6899999976158142,0.7974099516868591,0.7740074396133423,0.7673409581184387
