epoch,accuracy,loss,val_accuracy,val_loss
0,0.16833333671092987,1.915893316268921,0.1832371950149536,1.9029912948608398
1,0.18000000715255737,1.9262115955352783,0.1832371950149536,1.8976902961730957
