epoch,accuracy,loss,val_accuracy,val_loss
0,0.31166666746139526,1.7351820468902588,0.4373939633369446,1.5889952182769775
1,0.4183333218097687,1.5260456800460815,0.5693926215171814,1.4327178001403809
0,0.6650000214576721,0.9007532596588135,0.7329487800598145,0.887894868850708
1,0.7016666531562805,0.8699082732200623,0.7522904872894287,0.8551663756370544
