epoch,accuracy,loss,val_accuracy,val_loss
0,0.4950000047683716,1.1112295389175415,0.6331862807273865,0.7886036038398743
1,0.7333333492279053,0.6450178027153015,0.7444859147071838,0.5827663540840149
