epoch,accuracy,loss,val_accuracy,val_loss
0,0.4099999964237213,3.8828394412994385,0.5381743907928467,2.3974432945251465
1,0.5600000023841858,1.254724144935608,0.721072256565094,0.6817349195480347
