epoch,accuracy,loss,val_accuracy,val_loss
0,0.44333332777023315,1.3522405624389648,0.7885985970497131,0.7590992450714111
1,0.6933333277702332,0.7336021661758423,0.6355615854263306,0.722531795501709
