epoch,accuracy,loss,val_accuracy,val_loss
0,0.27666667103767395,1.7450213432312012,0.386834055185318,1.6516871452331543
1,0.43666666746139526,1.5961005687713623,0.483203262090683,1.5374624729156494
