epoch,accuracy,loss,val_accuracy,val_loss
0,0.25833332538604736,1.8874633312225342,0.2857142984867096,1.7642933130264282
1,0.2616666555404663,1.7531174421310425,0.30641329288482666,1.6671040058135986
