epoch,accuracy,loss,val_accuracy,val_loss
0,0.19833333790302277,1.7239996194839478,0.39531728625297546,1.575341820716858
1,0.46166667342185974,1.4820976257324219,0.6046827435493469,1.377124309539795
0,0.5583333373069763,0.9842872023582458,0.69664067029953,0.9484578967094421
1,0.6850000023841858,0.904118537902832,0.6878181099891663,0.9071564674377441
