epoch,accuracy,loss,val_accuracy,val_loss
0,0.17499999701976776,1.7901092767715454,0.18187987804412842,1.728270411491394
1,0.2383333295583725,1.718369722366333,0.30098405480384827,1.6778817176818848
0,0.6466666460037231,0.8362991213798523,0.6552426218986511,0.8413842916488647
1,0.6516666412353516,0.8217905163764954,0.68747878074646,0.8265513777732849
