epoch,accuracy,loss,val_accuracy,val_loss
0,0.40833333134651184,1.5660613775253296,0.69664067029953,1.3686336278915405
1,0.5933333039283752,1.3024505376815796,0.7058025002479553,1.183109164237976
