epoch,accuracy,loss,val_accuracy,val_loss
0,0.5799999833106995,1.215781807899475,0.6959620118141174,0.8824681043624878
1,0.7833333611488342,0.675378143787384,0.8394978046417236,0.5615795254707336
0,0.7433333396911621,0.8452476263046265,0.7835086584091187,0.7697040438652039
1,0.7933333516120911,0.6951711177825928,0.8055649995803833,0.657218873500824
