epoch,accuracy,loss,val_accuracy,val_loss
0,0.13833333551883698,1.827580213546753,0.12419409304857254,1.824458360671997
1,0.14499999582767487,1.8149263858795166,0.12114014476537704,1.8198174238204956
