epoch,accuracy,loss,val_accuracy,val_loss
0,0.40666666626930237,2.384394645690918,0.6067187190055847,0.9821235537528992
1,0.5666666626930237,1.0841842889785767,0.7723108530044556,0.6606088876724243
