epoch,accuracy,loss,val_accuracy,val_loss
0,0.1483333259820938,1.8685978651046753,0.13505259156227112,1.8324676752090454
1,0.13333334028720856,1.8840360641479492,0.1384458839893341,1.8235357999801636
