epoch,accuracy,loss,val_accuracy,val_loss
0,0.15333333611488342,1.8018534183502197,0.11876484751701355,1.7723181247711182
1,0.19333332777023315,1.7302764654159546,0.22633185982704163,1.7005462646484375
0,0.6133333444595337,0.8916359543800354,0.6559212803840637,0.8782484531402588
1,0.6499999761581421,0.8755674362182617,0.6888360977172852,0.8677648305892944
