epoch,accuracy,loss,val_accuracy,val_loss
0,0.6029999852180481,1.3056706190109253,0.819100022315979,0.603195309638977
1,0.7929999828338623,0.5695980787277222,0.8827000260353088,0.41750508546829224
2,0.8880000114440918,0.3698248565196991,0.8895999789237976,0.3685850203037262
3,0.902999997138977,0.3083099126815796,0.9010999798774719,0.3422674834728241
4,0.9399999976158142,0.22186236083507538,0.8966000080108643,0.3398907482624054
