epoch,accuracy,loss,val_accuracy,val_loss
0,0.6179999709129333,1.3050163984298706,0.8461999893188477,0.5341825485229492
1,0.8600000143051147,0.4495154321193695,0.8737999796867371,0.40200817584991455
