epoch,accuracy,loss,val_accuracy,val_loss
0,0.6240000128746033,1.3011894226074219,0.8378000259399414,0.5911946296691895
1,0.8500000238418579,0.4670546352863312,0.8865000009536743,0.39850130677223206
2,0.9079999923706055,0.3219490647315979,0.8967000246047974,0.35880395770072937
3,0.9290000200271606,0.24352023005485535,0.8998000025749207,0.33963388204574585
4,0.9509999752044678,0.1678798943758011,0.9122999906539917,0.2996959984302521
