epoch,accuracy,loss,val_accuracy,val_loss
0,0.5979999899864197,1.3203845024108887,0.8392999768257141,0.5551263093948364
1,0.8320000171661377,0.5260507464408875,0.8791000247001648,0.4060179591178894
2,0.8840000033378601,0.3658795654773712,0.8779000043869019,0.38014155626296997
3,0.9190000295639038,0.27021825313568115,0.8902999758720398,0.34656640887260437
4,0.9229999780654907,0.2162376344203949,0.8980000019073486,0.3301841914653778
