epoch,accuracy,loss,val_accuracy,val_loss
0,0.574999988079071,1.4339516162872314,0.8446000218391418,0.6149463653564453
1,0.8379999995231628,0.5534713864326477,0.8845999836921692,0.39529359340667725
2,0.8790000081062317,0.37394264340400696,0.8945000171661377,0.36038362979888916
3,0.9110000133514404,0.27038025856018066,0.9147999882698059,0.2883574366569519
4,0.9490000009536743,0.18986721336841583,0.9182999730110168,0.2692466676235199
