[2026-08-12 16:03:58] ============================================================
[2026-08-12 16:03:58]   JOB START   : cifar10_fedmd_uniform
[2026-08-12 16:03:58]   PID         : 885
[2026-08-12 16:03:58]   Log         : /c/Users/ggad/Desktop/HomeSenseKD/logs/phase1/cifar10_fedmd_uniform.log
[2026-08-12 16:03:58]   Results dir : /c/Users/ggad/Desktop/HomeSenseKD/results/phase1
[2026-08-12 16:03:58]   Fig dir     : /c/Users/ggad/Desktop/HomeSenseKD/results/phase1/figures
[2026-08-12 16:03:58]   Cmd         : C:\Users\ggad\Desktop\HomeSenseKD\venv/Scripts/python.exe /c/Users/ggad/Desktop/HomeSenseKD/run_fedkd.py \
[2026-08-12 16:03:58]                   --config /c/Users/ggad/Desktop/HomeSenseKD/config/cifar10.yaml \
[2026-08-12 16:03:58]                   --algorithm fedmd --heterogeneity uniform \
[2026-08-12 16:03:58]                   --override experiment.results_dir=/c/Users/ggad/Desktop/HomeSenseKD/results/phase1 \
[2026-08-12 16:03:58]                              experiment.fig_dir=/c/Users/ggad/Desktop/HomeSenseKD/results/phase1/figures
[2026-08-12 16:03:58] ============================================================
[2026-08-12 16:04:17] WARNING: All log messages before absl::InitializeLog() is called are written to STDERR
[2026-08-12 16:04:17] I0000 00:00:1786565057.495092    7812 port.cc:153] oneDNN custom operations are on. You may see slightly different numerical results due to floating-point round-off errors from different computation orders. To turn them off, set the environment variable `TF_ENABLE_ONEDNN_OPTS=0`.
[2026-08-12 16:04:51] WARNING: All log messages before absl::InitializeLog() is called are written to STDERR
[2026-08-12 16:04:51] I0000 00:00:1786565091.146466    7812 port.cc:153] oneDNN custom operations are on. You may see slightly different numerical results due to floating-point round-off errors from different computation orders. To turn them off, set the environment variable `TF_ENABLE_ONEDNN_OPTS=0`.
[2026-08-12 16:05:37] 2026-08-12 16:05:37 | INFO     | Experiment started: fedkd_experiment
[2026-08-12 16:05:37] 2026-08-12 16:05:37 | INFO     | Configuration: {"algorithms": ["fedmd", "fedakd", "mks", "fedavg", "fedprox", "local", "central"], "data": {"dataset": "cifar10", "dirichlet_alpha": 0.5, "img_size": 32, "in_channels": 3, "n_classes": 10, "n_parties": 20, "n_samples_per_class": 30, "n_stft_bins": 8, "public_dataset": "mnist", "settings": ["iid", "noniid"], "window_size": 100}, "experiment": {"fig_dir": "C:/Users/ggad/Desktop/HomeSenseKD/results/phase1/figures", "log_dir": "logs", "name": "fedkd_experiment", "results_dir": "C:/Users/ggad/Desktop/HomeSenseKD/results/phase1", "seeds": [42, 123, 456]}, "federated": {"fedprox_mu": 0.01, "kd_epochs": 2, "local_epochs": 3, "n_alignment": 10000, "n_rounds": 40}, "models": {"distributions": {"all_small": [1.0, 0.0, 0.0], "skewed": [0.6, 0.3, 0.1], "uniform": [0.35, 0.35, 0.3]}, "heterogeneity": "uniform"}}
[2026-08-12 16:05:38]   Saved tiers_cifar10_uniform.png
[2026-08-12 16:05:38] =================================================================
[2026-08-12 16:05:38]   Dataset    : cifar10  (public: mnist)
[2026-08-12 16:05:38]   Algorithms : ['fedmd']
[2026-08-12 16:05:38]   Heterogen. : uniform  ->  ['small', 'small', 'small', 'small', 'small', 'small']...
[2026-08-12 16:05:38]   Seeds      : [42, 123, 456]
[2026-08-12 16:05:38]   Settings   : ['iid', 'noniid']
[2026-08-12 16:05:38] =================================================================
[2026-08-12 16:05:38] 2026-08-12 16:05:38 | INFO     | run_multiseed: seed=42  algo=fedmd  dataset=cifar10  hetero=uniform
[2026-08-12 16:05:38] 
[2026-08-12 16:05:38] [seed=42]  FEDMD  dataset=cifar10  hetero=uniform
[2026-08-12 16:05:38] 2026-08-12 16:05:38 | INFO     | Loading target dataset: 'cifar10'  public dataset: 'mnist'
[2026-08-12 16:05:38] 2026-08-12 16:05:38 | INFO     | Input shape: (32, 32, 3)  is_image: True
[2026-08-12 16:05:53] I0000 00:00:1786565153.705439    7812 cpu_feature_guard.cc:227] This TensorFlow binary is optimized to use available CPU instructions in performance-critical operations.
[2026-08-12 16:05:53] To enable the following instructions: SSE3 SSE4.1 SSE4.2 AVX AVX2 AVX_VNNI FMA, in other operations, rebuild TensorFlow with the appropriate compiler flags.
[2026-08-12 16:05:58] Loading CIFAR-10...
[2026-08-12 16:05:58]   -> 50000 train, 10000 test
[2026-08-12 16:05:58] Loading MNIST...
[2026-08-12 16:05:58]   -> 60000 train, 10000 test
[2026-08-12 16:05:58] 2026-08-12 16:05:58 | INFO     | Dataset loaded: x_train=(50000, 32, 32, 3)  y_train=(50000,)  x_test=(10000, 32, 32, 3)  x_public=(60000, 32, 32, 3)
[2026-08-12 16:05:58] 2026-08-12 16:05:58 | INFO     | Partitioning data: n_classes=10 n_parties=20 iid_spc=30 alpha=0.500
[2026-08-12 16:05:59] 2026-08-12 16:05:59 | INFO     | run_one_algo: algorithm=fedmd  settings=['iid', 'noniid']
[2026-08-12 16:05:59] 2026-08-12 16:05:59 | INFO     | run_one_algo: algorithm=fedmd  setting=iid
[2026-08-12 16:05:59] 2026-08-12 16:05:59 | INFO     | Building 20 client models for algo=fedmd  tiers=['small', 'small', 'small', 'small', 'small', 'small', 'small', 'medium', 'medium', 'medium', 'medium', 'medium', 'medium', 'medium', 'large', 'large', 'large', 'large', 'large', 'large']
[2026-08-12 16:06:00] WARNING:tensorflow:TensorFlow GPU support is not available on native Windows for TensorFlow >= 2.11. Even if CUDA/cuDNN are installed, GPU will not be used. Please use WSL2 or the TensorFlow-DirectML plugin.
[2026-08-12 16:06:08] 2026-08-12 16:06:08 | INFO     | Starting FEDMD — IID (40 rounds, 20 clients)
[2026-08-12 16:06:08] 
[2026-08-12 16:06:08] =================================================================
[2026-08-12 16:06:08]   FEDMD — IID
[2026-08-12 16:06:08] =================================================================
[2026-08-12 16:06:08] 2026-08-12 16:06:08 | INFO     | FEDMD — IID: round 1/40 starting
[2026-08-12 16:06:08] 2026-08-12 16:06:08 | INFO     | KDClient 0 fit round 1 (tier=small)
[2026-08-12 16:06:08] 2026-08-12 16:06:08 | INFO     | KDClient 0 round 1 local training (epochs=3)
[2026-08-12 16:06:42] 2026-08-12 16:06:42 | INFO     | KDClient 0 round 1 completed (acc=0.2070, n=300)
[2026-08-12 16:06:42] 2026-08-12 16:06:42 | INFO     | KDClient 1 fit round 1 (tier=small)
[2026-08-12 16:06:42] 2026-08-12 16:06:42 | INFO     | KDClient 1 round 1 local training (epochs=3)
[2026-08-12 16:07:11] 2026-08-12 16:07:11 | INFO     | KDClient 1 round 1 completed (acc=0.1925, n=300)
[2026-08-12 16:07:11] 2026-08-12 16:07:11 | INFO     | KDClient 2 fit round 1 (tier=small)
[2026-08-12 16:07:11] 2026-08-12 16:07:11 | INFO     | KDClient 2 round 1 local training (epochs=3)
[2026-08-12 16:07:46] 2026-08-12 16:07:46 | INFO     | KDClient 2 round 1 completed (acc=0.2661, n=300)
[2026-08-12 16:07:46] 2026-08-12 16:07:46 | INFO     | KDClient 3 fit round 1 (tier=small)
[2026-08-12 16:07:46] 2026-08-12 16:07:46 | INFO     | KDClient 3 round 1 local training (epochs=3)
[2026-08-12 16:08:15] 2026-08-12 16:08:15 | INFO     | KDClient 3 round 1 completed (acc=0.1969, n=300)
[2026-08-12 16:08:15] 2026-08-12 16:08:15 | INFO     | KDClient 4 fit round 1 (tier=small)
[2026-08-12 16:08:15] 2026-08-12 16:08:15 | INFO     | KDClient 4 round 1 local training (epochs=3)
[2026-08-12 16:08:46] 2026-08-12 16:08:46 | INFO     | KDClient 4 round 1 completed (acc=0.2550, n=300)
[2026-08-12 16:08:46] 2026-08-12 16:08:46 | INFO     | KDClient 5 fit round 1 (tier=small)
[2026-08-12 16:08:46] 2026-08-12 16:08:46 | INFO     | KDClient 5 round 1 local training (epochs=3)
[2026-08-12 16:09:15] 2026-08-12 16:09:15 | INFO     | KDClient 5 round 1 completed (acc=0.1991, n=300)
[2026-08-12 16:09:15] 2026-08-12 16:09:15 | INFO     | KDClient 6 fit round 1 (tier=small)
[2026-08-12 16:09:15] 2026-08-12 16:09:15 | INFO     | KDClient 6 round 1 local training (epochs=3)
[2026-08-12 16:09:54] 2026-08-12 16:09:54 | INFO     | KDClient 6 round 1 completed (acc=0.2358, n=300)
[2026-08-12 16:09:54] 2026-08-12 16:09:54 | INFO     | KDClient 7 fit round 1 (tier=medium)
[2026-08-12 16:09:54] 2026-08-12 16:09:54 | INFO     | KDClient 7 round 1 local training (epochs=3)
[2026-08-12 16:10:55] 2026-08-12 16:10:55 | INFO     | KDClient 7 round 1 completed (acc=0.2000, n=300)
[2026-08-12 16:10:55] 2026-08-12 16:10:55 | INFO     | KDClient 8 fit round 1 (tier=medium)
[2026-08-12 16:10:55] 2026-08-12 16:10:55 | INFO     | KDClient 8 round 1 local training (epochs=3)
[2026-08-12 16:11:49] 2026-08-12 16:11:49 | INFO     | KDClient 8 round 1 completed (acc=0.2103, n=300)
[2026-08-12 16:11:49] 2026-08-12 16:11:49 | INFO     | KDClient 9 fit round 1 (tier=medium)
[2026-08-12 16:11:49] 2026-08-12 16:11:49 | INFO     | KDClient 9 round 1 local training (epochs=3)
[2026-08-12 16:13:02] 2026-08-12 16:13:02 | INFO     | KDClient 9 round 1 completed (acc=0.1555, n=300)
[2026-08-12 16:13:02] 2026-08-12 16:13:02 | INFO     | KDClient 10 fit round 1 (tier=medium)
[2026-08-12 16:13:02] 2026-08-12 16:13:02 | INFO     | KDClient 10 round 1 local training (epochs=3)
[2026-08-12 16:14:00] 2026-08-12 16:14:00 | INFO     | KDClient 10 round 1 completed (acc=0.2269, n=300)
[2026-08-12 16:14:00] 2026-08-12 16:14:00 | INFO     | KDClient 11 fit round 1 (tier=medium)
[2026-08-12 16:14:00] 2026-08-12 16:14:00 | INFO     | KDClient 11 round 1 local training (epochs=3)
[2026-08-12 16:15:04] 2026-08-12 16:15:04 | INFO     | KDClient 11 round 1 completed (acc=0.2382, n=300)
[2026-08-12 16:15:04] 2026-08-12 16:15:04 | INFO     | KDClient 12 fit round 1 (tier=medium)
[2026-08-12 16:15:04] 2026-08-12 16:15:04 | INFO     | KDClient 12 round 1 local training (epochs=3)
[2026-08-12 16:16:03] 2026-08-12 16:16:03 | INFO     | KDClient 12 round 1 completed (acc=0.2238, n=300)
[2026-08-12 16:16:03] 2026-08-12 16:16:03 | INFO     | KDClient 13 fit round 1 (tier=medium)
[2026-08-12 16:16:03] 2026-08-12 16:16:03 | INFO     | KDClient 13 round 1 local training (epochs=3)
[2026-08-12 16:17:18] 2026-08-12 16:17:18 | INFO     | KDClient 13 round 1 completed (acc=0.2312, n=300)
[2026-08-12 16:17:18] 2026-08-12 16:17:18 | INFO     | KDClient 14 fit round 1 (tier=large)
[2026-08-12 16:17:18] 2026-08-12 16:17:18 | INFO     | KDClient 14 round 1 local training (epochs=3)
[2026-08-12 16:18:50] 2026-08-12 16:18:50 | INFO     | KDClient 14 round 1 completed (acc=0.1426, n=300)
[2026-08-12 16:18:50] 2026-08-12 16:18:50 | INFO     | KDClient 15 fit round 1 (tier=large)
[2026-08-12 16:18:50] 2026-08-12 16:18:50 | INFO     | KDClient 15 round 1 local training (epochs=3)
[2026-08-12 16:20:25] 2026-08-12 16:20:25 | INFO     | KDClient 15 round 1 completed (acc=0.1931, n=300)
[2026-08-12 16:20:25] 2026-08-12 16:20:25 | INFO     | KDClient 16 fit round 1 (tier=large)
[2026-08-12 16:20:25] 2026-08-12 16:20:25 | INFO     | KDClient 16 round 1 local training (epochs=3)
[2026-08-12 16:21:59] 2026-08-12 16:21:59 | INFO     | KDClient 16 round 1 completed (acc=0.2313, n=300)
[2026-08-12 16:21:59] 2026-08-12 16:21:59 | INFO     | KDClient 17 fit round 1 (tier=large)
[2026-08-12 16:21:59] 2026-08-12 16:21:59 | INFO     | KDClient 17 round 1 local training (epochs=3)
[2026-08-12 16:23:33] 2026-08-12 16:23:33 | INFO     | KDClient 17 round 1 completed (acc=0.1611, n=300)
[2026-08-12 16:23:33] 2026-08-12 16:23:33 | INFO     | KDClient 18 fit round 1 (tier=large)
[2026-08-12 16:23:33] 2026-08-12 16:23:33 | INFO     | KDClient 18 round 1 local training (epochs=3)
[2026-08-12 16:25:22] 2026-08-12 16:25:22 | INFO     | KDClient 18 round 1 completed (acc=0.2170, n=300)
[2026-08-12 16:25:22] 2026-08-12 16:25:22 | INFO     | KDClient 19 fit round 1 (tier=large)
[2026-08-12 16:25:22] 2026-08-12 16:25:22 | INFO     | KDClient 19 round 1 local training (epochs=3)
[2026-08-12 16:26:58] 2026-08-12 16:26:58 | INFO     | KDClient 19 round 1 completed (acc=0.2484, n=300)
[2026-08-12 16:26:58]   Round   1/40 | Avg: 0.2116 | Min: 0.1426 | Max: 0.2661
[2026-08-12 16:26:58] 2026-08-12 16:26:58 | INFO     | FEDMD — IID: round 2/40 starting
[2026-08-12 16:26:58] 2026-08-12 16:26:58 | INFO     | KDClient 0 fit round 2 (tier=small)
[2026-08-12 16:26:58] 2026-08-12 16:26:58 | INFO     | KDClient 0 round 2 public KD (epochs=2)
[2026-08-12 16:27:23] 2026-08-12 16:27:23 | INFO     | KDClient 0 round 2 local training (epochs=3)
[2026-08-12 16:27:48] 2026-08-12 16:27:48 | INFO     | KDClient 0 round 2 completed (acc=0.1458, n=300)
[2026-08-12 16:27:48] 2026-08-12 16:27:48 | INFO     | KDClient 1 fit round 2 (tier=small)
[2026-08-12 16:27:48] 2026-08-12 16:27:48 | INFO     | KDClient 1 round 2 public KD (epochs=2)
[2026-08-12 16:28:08] 2026-08-12 16:28:08 | INFO     | KDClient 1 round 2 local training (epochs=3)
[2026-08-12 16:28:26] 2026-08-12 16:28:26 | INFO     | KDClient 1 round 2 completed (acc=0.2137, n=300)
[2026-08-12 16:28:26] 2026-08-12 16:28:26 | INFO     | KDClient 2 fit round 2 (tier=small)
[2026-08-12 16:28:26] 2026-08-12 16:28:26 | INFO     | KDClient 2 round 2 public KD (epochs=2)
[2026-08-12 16:28:46] 2026-08-12 16:28:46 | INFO     | KDClient 2 round 2 local training (epochs=3)
[2026-08-12 16:29:08] 2026-08-12 16:29:08 | INFO     | KDClient 2 round 2 completed (acc=0.2265, n=300)
[2026-08-12 16:29:08] 2026-08-12 16:29:08 | INFO     | KDClient 3 fit round 2 (tier=small)
[2026-08-12 16:29:08] 2026-08-12 16:29:08 | INFO     | KDClient 3 round 2 public KD (epochs=2)
[2026-08-12 16:29:25] 2026-08-12 16:29:25 | INFO     | KDClient 3 round 2 local training (epochs=3)
[2026-08-12 16:29:42] 2026-08-12 16:29:42 | INFO     | KDClient 3 round 2 completed (acc=0.1461, n=300)
[2026-08-12 16:29:42] 2026-08-12 16:29:42 | INFO     | KDClient 4 fit round 2 (tier=small)
[2026-08-12 16:29:42] 2026-08-12 16:29:42 | INFO     | KDClient 4 round 2 public KD (epochs=2)
[2026-08-12 16:29:59] 2026-08-12 16:29:59 | INFO     | KDClient 4 round 2 local training (epochs=3)
[2026-08-12 16:30:17] 2026-08-12 16:30:17 | INFO     | KDClient 4 round 2 completed (acc=0.2353, n=300)
[2026-08-12 16:30:17] 2026-08-12 16:30:17 | INFO     | KDClient 5 fit round 2 (tier=small)
[2026-08-12 16:30:17] 2026-08-12 16:30:17 | INFO     | KDClient 5 round 2 public KD (epochs=2)
[2026-08-12 16:30:38] 2026-08-12 16:30:38 | INFO     | KDClient 5 round 2 local training (epochs=3)
[2026-08-12 16:30:56] 2026-08-12 16:30:56 | INFO     | KDClient 5 round 2 completed (acc=0.1766, n=300)
[2026-08-12 16:30:56] 2026-08-12 16:30:56 | INFO     | KDClient 6 fit round 2 (tier=small)
[2026-08-12 16:30:56] 2026-08-12 16:30:56 | INFO     | KDClient 6 round 2 public KD (epochs=2)
[2026-08-12 16:31:16] 2026-08-12 16:31:16 | INFO     | KDClient 6 round 2 local training (epochs=3)
[2026-08-12 16:31:31] 2026-08-12 16:31:31 | INFO     | KDClient 6 round 2 completed (acc=0.2384, n=300)
[2026-08-12 16:31:31] 2026-08-12 16:31:31 | INFO     | KDClient 7 fit round 2 (tier=medium)
[2026-08-12 16:31:31] 2026-08-12 16:31:31 | INFO     | KDClient 7 round 2 public KD (epochs=2)
[2026-08-12 16:32:16] 2026-08-12 16:32:16 | INFO     | KDClient 7 round 2 local training (epochs=3)
[2026-08-12 16:33:17] 2026-08-12 16:33:17 | INFO     | KDClient 7 round 2 completed (acc=0.1907, n=300)
[2026-08-12 16:33:17] 2026-08-12 16:33:17 | INFO     | KDClient 8 fit round 2 (tier=medium)
[2026-08-12 16:33:17] 2026-08-12 16:33:17 | INFO     | KDClient 8 round 2 public KD (epochs=2)
[2026-08-12 16:34:30] 2026-08-12 16:34:30 | INFO     | KDClient 8 round 2 local training (epochs=3)
[2026-08-12 16:35:21] 2026-08-12 16:35:21 | INFO     | KDClient 8 round 2 completed (acc=0.2179, n=300)
[2026-08-12 16:35:21] 2026-08-12 16:35:21 | INFO     | KDClient 9 fit round 2 (tier=medium)
[2026-08-12 16:35:21] 2026-08-12 16:35:21 | INFO     | KDClient 9 round 2 public KD (epochs=2)
[2026-08-12 16:36:23] 2026-08-12 16:36:23 | INFO     | KDClient 9 round 2 local training (epochs=3)
[2026-08-12 16:37:29] 2026-08-12 16:37:29 | INFO     | KDClient 9 round 2 completed (acc=0.1981, n=300)
[2026-08-12 16:37:29] 2026-08-12 16:37:29 | INFO     | KDClient 10 fit round 2 (tier=medium)
[2026-08-12 16:37:29] 2026-08-12 16:37:29 | INFO     | KDClient 10 round 2 public KD (epochs=2)
[2026-08-12 16:38:27] 2026-08-12 16:38:27 | INFO     | KDClient 10 round 2 local training (epochs=3)
[2026-08-12 16:39:33] 2026-08-12 16:39:33 | INFO     | KDClient 10 round 2 completed (acc=0.2704, n=300)
[2026-08-12 16:39:33] 2026-08-12 16:39:33 | INFO     | KDClient 11 fit round 2 (tier=medium)
[2026-08-12 16:39:33] 2026-08-12 16:39:33 | INFO     | KDClient 11 round 2 public KD (epochs=2)
[2026-08-12 16:40:31] 2026-08-12 16:40:31 | INFO     | KDClient 11 round 2 local training (epochs=3)
[2026-08-12 16:41:35] 2026-08-12 16:41:35 | INFO     | KDClient 11 round 2 completed (acc=0.2216, n=300)
[2026-08-12 16:41:35] 2026-08-12 16:41:35 | INFO     | KDClient 12 fit round 2 (tier=medium)
[2026-08-12 16:41:35] 2026-08-12 16:41:35 | INFO     | KDClient 12 round 2 public KD (epochs=2)
[2026-08-12 16:42:54] 2026-08-12 16:42:54 | INFO     | KDClient 12 round 2 local training (epochs=3)
[2026-08-12 16:44:00] 2026-08-12 16:44:00 | INFO     | KDClient 12 round 2 completed (acc=0.2154, n=300)
[2026-08-12 16:44:00] 2026-08-12 16:44:00 | INFO     | KDClient 13 fit round 2 (tier=medium)
[2026-08-12 16:44:00] 2026-08-12 16:44:00 | INFO     | KDClient 13 round 2 public KD (epochs=2)
[2026-08-12 16:44:56] 2026-08-12 16:44:56 | INFO     | KDClient 13 round 2 local training (epochs=3)
[2026-08-12 16:45:49] 2026-08-12 16:45:49 | INFO     | KDClient 13 round 2 completed (acc=0.2710, n=300)
[2026-08-12 16:45:49] 2026-08-12 16:45:49 | INFO     | KDClient 14 fit round 2 (tier=large)
[2026-08-12 16:45:49] 2026-08-12 16:45:49 | INFO     | KDClient 14 round 2 public KD (epochs=2)
[2026-08-12 16:47:21] 2026-08-12 16:47:21 | INFO     | KDClient 14 round 2 local training (epochs=3)
[2026-08-12 16:48:51] 2026-08-12 16:48:51 | INFO     | KDClient 14 round 2 completed (acc=0.1657, n=300)
[2026-08-12 16:48:51] 2026-08-12 16:48:51 | INFO     | KDClient 15 fit round 2 (tier=large)
[2026-08-12 16:48:51] 2026-08-12 16:48:51 | INFO     | KDClient 15 round 2 public KD (epochs=2)
[2026-08-12 16:50:12] 2026-08-12 16:50:12 | INFO     | KDClient 15 round 2 local training (epochs=3)
[2026-08-12 16:51:28] 2026-08-12 16:51:28 | INFO     | KDClient 15 round 2 completed (acc=0.2138, n=300)
[2026-08-12 16:51:28] 2026-08-12 16:51:28 | INFO     | KDClient 16 fit round 2 (tier=large)
[2026-08-12 16:51:28] 2026-08-12 16:51:28 | INFO     | KDClient 16 round 2 public KD (epochs=2)
[2026-08-12 16:52:53] 2026-08-12 16:52:53 | INFO     | KDClient 16 round 2 local training (epochs=3)
[2026-08-12 16:54:23] 2026-08-12 16:54:23 | INFO     | KDClient 16 round 2 completed (acc=0.1688, n=300)
[2026-08-12 16:54:23] 2026-08-12 16:54:23 | INFO     | KDClient 17 fit round 2 (tier=large)
[2026-08-12 16:54:23] 2026-08-12 16:54:23 | INFO     | KDClient 17 round 2 public KD (epochs=2)
[2026-08-12 16:55:49] 2026-08-12 16:55:49 | INFO     | KDClient 17 round 2 local training (epochs=3)
[2026-08-12 16:57:30] 2026-08-12 16:57:30 | INFO     | KDClient 17 round 2 completed (acc=0.2196, n=300)
[2026-08-12 16:57:30] 2026-08-12 16:57:30 | INFO     | KDClient 18 fit round 2 (tier=large)
[2026-08-12 16:57:30] 2026-08-12 16:57:30 | INFO     | KDClient 18 round 2 public KD (epochs=2)
[2026-08-12 16:58:51] 2026-08-12 16:58:51 | INFO     | KDClient 18 round 2 local training (epochs=3)
[2026-08-12 17:00:00] 2026-08-12 17:00:00 | INFO     | KDClient 18 round 2 completed (acc=0.2317, n=300)
[2026-08-12 17:00:00] 2026-08-12 17:00:00 | INFO     | KDClient 19 fit round 2 (tier=large)
[2026-08-12 17:00:00] 2026-08-12 17:00:00 | INFO     | KDClient 19 round 2 public KD (epochs=2)
[2026-08-12 17:01:21] 2026-08-12 17:01:21 | INFO     | KDClient 19 round 2 local training (epochs=3)
[2026-08-12 17:02:46] 2026-08-12 17:02:46 | INFO     | KDClient 19 round 2 completed (acc=0.2517, n=300)
[2026-08-12 17:02:46]   Round   2/40 | Avg: 0.2109 | Min: 0.1458 | Max: 0.2710
[2026-08-12 17:02:46] 2026-08-12 17:02:46 | INFO     | FEDMD — IID: round 3/40 starting
[2026-08-12 17:02:46] 2026-08-12 17:02:46 | INFO     | KDClient 0 fit round 3 (tier=small)
[2026-08-12 17:02:46] 2026-08-12 17:02:46 | INFO     | KDClient 0 round 3 public KD (epochs=2)
[2026-08-12 17:03:05] 2026-08-12 17:03:05 | INFO     | KDClient 0 round 3 local training (epochs=3)
[2026-08-12 17:03:32] 2026-08-12 17:03:32 | INFO     | KDClient 0 round 3 completed (acc=0.1173, n=300)
[2026-08-12 17:03:32] 2026-08-12 17:03:32 | INFO     | KDClient 1 fit round 3 (tier=small)
[2026-08-12 17:03:32] 2026-08-12 17:03:32 | INFO     | KDClient 1 round 3 public KD (epochs=2)
[2026-08-12 17:03:46] 2026-08-12 17:03:46 | INFO     | KDClient 1 round 3 local training (epochs=3)
[2026-08-12 17:04:13] 2026-08-12 17:04:13 | INFO     | KDClient 1 round 3 completed (acc=0.2072, n=300)
[2026-08-12 17:04:13] 2026-08-12 17:04:13 | INFO     | KDClient 2 fit round 3 (tier=small)
[2026-08-12 17:04:13] 2026-08-12 17:04:13 | INFO     | KDClient 2 round 3 public KD (epochs=2)
[2026-08-12 17:04:30] 2026-08-12 17:04:30 | INFO     | KDClient 2 round 3 local training (epochs=3)
[2026-08-12 17:04:52] 2026-08-12 17:04:52 | INFO     | KDClient 2 round 3 completed (acc=0.1796, n=300)
[2026-08-12 17:04:52] 2026-08-12 17:04:52 | INFO     | KDClient 3 fit round 3 (tier=small)
[2026-08-12 17:04:52] 2026-08-12 17:04:52 | INFO     | KDClient 3 round 3 public KD (epochs=2)
[2026-08-12 17:05:06] 2026-08-12 17:05:06 | INFO     | KDClient 3 round 3 local training (epochs=3)
[2026-08-12 17:05:27] 2026-08-12 17:05:27 | INFO     | KDClient 3 round 3 completed (acc=0.1392, n=300)
[2026-08-12 17:05:27] 2026-08-12 17:05:27 | INFO     | KDClient 4 fit round 3 (tier=small)
[2026-08-12 17:05:27] 2026-08-12 17:05:27 | INFO     | KDClient 4 round 3 public KD (epochs=2)
[2026-08-12 17:05:46] 2026-08-12 17:05:46 | INFO     | KDClient 4 round 3 local training (epochs=3)
[2026-08-12 17:06:06] 2026-08-12 17:06:06 | INFO     | KDClient 4 round 3 completed (acc=0.2212, n=300)
[2026-08-12 17:06:06] 2026-08-12 17:06:06 | INFO     | KDClient 5 fit round 3 (tier=small)
[2026-08-12 17:06:06] 2026-08-12 17:06:06 | INFO     | KDClient 5 round 3 public KD (epochs=2)
[2026-08-12 17:06:21] 2026-08-12 17:06:21 | INFO     | KDClient 5 round 3 local training (epochs=3)
[2026-08-12 17:06:42] 2026-08-12 17:06:42 | INFO     | KDClient 5 round 3 completed (acc=0.1407, n=300)
[2026-08-12 17:06:42] 2026-08-12 17:06:42 | INFO     | KDClient 6 fit round 3 (tier=small)
[2026-08-12 17:06:42] 2026-08-12 17:06:42 | INFO     | KDClient 6 round 3 public KD (epochs=2)
[2026-08-12 17:06:56] 2026-08-12 17:06:56 | INFO     | KDClient 6 round 3 local training (epochs=3)
[2026-08-12 17:07:15] 2026-08-12 17:07:15 | INFO     | KDClient 6 round 3 completed (acc=0.1861, n=300)
[2026-08-12 17:07:15] 2026-08-12 17:07:15 | INFO     | KDClient 7 fit round 3 (tier=medium)
[2026-08-12 17:07:15] 2026-08-12 17:07:15 | INFO     | KDClient 7 round 3 public KD (epochs=2)
[2026-08-12 17:08:19] 2026-08-12 17:08:19 | INFO     | KDClient 7 round 3 local training (epochs=3)
[2026-08-12 17:09:07] 2026-08-12 17:09:07 | INFO     | KDClient 7 round 3 completed (acc=0.1037, n=300)
[2026-08-12 17:09:07] 2026-08-12 17:09:07 | INFO     | KDClient 8 fit round 3 (tier=medium)
[2026-08-12 17:09:07] 2026-08-12 17:09:07 | INFO     | KDClient 8 round 3 public KD (epochs=2)
[2026-08-12 17:09:59] 2026-08-12 17:09:59 | INFO     | KDClient 8 round 3 local training (epochs=3)
[2026-08-12 17:10:48] 2026-08-12 17:10:48 | INFO     | KDClient 8 round 3 completed (acc=0.1022, n=300)
[2026-08-12 17:10:48] 2026-08-12 17:10:48 | INFO     | KDClient 9 fit round 3 (tier=medium)
[2026-08-12 17:10:48] 2026-08-12 17:10:48 | INFO     | KDClient 9 round 3 public KD (epochs=2)
[2026-08-12 17:11:45] 2026-08-12 17:11:45 | INFO     | KDClient 9 round 3 local training (epochs=3)
[2026-08-12 17:12:37] 2026-08-12 17:12:37 | INFO     | KDClient 9 round 3 completed (acc=0.1877, n=300)
[2026-08-12 17:12:37] 2026-08-12 17:12:37 | INFO     | KDClient 10 fit round 3 (tier=medium)
[2026-08-12 17:12:37] 2026-08-12 17:12:37 | INFO     | KDClient 10 round 3 public KD (epochs=2)
[2026-08-12 17:13:36] 2026-08-12 17:13:36 | INFO     | KDClient 10 round 3 local training (epochs=3)
[2026-08-12 17:14:26] 2026-08-12 17:14:26 | INFO     | KDClient 10 round 3 completed (acc=0.1181, n=300)
[2026-08-12 17:14:26] 2026-08-12 17:14:26 | INFO     | KDClient 11 fit round 3 (tier=medium)
[2026-08-12 17:14:26] 2026-08-12 17:14:26 | INFO     | KDClient 11 round 3 public KD (epochs=2)
[2026-08-12 17:15:16] 2026-08-12 17:15:16 | INFO     | KDClient 11 round 3 local training (epochs=3)
[2026-08-12 17:16:25] 2026-08-12 17:16:25 | INFO     | KDClient 11 round 3 completed (acc=0.1009, n=300)
[2026-08-12 17:16:25] 2026-08-12 17:16:25 | INFO     | KDClient 12 fit round 3 (tier=medium)
[2026-08-12 17:16:25] 2026-08-12 17:16:25 | INFO     | KDClient 12 round 3 public KD (epochs=2)
[2026-08-12 17:17:12] 2026-08-12 17:17:12 | INFO     | KDClient 12 round 3 local training (epochs=3)
[2026-08-12 17:18:10] 2026-08-12 17:18:10 | INFO     | KDClient 12 round 3 completed (acc=0.2565, n=300)
[2026-08-12 17:18:10] 2026-08-12 17:18:10 | INFO     | KDClient 13 fit round 3 (tier=medium)
[2026-08-12 17:18:10] 2026-08-12 17:18:10 | INFO     | KDClient 13 round 3 public KD (epochs=2)
[2026-08-12 17:19:02] 2026-08-12 17:19:02 | INFO     | KDClient 13 round 3 local training (epochs=3)
[2026-08-12 17:19:52] 2026-08-12 17:19:52 | INFO     | KDClient 13 round 3 completed (acc=0.2216, n=300)
[2026-08-12 17:19:52] 2026-08-12 17:19:52 | INFO     | KDClient 14 fit round 3 (tier=large)
[2026-08-12 17:19:52] 2026-08-12 17:19:52 | INFO     | KDClient 14 round 3 public KD (epochs=2)
[2026-08-12 17:21:19] 2026-08-12 17:21:19 | INFO     | KDClient 14 round 3 local training (epochs=3)
[2026-08-12 17:22:36] 2026-08-12 17:22:36 | INFO     | KDClient 14 round 3 completed (acc=0.1195, n=300)
[2026-08-12 17:22:36] 2026-08-12 17:22:36 | INFO     | KDClient 15 fit round 3 (tier=large)
[2026-08-12 17:22:36] 2026-08-12 17:22:36 | INFO     | KDClient 15 round 3 public KD (epochs=2)
[2026-08-12 17:24:03] 2026-08-12 17:24:03 | INFO     | KDClient 15 round 3 local training (epochs=3)
[2026-08-12 17:25:23] 2026-08-12 17:25:23 | INFO     | KDClient 15 round 3 completed (acc=0.1309, n=300)
[2026-08-12 17:25:23] 2026-08-12 17:25:23 | INFO     | KDClient 16 fit round 3 (tier=large)
[2026-08-12 17:25:23] 2026-08-12 17:25:23 | INFO     | KDClient 16 round 3 public KD (epochs=2)
[2026-08-12 17:26:33] 2026-08-12 17:26:33 | INFO     | KDClient 16 round 3 local training (epochs=3)
[2026-08-12 17:27:50] 2026-08-12 17:27:50 | INFO     | KDClient 16 round 3 completed (acc=0.1019, n=300)
[2026-08-12 17:27:50] 2026-08-12 17:27:50 | INFO     | KDClient 17 fit round 3 (tier=large)
[2026-08-12 17:27:50] 2026-08-12 17:27:50 | INFO     | KDClient 17 round 3 public KD (epochs=2)
[2026-08-12 17:29:07] 2026-08-12 17:29:07 | INFO     | KDClient 17 round 3 local training (epochs=3)
[2026-08-12 17:30:18] 2026-08-12 17:30:18 | INFO     | KDClient 17 round 3 completed (acc=0.1035, n=300)
[2026-08-12 17:30:18] 2026-08-12 17:30:18 | INFO     | KDClient 18 fit round 3 (tier=large)
[2026-08-12 17:30:18] 2026-08-12 17:30:18 | INFO     | KDClient 18 round 3 public KD (epochs=2)
[2026-08-12 17:31:33] 2026-08-12 17:31:33 | INFO     | KDClient 18 round 3 local training (epochs=3)
[2026-08-12 17:32:59] 2026-08-12 17:32:59 | INFO     | KDClient 18 round 3 completed (acc=0.1896, n=300)
[2026-08-12 17:32:59] 2026-08-12 17:32:59 | INFO     | KDClient 19 fit round 3 (tier=large)
[2026-08-12 17:32:59] 2026-08-12 17:32:59 | INFO     | KDClient 19 round 3 public KD (epochs=2)
[2026-08-12 17:34:17] 2026-08-12 17:34:17 | INFO     | KDClient 19 round 3 local training (epochs=3)
[2026-08-12 17:35:43] 2026-08-12 17:35:43 | INFO     | KDClient 19 round 3 completed (acc=0.1238, n=300)
[2026-08-12 17:35:43]   Round   3/40 | Avg: 0.1526 | Min: 0.1009 | Max: 0.2565
[2026-08-12 17:35:43] 2026-08-12 17:35:43 | INFO     | FEDMD — IID: round 4/40 starting
[2026-08-12 17:35:43] 2026-08-12 17:35:43 | INFO     | KDClient 0 fit round 4 (tier=small)
[2026-08-12 17:35:43] 2026-08-12 17:35:43 | INFO     | KDClient 0 round 4 public KD (epochs=2)
[2026-08-12 17:35:59] 2026-08-12 17:35:59 | INFO     | KDClient 0 round 4 local training (epochs=3)
[2026-08-12 17:36:22] 2026-08-12 17:36:22 | INFO     | KDClient 0 round 4 completed (acc=0.1845, n=300)
[2026-08-12 17:36:22] 2026-08-12 17:36:22 | INFO     | KDClient 1 fit round 4 (tier=small)
[2026-08-12 17:36:22] 2026-08-12 17:36:22 | INFO     | KDClient 1 round 4 public KD (epochs=2)
[2026-08-12 17:36:40] 2026-08-12 17:36:40 | INFO     | KDClient 1 round 4 local training (epochs=3)
[2026-08-12 17:37:03] 2026-08-12 17:37:03 | INFO     | KDClient 1 round 4 completed (acc=0.2203, n=300)
[2026-08-12 17:37:03] 2026-08-12 17:37:03 | INFO     | KDClient 2 fit round 4 (tier=small)
[2026-08-12 17:37:03] 2026-08-12 17:37:03 | INFO     | KDClient 2 round 4 public KD (epochs=2)
[2026-08-12 17:37:18] 2026-08-12 17:37:18 | INFO     | KDClient 2 round 4 local training (epochs=3)
[2026-08-12 17:37:41] 2026-08-12 17:37:41 | INFO     | KDClient 2 round 4 completed (acc=0.1887, n=300)
[2026-08-12 17:37:41] 2026-08-12 17:37:41 | INFO     | KDClient 3 fit round 4 (tier=small)
[2026-08-12 17:37:41] 2026-08-12 17:37:41 | INFO     | KDClient 3 round 4 public KD (epochs=2)
[2026-08-12 17:38:01] 2026-08-12 17:38:01 | INFO     | KDClient 3 round 4 local training (epochs=3)
[2026-08-12 17:38:20] 2026-08-12 17:38:20 | INFO     | KDClient 3 round 4 completed (acc=0.1713, n=300)
[2026-08-12 17:38:20] 2026-08-12 17:38:20 | INFO     | KDClient 4 fit round 4 (tier=small)
[2026-08-12 17:38:20] 2026-08-12 17:38:20 | INFO     | KDClient 4 round 4 public KD (epochs=2)
[2026-08-12 17:38:30] 2026-08-12 17:38:30 | INFO     | KDClient 4 round 4 local training (epochs=3)
[2026-08-12 17:38:51] 2026-08-12 17:38:51 | INFO     | KDClient 4 round 4 completed (acc=0.2312, n=300)
[2026-08-12 17:38:51] 2026-08-12 17:38:51 | INFO     | KDClient 5 fit round 4 (tier=small)
[2026-08-12 17:38:51] 2026-08-12 17:38:51 | INFO     | KDClient 5 round 4 public KD (epochs=2)
[2026-08-12 17:39:09] 2026-08-12 17:39:09 | INFO     | KDClient 5 round 4 local training (epochs=3)
[2026-08-12 17:39:35] 2026-08-12 17:39:35 | INFO     | KDClient 5 round 4 completed (acc=0.2034, n=300)
[2026-08-12 17:39:35] 2026-08-12 17:39:35 | INFO     | KDClient 6 fit round 4 (tier=small)
[2026-08-12 17:39:35] 2026-08-12 17:39:35 | INFO     | KDClient 6 round 4 public KD (epochs=2)
[2026-08-12 17:39:51] 2026-08-12 17:39:51 | INFO     | KDClient 6 round 4 local training (epochs=3)
[2026-08-12 17:40:11] 2026-08-12 17:40:11 | INFO     | KDClient 6 round 4 completed (acc=0.2377, n=300)
[2026-08-12 17:40:11] 2026-08-12 17:40:11 | INFO     | KDClient 7 fit round 4 (tier=medium)
[2026-08-12 17:40:11] 2026-08-12 17:40:11 | INFO     | KDClient 7 round 4 public KD (epochs=2)
[2026-08-12 17:41:07] 2026-08-12 17:41:07 | INFO     | KDClient 7 round 4 local training (epochs=3)
[2026-08-12 17:41:51] 2026-08-12 17:41:51 | INFO     | KDClient 7 round 4 completed (acc=0.1408, n=300)
[2026-08-12 17:41:51] 2026-08-12 17:41:51 | INFO     | KDClient 8 fit round 4 (tier=medium)
[2026-08-12 17:41:51] 2026-08-12 17:41:51 | INFO     | KDClient 8 round 4 public KD (epochs=2)
[2026-08-12 17:42:43] 2026-08-12 17:42:43 | INFO     | KDClient 8 round 4 local training (epochs=3)
[2026-08-12 17:43:24] 2026-08-12 17:43:24 | INFO     | KDClient 8 round 4 completed (acc=0.2184, n=300)
[2026-08-12 17:43:24] 2026-08-12 17:43:24 | INFO     | KDClient 9 fit round 4 (tier=medium)
[2026-08-12 17:43:24] 2026-08-12 17:43:24 | INFO     | KDClient 9 round 4 public KD (epochs=2)
[2026-08-12 17:44:02] 2026-08-12 17:44:02 | INFO     | KDClient 9 round 4 local training (epochs=3)
[2026-08-12 17:44:54] 2026-08-12 17:44:54 | INFO     | KDClient 9 round 4 completed (acc=0.1246, n=300)
[2026-08-12 17:44:54] 2026-08-12 17:44:54 | INFO     | KDClient 10 fit round 4 (tier=medium)
[2026-08-12 17:44:54] 2026-08-12 17:44:54 | INFO     | KDClient 10 round 4 public KD (epochs=2)
[2026-08-12 17:45:51] 2026-08-12 17:45:51 | INFO     | KDClient 10 round 4 local training (epochs=3)
[2026-08-12 17:46:50] 2026-08-12 17:46:50 | INFO     | KDClient 10 round 4 completed (acc=0.1976, n=300)
[2026-08-12 17:46:50] 2026-08-12 17:46:50 | INFO     | KDClient 11 fit round 4 (tier=medium)
[2026-08-12 17:46:50] 2026-08-12 17:46:50 | INFO     | KDClient 11 round 4 public KD (epochs=2)
[2026-08-12 17:47:49] 2026-08-12 17:47:49 | INFO     | KDClient 11 round 4 local training (epochs=3)
[2026-08-12 17:48:47] 2026-08-12 17:48:47 | INFO     | KDClient 11 round 4 completed (acc=0.1311, n=300)
[2026-08-12 17:48:47] 2026-08-12 17:48:47 | INFO     | KDClient 12 fit round 4 (tier=medium)
[2026-08-12 17:48:47] 2026-08-12 17:48:47 | INFO     | KDClient 12 round 4 public KD (epochs=2)
[2026-08-12 17:49:33] 2026-08-12 17:49:33 | INFO     | KDClient 12 round 4 local training (epochs=3)
[2026-08-12 17:50:31] 2026-08-12 17:50:31 | INFO     | KDClient 12 round 4 completed (acc=0.1778, n=300)
[2026-08-12 17:50:31] 2026-08-12 17:50:31 | INFO     | KDClient 13 fit round 4 (tier=medium)
[2026-08-12 17:50:31] 2026-08-12 17:50:31 | INFO     | KDClient 13 round 4 public KD (epochs=2)
[2026-08-12 17:51:21] 2026-08-12 17:51:21 | INFO     | KDClient 13 round 4 local training (epochs=3)
[2026-08-12 17:52:18] 2026-08-12 17:52:18 | INFO     | KDClient 13 round 4 completed (acc=0.1630, n=300)
[2026-08-12 17:52:18] 2026-08-12 17:52:18 | INFO     | KDClient 14 fit round 4 (tier=large)
[2026-08-12 17:52:18] 2026-08-12 17:52:18 | INFO     | KDClient 14 round 4 public KD (epochs=2)
[2026-08-12 17:53:41] 2026-08-12 17:53:41 | INFO     | KDClient 14 round 4 local training (epochs=3)
[2026-08-12 17:55:08] 2026-08-12 17:55:08 | INFO     | KDClient 14 round 4 completed (acc=0.1478, n=300)
[2026-08-12 17:55:08] 2026-08-12 17:55:08 | INFO     | KDClient 15 fit round 4 (tier=large)
[2026-08-12 17:55:08] 2026-08-12 17:55:08 | INFO     | KDClient 15 round 4 public KD (epochs=2)
[2026-08-12 17:56:31] 2026-08-12 17:56:31 | INFO     | KDClient 15 round 4 local training (epochs=3)
[2026-08-12 17:57:48] 2026-08-12 17:57:48 | INFO     | KDClient 15 round 4 completed (acc=0.0949, n=300)
[2026-08-12 17:57:48] 2026-08-12 17:57:48 | INFO     | KDClient 16 fit round 4 (tier=large)
[2026-08-12 17:57:48] 2026-08-12 17:57:48 | INFO     | KDClient 16 round 4 public KD (epochs=2)
[2026-08-12 17:58:58] 2026-08-12 17:58:58 | INFO     | KDClient 16 round 4 local training (epochs=3)
[2026-08-12 18:00:04] 2026-08-12 18:00:04 | INFO     | KDClient 16 round 4 completed (acc=0.2065, n=300)
[2026-08-12 18:00:04] 2026-08-12 18:00:04 | INFO     | KDClient 17 fit round 4 (tier=large)
[2026-08-12 18:00:04] 2026-08-12 18:00:04 | INFO     | KDClient 17 round 4 public KD (epochs=2)
[2026-08-12 18:01:15] 2026-08-12 18:01:15 | INFO     | KDClient 17 round 4 local training (epochs=3)
[2026-08-12 18:02:29] 2026-08-12 18:02:29 | INFO     | KDClient 17 round 4 completed (acc=0.1420, n=300)
[2026-08-12 18:02:29] 2026-08-12 18:02:29 | INFO     | KDClient 18 fit round 4 (tier=large)
[2026-08-12 18:02:29] 2026-08-12 18:02:29 | INFO     | KDClient 18 round 4 public KD (epochs=2)
[2026-08-12 18:03:52] 2026-08-12 18:03:51 | INFO     | KDClient 18 round 4 local training (epochs=3)
[2026-08-12 18:05:11] 2026-08-12 18:05:11 | INFO     | KDClient 18 round 4 completed (acc=0.1860, n=300)
[2026-08-12 18:05:11] 2026-08-12 18:05:11 | INFO     | KDClient 19 fit round 4 (tier=large)
[2026-08-12 18:05:11] 2026-08-12 18:05:11 | INFO     | KDClient 19 round 4 public KD (epochs=2)
[2026-08-12 18:07:13] 2026-08-12 18:07:13 | INFO     | KDClient 19 round 4 local training (epochs=3)
[2026-08-12 18:09:00] 2026-08-12 18:09:00 | INFO     | KDClient 19 round 4 completed (acc=0.1923, n=300)
[2026-08-12 18:09:00]   Round   4/40 | Avg: 0.1780 | Min: 0.0949 | Max: 0.2377
[2026-08-12 18:09:00] 2026-08-12 18:09:00 | INFO     | FEDMD — IID: round 5/40 starting
[2026-08-12 18:09:00] 2026-08-12 18:09:00 | INFO     | KDClient 0 fit round 5 (tier=small)
[2026-08-12 18:09:00] 2026-08-12 18:09:00 | INFO     | KDClient 0 round 5 public KD (epochs=2)
[2026-08-12 18:09:17] 2026-08-12 18:09:17 | INFO     | KDClient 0 round 5 local training (epochs=3)
[2026-08-12 18:09:39] 2026-08-12 18:09:39 | INFO     | KDClient 0 round 5 completed (acc=0.1931, n=300)
[2026-08-12 18:09:39] 2026-08-12 18:09:39 | INFO     | KDClient 1 fit round 5 (tier=small)
[2026-08-12 18:09:39] 2026-08-12 18:09:39 | INFO     | KDClient 1 round 5 public KD (epochs=2)
[2026-08-12 18:09:54] 2026-08-12 18:09:54 | INFO     | KDClient 1 round 5 local training (epochs=3)
[2026-08-12 18:10:26] 2026-08-12 18:10:26 | INFO     | KDClient 1 round 5 completed (acc=0.2659, n=300)
[2026-08-12 18:10:26] 2026-08-12 18:10:26 | INFO     | KDClient 2 fit round 5 (tier=small)
[2026-08-12 18:10:26] 2026-08-12 18:10:26 | INFO     | KDClient 2 round 5 public KD (epochs=2)
[2026-08-12 18:10:41] 2026-08-12 18:10:41 | INFO     | KDClient 2 round 5 local training (epochs=3)
[2026-08-12 18:11:01] 2026-08-12 18:11:01 | INFO     | KDClient 2 round 5 completed (acc=0.2332, n=300)
[2026-08-12 18:11:01] 2026-08-12 18:11:01 | INFO     | KDClient 3 fit round 5 (tier=small)
[2026-08-12 18:11:01] 2026-08-12 18:11:01 | INFO     | KDClient 3 round 5 public KD (epochs=2)
[2026-08-12 18:11:14] 2026-08-12 18:11:14 | INFO     | KDClient 3 round 5 local training (epochs=3)
[2026-08-12 18:11:38] 2026-08-12 18:11:38 | INFO     | KDClient 3 round 5 completed (acc=0.1962, n=300)
[2026-08-12 18:11:38] 2026-08-12 18:11:38 | INFO     | KDClient 4 fit round 5 (tier=small)
[2026-08-12 18:11:38] 2026-08-12 18:11:38 | INFO     | KDClient 4 round 5 public KD (epochs=2)
[2026-08-12 18:11:58] 2026-08-12 18:11:58 | INFO     | KDClient 4 round 5 local training (epochs=3)
[2026-08-12 18:12:20] 2026-08-12 18:12:20 | INFO     | KDClient 4 round 5 completed (acc=0.2619, n=300)
[2026-08-12 18:12:20] 2026-08-12 18:12:20 | INFO     | KDClient 5 fit round 5 (tier=small)
[2026-08-12 18:12:20] 2026-08-12 18:12:20 | INFO     | KDClient 5 round 5 public KD (epochs=2)
[2026-08-12 18:12:37] 2026-08-12 18:12:37 | INFO     | KDClient 5 round 5 local training (epochs=3)
[2026-08-12 18:13:02] 2026-08-12 18:13:02 | INFO     | KDClient 5 round 5 completed (acc=0.1909, n=300)
[2026-08-12 18:13:02] 2026-08-12 18:13:02 | INFO     | KDClient 6 fit round 5 (tier=small)
[2026-08-12 18:13:02] 2026-08-12 18:13:02 | INFO     | KDClient 6 round 5 public KD (epochs=2)
[2026-08-12 18:13:14] 2026-08-12 18:13:14 | INFO     | KDClient 6 round 5 local training (epochs=3)
[2026-08-12 18:13:40] 2026-08-12 18:13:40 | INFO     | KDClient 6 round 5 completed (acc=0.2678, n=300)
[2026-08-12 18:13:40] 2026-08-12 18:13:40 | INFO     | KDClient 7 fit round 5 (tier=medium)
[2026-08-12 18:13:40] 2026-08-12 18:13:40 | INFO     | KDClient 7 round 5 public KD (epochs=2)
[2026-08-12 18:14:35] 2026-08-12 18:14:35 | INFO     | KDClient 7 round 5 local training (epochs=3)
[2026-08-12 18:15:25] 2026-08-12 18:15:25 | INFO     | KDClient 7 round 5 completed (acc=0.1769, n=300)
[2026-08-12 18:15:25] 2026-08-12 18:15:25 | INFO     | KDClient 8 fit round 5 (tier=medium)
[2026-08-12 18:15:25] 2026-08-12 18:15:25 | INFO     | KDClient 8 round 5 public KD (epochs=2)
[2026-08-12 18:16:19] 2026-08-12 18:16:19 | INFO     | KDClient 8 round 5 local training (epochs=3)
[2026-08-12 18:17:07] 2026-08-12 18:17:07 | INFO     | KDClient 8 round 5 completed (acc=0.2641, n=300)
[2026-08-12 18:17:07] 2026-08-12 18:17:07 | INFO     | KDClient 9 fit round 5 (tier=medium)
[2026-08-12 18:17:07] 2026-08-12 18:17:07 | INFO     | KDClient 9 round 5 public KD (epochs=2)
[2026-08-12 18:17:49] 2026-08-12 18:17:49 | INFO     | KDClient 9 round 5 local training (epochs=3)
[2026-08-12 18:18:37] 2026-08-12 18:18:37 | INFO     | KDClient 9 round 5 completed (acc=0.1868, n=300)
[2026-08-12 18:18:37] 2026-08-12 18:18:37 | INFO     | KDClient 10 fit round 5 (tier=medium)
[2026-08-12 18:18:37] 2026-08-12 18:18:37 | INFO     | KDClient 10 round 5 public KD (epochs=2)
[2026-08-12 18:19:25] 2026-08-12 18:19:25 | INFO     | KDClient 10 round 5 local training (epochs=3)
[2026-08-12 18:20:31] 2026-08-12 18:20:31 | INFO     | KDClient 10 round 5 completed (acc=0.1831, n=300)
[2026-08-12 18:20:31] 2026-08-12 18:20:31 | INFO     | KDClient 11 fit round 5 (tier=medium)
[2026-08-12 18:20:31] 2026-08-12 18:20:31 | INFO     | KDClient 11 round 5 public KD (epochs=2)
[2026-08-12 18:21:26] 2026-08-12 18:21:26 | INFO     | KDClient 11 round 5 local training (epochs=3)
[2026-08-12 18:22:14] 2026-08-12 18:22:14 | INFO     | KDClient 11 round 5 completed (acc=0.2020, n=300)
[2026-08-12 18:22:14] 2026-08-12 18:22:14 | INFO     | KDClient 12 fit round 5 (tier=medium)
[2026-08-12 18:22:14] 2026-08-12 18:22:14 | INFO     | KDClient 12 round 5 public KD (epochs=2)
[2026-08-12 18:23:08] 2026-08-12 18:23:08 | INFO     | KDClient 12 round 5 local training (epochs=3)
[2026-08-12 18:24:23] 2026-08-12 18:24:23 | INFO     | KDClient 12 round 5 completed (acc=0.1870, n=300)
[2026-08-12 18:24:23] 2026-08-12 18:24:23 | INFO     | KDClient 13 fit round 5 (tier=medium)
[2026-08-12 18:24:23] 2026-08-12 18:24:23 | INFO     | KDClient 13 round 5 public KD (epochs=2)
[2026-08-12 18:25:12] 2026-08-12 18:25:12 | INFO     | KDClient 13 round 5 local training (epochs=3)
[2026-08-12 18:26:01] 2026-08-12 18:26:01 | INFO     | KDClient 13 round 5 completed (acc=0.2000, n=300)
[2026-08-12 18:26:01] 2026-08-12 18:26:01 | INFO     | KDClient 14 fit round 5 (tier=large)
[2026-08-12 18:26:01] 2026-08-12 18:26:01 | INFO     | KDClient 14 round 5 public KD (epochs=2)
[2026-08-12 18:27:16] 2026-08-12 18:27:16 | INFO     | KDClient 14 round 5 local training (epochs=3)
[2026-08-12 18:28:30] 2026-08-12 18:28:30 | INFO     | KDClient 14 round 5 completed (acc=0.2003, n=300)
[2026-08-12 18:28:30] 2026-08-12 18:28:30 | INFO     | KDClient 15 fit round 5 (tier=large)
[2026-08-12 18:28:30] 2026-08-12 18:28:30 | INFO     | KDClient 15 round 5 public KD (epochs=2)
[2026-08-12 18:29:54] 2026-08-12 18:29:54 | INFO     | KDClient 15 round 5 local training (epochs=3)
[2026-08-12 18:31:10] 2026-08-12 18:31:10 | INFO     | KDClient 15 round 5 completed (acc=0.1054, n=300)
[2026-08-12 18:31:10] 2026-08-12 18:31:10 | INFO     | KDClient 16 fit round 5 (tier=large)
[2026-08-12 18:31:10] 2026-08-12 18:31:10 | INFO     | KDClient 16 round 5 public KD (epochs=2)
[2026-08-12 18:33:14] 2026-08-12 18:33:14 | INFO     | KDClient 16 round 5 local training (epochs=3)
[2026-08-12 18:34:21] 2026-08-12 18:34:21 | INFO     | KDClient 16 round 5 completed (acc=0.1607, n=300)
[2026-08-12 18:34:21] 2026-08-12 18:34:21 | INFO     | KDClient 17 fit round 5 (tier=large)
[2026-08-12 18:34:21] 2026-08-12 18:34:21 | INFO     | KDClient 17 round 5 public KD (epochs=2)
[2026-08-12 18:35:37] 2026-08-12 18:35:37 | INFO     | KDClient 17 round 5 local training (epochs=3)
[2026-08-12 18:37:16] 2026-08-12 18:37:16 | INFO     | KDClient 17 round 5 completed (acc=0.2181, n=300)
[2026-08-12 18:37:16] 2026-08-12 18:37:16 | INFO     | KDClient 18 fit round 5 (tier=large)
[2026-08-12 18:37:16] 2026-08-12 18:37:16 | INFO     | KDClient 18 round 5 public KD (epochs=2)
[2026-08-12 18:38:40] 2026-08-12 18:38:40 | INFO     | KDClient 18 round 5 local training (epochs=3)
[2026-08-12 18:40:07] 2026-08-12 18:40:07 | INFO     | KDClient 18 round 5 completed (acc=0.1962, n=300)
[2026-08-12 18:40:07] 2026-08-12 18:40:07 | INFO     | KDClient 19 fit round 5 (tier=large)
[2026-08-12 18:40:07] 2026-08-12 18:40:07 | INFO     | KDClient 19 round 5 public KD (epochs=2)
[2026-08-12 18:42:10] 2026-08-12 18:42:10 | INFO     | KDClient 19 round 5 local training (epochs=3)
[2026-08-12 18:43:41] 2026-08-12 18:43:41 | INFO     | KDClient 19 round 5 completed (acc=0.2382, n=300)
[2026-08-12 18:43:41]   Round   5/40 | Avg: 0.2064 | Min: 0.1054 | Max: 0.2678
[2026-08-12 18:43:41] 2026-08-12 18:43:41 | INFO     | FEDMD — IID: round 6/40 starting
[2026-08-12 18:43:41] 2026-08-12 18:43:41 | INFO     | KDClient 0 fit round 6 (tier=small)
[2026-08-12 18:43:41] 2026-08-12 18:43:41 | INFO     | KDClient 0 round 6 public KD (epochs=2)
[2026-08-12 18:43:55] 2026-08-12 18:43:55 | INFO     | KDClient 0 round 6 local training (epochs=3)
[2026-08-12 18:44:25] 2026-08-12 18:44:25 | INFO     | KDClient 0 round 6 completed (acc=0.2088, n=300)
[2026-08-12 18:44:25] 2026-08-12 18:44:25 | INFO     | KDClient 1 fit round 6 (tier=small)
[2026-08-12 18:44:25] 2026-08-12 18:44:25 | INFO     | KDClient 1 round 6 public KD (epochs=2)
[2026-08-12 18:44:45] 2026-08-12 18:44:45 | INFO     | KDClient 1 round 6 local training (epochs=3)
[2026-08-12 18:45:05] 2026-08-12 18:45:05 | INFO     | KDClient 1 round 6 completed (acc=0.2611, n=300)
[2026-08-12 18:45:05] 2026-08-12 18:45:05 | INFO     | KDClient 2 fit round 6 (tier=small)
[2026-08-12 18:45:05] 2026-08-12 18:45:05 | INFO     | KDClient 2 round 6 public KD (epochs=2)
[2026-08-12 18:45:19] 2026-08-12 18:45:19 | INFO     | KDClient 2 round 6 local training (epochs=3)
[2026-08-12 18:45:38] 2026-08-12 18:45:38 | INFO     | KDClient 2 round 6 completed (acc=0.2373, n=300)
[2026-08-12 18:45:38] 2026-08-12 18:45:38 | INFO     | KDClient 3 fit round 6 (tier=small)
[2026-08-12 18:45:38] 2026-08-12 18:45:38 | INFO     | KDClient 3 round 6 public KD (epochs=2)
[2026-08-12 18:45:56] 2026-08-12 18:45:56 | INFO     | KDClient 3 round 6 local training (epochs=3)
[2026-08-12 18:46:29] 2026-08-12 18:46:29 | INFO     | KDClient 3 round 6 completed (acc=0.1966, n=300)
[2026-08-12 18:46:29] 2026-08-12 18:46:29 | INFO     | KDClient 4 fit round 6 (tier=small)
[2026-08-12 18:46:29] 2026-08-12 18:46:29 | INFO     | KDClient 4 round 6 public KD (epochs=2)
[2026-08-12 18:46:49] 2026-08-12 18:46:49 | INFO     | KDClient 4 round 6 local training (epochs=3)
[2026-08-12 18:47:17] 2026-08-12 18:47:17 | INFO     | KDClient 4 round 6 completed (acc=0.2603, n=300)
[2026-08-12 18:47:17] 2026-08-12 18:47:17 | INFO     | KDClient 5 fit round 6 (tier=small)
[2026-08-12 18:47:17] 2026-08-12 18:47:17 | INFO     | KDClient 5 round 6 public KD (epochs=2)
[2026-08-12 18:47:34] 2026-08-12 18:47:34 | INFO     | KDClient 5 round 6 local training (epochs=3)
[2026-08-12 18:47:57] 2026-08-12 18:47:57 | INFO     | KDClient 5 round 6 completed (acc=0.2191, n=300)
[2026-08-12 18:47:57] 2026-08-12 18:47:57 | INFO     | KDClient 6 fit round 6 (tier=small)
[2026-08-12 18:47:57] 2026-08-12 18:47:57 | INFO     | KDClient 6 round 6 public KD (epochs=2)
[2026-08-12 18:48:13] 2026-08-12 18:48:13 | INFO     | KDClient 6 round 6 local training (epochs=3)
[2026-08-12 18:48:40] 2026-08-12 18:48:40 | INFO     | KDClient 6 round 6 completed (acc=0.2636, n=300)
[2026-08-12 18:48:40] 2026-08-12 18:48:40 | INFO     | KDClient 7 fit round 6 (tier=medium)
[2026-08-12 18:48:40] 2026-08-12 18:48:40 | INFO     | KDClient 7 round 6 public KD (epochs=2)
[2026-08-12 18:49:32] 2026-08-12 18:49:32 | INFO     | KDClient 7 round 6 local training (epochs=3)
[2026-08-12 18:50:17] 2026-08-12 18:50:17 | INFO     | KDClient 7 round 6 completed (acc=0.2384, n=300)
[2026-08-12 18:50:17] 2026-08-12 18:50:17 | INFO     | KDClient 8 fit round 6 (tier=medium)
[2026-08-12 18:50:17] 2026-08-12 18:50:17 | INFO     | KDClient 8 round 6 public KD (epochs=2)
[2026-08-12 18:51:13] 2026-08-12 18:51:13 | INFO     | KDClient 8 round 6 local training (epochs=3)
[2026-08-12 18:52:00] 2026-08-12 18:52:00 | INFO     | KDClient 8 round 6 completed (acc=0.2563, n=300)
[2026-08-12 18:52:00] 2026-08-12 18:52:00 | INFO     | KDClient 9 fit round 6 (tier=medium)
[2026-08-12 18:52:00] 2026-08-12 18:52:00 | INFO     | KDClient 9 round 6 public KD (epochs=2)
[2026-08-12 18:52:44] 2026-08-12 18:52:44 | INFO     | KDClient 9 round 6 local training (epochs=3)
[2026-08-12 18:53:25] 2026-08-12 18:53:25 | INFO     | KDClient 9 round 6 completed (acc=0.2595, n=300)
[2026-08-12 18:53:25] 2026-08-12 18:53:25 | INFO     | KDClient 10 fit round 6 (tier=medium)
[2026-08-12 18:53:25] 2026-08-12 18:53:25 | INFO     | KDClient 10 round 6 public KD (epochs=2)
[2026-08-12 18:54:04] 2026-08-12 18:54:04 | INFO     | KDClient 10 round 6 local training (epochs=3)
[2026-08-12 18:54:51] 2026-08-12 18:54:51 | INFO     | KDClient 10 round 6 completed (acc=0.2269, n=300)
[2026-08-12 18:54:51] 2026-08-12 18:54:51 | INFO     | KDClient 11 fit round 6 (tier=medium)
[2026-08-12 18:54:51] 2026-08-12 18:54:51 | INFO     | KDClient 11 round 6 public KD (epochs=2)
[2026-08-12 18:55:53] 2026-08-12 18:55:53 | INFO     | KDClient 11 round 6 local training (epochs=3)
[2026-08-12 18:56:41] 2026-08-12 18:56:41 | INFO     | KDClient 11 round 6 completed (acc=0.2226, n=300)
[2026-08-12 18:56:41] 2026-08-12 18:56:41 | INFO     | KDClient 12 fit round 6 (tier=medium)
[2026-08-12 18:56:41] 2026-08-12 18:56:41 | INFO     | KDClient 12 round 6 public KD (epochs=2)
[2026-08-12 18:57:33] 2026-08-12 18:57:33 | INFO     | KDClient 12 round 6 local training (epochs=3)
[2026-08-12 18:58:42] 2026-08-12 18:58:42 | INFO     | KDClient 12 round 6 completed (acc=0.2406, n=300)
[2026-08-12 18:58:42] 2026-08-12 18:58:42 | INFO     | KDClient 13 fit round 6 (tier=medium)
[2026-08-12 18:58:42] 2026-08-12 18:58:42 | INFO     | KDClient 13 round 6 public KD (epochs=2)
[2026-08-12 18:59:36] 2026-08-12 18:59:36 | INFO     | KDClient 13 round 6 local training (epochs=3)
[2026-08-12 19:00:40] 2026-08-12 19:00:40 | INFO     | KDClient 13 round 6 completed (acc=0.2501, n=300)
[2026-08-12 19:00:40] 2026-08-12 19:00:40 | INFO     | KDClient 14 fit round 6 (tier=large)
[2026-08-12 19:00:40] 2026-08-12 19:00:40 | INFO     | KDClient 14 round 6 public KD (epochs=2)
[2026-08-12 19:02:04] 2026-08-12 19:02:04 | INFO     | KDClient 14 round 6 local training (epochs=3)
[2026-08-12 19:03:37] 2026-08-12 19:03:37 | INFO     | KDClient 14 round 6 completed (acc=0.1515, n=300)
[2026-08-12 19:03:37] 2026-08-12 19:03:37 | INFO     | KDClient 15 fit round 6 (tier=large)
[2026-08-12 19:03:37] 2026-08-12 19:03:37 | INFO     | KDClient 15 round 6 public KD (epochs=2)
[2026-08-12 19:04:56] 2026-08-12 19:04:56 | INFO     | KDClient 15 round 6 local training (epochs=3)
[2026-08-12 19:06:30] 2026-08-12 19:06:30 | INFO     | KDClient 15 round 6 completed (acc=0.1339, n=300)
[2026-08-12 19:06:30] 2026-08-12 19:06:30 | INFO     | KDClient 16 fit round 6 (tier=large)
[2026-08-12 19:06:30] 2026-08-12 19:06:30 | INFO     | KDClient 16 round 6 public KD (epochs=2)
[2026-08-12 19:07:57] 2026-08-12 19:07:57 | INFO     | KDClient 16 round 6 local training (epochs=3)
[2026-08-12 19:09:27] 2026-08-12 19:09:27 | INFO     | KDClient 16 round 6 completed (acc=0.2098, n=300)
[2026-08-12 19:09:27] 2026-08-12 19:09:27 | INFO     | KDClient 17 fit round 6 (tier=large)
[2026-08-12 19:09:27] 2026-08-12 19:09:27 | INFO     | KDClient 17 round 6 public KD (epochs=2)
[2026-08-12 19:10:33] 2026-08-12 19:10:33 | INFO     | KDClient 17 round 6 local training (epochs=3)
[2026-08-12 19:11:41] 2026-08-12 19:11:41 | INFO     | KDClient 17 round 6 completed (acc=0.2025, n=300)
[2026-08-12 19:11:41] 2026-08-12 19:11:41 | INFO     | KDClient 18 fit round 6 (tier=large)
[2026-08-12 19:11:41] 2026-08-12 19:11:41 | INFO     | KDClient 18 round 6 public KD (epochs=2)
[2026-08-12 19:13:00] 2026-08-12 19:13:00 | INFO     | KDClient 18 round 6 local training (epochs=3)
[2026-08-12 19:14:29] 2026-08-12 19:14:29 | INFO     | KDClient 18 round 6 completed (acc=0.2048, n=300)
[2026-08-12 19:14:29] 2026-08-12 19:14:29 | INFO     | KDClient 19 fit round 6 (tier=large)
[2026-08-12 19:14:29] 2026-08-12 19:14:29 | INFO     | KDClient 19 round 6 public KD (epochs=2)
[2026-08-12 19:15:44] 2026-08-12 19:15:44 | INFO     | KDClient 19 round 6 local training (epochs=3)
[2026-08-12 19:17:16] 2026-08-12 19:17:16 | INFO     | KDClient 19 round 6 completed (acc=0.1307, n=300)
[2026-08-12 19:17:16]   Round   6/40 | Avg: 0.2187 | Min: 0.1307 | Max: 0.2636
[2026-08-12 19:17:16] 2026-08-12 19:17:16 | INFO     | FEDMD — IID: round 7/40 starting
[2026-08-12 19:17:16] 2026-08-12 19:17:16 | INFO     | KDClient 0 fit round 7 (tier=small)
[2026-08-12 19:17:16] 2026-08-12 19:17:16 | INFO     | KDClient 0 round 7 public KD (epochs=2)
[2026-08-12 19:17:37] 2026-08-12 19:17:37 | INFO     | KDClient 0 round 7 local training (epochs=3)
[2026-08-12 19:18:02] 2026-08-12 19:18:02 | INFO     | KDClient 0 round 7 completed (acc=0.2382, n=300)
[2026-08-12 19:18:02] 2026-08-12 19:18:02 | INFO     | KDClient 1 fit round 7 (tier=small)
[2026-08-12 19:18:02] 2026-08-12 19:18:02 | INFO     | KDClient 1 round 7 public KD (epochs=2)
[2026-08-12 19:18:20] 2026-08-12 19:18:20 | INFO     | KDClient 1 round 7 local training (epochs=3)
[2026-08-12 19:18:47] 2026-08-12 19:18:47 | INFO     | KDClient 1 round 7 completed (acc=0.2772, n=300)
[2026-08-12 19:18:47] 2026-08-12 19:18:47 | INFO     | KDClient 2 fit round 7 (tier=small)
[2026-08-12 19:18:47] 2026-08-12 19:18:47 | INFO     | KDClient 2 round 7 public KD (epochs=2)
[2026-08-12 19:19:05] 2026-08-12 19:19:05 | INFO     | KDClient 2 round 7 local training (epochs=3)
[2026-08-12 19:19:32] 2026-08-12 19:19:32 | INFO     | KDClient 2 round 7 completed (acc=0.2642, n=300)
[2026-08-12 19:19:32] 2026-08-12 19:19:32 | INFO     | KDClient 3 fit round 7 (tier=small)
[2026-08-12 19:19:32] 2026-08-12 19:19:32 | INFO     | KDClient 3 round 7 public KD (epochs=2)
[2026-08-12 19:19:48] 2026-08-12 19:19:48 | INFO     | KDClient 3 round 7 local training (epochs=3)
[2026-08-12 19:20:08] 2026-08-12 19:20:08 | INFO     | KDClient 3 round 7 completed (acc=0.2213, n=300)
[2026-08-12 19:20:08] 2026-08-12 19:20:08 | INFO     | KDClient 4 fit round 7 (tier=small)
[2026-08-12 19:20:08] 2026-08-12 19:20:08 | INFO     | KDClient 4 round 7 public KD (epochs=2)
[2026-08-12 19:20:23] 2026-08-12 19:20:23 | INFO     | KDClient 4 round 7 local training (epochs=3)
[2026-08-12 19:20:49] 2026-08-12 19:20:49 | INFO     | KDClient 4 round 7 completed (acc=0.2983, n=300)
[2026-08-12 19:20:49] 2026-08-12 19:20:49 | INFO     | KDClient 5 fit round 7 (tier=small)
[2026-08-12 19:20:49] 2026-08-12 19:20:49 | INFO     | KDClient 5 round 7 public KD (epochs=2)
[2026-08-12 19:21:08] 2026-08-12 19:21:08 | INFO     | KDClient 5 round 7 local training (epochs=3)
[2026-08-12 19:21:26] 2026-08-12 19:21:26 | INFO     | KDClient 5 round 7 completed (acc=0.2312, n=300)
[2026-08-12 19:21:26] 2026-08-12 19:21:26 | INFO     | KDClient 6 fit round 7 (tier=small)
[2026-08-12 19:21:26] 2026-08-12 19:21:26 | INFO     | KDClient 6 round 7 public KD (epochs=2)
[2026-08-12 19:21:39] 2026-08-12 19:21:39 | INFO     | KDClient 6 round 7 local training (epochs=3)
[2026-08-12 19:21:58] 2026-08-12 19:21:58 | INFO     | KDClient 6 round 7 completed (acc=0.2760, n=300)
[2026-08-12 19:21:58] 2026-08-12 19:21:58 | INFO     | KDClient 7 fit round 7 (tier=medium)
[2026-08-12 19:21:58] 2026-08-12 19:21:58 | INFO     | KDClient 7 round 7 public KD (epochs=2)
[2026-08-12 19:22:50] 2026-08-12 19:22:50 | INFO     | KDClient 7 round 7 local training (epochs=3)
[2026-08-12 19:23:41] 2026-08-12 19:23:41 | INFO     | KDClient 7 round 7 completed (acc=0.2373, n=300)
[2026-08-12 19:23:41] 2026-08-12 19:23:41 | INFO     | KDClient 8 fit round 7 (tier=medium)
[2026-08-12 19:23:41] 2026-08-12 19:23:41 | INFO     | KDClient 8 round 7 public KD (epochs=2)
[2026-08-12 19:24:47] 2026-08-12 19:24:47 | INFO     | KDClient 8 round 7 local training (epochs=3)
[2026-08-12 19:25:36] 2026-08-12 19:25:36 | INFO     | KDClient 8 round 7 completed (acc=0.2854, n=300)
[2026-08-12 19:25:36] 2026-08-12 19:25:36 | INFO     | KDClient 9 fit round 7 (tier=medium)
[2026-08-12 19:25:36] 2026-08-12 19:25:36 | INFO     | KDClient 9 round 7 public KD (epochs=2)
[2026-08-12 19:26:24] 2026-08-12 19:26:24 | INFO     | KDClient 9 round 7 local training (epochs=3)
[2026-08-12 19:27:09] 2026-08-12 19:27:09 | INFO     | KDClient 9 round 7 completed (acc=0.2999, n=300)
[2026-08-12 19:27:09] 2026-08-12 19:27:09 | INFO     | KDClient 10 fit round 7 (tier=medium)
[2026-08-12 19:27:09] 2026-08-12 19:27:09 | INFO     | KDClient 10 round 7 public KD (epochs=2)
[2026-08-12 19:28:32] 2026-08-12 19:28:32 | INFO     | KDClient 10 round 7 local training (epochs=3)
[2026-08-12 19:29:31] 2026-08-12 19:29:31 | INFO     | KDClient 10 round 7 completed (acc=0.2285, n=300)
[2026-08-12 19:29:31] 2026-08-12 19:29:31 | INFO     | KDClient 11 fit round 7 (tier=medium)
[2026-08-12 19:29:31] 2026-08-12 19:29:31 | INFO     | KDClient 11 round 7 public KD (epochs=2)
[2026-08-12 19:30:17] 2026-08-12 19:30:17 | INFO     | KDClient 11 round 7 local training (epochs=3)
[2026-08-12 19:31:19] 2026-08-12 19:31:19 | INFO     | KDClient 11 round 7 completed (acc=0.2445, n=300)
[2026-08-12 19:31:19] 2026-08-12 19:31:19 | INFO     | KDClient 12 fit round 7 (tier=medium)
[2026-08-12 19:31:19] 2026-08-12 19:31:19 | INFO     | KDClient 12 round 7 public KD (epochs=2)
[2026-08-12 19:32:26] 2026-08-12 19:32:26 | INFO     | KDClient 12 round 7 local training (epochs=3)
[2026-08-12 19:33:31] 2026-08-12 19:33:31 | INFO     | KDClient 12 round 7 completed (acc=0.2235, n=300)
[2026-08-12 19:33:31] 2026-08-12 19:33:31 | INFO     | KDClient 13 fit round 7 (tier=medium)
[2026-08-12 19:33:31] 2026-08-12 19:33:31 | INFO     | KDClient 13 round 7 public KD (epochs=2)
[2026-08-12 19:34:26] 2026-08-12 19:34:26 | INFO     | KDClient 13 round 7 local training (epochs=3)
[2026-08-12 19:35:27] 2026-08-12 19:35:27 | INFO     | KDClient 13 round 7 completed (acc=0.2744, n=300)
[2026-08-12 19:35:27] 2026-08-12 19:35:27 | INFO     | KDClient 14 fit round 7 (tier=large)
[2026-08-12 19:35:27] 2026-08-12 19:35:27 | INFO     | KDClient 14 round 7 public KD (epochs=2)
[2026-08-12 19:36:53] 2026-08-12 19:36:53 | INFO     | KDClient 14 round 7 local training (epochs=3)
[2026-08-12 19:38:17] 2026-08-12 19:38:17 | INFO     | KDClient 14 round 7 completed (acc=0.1931, n=300)
[2026-08-12 19:38:17] 2026-08-12 19:38:17 | INFO     | KDClient 15 fit round 7 (tier=large)
[2026-08-12 19:38:17] 2026-08-12 19:38:17 | INFO     | KDClient 15 round 7 public KD (epochs=2)
[2026-08-12 19:39:40] 2026-08-12 19:39:40 | INFO     | KDClient 15 round 7 local training (epochs=3)
[2026-08-12 19:41:14] 2026-08-12 19:41:14 | INFO     | KDClient 15 round 7 completed (acc=0.1591, n=300)
[2026-08-12 19:41:14] 2026-08-12 19:41:14 | INFO     | KDClient 16 fit round 7 (tier=large)
[2026-08-12 19:41:14] 2026-08-12 19:41:14 | INFO     | KDClient 16 round 7 public KD (epochs=2)
[2026-08-12 19:42:42] 2026-08-12 19:42:42 | INFO     | KDClient 16 round 7 local training (epochs=3)
[2026-08-12 19:44:01] 2026-08-12 19:44:01 | INFO     | KDClient 16 round 7 completed (acc=0.2559, n=300)
[2026-08-12 19:44:01] 2026-08-12 19:44:01 | INFO     | KDClient 17 fit round 7 (tier=large)
[2026-08-12 19:44:01] 2026-08-12 19:44:01 | INFO     | KDClient 17 round 7 public KD (epochs=2)
[2026-08-12 19:46:06] 2026-08-12 19:46:06 | INFO     | KDClient 17 round 7 local training (epochs=3)
[2026-08-12 19:47:26] 2026-08-12 19:47:26 | INFO     | KDClient 17 round 7 completed (acc=0.2512, n=300)
[2026-08-12 19:47:26] 2026-08-12 19:47:26 | INFO     | KDClient 18 fit round 7 (tier=large)
[2026-08-12 19:47:26] 2026-08-12 19:47:26 | INFO     | KDClient 18 round 7 public KD (epochs=2)
[2026-08-12 19:49:29] 2026-08-12 19:49:29 | INFO     | KDClient 18 round 7 local training (epochs=3)
[2026-08-12 19:50:36] 2026-08-12 19:50:36 | INFO     | KDClient 18 round 7 completed (acc=0.2334, n=300)
[2026-08-12 19:50:36] 2026-08-12 19:50:36 | INFO     | KDClient 19 fit round 7 (tier=large)
[2026-08-12 19:50:36] 2026-08-12 19:50:36 | INFO     | KDClient 19 round 7 public KD (epochs=2)
[2026-08-12 19:51:46] 2026-08-12 19:51:46 | INFO     | KDClient 19 round 7 local training (epochs=3)
[2026-08-12 19:52:59] 2026-08-12 19:52:59 | INFO     | KDClient 19 round 7 completed (acc=0.2303, n=300)
[2026-08-12 19:52:59]   Round   7/40 | Avg: 0.2461 | Min: 0.1591 | Max: 0.2999
[2026-08-12 19:52:59] 2026-08-12 19:52:59 | INFO     | FEDMD — IID: round 8/40 starting
[2026-08-12 19:52:59] 2026-08-12 19:52:59 | INFO     | KDClient 0 fit round 8 (tier=small)
[2026-08-12 19:52:59] 2026-08-12 19:52:59 | INFO     | KDClient 0 round 8 public KD (epochs=2)
[2026-08-12 19:53:16] 2026-08-12 19:53:16 | INFO     | KDClient 0 round 8 local training (epochs=3)
[2026-08-12 19:53:37] 2026-08-12 19:53:37 | INFO     | KDClient 0 round 8 completed (acc=0.2562, n=300)
[2026-08-12 19:53:37] 2026-08-12 19:53:37 | INFO     | KDClient 1 fit round 8 (tier=small)
[2026-08-12 19:53:37] 2026-08-12 19:53:37 | INFO     | KDClient 1 round 8 public KD (epochs=2)
[2026-08-12 19:53:55] 2026-08-12 19:53:55 | INFO     | KDClient 1 round 8 local training (epochs=3)
[2026-08-12 19:54:10] 2026-08-12 19:54:10 | INFO     | KDClient 1 round 8 completed (acc=0.2832, n=300)
[2026-08-12 19:54:10] 2026-08-12 19:54:10 | INFO     | KDClient 2 fit round 8 (tier=small)
[2026-08-12 19:54:10] 2026-08-12 19:54:10 | INFO     | KDClient 2 round 8 public KD (epochs=2)
[2026-08-12 19:54:23] 2026-08-12 19:54:23 | INFO     | KDClient 2 round 8 local training (epochs=3)
[2026-08-12 19:54:42] 2026-08-12 19:54:42 | INFO     | KDClient 2 round 8 completed (acc=0.2716, n=300)
[2026-08-12 19:54:42] 2026-08-12 19:54:42 | INFO     | KDClient 3 fit round 8 (tier=small)
[2026-08-12 19:54:42] 2026-08-12 19:54:42 | INFO     | KDClient 3 round 8 public KD (epochs=2)
[2026-08-12 19:54:55] 2026-08-12 19:54:55 | INFO     | KDClient 3 round 8 local training (epochs=3)
[2026-08-12 19:55:17] 2026-08-12 19:55:17 | INFO     | KDClient 3 round 8 completed (acc=0.2052, n=300)
[2026-08-12 19:55:17] 2026-08-12 19:55:17 | INFO     | KDClient 4 fit round 8 (tier=small)
[2026-08-12 19:55:17] 2026-08-12 19:55:17 | INFO     | KDClient 4 round 8 public KD (epochs=2)
[2026-08-12 19:55:30] 2026-08-12 19:55:30 | INFO     | KDClient 4 round 8 local training (epochs=3)
[2026-08-12 19:55:52] 2026-08-12 19:55:52 | INFO     | KDClient 4 round 8 completed (acc=0.2945, n=300)
[2026-08-12 19:55:52] 2026-08-12 19:55:52 | INFO     | KDClient 5 fit round 8 (tier=small)
[2026-08-12 19:55:52] 2026-08-12 19:55:52 | INFO     | KDClient 5 round 8 public KD (epochs=2)
[2026-08-12 19:56:06] 2026-08-12 19:56:06 | INFO     | KDClient 5 round 8 local training (epochs=3)
[2026-08-12 19:56:33] 2026-08-12 19:56:33 | INFO     | KDClient 5 round 8 completed (acc=0.2490, n=300)
[2026-08-12 19:56:33] 2026-08-12 19:56:33 | INFO     | KDClient 6 fit round 8 (tier=small)
[2026-08-12 19:56:33] 2026-08-12 19:56:33 | INFO     | KDClient 6 round 8 public KD (epochs=2)
[2026-08-12 19:56:52] 2026-08-12 19:56:52 | INFO     | KDClient 6 round 8 local training (epochs=3)
[2026-08-12 19:57:14] 2026-08-12 19:57:14 | INFO     | KDClient 6 round 8 completed (acc=0.2917, n=300)
[2026-08-12 19:57:14] 2026-08-12 19:57:14 | INFO     | KDClient 7 fit round 8 (tier=medium)
[2026-08-12 19:57:14] 2026-08-12 19:57:14 | INFO     | KDClient 7 round 8 public KD (epochs=2)
[2026-08-12 19:58:06] 2026-08-12 19:58:06 | INFO     | KDClient 7 round 8 local training (epochs=3)
[2026-08-12 19:58:59] 2026-08-12 19:58:59 | INFO     | KDClient 7 round 8 completed (acc=0.2639, n=300)
[2026-08-12 19:58:59] 2026-08-12 19:58:59 | INFO     | KDClient 8 fit round 8 (tier=medium)
[2026-08-12 19:58:59] 2026-08-12 19:58:59 | INFO     | KDClient 8 round 8 public KD (epochs=2)
[2026-08-12 19:59:49] 2026-08-12 19:59:49 | INFO     | KDClient 8 round 8 local training (epochs=3)
[2026-08-12 20:00:41] 2026-08-12 20:00:41 | INFO     | KDClient 8 round 8 completed (acc=0.3020, n=300)
[2026-08-12 20:00:41] 2026-08-12 20:00:41 | INFO     | KDClient 9 fit round 8 (tier=medium)
[2026-08-12 20:00:41] 2026-08-12 20:00:41 | INFO     | KDClient 9 round 8 public KD (epochs=2)
[2026-08-12 20:01:30] 2026-08-12 20:01:30 | INFO     | KDClient 9 round 8 local training (epochs=3)
[2026-08-12 20:02:14] 2026-08-12 20:02:14 | INFO     | KDClient 9 round 8 completed (acc=0.3140, n=300)
[2026-08-12 20:02:14] 2026-08-12 20:02:14 | INFO     | KDClient 10 fit round 8 (tier=medium)
[2026-08-12 20:02:14] 2026-08-12 20:02:14 | INFO     | KDClient 10 round 8 public KD (epochs=2)
[2026-08-12 20:03:20] 2026-08-12 20:03:20 | INFO     | KDClient 10 round 8 local training (epochs=3)
[2026-08-12 20:04:05] 2026-08-12 20:04:05 | INFO     | KDClient 10 round 8 completed (acc=0.2896, n=300)
[2026-08-12 20:04:05] 2026-08-12 20:04:05 | INFO     | KDClient 11 fit round 8 (tier=medium)
[2026-08-12 20:04:05] 2026-08-12 20:04:05 | INFO     | KDClient 11 round 8 public KD (epochs=2)
[2026-08-12 20:04:53] 2026-08-12 20:04:53 | INFO     | KDClient 11 round 8 local training (epochs=3)
[2026-08-12 20:05:46] 2026-08-12 20:05:46 | INFO     | KDClient 11 round 8 completed (acc=0.2630, n=300)
[2026-08-12 20:05:46] 2026-08-12 20:05:46 | INFO     | KDClient 12 fit round 8 (tier=medium)
[2026-08-12 20:05:46] 2026-08-12 20:05:46 | INFO     | KDClient 12 round 8 public KD (epochs=2)
[2026-08-12 20:06:37] 2026-08-12 20:06:37 | INFO     | KDClient 12 round 8 local training (epochs=3)
[2026-08-12 20:07:26] 2026-08-12 20:07:26 | INFO     | KDClient 12 round 8 completed (acc=0.2684, n=300)
[2026-08-12 20:07:26] 2026-08-12 20:07:26 | INFO     | KDClient 13 fit round 8 (tier=medium)
[2026-08-12 20:07:26] 2026-08-12 20:07:26 | INFO     | KDClient 13 round 8 public KD (epochs=2)
[2026-08-12 20:08:14] 2026-08-12 20:08:14 | INFO     | KDClient 13 round 8 local training (epochs=3)
[2026-08-12 20:09:12] 2026-08-12 20:09:12 | INFO     | KDClient 13 round 8 completed (acc=0.2986, n=300)
[2026-08-12 20:09:12] 2026-08-12 20:09:12 | INFO     | KDClient 14 fit round 8 (tier=large)
[2026-08-12 20:09:12] 2026-08-12 20:09:12 | INFO     | KDClient 14 round 8 public KD (epochs=2)
[2026-08-12 20:10:35] 2026-08-12 20:10:35 | INFO     | KDClient 14 round 8 local training (epochs=3)
[2026-08-12 20:12:04] 2026-08-12 20:12:04 | INFO     | KDClient 14 round 8 completed (acc=0.2570, n=300)
[2026-08-12 20:12:04] 2026-08-12 20:12:04 | INFO     | KDClient 15 fit round 8 (tier=large)
[2026-08-12 20:12:04] 2026-08-12 20:12:04 | INFO     | KDClient 15 round 8 public KD (epochs=2)
[2026-08-12 20:14:05] 2026-08-12 20:14:05 | INFO     | KDClient 15 round 8 local training (epochs=3)
[2026-08-12 20:15:28] 2026-08-12 20:15:28 | INFO     | KDClient 15 round 8 completed (acc=0.1873, n=300)
[2026-08-12 20:15:28] 2026-08-12 20:15:28 | INFO     | KDClient 16 fit round 8 (tier=large)
[2026-08-12 20:15:28] 2026-08-12 20:15:28 | INFO     | KDClient 16 round 8 public KD (epochs=2)
[2026-08-12 20:17:28] 2026-08-12 20:17:28 | INFO     | KDClient 16 round 8 local training (epochs=3)
[2026-08-12 20:18:33] 2026-08-12 20:18:33 | INFO     | KDClient 16 round 8 completed (acc=0.2841, n=300)
[2026-08-12 20:18:33] 2026-08-12 20:18:33 | INFO     | KDClient 17 fit round 8 (tier=large)
[2026-08-12 20:18:33] 2026-08-12 20:18:33 | INFO     | KDClient 17 round 8 public KD (epochs=2)
[2026-08-12 20:19:40] 2026-08-12 20:19:40 | INFO     | KDClient 17 round 8 local training (epochs=3)
[2026-08-12 20:20:54] 2026-08-12 20:20:53 | INFO     | KDClient 17 round 8 completed (acc=0.2952, n=300)
[2026-08-12 20:20:54] 2026-08-12 20:20:53 | INFO     | KDClient 18 fit round 8 (tier=large)
[2026-08-12 20:20:54] 2026-08-12 20:20:53 | INFO     | KDClient 18 round 8 public KD (epochs=2)
[2026-08-12 20:22:18] 2026-08-12 20:22:18 | INFO     | KDClient 18 round 8 local training (epochs=3)
[2026-08-12 20:23:45] 2026-08-12 20:23:45 | INFO     | KDClient 18 round 8 completed (acc=0.2430, n=300)
[2026-08-12 20:23:45] 2026-08-12 20:23:45 | INFO     | KDClient 19 fit round 8 (tier=large)
[2026-08-12 20:23:45] 2026-08-12 20:23:45 | INFO     | KDClient 19 round 8 public KD (epochs=2)
[2026-08-12 20:25:07] 2026-08-12 20:25:07 | INFO     | KDClient 19 round 8 local training (epochs=3)
[2026-08-12 20:26:38] 2026-08-12 20:26:38 | INFO     | KDClient 19 round 8 completed (acc=0.2385, n=300)
[2026-08-12 20:26:39]   Round   8/40 | Avg: 0.2678 | Min: 0.1873 | Max: 0.3140
[2026-08-12 20:26:39] 2026-08-12 20:26:39 | INFO     | FEDMD — IID: round 9/40 starting
[2026-08-12 20:26:39] 2026-08-12 20:26:39 | INFO     | KDClient 0 fit round 9 (tier=small)
[2026-08-12 20:26:39] 2026-08-12 20:26:39 | INFO     | KDClient 0 round 9 public KD (epochs=2)
[2026-08-12 20:26:56] 2026-08-12 20:26:56 | INFO     | KDClient 0 round 9 local training (epochs=3)
[2026-08-12 20:27:23] 2026-08-12 20:27:23 | INFO     | KDClient 0 round 9 completed (acc=0.2642, n=300)
[2026-08-12 20:27:23] 2026-08-12 20:27:23 | INFO     | KDClient 1 fit round 9 (tier=small)
[2026-08-12 20:27:23] 2026-08-12 20:27:23 | INFO     | KDClient 1 round 9 public KD (epochs=2)
[2026-08-12 20:27:41] 2026-08-12 20:27:41 | INFO     | KDClient 1 round 9 local training (epochs=3)
[2026-08-12 20:28:05] 2026-08-12 20:28:05 | INFO     | KDClient 1 round 9 completed (acc=0.2947, n=300)
[2026-08-12 20:28:05] 2026-08-12 20:28:05 | INFO     | KDClient 2 fit round 9 (tier=small)
[2026-08-12 20:28:05] 2026-08-12 20:28:05 | INFO     | KDClient 2 round 9 public KD (epochs=2)
[2026-08-12 20:28:21] 2026-08-12 20:28:21 | INFO     | KDClient 2 round 9 local training (epochs=3)
[2026-08-12 20:28:49] 2026-08-12 20:28:49 | INFO     | KDClient 2 round 9 completed (acc=0.2869, n=300)
[2026-08-12 20:28:49] 2026-08-12 20:28:49 | INFO     | KDClient 3 fit round 9 (tier=small)
[2026-08-12 20:28:49] 2026-08-12 20:28:49 | INFO     | KDClient 3 round 9 public KD (epochs=2)
[2026-08-12 20:29:03] 2026-08-12 20:29:03 | INFO     | KDClient 3 round 9 local training (epochs=3)
[2026-08-12 20:29:26] 2026-08-12 20:29:26 | INFO     | KDClient 3 round 9 completed (acc=0.2257, n=300)
[2026-08-12 20:29:26] 2026-08-12 20:29:26 | INFO     | KDClient 4 fit round 9 (tier=small)
[2026-08-12 20:29:26] 2026-08-12 20:29:26 | INFO     | KDClient 4 round 9 public KD (epochs=2)
[2026-08-12 20:29:42] 2026-08-12 20:29:42 | INFO     | KDClient 4 round 9 local training (epochs=3)
[2026-08-12 20:30:05] 2026-08-12 20:30:05 | INFO     | KDClient 4 round 9 completed (acc=0.2875, n=300)
[2026-08-12 20:30:05] 2026-08-12 20:30:05 | INFO     | KDClient 5 fit round 9 (tier=small)
[2026-08-12 20:30:05] 2026-08-12 20:30:05 | INFO     | KDClient 5 round 9 public KD (epochs=2)
[2026-08-12 20:30:25] 2026-08-12 20:30:25 | INFO     | KDClient 5 round 9 local training (epochs=3)
[2026-08-12 20:30:53] 2026-08-12 20:30:53 | INFO     | KDClient 5 round 9 completed (acc=0.2717, n=300)
[2026-08-12 20:30:53] 2026-08-12 20:30:53 | INFO     | KDClient 6 fit round 9 (tier=small)
[2026-08-12 20:30:53] 2026-08-12 20:30:53 | INFO     | KDClient 6 round 9 public KD (epochs=2)
[2026-08-12 20:31:09] 2026-08-12 20:31:09 | INFO     | KDClient 6 round 9 local training (epochs=3)
[2026-08-12 20:31:27] 2026-08-12 20:31:27 | INFO     | KDClient 6 round 9 completed (acc=0.2977, n=300)
[2026-08-12 20:31:27] 2026-08-12 20:31:27 | INFO     | KDClient 7 fit round 9 (tier=medium)
[2026-08-12 20:31:27] 2026-08-12 20:31:27 | INFO     | KDClient 7 round 9 public KD (epochs=2)
[2026-08-12 20:32:34] 2026-08-12 20:32:34 | INFO     | KDClient 7 round 9 local training (epochs=3)
[2026-08-12 20:33:26] 2026-08-12 20:33:26 | INFO     | KDClient 7 round 9 completed (acc=0.2607, n=300)
[2026-08-12 20:33:26] 2026-08-12 20:33:26 | INFO     | KDClient 8 fit round 9 (tier=medium)
[2026-08-12 20:33:26] 2026-08-12 20:33:26 | INFO     | KDClient 8 round 9 public KD (epochs=2)
[2026-08-12 20:34:21] 2026-08-12 20:34:21 | INFO     | KDClient 8 round 9 local training (epochs=3)
[2026-08-12 20:35:21] 2026-08-12 20:35:21 | INFO     | KDClient 8 round 9 completed (acc=0.2993, n=300)
[2026-08-12 20:35:21] 2026-08-12 20:35:21 | INFO     | KDClient 9 fit round 9 (tier=medium)
[2026-08-12 20:35:21] 2026-08-12 20:35:21 | INFO     | KDClient 9 round 9 public KD (epochs=2)
[2026-08-12 20:36:07] 2026-08-12 20:36:07 | INFO     | KDClient 9 round 9 local training (epochs=3)
[2026-08-12 20:36:59] 2026-08-12 20:36:59 | INFO     | KDClient 9 round 9 completed (acc=0.3140, n=300)
[2026-08-12 20:36:59] 2026-08-12 20:36:59 | INFO     | KDClient 10 fit round 9 (tier=medium)
[2026-08-12 20:36:59] 2026-08-12 20:36:59 | INFO     | KDClient 10 round 9 public KD (epochs=2)
[2026-08-12 20:37:53] 2026-08-12 20:37:53 | INFO     | KDClient 10 round 9 local training (epochs=3)
[2026-08-12 20:38:41] 2026-08-12 20:38:41 | INFO     | KDClient 10 round 9 completed (acc=0.3070, n=300)
[2026-08-12 20:38:41] 2026-08-12 20:38:41 | INFO     | KDClient 11 fit round 9 (tier=medium)
[2026-08-12 20:38:41] 2026-08-12 20:38:41 | INFO     | KDClient 11 round 9 public KD (epochs=2)
[2026-08-12 20:39:34] 2026-08-12 20:39:34 | INFO     | KDClient 11 round 9 local training (epochs=3)
[2026-08-12 20:40:41] 2026-08-12 20:40:41 | INFO     | KDClient 11 round 9 completed (acc=0.2813, n=300)
[2026-08-12 20:40:41] 2026-08-12 20:40:41 | INFO     | KDClient 12 fit round 9 (tier=medium)
[2026-08-12 20:40:41] 2026-08-12 20:40:41 | INFO     | KDClient 12 round 9 public KD (epochs=2)
[2026-08-12 20:41:35] 2026-08-12 20:41:35 | INFO     | KDClient 12 round 9 local training (epochs=3)
[2026-08-12 20:42:29] 2026-08-12 20:42:29 | INFO     | KDClient 12 round 9 completed (acc=0.2765, n=300)
[2026-08-12 20:42:29] 2026-08-12 20:42:29 | INFO     | KDClient 13 fit round 9 (tier=medium)
[2026-08-12 20:42:29] 2026-08-12 20:42:29 | INFO     | KDClient 13 round 9 public KD (epochs=2)
[2026-08-12 20:43:37] 2026-08-12 20:43:37 | INFO     | KDClient 13 round 9 local training (epochs=3)
[2026-08-12 20:44:46] 2026-08-12 20:44:46 | INFO     | KDClient 13 round 9 completed (acc=0.3089, n=300)
[2026-08-12 20:44:46] 2026-08-12 20:44:46 | INFO     | KDClient 14 fit round 9 (tier=large)
[2026-08-12 20:44:46] 2026-08-12 20:44:46 | INFO     | KDClient 14 round 9 public KD (epochs=2)
[2026-08-12 20:46:08] 2026-08-12 20:46:08 | INFO     | KDClient 14 round 9 local training (epochs=3)
[2026-08-12 20:47:46] 2026-08-12 20:47:46 | INFO     | KDClient 14 round 9 completed (acc=0.2593, n=300)
[2026-08-12 20:47:46] 2026-08-12 20:47:46 | INFO     | KDClient 15 fit round 9 (tier=large)
[2026-08-12 20:47:46] 2026-08-12 20:47:46 | INFO     | KDClient 15 round 9 public KD (epochs=2)
[2026-08-12 20:49:09] 2026-08-12 20:49:09 | INFO     | KDClient 15 round 9 local training (epochs=3)
[2026-08-12 20:50:36] 2026-08-12 20:50:36 | INFO     | KDClient 15 round 9 completed (acc=0.2110, n=300)
[2026-08-12 20:50:36] 2026-08-12 20:50:36 | INFO     | KDClient 16 fit round 9 (tier=large)
[2026-08-12 20:50:36] 2026-08-12 20:50:36 | INFO     | KDClient 16 round 9 public KD (epochs=2)
[2026-08-12 20:51:53] 2026-08-12 20:51:53 | INFO     | KDClient 16 round 9 local training (epochs=3)
[2026-08-12 20:53:15] 2026-08-12 20:53:15 | INFO     | KDClient 16 round 9 completed (acc=0.2820, n=300)
[2026-08-12 20:53:15] 2026-08-12 20:53:15 | INFO     | KDClient 17 fit round 9 (tier=large)
[2026-08-12 20:53:15] 2026-08-12 20:53:15 | INFO     | KDClient 17 round 9 public KD (epochs=2)
[2026-08-12 20:54:25] 2026-08-12 20:54:25 | INFO     | KDClient 17 round 9 local training (epochs=3)
[2026-08-12 20:55:43] 2026-08-12 20:55:43 | INFO     | KDClient 17 round 9 completed (acc=0.2997, n=300)
[2026-08-12 20:55:43] 2026-08-12 20:55:43 | INFO     | KDClient 18 fit round 9 (tier=large)
[2026-08-12 20:55:43] 2026-08-12 20:55:43 | INFO     | KDClient 18 round 9 public KD (epochs=2)
[2026-08-12 20:56:58] 2026-08-12 20:56:58 | INFO     | KDClient 18 round 9 local training (epochs=3)
[2026-08-12 20:58:25] 2026-08-12 20:58:25 | INFO     | KDClient 18 round 9 completed (acc=0.2518, n=300)
[2026-08-12 20:58:25] 2026-08-12 20:58:25 | INFO     | KDClient 19 fit round 9 (tier=large)
[2026-08-12 20:58:25] 2026-08-12 20:58:25 | INFO     | KDClient 19 round 9 public KD (epochs=2)
[2026-08-12 21:00:32] 2026-08-12 21:00:31 | INFO     | KDClient 19 round 9 local training (epochs=3)
[2026-08-12 21:02:02] 2026-08-12 21:02:02 | INFO     | KDClient 19 round 9 completed (acc=0.2424, n=300)
[2026-08-12 21:02:02]   Round   9/40 | Avg: 0.2761 | Min: 0.2110 | Max: 0.3140
[2026-08-12 21:02:02] 2026-08-12 21:02:02 | INFO     | FEDMD — IID: round 10/40 starting
[2026-08-12 21:02:02] 2026-08-12 21:02:02 | INFO     | KDClient 0 fit round 10 (tier=small)
[2026-08-12 21:02:02] 2026-08-12 21:02:02 | INFO     | KDClient 0 round 10 public KD (epochs=2)
[2026-08-12 21:02:22] 2026-08-12 21:02:22 | INFO     | KDClient 0 round 10 local training (epochs=3)
[2026-08-12 21:02:48] 2026-08-12 21:02:48 | INFO     | KDClient 0 round 10 completed (acc=0.2742, n=300)
[2026-08-12 21:02:48] 2026-08-12 21:02:48 | INFO     | KDClient 1 fit round 10 (tier=small)
[2026-08-12 21:02:48] 2026-08-12 21:02:48 | INFO     | KDClient 1 round 10 public KD (epochs=2)
[2026-08-12 21:03:09] 2026-08-12 21:03:09 | INFO     | KDClient 1 round 10 local training (epochs=3)
[2026-08-12 21:03:31] 2026-08-12 21:03:31 | INFO     | KDClient 1 round 10 completed (acc=0.3142, n=300)
[2026-08-12 21:03:31] 2026-08-12 21:03:31 | INFO     | KDClient 2 fit round 10 (tier=small)
[2026-08-12 21:03:31] 2026-08-12 21:03:31 | INFO     | KDClient 2 round 10 public KD (epochs=2)
[2026-08-12 21:03:49] 2026-08-12 21:03:49 | INFO     | KDClient 2 round 10 local training (epochs=3)
[2026-08-12 21:04:13] 2026-08-12 21:04:13 | INFO     | KDClient 2 round 10 completed (acc=0.3026, n=300)
[2026-08-12 21:04:13] 2026-08-12 21:04:13 | INFO     | KDClient 3 fit round 10 (tier=small)
[2026-08-12 21:04:13] 2026-08-12 21:04:13 | INFO     | KDClient 3 round 10 public KD (epochs=2)
[2026-08-12 21:04:31] 2026-08-12 21:04:31 | INFO     | KDClient 3 round 10 local training (epochs=3)
[2026-08-12 21:04:54] 2026-08-12 21:04:54 | INFO     | KDClient 3 round 10 completed (acc=0.2381, n=300)
[2026-08-12 21:04:54] 2026-08-12 21:04:54 | INFO     | KDClient 4 fit round 10 (tier=small)
[2026-08-12 21:04:54] 2026-08-12 21:04:54 | INFO     | KDClient 4 round 10 public KD (epochs=2)
[2026-08-12 21:05:08] 2026-08-12 21:05:08 | INFO     | KDClient 4 round 10 local training (epochs=3)
[2026-08-12 21:05:36] 2026-08-12 21:05:36 | INFO     | KDClient 4 round 10 completed (acc=0.3104, n=300)
[2026-08-12 21:05:36] 2026-08-12 21:05:36 | INFO     | KDClient 5 fit round 10 (tier=small)
[2026-08-12 21:05:36] 2026-08-12 21:05:36 | INFO     | KDClient 5 round 10 public KD (epochs=2)
[2026-08-12 21:05:55] 2026-08-12 21:05:55 | INFO     | KDClient 5 round 10 local training (epochs=3)
[2026-08-12 21:06:22] 2026-08-12 21:06:22 | INFO     | KDClient 5 round 10 completed (acc=0.2792, n=300)
[2026-08-12 21:06:22] 2026-08-12 21:06:22 | INFO     | KDClient 6 fit round 10 (tier=small)
[2026-08-12 21:06:22] 2026-08-12 21:06:22 | INFO     | KDClient 6 round 10 public KD (epochs=2)
[2026-08-12 21:06:39] 2026-08-12 21:06:39 | INFO     | KDClient 6 round 10 local training (epochs=3)
[2026-08-12 21:07:02] 2026-08-12 21:07:02 | INFO     | KDClient 6 round 10 completed (acc=0.2969, n=300)
[2026-08-12 21:07:02] 2026-08-12 21:07:02 | INFO     | KDClient 7 fit round 10 (tier=medium)
[2026-08-12 21:07:02] 2026-08-12 21:07:02 | INFO     | KDClient 7 round 10 public KD (epochs=2)
[2026-08-12 21:07:53] 2026-08-12 21:07:53 | INFO     | KDClient 7 round 10 local training (epochs=3)
[2026-08-12 21:08:52] 2026-08-12 21:08:52 | INFO     | KDClient 7 round 10 completed (acc=0.2906, n=300)
[2026-08-12 21:08:52] 2026-08-12 21:08:52 | INFO     | KDClient 8 fit round 10 (tier=medium)
[2026-08-12 21:08:52] 2026-08-12 21:08:52 | INFO     | KDClient 8 round 10 public KD (epochs=2)
[2026-08-12 21:09:47] 2026-08-12 21:09:47 | INFO     | KDClient 8 round 10 local training (epochs=3)
[2026-08-12 21:10:43] 2026-08-12 21:10:43 | INFO     | KDClient 8 round 10 completed (acc=0.3089, n=300)
[2026-08-12 21:10:43] 2026-08-12 21:10:43 | INFO     | KDClient 9 fit round 10 (tier=medium)
[2026-08-12 21:10:43] 2026-08-12 21:10:43 | INFO     | KDClient 9 round 10 public KD (epochs=2)
[2026-08-12 21:11:29] 2026-08-12 21:11:29 | INFO     | KDClient 9 round 10 local training (epochs=3)
[2026-08-12 21:12:34] 2026-08-12 21:12:34 | INFO     | KDClient 9 round 10 completed (acc=0.3131, n=300)
[2026-08-12 21:12:34] 2026-08-12 21:12:34 | INFO     | KDClient 10 fit round 10 (tier=medium)
[2026-08-12 21:12:34] 2026-08-12 21:12:34 | INFO     | KDClient 10 round 10 public KD (epochs=2)
[2026-08-12 21:13:21] 2026-08-12 21:13:21 | INFO     | KDClient 10 round 10 local training (epochs=3)
[2026-08-12 21:14:07] 2026-08-12 21:14:07 | INFO     | KDClient 10 round 10 completed (acc=0.3261, n=300)
[2026-08-12 21:14:07] 2026-08-12 21:14:07 | INFO     | KDClient 11 fit round 10 (tier=medium)
[2026-08-12 21:14:07] 2026-08-12 21:14:07 | INFO     | KDClient 11 round 10 public KD (epochs=2)
[2026-08-12 21:15:17] 2026-08-12 21:15:17 | INFO     | KDClient 11 round 10 local training (epochs=3)
[2026-08-12 21:16:23] 2026-08-12 21:16:23 | INFO     | KDClient 11 round 10 completed (acc=0.2748, n=300)
[2026-08-12 21:16:23] 2026-08-12 21:16:23 | INFO     | KDClient 12 fit round 10 (tier=medium)
[2026-08-12 21:16:23] 2026-08-12 21:16:23 | INFO     | KDClient 12 round 10 public KD (epochs=2)
[2026-08-12 21:17:24] 2026-08-12 21:17:24 | INFO     | KDClient 12 round 10 local training (epochs=3)
[2026-08-12 21:18:22] 2026-08-12 21:18:22 | INFO     | KDClient 12 round 10 completed (acc=0.2848, n=300)
[2026-08-12 21:18:22] 2026-08-12 21:18:22 | INFO     | KDClient 13 fit round 10 (tier=medium)
[2026-08-12 21:18:22] 2026-08-12 21:18:22 | INFO     | KDClient 13 round 10 public KD (epochs=2)
[2026-08-12 21:19:17] 2026-08-12 21:19:17 | INFO     | KDClient 13 round 10 local training (epochs=3)
[2026-08-12 21:20:35] 2026-08-12 21:20:35 | INFO     | KDClient 13 round 10 completed (acc=0.3096, n=300)
[2026-08-12 21:20:35] 2026-08-12 21:20:35 | INFO     | KDClient 14 fit round 10 (tier=large)
[2026-08-12 21:20:35] 2026-08-12 21:20:35 | INFO     | KDClient 14 round 10 public KD (epochs=2)
[2026-08-12 21:21:53] 2026-08-12 21:21:53 | INFO     | KDClient 14 round 10 local training (epochs=3)
[2026-08-12 21:23:18] 2026-08-12 21:23:18 | INFO     | KDClient 14 round 10 completed (acc=0.2957, n=300)
[2026-08-12 21:23:18] 2026-08-12 21:23:18 | INFO     | KDClient 15 fit round 10 (tier=large)
[2026-08-12 21:23:18] 2026-08-12 21:23:18 | INFO     | KDClient 15 round 10 public KD (epochs=2)
[2026-08-12 21:24:39] 2026-08-12 21:24:38 | INFO     | KDClient 15 round 10 local training (epochs=3)
[2026-08-12 21:25:56] 2026-08-12 21:25:56 | INFO     | KDClient 15 round 10 completed (acc=0.2375, n=300)
[2026-08-12 21:25:56] 2026-08-12 21:25:56 | INFO     | KDClient 16 fit round 10 (tier=large)
[2026-08-12 21:25:56] 2026-08-12 21:25:56 | INFO     | KDClient 16 round 10 public KD (epochs=2)
[2026-08-12 21:27:03] 2026-08-12 21:27:03 | INFO     | KDClient 16 round 10 local training (epochs=3)
[2026-08-12 21:28:12] 2026-08-12 21:28:12 | INFO     | KDClient 16 round 10 completed (acc=0.2754, n=300)
[2026-08-12 21:28:12] 2026-08-12 21:28:12 | INFO     | KDClient 17 fit round 10 (tier=large)
[2026-08-12 21:28:12] 2026-08-12 21:28:12 | INFO     | KDClient 17 round 10 public KD (epochs=2)
[2026-08-12 21:29:21] 2026-08-12 21:29:21 | INFO     | KDClient 17 round 10 local training (epochs=3)
[2026-08-12 21:30:43] 2026-08-12 21:30:43 | INFO     | KDClient 17 round 10 completed (acc=0.3207, n=300)
[2026-08-12 21:30:43] 2026-08-12 21:30:43 | INFO     | KDClient 18 fit round 10 (tier=large)
[2026-08-12 21:30:43] 2026-08-12 21:30:43 | INFO     | KDClient 18 round 10 public KD (epochs=2)
[2026-08-12 21:31:54] 2026-08-12 21:31:54 | INFO     | KDClient 18 round 10 local training (epochs=3)
[2026-08-12 21:33:11] 2026-08-12 21:33:11 | INFO     | KDClient 18 round 10 completed (acc=0.2446, n=300)
[2026-08-12 21:33:11] 2026-08-12 21:33:11 | INFO     | KDClient 19 fit round 10 (tier=large)
[2026-08-12 21:33:11] 2026-08-12 21:33:11 | INFO     | KDClient 19 round 10 public KD (epochs=2)
[2026-08-12 21:35:18] 2026-08-12 21:35:18 | INFO     | KDClient 19 round 10 local training (epochs=3)
[2026-08-12 21:36:43] 2026-08-12 21:36:43 | INFO     | KDClient 19 round 10 completed (acc=0.2736, n=300)
[2026-08-12 21:36:43]   Round  10/40 | Avg: 0.2886 | Min: 0.2375 | Max: 0.3261
[2026-08-12 21:36:43] 2026-08-12 21:36:43 | INFO     | FEDMD — IID: round 11/40 starting
[2026-08-12 21:36:43] 2026-08-12 21:36:43 | INFO     | KDClient 0 fit round 11 (tier=small)
[2026-08-12 21:36:43] 2026-08-12 21:36:43 | INFO     | KDClient 0 round 11 public KD (epochs=2)
[2026-08-12 21:37:01] 2026-08-12 21:37:01 | INFO     | KDClient 0 round 11 local training (epochs=3)
[2026-08-12 21:37:30] 2026-08-12 21:37:30 | INFO     | KDClient 0 round 11 completed (acc=0.2632, n=300)
[2026-08-12 21:37:30] 2026-08-12 21:37:30 | INFO     | KDClient 1 fit round 11 (tier=small)
[2026-08-12 21:37:30] 2026-08-12 21:37:30 | INFO     | KDClient 1 round 11 public KD (epochs=2)
[2026-08-12 21:37:45] 2026-08-12 21:37:45 | INFO     | KDClient 1 round 11 local training (epochs=3)
[2026-08-12 21:38:08] 2026-08-12 21:38:08 | INFO     | KDClient 1 round 11 completed (acc=0.3141, n=300)
[2026-08-12 21:38:08] 2026-08-12 21:38:08 | INFO     | KDClient 2 fit round 11 (tier=small)
[2026-08-12 21:38:08] 2026-08-12 21:38:08 | INFO     | KDClient 2 round 11 public KD (epochs=2)
[2026-08-12 21:38:25] 2026-08-12 21:38:25 | INFO     | KDClient 2 round 11 local training (epochs=3)
[2026-08-12 21:38:50] 2026-08-12 21:38:50 | INFO     | KDClient 2 round 11 completed (acc=0.2907, n=300)
[2026-08-12 21:38:50] 2026-08-12 21:38:50 | INFO     | KDClient 3 fit round 11 (tier=small)
[2026-08-12 21:38:50] 2026-08-12 21:38:50 | INFO     | KDClient 3 round 11 public KD (epochs=2)
[2026-08-12 21:39:09] 2026-08-12 21:39:09 | INFO     | KDClient 3 round 11 local training (epochs=3)
[2026-08-12 21:39:39] 2026-08-12 21:39:39 | INFO     | KDClient 3 round 11 completed (acc=0.2489, n=300)
[2026-08-12 21:39:39] 2026-08-12 21:39:39 | INFO     | KDClient 4 fit round 11 (tier=small)
[2026-08-12 21:39:39] 2026-08-12 21:39:39 | INFO     | KDClient 4 round 11 public KD (epochs=2)
[2026-08-12 21:39:56] 2026-08-12 21:39:56 | INFO     | KDClient 4 round 11 local training (epochs=3)
[2026-08-12 21:40:19] 2026-08-12 21:40:19 | INFO     | KDClient 4 round 11 completed (acc=0.3120, n=300)
[2026-08-12 21:40:19] 2026-08-12 21:40:19 | INFO     | KDClient 5 fit round 11 (tier=small)
[2026-08-12 21:40:19] 2026-08-12 21:40:19 | INFO     | KDClient 5 round 11 public KD (epochs=2)
[2026-08-12 21:40:33] 2026-08-12 21:40:33 | INFO     | KDClient 5 round 11 local training (epochs=3)
[2026-08-12 21:40:59] 2026-08-12 21:40:59 | INFO     | KDClient 5 round 11 completed (acc=0.2873, n=300)
[2026-08-12 21:40:59] 2026-08-12 21:40:59 | INFO     | KDClient 6 fit round 11 (tier=small)
[2026-08-12 21:40:59] 2026-08-12 21:40:59 | INFO     | KDClient 6 round 11 public KD (epochs=2)
[2026-08-12 21:41:16] 2026-08-12 21:41:16 | INFO     | KDClient 6 round 11 local training (epochs=3)
[2026-08-12 21:41:39] 2026-08-12 21:41:39 | INFO     | KDClient 6 round 11 completed (acc=0.2963, n=300)
[2026-08-12 21:41:39] 2026-08-12 21:41:39 | INFO     | KDClient 7 fit round 11 (tier=medium)
[2026-08-12 21:41:39] 2026-08-12 21:41:39 | INFO     | KDClient 7 round 11 public KD (epochs=2)
[2026-08-12 21:42:37] 2026-08-12 21:42:37 | INFO     | KDClient 7 round 11 local training (epochs=3)
[2026-08-12 21:43:57] 2026-08-12 21:43:57 | INFO     | KDClient 7 round 11 completed (acc=0.3030, n=300)
[2026-08-12 21:43:57] 2026-08-12 21:43:57 | INFO     | KDClient 8 fit round 11 (tier=medium)
[2026-08-12 21:43:57] 2026-08-12 21:43:57 | INFO     | KDClient 8 round 11 public KD (epochs=2)
[2026-08-12 21:45:08] 2026-08-12 21:45:08 | INFO     | KDClient 8 round 11 local training (epochs=3)
[2026-08-12 21:46:12] 2026-08-12 21:46:12 | INFO     | KDClient 8 round 11 completed (acc=0.3107, n=300)
[2026-08-12 21:46:12] 2026-08-12 21:46:12 | INFO     | KDClient 9 fit round 11 (tier=medium)
[2026-08-12 21:46:12] 2026-08-12 21:46:12 | INFO     | KDClient 9 round 11 public KD (epochs=2)
[2026-08-12 21:47:04] 2026-08-12 21:47:04 | INFO     | KDClient 9 round 11 local training (epochs=3)
[2026-08-12 21:48:02] 2026-08-12 21:48:02 | INFO     | KDClient 9 round 11 completed (acc=0.3202, n=300)
[2026-08-12 21:48:02] 2026-08-12 21:48:02 | INFO     | KDClient 10 fit round 11 (tier=medium)
[2026-08-12 21:48:02] 2026-08-12 21:48:02 | INFO     | KDClient 10 round 11 public KD (epochs=2)
[2026-08-12 21:49:12] 2026-08-12 21:49:12 | INFO     | KDClient 10 round 11 local training (epochs=3)
[2026-08-12 21:50:05] 2026-08-12 21:50:05 | INFO     | KDClient 10 round 11 completed (acc=0.3339, n=300)
[2026-08-12 21:50:05] 2026-08-12 21:50:05 | INFO     | KDClient 11 fit round 11 (tier=medium)
[2026-08-12 21:50:05] 2026-08-12 21:50:05 | INFO     | KDClient 11 round 11 public KD (epochs=2)
[2026-08-12 21:50:53] 2026-08-12 21:50:53 | INFO     | KDClient 11 round 11 local training (epochs=3)
[2026-08-12 21:51:44] 2026-08-12 21:51:44 | INFO     | KDClient 11 round 11 completed (acc=0.2860, n=300)
[2026-08-12 21:51:44] 2026-08-12 21:51:44 | INFO     | KDClient 12 fit round 11 (tier=medium)
[2026-08-12 21:51:44] 2026-08-12 21:51:44 | INFO     | KDClient 12 round 11 public KD (epochs=2)
[2026-08-12 21:52:40] 2026-08-12 21:52:40 | INFO     | KDClient 12 round 11 local training (epochs=3)
[2026-08-12 21:53:44] 2026-08-12 21:53:44 | INFO     | KDClient 12 round 11 completed (acc=0.2899, n=300)
[2026-08-12 21:53:44] 2026-08-12 21:53:44 | INFO     | KDClient 13 fit round 11 (tier=medium)
[2026-08-12 21:53:44] 2026-08-12 21:53:44 | INFO     | KDClient 13 round 11 public KD (epochs=2)
[2026-08-12 21:54:44] 2026-08-12 21:54:43 | INFO     | KDClient 13 round 11 local training (epochs=3)
[2026-08-12 21:55:40] 2026-08-12 21:55:40 | INFO     | KDClient 13 round 11 completed (acc=0.3149, n=300)
[2026-08-12 21:55:40] 2026-08-12 21:55:40 | INFO     | KDClient 14 fit round 11 (tier=large)
[2026-08-12 21:55:40] 2026-08-12 21:55:40 | INFO     | KDClient 14 round 11 public KD (epochs=2)
[2026-08-12 21:57:01] 2026-08-12 21:57:01 | INFO     | KDClient 14 round 11 local training (epochs=3)
[2026-08-12 21:58:27] 2026-08-12 21:58:27 | INFO     | KDClient 14 round 11 completed (acc=0.3035, n=300)
[2026-08-12 21:58:27] 2026-08-12 21:58:27 | INFO     | KDClient 15 fit round 11 (tier=large)
[2026-08-12 21:58:27] 2026-08-12 21:58:27 | INFO     | KDClient 15 round 11 public KD (epochs=2)
[2026-08-12 21:59:45] 2026-08-12 21:59:45 | INFO     | KDClient 15 round 11 local training (epochs=3)
[2026-08-12 22:00:54] 2026-08-12 22:00:54 | INFO     | KDClient 15 round 11 completed (acc=0.2478, n=300)
[2026-08-12 22:00:54] 2026-08-12 22:00:54 | INFO     | KDClient 16 fit round 11 (tier=large)
[2026-08-12 22:00:54] 2026-08-12 22:00:54 | INFO     | KDClient 16 round 11 public KD (epochs=2)
[2026-08-12 22:02:14] 2026-08-12 22:02:14 | INFO     | KDClient 16 round 11 local training (epochs=3)
[2026-08-12 22:03:35] 2026-08-12 22:03:35 | INFO     | KDClient 16 round 11 completed (acc=0.2867, n=300)
[2026-08-12 22:03:35] 2026-08-12 22:03:35 | INFO     | KDClient 17 fit round 11 (tier=large)
[2026-08-12 22:03:35] 2026-08-12 22:03:35 | INFO     | KDClient 17 round 11 public KD (epochs=2)
[2026-08-12 22:04:52] 2026-08-12 22:04:52 | INFO     | KDClient 17 round 11 local training (epochs=3)
[2026-08-12 22:06:09] 2026-08-12 22:06:09 | INFO     | KDClient 17 round 11 completed (acc=0.3287, n=300)
[2026-08-12 22:06:09] 2026-08-12 22:06:09 | INFO     | KDClient 18 fit round 11 (tier=large)
[2026-08-12 22:06:09] 2026-08-12 22:06:09 | INFO     | KDClient 18 round 11 public KD (epochs=2)
[2026-08-12 22:07:32] 2026-08-12 22:07:32 | INFO     | KDClient 18 round 11 local training (epochs=3)
[2026-08-12 22:08:41] 2026-08-12 22:08:41 | INFO     | KDClient 18 round 11 completed (acc=0.2582, n=300)
[2026-08-12 22:08:41] 2026-08-12 22:08:41 | INFO     | KDClient 19 fit round 11 (tier=large)
[2026-08-12 22:08:41] 2026-08-12 22:08:41 | INFO     | KDClient 19 round 11 public KD (epochs=2)
[2026-08-12 22:09:58] 2026-08-12 22:09:58 | INFO     | KDClient 19 round 11 local training (epochs=3)
[2026-08-12 22:11:17] 2026-08-12 22:11:17 | INFO     | KDClient 19 round 11 completed (acc=0.2591, n=300)
[2026-08-12 22:11:17]   Round  11/40 | Avg: 0.2928 | Min: 0.2478 | Max: 0.3339
[2026-08-12 22:11:17] 2026-08-12 22:11:17 | INFO     | FEDMD — IID: round 12/40 starting
[2026-08-12 22:11:17] 2026-08-12 22:11:17 | INFO     | KDClient 0 fit round 12 (tier=small)
[2026-08-12 22:11:17] 2026-08-12 22:11:17 | INFO     | KDClient 0 round 12 public KD (epochs=2)
[2026-08-12 22:11:32] 2026-08-12 22:11:32 | INFO     | KDClient 0 round 12 local training (epochs=3)
[2026-08-12 22:11:53] 2026-08-12 22:11:53 | INFO     | KDClient 0 round 12 completed (acc=0.2759, n=300)
[2026-08-12 22:11:53] 2026-08-12 22:11:53 | INFO     | KDClient 1 fit round 12 (tier=small)
[2026-08-12 22:11:53] 2026-08-12 22:11:53 | INFO     | KDClient 1 round 12 public KD (epochs=2)
[2026-08-12 22:12:11] 2026-08-12 22:12:11 | INFO     | KDClient 1 round 12 local training (epochs=3)
[2026-08-12 22:12:44] 2026-08-12 22:12:44 | INFO     | KDClient 1 round 12 completed (acc=0.3212, n=300)
[2026-08-12 22:12:44] 2026-08-12 22:12:44 | INFO     | KDClient 2 fit round 12 (tier=small)
[2026-08-12 22:12:44] 2026-08-12 22:12:44 | INFO     | KDClient 2 round 12 public KD (epochs=2)
[2026-08-12 22:13:03] 2026-08-12 22:13:03 | INFO     | KDClient 2 round 12 local training (epochs=3)
[2026-08-12 22:13:26] 2026-08-12 22:13:26 | INFO     | KDClient 2 round 12 completed (acc=0.2902, n=300)
[2026-08-12 22:13:26] 2026-08-12 22:13:26 | INFO     | KDClient 3 fit round 12 (tier=small)
[2026-08-12 22:13:26] 2026-08-12 22:13:26 | INFO     | KDClient 3 round 12 public KD (epochs=2)
[2026-08-12 22:13:45] 2026-08-12 22:13:45 | INFO     | KDClient 3 round 12 local training (epochs=3)
[2026-08-12 22:14:05] 2026-08-12 22:14:05 | INFO     | KDClient 3 round 12 completed (acc=0.2497, n=300)
[2026-08-12 22:14:05] 2026-08-12 22:14:05 | INFO     | KDClient 4 fit round 12 (tier=small)
[2026-08-12 22:14:05] 2026-08-12 22:14:05 | INFO     | KDClient 4 round 12 public KD (epochs=2)
[2026-08-12 22:14:24] 2026-08-12 22:14:24 | INFO     | KDClient 4 round 12 local training (epochs=3)
[2026-08-12 22:14:56] 2026-08-12 22:14:56 | INFO     | KDClient 4 round 12 completed (acc=0.3138, n=300)
[2026-08-12 22:14:56] 2026-08-12 22:14:56 | INFO     | KDClient 5 fit round 12 (tier=small)
[2026-08-12 22:14:56] 2026-08-12 22:14:56 | INFO     | KDClient 5 round 12 public KD (epochs=2)
[2026-08-12 22:15:12] 2026-08-12 22:15:12 | INFO     | KDClient 5 round 12 local training (epochs=3)
[2026-08-12 22:15:36] 2026-08-12 22:15:36 | INFO     | KDClient 5 round 12 completed (acc=0.2944, n=300)
[2026-08-12 22:15:36] 2026-08-12 22:15:36 | INFO     | KDClient 6 fit round 12 (tier=small)
[2026-08-12 22:15:36] 2026-08-12 22:15:36 | INFO     | KDClient 6 round 12 public KD (epochs=2)
[2026-08-12 22:15:52] 2026-08-12 22:15:52 | INFO     | KDClient 6 round 12 local training (epochs=3)
[2026-08-12 22:16:23] 2026-08-12 22:16:23 | INFO     | KDClient 6 round 12 completed (acc=0.3003, n=300)
[2026-08-12 22:16:23] 2026-08-12 22:16:23 | INFO     | KDClient 7 fit round 12 (tier=medium)
[2026-08-12 22:16:23] 2026-08-12 22:16:23 | INFO     | KDClient 7 round 12 public KD (epochs=2)
[2026-08-12 22:17:35] 2026-08-12 22:17:35 | INFO     | KDClient 7 round 12 local training (epochs=3)
[2026-08-12 22:18:31] 2026-08-12 22:18:31 | INFO     | KDClient 7 round 12 completed (acc=0.3060, n=300)
[2026-08-12 22:18:31] 2026-08-12 22:18:31 | INFO     | KDClient 8 fit round 12 (tier=medium)
[2026-08-12 22:18:31] 2026-08-12 22:18:31 | INFO     | KDClient 8 round 12 public KD (epochs=2)
[2026-08-12 22:19:40] 2026-08-12 22:19:40 | INFO     | KDClient 8 round 12 local training (epochs=3)
[2026-08-12 22:20:35] 2026-08-12 22:20:35 | INFO     | KDClient 8 round 12 completed (acc=0.3248, n=300)
[2026-08-12 22:20:35] 2026-08-12 22:20:35 | INFO     | KDClient 9 fit round 12 (tier=medium)
[2026-08-12 22:20:35] 2026-08-12 22:20:35 | INFO     | KDClient 9 round 12 public KD (epochs=2)
[2026-08-12 22:21:22] 2026-08-12 22:21:22 | INFO     | KDClient 9 round 12 local training (epochs=3)
[2026-08-12 22:22:20] 2026-08-12 22:22:20 | INFO     | KDClient 9 round 12 completed (acc=0.3280, n=300)
[2026-08-12 22:22:20] 2026-08-12 22:22:20 | INFO     | KDClient 10 fit round 12 (tier=medium)
[2026-08-12 22:22:20] 2026-08-12 22:22:20 | INFO     | KDClient 10 round 12 public KD (epochs=2)
[2026-08-12 22:23:15] 2026-08-12 22:23:15 | INFO     | KDClient 10 round 12 local training (epochs=3)
[2026-08-12 22:24:15] 2026-08-12 22:24:15 | INFO     | KDClient 10 round 12 completed (acc=0.3429, n=300)
[2026-08-12 22:24:15] 2026-08-12 22:24:15 | INFO     | KDClient 11 fit round 12 (tier=medium)
[2026-08-12 22:24:15] 2026-08-12 22:24:15 | INFO     | KDClient 11 round 12 public KD (epochs=2)
[2026-08-12 22:25:10] 2026-08-12 22:25:10 | INFO     | KDClient 11 round 12 local training (epochs=3)
[2026-08-12 22:25:57] 2026-08-12 22:25:57 | INFO     | KDClient 11 round 12 completed (acc=0.2966, n=300)
[2026-08-12 22:25:57] 2026-08-12 22:25:57 | INFO     | KDClient 12 fit round 12 (tier=medium)
[2026-08-12 22:25:57] 2026-08-12 22:25:57 | INFO     | KDClient 12 round 12 public KD (epochs=2)
[2026-08-12 22:26:49] 2026-08-12 22:26:49 | INFO     | KDClient 12 round 12 local training (epochs=3)
[2026-08-12 22:27:48] 2026-08-12 22:27:48 | INFO     | KDClient 12 round 12 completed (acc=0.2845, n=300)
[2026-08-12 22:27:48] 2026-08-12 22:27:48 | INFO     | KDClient 13 fit round 12 (tier=medium)
[2026-08-12 22:27:48] 2026-08-12 22:27:48 | INFO     | KDClient 13 round 12 public KD (epochs=2)
[2026-08-12 22:28:51] 2026-08-12 22:28:51 | INFO     | KDClient 13 round 12 local training (epochs=3)
[2026-08-12 22:30:05] 2026-08-12 22:30:05 | INFO     | KDClient 13 round 12 completed (acc=0.3219, n=300)
[2026-08-12 22:30:05] 2026-08-12 22:30:05 | INFO     | KDClient 14 fit round 12 (tier=large)
[2026-08-12 22:30:05] 2026-08-12 22:30:05 | INFO     | KDClient 14 round 12 public KD (epochs=2)
[2026-08-12 22:31:18] 2026-08-12 22:31:18 | INFO     | KDClient 14 round 12 local training (epochs=3)
[2026-08-12 22:32:36] 2026-08-12 22:32:36 | INFO     | KDClient 14 round 12 completed (acc=0.3172, n=300)
[2026-08-12 22:32:36] 2026-08-12 22:32:36 | INFO     | KDClient 15 fit round 12 (tier=large)
[2026-08-12 22:32:36] 2026-08-12 22:32:36 | INFO     | KDClient 15 round 12 public KD (epochs=2)
[2026-08-12 22:33:51] 2026-08-12 22:33:51 | INFO     | KDClient 15 round 12 local training (epochs=3)
[2026-08-12 22:35:16] 2026-08-12 22:35:16 | INFO     | KDClient 15 round 12 completed (acc=0.2784, n=300)
[2026-08-12 22:35:16] 2026-08-12 22:35:16 | INFO     | KDClient 16 fit round 12 (tier=large)
[2026-08-12 22:35:16] 2026-08-12 22:35:16 | INFO     | KDClient 16 round 12 public KD (epochs=2)
[2026-08-12 22:37:14] 2026-08-12 22:37:14 | INFO     | KDClient 16 round 12 local training (epochs=3)
[2026-08-12 22:38:31] 2026-08-12 22:38:31 | INFO     | KDClient 16 round 12 completed (acc=0.2934, n=300)
[2026-08-12 22:38:31] 2026-08-12 22:38:31 | INFO     | KDClient 17 fit round 12 (tier=large)
[2026-08-12 22:38:31] 2026-08-12 22:38:31 | INFO     | KDClient 17 round 12 public KD (epochs=2)
[2026-08-12 22:39:50] 2026-08-12 22:39:50 | INFO     | KDClient 17 round 12 local training (epochs=3)
[2026-08-12 22:41:14] 2026-08-12 22:41:14 | INFO     | KDClient 17 round 12 completed (acc=0.3174, n=300)
[2026-08-12 22:41:14] 2026-08-12 22:41:14 | INFO     | KDClient 18 fit round 12 (tier=large)
[2026-08-12 22:41:14] 2026-08-12 22:41:14 | INFO     | KDClient 18 round 12 public KD (epochs=2)
[2026-08-12 22:42:35] 2026-08-12 22:42:35 | INFO     | KDClient 18 round 12 local training (epochs=3)
[2026-08-12 22:43:49] 2026-08-12 22:43:49 | INFO     | KDClient 18 round 12 completed (acc=0.2620, n=300)
[2026-08-12 22:43:49] 2026-08-12 22:43:49 | INFO     | KDClient 19 fit round 12 (tier=large)
[2026-08-12 22:43:49] 2026-08-12 22:43:49 | INFO     | KDClient 19 round 12 public KD (epochs=2)
[2026-08-12 22:45:05] 2026-08-12 22:45:05 | INFO     | KDClient 19 round 12 local training (epochs=3)
[2026-08-12 22:46:21] 2026-08-12 22:46:21 | INFO     | KDClient 19 round 12 completed (acc=0.2909, n=300)
[2026-08-12 22:46:22]   Round  12/40 | Avg: 0.3005 | Min: 0.2497 | Max: 0.3429
[2026-08-12 22:46:22] 2026-08-12 22:46:22 | INFO     | FEDMD — IID: round 13/40 starting
[2026-08-12 22:46:22] 2026-08-12 22:46:22 | INFO     | KDClient 0 fit round 13 (tier=small)
[2026-08-12 22:46:22] 2026-08-12 22:46:22 | INFO     | KDClient 0 round 13 public KD (epochs=2)
[2026-08-12 22:46:39] 2026-08-12 22:46:39 | INFO     | KDClient 0 round 13 local training (epochs=3)
[2026-08-12 22:46:59] 2026-08-12 22:46:59 | INFO     | KDClient 0 round 13 completed (acc=0.2811, n=300)
[2026-08-12 22:46:59] 2026-08-12 22:46:59 | INFO     | KDClient 1 fit round 13 (tier=small)
[2026-08-12 22:46:59] 2026-08-12 22:46:59 | INFO     | KDClient 1 round 13 public KD (epochs=2)
[2026-08-12 22:47:15] 2026-08-12 22:47:15 | INFO     | KDClient 1 round 13 local training (epochs=3)
[2026-08-12 22:47:41] 2026-08-12 22:47:41 | INFO     | KDClient 1 round 13 completed (acc=0.3188, n=300)
[2026-08-12 22:47:41] 2026-08-12 22:47:41 | INFO     | KDClient 2 fit round 13 (tier=small)
[2026-08-12 22:47:41] 2026-08-12 22:47:41 | INFO     | KDClient 2 round 13 public KD (epochs=2)
[2026-08-12 22:47:57] 2026-08-12 22:47:57 | INFO     | KDClient 2 round 13 local training (epochs=3)
[2026-08-12 22:48:17] 2026-08-12 22:48:17 | INFO     | KDClient 2 round 13 completed (acc=0.2962, n=300)
[2026-08-12 22:48:17] 2026-08-12 22:48:17 | INFO     | KDClient 3 fit round 13 (tier=small)
[2026-08-12 22:48:17] 2026-08-12 22:48:17 | INFO     | KDClient 3 round 13 public KD (epochs=2)
[2026-08-12 22:48:35] 2026-08-12 22:48:35 | INFO     | KDClient 3 round 13 local training (epochs=3)
[2026-08-12 22:48:56] 2026-08-12 22:48:56 | INFO     | KDClient 3 round 13 completed (acc=0.2646, n=300)
[2026-08-12 22:48:56] 2026-08-12 22:48:56 | INFO     | KDClient 4 fit round 13 (tier=small)
[2026-08-12 22:48:56] 2026-08-12 22:48:56 | INFO     | KDClient 4 round 13 public KD (epochs=2)
[2026-08-12 22:49:15] 2026-08-12 22:49:15 | INFO     | KDClient 4 round 13 local training (epochs=3)
[2026-08-12 22:49:44] 2026-08-12 22:49:44 | INFO     | KDClient 4 round 13 completed (acc=0.3083, n=300)
[2026-08-12 22:49:44] 2026-08-12 22:49:44 | INFO     | KDClient 5 fit round 13 (tier=small)
[2026-08-12 22:49:44] 2026-08-12 22:49:44 | INFO     | KDClient 5 round 13 public KD (epochs=2)
[2026-08-12 22:50:03] 2026-08-12 22:50:03 | INFO     | KDClient 5 round 13 local training (epochs=3)
[2026-08-12 22:50:29] 2026-08-12 22:50:29 | INFO     | KDClient 5 round 13 completed (acc=0.2912, n=300)
[2026-08-12 22:50:29] 2026-08-12 22:50:29 | INFO     | KDClient 6 fit round 13 (tier=small)
[2026-08-12 22:50:29] 2026-08-12 22:50:29 | INFO     | KDClient 6 round 13 public KD (epochs=2)
[2026-08-12 22:50:46] 2026-08-12 22:50:46 | INFO     | KDClient 6 round 13 local training (epochs=3)
[2026-08-12 22:51:08] 2026-08-12 22:51:08 | INFO     | KDClient 6 round 13 completed (acc=0.3053, n=300)
[2026-08-12 22:51:08] 2026-08-12 22:51:08 | INFO     | KDClient 7 fit round 13 (tier=medium)
[2026-08-12 22:51:08] 2026-08-12 22:51:08 | INFO     | KDClient 7 round 13 public KD (epochs=2)
[2026-08-12 22:52:00] 2026-08-12 22:52:00 | INFO     | KDClient 7 round 13 local training (epochs=3)
[2026-08-12 22:52:56] 2026-08-12 22:52:56 | INFO     | KDClient 7 round 13 completed (acc=0.3134, n=300)
[2026-08-12 22:52:56] 2026-08-12 22:52:56 | INFO     | KDClient 8 fit round 13 (tier=medium)
[2026-08-12 22:52:56] 2026-08-12 22:52:56 | INFO     | KDClient 8 round 13 public KD (epochs=2)
[2026-08-12 22:54:02] 2026-08-12 22:54:02 | INFO     | KDClient 8 round 13 local training (epochs=3)
[2026-08-12 22:55:05] 2026-08-12 22:55:05 | INFO     | KDClient 8 round 13 completed (acc=0.3304, n=300)
[2026-08-12 22:55:05] 2026-08-12 22:55:05 | INFO     | KDClient 9 fit round 13 (tier=medium)
[2026-08-12 22:55:05] 2026-08-12 22:55:05 | INFO     | KDClient 9 round 13 public KD (epochs=2)
[2026-08-12 22:56:01] 2026-08-12 22:56:01 | INFO     | KDClient 9 round 13 local training (epochs=3)
[2026-08-12 22:56:55] 2026-08-12 22:56:55 | INFO     | KDClient 9 round 13 completed (acc=0.3236, n=300)
[2026-08-12 22:56:55] 2026-08-12 22:56:55 | INFO     | KDClient 10 fit round 13 (tier=medium)
[2026-08-12 22:56:55] 2026-08-12 22:56:55 | INFO     | KDClient 10 round 13 public KD (epochs=2)
[2026-08-12 22:57:56] 2026-08-12 22:57:56 | INFO     | KDClient 10 round 13 local training (epochs=3)
[2026-08-12 22:58:44] 2026-08-12 22:58:44 | INFO     | KDClient 10 round 13 completed (acc=0.3337, n=300)
[2026-08-12 22:58:44] 2026-08-12 22:58:44 | INFO     | KDClient 11 fit round 13 (tier=medium)
[2026-08-12 22:58:44] 2026-08-12 22:58:44 | INFO     | KDClient 11 round 13 public KD (epochs=2)
[2026-08-12 22:59:37] 2026-08-12 22:59:37 | INFO     | KDClient 11 round 13 local training (epochs=3)
[2026-08-12 23:01:01] 2026-08-12 23:01:01 | INFO     | KDClient 11 round 13 completed (acc=0.3096, n=300)
[2026-08-12 23:01:01] 2026-08-12 23:01:01 | INFO     | KDClient 12 fit round 13 (tier=medium)
[2026-08-12 23:01:01] 2026-08-12 23:01:01 | INFO     | KDClient 12 round 13 public KD (epochs=2)
[2026-08-12 23:01:56] 2026-08-12 23:01:56 | INFO     | KDClient 12 round 13 local training (epochs=3)
[2026-08-12 23:03:10] 2026-08-12 23:03:10 | INFO     | KDClient 12 round 13 completed (acc=0.2958, n=300)
[2026-08-12 23:03:10] 2026-08-12 23:03:10 | INFO     | KDClient 13 fit round 13 (tier=medium)
[2026-08-12 23:03:10] 2026-08-12 23:03:10 | INFO     | KDClient 13 round 13 public KD (epochs=2)
[2026-08-12 23:04:11] 2026-08-12 23:04:11 | INFO     | KDClient 13 round 13 local training (epochs=3)
[2026-08-12 23:04:55] 2026-08-12 23:04:55 | INFO     | KDClient 13 round 13 completed (acc=0.3290, n=300)
[2026-08-12 23:04:55] 2026-08-12 23:04:55 | INFO     | KDClient 14 fit round 13 (tier=large)
[2026-08-12 23:04:55] 2026-08-12 23:04:55 | INFO     | KDClient 14 round 13 public KD (epochs=2)
[2026-08-12 23:06:08] 2026-08-12 23:06:08 | INFO     | KDClient 14 round 13 local training (epochs=3)
[2026-08-12 23:07:24] 2026-08-12 23:07:24 | INFO     | KDClient 14 round 13 completed (acc=0.3264, n=300)
[2026-08-12 23:07:24] 2026-08-12 23:07:24 | INFO     | KDClient 15 fit round 13 (tier=large)
[2026-08-12 23:07:24] 2026-08-12 23:07:24 | INFO     | KDClient 15 round 13 public KD (epochs=2)
[2026-08-12 23:08:34] 2026-08-12 23:08:34 | INFO     | KDClient 15 round 13 local training (epochs=3)
[2026-08-12 23:09:56] 2026-08-12 23:09:55 | INFO     | KDClient 15 round 13 completed (acc=0.2779, n=300)
[2026-08-12 23:09:56] 2026-08-12 23:09:55 | INFO     | KDClient 16 fit round 13 (tier=large)
[2026-08-12 23:09:56] 2026-08-12 23:09:55 | INFO     | KDClient 16 round 13 public KD (epochs=2)
[2026-08-12 23:11:20] 2026-08-12 23:11:20 | INFO     | KDClient 16 round 13 local training (epochs=3)
[2026-08-12 23:12:55] 2026-08-12 23:12:55 | INFO     | KDClient 16 round 13 completed (acc=0.3015, n=300)
[2026-08-12 23:12:55] 2026-08-12 23:12:55 | INFO     | KDClient 17 fit round 13 (tier=large)
[2026-08-12 23:12:55] 2026-08-12 23:12:55 | INFO     | KDClient 17 round 13 public KD (epochs=2)
[2026-08-12 23:14:22] 2026-08-12 23:14:22 | INFO     | KDClient 17 round 13 local training (epochs=3)
[2026-08-12 23:15:50] 2026-08-12 23:15:50 | INFO     | KDClient 17 round 13 completed (acc=0.3430, n=300)
[2026-08-12 23:15:50] 2026-08-12 23:15:50 | INFO     | KDClient 18 fit round 13 (tier=large)
[2026-08-12 23:15:50] 2026-08-12 23:15:50 | INFO     | KDClient 18 round 13 public KD (epochs=2)
[2026-08-12 23:17:16] 2026-08-12 23:17:16 | INFO     | KDClient 18 round 13 local training (epochs=3)
[2026-08-12 23:18:40] 2026-08-12 23:18:40 | INFO     | KDClient 18 round 13 completed (acc=0.2780, n=300)
[2026-08-12 23:18:40] 2026-08-12 23:18:40 | INFO     | KDClient 19 fit round 13 (tier=large)
[2026-08-12 23:18:40] 2026-08-12 23:18:40 | INFO     | KDClient 19 round 13 public KD (epochs=2)
[2026-08-12 23:20:04] 2026-08-12 23:20:04 | INFO     | KDClient 19 round 13 local training (epochs=3)
[2026-08-12 23:21:32] 2026-08-12 23:21:32 | INFO     | KDClient 19 round 13 completed (acc=0.3067, n=300)
[2026-08-12 23:21:32]   Round  13/40 | Avg: 0.3067 | Min: 0.2646 | Max: 0.3430
[2026-08-12 23:21:32] 2026-08-12 23:21:32 | INFO     | FEDMD — IID: round 14/40 starting
[2026-08-12 23:21:32] 2026-08-12 23:21:32 | INFO     | KDClient 0 fit round 14 (tier=small)
[2026-08-12 23:21:32] 2026-08-12 23:21:32 | INFO     | KDClient 0 round 14 public KD (epochs=2)
[2026-08-12 23:21:45] 2026-08-12 23:21:45 | INFO     | KDClient 0 round 14 local training (epochs=3)
[2026-08-12 23:22:08] 2026-08-12 23:22:08 | INFO     | KDClient 0 round 14 completed (acc=0.2825, n=300)
[2026-08-12 23:22:08] 2026-08-12 23:22:08 | INFO     | KDClient 1 fit round 14 (tier=small)
[2026-08-12 23:22:08] 2026-08-12 23:22:08 | INFO     | KDClient 1 round 14 public KD (epochs=2)
[2026-08-12 23:22:25] 2026-08-12 23:22:25 | INFO     | KDClient 1 round 14 local training (epochs=3)
[2026-08-12 23:22:47] 2026-08-12 23:22:47 | INFO     | KDClient 1 round 14 completed (acc=0.2916, n=300)
[2026-08-12 23:22:47] 2026-08-12 23:22:47 | INFO     | KDClient 2 fit round 14 (tier=small)
[2026-08-12 23:22:47] 2026-08-12 23:22:47 | INFO     | KDClient 2 round 14 public KD (epochs=2)
[2026-08-12 23:23:00] 2026-08-12 23:23:00 | INFO     | KDClient 2 round 14 local training (epochs=3)
[2026-08-12 23:23:23] 2026-08-12 23:23:23 | INFO     | KDClient 2 round 14 completed (acc=0.3024, n=300)
[2026-08-12 23:23:23] 2026-08-12 23:23:23 | INFO     | KDClient 3 fit round 14 (tier=small)
[2026-08-12 23:23:23] 2026-08-12 23:23:23 | INFO     | KDClient 3 round 14 public KD (epochs=2)
[2026-08-12 23:23:38] 2026-08-12 23:23:38 | INFO     | KDClient 3 round 14 local training (epochs=3)
[2026-08-12 23:24:04] 2026-08-12 23:24:04 | INFO     | KDClient 3 round 14 completed (acc=0.2755, n=300)
[2026-08-12 23:24:04] 2026-08-12 23:24:04 | INFO     | KDClient 4 fit round 14 (tier=small)
[2026-08-12 23:24:04] 2026-08-12 23:24:04 | INFO     | KDClient 4 round 14 public KD (epochs=2)
[2026-08-12 23:24:22] 2026-08-12 23:24:22 | INFO     | KDClient 4 round 14 local training (epochs=3)
[2026-08-12 23:24:40] 2026-08-12 23:24:40 | INFO     | KDClient 4 round 14 completed (acc=0.3102, n=300)
[2026-08-12 23:24:40] 2026-08-12 23:24:40 | INFO     | KDClient 5 fit round 14 (tier=small)
[2026-08-12 23:24:40] 2026-08-12 23:24:40 | INFO     | KDClient 5 round 14 public KD (epochs=2)
[2026-08-12 23:24:57] 2026-08-12 23:24:57 | INFO     | KDClient 5 round 14 local training (epochs=3)
[2026-08-12 23:25:18] 2026-08-12 23:25:18 | INFO     | KDClient 5 round 14 completed (acc=0.2941, n=300)
[2026-08-12 23:25:18] 2026-08-12 23:25:18 | INFO     | KDClient 6 fit round 14 (tier=small)
[2026-08-12 23:25:18] 2026-08-12 23:25:18 | INFO     | KDClient 6 round 14 public KD (epochs=2)
[2026-08-12 23:25:33] 2026-08-12 23:25:33 | INFO     | KDClient 6 round 14 local training (epochs=3)
[2026-08-12 23:26:01] 2026-08-12 23:26:01 | INFO     | KDClient 6 round 14 completed (acc=0.2900, n=300)
[2026-08-12 23:26:01] 2026-08-12 23:26:01 | INFO     | KDClient 7 fit round 14 (tier=medium)
[2026-08-12 23:26:01] 2026-08-12 23:26:01 | INFO     | KDClient 7 round 14 public KD (epochs=2)
[2026-08-12 23:26:59] 2026-08-12 23:26:59 | INFO     | KDClient 7 round 14 local training (epochs=3)
[2026-08-12 23:27:51] 2026-08-12 23:27:51 | INFO     | KDClient 7 round 14 completed (acc=0.3273, n=300)
[2026-08-12 23:27:51] 2026-08-12 23:27:51 | INFO     | KDClient 8 fit round 14 (tier=medium)
[2026-08-12 23:27:51] 2026-08-12 23:27:51 | INFO     | KDClient 8 round 14 public KD (epochs=2)
[2026-08-12 23:29:01] 2026-08-12 23:29:01 | INFO     | KDClient 8 round 14 local training (epochs=3)
[2026-08-12 23:29:53] 2026-08-12 23:29:53 | INFO     | KDClient 8 round 14 completed (acc=0.3290, n=300)
[2026-08-12 23:29:53] 2026-08-12 23:29:53 | INFO     | KDClient 9 fit round 14 (tier=medium)
[2026-08-12 23:29:53] 2026-08-12 23:29:53 | INFO     | KDClient 9 round 14 public KD (epochs=2)
[2026-08-12 23:30:44] 2026-08-12 23:30:44 | INFO     | KDClient 9 round 14 local training (epochs=3)
[2026-08-12 23:31:36] 2026-08-12 23:31:36 | INFO     | KDClient 9 round 14 completed (acc=0.3266, n=300)
[2026-08-12 23:31:36] 2026-08-12 23:31:36 | INFO     | KDClient 10 fit round 14 (tier=medium)
[2026-08-12 23:31:36] 2026-08-12 23:31:36 | INFO     | KDClient 10 round 14 public KD (epochs=2)
[2026-08-12 23:32:34] 2026-08-12 23:32:34 | INFO     | KDClient 10 round 14 local training (epochs=3)
[2026-08-12 23:33:25] 2026-08-12 23:33:25 | INFO     | KDClient 10 round 14 completed (acc=0.3380, n=300)
[2026-08-12 23:33:25] 2026-08-12 23:33:25 | INFO     | KDClient 11 fit round 14 (tier=medium)
[2026-08-12 23:33:25] 2026-08-12 23:33:25 | INFO     | KDClient 11 round 14 public KD (epochs=2)
[2026-08-12 23:34:18] 2026-08-12 23:34:18 | INFO     | KDClient 11 round 14 local training (epochs=3)
[2026-08-12 23:35:29] 2026-08-12 23:35:29 | INFO     | KDClient 11 round 14 completed (acc=0.3130, n=300)
[2026-08-12 23:35:29] 2026-08-12 23:35:29 | INFO     | KDClient 12 fit round 14 (tier=medium)
[2026-08-12 23:35:29] 2026-08-12 23:35:29 | INFO     | KDClient 12 round 14 public KD (epochs=2)
[2026-08-12 23:36:35] 2026-08-12 23:36:35 | INFO     | KDClient 12 round 14 local training (epochs=3)
[2026-08-12 23:37:43] 2026-08-12 23:37:43 | INFO     | KDClient 12 round 14 completed (acc=0.2835, n=300)
[2026-08-12 23:37:43] 2026-08-12 23:37:43 | INFO     | KDClient 13 fit round 14 (tier=medium)
[2026-08-12 23:37:43] 2026-08-12 23:37:43 | INFO     | KDClient 13 round 14 public KD (epochs=2)
[2026-08-12 23:38:35] 2026-08-12 23:38:35 | INFO     | KDClient 13 round 14 local training (epochs=3)
[2026-08-12 23:39:19] 2026-08-12 23:39:19 | INFO     | KDClient 13 round 14 completed (acc=0.3269, n=300)
[2026-08-12 23:39:19] 2026-08-12 23:39:19 | INFO     | KDClient 14 fit round 14 (tier=large)
[2026-08-12 23:39:19] 2026-08-12 23:39:19 | INFO     | KDClient 14 round 14 public KD (epochs=2)
[2026-08-12 23:40:23] 2026-08-12 23:40:23 | INFO     | KDClient 14 round 14 local training (epochs=3)
[2026-08-12 23:41:34] 2026-08-12 23:41:34 | INFO     | KDClient 14 round 14 completed (acc=0.3354, n=300)
[2026-08-12 23:41:34] 2026-08-12 23:41:34 | INFO     | KDClient 15 fit round 14 (tier=large)
[2026-08-12 23:41:34] 2026-08-12 23:41:34 | INFO     | KDClient 15 round 14 public KD (epochs=2)
[2026-08-12 23:43:33] 2026-08-12 23:43:33 | INFO     | KDClient 15 round 14 local training (epochs=3)
[2026-08-12 23:44:51] 2026-08-12 23:44:51 | INFO     | KDClient 15 round 14 completed (acc=0.2755, n=300)
[2026-08-12 23:44:51] 2026-08-12 23:44:51 | INFO     | KDClient 16 fit round 14 (tier=large)
[2026-08-12 23:44:51] 2026-08-12 23:44:51 | INFO     | KDClient 16 round 14 public KD (epochs=2)
[2026-08-12 23:46:12] 2026-08-12 23:46:12 | INFO     | KDClient 16 round 14 local training (epochs=3)
[2026-08-12 23:47:40] 2026-08-12 23:47:40 | INFO     | KDClient 16 round 14 completed (acc=0.3134, n=300)
[2026-08-12 23:47:40] 2026-08-12 23:47:40 | INFO     | KDClient 17 fit round 14 (tier=large)
[2026-08-12 23:47:40] 2026-08-12 23:47:40 | INFO     | KDClient 17 round 14 public KD (epochs=2)
[2026-08-12 23:49:05] 2026-08-12 23:49:05 | INFO     | KDClient 17 round 14 local training (epochs=3)
[2026-08-12 23:50:34] 2026-08-12 23:50:34 | INFO     | KDClient 17 round 14 completed (acc=0.3509, n=300)
[2026-08-12 23:50:34] 2026-08-12 23:50:34 | INFO     | KDClient 18 fit round 14 (tier=large)
[2026-08-12 23:50:34] 2026-08-12 23:50:34 | INFO     | KDClient 18 round 14 public KD (epochs=2)
[2026-08-12 23:51:56] 2026-08-12 23:51:56 | INFO     | KDClient 18 round 14 local training (epochs=3)
[2026-08-12 23:53:36] 2026-08-12 23:53:36 | INFO     | KDClient 18 round 14 completed (acc=0.2702, n=300)
[2026-08-12 23:53:36] 2026-08-12 23:53:36 | INFO     | KDClient 19 fit round 14 (tier=large)
[2026-08-12 23:53:36] 2026-08-12 23:53:36 | INFO     | KDClient 19 round 14 public KD (epochs=2)
[2026-08-12 23:54:49] 2026-08-12 23:54:49 | INFO     | KDClient 19 round 14 local training (epochs=3)
[2026-08-12 23:56:12] 2026-08-12 23:56:12 | INFO     | KDClient 19 round 14 completed (acc=0.2959, n=300)
[2026-08-12 23:56:12]   Round  14/40 | Avg: 0.3066 | Min: 0.2702 | Max: 0.3509
[2026-08-12 23:56:12] 2026-08-12 23:56:12 | INFO     | FEDMD — IID: round 15/40 starting
[2026-08-12 23:56:12] 2026-08-12 23:56:12 | INFO     | KDClient 0 fit round 15 (tier=small)
[2026-08-12 23:56:12] 2026-08-12 23:56:12 | INFO     | KDClient 0 round 15 public KD (epochs=2)
[2026-08-12 23:56:24] 2026-08-12 23:56:24 | INFO     | KDClient 0 round 15 local training (epochs=3)
[2026-08-12 23:56:45] 2026-08-12 23:56:45 | INFO     | KDClient 0 round 15 completed (acc=0.2883, n=300)
[2026-08-12 23:56:45] 2026-08-12 23:56:45 | INFO     | KDClient 1 fit round 15 (tier=small)
[2026-08-12 23:56:45] 2026-08-12 23:56:45 | INFO     | KDClient 1 round 15 public KD (epochs=2)
[2026-08-12 23:57:03] 2026-08-12 23:57:03 | INFO     | KDClient 1 round 15 local training (epochs=3)
[2026-08-12 23:57:27] 2026-08-12 23:57:26 | INFO     | KDClient 1 round 15 completed (acc=0.3062, n=300)
[2026-08-12 23:57:27] 2026-08-12 23:57:26 | INFO     | KDClient 2 fit round 15 (tier=small)
[2026-08-12 23:57:27] 2026-08-12 23:57:26 | INFO     | KDClient 2 round 15 public KD (epochs=2)
[2026-08-12 23:57:41] 2026-08-12 23:57:41 | INFO     | KDClient 2 round 15 local training (epochs=3)
[2026-08-12 23:57:59] 2026-08-12 23:57:59 | INFO     | KDClient 2 round 15 completed (acc=0.3057, n=300)
[2026-08-12 23:57:59] 2026-08-12 23:57:59 | INFO     | KDClient 3 fit round 15 (tier=small)
[2026-08-12 23:57:59] 2026-08-12 23:57:59 | INFO     | KDClient 3 round 15 public KD (epochs=2)
[2026-08-12 23:58:14] 2026-08-12 23:58:14 | INFO     | KDClient 3 round 15 local training (epochs=3)
[2026-08-12 23:58:34] 2026-08-12 23:58:34 | INFO     | KDClient 3 round 15 completed (acc=0.2701, n=300)
[2026-08-12 23:58:34] 2026-08-12 23:58:34 | INFO     | KDClient 4 fit round 15 (tier=small)
[2026-08-12 23:58:34] 2026-08-12 23:58:34 | INFO     | KDClient 4 round 15 public KD (epochs=2)
[2026-08-12 23:58:52] 2026-08-12 23:58:52 | INFO     | KDClient 4 round 15 local training (epochs=3)
[2026-08-12 23:59:14] 2026-08-12 23:59:14 | INFO     | KDClient 4 round 15 completed (acc=0.3112, n=300)
[2026-08-12 23:59:14] 2026-08-12 23:59:14 | INFO     | KDClient 5 fit round 15 (tier=small)
[2026-08-12 23:59:14] 2026-08-12 23:59:14 | INFO     | KDClient 5 round 15 public KD (epochs=2)
[2026-08-12 23:59:35] 2026-08-12 23:59:35 | INFO     | KDClient 5 round 15 local training (epochs=3)
[2026-08-12 23:59:58] 2026-08-12 23:59:58 | INFO     | KDClient 5 round 15 completed (acc=0.3047, n=300)
[2026-08-12 23:59:58] 2026-08-12 23:59:58 | INFO     | KDClient 6 fit round 15 (tier=small)
[2026-08-12 23:59:58] 2026-08-12 23:59:58 | INFO     | KDClient 6 round 15 public KD (epochs=2)
[2026-08-13 00:00:14] 2026-08-13 00:00:14 | INFO     | KDClient 6 round 15 local training (epochs=3)
[2026-08-13 00:00:44] 2026-08-13 00:00:44 | INFO     | KDClient 6 round 15 completed (acc=0.3032, n=300)
[2026-08-13 00:00:44] 2026-08-13 00:00:44 | INFO     | KDClient 7 fit round 15 (tier=medium)
[2026-08-13 00:00:44] 2026-08-13 00:00:44 | INFO     | KDClient 7 round 15 public KD (epochs=2)
[2026-08-13 00:01:47] 2026-08-13 00:01:47 | INFO     | KDClient 7 round 15 local training (epochs=3)
[2026-08-13 00:02:46] 2026-08-13 00:02:46 | INFO     | KDClient 7 round 15 completed (acc=0.3300, n=300)
[2026-08-13 00:02:46] 2026-08-13 00:02:46 | INFO     | KDClient 8 fit round 15 (tier=medium)
[2026-08-13 00:02:46] 2026-08-13 00:02:46 | INFO     | KDClient 8 round 15 public KD (epochs=2)
[2026-08-13 00:03:39] 2026-08-13 00:03:39 | INFO     | KDClient 8 round 15 local training (epochs=3)
[2026-08-13 00:04:54] 2026-08-13 00:04:54 | INFO     | KDClient 8 round 15 completed (acc=0.3316, n=300)
[2026-08-13 00:04:54] 2026-08-13 00:04:54 | INFO     | KDClient 9 fit round 15 (tier=medium)
[2026-08-13 00:04:54] 2026-08-13 00:04:54 | INFO     | KDClient 9 round 15 public KD (epochs=2)
[2026-08-13 00:05:44] 2026-08-13 00:05:44 | INFO     | KDClient 9 round 15 local training (epochs=3)
[2026-08-13 00:06:50] 2026-08-13 00:06:50 | INFO     | KDClient 9 round 15 completed (acc=0.3311, n=300)
[2026-08-13 00:06:50] 2026-08-13 00:06:50 | INFO     | KDClient 10 fit round 15 (tier=medium)
[2026-08-13 00:06:50] 2026-08-13 00:06:50 | INFO     | KDClient 10 round 15 public KD (epochs=2)
[2026-08-13 00:07:43] 2026-08-13 00:07:43 | INFO     | KDClient 10 round 15 local training (epochs=3)
[2026-08-13 00:08:32] 2026-08-13 00:08:32 | INFO     | KDClient 10 round 15 completed (acc=0.3441, n=300)
[2026-08-13 00:08:32] 2026-08-13 00:08:32 | INFO     | KDClient 11 fit round 15 (tier=medium)
[2026-08-13 00:08:32] 2026-08-13 00:08:32 | INFO     | KDClient 11 round 15 public KD (epochs=2)
[2026-08-13 00:09:43] 2026-08-13 00:09:43 | INFO     | KDClient 11 round 15 local training (epochs=3)
[2026-08-13 00:10:33] 2026-08-13 00:10:33 | INFO     | KDClient 11 round 15 completed (acc=0.3074, n=300)
[2026-08-13 00:10:33] 2026-08-13 00:10:33 | INFO     | KDClient 12 fit round 15 (tier=medium)
[2026-08-13 00:10:33] 2026-08-13 00:10:33 | INFO     | KDClient 12 round 15 public KD (epochs=2)
[2026-08-13 00:11:18] 2026-08-13 00:11:18 | INFO     | KDClient 12 round 15 local training (epochs=3)
[2026-08-13 00:12:18] 2026-08-13 00:12:18 | INFO     | KDClient 12 round 15 completed (acc=0.2865, n=300)
[2026-08-13 00:12:18] 2026-08-13 00:12:18 | INFO     | KDClient 13 fit round 15 (tier=medium)
[2026-08-13 00:12:18] 2026-08-13 00:12:18 | INFO     | KDClient 13 round 15 public KD (epochs=2)
[2026-08-13 00:13:28] 2026-08-13 00:13:28 | INFO     | KDClient 13 round 15 local training (epochs=3)
[2026-08-13 00:14:18] 2026-08-13 00:14:18 | INFO     | KDClient 13 round 15 completed (acc=0.3295, n=300)
[2026-08-13 00:14:18] 2026-08-13 00:14:18 | INFO     | KDClient 14 fit round 15 (tier=large)
[2026-08-13 00:14:18] 2026-08-13 00:14:18 | INFO     | KDClient 14 round 15 public KD (epochs=2)
[2026-08-13 00:15:25] 2026-08-13 00:15:25 | INFO     | KDClient 14 round 15 local training (epochs=3)
[2026-08-13 00:16:24] 2026-08-13 00:16:24 | INFO     | KDClient 14 round 15 completed (acc=0.3328, n=300)
[2026-08-13 00:16:24] 2026-08-13 00:16:24 | INFO     | KDClient 15 fit round 15 (tier=large)
[2026-08-13 00:16:24] 2026-08-13 00:16:24 | INFO     | KDClient 15 round 15 public KD (epochs=2)
[2026-08-13 00:17:24] 2026-08-13 00:17:24 | INFO     | KDClient 15 round 15 local training (epochs=3)
[2026-08-13 00:18:23] 2026-08-13 00:18:22 | INFO     | KDClient 15 round 15 completed (acc=0.2906, n=300)
[2026-08-13 00:18:23] 2026-08-13 00:18:22 | INFO     | KDClient 16 fit round 15 (tier=large)
[2026-08-13 00:18:23] 2026-08-13 00:18:22 | INFO     | KDClient 16 round 15 public KD (epochs=2)
[2026-08-13 00:19:30] 2026-08-13 00:19:30 | INFO     | KDClient 16 round 15 local training (epochs=3)
[2026-08-13 00:20:53] 2026-08-13 00:20:53 | INFO     | KDClient 16 round 15 completed (acc=0.3199, n=300)
[2026-08-13 00:20:53] 2026-08-13 00:20:53 | INFO     | KDClient 17 fit round 15 (tier=large)
[2026-08-13 00:20:53] 2026-08-13 00:20:53 | INFO     | KDClient 17 round 15 public KD (epochs=2)
[2026-08-13 00:22:13] 2026-08-13 00:22:13 | INFO     | KDClient 17 round 15 local training (epochs=3)
[2026-08-13 00:23:40] 2026-08-13 00:23:40 | INFO     | KDClient 17 round 15 completed (acc=0.3603, n=300)
[2026-08-13 00:23:40] 2026-08-13 00:23:40 | INFO     | KDClient 18 fit round 15 (tier=large)
[2026-08-13 00:23:40] 2026-08-13 00:23:40 | INFO     | KDClient 18 round 15 public KD (epochs=2)
[2026-08-13 00:24:59] 2026-08-13 00:24:59 | INFO     | KDClient 18 round 15 local training (epochs=3)
[2026-08-13 00:26:17] 2026-08-13 00:26:17 | INFO     | KDClient 18 round 15 completed (acc=0.2927, n=300)
[2026-08-13 00:26:17] 2026-08-13 00:26:17 | INFO     | KDClient 19 fit round 15 (tier=large)
[2026-08-13 00:26:17] 2026-08-13 00:26:17 | INFO     | KDClient 19 round 15 public KD (epochs=2)
[2026-08-13 00:27:31] 2026-08-13 00:27:31 | INFO     | KDClient 19 round 15 local training (epochs=3)
[2026-08-13 00:28:45] 2026-08-13 00:28:45 | INFO     | KDClient 19 round 15 completed (acc=0.3169, n=300)
[2026-08-13 00:28:46]   Round  15/40 | Avg: 0.3131 | Min: 0.2701 | Max: 0.3603
[2026-08-13 00:28:46] 2026-08-13 00:28:46 | INFO     | FEDMD — IID: round 16/40 starting
[2026-08-13 00:28:46] 2026-08-13 00:28:46 | INFO     | KDClient 0 fit round 16 (tier=small)
[2026-08-13 00:28:46] 2026-08-13 00:28:46 | INFO     | KDClient 0 round 16 public KD (epochs=2)
[2026-08-13 00:29:03] 2026-08-13 00:29:03 | INFO     | KDClient 0 round 16 local training (epochs=3)
[2026-08-13 00:29:25] 2026-08-13 00:29:25 | INFO     | KDClient 0 round 16 completed (acc=0.2886, n=300)
[2026-08-13 00:29:25] 2026-08-13 00:29:25 | INFO     | KDClient 1 fit round 16 (tier=small)
[2026-08-13 00:29:25] 2026-08-13 00:29:25 | INFO     | KDClient 1 round 16 public KD (epochs=2)
[2026-08-13 00:29:42] 2026-08-13 00:29:42 | INFO     | KDClient 1 round 16 local training (epochs=3)
[2026-08-13 00:30:05] 2026-08-13 00:30:05 | INFO     | KDClient 1 round 16 completed (acc=0.3144, n=300)
[2026-08-13 00:30:05] 2026-08-13 00:30:05 | INFO     | KDClient 2 fit round 16 (tier=small)
[2026-08-13 00:30:05] 2026-08-13 00:30:05 | INFO     | KDClient 2 round 16 public KD (epochs=2)
[2026-08-13 00:30:25] 2026-08-13 00:30:25 | INFO     | KDClient 2 round 16 local training (epochs=3)
[2026-08-13 00:30:48] 2026-08-13 00:30:48 | INFO     | KDClient 2 round 16 completed (acc=0.3117, n=300)
[2026-08-13 00:30:48] 2026-08-13 00:30:48 | INFO     | KDClient 3 fit round 16 (tier=small)
[2026-08-13 00:30:48] 2026-08-13 00:30:48 | INFO     | KDClient 3 round 16 public KD (epochs=2)
[2026-08-13 00:31:05] 2026-08-13 00:31:05 | INFO     | KDClient 3 round 16 local training (epochs=3)
[2026-08-13 00:31:29] 2026-08-13 00:31:29 | INFO     | KDClient 3 round 16 completed (acc=0.2841, n=300)
[2026-08-13 00:31:29] 2026-08-13 00:31:29 | INFO     | KDClient 4 fit round 16 (tier=small)
[2026-08-13 00:31:29] 2026-08-13 00:31:29 | INFO     | KDClient 4 round 16 public KD (epochs=2)
[2026-08-13 00:31:45] 2026-08-13 00:31:45 | INFO     | KDClient 4 round 16 local training (epochs=3)
[2026-08-13 00:32:12] 2026-08-13 00:32:12 | INFO     | KDClient 4 round 16 completed (acc=0.3150, n=300)
[2026-08-13 00:32:12] 2026-08-13 00:32:12 | INFO     | KDClient 5 fit round 16 (tier=small)
[2026-08-13 00:32:12] 2026-08-13 00:32:12 | INFO     | KDClient 5 round 16 public KD (epochs=2)
[2026-08-13 00:32:25] 2026-08-13 00:32:25 | INFO     | KDClient 5 round 16 local training (epochs=3)
[2026-08-13 00:32:46] 2026-08-13 00:32:46 | INFO     | KDClient 5 round 16 completed (acc=0.2885, n=300)
[2026-08-13 00:32:46] 2026-08-13 00:32:46 | INFO     | KDClient 6 fit round 16 (tier=small)
[2026-08-13 00:32:46] 2026-08-13 00:32:46 | INFO     | KDClient 6 round 16 public KD (epochs=2)
[2026-08-13 00:32:59] 2026-08-13 00:32:59 | INFO     | KDClient 6 round 16 local training (epochs=3)
[2026-08-13 00:33:21] 2026-08-13 00:33:21 | INFO     | KDClient 6 round 16 completed (acc=0.2986, n=300)
[2026-08-13 00:33:21] 2026-08-13 00:33:21 | INFO     | KDClient 7 fit round 16 (tier=medium)
[2026-08-13 00:33:21] 2026-08-13 00:33:21 | INFO     | KDClient 7 round 16 public KD (epochs=2)
[2026-08-13 00:34:22] 2026-08-13 00:34:22 | INFO     | KDClient 7 round 16 local training (epochs=3)
[2026-08-13 00:35:14] 2026-08-13 00:35:14 | INFO     | KDClient 7 round 16 completed (acc=0.3271, n=300)
[2026-08-13 00:35:14] 2026-08-13 00:35:14 | INFO     | KDClient 8 fit round 16 (tier=medium)
[2026-08-13 00:35:14] 2026-08-13 00:35:14 | INFO     | KDClient 8 round 16 public KD (epochs=2)
[2026-08-13 00:36:23] 2026-08-13 00:36:23 | INFO     | KDClient 8 round 16 local training (epochs=3)
[2026-08-13 00:37:21] 2026-08-13 00:37:21 | INFO     | KDClient 8 round 16 completed (acc=0.3330, n=300)
[2026-08-13 00:37:21] 2026-08-13 00:37:21 | INFO     | KDClient 9 fit round 16 (tier=medium)
[2026-08-13 00:37:21] 2026-08-13 00:37:21 | INFO     | KDClient 9 round 16 public KD (epochs=2)
[2026-08-13 00:38:10] 2026-08-13 00:38:10 | INFO     | KDClient 9 round 16 local training (epochs=3)
[2026-08-13 00:38:56] 2026-08-13 00:38:56 | INFO     | KDClient 9 round 16 completed (acc=0.3275, n=300)
[2026-08-13 00:38:56] 2026-08-13 00:38:56 | INFO     | KDClient 10 fit round 16 (tier=medium)
[2026-08-13 00:38:56] 2026-08-13 00:38:56 | INFO     | KDClient 10 round 16 public KD (epochs=2)
[2026-08-13 00:39:52] 2026-08-13 00:39:52 | INFO     | KDClient 10 round 16 local training (epochs=3)
[2026-08-13 00:40:49] 2026-08-13 00:40:49 | INFO     | KDClient 10 round 16 completed (acc=0.3349, n=300)
[2026-08-13 00:40:49] 2026-08-13 00:40:49 | INFO     | KDClient 11 fit round 16 (tier=medium)
[2026-08-13 00:40:49] 2026-08-13 00:40:49 | INFO     | KDClient 11 round 16 public KD (epochs=2)
[2026-08-13 00:41:41] 2026-08-13 00:41:41 | INFO     | KDClient 11 round 16 local training (epochs=3)
[2026-08-13 00:42:46] 2026-08-13 00:42:46 | INFO     | KDClient 11 round 16 completed (acc=0.3126, n=300)
[2026-08-13 00:42:46] 2026-08-13 00:42:46 | INFO     | KDClient 12 fit round 16 (tier=medium)
[2026-08-13 00:42:46] 2026-08-13 00:42:46 | INFO     | KDClient 12 round 16 public KD (epochs=2)
[2026-08-13 00:43:32] 2026-08-13 00:43:32 | INFO     | KDClient 12 round 16 local training (epochs=3)
[2026-08-13 00:44:26] 2026-08-13 00:44:26 | INFO     | KDClient 12 round 16 completed (acc=0.3027, n=300)
[2026-08-13 00:44:26] 2026-08-13 00:44:26 | INFO     | KDClient 13 fit round 16 (tier=medium)
[2026-08-13 00:44:26] 2026-08-13 00:44:26 | INFO     | KDClient 13 round 16 public KD (epochs=2)
[2026-08-13 00:45:23] 2026-08-13 00:45:23 | INFO     | KDClient 13 round 16 local training (epochs=3)
[2026-08-13 00:46:08] 2026-08-13 00:46:08 | INFO     | KDClient 13 round 16 completed (acc=0.3276, n=300)
[2026-08-13 00:46:08] 2026-08-13 00:46:08 | INFO     | KDClient 14 fit round 16 (tier=large)
[2026-08-13 00:46:08] 2026-08-13 00:46:08 | INFO     | KDClient 14 round 16 public KD (epochs=2)
[2026-08-13 00:47:15] 2026-08-13 00:47:15 | INFO     | KDClient 14 round 16 local training (epochs=3)
[2026-08-13 00:48:19] 2026-08-13 00:48:19 | INFO     | KDClient 14 round 16 completed (acc=0.3259, n=300)
[2026-08-13 00:48:19] 2026-08-13 00:48:19 | INFO     | KDClient 15 fit round 16 (tier=large)
[2026-08-13 00:48:19] 2026-08-13 00:48:19 | INFO     | KDClient 15 round 16 public KD (epochs=2)
[2026-08-13 00:49:28] 2026-08-13 00:49:28 | INFO     | KDClient 15 round 16 local training (epochs=3)
[2026-08-13 00:50:43] 2026-08-13 00:50:43 | INFO     | KDClient 15 round 16 completed (acc=0.2957, n=300)
[2026-08-13 00:50:43] 2026-08-13 00:50:43 | INFO     | KDClient 16 fit round 16 (tier=large)
[2026-08-13 00:50:43] 2026-08-13 00:50:43 | INFO     | KDClient 16 round 16 public KD (epochs=2)
[2026-08-13 00:51:58] 2026-08-13 00:51:58 | INFO     | KDClient 16 round 16 local training (epochs=3)
[2026-08-13 00:53:43] 2026-08-13 00:53:43 | INFO     | KDClient 16 round 16 completed (acc=0.3265, n=300)
[2026-08-13 00:53:43] 2026-08-13 00:53:43 | INFO     | KDClient 17 fit round 16 (tier=large)
[2026-08-13 00:53:43] 2026-08-13 00:53:43 | INFO     | KDClient 17 round 16 public KD (epochs=2)
[2026-08-13 00:54:59] 2026-08-13 00:54:59 | INFO     | KDClient 17 round 16 local training (epochs=3)
[2026-08-13 00:56:13] 2026-08-13 00:56:13 | INFO     | KDClient 17 round 16 completed (acc=0.3574, n=300)
[2026-08-13 00:56:13] 2026-08-13 00:56:13 | INFO     | KDClient 18 fit round 16 (tier=large)
[2026-08-13 00:56:13] 2026-08-13 00:56:13 | INFO     | KDClient 18 round 16 public KD (epochs=2)
[2026-08-13 00:57:34] 2026-08-13 00:57:34 | INFO     | KDClient 18 round 16 local training (epochs=3)
[2026-08-13 00:59:00] 2026-08-13 00:59:00 | INFO     | KDClient 18 round 16 completed (acc=0.2895, n=300)
[2026-08-13 00:59:00] 2026-08-13 00:59:00 | INFO     | KDClient 19 fit round 16 (tier=large)
[2026-08-13 00:59:00] 2026-08-13 00:59:00 | INFO     | KDClient 19 round 16 public KD (epochs=2)
[2026-08-13 01:00:15] 2026-08-13 01:00:15 | INFO     | KDClient 19 round 16 local training (epochs=3)
[2026-08-13 01:01:34] 2026-08-13 01:01:34 | INFO     | KDClient 19 round 16 completed (acc=0.3139, n=300)
[2026-08-13 01:01:34]   Round  16/40 | Avg: 0.3138 | Min: 0.2841 | Max: 0.3574
[2026-08-13 01:01:34] 2026-08-13 01:01:34 | INFO     | FEDMD — IID: round 17/40 starting
[2026-08-13 01:01:34] 2026-08-13 01:01:34 | INFO     | KDClient 0 fit round 17 (tier=small)
[2026-08-13 01:01:34] 2026-08-13 01:01:34 | INFO     | KDClient 0 round 17 public KD (epochs=2)
[2026-08-13 01:01:50] 2026-08-13 01:01:50 | INFO     | KDClient 0 round 17 local training (epochs=3)
[2026-08-13 01:02:12] 2026-08-13 01:02:12 | INFO     | KDClient 0 round 17 completed (acc=0.2872, n=300)
[2026-08-13 01:02:12] 2026-08-13 01:02:12 | INFO     | KDClient 1 fit round 17 (tier=small)
[2026-08-13 01:02:12] 2026-08-13 01:02:12 | INFO     | KDClient 1 round 17 public KD (epochs=2)
[2026-08-13 01:02:27] 2026-08-13 01:02:27 | INFO     | KDClient 1 round 17 local training (epochs=3)
[2026-08-13 01:02:53] 2026-08-13 01:02:53 | INFO     | KDClient 1 round 17 completed (acc=0.3137, n=300)
[2026-08-13 01:02:53] 2026-08-13 01:02:53 | INFO     | KDClient 2 fit round 17 (tier=small)
[2026-08-13 01:02:53] 2026-08-13 01:02:53 | INFO     | KDClient 2 round 17 public KD (epochs=2)
[2026-08-13 01:03:12] 2026-08-13 01:03:12 | INFO     | KDClient 2 round 17 local training (epochs=3)
[2026-08-13 01:03:34] 2026-08-13 01:03:34 | INFO     | KDClient 2 round 17 completed (acc=0.3125, n=300)
[2026-08-13 01:03:34] 2026-08-13 01:03:34 | INFO     | KDClient 3 fit round 17 (tier=small)
[2026-08-13 01:03:34] 2026-08-13 01:03:34 | INFO     | KDClient 3 round 17 public KD (epochs=2)
[2026-08-13 01:03:50] 2026-08-13 01:03:50 | INFO     | KDClient 3 round 17 local training (epochs=3)
[2026-08-13 01:04:10] 2026-08-13 01:04:10 | INFO     | KDClient 3 round 17 completed (acc=0.2882, n=300)
[2026-08-13 01:04:10] 2026-08-13 01:04:10 | INFO     | KDClient 4 fit round 17 (tier=small)
[2026-08-13 01:04:10] 2026-08-13 01:04:10 | INFO     | KDClient 4 round 17 public KD (epochs=2)
[2026-08-13 01:04:27] 2026-08-13 01:04:27 | INFO     | KDClient 4 round 17 local training (epochs=3)
[2026-08-13 01:04:52] 2026-08-13 01:04:52 | INFO     | KDClient 4 round 17 completed (acc=0.3120, n=300)
[2026-08-13 01:04:52] 2026-08-13 01:04:52 | INFO     | KDClient 5 fit round 17 (tier=small)
[2026-08-13 01:04:52] 2026-08-13 01:04:52 | INFO     | KDClient 5 round 17 public KD (epochs=2)
[2026-08-13 01:05:08] 2026-08-13 01:05:08 | INFO     | KDClient 5 round 17 local training (epochs=3)
[2026-08-13 01:05:34] 2026-08-13 01:05:34 | INFO     | KDClient 5 round 17 completed (acc=0.2995, n=300)
[2026-08-13 01:05:34] 2026-08-13 01:05:34 | INFO     | KDClient 6 fit round 17 (tier=small)
[2026-08-13 01:05:34] 2026-08-13 01:05:34 | INFO     | KDClient 6 round 17 public KD (epochs=2)
[2026-08-13 01:05:49] 2026-08-13 01:05:49 | INFO     | KDClient 6 round 17 local training (epochs=3)
[2026-08-13 01:06:10] 2026-08-13 01:06:10 | INFO     | KDClient 6 round 17 completed (acc=0.2979, n=300)
[2026-08-13 01:06:10] 2026-08-13 01:06:10 | INFO     | KDClient 7 fit round 17 (tier=medium)
[2026-08-13 01:06:10] 2026-08-13 01:06:10 | INFO     | KDClient 7 round 17 public KD (epochs=2)
[2026-08-13 01:07:33] 2026-08-13 01:07:33 | INFO     | KDClient 7 round 17 local training (epochs=3)
[2026-08-13 01:08:37] 2026-08-13 01:08:37 | INFO     | KDClient 7 round 17 completed (acc=0.3233, n=300)
[2026-08-13 01:08:37] 2026-08-13 01:08:37 | INFO     | KDClient 8 fit round 17 (tier=medium)
[2026-08-13 01:08:37] 2026-08-13 01:08:37 | INFO     | KDClient 8 round 17 public KD (epochs=2)
[2026-08-13 01:09:31] 2026-08-13 01:09:31 | INFO     | KDClient 8 round 17 local training (epochs=3)
[2026-08-13 01:10:26] 2026-08-13 01:10:26 | INFO     | KDClient 8 round 17 completed (acc=0.3324, n=300)
[2026-08-13 01:10:26] 2026-08-13 01:10:26 | INFO     | KDClient 9 fit round 17 (tier=medium)
[2026-08-13 01:10:26] 2026-08-13 01:10:26 | INFO     | KDClient 9 round 17 public KD (epochs=2)
[2026-08-13 01:11:16] 2026-08-13 01:11:16 | INFO     | KDClient 9 round 17 local training (epochs=3)
[2026-08-13 01:12:18] 2026-08-13 01:12:18 | INFO     | KDClient 9 round 17 completed (acc=0.3366, n=300)
[2026-08-13 01:12:18] 2026-08-13 01:12:18 | INFO     | KDClient 10 fit round 17 (tier=medium)
[2026-08-13 01:12:18] 2026-08-13 01:12:18 | INFO     | KDClient 10 round 17 public KD (epochs=2)
[2026-08-13 01:13:20] 2026-08-13 01:13:20 | INFO     | KDClient 10 round 17 local training (epochs=3)
[2026-08-13 01:14:11] 2026-08-13 01:14:11 | INFO     | KDClient 10 round 17 completed (acc=0.3343, n=300)
[2026-08-13 01:14:11] 2026-08-13 01:14:11 | INFO     | KDClient 11 fit round 17 (tier=medium)
[2026-08-13 01:14:11] 2026-08-13 01:14:11 | INFO     | KDClient 11 round 17 public KD (epochs=2)
[2026-08-13 01:14:59] 2026-08-13 01:14:59 | INFO     | KDClient 11 round 17 local training (epochs=3)
[2026-08-13 01:16:03] 2026-08-13 01:16:03 | INFO     | KDClient 11 round 17 completed (acc=0.3168, n=300)
[2026-08-13 01:16:03] 2026-08-13 01:16:03 | INFO     | KDClient 12 fit round 17 (tier=medium)
[2026-08-13 01:16:03] 2026-08-13 01:16:03 | INFO     | KDClient 12 round 17 public KD (epochs=2)
[2026-08-13 01:17:13] 2026-08-13 01:17:13 | INFO     | KDClient 12 round 17 local training (epochs=3)
[2026-08-13 01:17:59] 2026-08-13 01:17:59 | INFO     | KDClient 12 round 17 completed (acc=0.3052, n=300)
[2026-08-13 01:17:59] 2026-08-13 01:17:59 | INFO     | KDClient 13 fit round 17 (tier=medium)
[2026-08-13 01:17:59] 2026-08-13 01:17:59 | INFO     | KDClient 13 round 17 public KD (epochs=2)
[2026-08-13 01:18:45] 2026-08-13 01:18:45 | INFO     | KDClient 13 round 17 local training (epochs=3)
[2026-08-13 01:19:29] 2026-08-13 01:19:29 | INFO     | KDClient 13 round 17 completed (acc=0.3362, n=300)
[2026-08-13 01:19:29] 2026-08-13 01:19:29 | INFO     | KDClient 14 fit round 17 (tier=large)
[2026-08-13 01:19:29] 2026-08-13 01:19:29 | INFO     | KDClient 14 round 17 public KD (epochs=2)
[2026-08-13 01:20:46] 2026-08-13 01:20:46 | INFO     | KDClient 14 round 17 local training (epochs=3)
[2026-08-13 01:22:02] 2026-08-13 01:22:02 | INFO     | KDClient 14 round 17 completed (acc=0.3432, n=300)
[2026-08-13 01:22:02] 2026-08-13 01:22:02 | INFO     | KDClient 15 fit round 17 (tier=large)
[2026-08-13 01:22:02] 2026-08-13 01:22:02 | INFO     | KDClient 15 round 17 public KD (epochs=2)
[2026-08-13 01:23:17] 2026-08-13 01:23:17 | INFO     | KDClient 15 round 17 local training (epochs=3)
[2026-08-13 01:24:36] 2026-08-13 01:24:36 | INFO     | KDClient 15 round 17 completed (acc=0.2965, n=300)
[2026-08-13 01:24:36] 2026-08-13 01:24:36 | INFO     | KDClient 16 fit round 17 (tier=large)
[2026-08-13 01:24:36] 2026-08-13 01:24:36 | INFO     | KDClient 16 round 17 public KD (epochs=2)
[2026-08-13 01:25:46] 2026-08-13 01:25:46 | INFO     | KDClient 16 round 17 local training (epochs=3)
[2026-08-13 01:27:10] 2026-08-13 01:27:10 | INFO     | KDClient 16 round 17 completed (acc=0.3178, n=300)
[2026-08-13 01:27:10] 2026-08-13 01:27:10 | INFO     | KDClient 17 fit round 17 (tier=large)
[2026-08-13 01:27:10] 2026-08-13 01:27:10 | INFO     | KDClient 17 round 17 public KD (epochs=2)
[2026-08-13 01:28:29] 2026-08-13 01:28:29 | INFO     | KDClient 17 round 17 local training (epochs=3)
[2026-08-13 01:29:52] 2026-08-13 01:29:52 | INFO     | KDClient 17 round 17 completed (acc=0.3704, n=300)
[2026-08-13 01:29:52] 2026-08-13 01:29:52 | INFO     | KDClient 18 fit round 17 (tier=large)
[2026-08-13 01:29:52] 2026-08-13 01:29:52 | INFO     | KDClient 18 round 17 public KD (epochs=2)
[2026-08-13 01:31:11] 2026-08-13 01:31:11 | INFO     | KDClient 18 round 17 local training (epochs=3)
[2026-08-13 01:32:30] 2026-08-13 01:32:30 | INFO     | KDClient 18 round 17 completed (acc=0.2971, n=300)
[2026-08-13 01:32:30] 2026-08-13 01:32:30 | INFO     | KDClient 19 fit round 17 (tier=large)
[2026-08-13 01:32:30] 2026-08-13 01:32:30 | INFO     | KDClient 19 round 17 public KD (epochs=2)
[2026-08-13 01:33:59] 2026-08-13 01:33:59 | INFO     | KDClient 19 round 17 local training (epochs=3)
[2026-08-13 01:35:31] 2026-08-13 01:35:31 | INFO     | KDClient 19 round 17 completed (acc=0.3058, n=300)
[2026-08-13 01:35:31]   Round  17/40 | Avg: 0.3163 | Min: 0.2872 | Max: 0.3704
[2026-08-13 01:35:31] 2026-08-13 01:35:31 | INFO     | FEDMD — IID: round 18/40 starting
[2026-08-13 01:35:31] 2026-08-13 01:35:31 | INFO     | KDClient 0 fit round 18 (tier=small)
[2026-08-13 01:35:31] 2026-08-13 01:35:31 | INFO     | KDClient 0 round 18 public KD (epochs=2)
[2026-08-13 01:35:46] 2026-08-13 01:35:46 | INFO     | KDClient 0 round 18 local training (epochs=3)
[2026-08-13 01:36:09] 2026-08-13 01:36:09 | INFO     | KDClient 0 round 18 completed (acc=0.2888, n=300)
[2026-08-13 01:36:09] 2026-08-13 01:36:09 | INFO     | KDClient 1 fit round 18 (tier=small)
[2026-08-13 01:36:09] 2026-08-13 01:36:09 | INFO     | KDClient 1 round 18 public KD (epochs=2)
[2026-08-13 01:36:28] 2026-08-13 01:36:28 | INFO     | KDClient 1 round 18 local training (epochs=3)
[2026-08-13 01:36:52] 2026-08-13 01:36:52 | INFO     | KDClient 1 round 18 completed (acc=0.3211, n=300)
[2026-08-13 01:36:52] 2026-08-13 01:36:52 | INFO     | KDClient 2 fit round 18 (tier=small)
[2026-08-13 01:36:52] 2026-08-13 01:36:52 | INFO     | KDClient 2 round 18 public KD (epochs=2)
[2026-08-13 01:37:10] 2026-08-13 01:37:10 | INFO     | KDClient 2 round 18 local training (epochs=3)
[2026-08-13 01:37:33] 2026-08-13 01:37:33 | INFO     | KDClient 2 round 18 completed (acc=0.3014, n=300)
[2026-08-13 01:37:33] 2026-08-13 01:37:33 | INFO     | KDClient 3 fit round 18 (tier=small)
[2026-08-13 01:37:33] 2026-08-13 01:37:33 | INFO     | KDClient 3 round 18 public KD (epochs=2)
[2026-08-13 01:37:52] 2026-08-13 01:37:52 | INFO     | KDClient 3 round 18 local training (epochs=3)
[2026-08-13 01:38:08] 2026-08-13 01:38:08 | INFO     | KDClient 3 round 18 completed (acc=0.2832, n=300)
[2026-08-13 01:38:08] 2026-08-13 01:38:08 | INFO     | KDClient 4 fit round 18 (tier=small)
[2026-08-13 01:38:08] 2026-08-13 01:38:08 | INFO     | KDClient 4 round 18 public KD (epochs=2)
[2026-08-13 01:38:25] 2026-08-13 01:38:25 | INFO     | KDClient 4 round 18 local training (epochs=3)
[2026-08-13 01:38:49] 2026-08-13 01:38:49 | INFO     | KDClient 4 round 18 completed (acc=0.3098, n=300)
[2026-08-13 01:38:49] 2026-08-13 01:38:49 | INFO     | KDClient 5 fit round 18 (tier=small)
[2026-08-13 01:38:49] 2026-08-13 01:38:49 | INFO     | KDClient 5 round 18 public KD (epochs=2)
[2026-08-13 01:39:03] 2026-08-13 01:39:03 | INFO     | KDClient 5 round 18 local training (epochs=3)
[2026-08-13 01:39:20] 2026-08-13 01:39:20 | INFO     | KDClient 5 round 18 completed (acc=0.3024, n=300)
[2026-08-13 01:39:20] 2026-08-13 01:39:20 | INFO     | KDClient 6 fit round 18 (tier=small)
[2026-08-13 01:39:20] 2026-08-13 01:39:20 | INFO     | KDClient 6 round 18 public KD (epochs=2)
[2026-08-13 01:39:34] 2026-08-13 01:39:34 | INFO     | KDClient 6 round 18 local training (epochs=3)
[2026-08-13 01:39:53] 2026-08-13 01:39:53 | INFO     | KDClient 6 round 18 completed (acc=0.2879, n=300)
[2026-08-13 01:39:53] 2026-08-13 01:39:53 | INFO     | KDClient 7 fit round 18 (tier=medium)
[2026-08-13 01:39:53] 2026-08-13 01:39:53 | INFO     | KDClient 7 round 18 public KD (epochs=2)
[2026-08-13 01:40:44] 2026-08-13 01:40:44 | INFO     | KDClient 7 round 18 local training (epochs=3)
[2026-08-13 01:41:47] 2026-08-13 01:41:47 | INFO     | KDClient 7 round 18 completed (acc=0.3279, n=300)
[2026-08-13 01:41:47] 2026-08-13 01:41:47 | INFO     | KDClient 8 fit round 18 (tier=medium)
[2026-08-13 01:41:47] 2026-08-13 01:41:47 | INFO     | KDClient 8 round 18 public KD (epochs=2)
[2026-08-13 01:42:37] 2026-08-13 01:42:37 | INFO     | KDClient 8 round 18 local training (epochs=3)
[2026-08-13 01:43:29] 2026-08-13 01:43:29 | INFO     | KDClient 8 round 18 completed (acc=0.3372, n=300)
[2026-08-13 01:43:29] 2026-08-13 01:43:29 | INFO     | KDClient 9 fit round 18 (tier=medium)
[2026-08-13 01:43:29] 2026-08-13 01:43:29 | INFO     | KDClient 9 round 18 public KD (epochs=2)
[2026-08-13 01:44:24] 2026-08-13 01:44:24 | INFO     | KDClient 9 round 18 local training (epochs=3)
[2026-08-13 01:45:16] 2026-08-13 01:45:16 | INFO     | KDClient 9 round 18 completed (acc=0.3370, n=300)
[2026-08-13 01:45:16] 2026-08-13 01:45:16 | INFO     | KDClient 10 fit round 18 (tier=medium)
[2026-08-13 01:45:16] 2026-08-13 01:45:16 | INFO     | KDClient 10 round 18 public KD (epochs=2)
[2026-08-13 01:46:11] 2026-08-13 01:46:11 | INFO     | KDClient 10 round 18 local training (epochs=3)
[2026-08-13 01:47:11] 2026-08-13 01:47:11 | INFO     | KDClient 10 round 18 completed (acc=0.3277, n=300)
[2026-08-13 01:47:11] 2026-08-13 01:47:11 | INFO     | KDClient 11 fit round 18 (tier=medium)
[2026-08-13 01:47:11] 2026-08-13 01:47:11 | INFO     | KDClient 11 round 18 public KD (epochs=2)
[2026-08-13 01:48:03] 2026-08-13 01:48:03 | INFO     | KDClient 11 round 18 local training (epochs=3)
[2026-08-13 01:49:08] 2026-08-13 01:49:08 | INFO     | KDClient 11 round 18 completed (acc=0.3054, n=300)
[2026-08-13 01:49:08] 2026-08-13 01:49:08 | INFO     | KDClient 12 fit round 18 (tier=medium)
[2026-08-13 01:49:08] 2026-08-13 01:49:08 | INFO     | KDClient 12 round 18 public KD (epochs=2)
[2026-08-13 01:49:59] 2026-08-13 01:49:59 | INFO     | KDClient 12 round 18 local training (epochs=3)
[2026-08-13 01:50:56] 2026-08-13 01:50:56 | INFO     | KDClient 12 round 18 completed (acc=0.3125, n=300)
[2026-08-13 01:50:56] 2026-08-13 01:50:56 | INFO     | KDClient 13 fit round 18 (tier=medium)
[2026-08-13 01:50:56] 2026-08-13 01:50:56 | INFO     | KDClient 13 round 18 public KD (epochs=2)
[2026-08-13 01:51:37] 2026-08-13 01:51:37 | INFO     | KDClient 13 round 18 local training (epochs=3)
[2026-08-13 01:52:16] 2026-08-13 01:52:16 | INFO     | KDClient 13 round 18 completed (acc=0.3325, n=300)
[2026-08-13 01:52:16] 2026-08-13 01:52:16 | INFO     | KDClient 14 fit round 18 (tier=large)
[2026-08-13 01:52:16] 2026-08-13 01:52:16 | INFO     | KDClient 14 round 18 public KD (epochs=2)
[2026-08-13 01:53:28] 2026-08-13 01:53:28 | INFO     | KDClient 14 round 18 local training (epochs=3)
[2026-08-13 01:54:48] 2026-08-13 01:54:48 | INFO     | KDClient 14 round 18 completed (acc=0.3398, n=300)
[2026-08-13 01:54:48] 2026-08-13 01:54:48 | INFO     | KDClient 15 fit round 18 (tier=large)
[2026-08-13 01:54:48] 2026-08-13 01:54:48 | INFO     | KDClient 15 round 18 public KD (epochs=2)
[2026-08-13 01:56:04] 2026-08-13 01:56:04 | INFO     | KDClient 15 round 18 local training (epochs=3)
[2026-08-13 01:57:35] 2026-08-13 01:57:35 | INFO     | KDClient 15 round 18 completed (acc=0.2953, n=300)
[2026-08-13 01:57:35] 2026-08-13 01:57:35 | INFO     | KDClient 16 fit round 18 (tier=large)
[2026-08-13 01:57:35] 2026-08-13 01:57:35 | INFO     | KDClient 16 round 18 public KD (epochs=2)
[2026-08-13 01:58:58] 2026-08-13 01:58:58 | INFO     | KDClient 16 round 18 local training (epochs=3)
[2026-08-13 02:00:48] 2026-08-13 02:00:48 | INFO     | KDClient 16 round 18 completed (acc=0.3307, n=300)
[2026-08-13 02:00:48] 2026-08-13 02:00:48 | INFO     | KDClient 17 fit round 18 (tier=large)
[2026-08-13 02:00:48] 2026-08-13 02:00:48 | INFO     | KDClient 17 round 18 public KD (epochs=2)
[2026-08-13 02:02:12] 2026-08-13 02:02:12 | INFO     | KDClient 17 round 18 local training (epochs=3)
[2026-08-13 02:03:35] 2026-08-13 02:03:35 | INFO     | KDClient 17 round 18 completed (acc=0.3706, n=300)
[2026-08-13 02:03:35] 2026-08-13 02:03:35 | INFO     | KDClient 18 fit round 18 (tier=large)
[2026-08-13 02:03:35] 2026-08-13 02:03:35 | INFO     | KDClient 18 round 18 public KD (epochs=2)
[2026-08-13 02:04:50] 2026-08-13 02:04:50 | INFO     | KDClient 18 round 18 local training (epochs=3)
[2026-08-13 02:06:01] 2026-08-13 02:06:01 | INFO     | KDClient 18 round 18 completed (acc=0.2980, n=300)
[2026-08-13 02:06:01] 2026-08-13 02:06:01 | INFO     | KDClient 19 fit round 18 (tier=large)
[2026-08-13 02:06:01] 2026-08-13 02:06:01 | INFO     | KDClient 19 round 18 public KD (epochs=2)
[2026-08-13 02:08:04] 2026-08-13 02:08:04 | INFO     | KDClient 19 round 18 local training (epochs=3)
[2026-08-13 02:09:26] 2026-08-13 02:09:26 | INFO     | KDClient 19 round 18 completed (acc=0.3173, n=300)
[2026-08-13 02:09:26]   Round  18/40 | Avg: 0.3163 | Min: 0.2832 | Max: 0.3706
[2026-08-13 02:09:26] 2026-08-13 02:09:26 | INFO     | FEDMD — IID: round 19/40 starting
[2026-08-13 02:09:26] 2026-08-13 02:09:26 | INFO     | KDClient 0 fit round 19 (tier=small)
[2026-08-13 02:09:26] 2026-08-13 02:09:26 | INFO     | KDClient 0 round 19 public KD (epochs=2)
[2026-08-13 02:09:41] 2026-08-13 02:09:41 | INFO     | KDClient 0 round 19 local training (epochs=3)
[2026-08-13 02:10:03] 2026-08-13 02:10:03 | INFO     | KDClient 0 round 19 completed (acc=0.2988, n=300)
[2026-08-13 02:10:03] 2026-08-13 02:10:03 | INFO     | KDClient 1 fit round 19 (tier=small)
[2026-08-13 02:10:03] 2026-08-13 02:10:03 | INFO     | KDClient 1 round 19 public KD (epochs=2)
[2026-08-13 02:10:20] 2026-08-13 02:10:20 | INFO     | KDClient 1 round 19 local training (epochs=3)
[2026-08-13 02:10:42] 2026-08-13 02:10:42 | INFO     | KDClient 1 round 19 completed (acc=0.3134, n=300)
[2026-08-13 02:10:42] 2026-08-13 02:10:42 | INFO     | KDClient 2 fit round 19 (tier=small)
[2026-08-13 02:10:42] 2026-08-13 02:10:42 | INFO     | KDClient 2 round 19 public KD (epochs=2)
[2026-08-13 02:10:58] 2026-08-13 02:10:58 | INFO     | KDClient 2 round 19 local training (epochs=3)
[2026-08-13 02:11:22] 2026-08-13 02:11:22 | INFO     | KDClient 2 round 19 completed (acc=0.3043, n=300)
[2026-08-13 02:11:22] 2026-08-13 02:11:22 | INFO     | KDClient 3 fit round 19 (tier=small)
[2026-08-13 02:11:22] 2026-08-13 02:11:22 | INFO     | KDClient 3 round 19 public KD (epochs=2)
[2026-08-13 02:11:39] 2026-08-13 02:11:39 | INFO     | KDClient 3 round 19 local training (epochs=3)
[2026-08-13 02:11:57] 2026-08-13 02:11:57 | INFO     | KDClient 3 round 19 completed (acc=0.2889, n=300)
[2026-08-13 02:11:57] 2026-08-13 02:11:57 | INFO     | KDClient 4 fit round 19 (tier=small)
[2026-08-13 02:11:57] 2026-08-13 02:11:57 | INFO     | KDClient 4 round 19 public KD (epochs=2)
[2026-08-13 02:12:13] 2026-08-13 02:12:13 | INFO     | KDClient 4 round 19 local training (epochs=3)
[2026-08-13 02:12:39] 2026-08-13 02:12:39 | INFO     | KDClient 4 round 19 completed (acc=0.3069, n=300)
[2026-08-13 02:12:39] 2026-08-13 02:12:39 | INFO     | KDClient 5 fit round 19 (tier=small)
[2026-08-13 02:12:39] 2026-08-13 02:12:39 | INFO     | KDClient 5 round 19 public KD (epochs=2)
[2026-08-13 02:12:59] 2026-08-13 02:12:59 | INFO     | KDClient 5 round 19 local training (epochs=3)
[2026-08-13 02:13:22] 2026-08-13 02:13:22 | INFO     | KDClient 5 round 19 completed (acc=0.2991, n=300)
[2026-08-13 02:13:22] 2026-08-13 02:13:22 | INFO     | KDClient 6 fit round 19 (tier=small)
[2026-08-13 02:13:22] 2026-08-13 02:13:22 | INFO     | KDClient 6 round 19 public KD (epochs=2)
[2026-08-13 02:13:38] 2026-08-13 02:13:38 | INFO     | KDClient 6 round 19 local training (epochs=3)
[2026-08-13 02:13:58] 2026-08-13 02:13:58 | INFO     | KDClient 6 round 19 completed (acc=0.2866, n=300)
[2026-08-13 02:13:58] 2026-08-13 02:13:58 | INFO     | KDClient 7 fit round 19 (tier=medium)
[2026-08-13 02:13:58] 2026-08-13 02:13:58 | INFO     | KDClient 7 round 19 public KD (epochs=2)
[2026-08-13 02:15:05] 2026-08-13 02:15:05 | INFO     | KDClient 7 round 19 local training (epochs=3)
[2026-08-13 02:15:57] 2026-08-13 02:15:57 | INFO     | KDClient 7 round 19 completed (acc=0.3392, n=300)
[2026-08-13 02:15:57] 2026-08-13 02:15:57 | INFO     | KDClient 8 fit round 19 (tier=medium)
[2026-08-13 02:15:57] 2026-08-13 02:15:57 | INFO     | KDClient 8 round 19 public KD (epochs=2)
[2026-08-13 02:16:39] 2026-08-13 02:16:39 | INFO     | KDClient 8 round 19 local training (epochs=3)
[2026-08-13 02:17:23] 2026-08-13 02:17:23 | INFO     | KDClient 8 round 19 completed (acc=0.3351, n=300)
[2026-08-13 02:17:23] 2026-08-13 02:17:23 | INFO     | KDClient 9 fit round 19 (tier=medium)
[2026-08-13 02:17:23] 2026-08-13 02:17:23 | INFO     | KDClient 9 round 19 public KD (epochs=2)
[2026-08-13 02:18:11] 2026-08-13 02:18:11 | INFO     | KDClient 9 round 19 local training (epochs=3)
[2026-08-13 02:18:57] 2026-08-13 02:18:57 | INFO     | KDClient 9 round 19 completed (acc=0.3430, n=300)
[2026-08-13 02:18:57] 2026-08-13 02:18:57 | INFO     | KDClient 10 fit round 19 (tier=medium)
[2026-08-13 02:18:57] 2026-08-13 02:18:57 | INFO     | KDClient 10 round 19 public KD (epochs=2)
[2026-08-13 02:19:51] 2026-08-13 02:19:51 | INFO     | KDClient 10 round 19 local training (epochs=3)
[2026-08-13 02:20:54] 2026-08-13 02:20:54 | INFO     | KDClient 10 round 19 completed (acc=0.3336, n=300)
[2026-08-13 02:20:54] 2026-08-13 02:20:54 | INFO     | KDClient 11 fit round 19 (tier=medium)
[2026-08-13 02:20:54] 2026-08-13 02:20:54 | INFO     | KDClient 11 round 19 public KD (epochs=2)
[2026-08-13 02:22:00] 2026-08-13 02:22:00 | INFO     | KDClient 11 round 19 local training (epochs=3)
[2026-08-13 02:22:43] 2026-08-13 02:22:43 | INFO     | KDClient 11 round 19 completed (acc=0.3121, n=300)
[2026-08-13 02:22:43] 2026-08-13 02:22:43 | INFO     | KDClient 12 fit round 19 (tier=medium)
[2026-08-13 02:22:43] 2026-08-13 02:22:43 | INFO     | KDClient 12 round 19 public KD (epochs=2)
[2026-08-13 02:23:31] 2026-08-13 02:23:31 | INFO     | KDClient 12 round 19 local training (epochs=3)
[2026-08-13 02:24:19] 2026-08-13 02:24:19 | INFO     | KDClient 12 round 19 completed (acc=0.3023, n=300)
[2026-08-13 02:24:19] 2026-08-13 02:24:19 | INFO     | KDClient 13 fit round 19 (tier=medium)
[2026-08-13 02:24:19] 2026-08-13 02:24:19 | INFO     | KDClient 13 round 19 public KD (epochs=2)
[2026-08-13 02:25:03] 2026-08-13 02:25:03 | INFO     | KDClient 13 round 19 local training (epochs=3)
[2026-08-13 02:25:48] 2026-08-13 02:25:48 | INFO     | KDClient 13 round 19 completed (acc=0.3382, n=300)
[2026-08-13 02:25:48] 2026-08-13 02:25:48 | INFO     | KDClient 14 fit round 19 (tier=large)
[2026-08-13 02:25:48] 2026-08-13 02:25:48 | INFO     | KDClient 14 round 19 public KD (epochs=2)
[2026-08-13 02:27:04] 2026-08-13 02:27:04 | INFO     | KDClient 14 round 19 local training (epochs=3)
[2026-08-13 02:28:22] 2026-08-13 02:28:22 | INFO     | KDClient 14 round 19 completed (acc=0.3357, n=300)
[2026-08-13 02:28:22] 2026-08-13 02:28:22 | INFO     | KDClient 15 fit round 19 (tier=large)
[2026-08-13 02:28:22] 2026-08-13 02:28:22 | INFO     | KDClient 15 round 19 public KD (epochs=2)
[2026-08-13 02:29:38] 2026-08-13 02:29:38 | INFO     | KDClient 15 round 19 local training (epochs=3)
[2026-08-13 02:30:48] 2026-08-13 02:30:47 | INFO     | KDClient 15 round 19 completed (acc=0.2949, n=300)
[2026-08-13 02:30:48] 2026-08-13 02:30:47 | INFO     | KDClient 16 fit round 19 (tier=large)
[2026-08-13 02:30:48] 2026-08-13 02:30:47 | INFO     | KDClient 16 round 19 public KD (epochs=2)
[2026-08-13 02:31:57] 2026-08-13 02:31:57 | INFO     | KDClient 16 round 19 local training (epochs=3)
[2026-08-13 02:33:13] 2026-08-13 02:33:13 | INFO     | KDClient 16 round 19 completed (acc=0.3349, n=300)
[2026-08-13 02:33:13] 2026-08-13 02:33:13 | INFO     | KDClient 17 fit round 19 (tier=large)
[2026-08-13 02:33:13] 2026-08-13 02:33:13 | INFO     | KDClient 17 round 19 public KD (epochs=2)
[2026-08-13 02:34:33] 2026-08-13 02:34:33 | INFO     | KDClient 17 round 19 local training (epochs=3)
[2026-08-13 02:36:02] 2026-08-13 02:36:02 | INFO     | KDClient 17 round 19 completed (acc=0.3688, n=300)
[2026-08-13 02:36:02] 2026-08-13 02:36:02 | INFO     | KDClient 18 fit round 19 (tier=large)
[2026-08-13 02:36:02] 2026-08-13 02:36:02 | INFO     | KDClient 18 round 19 public KD (epochs=2)
[2026-08-13 02:37:31] 2026-08-13 02:37:31 | INFO     | KDClient 18 round 19 local training (epochs=3)
[2026-08-13 02:38:55] 2026-08-13 02:38:55 | INFO     | KDClient 18 round 19 completed (acc=0.3058, n=300)
[2026-08-13 02:38:55] 2026-08-13 02:38:55 | INFO     | KDClient 19 fit round 19 (tier=large)
[2026-08-13 02:38:55] 2026-08-13 02:38:55 | INFO     | KDClient 19 round 19 public KD (epochs=2)
[2026-08-13 02:40:15] 2026-08-13 02:40:14 | INFO     | KDClient 19 round 19 local training (epochs=3)
[2026-08-13 02:41:34] 2026-08-13 02:41:34 | INFO     | KDClient 19 round 19 completed (acc=0.3087, n=300)
[2026-08-13 02:41:34]   Round  19/40 | Avg: 0.3175 | Min: 0.2866 | Max: 0.3688
[2026-08-13 02:41:34] 2026-08-13 02:41:34 | INFO     | FEDMD — IID: round 20/40 starting
[2026-08-13 02:41:34] 2026-08-13 02:41:34 | INFO     | KDClient 0 fit round 20 (tier=small)
[2026-08-13 02:41:34] 2026-08-13 02:41:34 | INFO     | KDClient 0 round 20 public KD (epochs=2)
[2026-08-13 02:41:53] 2026-08-13 02:41:53 | INFO     | KDClient 0 round 20 local training (epochs=3)
[2026-08-13 02:42:16] 2026-08-13 02:42:16 | INFO     | KDClient 0 round 20 completed (acc=0.3048, n=300)
[2026-08-13 02:42:16] 2026-08-13 02:42:16 | INFO     | KDClient 1 fit round 20 (tier=small)
[2026-08-13 02:42:16] 2026-08-13 02:42:16 | INFO     | KDClient 1 round 20 public KD (epochs=2)
[2026-08-13 02:42:35] 2026-08-13 02:42:35 | INFO     | KDClient 1 round 20 local training (epochs=3)
[2026-08-13 02:42:59] 2026-08-13 02:42:59 | INFO     | KDClient 1 round 20 completed (acc=0.3159, n=300)
[2026-08-13 02:42:59] 2026-08-13 02:42:59 | INFO     | KDClient 2 fit round 20 (tier=small)
[2026-08-13 02:42:59] 2026-08-13 02:42:59 | INFO     | KDClient 2 round 20 public KD (epochs=2)
[2026-08-13 02:43:12] 2026-08-13 02:43:12 | INFO     | KDClient 2 round 20 local training (epochs=3)
[2026-08-13 02:43:33] 2026-08-13 02:43:33 | INFO     | KDClient 2 round 20 completed (acc=0.3083, n=300)
[2026-08-13 02:43:33] 2026-08-13 02:43:33 | INFO     | KDClient 3 fit round 20 (tier=small)
[2026-08-13 02:43:33] 2026-08-13 02:43:33 | INFO     | KDClient 3 round 20 public KD (epochs=2)
[2026-08-13 02:43:46] 2026-08-13 02:43:46 | INFO     | KDClient 3 round 20 local training (epochs=3)
[2026-08-13 02:44:03] 2026-08-13 02:44:03 | INFO     | KDClient 3 round 20 completed (acc=0.2917, n=300)
[2026-08-13 02:44:03] 2026-08-13 02:44:03 | INFO     | KDClient 4 fit round 20 (tier=small)
[2026-08-13 02:44:03] 2026-08-13 02:44:03 | INFO     | KDClient 4 round 20 public KD (epochs=2)
[2026-08-13 02:44:20] 2026-08-13 02:44:20 | INFO     | KDClient 4 round 20 local training (epochs=3)
[2026-08-13 02:44:43] 2026-08-13 02:44:43 | INFO     | KDClient 4 round 20 completed (acc=0.3079, n=300)
[2026-08-13 02:44:43] 2026-08-13 02:44:43 | INFO     | KDClient 5 fit round 20 (tier=small)
[2026-08-13 02:44:43] 2026-08-13 02:44:43 | INFO     | KDClient 5 round 20 public KD (epochs=2)
[2026-08-13 02:44:59] 2026-08-13 02:44:59 | INFO     | KDClient 5 round 20 local training (epochs=3)
[2026-08-13 02:45:20] 2026-08-13 02:45:20 | INFO     | KDClient 5 round 20 completed (acc=0.2984, n=300)
[2026-08-13 02:45:20] 2026-08-13 02:45:20 | INFO     | KDClient 6 fit round 20 (tier=small)
[2026-08-13 02:45:20] 2026-08-13 02:45:20 | INFO     | KDClient 6 round 20 public KD (epochs=2)
[2026-08-13 02:45:38] 2026-08-13 02:45:38 | INFO     | KDClient 6 round 20 local training (epochs=3)
[2026-08-13 02:45:58] 2026-08-13 02:45:58 | INFO     | KDClient 6 round 20 completed (acc=0.2895, n=300)
[2026-08-13 02:45:58] 2026-08-13 02:45:58 | INFO     | KDClient 7 fit round 20 (tier=medium)
[2026-08-13 02:45:58] 2026-08-13 02:45:58 | INFO     | KDClient 7 round 20 public KD (epochs=2)
[2026-08-13 02:46:52] 2026-08-13 02:46:52 | INFO     | KDClient 7 round 20 local training (epochs=3)
[2026-08-13 02:47:49] 2026-08-13 02:47:49 | INFO     | KDClient 7 round 20 completed (acc=0.3393, n=300)
[2026-08-13 02:47:49] 2026-08-13 02:47:49 | INFO     | KDClient 8 fit round 20 (tier=medium)
[2026-08-13 02:47:49] 2026-08-13 02:47:49 | INFO     | KDClient 8 round 20 public KD (epochs=2)
[2026-08-13 02:48:34] 2026-08-13 02:48:34 | INFO     | KDClient 8 round 20 local training (epochs=3)
[2026-08-13 02:49:26] 2026-08-13 02:49:26 | INFO     | KDClient 8 round 20 completed (acc=0.3379, n=300)
[2026-08-13 02:49:26] 2026-08-13 02:49:26 | INFO     | KDClient 9 fit round 20 (tier=medium)
[2026-08-13 02:49:26] 2026-08-13 02:49:26 | INFO     | KDClient 9 round 20 public KD (epochs=2)
[2026-08-13 02:50:23] 2026-08-13 02:50:23 | INFO     | KDClient 9 round 20 local training (epochs=3)
[2026-08-13 02:51:19] 2026-08-13 02:51:19 | INFO     | KDClient 9 round 20 completed (acc=0.3315, n=300)
[2026-08-13 02:51:19] 2026-08-13 02:51:19 | INFO     | KDClient 10 fit round 20 (tier=medium)
[2026-08-13 02:51:19] 2026-08-13 02:51:19 | INFO     | KDClient 10 round 20 public KD (epochs=2)
[2026-08-13 02:52:13] 2026-08-13 02:52:13 | INFO     | KDClient 10 round 20 local training (epochs=3)
[2026-08-13 02:53:11] 2026-08-13 02:53:11 | INFO     | KDClient 10 round 20 completed (acc=0.3356, n=300)
[2026-08-13 02:53:11] 2026-08-13 02:53:11 | INFO     | KDClient 11 fit round 20 (tier=medium)
[2026-08-13 02:53:11] 2026-08-13 02:53:11 | INFO     | KDClient 11 round 20 public KD (epochs=2)
[2026-08-13 02:54:13] 2026-08-13 02:54:13 | INFO     | KDClient 11 round 20 local training (epochs=3)
[2026-08-13 02:54:58] 2026-08-13 02:54:58 | INFO     | KDClient 11 round 20 completed (acc=0.3169, n=300)
[2026-08-13 02:54:58] 2026-08-13 02:54:58 | INFO     | KDClient 12 fit round 20 (tier=medium)
[2026-08-13 02:54:58] 2026-08-13 02:54:58 | INFO     | KDClient 12 round 20 public KD (epochs=2)
[2026-08-13 02:55:46] 2026-08-13 02:55:46 | INFO     | KDClient 12 round 20 local training (epochs=3)
[2026-08-13 02:56:42] 2026-08-13 02:56:42 | INFO     | KDClient 12 round 20 completed (acc=0.3139, n=300)
[2026-08-13 02:56:42] 2026-08-13 02:56:42 | INFO     | KDClient 13 fit round 20 (tier=medium)
[2026-08-13 02:56:42] 2026-08-13 02:56:42 | INFO     | KDClient 13 round 20 public KD (epochs=2)
[2026-08-13 02:57:23] 2026-08-13 02:57:23 | INFO     | KDClient 13 round 20 local training (epochs=3)
[2026-08-13 02:58:02] 2026-08-13 02:58:02 | INFO     | KDClient 13 round 20 completed (acc=0.3376, n=300)
[2026-08-13 02:58:02] 2026-08-13 02:58:02 | INFO     | KDClient 14 fit round 20 (tier=large)
[2026-08-13 02:58:02] 2026-08-13 02:58:02 | INFO     | KDClient 14 round 20 public KD (epochs=2)
[2026-08-13 02:59:59] 2026-08-13 02:59:59 | INFO     | KDClient 14 round 20 local training (epochs=3)
[2026-08-13 03:01:32] 2026-08-13 03:01:32 | INFO     | KDClient 14 round 20 completed (acc=0.3310, n=300)
[2026-08-13 03:01:32] 2026-08-13 03:01:32 | INFO     | KDClient 15 fit round 20 (tier=large)
[2026-08-13 03:01:32] 2026-08-13 03:01:32 | INFO     | KDClient 15 round 20 public KD (epochs=2)
[2026-08-13 03:02:58] 2026-08-13 03:02:58 | INFO     | KDClient 15 round 20 local training (epochs=3)
[2026-08-13 03:04:27] 2026-08-13 03:04:27 | INFO     | KDClient 15 round 20 completed (acc=0.3012, n=300)
[2026-08-13 03:04:27] 2026-08-13 03:04:27 | INFO     | KDClient 16 fit round 20 (tier=large)
[2026-08-13 03:04:27] 2026-08-13 03:04:27 | INFO     | KDClient 16 round 20 public KD (epochs=2)
[2026-08-13 03:05:44] 2026-08-13 03:05:44 | INFO     | KDClient 16 round 20 local training (epochs=3)
[2026-08-13 03:07:12] 2026-08-13 03:07:12 | INFO     | KDClient 16 round 20 completed (acc=0.3304, n=300)
[2026-08-13 03:07:12] 2026-08-13 03:07:12 | INFO     | KDClient 17 fit round 20 (tier=large)
[2026-08-13 03:07:12] 2026-08-13 03:07:12 | INFO     | KDClient 17 round 20 public KD (epochs=2)
[2026-08-13 03:08:29] 2026-08-13 03:08:29 | INFO     | KDClient 17 round 20 local training (epochs=3)
[2026-08-13 03:09:56] 2026-08-13 03:09:56 | INFO     | KDClient 17 round 20 completed (acc=0.3716, n=300)
[2026-08-13 03:09:56] 2026-08-13 03:09:56 | INFO     | KDClient 18 fit round 20 (tier=large)
[2026-08-13 03:09:56] 2026-08-13 03:09:56 | INFO     | KDClient 18 round 20 public KD (epochs=2)
[2026-08-13 03:11:15] 2026-08-13 03:11:15 | INFO     | KDClient 18 round 20 local training (epochs=3)
[2026-08-13 03:12:44] 2026-08-13 03:12:44 | INFO     | KDClient 18 round 20 completed (acc=0.3014, n=300)
[2026-08-13 03:12:44] 2026-08-13 03:12:44 | INFO     | KDClient 19 fit round 20 (tier=large)
[2026-08-13 03:12:44] 2026-08-13 03:12:44 | INFO     | KDClient 19 round 20 public KD (epochs=2)
[2026-08-13 03:14:03] 2026-08-13 03:14:03 | INFO     | KDClient 19 round 20 local training (epochs=3)
[2026-08-13 03:15:31] 2026-08-13 03:15:31 | INFO     | KDClient 19 round 20 completed (acc=0.3089, n=300)
[2026-08-13 03:15:31]   Round  20/40 | Avg: 0.3187 | Min: 0.2895 | Max: 0.3716
[2026-08-13 03:15:31] 2026-08-13 03:15:31 | INFO     | FEDMD — IID: round 21/40 starting
[2026-08-13 03:15:31] 2026-08-13 03:15:31 | INFO     | KDClient 0 fit round 21 (tier=small)
[2026-08-13 03:15:31] 2026-08-13 03:15:31 | INFO     | KDClient 0 round 21 public KD (epochs=2)
[2026-08-13 03:15:46] 2026-08-13 03:15:46 | INFO     | KDClient 0 round 21 local training (epochs=3)
[2026-08-13 03:16:11] 2026-08-13 03:16:11 | INFO     | KDClient 0 round 21 completed (acc=0.2992, n=300)
[2026-08-13 03:16:11] 2026-08-13 03:16:11 | INFO     | KDClient 1 fit round 21 (tier=small)
[2026-08-13 03:16:11] 2026-08-13 03:16:11 | INFO     | KDClient 1 round 21 public KD (epochs=2)
[2026-08-13 03:16:28] 2026-08-13 03:16:27 | INFO     | KDClient 1 round 21 local training (epochs=3)
[2026-08-13 03:16:45] 2026-08-13 03:16:45 | INFO     | KDClient 1 round 21 completed (acc=0.3143, n=300)
[2026-08-13 03:16:45] 2026-08-13 03:16:45 | INFO     | KDClient 2 fit round 21 (tier=small)
[2026-08-13 03:16:45] 2026-08-13 03:16:45 | INFO     | KDClient 2 round 21 public KD (epochs=2)
[2026-08-13 03:17:01] 2026-08-13 03:17:01 | INFO     | KDClient 2 round 21 local training (epochs=3)
[2026-08-13 03:17:25] 2026-08-13 03:17:25 | INFO     | KDClient 2 round 21 completed (acc=0.3056, n=300)
[2026-08-13 03:17:25] 2026-08-13 03:17:25 | INFO     | KDClient 3 fit round 21 (tier=small)
[2026-08-13 03:17:25] 2026-08-13 03:17:25 | INFO     | KDClient 3 round 21 public KD (epochs=2)
[2026-08-13 03:17:42] 2026-08-13 03:17:42 | INFO     | KDClient 3 round 21 local training (epochs=3)
[2026-08-13 03:18:03] 2026-08-13 03:18:03 | INFO     | KDClient 3 round 21 completed (acc=0.2826, n=300)
[2026-08-13 03:18:03] 2026-08-13 03:18:03 | INFO     | KDClient 4 fit round 21 (tier=small)
[2026-08-13 03:18:03] 2026-08-13 03:18:03 | INFO     | KDClient 4 round 21 public KD (epochs=2)
[2026-08-13 03:18:18] 2026-08-13 03:18:18 | INFO     | KDClient 4 round 21 local training (epochs=3)
[2026-08-13 03:18:47] 2026-08-13 03:18:47 | INFO     | KDClient 4 round 21 completed (acc=0.3074, n=300)
[2026-08-13 03:18:47] 2026-08-13 03:18:47 | INFO     | KDClient 5 fit round 21 (tier=small)
[2026-08-13 03:18:47] 2026-08-13 03:18:47 | INFO     | KDClient 5 round 21 public KD (epochs=2)
[2026-08-13 03:19:05] 2026-08-13 03:19:05 | INFO     | KDClient 5 round 21 local training (epochs=3)
[2026-08-13 03:19:30] 2026-08-13 03:19:30 | INFO     | KDClient 5 round 21 completed (acc=0.3013, n=300)
[2026-08-13 03:19:30] 2026-08-13 03:19:30 | INFO     | KDClient 6 fit round 21 (tier=small)
[2026-08-13 03:19:30] 2026-08-13 03:19:30 | INFO     | KDClient 6 round 21 public KD (epochs=2)
[2026-08-13 03:19:48] 2026-08-13 03:19:48 | INFO     | KDClient 6 round 21 local training (epochs=3)
[2026-08-13 03:20:11] 2026-08-13 03:20:11 | INFO     | KDClient 6 round 21 completed (acc=0.2935, n=300)
[2026-08-13 03:20:11] 2026-08-13 03:20:11 | INFO     | KDClient 7 fit round 21 (tier=medium)
[2026-08-13 03:20:11] 2026-08-13 03:20:11 | INFO     | KDClient 7 round 21 public KD (epochs=2)
[2026-08-13 03:21:03] 2026-08-13 03:21:03 | INFO     | KDClient 7 round 21 local training (epochs=3)
[2026-08-13 03:22:01] 2026-08-13 03:22:01 | INFO     | KDClient 7 round 21 completed (acc=0.3398, n=300)
[2026-08-13 03:22:01] 2026-08-13 03:22:01 | INFO     | KDClient 8 fit round 21 (tier=medium)
[2026-08-13 03:22:01] 2026-08-13 03:22:01 | INFO     | KDClient 8 round 21 public KD (epochs=2)
[2026-08-13 03:22:51] 2026-08-13 03:22:51 | INFO     | KDClient 8 round 21 local training (epochs=3)
[2026-08-13 03:23:40] 2026-08-13 03:23:40 | INFO     | KDClient 8 round 21 completed (acc=0.3303, n=300)
[2026-08-13 03:23:40] 2026-08-13 03:23:40 | INFO     | KDClient 9 fit round 21 (tier=medium)
[2026-08-13 03:23:40] 2026-08-13 03:23:40 | INFO     | KDClient 9 round 21 public KD (epochs=2)
[2026-08-13 03:24:34] 2026-08-13 03:24:34 | INFO     | KDClient 9 round 21 local training (epochs=3)
[2026-08-13 03:25:28] 2026-08-13 03:25:28 | INFO     | KDClient 9 round 21 completed (acc=0.3336, n=300)
[2026-08-13 03:25:28] 2026-08-13 03:25:28 | INFO     | KDClient 10 fit round 21 (tier=medium)
[2026-08-13 03:25:28] 2026-08-13 03:25:28 | INFO     | KDClient 10 round 21 public KD (epochs=2)
[2026-08-13 03:26:19] 2026-08-13 03:26:19 | INFO     | KDClient 10 round 21 local training (epochs=3)
[2026-08-13 03:27:18] 2026-08-13 03:27:18 | INFO     | KDClient 10 round 21 completed (acc=0.3292, n=300)
[2026-08-13 03:27:18] 2026-08-13 03:27:18 | INFO     | KDClient 11 fit round 21 (tier=medium)
[2026-08-13 03:27:18] 2026-08-13 03:27:18 | INFO     | KDClient 11 round 21 public KD (epochs=2)
[2026-08-13 03:28:04] 2026-08-13 03:28:04 | INFO     | KDClient 11 round 21 local training (epochs=3)
[2026-08-13 03:28:48] 2026-08-13 03:28:48 | INFO     | KDClient 11 round 21 completed (acc=0.3094, n=300)
[2026-08-13 03:28:48] 2026-08-13 03:28:48 | INFO     | KDClient 12 fit round 21 (tier=medium)
[2026-08-13 03:28:48] 2026-08-13 03:28:48 | INFO     | KDClient 12 round 21 public KD (epochs=2)
[2026-08-13 03:29:33] 2026-08-13 03:29:33 | INFO     | KDClient 12 round 21 local training (epochs=3)
[2026-08-13 03:30:17] 2026-08-13 03:30:17 | INFO     | KDClient 12 round 21 completed (acc=0.3150, n=300)
[2026-08-13 03:30:17] 2026-08-13 03:30:17 | INFO     | KDClient 13 fit round 21 (tier=medium)
[2026-08-13 03:30:17] 2026-08-13 03:30:17 | INFO     | KDClient 13 round 21 public KD (epochs=2)
[2026-08-13 03:31:03] 2026-08-13 03:31:03 | INFO     | KDClient 13 round 21 local training (epochs=3)
[2026-08-13 03:31:58] 2026-08-13 03:31:58 | INFO     | KDClient 13 round 21 completed (acc=0.3305, n=300)
[2026-08-13 03:31:58] 2026-08-13 03:31:58 | INFO     | KDClient 14 fit round 21 (tier=large)
[2026-08-13 03:31:58] 2026-08-13 03:31:58 | INFO     | KDClient 14 round 21 public KD (epochs=2)
[2026-08-13 03:33:18] 2026-08-13 03:33:18 | INFO     | KDClient 14 round 21 local training (epochs=3)
[2026-08-13 03:34:46] 2026-08-13 03:34:46 | INFO     | KDClient 14 round 21 completed (acc=0.3359, n=300)
[2026-08-13 03:34:46] 2026-08-13 03:34:46 | INFO     | KDClient 15 fit round 21 (tier=large)
[2026-08-13 03:34:46] 2026-08-13 03:34:46 | INFO     | KDClient 15 round 21 public KD (epochs=2)
[2026-08-13 03:35:57] 2026-08-13 03:35:57 | INFO     | KDClient 15 round 21 local training (epochs=3)
[2026-08-13 03:37:14] 2026-08-13 03:37:14 | INFO     | KDClient 15 round 21 completed (acc=0.3054, n=300)
[2026-08-13 03:37:14] 2026-08-13 03:37:14 | INFO     | KDClient 16 fit round 21 (tier=large)
[2026-08-13 03:37:14] 2026-08-13 03:37:14 | INFO     | KDClient 16 round 21 public KD (epochs=2)
[2026-08-13 03:38:35] 2026-08-13 03:38:35 | INFO     | KDClient 16 round 21 local training (epochs=3)
[2026-08-13 03:40:02] 2026-08-13 03:40:02 | INFO     | KDClient 16 round 21 completed (acc=0.3255, n=300)
[2026-08-13 03:40:02] 2026-08-13 03:40:02 | INFO     | KDClient 17 fit round 21 (tier=large)
[2026-08-13 03:40:02] 2026-08-13 03:40:02 | INFO     | KDClient 17 round 21 public KD (epochs=2)
[2026-08-13 03:41:20] 2026-08-13 03:41:20 | INFO     | KDClient 17 round 21 local training (epochs=3)
[2026-08-13 03:42:41] 2026-08-13 03:42:41 | INFO     | KDClient 17 round 21 completed (acc=0.3687, n=300)
[2026-08-13 03:42:41] 2026-08-13 03:42:41 | INFO     | KDClient 18 fit round 21 (tier=large)
[2026-08-13 03:42:41] 2026-08-13 03:42:41 | INFO     | KDClient 18 round 21 public KD (epochs=2)
[2026-08-13 03:44:00] 2026-08-13 03:44:00 | INFO     | KDClient 18 round 21 local training (epochs=3)
[2026-08-13 03:45:37] 2026-08-13 03:45:37 | INFO     | KDClient 18 round 21 completed (acc=0.3068, n=300)
[2026-08-13 03:45:37] 2026-08-13 03:45:37 | INFO     | KDClient 19 fit round 21 (tier=large)
[2026-08-13 03:45:37] 2026-08-13 03:45:37 | INFO     | KDClient 19 round 21 public KD (epochs=2)
[2026-08-13 03:47:00] 2026-08-13 03:47:00 | INFO     | KDClient 19 round 21 local training (epochs=3)
[2026-08-13 03:48:17] 2026-08-13 03:48:17 | INFO     | KDClient 19 round 21 completed (acc=0.3178, n=300)
[2026-08-13 03:48:17]   Round  21/40 | Avg: 0.3176 | Min: 0.2826 | Max: 0.3687
[2026-08-13 03:48:17] 2026-08-13 03:48:17 | INFO     | FEDMD — IID: round 22/40 starting
[2026-08-13 03:48:17] 2026-08-13 03:48:17 | INFO     | KDClient 0 fit round 22 (tier=small)
[2026-08-13 03:48:17] 2026-08-13 03:48:17 | INFO     | KDClient 0 round 22 public KD (epochs=2)
[2026-08-13 03:48:33] 2026-08-13 03:48:33 | INFO     | KDClient 0 round 22 local training (epochs=3)
[2026-08-13 03:48:50] 2026-08-13 03:48:50 | INFO     | KDClient 0 round 22 completed (acc=0.3092, n=300)
[2026-08-13 03:48:50] 2026-08-13 03:48:50 | INFO     | KDClient 1 fit round 22 (tier=small)
[2026-08-13 03:48:50] 2026-08-13 03:48:50 | INFO     | KDClient 1 round 22 public KD (epochs=2)
[2026-08-13 03:49:06] 2026-08-13 03:49:06 | INFO     | KDClient 1 round 22 local training (epochs=3)
[2026-08-13 03:49:28] 2026-08-13 03:49:28 | INFO     | KDClient 1 round 22 completed (acc=0.3042, n=300)
[2026-08-13 03:49:28] 2026-08-13 03:49:28 | INFO     | KDClient 2 fit round 22 (tier=small)
[2026-08-13 03:49:28] 2026-08-13 03:49:28 | INFO     | KDClient 2 round 22 public KD (epochs=2)
[2026-08-13 03:49:43] 2026-08-13 03:49:43 | INFO     | KDClient 2 round 22 local training (epochs=3)
[2026-08-13 03:50:01] 2026-08-13 03:50:01 | INFO     | KDClient 2 round 22 completed (acc=0.3046, n=300)
[2026-08-13 03:50:01] 2026-08-13 03:50:01 | INFO     | KDClient 3 fit round 22 (tier=small)
[2026-08-13 03:50:01] 2026-08-13 03:50:01 | INFO     | KDClient 3 round 22 public KD (epochs=2)
[2026-08-13 03:50:14] 2026-08-13 03:50:14 | INFO     | KDClient 3 round 22 local training (epochs=3)
[2026-08-13 03:50:32] 2026-08-13 03:50:32 | INFO     | KDClient 3 round 22 completed (acc=0.2880, n=300)
[2026-08-13 03:50:32] 2026-08-13 03:50:32 | INFO     | KDClient 4 fit round 22 (tier=small)
[2026-08-13 03:50:32] 2026-08-13 03:50:32 | INFO     | KDClient 4 round 22 public KD (epochs=2)
[2026-08-13 03:50:45] 2026-08-13 03:50:45 | INFO     | KDClient 4 round 22 local training (epochs=3)
[2026-08-13 03:51:05] 2026-08-13 03:51:05 | INFO     | KDClient 4 round 22 completed (acc=0.3118, n=300)
[2026-08-13 03:51:05] 2026-08-13 03:51:05 | INFO     | KDClient 5 fit round 22 (tier=small)
[2026-08-13 03:51:05] 2026-08-13 03:51:05 | INFO     | KDClient 5 round 22 public KD (epochs=2)
[2026-08-13 03:51:21] 2026-08-13 03:51:21 | INFO     | KDClient 5 round 22 local training (epochs=3)
[2026-08-13 03:51:43] 2026-08-13 03:51:43 | INFO     | KDClient 5 round 22 completed (acc=0.2980, n=300)
[2026-08-13 03:51:43] 2026-08-13 03:51:43 | INFO     | KDClient 6 fit round 22 (tier=small)
[2026-08-13 03:51:43] 2026-08-13 03:51:43 | INFO     | KDClient 6 round 22 public KD (epochs=2)
[2026-08-13 03:51:57] 2026-08-13 03:51:57 | INFO     | KDClient 6 round 22 local training (epochs=3)
[2026-08-13 03:52:23] 2026-08-13 03:52:23 | INFO     | KDClient 6 round 22 completed (acc=0.2895, n=300)
[2026-08-13 03:52:23] 2026-08-13 03:52:23 | INFO     | KDClient 7 fit round 22 (tier=medium)
[2026-08-13 03:52:23] 2026-08-13 03:52:23 | INFO     | KDClient 7 round 22 public KD (epochs=2)
[2026-08-13 03:53:16] 2026-08-13 03:53:16 | INFO     | KDClient 7 round 22 local training (epochs=3)
[2026-08-13 03:54:16] 2026-08-13 03:54:16 | INFO     | KDClient 7 round 22 completed (acc=0.3341, n=300)
[2026-08-13 03:54:16] 2026-08-13 03:54:16 | INFO     | KDClient 8 fit round 22 (tier=medium)
[2026-08-13 03:54:16] 2026-08-13 03:54:16 | INFO     | KDClient 8 round 22 public KD (epochs=2)
[2026-08-13 03:55:07] 2026-08-13 03:55:07 | INFO     | KDClient 8 round 22 local training (epochs=3)
[2026-08-13 03:56:13] 2026-08-13 03:56:13 | INFO     | KDClient 8 round 22 completed (acc=0.3288, n=300)
[2026-08-13 03:56:13] 2026-08-13 03:56:13 | INFO     | KDClient 9 fit round 22 (tier=medium)
[2026-08-13 03:56:13] 2026-08-13 03:56:13 | INFO     | KDClient 9 round 22 public KD (epochs=2)
[2026-08-13 03:57:21] 2026-08-13 03:57:20 | INFO     | KDClient 9 round 22 local training (epochs=3)
[2026-08-13 03:58:12] 2026-08-13 03:58:12 | INFO     | KDClient 9 round 22 completed (acc=0.3366, n=300)
[2026-08-13 03:58:12] 2026-08-13 03:58:12 | INFO     | KDClient 10 fit round 22 (tier=medium)
[2026-08-13 03:58:12] 2026-08-13 03:58:12 | INFO     | KDClient 10 round 22 public KD (epochs=2)
[2026-08-13 03:58:55] 2026-08-13 03:58:55 | INFO     | KDClient 10 round 22 local training (epochs=3)
[2026-08-13 03:59:40] 2026-08-13 03:59:40 | INFO     | KDClient 10 round 22 completed (acc=0.3285, n=300)
[2026-08-13 03:59:40] 2026-08-13 03:59:40 | INFO     | KDClient 11 fit round 22 (tier=medium)
[2026-08-13 03:59:40] 2026-08-13 03:59:40 | INFO     | KDClient 11 round 22 public KD (epochs=2)
