[2026-07-25 11:19:07] ============================================================
[2026-07-25 11:19:07]   JOB START   : home_occupancy_fedakd_uniform
[2026-07-25 11:19:07]   PID         : 1673769
[2026-07-25 11:19:07]   Log         : /home/gad/Desktop/HomeSenseKD/logs/phase1/home_occupancy_fedakd_uniform.log
[2026-07-25 11:19:07]   Results dir : /home/gad/Desktop/HomeSenseKD/results/phase1
[2026-07-25 11:19:07]   Fig dir     : /home/gad/Desktop/HomeSenseKD/results/phase1/figures
[2026-07-25 11:19:07]   Cmd         : /home/gad/Desktop/HomeSenseKD/myenv/bin/python /home/gad/Desktop/HomeSenseKD/run_fedkd.py \
[2026-07-25 11:19:07]                   --config /home/gad/Desktop/HomeSenseKD/config/home_occupancy.yaml \
[2026-07-25 11:19:07]                   --algorithm fedakd --heterogeneity uniform \
[2026-07-25 11:19:07]                   --override experiment.results_dir=/home/gad/Desktop/HomeSenseKD/results/phase1 \
[2026-07-25 11:19:07]                              experiment.fig_dir=/home/gad/Desktop/HomeSenseKD/results/phase1/figures
[2026-07-25 11:19:07] ============================================================
[2026-07-26 03:52:09] WARNING: All log messages before absl::InitializeLog() is called are written to STDERR
[2026-07-26 03:52:09] I0000 00:00:1784992747.970256 1673826 port.cc:153] oneDNN custom operations are on. You may see slightly different numerical results due to floating-point round-off errors from different computation orders. To turn them off, set the environment variable `TF_ENABLE_ONEDNN_OPTS=0`.
[2026-07-26 03:52:09] I0000 00:00:1784992747.972689 1673826 cudart_stub.cc:31] Could not find cuda drivers on your machine, GPU will not be used.
[2026-07-26 03:52:09] I0000 00:00:1784992748.191098 1673826 cpu_feature_guard.cc:227] This TensorFlow binary is optimized to use available CPU instructions in performance-critical operations.
[2026-07-26 03:52:09] To enable the following instructions: AVX2 AVX_VNNI FMA, in other operations, rebuild TensorFlow with the appropriate compiler flags.
[2026-07-26 03:52:09] WARNING: All log messages before absl::InitializeLog() is called are written to STDERR
[2026-07-26 03:52:09] I0000 00:00:1784992749.190107 1673826 port.cc:153] oneDNN custom operations are on. You may see slightly different numerical results due to floating-point round-off errors from different computation orders. To turn them off, set the environment variable `TF_ENABLE_ONEDNN_OPTS=0`.
[2026-07-26 03:52:09] I0000 00:00:1784992749.191499 1673826 cudart_stub.cc:31] Could not find cuda drivers on your machine, GPU will not be used.
[2026-07-26 03:52:09] 2026-07-25 11:19:10 | INFO     | Experiment started: fedkd_experiment
[2026-07-26 03:52:09] 2026-07-25 11:19:10 | INFO     | Configuration: {"algorithms": ["fedmd", "fedakd", "mks", "fedavg", "fedprox", "local", "central"], "data": {"dataset": "home_occupancy", "dirichlet_alpha": 0.5, "n_classes": 3, "n_parties": 20, "n_samples_per_class": 30, "n_stft_bins": 8, "public_dataset": "home_har", "settings": ["iid", "noniid"], "window_size": 1500}, "experiment": {"fig_dir": "/home/gad/Desktop/HomeSenseKD/results/phase1/figures", "log_dir": "logs", "name": "fedkd_experiment", "results_dir": "/home/gad/Desktop/HomeSenseKD/results/phase1", "seeds": [42, 123, 456]}, "federated": {"fedprox_mu": 0.01, "kd_epochs": 2, "local_epochs": 4, "n_alignment": 10000, "n_rounds": 50}, "models": {"distributions": {"all_small": [1.0, 0.0, 0.0], "skewed": [0.6, 0.3, 0.1], "uniform": [0.35, 0.35, 0.3]}, "heterogeneity": "uniform"}}
[2026-07-26 03:52:09]   Saved tiers_home_occupancy_uniform.png
[2026-07-26 03:52:09] =================================================================
[2026-07-26 03:52:09]   Dataset    : home_occupancy  (public: home_har)
[2026-07-26 03:52:09]   Algorithms : ['fedakd']
[2026-07-26 03:52:09]   Heterogen. : uniform  ->  ['small', 'small', 'small', 'small', 'small', 'small']...
[2026-07-26 03:52:09]   Seeds      : [42, 123, 456]
[2026-07-26 03:52:09]   Settings   : ['iid', 'noniid']
[2026-07-26 03:52:09] =================================================================
[2026-07-26 03:52:09] 2026-07-25 11:19:10 | INFO     | run_multiseed: seed=42  algo=fedakd  dataset=home_occupancy  hetero=uniform
[2026-07-26 03:52:09] 
[2026-07-26 03:52:09] [seed=42]  FEDAKD  dataset=home_occupancy  hetero=uniform
[2026-07-26 03:52:09] 2026-07-25 11:19:10 | INFO     | Loading target dataset: 'home_occupancy'  public dataset: 'home_har'
[2026-07-26 03:52:09] 2026-07-25 11:19:10 | INFO     | Input shape: (1500, 12)  is_image: False
[2026-07-26 03:52:09] Warning: You are sending unauthenticated requests to the HF Hub. Please set a HF_TOKEN to enable higher rate limits and faster downloads.
[2026-07-26 03:52:09] Loading HomeOccupancy...
[2026-07-26 03:52:09]   empty_1: 192
[2026-07-26 03:52:09]   empty_2: 183
[2026-07-26 03:52:09]   empty_3 test: 181
[2026-07-26 03:52:09]   sleep_1: 191
[2026-07-26 03:52:09]   sleep_2: 189
[2026-07-26 03:52:09]   sleep_3 test: 181
[2026-07-26 03:52:09]   work_1: 118
[2026-07-26 03:52:09]   work_2: 175
[2026-07-26 03:52:09]   work_3 test: 193
[2026-07-26 03:52:09]   -> 1048 train, 555 test
[2026-07-26 03:52:09] Loading HomeHAR...
[2026-07-26 03:52:09]   data1/drink.csv: 210
[2026-07-26 03:52:09]   data1/eat.csv: 198
[2026-07-26 03:52:09]   data1/empty.csv: 190
[2026-07-26 03:52:09]   data1/sleep.csv: 199
[2026-07-26 03:52:09]   data1/smoke.csv: 198
[2026-07-26 03:52:09]   data1/watch.csv: 190
[2026-07-26 03:52:09]   data1/work.csv: 190
[2026-07-26 03:52:09]   -> 1375 public
[2026-07-26 03:52:09] 2026-07-25 11:20:44 | INFO     | Dataset loaded: x_train=(1048, 1500, 12)  y_train=(1048,)  x_test=(555, 1500, 12)  x_public=(1375, 1500, 12)
[2026-07-26 03:52:09] 2026-07-25 11:20:44 | INFO     | Partitioning data: n_classes=3 n_parties=20 iid_spc=30 alpha=0.500
[2026-07-26 03:52:09] 2026-07-25 11:20:44 | INFO     | run_one_algo: algorithm=fedakd  settings=['iid', 'noniid']
[2026-07-26 03:52:09] 2026-07-25 11:20:44 | INFO     | run_one_algo: algorithm=fedakd  setting=iid
[2026-07-26 03:52:09] 2026-07-25 11:20:44 | INFO     | Building 20 client models for algo=fedakd  tiers=['small', 'small', 'small', 'small', 'small', 'small', 'small', 'medium', 'medium', 'medium', 'medium', 'medium', 'medium', 'medium', 'large', 'large', 'large', 'large', 'large', 'large']
[2026-07-26 03:52:09] E0000 00:00:1784992844.286347 1673826 cuda_platform.cc:52] failed call to cuInit: INTERNAL: CUDA error: Failed call to cuInit: CUDA_ERROR_COMPAT_NOT_SUPPORTED_ON_DEVICE: forward compatibility was attempted on non supported HW
[2026-07-26 03:52:09] I0000 00:00:1784992844.286485 1673826 cuda_diagnostics.cc:171] verbose logging is disabled. Rerun with verbose logging (usually --v=1 or --vmodule=cuda_diagnostics=1) to get more diagnostic output from this module
[2026-07-26 03:52:09] I0000 00:00:1784992844.286487 1673826 cuda_diagnostics.cc:176] retrieving CUDA diagnostic information for host: gad-XPS-8960
[2026-07-26 03:52:09] I0000 00:00:1784992844.286490 1673826 cuda_diagnostics.cc:183] hostname: gad-XPS-8960
[2026-07-26 03:52:09] I0000 00:00:1784992844.286642 1673826 cuda_diagnostics.cc:190] libcuda reported version is: 580.173.2
[2026-07-26 03:52:09] I0000 00:00:1784992844.286654 1673826 cuda_diagnostics.cc:194] kernel reported version is: 580.159.3
[2026-07-26 03:52:09] E0000 00:00:1784992844.286656 1673826 cuda_diagnostics.cc:287] kernel version 580.159.3 does not match DSO version 580.173.2 -- cannot find working devices in this configuration
[2026-07-26 03:52:09] 2026-07-25 11:20:45 | INFO     | Starting FEDAKD — IID (50 rounds, 20 clients)
[2026-07-26 03:52:09] 
[2026-07-26 03:52:09] =================================================================
[2026-07-26 03:52:09]   FEDAKD — IID
[2026-07-26 03:52:09] =================================================================
[2026-07-26 03:52:09] 2026-07-25 11:20:45 | INFO     | FEDAKD — IID: round 1/50 starting
[2026-07-26 03:52:09] 2026-07-25 11:20:45 | INFO     | KDClient 0 fit round 1 (tier=small)
[2026-07-26 03:52:09] 2026-07-25 11:20:45 | INFO     | KDClient 0 round 1 local training (epochs=4)
[2026-07-26 03:52:09] 2026-07-25 11:20:55 | INFO     | KDClient 0 round 1 completed (acc=0.2775, n=90)
[2026-07-26 03:52:09] 2026-07-25 11:20:55 | INFO     | KDClient 1 fit round 1 (tier=small)
[2026-07-26 03:52:09] 2026-07-25 11:20:55 | INFO     | KDClient 1 round 1 local training (epochs=4)
[2026-07-26 03:52:09] 2026-07-25 11:21:10 | INFO     | KDClient 1 round 1 completed (acc=0.2126, n=90)
[2026-07-26 03:52:09] 2026-07-25 11:21:10 | INFO     | KDClient 2 fit round 1 (tier=small)
[2026-07-26 03:52:09] 2026-07-25 11:21:10 | INFO     | KDClient 2 round 1 local training (epochs=4)
[2026-07-26 03:52:09] 2026-07-25 11:21:25 | INFO     | KDClient 2 round 1 completed (acc=0.6486, n=90)
[2026-07-26 03:52:09] 2026-07-25 11:21:25 | INFO     | KDClient 3 fit round 1 (tier=small)
[2026-07-26 03:52:09] 2026-07-25 11:21:25 | INFO     | KDClient 3 round 1 local training (epochs=4)
[2026-07-26 03:52:09] 2026-07-25 11:21:41 | INFO     | KDClient 3 round 1 completed (acc=0.5946, n=90)
[2026-07-26 03:52:09] 2026-07-25 11:21:41 | INFO     | KDClient 4 fit round 1 (tier=small)
[2026-07-26 03:52:09] 2026-07-25 11:21:41 | INFO     | KDClient 4 round 1 local training (epochs=4)
[2026-07-26 03:52:09] 2026-07-25 11:21:58 | INFO     | KDClient 4 round 1 completed (acc=0.3441, n=90)
[2026-07-26 03:52:09] 2026-07-25 11:21:58 | INFO     | KDClient 5 fit round 1 (tier=small)
[2026-07-26 03:52:09] 2026-07-25 11:21:58 | INFO     | KDClient 5 round 1 local training (epochs=4)
[2026-07-26 03:52:09] 2026-07-25 11:22:20 | INFO     | KDClient 5 round 1 completed (acc=0.6054, n=90)
[2026-07-26 03:52:09] 2026-07-25 11:22:20 | INFO     | KDClient 6 fit round 1 (tier=small)
[2026-07-26 03:52:09] 2026-07-25 11:22:20 | INFO     | KDClient 6 round 1 local training (epochs=4)
[2026-07-26 03:52:09] 2026-07-25 11:22:32 | INFO     | KDClient 6 round 1 completed (acc=0.5387, n=90)
[2026-07-26 03:52:09] 2026-07-25 11:22:32 | INFO     | KDClient 7 fit round 1 (tier=medium)
[2026-07-26 03:52:09] 2026-07-25 11:22:32 | INFO     | KDClient 7 round 1 local training (epochs=4)
[2026-07-26 03:52:09] 2026-07-25 11:23:01 | INFO     | KDClient 7 round 1 completed (acc=0.3135, n=90)
[2026-07-26 03:52:09] 2026-07-25 11:23:01 | INFO     | KDClient 8 fit round 1 (tier=medium)
[2026-07-26 03:52:09] 2026-07-25 11:23:01 | INFO     | KDClient 8 round 1 local training (epochs=4)
[2026-07-26 03:52:09] 2026-07-25 11:23:32 | INFO     | KDClient 8 round 1 completed (acc=0.4198, n=90)
[2026-07-26 03:52:09] 2026-07-25 11:23:32 | INFO     | KDClient 9 fit round 1 (tier=medium)
[2026-07-26 03:52:09] 2026-07-25 11:23:32 | INFO     | KDClient 9 round 1 local training (epochs=4)
[2026-07-26 03:52:09] 2026-07-25 11:24:00 | INFO     | KDClient 9 round 1 completed (acc=0.3892, n=90)
[2026-07-26 03:52:09] 2026-07-25 11:24:00 | INFO     | KDClient 10 fit round 1 (tier=medium)
[2026-07-26 03:52:09] 2026-07-25 11:24:00 | INFO     | KDClient 10 round 1 local training (epochs=4)
[2026-07-26 03:52:09] 2026-07-25 11:24:35 | INFO     | KDClient 10 round 1 completed (acc=0.3117, n=90)
[2026-07-26 03:52:09] 2026-07-25 11:24:35 | INFO     | KDClient 11 fit round 1 (tier=medium)
[2026-07-26 03:52:09] 2026-07-25 11:24:35 | INFO     | KDClient 11 round 1 local training (epochs=4)
[2026-07-26 03:52:09] 2026-07-25 11:25:07 | INFO     | KDClient 11 round 1 completed (acc=0.5748, n=90)
[2026-07-26 03:52:09] 2026-07-25 11:25:07 | INFO     | KDClient 12 fit round 1 (tier=medium)
[2026-07-26 03:52:09] 2026-07-25 11:25:07 | INFO     | KDClient 12 round 1 local training (epochs=4)
[2026-07-26 03:52:09] 2026-07-25 11:25:41 | INFO     | KDClient 12 round 1 completed (acc=0.3928, n=90)
[2026-07-26 03:52:09] 2026-07-25 11:25:41 | INFO     | KDClient 13 fit round 1 (tier=medium)
[2026-07-26 03:52:09] 2026-07-25 11:25:41 | INFO     | KDClient 13 round 1 local training (epochs=4)
[2026-07-26 03:52:09] 2026-07-25 11:26:17 | INFO     | KDClient 13 round 1 completed (acc=0.2306, n=90)
[2026-07-26 03:52:09] 2026-07-25 11:26:17 | INFO     | KDClient 14 fit round 1 (tier=large)
[2026-07-26 03:52:09] 2026-07-25 11:26:17 | INFO     | KDClient 14 round 1 local training (epochs=4)
[2026-07-26 03:52:09] 2026-07-25 11:27:17 | INFO     | KDClient 14 round 1 completed (acc=0.3261, n=90)
[2026-07-26 03:52:09] 2026-07-25 11:27:17 | INFO     | KDClient 15 fit round 1 (tier=large)
[2026-07-26 03:52:09] 2026-07-25 11:27:17 | INFO     | KDClient 15 round 1 local training (epochs=4)
[2026-07-26 03:52:09] 2026-07-25 11:28:15 | INFO     | KDClient 15 round 1 completed (acc=0.3261, n=90)
[2026-07-26 03:52:09] 2026-07-25 11:28:15 | INFO     | KDClient 16 fit round 1 (tier=large)
[2026-07-26 03:52:09] 2026-07-25 11:28:15 | INFO     | KDClient 16 round 1 local training (epochs=4)
[2026-07-26 03:52:09] 2026-07-25 11:29:15 | INFO     | KDClient 16 round 1 completed (acc=0.3261, n=90)
[2026-07-26 03:52:09] 2026-07-25 11:29:15 | INFO     | KDClient 17 fit round 1 (tier=large)
[2026-07-26 03:52:09] 2026-07-25 11:29:15 | INFO     | KDClient 17 round 1 local training (epochs=4)
[2026-07-26 03:52:09] 2026-07-25 11:30:25 | INFO     | KDClient 17 round 1 completed (acc=0.3261, n=90)
[2026-07-26 03:52:09] 2026-07-25 11:30:25 | INFO     | KDClient 18 fit round 1 (tier=large)
[2026-07-26 03:52:09] 2026-07-25 11:30:25 | INFO     | KDClient 18 round 1 local training (epochs=4)
[2026-07-26 03:52:09] 2026-07-25 11:31:35 | INFO     | KDClient 18 round 1 completed (acc=0.3261, n=90)
[2026-07-26 03:52:09] 2026-07-25 11:31:35 | INFO     | KDClient 19 fit round 1 (tier=large)
[2026-07-26 03:52:09] 2026-07-25 11:31:35 | INFO     | KDClient 19 round 1 local training (epochs=4)
[2026-07-26 03:52:09] 2026-07-25 11:32:31 | INFO     | KDClient 19 round 1 completed (acc=0.3261, n=90)
[2026-07-26 03:52:09]   Round   1/50 | Avg: 0.3905 | Min: 0.2126 | Max: 0.6486
[2026-07-26 03:52:09] 2026-07-25 11:32:31 | INFO     | FEDAKD — IID: round 2/50 starting
[2026-07-26 03:52:09] 2026-07-25 11:32:31 | INFO     | KDClient 0 fit round 2 (tier=small)
[2026-07-26 03:52:09] 2026-07-25 11:32:31 | INFO     | KDClient 0 round 2 public KD (epochs=2)
[2026-07-26 03:52:09] 2026-07-25 11:32:49 | INFO     | KDClient 0 round 2 local training (epochs=4)
[2026-07-26 03:52:09] 2026-07-25 11:33:00 | INFO     | KDClient 0 round 2 completed (acc=0.4973, n=90)
[2026-07-26 03:52:09] 2026-07-25 11:33:00 | INFO     | KDClient 1 fit round 2 (tier=small)
[2026-07-26 03:52:09] 2026-07-25 11:33:00 | INFO     | KDClient 1 round 2 public KD (epochs=2)
[2026-07-26 03:52:09] 2026-07-25 11:33:18 | INFO     | KDClient 1 round 2 local training (epochs=4)
[2026-07-26 03:52:09] 2026-07-25 11:33:30 | INFO     | KDClient 1 round 2 completed (acc=0.5243, n=90)
[2026-07-26 03:52:09] 2026-07-25 11:33:30 | INFO     | KDClient 2 fit round 2 (tier=small)
[2026-07-26 03:52:09] 2026-07-25 11:33:30 | INFO     | KDClient 2 round 2 public KD (epochs=2)
[2026-07-26 03:52:09] 2026-07-25 11:33:46 | INFO     | KDClient 2 round 2 local training (epochs=4)
[2026-07-26 03:52:09] 2026-07-25 11:34:02 | INFO     | KDClient 2 round 2 completed (acc=0.6486, n=90)
[2026-07-26 03:52:09] 2026-07-25 11:34:02 | INFO     | KDClient 3 fit round 2 (tier=small)
[2026-07-26 03:52:09] 2026-07-25 11:34:02 | INFO     | KDClient 3 round 2 public KD (epochs=2)
[2026-07-26 03:52:09] 2026-07-25 11:34:23 | INFO     | KDClient 3 round 2 local training (epochs=4)
[2026-07-26 03:52:09] 2026-07-25 11:34:41 | INFO     | KDClient 3 round 2 completed (acc=0.3225, n=90)
[2026-07-26 03:52:09] 2026-07-25 11:34:41 | INFO     | KDClient 4 fit round 2 (tier=small)
[2026-07-26 03:52:09] 2026-07-25 11:34:41 | INFO     | KDClient 4 round 2 public KD (epochs=2)
[2026-07-26 03:52:09] 2026-07-25 11:35:03 | INFO     | KDClient 4 round 2 local training (epochs=4)
[2026-07-26 03:52:09] 2026-07-25 11:35:16 | INFO     | KDClient 4 round 2 completed (acc=0.5027, n=90)
[2026-07-26 03:52:09] 2026-07-25 11:35:16 | INFO     | KDClient 5 fit round 2 (tier=small)
[2026-07-26 03:52:09] 2026-07-25 11:35:16 | INFO     | KDClient 5 round 2 public KD (epochs=2)
[2026-07-26 03:52:09] 2026-07-25 11:35:37 | INFO     | KDClient 5 round 2 local training (epochs=4)
[2026-07-26 03:52:09] 2026-07-25 11:35:51 | INFO     | KDClient 5 round 2 completed (acc=0.2901, n=90)
[2026-07-26 03:52:09] 2026-07-25 11:35:51 | INFO     | KDClient 6 fit round 2 (tier=small)
[2026-07-26 03:52:09] 2026-07-25 11:35:51 | INFO     | KDClient 6 round 2 public KD (epochs=2)
[2026-07-26 03:52:09] 2026-07-25 11:36:10 | INFO     | KDClient 6 round 2 local training (epochs=4)
[2026-07-26 03:52:09] 2026-07-25 11:36:21 | INFO     | KDClient 6 round 2 completed (acc=0.5207, n=90)
[2026-07-26 03:52:09] 2026-07-25 11:36:21 | INFO     | KDClient 7 fit round 2 (tier=medium)
[2026-07-26 03:52:09] 2026-07-25 11:36:21 | INFO     | KDClient 7 round 2 public KD (epochs=2)
[2026-07-26 03:52:09] 2026-07-25 11:37:06 | INFO     | KDClient 7 round 2 local training (epochs=4)
[2026-07-26 03:52:09] 2026-07-25 11:37:35 | INFO     | KDClient 7 round 2 completed (acc=0.6216, n=90)
[2026-07-26 03:52:09] 2026-07-25 11:37:35 | INFO     | KDClient 8 fit round 2 (tier=medium)
[2026-07-26 03:52:09] 2026-07-25 11:37:35 | INFO     | KDClient 8 round 2 public KD (epochs=2)
[2026-07-26 03:52:09] 2026-07-25 11:38:20 | INFO     | KDClient 8 round 2 local training (epochs=4)
[2026-07-26 03:52:09] 2026-07-25 11:38:52 | INFO     | KDClient 8 round 2 completed (acc=0.6486, n=90)
[2026-07-26 03:52:09] 2026-07-25 11:38:52 | INFO     | KDClient 9 fit round 2 (tier=medium)
[2026-07-26 03:52:09] 2026-07-25 11:38:52 | INFO     | KDClient 9 round 2 public KD (epochs=2)
[2026-07-26 03:52:09] 2026-07-25 11:39:34 | INFO     | KDClient 9 round 2 local training (epochs=4)
[2026-07-26 03:52:09] 2026-07-25 11:40:04 | INFO     | KDClient 9 round 2 completed (acc=0.6270, n=90)
[2026-07-26 03:52:09] 2026-07-25 11:40:04 | INFO     | KDClient 10 fit round 2 (tier=medium)
[2026-07-26 03:52:09] 2026-07-25 11:40:04 | INFO     | KDClient 10 round 2 public KD (epochs=2)
[2026-07-26 03:52:09] 2026-07-25 11:40:44 | INFO     | KDClient 10 round 2 local training (epochs=4)
[2026-07-26 03:52:09] 2026-07-25 11:41:13 | INFO     | KDClient 10 round 2 completed (acc=0.5297, n=90)
[2026-07-26 03:52:09] 2026-07-25 11:41:13 | INFO     | KDClient 11 fit round 2 (tier=medium)
[2026-07-26 03:52:09] 2026-07-25 11:41:13 | INFO     | KDClient 11 round 2 public KD (epochs=2)
[2026-07-26 03:52:09] 2026-07-25 11:41:54 | INFO     | KDClient 11 round 2 local training (epochs=4)
[2026-07-26 03:52:09] 2026-07-25 11:42:27 | INFO     | KDClient 11 round 2 completed (acc=0.5369, n=90)
[2026-07-26 03:52:09] 2026-07-25 11:42:27 | INFO     | KDClient 12 fit round 2 (tier=medium)
[2026-07-26 03:52:09] 2026-07-25 11:42:27 | INFO     | KDClient 12 round 2 public KD (epochs=2)
[2026-07-26 03:52:09] 2026-07-25 11:43:09 | INFO     | KDClient 12 round 2 local training (epochs=4)
[2026-07-26 03:52:09] 2026-07-25 11:43:41 | INFO     | KDClient 12 round 2 completed (acc=0.5297, n=90)
[2026-07-26 03:52:09] 2026-07-25 11:43:41 | INFO     | KDClient 13 fit round 2 (tier=medium)
[2026-07-26 03:52:09] 2026-07-25 11:43:41 | INFO     | KDClient 13 round 2 public KD (epochs=2)
[2026-07-26 03:52:09] 2026-07-25 11:44:25 | INFO     | KDClient 13 round 2 local training (epochs=4)
[2026-07-26 03:52:09] 2026-07-25 11:44:54 | INFO     | KDClient 13 round 2 completed (acc=0.6523, n=90)
[2026-07-26 03:52:09] 2026-07-25 11:44:54 | INFO     | KDClient 14 fit round 2 (tier=large)
[2026-07-26 03:52:09] 2026-07-25 11:44:54 | INFO     | KDClient 14 round 2 public KD (epochs=2)
[2026-07-26 03:52:09] 2026-07-25 11:46:15 | INFO     | KDClient 14 round 2 local training (epochs=4)
[2026-07-26 03:52:09] 2026-07-25 11:47:06 | INFO     | KDClient 14 round 2 completed (acc=0.3261, n=90)
[2026-07-26 03:52:09] 2026-07-25 11:47:06 | INFO     | KDClient 15 fit round 2 (tier=large)
[2026-07-26 03:52:09] 2026-07-25 11:47:06 | INFO     | KDClient 15 round 2 public KD (epochs=2)
[2026-07-26 03:52:09] 2026-07-25 11:48:23 | INFO     | KDClient 15 round 2 local training (epochs=4)
[2026-07-26 03:52:09] 2026-07-25 11:49:12 | INFO     | KDClient 15 round 2 completed (acc=0.3261, n=90)
[2026-07-26 03:52:09] 2026-07-25 11:49:12 | INFO     | KDClient 16 fit round 2 (tier=large)
[2026-07-26 03:52:09] 2026-07-25 11:49:12 | INFO     | KDClient 16 round 2 public KD (epochs=2)
[2026-07-26 03:52:09] 2026-07-25 11:50:33 | INFO     | KDClient 16 round 2 local training (epochs=4)
[2026-07-26 03:52:09] 2026-07-25 11:51:27 | INFO     | KDClient 16 round 2 completed (acc=0.3261, n=90)
[2026-07-26 03:52:09] 2026-07-25 11:51:27 | INFO     | KDClient 17 fit round 2 (tier=large)
[2026-07-26 03:52:09] 2026-07-25 11:51:27 | INFO     | KDClient 17 round 2 public KD (epochs=2)
[2026-07-26 03:52:09] 2026-07-25 11:52:54 | INFO     | KDClient 17 round 2 local training (epochs=4)
[2026-07-26 03:52:09] 2026-07-25 11:54:01 | INFO     | KDClient 17 round 2 completed (acc=0.6505, n=90)
[2026-07-26 03:52:09] 2026-07-25 11:54:01 | INFO     | KDClient 18 fit round 2 (tier=large)
[2026-07-26 03:52:09] 2026-07-25 11:54:01 | INFO     | KDClient 18 round 2 public KD (epochs=2)
[2026-07-26 03:52:09] 2026-07-25 11:55:22 | INFO     | KDClient 18 round 2 local training (epochs=4)
[2026-07-26 03:52:09] 2026-07-25 11:56:15 | INFO     | KDClient 18 round 2 completed (acc=0.3261, n=90)
[2026-07-26 03:52:09] 2026-07-25 11:56:15 | INFO     | KDClient 19 fit round 2 (tier=large)
[2026-07-26 03:52:09] 2026-07-25 11:56:15 | INFO     | KDClient 19 round 2 public KD (epochs=2)
[2026-07-26 03:52:09] 2026-07-25 11:57:32 | INFO     | KDClient 19 round 2 local training (epochs=4)
[2026-07-26 03:52:09] 2026-07-25 11:58:35 | INFO     | KDClient 19 round 2 completed (acc=0.3477, n=90)
[2026-07-26 03:52:09]   Round   2/50 | Avg: 0.4877 | Min: 0.2901 | Max: 0.6523
[2026-07-26 03:52:09] 2026-07-25 11:58:35 | INFO     | FEDAKD — IID: round 3/50 starting
[2026-07-26 03:52:09] 2026-07-25 11:58:35 | INFO     | KDClient 0 fit round 3 (tier=small)
[2026-07-26 03:52:09] 2026-07-25 11:58:35 | INFO     | KDClient 0 round 3 public KD (epochs=2)
[2026-07-26 03:52:09] 2026-07-25 11:58:55 | INFO     | KDClient 0 round 3 local training (epochs=4)
[2026-07-26 03:52:09] 2026-07-25 11:59:11 | INFO     | KDClient 0 round 3 completed (acc=0.5207, n=90)
[2026-07-26 03:52:09] 2026-07-25 11:59:11 | INFO     | KDClient 1 fit round 3 (tier=small)
[2026-07-26 03:52:09] 2026-07-25 11:59:11 | INFO     | KDClient 1 round 3 public KD (epochs=2)
[2026-07-26 03:52:09] 2026-07-25 11:59:31 | INFO     | KDClient 1 round 3 local training (epochs=4)
[2026-07-26 03:52:09] 2026-07-25 11:59:46 | INFO     | KDClient 1 round 3 completed (acc=0.5261, n=90)
[2026-07-26 03:52:09] 2026-07-25 11:59:46 | INFO     | KDClient 2 fit round 3 (tier=small)
[2026-07-26 03:52:09] 2026-07-25 11:59:46 | INFO     | KDClient 2 round 3 public KD (epochs=2)
[2026-07-26 03:52:09] 2026-07-25 12:00:03 | INFO     | KDClient 2 round 3 local training (epochs=4)
[2026-07-26 03:52:09] 2026-07-25 12:00:16 | INFO     | KDClient 2 round 3 completed (acc=0.5730, n=90)
[2026-07-26 03:52:09] 2026-07-25 12:00:16 | INFO     | KDClient 3 fit round 3 (tier=small)
[2026-07-26 03:52:09] 2026-07-25 12:00:16 | INFO     | KDClient 3 round 3 public KD (epochs=2)
[2026-07-26 03:52:09] 2026-07-25 12:00:32 | INFO     | KDClient 3 round 3 local training (epochs=4)
[2026-07-26 03:52:09] 2026-07-25 12:00:49 | INFO     | KDClient 3 round 3 completed (acc=0.5207, n=90)
[2026-07-26 03:52:09] 2026-07-25 12:00:49 | INFO     | KDClient 4 fit round 3 (tier=small)
[2026-07-26 03:52:09] 2026-07-25 12:00:49 | INFO     | KDClient 4 round 3 public KD (epochs=2)
[2026-07-26 03:52:09] 2026-07-25 12:01:05 | INFO     | KDClient 4 round 3 local training (epochs=4)
[2026-07-26 03:52:09] 2026-07-25 12:01:22 | INFO     | KDClient 4 round 3 completed (acc=0.5207, n=90)
[2026-07-26 03:52:09] 2026-07-25 12:01:22 | INFO     | KDClient 5 fit round 3 (tier=small)
[2026-07-26 03:52:09] 2026-07-25 12:01:22 | INFO     | KDClient 5 round 3 public KD (epochs=2)
[2026-07-26 03:52:09] 2026-07-25 12:01:39 | INFO     | KDClient 5 round 3 local training (epochs=4)
[2026-07-26 03:52:09] 2026-07-25 12:01:53 | INFO     | KDClient 5 round 3 completed (acc=0.5207, n=90)
[2026-07-26 03:52:09] 2026-07-25 12:01:53 | INFO     | KDClient 6 fit round 3 (tier=small)
[2026-07-26 03:52:09] 2026-07-25 12:01:53 | INFO     | KDClient 6 round 3 public KD (epochs=2)
[2026-07-26 03:52:09] 2026-07-25 12:02:09 | INFO     | KDClient 6 round 3 local training (epochs=4)
[2026-07-26 03:52:09] 2026-07-25 12:02:21 | INFO     | KDClient 6 round 3 completed (acc=0.5207, n=90)
[2026-07-26 03:52:09] 2026-07-25 12:02:21 | INFO     | KDClient 7 fit round 3 (tier=medium)
[2026-07-26 03:52:09] 2026-07-25 12:02:21 | INFO     | KDClient 7 round 3 public KD (epochs=2)
[2026-07-26 03:52:09] 2026-07-25 12:03:01 | INFO     | KDClient 7 round 3 local training (epochs=4)
[2026-07-26 03:52:09] 2026-07-25 12:03:33 | INFO     | KDClient 7 round 3 completed (acc=0.6559, n=90)
[2026-07-26 03:52:09] 2026-07-25 12:03:33 | INFO     | KDClient 8 fit round 3 (tier=medium)
[2026-07-26 03:52:09] 2026-07-25 12:03:33 | INFO     | KDClient 8 round 3 public KD (epochs=2)
[2026-07-26 03:52:09] 2026-07-25 12:04:11 | INFO     | KDClient 8 round 3 local training (epochs=4)
[2026-07-26 03:52:09] 2026-07-25 12:04:37 | INFO     | KDClient 8 round 3 completed (acc=0.6270, n=90)
[2026-07-26 03:52:09] 2026-07-25 12:04:37 | INFO     | KDClient 9 fit round 3 (tier=medium)
[2026-07-26 03:52:09] 2026-07-25 12:04:37 | INFO     | KDClient 9 round 3 public KD (epochs=2)
[2026-07-26 03:52:09] 2026-07-25 12:05:12 | INFO     | KDClient 9 round 3 local training (epochs=4)
[2026-07-26 03:52:09] 2026-07-25 12:05:42 | INFO     | KDClient 9 round 3 completed (acc=0.5964, n=90)
[2026-07-26 03:52:09] 2026-07-25 12:05:42 | INFO     | KDClient 10 fit round 3 (tier=medium)
[2026-07-26 03:52:09] 2026-07-25 12:05:42 | INFO     | KDClient 10 round 3 public KD (epochs=2)
[2026-07-26 03:52:09] 2026-07-25 12:06:17 | INFO     | KDClient 10 round 3 local training (epochs=4)
[2026-07-26 03:52:09] 2026-07-25 12:06:45 | INFO     | KDClient 10 round 3 completed (acc=0.5171, n=90)
[2026-07-26 03:52:09] 2026-07-25 12:06:45 | INFO     | KDClient 11 fit round 3 (tier=medium)
[2026-07-26 03:52:09] 2026-07-25 12:06:45 | INFO     | KDClient 11 round 3 public KD (epochs=2)
[2026-07-26 03:52:09] 2026-07-25 12:07:25 | INFO     | KDClient 11 round 3 local training (epochs=4)
[2026-07-26 03:52:09] 2026-07-25 12:07:54 | INFO     | KDClient 11 round 3 completed (acc=0.6234, n=90)
[2026-07-26 03:52:09] 2026-07-25 12:07:54 | INFO     | KDClient 12 fit round 3 (tier=medium)
[2026-07-26 03:52:09] 2026-07-25 12:07:54 | INFO     | KDClient 12 round 3 public KD (epochs=2)
[2026-07-26 03:52:09] 2026-07-25 12:08:33 | INFO     | KDClient 12 round 3 local training (epochs=4)
[2026-07-26 03:52:09] 2026-07-25 12:09:02 | INFO     | KDClient 12 round 3 completed (acc=0.3964, n=90)
[2026-07-26 03:52:09] 2026-07-25 12:09:02 | INFO     | KDClient 13 fit round 3 (tier=medium)
[2026-07-26 03:52:09] 2026-07-25 12:09:02 | INFO     | KDClient 13 round 3 public KD (epochs=2)
[2026-07-26 03:52:09] 2026-07-25 12:09:42 | INFO     | KDClient 13 round 3 local training (epochs=4)
[2026-07-26 03:52:09] 2026-07-25 12:10:19 | INFO     | KDClient 13 round 3 completed (acc=0.5315, n=90)
[2026-07-26 03:52:09] 2026-07-25 12:10:19 | INFO     | KDClient 14 fit round 3 (tier=large)
[2026-07-26 03:52:09] 2026-07-25 12:10:19 | INFO     | KDClient 14 round 3 public KD (epochs=2)
[2026-07-26 03:52:09] 2026-07-25 12:11:35 | INFO     | KDClient 14 round 3 local training (epochs=4)
[2026-07-26 03:52:09] 2026-07-25 12:12:39 | INFO     | KDClient 14 round 3 completed (acc=0.1982, n=90)
[2026-07-26 03:52:09] 2026-07-25 12:12:39 | INFO     | KDClient 15 fit round 3 (tier=large)
[2026-07-26 03:52:09] 2026-07-25 12:12:39 | INFO     | KDClient 15 round 3 public KD (epochs=2)
[2026-07-26 03:52:09] 2026-07-25 12:13:47 | INFO     | KDClient 15 round 3 local training (epochs=4)
[2026-07-26 03:52:09] 2026-07-25 12:14:48 | INFO     | KDClient 15 round 3 completed (acc=0.3261, n=90)
[2026-07-26 03:52:09] 2026-07-25 12:14:48 | INFO     | KDClient 16 fit round 3 (tier=large)
[2026-07-26 03:52:09] 2026-07-25 12:14:48 | INFO     | KDClient 16 round 3 public KD (epochs=2)
[2026-07-26 03:52:09] 2026-07-25 12:16:00 | INFO     | KDClient 16 round 3 local training (epochs=4)
[2026-07-26 03:52:09] 2026-07-25 12:16:57 | INFO     | KDClient 16 round 3 completed (acc=0.3477, n=90)
[2026-07-26 03:52:09] 2026-07-25 12:16:57 | INFO     | KDClient 17 fit round 3 (tier=large)
[2026-07-26 03:52:09] 2026-07-25 12:16:57 | INFO     | KDClient 17 round 3 public KD (epochs=2)
[2026-07-26 03:52:09] 2026-07-25 12:18:07 | INFO     | KDClient 17 round 3 local training (epochs=4)
[2026-07-26 03:52:09] 2026-07-25 12:19:07 | INFO     | KDClient 17 round 3 completed (acc=0.6505, n=90)
[2026-07-26 03:52:09] 2026-07-25 12:19:07 | INFO     | KDClient 18 fit round 3 (tier=large)
[2026-07-26 03:52:09] 2026-07-25 12:19:07 | INFO     | KDClient 18 round 3 public KD (epochs=2)
[2026-07-26 03:52:09] 2026-07-25 12:20:24 | INFO     | KDClient 18 round 3 local training (epochs=4)
[2026-07-26 03:52:09] 2026-07-25 12:21:20 | INFO     | KDClient 18 round 3 completed (acc=0.3261, n=90)
[2026-07-26 03:52:09] 2026-07-25 12:21:20 | INFO     | KDClient 19 fit round 3 (tier=large)
[2026-07-26 03:52:09] 2026-07-25 12:21:20 | INFO     | KDClient 19 round 3 public KD (epochs=2)
[2026-07-26 03:52:09] 2026-07-25 12:22:24 | INFO     | KDClient 19 round 3 local training (epochs=4)
[2026-07-26 03:52:09] 2026-07-25 12:23:28 | INFO     | KDClient 19 round 3 completed (acc=0.5189, n=90)
[2026-07-26 03:52:09]   Round   3/50 | Avg: 0.5009 | Min: 0.1982 | Max: 0.6559
[2026-07-26 03:52:09] 2026-07-25 12:23:28 | INFO     | FEDAKD — IID: round 4/50 starting
[2026-07-26 03:52:09] 2026-07-25 12:23:28 | INFO     | KDClient 0 fit round 4 (tier=small)
[2026-07-26 03:52:09] 2026-07-25 12:23:28 | INFO     | KDClient 0 round 4 public KD (epochs=2)
[2026-07-26 03:52:09] 2026-07-25 12:23:41 | INFO     | KDClient 0 round 4 local training (epochs=4)
[2026-07-26 03:52:09] 2026-07-25 12:23:54 | INFO     | KDClient 0 round 4 completed (acc=0.5207, n=90)
[2026-07-26 03:52:09] 2026-07-25 12:23:54 | INFO     | KDClient 1 fit round 4 (tier=small)
[2026-07-26 03:52:09] 2026-07-25 12:23:54 | INFO     | KDClient 1 round 4 public KD (epochs=2)
[2026-07-26 03:52:09] 2026-07-25 12:24:13 | INFO     | KDClient 1 round 4 local training (epochs=4)
[2026-07-26 03:52:09] 2026-07-25 12:24:27 | INFO     | KDClient 1 round 4 completed (acc=0.5207, n=90)
[2026-07-26 03:52:09] 2026-07-25 12:24:27 | INFO     | KDClient 2 fit round 4 (tier=small)
[2026-07-26 03:52:09] 2026-07-25 12:24:27 | INFO     | KDClient 2 round 4 public KD (epochs=2)
[2026-07-26 03:52:09] 2026-07-25 12:24:42 | INFO     | KDClient 2 round 4 local training (epochs=4)
[2026-07-26 03:52:09] 2026-07-25 12:24:55 | INFO     | KDClient 2 round 4 completed (acc=0.6505, n=90)
[2026-07-26 03:52:09] 2026-07-25 12:24:55 | INFO     | KDClient 3 fit round 4 (tier=small)
[2026-07-26 03:52:09] 2026-07-25 12:24:55 | INFO     | KDClient 3 round 4 public KD (epochs=2)
[2026-07-26 03:52:09] 2026-07-25 12:25:16 | INFO     | KDClient 3 round 4 local training (epochs=4)
[2026-07-26 03:52:09] 2026-07-25 12:25:35 | INFO     | KDClient 3 round 4 completed (acc=0.5207, n=90)
[2026-07-26 03:52:09] 2026-07-25 12:25:35 | INFO     | KDClient 4 fit round 4 (tier=small)
[2026-07-26 03:52:09] 2026-07-25 12:25:35 | INFO     | KDClient 4 round 4 public KD (epochs=2)
[2026-07-26 03:52:09] 2026-07-25 12:25:54 | INFO     | KDClient 4 round 4 local training (epochs=4)
[2026-07-26 03:52:09] 2026-07-25 12:26:10 | INFO     | KDClient 4 round 4 completed (acc=0.3964, n=90)
[2026-07-26 03:52:09] 2026-07-25 12:26:10 | INFO     | KDClient 5 fit round 4 (tier=small)
[2026-07-26 03:52:09] 2026-07-25 12:26:10 | INFO     | KDClient 5 round 4 public KD (epochs=2)
[2026-07-26 03:52:09] 2026-07-25 12:26:26 | INFO     | KDClient 5 round 4 local training (epochs=4)
[2026-07-26 03:52:09] 2026-07-25 12:26:37 | INFO     | KDClient 5 round 4 completed (acc=0.5207, n=90)
[2026-07-26 03:52:09] 2026-07-25 12:26:37 | INFO     | KDClient 6 fit round 4 (tier=small)
[2026-07-26 03:52:09] 2026-07-25 12:26:37 | INFO     | KDClient 6 round 4 public KD (epochs=2)
[2026-07-26 03:52:09] 2026-07-25 12:26:51 | INFO     | KDClient 6 round 4 local training (epochs=4)
[2026-07-26 03:52:09] 2026-07-25 12:27:02 | INFO     | KDClient 6 round 4 completed (acc=0.5207, n=90)
[2026-07-26 03:52:09] 2026-07-25 12:27:02 | INFO     | KDClient 7 fit round 4 (tier=medium)
[2026-07-26 03:52:09] 2026-07-25 12:27:02 | INFO     | KDClient 7 round 4 public KD (epochs=2)
[2026-07-26 03:52:09] 2026-07-25 12:27:42 | INFO     | KDClient 7 round 4 local training (epochs=4)
[2026-07-26 03:52:09] 2026-07-25 12:28:17 | INFO     | KDClient 7 round 4 completed (acc=0.5892, n=90)
[2026-07-26 03:52:09] 2026-07-25 12:28:17 | INFO     | KDClient 8 fit round 4 (tier=medium)
[2026-07-26 03:52:09] 2026-07-25 12:28:17 | INFO     | KDClient 8 round 4 public KD (epochs=2)
[2026-07-26 03:52:09] 2026-07-25 12:28:57 | INFO     | KDClient 8 round 4 local training (epochs=4)
[2026-07-26 03:52:09] 2026-07-25 12:29:27 | INFO     | KDClient 8 round 4 completed (acc=0.6486, n=90)
[2026-07-26 03:52:09] 2026-07-25 12:29:27 | INFO     | KDClient 9 fit round 4 (tier=medium)
[2026-07-26 03:52:09] 2026-07-25 12:29:27 | INFO     | KDClient 9 round 4 public KD (epochs=2)
[2026-07-26 03:52:09] 2026-07-25 12:30:03 | INFO     | KDClient 9 round 4 local training (epochs=4)
[2026-07-26 03:52:09] 2026-07-25 12:30:35 | INFO     | KDClient 9 round 4 completed (acc=0.6108, n=90)
[2026-07-26 03:52:09] 2026-07-25 12:30:35 | INFO     | KDClient 10 fit round 4 (tier=medium)
[2026-07-26 03:52:09] 2026-07-25 12:30:35 | INFO     | KDClient 10 round 4 public KD (epochs=2)
[2026-07-26 03:52:09] 2026-07-25 12:31:11 | INFO     | KDClient 10 round 4 local training (epochs=4)
[2026-07-26 03:52:09] 2026-07-25 12:31:42 | INFO     | KDClient 10 round 4 completed (acc=0.6523, n=90)
[2026-07-26 03:52:09] 2026-07-25 12:31:42 | INFO     | KDClient 11 fit round 4 (tier=medium)
[2026-07-26 03:52:09] 2026-07-25 12:31:42 | INFO     | KDClient 11 round 4 public KD (epochs=2)
[2026-07-26 03:52:09] 2026-07-25 12:32:20 | INFO     | KDClient 11 round 4 local training (epochs=4)
[2026-07-26 03:52:09] 2026-07-25 12:32:49 | INFO     | KDClient 11 round 4 completed (acc=0.5297, n=90)
[2026-07-26 03:52:09] 2026-07-25 12:32:49 | INFO     | KDClient 12 fit round 4 (tier=medium)
[2026-07-26 03:52:09] 2026-07-25 12:32:49 | INFO     | KDClient 12 round 4 public KD (epochs=2)
[2026-07-26 03:52:09] 2026-07-25 12:33:28 | INFO     | KDClient 12 round 4 local training (epochs=4)
[2026-07-26 03:52:09] 2026-07-25 12:34:04 | INFO     | KDClient 12 round 4 completed (acc=0.6486, n=90)
[2026-07-26 03:52:09] 2026-07-25 12:34:04 | INFO     | KDClient 13 fit round 4 (tier=medium)
[2026-07-26 03:52:09] 2026-07-25 12:34:04 | INFO     | KDClient 13 round 4 public KD (epochs=2)
[2026-07-26 03:52:09] 2026-07-25 12:34:43 | INFO     | KDClient 13 round 4 local training (epochs=4)
[2026-07-26 03:52:09] 2026-07-25 12:35:18 | INFO     | KDClient 13 round 4 completed (acc=0.6306, n=90)
[2026-07-26 03:52:09] 2026-07-25 12:35:18 | INFO     | KDClient 14 fit round 4 (tier=large)
[2026-07-26 03:52:09] 2026-07-25 12:35:18 | INFO     | KDClient 14 round 4 public KD (epochs=2)
[2026-07-26 03:52:09] 2026-07-25 12:36:27 | INFO     | KDClient 14 round 4 local training (epochs=4)
[2026-07-26 03:52:09] 2026-07-25 12:37:26 | INFO     | KDClient 14 round 4 completed (acc=0.3261, n=90)
[2026-07-26 03:52:09] 2026-07-25 12:37:26 | INFO     | KDClient 15 fit round 4 (tier=large)
[2026-07-26 03:52:09] 2026-07-25 12:37:26 | INFO     | KDClient 15 round 4 public KD (epochs=2)
[2026-07-26 03:52:09] 2026-07-25 12:38:29 | INFO     | KDClient 15 round 4 local training (epochs=4)
[2026-07-26 03:52:09] 2026-07-25 12:39:33 | INFO     | KDClient 15 round 4 completed (acc=0.3802, n=90)
[2026-07-26 03:52:09] 2026-07-25 12:39:33 | INFO     | KDClient 16 fit round 4 (tier=large)
[2026-07-26 03:52:09] 2026-07-25 12:39:33 | INFO     | KDClient 16 round 4 public KD (epochs=2)
[2026-07-26 03:52:09] 2026-07-25 12:40:46 | INFO     | KDClient 16 round 4 local training (epochs=4)
[2026-07-26 03:52:09] 2026-07-25 12:41:55 | INFO     | KDClient 16 round 4 completed (acc=0.3477, n=90)
[2026-07-26 03:52:09] 2026-07-25 12:41:55 | INFO     | KDClient 17 fit round 4 (tier=large)
[2026-07-26 03:52:09] 2026-07-25 12:41:55 | INFO     | KDClient 17 round 4 public KD (epochs=2)
[2026-07-26 03:52:09] 2026-07-25 12:43:05 | INFO     | KDClient 17 round 4 local training (epochs=4)
[2026-07-26 03:52:09] 2026-07-25 12:44:14 | INFO     | KDClient 17 round 4 completed (acc=0.4667, n=90)
[2026-07-26 03:52:09] 2026-07-25 12:44:14 | INFO     | KDClient 18 fit round 4 (tier=large)
[2026-07-26 03:52:09] 2026-07-25 12:44:14 | INFO     | KDClient 18 round 4 public KD (epochs=2)
[2026-07-26 03:52:09] 2026-07-25 12:45:30 | INFO     | KDClient 18 round 4 local training (epochs=4)
[2026-07-26 03:52:09] 2026-07-25 12:46:20 | INFO     | KDClient 18 round 4 completed (acc=0.3477, n=90)
[2026-07-26 03:52:09] 2026-07-25 12:46:20 | INFO     | KDClient 19 fit round 4 (tier=large)
[2026-07-26 03:52:09] 2026-07-25 12:46:20 | INFO     | KDClient 19 round 4 public KD (epochs=2)
[2026-07-26 03:52:09] 2026-07-25 12:47:23 | INFO     | KDClient 19 round 4 local training (epochs=4)
[2026-07-26 03:52:09] 2026-07-25 12:48:27 | INFO     | KDClient 19 round 4 completed (acc=0.3261, n=90)
[2026-07-26 03:52:09]   Round   4/50 | Avg: 0.5077 | Min: 0.3261 | Max: 0.6523
[2026-07-26 03:52:09] 2026-07-25 12:48:27 | INFO     | FEDAKD — IID: round 5/50 starting
[2026-07-26 03:52:09] 2026-07-25 12:48:27 | INFO     | KDClient 0 fit round 5 (tier=small)
[2026-07-26 03:52:09] 2026-07-25 12:48:27 | INFO     | KDClient 0 round 5 public KD (epochs=2)
[2026-07-26 03:52:09] 2026-07-25 12:48:45 | INFO     | KDClient 0 round 5 local training (epochs=4)
[2026-07-26 03:52:09] 2026-07-25 12:48:57 | INFO     | KDClient 0 round 5 completed (acc=0.7640, n=90)
[2026-07-26 03:52:09] 2026-07-25 12:48:57 | INFO     | KDClient 1 fit round 5 (tier=small)
[2026-07-26 03:52:09] 2026-07-25 12:48:57 | INFO     | KDClient 1 round 5 public KD (epochs=2)
[2026-07-26 03:52:09] 2026-07-25 12:49:13 | INFO     | KDClient 1 round 5 local training (epochs=4)
[2026-07-26 03:52:09] 2026-07-25 12:49:27 | INFO     | KDClient 1 round 5 completed (acc=0.5207, n=90)
[2026-07-26 03:52:09] 2026-07-25 12:49:27 | INFO     | KDClient 2 fit round 5 (tier=small)
[2026-07-26 03:52:09] 2026-07-25 12:49:27 | INFO     | KDClient 2 round 5 public KD (epochs=2)
[2026-07-26 03:52:09] 2026-07-25 12:49:44 | INFO     | KDClient 2 round 5 local training (epochs=4)
[2026-07-26 03:52:09] 2026-07-25 12:50:00 | INFO     | KDClient 2 round 5 completed (acc=0.5207, n=90)
[2026-07-26 03:52:09] 2026-07-25 12:50:00 | INFO     | KDClient 3 fit round 5 (tier=small)
[2026-07-26 03:52:09] 2026-07-25 12:50:00 | INFO     | KDClient 3 round 5 public KD (epochs=2)
[2026-07-26 03:52:09] 2026-07-25 12:50:17 | INFO     | KDClient 3 round 5 local training (epochs=4)
[2026-07-26 03:52:09] 2026-07-25 12:50:32 | INFO     | KDClient 3 round 5 completed (acc=0.5207, n=90)
[2026-07-26 03:52:09] 2026-07-25 12:50:32 | INFO     | KDClient 4 fit round 5 (tier=small)
[2026-07-26 03:52:09] 2026-07-25 12:50:32 | INFO     | KDClient 4 round 5 public KD (epochs=2)
[2026-07-26 03:52:09] 2026-07-25 12:50:46 | INFO     | KDClient 4 round 5 local training (epochs=4)
[2026-07-26 03:52:09] 2026-07-25 12:51:01 | INFO     | KDClient 4 round 5 completed (acc=0.5207, n=90)
[2026-07-26 03:52:09] 2026-07-25 12:51:01 | INFO     | KDClient 5 fit round 5 (tier=small)
[2026-07-26 03:52:09] 2026-07-25 12:51:01 | INFO     | KDClient 5 round 5 public KD (epochs=2)
[2026-07-26 03:52:09] 2026-07-25 12:51:15 | INFO     | KDClient 5 round 5 local training (epochs=4)
[2026-07-26 03:52:09] 2026-07-25 12:51:29 | INFO     | KDClient 5 round 5 completed (acc=0.5207, n=90)
[2026-07-26 03:52:09] 2026-07-25 12:51:29 | INFO     | KDClient 6 fit round 5 (tier=small)
[2026-07-26 03:52:09] 2026-07-25 12:51:29 | INFO     | KDClient 6 round 5 public KD (epochs=2)
[2026-07-26 03:52:09] 2026-07-25 12:51:43 | INFO     | KDClient 6 round 5 local training (epochs=4)
[2026-07-26 03:52:09] 2026-07-25 12:51:56 | INFO     | KDClient 6 round 5 completed (acc=0.5207, n=90)
[2026-07-26 03:52:09] 2026-07-25 12:51:56 | INFO     | KDClient 7 fit round 5 (tier=medium)
[2026-07-26 03:52:09] 2026-07-25 12:51:56 | INFO     | KDClient 7 round 5 public KD (epochs=2)
[2026-07-26 03:52:09] 2026-07-25 12:52:58 | INFO     | KDClient 7 round 5 local training (epochs=4)
[2026-07-26 03:52:09] 2026-07-25 12:53:28 | INFO     | KDClient 7 round 5 completed (acc=0.5279, n=90)
[2026-07-26 03:52:09] 2026-07-25 12:53:28 | INFO     | KDClient 8 fit round 5 (tier=medium)
[2026-07-26 03:52:09] 2026-07-25 12:53:28 | INFO     | KDClient 8 round 5 public KD (epochs=2)
[2026-07-26 03:52:09] 2026-07-25 12:54:08 | INFO     | KDClient 8 round 5 local training (epochs=4)
[2026-07-26 03:52:09] 2026-07-25 12:54:39 | INFO     | KDClient 8 round 5 completed (acc=0.6450, n=90)
[2026-07-26 03:52:09] 2026-07-25 12:54:39 | INFO     | KDClient 9 fit round 5 (tier=medium)
[2026-07-26 03:52:09] 2026-07-25 12:54:39 | INFO     | KDClient 9 round 5 public KD (epochs=2)
[2026-07-26 03:52:09] 2026-07-25 12:55:18 | INFO     | KDClient 9 round 5 local training (epochs=4)
[2026-07-26 03:52:09] 2026-07-25 12:55:44 | INFO     | KDClient 9 round 5 completed (acc=0.5297, n=90)
[2026-07-26 03:52:09] 2026-07-25 12:55:44 | INFO     | KDClient 10 fit round 5 (tier=medium)
[2026-07-26 03:52:09] 2026-07-25 12:55:44 | INFO     | KDClient 10 round 5 public KD (epochs=2)
[2026-07-26 03:52:09] 2026-07-25 12:56:21 | INFO     | KDClient 10 round 5 local training (epochs=4)
[2026-07-26 03:52:09] 2026-07-25 12:56:51 | INFO     | KDClient 10 round 5 completed (acc=0.5333, n=90)
[2026-07-26 03:52:09] 2026-07-25 12:56:51 | INFO     | KDClient 11 fit round 5 (tier=medium)
[2026-07-26 03:52:09] 2026-07-25 12:56:51 | INFO     | KDClient 11 round 5 public KD (epochs=2)
[2026-07-26 03:52:09] 2026-07-25 12:57:33 | INFO     | KDClient 11 round 5 local training (epochs=4)
[2026-07-26 03:52:09] 2026-07-25 12:58:04 | INFO     | KDClient 11 round 5 completed (acc=0.3910, n=90)
[2026-07-26 03:52:09] 2026-07-25 12:58:04 | INFO     | KDClient 12 fit round 5 (tier=medium)
[2026-07-26 03:52:09] 2026-07-25 12:58:04 | INFO     | KDClient 12 round 5 public KD (epochs=2)
[2026-07-26 03:52:09] 2026-07-25 12:58:44 | INFO     | KDClient 12 round 5 local training (epochs=4)
[2026-07-26 03:52:09] 2026-07-25 12:59:17 | INFO     | KDClient 12 round 5 completed (acc=0.6486, n=90)
[2026-07-26 03:52:09] 2026-07-25 12:59:17 | INFO     | KDClient 13 fit round 5 (tier=medium)
[2026-07-26 03:52:09] 2026-07-25 12:59:17 | INFO     | KDClient 13 round 5 public KD (epochs=2)
[2026-07-26 03:52:09] 2026-07-25 13:00:02 | INFO     | KDClient 13 round 5 local training (epochs=4)
[2026-07-26 03:52:09] 2026-07-25 13:00:36 | INFO     | KDClient 13 round 5 completed (acc=0.6360, n=90)
[2026-07-26 03:52:09] 2026-07-25 13:00:36 | INFO     | KDClient 14 fit round 5 (tier=large)
[2026-07-26 03:52:09] 2026-07-25 13:00:36 | INFO     | KDClient 14 round 5 public KD (epochs=2)
[2026-07-26 03:52:09] 2026-07-25 13:01:49 | INFO     | KDClient 14 round 5 local training (epochs=4)
[2026-07-26 03:52:09] 2026-07-25 13:02:49 | INFO     | KDClient 14 round 5 completed (acc=0.6486, n=90)
[2026-07-26 03:52:09] 2026-07-25 13:02:49 | INFO     | KDClient 15 fit round 5 (tier=large)
[2026-07-26 03:52:09] 2026-07-25 13:02:49 | INFO     | KDClient 15 round 5 public KD (epochs=2)
[2026-07-26 03:52:09] 2026-07-25 13:04:00 | INFO     | KDClient 15 round 5 local training (epochs=4)
[2026-07-26 03:52:09] 2026-07-25 13:05:02 | INFO     | KDClient 15 round 5 completed (acc=0.4631, n=90)
[2026-07-26 03:52:09] 2026-07-25 13:05:02 | INFO     | KDClient 16 fit round 5 (tier=large)
[2026-07-26 03:52:09] 2026-07-25 13:05:02 | INFO     | KDClient 16 round 5 public KD (epochs=2)
[2026-07-26 03:52:09] 2026-07-25 13:06:18 | INFO     | KDClient 16 round 5 local training (epochs=4)
[2026-07-26 03:52:09] 2026-07-25 13:07:17 | INFO     | KDClient 16 round 5 completed (acc=0.3477, n=90)
[2026-07-26 03:52:09] 2026-07-25 13:07:17 | INFO     | KDClient 17 fit round 5 (tier=large)
[2026-07-26 03:52:09] 2026-07-25 13:07:17 | INFO     | KDClient 17 round 5 public KD (epochs=2)
[2026-07-26 03:52:09] 2026-07-25 13:08:33 | INFO     | KDClient 17 round 5 local training (epochs=4)
[2026-07-26 03:52:09] 2026-07-25 13:09:33 | INFO     | KDClient 17 round 5 completed (acc=0.6523, n=90)
[2026-07-26 03:52:09] 2026-07-25 13:09:33 | INFO     | KDClient 18 fit round 5 (tier=large)
[2026-07-26 03:52:09] 2026-07-25 13:09:33 | INFO     | KDClient 18 round 5 public KD (epochs=2)
[2026-07-26 03:52:09] 2026-07-25 13:10:51 | INFO     | KDClient 18 round 5 local training (epochs=4)
[2026-07-26 03:52:09] 2026-07-25 13:11:51 | INFO     | KDClient 18 round 5 completed (acc=0.2721, n=90)
[2026-07-26 03:52:09] 2026-07-25 13:11:51 | INFO     | KDClient 19 fit round 5 (tier=large)
[2026-07-26 03:52:09] 2026-07-25 13:11:51 | INFO     | KDClient 19 round 5 public KD (epochs=2)
[2026-07-26 03:52:09] 2026-07-25 13:13:01 | INFO     | KDClient 19 round 5 local training (epochs=4)
[2026-07-26 03:52:09] 2026-07-25 13:14:02 | INFO     | KDClient 19 round 5 completed (acc=0.5982, n=90)
[2026-07-26 03:52:09]   Round   5/50 | Avg: 0.5391 | Min: 0.2721 | Max: 0.7640
[2026-07-26 03:52:09] 2026-07-25 13:14:02 | INFO     | FEDAKD — IID: round 6/50 starting
[2026-07-26 03:52:09] 2026-07-25 13:14:02 | INFO     | KDClient 0 fit round 6 (tier=small)
[2026-07-26 03:52:09] 2026-07-25 13:14:02 | INFO     | KDClient 0 round 6 public KD (epochs=2)
[2026-07-26 03:52:09] 2026-07-25 13:14:18 | INFO     | KDClient 0 round 6 local training (epochs=4)
[2026-07-26 03:52:09] 2026-07-25 13:14:34 | INFO     | KDClient 0 round 6 completed (acc=0.6523, n=90)
[2026-07-26 03:52:09] 2026-07-25 13:14:34 | INFO     | KDClient 1 fit round 6 (tier=small)
[2026-07-26 03:52:09] 2026-07-25 13:14:34 | INFO     | KDClient 1 round 6 public KD (epochs=2)
[2026-07-26 03:52:09] 2026-07-25 13:14:50 | INFO     | KDClient 1 round 6 local training (epochs=4)
[2026-07-26 03:52:09] 2026-07-25 13:15:03 | INFO     | KDClient 1 round 6 completed (acc=0.5207, n=90)
[2026-07-26 03:52:09] 2026-07-25 13:15:03 | INFO     | KDClient 2 fit round 6 (tier=small)
[2026-07-26 03:52:09] 2026-07-25 13:15:03 | INFO     | KDClient 2 round 6 public KD (epochs=2)
[2026-07-26 03:52:09] 2026-07-25 13:15:16 | INFO     | KDClient 2 round 6 local training (epochs=4)
[2026-07-26 03:52:09] 2026-07-25 13:15:28 | INFO     | KDClient 2 round 6 completed (acc=0.5207, n=90)
[2026-07-26 03:52:09] 2026-07-25 13:15:28 | INFO     | KDClient 3 fit round 6 (tier=small)
[2026-07-26 03:52:09] 2026-07-25 13:15:28 | INFO     | KDClient 3 round 6 public KD (epochs=2)
[2026-07-26 03:52:09] 2026-07-25 13:15:45 | INFO     | KDClient 3 round 6 local training (epochs=4)
[2026-07-26 03:52:09] 2026-07-25 13:15:57 | INFO     | KDClient 3 round 6 completed (acc=0.6721, n=90)
[2026-07-26 03:52:09] 2026-07-25 13:15:57 | INFO     | KDClient 4 fit round 6 (tier=small)
[2026-07-26 03:52:09] 2026-07-25 13:15:57 | INFO     | KDClient 4 round 6 public KD (epochs=2)
[2026-07-26 03:52:09] 2026-07-25 13:16:12 | INFO     | KDClient 4 round 6 local training (epochs=4)
[2026-07-26 03:52:09] 2026-07-25 13:16:25 | INFO     | KDClient 4 round 6 completed (acc=0.5207, n=90)
[2026-07-26 03:52:09] 2026-07-25 13:16:25 | INFO     | KDClient 5 fit round 6 (tier=small)
[2026-07-26 03:52:09] 2026-07-25 13:16:25 | INFO     | KDClient 5 round 6 public KD (epochs=2)
[2026-07-26 03:52:09] 2026-07-25 13:16:41 | INFO     | KDClient 5 round 6 local training (epochs=4)
[2026-07-26 03:52:09] 2026-07-25 13:16:51 | INFO     | KDClient 5 round 6 completed (acc=0.5207, n=90)
[2026-07-26 03:52:09] 2026-07-25 13:16:51 | INFO     | KDClient 6 fit round 6 (tier=small)
[2026-07-26 03:52:09] 2026-07-25 13:16:51 | INFO     | KDClient 6 round 6 public KD (epochs=2)
[2026-07-26 03:52:09] 2026-07-25 13:17:08 | INFO     | KDClient 6 round 6 local training (epochs=4)
[2026-07-26 03:52:09] 2026-07-25 13:17:19 | INFO     | KDClient 6 round 6 completed (acc=0.5207, n=90)
[2026-07-26 03:52:09] 2026-07-25 13:17:19 | INFO     | KDClient 7 fit round 6 (tier=medium)
[2026-07-26 03:52:09] 2026-07-25 13:17:19 | INFO     | KDClient 7 round 6 public KD (epochs=2)
[2026-07-26 03:52:09] 2026-07-25 13:17:59 | INFO     | KDClient 7 round 6 local training (epochs=4)
[2026-07-26 03:52:09] 2026-07-25 13:18:31 | INFO     | KDClient 7 round 6 completed (acc=0.6577, n=90)
[2026-07-26 03:52:09] 2026-07-25 13:18:31 | INFO     | KDClient 8 fit round 6 (tier=medium)
[2026-07-26 03:52:09] 2026-07-25 13:18:31 | INFO     | KDClient 8 round 6 public KD (epochs=2)
[2026-07-26 03:52:09] 2026-07-25 13:19:07 | INFO     | KDClient 8 round 6 local training (epochs=4)
[2026-07-26 03:52:09] 2026-07-25 13:19:34 | INFO     | KDClient 8 round 6 completed (acc=0.6126, n=90)
[2026-07-26 03:52:09] 2026-07-25 13:19:34 | INFO     | KDClient 9 fit round 6 (tier=medium)
[2026-07-26 03:52:09] 2026-07-25 13:19:34 | INFO     | KDClient 9 round 6 public KD (epochs=2)
[2026-07-26 03:52:09] 2026-07-25 13:20:10 | INFO     | KDClient 9 round 6 local training (epochs=4)
[2026-07-26 03:52:09] 2026-07-25 13:20:38 | INFO     | KDClient 9 round 6 completed (acc=0.6090, n=90)
[2026-07-26 03:52:09] 2026-07-25 13:20:38 | INFO     | KDClient 10 fit round 6 (tier=medium)
[2026-07-26 03:52:09] 2026-07-25 13:20:38 | INFO     | KDClient 10 round 6 public KD (epochs=2)
[2026-07-26 03:52:09] 2026-07-25 13:21:16 | INFO     | KDClient 10 round 6 local training (epochs=4)
[2026-07-26 03:52:09] 2026-07-25 13:21:47 | INFO     | KDClient 10 round 6 completed (acc=0.5892, n=90)
[2026-07-26 03:52:09] 2026-07-25 13:21:47 | INFO     | KDClient 11 fit round 6 (tier=medium)
[2026-07-26 03:52:09] 2026-07-25 13:21:47 | INFO     | KDClient 11 round 6 public KD (epochs=2)
[2026-07-26 03:52:09] 2026-07-25 13:22:28 | INFO     | KDClient 11 round 6 local training (epochs=4)
[2026-07-26 03:52:09] 2026-07-25 13:22:59 | INFO     | KDClient 11 round 6 completed (acc=0.7117, n=90)
[2026-07-26 03:52:09] 2026-07-25 13:22:59 | INFO     | KDClient 12 fit round 6 (tier=medium)
[2026-07-26 03:52:09] 2026-07-25 13:22:59 | INFO     | KDClient 12 round 6 public KD (epochs=2)
[2026-07-26 03:52:09] 2026-07-25 13:23:39 | INFO     | KDClient 12 round 6 local training (epochs=4)
[2026-07-26 03:52:09] 2026-07-25 13:24:12 | INFO     | KDClient 12 round 6 completed (acc=0.5495, n=90)
[2026-07-26 03:52:09] 2026-07-25 13:24:12 | INFO     | KDClient 13 fit round 6 (tier=medium)
[2026-07-26 03:52:09] 2026-07-25 13:24:12 | INFO     | KDClient 13 round 6 public KD (epochs=2)
[2026-07-26 03:52:09] 2026-07-25 13:24:54 | INFO     | KDClient 13 round 6 local training (epochs=4)
[2026-07-26 03:52:09] 2026-07-25 13:25:25 | INFO     | KDClient 13 round 6 completed (acc=0.6523, n=90)
[2026-07-26 03:52:09] 2026-07-25 13:25:25 | INFO     | KDClient 14 fit round 6 (tier=large)
[2026-07-26 03:52:09] 2026-07-25 13:25:25 | INFO     | KDClient 14 round 6 public KD (epochs=2)
[2026-07-26 03:52:09] 2026-07-25 13:26:35 | INFO     | KDClient 14 round 6 local training (epochs=4)
[2026-07-26 03:52:09] 2026-07-25 13:27:26 | INFO     | KDClient 14 round 6 completed (acc=0.6432, n=90)
[2026-07-26 03:52:09] 2026-07-25 13:27:26 | INFO     | KDClient 15 fit round 6 (tier=large)
[2026-07-26 03:52:09] 2026-07-25 13:27:26 | INFO     | KDClient 15 round 6 public KD (epochs=2)
[2026-07-26 03:52:09] 2026-07-25 13:28:33 | INFO     | KDClient 15 round 6 local training (epochs=4)
[2026-07-26 03:52:09] 2026-07-25 13:29:32 | INFO     | KDClient 15 round 6 completed (acc=0.5171, n=90)
[2026-07-26 03:52:09] 2026-07-25 13:29:32 | INFO     | KDClient 16 fit round 6 (tier=large)
[2026-07-26 03:52:09] 2026-07-25 13:29:32 | INFO     | KDClient 16 round 6 public KD (epochs=2)
[2026-07-26 03:52:09] 2026-07-25 13:30:45 | INFO     | KDClient 16 round 6 local training (epochs=4)
[2026-07-26 03:52:09] 2026-07-25 13:31:49 | INFO     | KDClient 16 round 6 completed (acc=0.6505, n=90)
[2026-07-26 03:52:09] 2026-07-25 13:31:49 | INFO     | KDClient 17 fit round 6 (tier=large)
[2026-07-26 03:52:09] 2026-07-25 13:31:49 | INFO     | KDClient 17 round 6 public KD (epochs=2)
[2026-07-26 03:52:09] 2026-07-25 13:33:00 | INFO     | KDClient 17 round 6 local training (epochs=4)
[2026-07-26 03:52:09] 2026-07-25 13:34:00 | INFO     | KDClient 17 round 6 completed (acc=0.6450, n=90)
[2026-07-26 03:52:09] 2026-07-25 13:34:00 | INFO     | KDClient 18 fit round 6 (tier=large)
[2026-07-26 03:52:09] 2026-07-25 13:34:00 | INFO     | KDClient 18 round 6 public KD (epochs=2)
[2026-07-26 03:52:09] 2026-07-25 13:35:08 | INFO     | KDClient 18 round 6 local training (epochs=4)
[2026-07-26 03:52:09] 2026-07-25 13:36:01 | INFO     | KDClient 18 round 6 completed (acc=0.6541, n=90)
[2026-07-26 03:52:09] 2026-07-25 13:36:01 | INFO     | KDClient 19 fit round 6 (tier=large)
[2026-07-26 03:52:09] 2026-07-25 13:36:01 | INFO     | KDClient 19 round 6 public KD (epochs=2)
[2026-07-26 03:52:09] 2026-07-25 13:37:07 | INFO     | KDClient 19 round 6 local training (epochs=4)
[2026-07-26 03:52:09] 2026-07-25 13:38:07 | INFO     | KDClient 19 round 6 completed (acc=0.6523, n=90)
[2026-07-26 03:52:09]   Round   6/50 | Avg: 0.6036 | Min: 0.5171 | Max: 0.7117
[2026-07-26 03:52:09] 2026-07-25 13:38:07 | INFO     | FEDAKD — IID: round 7/50 starting
[2026-07-26 03:52:09] 2026-07-25 13:38:07 | INFO     | KDClient 0 fit round 7 (tier=small)
[2026-07-26 03:52:09] 2026-07-25 13:38:07 | INFO     | KDClient 0 round 7 public KD (epochs=2)
[2026-07-26 03:52:09] 2026-07-25 13:38:25 | INFO     | KDClient 0 round 7 local training (epochs=4)
[2026-07-26 03:52:09] 2026-07-25 13:38:40 | INFO     | KDClient 0 round 7 completed (acc=0.5207, n=90)
[2026-07-26 03:52:09] 2026-07-25 13:38:40 | INFO     | KDClient 1 fit round 7 (tier=small)
[2026-07-26 03:52:09] 2026-07-25 13:38:40 | INFO     | KDClient 1 round 7 public KD (epochs=2)
[2026-07-26 03:52:09] 2026-07-25 13:38:55 | INFO     | KDClient 1 round 7 local training (epochs=4)
[2026-07-26 03:52:09] 2026-07-25 13:39:08 | INFO     | KDClient 1 round 7 completed (acc=0.5225, n=90)
[2026-07-26 03:52:09] 2026-07-25 13:39:08 | INFO     | KDClient 2 fit round 7 (tier=small)
[2026-07-26 03:52:09] 2026-07-25 13:39:08 | INFO     | KDClient 2 round 7 public KD (epochs=2)
[2026-07-26 03:52:09] 2026-07-25 13:39:25 | INFO     | KDClient 2 round 7 local training (epochs=4)
[2026-07-26 03:52:09] 2026-07-25 13:39:42 | INFO     | KDClient 2 round 7 completed (acc=0.5207, n=90)
[2026-07-26 03:52:09] 2026-07-25 13:39:42 | INFO     | KDClient 3 fit round 7 (tier=small)
[2026-07-26 03:52:09] 2026-07-25 13:39:42 | INFO     | KDClient 3 round 7 public KD (epochs=2)
[2026-07-26 03:52:09] 2026-07-25 13:39:58 | INFO     | KDClient 3 round 7 local training (epochs=4)
[2026-07-26 03:52:09] 2026-07-25 13:40:12 | INFO     | KDClient 3 round 7 completed (acc=0.5207, n=90)
[2026-07-26 03:52:09] 2026-07-25 13:40:12 | INFO     | KDClient 4 fit round 7 (tier=small)
[2026-07-26 03:52:09] 2026-07-25 13:40:12 | INFO     | KDClient 4 round 7 public KD (epochs=2)
[2026-07-26 03:52:09] 2026-07-25 13:40:27 | INFO     | KDClient 4 round 7 local training (epochs=4)
[2026-07-26 03:52:09] 2026-07-25 13:40:39 | INFO     | KDClient 4 round 7 completed (acc=0.5207, n=90)
[2026-07-26 03:52:09] 2026-07-25 13:40:39 | INFO     | KDClient 5 fit round 7 (tier=small)
[2026-07-26 03:52:09] 2026-07-25 13:40:39 | INFO     | KDClient 5 round 7 public KD (epochs=2)
[2026-07-26 03:52:09] 2026-07-25 13:40:53 | INFO     | KDClient 5 round 7 local training (epochs=4)
[2026-07-26 03:52:09] 2026-07-25 13:41:04 | INFO     | KDClient 5 round 7 completed (acc=0.5207, n=90)
[2026-07-26 03:52:09] 2026-07-25 13:41:04 | INFO     | KDClient 6 fit round 7 (tier=small)
[2026-07-26 03:52:09] 2026-07-25 13:41:04 | INFO     | KDClient 6 round 7 public KD (epochs=2)
[2026-07-26 03:52:09] 2026-07-25 13:41:20 | INFO     | KDClient 6 round 7 local training (epochs=4)
[2026-07-26 03:52:09] 2026-07-25 13:41:33 | INFO     | KDClient 6 round 7 completed (acc=0.5207, n=90)
[2026-07-26 03:52:09] 2026-07-25 13:41:33 | INFO     | KDClient 7 fit round 7 (tier=medium)
[2026-07-26 03:52:09] 2026-07-25 13:41:33 | INFO     | KDClient 7 round 7 public KD (epochs=2)
[2026-07-26 03:52:09] 2026-07-25 13:42:17 | INFO     | KDClient 7 round 7 local training (epochs=4)
[2026-07-26 03:52:09] 2026-07-25 13:42:56 | INFO     | KDClient 7 round 7 completed (acc=0.6847, n=90)
[2026-07-26 03:52:09] 2026-07-25 13:42:56 | INFO     | KDClient 8 fit round 7 (tier=medium)
[2026-07-26 03:52:09] 2026-07-25 13:42:56 | INFO     | KDClient 8 round 7 public KD (epochs=2)
[2026-07-26 03:52:09] 2026-07-25 13:43:37 | INFO     | KDClient 8 round 7 local training (epochs=4)
[2026-07-26 03:52:09] 2026-07-25 13:44:08 | INFO     | KDClient 8 round 7 completed (acc=0.6523, n=90)
[2026-07-26 03:52:09] 2026-07-25 13:44:08 | INFO     | KDClient 9 fit round 7 (tier=medium)
[2026-07-26 03:52:09] 2026-07-25 13:44:08 | INFO     | KDClient 9 round 7 public KD (epochs=2)
[2026-07-26 03:52:09] 2026-07-25 13:44:44 | INFO     | KDClient 9 round 7 local training (epochs=4)
[2026-07-26 03:52:09] 2026-07-25 13:45:12 | INFO     | KDClient 9 round 7 completed (acc=0.6036, n=90)
[2026-07-26 03:52:09] 2026-07-25 13:45:12 | INFO     | KDClient 10 fit round 7 (tier=medium)
[2026-07-26 03:52:09] 2026-07-25 13:45:12 | INFO     | KDClient 10 round 7 public KD (epochs=2)
[2026-07-26 03:52:09] 2026-07-25 13:45:48 | INFO     | KDClient 10 round 7 local training (epochs=4)
[2026-07-26 03:52:09] 2026-07-25 13:46:24 | INFO     | KDClient 10 round 7 completed (acc=0.5712, n=90)
[2026-07-26 03:52:09] 2026-07-25 13:46:24 | INFO     | KDClient 11 fit round 7 (tier=medium)
[2026-07-26 03:52:09] 2026-07-25 13:46:24 | INFO     | KDClient 11 round 7 public KD (epochs=2)
[2026-07-26 03:52:09] 2026-07-25 13:47:02 | INFO     | KDClient 11 round 7 local training (epochs=4)
[2026-07-26 03:52:09] 2026-07-25 13:47:34 | INFO     | KDClient 11 round 7 completed (acc=0.5279, n=90)
[2026-07-26 03:52:09] 2026-07-25 13:47:34 | INFO     | KDClient 12 fit round 7 (tier=medium)
[2026-07-26 03:52:09] 2026-07-25 13:47:34 | INFO     | KDClient 12 round 7 public KD (epochs=2)
[2026-07-26 03:52:09] 2026-07-25 13:48:13 | INFO     | KDClient 12 round 7 local training (epochs=4)
[2026-07-26 03:52:09] 2026-07-25 13:48:47 | INFO     | KDClient 12 round 7 completed (acc=0.5514, n=90)
[2026-07-26 03:52:09] 2026-07-25 13:48:47 | INFO     | KDClient 13 fit round 7 (tier=medium)
[2026-07-26 03:52:09] 2026-07-25 13:48:47 | INFO     | KDClient 13 round 7 public KD (epochs=2)
[2026-07-26 03:52:09] 2026-07-25 13:49:28 | INFO     | KDClient 13 round 7 local training (epochs=4)
[2026-07-26 03:52:09] 2026-07-25 13:50:00 | INFO     | KDClient 13 round 7 completed (acc=0.6541, n=90)
[2026-07-26 03:52:09] 2026-07-25 13:50:00 | INFO     | KDClient 14 fit round 7 (tier=large)
[2026-07-26 03:52:09] 2026-07-25 13:50:00 | INFO     | KDClient 14 round 7 public KD (epochs=2)
[2026-07-26 03:52:09] 2026-07-25 13:51:07 | INFO     | KDClient 14 round 7 local training (epochs=4)
[2026-07-26 03:52:09] 2026-07-25 13:51:54 | INFO     | KDClient 14 round 7 completed (acc=0.6523, n=90)
[2026-07-26 03:52:09] 2026-07-25 13:51:54 | INFO     | KDClient 15 fit round 7 (tier=large)
[2026-07-26 03:52:09] 2026-07-25 13:51:54 | INFO     | KDClient 15 round 7 public KD (epochs=2)
[2026-07-26 03:52:09] 2026-07-25 13:53:00 | INFO     | KDClient 15 round 7 local training (epochs=4)
[2026-07-26 03:52:09] 2026-07-25 13:53:55 | INFO     | KDClient 15 round 7 completed (acc=0.6541, n=90)
[2026-07-26 03:52:09] 2026-07-25 13:53:55 | INFO     | KDClient 16 fit round 7 (tier=large)
[2026-07-26 03:52:09] 2026-07-25 13:53:55 | INFO     | KDClient 16 round 7 public KD (epochs=2)
[2026-07-26 03:52:09] 2026-07-25 13:55:07 | INFO     | KDClient 16 round 7 local training (epochs=4)
[2026-07-26 03:52:09] 2026-07-25 13:56:00 | INFO     | KDClient 16 round 7 completed (acc=0.6432, n=90)
[2026-07-26 03:52:09] 2026-07-25 13:56:00 | INFO     | KDClient 17 fit round 7 (tier=large)
[2026-07-26 03:52:09] 2026-07-25 13:56:00 | INFO     | KDClient 17 round 7 public KD (epochs=2)
[2026-07-26 03:52:09] 2026-07-25 13:57:11 | INFO     | KDClient 17 round 7 local training (epochs=4)
[2026-07-26 03:52:09] 2026-07-25 13:58:03 | INFO     | KDClient 17 round 7 completed (acc=0.6523, n=90)
[2026-07-26 03:52:09] 2026-07-25 13:58:03 | INFO     | KDClient 18 fit round 7 (tier=large)
[2026-07-26 03:52:09] 2026-07-25 13:58:03 | INFO     | KDClient 18 round 7 public KD (epochs=2)
[2026-07-26 03:52:09] 2026-07-25 13:59:18 | INFO     | KDClient 18 round 7 local training (epochs=4)
[2026-07-26 03:52:09] 2026-07-25 14:00:15 | INFO     | KDClient 18 round 7 completed (acc=0.6541, n=90)
[2026-07-26 03:52:09] 2026-07-25 14:00:15 | INFO     | KDClient 19 fit round 7 (tier=large)
[2026-07-26 03:52:09] 2026-07-25 14:00:15 | INFO     | KDClient 19 round 7 public KD (epochs=2)
[2026-07-26 03:52:09] 2026-07-25 14:01:30 | INFO     | KDClient 19 round 7 local training (epochs=4)
[2026-07-26 03:52:09] 2026-07-25 14:02:20 | INFO     | KDClient 19 round 7 completed (acc=0.6631, n=90)
[2026-07-26 03:52:09]   Round   7/50 | Avg: 0.5905 | Min: 0.5207 | Max: 0.6847
[2026-07-26 03:52:09] 2026-07-25 14:02:20 | INFO     | FEDAKD — IID: round 8/50 starting
[2026-07-26 03:52:09] 2026-07-25 14:02:20 | INFO     | KDClient 0 fit round 8 (tier=small)
[2026-07-26 03:52:09] 2026-07-25 14:02:20 | INFO     | KDClient 0 round 8 public KD (epochs=2)
[2026-07-26 03:52:09] 2026-07-25 14:02:35 | INFO     | KDClient 0 round 8 local training (epochs=4)
[2026-07-26 03:52:09] 2026-07-25 14:02:50 | INFO     | KDClient 0 round 8 completed (acc=0.5207, n=90)
[2026-07-26 03:52:09] 2026-07-25 14:02:50 | INFO     | KDClient 1 fit round 8 (tier=small)
[2026-07-26 03:52:09] 2026-07-25 14:02:50 | INFO     | KDClient 1 round 8 public KD (epochs=2)
[2026-07-26 03:52:09] 2026-07-25 14:03:09 | INFO     | KDClient 1 round 8 local training (epochs=4)
[2026-07-26 03:52:09] 2026-07-25 14:03:21 | INFO     | KDClient 1 round 8 completed (acc=0.5369, n=90)
[2026-07-26 03:52:09] 2026-07-25 14:03:21 | INFO     | KDClient 2 fit round 8 (tier=small)
[2026-07-26 03:52:09] 2026-07-25 14:03:21 | INFO     | KDClient 2 round 8 public KD (epochs=2)
[2026-07-26 03:52:09] 2026-07-25 14:03:38 | INFO     | KDClient 2 round 8 local training (epochs=4)
[2026-07-26 03:52:09] 2026-07-25 14:03:50 | INFO     | KDClient 2 round 8 completed (acc=0.5405, n=90)
[2026-07-26 03:52:09] 2026-07-25 14:03:50 | INFO     | KDClient 3 fit round 8 (tier=small)
[2026-07-26 03:52:09] 2026-07-25 14:03:50 | INFO     | KDClient 3 round 8 public KD (epochs=2)
[2026-07-26 03:52:09] 2026-07-25 14:04:05 | INFO     | KDClient 3 round 8 local training (epochs=4)
[2026-07-26 03:52:09] 2026-07-25 14:04:19 | INFO     | KDClient 3 round 8 completed (acc=0.5207, n=90)
[2026-07-26 03:52:09] 2026-07-25 14:04:19 | INFO     | KDClient 4 fit round 8 (tier=small)
[2026-07-26 03:52:09] 2026-07-25 14:04:19 | INFO     | KDClient 4 round 8 public KD (epochs=2)
[2026-07-26 03:52:09] 2026-07-25 14:04:36 | INFO     | KDClient 4 round 8 local training (epochs=4)
[2026-07-26 03:52:09] 2026-07-25 14:04:53 | INFO     | KDClient 4 round 8 completed (acc=0.5207, n=90)
[2026-07-26 03:52:09] 2026-07-25 14:04:53 | INFO     | KDClient 5 fit round 8 (tier=small)
[2026-07-26 03:52:09] 2026-07-25 14:04:53 | INFO     | KDClient 5 round 8 public KD (epochs=2)
[2026-07-26 03:52:09] 2026-07-25 14:05:08 | INFO     | KDClient 5 round 8 local training (epochs=4)
[2026-07-26 03:52:09] 2026-07-25 14:05:18 | INFO     | KDClient 5 round 8 completed (acc=0.5207, n=90)
[2026-07-26 03:52:09] 2026-07-25 14:05:18 | INFO     | KDClient 6 fit round 8 (tier=small)
[2026-07-26 03:52:09] 2026-07-25 14:05:18 | INFO     | KDClient 6 round 8 public KD (epochs=2)
[2026-07-26 03:52:09] 2026-07-25 14:05:32 | INFO     | KDClient 6 round 8 local training (epochs=4)
[2026-07-26 03:52:09] 2026-07-25 14:05:43 | INFO     | KDClient 6 round 8 completed (acc=0.5207, n=90)
[2026-07-26 03:52:09] 2026-07-25 14:05:43 | INFO     | KDClient 7 fit round 8 (tier=medium)
[2026-07-26 03:52:09] 2026-07-25 14:05:43 | INFO     | KDClient 7 round 8 public KD (epochs=2)
[2026-07-26 03:52:09] 2026-07-25 14:06:26 | INFO     | KDClient 7 round 8 local training (epochs=4)
[2026-07-26 03:52:09] 2026-07-25 14:07:08 | INFO     | KDClient 7 round 8 completed (acc=0.6901, n=90)
[2026-07-26 03:52:09] 2026-07-25 14:07:08 | INFO     | KDClient 8 fit round 8 (tier=medium)
[2026-07-26 03:52:09] 2026-07-25 14:07:08 | INFO     | KDClient 8 round 8 public KD (epochs=2)
[2026-07-26 03:52:09] 2026-07-25 14:07:49 | INFO     | KDClient 8 round 8 local training (epochs=4)
[2026-07-26 03:52:09] 2026-07-25 14:08:17 | INFO     | KDClient 8 round 8 completed (acc=0.6505, n=90)
[2026-07-26 03:52:09] 2026-07-25 14:08:17 | INFO     | KDClient 9 fit round 8 (tier=medium)
[2026-07-26 03:52:09] 2026-07-25 14:08:17 | INFO     | KDClient 9 round 8 public KD (epochs=2)
[2026-07-26 03:52:09] 2026-07-25 14:08:52 | INFO     | KDClient 9 round 8 local training (epochs=4)
[2026-07-26 03:52:09] 2026-07-25 14:09:20 | INFO     | KDClient 9 round 8 completed (acc=0.6180, n=90)
[2026-07-26 03:52:09] 2026-07-25 14:09:20 | INFO     | KDClient 10 fit round 8 (tier=medium)
[2026-07-26 03:52:09] 2026-07-25 14:09:20 | INFO     | KDClient 10 round 8 public KD (epochs=2)
[2026-07-26 03:52:09] 2026-07-25 14:09:58 | INFO     | KDClient 10 round 8 local training (epochs=4)
[2026-07-26 03:52:09] 2026-07-25 14:10:25 | INFO     | KDClient 10 round 8 completed (acc=0.6865, n=90)
[2026-07-26 03:52:09] 2026-07-25 14:10:25 | INFO     | KDClient 11 fit round 8 (tier=medium)
[2026-07-26 03:52:09] 2026-07-25 14:10:25 | INFO     | KDClient 11 round 8 public KD (epochs=2)
[2026-07-26 03:52:09] 2026-07-25 14:11:03 | INFO     | KDClient 11 round 8 local training (epochs=4)
[2026-07-26 03:52:09] 2026-07-25 14:11:32 | INFO     | KDClient 11 round 8 completed (acc=0.6631, n=90)
[2026-07-26 03:52:09] 2026-07-25 14:11:32 | INFO     | KDClient 12 fit round 8 (tier=medium)
[2026-07-26 03:52:09] 2026-07-25 14:11:32 | INFO     | KDClient 12 round 8 public KD (epochs=2)
[2026-07-26 03:52:09] 2026-07-25 14:12:12 | INFO     | KDClient 12 round 8 local training (epochs=4)
[2026-07-26 03:52:09] 2026-07-25 14:12:46 | INFO     | KDClient 12 round 8 completed (acc=0.5586, n=90)
[2026-07-26 03:52:09] 2026-07-25 14:12:46 | INFO     | KDClient 13 fit round 8 (tier=medium)
[2026-07-26 03:52:09] 2026-07-25 14:12:46 | INFO     | KDClient 13 round 8 public KD (epochs=2)
[2026-07-26 03:52:09] 2026-07-25 14:13:29 | INFO     | KDClient 13 round 8 local training (epochs=4)
[2026-07-26 03:52:09] 2026-07-25 14:13:59 | INFO     | KDClient 13 round 8 completed (acc=0.6541, n=90)
[2026-07-26 03:52:09] 2026-07-25 14:13:59 | INFO     | KDClient 14 fit round 8 (tier=large)
[2026-07-26 03:52:09] 2026-07-25 14:13:59 | INFO     | KDClient 14 round 8 public KD (epochs=2)
[2026-07-26 03:52:09] 2026-07-25 14:15:10 | INFO     | KDClient 14 round 8 local training (epochs=4)
[2026-07-26 03:52:09] 2026-07-25 14:16:01 | INFO     | KDClient 14 round 8 completed (acc=0.6523, n=90)
[2026-07-26 03:52:09] 2026-07-25 14:16:01 | INFO     | KDClient 15 fit round 8 (tier=large)
[2026-07-26 03:52:09] 2026-07-25 14:16:01 | INFO     | KDClient 15 round 8 public KD (epochs=2)
[2026-07-26 03:52:09] 2026-07-25 14:17:08 | INFO     | KDClient 15 round 8 local training (epochs=4)
[2026-07-26 03:52:09] 2026-07-25 14:17:56 | INFO     | KDClient 15 round 8 completed (acc=0.6541, n=90)
[2026-07-26 03:52:09] 2026-07-25 14:17:56 | INFO     | KDClient 16 fit round 8 (tier=large)
[2026-07-26 03:52:09] 2026-07-25 14:17:56 | INFO     | KDClient 16 round 8 public KD (epochs=2)
[2026-07-26 03:52:09] 2026-07-25 14:19:03 | INFO     | KDClient 16 round 8 local training (epochs=4)
[2026-07-26 03:52:09] 2026-07-25 14:20:07 | INFO     | KDClient 16 round 8 completed (acc=0.7477, n=90)
[2026-07-26 03:52:09] 2026-07-25 14:20:07 | INFO     | KDClient 17 fit round 8 (tier=large)
[2026-07-26 03:52:09] 2026-07-25 14:20:07 | INFO     | KDClient 17 round 8 public KD (epochs=2)
[2026-07-26 03:52:09] 2026-07-25 14:21:20 | INFO     | KDClient 17 round 8 local training (epochs=4)
[2026-07-26 03:52:09] 2026-07-25 14:22:12 | INFO     | KDClient 17 round 8 completed (acc=0.6919, n=90)
[2026-07-26 03:52:09] 2026-07-25 14:22:12 | INFO     | KDClient 18 fit round 8 (tier=large)
[2026-07-26 03:52:09] 2026-07-25 14:22:12 | INFO     | KDClient 18 round 8 public KD (epochs=2)
[2026-07-26 03:52:09] 2026-07-25 14:23:29 | INFO     | KDClient 18 round 8 local training (epochs=4)
[2026-07-26 03:52:09] 2026-07-25 14:24:23 | INFO     | KDClient 18 round 8 completed (acc=0.5514, n=90)
[2026-07-26 03:52:09] 2026-07-25 14:24:23 | INFO     | KDClient 19 fit round 8 (tier=large)
[2026-07-26 03:52:09] 2026-07-25 14:24:23 | INFO     | KDClient 19 round 8 public KD (epochs=2)
[2026-07-26 03:52:09] 2026-07-25 14:25:33 | INFO     | KDClient 19 round 8 local training (epochs=4)
[2026-07-26 03:52:09] 2026-07-25 14:26:31 | INFO     | KDClient 19 round 8 completed (acc=0.7117, n=90)
[2026-07-26 03:52:09]   Round   8/50 | Avg: 0.6105 | Min: 0.5207 | Max: 0.7477
[2026-07-26 03:52:09] 2026-07-25 14:26:31 | INFO     | FEDAKD — IID: round 9/50 starting
[2026-07-26 03:52:09] 2026-07-25 14:26:31 | INFO     | KDClient 0 fit round 9 (tier=small)
[2026-07-26 03:52:09] 2026-07-25 14:26:31 | INFO     | KDClient 0 round 9 public KD (epochs=2)
[2026-07-26 03:52:09] 2026-07-25 14:26:45 | INFO     | KDClient 0 round 9 local training (epochs=4)
[2026-07-26 03:52:09] 2026-07-25 14:26:59 | INFO     | KDClient 0 round 9 completed (acc=0.5207, n=90)
[2026-07-26 03:52:09] 2026-07-25 14:26:59 | INFO     | KDClient 1 fit round 9 (tier=small)
[2026-07-26 03:52:09] 2026-07-25 14:26:59 | INFO     | KDClient 1 round 9 public KD (epochs=2)
[2026-07-26 03:52:09] 2026-07-25 14:27:14 | INFO     | KDClient 1 round 9 local training (epochs=4)
[2026-07-26 03:52:09] 2026-07-25 14:27:28 | INFO     | KDClient 1 round 9 completed (acc=0.5243, n=90)
[2026-07-26 03:52:09] 2026-07-25 14:27:28 | INFO     | KDClient 2 fit round 9 (tier=small)
[2026-07-26 03:52:09] 2026-07-25 14:27:28 | INFO     | KDClient 2 round 9 public KD (epochs=2)
[2026-07-26 03:52:09] 2026-07-25 14:27:43 | INFO     | KDClient 2 round 9 local training (epochs=4)
[2026-07-26 03:52:09] 2026-07-25 14:27:53 | INFO     | KDClient 2 round 9 completed (acc=0.7532, n=90)
[2026-07-26 03:52:09] 2026-07-25 14:27:53 | INFO     | KDClient 3 fit round 9 (tier=small)
[2026-07-26 03:52:09] 2026-07-25 14:27:53 | INFO     | KDClient 3 round 9 public KD (epochs=2)
[2026-07-26 03:52:09] 2026-07-25 14:28:07 | INFO     | KDClient 3 round 9 local training (epochs=4)
[2026-07-26 03:52:09] 2026-07-25 14:28:19 | INFO     | KDClient 3 round 9 completed (acc=0.5225, n=90)
[2026-07-26 03:52:09] 2026-07-25 14:28:19 | INFO     | KDClient 4 fit round 9 (tier=small)
[2026-07-26 03:52:09] 2026-07-25 14:28:19 | INFO     | KDClient 4 round 9 public KD (epochs=2)
[2026-07-26 03:52:09] 2026-07-25 14:28:32 | INFO     | KDClient 4 round 9 local training (epochs=4)
[2026-07-26 03:52:09] 2026-07-25 14:28:44 | INFO     | KDClient 4 round 9 completed (acc=0.5225, n=90)
[2026-07-26 03:52:09] 2026-07-25 14:28:44 | INFO     | KDClient 5 fit round 9 (tier=small)
[2026-07-26 03:52:09] 2026-07-25 14:28:44 | INFO     | KDClient 5 round 9 public KD (epochs=2)
[2026-07-26 03:52:09] 2026-07-25 14:28:59 | INFO     | KDClient 5 round 9 local training (epochs=4)
[2026-07-26 03:52:09] 2026-07-25 14:29:10 | INFO     | KDClient 5 round 9 completed (acc=0.5387, n=90)
[2026-07-26 03:52:09] 2026-07-25 14:29:10 | INFO     | KDClient 6 fit round 9 (tier=small)
[2026-07-26 03:52:09] 2026-07-25 14:29:10 | INFO     | KDClient 6 round 9 public KD (epochs=2)
[2026-07-26 03:52:09] 2026-07-25 14:29:25 | INFO     | KDClient 6 round 9 local training (epochs=4)
[2026-07-26 03:52:09] 2026-07-25 14:29:38 | INFO     | KDClient 6 round 9 completed (acc=0.5207, n=90)
[2026-07-26 03:52:09] 2026-07-25 14:29:38 | INFO     | KDClient 7 fit round 9 (tier=medium)
[2026-07-26 03:52:09] 2026-07-25 14:29:38 | INFO     | KDClient 7 round 9 public KD (epochs=2)
[2026-07-26 03:52:09] 2026-07-25 14:30:22 | INFO     | KDClient 7 round 9 local training (epochs=4)
[2026-07-26 03:52:09] 2026-07-25 14:30:55 | INFO     | KDClient 7 round 9 completed (acc=0.5694, n=90)
[2026-07-26 03:52:09] 2026-07-25 14:30:55 | INFO     | KDClient 8 fit round 9 (tier=medium)
[2026-07-26 03:52:09] 2026-07-25 14:30:55 | INFO     | KDClient 8 round 9 public KD (epochs=2)
[2026-07-26 03:52:09] 2026-07-25 14:31:38 | INFO     | KDClient 8 round 9 local training (epochs=4)
[2026-07-26 03:52:09] 2026-07-25 14:32:13 | INFO     | KDClient 8 round 9 completed (acc=0.6432, n=90)
[2026-07-26 03:52:09] 2026-07-25 14:32:13 | INFO     | KDClient 9 fit round 9 (tier=medium)
[2026-07-26 03:52:09] 2026-07-25 14:32:13 | INFO     | KDClient 9 round 9 public KD (epochs=2)
[2026-07-26 03:52:09] 2026-07-25 14:32:54 | INFO     | KDClient 9 round 9 local training (epochs=4)
[2026-07-26 03:52:09] 2026-07-25 14:33:23 | INFO     | KDClient 9 round 9 completed (acc=0.6450, n=90)
[2026-07-26 03:52:09] 2026-07-25 14:33:23 | INFO     | KDClient 10 fit round 9 (tier=medium)
[2026-07-26 03:52:09] 2026-07-25 14:33:23 | INFO     | KDClient 10 round 9 public KD (epochs=2)
[2026-07-26 03:52:09] 2026-07-25 14:33:58 | INFO     | KDClient 10 round 9 local training (epochs=4)
[2026-07-26 03:52:09] 2026-07-25 14:34:27 | INFO     | KDClient 10 round 9 completed (acc=0.5964, n=90)
[2026-07-26 03:52:09] 2026-07-25 14:34:27 | INFO     | KDClient 11 fit round 9 (tier=medium)
[2026-07-26 03:52:09] 2026-07-25 14:34:27 | INFO     | KDClient 11 round 9 public KD (epochs=2)
[2026-07-26 03:52:09] 2026-07-25 14:35:02 | INFO     | KDClient 11 round 9 local training (epochs=4)
[2026-07-26 03:52:09] 2026-07-25 14:35:32 | INFO     | KDClient 11 round 9 completed (acc=0.7532, n=90)
[2026-07-26 03:52:09] 2026-07-25 14:35:32 | INFO     | KDClient 12 fit round 9 (tier=medium)
[2026-07-26 03:52:09] 2026-07-25 14:35:32 | INFO     | KDClient 12 round 9 public KD (epochs=2)
[2026-07-26 03:52:09] 2026-07-25 14:36:09 | INFO     | KDClient 12 round 9 local training (epochs=4)
[2026-07-26 03:52:09] 2026-07-25 14:36:43 | INFO     | KDClient 12 round 9 completed (acc=0.7423, n=90)
[2026-07-26 03:52:09] 2026-07-25 14:36:43 | INFO     | KDClient 13 fit round 9 (tier=medium)
[2026-07-26 03:52:09] 2026-07-25 14:36:43 | INFO     | KDClient 13 round 9 public KD (epochs=2)
[2026-07-26 03:52:09] 2026-07-25 14:37:26 | INFO     | KDClient 13 round 9 local training (epochs=4)
[2026-07-26 03:52:09] 2026-07-25 14:37:58 | INFO     | KDClient 13 round 9 completed (acc=0.6757, n=90)
[2026-07-26 03:52:09] 2026-07-25 14:37:58 | INFO     | KDClient 14 fit round 9 (tier=large)
[2026-07-26 03:52:09] 2026-07-25 14:37:58 | INFO     | KDClient 14 round 9 public KD (epochs=2)
[2026-07-26 03:52:09] 2026-07-25 14:39:06 | INFO     | KDClient 14 round 9 local training (epochs=4)
[2026-07-26 03:52:09] 2026-07-25 14:39:57 | INFO     | KDClient 14 round 9 completed (acc=0.6577, n=90)
[2026-07-26 03:52:09] 2026-07-25 14:39:57 | INFO     | KDClient 15 fit round 9 (tier=large)
[2026-07-26 03:52:09] 2026-07-25 14:39:57 | INFO     | KDClient 15 round 9 public KD (epochs=2)
[2026-07-26 03:52:09] 2026-07-25 14:40:59 | INFO     | KDClient 15 round 9 local training (epochs=4)
[2026-07-26 03:52:09] 2026-07-25 14:41:47 | INFO     | KDClient 15 round 9 completed (acc=0.6396, n=90)
[2026-07-26 03:52:09] 2026-07-25 14:41:47 | INFO     | KDClient 16 fit round 9 (tier=large)
[2026-07-26 03:52:09] 2026-07-25 14:41:47 | INFO     | KDClient 16 round 9 public KD (epochs=2)
[2026-07-26 03:52:09] 2026-07-25 14:42:49 | INFO     | KDClient 16 round 9 local training (epochs=4)
[2026-07-26 03:52:09] 2026-07-25 14:43:40 | INFO     | KDClient 16 round 9 completed (acc=0.7604, n=90)
[2026-07-26 03:52:09] 2026-07-25 14:43:40 | INFO     | KDClient 17 fit round 9 (tier=large)
[2026-07-26 03:52:09] 2026-07-25 14:43:40 | INFO     | KDClient 17 round 9 public KD (epochs=2)
[2026-07-26 03:52:09] 2026-07-25 14:44:51 | INFO     | KDClient 17 round 9 local training (epochs=4)
[2026-07-26 03:52:09] 2026-07-25 14:45:55 | INFO     | KDClient 17 round 9 completed (acc=0.6973, n=90)
[2026-07-26 03:52:09] 2026-07-25 14:45:55 | INFO     | KDClient 18 fit round 9 (tier=large)
[2026-07-26 03:52:09] 2026-07-25 14:45:55 | INFO     | KDClient 18 round 9 public KD (epochs=2)
[2026-07-26 03:52:09] 2026-07-25 14:47:05 | INFO     | KDClient 18 round 9 local training (epochs=4)
[2026-07-26 03:52:09] 2026-07-25 14:47:52 | INFO     | KDClient 18 round 9 completed (acc=0.5297, n=90)
[2026-07-26 03:52:09] 2026-07-25 14:47:52 | INFO     | KDClient 19 fit round 9 (tier=large)
[2026-07-26 03:52:09] 2026-07-25 14:47:52 | INFO     | KDClient 19 round 9 public KD (epochs=2)
[2026-07-26 03:52:09] 2026-07-25 14:49:07 | INFO     | KDClient 19 round 9 local training (epochs=4)
[2026-07-26 03:52:09] 2026-07-25 14:50:07 | INFO     | KDClient 19 round 9 completed (acc=0.7063, n=90)
[2026-07-26 03:52:09]   Round   9/50 | Avg: 0.6259 | Min: 0.5207 | Max: 0.7604
[2026-07-26 03:52:09] 2026-07-25 14:50:07 | INFO     | FEDAKD — IID: round 10/50 starting
[2026-07-26 03:52:09] 2026-07-25 14:50:07 | INFO     | KDClient 0 fit round 10 (tier=small)
[2026-07-26 03:52:09] 2026-07-25 14:50:07 | INFO     | KDClient 0 round 10 public KD (epochs=2)
[2026-07-26 03:52:09] 2026-07-25 14:50:23 | INFO     | KDClient 0 round 10 local training (epochs=4)
[2026-07-26 03:52:09] 2026-07-25 14:50:35 | INFO     | KDClient 0 round 10 completed (acc=0.5369, n=90)
[2026-07-26 03:52:09] 2026-07-25 14:50:35 | INFO     | KDClient 1 fit round 10 (tier=small)
[2026-07-26 03:52:09] 2026-07-25 14:50:35 | INFO     | KDClient 1 round 10 public KD (epochs=2)
[2026-07-26 03:52:09] 2026-07-25 14:50:51 | INFO     | KDClient 1 round 10 local training (epochs=4)
[2026-07-26 03:52:09] 2026-07-25 14:51:04 | INFO     | KDClient 1 round 10 completed (acc=0.5928, n=90)
[2026-07-26 03:52:09] 2026-07-25 14:51:04 | INFO     | KDClient 2 fit round 10 (tier=small)
[2026-07-26 03:52:09] 2026-07-25 14:51:04 | INFO     | KDClient 2 round 10 public KD (epochs=2)
[2026-07-26 03:52:09] 2026-07-25 14:51:18 | INFO     | KDClient 2 round 10 local training (epochs=4)
[2026-07-26 03:52:09] 2026-07-25 14:51:30 | INFO     | KDClient 2 round 10 completed (acc=0.7009, n=90)
[2026-07-26 03:52:09] 2026-07-25 14:51:30 | INFO     | KDClient 3 fit round 10 (tier=small)
[2026-07-26 03:52:09] 2026-07-25 14:51:30 | INFO     | KDClient 3 round 10 public KD (epochs=2)
[2026-07-26 03:52:09] 2026-07-25 14:51:44 | INFO     | KDClient 3 round 10 local training (epochs=4)
[2026-07-26 03:52:09] 2026-07-25 14:51:54 | INFO     | KDClient 3 round 10 completed (acc=0.6829, n=90)
[2026-07-26 03:52:09] 2026-07-25 14:51:54 | INFO     | KDClient 4 fit round 10 (tier=small)
[2026-07-26 03:52:09] 2026-07-25 14:51:54 | INFO     | KDClient 4 round 10 public KD (epochs=2)
[2026-07-26 03:52:09] 2026-07-25 14:52:12 | INFO     | KDClient 4 round 10 local training (epochs=4)
[2026-07-26 03:52:09] 2026-07-25 14:52:23 | INFO     | KDClient 4 round 10 completed (acc=0.5550, n=90)
[2026-07-26 03:52:09] 2026-07-25 14:52:23 | INFO     | KDClient 5 fit round 10 (tier=small)
[2026-07-26 03:52:09] 2026-07-25 14:52:23 | INFO     | KDClient 5 round 10 public KD (epochs=2)
[2026-07-26 03:52:09] 2026-07-25 14:52:37 | INFO     | KDClient 5 round 10 local training (epochs=4)
[2026-07-26 03:52:09] 2026-07-25 14:52:46 | INFO     | KDClient 5 round 10 completed (acc=0.6703, n=90)
[2026-07-26 03:52:09] 2026-07-25 14:52:46 | INFO     | KDClient 6 fit round 10 (tier=small)
[2026-07-26 03:52:09] 2026-07-25 14:52:46 | INFO     | KDClient 6 round 10 public KD (epochs=2)
[2026-07-26 03:52:09] 2026-07-25 14:53:03 | INFO     | KDClient 6 round 10 local training (epochs=4)
[2026-07-26 03:52:09] 2026-07-25 14:53:16 | INFO     | KDClient 6 round 10 completed (acc=0.5207, n=90)
[2026-07-26 03:52:09] 2026-07-25 14:53:16 | INFO     | KDClient 7 fit round 10 (tier=medium)
[2026-07-26 03:52:09] 2026-07-25 14:53:16 | INFO     | KDClient 7 round 10 public KD (epochs=2)
[2026-07-26 03:52:09] 2026-07-25 14:53:57 | INFO     | KDClient 7 round 10 local training (epochs=4)
[2026-07-26 03:52:09] 2026-07-25 14:54:27 | INFO     | KDClient 7 round 10 completed (acc=0.6757, n=90)
[2026-07-26 03:52:09] 2026-07-25 14:54:27 | INFO     | KDClient 8 fit round 10 (tier=medium)
[2026-07-26 03:52:09] 2026-07-25 14:54:27 | INFO     | KDClient 8 round 10 public KD (epochs=2)
[2026-07-26 03:52:09] 2026-07-25 14:55:11 | INFO     | KDClient 8 round 10 local training (epochs=4)
[2026-07-26 03:52:09] 2026-07-25 14:55:43 | INFO     | KDClient 8 round 10 completed (acc=0.6541, n=90)
[2026-07-26 03:52:09] 2026-07-25 14:55:43 | INFO     | KDClient 9 fit round 10 (tier=medium)
[2026-07-26 03:52:09] 2026-07-25 14:55:43 | INFO     | KDClient 9 round 10 public KD (epochs=2)
[2026-07-26 03:52:09] 2026-07-25 14:56:27 | INFO     | KDClient 9 round 10 local training (epochs=4)
[2026-07-26 03:52:09] 2026-07-25 14:57:07 | INFO     | KDClient 9 round 10 completed (acc=0.6937, n=90)
[2026-07-26 03:52:09] 2026-07-25 14:57:07 | INFO     | KDClient 10 fit round 10 (tier=medium)
[2026-07-26 03:52:09] 2026-07-25 14:57:07 | INFO     | KDClient 10 round 10 public KD (epochs=2)
[2026-07-26 03:52:09] 2026-07-25 14:57:49 | INFO     | KDClient 10 round 10 local training (epochs=4)
[2026-07-26 03:52:09] 2026-07-25 14:58:19 | INFO     | KDClient 10 round 10 completed (acc=0.6667, n=90)
[2026-07-26 03:52:09] 2026-07-25 14:58:19 | INFO     | KDClient 11 fit round 10 (tier=medium)
[2026-07-26 03:52:09] 2026-07-25 14:58:19 | INFO     | KDClient 11 round 10 public KD (epochs=2)
[2026-07-26 03:52:09] 2026-07-25 14:58:54 | INFO     | KDClient 11 round 10 local training (epochs=4)
[2026-07-26 03:52:09] 2026-07-25 14:59:22 | INFO     | KDClient 11 round 10 completed (acc=0.6991, n=90)
[2026-07-26 03:52:09] 2026-07-25 14:59:22 | INFO     | KDClient 12 fit round 10 (tier=medium)
[2026-07-26 03:52:09] 2026-07-25 14:59:22 | INFO     | KDClient 12 round 10 public KD (epochs=2)
[2026-07-26 03:52:09] 2026-07-25 14:59:58 | INFO     | KDClient 12 round 10 local training (epochs=4)
[2026-07-26 03:52:09] 2026-07-25 15:00:27 | INFO     | KDClient 12 round 10 completed (acc=0.6108, n=90)
[2026-07-26 03:52:09] 2026-07-25 15:00:27 | INFO     | KDClient 13 fit round 10 (tier=medium)
[2026-07-26 03:52:09] 2026-07-25 15:00:27 | INFO     | KDClient 13 round 10 public KD (epochs=2)
[2026-07-26 03:52:09] 2026-07-25 15:01:11 | INFO     | KDClient 13 round 10 local training (epochs=4)
[2026-07-26 03:52:09] 2026-07-25 15:01:42 | INFO     | KDClient 13 round 10 completed (acc=0.7063, n=90)
[2026-07-26 03:52:09] 2026-07-25 15:01:42 | INFO     | KDClient 14 fit round 10 (tier=large)
[2026-07-26 03:52:09] 2026-07-25 15:01:42 | INFO     | KDClient 14 round 10 public KD (epochs=2)
[2026-07-26 03:52:09] 2026-07-25 15:02:47 | INFO     | KDClient 14 round 10 local training (epochs=4)
[2026-07-26 03:52:09] 2026-07-25 15:03:41 | INFO     | KDClient 14 round 10 completed (acc=0.6541, n=90)
[2026-07-26 03:52:09] 2026-07-25 15:03:41 | INFO     | KDClient 15 fit round 10 (tier=large)
[2026-07-26 03:52:09] 2026-07-25 15:03:41 | INFO     | KDClient 15 round 10 public KD (epochs=2)
[2026-07-26 03:52:09] 2026-07-25 15:04:45 | INFO     | KDClient 15 round 10 local training (epochs=4)
[2026-07-26 03:52:09] 2026-07-25 15:05:51 | INFO     | KDClient 15 round 10 completed (acc=0.6559, n=90)
[2026-07-26 03:52:09] 2026-07-25 15:05:51 | INFO     | KDClient 16 fit round 10 (tier=large)
[2026-07-26 03:52:09] 2026-07-25 15:05:51 | INFO     | KDClient 16 round 10 public KD (epochs=2)
[2026-07-26 03:52:09] 2026-07-25 15:07:03 | INFO     | KDClient 16 round 10 local training (epochs=4)
[2026-07-26 03:52:09] 2026-07-25 15:07:55 | INFO     | KDClient 16 round 10 completed (acc=0.6523, n=90)
[2026-07-26 03:52:09] 2026-07-25 15:07:55 | INFO     | KDClient 17 fit round 10 (tier=large)
[2026-07-26 03:52:09] 2026-07-25 15:07:55 | INFO     | KDClient 17 round 10 public KD (epochs=2)
[2026-07-26 03:52:09] 2026-07-25 15:09:00 | INFO     | KDClient 17 round 10 local training (epochs=4)
[2026-07-26 03:52:09] 2026-07-25 15:10:03 | INFO     | KDClient 17 round 10 completed (acc=0.7604, n=90)
[2026-07-26 03:52:09] 2026-07-25 15:10:03 | INFO     | KDClient 18 fit round 10 (tier=large)
[2026-07-26 03:52:09] 2026-07-25 15:10:03 | INFO     | KDClient 18 round 10 public KD (epochs=2)
[2026-07-26 03:52:09] 2026-07-25 15:11:18 | INFO     | KDClient 18 round 10 local training (epochs=4)
[2026-07-26 03:52:09] 2026-07-25 15:12:14 | INFO     | KDClient 18 round 10 completed (acc=0.7477, n=90)
[2026-07-26 03:52:09] 2026-07-25 15:12:14 | INFO     | KDClient 19 fit round 10 (tier=large)
[2026-07-26 03:52:09] 2026-07-25 15:12:14 | INFO     | KDClient 19 round 10 public KD (epochs=2)
[2026-07-26 03:52:09] 2026-07-25 15:13:27 | INFO     | KDClient 19 round 10 local training (epochs=4)
[2026-07-26 03:52:09] 2026-07-25 15:14:24 | INFO     | KDClient 19 round 10 completed (acc=0.6595, n=90)
[2026-07-26 03:52:09]   Round  10/50 | Avg: 0.6548 | Min: 0.5207 | Max: 0.7604
[2026-07-26 03:52:09] 2026-07-25 15:14:24 | INFO     | FEDAKD — IID: round 11/50 starting
[2026-07-26 03:52:09] 2026-07-25 15:14:24 | INFO     | KDClient 0 fit round 11 (tier=small)
[2026-07-26 03:52:09] 2026-07-25 15:14:24 | INFO     | KDClient 0 round 11 public KD (epochs=2)
[2026-07-26 03:52:09] 2026-07-25 15:14:39 | INFO     | KDClient 0 round 11 local training (epochs=4)
[2026-07-26 03:52:09] 2026-07-25 15:14:52 | INFO     | KDClient 0 round 11 completed (acc=0.6649, n=90)
[2026-07-26 03:52:09] 2026-07-25 15:14:52 | INFO     | KDClient 1 fit round 11 (tier=small)
[2026-07-26 03:52:09] 2026-07-25 15:14:52 | INFO     | KDClient 1 round 11 public KD (epochs=2)
[2026-07-26 03:52:09] 2026-07-25 15:15:10 | INFO     | KDClient 1 round 11 local training (epochs=4)
[2026-07-26 03:52:09] 2026-07-25 15:15:24 | INFO     | KDClient 1 round 11 completed (acc=0.6703, n=90)
[2026-07-26 03:52:09] 2026-07-25 15:15:24 | INFO     | KDClient 2 fit round 11 (tier=small)
[2026-07-26 03:52:09] 2026-07-25 15:15:24 | INFO     | KDClient 2 round 11 public KD (epochs=2)
[2026-07-26 03:52:09] 2026-07-25 15:15:38 | INFO     | KDClient 2 round 11 local training (epochs=4)
[2026-07-26 03:52:09] 2026-07-25 15:15:56 | INFO     | KDClient 2 round 11 completed (acc=0.7441, n=90)
[2026-07-26 03:52:09] 2026-07-25 15:15:56 | INFO     | KDClient 3 fit round 11 (tier=small)
[2026-07-26 03:52:09] 2026-07-25 15:15:56 | INFO     | KDClient 3 round 11 public KD (epochs=2)
[2026-07-26 03:52:09] 2026-07-25 15:16:10 | INFO     | KDClient 3 round 11 local training (epochs=4)
[2026-07-26 03:52:09] 2026-07-25 15:16:21 | INFO     | KDClient 3 round 11 completed (acc=0.7568, n=90)
[2026-07-26 03:52:09] 2026-07-25 15:16:21 | INFO     | KDClient 4 fit round 11 (tier=small)
[2026-07-26 03:52:09] 2026-07-25 15:16:21 | INFO     | KDClient 4 round 11 public KD (epochs=2)
[2026-07-26 03:52:09] 2026-07-25 15:16:38 | INFO     | KDClient 4 round 11 local training (epochs=4)
[2026-07-26 03:52:09] 2026-07-25 15:16:50 | INFO     | KDClient 4 round 11 completed (acc=0.6541, n=90)
[2026-07-26 03:52:09] 2026-07-25 15:16:50 | INFO     | KDClient 5 fit round 11 (tier=small)
[2026-07-26 03:52:09] 2026-07-25 15:16:50 | INFO     | KDClient 5 round 11 public KD (epochs=2)
[2026-07-26 03:52:09] 2026-07-25 15:17:02 | INFO     | KDClient 5 round 11 local training (epochs=4)
[2026-07-26 03:52:09] 2026-07-25 15:17:11 | INFO     | KDClient 5 round 11 completed (acc=0.7063, n=90)
[2026-07-26 03:52:09] 2026-07-25 15:17:11 | INFO     | KDClient 6 fit round 11 (tier=small)
[2026-07-26 03:52:09] 2026-07-25 15:17:11 | INFO     | KDClient 6 round 11 public KD (epochs=2)
[2026-07-26 03:52:09] 2026-07-25 15:17:24 | INFO     | KDClient 6 round 11 local training (epochs=4)
[2026-07-26 03:52:09] 2026-07-25 15:17:36 | INFO     | KDClient 6 round 11 completed (acc=0.5243, n=90)
[2026-07-26 03:52:09] 2026-07-25 15:17:36 | INFO     | KDClient 7 fit round 11 (tier=medium)
[2026-07-26 03:52:09] 2026-07-25 15:17:36 | INFO     | KDClient 7 round 11 public KD (epochs=2)
[2026-07-26 03:52:09] 2026-07-25 15:18:18 | INFO     | KDClient 7 round 11 local training (epochs=4)
[2026-07-26 03:52:09] 2026-07-25 15:18:47 | INFO     | KDClient 7 round 11 completed (acc=0.7477, n=90)
[2026-07-26 03:52:09] 2026-07-25 15:18:47 | INFO     | KDClient 8 fit round 11 (tier=medium)
[2026-07-26 03:52:09] 2026-07-25 15:18:47 | INFO     | KDClient 8 round 11 public KD (epochs=2)
[2026-07-26 03:52:09] 2026-07-25 15:19:31 | INFO     | KDClient 8 round 11 local training (epochs=4)
[2026-07-26 03:52:09] 2026-07-25 15:20:01 | INFO     | KDClient 8 round 11 completed (acc=0.6541, n=90)
[2026-07-26 03:52:09] 2026-07-25 15:20:01 | INFO     | KDClient 9 fit round 11 (tier=medium)
[2026-07-26 03:52:09] 2026-07-25 15:20:01 | INFO     | KDClient 9 round 11 public KD (epochs=2)
[2026-07-26 03:52:09] 2026-07-25 15:20:46 | INFO     | KDClient 9 round 11 local training (epochs=4)
[2026-07-26 03:52:09] 2026-07-25 15:21:19 | INFO     | KDClient 9 round 11 completed (acc=0.7189, n=90)
[2026-07-26 03:52:09] 2026-07-25 15:21:19 | INFO     | KDClient 10 fit round 11 (tier=medium)
[2026-07-26 03:52:09] 2026-07-25 15:21:19 | INFO     | KDClient 10 round 11 public KD (epochs=2)
[2026-07-26 03:52:09] 2026-07-25 15:22:21 | INFO     | KDClient 10 round 11 local training (epochs=4)
[2026-07-26 03:52:09] 2026-07-25 15:22:52 | INFO     | KDClient 10 round 11 completed (acc=0.6829, n=90)
[2026-07-26 03:52:09] 2026-07-25 15:22:52 | INFO     | KDClient 11 fit round 11 (tier=medium)
[2026-07-26 03:52:09] 2026-07-25 15:22:52 | INFO     | KDClient 11 round 11 public KD (epochs=2)
[2026-07-26 03:52:09] 2026-07-25 15:23:27 | INFO     | KDClient 11 round 11 local training (epochs=4)
[2026-07-26 03:52:09] 2026-07-25 15:23:56 | INFO     | KDClient 11 round 11 completed (acc=0.7027, n=90)
[2026-07-26 03:52:09] 2026-07-25 15:23:56 | INFO     | KDClient 12 fit round 11 (tier=medium)
[2026-07-26 03:52:09] 2026-07-25 15:23:56 | INFO     | KDClient 12 round 11 public KD (epochs=2)
[2026-07-26 03:52:09] 2026-07-25 15:24:34 | INFO     | KDClient 12 round 11 local training (epochs=4)
[2026-07-26 03:52:09] 2026-07-25 15:25:07 | INFO     | KDClient 12 round 11 completed (acc=0.7405, n=90)
[2026-07-26 03:52:09] 2026-07-25 15:25:07 | INFO     | KDClient 13 fit round 11 (tier=medium)
[2026-07-26 03:52:09] 2026-07-25 15:25:07 | INFO     | KDClient 13 round 11 public KD (epochs=2)
[2026-07-26 03:52:09] 2026-07-25 15:25:47 | INFO     | KDClient 13 round 11 local training (epochs=4)
[2026-07-26 03:52:09] 2026-07-25 15:26:26 | INFO     | KDClient 13 round 11 completed (acc=0.6631, n=90)
[2026-07-26 03:52:09] 2026-07-25 15:26:26 | INFO     | KDClient 14 fit round 11 (tier=large)
[2026-07-26 03:52:09] 2026-07-25 15:26:26 | INFO     | KDClient 14 round 11 public KD (epochs=2)
[2026-07-26 03:52:09] 2026-07-25 15:27:33 | INFO     | KDClient 14 round 11 local training (epochs=4)
[2026-07-26 03:52:09] 2026-07-25 15:28:30 | INFO     | KDClient 14 round 11 completed (acc=0.6523, n=90)
[2026-07-26 03:52:09] 2026-07-25 15:28:30 | INFO     | KDClient 15 fit round 11 (tier=large)
[2026-07-26 03:52:09] 2026-07-25 15:28:30 | INFO     | KDClient 15 round 11 public KD (epochs=2)
[2026-07-26 03:52:09] 2026-07-25 15:29:45 | INFO     | KDClient 15 round 11 local training (epochs=4)
[2026-07-26 03:52:09] 2026-07-25 15:30:33 | INFO     | KDClient 15 round 11 completed (acc=0.6559, n=90)
[2026-07-26 03:52:09] 2026-07-25 15:30:33 | INFO     | KDClient 16 fit round 11 (tier=large)
[2026-07-26 03:52:09] 2026-07-25 15:30:33 | INFO     | KDClient 16 round 11 public KD (epochs=2)
[2026-07-26 03:52:09] 2026-07-25 15:31:40 | INFO     | KDClient 16 round 11 local training (epochs=4)
[2026-07-26 03:52:09] 2026-07-25 15:32:42 | INFO     | KDClient 16 round 11 completed (acc=0.7441, n=90)
[2026-07-26 03:52:09] 2026-07-25 15:32:42 | INFO     | KDClient 17 fit round 11 (tier=large)
[2026-07-26 03:52:09] 2026-07-25 15:32:42 | INFO     | KDClient 17 round 11 public KD (epochs=2)
[2026-07-26 03:52:09] 2026-07-25 15:33:48 | INFO     | KDClient 17 round 11 local training (epochs=4)
[2026-07-26 03:52:09] 2026-07-25 15:34:44 | INFO     | KDClient 17 round 11 completed (acc=0.7387, n=90)
[2026-07-26 03:52:09] 2026-07-25 15:34:44 | INFO     | KDClient 18 fit round 11 (tier=large)
[2026-07-26 03:52:09] 2026-07-25 15:34:44 | INFO     | KDClient 18 round 11 public KD (epochs=2)
[2026-07-26 03:52:09] 2026-07-25 15:35:58 | INFO     | KDClient 18 round 11 local training (epochs=4)
[2026-07-26 03:52:09] 2026-07-25 15:37:16 | INFO     | KDClient 18 round 11 completed (acc=0.6252, n=90)
[2026-07-26 03:52:09] 2026-07-25 15:37:16 | INFO     | KDClient 19 fit round 11 (tier=large)
[2026-07-26 03:52:09] 2026-07-25 15:37:16 | INFO     | KDClient 19 round 11 public KD (epochs=2)
[2026-07-26 03:52:09] 2026-07-25 15:38:31 | INFO     | KDClient 19 round 11 local training (epochs=4)
[2026-07-26 03:52:09] 2026-07-25 15:39:46 | INFO     | KDClient 19 round 11 completed (acc=0.7333, n=90)
[2026-07-26 03:52:09]   Round  11/50 | Avg: 0.6890 | Min: 0.5243 | Max: 0.7568
[2026-07-26 03:52:09] 2026-07-25 15:39:46 | INFO     | FEDAKD — IID: round 12/50 starting
[2026-07-26 03:52:09] 2026-07-25 15:39:46 | INFO     | KDClient 0 fit round 12 (tier=small)
[2026-07-26 03:52:09] 2026-07-25 15:39:46 | INFO     | KDClient 0 round 12 public KD (epochs=2)
[2026-07-26 03:52:09] 2026-07-25 15:40:01 | INFO     | KDClient 0 round 12 local training (epochs=4)
[2026-07-26 03:52:09] 2026-07-25 15:40:13 | INFO     | KDClient 0 round 12 completed (acc=0.8180, n=90)
[2026-07-26 03:52:09] 2026-07-25 15:40:13 | INFO     | KDClient 1 fit round 12 (tier=small)
[2026-07-26 03:52:09] 2026-07-25 15:40:13 | INFO     | KDClient 1 round 12 public KD (epochs=2)
[2026-07-26 03:52:09] 2026-07-25 15:40:27 | INFO     | KDClient 1 round 12 local training (epochs=4)
[2026-07-26 03:52:09] 2026-07-25 15:40:38 | INFO     | KDClient 1 round 12 completed (acc=0.8919, n=90)
[2026-07-26 03:52:09] 2026-07-25 15:40:38 | INFO     | KDClient 2 fit round 12 (tier=small)
[2026-07-26 03:52:09] 2026-07-25 15:40:38 | INFO     | KDClient 2 round 12 public KD (epochs=2)
[2026-07-26 03:52:09] 2026-07-25 15:40:51 | INFO     | KDClient 2 round 12 local training (epochs=4)
[2026-07-26 03:52:09] 2026-07-25 15:40:59 | INFO     | KDClient 2 round 12 completed (acc=0.8505, n=90)
[2026-07-26 03:52:09] 2026-07-25 15:40:59 | INFO     | KDClient 3 fit round 12 (tier=small)
[2026-07-26 03:52:09] 2026-07-25 15:40:59 | INFO     | KDClient 3 round 12 public KD (epochs=2)
[2026-07-26 03:52:09] 2026-07-25 15:41:13 | INFO     | KDClient 3 round 12 local training (epochs=4)
[2026-07-26 03:52:09] 2026-07-25 15:41:24 | INFO     | KDClient 3 round 12 completed (acc=0.7820, n=90)
[2026-07-26 03:52:09] 2026-07-25 15:41:24 | INFO     | KDClient 4 fit round 12 (tier=small)
[2026-07-26 03:52:09] 2026-07-25 15:41:24 | INFO     | KDClient 4 round 12 public KD (epochs=2)
[2026-07-26 03:52:09] 2026-07-25 15:41:36 | INFO     | KDClient 4 round 12 local training (epochs=4)
[2026-07-26 03:52:09] 2026-07-25 15:41:48 | INFO     | KDClient 4 round 12 completed (acc=0.7532, n=90)
[2026-07-26 03:52:09] 2026-07-25 15:41:48 | INFO     | KDClient 5 fit round 12 (tier=small)
[2026-07-26 03:52:09] 2026-07-25 15:41:48 | INFO     | KDClient 5 round 12 public KD (epochs=2)
[2026-07-26 03:52:09] 2026-07-25 15:42:02 | INFO     | KDClient 5 round 12 local training (epochs=4)
[2026-07-26 03:52:09] 2026-07-25 15:42:13 | INFO     | KDClient 5 round 12 completed (acc=0.7225, n=90)
[2026-07-26 03:52:09] 2026-07-25 15:42:13 | INFO     | KDClient 6 fit round 12 (tier=small)
[2026-07-26 03:52:09] 2026-07-25 15:42:13 | INFO     | KDClient 6 round 12 public KD (epochs=2)
[2026-07-26 03:52:09] 2026-07-25 15:42:27 | INFO     | KDClient 6 round 12 local training (epochs=4)
[2026-07-26 03:52:09] 2026-07-25 15:42:38 | INFO     | KDClient 6 round 12 completed (acc=0.5459, n=90)
[2026-07-26 03:52:09] 2026-07-25 15:42:38 | INFO     | KDClient 7 fit round 12 (tier=medium)
[2026-07-26 03:52:09] 2026-07-25 15:42:38 | INFO     | KDClient 7 round 12 public KD (epochs=2)
[2026-07-26 03:52:09] 2026-07-25 15:43:17 | INFO     | KDClient 7 round 12 local training (epochs=4)
[2026-07-26 03:52:09] 2026-07-25 15:43:51 | INFO     | KDClient 7 round 12 completed (acc=0.8577, n=90)
[2026-07-26 03:52:09] 2026-07-25 15:43:51 | INFO     | KDClient 8 fit round 12 (tier=medium)
[2026-07-26 03:52:09] 2026-07-25 15:43:51 | INFO     | KDClient 8 round 12 public KD (epochs=2)
[2026-07-26 03:52:09] 2026-07-25 15:44:34 | INFO     | KDClient 8 round 12 local training (epochs=4)
[2026-07-26 03:52:09] 2026-07-25 15:45:13 | INFO     | KDClient 8 round 12 completed (acc=0.4126, n=90)
[2026-07-26 03:52:09] 2026-07-25 15:45:13 | INFO     | KDClient 9 fit round 12 (tier=medium)
[2026-07-26 03:52:09] 2026-07-25 15:45:13 | INFO     | KDClient 9 round 12 public KD (epochs=2)
[2026-07-26 03:52:09] 2026-07-25 15:45:53 | INFO     | KDClient 9 round 12 local training (epochs=4)
[2026-07-26 03:52:09] 2026-07-25 15:46:28 | INFO     | KDClient 9 round 12 completed (acc=0.6919, n=90)
[2026-07-26 03:52:09] 2026-07-25 15:46:28 | INFO     | KDClient 10 fit round 12 (tier=medium)
[2026-07-26 03:52:09] 2026-07-25 15:46:28 | INFO     | KDClient 10 round 12 public KD (epochs=2)
[2026-07-26 03:52:09] 2026-07-25 15:47:11 | INFO     | KDClient 10 round 12 local training (epochs=4)
[2026-07-26 03:52:09] 2026-07-25 15:47:43 | INFO     | KDClient 10 round 12 completed (acc=0.6775, n=90)
[2026-07-26 03:52:09] 2026-07-25 15:47:43 | INFO     | KDClient 11 fit round 12 (tier=medium)
[2026-07-26 03:52:09] 2026-07-25 15:47:43 | INFO     | KDClient 11 round 12 public KD (epochs=2)
[2026-07-26 03:52:09] 2026-07-25 15:48:18 | INFO     | KDClient 11 round 12 local training (epochs=4)
[2026-07-26 03:52:09] 2026-07-25 15:48:45 | INFO     | KDClient 11 round 12 completed (acc=0.6919, n=90)
[2026-07-26 03:52:09] 2026-07-25 15:48:45 | INFO     | KDClient 12 fit round 12 (tier=medium)
[2026-07-26 03:52:09] 2026-07-25 15:48:45 | INFO     | KDClient 12 round 12 public KD (epochs=2)
[2026-07-26 03:52:09] 2026-07-25 15:49:20 | INFO     | KDClient 12 round 12 local training (epochs=4)
[2026-07-26 03:52:09] 2026-07-25 15:49:51 | INFO     | KDClient 12 round 12 completed (acc=0.6667, n=90)
[2026-07-26 03:52:09] 2026-07-25 15:49:51 | INFO     | KDClient 13 fit round 12 (tier=medium)
[2026-07-26 03:52:09] 2026-07-25 15:49:51 | INFO     | KDClient 13 round 12 public KD (epochs=2)
[2026-07-26 03:52:09] 2026-07-25 15:50:34 | INFO     | KDClient 13 round 12 local training (epochs=4)
[2026-07-26 03:52:09] 2026-07-25 15:51:07 | INFO     | KDClient 13 round 12 completed (acc=0.7135, n=90)
[2026-07-26 03:52:09] 2026-07-25 15:51:07 | INFO     | KDClient 14 fit round 12 (tier=large)
[2026-07-26 03:52:09] 2026-07-25 15:51:07 | INFO     | KDClient 14 round 12 public KD (epochs=2)
[2026-07-26 03:52:09] 2026-07-25 15:52:15 | INFO     | KDClient 14 round 12 local training (epochs=4)
[2026-07-26 03:52:09] 2026-07-25 15:53:04 | INFO     | KDClient 14 round 12 completed (acc=0.6595, n=90)
[2026-07-26 03:52:09] 2026-07-25 15:53:04 | INFO     | KDClient 15 fit round 12 (tier=large)
[2026-07-26 03:52:09] 2026-07-25 15:53:04 | INFO     | KDClient 15 round 12 public KD (epochs=2)
[2026-07-26 03:52:09] 2026-07-25 15:54:09 | INFO     | KDClient 15 round 12 local training (epochs=4)
[2026-07-26 03:52:09] 2026-07-25 15:55:24 | INFO     | KDClient 15 round 12 completed (acc=0.6577, n=90)
[2026-07-26 03:52:09] 2026-07-25 15:55:24 | INFO     | KDClient 16 fit round 12 (tier=large)
[2026-07-26 03:52:09] 2026-07-25 15:55:24 | INFO     | KDClient 16 round 12 public KD (epochs=2)
[2026-07-26 03:52:09] 2026-07-25 15:56:26 | INFO     | KDClient 16 round 12 local training (epochs=4)
[2026-07-26 03:52:09] 2026-07-25 15:57:19 | INFO     | KDClient 16 round 12 completed (acc=0.7441, n=90)
[2026-07-26 03:52:09] 2026-07-25 15:57:19 | INFO     | KDClient 17 fit round 12 (tier=large)
[2026-07-26 03:52:09] 2026-07-25 15:57:19 | INFO     | KDClient 17 round 12 public KD (epochs=2)
[2026-07-26 03:52:09] 2026-07-25 15:58:30 | INFO     | KDClient 17 round 12 local training (epochs=4)
[2026-07-26 03:52:09] 2026-07-25 15:59:36 | INFO     | KDClient 17 round 12 completed (acc=0.7712, n=90)
[2026-07-26 03:52:09] 2026-07-25 15:59:36 | INFO     | KDClient 18 fit round 12 (tier=large)
[2026-07-26 03:52:09] 2026-07-25 15:59:36 | INFO     | KDClient 18 round 12 public KD (epochs=2)
[2026-07-26 03:52:09] 2026-07-25 16:00:46 | INFO     | KDClient 18 round 12 local training (epochs=4)
[2026-07-26 03:52:09] 2026-07-25 16:01:39 | INFO     | KDClient 18 round 12 completed (acc=0.5892, n=90)
[2026-07-26 03:52:09] 2026-07-25 16:01:39 | INFO     | KDClient 19 fit round 12 (tier=large)
[2026-07-26 03:52:09] 2026-07-25 16:01:39 | INFO     | KDClient 19 round 12 public KD (epochs=2)
[2026-07-26 03:52:09] 2026-07-25 16:02:51 | INFO     | KDClient 19 round 12 local training (epochs=4)
[2026-07-26 03:52:09] 2026-07-25 16:03:52 | INFO     | KDClient 19 round 12 completed (acc=0.7694, n=90)
[2026-07-26 03:52:09]   Round  12/50 | Avg: 0.7133 | Min: 0.4126 | Max: 0.8919
[2026-07-26 03:52:09] 2026-07-25 16:03:52 | INFO     | FEDAKD — IID: round 13/50 starting
[2026-07-26 03:52:09] 2026-07-25 16:03:52 | INFO     | KDClient 0 fit round 13 (tier=small)
[2026-07-26 03:52:09] 2026-07-25 16:03:52 | INFO     | KDClient 0 round 13 public KD (epochs=2)
[2026-07-26 03:52:09] 2026-07-25 16:04:07 | INFO     | KDClient 0 round 13 local training (epochs=4)
[2026-07-26 03:52:09] 2026-07-25 16:04:20 | INFO     | KDClient 0 round 13 completed (acc=0.8883, n=90)
[2026-07-26 03:52:09] 2026-07-25 16:04:20 | INFO     | KDClient 1 fit round 13 (tier=small)
[2026-07-26 03:52:09] 2026-07-25 16:04:20 | INFO     | KDClient 1 round 13 public KD (epochs=2)
[2026-07-26 03:52:09] 2026-07-25 16:04:33 | INFO     | KDClient 1 round 13 local training (epochs=4)
[2026-07-26 03:52:09] 2026-07-25 16:04:46 | INFO     | KDClient 1 round 13 completed (acc=0.9171, n=90)
[2026-07-26 03:52:09] 2026-07-25 16:04:46 | INFO     | KDClient 2 fit round 13 (tier=small)
[2026-07-26 03:52:09] 2026-07-25 16:04:46 | INFO     | KDClient 2 round 13 public KD (epochs=2)
[2026-07-26 03:52:09] 2026-07-25 16:05:01 | INFO     | KDClient 2 round 13 local training (epochs=4)
[2026-07-26 03:52:09] 2026-07-25 16:05:13 | INFO     | KDClient 2 round 13 completed (acc=0.8955, n=90)
[2026-07-26 03:52:09] 2026-07-25 16:05:13 | INFO     | KDClient 3 fit round 13 (tier=small)
[2026-07-26 03:52:09] 2026-07-25 16:05:13 | INFO     | KDClient 3 round 13 public KD (epochs=2)
[2026-07-26 03:52:09] 2026-07-25 16:05:26 | INFO     | KDClient 3 round 13 local training (epochs=4)
[2026-07-26 03:52:09] 2026-07-25 16:05:37 | INFO     | KDClient 3 round 13 completed (acc=0.8757, n=90)
[2026-07-26 03:52:09] 2026-07-25 16:05:37 | INFO     | KDClient 4 fit round 13 (tier=small)
[2026-07-26 03:52:09] 2026-07-25 16:05:37 | INFO     | KDClient 4 round 13 public KD (epochs=2)
[2026-07-26 03:52:09] 2026-07-25 16:05:49 | INFO     | KDClient 4 round 13 local training (epochs=4)
[2026-07-26 03:52:09] 2026-07-25 16:06:01 | INFO     | KDClient 4 round 13 completed (acc=0.8847, n=90)
[2026-07-26 03:52:09] 2026-07-25 16:06:01 | INFO     | KDClient 5 fit round 13 (tier=small)
[2026-07-26 03:52:09] 2026-07-25 16:06:01 | INFO     | KDClient 5 round 13 public KD (epochs=2)
[2026-07-26 03:52:09] 2026-07-25 16:06:14 | INFO     | KDClient 5 round 13 local training (epochs=4)
[2026-07-26 03:52:09] 2026-07-25 16:06:25 | INFO     | KDClient 5 round 13 completed (acc=0.7640, n=90)
[2026-07-26 03:52:09] 2026-07-25 16:06:25 | INFO     | KDClient 6 fit round 13 (tier=small)
[2026-07-26 03:52:09] 2026-07-25 16:06:25 | INFO     | KDClient 6 round 13 public KD (epochs=2)
[2026-07-26 03:52:09] 2026-07-25 16:06:38 | INFO     | KDClient 6 round 13 local training (epochs=4)
[2026-07-26 03:52:09] 2026-07-25 16:06:48 | INFO     | KDClient 6 round 13 completed (acc=0.7712, n=90)
[2026-07-26 03:52:09] 2026-07-25 16:06:48 | INFO     | KDClient 7 fit round 13 (tier=medium)
[2026-07-26 03:52:09] 2026-07-25 16:06:48 | INFO     | KDClient 7 round 13 public KD (epochs=2)
[2026-07-26 03:52:09] 2026-07-25 16:07:30 | INFO     | KDClient 7 round 13 local training (epochs=4)
[2026-07-26 03:52:09] 2026-07-25 16:08:02 | INFO     | KDClient 7 round 13 completed (acc=0.8144, n=90)
[2026-07-26 03:52:09] 2026-07-25 16:08:02 | INFO     | KDClient 8 fit round 13 (tier=medium)
[2026-07-26 03:52:09] 2026-07-25 16:08:02 | INFO     | KDClient 8 round 13 public KD (epochs=2)
[2026-07-26 03:52:09] 2026-07-25 16:08:42 | INFO     | KDClient 8 round 13 local training (epochs=4)
[2026-07-26 03:52:09] 2026-07-25 16:09:22 | INFO     | KDClient 8 round 13 completed (acc=0.6486, n=90)
[2026-07-26 03:52:09] 2026-07-25 16:09:22 | INFO     | KDClient 9 fit round 13 (tier=medium)
[2026-07-26 03:52:09] 2026-07-25 16:09:22 | INFO     | KDClient 9 round 13 public KD (epochs=2)
[2026-07-26 03:52:09] 2026-07-25 16:10:05 | INFO     | KDClient 9 round 13 local training (epochs=4)
[2026-07-26 03:52:09] 2026-07-25 16:10:40 | INFO     | KDClient 9 round 13 completed (acc=0.7351, n=90)
[2026-07-26 03:52:09] 2026-07-25 16:10:40 | INFO     | KDClient 10 fit round 13 (tier=medium)
[2026-07-26 03:52:09] 2026-07-25 16:10:40 | INFO     | KDClient 10 round 13 public KD (epochs=2)
[2026-07-26 03:52:09] 2026-07-25 16:11:20 | INFO     | KDClient 10 round 13 local training (epochs=4)
[2026-07-26 03:52:09] 2026-07-25 16:11:49 | INFO     | KDClient 10 round 13 completed (acc=0.6577, n=90)
[2026-07-26 03:52:09] 2026-07-25 16:11:49 | INFO     | KDClient 11 fit round 13 (tier=medium)
[2026-07-26 03:52:09] 2026-07-25 16:11:49 | INFO     | KDClient 11 round 13 public KD (epochs=2)
[2026-07-26 03:52:09] 2026-07-25 16:12:19 | INFO     | KDClient 11 round 13 local training (epochs=4)
[2026-07-26 03:52:09] 2026-07-25 16:12:40 | INFO     | KDClient 11 round 13 completed (acc=0.7027, n=90)
[2026-07-26 03:52:09] 2026-07-25 16:12:40 | INFO     | KDClient 12 fit round 13 (tier=medium)
[2026-07-26 03:52:09] 2026-07-25 16:12:40 | INFO     | KDClient 12 round 13 public KD (epochs=2)
[2026-07-26 03:52:09] 2026-07-25 16:13:08 | INFO     | KDClient 12 round 13 local training (epochs=4)
[2026-07-26 03:52:09] 2026-07-25 16:13:29 | INFO     | KDClient 12 round 13 completed (acc=0.6505, n=90)
[2026-07-26 03:52:09] 2026-07-25 16:13:29 | INFO     | KDClient 13 fit round 13 (tier=medium)
[2026-07-26 03:52:09] 2026-07-25 16:13:29 | INFO     | KDClient 13 round 13 public KD (epochs=2)
[2026-07-26 03:52:09] 2026-07-25 16:14:03 | INFO     | KDClient 13 round 13 local training (epochs=4)
[2026-07-26 03:52:09] 2026-07-25 16:14:30 | INFO     | KDClient 13 round 13 completed (acc=0.7117, n=90)
[2026-07-26 03:52:09] 2026-07-25 16:14:30 | INFO     | KDClient 14 fit round 13 (tier=large)
[2026-07-26 03:52:09] 2026-07-25 16:14:30 | INFO     | KDClient 14 round 13 public KD (epochs=2)
[2026-07-26 03:52:09] 2026-07-25 16:15:40 | INFO     | KDClient 14 round 13 local training (epochs=4)
[2026-07-26 03:52:09] 2026-07-25 16:16:29 | INFO     | KDClient 14 round 13 completed (acc=0.8126, n=90)
[2026-07-26 03:52:09] 2026-07-25 16:16:29 | INFO     | KDClient 15 fit round 13 (tier=large)
[2026-07-26 03:52:09] 2026-07-25 16:16:29 | INFO     | KDClient 15 round 13 public KD (epochs=2)
[2026-07-26 03:52:09] 2026-07-25 16:17:32 | INFO     | KDClient 15 round 13 local training (epochs=4)
[2026-07-26 03:52:09] 2026-07-25 16:18:25 | INFO     | KDClient 15 round 13 completed (acc=0.6955, n=90)
[2026-07-26 03:52:09] 2026-07-25 16:18:25 | INFO     | KDClient 16 fit round 13 (tier=large)
[2026-07-26 03:52:09] 2026-07-25 16:18:25 | INFO     | KDClient 16 round 13 public KD (epochs=2)
[2026-07-26 03:52:09] 2026-07-25 16:19:27 | INFO     | KDClient 16 round 13 local training (epochs=4)
[2026-07-26 03:52:09] 2026-07-25 16:20:23 | INFO     | KDClient 16 round 13 completed (acc=0.7622, n=90)
[2026-07-26 03:52:09] 2026-07-25 16:20:23 | INFO     | KDClient 17 fit round 13 (tier=large)
[2026-07-26 03:52:09] 2026-07-25 16:20:23 | INFO     | KDClient 17 round 13 public KD (epochs=2)
[2026-07-26 03:52:09] 2026-07-25 16:21:31 | INFO     | KDClient 17 round 13 local training (epochs=4)
[2026-07-26 03:52:09] 2026-07-25 16:22:24 | INFO     | KDClient 17 round 13 completed (acc=0.7658, n=90)
[2026-07-26 03:52:09] 2026-07-25 16:22:24 | INFO     | KDClient 18 fit round 13 (tier=large)
[2026-07-26 03:52:09] 2026-07-25 16:22:24 | INFO     | KDClient 18 round 13 public KD (epochs=2)
[2026-07-26 03:52:09] 2026-07-25 16:23:33 | INFO     | KDClient 18 round 13 local training (epochs=4)
[2026-07-26 03:52:09] 2026-07-25 16:24:39 | INFO     | KDClient 18 round 13 completed (acc=0.7694, n=90)
[2026-07-26 03:52:09] 2026-07-25 16:24:39 | INFO     | KDClient 19 fit round 13 (tier=large)
[2026-07-26 03:52:09] 2026-07-25 16:24:39 | INFO     | KDClient 19 round 13 public KD (epochs=2)
[2026-07-26 03:52:09] 2026-07-25 16:25:54 | INFO     | KDClient 19 round 13 local training (epochs=4)
[2026-07-26 03:52:09] 2026-07-25 16:26:50 | INFO     | KDClient 19 round 13 completed (acc=0.7568, n=90)
[2026-07-26 03:52:09]   Round  13/50 | Avg: 0.7740 | Min: 0.6486 | Max: 0.9171
[2026-07-26 03:52:09] 2026-07-25 16:26:50 | INFO     | FEDAKD — IID: round 14/50 starting
[2026-07-26 03:52:09] 2026-07-25 16:26:50 | INFO     | KDClient 0 fit round 14 (tier=small)
[2026-07-26 03:52:09] 2026-07-25 16:26:50 | INFO     | KDClient 0 round 14 public KD (epochs=2)
[2026-07-26 03:52:09] 2026-07-25 16:27:08 | INFO     | KDClient 0 round 14 local training (epochs=4)
[2026-07-26 03:52:09] 2026-07-25 16:27:22 | INFO     | KDClient 0 round 14 completed (acc=0.8757, n=90)
[2026-07-26 03:52:09] 2026-07-25 16:27:22 | INFO     | KDClient 1 fit round 14 (tier=small)
[2026-07-26 03:52:09] 2026-07-25 16:27:22 | INFO     | KDClient 1 round 14 public KD (epochs=2)
[2026-07-26 03:52:09] 2026-07-25 16:27:41 | INFO     | KDClient 1 round 14 local training (epochs=4)
[2026-07-26 03:52:09] 2026-07-25 16:27:54 | INFO     | KDClient 1 round 14 completed (acc=0.9243, n=90)
[2026-07-26 03:52:09] 2026-07-25 16:27:54 | INFO     | KDClient 2 fit round 14 (tier=small)
[2026-07-26 03:52:09] 2026-07-25 16:27:54 | INFO     | KDClient 2 round 14 public KD (epochs=2)
[2026-07-26 03:52:09] 2026-07-25 16:28:12 | INFO     | KDClient 2 round 14 local training (epochs=4)
[2026-07-26 03:52:09] 2026-07-25 16:28:25 | INFO     | KDClient 2 round 14 completed (acc=0.8180, n=90)
[2026-07-26 03:52:09] 2026-07-25 16:28:25 | INFO     | KDClient 3 fit round 14 (tier=small)
[2026-07-26 03:52:09] 2026-07-25 16:28:25 | INFO     | KDClient 3 round 14 public KD (epochs=2)
[2026-07-26 03:52:09] 2026-07-25 16:28:40 | INFO     | KDClient 3 round 14 local training (epochs=4)
[2026-07-26 03:52:09] 2026-07-25 16:28:54 | INFO     | KDClient 3 round 14 completed (acc=0.8937, n=90)
[2026-07-26 03:52:09] 2026-07-25 16:28:54 | INFO     | KDClient 4 fit round 14 (tier=small)
[2026-07-26 03:52:09] 2026-07-25 16:28:54 | INFO     | KDClient 4 round 14 public KD (epochs=2)
[2026-07-26 03:52:09] 2026-07-25 16:29:06 | INFO     | KDClient 4 round 14 local training (epochs=4)
[2026-07-26 03:52:09] 2026-07-25 16:29:19 | INFO     | KDClient 4 round 14 completed (acc=0.8396, n=90)
[2026-07-26 03:52:09] 2026-07-25 16:29:19 | INFO     | KDClient 5 fit round 14 (tier=small)
[2026-07-26 03:52:09] 2026-07-25 16:29:19 | INFO     | KDClient 5 round 14 public KD (epochs=2)
[2026-07-26 03:52:09] 2026-07-25 16:29:33 | INFO     | KDClient 5 round 14 local training (epochs=4)
[2026-07-26 03:52:09] 2026-07-25 16:29:44 | INFO     | KDClient 5 round 14 completed (acc=0.7712, n=90)
[2026-07-26 03:52:09] 2026-07-25 16:29:44 | INFO     | KDClient 6 fit round 14 (tier=small)
[2026-07-26 03:52:09] 2026-07-25 16:29:44 | INFO     | KDClient 6 round 14 public KD (epochs=2)
[2026-07-26 03:52:09] 2026-07-25 16:29:58 | INFO     | KDClient 6 round 14 local training (epochs=4)
[2026-07-26 03:52:09] 2026-07-25 16:30:09 | INFO     | KDClient 6 round 14 completed (acc=0.9009, n=90)
[2026-07-26 03:52:09] 2026-07-25 16:30:09 | INFO     | KDClient 7 fit round 14 (tier=medium)
[2026-07-26 03:52:09] 2026-07-25 16:30:09 | INFO     | KDClient 7 round 14 public KD (epochs=2)
[2026-07-26 03:52:09] 2026-07-25 16:30:49 | INFO     | KDClient 7 round 14 local training (epochs=4)
[2026-07-26 03:52:09] 2026-07-25 16:31:17 | INFO     | KDClient 7 round 14 completed (acc=0.8649, n=90)
[2026-07-26 03:52:09] 2026-07-25 16:31:17 | INFO     | KDClient 8 fit round 14 (tier=medium)
[2026-07-26 03:52:09] 2026-07-25 16:31:17 | INFO     | KDClient 8 round 14 public KD (epochs=2)
[2026-07-26 03:52:09] 2026-07-25 16:32:03 | INFO     | KDClient 8 round 14 local training (epochs=4)
[2026-07-26 03:52:09] 2026-07-25 16:32:42 | INFO     | KDClient 8 round 14 completed (acc=0.4378, n=90)
[2026-07-26 03:52:09] 2026-07-25 16:32:42 | INFO     | KDClient 9 fit round 14 (tier=medium)
[2026-07-26 03:52:09] 2026-07-25 16:32:42 | INFO     | KDClient 9 round 14 public KD (epochs=2)
[2026-07-26 03:52:09] 2026-07-25 16:33:27 | INFO     | KDClient 9 round 14 local training (epochs=4)
[2026-07-26 03:52:09] 2026-07-25 16:34:02 | INFO     | KDClient 9 round 14 completed (acc=0.7568, n=90)
[2026-07-26 03:52:09] 2026-07-25 16:34:02 | INFO     | KDClient 10 fit round 14 (tier=medium)
[2026-07-26 03:52:09] 2026-07-25 16:34:02 | INFO     | KDClient 10 round 14 public KD (epochs=2)
[2026-07-26 03:52:09] 2026-07-25 16:34:41 | INFO     | KDClient 10 round 14 local training (epochs=4)
[2026-07-26 03:52:09] 2026-07-25 16:35:13 | INFO     | KDClient 10 round 14 completed (acc=0.6739, n=90)
[2026-07-26 03:52:09] 2026-07-25 16:35:13 | INFO     | KDClient 11 fit round 14 (tier=medium)
[2026-07-26 03:52:09] 2026-07-25 16:35:13 | INFO     | KDClient 11 round 14 public KD (epochs=2)
[2026-07-26 03:52:09] 2026-07-25 16:35:53 | INFO     | KDClient 11 round 14 local training (epochs=4)
[2026-07-26 03:52:09] 2026-07-25 16:36:31 | INFO     | KDClient 11 round 14 completed (acc=0.6955, n=90)
[2026-07-26 03:52:09] 2026-07-25 16:36:31 | INFO     | KDClient 12 fit round 14 (tier=medium)
[2026-07-26 03:52:09] 2026-07-25 16:36:31 | INFO     | KDClient 12 round 14 public KD (epochs=2)
[2026-07-26 03:52:09] 2026-07-25 16:37:07 | INFO     | KDClient 12 round 14 local training (epochs=4)
[2026-07-26 03:52:09] 2026-07-25 16:37:41 | INFO     | KDClient 12 round 14 completed (acc=0.7063, n=90)
[2026-07-26 03:52:09] 2026-07-25 16:37:41 | INFO     | KDClient 13 fit round 14 (tier=medium)
[2026-07-26 03:52:09] 2026-07-25 16:37:41 | INFO     | KDClient 13 round 14 public KD (epochs=2)
[2026-07-26 03:52:09] 2026-07-25 16:38:22 | INFO     | KDClient 13 round 14 local training (epochs=4)
[2026-07-26 03:52:09] 2026-07-25 16:38:54 | INFO     | KDClient 13 round 14 completed (acc=0.7207, n=90)
[2026-07-26 03:52:09] 2026-07-25 16:38:54 | INFO     | KDClient 14 fit round 14 (tier=large)
[2026-07-26 03:52:09] 2026-07-25 16:38:54 | INFO     | KDClient 14 round 14 public KD (epochs=2)
[2026-07-26 03:52:09] 2026-07-25 16:39:58 | INFO     | KDClient 14 round 14 local training (epochs=4)
[2026-07-26 03:52:09] 2026-07-25 16:40:59 | INFO     | KDClient 14 round 14 completed (acc=0.9225, n=90)
[2026-07-26 03:52:09] 2026-07-25 16:40:59 | INFO     | KDClient 15 fit round 14 (tier=large)
[2026-07-26 03:52:09] 2026-07-25 16:40:59 | INFO     | KDClient 15 round 14 public KD (epochs=2)
[2026-07-26 03:52:09] 2026-07-25 16:42:14 | INFO     | KDClient 15 round 14 local training (epochs=4)
[2026-07-26 03:52:09] 2026-07-25 16:43:08 | INFO     | KDClient 15 round 14 completed (acc=0.8505, n=90)
[2026-07-26 03:52:09] 2026-07-25 16:43:08 | INFO     | KDClient 16 fit round 14 (tier=large)
[2026-07-26 03:52:09] 2026-07-25 16:43:08 | INFO     | KDClient 16 round 14 public KD (epochs=2)
[2026-07-26 03:52:09] 2026-07-25 16:44:16 | INFO     | KDClient 16 round 14 local training (epochs=4)
[2026-07-26 03:52:09] 2026-07-25 16:45:17 | INFO     | KDClient 16 round 14 completed (acc=0.7658, n=90)
[2026-07-26 03:52:09] 2026-07-25 16:45:17 | INFO     | KDClient 17 fit round 14 (tier=large)
[2026-07-26 03:52:09] 2026-07-25 16:45:17 | INFO     | KDClient 17 round 14 public KD (epochs=2)
[2026-07-26 03:52:09] 2026-07-25 16:46:27 | INFO     | KDClient 17 round 14 local training (epochs=4)
[2026-07-26 03:52:09] 2026-07-25 16:47:17 | INFO     | KDClient 17 round 14 completed (acc=0.6829, n=90)
[2026-07-26 03:52:09] 2026-07-25 16:47:17 | INFO     | KDClient 18 fit round 14 (tier=large)
[2026-07-26 03:52:09] 2026-07-25 16:47:17 | INFO     | KDClient 18 round 14 public KD (epochs=2)
[2026-07-26 03:52:09] 2026-07-25 16:48:27 | INFO     | KDClient 18 round 14 local training (epochs=4)
[2026-07-26 03:52:09] 2026-07-25 16:49:30 | INFO     | KDClient 18 round 14 completed (acc=0.7514, n=90)
[2026-07-26 03:52:09] 2026-07-25 16:49:30 | INFO     | KDClient 19 fit round 14 (tier=large)
[2026-07-26 03:52:09] 2026-07-25 16:49:30 | INFO     | KDClient 19 round 14 public KD (epochs=2)
[2026-07-26 03:52:09] 2026-07-25 16:50:39 | INFO     | KDClient 19 round 14 local training (epochs=4)
[2026-07-26 03:52:09] 2026-07-25 16:51:51 | INFO     | KDClient 19 round 14 completed (acc=0.7568, n=90)
[2026-07-26 03:52:09]   Round  14/50 | Avg: 0.7805 | Min: 0.4378 | Max: 0.9243
[2026-07-26 03:52:09] 2026-07-25 16:51:51 | INFO     | FEDAKD — IID: round 15/50 starting
[2026-07-26 03:52:09] 2026-07-25 16:51:51 | INFO     | KDClient 0 fit round 15 (tier=small)
[2026-07-26 03:52:09] 2026-07-25 16:51:51 | INFO     | KDClient 0 round 15 public KD (epochs=2)
[2026-07-26 03:52:09] 2026-07-25 16:52:10 | INFO     | KDClient 0 round 15 local training (epochs=4)
[2026-07-26 03:52:09] 2026-07-25 16:52:25 | INFO     | KDClient 0 round 15 completed (acc=0.8973, n=90)
[2026-07-26 03:52:09] 2026-07-25 16:52:25 | INFO     | KDClient 1 fit round 15 (tier=small)
[2026-07-26 03:52:09] 2026-07-25 16:52:25 | INFO     | KDClient 1 round 15 public KD (epochs=2)
[2026-07-26 03:52:09] 2026-07-25 16:52:38 | INFO     | KDClient 1 round 15 local training (epochs=4)
[2026-07-26 03:52:09] 2026-07-25 16:52:52 | INFO     | KDClient 1 round 15 completed (acc=0.9279, n=90)
[2026-07-26 03:52:09] 2026-07-25 16:52:52 | INFO     | KDClient 2 fit round 15 (tier=small)
[2026-07-26 03:52:09] 2026-07-25 16:52:52 | INFO     | KDClient 2 round 15 public KD (epochs=2)
[2026-07-26 03:52:09] 2026-07-25 16:53:08 | INFO     | KDClient 2 round 15 local training (epochs=4)
[2026-07-26 03:52:09] 2026-07-25 16:53:20 | INFO     | KDClient 2 round 15 completed (acc=0.9135, n=90)
[2026-07-26 03:52:09] 2026-07-25 16:53:20 | INFO     | KDClient 3 fit round 15 (tier=small)
[2026-07-26 03:52:09] 2026-07-25 16:53:20 | INFO     | KDClient 3 round 15 public KD (epochs=2)
[2026-07-26 03:52:09] 2026-07-25 16:53:35 | INFO     | KDClient 3 round 15 local training (epochs=4)
[2026-07-26 03:52:09] 2026-07-25 16:53:47 | INFO     | KDClient 3 round 15 completed (acc=0.8306, n=90)
[2026-07-26 03:52:09] 2026-07-25 16:53:47 | INFO     | KDClient 4 fit round 15 (tier=small)
[2026-07-26 03:52:09] 2026-07-25 16:53:47 | INFO     | KDClient 4 round 15 public KD (epochs=2)
[2026-07-26 03:52:09] 2026-07-25 16:54:05 | INFO     | KDClient 4 round 15 local training (epochs=4)
[2026-07-26 03:52:09] 2026-07-25 16:54:16 | INFO     | KDClient 4 round 15 completed (acc=0.9243, n=90)
[2026-07-26 03:52:09] 2026-07-25 16:54:16 | INFO     | KDClient 5 fit round 15 (tier=small)
[2026-07-26 03:52:09] 2026-07-25 16:54:16 | INFO     | KDClient 5 round 15 public KD (epochs=2)
[2026-07-26 03:52:09] 2026-07-25 16:54:29 | INFO     | KDClient 5 round 15 local training (epochs=4)
[2026-07-26 03:52:09] 2026-07-25 16:54:40 | INFO     | KDClient 5 round 15 completed (acc=0.8108, n=90)
[2026-07-26 03:52:09] 2026-07-25 16:54:40 | INFO     | KDClient 6 fit round 15 (tier=small)
[2026-07-26 03:52:09] 2026-07-25 16:54:40 | INFO     | KDClient 6 round 15 public KD (epochs=2)
[2026-07-26 03:52:09] 2026-07-25 16:54:53 | INFO     | KDClient 6 round 15 local training (epochs=4)
[2026-07-26 03:52:09] 2026-07-25 16:55:05 | INFO     | KDClient 6 round 15 completed (acc=0.9279, n=90)
[2026-07-26 03:52:09] 2026-07-25 16:55:05 | INFO     | KDClient 7 fit round 15 (tier=medium)
[2026-07-26 03:52:09] 2026-07-25 16:55:05 | INFO     | KDClient 7 round 15 public KD (epochs=2)
[2026-07-26 03:52:09] 2026-07-25 16:55:45 | INFO     | KDClient 7 round 15 local training (epochs=4)
[2026-07-26 03:52:09] 2026-07-25 16:56:16 | INFO     | KDClient 7 round 15 completed (acc=0.8883, n=90)
[2026-07-26 03:52:09] 2026-07-25 16:56:16 | INFO     | KDClient 8 fit round 15 (tier=medium)
[2026-07-26 03:52:09] 2026-07-25 16:56:16 | INFO     | KDClient 8 round 15 public KD (epochs=2)
[2026-07-26 03:52:09] 2026-07-25 16:56:57 | INFO     | KDClient 8 round 15 local training (epochs=4)
[2026-07-26 03:52:09] 2026-07-25 16:57:35 | INFO     | KDClient 8 round 15 completed (acc=0.6559, n=90)
[2026-07-26 03:52:09] 2026-07-25 16:57:35 | INFO     | KDClient 9 fit round 15 (tier=medium)
[2026-07-26 03:52:09] 2026-07-25 16:57:35 | INFO     | KDClient 9 round 15 public KD (epochs=2)
[2026-07-26 03:52:09] 2026-07-25 16:58:38 | INFO     | KDClient 9 round 15 local training (epochs=4)
[2026-07-26 03:52:09] 2026-07-25 16:59:17 | INFO     | KDClient 9 round 15 completed (acc=0.7766, n=90)
[2026-07-26 03:52:09] 2026-07-25 16:59:17 | INFO     | KDClient 10 fit round 15 (tier=medium)
[2026-07-26 03:52:09] 2026-07-25 16:59:17 | INFO     | KDClient 10 round 15 public KD (epochs=2)
[2026-07-26 03:52:09] 2026-07-25 16:59:57 | INFO     | KDClient 10 round 15 local training (epochs=4)
[2026-07-26 03:52:09] 2026-07-25 17:00:26 | INFO     | KDClient 10 round 15 completed (acc=0.6613, n=90)
[2026-07-26 03:52:09] 2026-07-25 17:00:26 | INFO     | KDClient 11 fit round 15 (tier=medium)
[2026-07-26 03:52:09] 2026-07-25 17:00:26 | INFO     | KDClient 11 round 15 public KD (epochs=2)
[2026-07-26 03:52:09] 2026-07-25 17:01:08 | INFO     | KDClient 11 round 15 local training (epochs=4)
[2026-07-26 03:52:09] 2026-07-25 17:01:38 | INFO     | KDClient 11 round 15 completed (acc=0.7694, n=90)
[2026-07-26 03:52:09] 2026-07-25 17:01:38 | INFO     | KDClient 12 fit round 15 (tier=medium)
[2026-07-26 03:52:09] 2026-07-25 17:01:38 | INFO     | KDClient 12 round 15 public KD (epochs=2)
[2026-07-26 03:52:09] 2026-07-25 17:02:15 | INFO     | KDClient 12 round 15 local training (epochs=4)
[2026-07-26 03:52:09] 2026-07-25 17:02:46 | INFO     | KDClient 12 round 15 completed (acc=0.7153, n=90)
[2026-07-26 03:52:09] 2026-07-25 17:02:46 | INFO     | KDClient 13 fit round 15 (tier=medium)
[2026-07-26 03:52:09] 2026-07-25 17:02:46 | INFO     | KDClient 13 round 15 public KD (epochs=2)
[2026-07-26 03:52:09] 2026-07-25 17:03:24 | INFO     | KDClient 13 round 15 local training (epochs=4)
[2026-07-26 03:52:09] 2026-07-25 17:03:55 | INFO     | KDClient 13 round 15 completed (acc=0.7225, n=90)
[2026-07-26 03:52:09] 2026-07-25 17:03:55 | INFO     | KDClient 14 fit round 15 (tier=large)
[2026-07-26 03:52:09] 2026-07-25 17:03:55 | INFO     | KDClient 14 round 15 public KD (epochs=2)
[2026-07-26 03:52:09] 2026-07-25 17:05:01 | INFO     | KDClient 14 round 15 local training (epochs=4)
[2026-07-26 03:52:09] 2026-07-25 17:05:52 | INFO     | KDClient 14 round 15 completed (acc=0.9315, n=90)
[2026-07-26 03:52:09] 2026-07-25 17:05:52 | INFO     | KDClient 15 fit round 15 (tier=large)
[2026-07-26 03:52:09] 2026-07-25 17:05:52 | INFO     | KDClient 15 round 15 public KD (epochs=2)
[2026-07-26 03:52:09] 2026-07-25 17:06:58 | INFO     | KDClient 15 round 15 local training (epochs=4)
[2026-07-26 03:52:09] 2026-07-25 17:07:58 | INFO     | KDClient 15 round 15 completed (acc=0.8180, n=90)
[2026-07-26 03:52:09] 2026-07-25 17:07:58 | INFO     | KDClient 16 fit round 15 (tier=large)
[2026-07-26 03:52:09] 2026-07-25 17:07:58 | INFO     | KDClient 16 round 15 public KD (epochs=2)
[2026-07-26 03:52:09] 2026-07-25 17:09:04 | INFO     | KDClient 16 round 15 local training (epochs=4)
[2026-07-26 03:52:09] 2026-07-25 17:09:58 | INFO     | KDClient 16 round 15 completed (acc=0.7712, n=90)
[2026-07-26 03:52:09] 2026-07-25 17:09:58 | INFO     | KDClient 17 fit round 15 (tier=large)
[2026-07-26 03:52:09] 2026-07-25 17:09:58 | INFO     | KDClient 17 round 15 public KD (epochs=2)
[2026-07-26 03:52:09] 2026-07-25 17:11:13 | INFO     | KDClient 17 round 15 local training (epochs=4)
[2026-07-26 03:52:09] 2026-07-25 17:12:05 | INFO     | KDClient 17 round 15 completed (acc=0.8703, n=90)
[2026-07-26 03:52:09] 2026-07-25 17:12:05 | INFO     | KDClient 18 fit round 15 (tier=large)
[2026-07-26 03:52:09] 2026-07-25 17:12:05 | INFO     | KDClient 18 round 15 public KD (epochs=2)
[2026-07-26 03:52:09] 2026-07-25 17:13:13 | INFO     | KDClient 18 round 15 local training (epochs=4)
[2026-07-26 03:52:09] 2026-07-25 17:14:22 | INFO     | KDClient 18 round 15 completed (acc=0.7189, n=90)
[2026-07-26 03:52:09] 2026-07-25 17:14:22 | INFO     | KDClient 19 fit round 15 (tier=large)
[2026-07-26 03:52:09] 2026-07-25 17:14:22 | INFO     | KDClient 19 round 15 public KD (epochs=2)
[2026-07-26 03:52:09] 2026-07-25 17:15:35 | INFO     | KDClient 19 round 15 local training (epochs=4)
[2026-07-26 03:52:09] 2026-07-25 17:16:48 | INFO     | KDClient 19 round 15 completed (acc=0.7369, n=90)
[2026-07-26 03:52:09]   Round  15/50 | Avg: 0.8134 | Min: 0.6559 | Max: 0.9315
[2026-07-26 03:52:09] 2026-07-25 17:16:48 | INFO     | FEDAKD — IID: round 16/50 starting
[2026-07-26 03:52:09] 2026-07-25 17:16:48 | INFO     | KDClient 0 fit round 16 (tier=small)
[2026-07-26 03:52:09] 2026-07-25 17:16:48 | INFO     | KDClient 0 round 16 public KD (epochs=2)
[2026-07-26 03:52:09] 2026-07-25 17:17:07 | INFO     | KDClient 0 round 16 local training (epochs=4)
[2026-07-26 03:52:09] 2026-07-25 17:17:18 | INFO     | KDClient 0 round 16 completed (acc=0.8937, n=90)
[2026-07-26 03:52:09] 2026-07-25 17:17:18 | INFO     | KDClient 1 fit round 16 (tier=small)
[2026-07-26 03:52:09] 2026-07-25 17:17:18 | INFO     | KDClient 1 round 16 public KD (epochs=2)
[2026-07-26 03:52:09] 2026-07-25 17:17:31 | INFO     | KDClient 1 round 16 local training (epochs=4)
[2026-07-26 03:52:09] 2026-07-25 17:17:44 | INFO     | KDClient 1 round 16 completed (acc=0.9099, n=90)
[2026-07-26 03:52:09] 2026-07-25 17:17:44 | INFO     | KDClient 2 fit round 16 (tier=small)
[2026-07-26 03:52:09] 2026-07-25 17:17:44 | INFO     | KDClient 2 round 16 public KD (epochs=2)
[2026-07-26 03:52:09] 2026-07-25 17:17:57 | INFO     | KDClient 2 round 16 local training (epochs=4)
[2026-07-26 03:52:09] 2026-07-25 17:18:10 | INFO     | KDClient 2 round 16 completed (acc=0.8937, n=90)
[2026-07-26 03:52:09] 2026-07-25 17:18:10 | INFO     | KDClient 3 fit round 16 (tier=small)
[2026-07-26 03:52:09] 2026-07-25 17:18:10 | INFO     | KDClient 3 round 16 public KD (epochs=2)
[2026-07-26 03:52:09] 2026-07-25 17:18:25 | INFO     | KDClient 3 round 16 local training (epochs=4)
[2026-07-26 03:52:09] 2026-07-25 17:18:38 | INFO     | KDClient 3 round 16 completed (acc=0.8955, n=90)
[2026-07-26 03:52:09] 2026-07-25 17:18:38 | INFO     | KDClient 4 fit round 16 (tier=small)
[2026-07-26 03:52:09] 2026-07-25 17:18:38 | INFO     | KDClient 4 round 16 public KD (epochs=2)
[2026-07-26 03:52:09] 2026-07-25 17:18:53 | INFO     | KDClient 4 round 16 local training (epochs=4)
[2026-07-26 03:52:09] 2026-07-25 17:19:05 | INFO     | KDClient 4 round 16 completed (acc=0.8757, n=90)
[2026-07-26 03:52:09] 2026-07-25 17:19:05 | INFO     | KDClient 5 fit round 16 (tier=small)
[2026-07-26 03:52:09] 2026-07-25 17:19:05 | INFO     | KDClient 5 round 16 public KD (epochs=2)
[2026-07-26 03:52:09] 2026-07-25 17:19:18 | INFO     | KDClient 5 round 16 local training (epochs=4)
[2026-07-26 03:52:09] 2026-07-25 17:19:30 | INFO     | KDClient 5 round 16 completed (acc=0.8991, n=90)
[2026-07-26 03:52:09] 2026-07-25 17:19:30 | INFO     | KDClient 6 fit round 16 (tier=small)
[2026-07-26 03:52:09] 2026-07-25 17:19:30 | INFO     | KDClient 6 round 16 public KD (epochs=2)
[2026-07-26 03:52:09] 2026-07-25 17:19:47 | INFO     | KDClient 6 round 16 local training (epochs=4)
[2026-07-26 03:52:09] 2026-07-25 17:19:58 | INFO     | KDClient 6 round 16 completed (acc=0.9279, n=90)
[2026-07-26 03:52:09] 2026-07-25 17:19:58 | INFO     | KDClient 7 fit round 16 (tier=medium)
[2026-07-26 03:52:09] 2026-07-25 17:19:58 | INFO     | KDClient 7 round 16 public KD (epochs=2)
[2026-07-26 03:52:09] 2026-07-25 17:20:39 | INFO     | KDClient 7 round 16 local training (epochs=4)
[2026-07-26 03:52:09] 2026-07-25 17:21:08 | INFO     | KDClient 7 round 16 completed (acc=0.7712, n=90)
[2026-07-26 03:52:09] 2026-07-25 17:21:08 | INFO     | KDClient 8 fit round 16 (tier=medium)
[2026-07-26 03:52:09] 2026-07-25 17:21:08 | INFO     | KDClient 8 round 16 public KD (epochs=2)
[2026-07-26 03:52:09] 2026-07-25 17:21:46 | INFO     | KDClient 8 round 16 local training (epochs=4)
[2026-07-26 03:52:09] 2026-07-25 17:22:25 | INFO     | KDClient 8 round 16 completed (acc=0.6486, n=90)
[2026-07-26 03:52:09] 2026-07-25 17:22:25 | INFO     | KDClient 9 fit round 16 (tier=medium)
[2026-07-26 03:52:09] 2026-07-25 17:22:25 | INFO     | KDClient 9 round 16 public KD (epochs=2)
[2026-07-26 03:52:09] 2026-07-25 17:23:08 | INFO     | KDClient 9 round 16 local training (epochs=4)
[2026-07-26 03:52:09] 2026-07-25 17:23:40 | INFO     | KDClient 9 round 16 completed (acc=0.7784, n=90)
[2026-07-26 03:52:09] 2026-07-25 17:23:40 | INFO     | KDClient 10 fit round 16 (tier=medium)
[2026-07-26 03:52:09] 2026-07-25 17:23:40 | INFO     | KDClient 10 round 16 public KD (epochs=2)
[2026-07-26 03:52:09] 2026-07-25 17:24:22 | INFO     | KDClient 10 round 16 local training (epochs=4)
[2026-07-26 03:52:09] 2026-07-25 17:24:56 | INFO     | KDClient 10 round 16 completed (acc=0.6523, n=90)
[2026-07-26 03:52:09] 2026-07-25 17:24:56 | INFO     | KDClient 11 fit round 16 (tier=medium)
[2026-07-26 03:52:09] 2026-07-25 17:24:56 | INFO     | KDClient 11 round 16 public KD (epochs=2)
[2026-07-26 03:52:09] 2026-07-25 17:25:34 | INFO     | KDClient 11 round 16 local training (epochs=4)
[2026-07-26 03:52:09] 2026-07-25 17:26:06 | INFO     | KDClient 11 round 16 completed (acc=0.8090, n=90)
[2026-07-26 03:52:09] 2026-07-25 17:26:06 | INFO     | KDClient 12 fit round 16 (tier=medium)
[2026-07-26 03:52:09] 2026-07-25 17:26:06 | INFO     | KDClient 12 round 16 public KD (epochs=2)
[2026-07-26 03:52:09] 2026-07-25 17:26:47 | INFO     | KDClient 12 round 16 local training (epochs=4)
[2026-07-26 03:52:09] 2026-07-25 17:27:21 | INFO     | KDClient 12 round 16 completed (acc=0.7910, n=90)
[2026-07-26 03:52:09] 2026-07-25 17:27:21 | INFO     | KDClient 13 fit round 16 (tier=medium)
[2026-07-26 03:52:09] 2026-07-25 17:27:21 | INFO     | KDClient 13 round 16 public KD (epochs=2)
[2026-07-26 03:52:09] 2026-07-25 17:28:01 | INFO     | KDClient 13 round 16 local training (epochs=4)
[2026-07-26 03:52:09] 2026-07-25 17:28:31 | INFO     | KDClient 13 round 16 completed (acc=0.8144, n=90)
[2026-07-26 03:52:09] 2026-07-25 17:28:31 | INFO     | KDClient 14 fit round 16 (tier=large)
[2026-07-26 03:52:09] 2026-07-25 17:28:31 | INFO     | KDClient 14 round 16 public KD (epochs=2)
[2026-07-26 03:52:09] 2026-07-25 17:29:35 | INFO     | KDClient 14 round 16 local training (epochs=4)
[2026-07-26 03:52:09] 2026-07-25 17:30:26 | INFO     | KDClient 14 round 16 completed (acc=0.9315, n=90)
[2026-07-26 03:52:09] 2026-07-25 17:30:26 | INFO     | KDClient 15 fit round 16 (tier=large)
[2026-07-26 03:52:09] 2026-07-25 17:30:26 | INFO     | KDClient 15 round 16 public KD (epochs=2)
[2026-07-26 03:52:09] 2026-07-25 17:31:33 | INFO     | KDClient 15 round 16 local training (epochs=4)
[2026-07-26 03:52:09] 2026-07-25 17:32:18 | INFO     | KDClient 15 round 16 completed (acc=0.8865, n=90)
[2026-07-26 03:52:09] 2026-07-25 17:32:18 | INFO     | KDClient 16 fit round 16 (tier=large)
[2026-07-26 03:52:09] 2026-07-25 17:32:18 | INFO     | KDClient 16 round 16 public KD (epochs=2)
[2026-07-26 03:52:09] 2026-07-25 17:33:27 | INFO     | KDClient 16 round 16 local training (epochs=4)
[2026-07-26 03:52:09] 2026-07-25 17:34:32 | INFO     | KDClient 16 round 16 completed (acc=0.8955, n=90)
[2026-07-26 03:52:09] 2026-07-25 17:34:32 | INFO     | KDClient 17 fit round 16 (tier=large)
[2026-07-26 03:52:09] 2026-07-25 17:34:32 | INFO     | KDClient 17 round 16 public KD (epochs=2)
[2026-07-26 03:52:09] 2026-07-25 17:35:48 | INFO     | KDClient 17 round 16 local training (epochs=4)
[2026-07-26 03:52:09] 2026-07-25 17:36:43 | INFO     | KDClient 17 round 16 completed (acc=0.8703, n=90)
[2026-07-26 03:52:09] 2026-07-25 17:36:43 | INFO     | KDClient 18 fit round 16 (tier=large)
[2026-07-26 03:52:09] 2026-07-25 17:36:43 | INFO     | KDClient 18 round 16 public KD (epochs=2)
[2026-07-26 03:52:09] 2026-07-25 17:37:54 | INFO     | KDClient 18 round 16 local training (epochs=4)
[2026-07-26 03:52:09] 2026-07-25 17:38:42 | INFO     | KDClient 18 round 16 completed (acc=0.8721, n=90)
[2026-07-26 03:52:09] 2026-07-25 17:38:42 | INFO     | KDClient 19 fit round 16 (tier=large)
[2026-07-26 03:52:09] 2026-07-25 17:38:42 | INFO     | KDClient 19 round 16 public KD (epochs=2)
[2026-07-26 03:52:09] 2026-07-25 17:40:02 | INFO     | KDClient 19 round 16 local training (epochs=4)
[2026-07-26 03:52:09] 2026-07-25 17:41:09 | INFO     | KDClient 19 round 16 completed (acc=0.7243, n=90)
[2026-07-26 03:52:09]   Round  16/50 | Avg: 0.8370 | Min: 0.6486 | Max: 0.9315
[2026-07-26 03:52:09] 2026-07-25 17:41:09 | INFO     | FEDAKD — IID: round 17/50 starting
[2026-07-26 03:52:09] 2026-07-25 17:41:09 | INFO     | KDClient 0 fit round 17 (tier=small)
[2026-07-26 03:52:09] 2026-07-25 17:41:09 | INFO     | KDClient 0 round 17 public KD (epochs=2)
[2026-07-26 03:52:09] 2026-07-25 17:41:27 | INFO     | KDClient 0 round 17 local training (epochs=4)
[2026-07-26 03:52:09] 2026-07-25 17:41:39 | INFO     | KDClient 0 round 17 completed (acc=0.8198, n=90)
[2026-07-26 03:52:09] 2026-07-25 17:41:39 | INFO     | KDClient 1 fit round 17 (tier=small)
[2026-07-26 03:52:09] 2026-07-25 17:41:39 | INFO     | KDClient 1 round 17 public KD (epochs=2)
[2026-07-26 03:52:09] 2026-07-25 17:41:55 | INFO     | KDClient 1 round 17 local training (epochs=4)
[2026-07-26 03:52:09] 2026-07-25 17:42:08 | INFO     | KDClient 1 round 17 completed (acc=0.9117, n=90)
[2026-07-26 03:52:09] 2026-07-25 17:42:08 | INFO     | KDClient 2 fit round 17 (tier=small)
[2026-07-26 03:52:09] 2026-07-25 17:42:08 | INFO     | KDClient 2 round 17 public KD (epochs=2)
[2026-07-26 03:52:09] 2026-07-25 17:42:21 | INFO     | KDClient 2 round 17 local training (epochs=4)
[2026-07-26 03:52:09] 2026-07-25 17:42:34 | INFO     | KDClient 2 round 17 completed (acc=0.9315, n=90)
[2026-07-26 03:52:09] 2026-07-25 17:42:34 | INFO     | KDClient 3 fit round 17 (tier=small)
[2026-07-26 03:52:09] 2026-07-25 17:42:34 | INFO     | KDClient 3 round 17 public KD (epochs=2)
[2026-07-26 03:52:09] 2026-07-25 17:42:47 | INFO     | KDClient 3 round 17 local training (epochs=4)
[2026-07-26 03:52:09] 2026-07-25 17:43:02 | INFO     | KDClient 3 round 17 completed (acc=0.8541, n=90)
[2026-07-26 03:52:09] 2026-07-25 17:43:02 | INFO     | KDClient 4 fit round 17 (tier=small)
[2026-07-26 03:52:09] 2026-07-25 17:43:02 | INFO     | KDClient 4 round 17 public KD (epochs=2)
[2026-07-26 03:52:09] 2026-07-25 17:43:20 | INFO     | KDClient 4 round 17 local training (epochs=4)
[2026-07-26 03:52:09] 2026-07-25 17:43:33 | INFO     | KDClient 4 round 17 completed (acc=0.9279, n=90)
[2026-07-26 03:52:09] 2026-07-25 17:43:33 | INFO     | KDClient 5 fit round 17 (tier=small)
[2026-07-26 03:52:09] 2026-07-25 17:43:33 | INFO     | KDClient 5 round 17 public KD (epochs=2)
[2026-07-26 03:52:09] 2026-07-25 17:43:51 | INFO     | KDClient 5 round 17 local training (epochs=4)
[2026-07-26 03:52:09] 2026-07-25 17:44:03 | INFO     | KDClient 5 round 17 completed (acc=0.8901, n=90)
[2026-07-26 03:52:09] 2026-07-25 17:44:03 | INFO     | KDClient 6 fit round 17 (tier=small)
[2026-07-26 03:52:09] 2026-07-25 17:44:03 | INFO     | KDClient 6 round 17 public KD (epochs=2)
[2026-07-26 03:52:09] 2026-07-25 17:44:17 | INFO     | KDClient 6 round 17 local training (epochs=4)
[2026-07-26 03:52:09] 2026-07-25 17:44:30 | INFO     | KDClient 6 round 17 completed (acc=0.9063, n=90)
[2026-07-26 03:52:09] 2026-07-25 17:44:30 | INFO     | KDClient 7 fit round 17 (tier=medium)
[2026-07-26 03:52:09] 2026-07-25 17:44:30 | INFO     | KDClient 7 round 17 public KD (epochs=2)
[2026-07-26 03:52:09] 2026-07-25 17:45:05 | INFO     | KDClient 7 round 17 local training (epochs=4)
[2026-07-26 03:52:09] 2026-07-25 17:45:37 | INFO     | KDClient 7 round 17 completed (acc=0.8649, n=90)
[2026-07-26 03:52:09] 2026-07-25 17:45:37 | INFO     | KDClient 8 fit round 17 (tier=medium)
[2026-07-26 03:52:09] 2026-07-25 17:45:37 | INFO     | KDClient 8 round 17 public KD (epochs=2)
[2026-07-26 03:52:09] 2026-07-25 17:46:09 | INFO     | KDClient 8 round 17 local training (epochs=4)
[2026-07-26 03:52:09] 2026-07-25 17:46:41 | INFO     | KDClient 8 round 17 completed (acc=0.6541, n=90)
[2026-07-26 03:52:09] 2026-07-25 17:46:41 | INFO     | KDClient 9 fit round 17 (tier=medium)
[2026-07-26 03:52:09] 2026-07-25 17:46:41 | INFO     | KDClient 9 round 17 public KD (epochs=2)
[2026-07-26 03:52:09] 2026-07-25 17:47:20 | INFO     | KDClient 9 round 17 local training (epochs=4)
[2026-07-26 03:52:09] 2026-07-25 17:47:51 | INFO     | KDClient 9 round 17 completed (acc=0.7784, n=90)
[2026-07-26 03:52:09] 2026-07-25 17:47:51 | INFO     | KDClient 10 fit round 17 (tier=medium)
[2026-07-26 03:52:09] 2026-07-25 17:47:51 | INFO     | KDClient 10 round 17 public KD (epochs=2)
[2026-07-26 03:52:09] 2026-07-25 17:48:32 | INFO     | KDClient 10 round 17 local training (epochs=4)
[2026-07-26 03:52:09] 2026-07-25 17:48:58 | INFO     | KDClient 10 round 17 completed (acc=0.7838, n=90)
[2026-07-26 03:52:09] 2026-07-25 17:48:58 | INFO     | KDClient 11 fit round 17 (tier=medium)
[2026-07-26 03:52:09] 2026-07-25 17:48:58 | INFO     | KDClient 11 round 17 public KD (epochs=2)
[2026-07-26 03:52:09] 2026-07-25 17:49:36 | INFO     | KDClient 11 round 17 local training (epochs=4)
[2026-07-26 03:52:09] 2026-07-25 17:50:05 | INFO     | KDClient 11 round 17 completed (acc=0.6378, n=90)
[2026-07-26 03:52:09] 2026-07-25 17:50:05 | INFO     | KDClient 12 fit round 17 (tier=medium)
[2026-07-26 03:52:09] 2026-07-25 17:50:05 | INFO     | KDClient 12 round 17 public KD (epochs=2)
[2026-07-26 03:52:09] 2026-07-25 17:50:47 | INFO     | KDClient 12 round 17 local training (epochs=4)
[2026-07-26 03:52:09] 2026-07-25 17:51:22 | INFO     | KDClient 12 round 17 completed (acc=0.8541, n=90)
[2026-07-26 03:52:09] 2026-07-25 17:51:22 | INFO     | KDClient 13 fit round 17 (tier=medium)
[2026-07-26 03:52:09] 2026-07-25 17:51:22 | INFO     | KDClient 13 round 17 public KD (epochs=2)
[2026-07-26 03:52:09] 2026-07-25 17:52:01 | INFO     | KDClient 13 round 17 local training (epochs=4)
[2026-07-26 03:52:09] 2026-07-25 17:52:33 | INFO     | KDClient 13 round 17 completed (acc=0.8613, n=90)
[2026-07-26 03:52:09] 2026-07-25 17:52:33 | INFO     | KDClient 14 fit round 17 (tier=large)
[2026-07-26 03:52:09] 2026-07-25 17:52:33 | INFO     | KDClient 14 round 17 public KD (epochs=2)
[2026-07-26 03:52:09] 2026-07-25 17:53:36 | INFO     | KDClient 14 round 17 local training (epochs=4)
[2026-07-26 03:52:09] 2026-07-25 17:54:23 | INFO     | KDClient 14 round 17 completed (acc=0.9333, n=90)
[2026-07-26 03:52:09] 2026-07-25 17:54:23 | INFO     | KDClient 15 fit round 17 (tier=large)
[2026-07-26 03:52:09] 2026-07-25 17:54:23 | INFO     | KDClient 15 round 17 public KD (epochs=2)
[2026-07-26 03:52:09] 2026-07-25 17:55:30 | INFO     | KDClient 15 round 17 local training (epochs=4)
[2026-07-26 03:52:09] 2026-07-25 17:56:17 | INFO     | KDClient 15 round 17 completed (acc=0.8468, n=90)
[2026-07-26 03:52:09] 2026-07-25 17:56:17 | INFO     | KDClient 16 fit round 17 (tier=large)
[2026-07-26 03:52:09] 2026-07-25 17:56:17 | INFO     | KDClient 16 round 17 public KD (epochs=2)
[2026-07-26 03:52:09] 2026-07-25 17:57:25 | INFO     | KDClient 16 round 17 local training (epochs=4)
[2026-07-26 03:52:09] 2026-07-25 17:58:18 | INFO     | KDClient 16 round 17 completed (acc=0.9027, n=90)
[2026-07-26 03:52:09] 2026-07-25 17:58:18 | INFO     | KDClient 17 fit round 17 (tier=large)
[2026-07-26 03:52:09] 2026-07-25 17:58:18 | INFO     | KDClient 17 round 17 public KD (epochs=2)
[2026-07-26 03:52:09] 2026-07-25 17:59:31 | INFO     | KDClient 17 round 17 local training (epochs=4)
[2026-07-26 03:52:09] 2026-07-25 18:00:40 | INFO     | KDClient 17 round 17 completed (acc=0.8252, n=90)
[2026-07-26 03:52:09] 2026-07-25 18:00:40 | INFO     | KDClient 18 fit round 17 (tier=large)
[2026-07-26 03:52:09] 2026-07-25 18:00:40 | INFO     | KDClient 18 round 17 public KD (epochs=2)
[2026-07-26 03:52:09] 2026-07-25 18:01:47 | INFO     | KDClient 18 round 17 local training (epochs=4)
[2026-07-26 03:52:09] 2026-07-25 18:02:37 | INFO     | KDClient 18 round 17 completed (acc=0.8234, n=90)
[2026-07-26 03:52:09] 2026-07-25 18:02:37 | INFO     | KDClient 19 fit round 17 (tier=large)
[2026-07-26 03:52:09] 2026-07-25 18:02:37 | INFO     | KDClient 19 round 17 public KD (epochs=2)
[2026-07-26 03:52:09] 2026-07-25 18:03:51 | INFO     | KDClient 19 round 17 local training (epochs=4)
[2026-07-26 03:52:09] 2026-07-25 18:04:48 | INFO     | KDClient 19 round 17 completed (acc=0.7495, n=90)
[2026-07-26 03:52:09]   Round  17/50 | Avg: 0.8378 | Min: 0.6378 | Max: 0.9333
[2026-07-26 03:52:09] 2026-07-25 18:04:48 | INFO     | FEDAKD — IID: round 18/50 starting
[2026-07-26 03:52:09] 2026-07-25 18:04:48 | INFO     | KDClient 0 fit round 18 (tier=small)
[2026-07-26 03:52:09] 2026-07-25 18:04:48 | INFO     | KDClient 0 round 18 public KD (epochs=2)
[2026-07-26 03:52:09] 2026-07-25 18:05:05 | INFO     | KDClient 0 round 18 local training (epochs=4)
[2026-07-26 03:52:09] 2026-07-25 18:05:21 | INFO     | KDClient 0 round 18 completed (acc=0.8288, n=90)
[2026-07-26 03:52:09] 2026-07-25 18:05:21 | INFO     | KDClient 1 fit round 18 (tier=small)
[2026-07-26 03:52:09] 2026-07-25 18:05:21 | INFO     | KDClient 1 round 18 public KD (epochs=2)
[2026-07-26 03:52:09] 2026-07-25 18:05:38 | INFO     | KDClient 1 round 18 local training (epochs=4)
[2026-07-26 03:52:09] 2026-07-25 18:05:52 | INFO     | KDClient 1 round 18 completed (acc=0.8757, n=90)
[2026-07-26 03:52:09] 2026-07-25 18:05:52 | INFO     | KDClient 2 fit round 18 (tier=small)
[2026-07-26 03:52:09] 2026-07-25 18:05:52 | INFO     | KDClient 2 round 18 public KD (epochs=2)
[2026-07-26 03:52:09] 2026-07-25 18:06:06 | INFO     | KDClient 2 round 18 local training (epochs=4)
[2026-07-26 03:52:09] 2026-07-25 18:06:17 | INFO     | KDClient 2 round 18 completed (acc=0.8901, n=90)
[2026-07-26 03:52:09] 2026-07-25 18:06:17 | INFO     | KDClient 3 fit round 18 (tier=small)
[2026-07-26 03:52:09] 2026-07-25 18:06:17 | INFO     | KDClient 3 round 18 public KD (epochs=2)
[2026-07-26 03:52:09] 2026-07-25 18:06:32 | INFO     | KDClient 3 round 18 local training (epochs=4)
[2026-07-26 03:52:09] 2026-07-25 18:06:44 | INFO     | KDClient 3 round 18 completed (acc=0.9117, n=90)
[2026-07-26 03:52:09] 2026-07-25 18:06:44 | INFO     | KDClient 4 fit round 18 (tier=small)
[2026-07-26 03:52:09] 2026-07-25 18:06:44 | INFO     | KDClient 4 round 18 public KD (epochs=2)
[2026-07-26 03:52:09] 2026-07-25 18:06:58 | INFO     | KDClient 4 round 18 local training (epochs=4)
[2026-07-26 03:52:09] 2026-07-25 18:07:11 | INFO     | KDClient 4 round 18 completed (acc=0.8919, n=90)
[2026-07-26 03:52:09] 2026-07-25 18:07:11 | INFO     | KDClient 5 fit round 18 (tier=small)
[2026-07-26 03:52:09] 2026-07-25 18:07:11 | INFO     | KDClient 5 round 18 public KD (epochs=2)
[2026-07-26 03:52:09] 2026-07-25 18:07:26 | INFO     | KDClient 5 round 18 local training (epochs=4)
[2026-07-26 03:52:09] 2026-07-25 18:07:38 | INFO     | KDClient 5 round 18 completed (acc=0.9099, n=90)
[2026-07-26 03:52:09] 2026-07-25 18:07:38 | INFO     | KDClient 6 fit round 18 (tier=small)
[2026-07-26 03:52:09] 2026-07-25 18:07:38 | INFO     | KDClient 6 round 18 public KD (epochs=2)
[2026-07-26 03:52:09] 2026-07-25 18:07:52 | INFO     | KDClient 6 round 18 local training (epochs=4)
[2026-07-26 03:52:09] 2026-07-25 18:08:03 | INFO     | KDClient 6 round 18 completed (acc=0.9261, n=90)
[2026-07-26 03:52:09] 2026-07-25 18:08:03 | INFO     | KDClient 7 fit round 18 (tier=medium)
[2026-07-26 03:52:09] 2026-07-25 18:08:03 | INFO     | KDClient 7 round 18 public KD (epochs=2)
[2026-07-26 03:52:09] 2026-07-25 18:08:46 | INFO     | KDClient 7 round 18 local training (epochs=4)
[2026-07-26 03:52:09] 2026-07-25 18:09:21 | INFO     | KDClient 7 round 18 completed (acc=0.8667, n=90)
[2026-07-26 03:52:09] 2026-07-25 18:09:21 | INFO     | KDClient 8 fit round 18 (tier=medium)
[2026-07-26 03:52:09] 2026-07-25 18:09:21 | INFO     | KDClient 8 round 18 public KD (epochs=2)
[2026-07-26 03:52:09] 2026-07-25 18:09:57 | INFO     | KDClient 8 round 18 local training (epochs=4)
[2026-07-26 03:52:09] 2026-07-25 18:10:28 | INFO     | KDClient 8 round 18 completed (acc=0.6559, n=90)
[2026-07-26 03:52:09] 2026-07-25 18:10:28 | INFO     | KDClient 9 fit round 18 (tier=medium)
[2026-07-26 03:52:09] 2026-07-25 18:10:28 | INFO     | KDClient 9 round 18 public KD (epochs=2)
[2026-07-26 03:52:09] 2026-07-25 18:11:09 | INFO     | KDClient 9 round 18 local training (epochs=4)
[2026-07-26 03:52:09] 2026-07-25 18:11:47 | INFO     | KDClient 9 round 18 completed (acc=0.7766, n=90)
[2026-07-26 03:52:09] 2026-07-25 18:11:47 | INFO     | KDClient 10 fit round 18 (tier=medium)
[2026-07-26 03:52:09] 2026-07-25 18:11:47 | INFO     | KDClient 10 round 18 public KD (epochs=2)
[2026-07-26 03:52:09] 2026-07-25 18:12:28 | INFO     | KDClient 10 round 18 local training (epochs=4)
[2026-07-26 03:52:09] 2026-07-25 18:13:03 | INFO     | KDClient 10 round 18 completed (acc=0.7514, n=90)
[2026-07-26 03:52:09] 2026-07-25 18:13:03 | INFO     | KDClient 11 fit round 18 (tier=medium)
[2026-07-26 03:52:09] 2026-07-25 18:13:03 | INFO     | KDClient 11 round 18 public KD (epochs=2)
[2026-07-26 03:52:09] 2026-07-25 18:13:42 | INFO     | KDClient 11 round 18 local training (epochs=4)
[2026-07-26 03:52:09] 2026-07-25 18:14:14 | INFO     | KDClient 11 round 18 completed (acc=0.7189, n=90)
[2026-07-26 03:52:09] 2026-07-25 18:14:14 | INFO     | KDClient 12 fit round 18 (tier=medium)
[2026-07-26 03:52:09] 2026-07-25 18:14:14 | INFO     | KDClient 12 round 18 public KD (epochs=2)
[2026-07-26 03:52:09] 2026-07-25 18:14:54 | INFO     | KDClient 12 round 18 local training (epochs=4)
[2026-07-26 03:52:09] 2026-07-25 18:15:26 | INFO     | KDClient 12 round 18 completed (acc=0.8631, n=90)
[2026-07-26 03:52:09] 2026-07-25 18:15:26 | INFO     | KDClient 13 fit round 18 (tier=medium)
[2026-07-26 03:52:09] 2026-07-25 18:15:26 | INFO     | KDClient 13 round 18 public KD (epochs=2)
[2026-07-26 03:52:09] 2026-07-25 18:16:29 | INFO     | KDClient 13 round 18 local training (epochs=4)
[2026-07-26 03:52:09] 2026-07-25 18:17:07 | INFO     | KDClient 13 round 18 completed (acc=0.7550, n=90)
[2026-07-26 03:52:09] 2026-07-25 18:17:07 | INFO     | KDClient 14 fit round 18 (tier=large)
[2026-07-26 03:52:09] 2026-07-25 18:17:07 | INFO     | KDClient 14 round 18 public KD (epochs=2)
[2026-07-26 03:52:09] 2026-07-25 18:18:18 | INFO     | KDClient 14 round 18 local training (epochs=4)
[2026-07-26 03:52:09] 2026-07-25 18:19:03 | INFO     | KDClient 14 round 18 completed (acc=0.9045, n=90)
[2026-07-26 03:52:09] 2026-07-25 18:19:03 | INFO     | KDClient 15 fit round 18 (tier=large)
[2026-07-26 03:52:09] 2026-07-25 18:19:03 | INFO     | KDClient 15 round 18 public KD (epochs=2)
[2026-07-26 03:52:09] 2026-07-25 18:20:04 | INFO     | KDClient 15 round 18 local training (epochs=4)
[2026-07-26 03:52:09] 2026-07-25 18:20:56 | INFO     | KDClient 15 round 18 completed (acc=0.9081, n=90)
[2026-07-26 03:52:09] 2026-07-25 18:20:56 | INFO     | KDClient 16 fit round 18 (tier=large)
[2026-07-26 03:52:09] 2026-07-25 18:20:56 | INFO     | KDClient 16 round 18 public KD (epochs=2)
[2026-07-26 03:52:09] 2026-07-25 18:21:59 | INFO     | KDClient 16 round 18 local training (epochs=4)
[2026-07-26 03:52:09] 2026-07-25 18:23:02 | INFO     | KDClient 16 round 18 completed (acc=0.9027, n=90)
[2026-07-26 03:52:09] 2026-07-25 18:23:02 | INFO     | KDClient 17 fit round 18 (tier=large)
[2026-07-26 03:52:09] 2026-07-25 18:23:02 | INFO     | KDClient 17 round 18 public KD (epochs=2)
[2026-07-26 03:52:09] 2026-07-25 18:24:17 | INFO     | KDClient 17 round 18 local training (epochs=4)
[2026-07-26 03:52:09] 2026-07-25 18:25:22 | INFO     | KDClient 17 round 18 completed (acc=0.9135, n=90)
[2026-07-26 03:52:09] 2026-07-25 18:25:22 | INFO     | KDClient 18 fit round 18 (tier=large)
[2026-07-26 03:52:09] 2026-07-25 18:25:22 | INFO     | KDClient 18 round 18 public KD (epochs=2)
[2026-07-26 03:52:09] 2026-07-25 18:26:28 | INFO     | KDClient 18 round 18 local training (epochs=4)
[2026-07-26 03:52:09] 2026-07-25 18:27:35 | INFO     | KDClient 18 round 18 completed (acc=0.8811, n=90)
[2026-07-26 03:52:09] 2026-07-25 18:27:35 | INFO     | KDClient 19 fit round 18 (tier=large)
[2026-07-26 03:52:09] 2026-07-25 18:27:35 | INFO     | KDClient 19 round 18 public KD (epochs=2)
[2026-07-26 03:52:09] 2026-07-25 18:28:41 | INFO     | KDClient 19 round 18 local training (epochs=4)
[2026-07-26 03:52:09] 2026-07-25 18:29:39 | INFO     | KDClient 19 round 18 completed (acc=0.7658, n=90)
[2026-07-26 03:52:09]   Round  18/50 | Avg: 0.8449 | Min: 0.6559 | Max: 0.9261
[2026-07-26 03:52:09] 2026-07-25 18:29:39 | INFO     | FEDAKD — IID: round 19/50 starting
[2026-07-26 03:52:09] 2026-07-25 18:29:39 | INFO     | KDClient 0 fit round 19 (tier=small)
[2026-07-26 03:52:09] 2026-07-25 18:29:39 | INFO     | KDClient 0 round 19 public KD (epochs=2)
[2026-07-26 03:52:09] 2026-07-25 18:29:57 | INFO     | KDClient 0 round 19 local training (epochs=4)
[2026-07-26 03:52:09] 2026-07-25 18:30:08 | INFO     | KDClient 0 round 19 completed (acc=0.8937, n=90)
[2026-07-26 03:52:09] 2026-07-25 18:30:08 | INFO     | KDClient 1 fit round 19 (tier=small)
[2026-07-26 03:52:09] 2026-07-25 18:30:08 | INFO     | KDClient 1 round 19 public KD (epochs=2)
[2026-07-26 03:52:09] 2026-07-25 18:30:21 | INFO     | KDClient 1 round 19 local training (epochs=4)
[2026-07-26 03:52:09] 2026-07-25 18:30:31 | INFO     | KDClient 1 round 19 completed (acc=0.8937, n=90)
[2026-07-26 03:52:09] 2026-07-25 18:30:31 | INFO     | KDClient 2 fit round 19 (tier=small)
[2026-07-26 03:52:09] 2026-07-25 18:30:31 | INFO     | KDClient 2 round 19 public KD (epochs=2)
[2026-07-26 03:52:09] 2026-07-25 18:30:44 | INFO     | KDClient 2 round 19 local training (epochs=4)
[2026-07-26 03:52:09] 2026-07-25 18:30:56 | INFO     | KDClient 2 round 19 completed (acc=0.9045, n=90)
[2026-07-26 03:52:09] 2026-07-25 18:30:56 | INFO     | KDClient 3 fit round 19 (tier=small)
[2026-07-26 03:52:09] 2026-07-25 18:30:56 | INFO     | KDClient 3 round 19 public KD (epochs=2)
[2026-07-26 03:52:09] 2026-07-25 18:31:12 | INFO     | KDClient 3 round 19 local training (epochs=4)
[2026-07-26 03:52:09] 2026-07-25 18:31:25 | INFO     | KDClient 3 round 19 completed (acc=0.8847, n=90)
[2026-07-26 03:52:09] 2026-07-25 18:31:25 | INFO     | KDClient 4 fit round 19 (tier=small)
[2026-07-26 03:52:09] 2026-07-25 18:31:25 | INFO     | KDClient 4 round 19 public KD (epochs=2)
[2026-07-26 03:52:09] 2026-07-25 18:31:40 | INFO     | KDClient 4 round 19 local training (epochs=4)
[2026-07-26 03:52:09] 2026-07-25 18:31:50 | INFO     | KDClient 4 round 19 completed (acc=0.8739, n=90)
[2026-07-26 03:52:09] 2026-07-25 18:31:50 | INFO     | KDClient 5 fit round 19 (tier=small)
[2026-07-26 03:52:09] 2026-07-25 18:31:50 | INFO     | KDClient 5 round 19 public KD (epochs=2)
[2026-07-26 03:52:09] 2026-07-25 18:32:03 | INFO     | KDClient 5 round 19 local training (epochs=4)
[2026-07-26 03:52:09] 2026-07-25 18:32:14 | INFO     | KDClient 5 round 19 completed (acc=0.9243, n=90)
[2026-07-26 03:52:09] 2026-07-25 18:32:14 | INFO     | KDClient 6 fit round 19 (tier=small)
[2026-07-26 03:52:09] 2026-07-25 18:32:14 | INFO     | KDClient 6 round 19 public KD (epochs=2)
[2026-07-26 03:52:09] 2026-07-25 18:32:26 | INFO     | KDClient 6 round 19 local training (epochs=4)
[2026-07-26 03:52:09] 2026-07-25 18:32:38 | INFO     | KDClient 6 round 19 completed (acc=0.9261, n=90)
[2026-07-26 03:52:09] 2026-07-25 18:32:38 | INFO     | KDClient 7 fit round 19 (tier=medium)
[2026-07-26 03:52:09] 2026-07-25 18:32:38 | INFO     | KDClient 7 round 19 public KD (epochs=2)
[2026-07-26 03:52:09] 2026-07-25 18:33:22 | INFO     | KDClient 7 round 19 local training (epochs=4)
[2026-07-26 03:52:09] 2026-07-25 18:33:54 | INFO     | KDClient 7 round 19 completed (acc=0.8919, n=90)
[2026-07-26 03:52:09] 2026-07-25 18:33:54 | INFO     | KDClient 8 fit round 19 (tier=medium)
[2026-07-26 03:52:09] 2026-07-25 18:33:54 | INFO     | KDClient 8 round 19 public KD (epochs=2)
[2026-07-26 03:52:09] 2026-07-25 18:34:37 | INFO     | KDClient 8 round 19 local training (epochs=4)
[2026-07-26 03:52:09] 2026-07-25 18:35:11 | INFO     | KDClient 8 round 19 completed (acc=0.7982, n=90)
[2026-07-26 03:52:09] 2026-07-25 18:35:11 | INFO     | KDClient 9 fit round 19 (tier=medium)
[2026-07-26 03:52:09] 2026-07-25 18:35:11 | INFO     | KDClient 9 round 19 public KD (epochs=2)
[2026-07-26 03:52:09] 2026-07-25 18:35:54 | INFO     | KDClient 9 round 19 local training (epochs=4)
[2026-07-26 03:52:09] 2026-07-25 18:36:23 | INFO     | KDClient 9 round 19 completed (acc=0.7730, n=90)
[2026-07-26 03:52:09] 2026-07-25 18:36:23 | INFO     | KDClient 10 fit round 19 (tier=medium)
[2026-07-26 03:52:09] 2026-07-25 18:36:23 | INFO     | KDClient 10 round 19 public KD (epochs=2)
[2026-07-26 03:52:09] 2026-07-25 18:37:26 | INFO     | KDClient 10 round 19 local training (epochs=4)
[2026-07-26 03:52:09] 2026-07-25 18:37:55 | INFO     | KDClient 10 round 19 completed (acc=0.8000, n=90)
[2026-07-26 03:52:09] 2026-07-25 18:37:55 | INFO     | KDClient 11 fit round 19 (tier=medium)
[2026-07-26 03:52:09] 2026-07-25 18:37:55 | INFO     | KDClient 11 round 19 public KD (epochs=2)
[2026-07-26 03:52:09] 2026-07-25 18:38:32 | INFO     | KDClient 11 round 19 local training (epochs=4)
[2026-07-26 03:52:09] 2026-07-25 18:39:04 | INFO     | KDClient 11 round 19 completed (acc=0.8919, n=90)
[2026-07-26 03:52:09] 2026-07-25 18:39:04 | INFO     | KDClient 12 fit round 19 (tier=medium)
[2026-07-26 03:52:09] 2026-07-25 18:39:04 | INFO     | KDClient 12 round 19 public KD (epochs=2)
[2026-07-26 03:52:09] 2026-07-25 18:39:45 | INFO     | KDClient 12 round 19 local training (epochs=4)
[2026-07-26 03:52:09] 2026-07-25 18:40:17 | INFO     | KDClient 12 round 19 completed (acc=0.8667, n=90)
[2026-07-26 03:52:09] 2026-07-25 18:40:17 | INFO     | KDClient 13 fit round 19 (tier=medium)
[2026-07-26 03:52:09] 2026-07-25 18:40:17 | INFO     | KDClient 13 round 19 public KD (epochs=2)
[2026-07-26 03:52:09] 2026-07-25 18:40:59 | INFO     | KDClient 13 round 19 local training (epochs=4)
[2026-07-26 03:52:09] 2026-07-25 18:41:31 | INFO     | KDClient 13 round 19 completed (acc=0.8847, n=90)
[2026-07-26 03:52:09] 2026-07-25 18:41:31 | INFO     | KDClient 14 fit round 19 (tier=large)
[2026-07-26 03:52:09] 2026-07-25 18:41:31 | INFO     | KDClient 14 round 19 public KD (epochs=2)
[2026-07-26 03:52:09] 2026-07-25 18:42:32 | INFO     | KDClient 14 round 19 local training (epochs=4)
[2026-07-26 03:52:09] 2026-07-25 18:43:18 | INFO     | KDClient 14 round 19 completed (acc=0.9243, n=90)
[2026-07-26 03:52:09] 2026-07-25 18:43:18 | INFO     | KDClient 15 fit round 19 (tier=large)
[2026-07-26 03:52:09] 2026-07-25 18:43:18 | INFO     | KDClient 15 round 19 public KD (epochs=2)
[2026-07-26 03:52:09] 2026-07-25 18:44:20 | INFO     | KDClient 15 round 19 local training (epochs=4)
[2026-07-26 03:52:09] 2026-07-25 18:45:06 | INFO     | KDClient 15 round 19 completed (acc=0.8775, n=90)
[2026-07-26 03:52:09] 2026-07-25 18:45:06 | INFO     | KDClient 16 fit round 19 (tier=large)
[2026-07-26 03:52:09] 2026-07-25 18:45:06 | INFO     | KDClient 16 round 19 public KD (epochs=2)
[2026-07-26 03:52:09] 2026-07-25 18:46:07 | INFO     | KDClient 16 round 19 local training (epochs=4)
[2026-07-26 03:52:09] 2026-07-25 18:47:15 | INFO     | KDClient 16 round 19 completed (acc=0.9063, n=90)
[2026-07-26 03:52:09] 2026-07-25 18:47:15 | INFO     | KDClient 17 fit round 19 (tier=large)
[2026-07-26 03:52:09] 2026-07-25 18:47:15 | INFO     | KDClient 17 round 19 public KD (epochs=2)
[2026-07-26 03:52:09] 2026-07-25 18:48:21 | INFO     | KDClient 17 round 19 local training (epochs=4)
[2026-07-26 03:52:09] 2026-07-25 18:49:10 | INFO     | KDClient 17 round 19 completed (acc=0.9207, n=90)
[2026-07-26 03:52:09] 2026-07-25 18:49:10 | INFO     | KDClient 18 fit round 19 (tier=large)
[2026-07-26 03:52:09] 2026-07-25 18:49:10 | INFO     | KDClient 18 round 19 public KD (epochs=2)
[2026-07-26 03:52:09] 2026-07-25 18:50:22 | INFO     | KDClient 18 round 19 local training (epochs=4)
[2026-07-26 03:52:09] 2026-07-25 18:51:10 | INFO     | KDClient 18 round 19 completed (acc=0.8793, n=90)
[2026-07-26 03:52:09] 2026-07-25 18:51:10 | INFO     | KDClient 19 fit round 19 (tier=large)
[2026-07-26 03:52:09] 2026-07-25 18:51:10 | INFO     | KDClient 19 round 19 public KD (epochs=2)
[2026-07-26 03:52:09] 2026-07-25 18:52:19 | INFO     | KDClient 19 round 19 local training (epochs=4)
[2026-07-26 03:52:09] 2026-07-25 18:53:19 | INFO     | KDClient 19 round 19 completed (acc=0.7712, n=90)
[2026-07-26 03:52:09]   Round  19/50 | Avg: 0.8743 | Min: 0.7712 | Max: 0.9261
[2026-07-26 03:52:09] 2026-07-25 18:53:19 | INFO     | FEDAKD — IID: round 20/50 starting
[2026-07-26 03:52:09] 2026-07-25 18:53:19 | INFO     | KDClient 0 fit round 20 (tier=small)
[2026-07-26 03:52:09] 2026-07-25 18:53:19 | INFO     | KDClient 0 round 20 public KD (epochs=2)
[2026-07-26 03:52:09] 2026-07-25 18:53:34 | INFO     | KDClient 0 round 20 local training (epochs=4)
[2026-07-26 03:52:09] 2026-07-25 18:53:50 | INFO     | KDClient 0 round 20 completed (acc=0.8901, n=90)
[2026-07-26 03:52:09] 2026-07-25 18:53:50 | INFO     | KDClient 1 fit round 20 (tier=small)
[2026-07-26 03:52:09] 2026-07-25 18:53:50 | INFO     | KDClient 1 round 20 public KD (epochs=2)
[2026-07-26 03:52:09] 2026-07-25 18:54:04 | INFO     | KDClient 1 round 20 local training (epochs=4)
[2026-07-26 03:52:09] 2026-07-25 18:54:15 | INFO     | KDClient 1 round 20 completed (acc=0.9279, n=90)
[2026-07-26 03:52:09] 2026-07-25 18:54:15 | INFO     | KDClient 2 fit round 20 (tier=small)
[2026-07-26 03:52:09] 2026-07-25 18:54:15 | INFO     | KDClient 2 round 20 public KD (epochs=2)
[2026-07-26 03:52:09] 2026-07-25 18:54:29 | INFO     | KDClient 2 round 20 local training (epochs=4)
[2026-07-26 03:52:09] 2026-07-25 18:54:40 | INFO     | KDClient 2 round 20 completed (acc=0.9117, n=90)
[2026-07-26 03:52:09] 2026-07-25 18:54:40 | INFO     | KDClient 3 fit round 20 (tier=small)
[2026-07-26 03:52:09] 2026-07-25 18:54:40 | INFO     | KDClient 3 round 20 public KD (epochs=2)
[2026-07-26 03:52:09] 2026-07-25 18:54:54 | INFO     | KDClient 3 round 20 local training (epochs=4)
[2026-07-26 03:52:09] 2026-07-25 18:55:05 | INFO     | KDClient 3 round 20 completed (acc=0.8721, n=90)
[2026-07-26 03:52:09] 2026-07-25 18:55:05 | INFO     | KDClient 4 fit round 20 (tier=small)
[2026-07-26 03:52:09] 2026-07-25 18:55:05 | INFO     | KDClient 4 round 20 public KD (epochs=2)
[2026-07-26 03:52:09] 2026-07-25 18:55:18 | INFO     | KDClient 4 round 20 local training (epochs=4)
[2026-07-26 03:52:09] 2026-07-25 18:55:28 | INFO     | KDClient 4 round 20 completed (acc=0.9027, n=90)
[2026-07-26 03:52:09] 2026-07-25 18:55:28 | INFO     | KDClient 5 fit round 20 (tier=small)
[2026-07-26 03:52:09] 2026-07-25 18:55:28 | INFO     | KDClient 5 round 20 public KD (epochs=2)
[2026-07-26 03:52:09] 2026-07-25 18:55:42 | INFO     | KDClient 5 round 20 local training (epochs=4)
[2026-07-26 03:52:09] 2026-07-25 18:55:55 | INFO     | KDClient 5 round 20 completed (acc=0.9297, n=90)
[2026-07-26 03:52:09] 2026-07-25 18:55:55 | INFO     | KDClient 6 fit round 20 (tier=small)
[2026-07-26 03:52:09] 2026-07-25 18:55:55 | INFO     | KDClient 6 round 20 public KD (epochs=2)
[2026-07-26 03:52:09] 2026-07-25 18:56:09 | INFO     | KDClient 6 round 20 local training (epochs=4)
[2026-07-26 03:52:09] 2026-07-25 18:56:20 | INFO     | KDClient 6 round 20 completed (acc=0.9117, n=90)
[2026-07-26 03:52:09] 2026-07-25 18:56:20 | INFO     | KDClient 7 fit round 20 (tier=medium)
[2026-07-26 03:52:09] 2026-07-25 18:56:20 | INFO     | KDClient 7 round 20 public KD (epochs=2)
[2026-07-26 03:52:09] 2026-07-25 18:56:59 | INFO     | KDClient 7 round 20 local training (epochs=4)
[2026-07-26 03:52:09] 2026-07-25 18:57:34 | INFO     | KDClient 7 round 20 completed (acc=0.8577, n=90)
[2026-07-26 03:52:09] 2026-07-25 18:57:34 | INFO     | KDClient 8 fit round 20 (tier=medium)
[2026-07-26 03:52:09] 2026-07-25 18:57:34 | INFO     | KDClient 8 round 20 public KD (epochs=2)
[2026-07-26 03:52:09] 2026-07-25 18:58:16 | INFO     | KDClient 8 round 20 local training (epochs=4)
[2026-07-26 03:52:09] 2026-07-25 18:58:47 | INFO     | KDClient 8 round 20 completed (acc=0.7802, n=90)
[2026-07-26 03:52:09] 2026-07-25 18:58:47 | INFO     | KDClient 9 fit round 20 (tier=medium)
[2026-07-26 03:52:09] 2026-07-25 18:58:47 | INFO     | KDClient 9 round 20 public KD (epochs=2)
[2026-07-26 03:52:09] 2026-07-25 18:59:50 | INFO     | KDClient 9 round 20 local training (epochs=4)
[2026-07-26 03:52:09] 2026-07-25 19:00:24 | INFO     | KDClient 9 round 20 completed (acc=0.7784, n=90)
[2026-07-26 03:52:09] 2026-07-25 19:00:24 | INFO     | KDClient 10 fit round 20 (tier=medium)
[2026-07-26 03:52:09] 2026-07-25 19:00:24 | INFO     | KDClient 10 round 20 public KD (epochs=2)
[2026-07-26 03:52:09] 2026-07-25 19:01:06 | INFO     | KDClient 10 round 20 local training (epochs=4)
[2026-07-26 03:52:09] 2026-07-25 19:01:40 | INFO     | KDClient 10 round 20 completed (acc=0.8108, n=90)
[2026-07-26 03:52:09] 2026-07-25 19:01:40 | INFO     | KDClient 11 fit round 20 (tier=medium)
[2026-07-26 03:52:09] 2026-07-25 19:01:40 | INFO     | KDClient 11 round 20 public KD (epochs=2)
[2026-07-26 03:52:09] 2026-07-25 19:02:18 | INFO     | KDClient 11 round 20 local training (epochs=4)
[2026-07-26 03:52:09] 2026-07-25 19:02:47 | INFO     | KDClient 11 round 20 completed (acc=0.8649, n=90)
[2026-07-26 03:52:09] 2026-07-25 19:02:47 | INFO     | KDClient 12 fit round 20 (tier=medium)
[2026-07-26 03:52:09] 2026-07-25 19:02:47 | INFO     | KDClient 12 round 20 public KD (epochs=2)
[2026-07-26 03:52:09] 2026-07-25 19:03:28 | INFO     | KDClient 12 round 20 local training (epochs=4)
[2026-07-26 03:52:09] 2026-07-25 19:04:01 | INFO     | KDClient 12 round 20 completed (acc=0.8288, n=90)
[2026-07-26 03:52:09] 2026-07-25 19:04:01 | INFO     | KDClient 13 fit round 20 (tier=medium)
[2026-07-26 03:52:09] 2026-07-25 19:04:01 | INFO     | KDClient 13 round 20 public KD (epochs=2)
[2026-07-26 03:52:09] 2026-07-25 19:04:43 | INFO     | KDClient 13 round 20 local training (epochs=4)
[2026-07-26 03:52:09] 2026-07-25 19:05:14 | INFO     | KDClient 13 round 20 completed (acc=0.8991, n=90)
[2026-07-26 03:52:09] 2026-07-25 19:05:14 | INFO     | KDClient 14 fit round 20 (tier=large)
[2026-07-26 03:52:09] 2026-07-25 19:05:14 | INFO     | KDClient 14 round 20 public KD (epochs=2)
[2026-07-26 03:52:09] 2026-07-25 19:06:16 | INFO     | KDClient 14 round 20 local training (epochs=4)
[2026-07-26 03:52:09] 2026-07-25 19:07:10 | INFO     | KDClient 14 round 20 completed (acc=0.8973, n=90)
[2026-07-26 03:52:09] 2026-07-25 19:07:10 | INFO     | KDClient 15 fit round 20 (tier=large)
[2026-07-26 03:52:09] 2026-07-25 19:07:10 | INFO     | KDClient 15 round 20 public KD (epochs=2)
[2026-07-26 03:52:09] 2026-07-25 19:08:22 | INFO     | KDClient 15 round 20 local training (epochs=4)
[2026-07-26 03:52:09] 2026-07-25 19:09:16 | INFO     | KDClient 15 round 20 completed (acc=0.8757, n=90)
[2026-07-26 03:52:09] 2026-07-25 19:09:16 | INFO     | KDClient 16 fit round 20 (tier=large)
[2026-07-26 03:52:09] 2026-07-25 19:09:16 | INFO     | KDClient 16 round 20 public KD (epochs=2)
[2026-07-26 03:52:09] 2026-07-25 19:10:19 | INFO     | KDClient 16 round 20 local training (epochs=4)
[2026-07-26 03:52:09] 2026-07-25 19:11:19 | INFO     | KDClient 16 round 20 completed (acc=0.9081, n=90)
[2026-07-26 03:52:09] 2026-07-25 19:11:19 | INFO     | KDClient 17 fit round 20 (tier=large)
[2026-07-26 03:52:09] 2026-07-25 19:11:19 | INFO     | KDClient 17 round 20 public KD (epochs=2)
[2026-07-26 03:52:09] 2026-07-25 19:12:25 | INFO     | KDClient 17 round 20 local training (epochs=4)
[2026-07-26 03:52:09] 2026-07-25 19:13:20 | INFO     | KDClient 17 round 20 completed (acc=0.9063, n=90)
[2026-07-26 03:52:09] 2026-07-25 19:13:20 | INFO     | KDClient 18 fit round 20 (tier=large)
[2026-07-26 03:52:09] 2026-07-25 19:13:20 | INFO     | KDClient 18 round 20 public KD (epochs=2)
[2026-07-26 03:52:09] 2026-07-25 19:14:28 | INFO     | KDClient 18 round 20 local training (epochs=4)
[2026-07-26 03:52:09] 2026-07-25 19:15:24 | INFO     | KDClient 18 round 20 completed (acc=0.8216, n=90)
[2026-07-26 03:52:09] 2026-07-25 19:15:24 | INFO     | KDClient 19 fit round 20 (tier=large)
[2026-07-26 03:52:09] 2026-07-25 19:15:24 | INFO     | KDClient 19 round 20 public KD (epochs=2)
[2026-07-26 03:52:09] 2026-07-25 19:16:34 | INFO     | KDClient 19 round 20 local training (epochs=4)
[2026-07-26 03:52:09] 2026-07-25 19:17:36 | INFO     | KDClient 19 round 20 completed (acc=0.8973, n=90)
[2026-07-26 03:52:09]   Round  20/50 | Avg: 0.8736 | Min: 0.7784 | Max: 0.9297
[2026-07-26 03:52:09] 2026-07-25 19:17:36 | INFO     | FEDAKD — IID: round 21/50 starting
[2026-07-26 03:52:09] 2026-07-25 19:17:36 | INFO     | KDClient 0 fit round 21 (tier=small)
[2026-07-26 03:52:09] 2026-07-25 19:17:36 | INFO     | KDClient 0 round 21 public KD (epochs=2)
[2026-07-26 03:52:09] 2026-07-25 19:17:54 | INFO     | KDClient 0 round 21 local training (epochs=4)
[2026-07-26 03:52:09] 2026-07-25 19:18:10 | INFO     | KDClient 0 round 21 completed (acc=0.9045, n=90)
[2026-07-26 03:52:09] 2026-07-25 19:18:10 | INFO     | KDClient 1 fit round 21 (tier=small)
[2026-07-26 03:52:09] 2026-07-25 19:18:10 | INFO     | KDClient 1 round 21 public KD (epochs=2)
[2026-07-26 03:52:09] 2026-07-25 19:18:23 | INFO     | KDClient 1 round 21 local training (epochs=4)
[2026-07-26 03:52:09] 2026-07-25 19:18:35 | INFO     | KDClient 1 round 21 completed (acc=0.8991, n=90)
[2026-07-26 03:52:09] 2026-07-25 19:18:35 | INFO     | KDClient 2 fit round 21 (tier=small)
[2026-07-26 03:52:09] 2026-07-25 19:18:35 | INFO     | KDClient 2 round 21 public KD (epochs=2)
[2026-07-26 03:52:09] 2026-07-25 19:18:49 | INFO     | KDClient 2 round 21 local training (epochs=4)
[2026-07-26 03:52:09] 2026-07-25 19:19:01 | INFO     | KDClient 2 round 21 completed (acc=0.9171, n=90)
[2026-07-26 03:52:09] 2026-07-25 19:19:01 | INFO     | KDClient 3 fit round 21 (tier=small)
[2026-07-26 03:52:09] 2026-07-25 19:19:01 | INFO     | KDClient 3 round 21 public KD (epochs=2)
[2026-07-26 03:52:09] 2026-07-25 19:19:13 | INFO     | KDClient 3 round 21 local training (epochs=4)
[2026-07-26 03:52:09] 2026-07-25 19:19:25 | INFO     | KDClient 3 round 21 completed (acc=0.8883, n=90)
[2026-07-26 03:52:09] 2026-07-25 19:19:25 | INFO     | KDClient 4 fit round 21 (tier=small)
[2026-07-26 03:52:09] 2026-07-25 19:19:25 | INFO     | KDClient 4 round 21 public KD (epochs=2)
[2026-07-26 03:52:09] 2026-07-25 19:19:40 | INFO     | KDClient 4 round 21 local training (epochs=4)
[2026-07-26 03:52:09] 2026-07-25 19:19:51 | INFO     | KDClient 4 round 21 completed (acc=0.9081, n=90)
[2026-07-26 03:52:09] 2026-07-25 19:19:51 | INFO     | KDClient 5 fit round 21 (tier=small)
[2026-07-26 03:52:09] 2026-07-25 19:19:51 | INFO     | KDClient 5 round 21 public KD (epochs=2)
[2026-07-26 03:52:09] 2026-07-25 19:20:07 | INFO     | KDClient 5 round 21 local training (epochs=4)
[2026-07-26 03:52:09] 2026-07-25 19:20:20 | INFO     | KDClient 5 round 21 completed (acc=0.9135, n=90)
[2026-07-26 03:52:09] 2026-07-25 19:20:20 | INFO     | KDClient 6 fit round 21 (tier=small)
[2026-07-26 03:52:09] 2026-07-25 19:20:20 | INFO     | KDClient 6 round 21 public KD (epochs=2)
[2026-07-26 03:52:09] 2026-07-25 19:20:32 | INFO     | KDClient 6 round 21 local training (epochs=4)
[2026-07-26 03:52:09] 2026-07-25 19:20:42 | INFO     | KDClient 6 round 21 completed (acc=0.9225, n=90)
[2026-07-26 03:52:09] 2026-07-25 19:20:42 | INFO     | KDClient 7 fit round 21 (tier=medium)
[2026-07-26 03:52:09] 2026-07-25 19:20:42 | INFO     | KDClient 7 round 21 public KD (epochs=2)
[2026-07-26 03:52:09] 2026-07-25 19:21:21 | INFO     | KDClient 7 round 21 local training (epochs=4)
[2026-07-26 03:52:09] 2026-07-25 19:21:53 | INFO     | KDClient 7 round 21 completed (acc=0.7874, n=90)
[2026-07-26 03:52:09] 2026-07-25 19:21:53 | INFO     | KDClient 8 fit round 21 (tier=medium)
[2026-07-26 03:52:09] 2026-07-25 19:21:53 | INFO     | KDClient 8 round 21 public KD (epochs=2)
[2026-07-26 03:52:09] 2026-07-25 19:22:32 | INFO     | KDClient 8 round 21 local training (epochs=4)
[2026-07-26 03:52:09] 2026-07-25 19:23:02 | INFO     | KDClient 8 round 21 completed (acc=0.7838, n=90)
[2026-07-26 03:52:09] 2026-07-25 19:23:02 | INFO     | KDClient 9 fit round 21 (tier=medium)
[2026-07-26 03:52:09] 2026-07-25 19:23:02 | INFO     | KDClient 9 round 21 public KD (epochs=2)
[2026-07-26 03:52:09] 2026-07-25 19:23:45 | INFO     | KDClient 9 round 21 local training (epochs=4)
[2026-07-26 03:52:09] 2026-07-25 19:24:27 | INFO     | KDClient 9 round 21 completed (acc=0.7802, n=90)
[2026-07-26 03:52:09] 2026-07-25 19:24:27 | INFO     | KDClient 10 fit round 21 (tier=medium)
[2026-07-26 03:52:09] 2026-07-25 19:24:27 | INFO     | KDClient 10 round 21 public KD (epochs=2)
[2026-07-26 03:52:09] 2026-07-25 19:25:12 | INFO     | KDClient 10 round 21 local training (epochs=4)
[2026-07-26 03:52:09] 2026-07-25 19:25:45 | INFO     | KDClient 10 round 21 completed (acc=0.8162, n=90)
[2026-07-26 03:52:09] 2026-07-25 19:25:45 | INFO     | KDClient 11 fit round 21 (tier=medium)
[2026-07-26 03:52:09] 2026-07-25 19:25:45 | INFO     | KDClient 11 round 21 public KD (epochs=2)
[2026-07-26 03:52:09] 2026-07-25 19:26:26 | INFO     | KDClient 11 round 21 local training (epochs=4)
[2026-07-26 03:52:09] 2026-07-25 19:26:54 | INFO     | KDClient 11 round 21 completed (acc=0.9045, n=90)
[2026-07-26 03:52:09] 2026-07-25 19:26:54 | INFO     | KDClient 12 fit round 21 (tier=medium)
[2026-07-26 03:52:09] 2026-07-25 19:26:54 | INFO     | KDClient 12 round 21 public KD (epochs=2)
[2026-07-26 03:52:09] 2026-07-25 19:27:33 | INFO     | KDClient 12 round 21 local training (epochs=4)
[2026-07-26 03:52:09] 2026-07-25 19:27:59 | INFO     | KDClient 12 round 21 completed (acc=0.8721, n=90)
[2026-07-26 03:52:09] 2026-07-25 19:27:59 | INFO     | KDClient 13 fit round 21 (tier=medium)
[2026-07-26 03:52:09] 2026-07-25 19:27:59 | INFO     | KDClient 13 round 21 public KD (epochs=2)
[2026-07-26 03:52:09] 2026-07-25 19:28:41 | INFO     | KDClient 13 round 21 local training (epochs=4)
[2026-07-26 03:52:09] 2026-07-25 19:29:12 | INFO     | KDClient 13 round 21 completed (acc=0.8847, n=90)
[2026-07-26 03:52:09] 2026-07-25 19:29:12 | INFO     | KDClient 14 fit round 21 (tier=large)
[2026-07-26 03:52:09] 2026-07-25 19:29:12 | INFO     | KDClient 14 round 21 public KD (epochs=2)
[2026-07-26 03:52:09] 2026-07-25 19:30:12 | INFO     | KDClient 14 round 21 local training (epochs=4)
[2026-07-26 03:52:09] 2026-07-25 19:31:02 | INFO     | KDClient 14 round 21 completed (acc=0.9063, n=90)
[2026-07-26 03:52:09] 2026-07-25 19:31:02 | INFO     | KDClient 15 fit round 21 (tier=large)
[2026-07-26 03:52:09] 2026-07-25 19:31:02 | INFO     | KDClient 15 round 21 public KD (epochs=2)
[2026-07-26 03:52:09] 2026-07-25 19:32:06 | INFO     | KDClient 15 round 21 local training (epochs=4)
[2026-07-26 03:52:09] 2026-07-25 19:32:58 | INFO     | KDClient 15 round 21 completed (acc=0.8703, n=90)
[2026-07-26 03:52:09] 2026-07-25 19:32:58 | INFO     | KDClient 16 fit round 21 (tier=large)
[2026-07-26 03:52:09] 2026-07-25 19:32:58 | INFO     | KDClient 16 round 21 public KD (epochs=2)
[2026-07-26 03:52:09] 2026-07-25 19:34:03 | INFO     | KDClient 16 round 21 local training (epochs=4)
[2026-07-26 03:52:09] 2026-07-25 19:35:01 | INFO     | KDClient 16 round 21 completed (acc=0.9009, n=90)
[2026-07-26 03:52:09] 2026-07-25 19:35:01 | INFO     | KDClient 17 fit round 21 (tier=large)
[2026-07-26 03:52:09] 2026-07-25 19:35:01 | INFO     | KDClient 17 round 21 public KD (epochs=2)
[2026-07-26 03:52:09] 2026-07-25 19:36:09 | INFO     | KDClient 17 round 21 local training (epochs=4)
[2026-07-26 03:52:09] 2026-07-25 19:37:05 | INFO     | KDClient 17 round 21 completed (acc=0.8631, n=90)
[2026-07-26 03:52:09] 2026-07-25 19:37:05 | INFO     | KDClient 18 fit round 21 (tier=large)
[2026-07-26 03:52:09] 2026-07-25 19:37:05 | INFO     | KDClient 18 round 21 public KD (epochs=2)
[2026-07-26 03:52:09] 2026-07-25 19:38:15 | INFO     | KDClient 18 round 21 local training (epochs=4)
[2026-07-26 03:52:09] 2026-07-25 19:39:09 | INFO     | KDClient 18 round 21 completed (acc=0.8811, n=90)
[2026-07-26 03:52:09] 2026-07-25 19:39:09 | INFO     | KDClient 19 fit round 21 (tier=large)
[2026-07-26 03:52:09] 2026-07-25 19:39:09 | INFO     | KDClient 19 round 21 public KD (epochs=2)
[2026-07-26 03:52:09] 2026-07-25 19:40:21 | INFO     | KDClient 19 round 21 local training (epochs=4)
[2026-07-26 03:52:09] 2026-07-25 19:41:24 | INFO     | KDClient 19 round 21 completed (acc=0.8270, n=90)
[2026-07-26 03:52:09]   Round  21/50 | Avg: 0.8715 | Min: 0.7802 | Max: 0.9225
[2026-07-26 03:52:09] 2026-07-25 19:41:24 | INFO     | FEDAKD — IID: round 22/50 starting
[2026-07-26 03:52:09] 2026-07-25 19:41:24 | INFO     | KDClient 0 fit round 22 (tier=small)
[2026-07-26 03:52:09] 2026-07-25 19:41:24 | INFO     | KDClient 0 round 22 public KD (epochs=2)
[2026-07-26 03:52:09] 2026-07-25 19:41:39 | INFO     | KDClient 0 round 22 local training (epochs=4)
[2026-07-26 03:52:09] 2026-07-25 19:41:52 | INFO     | KDClient 0 round 22 completed (acc=0.9117, n=90)
[2026-07-26 03:52:09] 2026-07-25 19:41:52 | INFO     | KDClient 1 fit round 22 (tier=small)
[2026-07-26 03:52:09] 2026-07-25 19:41:52 | INFO     | KDClient 1 round 22 public KD (epochs=2)
[2026-07-26 03:52:09] 2026-07-25 19:42:09 | INFO     | KDClient 1 round 22 local training (epochs=4)
[2026-07-26 03:52:09] 2026-07-25 19:42:25 | INFO     | KDClient 1 round 22 completed (acc=0.9333, n=90)
[2026-07-26 03:52:09] 2026-07-25 19:42:25 | INFO     | KDClient 2 fit round 22 (tier=small)
[2026-07-26 03:52:09] 2026-07-25 19:42:25 | INFO     | KDClient 2 round 22 public KD (epochs=2)
[2026-07-26 03:52:09] 2026-07-25 19:42:41 | INFO     | KDClient 2 round 22 local training (epochs=4)
[2026-07-26 03:52:09] 2026-07-25 19:42:56 | INFO     | KDClient 2 round 22 completed (acc=0.8775, n=90)
[2026-07-26 03:52:09] 2026-07-25 19:42:56 | INFO     | KDClient 3 fit round 22 (tier=small)
[2026-07-26 03:52:09] 2026-07-25 19:42:56 | INFO     | KDClient 3 round 22 public KD (epochs=2)
[2026-07-26 03:52:09] 2026-07-25 19:43:10 | INFO     | KDClient 3 round 22 local training (epochs=4)
[2026-07-26 03:52:09] 2026-07-25 19:43:23 | INFO     | KDClient 3 round 22 completed (acc=0.8757, n=90)
[2026-07-26 03:52:09] 2026-07-25 19:43:23 | INFO     | KDClient 4 fit round 22 (tier=small)
[2026-07-26 03:52:09] 2026-07-25 19:43:23 | INFO     | KDClient 4 round 22 public KD (epochs=2)
[2026-07-26 03:52:09] 2026-07-25 19:43:36 | INFO     | KDClient 4 round 22 local training (epochs=4)
[2026-07-26 03:52:09] 2026-07-25 19:43:49 | INFO     | KDClient 4 round 22 completed (acc=0.9333, n=90)
[2026-07-26 03:52:09] 2026-07-25 19:43:49 | INFO     | KDClient 5 fit round 22 (tier=small)
[2026-07-26 03:52:09] 2026-07-25 19:43:49 | INFO     | KDClient 5 round 22 public KD (epochs=2)
[2026-07-26 03:52:09] 2026-07-25 19:44:03 | INFO     | KDClient 5 round 22 local training (epochs=4)
[2026-07-26 03:52:09] 2026-07-25 19:44:14 | INFO     | KDClient 5 round 22 completed (acc=0.9009, n=90)
[2026-07-26 03:52:09] 2026-07-25 19:44:14 | INFO     | KDClient 6 fit round 22 (tier=small)
[2026-07-26 03:52:09] 2026-07-25 19:44:14 | INFO     | KDClient 6 round 22 public KD (epochs=2)
[2026-07-26 03:52:09] 2026-07-25 19:44:32 | INFO     | KDClient 6 round 22 local training (epochs=4)
[2026-07-26 03:52:09] 2026-07-25 19:44:44 | INFO     | KDClient 6 round 22 completed (acc=0.9063, n=90)
[2026-07-26 03:52:09] 2026-07-25 19:44:44 | INFO     | KDClient 7 fit round 22 (tier=medium)
[2026-07-26 03:52:09] 2026-07-25 19:44:44 | INFO     | KDClient 7 round 22 public KD (epochs=2)
[2026-07-26 03:52:09] 2026-07-25 19:45:22 | INFO     | KDClient 7 round 22 local training (epochs=4)
[2026-07-26 03:52:09] 2026-07-25 19:45:52 | INFO     | KDClient 7 round 22 completed (acc=0.8432, n=90)
[2026-07-26 03:52:09] 2026-07-25 19:45:52 | INFO     | KDClient 8 fit round 22 (tier=medium)
[2026-07-26 03:52:09] 2026-07-25 19:45:52 | INFO     | KDClient 8 round 22 public KD (epochs=2)
[2026-07-26 03:52:09] 2026-07-25 19:46:35 | INFO     | KDClient 8 round 22 local training (epochs=4)
[2026-07-26 03:52:09] 2026-07-25 19:47:06 | INFO     | KDClient 8 round 22 completed (acc=0.8126, n=90)
[2026-07-26 03:52:09] 2026-07-25 19:47:06 | INFO     | KDClient 9 fit round 22 (tier=medium)
[2026-07-26 03:52:09] 2026-07-25 19:47:06 | INFO     | KDClient 9 round 22 public KD (epochs=2)
[2026-07-26 03:52:09] 2026-07-25 19:47:50 | INFO     | KDClient 9 round 22 local training (epochs=4)
[2026-07-26 03:52:09] 2026-07-25 19:48:26 | INFO     | KDClient 9 round 22 completed (acc=0.7622, n=90)
[2026-07-26 03:52:09] 2026-07-25 19:48:26 | INFO     | KDClient 10 fit round 22 (tier=medium)
[2026-07-26 03:52:09] 2026-07-25 19:48:26 | INFO     | KDClient 10 round 22 public KD (epochs=2)
[2026-07-26 03:52:09] 2026-07-25 19:49:29 | INFO     | KDClient 10 round 22 local training (epochs=4)
[2026-07-26 03:52:09] 2026-07-25 19:50:02 | INFO     | KDClient 10 round 22 completed (acc=0.8342, n=90)
[2026-07-26 03:52:09] 2026-07-25 19:50:02 | INFO     | KDClient 11 fit round 22 (tier=medium)
[2026-07-26 03:52:09] 2026-07-25 19:50:02 | INFO     | KDClient 11 round 22 public KD (epochs=2)
[2026-07-26 03:52:09] 2026-07-25 19:50:40 | INFO     | KDClient 11 round 22 local training (epochs=4)
[2026-07-26 03:52:09] 2026-07-25 19:51:09 | INFO     | KDClient 11 round 22 completed (acc=0.7622, n=90)
[2026-07-26 03:52:09] 2026-07-25 19:51:09 | INFO     | KDClient 12 fit round 22 (tier=medium)
[2026-07-26 03:52:09] 2026-07-25 19:51:09 | INFO     | KDClient 12 round 22 public KD (epochs=2)
[2026-07-26 03:52:09] 2026-07-25 19:51:46 | INFO     | KDClient 12 round 22 local training (epochs=4)
[2026-07-26 03:52:09] 2026-07-25 19:52:13 | INFO     | KDClient 12 round 22 completed (acc=0.7586, n=90)
[2026-07-26 03:52:09] 2026-07-25 19:52:13 | INFO     | KDClient 13 fit round 22 (tier=medium)
[2026-07-26 03:52:09] 2026-07-25 19:52:13 | INFO     | KDClient 13 round 22 public KD (epochs=2)
[2026-07-26 03:52:09] 2026-07-25 19:53:11 | INFO     | KDClient 13 round 22 local training (epochs=4)
[2026-07-26 03:52:09] 2026-07-25 19:53:44 | INFO     | KDClient 13 round 22 completed (acc=0.8649, n=90)
[2026-07-26 03:52:09] 2026-07-25 19:53:44 | INFO     | KDClient 14 fit round 22 (tier=large)
[2026-07-26 03:52:09] 2026-07-25 19:53:44 | INFO     | KDClient 14 round 22 public KD (epochs=2)
[2026-07-26 03:52:09] 2026-07-25 19:54:49 | INFO     | KDClient 14 round 22 local training (epochs=4)
[2026-07-26 03:52:09] 2026-07-25 19:55:47 | INFO     | KDClient 14 round 22 completed (acc=0.8829, n=90)
[2026-07-26 03:52:09] 2026-07-25 19:55:47 | INFO     | KDClient 15 fit round 22 (tier=large)
[2026-07-26 03:52:09] 2026-07-25 19:55:47 | INFO     | KDClient 15 round 22 public KD (epochs=2)
[2026-07-26 03:52:09] 2026-07-25 19:56:55 | INFO     | KDClient 15 round 22 local training (epochs=4)
[2026-07-26 03:52:09] 2026-07-25 19:57:42 | INFO     | KDClient 15 round 22 completed (acc=0.8523, n=90)
[2026-07-26 03:52:09] 2026-07-25 19:57:42 | INFO     | KDClient 16 fit round 22 (tier=large)
[2026-07-26 03:52:09] 2026-07-25 19:57:42 | INFO     | KDClient 16 round 22 public KD (epochs=2)
[2026-07-26 03:52:09] 2026-07-25 19:58:55 | INFO     | KDClient 16 round 22 local training (epochs=4)
[2026-07-26 03:52:09] 2026-07-25 19:59:55 | INFO     | KDClient 16 round 22 completed (acc=0.9045, n=90)
[2026-07-26 03:52:09] 2026-07-25 19:59:55 | INFO     | KDClient 17 fit round 22 (tier=large)
[2026-07-26 03:52:09] 2026-07-25 19:59:55 | INFO     | KDClient 17 round 22 public KD (epochs=2)
[2026-07-26 03:52:09] 2026-07-25 20:01:01 | INFO     | KDClient 17 round 22 local training (epochs=4)
[2026-07-26 03:52:09] 2026-07-25 20:02:08 | INFO     | KDClient 17 round 22 completed (acc=0.8414, n=90)
[2026-07-26 03:52:09] 2026-07-25 20:02:08 | INFO     | KDClient 18 fit round 22 (tier=large)
[2026-07-26 03:52:09] 2026-07-25 20:02:08 | INFO     | KDClient 18 round 22 public KD (epochs=2)
[2026-07-26 03:52:09] 2026-07-25 20:03:16 | INFO     | KDClient 18 round 22 local training (epochs=4)
[2026-07-26 03:52:09] 2026-07-25 20:04:15 | INFO     | KDClient 18 round 22 completed (acc=0.8486, n=90)
[2026-07-26 03:52:09] 2026-07-25 20:04:15 | INFO     | KDClient 19 fit round 22 (tier=large)
[2026-07-26 03:52:09] 2026-07-25 20:04:15 | INFO     | KDClient 19 round 22 public KD (epochs=2)
[2026-07-26 03:52:09] 2026-07-25 20:05:29 | INFO     | KDClient 19 round 22 local training (epochs=4)
[2026-07-26 03:52:09] 2026-07-25 20:06:28 | INFO     | KDClient 19 round 22 completed (acc=0.8775, n=90)
[2026-07-26 03:52:09]   Round  22/50 | Avg: 0.8592 | Min: 0.7586 | Max: 0.9333
[2026-07-26 03:52:09] 2026-07-25 20:06:28 | INFO     | FEDAKD — IID: round 23/50 starting
[2026-07-26 03:52:09] 2026-07-25 20:06:28 | INFO     | KDClient 0 fit round 23 (tier=small)
[2026-07-26 03:52:09] 2026-07-25 20:06:28 | INFO     | KDClient 0 round 23 public KD (epochs=2)
[2026-07-26 03:52:09] 2026-07-25 20:06:43 | INFO     | KDClient 0 round 23 local training (epochs=4)
[2026-07-26 03:52:09] 2026-07-25 20:06:56 | INFO     | KDClient 0 round 23 completed (acc=0.8613, n=90)
[2026-07-26 03:52:09] 2026-07-25 20:06:56 | INFO     | KDClient 1 fit round 23 (tier=small)
[2026-07-26 03:52:09] 2026-07-25 20:06:56 | INFO     | KDClient 1 round 23 public KD (epochs=2)
[2026-07-26 03:52:09] 2026-07-25 20:07:13 | INFO     | KDClient 1 round 23 local training (epochs=4)
[2026-07-26 03:52:09] 2026-07-25 20:07:24 | INFO     | KDClient 1 round 23 completed (acc=0.9225, n=90)
[2026-07-26 03:52:09] 2026-07-25 20:07:24 | INFO     | KDClient 2 fit round 23 (tier=small)
[2026-07-26 03:52:09] 2026-07-25 20:07:24 | INFO     | KDClient 2 round 23 public KD (epochs=2)
[2026-07-26 03:52:09] 2026-07-25 20:07:36 | INFO     | KDClient 2 round 23 local training (epochs=4)
[2026-07-26 03:52:09] 2026-07-25 20:07:47 | INFO     | KDClient 2 round 23 completed (acc=0.8685, n=90)
[2026-07-26 03:52:09] 2026-07-25 20:07:47 | INFO     | KDClient 3 fit round 23 (tier=small)
[2026-07-26 03:52:09] 2026-07-25 20:07:47 | INFO     | KDClient 3 round 23 public KD (epochs=2)
[2026-07-26 03:52:09] 2026-07-25 20:08:00 | INFO     | KDClient 3 round 23 local training (epochs=4)
[2026-07-26 03:52:09] 2026-07-25 20:08:11 | INFO     | KDClient 3 round 23 completed (acc=0.8757, n=90)
[2026-07-26 03:52:09] 2026-07-25 20:08:11 | INFO     | KDClient 4 fit round 23 (tier=small)
[2026-07-26 03:52:09] 2026-07-25 20:08:11 | INFO     | KDClient 4 round 23 public KD (epochs=2)
[2026-07-26 03:52:09] 2026-07-25 20:08:23 | INFO     | KDClient 4 round 23 local training (epochs=4)
[2026-07-26 03:52:09] 2026-07-25 20:08:34 | INFO     | KDClient 4 round 23 completed (acc=0.9297, n=90)
[2026-07-26 03:52:09] 2026-07-25 20:08:34 | INFO     | KDClient 5 fit round 23 (tier=small)
[2026-07-26 03:52:09] 2026-07-25 20:08:34 | INFO     | KDClient 5 round 23 public KD (epochs=2)
[2026-07-26 03:52:09] 2026-07-25 20:08:49 | INFO     | KDClient 5 round 23 local training (epochs=4)
[2026-07-26 03:52:09] 2026-07-25 20:09:01 | INFO     | KDClient 5 round 23 completed (acc=0.9027, n=90)
[2026-07-26 03:52:09] 2026-07-25 20:09:01 | INFO     | KDClient 6 fit round 23 (tier=small)
[2026-07-26 03:52:09] 2026-07-25 20:09:01 | INFO     | KDClient 6 round 23 public KD (epochs=2)
[2026-07-26 03:52:09] 2026-07-25 20:09:14 | INFO     | KDClient 6 round 23 local training (epochs=4)
[2026-07-26 03:52:09] 2026-07-25 20:09:24 | INFO     | KDClient 6 round 23 completed (acc=0.9009, n=90)
[2026-07-26 03:52:09] 2026-07-25 20:09:24 | INFO     | KDClient 7 fit round 23 (tier=medium)
[2026-07-26 03:52:09] 2026-07-25 20:09:24 | INFO     | KDClient 7 round 23 public KD (epochs=2)
[2026-07-26 03:52:09] 2026-07-25 20:10:06 | INFO     | KDClient 7 round 23 local training (epochs=4)
[2026-07-26 03:52:09] 2026-07-25 20:10:37 | INFO     | KDClient 7 round 23 completed (acc=0.8559, n=90)
[2026-07-26 03:52:09] 2026-07-25 20:10:37 | INFO     | KDClient 8 fit round 23 (tier=medium)
[2026-07-26 03:52:09] 2026-07-25 20:10:37 | INFO     | KDClient 8 round 23 public KD (epochs=2)
[2026-07-26 03:52:09] 2026-07-25 20:11:15 | INFO     | KDClient 8 round 23 local training (epochs=4)
[2026-07-26 03:52:09] 2026-07-25 20:11:45 | INFO     | KDClient 8 round 23 completed (acc=0.8378, n=90)
[2026-07-26 03:52:09] 2026-07-25 20:11:45 | INFO     | KDClient 9 fit round 23 (tier=medium)
[2026-07-26 03:52:09] 2026-07-25 20:11:45 | INFO     | KDClient 9 round 23 public KD (epochs=2)
[2026-07-26 03:52:09] 2026-07-25 20:12:47 | INFO     | KDClient 9 round 23 local training (epochs=4)
[2026-07-26 03:52:09] 2026-07-25 20:13:23 | INFO     | KDClient 9 round 23 completed (acc=0.7784, n=90)
[2026-07-26 03:52:09] 2026-07-25 20:13:23 | INFO     | KDClient 10 fit round 23 (tier=medium)
[2026-07-26 03:52:09] 2026-07-25 20:13:23 | INFO     | KDClient 10 round 23 public KD (epochs=2)
[2026-07-26 03:52:09] 2026-07-25 20:14:05 | INFO     | KDClient 10 round 23 local training (epochs=4)
[2026-07-26 03:52:09] 2026-07-25 20:14:34 | INFO     | KDClient 10 round 23 completed (acc=0.8198, n=90)
[2026-07-26 03:52:09] 2026-07-25 20:14:34 | INFO     | KDClient 11 fit round 23 (tier=medium)
[2026-07-26 03:52:09] 2026-07-25 20:14:34 | INFO     | KDClient 11 round 23 public KD (epochs=2)
[2026-07-26 03:52:09] 2026-07-25 20:15:13 | INFO     | KDClient 11 round 23 local training (epochs=4)
[2026-07-26 03:52:09] 2026-07-25 20:15:39 | INFO     | KDClient 11 round 23 completed (acc=0.8468, n=90)
[2026-07-26 03:52:09] 2026-07-25 20:15:39 | INFO     | KDClient 12 fit round 23 (tier=medium)
[2026-07-26 03:52:09] 2026-07-25 20:15:39 | INFO     | KDClient 12 round 23 public KD (epochs=2)
[2026-07-26 03:52:09] 2026-07-25 20:16:19 | INFO     | KDClient 12 round 23 local training (epochs=4)
[2026-07-26 03:52:09] 2026-07-25 20:16:49 | INFO     | KDClient 12 round 23 completed (acc=0.8793, n=90)
[2026-07-26 03:52:09] 2026-07-25 20:16:49 | INFO     | KDClient 13 fit round 23 (tier=medium)
[2026-07-26 03:52:09] 2026-07-25 20:16:49 | INFO     | KDClient 13 round 23 public KD (epochs=2)
[2026-07-26 03:52:09] 2026-07-25 20:17:30 | INFO     | KDClient 13 round 23 local training (epochs=4)
[2026-07-26 03:52:09] 2026-07-25 20:18:03 | INFO     | KDClient 13 round 23 completed (acc=0.8739, n=90)
[2026-07-26 03:52:09] 2026-07-25 20:18:03 | INFO     | KDClient 14 fit round 23 (tier=large)
[2026-07-26 03:52:09] 2026-07-25 20:18:03 | INFO     | KDClient 14 round 23 public KD (epochs=2)
[2026-07-26 03:52:09] 2026-07-25 20:19:05 | INFO     | KDClient 14 round 23 local training (epochs=4)
[2026-07-26 03:52:09] 2026-07-25 20:20:04 | INFO     | KDClient 14 round 23 completed (acc=0.8450, n=90)
[2026-07-26 03:52:09] 2026-07-25 20:20:04 | INFO     | KDClient 15 fit round 23 (tier=large)
[2026-07-26 03:52:09] 2026-07-25 20:20:04 | INFO     | KDClient 15 round 23 public KD (epochs=2)
[2026-07-26 03:52:09] 2026-07-25 20:21:07 | INFO     | KDClient 15 round 23 local training (epochs=4)
[2026-07-26 03:52:09] 2026-07-25 20:21:56 | INFO     | KDClient 15 round 23 completed (acc=0.9045, n=90)
[2026-07-26 03:52:09] 2026-07-25 20:21:56 | INFO     | KDClient 16 fit round 23 (tier=large)
[2026-07-26 03:52:09] 2026-07-25 20:21:56 | INFO     | KDClient 16 round 23 public KD (epochs=2)
[2026-07-26 03:52:09] 2026-07-25 20:23:00 | INFO     | KDClient 16 round 23 local training (epochs=4)
[2026-07-26 03:52:09] 2026-07-25 20:23:45 | INFO     | KDClient 16 round 23 completed (acc=0.8865, n=90)
[2026-07-26 03:52:09] 2026-07-25 20:23:45 | INFO     | KDClient 17 fit round 23 (tier=large)
[2026-07-26 03:52:09] 2026-07-25 20:23:45 | INFO     | KDClient 17 round 23 public KD (epochs=2)
[2026-07-26 03:52:09] 2026-07-25 20:25:03 | INFO     | KDClient 17 round 23 local training (epochs=4)
[2026-07-26 03:52:09] 2026-07-25 20:25:57 | INFO     | KDClient 17 round 23 completed (acc=0.8847, n=90)
[2026-07-26 03:52:09] 2026-07-25 20:25:57 | INFO     | KDClient 18 fit round 23 (tier=large)
[2026-07-26 03:52:09] 2026-07-25 20:25:57 | INFO     | KDClient 18 round 23 public KD (epochs=2)
[2026-07-26 03:52:09] 2026-07-25 20:27:12 | INFO     | KDClient 18 round 23 local training (epochs=4)
[2026-07-26 03:52:09] 2026-07-25 20:28:04 | INFO     | KDClient 18 round 23 completed (acc=0.8901, n=90)
[2026-07-26 03:52:09] 2026-07-25 20:28:04 | INFO     | KDClient 19 fit round 23 (tier=large)
[2026-07-26 03:52:09] 2026-07-25 20:28:04 | INFO     | KDClient 19 round 23 public KD (epochs=2)
[2026-07-26 03:52:09] 2026-07-25 20:29:13 | INFO     | KDClient 19 round 23 local training (epochs=4)
[2026-07-26 03:52:09] 2026-07-25 20:30:07 | INFO     | KDClient 19 round 23 completed (acc=0.8919, n=90)
[2026-07-26 03:52:09]   Round  23/50 | Avg: 0.8728 | Min: 0.7784 | Max: 0.9297
[2026-07-26 03:52:09] 2026-07-25 20:30:07 | INFO     | FEDAKD — IID: round 24/50 starting
[2026-07-26 03:52:09] 2026-07-25 20:30:07 | INFO     | KDClient 0 fit round 24 (tier=small)
[2026-07-26 03:52:09] 2026-07-25 20:30:07 | INFO     | KDClient 0 round 24 public KD (epochs=2)
[2026-07-26 03:52:09] 2026-07-25 20:30:25 | INFO     | KDClient 0 round 24 local training (epochs=4)
[2026-07-26 03:52:09] 2026-07-25 20:30:41 | INFO     | KDClient 0 round 24 completed (acc=0.9027, n=90)
[2026-07-26 03:52:09] 2026-07-25 20:30:41 | INFO     | KDClient 1 fit round 24 (tier=small)
[2026-07-26 03:52:09] 2026-07-25 20:30:41 | INFO     | KDClient 1 round 24 public KD (epochs=2)
[2026-07-26 03:52:09] 2026-07-25 20:30:59 | INFO     | KDClient 1 round 24 local training (epochs=4)
[2026-07-26 03:52:09] 2026-07-25 20:31:12 | INFO     | KDClient 1 round 24 completed (acc=0.9315, n=90)
[2026-07-26 03:52:09] 2026-07-25 20:31:12 | INFO     | KDClient 2 fit round 24 (tier=small)
[2026-07-26 03:52:09] 2026-07-25 20:31:12 | INFO     | KDClient 2 round 24 public KD (epochs=2)
[2026-07-26 03:52:09] 2026-07-25 20:31:28 | INFO     | KDClient 2 round 24 local training (epochs=4)
[2026-07-26 03:52:09] 2026-07-25 20:31:43 | INFO     | KDClient 2 round 24 completed (acc=0.9243, n=90)
[2026-07-26 03:52:09] 2026-07-25 20:31:43 | INFO     | KDClient 3 fit round 24 (tier=small)
[2026-07-26 03:52:09] 2026-07-25 20:31:43 | INFO     | KDClient 3 round 24 public KD (epochs=2)
[2026-07-26 03:52:09] 2026-07-25 20:31:55 | INFO     | KDClient 3 round 24 local training (epochs=4)
[2026-07-26 03:52:09] 2026-07-25 20:32:07 | INFO     | KDClient 3 round 24 completed (acc=0.9027, n=90)
[2026-07-26 03:52:09] 2026-07-25 20:32:07 | INFO     | KDClient 4 fit round 24 (tier=small)
[2026-07-26 03:52:09] 2026-07-25 20:32:07 | INFO     | KDClient 4 round 24 public KD (epochs=2)
[2026-07-26 03:52:09] 2026-07-25 20:32:21 | INFO     | KDClient 4 round 24 local training (epochs=4)
[2026-07-26 03:52:09] 2026-07-25 20:32:31 | INFO     | KDClient 4 round 24 completed (acc=0.9315, n=90)
[2026-07-26 03:52:09] 2026-07-25 20:32:31 | INFO     | KDClient 5 fit round 24 (tier=small)
[2026-07-26 03:52:09] 2026-07-25 20:32:31 | INFO     | KDClient 5 round 24 public KD (epochs=2)
[2026-07-26 03:52:09] 2026-07-25 20:32:45 | INFO     | KDClient 5 round 24 local training (epochs=4)
[2026-07-26 03:52:09] 2026-07-25 20:32:59 | INFO     | KDClient 5 round 24 completed (acc=0.9261, n=90)
[2026-07-26 03:52:09] 2026-07-25 20:32:59 | INFO     | KDClient 6 fit round 24 (tier=small)
[2026-07-26 03:52:09] 2026-07-25 20:32:59 | INFO     | KDClient 6 round 24 public KD (epochs=2)
[2026-07-26 03:52:09] 2026-07-25 20:33:12 | INFO     | KDClient 6 round 24 local training (epochs=4)
[2026-07-26 03:52:09] 2026-07-25 20:33:25 | INFO     | KDClient 6 round 24 completed (acc=0.8432, n=90)
[2026-07-26 03:52:09] 2026-07-25 20:33:25 | INFO     | KDClient 7 fit round 24 (tier=medium)
[2026-07-26 03:52:09] 2026-07-25 20:33:25 | INFO     | KDClient 7 round 24 public KD (epochs=2)
[2026-07-26 03:52:09] 2026-07-25 20:34:06 | INFO     | KDClient 7 round 24 local training (epochs=4)
[2026-07-26 03:52:09] 2026-07-25 20:34:36 | INFO     | KDClient 7 round 24 completed (acc=0.8937, n=90)
[2026-07-26 03:52:09] 2026-07-25 20:34:36 | INFO     | KDClient 8 fit round 24 (tier=medium)
[2026-07-26 03:52:09] 2026-07-25 20:34:36 | INFO     | KDClient 8 round 24 public KD (epochs=2)
[2026-07-26 03:52:09] 2026-07-25 20:35:19 | INFO     | KDClient 8 round 24 local training (epochs=4)
[2026-07-26 03:52:09] 2026-07-25 20:35:53 | INFO     | KDClient 8 round 24 completed (acc=0.8198, n=90)
[2026-07-26 03:52:09] 2026-07-25 20:35:53 | INFO     | KDClient 9 fit round 24 (tier=medium)
[2026-07-26 03:52:09] 2026-07-25 20:35:53 | INFO     | KDClient 9 round 24 public KD (epochs=2)
[2026-07-26 03:52:09] 2026-07-25 20:36:33 | INFO     | KDClient 9 round 24 local training (epochs=4)
[2026-07-26 03:52:09] 2026-07-25 20:37:10 | INFO     | KDClient 9 round 24 completed (acc=0.7928, n=90)
[2026-07-26 03:52:09] 2026-07-25 20:37:10 | INFO     | KDClient 10 fit round 24 (tier=medium)
[2026-07-26 03:52:09] 2026-07-25 20:37:10 | INFO     | KDClient 10 round 24 public KD (epochs=2)
[2026-07-26 03:52:09] 2026-07-25 20:37:51 | INFO     | KDClient 10 round 24 local training (epochs=4)
[2026-07-26 03:52:09] 2026-07-25 20:38:32 | INFO     | KDClient 10 round 24 completed (acc=0.8505, n=90)
[2026-07-26 03:52:09] 2026-07-25 20:38:32 | INFO     | KDClient 11 fit round 24 (tier=medium)
[2026-07-26 03:52:09] 2026-07-25 20:38:32 | INFO     | KDClient 11 round 24 public KD (epochs=2)
[2026-07-26 03:52:09] 2026-07-25 20:39:12 | INFO     | KDClient 11 round 24 local training (epochs=4)
[2026-07-26 03:52:09] 2026-07-25 20:39:39 | INFO     | KDClient 11 round 24 completed (acc=0.8234, n=90)
[2026-07-26 03:52:09] 2026-07-25 20:39:39 | INFO     | KDClient 12 fit round 24 (tier=medium)
[2026-07-26 03:52:09] 2026-07-25 20:39:39 | INFO     | KDClient 12 round 24 public KD (epochs=2)
[2026-07-26 03:52:09] 2026-07-25 20:40:19 | INFO     | KDClient 12 round 24 local training (epochs=4)
[2026-07-26 03:52:09] 2026-07-25 20:40:50 | INFO     | KDClient 12 round 24 completed (acc=0.7748, n=90)
[2026-07-26 03:52:09] 2026-07-25 20:40:50 | INFO     | KDClient 13 fit round 24 (tier=medium)
[2026-07-26 03:52:09] 2026-07-25 20:40:50 | INFO     | KDClient 13 round 24 public KD (epochs=2)
[2026-07-26 03:52:09] 2026-07-25 20:41:33 | INFO     | KDClient 13 round 24 local training (epochs=4)
[2026-07-26 03:52:09] 2026-07-25 20:42:05 | INFO     | KDClient 13 round 24 completed (acc=0.8937, n=90)
[2026-07-26 03:52:09] 2026-07-25 20:42:05 | INFO     | KDClient 14 fit round 24 (tier=large)
[2026-07-26 03:52:09] 2026-07-25 20:42:05 | INFO     | KDClient 14 round 24 public KD (epochs=2)
[2026-07-26 03:52:09] 2026-07-25 20:43:08 | INFO     | KDClient 14 round 24 local training (epochs=4)
[2026-07-26 03:52:09] 2026-07-25 20:43:53 | INFO     | KDClient 14 round 24 completed (acc=0.8739, n=90)
[2026-07-26 03:52:09] 2026-07-25 20:43:53 | INFO     | KDClient 15 fit round 24 (tier=large)
[2026-07-26 03:52:09] 2026-07-25 20:43:53 | INFO     | KDClient 15 round 24 public KD (epochs=2)
[2026-07-26 03:52:09] 2026-07-25 20:44:53 | INFO     | KDClient 15 round 24 local training (epochs=4)
[2026-07-26 03:52:09] 2026-07-25 20:45:51 | INFO     | KDClient 15 round 24 completed (acc=0.8505, n=90)
[2026-07-26 03:52:09] 2026-07-25 20:45:51 | INFO     | KDClient 16 fit round 24 (tier=large)
[2026-07-26 03:52:09] 2026-07-25 20:45:51 | INFO     | KDClient 16 round 24 public KD (epochs=2)
[2026-07-26 03:52:09] 2026-07-25 20:46:54 | INFO     | KDClient 16 round 24 local training (epochs=4)
[2026-07-26 03:52:09] 2026-07-25 20:47:52 | INFO     | KDClient 16 round 24 completed (acc=0.8865, n=90)
[2026-07-26 03:52:09] 2026-07-25 20:47:52 | INFO     | KDClient 17 fit round 24 (tier=large)
[2026-07-26 03:52:09] 2026-07-25 20:47:52 | INFO     | KDClient 17 round 24 public KD (epochs=2)
[2026-07-26 03:52:09] 2026-07-25 20:49:02 | INFO     | KDClient 17 round 24 local training (epochs=4)
[2026-07-26 03:52:09] 2026-07-25 20:49:57 | INFO     | KDClient 17 round 24 completed (acc=0.9117, n=90)
[2026-07-26 03:52:09] 2026-07-25 20:49:57 | INFO     | KDClient 18 fit round 24 (tier=large)
[2026-07-26 03:52:09] 2026-07-25 20:49:57 | INFO     | KDClient 18 round 24 public KD (epochs=2)
[2026-07-26 03:52:09] 2026-07-25 20:51:07 | INFO     | KDClient 18 round 24 local training (epochs=4)
[2026-07-26 03:52:09] 2026-07-25 20:52:05 | INFO     | KDClient 18 round 24 completed (acc=0.8919, n=90)
[2026-07-26 03:52:09] 2026-07-25 20:52:05 | INFO     | KDClient 19 fit round 24 (tier=large)
[2026-07-26 03:52:09] 2026-07-25 20:52:05 | INFO     | KDClient 19 round 24 public KD (epochs=2)
[2026-07-26 03:52:09] 2026-07-25 20:53:13 | INFO     | KDClient 19 round 24 local training (epochs=4)
[2026-07-26 03:52:09] 2026-07-25 20:54:10 | INFO     | KDClient 19 round 24 completed (acc=0.8955, n=90)
[2026-07-26 03:52:09]   Round  24/50 | Avg: 0.8760 | Min: 0.7748 | Max: 0.9315
[2026-07-26 03:52:09] 2026-07-25 20:54:10 | INFO     | FEDAKD — IID: round 25/50 starting
[2026-07-26 03:52:09] 2026-07-25 20:54:10 | INFO     | KDClient 0 fit round 25 (tier=small)
[2026-07-26 03:52:09] 2026-07-25 20:54:10 | INFO     | KDClient 0 round 25 public KD (epochs=2)
[2026-07-26 03:52:09] 2026-07-25 20:54:23 | INFO     | KDClient 0 round 25 local training (epochs=4)
[2026-07-26 03:52:09] 2026-07-25 20:54:36 | INFO     | KDClient 0 round 25 completed (acc=0.9117, n=90)
[2026-07-26 03:52:09] 2026-07-25 20:54:36 | INFO     | KDClient 1 fit round 25 (tier=small)
[2026-07-26 03:52:09] 2026-07-25 20:54:36 | INFO     | KDClient 1 round 25 public KD (epochs=2)
[2026-07-26 03:52:09] 2026-07-25 20:54:52 | INFO     | KDClient 1 round 25 local training (epochs=4)
[2026-07-26 03:52:09] 2026-07-25 20:55:07 | INFO     | KDClient 1 round 25 completed (acc=0.9261, n=90)
[2026-07-26 03:52:09] 2026-07-25 20:55:07 | INFO     | KDClient 2 fit round 25 (tier=small)
[2026-07-26 03:52:09] 2026-07-25 20:55:07 | INFO     | KDClient 2 round 25 public KD (epochs=2)
[2026-07-26 03:52:09] 2026-07-25 20:55:23 | INFO     | KDClient 2 round 25 local training (epochs=4)
[2026-07-26 03:52:09] 2026-07-25 20:55:36 | INFO     | KDClient 2 round 25 completed (acc=0.9099, n=90)
[2026-07-26 03:52:09] 2026-07-25 20:55:36 | INFO     | KDClient 3 fit round 25 (tier=small)
[2026-07-26 03:52:09] 2026-07-25 20:55:36 | INFO     | KDClient 3 round 25 public KD (epochs=2)
[2026-07-26 03:52:09] 2026-07-25 20:55:51 | INFO     | KDClient 3 round 25 local training (epochs=4)
[2026-07-26 03:52:09] 2026-07-25 20:56:04 | INFO     | KDClient 3 round 25 completed (acc=0.8667, n=90)
[2026-07-26 03:52:09] 2026-07-25 20:56:04 | INFO     | KDClient 4 fit round 25 (tier=small)
[2026-07-26 03:52:09] 2026-07-25 20:56:04 | INFO     | KDClient 4 round 25 public KD (epochs=2)
[2026-07-26 03:52:09] 2026-07-25 20:56:17 | INFO     | KDClient 4 round 25 local training (epochs=4)
[2026-07-26 03:52:09] 2026-07-25 20:56:30 | INFO     | KDClient 4 round 25 completed (acc=0.9189, n=90)
[2026-07-26 03:52:09] 2026-07-25 20:56:30 | INFO     | KDClient 5 fit round 25 (tier=small)
[2026-07-26 03:52:09] 2026-07-25 20:56:30 | INFO     | KDClient 5 round 25 public KD (epochs=2)
[2026-07-26 03:52:09] 2026-07-25 20:56:44 | INFO     | KDClient 5 round 25 local training (epochs=4)
[2026-07-26 03:52:09] 2026-07-25 20:56:56 | INFO     | KDClient 5 round 25 completed (acc=0.9261, n=90)
[2026-07-26 03:52:09] 2026-07-25 20:56:56 | INFO     | KDClient 6 fit round 25 (tier=small)
[2026-07-26 03:52:09] 2026-07-25 20:56:56 | INFO     | KDClient 6 round 25 public KD (epochs=2)
[2026-07-26 03:52:09] 2026-07-25 20:57:14 | INFO     | KDClient 6 round 25 local training (epochs=4)
[2026-07-26 03:52:09] 2026-07-25 20:57:26 | INFO     | KDClient 6 round 25 completed (acc=0.8595, n=90)
[2026-07-26 03:52:09] 2026-07-25 20:57:26 | INFO     | KDClient 7 fit round 25 (tier=medium)
[2026-07-26 03:52:09] 2026-07-25 20:57:26 | INFO     | KDClient 7 round 25 public KD (epochs=2)
[2026-07-26 03:52:09] 2026-07-25 20:58:27 | INFO     | KDClient 7 round 25 local training (epochs=4)
[2026-07-26 03:52:09] 2026-07-25 20:59:00 | INFO     | KDClient 7 round 25 completed (acc=0.8901, n=90)
[2026-07-26 03:52:09] 2026-07-25 20:59:00 | INFO     | KDClient 8 fit round 25 (tier=medium)
[2026-07-26 03:52:09] 2026-07-25 20:59:00 | INFO     | KDClient 8 round 25 public KD (epochs=2)
[2026-07-26 03:52:09] 2026-07-25 20:59:41 | INFO     | KDClient 8 round 25 local training (epochs=4)
[2026-07-26 03:52:09] 2026-07-25 21:00:08 | INFO     | KDClient 8 round 25 completed (acc=0.8324, n=90)
[2026-07-26 03:52:09] 2026-07-25 21:00:08 | INFO     | KDClient 9 fit round 25 (tier=medium)
[2026-07-26 03:52:09] 2026-07-25 21:00:08 | INFO     | KDClient 9 round 25 public KD (epochs=2)
[2026-07-26 03:52:09] 2026-07-25 21:00:50 | INFO     | KDClient 9 round 25 local training (epochs=4)
[2026-07-26 03:52:09] 2026-07-25 21:01:20 | INFO     | KDClient 9 round 25 completed (acc=0.7712, n=90)
[2026-07-26 03:52:09] 2026-07-25 21:01:20 | INFO     | KDClient 10 fit round 25 (tier=medium)
[2026-07-26 03:52:09] 2026-07-25 21:01:20 | INFO     | KDClient 10 round 25 public KD (epochs=2)
[2026-07-26 03:52:09] 2026-07-25 21:02:02 | INFO     | KDClient 10 round 25 local training (epochs=4)
[2026-07-26 03:52:09] 2026-07-25 21:02:34 | INFO     | KDClient 10 round 25 completed (acc=0.8252, n=90)
[2026-07-26 03:52:09] 2026-07-25 21:02:34 | INFO     | KDClient 11 fit round 25 (tier=medium)
[2026-07-26 03:52:09] 2026-07-25 21:02:34 | INFO     | KDClient 11 round 25 public KD (epochs=2)
[2026-07-26 03:52:09] 2026-07-25 21:03:16 | INFO     | KDClient 11 round 25 local training (epochs=4)
[2026-07-26 03:52:09] 2026-07-25 21:03:47 | INFO     | KDClient 11 round 25 completed (acc=0.7910, n=90)
[2026-07-26 03:52:09] 2026-07-25 21:03:47 | INFO     | KDClient 12 fit round 25 (tier=medium)
[2026-07-26 03:52:09] 2026-07-25 21:03:47 | INFO     | KDClient 12 round 25 public KD (epochs=2)
[2026-07-26 03:52:09] 2026-07-25 21:04:24 | INFO     | KDClient 12 round 25 local training (epochs=4)
[2026-07-26 03:52:09] 2026-07-25 21:04:57 | INFO     | KDClient 12 round 25 completed (acc=0.8486, n=90)
[2026-07-26 03:52:09] 2026-07-25 21:04:57 | INFO     | KDClient 13 fit round 25 (tier=medium)
[2026-07-26 03:52:09] 2026-07-25 21:04:57 | INFO     | KDClient 13 round 25 public KD (epochs=2)
[2026-07-26 03:52:09] 2026-07-25 21:05:37 | INFO     | KDClient 13 round 25 local training (epochs=4)
[2026-07-26 03:52:09] 2026-07-25 21:06:07 | INFO     | KDClient 13 round 25 completed (acc=0.8937, n=90)
[2026-07-26 03:52:09] 2026-07-25 21:06:07 | INFO     | KDClient 14 fit round 25 (tier=large)
[2026-07-26 03:52:09] 2026-07-25 21:06:07 | INFO     | KDClient 14 round 25 public KD (epochs=2)
[2026-07-26 03:52:09] 2026-07-25 21:06:56 | INFO     | KDClient 14 round 25 local training (epochs=4)
[2026-07-26 03:52:09] 2026-07-25 21:07:31 | INFO     | KDClient 14 round 25 completed (acc=0.8991, n=90)
[2026-07-26 03:52:09] 2026-07-25 21:07:31 | INFO     | KDClient 15 fit round 25 (tier=large)
[2026-07-26 03:52:09] 2026-07-25 21:07:31 | INFO     | KDClient 15 round 25 public KD (epochs=2)
[2026-07-26 03:52:09] 2026-07-25 21:08:23 | INFO     | KDClient 15 round 25 local training (epochs=4)
[2026-07-26 03:52:09] 2026-07-25 21:09:08 | INFO     | KDClient 15 round 25 completed (acc=0.9261, n=90)
[2026-07-26 03:52:09] 2026-07-25 21:09:08 | INFO     | KDClient 16 fit round 25 (tier=large)
[2026-07-26 03:52:09] 2026-07-25 21:09:08 | INFO     | KDClient 16 round 25 public KD (epochs=2)
[2026-07-26 03:52:09] 2026-07-25 21:09:59 | INFO     | KDClient 16 round 25 local training (epochs=4)
[2026-07-26 03:52:09] 2026-07-25 21:10:41 | INFO     | KDClient 16 round 25 completed (acc=0.8973, n=90)
[2026-07-26 03:52:09] 2026-07-25 21:10:41 | INFO     | KDClient 17 fit round 25 (tier=large)
[2026-07-26 03:52:09] 2026-07-25 21:10:41 | INFO     | KDClient 17 round 25 public KD (epochs=2)
[2026-07-26 03:52:09] 2026-07-25 21:11:57 | INFO     | KDClient 17 round 25 local training (epochs=4)
[2026-07-26 03:52:09] 2026-07-25 21:12:50 | INFO     | KDClient 17 round 25 completed (acc=0.9297, n=90)
[2026-07-26 03:52:09] 2026-07-25 21:12:50 | INFO     | KDClient 18 fit round 25 (tier=large)
[2026-07-26 03:52:09] 2026-07-25 21:12:50 | INFO     | KDClient 18 round 25 public KD (epochs=2)
[2026-07-26 03:52:09] 2026-07-25 21:13:53 | INFO     | KDClient 18 round 25 local training (epochs=4)
[2026-07-26 03:52:09] 2026-07-25 21:14:41 | INFO     | KDClient 18 round 25 completed (acc=0.8721, n=90)
[2026-07-26 03:52:09] 2026-07-25 21:14:41 | INFO     | KDClient 19 fit round 25 (tier=large)
[2026-07-26 03:52:09] 2026-07-25 21:14:41 | INFO     | KDClient 19 round 25 public KD (epochs=2)
[2026-07-26 03:52:09] 2026-07-25 21:15:55 | INFO     | KDClient 19 round 25 local training (epochs=4)
[2026-07-26 03:52:09] 2026-07-25 21:16:53 | INFO     | KDClient 19 round 25 completed (acc=0.9027, n=90)
[2026-07-26 03:52:09]   Round  25/50 | Avg: 0.8799 | Min: 0.7712 | Max: 0.9297
[2026-07-26 03:52:09] 2026-07-25 21:16:53 | INFO     | FEDAKD — IID: round 26/50 starting
[2026-07-26 03:52:09] 2026-07-25 21:16:53 | INFO     | KDClient 0 fit round 26 (tier=small)
[2026-07-26 03:52:09] 2026-07-25 21:16:53 | INFO     | KDClient 0 round 26 public KD (epochs=2)
[2026-07-26 03:52:09] 2026-07-25 21:17:11 | INFO     | KDClient 0 round 26 local training (epochs=4)
[2026-07-26 03:52:09] 2026-07-25 21:17:27 | INFO     | KDClient 0 round 26 completed (acc=0.8973, n=90)
[2026-07-26 03:52:09] 2026-07-25 21:17:27 | INFO     | KDClient 1 fit round 26 (tier=small)
[2026-07-26 03:52:09] 2026-07-25 21:17:27 | INFO     | KDClient 1 round 26 public KD (epochs=2)
[2026-07-26 03:52:09] 2026-07-25 21:17:46 | INFO     | KDClient 1 round 26 local training (epochs=4)
[2026-07-26 03:52:09] 2026-07-25 21:18:00 | INFO     | KDClient 1 round 26 completed (acc=0.9297, n=90)
[2026-07-26 03:52:09] 2026-07-25 21:18:00 | INFO     | KDClient 2 fit round 26 (tier=small)
[2026-07-26 03:52:09] 2026-07-25 21:18:00 | INFO     | KDClient 2 round 26 public KD (epochs=2)
[2026-07-26 03:52:09] 2026-07-25 21:18:16 | INFO     | KDClient 2 round 26 local training (epochs=4)
[2026-07-26 03:52:09] 2026-07-25 21:18:30 | INFO     | KDClient 2 round 26 completed (acc=0.9099, n=90)
[2026-07-26 03:52:09] 2026-07-25 21:18:30 | INFO     | KDClient 3 fit round 26 (tier=small)
[2026-07-26 03:52:09] 2026-07-25 21:18:30 | INFO     | KDClient 3 round 26 public KD (epochs=2)
[2026-07-26 03:52:09] 2026-07-25 21:18:48 | INFO     | KDClient 3 round 26 local training (epochs=4)
[2026-07-26 03:52:09] 2026-07-25 21:19:03 | INFO     | KDClient 3 round 26 completed (acc=0.8703, n=90)
[2026-07-26 03:52:09] 2026-07-25 21:19:03 | INFO     | KDClient 4 fit round 26 (tier=small)
[2026-07-26 03:52:09] 2026-07-25 21:19:03 | INFO     | KDClient 4 round 26 public KD (epochs=2)
[2026-07-26 03:52:09] 2026-07-25 21:19:18 | INFO     | KDClient 4 round 26 local training (epochs=4)
[2026-07-26 03:52:09] 2026-07-25 21:19:34 | INFO     | KDClient 4 round 26 completed (acc=0.9207, n=90)
[2026-07-26 03:52:09] 2026-07-25 21:19:34 | INFO     | KDClient 5 fit round 26 (tier=small)
[2026-07-26 03:52:09] 2026-07-25 21:19:34 | INFO     | KDClient 5 round 26 public KD (epochs=2)
[2026-07-26 03:52:09] 2026-07-25 21:19:52 | INFO     | KDClient 5 round 26 local training (epochs=4)
[2026-07-26 03:52:09] 2026-07-25 21:20:05 | INFO     | KDClient 5 round 26 completed (acc=0.9153, n=90)
[2026-07-26 03:52:09] 2026-07-25 21:20:05 | INFO     | KDClient 6 fit round 26 (tier=small)
[2026-07-26 03:52:09] 2026-07-25 21:20:05 | INFO     | KDClient 6 round 26 public KD (epochs=2)
[2026-07-26 03:52:09] 2026-07-25 21:20:22 | INFO     | KDClient 6 round 26 local training (epochs=4)
[2026-07-26 03:52:09] 2026-07-25 21:20:35 | INFO     | KDClient 6 round 26 completed (acc=0.9189, n=90)
[2026-07-26 03:52:09] 2026-07-25 21:20:35 | INFO     | KDClient 7 fit round 26 (tier=medium)
[2026-07-26 03:52:09] 2026-07-25 21:20:35 | INFO     | KDClient 7 round 26 public KD (epochs=2)
[2026-07-26 03:52:09] 2026-07-25 21:21:14 | INFO     | KDClient 7 round 26 local training (epochs=4)
[2026-07-26 03:52:09] 2026-07-25 21:21:45 | INFO     | KDClient 7 round 26 completed (acc=0.8919, n=90)
[2026-07-26 03:52:09] 2026-07-25 21:21:45 | INFO     | KDClient 8 fit round 26 (tier=medium)
[2026-07-26 03:52:09] 2026-07-25 21:21:45 | INFO     | KDClient 8 round 26 public KD (epochs=2)
[2026-07-26 03:52:09] 2026-07-25 21:22:25 | INFO     | KDClient 8 round 26 local training (epochs=4)
[2026-07-26 03:52:09] 2026-07-25 21:23:00 | INFO     | KDClient 8 round 26 completed (acc=0.8486, n=90)
[2026-07-26 03:52:09] 2026-07-25 21:23:00 | INFO     | KDClient 9 fit round 26 (tier=medium)
[2026-07-26 03:52:09] 2026-07-25 21:23:00 | INFO     | KDClient 9 round 26 public KD (epochs=2)
[2026-07-26 03:52:09] 2026-07-25 21:23:43 | INFO     | KDClient 9 round 26 local training (epochs=4)
[2026-07-26 03:52:09] 2026-07-25 21:24:17 | INFO     | KDClient 9 round 26 completed (acc=0.7838, n=90)
[2026-07-26 03:52:09] 2026-07-25 21:24:17 | INFO     | KDClient 10 fit round 26 (tier=medium)
[2026-07-26 03:52:09] 2026-07-25 21:24:17 | INFO     | KDClient 10 round 26 public KD (epochs=2)
[2026-07-26 03:52:09] 2026-07-25 21:25:21 | INFO     | KDClient 10 round 26 local training (epochs=4)
[2026-07-26 03:52:09] 2026-07-25 21:26:01 | INFO     | KDClient 10 round 26 completed (acc=0.8090, n=90)
[2026-07-26 03:52:09] 2026-07-25 21:26:01 | INFO     | KDClient 11 fit round 26 (tier=medium)
[2026-07-26 03:52:09] 2026-07-25 21:26:01 | INFO     | KDClient 11 round 26 public KD (epochs=2)
[2026-07-26 03:52:09] 2026-07-25 21:26:40 | INFO     | KDClient 11 round 26 local training (epochs=4)
[2026-07-26 03:52:09] 2026-07-25 21:27:15 | INFO     | KDClient 11 round 26 completed (acc=0.8468, n=90)
[2026-07-26 03:52:09] 2026-07-25 21:27:15 | INFO     | KDClient 12 fit round 26 (tier=medium)
[2026-07-26 03:52:09] 2026-07-25 21:27:15 | INFO     | KDClient 12 round 26 public KD (epochs=2)
[2026-07-26 03:52:09] 2026-07-25 21:27:54 | INFO     | KDClient 12 round 26 local training (epochs=4)
[2026-07-26 03:52:09] 2026-07-25 21:28:21 | INFO     | KDClient 12 round 26 completed (acc=0.8378, n=90)
[2026-07-26 03:52:09] 2026-07-25 21:28:21 | INFO     | KDClient 13 fit round 26 (tier=medium)
[2026-07-26 03:52:09] 2026-07-25 21:28:21 | INFO     | KDClient 13 round 26 public KD (epochs=2)
[2026-07-26 03:52:09] 2026-07-25 21:29:00 | INFO     | KDClient 13 round 26 local training (epochs=4)
[2026-07-26 03:52:09] 2026-07-25 21:29:32 | INFO     | KDClient 13 round 26 completed (acc=0.8523, n=90)
[2026-07-26 03:52:09] 2026-07-25 21:29:32 | INFO     | KDClient 14 fit round 26 (tier=large)
[2026-07-26 03:52:09] 2026-07-25 21:29:32 | INFO     | KDClient 14 round 26 public KD (epochs=2)
[2026-07-26 03:52:09] 2026-07-25 21:30:35 | INFO     | KDClient 14 round 26 local training (epochs=4)
[2026-07-26 03:52:09] 2026-07-25 21:31:30 | INFO     | KDClient 14 round 26 completed (acc=0.8973, n=90)
[2026-07-26 03:52:09] 2026-07-25 21:31:30 | INFO     | KDClient 15 fit round 26 (tier=large)
[2026-07-26 03:52:09] 2026-07-25 21:31:30 | INFO     | KDClient 15 round 26 public KD (epochs=2)
[2026-07-26 03:52:09] 2026-07-25 21:32:35 | INFO     | KDClient 15 round 26 local training (epochs=4)
[2026-07-26 03:52:09] 2026-07-25 21:33:29 | INFO     | KDClient 15 round 26 completed (acc=0.9045, n=90)
[2026-07-26 03:52:09] 2026-07-25 21:33:29 | INFO     | KDClient 16 fit round 26 (tier=large)
[2026-07-26 03:52:09] 2026-07-25 21:33:29 | INFO     | KDClient 16 round 26 public KD (epochs=2)
[2026-07-26 03:52:09] 2026-07-25 21:34:33 | INFO     | KDClient 16 round 26 local training (epochs=4)
[2026-07-26 03:52:09] 2026-07-25 21:35:24 | INFO     | KDClient 16 round 26 completed (acc=0.8973, n=90)
[2026-07-26 03:52:09] 2026-07-25 21:35:24 | INFO     | KDClient 17 fit round 26 (tier=large)
[2026-07-26 03:52:09] 2026-07-25 21:35:24 | INFO     | KDClient 17 round 26 public KD (epochs=2)
[2026-07-26 03:52:09] 2026-07-25 21:36:29 | INFO     | KDClient 17 round 26 local training (epochs=4)
[2026-07-26 03:52:09] 2026-07-25 21:37:30 | INFO     | KDClient 17 round 26 completed (acc=0.9279, n=90)
[2026-07-26 03:52:09] 2026-07-25 21:37:30 | INFO     | KDClient 18 fit round 26 (tier=large)
[2026-07-26 03:52:09] 2026-07-25 21:37:30 | INFO     | KDClient 18 round 26 public KD (epochs=2)
[2026-07-26 03:52:09] 2026-07-25 21:38:40 | INFO     | KDClient 18 round 26 local training (epochs=4)
[2026-07-26 03:52:09] 2026-07-25 21:39:41 | INFO     | KDClient 18 round 26 completed (acc=0.8721, n=90)
[2026-07-26 03:52:09] 2026-07-25 21:39:41 | INFO     | KDClient 19 fit round 26 (tier=large)
[2026-07-26 03:52:09] 2026-07-25 21:39:41 | INFO     | KDClient 19 round 26 public KD (epochs=2)
[2026-07-26 03:52:09] 2026-07-25 21:40:48 | INFO     | KDClient 19 round 26 local training (epochs=4)
[2026-07-26 03:52:09] 2026-07-25 21:41:40 | INFO     | KDClient 19 round 26 completed (acc=0.8901, n=90)
[2026-07-26 03:52:09]   Round  26/50 | Avg: 0.8811 | Min: 0.7838 | Max: 0.9297
[2026-07-26 03:52:09] 2026-07-25 21:41:40 | INFO     | FEDAKD — IID: round 27/50 starting
[2026-07-26 03:52:09] 2026-07-25 21:41:40 | INFO     | KDClient 0 fit round 27 (tier=small)
[2026-07-26 03:52:09] 2026-07-25 21:41:40 | INFO     | KDClient 0 round 27 public KD (epochs=2)
[2026-07-26 03:52:09] 2026-07-25 21:42:01 | INFO     | KDClient 0 round 27 local training (epochs=4)
[2026-07-26 03:52:09] 2026-07-25 21:42:15 | INFO     | KDClient 0 round 27 completed (acc=0.9081, n=90)
[2026-07-26 03:52:09] 2026-07-25 21:42:15 | INFO     | KDClient 1 fit round 27 (tier=small)
[2026-07-26 03:52:09] 2026-07-25 21:42:15 | INFO     | KDClient 1 round 27 public KD (epochs=2)
[2026-07-26 03:52:09] 2026-07-25 21:42:32 | INFO     | KDClient 1 round 27 local training (epochs=4)
[2026-07-26 03:52:09] 2026-07-25 21:42:52 | INFO     | KDClient 1 round 27 completed (acc=0.9315, n=90)
[2026-07-26 03:52:09] 2026-07-25 21:42:52 | INFO     | KDClient 2 fit round 27 (tier=small)
[2026-07-26 03:52:09] 2026-07-25 21:42:52 | INFO     | KDClient 2 round 27 public KD (epochs=2)
[2026-07-26 03:52:09] 2026-07-25 21:43:08 | INFO     | KDClient 2 round 27 local training (epochs=4)
[2026-07-26 03:52:09] 2026-07-25 21:43:23 | INFO     | KDClient 2 round 27 completed (acc=0.8991, n=90)
[2026-07-26 03:52:09] 2026-07-25 21:43:23 | INFO     | KDClient 3 fit round 27 (tier=small)
[2026-07-26 03:52:09] 2026-07-25 21:43:23 | INFO     | KDClient 3 round 27 public KD (epochs=2)
[2026-07-26 03:52:09] 2026-07-25 21:43:39 | INFO     | KDClient 3 round 27 local training (epochs=4)
[2026-07-26 03:52:09] 2026-07-25 21:43:52 | INFO     | KDClient 3 round 27 completed (acc=0.8919, n=90)
[2026-07-26 03:52:09] 2026-07-25 21:43:52 | INFO     | KDClient 4 fit round 27 (tier=small)
[2026-07-26 03:52:09] 2026-07-25 21:43:52 | INFO     | KDClient 4 round 27 public KD (epochs=2)
[2026-07-26 03:52:09] 2026-07-25 21:44:05 | INFO     | KDClient 4 round 27 local training (epochs=4)
[2026-07-26 03:52:09] 2026-07-25 21:44:17 | INFO     | KDClient 4 round 27 completed (acc=0.9333, n=90)
[2026-07-26 03:52:09] 2026-07-25 21:44:17 | INFO     | KDClient 5 fit round 27 (tier=small)
[2026-07-26 03:52:09] 2026-07-25 21:44:17 | INFO     | KDClient 5 round 27 public KD (epochs=2)
[2026-07-26 03:52:09] 2026-07-25 21:44:33 | INFO     | KDClient 5 round 27 local training (epochs=4)
[2026-07-26 03:52:09] 2026-07-25 21:44:46 | INFO     | KDClient 5 round 27 completed (acc=0.9261, n=90)
[2026-07-26 03:52:09] 2026-07-25 21:44:46 | INFO     | KDClient 6 fit round 27 (tier=small)
[2026-07-26 03:52:09] 2026-07-25 21:44:46 | INFO     | KDClient 6 round 27 public KD (epochs=2)
[2026-07-26 03:52:09] 2026-07-25 21:45:00 | INFO     | KDClient 6 round 27 local training (epochs=4)
[2026-07-26 03:52:09] 2026-07-25 21:45:12 | INFO     | KDClient 6 round 27 completed (acc=0.9153, n=90)
[2026-07-26 03:52:09] 2026-07-25 21:45:12 | INFO     | KDClient 7 fit round 27 (tier=medium)
[2026-07-26 03:52:09] 2026-07-25 21:45:12 | INFO     | KDClient 7 round 27 public KD (epochs=2)
[2026-07-26 03:52:09] 2026-07-25 21:45:52 | INFO     | KDClient 7 round 27 local training (epochs=4)
[2026-07-26 03:52:09] 2026-07-25 21:46:24 | INFO     | KDClient 7 round 27 completed (acc=0.9027, n=90)
[2026-07-26 03:52:09] 2026-07-25 21:46:24 | INFO     | KDClient 8 fit round 27 (tier=medium)
[2026-07-26 03:52:09] 2026-07-25 21:46:24 | INFO     | KDClient 8 round 27 public KD (epochs=2)
[2026-07-26 03:52:09] 2026-07-25 21:47:02 | INFO     | KDClient 8 round 27 local training (epochs=4)
[2026-07-26 03:52:09] 2026-07-25 21:47:38 | INFO     | KDClient 8 round 27 completed (acc=0.8018, n=90)
[2026-07-26 03:52:09] 2026-07-25 21:47:38 | INFO     | KDClient 9 fit round 27 (tier=medium)
[2026-07-26 03:52:09] 2026-07-25 21:47:38 | INFO     | KDClient 9 round 27 public KD (epochs=2)
[2026-07-26 03:52:09] 2026-07-25 21:48:23 | INFO     | KDClient 9 round 27 local training (epochs=4)
[2026-07-26 03:52:09] 2026-07-25 21:48:57 | INFO     | KDClient 9 round 27 completed (acc=0.7784, n=90)
[2026-07-26 03:52:09] 2026-07-25 21:48:57 | INFO     | KDClient 10 fit round 27 (tier=medium)
[2026-07-26 03:52:09] 2026-07-25 21:48:57 | INFO     | KDClient 10 round 27 public KD (epochs=2)
[2026-07-26 03:52:09] 2026-07-25 21:49:41 | INFO     | KDClient 10 round 27 local training (epochs=4)
[2026-07-26 03:52:09] 2026-07-25 21:50:14 | INFO     | KDClient 10 round 27 completed (acc=0.8036, n=90)
[2026-07-26 03:52:09] 2026-07-25 21:50:14 | INFO     | KDClient 11 fit round 27 (tier=medium)
[2026-07-26 03:52:09] 2026-07-25 21:50:14 | INFO     | KDClient 11 round 27 public KD (epochs=2)
[2026-07-26 03:52:09] 2026-07-25 21:50:54 | INFO     | KDClient 11 round 27 local training (epochs=4)
[2026-07-26 03:52:09] 2026-07-25 21:51:25 | INFO     | KDClient 11 round 27 completed (acc=0.8288, n=90)
[2026-07-26 03:52:09] 2026-07-25 21:51:25 | INFO     | KDClient 12 fit round 27 (tier=medium)
[2026-07-26 03:52:09] 2026-07-25 21:51:25 | INFO     | KDClient 12 round 27 public KD (epochs=2)
[2026-07-26 03:52:09] 2026-07-25 21:52:02 | INFO     | KDClient 12 round 27 local training (epochs=4)
[2026-07-26 03:52:09] 2026-07-25 21:52:29 | INFO     | KDClient 12 round 27 completed (acc=0.8793, n=90)
[2026-07-26 03:52:09] 2026-07-25 21:52:29 | INFO     | KDClient 13 fit round 27 (tier=medium)
[2026-07-26 03:52:09] 2026-07-25 21:52:29 | INFO     | KDClient 13 round 27 public KD (epochs=2)
[2026-07-26 03:52:09] 2026-07-25 21:53:07 | INFO     | KDClient 13 round 27 local training (epochs=4)
[2026-07-26 03:52:09] 2026-07-25 21:53:38 | INFO     | KDClient 13 round 27 completed (acc=0.8577, n=90)
[2026-07-26 03:52:09] 2026-07-25 21:53:38 | INFO     | KDClient 14 fit round 27 (tier=large)
[2026-07-26 03:52:09] 2026-07-25 21:53:38 | INFO     | KDClient 14 round 27 public KD (epochs=2)
[2026-07-26 03:52:09] 2026-07-25 21:54:43 | INFO     | KDClient 14 round 27 local training (epochs=4)
[2026-07-26 03:52:09] 2026-07-25 21:55:38 | INFO     | KDClient 14 round 27 completed (acc=0.8883, n=90)
[2026-07-26 03:52:09] 2026-07-25 21:55:38 | INFO     | KDClient 15 fit round 27 (tier=large)
[2026-07-26 03:52:09] 2026-07-25 21:55:38 | INFO     | KDClient 15 round 27 public KD (epochs=2)
[2026-07-26 03:52:09] 2026-07-25 21:56:42 | INFO     | KDClient 15 round 27 local training (epochs=4)
[2026-07-26 03:52:09] 2026-07-25 21:57:36 | INFO     | KDClient 15 round 27 completed (acc=0.9081, n=90)
[2026-07-26 03:52:09] 2026-07-25 21:57:36 | INFO     | KDClient 16 fit round 27 (tier=large)
[2026-07-26 03:52:09] 2026-07-25 21:57:36 | INFO     | KDClient 16 round 27 public KD (epochs=2)
[2026-07-26 03:52:09] 2026-07-25 21:58:41 | INFO     | KDClient 16 round 27 local training (epochs=4)
[2026-07-26 03:52:09] 2026-07-25 21:59:48 | INFO     | KDClient 16 round 27 completed (acc=0.8973, n=90)
[2026-07-26 03:52:09] 2026-07-25 21:59:48 | INFO     | KDClient 17 fit round 27 (tier=large)
[2026-07-26 03:52:09] 2026-07-25 21:59:48 | INFO     | KDClient 17 round 27 public KD (epochs=2)
[2026-07-26 03:52:09] 2026-07-25 22:00:55 | INFO     | KDClient 17 round 27 local training (epochs=4)
[2026-07-26 03:52:09] 2026-07-25 22:01:53 | INFO     | KDClient 17 round 27 completed (acc=0.9171, n=90)
[2026-07-26 03:52:09] 2026-07-25 22:01:53 | INFO     | KDClient 18 fit round 27 (tier=large)
[2026-07-26 03:52:09] 2026-07-25 22:01:53 | INFO     | KDClient 18 round 27 public KD (epochs=2)
[2026-07-26 03:52:09] 2026-07-25 22:02:58 | INFO     | KDClient 18 round 27 local training (epochs=4)
[2026-07-26 03:52:09] 2026-07-25 22:03:54 | INFO     | KDClient 18 round 27 completed (acc=0.8685, n=90)
[2026-07-26 03:52:09] 2026-07-25 22:03:54 | INFO     | KDClient 19 fit round 27 (tier=large)
[2026-07-26 03:52:09] 2026-07-25 22:03:54 | INFO     | KDClient 19 round 27 public KD (epochs=2)
[2026-07-26 03:52:09] 2026-07-25 22:05:03 | INFO     | KDClient 19 round 27 local training (epochs=4)
[2026-07-26 03:52:09] 2026-07-25 22:05:57 | INFO     | KDClient 19 round 27 completed (acc=0.8991, n=90)
[2026-07-26 03:52:09]   Round  27/50 | Avg: 0.8818 | Min: 0.7784 | Max: 0.9333
[2026-07-26 03:52:09] 2026-07-25 22:05:57 | INFO     | FEDAKD — IID: round 28/50 starting
[2026-07-26 03:52:09] 2026-07-25 22:05:57 | INFO     | KDClient 0 fit round 28 (tier=small)
[2026-07-26 03:52:09] 2026-07-25 22:05:57 | INFO     | KDClient 0 round 28 public KD (epochs=2)
[2026-07-26 03:52:09] 2026-07-25 22:06:13 | INFO     | KDClient 0 round 28 local training (epochs=4)
[2026-07-26 03:52:09] 2026-07-25 22:06:29 | INFO     | KDClient 0 round 28 completed (acc=0.8541, n=90)
[2026-07-26 03:52:09] 2026-07-25 22:06:29 | INFO     | KDClient 1 fit round 28 (tier=small)
[2026-07-26 03:52:09] 2026-07-25 22:06:29 | INFO     | KDClient 1 round 28 public KD (epochs=2)
[2026-07-26 03:52:09] 2026-07-25 22:06:47 | INFO     | KDClient 1 round 28 local training (epochs=4)
[2026-07-26 03:52:09] 2026-07-25 22:07:04 | INFO     | KDClient 1 round 28 completed (acc=0.9117, n=90)
[2026-07-26 03:52:09] 2026-07-25 22:07:04 | INFO     | KDClient 2 fit round 28 (tier=small)
[2026-07-26 03:52:09] 2026-07-25 22:07:04 | INFO     | KDClient 2 round 28 public KD (epochs=2)
[2026-07-26 03:52:09] 2026-07-25 22:07:19 | INFO     | KDClient 2 round 28 local training (epochs=4)
[2026-07-26 03:52:09] 2026-07-25 22:07:37 | INFO     | KDClient 2 round 28 completed (acc=0.9027, n=90)
[2026-07-26 03:52:09] 2026-07-25 22:07:37 | INFO     | KDClient 3 fit round 28 (tier=small)
[2026-07-26 03:52:09] 2026-07-25 22:07:37 | INFO     | KDClient 3 round 28 public KD (epochs=2)
[2026-07-26 03:52:09] 2026-07-25 22:07:55 | INFO     | KDClient 3 round 28 local training (epochs=4)
[2026-07-26 03:52:09] 2026-07-25 22:08:08 | INFO     | KDClient 3 round 28 completed (acc=0.8937, n=90)
[2026-07-26 03:52:09] 2026-07-25 22:08:08 | INFO     | KDClient 4 fit round 28 (tier=small)
[2026-07-26 03:52:09] 2026-07-25 22:08:08 | INFO     | KDClient 4 round 28 public KD (epochs=2)
[2026-07-26 03:52:09] 2026-07-25 22:08:23 | INFO     | KDClient 4 round 28 local training (epochs=4)
[2026-07-26 03:52:09] 2026-07-25 22:08:35 | INFO     | KDClient 4 round 28 completed (acc=0.9333, n=90)
[2026-07-26 03:52:09] 2026-07-25 22:08:35 | INFO     | KDClient 5 fit round 28 (tier=small)
[2026-07-26 03:52:09] 2026-07-25 22:08:35 | INFO     | KDClient 5 round 28 public KD (epochs=2)
[2026-07-26 03:52:09] 2026-07-25 22:08:49 | INFO     | KDClient 5 round 28 local training (epochs=4)
[2026-07-26 03:52:09] 2026-07-25 22:09:01 | INFO     | KDClient 5 round 28 completed (acc=0.8937, n=90)
[2026-07-26 03:52:09] 2026-07-25 22:09:01 | INFO     | KDClient 6 fit round 28 (tier=small)
[2026-07-26 03:52:09] 2026-07-25 22:09:01 | INFO     | KDClient 6 round 28 public KD (epochs=2)
[2026-07-26 03:52:09] 2026-07-25 22:09:15 | INFO     | KDClient 6 round 28 local training (epochs=4)
[2026-07-26 03:52:09] 2026-07-25 22:09:24 | INFO     | KDClient 6 round 28 completed (acc=0.8829, n=90)
[2026-07-26 03:52:09] 2026-07-25 22:09:24 | INFO     | KDClient 7 fit round 28 (tier=medium)
[2026-07-26 03:52:09] 2026-07-25 22:09:24 | INFO     | KDClient 7 round 28 public KD (epochs=2)
[2026-07-26 03:52:09] 2026-07-25 22:10:05 | INFO     | KDClient 7 round 28 local training (epochs=4)
[2026-07-26 03:52:09] 2026-07-25 22:10:36 | INFO     | KDClient 7 round 28 completed (acc=0.9081, n=90)
[2026-07-26 03:52:09] 2026-07-25 22:10:36 | INFO     | KDClient 8 fit round 28 (tier=medium)
[2026-07-26 03:52:09] 2026-07-25 22:10:36 | INFO     | KDClient 8 round 28 public KD (epochs=2)
[2026-07-26 03:52:09] 2026-07-25 22:11:17 | INFO     | KDClient 8 round 28 local training (epochs=4)
[2026-07-26 03:52:09] 2026-07-25 22:11:51 | INFO     | KDClient 8 round 28 completed (acc=0.8180, n=90)
[2026-07-26 03:52:09] 2026-07-25 22:11:51 | INFO     | KDClient 9 fit round 28 (tier=medium)
[2026-07-26 03:52:09] 2026-07-25 22:11:51 | INFO     | KDClient 9 round 28 public KD (epochs=2)
[2026-07-26 03:52:09] 2026-07-25 22:12:36 | INFO     | KDClient 9 round 28 local training (epochs=4)
[2026-07-26 03:52:09] 2026-07-25 22:13:07 | INFO     | KDClient 9 round 28 completed (acc=0.8108, n=90)
[2026-07-26 03:52:09] 2026-07-25 22:13:07 | INFO     | KDClient 10 fit round 28 (tier=medium)
[2026-07-26 03:52:09] 2026-07-25 22:13:07 | INFO     | KDClient 10 round 28 public KD (epochs=2)
[2026-07-26 03:52:09] 2026-07-25 22:13:50 | INFO     | KDClient 10 round 28 local training (epochs=4)
[2026-07-26 03:52:09] 2026-07-25 22:14:22 | INFO     | KDClient 10 round 28 completed (acc=0.8144, n=90)
[2026-07-26 03:52:09] 2026-07-25 22:14:22 | INFO     | KDClient 11 fit round 28 (tier=medium)
[2026-07-26 03:52:09] 2026-07-25 22:14:22 | INFO     | KDClient 11 round 28 public KD (epochs=2)
[2026-07-26 03:52:09] 2026-07-25 22:15:03 | INFO     | KDClient 11 round 28 local training (epochs=4)
[2026-07-26 03:52:09] 2026-07-25 22:15:31 | INFO     | KDClient 11 round 28 completed (acc=0.8865, n=90)
[2026-07-26 03:52:09] 2026-07-25 22:15:31 | INFO     | KDClient 12 fit round 28 (tier=medium)
[2026-07-26 03:52:09] 2026-07-25 22:15:31 | INFO     | KDClient 12 round 28 public KD (epochs=2)
[2026-07-26 03:52:09] 2026-07-25 22:16:10 | INFO     | KDClient 12 round 28 local training (epochs=4)
[2026-07-26 03:52:09] 2026-07-25 22:16:39 | INFO     | KDClient 12 round 28 completed (acc=0.8883, n=90)
[2026-07-26 03:52:09] 2026-07-25 22:16:39 | INFO     | KDClient 13 fit round 28 (tier=medium)
[2026-07-26 03:52:09] 2026-07-25 22:16:39 | INFO     | KDClient 13 round 28 public KD (epochs=2)
[2026-07-26 03:52:09] 2026-07-25 22:17:19 | INFO     | KDClient 13 round 28 local training (epochs=4)
[2026-07-26 03:52:09] 2026-07-25 22:17:47 | INFO     | KDClient 13 round 28 completed (acc=0.8450, n=90)
[2026-07-26 03:52:09] 2026-07-25 22:17:47 | INFO     | KDClient 14 fit round 28 (tier=large)
[2026-07-26 03:52:09] 2026-07-25 22:17:47 | INFO     | KDClient 14 round 28 public KD (epochs=2)
[2026-07-26 03:52:09] 2026-07-25 22:19:01 | INFO     | KDClient 14 round 28 local training (epochs=4)
[2026-07-26 03:52:09] 2026-07-25 22:20:05 | INFO     | KDClient 14 round 28 completed (acc=0.8901, n=90)
[2026-07-26 03:52:09] 2026-07-25 22:20:05 | INFO     | KDClient 15 fit round 28 (tier=large)
[2026-07-26 03:52:09] 2026-07-25 22:20:05 | INFO     | KDClient 15 round 28 public KD (epochs=2)
[2026-07-26 03:52:09] 2026-07-25 22:21:12 | INFO     | KDClient 15 round 28 local training (epochs=4)
[2026-07-26 03:52:09] 2026-07-25 22:22:10 | INFO     | KDClient 15 round 28 completed (acc=0.9099, n=90)
[2026-07-26 03:52:09] 2026-07-25 22:22:10 | INFO     | KDClient 16 fit round 28 (tier=large)
[2026-07-26 03:52:09] 2026-07-25 22:22:10 | INFO     | KDClient 16 round 28 public KD (epochs=2)
[2026-07-26 03:52:09] 2026-07-25 22:23:24 | INFO     | KDClient 16 round 28 local training (epochs=4)
[2026-07-26 03:52:09] 2026-07-25 22:24:18 | INFO     | KDClient 16 round 28 completed (acc=0.8973, n=90)
[2026-07-26 03:52:09] 2026-07-25 22:24:18 | INFO     | KDClient 17 fit round 28 (tier=large)
[2026-07-26 03:52:09] 2026-07-25 22:24:18 | INFO     | KDClient 17 round 28 public KD (epochs=2)
[2026-07-26 03:52:09] 2026-07-25 22:25:27 | INFO     | KDClient 17 round 28 local training (epochs=4)
[2026-07-26 03:52:09] 2026-07-25 22:26:21 | INFO     | KDClient 17 round 28 completed (acc=0.9045, n=90)
[2026-07-26 03:52:09] 2026-07-25 22:26:21 | INFO     | KDClient 18 fit round 28 (tier=large)
[2026-07-26 03:52:09] 2026-07-25 22:26:21 | INFO     | KDClient 18 round 28 public KD (epochs=2)
[2026-07-26 03:52:09] 2026-07-25 22:27:37 | INFO     | KDClient 18 round 28 local training (epochs=4)
[2026-07-26 03:52:09] 2026-07-25 22:28:34 | INFO     | KDClient 18 round 28 completed (acc=0.8721, n=90)
[2026-07-26 03:52:09] 2026-07-25 22:28:34 | INFO     | KDClient 19 fit round 28 (tier=large)
[2026-07-26 03:52:09] 2026-07-25 22:28:34 | INFO     | KDClient 19 round 28 public KD (epochs=2)
[2026-07-26 03:52:09] 2026-07-25 22:29:46 | INFO     | KDClient 19 round 28 local training (epochs=4)
[2026-07-26 03:52:09] 2026-07-25 22:30:58 | INFO     | KDClient 19 round 28 completed (acc=0.9081, n=90)
[2026-07-26 03:52:09]   Round  28/50 | Avg: 0.8813 | Min: 0.8108 | Max: 0.9333
[2026-07-26 03:52:09] 2026-07-25 22:30:58 | INFO     | FEDAKD — IID: round 29/50 starting
[2026-07-26 03:52:09] 2026-07-25 22:30:58 | INFO     | KDClient 0 fit round 29 (tier=small)
[2026-07-26 03:52:09] 2026-07-25 22:30:58 | INFO     | KDClient 0 round 29 public KD (epochs=2)
[2026-07-26 03:52:09] 2026-07-25 22:31:15 | INFO     | KDClient 0 round 29 local training (epochs=4)
[2026-07-26 03:52:09] 2026-07-25 22:31:30 | INFO     | KDClient 0 round 29 completed (acc=0.9243, n=90)
[2026-07-26 03:52:09] 2026-07-25 22:31:30 | INFO     | KDClient 1 fit round 29 (tier=small)
[2026-07-26 03:52:09] 2026-07-25 22:31:30 | INFO     | KDClient 1 round 29 public KD (epochs=2)
[2026-07-26 03:52:09] 2026-07-25 22:31:45 | INFO     | KDClient 1 round 29 local training (epochs=4)
[2026-07-26 03:52:09] 2026-07-25 22:31:57 | INFO     | KDClient 1 round 29 completed (acc=0.8631, n=90)
[2026-07-26 03:52:09] 2026-07-25 22:31:57 | INFO     | KDClient 2 fit round 29 (tier=small)
[2026-07-26 03:52:09] 2026-07-25 22:31:57 | INFO     | KDClient 2 round 29 public KD (epochs=2)
[2026-07-26 03:52:09] 2026-07-25 22:32:15 | INFO     | KDClient 2 round 29 local training (epochs=4)
[2026-07-26 03:52:09] 2026-07-25 22:32:26 | INFO     | KDClient 2 round 29 completed (acc=0.9261, n=90)
[2026-07-26 03:52:09] 2026-07-25 22:32:26 | INFO     | KDClient 3 fit round 29 (tier=small)
[2026-07-26 03:52:09] 2026-07-25 22:32:26 | INFO     | KDClient 3 round 29 public KD (epochs=2)
[2026-07-26 03:52:09] 2026-07-25 22:32:43 | INFO     | KDClient 3 round 29 local training (epochs=4)
[2026-07-26 03:52:09] 2026-07-25 22:32:56 | INFO     | KDClient 3 round 29 completed (acc=0.8631, n=90)
[2026-07-26 03:52:09] 2026-07-25 22:32:56 | INFO     | KDClient 4 fit round 29 (tier=small)
[2026-07-26 03:52:09] 2026-07-25 22:32:56 | INFO     | KDClient 4 round 29 public KD (epochs=2)
[2026-07-26 03:52:09] 2026-07-25 22:33:10 | INFO     | KDClient 4 round 29 local training (epochs=4)
[2026-07-26 03:52:09] 2026-07-25 22:33:22 | INFO     | KDClient 4 round 29 completed (acc=0.9333, n=90)
[2026-07-26 03:52:09] 2026-07-25 22:33:22 | INFO     | KDClient 5 fit round 29 (tier=small)
[2026-07-26 03:52:09] 2026-07-25 22:33:22 | INFO     | KDClient 5 round 29 public KD (epochs=2)
[2026-07-26 03:52:09] 2026-07-25 22:33:35 | INFO     | KDClient 5 round 29 local training (epochs=4)
[2026-07-26 03:52:09] 2026-07-25 22:33:46 | INFO     | KDClient 5 round 29 completed (acc=0.9135, n=90)
[2026-07-26 03:52:09] 2026-07-25 22:33:46 | INFO     | KDClient 6 fit round 29 (tier=small)
[2026-07-26 03:52:09] 2026-07-25 22:33:46 | INFO     | KDClient 6 round 29 public KD (epochs=2)
[2026-07-26 03:52:09] 2026-07-25 22:34:00 | INFO     | KDClient 6 round 29 local training (epochs=4)
[2026-07-26 03:52:09] 2026-07-25 22:34:11 | INFO     | KDClient 6 round 29 completed (acc=0.9027, n=90)
[2026-07-26 03:52:09] 2026-07-25 22:34:11 | INFO     | KDClient 7 fit round 29 (tier=medium)
[2026-07-26 03:52:09] 2026-07-25 22:34:11 | INFO     | KDClient 7 round 29 public KD (epochs=2)
[2026-07-26 03:52:09] 2026-07-25 22:34:52 | INFO     | KDClient 7 round 29 local training (epochs=4)
[2026-07-26 03:52:09] 2026-07-25 22:35:28 | INFO     | KDClient 7 round 29 completed (acc=0.9135, n=90)
[2026-07-26 03:52:09] 2026-07-25 22:35:28 | INFO     | KDClient 8 fit round 29 (tier=medium)
[2026-07-26 03:52:09] 2026-07-25 22:35:28 | INFO     | KDClient 8 round 29 public KD (epochs=2)
[2026-07-26 03:52:09] 2026-07-25 22:36:10 | INFO     | KDClient 8 round 29 local training (epochs=4)
[2026-07-26 03:52:09] 2026-07-25 22:36:43 | INFO     | KDClient 8 round 29 completed (acc=0.7802, n=90)
[2026-07-26 03:52:09] 2026-07-25 22:36:43 | INFO     | KDClient 9 fit round 29 (tier=medium)
[2026-07-26 03:52:09] 2026-07-25 22:36:43 | INFO     | KDClient 9 round 29 public KD (epochs=2)
[2026-07-26 03:52:09] 2026-07-25 22:37:24 | INFO     | KDClient 9 round 29 local training (epochs=4)
[2026-07-26 03:52:09] 2026-07-25 22:38:01 | INFO     | KDClient 9 round 29 completed (acc=0.8036, n=90)
[2026-07-26 03:52:09] 2026-07-25 22:38:01 | INFO     | KDClient 10 fit round 29 (tier=medium)
[2026-07-26 03:52:09] 2026-07-25 22:38:01 | INFO     | KDClient 10 round 29 public KD (epochs=2)
[2026-07-26 03:52:09] 2026-07-25 22:38:44 | INFO     | KDClient 10 round 29 local training (epochs=4)
[2026-07-26 03:52:09] 2026-07-25 22:39:20 | INFO     | KDClient 10 round 29 completed (acc=0.8288, n=90)
[2026-07-26 03:52:09] 2026-07-25 22:39:20 | INFO     | KDClient 11 fit round 29 (tier=medium)
[2026-07-26 03:52:09] 2026-07-25 22:39:20 | INFO     | KDClient 11 round 29 public KD (epochs=2)
[2026-07-26 03:52:09] 2026-07-25 22:39:57 | INFO     | KDClient 11 round 29 local training (epochs=4)
[2026-07-26 03:52:09] 2026-07-25 22:40:25 | INFO     | KDClient 11 round 29 completed (acc=0.8685, n=90)
[2026-07-26 03:52:09] 2026-07-25 22:40:25 | INFO     | KDClient 12 fit round 29 (tier=medium)
[2026-07-26 03:52:09] 2026-07-25 22:40:25 | INFO     | KDClient 12 round 29 public KD (epochs=2)
[2026-07-26 03:52:09] 2026-07-25 22:41:02 | INFO     | KDClient 12 round 29 local training (epochs=4)
[2026-07-26 03:52:09] 2026-07-25 22:41:31 | INFO     | KDClient 12 round 29 completed (acc=0.8667, n=90)
[2026-07-26 03:52:09] 2026-07-25 22:41:31 | INFO     | KDClient 13 fit round 29 (tier=medium)
[2026-07-26 03:52:09] 2026-07-25 22:41:31 | INFO     | KDClient 13 round 29 public KD (epochs=2)
[2026-07-26 03:52:09] 2026-07-25 22:42:13 | INFO     | KDClient 13 round 29 local training (epochs=4)
[2026-07-26 03:52:09] 2026-07-25 22:42:44 | INFO     | KDClient 13 round 29 completed (acc=0.8631, n=90)
[2026-07-26 03:52:09] 2026-07-25 22:42:44 | INFO     | KDClient 14 fit round 29 (tier=large)
[2026-07-26 03:52:09] 2026-07-25 22:42:44 | INFO     | KDClient 14 round 29 public KD (epochs=2)
[2026-07-26 03:52:09] 2026-07-25 22:43:50 | INFO     | KDClient 14 round 29 local training (epochs=4)
[2026-07-26 03:52:09] 2026-07-25 22:44:56 | INFO     | KDClient 14 round 29 completed (acc=0.8991, n=90)
[2026-07-26 03:52:09] 2026-07-25 22:44:56 | INFO     | KDClient 15 fit round 29 (tier=large)
[2026-07-26 03:52:09] 2026-07-25 22:44:56 | INFO     | KDClient 15 round 29 public KD (epochs=2)
[2026-07-26 03:52:09] 2026-07-25 22:46:00 | INFO     | KDClient 15 round 29 local training (epochs=4)
[2026-07-26 03:52:09] 2026-07-25 22:46:50 | INFO     | KDClient 15 round 29 completed (acc=0.8685, n=90)
[2026-07-26 03:52:09] 2026-07-25 22:46:50 | INFO     | KDClient 16 fit round 29 (tier=large)
[2026-07-26 03:52:09] 2026-07-25 22:46:50 | INFO     | KDClient 16 round 29 public KD (epochs=2)
[2026-07-26 03:52:09] 2026-07-25 22:47:52 | INFO     | KDClient 16 round 29 local training (epochs=4)
[2026-07-26 03:52:09] 2026-07-25 22:48:51 | INFO     | KDClient 16 round 29 completed (acc=0.8739, n=90)
[2026-07-26 03:52:09] 2026-07-25 22:48:51 | INFO     | KDClient 17 fit round 29 (tier=large)
[2026-07-26 03:52:09] 2026-07-25 22:48:51 | INFO     | KDClient 17 round 29 public KD (epochs=2)
[2026-07-26 03:52:09] 2026-07-25 22:50:01 | INFO     | KDClient 17 round 29 local training (epochs=4)
[2026-07-26 03:52:09] 2026-07-25 22:50:54 | INFO     | KDClient 17 round 29 completed (acc=0.9153, n=90)
[2026-07-26 03:52:09] 2026-07-25 22:50:54 | INFO     | KDClient 18 fit round 29 (tier=large)
[2026-07-26 03:52:09] 2026-07-25 22:50:54 | INFO     | KDClient 18 round 29 public KD (epochs=2)
[2026-07-26 03:52:09] 2026-07-25 22:52:10 | INFO     | KDClient 18 round 29 local training (epochs=4)
[2026-07-26 03:52:09] 2026-07-25 22:53:14 | INFO     | KDClient 18 round 29 completed (acc=0.8595, n=90)
[2026-07-26 03:52:09] 2026-07-25 22:53:14 | INFO     | KDClient 19 fit round 29 (tier=large)
[2026-07-26 03:52:09] 2026-07-25 22:53:14 | INFO     | KDClient 19 round 29 public KD (epochs=2)
[2026-07-26 03:52:09] 2026-07-25 22:54:29 | INFO     | KDClient 19 round 29 local training (epochs=4)
[2026-07-26 03:52:09] 2026-07-25 22:55:24 | INFO     | KDClient 19 round 29 completed (acc=0.8847, n=90)
[2026-07-26 03:52:09]   Round  29/50 | Avg: 0.8776 | Min: 0.7802 | Max: 0.9333
[2026-07-26 03:52:09] 2026-07-25 22:55:24 | INFO     | FEDAKD — IID: round 30/50 starting
[2026-07-26 03:52:09] 2026-07-25 22:55:24 | INFO     | KDClient 0 fit round 30 (tier=small)
[2026-07-26 03:52:09] 2026-07-25 22:55:24 | INFO     | KDClient 0 round 30 public KD (epochs=2)
[2026-07-26 03:52:09] 2026-07-25 22:55:42 | INFO     | KDClient 0 round 30 local training (epochs=4)
[2026-07-26 03:52:09] 2026-07-25 22:55:55 | INFO     | KDClient 0 round 30 completed (acc=0.8739, n=90)
[2026-07-26 03:52:09] 2026-07-25 22:55:55 | INFO     | KDClient 1 fit round 30 (tier=small)
[2026-07-26 03:52:09] 2026-07-25 22:55:55 | INFO     | KDClient 1 round 30 public KD (epochs=2)
[2026-07-26 03:52:09] 2026-07-25 22:56:13 | INFO     | KDClient 1 round 30 local training (epochs=4)
[2026-07-26 03:52:09] 2026-07-25 22:56:25 | INFO     | KDClient 1 round 30 completed (acc=0.8955, n=90)
[2026-07-26 03:52:09] 2026-07-25 22:56:25 | INFO     | KDClient 2 fit round 30 (tier=small)
[2026-07-26 03:52:09] 2026-07-25 22:56:25 | INFO     | KDClient 2 round 30 public KD (epochs=2)
[2026-07-26 03:52:09] 2026-07-25 22:56:40 | INFO     | KDClient 2 round 30 local training (epochs=4)
[2026-07-26 03:52:09] 2026-07-25 22:56:51 | INFO     | KDClient 2 round 30 completed (acc=0.9045, n=90)
[2026-07-26 03:52:09] 2026-07-25 22:56:51 | INFO     | KDClient 3 fit round 30 (tier=small)
[2026-07-26 03:52:09] 2026-07-25 22:56:51 | INFO     | KDClient 3 round 30 public KD (epochs=2)
[2026-07-26 03:52:09] 2026-07-25 22:57:07 | INFO     | KDClient 3 round 30 local training (epochs=4)
[2026-07-26 03:52:09] 2026-07-25 22:57:20 | INFO     | KDClient 3 round 30 completed (acc=0.8775, n=90)
[2026-07-26 03:52:09] 2026-07-25 22:57:20 | INFO     | KDClient 4 fit round 30 (tier=small)
[2026-07-26 03:52:09] 2026-07-25 22:57:20 | INFO     | KDClient 4 round 30 public KD (epochs=2)
[2026-07-26 03:52:09] 2026-07-25 22:57:33 | INFO     | KDClient 4 round 30 local training (epochs=4)
[2026-07-26 03:52:09] 2026-07-25 22:57:47 | INFO     | KDClient 4 round 30 completed (acc=0.9261, n=90)
[2026-07-26 03:52:09] 2026-07-25 22:57:47 | INFO     | KDClient 5 fit round 30 (tier=small)
[2026-07-26 03:52:09] 2026-07-25 22:57:47 | INFO     | KDClient 5 round 30 public KD (epochs=2)
[2026-07-26 03:52:09] 2026-07-25 22:58:01 | INFO     | KDClient 5 round 30 local training (epochs=4)
[2026-07-26 03:52:09] 2026-07-25 22:58:16 | INFO     | KDClient 5 round 30 completed (acc=0.8991, n=90)
[2026-07-26 03:52:09] 2026-07-25 22:58:16 | INFO     | KDClient 6 fit round 30 (tier=small)
[2026-07-26 03:52:09] 2026-07-25 22:58:16 | INFO     | KDClient 6 round 30 public KD (epochs=2)
[2026-07-26 03:52:09] 2026-07-25 22:58:33 | INFO     | KDClient 6 round 30 local training (epochs=4)
[2026-07-26 03:52:09] 2026-07-25 22:58:45 | INFO     | KDClient 6 round 30 completed (acc=0.8775, n=90)
[2026-07-26 03:52:09] 2026-07-25 22:58:45 | INFO     | KDClient 7 fit round 30 (tier=medium)
[2026-07-26 03:52:09] 2026-07-25 22:58:45 | INFO     | KDClient 7 round 30 public KD (epochs=2)
[2026-07-26 03:52:09] 2026-07-25 22:59:26 | INFO     | KDClient 7 round 30 local training (epochs=4)
[2026-07-26 03:52:09] 2026-07-25 23:00:05 | INFO     | KDClient 7 round 30 completed (acc=0.9189, n=90)
[2026-07-26 03:52:09] 2026-07-25 23:00:05 | INFO     | KDClient 8 fit round 30 (tier=medium)
[2026-07-26 03:52:09] 2026-07-25 23:00:05 | INFO     | KDClient 8 round 30 public KD (epochs=2)
[2026-07-26 03:52:09] 2026-07-25 23:00:46 | INFO     | KDClient 8 round 30 local training (epochs=4)
[2026-07-26 03:52:09] 2026-07-25 23:01:16 | INFO     | KDClient 8 round 30 completed (acc=0.7928, n=90)
[2026-07-26 03:52:09] 2026-07-25 23:01:16 | INFO     | KDClient 9 fit round 30 (tier=medium)
[2026-07-26 03:52:09] 2026-07-25 23:01:16 | INFO     | KDClient 9 round 30 public KD (epochs=2)
[2026-07-26 03:52:09] 2026-07-25 23:02:00 | INFO     | KDClient 9 round 30 local training (epochs=4)
[2026-07-26 03:52:09] 2026-07-25 23:02:37 | INFO     | KDClient 9 round 30 completed (acc=0.8090, n=90)
[2026-07-26 03:52:09] 2026-07-25 23:02:37 | INFO     | KDClient 10 fit round 30 (tier=medium)
[2026-07-26 03:52:09] 2026-07-25 23:02:37 | INFO     | KDClient 10 round 30 public KD (epochs=2)
[2026-07-26 03:52:09] 2026-07-25 23:03:17 | INFO     | KDClient 10 round 30 local training (epochs=4)
[2026-07-26 03:52:09] 2026-07-25 23:03:50 | INFO     | KDClient 10 round 30 completed (acc=0.8252, n=90)
[2026-07-26 03:52:09] 2026-07-25 23:03:50 | INFO     | KDClient 11 fit round 30 (tier=medium)
[2026-07-26 03:52:09] 2026-07-25 23:03:50 | INFO     | KDClient 11 round 30 public KD (epochs=2)
[2026-07-26 03:52:09] 2026-07-25 23:04:28 | INFO     | KDClient 11 round 30 local training (epochs=4)
[2026-07-26 03:52:09] 2026-07-25 23:04:58 | INFO     | KDClient 11 round 30 completed (acc=0.8613, n=90)
[2026-07-26 03:52:09] 2026-07-25 23:04:58 | INFO     | KDClient 12 fit round 30 (tier=medium)
[2026-07-26 03:52:09] 2026-07-25 23:04:58 | INFO     | KDClient 12 round 30 public KD (epochs=2)
[2026-07-26 03:52:09] 2026-07-25 23:05:37 | INFO     | KDClient 12 round 30 local training (epochs=4)
[2026-07-26 03:52:09] 2026-07-25 23:06:09 | INFO     | KDClient 12 round 30 completed (acc=0.8811, n=90)
[2026-07-26 03:52:09] 2026-07-25 23:06:09 | INFO     | KDClient 13 fit round 30 (tier=medium)
[2026-07-26 03:52:09] 2026-07-25 23:06:09 | INFO     | KDClient 13 round 30 public KD (epochs=2)
[2026-07-26 03:52:09] 2026-07-25 23:06:52 | INFO     | KDClient 13 round 30 local training (epochs=4)
[2026-07-26 03:52:09] 2026-07-25 23:07:22 | INFO     | KDClient 13 round 30 completed (acc=0.8757, n=90)
[2026-07-26 03:52:09] 2026-07-25 23:07:22 | INFO     | KDClient 14 fit round 30 (tier=large)
[2026-07-26 03:52:09] 2026-07-25 23:07:22 | INFO     | KDClient 14 round 30 public KD (epochs=2)
[2026-07-26 03:52:09] 2026-07-25 23:08:28 | INFO     | KDClient 14 round 30 local training (epochs=4)
[2026-07-26 03:52:09] 2026-07-25 23:09:17 | INFO     | KDClient 14 round 30 completed (acc=0.8955, n=90)
[2026-07-26 03:52:09] 2026-07-25 23:09:17 | INFO     | KDClient 15 fit round 30 (tier=large)
[2026-07-26 03:52:09] 2026-07-25 23:09:17 | INFO     | KDClient 15 round 30 public KD (epochs=2)
[2026-07-26 03:52:09] 2026-07-25 23:10:25 | INFO     | KDClient 15 round 30 local training (epochs=4)
[2026-07-26 03:52:09] 2026-07-25 23:11:12 | INFO     | KDClient 15 round 30 completed (acc=0.9009, n=90)
[2026-07-26 03:52:09] 2026-07-25 23:11:12 | INFO     | KDClient 16 fit round 30 (tier=large)
[2026-07-26 03:52:09] 2026-07-25 23:11:12 | INFO     | KDClient 16 round 30 public KD (epochs=2)
[2026-07-26 03:52:09] 2026-07-25 23:12:21 | INFO     | KDClient 16 round 30 local training (epochs=4)
[2026-07-26 03:52:09] 2026-07-25 23:13:14 | INFO     | KDClient 16 round 30 completed (acc=0.8595, n=90)
[2026-07-26 03:52:09] 2026-07-25 23:13:14 | INFO     | KDClient 17 fit round 30 (tier=large)
[2026-07-26 03:52:09] 2026-07-25 23:13:14 | INFO     | KDClient 17 round 30 public KD (epochs=2)
[2026-07-26 03:52:09] 2026-07-25 23:14:29 | INFO     | KDClient 17 round 30 local training (epochs=4)
[2026-07-26 03:52:09] 2026-07-25 23:15:26 | INFO     | KDClient 17 round 30 completed (acc=0.8757, n=90)
[2026-07-26 03:52:09] 2026-07-25 23:15:26 | INFO     | KDClient 18 fit round 30 (tier=large)
[2026-07-26 03:52:09] 2026-07-25 23:15:26 | INFO     | KDClient 18 round 30 public KD (epochs=2)
[2026-07-26 03:52:09] 2026-07-25 23:16:39 | INFO     | KDClient 18 round 30 local training (epochs=4)
[2026-07-26 03:52:09] 2026-07-25 23:17:49 | INFO     | KDClient 18 round 30 completed (acc=0.8577, n=90)
[2026-07-26 03:52:09] 2026-07-25 23:17:49 | INFO     | KDClient 19 fit round 30 (tier=large)
[2026-07-26 03:52:09] 2026-07-25 23:17:49 | INFO     | KDClient 19 round 30 public KD (epochs=2)
[2026-07-26 03:52:09] 2026-07-25 23:19:02 | INFO     | KDClient 19 round 30 local training (epochs=4)
[2026-07-26 03:52:09] 2026-07-25 23:20:09 | INFO     | KDClient 19 round 30 completed (acc=0.9009, n=90)
[2026-07-26 03:52:09]   Round  30/50 | Avg: 0.8754 | Min: 0.7928 | Max: 0.9261
[2026-07-26 03:52:09] 2026-07-25 23:20:09 | INFO     | FEDAKD — IID: round 31/50 starting
[2026-07-26 03:52:09] 2026-07-25 23:20:09 | INFO     | KDClient 0 fit round 31 (tier=small)
[2026-07-26 03:52:09] 2026-07-25 23:20:09 | INFO     | KDClient 0 round 31 public KD (epochs=2)
[2026-07-26 03:52:09] 2026-07-25 23:20:25 | INFO     | KDClient 0 round 31 local training (epochs=4)
[2026-07-26 03:52:09] 2026-07-25 23:20:37 | INFO     | KDClient 0 round 31 completed (acc=0.8523, n=90)
[2026-07-26 03:52:09] 2026-07-25 23:20:37 | INFO     | KDClient 1 fit round 31 (tier=small)
[2026-07-26 03:52:09] 2026-07-25 23:20:37 | INFO     | KDClient 1 round 31 public KD (epochs=2)
[2026-07-26 03:52:09] 2026-07-25 23:20:55 | INFO     | KDClient 1 round 31 local training (epochs=4)
[2026-07-26 03:52:09] 2026-07-25 23:21:07 | INFO     | KDClient 1 round 31 completed (acc=0.9315, n=90)
[2026-07-26 03:52:09] 2026-07-25 23:21:07 | INFO     | KDClient 2 fit round 31 (tier=small)
[2026-07-26 03:52:09] 2026-07-25 23:21:07 | INFO     | KDClient 2 round 31 public KD (epochs=2)
[2026-07-26 03:52:09] 2026-07-25 23:21:20 | INFO     | KDClient 2 round 31 local training (epochs=4)
[2026-07-26 03:52:09] 2026-07-25 23:21:32 | INFO     | KDClient 2 round 31 completed (acc=0.8721, n=90)
[2026-07-26 03:52:09] 2026-07-25 23:21:32 | INFO     | KDClient 3 fit round 31 (tier=small)
[2026-07-26 03:52:09] 2026-07-25 23:21:32 | INFO     | KDClient 3 round 31 public KD (epochs=2)
[2026-07-26 03:52:09] 2026-07-25 23:21:43 | INFO     | KDClient 3 round 31 local training (epochs=4)
[2026-07-26 03:52:09] 2026-07-25 23:21:55 | INFO     | KDClient 3 round 31 completed (acc=0.8865, n=90)
[2026-07-26 03:52:09] 2026-07-25 23:21:55 | INFO     | KDClient 4 fit round 31 (tier=small)
[2026-07-26 03:52:09] 2026-07-25 23:21:55 | INFO     | KDClient 4 round 31 public KD (epochs=2)
[2026-07-26 03:52:09] 2026-07-25 23:22:13 | INFO     | KDClient 4 round 31 local training (epochs=4)
[2026-07-26 03:52:09] 2026-07-25 23:22:25 | INFO     | KDClient 4 round 31 completed (acc=0.9261, n=90)
[2026-07-26 03:52:09] 2026-07-25 23:22:25 | INFO     | KDClient 5 fit round 31 (tier=small)
[2026-07-26 03:52:09] 2026-07-25 23:22:25 | INFO     | KDClient 5 round 31 public KD (epochs=2)
[2026-07-26 03:52:09] 2026-07-25 23:22:39 | INFO     | KDClient 5 round 31 local training (epochs=4)
[2026-07-26 03:52:09] 2026-07-25 23:22:50 | INFO     | KDClient 5 round 31 completed (acc=0.9243, n=90)
[2026-07-26 03:52:09] 2026-07-25 23:22:50 | INFO     | KDClient 6 fit round 31 (tier=small)
[2026-07-26 03:52:09] 2026-07-25 23:22:50 | INFO     | KDClient 6 round 31 public KD (epochs=2)
[2026-07-26 03:52:09] 2026-07-25 23:23:08 | INFO     | KDClient 6 round 31 local training (epochs=4)
[2026-07-26 03:52:09] 2026-07-25 23:23:20 | INFO     | KDClient 6 round 31 completed (acc=0.8523, n=90)
[2026-07-26 03:52:09] 2026-07-25 23:23:20 | INFO     | KDClient 7 fit round 31 (tier=medium)
[2026-07-26 03:52:09] 2026-07-25 23:23:20 | INFO     | KDClient 7 round 31 public KD (epochs=2)
[2026-07-26 03:52:09] 2026-07-25 23:23:59 | INFO     | KDClient 7 round 31 local training (epochs=4)
[2026-07-26 03:52:09] 2026-07-25 23:24:32 | INFO     | KDClient 7 round 31 completed (acc=0.8667, n=90)
[2026-07-26 03:52:09] 2026-07-25 23:24:32 | INFO     | KDClient 8 fit round 31 (tier=medium)
[2026-07-26 03:52:09] 2026-07-25 23:24:32 | INFO     | KDClient 8 round 31 public KD (epochs=2)
[2026-07-26 03:52:09] 2026-07-25 23:25:12 | INFO     | KDClient 8 round 31 local training (epochs=4)
[2026-07-26 03:52:09] 2026-07-25 23:25:44 | INFO     | KDClient 8 round 31 completed (acc=0.8180, n=90)
[2026-07-26 03:52:09] 2026-07-25 23:25:44 | INFO     | KDClient 9 fit round 31 (tier=medium)
[2026-07-26 03:52:09] 2026-07-25 23:25:44 | INFO     | KDClient 9 round 31 public KD (epochs=2)
[2026-07-26 03:52:09] 2026-07-25 23:26:47 | INFO     | KDClient 9 round 31 local training (epochs=4)
[2026-07-26 03:52:09] 2026-07-25 23:27:22 | INFO     | KDClient 9 round 31 completed (acc=0.7730, n=90)
[2026-07-26 03:52:09] 2026-07-25 23:27:22 | INFO     | KDClient 10 fit round 31 (tier=medium)
[2026-07-26 03:52:09] 2026-07-25 23:27:22 | INFO     | KDClient 10 round 31 public KD (epochs=2)
[2026-07-26 03:52:09] 2026-07-25 23:28:03 | INFO     | KDClient 10 round 31 local training (epochs=4)
[2026-07-26 03:52:09] 2026-07-25 23:28:32 | INFO     | KDClient 10 round 31 completed (acc=0.8072, n=90)
[2026-07-26 03:52:09] 2026-07-25 23:28:32 | INFO     | KDClient 11 fit round 31 (tier=medium)
[2026-07-26 03:52:09] 2026-07-25 23:28:32 | INFO     | KDClient 11 round 31 public KD (epochs=2)
[2026-07-26 03:52:09] 2026-07-25 23:29:09 | INFO     | KDClient 11 round 31 local training (epochs=4)
[2026-07-26 03:52:09] 2026-07-25 23:29:37 | INFO     | KDClient 11 round 31 completed (acc=0.8613, n=90)
[2026-07-26 03:52:09] 2026-07-25 23:29:37 | INFO     | KDClient 12 fit round 31 (tier=medium)
[2026-07-26 03:52:09] 2026-07-25 23:29:37 | INFO     | KDClient 12 round 31 public KD (epochs=2)
[2026-07-26 03:52:09] 2026-07-25 23:30:17 | INFO     | KDClient 12 round 31 local training (epochs=4)
[2026-07-26 03:52:09] 2026-07-25 23:30:47 | INFO     | KDClient 12 round 31 completed (acc=0.8306, n=90)
[2026-07-26 03:52:09] 2026-07-25 23:30:47 | INFO     | KDClient 13 fit round 31 (tier=medium)
[2026-07-26 03:52:09] 2026-07-25 23:30:47 | INFO     | KDClient 13 round 31 public KD (epochs=2)
[2026-07-26 03:52:09] 2026-07-25 23:31:33 | INFO     | KDClient 13 round 31 local training (epochs=4)
[2026-07-26 03:52:09] 2026-07-25 23:32:03 | INFO     | KDClient 13 round 31 completed (acc=0.8829, n=90)
[2026-07-26 03:52:09] 2026-07-25 23:32:03 | INFO     | KDClient 14 fit round 31 (tier=large)
[2026-07-26 03:52:09] 2026-07-25 23:32:03 | INFO     | KDClient 14 round 31 public KD (epochs=2)
[2026-07-26 03:52:09] 2026-07-25 23:33:08 | INFO     | KDClient 14 round 31 local training (epochs=4)
[2026-07-26 03:52:09] 2026-07-25 23:34:03 | INFO     | KDClient 14 round 31 completed (acc=0.8991, n=90)
[2026-07-26 03:52:09] 2026-07-25 23:34:03 | INFO     | KDClient 15 fit round 31 (tier=large)
[2026-07-26 03:52:09] 2026-07-25 23:34:03 | INFO     | KDClient 15 round 31 public KD (epochs=2)
[2026-07-26 03:52:09] 2026-07-25 23:35:06 | INFO     | KDClient 15 round 31 local training (epochs=4)
[2026-07-26 03:52:09] 2026-07-25 23:35:56 | INFO     | KDClient 15 round 31 completed (acc=0.9099, n=90)
[2026-07-26 03:52:09] 2026-07-25 23:35:56 | INFO     | KDClient 16 fit round 31 (tier=large)
[2026-07-26 03:52:09] 2026-07-25 23:35:56 | INFO     | KDClient 16 round 31 public KD (epochs=2)
[2026-07-26 03:52:09] 2026-07-25 23:37:08 | INFO     | KDClient 16 round 31 local training (epochs=4)
[2026-07-26 03:52:09] 2026-07-25 23:38:00 | INFO     | KDClient 16 round 31 completed (acc=0.8973, n=90)
[2026-07-26 03:52:09] 2026-07-25 23:38:00 | INFO     | KDClient 17 fit round 31 (tier=large)
[2026-07-26 03:52:09] 2026-07-25 23:38:00 | INFO     | KDClient 17 round 31 public KD (epochs=2)
[2026-07-26 03:52:09] 2026-07-25 23:39:13 | INFO     | KDClient 17 round 31 local training (epochs=4)
[2026-07-26 03:52:09] 2026-07-25 23:40:07 | INFO     | KDClient 17 round 31 completed (acc=0.9153, n=90)
[2026-07-26 03:52:09] 2026-07-25 23:40:07 | INFO     | KDClient 18 fit round 31 (tier=large)
[2026-07-26 03:52:09] 2026-07-25 23:40:07 | INFO     | KDClient 18 round 31 public KD (epochs=2)
[2026-07-26 03:52:09] 2026-07-25 23:41:24 | INFO     | KDClient 18 round 31 local training (epochs=4)
[2026-07-26 03:52:09] 2026-07-25 23:42:16 | INFO     | KDClient 18 round 31 completed (acc=0.8757, n=90)
[2026-07-26 03:52:09] 2026-07-25 23:42:16 | INFO     | KDClient 19 fit round 31 (tier=large)
[2026-07-26 03:52:09] 2026-07-25 23:42:16 | INFO     | KDClient 19 round 31 public KD (epochs=2)
[2026-07-26 03:52:09] 2026-07-25 23:43:31 | INFO     | KDClient 19 round 31 local training (epochs=4)
[2026-07-26 03:52:09] 2026-07-25 23:44:27 | INFO     | KDClient 19 round 31 completed (acc=0.8919, n=90)
[2026-07-26 03:52:09]   Round  31/50 | Avg: 0.8737 | Min: 0.7730 | Max: 0.9315
[2026-07-26 03:52:09] 2026-07-25 23:44:27 | INFO     | FEDAKD — IID: round 32/50 starting
[2026-07-26 03:52:09] 2026-07-25 23:44:27 | INFO     | KDClient 0 fit round 32 (tier=small)
[2026-07-26 03:52:09] 2026-07-25 23:44:27 | INFO     | KDClient 0 round 32 public KD (epochs=2)
[2026-07-26 03:52:09] 2026-07-25 23:44:41 | INFO     | KDClient 0 round 32 local training (epochs=4)
[2026-07-26 03:52:09] 2026-07-25 23:44:57 | INFO     | KDClient 0 round 32 completed (acc=0.8649, n=90)
[2026-07-26 03:52:09] 2026-07-25 23:44:57 | INFO     | KDClient 1 fit round 32 (tier=small)
[2026-07-26 03:52:09] 2026-07-25 23:44:57 | INFO     | KDClient 1 round 32 public KD (epochs=2)
[2026-07-26 03:52:09] 2026-07-25 23:45:15 | INFO     | KDClient 1 round 32 local training (epochs=4)
[2026-07-26 03:52:09] 2026-07-25 23:45:30 | INFO     | KDClient 1 round 32 completed (acc=0.9315, n=90)
[2026-07-26 03:52:09] 2026-07-25 23:45:30 | INFO     | KDClient 2 fit round 32 (tier=small)
[2026-07-26 03:52:09] 2026-07-25 23:45:30 | INFO     | KDClient 2 round 32 public KD (epochs=2)
[2026-07-26 03:52:09] 2026-07-25 23:45:43 | INFO     | KDClient 2 round 32 local training (epochs=4)
[2026-07-26 03:52:09] 2026-07-25 23:45:55 | INFO     | KDClient 2 round 32 completed (acc=0.8901, n=90)
[2026-07-26 03:52:09] 2026-07-25 23:45:55 | INFO     | KDClient 3 fit round 32 (tier=small)
[2026-07-26 03:52:09] 2026-07-25 23:45:55 | INFO     | KDClient 3 round 32 public KD (epochs=2)
[2026-07-26 03:52:09] 2026-07-25 23:46:08 | INFO     | KDClient 3 round 32 local training (epochs=4)
[2026-07-26 03:52:09] 2026-07-25 23:46:17 | INFO     | KDClient 3 round 32 completed (acc=0.8793, n=90)
[2026-07-26 03:52:09] 2026-07-25 23:46:17 | INFO     | KDClient 4 fit round 32 (tier=small)
[2026-07-26 03:52:09] 2026-07-25 23:46:17 | INFO     | KDClient 4 round 32 public KD (epochs=2)
[2026-07-26 03:52:09] 2026-07-25 23:46:29 | INFO     | KDClient 4 round 32 local training (epochs=4)
[2026-07-26 03:52:09] 2026-07-25 23:46:41 | INFO     | KDClient 4 round 32 completed (acc=0.9243, n=90)
[2026-07-26 03:52:09] 2026-07-25 23:46:41 | INFO     | KDClient 5 fit round 32 (tier=small)
[2026-07-26 03:52:09] 2026-07-25 23:46:41 | INFO     | KDClient 5 round 32 public KD (epochs=2)
[2026-07-26 03:52:09] 2026-07-25 23:46:59 | INFO     | KDClient 5 round 32 local training (epochs=4)
[2026-07-26 03:52:09] 2026-07-25 23:47:12 | INFO     | KDClient 5 round 32 completed (acc=0.9027, n=90)
[2026-07-26 03:52:09] 2026-07-25 23:47:12 | INFO     | KDClient 6 fit round 32 (tier=small)
[2026-07-26 03:52:09] 2026-07-25 23:47:12 | INFO     | KDClient 6 round 32 public KD (epochs=2)
[2026-07-26 03:52:09] 2026-07-25 23:47:30 | INFO     | KDClient 6 round 32 local training (epochs=4)
[2026-07-26 03:52:09] 2026-07-25 23:47:41 | INFO     | KDClient 6 round 32 completed (acc=0.8486, n=90)
[2026-07-26 03:52:09] 2026-07-25 23:47:41 | INFO     | KDClient 7 fit round 32 (tier=medium)
[2026-07-26 03:52:09] 2026-07-25 23:47:41 | INFO     | KDClient 7 round 32 public KD (epochs=2)
[2026-07-26 03:52:09] 2026-07-25 23:48:22 | INFO     | KDClient 7 round 32 local training (epochs=4)
[2026-07-26 03:52:09] 2026-07-25 23:48:57 | INFO     | KDClient 7 round 32 completed (acc=0.9171, n=90)
[2026-07-26 03:52:09] 2026-07-25 23:48:57 | INFO     | KDClient 8 fit round 32 (tier=medium)
[2026-07-26 03:52:09] 2026-07-25 23:48:57 | INFO     | KDClient 8 round 32 public KD (epochs=2)
[2026-07-26 03:52:09] 2026-07-25 23:49:38 | INFO     | KDClient 8 round 32 local training (epochs=4)
[2026-07-26 03:52:09] 2026-07-25 23:50:10 | INFO     | KDClient 8 round 32 completed (acc=0.7658, n=90)
[2026-07-26 03:52:09] 2026-07-25 23:50:10 | INFO     | KDClient 9 fit round 32 (tier=medium)
[2026-07-26 03:52:09] 2026-07-25 23:50:10 | INFO     | KDClient 9 round 32 public KD (epochs=2)
[2026-07-26 03:52:09] 2026-07-25 23:50:51 | INFO     | KDClient 9 round 32 local training (epochs=4)
[2026-07-26 03:52:09] 2026-07-25 23:51:27 | INFO     | KDClient 9 round 32 completed (acc=0.7802, n=90)
[2026-07-26 03:52:09] 2026-07-25 23:51:27 | INFO     | KDClient 10 fit round 32 (tier=medium)
[2026-07-26 03:52:09] 2026-07-25 23:51:27 | INFO     | KDClient 10 round 32 public KD (epochs=2)
[2026-07-26 03:52:09] 2026-07-25 23:52:06 | INFO     | KDClient 10 round 32 local training (epochs=4)
[2026-07-26 03:52:09] 2026-07-25 23:52:40 | INFO     | KDClient 10 round 32 completed (acc=0.8036, n=90)
[2026-07-26 03:52:09] 2026-07-25 23:52:40 | INFO     | KDClient 11 fit round 32 (tier=medium)
[2026-07-26 03:52:09] 2026-07-25 23:52:40 | INFO     | KDClient 11 round 32 public KD (epochs=2)
[2026-07-26 03:52:09] 2026-07-25 23:53:19 | INFO     | KDClient 11 round 32 local training (epochs=4)
[2026-07-26 03:52:09] 2026-07-25 23:53:51 | INFO     | KDClient 11 round 32 completed (acc=0.8577, n=90)
[2026-07-26 03:52:09] 2026-07-25 23:53:51 | INFO     | KDClient 12 fit round 32 (tier=medium)
[2026-07-26 03:52:09] 2026-07-25 23:53:51 | INFO     | KDClient 12 round 32 public KD (epochs=2)
[2026-07-26 03:52:09] 2026-07-25 23:54:30 | INFO     | KDClient 12 round 32 local training (epochs=4)
[2026-07-26 03:52:09] 2026-07-25 23:55:00 | INFO     | KDClient 12 round 32 completed (acc=0.8793, n=90)
[2026-07-26 03:52:09] 2026-07-25 23:55:00 | INFO     | KDClient 13 fit round 32 (tier=medium)
[2026-07-26 03:52:09] 2026-07-25 23:55:00 | INFO     | KDClient 13 round 32 public KD (epochs=2)
[2026-07-26 03:52:09] 2026-07-25 23:55:43 | INFO     | KDClient 13 round 32 local training (epochs=4)
[2026-07-26 03:52:09] 2026-07-25 23:56:19 | INFO     | KDClient 13 round 32 completed (acc=0.8685, n=90)
[2026-07-26 03:52:09] 2026-07-25 23:56:19 | INFO     | KDClient 14 fit round 32 (tier=large)
[2026-07-26 03:52:09] 2026-07-25 23:56:19 | INFO     | KDClient 14 round 32 public KD (epochs=2)
[2026-07-26 03:52:09] 2026-07-25 23:57:22 | INFO     | KDClient 14 round 32 local training (epochs=4)
[2026-07-26 03:52:09] 2026-07-25 23:58:08 | INFO     | KDClient 14 round 32 completed (acc=0.8883, n=90)
[2026-07-26 03:52:09] 2026-07-25 23:58:08 | INFO     | KDClient 15 fit round 32 (tier=large)
[2026-07-26 03:52:09] 2026-07-25 23:58:08 | INFO     | KDClient 15 round 32 public KD (epochs=2)
[2026-07-26 03:52:09] 2026-07-25 23:59:10 | INFO     | KDClient 15 round 32 local training (epochs=4)
[2026-07-26 03:52:09] 2026-07-25 23:59:57 | INFO     | KDClient 15 round 32 completed (acc=0.9297, n=90)
[2026-07-26 03:52:09] 2026-07-25 23:59:57 | INFO     | KDClient 16 fit round 32 (tier=large)
[2026-07-26 03:52:09] 2026-07-25 23:59:57 | INFO     | KDClient 16 round 32 public KD (epochs=2)
[2026-07-26 03:52:09] 2026-07-26 00:01:01 | INFO     | KDClient 16 round 32 local training (epochs=4)
[2026-07-26 03:52:09] 2026-07-26 00:01:54 | INFO     | KDClient 16 round 32 completed (acc=0.8955, n=90)
[2026-07-26 03:52:09] 2026-07-26 00:01:54 | INFO     | KDClient 17 fit round 32 (tier=large)
[2026-07-26 03:52:09] 2026-07-26 00:01:54 | INFO     | KDClient 17 round 32 public KD (epochs=2)
[2026-07-26 03:52:09] 2026-07-26 00:03:08 | INFO     | KDClient 17 round 32 local training (epochs=4)
[2026-07-26 03:52:09] 2026-07-26 00:04:03 | INFO     | KDClient 17 round 32 completed (acc=0.9135, n=90)
[2026-07-26 03:52:09] 2026-07-26 00:04:03 | INFO     | KDClient 18 fit round 32 (tier=large)
[2026-07-26 03:52:09] 2026-07-26 00:04:03 | INFO     | KDClient 18 round 32 public KD (epochs=2)
[2026-07-26 03:52:09] 2026-07-26 00:05:14 | INFO     | KDClient 18 round 32 local training (epochs=4)
[2026-07-26 03:52:09] 2026-07-26 00:06:28 | INFO     | KDClient 18 round 32 completed (acc=0.8721, n=90)
[2026-07-26 03:52:09] 2026-07-26 00:06:28 | INFO     | KDClient 19 fit round 32 (tier=large)
[2026-07-26 03:52:09] 2026-07-26 00:06:28 | INFO     | KDClient 19 round 32 public KD (epochs=2)
[2026-07-26 03:52:09] 2026-07-26 00:07:39 | INFO     | KDClient 19 round 32 local training (epochs=4)
[2026-07-26 03:52:09] 2026-07-26 00:08:38 | INFO     | KDClient 19 round 32 completed (acc=0.9027, n=90)
[2026-07-26 03:52:09]   Round  32/50 | Avg: 0.8758 | Min: 0.7658 | Max: 0.9315
[2026-07-26 03:52:09] 2026-07-26 00:08:38 | INFO     | FEDAKD — IID: round 33/50 starting
[2026-07-26 03:52:09] 2026-07-26 00:08:38 | INFO     | KDClient 0 fit round 33 (tier=small)
[2026-07-26 03:52:09] 2026-07-26 00:08:38 | INFO     | KDClient 0 round 33 public KD (epochs=2)
[2026-07-26 03:52:09] 2026-07-26 00:08:57 | INFO     | KDClient 0 round 33 local training (epochs=4)
[2026-07-26 03:52:09] 2026-07-26 00:09:15 | INFO     | KDClient 0 round 33 completed (acc=0.8505, n=90)
[2026-07-26 03:52:09] 2026-07-26 00:09:15 | INFO     | KDClient 1 fit round 33 (tier=small)
[2026-07-26 03:52:09] 2026-07-26 00:09:15 | INFO     | KDClient 1 round 33 public KD (epochs=2)
[2026-07-26 03:52:09] 2026-07-26 00:09:29 | INFO     | KDClient 1 round 33 local training (epochs=4)
[2026-07-26 03:52:09] 2026-07-26 00:09:41 | INFO     | KDClient 1 round 33 completed (acc=0.9315, n=90)
[2026-07-26 03:52:09] 2026-07-26 00:09:41 | INFO     | KDClient 2 fit round 33 (tier=small)
[2026-07-26 03:52:09] 2026-07-26 00:09:41 | INFO     | KDClient 2 round 33 public KD (epochs=2)
[2026-07-26 03:52:09] 2026-07-26 00:09:55 | INFO     | KDClient 2 round 33 local training (epochs=4)
[2026-07-26 03:52:09] 2026-07-26 00:10:06 | INFO     | KDClient 2 round 33 completed (acc=0.9135, n=90)
[2026-07-26 03:52:09] 2026-07-26 00:10:06 | INFO     | KDClient 3 fit round 33 (tier=small)
[2026-07-26 03:52:09] 2026-07-26 00:10:06 | INFO     | KDClient 3 round 33 public KD (epochs=2)
[2026-07-26 03:52:09] 2026-07-26 00:10:19 | INFO     | KDClient 3 round 33 local training (epochs=4)
[2026-07-26 03:52:09] 2026-07-26 00:10:31 | INFO     | KDClient 3 round 33 completed (acc=0.8757, n=90)
[2026-07-26 03:52:09] 2026-07-26 00:10:31 | INFO     | KDClient 4 fit round 33 (tier=small)
[2026-07-26 03:52:09] 2026-07-26 00:10:31 | INFO     | KDClient 4 round 33 public KD (epochs=2)
[2026-07-26 03:52:09] 2026-07-26 00:10:49 | INFO     | KDClient 4 round 33 local training (epochs=4)
[2026-07-26 03:52:09] 2026-07-26 00:11:01 | INFO     | KDClient 4 round 33 completed (acc=0.9351, n=90)
[2026-07-26 03:52:09] 2026-07-26 00:11:01 | INFO     | KDClient 5 fit round 33 (tier=small)
[2026-07-26 03:52:09] 2026-07-26 00:11:01 | INFO     | KDClient 5 round 33 public KD (epochs=2)
[2026-07-26 03:52:09] 2026-07-26 00:11:18 | INFO     | KDClient 5 round 33 local training (epochs=4)
[2026-07-26 03:52:09] 2026-07-26 00:11:30 | INFO     | KDClient 5 round 33 completed (acc=0.8919, n=90)
[2026-07-26 03:52:09] 2026-07-26 00:11:30 | INFO     | KDClient 6 fit round 33 (tier=small)
[2026-07-26 03:52:09] 2026-07-26 00:11:30 | INFO     | KDClient 6 round 33 public KD (epochs=2)
[2026-07-26 03:52:09] 2026-07-26 00:11:42 | INFO     | KDClient 6 round 33 local training (epochs=4)
[2026-07-26 03:52:09] 2026-07-26 00:11:52 | INFO     | KDClient 6 round 33 completed (acc=0.8432, n=90)
[2026-07-26 03:52:09] 2026-07-26 00:11:52 | INFO     | KDClient 7 fit round 33 (tier=medium)
[2026-07-26 03:52:09] 2026-07-26 00:11:52 | INFO     | KDClient 7 round 33 public KD (epochs=2)
[2026-07-26 03:52:09] 2026-07-26 00:12:29 | INFO     | KDClient 7 round 33 local training (epochs=4)
[2026-07-26 03:52:09] 2026-07-26 00:12:49 | INFO     | KDClient 7 round 33 completed (acc=0.9225, n=90)
[2026-07-26 03:52:09] 2026-07-26 00:12:49 | INFO     | KDClient 8 fit round 33 (tier=medium)
[2026-07-26 03:52:09] 2026-07-26 00:12:49 | INFO     | KDClient 8 round 33 public KD (epochs=2)
[2026-07-26 03:52:09] 2026-07-26 00:13:23 | INFO     | KDClient 8 round 33 local training (epochs=4)
[2026-07-26 03:52:09] 2026-07-26 00:13:46 | INFO     | KDClient 8 round 33 completed (acc=0.8180, n=90)
[2026-07-26 03:52:09] 2026-07-26 00:13:46 | INFO     | KDClient 9 fit round 33 (tier=medium)
[2026-07-26 03:52:09] 2026-07-26 00:13:46 | INFO     | KDClient 9 round 33 public KD (epochs=2)
[2026-07-26 03:52:09] 2026-07-26 00:14:24 | INFO     | KDClient 9 round 33 local training (epochs=4)
[2026-07-26 03:52:09] 2026-07-26 00:14:56 | INFO     | KDClient 9 round 33 completed (acc=0.7892, n=90)
[2026-07-26 03:52:09] 2026-07-26 00:14:56 | INFO     | KDClient 10 fit round 33 (tier=medium)
[2026-07-26 03:52:09] 2026-07-26 00:14:56 | INFO     | KDClient 10 round 33 public KD (epochs=2)
[2026-07-26 03:52:09] 2026-07-26 00:15:34 | INFO     | KDClient 10 round 33 local training (epochs=4)
[2026-07-26 03:52:09] 2026-07-26 00:16:09 | INFO     | KDClient 10 round 33 completed (acc=0.8234, n=90)
[2026-07-26 03:52:09] 2026-07-26 00:16:09 | INFO     | KDClient 11 fit round 33 (tier=medium)
[2026-07-26 03:52:09] 2026-07-26 00:16:09 | INFO     | KDClient 11 round 33 public KD (epochs=2)
[2026-07-26 03:52:09] 2026-07-26 00:16:50 | INFO     | KDClient 11 round 33 local training (epochs=4)
[2026-07-26 03:52:09] 2026-07-26 00:17:22 | INFO     | KDClient 11 round 33 completed (acc=0.8667, n=90)
[2026-07-26 03:52:09] 2026-07-26 00:17:22 | INFO     | KDClient 12 fit round 33 (tier=medium)
[2026-07-26 03:52:09] 2026-07-26 00:17:22 | INFO     | KDClient 12 round 33 public KD (epochs=2)
[2026-07-26 03:52:09] 2026-07-26 00:18:06 | INFO     | KDClient 12 round 33 local training (epochs=4)
[2026-07-26 03:52:09] 2026-07-26 00:18:39 | INFO     | KDClient 12 round 33 completed (acc=0.8847, n=90)
[2026-07-26 03:52:09] 2026-07-26 00:18:39 | INFO     | KDClient 13 fit round 33 (tier=medium)
[2026-07-26 03:52:09] 2026-07-26 00:18:39 | INFO     | KDClient 13 round 33 public KD (epochs=2)
[2026-07-26 03:52:09] 2026-07-26 00:19:19 | INFO     | KDClient 13 round 33 local training (epochs=4)
[2026-07-26 03:52:09] 2026-07-26 00:19:49 | INFO     | KDClient 13 round 33 completed (acc=0.8595, n=90)
[2026-07-26 03:52:09] 2026-07-26 00:19:49 | INFO     | KDClient 14 fit round 33 (tier=large)
[2026-07-26 03:52:09] 2026-07-26 00:19:49 | INFO     | KDClient 14 round 33 public KD (epochs=2)
[2026-07-26 03:52:09] 2026-07-26 00:20:49 | INFO     | KDClient 14 round 33 local training (epochs=4)
[2026-07-26 03:52:09] 2026-07-26 00:21:36 | INFO     | KDClient 14 round 33 completed (acc=0.8631, n=90)
[2026-07-26 03:52:09] 2026-07-26 00:21:36 | INFO     | KDClient 15 fit round 33 (tier=large)
[2026-07-26 03:52:09] 2026-07-26 00:21:36 | INFO     | KDClient 15 round 33 public KD (epochs=2)
[2026-07-26 03:52:09] 2026-07-26 00:22:47 | INFO     | KDClient 15 round 33 local training (epochs=4)
[2026-07-26 03:52:09] 2026-07-26 00:23:40 | INFO     | KDClient 15 round 33 completed (acc=0.9351, n=90)
[2026-07-26 03:52:09] 2026-07-26 00:23:40 | INFO     | KDClient 16 fit round 33 (tier=large)
[2026-07-26 03:52:09] 2026-07-26 00:23:40 | INFO     | KDClient 16 round 33 public KD (epochs=2)
[2026-07-26 03:52:09] 2026-07-26 00:24:42 | INFO     | KDClient 16 round 33 local training (epochs=4)
[2026-07-26 03:52:09] 2026-07-26 00:25:35 | INFO     | KDClient 16 round 33 completed (acc=0.8973, n=90)
[2026-07-26 03:52:09] 2026-07-26 00:25:35 | INFO     | KDClient 17 fit round 33 (tier=large)
[2026-07-26 03:52:09] 2026-07-26 00:25:35 | INFO     | KDClient 17 round 33 public KD (epochs=2)
[2026-07-26 03:52:09] 2026-07-26 00:26:42 | INFO     | KDClient 17 round 33 local training (epochs=4)
[2026-07-26 03:52:09] 2026-07-26 00:27:40 | INFO     | KDClient 17 round 33 completed (acc=0.8901, n=90)
[2026-07-26 03:52:09] 2026-07-26 00:27:40 | INFO     | KDClient 18 fit round 33 (tier=large)
[2026-07-26 03:52:09] 2026-07-26 00:27:40 | INFO     | KDClient 18 round 33 public KD (epochs=2)
[2026-07-26 03:52:09] 2026-07-26 00:28:48 | INFO     | KDClient 18 round 33 local training (epochs=4)
[2026-07-26 03:52:09] 2026-07-26 00:29:49 | INFO     | KDClient 18 round 33 completed (acc=0.8721, n=90)
[2026-07-26 03:52:09] 2026-07-26 00:29:49 | INFO     | KDClient 19 fit round 33 (tier=large)
[2026-07-26 03:52:09] 2026-07-26 00:29:49 | INFO     | KDClient 19 round 33 public KD (epochs=2)
[2026-07-26 03:52:09] 2026-07-26 00:31:01 | INFO     | KDClient 19 round 33 local training (epochs=4)
[2026-07-26 03:52:09] 2026-07-26 00:31:55 | INFO     | KDClient 19 round 33 completed (acc=0.9063, n=90)
[2026-07-26 03:52:09]   Round  33/50 | Avg: 0.8785 | Min: 0.7892 | Max: 0.9351
[2026-07-26 03:52:09] 2026-07-26 00:31:55 | INFO     | FEDAKD — IID: round 34/50 starting
[2026-07-26 03:52:09] 2026-07-26 00:31:55 | INFO     | KDClient 0 fit round 34 (tier=small)
[2026-07-26 03:52:09] 2026-07-26 00:31:55 | INFO     | KDClient 0 round 34 public KD (epochs=2)
[2026-07-26 03:52:09] 2026-07-26 00:32:11 | INFO     | KDClient 0 round 34 local training (epochs=4)
[2026-07-26 03:52:09] 2026-07-26 00:32:26 | INFO     | KDClient 0 round 34 completed (acc=0.8631, n=90)
[2026-07-26 03:52:09] 2026-07-26 00:32:26 | INFO     | KDClient 1 fit round 34 (tier=small)
[2026-07-26 03:52:09] 2026-07-26 00:32:26 | INFO     | KDClient 1 round 34 public KD (epochs=2)
[2026-07-26 03:52:09] 2026-07-26 00:32:43 | INFO     | KDClient 1 round 34 local training (epochs=4)
[2026-07-26 03:52:09] 2026-07-26 00:32:52 | INFO     | KDClient 1 round 34 completed (acc=0.9351, n=90)
[2026-07-26 03:52:09] 2026-07-26 00:32:52 | INFO     | KDClient 2 fit round 34 (tier=small)
[2026-07-26 03:52:09] 2026-07-26 00:32:52 | INFO     | KDClient 2 round 34 public KD (epochs=2)
[2026-07-26 03:52:09] 2026-07-26 00:33:06 | INFO     | KDClient 2 round 34 local training (epochs=4)
[2026-07-26 03:52:09] 2026-07-26 00:33:17 | INFO     | KDClient 2 round 34 completed (acc=0.9027, n=90)
[2026-07-26 03:52:09] 2026-07-26 00:33:17 | INFO     | KDClient 3 fit round 34 (tier=small)
[2026-07-26 03:52:09] 2026-07-26 00:33:17 | INFO     | KDClient 3 round 34 public KD (epochs=2)
[2026-07-26 03:52:09] 2026-07-26 00:33:28 | INFO     | KDClient 3 round 34 local training (epochs=4)
[2026-07-26 03:52:09] 2026-07-26 00:33:39 | INFO     | KDClient 3 round 34 completed (acc=0.8703, n=90)
[2026-07-26 03:52:09] 2026-07-26 00:33:39 | INFO     | KDClient 4 fit round 34 (tier=small)
[2026-07-26 03:52:09] 2026-07-26 00:33:39 | INFO     | KDClient 4 round 34 public KD (epochs=2)
[2026-07-26 03:52:09] 2026-07-26 00:33:54 | INFO     | KDClient 4 round 34 local training (epochs=4)
[2026-07-26 03:52:09] 2026-07-26 00:34:06 | INFO     | KDClient 4 round 34 completed (acc=0.9333, n=90)
[2026-07-26 03:52:09] 2026-07-26 00:34:06 | INFO     | KDClient 5 fit round 34 (tier=small)
[2026-07-26 03:52:09] 2026-07-26 00:34:06 | INFO     | KDClient 5 round 34 public KD (epochs=2)
[2026-07-26 03:52:09] 2026-07-26 00:34:20 | INFO     | KDClient 5 round 34 local training (epochs=4)
[2026-07-26 03:52:09] 2026-07-26 00:34:35 | INFO     | KDClient 5 round 34 completed (acc=0.9027, n=90)
[2026-07-26 03:52:09] 2026-07-26 00:34:35 | INFO     | KDClient 6 fit round 34 (tier=small)
[2026-07-26 03:52:09] 2026-07-26 00:34:35 | INFO     | KDClient 6 round 34 public KD (epochs=2)
[2026-07-26 03:52:09] 2026-07-26 00:34:49 | INFO     | KDClient 6 round 34 local training (epochs=4)
[2026-07-26 03:52:09] 2026-07-26 00:35:00 | INFO     | KDClient 6 round 34 completed (acc=0.8775, n=90)
[2026-07-26 03:52:09] 2026-07-26 00:35:00 | INFO     | KDClient 7 fit round 34 (tier=medium)
[2026-07-26 03:52:09] 2026-07-26 00:35:00 | INFO     | KDClient 7 round 34 public KD (epochs=2)
[2026-07-26 03:52:09] 2026-07-26 00:35:37 | INFO     | KDClient 7 round 34 local training (epochs=4)
[2026-07-26 03:52:09] 2026-07-26 00:36:10 | INFO     | KDClient 7 round 34 completed (acc=0.9135, n=90)
[2026-07-26 03:52:09] 2026-07-26 00:36:10 | INFO     | KDClient 8 fit round 34 (tier=medium)
[2026-07-26 03:52:09] 2026-07-26 00:36:10 | INFO     | KDClient 8 round 34 public KD (epochs=2)
[2026-07-26 03:52:09] 2026-07-26 00:36:48 | INFO     | KDClient 8 round 34 local training (epochs=4)
[2026-07-26 03:52:09] 2026-07-26 00:37:25 | INFO     | KDClient 8 round 34 completed (acc=0.8180, n=90)
[2026-07-26 03:52:09] 2026-07-26 00:37:25 | INFO     | KDClient 9 fit round 34 (tier=medium)
[2026-07-26 03:52:09] 2026-07-26 00:37:25 | INFO     | KDClient 9 round 34 public KD (epochs=2)
[2026-07-26 03:52:09] 2026-07-26 00:38:08 | INFO     | KDClient 9 round 34 local training (epochs=4)
[2026-07-26 03:52:09] 2026-07-26 00:38:41 | INFO     | KDClient 9 round 34 completed (acc=0.7712, n=90)
[2026-07-26 03:52:09] 2026-07-26 00:38:41 | INFO     | KDClient 10 fit round 34 (tier=medium)
[2026-07-26 03:52:09] 2026-07-26 00:38:41 | INFO     | KDClient 10 round 34 public KD (epochs=2)
[2026-07-26 03:52:09] 2026-07-26 00:39:23 | INFO     | KDClient 10 round 34 local training (epochs=4)
[2026-07-26 03:52:09] 2026-07-26 00:39:57 | INFO     | KDClient 10 round 34 completed (acc=0.8306, n=90)
[2026-07-26 03:52:09] 2026-07-26 00:39:57 | INFO     | KDClient 11 fit round 34 (tier=medium)
[2026-07-26 03:52:09] 2026-07-26 00:39:57 | INFO     | KDClient 11 round 34 public KD (epochs=2)
[2026-07-26 03:52:09] 2026-07-26 00:40:36 | INFO     | KDClient 11 round 34 local training (epochs=4)
[2026-07-26 03:52:09] 2026-07-26 00:41:02 | INFO     | KDClient 11 round 34 completed (acc=0.8775, n=90)
[2026-07-26 03:52:09] 2026-07-26 00:41:02 | INFO     | KDClient 12 fit round 34 (tier=medium)
[2026-07-26 03:52:09] 2026-07-26 00:41:02 | INFO     | KDClient 12 round 34 public KD (epochs=2)
[2026-07-26 03:52:09] 2026-07-26 00:41:35 | INFO     | KDClient 12 round 34 local training (epochs=4)
[2026-07-26 03:52:09] 2026-07-26 00:42:08 | INFO     | KDClient 12 round 34 completed (acc=0.8901, n=90)
[2026-07-26 03:52:09] 2026-07-26 00:42:08 | INFO     | KDClient 13 fit round 34 (tier=medium)
[2026-07-26 03:52:09] 2026-07-26 00:42:08 | INFO     | KDClient 13 round 34 public KD (epochs=2)
[2026-07-26 03:52:09] 2026-07-26 00:42:47 | INFO     | KDClient 13 round 34 local training (epochs=4)
[2026-07-26 03:52:09] 2026-07-26 00:43:13 | INFO     | KDClient 13 round 34 completed (acc=0.8505, n=90)
[2026-07-26 03:52:09] 2026-07-26 00:43:13 | INFO     | KDClient 14 fit round 34 (tier=large)
[2026-07-26 03:52:09] 2026-07-26 00:43:13 | INFO     | KDClient 14 round 34 public KD (epochs=2)
[2026-07-26 03:52:09] 2026-07-26 00:44:13 | INFO     | KDClient 14 round 34 local training (epochs=4)
[2026-07-26 03:52:09] 2026-07-26 00:45:09 | INFO     | KDClient 14 round 34 completed (acc=0.8901, n=90)
[2026-07-26 03:52:09] 2026-07-26 00:45:09 | INFO     | KDClient 15 fit round 34 (tier=large)
[2026-07-26 03:52:09] 2026-07-26 00:45:09 | INFO     | KDClient 15 round 34 public KD (epochs=2)
[2026-07-26 03:52:09] 2026-07-26 00:46:13 | INFO     | KDClient 15 round 34 local training (epochs=4)
[2026-07-26 03:52:09] 2026-07-26 00:47:16 | INFO     | KDClient 15 round 34 completed (acc=0.9351, n=90)
[2026-07-26 03:52:09] 2026-07-26 00:47:16 | INFO     | KDClient 16 fit round 34 (tier=large)
[2026-07-26 03:52:09] 2026-07-26 00:47:16 | INFO     | KDClient 16 round 34 public KD (epochs=2)
[2026-07-26 03:52:09] 2026-07-26 00:48:18 | INFO     | KDClient 16 round 34 local training (epochs=4)
[2026-07-26 03:52:09] 2026-07-26 00:49:25 | INFO     | KDClient 16 round 34 completed (acc=0.8955, n=90)
[2026-07-26 03:52:09] 2026-07-26 00:49:25 | INFO     | KDClient 17 fit round 34 (tier=large)
[2026-07-26 03:52:09] 2026-07-26 00:49:25 | INFO     | KDClient 17 round 34 public KD (epochs=2)
[2026-07-26 03:52:09] 2026-07-26 00:50:30 | INFO     | KDClient 17 round 34 local training (epochs=4)
[2026-07-26 03:52:09] 2026-07-26 00:51:25 | INFO     | KDClient 17 round 34 completed (acc=0.8955, n=90)
[2026-07-26 03:52:09] 2026-07-26 00:51:25 | INFO     | KDClient 18 fit round 34 (tier=large)
[2026-07-26 03:52:09] 2026-07-26 00:51:25 | INFO     | KDClient 18 round 34 public KD (epochs=2)
[2026-07-26 03:52:09] 2026-07-26 00:52:34 | INFO     | KDClient 18 round 34 local training (epochs=4)
[2026-07-26 03:52:09] 2026-07-26 00:53:43 | INFO     | KDClient 18 round 34 completed (acc=0.8432, n=90)
[2026-07-26 03:52:09] 2026-07-26 00:53:43 | INFO     | KDClient 19 fit round 34 (tier=large)
[2026-07-26 03:52:09] 2026-07-26 00:53:43 | INFO     | KDClient 19 round 34 public KD (epochs=2)
[2026-07-26 03:52:09] 2026-07-26 00:54:54 | INFO     | KDClient 19 round 34 local training (epochs=4)
[2026-07-26 03:52:09] 2026-07-26 00:55:51 | INFO     | KDClient 19 round 34 completed (acc=0.8829, n=90)
[2026-07-26 03:52:09]   Round  34/50 | Avg: 0.8789 | Min: 0.7712 | Max: 0.9351
[2026-07-26 03:52:09] 2026-07-26 00:55:51 | INFO     | FEDAKD — IID: round 35/50 starting
[2026-07-26 03:52:09] 2026-07-26 00:55:51 | INFO     | KDClient 0 fit round 35 (tier=small)
[2026-07-26 03:52:09] 2026-07-26 00:55:51 | INFO     | KDClient 0 round 35 public KD (epochs=2)
[2026-07-26 03:52:09] 2026-07-26 00:56:07 | INFO     | KDClient 0 round 35 local training (epochs=4)
[2026-07-26 03:52:09] 2026-07-26 00:56:22 | INFO     | KDClient 0 round 35 completed (acc=0.8541, n=90)
[2026-07-26 03:52:09] 2026-07-26 00:56:22 | INFO     | KDClient 1 fit round 35 (tier=small)
[2026-07-26 03:52:09] 2026-07-26 00:56:22 | INFO     | KDClient 1 round 35 public KD (epochs=2)
[2026-07-26 03:52:09] 2026-07-26 00:56:38 | INFO     | KDClient 1 round 35 local training (epochs=4)
[2026-07-26 03:52:09] 2026-07-26 00:56:51 | INFO     | KDClient 1 round 35 completed (acc=0.9027, n=90)
[2026-07-26 03:52:09] 2026-07-26 00:56:51 | INFO     | KDClient 2 fit round 35 (tier=small)
[2026-07-26 03:52:09] 2026-07-26 00:56:51 | INFO     | KDClient 2 round 35 public KD (epochs=2)
[2026-07-26 03:52:09] 2026-07-26 00:57:05 | INFO     | KDClient 2 round 35 local training (epochs=4)
[2026-07-26 03:52:09] 2026-07-26 00:57:17 | INFO     | KDClient 2 round 35 completed (acc=0.9315, n=90)
[2026-07-26 03:52:09] 2026-07-26 00:57:17 | INFO     | KDClient 3 fit round 35 (tier=small)
[2026-07-26 03:52:09] 2026-07-26 00:57:17 | INFO     | KDClient 3 round 35 public KD (epochs=2)
[2026-07-26 03:52:09] 2026-07-26 00:57:31 | INFO     | KDClient 3 round 35 local training (epochs=4)
[2026-07-26 03:52:09] 2026-07-26 00:57:43 | INFO     | KDClient 3 round 35 completed (acc=0.8342, n=90)
[2026-07-26 03:52:09] 2026-07-26 00:57:43 | INFO     | KDClient 4 fit round 35 (tier=small)
[2026-07-26 03:52:09] 2026-07-26 00:57:43 | INFO     | KDClient 4 round 35 public KD (epochs=2)
[2026-07-26 03:52:09] 2026-07-26 00:57:53 | INFO     | KDClient 4 round 35 local training (epochs=4)
[2026-07-26 03:52:09] 2026-07-26 00:58:04 | INFO     | KDClient 4 round 35 completed (acc=0.9351, n=90)
[2026-07-26 03:52:09] 2026-07-26 00:58:04 | INFO     | KDClient 5 fit round 35 (tier=small)
[2026-07-26 03:52:09] 2026-07-26 00:58:04 | INFO     | KDClient 5 round 35 public KD (epochs=2)
[2026-07-26 03:52:09] 2026-07-26 00:58:16 | INFO     | KDClient 5 round 35 local training (epochs=4)
[2026-07-26 03:52:09] 2026-07-26 00:58:28 | INFO     | KDClient 5 round 35 completed (acc=0.9261, n=90)
[2026-07-26 03:52:09] 2026-07-26 00:58:28 | INFO     | KDClient 6 fit round 35 (tier=small)
[2026-07-26 03:52:09] 2026-07-26 00:58:28 | INFO     | KDClient 6 round 35 public KD (epochs=2)
[2026-07-26 03:52:09] 2026-07-26 00:58:41 | INFO     | KDClient 6 round 35 local training (epochs=4)
[2026-07-26 03:52:09] 2026-07-26 00:58:51 | INFO     | KDClient 6 round 35 completed (acc=0.8396, n=90)
[2026-07-26 03:52:09] 2026-07-26 00:58:51 | INFO     | KDClient 7 fit round 35 (tier=medium)
[2026-07-26 03:52:09] 2026-07-26 00:58:51 | INFO     | KDClient 7 round 35 public KD (epochs=2)
[2026-07-26 03:52:09] 2026-07-26 00:59:31 | INFO     | KDClient 7 round 35 local training (epochs=4)
[2026-07-26 03:52:09] 2026-07-26 00:59:59 | INFO     | KDClient 7 round 35 completed (acc=0.9153, n=90)
[2026-07-26 03:52:09] 2026-07-26 00:59:59 | INFO     | KDClient 8 fit round 35 (tier=medium)
[2026-07-26 03:52:09] 2026-07-26 00:59:59 | INFO     | KDClient 8 round 35 public KD (epochs=2)
[2026-07-26 03:52:09] 2026-07-26 01:01:02 | INFO     | KDClient 8 round 35 local training (epochs=4)
[2026-07-26 03:52:09] 2026-07-26 01:01:43 | INFO     | KDClient 8 round 35 completed (acc=0.8144, n=90)
[2026-07-26 03:52:09] 2026-07-26 01:01:43 | INFO     | KDClient 9 fit round 35 (tier=medium)
[2026-07-26 03:52:09] 2026-07-26 01:01:43 | INFO     | KDClient 9 round 35 public KD (epochs=2)
[2026-07-26 03:52:09] 2026-07-26 01:02:43 | INFO     | KDClient 9 round 35 local training (epochs=4)
[2026-07-26 03:52:09] 2026-07-26 01:03:17 | INFO     | KDClient 9 round 35 completed (acc=0.7694, n=90)
[2026-07-26 03:52:09] 2026-07-26 01:03:17 | INFO     | KDClient 10 fit round 35 (tier=medium)
[2026-07-26 03:52:09] 2026-07-26 01:03:17 | INFO     | KDClient 10 round 35 public KD (epochs=2)
[2026-07-26 03:52:09] 2026-07-26 01:03:55 | INFO     | KDClient 10 round 35 local training (epochs=4)
[2026-07-26 03:52:09] 2026-07-26 01:04:30 | INFO     | KDClient 10 round 35 completed (acc=0.8342, n=90)
[2026-07-26 03:52:09] 2026-07-26 01:04:30 | INFO     | KDClient 11 fit round 35 (tier=medium)
[2026-07-26 03:52:09] 2026-07-26 01:04:30 | INFO     | KDClient 11 round 35 public KD (epochs=2)
[2026-07-26 03:52:09] 2026-07-26 01:05:08 | INFO     | KDClient 11 round 35 local training (epochs=4)
[2026-07-26 03:52:09] 2026-07-26 01:05:37 | INFO     | KDClient 11 round 35 completed (acc=0.8721, n=90)
[2026-07-26 03:52:09] 2026-07-26 01:05:37 | INFO     | KDClient 12 fit round 35 (tier=medium)
[2026-07-26 03:52:09] 2026-07-26 01:05:37 | INFO     | KDClient 12 round 35 public KD (epochs=2)
[2026-07-26 03:52:09] 2026-07-26 01:06:14 | INFO     | KDClient 12 round 35 local training (epochs=4)
[2026-07-26 03:52:09] 2026-07-26 01:06:51 | INFO     | KDClient 12 round 35 completed (acc=0.8811, n=90)
[2026-07-26 03:52:09] 2026-07-26 01:06:51 | INFO     | KDClient 13 fit round 35 (tier=medium)
[2026-07-26 03:52:09] 2026-07-26 01:06:51 | INFO     | KDClient 13 round 35 public KD (epochs=2)
[2026-07-26 03:52:09] 2026-07-26 01:07:29 | INFO     | KDClient 13 round 35 local training (epochs=4)
[2026-07-26 03:52:09] 2026-07-26 01:07:59 | INFO     | KDClient 13 round 35 completed (acc=0.8577, n=90)
[2026-07-26 03:52:09] 2026-07-26 01:07:59 | INFO     | KDClient 14 fit round 35 (tier=large)
[2026-07-26 03:52:09] 2026-07-26 01:07:59 | INFO     | KDClient 14 round 35 public KD (epochs=2)
[2026-07-26 03:52:09] 2026-07-26 01:09:05 | INFO     | KDClient 14 round 35 local training (epochs=4)
[2026-07-26 03:52:09] 2026-07-26 01:09:51 | INFO     | KDClient 14 round 35 completed (acc=0.8793, n=90)
[2026-07-26 03:52:09] 2026-07-26 01:09:51 | INFO     | KDClient 15 fit round 35 (tier=large)
[2026-07-26 03:52:09] 2026-07-26 01:09:51 | INFO     | KDClient 15 round 35 public KD (epochs=2)
[2026-07-26 03:52:09] 2026-07-26 01:11:04 | INFO     | KDClient 15 round 35 local training (epochs=4)
[2026-07-26 03:52:09] 2026-07-26 01:12:06 | INFO     | KDClient 15 round 35 completed (acc=0.9207, n=90)
[2026-07-26 03:52:09] 2026-07-26 01:12:06 | INFO     | KDClient 16 fit round 35 (tier=large)
[2026-07-26 03:52:09] 2026-07-26 01:12:06 | INFO     | KDClient 16 round 35 public KD (epochs=2)
[2026-07-26 03:52:09] 2026-07-26 01:13:17 | INFO     | KDClient 16 round 35 local training (epochs=4)
[2026-07-26 03:52:09] 2026-07-26 01:14:26 | INFO     | KDClient 16 round 35 completed (acc=0.8775, n=90)
[2026-07-26 03:52:09] 2026-07-26 01:14:26 | INFO     | KDClient 17 fit round 35 (tier=large)
[2026-07-26 03:52:09] 2026-07-26 01:14:26 | INFO     | KDClient 17 round 35 public KD (epochs=2)
[2026-07-26 03:52:09] 2026-07-26 01:15:31 | INFO     | KDClient 17 round 35 local training (epochs=4)
[2026-07-26 03:52:09] 2026-07-26 01:16:25 | INFO     | KDClient 17 round 35 completed (acc=0.9063, n=90)
[2026-07-26 03:52:09] 2026-07-26 01:16:25 | INFO     | KDClient 18 fit round 35 (tier=large)
[2026-07-26 03:52:09] 2026-07-26 01:16:25 | INFO     | KDClient 18 round 35 public KD (epochs=2)
[2026-07-26 03:52:09] 2026-07-26 01:17:35 | INFO     | KDClient 18 round 35 local training (epochs=4)
[2026-07-26 03:52:09] 2026-07-26 01:18:44 | INFO     | KDClient 18 round 35 completed (acc=0.8414, n=90)
[2026-07-26 03:52:09] 2026-07-26 01:18:44 | INFO     | KDClient 19 fit round 35 (tier=large)
[2026-07-26 03:52:09] 2026-07-26 01:18:44 | INFO     | KDClient 19 round 35 public KD (epochs=2)
[2026-07-26 03:52:09] 2026-07-26 01:19:58 | INFO     | KDClient 19 round 35 local training (epochs=4)
[2026-07-26 03:52:09] 2026-07-26 01:20:59 | INFO     | KDClient 19 round 35 completed (acc=0.8721, n=90)
[2026-07-26 03:52:09]   Round  35/50 | Avg: 0.8732 | Min: 0.7694 | Max: 0.9351
[2026-07-26 03:52:09] 2026-07-26 01:20:59 | INFO     | FEDAKD — IID: round 36/50 starting
[2026-07-26 03:52:09] 2026-07-26 01:20:59 | INFO     | KDClient 0 fit round 36 (tier=small)
[2026-07-26 03:52:09] 2026-07-26 01:20:59 | INFO     | KDClient 0 round 36 public KD (epochs=2)
[2026-07-26 03:52:09] 2026-07-26 01:21:16 | INFO     | KDClient 0 round 36 local training (epochs=4)
[2026-07-26 03:52:09] 2026-07-26 01:21:31 | INFO     | KDClient 0 round 36 completed (acc=0.8396, n=90)
[2026-07-26 03:52:09] 2026-07-26 01:21:31 | INFO     | KDClient 1 fit round 36 (tier=small)
[2026-07-26 03:52:09] 2026-07-26 01:21:31 | INFO     | KDClient 1 round 36 public KD (epochs=2)
[2026-07-26 03:52:09] 2026-07-26 01:21:45 | INFO     | KDClient 1 round 36 local training (epochs=4)
[2026-07-26 03:52:09] 2026-07-26 01:21:57 | INFO     | KDClient 1 round 36 completed (acc=0.9297, n=90)
[2026-07-26 03:52:09] 2026-07-26 01:21:57 | INFO     | KDClient 2 fit round 36 (tier=small)
[2026-07-26 03:52:09] 2026-07-26 01:21:57 | INFO     | KDClient 2 round 36 public KD (epochs=2)
[2026-07-26 03:52:09] 2026-07-26 01:22:10 | INFO     | KDClient 2 round 36 local training (epochs=4)
[2026-07-26 03:52:09] 2026-07-26 01:22:22 | INFO     | KDClient 2 round 36 completed (acc=0.8865, n=90)
[2026-07-26 03:52:09] 2026-07-26 01:22:22 | INFO     | KDClient 3 fit round 36 (tier=small)
[2026-07-26 03:52:09] 2026-07-26 01:22:22 | INFO     | KDClient 3 round 36 public KD (epochs=2)
[2026-07-26 03:52:09] 2026-07-26 01:22:36 | INFO     | KDClient 3 round 36 local training (epochs=4)
[2026-07-26 03:52:09] 2026-07-26 01:22:47 | INFO     | KDClient 3 round 36 completed (acc=0.8631, n=90)
[2026-07-26 03:52:09] 2026-07-26 01:22:47 | INFO     | KDClient 4 fit round 36 (tier=small)
[2026-07-26 03:52:09] 2026-07-26 01:22:47 | INFO     | KDClient 4 round 36 public KD (epochs=2)
[2026-07-26 03:52:09] 2026-07-26 01:23:01 | INFO     | KDClient 4 round 36 local training (epochs=4)
[2026-07-26 03:52:09] 2026-07-26 01:23:12 | INFO     | KDClient 4 round 36 completed (acc=0.9297, n=90)
[2026-07-26 03:52:09] 2026-07-26 01:23:12 | INFO     | KDClient 5 fit round 36 (tier=small)
[2026-07-26 03:52:09] 2026-07-26 01:23:12 | INFO     | KDClient 5 round 36 public KD (epochs=2)
[2026-07-26 03:52:09] 2026-07-26 01:23:24 | INFO     | KDClient 5 round 36 local training (epochs=4)
[2026-07-26 03:52:09] 2026-07-26 01:23:35 | INFO     | KDClient 5 round 36 completed (acc=0.9009, n=90)
[2026-07-26 03:52:09] 2026-07-26 01:23:35 | INFO     | KDClient 6 fit round 36 (tier=small)
[2026-07-26 03:52:09] 2026-07-26 01:23:35 | INFO     | KDClient 6 round 36 public KD (epochs=2)
[2026-07-26 03:52:09] 2026-07-26 01:23:48 | INFO     | KDClient 6 round 36 local training (epochs=4)
[2026-07-26 03:52:09] 2026-07-26 01:23:59 | INFO     | KDClient 6 round 36 completed (acc=0.8162, n=90)
[2026-07-26 03:52:09] 2026-07-26 01:23:59 | INFO     | KDClient 7 fit round 36 (tier=medium)
[2026-07-26 03:52:09] 2026-07-26 01:23:59 | INFO     | KDClient 7 round 36 public KD (epochs=2)
[2026-07-26 03:52:09] 2026-07-26 01:24:39 | INFO     | KDClient 7 round 36 local training (epochs=4)
[2026-07-26 03:52:09] 2026-07-26 01:25:10 | INFO     | KDClient 7 round 36 completed (acc=0.9189, n=90)
[2026-07-26 03:52:09] 2026-07-26 01:25:10 | INFO     | KDClient 8 fit round 36 (tier=medium)
[2026-07-26 03:52:09] 2026-07-26 01:25:10 | INFO     | KDClient 8 round 36 public KD (epochs=2)
[2026-07-26 03:52:09] 2026-07-26 01:26:12 | INFO     | KDClient 8 round 36 local training (epochs=4)
[2026-07-26 03:52:09] 2026-07-26 01:26:46 | INFO     | KDClient 8 round 36 completed (acc=0.8162, n=90)
[2026-07-26 03:52:09] 2026-07-26 01:26:46 | INFO     | KDClient 9 fit round 36 (tier=medium)
[2026-07-26 03:52:09] 2026-07-26 01:26:46 | INFO     | KDClient 9 round 36 public KD (epochs=2)
[2026-07-26 03:52:09] 2026-07-26 01:27:28 | INFO     | KDClient 9 round 36 local training (epochs=4)
[2026-07-26 03:52:09] 2026-07-26 01:27:59 | INFO     | KDClient 9 round 36 completed (acc=0.7946, n=90)
[2026-07-26 03:52:09] 2026-07-26 01:27:59 | INFO     | KDClient 10 fit round 36 (tier=medium)
[2026-07-26 03:52:09] 2026-07-26 01:27:59 | INFO     | KDClient 10 round 36 public KD (epochs=2)
[2026-07-26 03:52:09] 2026-07-26 01:28:39 | INFO     | KDClient 10 round 36 local training (epochs=4)
[2026-07-26 03:52:09] 2026-07-26 01:29:16 | INFO     | KDClient 10 round 36 completed (acc=0.8270, n=90)
[2026-07-26 03:52:09] 2026-07-26 01:29:16 | INFO     | KDClient 11 fit round 36 (tier=medium)
[2026-07-26 03:52:09] 2026-07-26 01:29:16 | INFO     | KDClient 11 round 36 public KD (epochs=2)
[2026-07-26 03:52:09] 2026-07-26 01:29:57 | INFO     | KDClient 11 round 36 local training (epochs=4)
[2026-07-26 03:52:09] 2026-07-26 01:30:27 | INFO     | KDClient 11 round 36 completed (acc=0.8739, n=90)
[2026-07-26 03:52:09] 2026-07-26 01:30:27 | INFO     | KDClient 12 fit round 36 (tier=medium)
[2026-07-26 03:52:09] 2026-07-26 01:30:27 | INFO     | KDClient 12 round 36 public KD (epochs=2)
[2026-07-26 03:52:09] 2026-07-26 01:31:09 | INFO     | KDClient 12 round 36 local training (epochs=4)
[2026-07-26 03:52:09] 2026-07-26 01:31:38 | INFO     | KDClient 12 round 36 completed (acc=0.8919, n=90)
[2026-07-26 03:52:09] 2026-07-26 01:31:38 | INFO     | KDClient 13 fit round 36 (tier=medium)
[2026-07-26 03:52:09] 2026-07-26 01:31:38 | INFO     | KDClient 13 round 36 public KD (epochs=2)
[2026-07-26 03:52:09] 2026-07-26 01:32:18 | INFO     | KDClient 13 round 36 local training (epochs=4)
[2026-07-26 03:52:09] 2026-07-26 01:32:48 | INFO     | KDClient 13 round 36 completed (acc=0.8595, n=90)
[2026-07-26 03:52:09] 2026-07-26 01:32:48 | INFO     | KDClient 14 fit round 36 (tier=large)
[2026-07-26 03:52:09] 2026-07-26 01:32:48 | INFO     | KDClient 14 round 36 public KD (epochs=2)
[2026-07-26 03:52:09] 2026-07-26 01:33:46 | INFO     | KDClient 14 round 36 local training (epochs=4)
[2026-07-26 03:52:09] 2026-07-26 01:34:42 | INFO     | KDClient 14 round 36 completed (acc=0.8901, n=90)
[2026-07-26 03:52:09] 2026-07-26 01:34:42 | INFO     | KDClient 15 fit round 36 (tier=large)
[2026-07-26 03:52:09] 2026-07-26 01:34:42 | INFO     | KDClient 15 round 36 public KD (epochs=2)
[2026-07-26 03:52:09] 2026-07-26 01:35:45 | INFO     | KDClient 15 round 36 local training (epochs=4)
[2026-07-26 03:52:09] 2026-07-26 01:36:41 | INFO     | KDClient 15 round 36 completed (acc=0.9189, n=90)
[2026-07-26 03:52:09] 2026-07-26 01:36:41 | INFO     | KDClient 16 fit round 36 (tier=large)
[2026-07-26 03:52:09] 2026-07-26 01:36:41 | INFO     | KDClient 16 round 36 public KD (epochs=2)
[2026-07-26 03:52:09] 2026-07-26 01:37:51 | INFO     | KDClient 16 round 36 local training (epochs=4)
[2026-07-26 03:52:09] 2026-07-26 01:38:42 | INFO     | KDClient 16 round 36 completed (acc=0.8847, n=90)
[2026-07-26 03:52:09] 2026-07-26 01:38:42 | INFO     | KDClient 17 fit round 36 (tier=large)
[2026-07-26 03:52:09] 2026-07-26 01:38:42 | INFO     | KDClient 17 round 36 public KD (epochs=2)
[2026-07-26 03:52:09] 2026-07-26 01:39:51 | INFO     | KDClient 17 round 36 local training (epochs=4)
[2026-07-26 03:52:09] 2026-07-26 01:40:41 | INFO     | KDClient 17 round 36 completed (acc=0.8991, n=90)
[2026-07-26 03:52:09] 2026-07-26 01:40:41 | INFO     | KDClient 18 fit round 36 (tier=large)
[2026-07-26 03:52:09] 2026-07-26 01:40:41 | INFO     | KDClient 18 round 36 public KD (epochs=2)
[2026-07-26 03:52:09] 2026-07-26 01:41:50 | INFO     | KDClient 18 round 36 local training (epochs=4)
[2026-07-26 03:52:09] 2026-07-26 01:42:42 | INFO     | KDClient 18 round 36 completed (acc=0.8306, n=90)
[2026-07-26 03:52:09] 2026-07-26 01:42:42 | INFO     | KDClient 19 fit round 36 (tier=large)
[2026-07-26 03:52:09] 2026-07-26 01:42:42 | INFO     | KDClient 19 round 36 public KD (epochs=2)
[2026-07-26 03:52:09] 2026-07-26 01:43:58 | INFO     | KDClient 19 round 36 local training (epochs=4)
[2026-07-26 03:52:09] 2026-07-26 01:44:52 | INFO     | KDClient 19 round 36 completed (acc=0.8613, n=90)
[2026-07-26 03:52:09]   Round  36/50 | Avg: 0.8716 | Min: 0.7946 | Max: 0.9297
[2026-07-26 03:52:09] 2026-07-26 01:44:52 | INFO     | FEDAKD — IID: round 37/50 starting
[2026-07-26 03:52:09] 2026-07-26 01:44:52 | INFO     | KDClient 0 fit round 37 (tier=small)
[2026-07-26 03:52:09] 2026-07-26 01:44:52 | INFO     | KDClient 0 round 37 public KD (epochs=2)
[2026-07-26 03:52:09] 2026-07-26 01:45:10 | INFO     | KDClient 0 round 37 local training (epochs=4)
[2026-07-26 03:52:09] 2026-07-26 01:45:24 | INFO     | KDClient 0 round 37 completed (acc=0.8973, n=90)
[2026-07-26 03:52:09] 2026-07-26 01:45:24 | INFO     | KDClient 1 fit round 37 (tier=small)
[2026-07-26 03:52:09] 2026-07-26 01:45:24 | INFO     | KDClient 1 round 37 public KD (epochs=2)
[2026-07-26 03:52:09] 2026-07-26 01:45:42 | INFO     | KDClient 1 round 37 local training (epochs=4)
[2026-07-26 03:52:09] 2026-07-26 01:45:57 | INFO     | KDClient 1 round 37 completed (acc=0.9297, n=90)
[2026-07-26 03:52:09] 2026-07-26 01:45:57 | INFO     | KDClient 2 fit round 37 (tier=small)
[2026-07-26 03:52:09] 2026-07-26 01:45:57 | INFO     | KDClient 2 round 37 public KD (epochs=2)
[2026-07-26 03:52:09] 2026-07-26 01:46:13 | INFO     | KDClient 2 round 37 local training (epochs=4)
[2026-07-26 03:52:09] 2026-07-26 01:46:27 | INFO     | KDClient 2 round 37 completed (acc=0.9117, n=90)
[2026-07-26 03:52:09] 2026-07-26 01:46:27 | INFO     | KDClient 3 fit round 37 (tier=small)
[2026-07-26 03:52:09] 2026-07-26 01:46:27 | INFO     | KDClient 3 round 37 public KD (epochs=2)
[2026-07-26 03:52:09] 2026-07-26 01:46:42 | INFO     | KDClient 3 round 37 local training (epochs=4)
[2026-07-26 03:52:09] 2026-07-26 01:46:54 | INFO     | KDClient 3 round 37 completed (acc=0.8721, n=90)
[2026-07-26 03:52:09] 2026-07-26 01:46:54 | INFO     | KDClient 4 fit round 37 (tier=small)
[2026-07-26 03:52:09] 2026-07-26 01:46:54 | INFO     | KDClient 4 round 37 public KD (epochs=2)
[2026-07-26 03:52:09] 2026-07-26 01:47:09 | INFO     | KDClient 4 round 37 local training (epochs=4)
[2026-07-26 03:52:09] 2026-07-26 01:47:22 | INFO     | KDClient 4 round 37 completed (acc=0.9315, n=90)
[2026-07-26 03:52:09] 2026-07-26 01:47:22 | INFO     | KDClient 5 fit round 37 (tier=small)
[2026-07-26 03:52:09] 2026-07-26 01:47:22 | INFO     | KDClient 5 round 37 public KD (epochs=2)
[2026-07-26 03:52:09] 2026-07-26 01:47:39 | INFO     | KDClient 5 round 37 local training (epochs=4)
[2026-07-26 03:52:09] 2026-07-26 01:47:51 | INFO     | KDClient 5 round 37 completed (acc=0.9261, n=90)
[2026-07-26 03:52:09] 2026-07-26 01:47:51 | INFO     | KDClient 6 fit round 37 (tier=small)
[2026-07-26 03:52:09] 2026-07-26 01:47:51 | INFO     | KDClient 6 round 37 public KD (epochs=2)
[2026-07-26 03:52:09] 2026-07-26 01:48:09 | INFO     | KDClient 6 round 37 local training (epochs=4)
[2026-07-26 03:52:09] 2026-07-26 01:48:20 | INFO     | KDClient 6 round 37 completed (acc=0.8342, n=90)
[2026-07-26 03:52:09] 2026-07-26 01:48:20 | INFO     | KDClient 7 fit round 37 (tier=medium)
[2026-07-26 03:52:09] 2026-07-26 01:48:20 | INFO     | KDClient 7 round 37 public KD (epochs=2)
[2026-07-26 03:52:09] 2026-07-26 01:48:59 | INFO     | KDClient 7 round 37 local training (epochs=4)
[2026-07-26 03:52:09] 2026-07-26 01:49:41 | INFO     | KDClient 7 round 37 completed (acc=0.9027, n=90)
[2026-07-26 03:52:09] 2026-07-26 01:49:41 | INFO     | KDClient 8 fit round 37 (tier=medium)
[2026-07-26 03:52:09] 2026-07-26 01:49:41 | INFO     | KDClient 8 round 37 public KD (epochs=2)
[2026-07-26 03:52:09] 2026-07-26 01:50:21 | INFO     | KDClient 8 round 37 local training (epochs=4)
[2026-07-26 03:52:09] 2026-07-26 01:50:54 | INFO     | KDClient 8 round 37 completed (acc=0.8054, n=90)
[2026-07-26 03:52:09] 2026-07-26 01:50:54 | INFO     | KDClient 9 fit round 37 (tier=medium)
[2026-07-26 03:52:09] 2026-07-26 01:50:54 | INFO     | KDClient 9 round 37 public KD (epochs=2)
[2026-07-26 03:52:09] 2026-07-26 01:51:37 | INFO     | KDClient 9 round 37 local training (epochs=4)
[2026-07-26 03:52:09] 2026-07-26 01:52:06 | INFO     | KDClient 9 round 37 completed (acc=0.7874, n=90)
[2026-07-26 03:52:09] 2026-07-26 01:52:06 | INFO     | KDClient 10 fit round 37 (tier=medium)
[2026-07-26 03:52:09] 2026-07-26 01:52:06 | INFO     | KDClient 10 round 37 public KD (epochs=2)
[2026-07-26 03:52:09] 2026-07-26 01:52:46 | INFO     | KDClient 10 round 37 local training (epochs=4)
[2026-07-26 03:52:09] 2026-07-26 01:53:17 | INFO     | KDClient 10 round 37 completed (acc=0.8216, n=90)
[2026-07-26 03:52:09] 2026-07-26 01:53:17 | INFO     | KDClient 11 fit round 37 (tier=medium)
[2026-07-26 03:52:09] 2026-07-26 01:53:17 | INFO     | KDClient 11 round 37 public KD (epochs=2)
[2026-07-26 03:52:09] 2026-07-26 01:53:57 | INFO     | KDClient 11 round 37 local training (epochs=4)
[2026-07-26 03:52:09] 2026-07-26 01:54:29 | INFO     | KDClient 11 round 37 completed (acc=0.8541, n=90)
[2026-07-26 03:52:09] 2026-07-26 01:54:29 | INFO     | KDClient 12 fit round 37 (tier=medium)
[2026-07-26 03:52:09] 2026-07-26 01:54:29 | INFO     | KDClient 12 round 37 public KD (epochs=2)
[2026-07-26 03:52:09] 2026-07-26 01:55:06 | INFO     | KDClient 12 round 37 local training (epochs=4)
[2026-07-26 03:52:09] 2026-07-26 01:55:33 | INFO     | KDClient 12 round 37 completed (acc=0.8739, n=90)
[2026-07-26 03:52:09] 2026-07-26 01:55:33 | INFO     | KDClient 13 fit round 37 (tier=medium)
[2026-07-26 03:52:09] 2026-07-26 01:55:33 | INFO     | KDClient 13 round 37 public KD (epochs=2)
[2026-07-26 03:52:09] 2026-07-26 01:56:14 | INFO     | KDClient 13 round 37 local training (epochs=4)
[2026-07-26 03:52:09] 2026-07-26 01:56:45 | INFO     | KDClient 13 round 37 completed (acc=0.8523, n=90)
[2026-07-26 03:52:09] 2026-07-26 01:56:45 | INFO     | KDClient 14 fit round 37 (tier=large)
[2026-07-26 03:52:09] 2026-07-26 01:56:45 | INFO     | KDClient 14 round 37 public KD (epochs=2)
[2026-07-26 03:52:09] 2026-07-26 01:57:47 | INFO     | KDClient 14 round 37 local training (epochs=4)
[2026-07-26 03:52:09] 2026-07-26 01:58:46 | INFO     | KDClient 14 round 37 completed (acc=0.8757, n=90)
[2026-07-26 03:52:09] 2026-07-26 01:58:46 | INFO     | KDClient 15 fit round 37 (tier=large)
[2026-07-26 03:52:09] 2026-07-26 01:58:46 | INFO     | KDClient 15 round 37 public KD (epochs=2)
[2026-07-26 03:52:09] 2026-07-26 01:59:49 | INFO     | KDClient 15 round 37 local training (epochs=4)
[2026-07-26 03:52:09] 2026-07-26 02:00:35 | INFO     | KDClient 15 round 37 completed (acc=0.9081, n=90)
[2026-07-26 03:52:09] 2026-07-26 02:00:35 | INFO     | KDClient 16 fit round 37 (tier=large)
[2026-07-26 03:52:09] 2026-07-26 02:00:35 | INFO     | KDClient 16 round 37 public KD (epochs=2)
[2026-07-26 03:52:09] 2026-07-26 02:01:35 | INFO     | KDClient 16 round 37 local training (epochs=4)
[2026-07-26 03:52:09] 2026-07-26 02:02:21 | INFO     | KDClient 16 round 37 completed (acc=0.8973, n=90)
[2026-07-26 03:52:09] 2026-07-26 02:02:21 | INFO     | KDClient 17 fit round 37 (tier=large)
[2026-07-26 03:52:09] 2026-07-26 02:02:21 | INFO     | KDClient 17 round 37 public KD (epochs=2)
[2026-07-26 03:52:09] 2026-07-26 02:03:19 | INFO     | KDClient 17 round 37 local training (epochs=4)
[2026-07-26 03:52:09] 2026-07-26 02:04:00 | INFO     | KDClient 17 round 37 completed (acc=0.8649, n=90)
[2026-07-26 03:52:09] 2026-07-26 02:04:00 | INFO     | KDClient 18 fit round 37 (tier=large)
[2026-07-26 03:52:09] 2026-07-26 02:04:00 | INFO     | KDClient 18 round 37 public KD (epochs=2)
[2026-07-26 03:52:09] 2026-07-26 02:05:00 | INFO     | KDClient 18 round 37 local training (epochs=4)
[2026-07-26 03:52:09] 2026-07-26 02:06:03 | INFO     | KDClient 18 round 37 completed (acc=0.8324, n=90)
[2026-07-26 03:52:09] 2026-07-26 02:06:03 | INFO     | KDClient 19 fit round 37 (tier=large)
[2026-07-26 03:52:09] 2026-07-26 02:06:03 | INFO     | KDClient 19 round 37 public KD (epochs=2)
[2026-07-26 03:52:09] 2026-07-26 02:07:20 | INFO     | KDClient 19 round 37 local training (epochs=4)
[2026-07-26 03:52:09] 2026-07-26 02:08:31 | INFO     | KDClient 19 round 37 completed (acc=0.8631, n=90)
[2026-07-26 03:52:09]   Round  37/50 | Avg: 0.8721 | Min: 0.7874 | Max: 0.9315
[2026-07-26 03:52:09] 2026-07-26 02:08:31 | INFO     | FEDAKD — IID: round 38/50 starting
[2026-07-26 03:52:09] 2026-07-26 02:08:31 | INFO     | KDClient 0 fit round 38 (tier=small)
[2026-07-26 03:52:09] 2026-07-26 02:08:31 | INFO     | KDClient 0 round 38 public KD (epochs=2)
[2026-07-26 03:52:09] 2026-07-26 02:08:50 | INFO     | KDClient 0 round 38 local training (epochs=4)
[2026-07-26 03:52:09] 2026-07-26 02:09:08 | INFO     | KDClient 0 round 38 completed (acc=0.9171, n=90)
[2026-07-26 03:52:09] 2026-07-26 02:09:08 | INFO     | KDClient 1 fit round 38 (tier=small)
[2026-07-26 03:52:09] 2026-07-26 02:09:08 | INFO     | KDClient 1 round 38 public KD (epochs=2)
[2026-07-26 03:52:09] 2026-07-26 02:09:25 | INFO     | KDClient 1 round 38 local training (epochs=4)
[2026-07-26 03:52:09] 2026-07-26 02:09:38 | INFO     | KDClient 1 round 38 completed (acc=0.9135, n=90)
[2026-07-26 03:52:09] 2026-07-26 02:09:38 | INFO     | KDClient 2 fit round 38 (tier=small)
[2026-07-26 03:52:09] 2026-07-26 02:09:38 | INFO     | KDClient 2 round 38 public KD (epochs=2)
[2026-07-26 03:52:09] 2026-07-26 02:09:59 | INFO     | KDClient 2 round 38 local training (epochs=4)
[2026-07-26 03:52:09] 2026-07-26 02:10:08 | INFO     | KDClient 2 round 38 completed (acc=0.9243, n=90)
[2026-07-26 03:52:09] 2026-07-26 02:10:08 | INFO     | KDClient 3 fit round 38 (tier=small)
[2026-07-26 03:52:09] 2026-07-26 02:10:08 | INFO     | KDClient 3 round 38 public KD (epochs=2)
[2026-07-26 03:52:09] 2026-07-26 02:10:27 | INFO     | KDClient 3 round 38 local training (epochs=4)
[2026-07-26 03:52:09] 2026-07-26 02:10:44 | INFO     | KDClient 3 round 38 completed (acc=0.8685, n=90)
[2026-07-26 03:52:09] 2026-07-26 02:10:44 | INFO     | KDClient 4 fit round 38 (tier=small)
[2026-07-26 03:52:09] 2026-07-26 02:10:44 | INFO     | KDClient 4 round 38 public KD (epochs=2)
[2026-07-26 03:52:09] 2026-07-26 02:10:58 | INFO     | KDClient 4 round 38 local training (epochs=4)
[2026-07-26 03:52:09] 2026-07-26 02:11:10 | INFO     | KDClient 4 round 38 completed (acc=0.9243, n=90)
[2026-07-26 03:52:09] 2026-07-26 02:11:10 | INFO     | KDClient 5 fit round 38 (tier=small)
[2026-07-26 03:52:09] 2026-07-26 02:11:10 | INFO     | KDClient 5 round 38 public KD (epochs=2)
[2026-07-26 03:52:09] 2026-07-26 02:11:26 | INFO     | KDClient 5 round 38 local training (epochs=4)
[2026-07-26 03:52:09] 2026-07-26 02:11:39 | INFO     | KDClient 5 round 38 completed (acc=0.9315, n=90)
[2026-07-26 03:52:09] 2026-07-26 02:11:39 | INFO     | KDClient 6 fit round 38 (tier=small)
[2026-07-26 03:52:09] 2026-07-26 02:11:39 | INFO     | KDClient 6 round 38 public KD (epochs=2)
[2026-07-26 03:52:09] 2026-07-26 02:11:53 | INFO     | KDClient 6 round 38 local training (epochs=4)
[2026-07-26 03:52:09] 2026-07-26 02:12:04 | INFO     | KDClient 6 round 38 completed (acc=0.8234, n=90)
[2026-07-26 03:52:09] 2026-07-26 02:12:04 | INFO     | KDClient 7 fit round 38 (tier=medium)
[2026-07-26 03:52:09] 2026-07-26 02:12:04 | INFO     | KDClient 7 round 38 public KD (epochs=2)
[2026-07-26 03:52:09] 2026-07-26 02:12:45 | INFO     | KDClient 7 round 38 local training (epochs=4)
[2026-07-26 03:52:09] 2026-07-26 02:13:22 | INFO     | KDClient 7 round 38 completed (acc=0.8973, n=90)
[2026-07-26 03:52:09] 2026-07-26 02:13:22 | INFO     | KDClient 8 fit round 38 (tier=medium)
[2026-07-26 03:52:09] 2026-07-26 02:13:22 | INFO     | KDClient 8 round 38 public KD (epochs=2)
[2026-07-26 03:52:09] 2026-07-26 02:14:25 | INFO     | KDClient 8 round 38 local training (epochs=4)
[2026-07-26 03:52:09] 2026-07-26 02:15:01 | INFO     | KDClient 8 round 38 completed (acc=0.8162, n=90)
[2026-07-26 03:52:09] 2026-07-26 02:15:01 | INFO     | KDClient 9 fit round 38 (tier=medium)
[2026-07-26 03:52:09] 2026-07-26 02:15:01 | INFO     | KDClient 9 round 38 public KD (epochs=2)
[2026-07-26 03:52:09] 2026-07-26 02:15:43 | INFO     | KDClient 9 round 38 local training (epochs=4)
[2026-07-26 03:52:09] 2026-07-26 02:16:13 | INFO     | KDClient 9 round 38 completed (acc=0.7730, n=90)
[2026-07-26 03:52:09] 2026-07-26 02:16:13 | INFO     | KDClient 10 fit round 38 (tier=medium)
[2026-07-26 03:52:09] 2026-07-26 02:16:13 | INFO     | KDClient 10 round 38 public KD (epochs=2)
[2026-07-26 03:52:09] 2026-07-26 02:16:54 | INFO     | KDClient 10 round 38 local training (epochs=4)
[2026-07-26 03:52:09] 2026-07-26 02:17:26 | INFO     | KDClient 10 round 38 completed (acc=0.8324, n=90)
[2026-07-26 03:52:09] 2026-07-26 02:17:26 | INFO     | KDClient 11 fit round 38 (tier=medium)
[2026-07-26 03:52:09] 2026-07-26 02:17:26 | INFO     | KDClient 11 round 38 public KD (epochs=2)
[2026-07-26 03:52:09] 2026-07-26 02:18:07 | INFO     | KDClient 11 round 38 local training (epochs=4)
[2026-07-26 03:52:09] 2026-07-26 02:18:39 | INFO     | KDClient 11 round 38 completed (acc=0.8739, n=90)
[2026-07-26 03:52:09] 2026-07-26 02:18:39 | INFO     | KDClient 12 fit round 38 (tier=medium)
[2026-07-26 03:52:09] 2026-07-26 02:18:39 | INFO     | KDClient 12 round 38 public KD (epochs=2)
[2026-07-26 03:52:09] 2026-07-26 02:19:41 | INFO     | KDClient 12 round 38 local training (epochs=4)
[2026-07-26 03:52:09] 2026-07-26 02:20:12 | INFO     | KDClient 12 round 38 completed (acc=0.8775, n=90)
[2026-07-26 03:52:09] 2026-07-26 02:20:12 | INFO     | KDClient 13 fit round 38 (tier=medium)
[2026-07-26 03:52:09] 2026-07-26 02:20:12 | INFO     | KDClient 13 round 38 public KD (epochs=2)
[2026-07-26 03:52:09] 2026-07-26 02:20:47 | INFO     | KDClient 13 round 38 local training (epochs=4)
[2026-07-26 03:52:09] 2026-07-26 02:21:16 | INFO     | KDClient 13 round 38 completed (acc=0.8577, n=90)
[2026-07-26 03:52:09] 2026-07-26 02:21:16 | INFO     | KDClient 14 fit round 38 (tier=large)
[2026-07-26 03:52:09] 2026-07-26 02:21:16 | INFO     | KDClient 14 round 38 public KD (epochs=2)
[2026-07-26 03:52:09] 2026-07-26 02:22:21 | INFO     | KDClient 14 round 38 local training (epochs=4)
[2026-07-26 03:52:09] 2026-07-26 02:23:07 | INFO     | KDClient 14 round 38 completed (acc=0.8613, n=90)
[2026-07-26 03:52:09] 2026-07-26 02:23:07 | INFO     | KDClient 15 fit round 38 (tier=large)
[2026-07-26 03:52:09] 2026-07-26 02:23:07 | INFO     | KDClient 15 round 38 public KD (epochs=2)
[2026-07-26 03:52:09] 2026-07-26 02:24:25 | INFO     | KDClient 15 round 38 local training (epochs=4)
[2026-07-26 03:52:09] 2026-07-26 02:25:29 | INFO     | KDClient 15 round 38 completed (acc=0.9009, n=90)
[2026-07-26 03:52:09] 2026-07-26 02:25:29 | INFO     | KDClient 16 fit round 38 (tier=large)
[2026-07-26 03:52:09] 2026-07-26 02:25:29 | INFO     | KDClient 16 round 38 public KD (epochs=2)
[2026-07-26 03:52:09] 2026-07-26 02:26:44 | INFO     | KDClient 16 round 38 local training (epochs=4)
[2026-07-26 03:52:09] 2026-07-26 02:27:45 | INFO     | KDClient 16 round 38 completed (acc=0.8757, n=90)
[2026-07-26 03:52:09] 2026-07-26 02:27:45 | INFO     | KDClient 17 fit round 38 (tier=large)
[2026-07-26 03:52:09] 2026-07-26 02:27:45 | INFO     | KDClient 17 round 38 public KD (epochs=2)
[2026-07-26 03:52:09] 2026-07-26 02:28:51 | INFO     | KDClient 17 round 38 local training (epochs=4)
[2026-07-26 03:52:09] 2026-07-26 02:29:37 | INFO     | KDClient 17 round 38 completed (acc=0.8523, n=90)
[2026-07-26 03:52:09] 2026-07-26 02:29:37 | INFO     | KDClient 18 fit round 38 (tier=large)
[2026-07-26 03:52:09] 2026-07-26 02:29:37 | INFO     | KDClient 18 round 38 public KD (epochs=2)
[2026-07-26 03:52:09] 2026-07-26 02:30:51 | INFO     | KDClient 18 round 38 local training (epochs=4)
[2026-07-26 03:52:09] 2026-07-26 02:31:50 | INFO     | KDClient 18 round 38 completed (acc=0.8432, n=90)
[2026-07-26 03:52:09] 2026-07-26 02:31:50 | INFO     | KDClient 19 fit round 38 (tier=large)
[2026-07-26 03:52:09] 2026-07-26 02:31:50 | INFO     | KDClient 19 round 38 public KD (epochs=2)
[2026-07-26 03:52:09] 2026-07-26 02:33:05 | INFO     | KDClient 19 round 38 local training (epochs=4)
[2026-07-26 03:52:09] 2026-07-26 02:34:13 | INFO     | KDClient 19 round 38 completed (acc=0.8685, n=90)
[2026-07-26 03:52:09]   Round  38/50 | Avg: 0.8716 | Min: 0.7730 | Max: 0.9315
[2026-07-26 03:52:09] 2026-07-26 02:34:13 | INFO     | FEDAKD — IID: round 39/50 starting
[2026-07-26 03:52:09] 2026-07-26 02:34:13 | INFO     | KDClient 0 fit round 39 (tier=small)
[2026-07-26 03:52:09] 2026-07-26 02:34:13 | INFO     | KDClient 0 round 39 public KD (epochs=2)
[2026-07-26 03:52:09] 2026-07-26 02:34:32 | INFO     | KDClient 0 round 39 local training (epochs=4)
[2026-07-26 03:52:09] 2026-07-26 02:34:47 | INFO     | KDClient 0 round 39 completed (acc=0.9063, n=90)
[2026-07-26 03:52:09] 2026-07-26 02:34:47 | INFO     | KDClient 1 fit round 39 (tier=small)
[2026-07-26 03:52:09] 2026-07-26 02:34:47 | INFO     | KDClient 1 round 39 public KD (epochs=2)
[2026-07-26 03:52:09] 2026-07-26 02:35:03 | INFO     | KDClient 1 round 39 local training (epochs=4)
[2026-07-26 03:52:09] 2026-07-26 02:35:16 | INFO     | KDClient 1 round 39 completed (acc=0.9369, n=90)
[2026-07-26 03:52:09] 2026-07-26 02:35:16 | INFO     | KDClient 2 fit round 39 (tier=small)
[2026-07-26 03:52:09] 2026-07-26 02:35:16 | INFO     | KDClient 2 round 39 public KD (epochs=2)
[2026-07-26 03:52:09] 2026-07-26 02:35:34 | INFO     | KDClient 2 round 39 local training (epochs=4)
[2026-07-26 03:52:09] 2026-07-26 02:35:47 | INFO     | KDClient 2 round 39 completed (acc=0.9027, n=90)
[2026-07-26 03:52:09] 2026-07-26 02:35:47 | INFO     | KDClient 3 fit round 39 (tier=small)
[2026-07-26 03:52:09] 2026-07-26 02:35:47 | INFO     | KDClient 3 round 39 public KD (epochs=2)
[2026-07-26 03:52:09] 2026-07-26 02:36:02 | INFO     | KDClient 3 round 39 local training (epochs=4)
[2026-07-26 03:52:09] 2026-07-26 02:36:14 | INFO     | KDClient 3 round 39 completed (acc=0.8577, n=90)
[2026-07-26 03:52:09] 2026-07-26 02:36:14 | INFO     | KDClient 4 fit round 39 (tier=small)
[2026-07-26 03:52:09] 2026-07-26 02:36:14 | INFO     | KDClient 4 round 39 public KD (epochs=2)
[2026-07-26 03:52:09] 2026-07-26 02:36:32 | INFO     | KDClient 4 round 39 local training (epochs=4)
[2026-07-26 03:52:09] 2026-07-26 02:36:44 | INFO     | KDClient 4 round 39 completed (acc=0.9261, n=90)
[2026-07-26 03:52:09] 2026-07-26 02:36:44 | INFO     | KDClient 5 fit round 39 (tier=small)
[2026-07-26 03:52:09] 2026-07-26 02:36:44 | INFO     | KDClient 5 round 39 public KD (epochs=2)
[2026-07-26 03:52:09] 2026-07-26 02:36:58 | INFO     | KDClient 5 round 39 local training (epochs=4)
[2026-07-26 03:52:09] 2026-07-26 02:37:11 | INFO     | KDClient 5 round 39 completed (acc=0.9135, n=90)
[2026-07-26 03:52:09] 2026-07-26 02:37:11 | INFO     | KDClient 6 fit round 39 (tier=small)
[2026-07-26 03:52:09] 2026-07-26 02:37:11 | INFO     | KDClient 6 round 39 public KD (epochs=2)
[2026-07-26 03:52:09] 2026-07-26 02:37:22 | INFO     | KDClient 6 round 39 local training (epochs=4)
[2026-07-26 03:52:09] 2026-07-26 02:37:36 | INFO     | KDClient 6 round 39 completed (acc=0.7351, n=90)
[2026-07-26 03:52:09] 2026-07-26 02:37:36 | INFO     | KDClient 7 fit round 39 (tier=medium)
[2026-07-26 03:52:09] 2026-07-26 02:37:36 | INFO     | KDClient 7 round 39 public KD (epochs=2)
[2026-07-26 03:52:09] 2026-07-26 02:38:39 | INFO     | KDClient 7 round 39 local training (epochs=4)
[2026-07-26 03:52:09] 2026-07-26 02:39:09 | INFO     | KDClient 7 round 39 completed (acc=0.9081, n=90)
[2026-07-26 03:52:09] 2026-07-26 02:39:09 | INFO     | KDClient 8 fit round 39 (tier=medium)
[2026-07-26 03:52:09] 2026-07-26 02:39:09 | INFO     | KDClient 8 round 39 public KD (epochs=2)
[2026-07-26 03:52:09] 2026-07-26 02:39:53 | INFO     | KDClient 8 round 39 local training (epochs=4)
[2026-07-26 03:52:09] 2026-07-26 02:40:31 | INFO     | KDClient 8 round 39 completed (acc=0.8450, n=90)
[2026-07-26 03:52:09] 2026-07-26 02:40:31 | INFO     | KDClient 9 fit round 39 (tier=medium)
[2026-07-26 03:52:09] 2026-07-26 02:40:31 | INFO     | KDClient 9 round 39 public KD (epochs=2)
[2026-07-26 03:52:09] 2026-07-26 02:41:08 | INFO     | KDClient 9 round 39 local training (epochs=4)
[2026-07-26 03:52:09] 2026-07-26 02:41:38 | INFO     | KDClient 9 round 39 completed (acc=0.7748, n=90)
[2026-07-26 03:52:09] 2026-07-26 02:41:38 | INFO     | KDClient 10 fit round 39 (tier=medium)
[2026-07-26 03:52:09] 2026-07-26 02:41:38 | INFO     | KDClient 10 round 39 public KD (epochs=2)
[2026-07-26 03:52:09] 2026-07-26 02:42:19 | INFO     | KDClient 10 round 39 local training (epochs=4)
[2026-07-26 03:52:09] 2026-07-26 02:42:48 | INFO     | KDClient 10 round 39 completed (acc=0.8108, n=90)
[2026-07-26 03:52:09] 2026-07-26 02:42:48 | INFO     | KDClient 11 fit round 39 (tier=medium)
[2026-07-26 03:52:09] 2026-07-26 02:42:48 | INFO     | KDClient 11 round 39 public KD (epochs=2)
[2026-07-26 03:52:09] 2026-07-26 02:43:49 | INFO     | KDClient 11 round 39 local training (epochs=4)
[2026-07-26 03:52:09] 2026-07-26 02:44:30 | INFO     | KDClient 11 round 39 completed (acc=0.8541, n=90)
[2026-07-26 03:52:09] 2026-07-26 02:44:30 | INFO     | KDClient 12 fit round 39 (tier=medium)
[2026-07-26 03:52:09] 2026-07-26 02:44:30 | INFO     | KDClient 12 round 39 public KD (epochs=2)
[2026-07-26 03:52:09] 2026-07-26 02:45:10 | INFO     | KDClient 12 round 39 local training (epochs=4)
[2026-07-26 03:52:09] 2026-07-26 02:45:44 | INFO     | KDClient 12 round 39 completed (acc=0.8865, n=90)
[2026-07-26 03:52:09] 2026-07-26 02:45:44 | INFO     | KDClient 13 fit round 39 (tier=medium)
[2026-07-26 03:52:09] 2026-07-26 02:45:44 | INFO     | KDClient 13 round 39 public KD (epochs=2)
[2026-07-26 03:52:09] 2026-07-26 02:46:25 | INFO     | KDClient 13 round 39 local training (epochs=4)
[2026-07-26 03:52:09] 2026-07-26 02:46:57 | INFO     | KDClient 13 round 39 completed (acc=0.8360, n=90)
[2026-07-26 03:52:09] 2026-07-26 02:46:57 | INFO     | KDClient 14 fit round 39 (tier=large)
[2026-07-26 03:52:09] 2026-07-26 02:46:57 | INFO     | KDClient 14 round 39 public KD (epochs=2)
[2026-07-26 03:52:09] 2026-07-26 02:48:05 | INFO     | KDClient 14 round 39 local training (epochs=4)
[2026-07-26 03:52:09] 2026-07-26 02:48:57 | INFO     | KDClient 14 round 39 completed (acc=0.8667, n=90)
[2026-07-26 03:52:09] 2026-07-26 02:48:57 | INFO     | KDClient 15 fit round 39 (tier=large)
[2026-07-26 03:52:09] 2026-07-26 02:48:57 | INFO     | KDClient 15 round 39 public KD (epochs=2)
[2026-07-26 03:52:09] 2026-07-26 02:50:11 | INFO     | KDClient 15 round 39 local training (epochs=4)
[2026-07-26 03:52:09] 2026-07-26 02:51:10 | INFO     | KDClient 15 round 39 completed (acc=0.9261, n=90)
[2026-07-26 03:52:09] 2026-07-26 02:51:10 | INFO     | KDClient 16 fit round 39 (tier=large)
[2026-07-26 03:52:09] 2026-07-26 02:51:10 | INFO     | KDClient 16 round 39 public KD (epochs=2)
[2026-07-26 03:52:09] 2026-07-26 02:52:25 | INFO     | KDClient 16 round 39 local training (epochs=4)
[2026-07-26 03:52:09] 2026-07-26 02:53:21 | INFO     | KDClient 16 round 39 completed (acc=0.8847, n=90)
[2026-07-26 03:52:09] 2026-07-26 02:53:21 | INFO     | KDClient 17 fit round 39 (tier=large)
[2026-07-26 03:52:09] 2026-07-26 02:53:21 | INFO     | KDClient 17 round 39 public KD (epochs=2)
[2026-07-26 03:52:09] 2026-07-26 02:54:31 | INFO     | KDClient 17 round 39 local training (epochs=4)
[2026-07-26 03:52:09] 2026-07-26 02:55:34 | INFO     | KDClient 17 round 39 completed (acc=0.8667, n=90)
[2026-07-26 03:52:09] 2026-07-26 02:55:34 | INFO     | KDClient 18 fit round 39 (tier=large)
[2026-07-26 03:52:09] 2026-07-26 02:55:34 | INFO     | KDClient 18 round 39 public KD (epochs=2)
[2026-07-26 03:52:09] 2026-07-26 02:56:48 | INFO     | KDClient 18 round 39 local training (epochs=4)
[2026-07-26 03:52:09] 2026-07-26 02:57:51 | INFO     | KDClient 18 round 39 completed (acc=0.8577, n=90)
[2026-07-26 03:52:09] 2026-07-26 02:57:51 | INFO     | KDClient 19 fit round 39 (tier=large)
[2026-07-26 03:52:09] 2026-07-26 02:57:51 | INFO     | KDClient 19 round 39 public KD (epochs=2)
[2026-07-26 03:52:09] 2026-07-26 02:59:04 | INFO     | KDClient 19 round 39 local training (epochs=4)
[2026-07-26 03:52:09] 2026-07-26 03:00:04 | INFO     | KDClient 19 round 39 completed (acc=0.8865, n=90)
[2026-07-26 03:52:09]   Round  39/50 | Avg: 0.8691 | Min: 0.7351 | Max: 0.9369
[2026-07-26 03:52:09] 2026-07-26 03:00:04 | INFO     | FEDAKD — IID: round 40/50 starting
[2026-07-26 03:52:09] 2026-07-26 03:00:04 | INFO     | KDClient 0 fit round 40 (tier=small)
[2026-07-26 03:52:09] 2026-07-26 03:00:04 | INFO     | KDClient 0 round 40 public KD (epochs=2)
[2026-07-26 03:52:09] 2026-07-26 03:00:22 | INFO     | KDClient 0 round 40 local training (epochs=4)
[2026-07-26 03:52:09] 2026-07-26 03:00:35 | INFO     | KDClient 0 round 40 completed (acc=0.9099, n=90)
[2026-07-26 03:52:09] 2026-07-26 03:00:35 | INFO     | KDClient 1 fit round 40 (tier=small)
[2026-07-26 03:52:09] 2026-07-26 03:00:35 | INFO     | KDClient 1 round 40 public KD (epochs=2)
[2026-07-26 03:52:09] 2026-07-26 03:00:54 | INFO     | KDClient 1 round 40 local training (epochs=4)
[2026-07-26 03:52:09] 2026-07-26 03:01:06 | INFO     | KDClient 1 round 40 completed (acc=0.9351, n=90)
[2026-07-26 03:52:09] 2026-07-26 03:01:06 | INFO     | KDClient 2 fit round 40 (tier=small)
[2026-07-26 03:52:09] 2026-07-26 03:01:06 | INFO     | KDClient 2 round 40 public KD (epochs=2)
[2026-07-26 03:52:09] 2026-07-26 03:01:22 | INFO     | KDClient 2 round 40 local training (epochs=4)
[2026-07-26 03:52:09] 2026-07-26 03:01:35 | INFO     | KDClient 2 round 40 completed (acc=0.9099, n=90)
[2026-07-26 03:52:09] 2026-07-26 03:01:35 | INFO     | KDClient 3 fit round 40 (tier=small)
[2026-07-26 03:52:09] 2026-07-26 03:01:35 | INFO     | KDClient 3 round 40 public KD (epochs=2)
[2026-07-26 03:52:09] 2026-07-26 03:01:50 | INFO     | KDClient 3 round 40 local training (epochs=4)
[2026-07-26 03:52:09] 2026-07-26 03:02:01 | INFO     | KDClient 3 round 40 completed (acc=0.8739, n=90)
[2026-07-26 03:52:09] 2026-07-26 03:02:01 | INFO     | KDClient 4 fit round 40 (tier=small)
[2026-07-26 03:52:09] 2026-07-26 03:02:01 | INFO     | KDClient 4 round 40 public KD (epochs=2)
[2026-07-26 03:52:09] 2026-07-26 03:02:14 | INFO     | KDClient 4 round 40 local training (epochs=4)
[2026-07-26 03:52:09] 2026-07-26 03:02:26 | INFO     | KDClient 4 round 40 completed (acc=0.8973, n=90)
[2026-07-26 03:52:09] 2026-07-26 03:02:26 | INFO     | KDClient 5 fit round 40 (tier=small)
[2026-07-26 03:52:09] 2026-07-26 03:02:26 | INFO     | KDClient 5 round 40 public KD (epochs=2)
[2026-07-26 03:52:09] 2026-07-26 03:02:38 | INFO     | KDClient 5 round 40 local training (epochs=4)
[2026-07-26 03:52:09] 2026-07-26 03:02:51 | INFO     | KDClient 5 round 40 completed (acc=0.9063, n=90)
[2026-07-26 03:52:09] 2026-07-26 03:02:51 | INFO     | KDClient 6 fit round 40 (tier=small)
[2026-07-26 03:52:09] 2026-07-26 03:02:51 | INFO     | KDClient 6 round 40 public KD (epochs=2)
[2026-07-26 03:52:09] 2026-07-26 03:03:05 | INFO     | KDClient 6 round 40 local training (epochs=4)
[2026-07-26 03:52:09] 2026-07-26 03:03:18 | INFO     | KDClient 6 round 40 completed (acc=0.8198, n=90)
[2026-07-26 03:52:09] 2026-07-26 03:03:18 | INFO     | KDClient 7 fit round 40 (tier=medium)
[2026-07-26 03:52:09] 2026-07-26 03:03:18 | INFO     | KDClient 7 round 40 public KD (epochs=2)
[2026-07-26 03:52:09] 2026-07-26 03:03:58 | INFO     | KDClient 7 round 40 local training (epochs=4)
[2026-07-26 03:52:09] 2026-07-26 03:04:31 | INFO     | KDClient 7 round 40 completed (acc=0.8937, n=90)
[2026-07-26 03:52:09] 2026-07-26 03:04:31 | INFO     | KDClient 8 fit round 40 (tier=medium)
[2026-07-26 03:52:09] 2026-07-26 03:04:31 | INFO     | KDClient 8 round 40 public KD (epochs=2)
[2026-07-26 03:52:09] 2026-07-26 03:05:12 | INFO     | KDClient 8 round 40 local training (epochs=4)
[2026-07-26 03:52:09] 2026-07-26 03:05:51 | INFO     | KDClient 8 round 40 completed (acc=0.8306, n=90)
[2026-07-26 03:52:09] 2026-07-26 03:05:51 | INFO     | KDClient 9 fit round 40 (tier=medium)
[2026-07-26 03:52:09] 2026-07-26 03:05:51 | INFO     | KDClient 9 round 40 public KD (epochs=2)
[2026-07-26 03:52:09] 2026-07-26 03:06:30 | INFO     | KDClient 9 round 40 local training (epochs=4)
[2026-07-26 03:52:09] 2026-07-26 03:07:00 | INFO     | KDClient 9 round 40 completed (acc=0.7712, n=90)
[2026-07-26 03:52:09] 2026-07-26 03:07:00 | INFO     | KDClient 10 fit round 40 (tier=medium)
[2026-07-26 03:52:09] 2026-07-26 03:07:00 | INFO     | KDClient 10 round 40 public KD (epochs=2)
[2026-07-26 03:52:09] 2026-07-26 03:08:01 | INFO     | KDClient 10 round 40 local training (epochs=4)
[2026-07-26 03:52:09] 2026-07-26 03:08:36 | INFO     | KDClient 10 round 40 completed (acc=0.8270, n=90)
[2026-07-26 03:52:09] 2026-07-26 03:08:36 | INFO     | KDClient 11 fit round 40 (tier=medium)
[2026-07-26 03:52:09] 2026-07-26 03:08:36 | INFO     | KDClient 11 round 40 public KD (epochs=2)
[2026-07-26 03:52:09] 2026-07-26 03:09:20 | INFO     | KDClient 11 round 40 local training (epochs=4)
[2026-07-26 03:52:09] 2026-07-26 03:09:55 | INFO     | KDClient 11 round 40 completed (acc=0.8865, n=90)
[2026-07-26 03:52:09] 2026-07-26 03:09:55 | INFO     | KDClient 12 fit round 40 (tier=medium)
[2026-07-26 03:52:09] 2026-07-26 03:09:55 | INFO     | KDClient 12 round 40 public KD (epochs=2)
[2026-07-26 03:52:09] 2026-07-26 03:10:34 | INFO     | KDClient 12 round 40 local training (epochs=4)
[2026-07-26 03:52:09] 2026-07-26 03:11:06 | INFO     | KDClient 12 round 40 completed (acc=0.8883, n=90)
[2026-07-26 03:52:09] 2026-07-26 03:11:06 | INFO     | KDClient 13 fit round 40 (tier=medium)
[2026-07-26 03:52:09] 2026-07-26 03:11:06 | INFO     | KDClient 13 round 40 public KD (epochs=2)
[2026-07-26 03:52:09] 2026-07-26 03:11:47 | INFO     | KDClient 13 round 40 local training (epochs=4)
[2026-07-26 03:52:09] 2026-07-26 03:12:19 | INFO     | KDClient 13 round 40 completed (acc=0.8486, n=90)
[2026-07-26 03:52:09] 2026-07-26 03:12:19 | INFO     | KDClient 14 fit round 40 (tier=large)
[2026-07-26 03:52:09] 2026-07-26 03:12:19 | INFO     | KDClient 14 round 40 public KD (epochs=2)
[2026-07-26 03:52:09] 2026-07-26 03:13:27 | INFO     | KDClient 14 round 40 local training (epochs=4)
[2026-07-26 03:52:09] 2026-07-26 03:14:26 | INFO     | KDClient 14 round 40 completed (acc=0.8468, n=90)
[2026-07-26 03:52:09] 2026-07-26 03:14:26 | INFO     | KDClient 15 fit round 40 (tier=large)
[2026-07-26 03:52:09] 2026-07-26 03:14:26 | INFO     | KDClient 15 round 40 public KD (epochs=2)
[2026-07-26 03:52:09] 2026-07-26 03:15:41 | INFO     | KDClient 15 round 40 local training (epochs=4)
[2026-07-26 03:52:09] 2026-07-26 03:16:35 | INFO     | KDClient 15 round 40 completed (acc=0.9423, n=90)
[2026-07-26 03:52:09] 2026-07-26 03:16:35 | INFO     | KDClient 16 fit round 40 (tier=large)
[2026-07-26 03:52:09] 2026-07-26 03:16:35 | INFO     | KDClient 16 round 40 public KD (epochs=2)
[2026-07-26 03:52:09] 2026-07-26 03:17:57 | INFO     | KDClient 16 round 40 local training (epochs=4)
[2026-07-26 03:52:09] 2026-07-26 03:18:47 | INFO     | KDClient 16 round 40 completed (acc=0.8937, n=90)
[2026-07-26 03:52:09] 2026-07-26 03:18:47 | INFO     | KDClient 17 fit round 40 (tier=large)
[2026-07-26 03:52:09] 2026-07-26 03:18:47 | INFO     | KDClient 17 round 40 public KD (epochs=2)
[2026-07-26 03:52:09] 2026-07-26 03:20:06 | INFO     | KDClient 17 round 40 local training (epochs=4)
[2026-07-26 03:52:09] 2026-07-26 03:21:02 | INFO     | KDClient 17 round 40 completed (acc=0.8198, n=90)
[2026-07-26 03:52:09] 2026-07-26 03:21:02 | INFO     | KDClient 18 fit round 40 (tier=large)
[2026-07-26 03:52:09] 2026-07-26 03:21:02 | INFO     | KDClient 18 round 40 public KD (epochs=2)
[2026-07-26 03:52:09] 2026-07-26 03:22:14 | INFO     | KDClient 18 round 40 local training (epochs=4)
[2026-07-26 03:52:09] 2026-07-26 03:23:09 | INFO     | KDClient 18 round 40 completed (acc=0.8559, n=90)
[2026-07-26 03:52:09] 2026-07-26 03:23:09 | INFO     | KDClient 19 fit round 40 (tier=large)
[2026-07-26 03:52:09] 2026-07-26 03:23:09 | INFO     | KDClient 19 round 40 public KD (epochs=2)
[2026-07-26 03:52:09] 2026-07-26 03:24:29 | INFO     | KDClient 19 round 40 local training (epochs=4)
[2026-07-26 03:52:09] 2026-07-26 03:25:23 | INFO     | KDClient 19 round 40 completed (acc=0.8595, n=90)
[2026-07-26 03:52:09]   Round  40/50 | Avg: 0.8708 | Min: 0.7712 | Max: 0.9423
[2026-07-26 03:52:09] 2026-07-26 03:25:23 | INFO     | FEDAKD — IID: round 41/50 starting
[2026-07-26 03:52:09] 2026-07-26 03:25:23 | INFO     | KDClient 0 fit round 41 (tier=small)
[2026-07-26 03:52:09] 2026-07-26 03:25:23 | INFO     | KDClient 0 round 41 public KD (epochs=2)
[2026-07-26 03:52:09] 2026-07-26 03:25:38 | INFO     | KDClient 0 round 41 local training (epochs=4)
[2026-07-26 03:52:09] 2026-07-26 03:25:49 | INFO     | KDClient 0 round 41 completed (acc=0.9081, n=90)
[2026-07-26 03:52:09] 2026-07-26 03:25:49 | INFO     | KDClient 1 fit round 41 (tier=small)
[2026-07-26 03:52:09] 2026-07-26 03:25:49 | INFO     | KDClient 1 round 41 public KD (epochs=2)
[2026-07-26 03:52:09] 2026-07-26 03:26:07 | INFO     | KDClient 1 round 41 local training (epochs=4)
[2026-07-26 03:52:09] 2026-07-26 03:26:23 | INFO     | KDClient 1 round 41 completed (acc=0.9243, n=90)
[2026-07-26 03:52:09] 2026-07-26 03:26:23 | INFO     | KDClient 2 fit round 41 (tier=small)
[2026-07-26 03:52:09] 2026-07-26 03:26:23 | INFO     | KDClient 2 round 41 public KD (epochs=2)
[2026-07-26 03:52:09] 2026-07-26 03:26:38 | INFO     | KDClient 2 round 41 local training (epochs=4)
[2026-07-26 03:52:09] 2026-07-26 03:26:51 | INFO     | KDClient 2 round 41 completed (acc=0.9261, n=90)
[2026-07-26 03:52:09] 2026-07-26 03:26:51 | INFO     | KDClient 3 fit round 41 (tier=small)
[2026-07-26 03:52:09] 2026-07-26 03:26:51 | INFO     | KDClient 3 round 41 public KD (epochs=2)
[2026-07-26 03:52:09] 2026-07-26 03:27:06 | INFO     | KDClient 3 round 41 local training (epochs=4)
[2026-07-26 03:52:09] 2026-07-26 03:27:18 | INFO     | KDClient 3 round 41 completed (acc=0.8649, n=90)
[2026-07-26 03:52:09] 2026-07-26 03:27:18 | INFO     | KDClient 4 fit round 41 (tier=small)
[2026-07-26 03:52:09] 2026-07-26 03:27:18 | INFO     | KDClient 4 round 41 public KD (epochs=2)
[2026-07-26 03:52:09] 2026-07-26 03:27:33 | INFO     | KDClient 4 round 41 local training (epochs=4)
[2026-07-26 03:52:09] 2026-07-26 03:27:44 | INFO     | KDClient 4 round 41 completed (acc=0.9225, n=90)
[2026-07-26 03:52:09] 2026-07-26 03:27:44 | INFO     | KDClient 5 fit round 41 (tier=small)
[2026-07-26 03:52:09] 2026-07-26 03:27:44 | INFO     | KDClient 5 round 41 public KD (epochs=2)
[2026-07-26 03:52:09] 2026-07-26 03:27:58 | INFO     | KDClient 5 round 41 local training (epochs=4)
[2026-07-26 03:52:09] 2026-07-26 03:28:13 | INFO     | KDClient 5 round 41 completed (acc=0.9297, n=90)
[2026-07-26 03:52:09] 2026-07-26 03:28:13 | INFO     | KDClient 6 fit round 41 (tier=small)
[2026-07-26 03:52:09] 2026-07-26 03:28:13 | INFO     | KDClient 6 round 41 public KD (epochs=2)
[2026-07-26 03:52:09] 2026-07-26 03:28:27 | INFO     | KDClient 6 round 41 local training (epochs=4)
[2026-07-26 03:52:09] 2026-07-26 03:28:39 | INFO     | KDClient 6 round 41 completed (acc=0.8090, n=90)
[2026-07-26 03:52:09] 2026-07-26 03:28:39 | INFO     | KDClient 7 fit round 41 (tier=medium)
[2026-07-26 03:52:09] 2026-07-26 03:28:39 | INFO     | KDClient 7 round 41 public KD (epochs=2)
[2026-07-26 03:52:09] 2026-07-26 03:29:22 | INFO     | KDClient 7 round 41 local training (epochs=4)
[2026-07-26 03:52:09] 2026-07-26 03:29:55 | INFO     | KDClient 7 round 41 completed (acc=0.8739, n=90)
[2026-07-26 03:52:09] 2026-07-26 03:29:55 | INFO     | KDClient 8 fit round 41 (tier=medium)
[2026-07-26 03:52:09] 2026-07-26 03:29:55 | INFO     | KDClient 8 round 41 public KD (epochs=2)
[2026-07-26 03:52:09] 2026-07-26 03:30:35 | INFO     | KDClient 8 round 41 local training (epochs=4)
[2026-07-26 03:52:09] 2026-07-26 03:31:06 | INFO     | KDClient 8 round 41 completed (acc=0.8162, n=90)
[2026-07-26 03:52:09] 2026-07-26 03:31:06 | INFO     | KDClient 9 fit round 41 (tier=medium)
[2026-07-26 03:52:09] 2026-07-26 03:31:06 | INFO     | KDClient 9 round 41 public KD (epochs=2)
[2026-07-26 03:52:09] 2026-07-26 03:31:46 | INFO     | KDClient 9 round 41 local training (epochs=4)
[2026-07-26 03:52:09] 2026-07-26 03:32:19 | INFO     | KDClient 9 round 41 completed (acc=0.7802, n=90)
[2026-07-26 03:52:09] 2026-07-26 03:32:19 | INFO     | KDClient 10 fit round 41 (tier=medium)
[2026-07-26 03:52:09] 2026-07-26 03:32:19 | INFO     | KDClient 10 round 41 public KD (epochs=2)
[2026-07-26 03:52:09] 2026-07-26 03:32:59 | INFO     | KDClient 10 round 41 local training (epochs=4)
[2026-07-26 03:52:09] 2026-07-26 03:33:32 | INFO     | KDClient 10 round 41 completed (acc=0.7712, n=90)
[2026-07-26 03:52:09] 2026-07-26 03:33:32 | INFO     | KDClient 11 fit round 41 (tier=medium)
[2026-07-26 03:52:09] 2026-07-26 03:33:32 | INFO     | KDClient 11 round 41 public KD (epochs=2)
[2026-07-26 03:52:09] 2026-07-26 03:34:13 | INFO     | KDClient 11 round 41 local training (epochs=4)
[2026-07-26 03:52:09] 2026-07-26 03:34:52 | INFO     | KDClient 11 round 41 completed (acc=0.7622, n=90)
[2026-07-26 03:52:09] 2026-07-26 03:34:52 | INFO     | KDClient 12 fit round 41 (tier=medium)
[2026-07-26 03:52:09] 2026-07-26 03:34:52 | INFO     | KDClient 12 round 41 public KD (epochs=2)
[2026-07-26 03:52:09] 2026-07-26 03:35:25 | INFO     | KDClient 12 round 41 local training (epochs=4)
[2026-07-26 03:52:09] 2026-07-26 03:35:53 | INFO     | KDClient 12 round 41 completed (acc=0.8901, n=90)
[2026-07-26 03:52:09] 2026-07-26 03:35:53 | INFO     | KDClient 13 fit round 41 (tier=medium)
[2026-07-26 03:52:09] 2026-07-26 03:35:53 | INFO     | KDClient 13 round 41 public KD (epochs=2)
[2026-07-26 03:52:09] 2026-07-26 03:36:36 | INFO     | KDClient 13 round 41 local training (epochs=4)
[2026-07-26 03:52:09] 2026-07-26 03:37:06 | INFO     | KDClient 13 round 41 completed (acc=0.8432, n=90)
[2026-07-26 03:52:09] 2026-07-26 03:37:06 | INFO     | KDClient 14 fit round 41 (tier=large)
[2026-07-26 03:52:09] 2026-07-26 03:37:06 | INFO     | KDClient 14 round 41 public KD (epochs=2)
[2026-07-26 03:52:09] 2026-07-26 03:38:13 | INFO     | KDClient 14 round 41 local training (epochs=4)
[2026-07-26 03:52:09] 2026-07-26 03:39:04 | INFO     | KDClient 14 round 41 completed (acc=0.8829, n=90)
[2026-07-26 03:52:09] 2026-07-26 03:39:04 | INFO     | KDClient 15 fit round 41 (tier=large)
[2026-07-26 03:52:09] 2026-07-26 03:39:04 | INFO     | KDClient 15 round 41 public KD (epochs=2)
[2026-07-26 03:52:09] 2026-07-26 03:40:19 | INFO     | KDClient 15 round 41 local training (epochs=4)
[2026-07-26 03:52:09] 2026-07-26 03:41:19 | INFO     | KDClient 15 round 41 completed (acc=0.9387, n=90)
[2026-07-26 03:52:09] 2026-07-26 03:41:19 | INFO     | KDClient 16 fit round 41 (tier=large)
[2026-07-26 03:52:09] 2026-07-26 03:41:19 | INFO     | KDClient 16 round 41 public KD (epochs=2)
[2026-07-26 03:52:09] 2026-07-26 03:42:35 | INFO     | KDClient 16 round 41 local training (epochs=4)
[2026-07-26 03:52:09] 2026-07-26 03:43:30 | INFO     | KDClient 16 round 41 completed (acc=0.8991, n=90)
[2026-07-26 03:52:09] 2026-07-26 03:43:30 | INFO     | KDClient 17 fit round 41 (tier=large)
[2026-07-26 03:52:09] 2026-07-26 03:43:30 | INFO     | KDClient 17 round 41 public KD (epochs=2)
[2026-07-26 03:52:09] 2026-07-26 03:44:41 | INFO     | KDClient 17 round 41 local training (epochs=4)
[2026-07-26 03:52:09] 2026-07-26 03:45:31 | INFO     | KDClient 17 round 41 completed (acc=0.8559, n=90)
[2026-07-26 03:52:09] 2026-07-26 03:45:31 | INFO     | KDClient 18 fit round 41 (tier=large)
[2026-07-26 03:52:09] 2026-07-26 03:45:31 | INFO     | KDClient 18 round 41 public KD (epochs=2)
[2026-07-26 03:52:09] 2026-07-26 03:46:43 | INFO     | KDClient 18 round 41 local training (epochs=4)
[2026-07-26 03:52:09] 2026-07-26 03:47:45 | INFO     | KDClient 18 round 41 completed (acc=0.8324, n=90)
[2026-07-26 03:52:09] 2026-07-26 03:47:45 | INFO     | KDClient 19 fit round 41 (tier=large)
[2026-07-26 03:52:09] 2026-07-26 03:47:45 | INFO     | KDClient 19 round 41 public KD (epochs=2)
[2026-07-26 03:52:09] 2026-07-26 03:48:59 | INFO     | KDClient 19 round 41 local training (epochs=4)
[2026-07-26 03:52:09] 2026-07-26 03:49:52 | INFO     | KDClient 19 round 41 completed (acc=0.8613, n=90)
[2026-07-26 03:52:09]   Round  41/50 | Avg: 0.8646 | Min: 0.7622 | Max: 0.9387
[2026-07-26 03:52:09] 2026-07-26 03:49:52 | INFO     | FEDAKD — IID: round 42/50 starting
[2026-07-26 03:52:09] 2026-07-26 03:49:52 | INFO     | KDClient 0 fit round 42 (tier=small)
[2026-07-26 03:52:09] 2026-07-26 03:49:52 | INFO     | KDClient 0 round 42 public KD (epochs=2)
[2026-07-26 03:52:09] 2026-07-26 03:50:06 | INFO     | KDClient 0 round 42 local training (epochs=4)
[2026-07-26 03:52:09] 2026-07-26 03:50:19 | INFO     | KDClient 0 round 42 completed (acc=0.8883, n=90)
[2026-07-26 03:52:09] 2026-07-26 03:50:19 | INFO     | KDClient 1 fit round 42 (tier=small)
[2026-07-26 03:52:09] 2026-07-26 03:50:19 | INFO     | KDClient 1 round 42 public KD (epochs=2)
[2026-07-26 03:52:09] 2026-07-26 03:50:35 | INFO     | KDClient 1 round 42 local training (epochs=4)
[2026-07-26 03:52:09] 2026-07-26 03:50:48 | INFO     | KDClient 1 round 42 completed (acc=0.9297, n=90)
[2026-07-26 03:52:09] 2026-07-26 03:50:48 | INFO     | KDClient 2 fit round 42 (tier=small)
[2026-07-26 03:52:09] 2026-07-26 03:50:48 | INFO     | KDClient 2 round 42 public KD (epochs=2)
[2026-07-26 03:52:09] 2026-07-26 03:51:02 | INFO     | KDClient 2 round 42 local training (epochs=4)
[2026-07-26 03:52:09] 2026-07-26 03:51:15 | INFO     | KDClient 2 round 42 completed (acc=0.9099, n=90)
[2026-07-26 03:52:09] 2026-07-26 03:51:15 | INFO     | KDClient 3 fit round 42 (tier=small)
[2026-07-26 03:52:09] 2026-07-26 03:51:15 | INFO     | KDClient 3 round 42 public KD (epochs=2)
[2026-07-26 03:52:09] 2026-07-26 03:51:30 | INFO     | KDClient 3 round 42 local training (epochs=4)
[2026-07-26 03:52:09] 2026-07-26 03:51:42 | INFO     | KDClient 3 round 42 completed (acc=0.8739, n=90)
[2026-07-26 03:52:09] 2026-07-26 03:51:42 | INFO     | KDClient 4 fit round 42 (tier=small)
[2026-07-26 03:52:09] 2026-07-26 03:51:42 | INFO     | KDClient 4 round 42 public KD (epochs=2)
[2026-07-26 03:52:09] 2026-07-26 03:51:56 | INFO     | KDClient 4 round 42 local training (epochs=4)
[2026-07-26 03:52:09] 2026-07-26 03:52:09 | INFO     | KDClient 4 round 42 completed (acc=0.9297, n=90)
[2026-07-26 03:52:09] 2026-07-26 03:52:09 | INFO     | KDClient 5 fit round 42 (tier=small)
