[2026-07-27 08:57:44] ============================================================
[2026-07-27 08:57:44]   JOB START   : home_har_mks_uniform
[2026-07-27 08:57:44]   PID         : 553196
[2026-07-27 08:57:44]   Log         : /home/gad/Desktop/HomeSenseKD/logs/phase1/home_har_mks_uniform.log
[2026-07-27 08:57:44]   Results dir : /home/gad/Desktop/HomeSenseKD/results/phase1
[2026-07-27 08:57:44]   Fig dir     : /home/gad/Desktop/HomeSenseKD/results/phase1/figures
[2026-07-27 08:57:44]   Cmd         : /home/gad/Desktop/HomeSenseKD/myenv/bin/python /home/gad/Desktop/HomeSenseKD/run_fedkd.py \
[2026-07-27 08:57:44]                   --config /home/gad/Desktop/HomeSenseKD/config/home_har.yaml \
[2026-07-27 08:57:44]                   --algorithm mks --heterogeneity uniform \
[2026-07-27 08:57:44]                   --override experiment.results_dir=/home/gad/Desktop/HomeSenseKD/results/phase1 \
[2026-07-27 08:57:44]                              experiment.fig_dir=/home/gad/Desktop/HomeSenseKD/results/phase1/figures
[2026-07-27 08:57:44] ============================================================
[2026-07-27 08:58:30] ============================================================
[2026-07-27 08:58:30]   JOB START   : home_har_mks_uniform
[2026-07-27 08:58:30]   PID         : 554618
[2026-07-27 08:58:30]   Log         : /home/gad/Desktop/HomeSenseKD/logs/phase1/home_har_mks_uniform.log
[2026-07-27 08:58:30]   Results dir : /home/gad/Desktop/HomeSenseKD/results/phase1
[2026-07-27 08:58:30]   Fig dir     : /home/gad/Desktop/HomeSenseKD/results/phase1/figures
[2026-07-27 08:58:30]   Cmd         : /home/gad/Desktop/HomeSenseKD/myenv/bin/python /home/gad/Desktop/HomeSenseKD/run_fedkd.py \
[2026-07-27 08:58:30]                   --config /home/gad/Desktop/HomeSenseKD/config/home_har.yaml \
[2026-07-27 08:58:30]                   --algorithm mks --heterogeneity uniform \
[2026-07-27 08:58:30]                   --override experiment.results_dir=/home/gad/Desktop/HomeSenseKD/results/phase1 \
[2026-07-27 08:58:30]                              experiment.fig_dir=/home/gad/Desktop/HomeSenseKD/results/phase1/figures
[2026-07-27 08:58:30] ============================================================
[2026-07-27 08:59:08] ============================================================
[2026-07-27 08:59:08]   JOB START   : home_har_mks_uniform
[2026-07-27 08:59:08]   PID         : 555629
[2026-07-27 08:59:08]   Log         : /home/gad/Desktop/HomeSenseKD/logs/phase1/home_har_mks_uniform.log
[2026-07-27 08:59:08]   Results dir : /home/gad/Desktop/HomeSenseKD/results/phase1
[2026-07-27 08:59:08]   Fig dir     : /home/gad/Desktop/HomeSenseKD/results/phase1/figures
[2026-07-27 08:59:08]   Cmd         : /home/gad/Desktop/HomeSenseKD/myenv/bin/python /home/gad/Desktop/HomeSenseKD/run_fedkd.py \
[2026-07-27 08:59:08]                   --config /home/gad/Desktop/HomeSenseKD/config/home_har.yaml \
[2026-07-27 08:59:08]                   --algorithm mks --heterogeneity uniform \
[2026-07-27 08:59:08]                   --override experiment.results_dir=/home/gad/Desktop/HomeSenseKD/results/phase1 \
[2026-07-27 08:59:08]                              experiment.fig_dir=/home/gad/Desktop/HomeSenseKD/results/phase1/figures
[2026-07-27 08:59:08] ============================================================
[2026-07-27 17:24:42] ============================================================
[2026-07-27 17:24:42]   JOB START   : home_har_mks_uniform
[2026-07-27 17:24:42]   PID         : 445
[2026-07-27 17:24:42]   Log         : /c/Users/ggad/Desktop/HomeSenseKD/logs/phase1/home_har_mks_uniform.log
[2026-07-27 17:24:42]   Results dir : /c/Users/ggad/Desktop/HomeSenseKD/results/phase1
[2026-07-27 17:24:42]   Fig dir     : /c/Users/ggad/Desktop/HomeSenseKD/results/phase1/figures
[2026-07-27 17:24:42]   Cmd         : C:\Users\ggad\Desktop\HomeSenseKD\venv/Scripts/python.exe /c/Users/ggad/Desktop/HomeSenseKD/run_fedkd.py \
[2026-07-27 17:24:42]                   --config /c/Users/ggad/Desktop/HomeSenseKD/config/home_har.yaml \
[2026-07-27 17:24:42]                   --algorithm mks --heterogeneity uniform \
[2026-07-27 17:24:42]                   --override experiment.results_dir=/c/Users/ggad/Desktop/HomeSenseKD/results/phase1 \
[2026-07-27 17:24:42]                              experiment.fig_dir=/c/Users/ggad/Desktop/HomeSenseKD/results/phase1/figures
[2026-07-27 17:24:42] ============================================================
[2026-07-27 17:24:51] WARNING: All log messages before absl::InitializeLog() is called are written to STDERR
[2026-07-27 17:24:51] I0000 00:00:1785187491.370155   37796 port.cc:153] oneDNN custom operations are on. You may see slightly different numerical results due to floating-point round-off errors from different computation orders. To turn them off, set the environment variable `TF_ENABLE_ONEDNN_OPTS=0`.
[2026-07-27 17:25:17] WARNING: All log messages before absl::InitializeLog() is called are written to STDERR
[2026-07-27 17:25:17] I0000 00:00:1785187517.257051   37796 port.cc:153] oneDNN custom operations are on. You may see slightly different numerical results due to floating-point round-off errors from different computation orders. To turn them off, set the environment variable `TF_ENABLE_ONEDNN_OPTS=0`.
[2026-07-27 17:25:49] 2026-07-27 17:25:49 | INFO     | Experiment started: fedkd_experiment
[2026-07-27 17:25:49] 2026-07-27 17:25:49 | INFO     | Configuration: {"algorithms": ["fedmd", "fedakd", "mks", "fedavg", "fedprox", "local", "central"], "data": {"dataset": "home_har", "dirichlet_alpha": 0.5, "n_classes": 7, "n_parties": 20, "n_samples_per_class": 30, "n_stft_bins": 8, "public_dataset": "home_occupancy", "settings": ["iid", "noniid"], "window_size": 1500}, "experiment": {"fig_dir": "C:/Users/ggad/Desktop/HomeSenseKD/results/phase1/figures", "log_dir": "logs", "name": "fedkd_experiment", "results_dir": "C:/Users/ggad/Desktop/HomeSenseKD/results/phase1", "seeds": [42, 123, 456]}, "federated": {"fedprox_mu": 0.01, "kd_epochs": 2, "local_epochs": 4, "n_alignment": 10000, "n_rounds": 50}, "models": {"distributions": {"all_small": [1.0, 0.0, 0.0], "skewed": [0.6, 0.3, 0.1], "uniform": [0.35, 0.35, 0.3]}, "heterogeneity": "uniform"}}
[2026-07-27 17:25:49]   Saved tiers_home_har_uniform.png
[2026-07-27 17:25:49] =================================================================
[2026-07-27 17:25:49]   Dataset    : home_har  (public: home_occupancy)
[2026-07-27 17:25:49]   Algorithms : ['mks']
[2026-07-27 17:25:49]   Heterogen. : uniform  ->  ['small', 'small', 'small', 'small', 'small', 'small']...
[2026-07-27 17:25:49]   Seeds      : [42, 123, 456]
[2026-07-27 17:25:49]   Settings   : ['iid', 'noniid']
[2026-07-27 17:25:49] =================================================================
[2026-07-27 17:25:49] 2026-07-27 17:25:49 | INFO     | run_multiseed: seed=42  algo=mks  dataset=home_har  hetero=uniform
[2026-07-27 17:25:49] 
[2026-07-27 17:25:49] [seed=42]  MKS  dataset=home_har  hetero=uniform
[2026-07-27 17:25:49] 2026-07-27 17:25:49 | INFO     | Loading target dataset: 'home_har'  public dataset: 'home_occupancy'
[2026-07-27 17:25:49] 2026-07-27 17:25:49 | INFO     | Input shape: (1500, 12)  is_image: False
[2026-07-27 17:26:26] Warning: You are sending unauthenticated requests to the HF Hub. Please set a HF_TOKEN to enable higher rate limits and faster downloads.
[2026-07-27 17:31:37] Loading HomeHAR...
[2026-07-27 17:31:37]   data1/drink.csv: 210
[2026-07-27 17:31:37]   data1/eat.csv: 198
[2026-07-27 17:31:37]   data1/empty.csv: 190
[2026-07-27 17:31:37]   data1/sleep.csv: 199
[2026-07-27 17:31:37]   data1/smoke.csv: 198
[2026-07-27 17:31:37]   data1/watch.csv: 190
[2026-07-27 17:31:37]   data1/work.csv: 190
[2026-07-27 17:31:37]   -> 1375 public
[2026-07-27 17:31:37] Loading HomeOccupancy...
[2026-07-27 17:31:37]   empty_1: 192
[2026-07-27 17:31:37]   empty_2: 183
[2026-07-27 17:31:37]   empty_3 test: 181
[2026-07-27 17:31:37]   sleep_1: 191
[2026-07-27 17:31:37]   sleep_2: 189
[2026-07-27 17:31:37]   sleep_3 test: 181
[2026-07-27 17:31:37]   work_1: 118
[2026-07-27 17:31:37]   work_2: 175
[2026-07-27 17:31:37]   work_3 test: 193
[2026-07-27 17:31:37]   -> 1048 train, 555 test
[2026-07-27 17:31:37] 2026-07-27 17:31:37 | INFO     | Dataset loaded: x_train=(1100, 1500, 12)  y_train=(1100,)  x_test=(275, 1500, 12)  x_public=(1048, 1500, 12)
[2026-07-27 17:31:37] 2026-07-27 17:31:37 | INFO     | Partitioning data: n_classes=7 n_parties=20 iid_spc=30 alpha=0.500
[2026-07-27 17:31:38] 2026-07-27 17:31:38 | INFO     | run_one_algo: algorithm=mks  settings=['iid', 'noniid']
[2026-07-27 17:31:38] 2026-07-27 17:31:38 | INFO     | run_one_algo: algorithm=mks  setting=iid
[2026-07-27 17:31:38] 2026-07-27 17:31:38 | INFO     | Building 20 client models for algo=mks  tiers=['small', 'small', 'small', 'small', 'small', 'small', 'small', 'medium', 'medium', 'medium', 'medium', 'medium', 'medium', 'medium', 'large', 'large', 'large', 'large', 'large', 'large']
[2026-07-27 17:31:38] I0000 00:00:1785187898.098834   37796 cpu_feature_guard.cc:227] This TensorFlow binary is optimized to use available CPU instructions in performance-critical operations.
[2026-07-27 17:31:38] To enable the following instructions: SSE3 SSE4.1 SSE4.2 AVX AVX2 AVX_VNNI FMA, in other operations, rebuild TensorFlow with the appropriate compiler flags.
[2026-07-27 17:31:38] WARNING:tensorflow:TensorFlow GPU support is not available on native Windows for TensorFlow >= 2.11. Even if CUDA/cuDNN are installed, GPU will not be used. Please use WSL2 or the TensorFlow-DirectML plugin.
[2026-07-27 17:31:42] 2026-07-27 17:31:42 | INFO     | Starting MKS — IID (50 rounds, 20 clients)
[2026-07-27 17:31:42] 
[2026-07-27 17:31:42] =================================================================
[2026-07-27 17:31:42]   MKS — IID
[2026-07-27 17:31:42] =================================================================
[2026-07-27 17:31:42] 2026-07-27 17:31:42 | INFO     | MKS — IID: round 1/50 starting
[2026-07-27 17:31:42] 2026-07-27 17:31:42 | INFO     | KDClient 0 fit round 1 (tier=small)
[2026-07-27 17:31:42] 2026-07-27 17:31:42 | INFO     | KDClient 0 round 1 local training (epochs=4)
[2026-07-27 17:32:37] 2026-07-27 17:32:37 | INFO     | KDClient 0 round 1 completed (acc=0.3018, n=180)
[2026-07-27 17:32:37] 2026-07-27 17:32:37 | INFO     | KDClient 1 fit round 1 (tier=small)
[2026-07-27 17:32:37] 2026-07-27 17:32:37 | INFO     | KDClient 1 round 1 local training (epochs=4)
[2026-07-27 17:33:16] 2026-07-27 17:33:16 | INFO     | KDClient 1 round 1 completed (acc=0.3091, n=180)
[2026-07-27 17:33:16] 2026-07-27 17:33:16 | INFO     | KDClient 2 fit round 1 (tier=small)
[2026-07-27 17:33:16] 2026-07-27 17:33:16 | INFO     | KDClient 2 round 1 local training (epochs=4)
[2026-07-27 17:34:03] 2026-07-27 17:34:03 | INFO     | KDClient 2 round 1 completed (acc=0.3091, n=180)
[2026-07-27 17:34:03] 2026-07-27 17:34:03 | INFO     | KDClient 3 fit round 1 (tier=small)
[2026-07-27 17:34:03] 2026-07-27 17:34:03 | INFO     | KDClient 3 round 1 local training (epochs=4)
[2026-07-27 17:34:46] 2026-07-27 17:34:46 | INFO     | KDClient 3 round 1 completed (acc=0.3091, n=180)
[2026-07-27 17:34:46] 2026-07-27 17:34:46 | INFO     | KDClient 4 fit round 1 (tier=small)
[2026-07-27 17:34:46] 2026-07-27 17:34:46 | INFO     | KDClient 4 round 1 local training (epochs=4)
[2026-07-27 17:35:31] 2026-07-27 17:35:31 | INFO     | KDClient 4 round 1 completed (acc=0.3091, n=180)
[2026-07-27 17:35:31] 2026-07-27 17:35:31 | INFO     | KDClient 5 fit round 1 (tier=small)
[2026-07-27 17:35:31] 2026-07-27 17:35:31 | INFO     | KDClient 5 round 1 local training (epochs=4)
[2026-07-27 17:36:13] 2026-07-27 17:36:13 | INFO     | KDClient 5 round 1 completed (acc=0.3091, n=180)
[2026-07-27 17:36:13] 2026-07-27 17:36:13 | INFO     | KDClient 6 fit round 1 (tier=small)
[2026-07-27 17:36:13] 2026-07-27 17:36:13 | INFO     | KDClient 6 round 1 local training (epochs=4)
[2026-07-27 17:36:59] 2026-07-27 17:36:59 | INFO     | KDClient 6 round 1 completed (acc=0.3091, n=180)
[2026-07-27 17:36:59] 2026-07-27 17:36:59 | INFO     | KDClient 7 fit round 1 (tier=medium)
[2026-07-27 17:36:59] 2026-07-27 17:36:59 | INFO     | KDClient 7 round 1 local training (epochs=4)
[2026-07-27 17:38:26] 2026-07-27 17:38:26 | INFO     | KDClient 7 round 1 completed (acc=0.1964, n=180)
[2026-07-27 17:38:26] 2026-07-27 17:38:26 | INFO     | KDClient 8 fit round 1 (tier=medium)
[2026-07-27 17:38:26] 2026-07-27 17:38:26 | INFO     | KDClient 8 round 1 local training (epochs=4)
[2026-07-27 17:39:37] 2026-07-27 17:39:37 | INFO     | KDClient 8 round 1 completed (acc=0.3091, n=180)
[2026-07-27 17:39:37] 2026-07-27 17:39:37 | INFO     | KDClient 9 fit round 1 (tier=medium)
[2026-07-27 17:39:37] 2026-07-27 17:39:37 | INFO     | KDClient 9 round 1 local training (epochs=4)
[2026-07-27 17:40:41] 2026-07-27 17:40:41 | INFO     | KDClient 9 round 1 completed (acc=0.0000, n=180)
[2026-07-27 17:40:41] 2026-07-27 17:40:41 | INFO     | KDClient 10 fit round 1 (tier=medium)
[2026-07-27 17:40:41] 2026-07-27 17:40:41 | INFO     | KDClient 10 round 1 local training (epochs=4)
[2026-07-27 17:41:50] 2026-07-27 17:41:50 | INFO     | KDClient 10 round 1 completed (acc=0.2836, n=180)
[2026-07-27 17:41:50] 2026-07-27 17:41:50 | INFO     | KDClient 11 fit round 1 (tier=medium)
[2026-07-27 17:41:50] 2026-07-27 17:41:50 | INFO     | KDClient 11 round 1 local training (epochs=4)
[2026-07-27 17:43:04] 2026-07-27 17:43:04 | INFO     | KDClient 11 round 1 completed (acc=0.2836, n=180)
[2026-07-27 17:43:04] 2026-07-27 17:43:04 | INFO     | KDClient 12 fit round 1 (tier=medium)
[2026-07-27 17:43:04] 2026-07-27 17:43:04 | INFO     | KDClient 12 round 1 local training (epochs=4)
[2026-07-27 17:44:32] 2026-07-27 17:44:32 | INFO     | KDClient 12 round 1 completed (acc=0.3091, n=180)
[2026-07-27 17:44:32] 2026-07-27 17:44:32 | INFO     | KDClient 13 fit round 1 (tier=medium)
[2026-07-27 17:44:32] 2026-07-27 17:44:32 | INFO     | KDClient 13 round 1 local training (epochs=4)
[2026-07-27 17:46:15] 2026-07-27 17:46:15 | INFO     | KDClient 13 round 1 completed (acc=0.3091, n=180)
[2026-07-27 17:46:15] 2026-07-27 17:46:15 | INFO     | KDClient 14 fit round 1 (tier=large)
[2026-07-27 17:46:15] 2026-07-27 17:46:15 | INFO     | KDClient 14 round 1 local training (epochs=4)
[2026-07-27 17:48:59] 2026-07-27 17:48:59 | INFO     | KDClient 14 round 1 completed (acc=0.3091, n=180)
[2026-07-27 17:48:59] 2026-07-27 17:48:59 | INFO     | KDClient 15 fit round 1 (tier=large)
[2026-07-27 17:48:59] 2026-07-27 17:48:59 | INFO     | KDClient 15 round 1 local training (epochs=4)
[2026-07-27 17:51:55] 2026-07-27 17:51:55 | INFO     | KDClient 15 round 1 completed (acc=0.2764, n=180)
[2026-07-27 17:51:55] 2026-07-27 17:51:55 | INFO     | KDClient 16 fit round 1 (tier=large)
[2026-07-27 17:51:55] 2026-07-27 17:51:55 | INFO     | KDClient 16 round 1 local training (epochs=4)
[2026-07-27 17:54:26] 2026-07-27 17:54:26 | INFO     | KDClient 16 round 1 completed (acc=0.3091, n=180)
[2026-07-27 17:54:26] 2026-07-27 17:54:26 | INFO     | KDClient 17 fit round 1 (tier=large)
[2026-07-27 17:54:26] 2026-07-27 17:54:26 | INFO     | KDClient 17 round 1 local training (epochs=4)
[2026-07-27 17:57:13] 2026-07-27 17:57:13 | INFO     | KDClient 17 round 1 completed (acc=0.3091, n=180)
[2026-07-27 17:57:13] 2026-07-27 17:57:13 | INFO     | KDClient 18 fit round 1 (tier=large)
[2026-07-27 17:57:13] 2026-07-27 17:57:13 | INFO     | KDClient 18 round 1 local training (epochs=4)
[2026-07-27 17:59:39] 2026-07-27 17:59:39 | INFO     | KDClient 18 round 1 completed (acc=0.3091, n=180)
[2026-07-27 17:59:39] 2026-07-27 17:59:39 | INFO     | KDClient 19 fit round 1 (tier=large)
[2026-07-27 17:59:39] 2026-07-27 17:59:39 | INFO     | KDClient 19 round 1 local training (epochs=4)
[2026-07-27 18:02:33] 2026-07-27 18:02:33 | INFO     | KDClient 19 round 1 completed (acc=0.3091, n=180)
[2026-07-27 18:02:34] 2026-07-27 18:02:34 | INFO     | MKS — IID: round 1/50 aggregated 3 cluster weights
[2026-07-27 18:02:34]   Round   1/50 | Avg: 0.2835 | Min: 0.0000 | Max: 0.3091
[2026-07-27 18:02:34] 2026-07-27 18:02:34 | INFO     | MKS — IID: round 2/50 starting
[2026-07-27 18:02:34] 2026-07-27 18:02:34 | INFO     | KDClient 0 fit round 2 (tier=small)
[2026-07-27 18:02:34] 2026-07-27 18:02:34 | INFO     | KDClient 0 round 2 public KD (epochs=2)
[2026-07-27 18:03:26] 2026-07-27 18:03:26 | INFO     | KDClient 0 round 2 local training (epochs=4)
[2026-07-27 18:03:59] 2026-07-27 18:03:58 | INFO     | KDClient 0 round 2 completed (acc=0.3091, n=180)
[2026-07-27 18:03:59] 2026-07-27 18:03:58 | INFO     | KDClient 1 fit round 2 (tier=small)
[2026-07-27 18:03:59] 2026-07-27 18:03:59 | INFO     | KDClient 1 round 2 public KD (epochs=2)
[2026-07-27 18:04:57] 2026-07-27 18:04:57 | INFO     | KDClient 1 round 2 local training (epochs=4)
[2026-07-27 18:05:28] 2026-07-27 18:05:28 | INFO     | KDClient 1 round 2 completed (acc=0.3091, n=180)
[2026-07-27 18:05:28] 2026-07-27 18:05:28 | INFO     | KDClient 2 fit round 2 (tier=small)
[2026-07-27 18:05:28] 2026-07-27 18:05:28 | INFO     | KDClient 2 round 2 public KD (epochs=2)
[2026-07-27 18:06:46] 2026-07-27 18:06:46 | INFO     | KDClient 2 round 2 local training (epochs=4)
[2026-07-27 18:07:35] 2026-07-27 18:07:35 | INFO     | KDClient 2 round 2 completed (acc=0.3091, n=180)
[2026-07-27 18:07:35] 2026-07-27 18:07:35 | INFO     | KDClient 3 fit round 2 (tier=small)
[2026-07-27 18:07:35] 2026-07-27 18:07:35 | INFO     | KDClient 3 round 2 public KD (epochs=2)
[2026-07-27 18:08:23] 2026-07-27 18:08:23 | INFO     | KDClient 3 round 2 local training (epochs=4)
[2026-07-27 18:08:57] 2026-07-27 18:08:57 | INFO     | KDClient 3 round 2 completed (acc=0.3091, n=180)
[2026-07-27 18:08:57] 2026-07-27 18:08:57 | INFO     | KDClient 4 fit round 2 (tier=small)
[2026-07-27 18:08:57] 2026-07-27 18:08:57 | INFO     | KDClient 4 round 2 public KD (epochs=2)
[2026-07-27 18:10:08] 2026-07-27 18:10:08 | INFO     | KDClient 4 round 2 local training (epochs=4)
[2026-07-27 18:10:44] 2026-07-27 18:10:44 | INFO     | KDClient 4 round 2 completed (acc=0.3091, n=180)
[2026-07-27 18:10:44] 2026-07-27 18:10:44 | INFO     | KDClient 5 fit round 2 (tier=small)
[2026-07-27 18:10:44] 2026-07-27 18:10:44 | INFO     | KDClient 5 round 2 public KD (epochs=2)
[2026-07-27 18:11:29] 2026-07-27 18:11:29 | INFO     | KDClient 5 round 2 local training (epochs=4)
[2026-07-27 18:11:56] 2026-07-27 18:11:56 | INFO     | KDClient 5 round 2 completed (acc=0.3091, n=180)
[2026-07-27 18:11:56] 2026-07-27 18:11:56 | INFO     | KDClient 6 fit round 2 (tier=small)
[2026-07-27 18:11:56] 2026-07-27 18:11:56 | INFO     | KDClient 6 round 2 public KD (epochs=2)
[2026-07-27 18:13:16] 2026-07-27 18:13:16 | INFO     | KDClient 6 round 2 local training (epochs=4)
[2026-07-27 18:13:46] 2026-07-27 18:13:46 | INFO     | KDClient 6 round 2 completed (acc=0.3091, n=180)
[2026-07-27 18:13:46] 2026-07-27 18:13:46 | INFO     | KDClient 7 fit round 2 (tier=medium)
[2026-07-27 18:13:46] 2026-07-27 18:13:46 | INFO     | KDClient 7 round 2 public KD (epochs=2)
[2026-07-27 18:15:31] 2026-07-27 18:15:31 | INFO     | KDClient 7 round 2 local training (epochs=4)
[2026-07-27 18:16:46] 2026-07-27 18:16:46 | INFO     | KDClient 7 round 2 completed (acc=0.3091, n=180)
[2026-07-27 18:16:46] 2026-07-27 18:16:46 | INFO     | KDClient 8 fit round 2 (tier=medium)
[2026-07-27 18:16:46] 2026-07-27 18:16:46 | INFO     | KDClient 8 round 2 public KD (epochs=2)
[2026-07-27 18:18:33] 2026-07-27 18:18:33 | INFO     | KDClient 8 round 2 local training (epochs=4)
[2026-07-27 18:19:35] 2026-07-27 18:19:35 | INFO     | KDClient 8 round 2 completed (acc=0.3091, n=180)
[2026-07-27 18:19:35] 2026-07-27 18:19:35 | INFO     | KDClient 9 fit round 2 (tier=medium)
[2026-07-27 18:19:35] 2026-07-27 18:19:35 | INFO     | KDClient 9 round 2 public KD (epochs=2)
[2026-07-27 18:21:19] 2026-07-27 18:21:19 | INFO     | KDClient 9 round 2 local training (epochs=4)
[2026-07-27 18:22:29] 2026-07-27 18:22:29 | INFO     | KDClient 9 round 2 completed (acc=0.3091, n=180)
[2026-07-27 18:22:29] 2026-07-27 18:22:29 | INFO     | KDClient 10 fit round 2 (tier=medium)
[2026-07-27 18:22:29] 2026-07-27 18:22:29 | INFO     | KDClient 10 round 2 public KD (epochs=2)
[2026-07-27 18:24:18] 2026-07-27 18:24:18 | INFO     | KDClient 10 round 2 local training (epochs=4)
[2026-07-27 18:25:23] 2026-07-27 18:25:23 | INFO     | KDClient 10 round 2 completed (acc=0.3091, n=180)
[2026-07-27 18:25:23] 2026-07-27 18:25:23 | INFO     | KDClient 11 fit round 2 (tier=medium)
[2026-07-27 18:25:23] 2026-07-27 18:25:23 | INFO     | KDClient 11 round 2 public KD (epochs=2)
[2026-07-27 18:27:01] 2026-07-27 18:27:01 | INFO     | KDClient 11 round 2 local training (epochs=4)
[2026-07-27 18:28:04] 2026-07-27 18:28:04 | INFO     | KDClient 11 round 2 completed (acc=0.3091, n=180)
[2026-07-27 18:28:04] 2026-07-27 18:28:04 | INFO     | KDClient 12 fit round 2 (tier=medium)
[2026-07-27 18:28:04] 2026-07-27 18:28:04 | INFO     | KDClient 12 round 2 public KD (epochs=2)
[2026-07-27 18:29:50] 2026-07-27 18:29:50 | INFO     | KDClient 12 round 2 local training (epochs=4)
[2026-07-27 18:30:53] 2026-07-27 18:30:53 | INFO     | KDClient 12 round 2 completed (acc=0.3091, n=180)
[2026-07-27 18:30:53] 2026-07-27 18:30:53 | INFO     | KDClient 13 fit round 2 (tier=medium)
[2026-07-27 18:30:53] 2026-07-27 18:30:53 | INFO     | KDClient 13 round 2 public KD (epochs=2)
[2026-07-27 18:32:48] 2026-07-27 18:32:48 | INFO     | KDClient 13 round 2 local training (epochs=4)
[2026-07-27 18:33:59] 2026-07-27 18:33:59 | INFO     | KDClient 13 round 2 completed (acc=0.3091, n=180)
[2026-07-27 18:33:59] 2026-07-27 18:33:59 | INFO     | KDClient 14 fit round 2 (tier=large)
[2026-07-27 18:33:59] 2026-07-27 18:33:59 | INFO     | KDClient 14 round 2 public KD (epochs=2)
[2026-07-27 18:38:03] 2026-07-27 18:38:03 | INFO     | KDClient 14 round 2 local training (epochs=4)
[2026-07-27 18:39:37] 2026-07-27 18:39:37 | INFO     | KDClient 14 round 2 completed (acc=0.3091, n=180)
[2026-07-27 18:39:37] 2026-07-27 18:39:37 | INFO     | KDClient 15 fit round 2 (tier=large)
[2026-07-27 18:39:37] 2026-07-27 18:39:37 | INFO     | KDClient 15 round 2 public KD (epochs=2)
[2026-07-27 18:43:19] 2026-07-27 18:43:19 | INFO     | KDClient 15 round 2 local training (epochs=4)
[2026-07-27 18:45:07] 2026-07-27 18:45:07 | INFO     | KDClient 15 round 2 completed (acc=0.3091, n=180)
[2026-07-27 18:45:07] 2026-07-27 18:45:07 | INFO     | KDClient 16 fit round 2 (tier=large)
[2026-07-27 18:45:07] 2026-07-27 18:45:07 | INFO     | KDClient 16 round 2 public KD (epochs=2)
[2026-07-27 18:48:25] 2026-07-27 18:48:25 | INFO     | KDClient 16 round 2 local training (epochs=4)
[2026-07-27 18:50:06] 2026-07-27 18:50:06 | INFO     | KDClient 16 round 2 completed (acc=0.3091, n=180)
[2026-07-27 18:50:06] 2026-07-27 18:50:06 | INFO     | KDClient 17 fit round 2 (tier=large)
[2026-07-27 18:50:06] 2026-07-27 18:50:06 | INFO     | KDClient 17 round 2 public KD (epochs=2)
[2026-07-27 18:53:10] 2026-07-27 18:53:10 | INFO     | KDClient 17 round 2 local training (epochs=4)
[2026-07-27 18:54:52] 2026-07-27 18:54:52 | INFO     | KDClient 17 round 2 completed (acc=0.3091, n=180)
[2026-07-27 18:54:52] 2026-07-27 18:54:52 | INFO     | KDClient 18 fit round 2 (tier=large)
[2026-07-27 18:54:52] 2026-07-27 18:54:52 | INFO     | KDClient 18 round 2 public KD (epochs=2)
[2026-07-27 18:57:35] 2026-07-27 18:57:35 | INFO     | KDClient 18 round 2 local training (epochs=4)
[2026-07-27 18:59:29] 2026-07-27 18:59:29 | INFO     | KDClient 18 round 2 completed (acc=0.3091, n=180)
[2026-07-27 18:59:29] 2026-07-27 18:59:29 | INFO     | KDClient 19 fit round 2 (tier=large)
[2026-07-27 18:59:29] 2026-07-27 18:59:29 | INFO     | KDClient 19 round 2 public KD (epochs=2)
[2026-07-27 19:02:34] 2026-07-27 19:02:34 | INFO     | KDClient 19 round 2 local training (epochs=4)
[2026-07-27 19:04:26] 2026-07-27 19:04:26 | INFO     | KDClient 19 round 2 completed (acc=0.3091, n=180)
[2026-07-27 19:04:26] 2026-07-27 19:04:26 | INFO     | MKS — IID: round 2/50 aggregated 3 cluster weights
[2026-07-27 19:04:26]   Round   2/50 | Avg: 0.3091 | Min: 0.3091 | Max: 0.3091
[2026-07-27 19:04:26] 2026-07-27 19:04:26 | INFO     | MKS — IID: round 3/50 starting
[2026-07-27 19:04:26] 2026-07-27 19:04:26 | INFO     | KDClient 0 fit round 3 (tier=small)
[2026-07-27 19:04:26] 2026-07-27 19:04:26 | INFO     | KDClient 0 round 3 public KD (epochs=2)
[2026-07-27 19:05:13] 2026-07-27 19:05:13 | INFO     | KDClient 0 round 3 local training (epochs=4)
[2026-07-27 19:05:48] 2026-07-27 19:05:48 | INFO     | KDClient 0 round 3 completed (acc=0.3091, n=180)
[2026-07-27 19:05:48] 2026-07-27 19:05:48 | INFO     | KDClient 1 fit round 3 (tier=small)
[2026-07-27 19:05:48] 2026-07-27 19:05:48 | INFO     | KDClient 1 round 3 public KD (epochs=2)
[2026-07-27 19:06:28] 2026-07-27 19:06:28 | INFO     | KDClient 1 round 3 local training (epochs=4)
[2026-07-27 19:07:08] 2026-07-27 19:07:08 | INFO     | KDClient 1 round 3 completed (acc=0.3091, n=180)
[2026-07-27 19:07:08] 2026-07-27 19:07:08 | INFO     | KDClient 2 fit round 3 (tier=small)
[2026-07-27 19:07:08] 2026-07-27 19:07:08 | INFO     | KDClient 2 round 3 public KD (epochs=2)
[2026-07-27 19:07:52] 2026-07-27 19:07:52 | INFO     | KDClient 2 round 3 local training (epochs=4)
[2026-07-27 19:08:24] 2026-07-27 19:08:24 | INFO     | KDClient 2 round 3 completed (acc=0.3091, n=180)
[2026-07-27 19:08:24] 2026-07-27 19:08:24 | INFO     | KDClient 3 fit round 3 (tier=small)
[2026-07-27 19:08:24] 2026-07-27 19:08:24 | INFO     | KDClient 3 round 3 public KD (epochs=2)
[2026-07-27 19:09:07] 2026-07-27 19:09:07 | INFO     | KDClient 3 round 3 local training (epochs=4)
[2026-07-27 19:09:42] 2026-07-27 19:09:42 | INFO     | KDClient 3 round 3 completed (acc=0.3091, n=180)
[2026-07-27 19:09:42] 2026-07-27 19:09:42 | INFO     | KDClient 4 fit round 3 (tier=small)
[2026-07-27 19:09:42] 2026-07-27 19:09:42 | INFO     | KDClient 4 round 3 public KD (epochs=2)
[2026-07-27 19:10:27] 2026-07-27 19:10:27 | INFO     | KDClient 4 round 3 local training (epochs=4)
[2026-07-27 19:11:09] 2026-07-27 19:11:08 | INFO     | KDClient 4 round 3 completed (acc=0.3091, n=180)
[2026-07-27 19:11:09] 2026-07-27 19:11:08 | INFO     | KDClient 5 fit round 3 (tier=small)
[2026-07-27 19:11:09] 2026-07-27 19:11:09 | INFO     | KDClient 5 round 3 public KD (epochs=2)
[2026-07-27 19:12:14] 2026-07-27 19:12:14 | INFO     | KDClient 5 round 3 local training (epochs=4)
[2026-07-27 19:12:48] 2026-07-27 19:12:48 | INFO     | KDClient 5 round 3 completed (acc=0.3091, n=180)
[2026-07-27 19:12:48] 2026-07-27 19:12:48 | INFO     | KDClient 6 fit round 3 (tier=small)
[2026-07-27 19:12:48] 2026-07-27 19:12:48 | INFO     | KDClient 6 round 3 public KD (epochs=2)
[2026-07-27 19:13:32] 2026-07-27 19:13:32 | INFO     | KDClient 6 round 3 local training (epochs=4)
[2026-07-27 19:14:09] 2026-07-27 19:14:09 | INFO     | KDClient 6 round 3 completed (acc=0.3091, n=180)
[2026-07-27 19:14:09] 2026-07-27 19:14:09 | INFO     | KDClient 7 fit round 3 (tier=medium)
[2026-07-27 19:14:09] 2026-07-27 19:14:09 | INFO     | KDClient 7 round 3 public KD (epochs=2)
[2026-07-27 19:16:18] 2026-07-27 19:16:18 | INFO     | KDClient 7 round 3 local training (epochs=4)
[2026-07-27 19:17:25] 2026-07-27 19:17:25 | INFO     | KDClient 7 round 3 completed (acc=0.3091, n=180)
[2026-07-27 19:17:25] 2026-07-27 19:17:25 | INFO     | KDClient 8 fit round 3 (tier=medium)
[2026-07-27 19:17:25] 2026-07-27 19:17:25 | INFO     | KDClient 8 round 3 public KD (epochs=2)
[2026-07-27 19:18:48] 2026-07-27 19:18:48 | INFO     | KDClient 8 round 3 local training (epochs=4)
[2026-07-27 19:20:06] 2026-07-27 19:20:06 | INFO     | KDClient 8 round 3 completed (acc=0.3091, n=180)
[2026-07-27 19:20:06] 2026-07-27 19:20:06 | INFO     | KDClient 9 fit round 3 (tier=medium)
[2026-07-27 19:20:06] 2026-07-27 19:20:06 | INFO     | KDClient 9 round 3 public KD (epochs=2)
[2026-07-27 19:21:22] 2026-07-27 19:21:22 | INFO     | KDClient 9 round 3 local training (epochs=4)
[2026-07-27 19:22:21] 2026-07-27 19:22:21 | INFO     | KDClient 9 round 3 completed (acc=0.3091, n=180)
[2026-07-27 19:22:21] 2026-07-27 19:22:21 | INFO     | KDClient 10 fit round 3 (tier=medium)
[2026-07-27 19:22:21] 2026-07-27 19:22:21 | INFO     | KDClient 10 round 3 public KD (epochs=2)
[2026-07-27 19:23:42] 2026-07-27 19:23:42 | INFO     | KDClient 10 round 3 local training (epochs=4)
[2026-07-27 19:25:00] 2026-07-27 19:25:00 | INFO     | KDClient 10 round 3 completed (acc=0.3091, n=180)
[2026-07-27 19:25:00] 2026-07-27 19:25:00 | INFO     | KDClient 11 fit round 3 (tier=medium)
[2026-07-27 19:25:00] 2026-07-27 19:25:00 | INFO     | KDClient 11 round 3 public KD (epochs=2)
[2026-07-27 19:26:22] 2026-07-27 19:26:22 | INFO     | KDClient 11 round 3 local training (epochs=4)
[2026-07-27 19:27:21] 2026-07-27 19:27:21 | INFO     | KDClient 11 round 3 completed (acc=0.3091, n=180)
[2026-07-27 19:27:21] 2026-07-27 19:27:21 | INFO     | KDClient 12 fit round 3 (tier=medium)
[2026-07-27 19:27:21] 2026-07-27 19:27:21 | INFO     | KDClient 12 round 3 public KD (epochs=2)
[2026-07-27 19:28:33] 2026-07-27 19:28:33 | INFO     | KDClient 12 round 3 local training (epochs=4)
[2026-07-27 19:29:38] 2026-07-27 19:29:38 | INFO     | KDClient 12 round 3 completed (acc=0.3091, n=180)
[2026-07-27 19:29:38] 2026-07-27 19:29:38 | INFO     | KDClient 13 fit round 3 (tier=medium)
[2026-07-27 19:29:38] 2026-07-27 19:29:38 | INFO     | KDClient 13 round 3 public KD (epochs=2)
[2026-07-27 19:30:58] 2026-07-27 19:30:58 | INFO     | KDClient 13 round 3 local training (epochs=4)
[2026-07-27 19:32:06] 2026-07-27 19:32:06 | INFO     | KDClient 13 round 3 completed (acc=0.3091, n=180)
[2026-07-27 19:32:06] 2026-07-27 19:32:06 | INFO     | KDClient 14 fit round 3 (tier=large)
[2026-07-27 19:32:06] 2026-07-27 19:32:06 | INFO     | KDClient 14 round 3 public KD (epochs=2)
[2026-07-27 19:34:26] 2026-07-27 19:34:26 | INFO     | KDClient 14 round 3 local training (epochs=4)
[2026-07-27 19:36:10] 2026-07-27 19:36:10 | INFO     | KDClient 14 round 3 completed (acc=0.3091, n=180)
[2026-07-27 19:36:10] 2026-07-27 19:36:10 | INFO     | KDClient 15 fit round 3 (tier=large)
[2026-07-27 19:36:10] 2026-07-27 19:36:10 | INFO     | KDClient 15 round 3 public KD (epochs=2)
[2026-07-27 19:40:28] 2026-07-27 19:40:28 | INFO     | KDClient 15 round 3 local training (epochs=4)
[2026-07-27 19:44:42] 2026-07-27 19:44:42 | INFO     | KDClient 15 round 3 completed (acc=0.2109, n=180)
[2026-07-27 19:44:42] 2026-07-27 19:44:42 | INFO     | KDClient 16 fit round 3 (tier=large)
[2026-07-27 19:44:42] 2026-07-27 19:44:42 | INFO     | KDClient 16 round 3 public KD (epochs=2)
[2026-07-27 19:49:45] 2026-07-27 19:49:45 | INFO     | KDClient 16 round 3 local training (epochs=4)
[2026-07-27 19:53:38] 2026-07-27 19:53:38 | INFO     | KDClient 16 round 3 completed (acc=0.3091, n=180)
[2026-07-27 19:53:38] 2026-07-27 19:53:38 | INFO     | KDClient 17 fit round 3 (tier=large)
[2026-07-27 19:53:38] 2026-07-27 19:53:38 | INFO     | KDClient 17 round 3 public KD (epochs=2)
[2026-07-27 19:59:41] 2026-07-27 19:59:41 | INFO     | KDClient 17 round 3 local training (epochs=4)
[2026-07-27 20:03:30] 2026-07-27 20:03:30 | INFO     | KDClient 17 round 3 completed (acc=0.0000, n=180)
[2026-07-27 20:03:30] 2026-07-27 20:03:30 | INFO     | KDClient 18 fit round 3 (tier=large)
[2026-07-27 20:03:31] 2026-07-27 20:03:31 | INFO     | KDClient 18 round 3 public KD (epochs=2)
[2026-07-27 20:08:53] 2026-07-27 20:08:53 | INFO     | KDClient 18 round 3 local training (epochs=4)
[2026-07-27 20:12:48] 2026-07-27 20:12:48 | INFO     | KDClient 18 round 3 completed (acc=0.0000, n=180)
[2026-07-27 20:12:48] 2026-07-27 20:12:48 | INFO     | KDClient 19 fit round 3 (tier=large)
[2026-07-27 20:12:48] 2026-07-27 20:12:48 | INFO     | KDClient 19 round 3 public KD (epochs=2)
[2026-07-27 20:18:40] 2026-07-27 20:18:40 | INFO     | KDClient 19 round 3 local training (epochs=4)
[2026-07-27 20:23:03] 2026-07-27 20:23:03 | INFO     | KDClient 19 round 3 completed (acc=0.0000, n=180)
[2026-07-27 20:23:03] 2026-07-27 20:23:03 | INFO     | MKS — IID: round 3/50 aggregated 3 cluster weights
[2026-07-27 20:23:03]   Round   3/50 | Avg: 0.2578 | Min: 0.0000 | Max: 0.3091
[2026-07-27 20:23:03] 2026-07-27 20:23:03 | INFO     | MKS — IID: round 4/50 starting
[2026-07-27 20:23:04] 2026-07-27 20:23:04 | INFO     | KDClient 0 fit round 4 (tier=small)
[2026-07-27 20:23:04] 2026-07-27 20:23:04 | INFO     | KDClient 0 round 4 public KD (epochs=2)
[2026-07-27 20:25:00] 2026-07-27 20:25:00 | INFO     | KDClient 0 round 4 local training (epochs=4)
[2026-07-27 20:25:55] 2026-07-27 20:25:55 | INFO     | KDClient 0 round 4 completed (acc=0.3091, n=180)
[2026-07-27 20:25:55] 2026-07-27 20:25:55 | INFO     | KDClient 1 fit round 4 (tier=small)
[2026-07-27 20:25:55] 2026-07-27 20:25:55 | INFO     | KDClient 1 round 4 public KD (epochs=2)
[2026-07-27 20:27:45] 2026-07-27 20:27:45 | INFO     | KDClient 1 round 4 local training (epochs=4)
[2026-07-27 20:28:53] 2026-07-27 20:28:53 | INFO     | KDClient 1 round 4 completed (acc=0.3091, n=180)
[2026-07-27 20:28:53] 2026-07-27 20:28:53 | INFO     | KDClient 2 fit round 4 (tier=small)
[2026-07-27 20:28:54] 2026-07-27 20:28:54 | INFO     | KDClient 2 round 4 public KD (epochs=2)
[2026-07-27 20:30:51] 2026-07-27 20:30:51 | INFO     | KDClient 2 round 4 local training (epochs=4)
[2026-07-27 20:31:56] 2026-07-27 20:31:56 | INFO     | KDClient 2 round 4 completed (acc=0.3091, n=180)
[2026-07-27 20:31:56] 2026-07-27 20:31:56 | INFO     | KDClient 3 fit round 4 (tier=small)
[2026-07-27 20:31:57] 2026-07-27 20:31:56 | INFO     | KDClient 3 round 4 public KD (epochs=2)
[2026-07-27 20:33:29] 2026-07-27 20:33:29 | INFO     | KDClient 3 round 4 local training (epochs=4)
[2026-07-27 20:34:42] 2026-07-27 20:34:42 | INFO     | KDClient 3 round 4 completed (acc=0.3091, n=180)
[2026-07-27 20:34:42] 2026-07-27 20:34:42 | INFO     | KDClient 4 fit round 4 (tier=small)
[2026-07-27 20:34:42] 2026-07-27 20:34:42 | INFO     | KDClient 4 round 4 public KD (epochs=2)
[2026-07-27 20:36:21] 2026-07-27 20:36:21 | INFO     | KDClient 4 round 4 local training (epochs=4)
[2026-07-27 20:37:45] 2026-07-27 20:37:45 | INFO     | KDClient 4 round 4 completed (acc=0.3091, n=180)
[2026-07-27 20:37:45] 2026-07-27 20:37:45 | INFO     | KDClient 5 fit round 4 (tier=small)
[2026-07-27 20:37:45] 2026-07-27 20:37:45 | INFO     | KDClient 5 round 4 public KD (epochs=2)
[2026-07-27 20:38:51] 2026-07-27 20:38:51 | INFO     | KDClient 5 round 4 local training (epochs=4)
[2026-07-27 20:40:21] 2026-07-27 20:40:21 | INFO     | KDClient 5 round 4 completed (acc=0.3091, n=180)
[2026-07-27 20:40:21] 2026-07-27 20:40:21 | INFO     | KDClient 6 fit round 4 (tier=small)
[2026-07-27 20:40:21] 2026-07-27 20:40:21 | INFO     | KDClient 6 round 4 public KD (epochs=2)
[2026-07-27 20:42:34] 2026-07-27 20:42:34 | INFO     | KDClient 6 round 4 local training (epochs=4)
[2026-07-27 20:43:39] 2026-07-27 20:43:39 | INFO     | KDClient 6 round 4 completed (acc=0.3091, n=180)
[2026-07-27 20:43:39] 2026-07-27 20:43:39 | INFO     | KDClient 7 fit round 4 (tier=medium)
[2026-07-27 20:43:39] 2026-07-27 20:43:39 | INFO     | KDClient 7 round 4 public KD (epochs=2)
[2026-07-27 20:46:23] 2026-07-27 20:46:23 | INFO     | KDClient 7 round 4 local training (epochs=4)
[2026-07-27 20:48:29] 2026-07-27 20:48:29 | INFO     | KDClient 7 round 4 completed (acc=0.3091, n=180)
[2026-07-27 20:48:29] 2026-07-27 20:48:29 | INFO     | KDClient 8 fit round 4 (tier=medium)
[2026-07-27 20:48:29] 2026-07-27 20:48:29 | INFO     | KDClient 8 round 4 public KD (epochs=2)
[2026-07-27 20:51:10] 2026-07-27 20:51:10 | INFO     | KDClient 8 round 4 local training (epochs=4)
[2026-07-27 20:53:53] 2026-07-27 20:53:53 | INFO     | KDClient 8 round 4 completed (acc=0.3091, n=180)
[2026-07-27 20:53:53] 2026-07-27 20:53:53 | INFO     | KDClient 9 fit round 4 (tier=medium)
[2026-07-27 20:53:53] 2026-07-27 20:53:53 | INFO     | KDClient 9 round 4 public KD (epochs=2)
[2026-07-27 20:56:24] 2026-07-27 20:56:24 | INFO     | KDClient 9 round 4 local training (epochs=4)
[2026-07-27 20:58:22] 2026-07-27 20:58:22 | INFO     | KDClient 9 round 4 completed (acc=0.3091, n=180)
[2026-07-27 20:58:22] 2026-07-27 20:58:22 | INFO     | KDClient 10 fit round 4 (tier=medium)
[2026-07-27 20:58:22] 2026-07-27 20:58:22 | INFO     | KDClient 10 round 4 public KD (epochs=2)
[2026-07-27 21:00:37] 2026-07-27 21:00:37 | INFO     | KDClient 10 round 4 local training (epochs=4)
[2026-07-27 21:02:44] 2026-07-27 21:02:44 | INFO     | KDClient 10 round 4 completed (acc=0.3018, n=180)
[2026-07-27 21:02:44] 2026-07-27 21:02:44 | INFO     | KDClient 11 fit round 4 (tier=medium)
[2026-07-27 21:02:44] 2026-07-27 21:02:44 | INFO     | KDClient 11 round 4 public KD (epochs=2)
[2026-07-27 21:05:12] 2026-07-27 21:05:12 | INFO     | KDClient 11 round 4 local training (epochs=4)
[2026-07-27 21:06:50] 2026-07-27 21:06:50 | INFO     | KDClient 11 round 4 completed (acc=0.2909, n=180)
[2026-07-27 21:06:50] 2026-07-27 21:06:50 | INFO     | KDClient 12 fit round 4 (tier=medium)
[2026-07-27 21:06:50] 2026-07-27 21:06:50 | INFO     | KDClient 12 round 4 public KD (epochs=2)
[2026-07-27 21:09:08] 2026-07-27 21:09:08 | INFO     | KDClient 12 round 4 local training (epochs=4)
[2026-07-27 21:11:04] 2026-07-27 21:11:04 | INFO     | KDClient 12 round 4 completed (acc=0.3055, n=180)
[2026-07-27 21:11:04] 2026-07-27 21:11:04 | INFO     | KDClient 13 fit round 4 (tier=medium)
[2026-07-27 21:11:04] 2026-07-27 21:11:04 | INFO     | KDClient 13 round 4 public KD (epochs=2)
[2026-07-27 21:13:13] 2026-07-27 21:13:13 | INFO     | KDClient 13 round 4 local training (epochs=4)
[2026-07-27 21:15:26] 2026-07-27 21:15:26 | INFO     | KDClient 13 round 4 completed (acc=0.3091, n=180)
[2026-07-27 21:15:26] 2026-07-27 21:15:26 | INFO     | KDClient 14 fit round 4 (tier=large)
[2026-07-27 21:15:26] 2026-07-27 21:15:26 | INFO     | KDClient 14 round 4 public KD (epochs=2)
[2026-07-27 21:19:05] 2026-07-27 21:19:05 | INFO     | KDClient 14 round 4 local training (epochs=4)
[2026-07-27 21:22:08] 2026-07-27 21:22:08 | INFO     | KDClient 14 round 4 completed (acc=0.3091, n=180)
[2026-07-27 21:22:08] 2026-07-27 21:22:08 | INFO     | KDClient 15 fit round 4 (tier=large)
[2026-07-27 21:22:08] 2026-07-27 21:22:08 | INFO     | KDClient 15 round 4 public KD (epochs=2)
[2026-07-27 21:25:52] 2026-07-27 21:25:52 | INFO     | KDClient 15 round 4 local training (epochs=4)
[2026-07-27 21:29:45] 2026-07-27 21:29:45 | INFO     | KDClient 15 round 4 completed (acc=0.3091, n=180)
[2026-07-27 21:29:45] 2026-07-27 21:29:45 | INFO     | KDClient 16 fit round 4 (tier=large)
[2026-07-27 21:29:46] 2026-07-27 21:29:46 | INFO     | KDClient 16 round 4 public KD (epochs=2)
[2026-07-27 21:34:14] 2026-07-27 21:34:14 | INFO     | KDClient 16 round 4 local training (epochs=4)
[2026-07-27 21:38:16] 2026-07-27 21:38:16 | INFO     | KDClient 16 round 4 completed (acc=0.3091, n=180)
[2026-07-27 21:38:16] 2026-07-27 21:38:16 | INFO     | KDClient 17 fit round 4 (tier=large)
[2026-07-27 21:38:16] 2026-07-27 21:38:16 | INFO     | KDClient 17 round 4 public KD (epochs=2)
[2026-07-27 21:42:40] 2026-07-27 21:42:40 | INFO     | KDClient 17 round 4 local training (epochs=4)
[2026-07-27 21:46:59] 2026-07-27 21:46:59 | INFO     | KDClient 17 round 4 completed (acc=0.3091, n=180)
[2026-07-27 21:46:59] 2026-07-27 21:46:59 | INFO     | KDClient 18 fit round 4 (tier=large)
[2026-07-27 21:46:59] 2026-07-27 21:46:59 | INFO     | KDClient 18 round 4 public KD (epochs=2)
[2026-07-27 21:51:16] 2026-07-27 21:51:15 | INFO     | KDClient 18 round 4 local training (epochs=4)
[2026-07-27 21:54:58] 2026-07-27 21:54:58 | INFO     | KDClient 18 round 4 completed (acc=0.3091, n=180)
[2026-07-27 21:54:58] 2026-07-27 21:54:58 | INFO     | KDClient 19 fit round 4 (tier=large)
[2026-07-27 21:54:58] 2026-07-27 21:54:58 | INFO     | KDClient 19 round 4 public KD (epochs=2)
[2026-07-27 21:59:20] 2026-07-27 21:59:20 | INFO     | KDClient 19 round 4 local training (epochs=4)
[2026-07-27 22:03:38] 2026-07-27 22:03:38 | INFO     | KDClient 19 round 4 completed (acc=0.3091, n=180)
[2026-07-27 22:03:38] 2026-07-27 22:03:38 | INFO     | MKS — IID: round 4/50 aggregated 3 cluster weights
[2026-07-27 22:03:38]   Round   4/50 | Avg: 0.3076 | Min: 0.2909 | Max: 0.3091
[2026-07-27 22:03:38] 2026-07-27 22:03:38 | INFO     | MKS — IID: round 5/50 starting
[2026-07-27 22:03:38] 2026-07-27 22:03:38 | INFO     | KDClient 0 fit round 5 (tier=small)
[2026-07-27 22:03:38] 2026-07-27 22:03:38 | INFO     | KDClient 0 round 5 public KD (epochs=2)
[2026-07-27 22:05:38] 2026-07-27 22:05:38 | INFO     | KDClient 0 round 5 local training (epochs=4)
[2026-07-27 22:07:05] 2026-07-27 22:07:05 | INFO     | KDClient 0 round 5 completed (acc=0.3091, n=180)
[2026-07-27 22:07:05] 2026-07-27 22:07:05 | INFO     | KDClient 1 fit round 5 (tier=small)
[2026-07-27 22:07:05] 2026-07-27 22:07:05 | INFO     | KDClient 1 round 5 public KD (epochs=2)
[2026-07-27 22:09:09] 2026-07-27 22:09:09 | INFO     | KDClient 1 round 5 local training (epochs=4)
[2026-07-27 22:10:34] 2026-07-27 22:10:34 | INFO     | KDClient 1 round 5 completed (acc=0.3091, n=180)
[2026-07-27 22:10:34] 2026-07-27 22:10:34 | INFO     | KDClient 2 fit round 5 (tier=small)
[2026-07-27 22:10:34] 2026-07-27 22:10:34 | INFO     | KDClient 2 round 5 public KD (epochs=2)
[2026-07-27 22:12:20] 2026-07-27 22:12:20 | INFO     | KDClient 2 round 5 local training (epochs=4)
[2026-07-27 22:13:59] 2026-07-27 22:13:59 | INFO     | KDClient 2 round 5 completed (acc=0.3091, n=180)
[2026-07-27 22:13:59] 2026-07-27 22:13:59 | INFO     | KDClient 3 fit round 5 (tier=small)
[2026-07-27 22:14:00] 2026-07-27 22:14:00 | INFO     | KDClient 3 round 5 public KD (epochs=2)
[2026-07-27 22:16:03] 2026-07-27 22:16:03 | INFO     | KDClient 3 round 5 local training (epochs=4)
[2026-07-27 22:17:12] 2026-07-27 22:17:12 | INFO     | KDClient 3 round 5 completed (acc=0.3091, n=180)
[2026-07-27 22:17:12] 2026-07-27 22:17:12 | INFO     | KDClient 4 fit round 5 (tier=small)
[2026-07-27 22:17:12] 2026-07-27 22:17:12 | INFO     | KDClient 4 round 5 public KD (epochs=2)
[2026-07-27 22:19:01] 2026-07-27 22:19:01 | INFO     | KDClient 4 round 5 local training (epochs=4)
[2026-07-27 22:20:27] 2026-07-27 22:20:27 | INFO     | KDClient 4 round 5 completed (acc=0.3091, n=180)
[2026-07-27 22:20:27] 2026-07-27 22:20:27 | INFO     | KDClient 5 fit round 5 (tier=small)
[2026-07-27 22:20:27] 2026-07-27 22:20:27 | INFO     | KDClient 5 round 5 public KD (epochs=2)
[2026-07-27 22:21:44] 2026-07-27 22:21:44 | INFO     | KDClient 5 round 5 local training (epochs=4)
[2026-07-27 22:23:13] 2026-07-27 22:23:13 | INFO     | KDClient 5 round 5 completed (acc=0.3091, n=180)
[2026-07-27 22:23:13] 2026-07-27 22:23:13 | INFO     | KDClient 6 fit round 5 (tier=small)
[2026-07-27 22:23:13] 2026-07-27 22:23:13 | INFO     | KDClient 6 round 5 public KD (epochs=2)
[2026-07-27 22:24:40] 2026-07-27 22:24:40 | INFO     | KDClient 6 round 5 local training (epochs=4)
[2026-07-27 22:25:57] 2026-07-27 22:25:57 | INFO     | KDClient 6 round 5 completed (acc=0.0000, n=180)
[2026-07-27 22:25:57] 2026-07-27 22:25:57 | INFO     | KDClient 7 fit round 5 (tier=medium)
[2026-07-27 22:25:57] 2026-07-27 22:25:57 | INFO     | KDClient 7 round 5 public KD (epochs=2)
[2026-07-27 22:28:42] 2026-07-27 22:28:42 | INFO     | KDClient 7 round 5 local training (epochs=4)
[2026-07-27 22:30:58] 2026-07-27 22:30:58 | INFO     | KDClient 7 round 5 completed (acc=0.2400, n=180)
[2026-07-27 22:30:58] 2026-07-27 22:30:58 | INFO     | KDClient 8 fit round 5 (tier=medium)
[2026-07-27 22:30:58] 2026-07-27 22:30:58 | INFO     | KDClient 8 round 5 public KD (epochs=2)
[2026-07-27 22:34:52] 2026-07-27 22:34:52 | INFO     | KDClient 8 round 5 local training (epochs=4)
[2026-07-27 22:37:13] 2026-07-27 22:37:13 | INFO     | KDClient 8 round 5 completed (acc=0.3091, n=180)
[2026-07-27 22:37:13] 2026-07-27 22:37:13 | INFO     | KDClient 9 fit round 5 (tier=medium)
[2026-07-27 22:37:13] 2026-07-27 22:37:13 | INFO     | KDClient 9 round 5 public KD (epochs=2)
[2026-07-27 22:40:01] 2026-07-27 22:40:01 | INFO     | KDClient 9 round 5 local training (epochs=4)
[2026-07-27 22:42:29] 2026-07-27 22:42:29 | INFO     | KDClient 9 round 5 completed (acc=0.3091, n=180)
[2026-07-27 22:42:29] 2026-07-27 22:42:29 | INFO     | KDClient 10 fit round 5 (tier=medium)
[2026-07-27 22:42:29] 2026-07-27 22:42:29 | INFO     | KDClient 10 round 5 public KD (epochs=2)
[2026-07-27 22:45:19] 2026-07-27 22:45:19 | INFO     | KDClient 10 round 5 local training (epochs=4)
[2026-07-27 22:47:31] 2026-07-27 22:47:31 | INFO     | KDClient 10 round 5 completed (acc=0.2800, n=180)
[2026-07-27 22:47:31] 2026-07-27 22:47:31 | INFO     | KDClient 11 fit round 5 (tier=medium)
[2026-07-27 22:47:31] 2026-07-27 22:47:31 | INFO     | KDClient 11 round 5 public KD (epochs=2)
[2026-07-27 22:50:18] 2026-07-27 22:50:18 | INFO     | KDClient 11 round 5 local training (epochs=4)
[2026-07-27 22:52:39] 2026-07-27 22:52:39 | INFO     | KDClient 11 round 5 completed (acc=0.3018, n=180)
[2026-07-27 22:52:39] 2026-07-27 22:52:39 | INFO     | KDClient 12 fit round 5 (tier=medium)
[2026-07-27 22:52:39] 2026-07-27 22:52:39 | INFO     | KDClient 12 round 5 public KD (epochs=2)
[2026-07-27 22:55:13] 2026-07-27 22:55:13 | INFO     | KDClient 12 round 5 local training (epochs=4)
[2026-07-27 22:57:19] 2026-07-27 22:57:19 | INFO     | KDClient 12 round 5 completed (acc=0.3091, n=180)
[2026-07-27 22:57:19] 2026-07-27 22:57:19 | INFO     | KDClient 13 fit round 5 (tier=medium)
[2026-07-27 22:57:19] 2026-07-27 22:57:19 | INFO     | KDClient 13 round 5 public KD (epochs=2)
[2026-07-27 23:00:05] 2026-07-27 23:00:05 | INFO     | KDClient 13 round 5 local training (epochs=4)
[2026-07-27 23:02:03] 2026-07-27 23:02:03 | INFO     | KDClient 13 round 5 completed (acc=0.3091, n=180)
[2026-07-27 23:02:03] 2026-07-27 23:02:03 | INFO     | KDClient 14 fit round 5 (tier=large)
[2026-07-27 23:02:03] 2026-07-27 23:02:03 | INFO     | KDClient 14 round 5 public KD (epochs=2)
[2026-07-27 23:06:39] 2026-07-27 23:06:39 | INFO     | KDClient 14 round 5 local training (epochs=4)
[2026-07-27 23:09:49] 2026-07-27 23:09:49 | INFO     | KDClient 14 round 5 completed (acc=0.3091, n=180)
[2026-07-27 23:09:49] 2026-07-27 23:09:49 | INFO     | KDClient 15 fit round 5 (tier=large)
[2026-07-27 23:09:49] 2026-07-27 23:09:49 | INFO     | KDClient 15 round 5 public KD (epochs=2)
[2026-07-27 23:14:04] 2026-07-27 23:14:04 | INFO     | KDClient 15 round 5 local training (epochs=4)
[2026-07-27 23:17:20] 2026-07-27 23:17:20 | INFO     | KDClient 15 round 5 completed (acc=0.3091, n=180)
[2026-07-27 23:17:20] 2026-07-27 23:17:20 | INFO     | KDClient 16 fit round 5 (tier=large)
[2026-07-27 23:17:20] 2026-07-27 23:17:20 | INFO     | KDClient 16 round 5 public KD (epochs=2)
[2026-07-27 23:22:12] 2026-07-27 23:22:12 | INFO     | KDClient 16 round 5 local training (epochs=4)
[2026-07-27 23:26:46] 2026-07-27 23:26:46 | INFO     | KDClient 16 round 5 completed (acc=0.3091, n=180)
[2026-07-27 23:26:46] 2026-07-27 23:26:46 | INFO     | KDClient 17 fit round 5 (tier=large)
[2026-07-27 23:26:46] 2026-07-27 23:26:46 | INFO     | KDClient 17 round 5 public KD (epochs=2)
[2026-07-27 23:31:19] 2026-07-27 23:31:19 | INFO     | KDClient 17 round 5 local training (epochs=4)
[2026-07-27 23:34:55] 2026-07-27 23:34:55 | INFO     | KDClient 17 round 5 completed (acc=0.3091, n=180)
[2026-07-27 23:34:55] 2026-07-27 23:34:55 | INFO     | KDClient 18 fit round 5 (tier=large)
[2026-07-27 23:34:56] 2026-07-27 23:34:56 | INFO     | KDClient 18 round 5 public KD (epochs=2)
[2026-07-27 23:39:44] 2026-07-27 23:39:44 | INFO     | KDClient 18 round 5 local training (epochs=4)
[2026-07-27 23:43:15] 2026-07-27 23:43:15 | INFO     | KDClient 18 round 5 completed (acc=0.3091, n=180)
[2026-07-27 23:43:15] 2026-07-27 23:43:15 | INFO     | KDClient 19 fit round 5 (tier=large)
[2026-07-27 23:43:15] 2026-07-27 23:43:15 | INFO     | KDClient 19 round 5 public KD (epochs=2)
[2026-07-27 23:48:10] 2026-07-27 23:48:10 | INFO     | KDClient 19 round 5 local training (epochs=4)
[2026-07-27 23:52:54] 2026-07-27 23:52:54 | INFO     | KDClient 19 round 5 completed (acc=0.3091, n=180)
[2026-07-27 23:52:54] 2026-07-27 23:52:54 | INFO     | MKS — IID: round 5/50 aggregated 3 cluster weights
[2026-07-27 23:52:54]   Round   5/50 | Avg: 0.2884 | Min: 0.0000 | Max: 0.3091
[2026-07-27 23:52:54] 2026-07-27 23:52:54 | INFO     | MKS — IID: round 6/50 starting
[2026-07-27 23:52:54] 2026-07-27 23:52:54 | INFO     | KDClient 0 fit round 6 (tier=small)
[2026-07-27 23:52:54] 2026-07-27 23:52:54 | INFO     | KDClient 0 round 6 public KD (epochs=2)
[2026-07-27 23:54:58] 2026-07-27 23:54:58 | INFO     | KDClient 0 round 6 local training (epochs=4)
[2026-07-27 23:56:24] 2026-07-27 23:56:24 | INFO     | KDClient 0 round 6 completed (acc=0.3091, n=180)
[2026-07-27 23:56:24] 2026-07-27 23:56:24 | INFO     | KDClient 1 fit round 6 (tier=small)
[2026-07-27 23:56:24] 2026-07-27 23:56:24 | INFO     | KDClient 1 round 6 public KD (epochs=2)
[2026-07-27 23:57:57] 2026-07-27 23:57:57 | INFO     | KDClient 1 round 6 local training (epochs=4)
[2026-07-27 23:59:05] 2026-07-27 23:59:05 | INFO     | KDClient 1 round 6 completed (acc=0.3091, n=180)
[2026-07-27 23:59:05] 2026-07-27 23:59:05 | INFO     | KDClient 2 fit round 6 (tier=small)
[2026-07-27 23:59:05] 2026-07-27 23:59:05 | INFO     | KDClient 2 round 6 public KD (epochs=2)
[2026-07-28 00:00:52] 2026-07-28 00:00:52 | INFO     | KDClient 2 round 6 local training (epochs=4)
[2026-07-28 00:01:56] 2026-07-28 00:01:56 | INFO     | KDClient 2 round 6 completed (acc=0.3091, n=180)
[2026-07-28 00:01:56] 2026-07-28 00:01:56 | INFO     | KDClient 3 fit round 6 (tier=small)
[2026-07-28 00:01:56] 2026-07-28 00:01:56 | INFO     | KDClient 3 round 6 public KD (epochs=2)
[2026-07-28 00:03:46] 2026-07-28 00:03:46 | INFO     | KDClient 3 round 6 local training (epochs=4)
[2026-07-28 00:04:45] 2026-07-28 00:04:44 | INFO     | KDClient 3 round 6 completed (acc=0.3091, n=180)
[2026-07-28 00:04:45] 2026-07-28 00:04:44 | INFO     | KDClient 4 fit round 6 (tier=small)
[2026-07-28 00:04:45] 2026-07-28 00:04:45 | INFO     | KDClient 4 round 6 public KD (epochs=2)
[2026-07-28 00:07:33] 2026-07-28 00:07:32 | INFO     | KDClient 4 round 6 local training (epochs=4)
[2026-07-28 00:08:30] 2026-07-28 00:08:30 | INFO     | KDClient 4 round 6 completed (acc=0.3091, n=180)
[2026-07-28 00:08:30] 2026-07-28 00:08:30 | INFO     | KDClient 5 fit round 6 (tier=small)
[2026-07-28 00:08:31] 2026-07-28 00:08:31 | INFO     | KDClient 5 round 6 public KD (epochs=2)
[2026-07-28 00:10:10] 2026-07-28 00:10:10 | INFO     | KDClient 5 round 6 local training (epochs=4)
[2026-07-28 00:11:18] 2026-07-28 00:11:17 | INFO     | KDClient 5 round 6 completed (acc=0.3055, n=180)
[2026-07-28 00:11:18] 2026-07-28 00:11:17 | INFO     | KDClient 6 fit round 6 (tier=small)
[2026-07-28 00:11:18] 2026-07-28 00:11:18 | INFO     | KDClient 6 round 6 public KD (epochs=2)
[2026-07-28 00:12:37] 2026-07-28 00:12:37 | INFO     | KDClient 6 round 6 local training (epochs=4)
[2026-07-28 00:14:01] 2026-07-28 00:14:01 | INFO     | KDClient 6 round 6 completed (acc=0.3091, n=180)
[2026-07-28 00:14:01] 2026-07-28 00:14:01 | INFO     | KDClient 7 fit round 6 (tier=medium)
[2026-07-28 00:14:01] 2026-07-28 00:14:01 | INFO     | KDClient 7 round 6 public KD (epochs=2)
[2026-07-28 00:16:36] 2026-07-28 00:16:36 | INFO     | KDClient 7 round 6 local training (epochs=4)
[2026-07-28 00:18:56] 2026-07-28 00:18:56 | INFO     | KDClient 7 round 6 completed (acc=0.2727, n=180)
[2026-07-28 00:18:56] 2026-07-28 00:18:56 | INFO     | KDClient 8 fit round 6 (tier=medium)
[2026-07-28 00:18:56] 2026-07-28 00:18:56 | INFO     | KDClient 8 round 6 public KD (epochs=2)
[2026-07-28 00:21:36] 2026-07-28 00:21:36 | INFO     | KDClient 8 round 6 local training (epochs=4)
[2026-07-28 00:23:51] 2026-07-28 00:23:50 | INFO     | KDClient 8 round 6 completed (acc=0.3055, n=180)
[2026-07-28 00:23:51] 2026-07-28 00:23:50 | INFO     | KDClient 9 fit round 6 (tier=medium)
[2026-07-28 00:23:51] 2026-07-28 00:23:51 | INFO     | KDClient 9 round 6 public KD (epochs=2)
[2026-07-28 00:26:48] 2026-07-28 00:26:48 | INFO     | KDClient 9 round 6 local training (epochs=4)
[2026-07-28 00:28:35] 2026-07-28 00:28:35 | INFO     | KDClient 9 round 6 completed (acc=0.3055, n=180)
[2026-07-28 00:28:35] 2026-07-28 00:28:35 | INFO     | KDClient 10 fit round 6 (tier=medium)
[2026-07-28 00:28:35] 2026-07-28 00:28:35 | INFO     | KDClient 10 round 6 public KD (epochs=2)
[2026-07-28 00:31:11] 2026-07-28 00:31:11 | INFO     | KDClient 10 round 6 local training (epochs=4)
[2026-07-28 00:33:10] 2026-07-28 00:33:10 | INFO     | KDClient 10 round 6 completed (acc=0.3091, n=180)
[2026-07-28 00:33:10] 2026-07-28 00:33:10 | INFO     | KDClient 11 fit round 6 (tier=medium)
[2026-07-28 00:33:10] 2026-07-28 00:33:10 | INFO     | KDClient 11 round 6 public KD (epochs=2)
[2026-07-28 00:35:45] 2026-07-28 00:35:45 | INFO     | KDClient 11 round 6 local training (epochs=4)
[2026-07-28 00:37:41] 2026-07-28 00:37:41 | INFO     | KDClient 11 round 6 completed (acc=0.2836, n=180)
[2026-07-28 00:37:41] 2026-07-28 00:37:41 | INFO     | KDClient 12 fit round 6 (tier=medium)
[2026-07-28 00:37:41] 2026-07-28 00:37:41 | INFO     | KDClient 12 round 6 public KD (epochs=2)
[2026-07-28 00:40:06] 2026-07-28 00:40:06 | INFO     | KDClient 12 round 6 local training (epochs=4)
[2026-07-28 00:42:40] 2026-07-28 00:42:40 | INFO     | KDClient 12 round 6 completed (acc=0.2727, n=180)
[2026-07-28 00:42:40] 2026-07-28 00:42:40 | INFO     | KDClient 13 fit round 6 (tier=medium)
[2026-07-28 00:42:40] 2026-07-28 00:42:40 | INFO     | KDClient 13 round 6 public KD (epochs=2)
[2026-07-28 00:44:31] 2026-07-28 00:44:31 | INFO     | KDClient 13 round 6 local training (epochs=4)
[2026-07-28 00:45:43] 2026-07-28 00:45:43 | INFO     | KDClient 13 round 6 completed (acc=0.3091, n=180)
[2026-07-28 00:45:43] 2026-07-28 00:45:43 | INFO     | KDClient 14 fit round 6 (tier=large)
[2026-07-28 00:45:44] 2026-07-28 00:45:44 | INFO     | KDClient 14 round 6 public KD (epochs=2)
[2026-07-28 00:47:50] 2026-07-28 00:47:50 | INFO     | KDClient 14 round 6 local training (epochs=4)
[2026-07-28 00:49:22] 2026-07-28 00:49:22 | INFO     | KDClient 14 round 6 completed (acc=0.2800, n=180)
[2026-07-28 00:49:22] 2026-07-28 00:49:22 | INFO     | KDClient 15 fit round 6 (tier=large)
[2026-07-28 00:49:23] 2026-07-28 00:49:23 | INFO     | KDClient 15 round 6 public KD (epochs=2)
[2026-07-28 00:51:17] 2026-07-28 00:51:17 | INFO     | KDClient 15 round 6 local training (epochs=4)
[2026-07-28 00:52:56] 2026-07-28 00:52:56 | INFO     | KDClient 15 round 6 completed (acc=0.3055, n=180)
[2026-07-28 00:52:56] 2026-07-28 00:52:56 | INFO     | KDClient 16 fit round 6 (tier=large)
[2026-07-28 00:52:56] 2026-07-28 00:52:56 | INFO     | KDClient 16 round 6 public KD (epochs=2)
[2026-07-28 00:54:57] 2026-07-28 00:54:57 | INFO     | KDClient 16 round 6 local training (epochs=4)
[2026-07-28 00:56:45] 2026-07-28 00:56:45 | INFO     | KDClient 16 round 6 completed (acc=0.3091, n=180)
[2026-07-28 00:56:45] 2026-07-28 00:56:45 | INFO     | KDClient 17 fit round 6 (tier=large)
[2026-07-28 00:56:45] 2026-07-28 00:56:45 | INFO     | KDClient 17 round 6 public KD (epochs=2)
[2026-07-28 00:58:51] 2026-07-28 00:58:51 | INFO     | KDClient 17 round 6 local training (epochs=4)
[2026-07-28 01:00:27] 2026-07-28 01:00:27 | INFO     | KDClient 17 round 6 completed (acc=0.3091, n=180)
[2026-07-28 01:00:27] 2026-07-28 01:00:27 | INFO     | KDClient 18 fit round 6 (tier=large)
[2026-07-28 01:00:27] 2026-07-28 01:00:27 | INFO     | KDClient 18 round 6 public KD (epochs=2)
[2026-07-28 01:02:37] 2026-07-28 01:02:37 | INFO     | KDClient 18 round 6 local training (epochs=4)
[2026-07-28 01:04:31] 2026-07-28 01:04:31 | INFO     | KDClient 18 round 6 completed (acc=0.2400, n=180)
[2026-07-28 01:04:31] 2026-07-28 01:04:31 | INFO     | KDClient 19 fit round 6 (tier=large)
[2026-07-28 01:04:31] 2026-07-28 01:04:31 | INFO     | KDClient 19 round 6 public KD (epochs=2)
[2026-07-28 01:07:01] 2026-07-28 01:07:01 | INFO     | KDClient 19 round 6 local training (epochs=4)
[2026-07-28 01:08:47] 2026-07-28 01:08:47 | INFO     | KDClient 19 round 6 completed (acc=0.3091, n=180)
[2026-07-28 01:08:47] 2026-07-28 01:08:47 | INFO     | MKS — IID: round 6/50 aggregated 3 cluster weights
[2026-07-28 01:08:47]   Round   6/50 | Avg: 0.2985 | Min: 0.2400 | Max: 0.3091
[2026-07-28 01:08:47] 2026-07-28 01:08:47 | INFO     | MKS — IID: round 7/50 starting
[2026-07-28 01:08:47] 2026-07-28 01:08:47 | INFO     | KDClient 0 fit round 7 (tier=small)
[2026-07-28 01:08:47] 2026-07-28 01:08:47 | INFO     | KDClient 0 round 7 public KD (epochs=2)
[2026-07-28 01:09:33] 2026-07-28 01:09:33 | INFO     | KDClient 0 round 7 local training (epochs=4)
[2026-07-28 01:10:11] 2026-07-28 01:10:11 | INFO     | KDClient 0 round 7 completed (acc=0.3091, n=180)
[2026-07-28 01:10:11] 2026-07-28 01:10:11 | INFO     | KDClient 1 fit round 7 (tier=small)
[2026-07-28 01:10:11] 2026-07-28 01:10:11 | INFO     | KDClient 1 round 7 public KD (epochs=2)
[2026-07-28 01:10:57] 2026-07-28 01:10:57 | INFO     | KDClient 1 round 7 local training (epochs=4)
[2026-07-28 01:11:36] 2026-07-28 01:11:36 | INFO     | KDClient 1 round 7 completed (acc=0.3091, n=180)
[2026-07-28 01:11:36] 2026-07-28 01:11:36 | INFO     | KDClient 2 fit round 7 (tier=small)
[2026-07-28 01:11:36] 2026-07-28 01:11:36 | INFO     | KDClient 2 round 7 public KD (epochs=2)
[2026-07-28 01:12:42] 2026-07-28 01:12:42 | INFO     | KDClient 2 round 7 local training (epochs=4)
[2026-07-28 01:13:23] 2026-07-28 01:13:23 | INFO     | KDClient 2 round 7 completed (acc=0.3091, n=180)
[2026-07-28 01:13:23] 2026-07-28 01:13:23 | INFO     | KDClient 3 fit round 7 (tier=small)
[2026-07-28 01:13:23] 2026-07-28 01:13:23 | INFO     | KDClient 3 round 7 public KD (epochs=2)
[2026-07-28 01:14:27] 2026-07-28 01:14:27 | INFO     | KDClient 3 round 7 local training (epochs=4)
[2026-07-28 01:15:50] 2026-07-28 01:15:50 | INFO     | KDClient 3 round 7 completed (acc=0.3018, n=180)
[2026-07-28 01:15:50] 2026-07-28 01:15:50 | INFO     | KDClient 4 fit round 7 (tier=small)
[2026-07-28 01:15:50] 2026-07-28 01:15:50 | INFO     | KDClient 4 round 7 public KD (epochs=2)
[2026-07-28 01:16:59] 2026-07-28 01:16:59 | INFO     | KDClient 4 round 7 local training (epochs=4)
[2026-07-28 01:17:50] 2026-07-28 01:17:50 | INFO     | KDClient 4 round 7 completed (acc=0.3091, n=180)
[2026-07-28 01:17:50] 2026-07-28 01:17:50 | INFO     | KDClient 5 fit round 7 (tier=small)
[2026-07-28 01:17:50] 2026-07-28 01:17:50 | INFO     | KDClient 5 round 7 public KD (epochs=2)
[2026-07-28 01:18:42] 2026-07-28 01:18:42 | INFO     | KDClient 5 round 7 local training (epochs=4)
[2026-07-28 01:19:26] 2026-07-28 01:19:26 | INFO     | KDClient 5 round 7 completed (acc=0.3091, n=180)
[2026-07-28 01:19:26] 2026-07-28 01:19:26 | INFO     | KDClient 6 fit round 7 (tier=small)
[2026-07-28 01:19:26] 2026-07-28 01:19:26 | INFO     | KDClient 6 round 7 public KD (epochs=2)
[2026-07-28 01:20:16] 2026-07-28 01:20:16 | INFO     | KDClient 6 round 7 local training (epochs=4)
[2026-07-28 01:20:45] 2026-07-28 01:20:45 | INFO     | KDClient 6 round 7 completed (acc=0.3091, n=180)
[2026-07-28 01:20:45] 2026-07-28 01:20:45 | INFO     | KDClient 7 fit round 7 (tier=medium)
[2026-07-28 01:20:45] 2026-07-28 01:20:45 | INFO     | KDClient 7 round 7 public KD (epochs=2)
[2026-07-28 01:22:14] 2026-07-28 01:22:14 | INFO     | KDClient 7 round 7 local training (epochs=4)
[2026-07-28 01:23:32] 2026-07-28 01:23:32 | INFO     | KDClient 7 round 7 completed (acc=0.2618, n=180)
[2026-07-28 01:23:32] 2026-07-28 01:23:32 | INFO     | KDClient 8 fit round 7 (tier=medium)
[2026-07-28 01:23:33] 2026-07-28 01:23:33 | INFO     | KDClient 8 round 7 public KD (epochs=2)
[2026-07-28 01:24:57] 2026-07-28 01:24:57 | INFO     | KDClient 8 round 7 local training (epochs=4)
[2026-07-28 01:26:02] 2026-07-28 01:26:02 | INFO     | KDClient 8 round 7 completed (acc=0.3018, n=180)
[2026-07-28 01:26:02] 2026-07-28 01:26:02 | INFO     | KDClient 9 fit round 7 (tier=medium)
[2026-07-28 01:26:02] 2026-07-28 01:26:02 | INFO     | KDClient 9 round 7 public KD (epochs=2)
[2026-07-28 01:27:28] 2026-07-28 01:27:28 | INFO     | KDClient 9 round 7 local training (epochs=4)
[2026-07-28 01:28:35] 2026-07-28 01:28:35 | INFO     | KDClient 9 round 7 completed (acc=0.3091, n=180)
[2026-07-28 01:28:35] 2026-07-28 01:28:35 | INFO     | KDClient 10 fit round 7 (tier=medium)
[2026-07-28 01:28:35] 2026-07-28 01:28:35 | INFO     | KDClient 10 round 7 public KD (epochs=2)
[2026-07-28 01:30:41] 2026-07-28 01:30:41 | INFO     | KDClient 10 round 7 local training (epochs=4)
[2026-07-28 01:32:01] 2026-07-28 01:32:01 | INFO     | KDClient 10 round 7 completed (acc=0.2691, n=180)
[2026-07-28 01:32:01] 2026-07-28 01:32:01 | INFO     | KDClient 11 fit round 7 (tier=medium)
[2026-07-28 01:32:02] 2026-07-28 01:32:02 | INFO     | KDClient 11 round 7 public KD (epochs=2)
[2026-07-28 01:34:04] 2026-07-28 01:34:04 | INFO     | KDClient 11 round 7 local training (epochs=4)
[2026-07-28 01:35:14] 2026-07-28 01:35:14 | INFO     | KDClient 11 round 7 completed (acc=0.2218, n=180)
[2026-07-28 01:35:14] 2026-07-28 01:35:14 | INFO     | KDClient 12 fit round 7 (tier=medium)
[2026-07-28 01:35:14] 2026-07-28 01:35:14 | INFO     | KDClient 12 round 7 public KD (epochs=2)
[2026-07-28 01:36:34] 2026-07-28 01:36:34 | INFO     | KDClient 12 round 7 local training (epochs=4)
[2026-07-28 01:37:35] 2026-07-28 01:37:35 | INFO     | KDClient 12 round 7 completed (acc=0.2982, n=180)
[2026-07-28 01:37:35] 2026-07-28 01:37:35 | INFO     | KDClient 13 fit round 7 (tier=medium)
[2026-07-28 01:37:35] 2026-07-28 01:37:35 | INFO     | KDClient 13 round 7 public KD (epochs=2)
[2026-07-28 01:38:58] 2026-07-28 01:38:58 | INFO     | KDClient 13 round 7 local training (epochs=4)
[2026-07-28 01:40:05] 2026-07-28 01:40:05 | INFO     | KDClient 13 round 7 completed (acc=0.2327, n=180)
[2026-07-28 01:40:05] 2026-07-28 01:40:05 | INFO     | KDClient 14 fit round 7 (tier=large)
[2026-07-28 01:40:05] 2026-07-28 01:40:05 | INFO     | KDClient 14 round 7 public KD (epochs=2)
[2026-07-28 01:42:36] 2026-07-28 01:42:36 | INFO     | KDClient 14 round 7 local training (epochs=4)
[2026-07-28 01:44:27] 2026-07-28 01:44:27 | INFO     | KDClient 14 round 7 completed (acc=0.3091, n=180)
[2026-07-28 01:44:27] 2026-07-28 01:44:27 | INFO     | KDClient 15 fit round 7 (tier=large)
[2026-07-28 01:44:27] 2026-07-28 01:44:27 | INFO     | KDClient 15 round 7 public KD (epochs=2)
[2026-07-28 01:46:41] 2026-07-28 01:46:41 | INFO     | KDClient 15 round 7 local training (epochs=4)
[2026-07-28 01:48:20] 2026-07-28 01:48:20 | INFO     | KDClient 15 round 7 completed (acc=0.3091, n=180)
[2026-07-28 01:48:20] 2026-07-28 01:48:20 | INFO     | KDClient 16 fit round 7 (tier=large)
[2026-07-28 01:48:20] 2026-07-28 01:48:20 | INFO     | KDClient 16 round 7 public KD (epochs=2)
[2026-07-28 01:50:49] 2026-07-28 01:50:49 | INFO     | KDClient 16 round 7 local training (epochs=4)
[2026-07-28 01:52:36] 2026-07-28 01:52:36 | INFO     | KDClient 16 round 7 completed (acc=0.3091, n=180)
[2026-07-28 01:52:36] 2026-07-28 01:52:36 | INFO     | KDClient 17 fit round 7 (tier=large)
[2026-07-28 01:52:36] 2026-07-28 01:52:36 | INFO     | KDClient 17 round 7 public KD (epochs=2)
[2026-07-28 01:54:42] 2026-07-28 01:54:42 | INFO     | KDClient 17 round 7 local training (epochs=4)
[2026-07-28 01:56:53] 2026-07-28 01:56:53 | INFO     | KDClient 17 round 7 completed (acc=0.3091, n=180)
[2026-07-28 01:56:53] 2026-07-28 01:56:53 | INFO     | KDClient 18 fit round 7 (tier=large)
[2026-07-28 01:56:53] 2026-07-28 01:56:53 | INFO     | KDClient 18 round 7 public KD (epochs=2)
[2026-07-28 01:59:01] 2026-07-28 01:59:01 | INFO     | KDClient 18 round 7 local training (epochs=4)
[2026-07-28 02:00:39] 2026-07-28 02:00:39 | INFO     | KDClient 18 round 7 completed (acc=0.3091, n=180)
[2026-07-28 02:00:39] 2026-07-28 02:00:39 | INFO     | KDClient 19 fit round 7 (tier=large)
[2026-07-28 02:00:39] 2026-07-28 02:00:39 | INFO     | KDClient 19 round 7 public KD (epochs=2)
[2026-07-28 02:02:46] 2026-07-28 02:02:46 | INFO     | KDClient 19 round 7 local training (epochs=4)
[2026-07-28 02:04:29] 2026-07-28 02:04:29 | INFO     | KDClient 19 round 7 completed (acc=0.3091, n=180)
[2026-07-28 02:04:30] 2026-07-28 02:04:30 | INFO     | MKS — IID: round 7/50 aggregated 3 cluster weights
[2026-07-28 02:04:30]   Round   7/50 | Avg: 0.2953 | Min: 0.2218 | Max: 0.3091
[2026-07-28 02:04:30] 2026-07-28 02:04:30 | INFO     | MKS — IID: round 8/50 starting
[2026-07-28 02:04:30] 2026-07-28 02:04:30 | INFO     | KDClient 0 fit round 8 (tier=small)
[2026-07-28 02:04:30] 2026-07-28 02:04:30 | INFO     | KDClient 0 round 8 public KD (epochs=2)
[2026-07-28 02:05:14] 2026-07-28 02:05:14 | INFO     | KDClient 0 round 8 local training (epochs=4)
[2026-07-28 02:05:54] 2026-07-28 02:05:54 | INFO     | KDClient 0 round 8 completed (acc=0.3091, n=180)
[2026-07-28 02:05:54] 2026-07-28 02:05:54 | INFO     | KDClient 1 fit round 8 (tier=small)
[2026-07-28 02:05:54] 2026-07-28 02:05:54 | INFO     | KDClient 1 round 8 public KD (epochs=2)
[2026-07-28 02:06:40] 2026-07-28 02:06:40 | INFO     | KDClient 1 round 8 local training (epochs=4)
[2026-07-28 02:07:26] 2026-07-28 02:07:26 | INFO     | KDClient 1 round 8 completed (acc=0.3091, n=180)
[2026-07-28 02:07:26] 2026-07-28 02:07:26 | INFO     | KDClient 2 fit round 8 (tier=small)
[2026-07-28 02:07:26] 2026-07-28 02:07:26 | INFO     | KDClient 2 round 8 public KD (epochs=2)
[2026-07-28 02:08:22] 2026-07-28 02:08:22 | INFO     | KDClient 2 round 8 local training (epochs=4)
[2026-07-28 02:09:01] 2026-07-28 02:09:01 | INFO     | KDClient 2 round 8 completed (acc=0.3091, n=180)
[2026-07-28 02:09:01] 2026-07-28 02:09:01 | INFO     | KDClient 3 fit round 8 (tier=small)
[2026-07-28 02:09:01] 2026-07-28 02:09:01 | INFO     | KDClient 3 round 8 public KD (epochs=2)
[2026-07-28 02:10:08] 2026-07-28 02:10:08 | INFO     | KDClient 3 round 8 local training (epochs=4)
[2026-07-28 02:10:49] 2026-07-28 02:10:49 | INFO     | KDClient 3 round 8 completed (acc=0.3055, n=180)
[2026-07-28 02:10:49] 2026-07-28 02:10:49 | INFO     | KDClient 4 fit round 8 (tier=small)
[2026-07-28 02:10:49] 2026-07-28 02:10:49 | INFO     | KDClient 4 round 8 public KD (epochs=2)
[2026-07-28 02:11:56] 2026-07-28 02:11:56 | INFO     | KDClient 4 round 8 local training (epochs=4)
[2026-07-28 02:12:31] 2026-07-28 02:12:31 | INFO     | KDClient 4 round 8 completed (acc=0.3091, n=180)
[2026-07-28 02:12:31] 2026-07-28 02:12:31 | INFO     | KDClient 5 fit round 8 (tier=small)
[2026-07-28 02:12:31] 2026-07-28 02:12:31 | INFO     | KDClient 5 round 8 public KD (epochs=2)
[2026-07-28 02:13:37] 2026-07-28 02:13:37 | INFO     | KDClient 5 round 8 local training (epochs=4)
[2026-07-28 02:14:24] 2026-07-28 02:14:24 | INFO     | KDClient 5 round 8 completed (acc=0.3018, n=180)
[2026-07-28 02:14:24] 2026-07-28 02:14:24 | INFO     | KDClient 6 fit round 8 (tier=small)
[2026-07-28 02:14:24] 2026-07-28 02:14:24 | INFO     | KDClient 6 round 8 public KD (epochs=2)
[2026-07-28 02:15:28] 2026-07-28 02:15:28 | INFO     | KDClient 6 round 8 local training (epochs=4)
[2026-07-28 02:16:09] 2026-07-28 02:16:09 | INFO     | KDClient 6 round 8 completed (acc=0.3091, n=180)
[2026-07-28 02:16:09] 2026-07-28 02:16:09 | INFO     | KDClient 7 fit round 8 (tier=medium)
[2026-07-28 02:16:09] 2026-07-28 02:16:09 | INFO     | KDClient 7 round 8 public KD (epochs=2)
[2026-07-28 02:18:14] 2026-07-28 02:18:14 | INFO     | KDClient 7 round 8 local training (epochs=4)
[2026-07-28 02:19:28] 2026-07-28 02:19:28 | INFO     | KDClient 7 round 8 completed (acc=0.2473, n=180)
[2026-07-28 02:19:28] 2026-07-28 02:19:28 | INFO     | KDClient 8 fit round 8 (tier=medium)
[2026-07-28 02:19:28] 2026-07-28 02:19:28 | INFO     | KDClient 8 round 8 public KD (epochs=2)
[2026-07-28 02:21:32] 2026-07-28 02:21:32 | INFO     | KDClient 8 round 8 local training (epochs=4)
[2026-07-28 02:22:50] 2026-07-28 02:22:50 | INFO     | KDClient 8 round 8 completed (acc=0.2945, n=180)
[2026-07-28 02:22:50] 2026-07-28 02:22:50 | INFO     | KDClient 9 fit round 8 (tier=medium)
[2026-07-28 02:22:50] 2026-07-28 02:22:50 | INFO     | KDClient 9 round 8 public KD (epochs=2)
[2026-07-28 02:24:16] 2026-07-28 02:24:16 | INFO     | KDClient 9 round 8 local training (epochs=4)
[2026-07-28 02:25:32] 2026-07-28 02:25:32 | INFO     | KDClient 9 round 8 completed (acc=0.2982, n=180)
[2026-07-28 02:25:32] 2026-07-28 02:25:32 | INFO     | KDClient 10 fit round 8 (tier=medium)
[2026-07-28 02:25:32] 2026-07-28 02:25:32 | INFO     | KDClient 10 round 8 public KD (epochs=2)
[2026-07-28 02:26:52] 2026-07-28 02:26:52 | INFO     | KDClient 10 round 8 local training (epochs=4)
[2026-07-28 02:27:58] 2026-07-28 02:27:58 | INFO     | KDClient 10 round 8 completed (acc=0.2836, n=180)
[2026-07-28 02:27:58] 2026-07-28 02:27:58 | INFO     | KDClient 11 fit round 8 (tier=medium)
[2026-07-28 02:27:58] 2026-07-28 02:27:58 | INFO     | KDClient 11 round 8 public KD (epochs=2)
[2026-07-28 02:30:43] 2026-07-28 02:30:43 | INFO     | KDClient 11 round 8 local training (epochs=4)
[2026-07-28 02:31:54] 2026-07-28 02:31:54 | INFO     | KDClient 11 round 8 completed (acc=0.2800, n=180)
[2026-07-28 02:31:54] 2026-07-28 02:31:54 | INFO     | KDClient 12 fit round 8 (tier=medium)
[2026-07-28 02:31:54] 2026-07-28 02:31:54 | INFO     | KDClient 12 round 8 public KD (epochs=2)
[2026-07-28 02:33:55] 2026-07-28 02:33:55 | INFO     | KDClient 12 round 8 local training (epochs=4)
[2026-07-28 02:34:58] 2026-07-28 02:34:58 | INFO     | KDClient 12 round 8 completed (acc=0.3055, n=180)
[2026-07-28 02:34:58] 2026-07-28 02:34:58 | INFO     | KDClient 13 fit round 8 (tier=medium)
[2026-07-28 02:34:58] 2026-07-28 02:34:58 | INFO     | KDClient 13 round 8 public KD (epochs=2)
[2026-07-28 02:36:22] 2026-07-28 02:36:22 | INFO     | KDClient 13 round 8 local training (epochs=4)
[2026-07-28 02:37:38] 2026-07-28 02:37:38 | INFO     | KDClient 13 round 8 completed (acc=0.2836, n=180)
[2026-07-28 02:37:38] 2026-07-28 02:37:38 | INFO     | KDClient 14 fit round 8 (tier=large)
[2026-07-28 02:37:38] 2026-07-28 02:37:38 | INFO     | KDClient 14 round 8 public KD (epochs=2)
[2026-07-28 02:40:08] 2026-07-28 02:40:08 | INFO     | KDClient 14 round 8 local training (epochs=4)
[2026-07-28 02:41:59] 2026-07-28 02:41:59 | INFO     | KDClient 14 round 8 completed (acc=0.3091, n=180)
[2026-07-28 02:41:59] 2026-07-28 02:41:59 | INFO     | KDClient 15 fit round 8 (tier=large)
[2026-07-28 02:41:59] 2026-07-28 02:41:59 | INFO     | KDClient 15 round 8 public KD (epochs=2)
[2026-07-28 02:44:16] 2026-07-28 02:44:16 | INFO     | KDClient 15 round 8 local training (epochs=4)
[2026-07-28 02:46:02] 2026-07-28 02:46:02 | INFO     | KDClient 15 round 8 completed (acc=0.3091, n=180)
[2026-07-28 02:46:02] 2026-07-28 02:46:02 | INFO     | KDClient 16 fit round 8 (tier=large)
[2026-07-28 02:46:02] 2026-07-28 02:46:02 | INFO     | KDClient 16 round 8 public KD (epochs=2)
[2026-07-28 02:48:07] 2026-07-28 02:48:07 | INFO     | KDClient 16 round 8 local training (epochs=4)
[2026-07-28 02:50:26] 2026-07-28 02:50:26 | INFO     | KDClient 16 round 8 completed (acc=0.3091, n=180)
[2026-07-28 02:50:26] 2026-07-28 02:50:26 | INFO     | KDClient 17 fit round 8 (tier=large)
[2026-07-28 02:50:26] 2026-07-28 02:50:26 | INFO     | KDClient 17 round 8 public KD (epochs=2)
[2026-07-28 02:52:31] 2026-07-28 02:52:31 | INFO     | KDClient 17 round 8 local training (epochs=4)
[2026-07-28 02:54:23] 2026-07-28 02:54:23 | INFO     | KDClient 17 round 8 completed (acc=0.3091, n=180)
[2026-07-28 02:54:23] 2026-07-28 02:54:23 | INFO     | KDClient 18 fit round 8 (tier=large)
[2026-07-28 02:54:23] 2026-07-28 02:54:23 | INFO     | KDClient 18 round 8 public KD (epochs=2)
[2026-07-28 02:56:35] 2026-07-28 02:56:35 | INFO     | KDClient 18 round 8 local training (epochs=4)
[2026-07-28 02:58:25] 2026-07-28 02:58:25 | INFO     | KDClient 18 round 8 completed (acc=0.3091, n=180)
[2026-07-28 02:58:25] 2026-07-28 02:58:25 | INFO     | KDClient 19 fit round 8 (tier=large)
[2026-07-28 02:58:25] 2026-07-28 02:58:25 | INFO     | KDClient 19 round 8 public KD (epochs=2)
[2026-07-28 03:00:27] 2026-07-28 03:00:27 | INFO     | KDClient 19 round 8 local training (epochs=4)
[2026-07-28 03:02:13] 2026-07-28 03:02:13 | INFO     | KDClient 19 round 8 completed (acc=0.3091, n=180)
[2026-07-28 03:02:13] 2026-07-28 03:02:13 | INFO     | MKS — IID: round 8/50 aggregated 3 cluster weights
[2026-07-28 03:02:13]   Round   8/50 | Avg: 0.3000 | Min: 0.2473 | Max: 0.3091
[2026-07-28 03:02:13] 2026-07-28 03:02:13 | INFO     | MKS — IID: round 9/50 starting
[2026-07-28 03:02:13] 2026-07-28 03:02:13 | INFO     | KDClient 0 fit round 9 (tier=small)
[2026-07-28 03:02:13] 2026-07-28 03:02:13 | INFO     | KDClient 0 round 9 public KD (epochs=2)
[2026-07-28 03:02:49] 2026-07-28 03:02:49 | INFO     | KDClient 0 round 9 local training (epochs=4)
[2026-07-28 03:03:27] 2026-07-28 03:03:27 | INFO     | KDClient 0 round 9 completed (acc=0.3091, n=180)
[2026-07-28 03:03:27] 2026-07-28 03:03:27 | INFO     | KDClient 1 fit round 9 (tier=small)
[2026-07-28 03:03:28] 2026-07-28 03:03:28 | INFO     | KDClient 1 round 9 public KD (epochs=2)
[2026-07-28 03:04:07] 2026-07-28 03:04:07 | INFO     | KDClient 1 round 9 local training (epochs=4)
[2026-07-28 03:05:03] 2026-07-28 03:05:03 | INFO     | KDClient 1 round 9 completed (acc=0.3091, n=180)
[2026-07-28 03:05:03] 2026-07-28 03:05:03 | INFO     | KDClient 2 fit round 9 (tier=small)
[2026-07-28 03:05:03] 2026-07-28 03:05:03 | INFO     | KDClient 2 round 9 public KD (epochs=2)
[2026-07-28 03:07:20] 2026-07-28 03:07:20 | INFO     | KDClient 2 round 9 local training (epochs=4)
[2026-07-28 03:08:45] 2026-07-28 03:08:45 | INFO     | KDClient 2 round 9 completed (acc=0.3091, n=180)
[2026-07-28 03:08:45] 2026-07-28 03:08:45 | INFO     | KDClient 3 fit round 9 (tier=small)
[2026-07-28 03:08:45] 2026-07-28 03:08:45 | INFO     | KDClient 3 round 9 public KD (epochs=2)
[2026-07-28 03:10:25] 2026-07-28 03:10:25 | INFO     | KDClient 3 round 9 local training (epochs=4)
[2026-07-28 03:11:20] 2026-07-28 03:11:20 | INFO     | KDClient 3 round 9 completed (acc=0.3091, n=180)
[2026-07-28 03:11:20] 2026-07-28 03:11:20 | INFO     | KDClient 4 fit round 9 (tier=small)
[2026-07-28 03:11:20] 2026-07-28 03:11:20 | INFO     | KDClient 4 round 9 public KD (epochs=2)
[2026-07-28 03:12:47] 2026-07-28 03:12:47 | INFO     | KDClient 4 round 9 local training (epochs=4)
[2026-07-28 03:13:57] 2026-07-28 03:13:57 | INFO     | KDClient 4 round 9 completed (acc=0.3091, n=180)
[2026-07-28 03:13:57] 2026-07-28 03:13:57 | INFO     | KDClient 5 fit round 9 (tier=small)
[2026-07-28 03:13:57] 2026-07-28 03:13:57 | INFO     | KDClient 5 round 9 public KD (epochs=2)
[2026-07-28 03:15:13] 2026-07-28 03:15:13 | INFO     | KDClient 5 round 9 local training (epochs=4)
[2026-07-28 03:16:39] 2026-07-28 03:16:39 | INFO     | KDClient 5 round 9 completed (acc=0.3091, n=180)
[2026-07-28 03:16:39] 2026-07-28 03:16:39 | INFO     | KDClient 6 fit round 9 (tier=small)
[2026-07-28 03:16:39] 2026-07-28 03:16:39 | INFO     | KDClient 6 round 9 public KD (epochs=2)
[2026-07-28 03:18:27] 2026-07-28 03:18:27 | INFO     | KDClient 6 round 9 local training (epochs=4)
[2026-07-28 03:19:43] 2026-07-28 03:19:43 | INFO     | KDClient 6 round 9 completed (acc=0.3091, n=180)
[2026-07-28 03:19:43] 2026-07-28 03:19:43 | INFO     | KDClient 7 fit round 9 (tier=medium)
[2026-07-28 03:19:43] 2026-07-28 03:19:43 | INFO     | KDClient 7 round 9 public KD (epochs=2)
[2026-07-28 03:22:15] 2026-07-28 03:22:15 | INFO     | KDClient 7 round 9 local training (epochs=4)
[2026-07-28 03:24:42] 2026-07-28 03:24:42 | INFO     | KDClient 7 round 9 completed (acc=0.2764, n=180)
[2026-07-28 03:24:42] 2026-07-28 03:24:42 | INFO     | KDClient 8 fit round 9 (tier=medium)
[2026-07-28 03:24:42] 2026-07-28 03:24:42 | INFO     | KDClient 8 round 9 public KD (epochs=2)
[2026-07-28 03:27:21] 2026-07-28 03:27:21 | INFO     | KDClient 8 round 9 local training (epochs=4)
[2026-07-28 03:29:35] 2026-07-28 03:29:35 | INFO     | KDClient 8 round 9 completed (acc=0.2909, n=180)
[2026-07-28 03:29:35] 2026-07-28 03:29:35 | INFO     | KDClient 9 fit round 9 (tier=medium)
[2026-07-28 03:29:35] 2026-07-28 03:29:35 | INFO     | KDClient 9 round 9 public KD (epochs=2)
[2026-07-28 03:32:07] 2026-07-28 03:32:07 | INFO     | KDClient 9 round 9 local training (epochs=4)
[2026-07-28 03:34:13] 2026-07-28 03:34:13 | INFO     | KDClient 9 round 9 completed (acc=0.3091, n=180)
[2026-07-28 03:34:13] 2026-07-28 03:34:13 | INFO     | KDClient 10 fit round 9 (tier=medium)
[2026-07-28 03:34:14] 2026-07-28 03:34:14 | INFO     | KDClient 10 round 9 public KD (epochs=2)
[2026-07-28 03:36:51] 2026-07-28 03:36:51 | INFO     | KDClient 10 round 9 local training (epochs=4)
[2026-07-28 03:39:13] 2026-07-28 03:39:13 | INFO     | KDClient 10 round 9 completed (acc=0.2218, n=180)
[2026-07-28 03:39:13] 2026-07-28 03:39:13 | INFO     | KDClient 11 fit round 9 (tier=medium)
[2026-07-28 03:39:13] 2026-07-28 03:39:13 | INFO     | KDClient 11 round 9 public KD (epochs=2)
[2026-07-28 03:43:08] 2026-07-28 03:43:07 | INFO     | KDClient 11 round 9 local training (epochs=4)
[2026-07-28 03:45:55] 2026-07-28 03:45:55 | INFO     | KDClient 11 round 9 completed (acc=0.2945, n=180)
[2026-07-28 03:45:55] 2026-07-28 03:45:55 | INFO     | KDClient 12 fit round 9 (tier=medium)
[2026-07-28 03:45:55] 2026-07-28 03:45:55 | INFO     | KDClient 12 round 9 public KD (epochs=2)
[2026-07-28 03:48:30] 2026-07-28 03:48:30 | INFO     | KDClient 12 round 9 local training (epochs=4)
[2026-07-28 03:50:29] 2026-07-28 03:50:28 | INFO     | KDClient 12 round 9 completed (acc=0.3018, n=180)
[2026-07-28 03:50:29] 2026-07-28 03:50:28 | INFO     | KDClient 13 fit round 9 (tier=medium)
[2026-07-28 03:50:29] 2026-07-28 03:50:29 | INFO     | KDClient 13 round 9 public KD (epochs=2)
[2026-07-28 03:53:08] 2026-07-28 03:53:08 | INFO     | KDClient 13 round 9 local training (epochs=4)
[2026-07-28 03:54:54] 2026-07-28 03:54:54 | INFO     | KDClient 13 round 9 completed (acc=0.2945, n=180)
[2026-07-28 03:54:54] 2026-07-28 03:54:54 | INFO     | KDClient 14 fit round 9 (tier=large)
[2026-07-28 03:54:54] 2026-07-28 03:54:54 | INFO     | KDClient 14 round 9 public KD (epochs=2)
[2026-07-28 03:58:54] 2026-07-28 03:58:54 | INFO     | KDClient 14 round 9 local training (epochs=4)
[2026-07-28 04:01:46] 2026-07-28 04:01:46 | INFO     | KDClient 14 round 9 completed (acc=0.3091, n=180)
[2026-07-28 04:01:46] 2026-07-28 04:01:46 | INFO     | KDClient 15 fit round 9 (tier=large)
[2026-07-28 04:01:46] 2026-07-28 04:01:46 | INFO     | KDClient 15 round 9 public KD (epochs=2)
[2026-07-28 04:05:24] 2026-07-28 04:05:24 | INFO     | KDClient 15 round 9 local training (epochs=4)
[2026-07-28 04:07:29] 2026-07-28 04:07:29 | INFO     | KDClient 15 round 9 completed (acc=0.3091, n=180)
[2026-07-28 04:07:29] 2026-07-28 04:07:29 | INFO     | KDClient 16 fit round 9 (tier=large)
[2026-07-28 04:07:29] 2026-07-28 04:07:29 | INFO     | KDClient 16 round 9 public KD (epochs=2)
[2026-07-28 04:10:01] 2026-07-28 04:10:01 | INFO     | KDClient 16 round 9 local training (epochs=4)
[2026-07-28 04:11:40] 2026-07-28 04:11:40 | INFO     | KDClient 16 round 9 completed (acc=0.3091, n=180)
[2026-07-28 04:11:40] 2026-07-28 04:11:40 | INFO     | KDClient 17 fit round 9 (tier=large)
[2026-07-28 04:11:40] 2026-07-28 04:11:40 | INFO     | KDClient 17 round 9 public KD (epochs=2)
[2026-07-28 04:14:06] 2026-07-28 04:14:06 | INFO     | KDClient 17 round 9 local training (epochs=4)
[2026-07-28 04:15:34] 2026-07-28 04:15:34 | INFO     | KDClient 17 round 9 completed (acc=0.3091, n=180)
[2026-07-28 04:15:34] 2026-07-28 04:15:34 | INFO     | KDClient 18 fit round 9 (tier=large)
[2026-07-28 04:15:34] 2026-07-28 04:15:34 | INFO     | KDClient 18 round 9 public KD (epochs=2)
[2026-07-28 04:17:33] 2026-07-28 04:17:33 | INFO     | KDClient 18 round 9 local training (epochs=4)
[2026-07-28 04:19:16] 2026-07-28 04:19:16 | INFO     | KDClient 18 round 9 completed (acc=0.3091, n=180)
[2026-07-28 04:19:16] 2026-07-28 04:19:16 | INFO     | KDClient 19 fit round 9 (tier=large)
[2026-07-28 04:19:16] 2026-07-28 04:19:16 | INFO     | KDClient 19 round 9 public KD (epochs=2)
[2026-07-28 04:21:44] 2026-07-28 04:21:44 | INFO     | KDClient 19 round 9 local training (epochs=4)
[2026-07-28 04:23:48] 2026-07-28 04:23:48 | INFO     | KDClient 19 round 9 completed (acc=0.3091, n=180)
[2026-07-28 04:23:49] 2026-07-28 04:23:49 | INFO     | MKS — IID: round 9/50 aggregated 3 cluster weights
[2026-07-28 04:23:49]   Round   9/50 | Avg: 0.3004 | Min: 0.2218 | Max: 0.3091
[2026-07-28 04:23:49] 2026-07-28 04:23:49 | INFO     | MKS — IID: round 10/50 starting
[2026-07-28 04:23:49] 2026-07-28 04:23:49 | INFO     | KDClient 0 fit round 10 (tier=small)
[2026-07-28 04:23:49] 2026-07-28 04:23:49 | INFO     | KDClient 0 round 10 public KD (epochs=2)
[2026-07-28 04:24:35] 2026-07-28 04:24:35 | INFO     | KDClient 0 round 10 local training (epochs=4)
[2026-07-28 04:25:05] 2026-07-28 04:25:05 | INFO     | KDClient 0 round 10 completed (acc=0.3091, n=180)
[2026-07-28 04:25:05] 2026-07-28 04:25:05 | INFO     | KDClient 1 fit round 10 (tier=small)
[2026-07-28 04:25:05] 2026-07-28 04:25:05 | INFO     | KDClient 1 round 10 public KD (epochs=2)
[2026-07-28 04:25:46] 2026-07-28 04:25:46 | INFO     | KDClient 1 round 10 local training (epochs=4)
[2026-07-28 04:26:19] 2026-07-28 04:26:19 | INFO     | KDClient 1 round 10 completed (acc=0.3018, n=180)
[2026-07-28 04:26:19] 2026-07-28 04:26:19 | INFO     | KDClient 2 fit round 10 (tier=small)
[2026-07-28 04:26:19] 2026-07-28 04:26:19 | INFO     | KDClient 2 round 10 public KD (epochs=2)
[2026-07-28 04:27:01] 2026-07-28 04:27:01 | INFO     | KDClient 2 round 10 local training (epochs=4)
[2026-07-28 04:27:32] 2026-07-28 04:27:32 | INFO     | KDClient 2 round 10 completed (acc=0.3091, n=180)
[2026-07-28 04:27:33] 2026-07-28 04:27:32 | INFO     | KDClient 3 fit round 10 (tier=small)
[2026-07-28 04:27:33] 2026-07-28 04:27:33 | INFO     | KDClient 3 round 10 public KD (epochs=2)
[2026-07-28 04:28:19] 2026-07-28 04:28:19 | INFO     | KDClient 3 round 10 local training (epochs=4)
[2026-07-28 04:28:50] 2026-07-28 04:28:50 | INFO     | KDClient 3 round 10 completed (acc=0.2582, n=180)
[2026-07-28 04:28:50] 2026-07-28 04:28:50 | INFO     | KDClient 4 fit round 10 (tier=small)
[2026-07-28 04:28:50] 2026-07-28 04:28:50 | INFO     | KDClient 4 round 10 public KD (epochs=2)
[2026-07-28 04:29:33] 2026-07-28 04:29:33 | INFO     | KDClient 4 round 10 local training (epochs=4)
[2026-07-28 04:30:12] 2026-07-28 04:30:12 | INFO     | KDClient 4 round 10 completed (acc=0.2764, n=180)
[2026-07-28 04:30:12] 2026-07-28 04:30:12 | INFO     | KDClient 5 fit round 10 (tier=small)
[2026-07-28 04:30:12] 2026-07-28 04:30:12 | INFO     | KDClient 5 round 10 public KD (epochs=2)
[2026-07-28 04:31:17] 2026-07-28 04:31:17 | INFO     | KDClient 5 round 10 local training (epochs=4)
[2026-07-28 04:31:53] 2026-07-28 04:31:53 | INFO     | KDClient 5 round 10 completed (acc=0.3091, n=180)
[2026-07-28 04:31:53] 2026-07-28 04:31:53 | INFO     | KDClient 6 fit round 10 (tier=small)
[2026-07-28 04:31:54] 2026-07-28 04:31:54 | INFO     | KDClient 6 round 10 public KD (epochs=2)
[2026-07-28 04:32:36] 2026-07-28 04:32:36 | INFO     | KDClient 6 round 10 local training (epochs=4)
[2026-07-28 04:33:14] 2026-07-28 04:33:14 | INFO     | KDClient 6 round 10 completed (acc=0.3091, n=180)
[2026-07-28 04:33:14] 2026-07-28 04:33:14 | INFO     | KDClient 7 fit round 10 (tier=medium)
[2026-07-28 04:33:14] 2026-07-28 04:33:14 | INFO     | KDClient 7 round 10 public KD (epochs=2)
[2026-07-28 04:35:16] 2026-07-28 04:35:16 | INFO     | KDClient 7 round 10 local training (epochs=4)
[2026-07-28 04:36:34] 2026-07-28 04:36:34 | INFO     | KDClient 7 round 10 completed (acc=0.2945, n=180)
[2026-07-28 04:36:34] 2026-07-28 04:36:34 | INFO     | KDClient 8 fit round 10 (tier=medium)
[2026-07-28 04:36:34] 2026-07-28 04:36:34 | INFO     | KDClient 8 round 10 public KD (epochs=2)
[2026-07-28 04:38:07] 2026-07-28 04:38:07 | INFO     | KDClient 8 round 10 local training (epochs=4)
[2026-07-28 04:39:17] 2026-07-28 04:39:17 | INFO     | KDClient 8 round 10 completed (acc=0.2582, n=180)
[2026-07-28 04:39:17] 2026-07-28 04:39:17 | INFO     | KDClient 9 fit round 10 (tier=medium)
[2026-07-28 04:39:17] 2026-07-28 04:39:17 | INFO     | KDClient 9 round 10 public KD (epochs=2)
[2026-07-28 04:40:46] 2026-07-28 04:40:45 | INFO     | KDClient 9 round 10 local training (epochs=4)
[2026-07-28 04:42:05] 2026-07-28 04:42:05 | INFO     | KDClient 9 round 10 completed (acc=0.3055, n=180)
[2026-07-28 04:42:05] 2026-07-28 04:42:05 | INFO     | KDClient 10 fit round 10 (tier=medium)
[2026-07-28 04:42:05] 2026-07-28 04:42:05 | INFO     | KDClient 10 round 10 public KD (epochs=2)
[2026-07-28 04:43:28] 2026-07-28 04:43:28 | INFO     | KDClient 10 round 10 local training (epochs=4)
[2026-07-28 04:44:36] 2026-07-28 04:44:36 | INFO     | KDClient 10 round 10 completed (acc=0.3055, n=180)
[2026-07-28 04:44:36] 2026-07-28 04:44:36 | INFO     | KDClient 11 fit round 10 (tier=medium)
[2026-07-28 04:44:36] 2026-07-28 04:44:36 | INFO     | KDClient 11 round 10 public KD (epochs=2)
[2026-07-28 04:46:41] 2026-07-28 04:46:41 | INFO     | KDClient 11 round 10 local training (epochs=4)
[2026-07-28 04:47:47] 2026-07-28 04:47:47 | INFO     | KDClient 11 round 10 completed (acc=0.2182, n=180)
[2026-07-28 04:47:47] 2026-07-28 04:47:47 | INFO     | KDClient 12 fit round 10 (tier=medium)
[2026-07-28 04:47:47] 2026-07-28 04:47:47 | INFO     | KDClient 12 round 10 public KD (epochs=2)
[2026-07-28 04:49:11] 2026-07-28 04:49:11 | INFO     | KDClient 12 round 10 local training (epochs=4)
[2026-07-28 04:50:27] 2026-07-28 04:50:27 | INFO     | KDClient 12 round 10 completed (acc=0.2509, n=180)
[2026-07-28 04:50:27] 2026-07-28 04:50:27 | INFO     | KDClient 13 fit round 10 (tier=medium)
[2026-07-28 04:50:27] 2026-07-28 04:50:27 | INFO     | KDClient 13 round 10 public KD (epochs=2)
[2026-07-28 04:51:42] 2026-07-28 04:51:42 | INFO     | KDClient 13 round 10 local training (epochs=4)
[2026-07-28 04:52:36] 2026-07-28 04:52:36 | INFO     | KDClient 13 round 10 completed (acc=0.2945, n=180)
[2026-07-28 04:52:36] 2026-07-28 04:52:36 | INFO     | KDClient 14 fit round 10 (tier=large)
[2026-07-28 04:52:36] 2026-07-28 04:52:36 | INFO     | KDClient 14 round 10 public KD (epochs=2)
[2026-07-28 04:54:29] 2026-07-28 04:54:29 | INFO     | KDClient 14 round 10 local training (epochs=4)
[2026-07-28 04:56:01] 2026-07-28 04:56:01 | INFO     | KDClient 14 round 10 completed (acc=0.3091, n=180)
[2026-07-28 04:56:01] 2026-07-28 04:56:01 | INFO     | KDClient 15 fit round 10 (tier=large)
[2026-07-28 04:56:01] 2026-07-28 04:56:01 | INFO     | KDClient 15 round 10 public KD (epochs=2)
[2026-07-28 04:57:58] 2026-07-28 04:57:58 | INFO     | KDClient 15 round 10 local training (epochs=4)
[2026-07-28 04:59:24] 2026-07-28 04:59:24 | INFO     | KDClient 15 round 10 completed (acc=0.3091, n=180)
[2026-07-28 04:59:24] 2026-07-28 04:59:24 | INFO     | KDClient 16 fit round 10 (tier=large)
[2026-07-28 04:59:24] 2026-07-28 04:59:24 | INFO     | KDClient 16 round 10 public KD (epochs=2)
[2026-07-28 05:01:51] 2026-07-28 05:01:51 | INFO     | KDClient 16 round 10 local training (epochs=4)
[2026-07-28 05:04:00] 2026-07-28 05:04:00 | INFO     | KDClient 16 round 10 completed (acc=0.3091, n=180)
[2026-07-28 05:04:00] 2026-07-28 05:04:00 | INFO     | KDClient 17 fit round 10 (tier=large)
[2026-07-28 05:04:00] 2026-07-28 05:04:00 | INFO     | KDClient 17 round 10 public KD (epochs=2)
[2026-07-28 05:06:12] 2026-07-28 05:06:12 | INFO     | KDClient 17 round 10 local training (epochs=4)
[2026-07-28 05:07:57] 2026-07-28 05:07:57 | INFO     | KDClient 17 round 10 completed (acc=0.3091, n=180)
[2026-07-28 05:07:57] 2026-07-28 05:07:57 | INFO     | KDClient 18 fit round 10 (tier=large)
[2026-07-28 05:07:57] 2026-07-28 05:07:57 | INFO     | KDClient 18 round 10 public KD (epochs=2)
[2026-07-28 05:10:19] 2026-07-28 05:10:19 | INFO     | KDClient 18 round 10 local training (epochs=4)
[2026-07-28 05:12:01] 2026-07-28 05:12:01 | INFO     | KDClient 18 round 10 completed (acc=0.3091, n=180)
[2026-07-28 05:12:01] 2026-07-28 05:12:01 | INFO     | KDClient 19 fit round 10 (tier=large)
[2026-07-28 05:12:02] 2026-07-28 05:12:02 | INFO     | KDClient 19 round 10 public KD (epochs=2)
[2026-07-28 05:14:47] 2026-07-28 05:14:47 | INFO     | KDClient 19 round 10 local training (epochs=4)
[2026-07-28 05:16:35] 2026-07-28 05:16:35 | INFO     | KDClient 19 round 10 completed (acc=0.3091, n=180)
[2026-07-28 05:16:35] 2026-07-28 05:16:35 | INFO     | MKS — IID: round 10/50 aggregated 3 cluster weights
[2026-07-28 05:16:35]   Round  10/50 | Avg: 0.2927 | Min: 0.2182 | Max: 0.3091
[2026-07-28 05:16:35] 2026-07-28 05:16:35 | INFO     | MKS — IID: round 11/50 starting
[2026-07-28 05:16:35] 2026-07-28 05:16:35 | INFO     | KDClient 0 fit round 11 (tier=small)
[2026-07-28 05:16:35] 2026-07-28 05:16:35 | INFO     | KDClient 0 round 11 public KD (epochs=2)
[2026-07-28 05:17:44] 2026-07-28 05:17:44 | INFO     | KDClient 0 round 11 local training (epochs=4)
[2026-07-28 05:18:22] 2026-07-28 05:18:22 | INFO     | KDClient 0 round 11 completed (acc=0.3091, n=180)
[2026-07-28 05:18:22] 2026-07-28 05:18:22 | INFO     | KDClient 1 fit round 11 (tier=small)
[2026-07-28 05:18:22] 2026-07-28 05:18:22 | INFO     | KDClient 1 round 11 public KD (epochs=2)
[2026-07-28 05:19:26] 2026-07-28 05:19:26 | INFO     | KDClient 1 round 11 local training (epochs=4)
[2026-07-28 05:20:17] 2026-07-28 05:20:17 | INFO     | KDClient 1 round 11 completed (acc=0.3091, n=180)
[2026-07-28 05:20:17] 2026-07-28 05:20:17 | INFO     | KDClient 2 fit round 11 (tier=small)
[2026-07-28 05:20:17] 2026-07-28 05:20:17 | INFO     | KDClient 2 round 11 public KD (epochs=2)
[2026-07-28 05:20:58] 2026-07-28 05:20:58 | INFO     | KDClient 2 round 11 local training (epochs=4)
[2026-07-28 05:21:27] 2026-07-28 05:21:27 | INFO     | KDClient 2 round 11 completed (acc=0.3091, n=180)
[2026-07-28 05:21:27] 2026-07-28 05:21:27 | INFO     | KDClient 3 fit round 11 (tier=small)
[2026-07-28 05:21:27] 2026-07-28 05:21:27 | INFO     | KDClient 3 round 11 public KD (epochs=2)
[2026-07-28 05:22:34] 2026-07-28 05:22:34 | INFO     | KDClient 3 round 11 local training (epochs=4)
[2026-07-28 05:24:17] 2026-07-28 05:24:17 | INFO     | KDClient 3 round 11 completed (acc=0.3091, n=180)
[2026-07-28 05:24:17] 2026-07-28 05:24:17 | INFO     | KDClient 4 fit round 11 (tier=small)
[2026-07-28 05:24:17] 2026-07-28 05:24:17 | INFO     | KDClient 4 round 11 public KD (epochs=2)
[2026-07-28 05:26:36] 2026-07-28 05:26:36 | INFO     | KDClient 4 round 11 local training (epochs=4)
[2026-07-28 05:28:11] 2026-07-28 05:28:11 | INFO     | KDClient 4 round 11 completed (acc=0.3091, n=180)
[2026-07-28 05:28:11] 2026-07-28 05:28:11 | INFO     | KDClient 5 fit round 11 (tier=small)
[2026-07-28 05:28:11] 2026-07-28 05:28:11 | INFO     | KDClient 5 round 11 public KD (epochs=2)
[2026-07-28 05:29:34] 2026-07-28 05:29:34 | INFO     | KDClient 5 round 11 local training (epochs=4)
[2026-07-28 05:31:01] 2026-07-28 05:31:01 | INFO     | KDClient 5 round 11 completed (acc=0.3091, n=180)
[2026-07-28 05:31:01] 2026-07-28 05:31:01 | INFO     | KDClient 6 fit round 11 (tier=small)
[2026-07-28 05:31:02] 2026-07-28 05:31:02 | INFO     | KDClient 6 round 11 public KD (epochs=2)
[2026-07-28 05:33:17] 2026-07-28 05:33:17 | INFO     | KDClient 6 round 11 local training (epochs=4)
[2026-07-28 05:34:01] 2026-07-28 05:34:01 | INFO     | KDClient 6 round 11 completed (acc=0.3091, n=180)
[2026-07-28 05:34:01] 2026-07-28 05:34:01 | INFO     | KDClient 7 fit round 11 (tier=medium)
[2026-07-28 05:34:01] 2026-07-28 05:34:01 | INFO     | KDClient 7 round 11 public KD (epochs=2)
[2026-07-28 05:36:32] 2026-07-28 05:36:32 | INFO     | KDClient 7 round 11 local training (epochs=4)
[2026-07-28 05:38:38] 2026-07-28 05:38:38 | INFO     | KDClient 7 round 11 completed (acc=0.2836, n=180)
[2026-07-28 05:38:38] 2026-07-28 05:38:38 | INFO     | KDClient 8 fit round 11 (tier=medium)
[2026-07-28 05:38:38] 2026-07-28 05:38:38 | INFO     | KDClient 8 round 11 public KD (epochs=2)
[2026-07-28 05:42:39] 2026-07-28 05:42:39 | INFO     | KDClient 8 round 11 local training (epochs=4)
[2026-07-28 05:45:10] 2026-07-28 05:45:10 | INFO     | KDClient 8 round 11 completed (acc=0.2873, n=180)
[2026-07-28 05:45:10] 2026-07-28 05:45:10 | INFO     | KDClient 9 fit round 11 (tier=medium)
[2026-07-28 05:45:10] 2026-07-28 05:45:10 | INFO     | KDClient 9 round 11 public KD (epochs=2)
[2026-07-28 05:48:06] 2026-07-28 05:48:05 | INFO     | KDClient 9 round 11 local training (epochs=4)
[2026-07-28 05:50:17] 2026-07-28 05:50:17 | INFO     | KDClient 9 round 11 completed (acc=0.3055, n=180)
[2026-07-28 05:50:17] 2026-07-28 05:50:17 | INFO     | KDClient 10 fit round 11 (tier=medium)
[2026-07-28 05:50:17] 2026-07-28 05:50:17 | INFO     | KDClient 10 round 11 public KD (epochs=2)
[2026-07-28 05:53:51] 2026-07-28 05:53:51 | INFO     | KDClient 10 round 11 local training (epochs=4)
[2026-07-28 05:56:08] 2026-07-28 05:56:08 | INFO     | KDClient 10 round 11 completed (acc=0.2836, n=180)
[2026-07-28 05:56:08] 2026-07-28 05:56:08 | INFO     | KDClient 11 fit round 11 (tier=medium)
[2026-07-28 05:56:08] 2026-07-28 05:56:08 | INFO     | KDClient 11 round 11 public KD (epochs=2)
[2026-07-28 05:58:46] 2026-07-28 05:58:46 | INFO     | KDClient 11 round 11 local training (epochs=4)
[2026-07-28 06:00:43] 2026-07-28 06:00:43 | INFO     | KDClient 11 round 11 completed (acc=0.2873, n=180)
[2026-07-28 06:00:43] 2026-07-28 06:00:43 | INFO     | KDClient 12 fit round 11 (tier=medium)
[2026-07-28 06:00:43] 2026-07-28 06:00:43 | INFO     | KDClient 12 round 11 public KD (epochs=2)
[2026-07-28 06:03:05] 2026-07-28 06:03:05 | INFO     | KDClient 12 round 11 local training (epochs=4)
[2026-07-28 06:05:11] 2026-07-28 06:05:11 | INFO     | KDClient 12 round 11 completed (acc=0.3018, n=180)
[2026-07-28 06:05:11] 2026-07-28 06:05:11 | INFO     | KDClient 13 fit round 11 (tier=medium)
[2026-07-28 06:05:12] 2026-07-28 06:05:12 | INFO     | KDClient 13 round 11 public KD (epochs=2)
[2026-07-28 06:07:31] 2026-07-28 06:07:31 | INFO     | KDClient 13 round 11 local training (epochs=4)
[2026-07-28 06:09:40] 2026-07-28 06:09:40 | INFO     | KDClient 13 round 11 completed (acc=0.3055, n=180)
[2026-07-28 06:09:40] 2026-07-28 06:09:40 | INFO     | KDClient 14 fit round 11 (tier=large)
[2026-07-28 06:09:40] 2026-07-28 06:09:40 | INFO     | KDClient 14 round 11 public KD (epochs=2)
[2026-07-28 06:14:02] 2026-07-28 06:14:02 | INFO     | KDClient 14 round 11 local training (epochs=4)
[2026-07-28 06:17:02] 2026-07-28 06:17:02 | INFO     | KDClient 14 round 11 completed (acc=0.3091, n=180)
[2026-07-28 06:17:02] 2026-07-28 06:17:02 | INFO     | KDClient 15 fit round 11 (tier=large)
[2026-07-28 06:17:02] 2026-07-28 06:17:02 | INFO     | KDClient 15 round 11 public KD (epochs=2)
[2026-07-28 06:21:16] 2026-07-28 06:21:16 | INFO     | KDClient 15 round 11 local training (epochs=4)
[2026-07-28 06:23:57] 2026-07-28 06:23:57 | INFO     | KDClient 15 round 11 completed (acc=0.3091, n=180)
[2026-07-28 06:23:57] 2026-07-28 06:23:57 | INFO     | KDClient 16 fit round 11 (tier=large)
[2026-07-28 06:23:57] 2026-07-28 06:23:57 | INFO     | KDClient 16 round 11 public KD (epochs=2)
[2026-07-28 06:28:18] 2026-07-28 06:28:18 | INFO     | KDClient 16 round 11 local training (epochs=4)
[2026-07-28 06:31:10] 2026-07-28 06:31:10 | INFO     | KDClient 16 round 11 completed (acc=0.3091, n=180)
[2026-07-28 06:31:10] 2026-07-28 06:31:10 | INFO     | KDClient 17 fit round 11 (tier=large)
[2026-07-28 06:31:10] 2026-07-28 06:31:10 | INFO     | KDClient 17 round 11 public KD (epochs=2)
[2026-07-28 06:35:32] 2026-07-28 06:35:32 | INFO     | KDClient 17 round 11 local training (epochs=4)
[2026-07-28 06:38:40] 2026-07-28 06:38:40 | INFO     | KDClient 17 round 11 completed (acc=0.3091, n=180)
[2026-07-28 06:38:40] 2026-07-28 06:38:40 | INFO     | KDClient 18 fit round 11 (tier=large)
[2026-07-28 06:38:40] 2026-07-28 06:38:40 | INFO     | KDClient 18 round 11 public KD (epochs=2)
[2026-07-28 06:42:38] 2026-07-28 06:42:38 | INFO     | KDClient 18 round 11 local training (epochs=4)
[2026-07-28 06:45:30] 2026-07-28 06:45:30 | INFO     | KDClient 18 round 11 completed (acc=0.3091, n=180)
[2026-07-28 06:45:30] 2026-07-28 06:45:30 | INFO     | KDClient 19 fit round 11 (tier=large)
[2026-07-28 06:45:30] 2026-07-28 06:45:30 | INFO     | KDClient 19 round 11 public KD (epochs=2)
[2026-07-28 06:49:54] 2026-07-28 06:49:54 | INFO     | KDClient 19 round 11 local training (epochs=4)
[2026-07-28 06:53:31] 2026-07-28 06:53:30 | INFO     | KDClient 19 round 11 completed (acc=0.3018, n=180)
[2026-07-28 06:53:31] 2026-07-28 06:53:31 | INFO     | MKS — IID: round 11/50 aggregated 3 cluster weights
[2026-07-28 06:53:31]   Round  11/50 | Avg: 0.3033 | Min: 0.2836 | Max: 0.3091
[2026-07-28 06:53:31] 2026-07-28 06:53:31 | INFO     | MKS — IID: round 12/50 starting
[2026-07-28 06:53:31] 2026-07-28 06:53:31 | INFO     | KDClient 0 fit round 12 (tier=small)
[2026-07-28 06:53:31] 2026-07-28 06:53:31 | INFO     | KDClient 0 round 12 public KD (epochs=2)
[2026-07-28 06:54:58] 2026-07-28 06:54:58 | INFO     | KDClient 0 round 12 local training (epochs=4)
[2026-07-28 06:56:06] 2026-07-28 06:56:06 | INFO     | KDClient 0 round 12 completed (acc=0.3091, n=180)
[2026-07-28 06:56:06] 2026-07-28 06:56:06 | INFO     | KDClient 1 fit round 12 (tier=small)
[2026-07-28 06:56:07] 2026-07-28 06:56:07 | INFO     | KDClient 1 round 12 public KD (epochs=2)
[2026-07-28 06:57:28] 2026-07-28 06:57:28 | INFO     | KDClient 1 round 12 local training (epochs=4)
[2026-07-28 06:58:52] 2026-07-28 06:58:52 | INFO     | KDClient 1 round 12 completed (acc=0.3091, n=180)
[2026-07-28 06:58:52] 2026-07-28 06:58:52 | INFO     | KDClient 2 fit round 12 (tier=small)
[2026-07-28 06:58:52] 2026-07-28 06:58:52 | INFO     | KDClient 2 round 12 public KD (epochs=2)
[2026-07-28 07:00:06] 2026-07-28 07:00:05 | INFO     | KDClient 2 round 12 local training (epochs=4)
[2026-07-28 07:01:26] 2026-07-28 07:01:26 | INFO     | KDClient 2 round 12 completed (acc=0.3091, n=180)
[2026-07-28 07:01:26] 2026-07-28 07:01:26 | INFO     | KDClient 3 fit round 12 (tier=small)
[2026-07-28 07:01:26] 2026-07-28 07:01:26 | INFO     | KDClient 3 round 12 public KD (epochs=2)
[2026-07-28 07:03:06] 2026-07-28 07:03:06 | INFO     | KDClient 3 round 12 local training (epochs=4)
[2026-07-28 07:03:56] 2026-07-28 07:03:56 | INFO     | KDClient 3 round 12 completed (acc=0.3091, n=180)
[2026-07-28 07:03:56] 2026-07-28 07:03:56 | INFO     | KDClient 4 fit round 12 (tier=small)
[2026-07-28 07:03:56] 2026-07-28 07:03:56 | INFO     | KDClient 4 round 12 public KD (epochs=2)
[2026-07-28 07:05:37] 2026-07-28 07:05:37 | INFO     | KDClient 4 round 12 local training (epochs=4)
[2026-07-28 07:06:31] 2026-07-28 07:06:31 | INFO     | KDClient 4 round 12 completed (acc=0.3091, n=180)
[2026-07-28 07:06:31] 2026-07-28 07:06:31 | INFO     | KDClient 5 fit round 12 (tier=small)
[2026-07-28 07:06:31] 2026-07-28 07:06:31 | INFO     | KDClient 5 round 12 public KD (epochs=2)
[2026-07-28 07:07:50] 2026-07-28 07:07:50 | INFO     | KDClient 5 round 12 local training (epochs=4)
[2026-07-28 07:08:54] 2026-07-28 07:08:54 | INFO     | KDClient 5 round 12 completed (acc=0.3091, n=180)
[2026-07-28 07:08:54] 2026-07-28 07:08:54 | INFO     | KDClient 6 fit round 12 (tier=small)
[2026-07-28 07:08:55] 2026-07-28 07:08:55 | INFO     | KDClient 6 round 12 public KD (epochs=2)
[2026-07-28 07:10:14] 2026-07-28 07:10:14 | INFO     | KDClient 6 round 12 local training (epochs=4)
[2026-07-28 07:11:32] 2026-07-28 07:11:32 | INFO     | KDClient 6 round 12 completed (acc=0.3091, n=180)
[2026-07-28 07:11:32] 2026-07-28 07:11:32 | INFO     | KDClient 7 fit round 12 (tier=medium)
[2026-07-28 07:11:32] 2026-07-28 07:11:32 | INFO     | KDClient 7 round 12 public KD (epochs=2)
[2026-07-28 07:13:56] 2026-07-28 07:13:56 | INFO     | KDClient 7 round 12 local training (epochs=4)
[2026-07-28 07:16:05] 2026-07-28 07:16:05 | INFO     | KDClient 7 round 12 completed (acc=0.3018, n=180)
[2026-07-28 07:16:05] 2026-07-28 07:16:05 | INFO     | KDClient 8 fit round 12 (tier=medium)
[2026-07-28 07:16:06] 2026-07-28 07:16:06 | INFO     | KDClient 8 round 12 public KD (epochs=2)
[2026-07-28 07:18:58] 2026-07-28 07:18:58 | INFO     | KDClient 8 round 12 local training (epochs=4)
[2026-07-28 07:21:51] 2026-07-28 07:21:51 | INFO     | KDClient 8 round 12 completed (acc=0.2982, n=180)
[2026-07-28 07:21:51] 2026-07-28 07:21:51 | INFO     | KDClient 9 fit round 12 (tier=medium)
[2026-07-28 07:21:51] 2026-07-28 07:21:51 | INFO     | KDClient 9 round 12 public KD (epochs=2)
[2026-07-28 07:24:08] 2026-07-28 07:24:08 | INFO     | KDClient 9 round 12 local training (epochs=4)
[2026-07-28 07:26:50] 2026-07-28 07:26:50 | INFO     | KDClient 9 round 12 completed (acc=0.3055, n=180)
[2026-07-28 07:26:50] 2026-07-28 07:26:50 | INFO     | KDClient 10 fit round 12 (tier=medium)
[2026-07-28 07:26:50] 2026-07-28 07:26:50 | INFO     | KDClient 10 round 12 public KD (epochs=2)
[2026-07-28 07:29:12] 2026-07-28 07:29:12 | INFO     | KDClient 10 round 12 local training (epochs=4)
[2026-07-28 07:30:57] 2026-07-28 07:30:57 | INFO     | KDClient 10 round 12 completed (acc=0.3055, n=180)
[2026-07-28 07:30:57] 2026-07-28 07:30:57 | INFO     | KDClient 11 fit round 12 (tier=medium)
[2026-07-28 07:30:57] 2026-07-28 07:30:57 | INFO     | KDClient 11 round 12 public KD (epochs=2)
[2026-07-28 07:33:45] 2026-07-28 07:33:45 | INFO     | KDClient 11 round 12 local training (epochs=4)
[2026-07-28 07:36:23] 2026-07-28 07:36:23 | INFO     | KDClient 11 round 12 completed (acc=0.2982, n=180)
[2026-07-28 07:36:23] 2026-07-28 07:36:23 | INFO     | KDClient 12 fit round 12 (tier=medium)
[2026-07-28 07:36:23] 2026-07-28 07:36:23 | INFO     | KDClient 12 round 12 public KD (epochs=2)
[2026-07-28 07:39:04] 2026-07-28 07:39:03 | INFO     | KDClient 12 round 12 local training (epochs=4)
[2026-07-28 07:41:31] 2026-07-28 07:41:31 | INFO     | KDClient 12 round 12 completed (acc=0.3055, n=180)
[2026-07-28 07:41:31] 2026-07-28 07:41:31 | INFO     | KDClient 13 fit round 12 (tier=medium)
[2026-07-28 07:41:31] 2026-07-28 07:41:31 | INFO     | KDClient 13 round 12 public KD (epochs=2)
[2026-07-28 07:44:09] 2026-07-28 07:44:09 | INFO     | KDClient 13 round 12 local training (epochs=4)
[2026-07-28 07:46:14] 2026-07-28 07:46:14 | INFO     | KDClient 13 round 12 completed (acc=0.3018, n=180)
[2026-07-28 07:46:14] 2026-07-28 07:46:14 | INFO     | KDClient 14 fit round 12 (tier=large)
[2026-07-28 07:46:14] 2026-07-28 07:46:14 | INFO     | KDClient 14 round 12 public KD (epochs=2)
[2026-07-28 07:50:42] 2026-07-28 07:50:42 | INFO     | KDClient 14 round 12 local training (epochs=4)
[2026-07-28 07:53:40] 2026-07-28 07:53:40 | INFO     | KDClient 14 round 12 completed (acc=0.3091, n=180)
[2026-07-28 07:53:40] 2026-07-28 07:53:40 | INFO     | KDClient 15 fit round 12 (tier=large)
[2026-07-28 07:53:41] 2026-07-28 07:53:41 | INFO     | KDClient 15 round 12 public KD (epochs=2)
[2026-07-28 07:58:19] 2026-07-28 07:58:19 | INFO     | KDClient 15 round 12 local training (epochs=4)
[2026-07-28 08:01:25] 2026-07-28 08:01:25 | INFO     | KDClient 15 round 12 completed (acc=0.3091, n=180)
[2026-07-28 08:01:25] 2026-07-28 08:01:25 | INFO     | KDClient 16 fit round 12 (tier=large)
[2026-07-28 08:01:26] 2026-07-28 08:01:26 | INFO     | KDClient 16 round 12 public KD (epochs=2)
[2026-07-28 08:05:58] 2026-07-28 08:05:58 | INFO     | KDClient 16 round 12 local training (epochs=4)
[2026-07-28 08:10:09] 2026-07-28 08:10:09 | INFO     | KDClient 16 round 12 completed (acc=0.3055, n=180)
[2026-07-28 08:10:09] 2026-07-28 08:10:09 | INFO     | KDClient 17 fit round 12 (tier=large)
[2026-07-28 08:10:10] 2026-07-28 08:10:10 | INFO     | KDClient 17 round 12 public KD (epochs=2)
[2026-07-28 08:14:23] 2026-07-28 08:14:23 | INFO     | KDClient 17 round 12 local training (epochs=4)
[2026-07-28 08:17:56] 2026-07-28 08:17:56 | INFO     | KDClient 17 round 12 completed (acc=0.3091, n=180)
[2026-07-28 08:17:56] 2026-07-28 08:17:56 | INFO     | KDClient 18 fit round 12 (tier=large)
[2026-07-28 08:17:56] 2026-07-28 08:17:56 | INFO     | KDClient 18 round 12 public KD (epochs=2)
[2026-07-28 08:21:53] 2026-07-28 08:21:53 | INFO     | KDClient 18 round 12 local training (epochs=4)
[2026-07-28 08:25:08] 2026-07-28 08:25:08 | INFO     | KDClient 18 round 12 completed (acc=0.3091, n=180)
[2026-07-28 08:25:08] 2026-07-28 08:25:08 | INFO     | KDClient 19 fit round 12 (tier=large)
[2026-07-28 08:25:08] 2026-07-28 08:25:08 | INFO     | KDClient 19 round 12 public KD (epochs=2)
[2026-07-28 08:29:02] 2026-07-28 08:29:02 | INFO     | KDClient 19 round 12 local training (epochs=4)
[2026-07-28 08:32:36] 2026-07-28 08:32:36 | INFO     | KDClient 19 round 12 completed (acc=0.3091, n=180)
[2026-07-28 08:32:37] 2026-07-28 08:32:37 | INFO     | MKS — IID: round 12/50 aggregated 3 cluster weights
[2026-07-28 08:32:37]   Round  12/50 | Avg: 0.3065 | Min: 0.2982 | Max: 0.3091
[2026-07-28 08:32:37] 2026-07-28 08:32:37 | INFO     | MKS — IID: round 13/50 starting
[2026-07-28 08:32:37] 2026-07-28 08:32:37 | INFO     | KDClient 0 fit round 13 (tier=small)
[2026-07-28 08:32:37] 2026-07-28 08:32:37 | INFO     | KDClient 0 round 13 public KD (epochs=2)
[2026-07-28 08:34:56] 2026-07-28 08:34:56 | INFO     | KDClient 0 round 13 local training (epochs=4)
[2026-07-28 08:36:18] 2026-07-28 08:36:18 | INFO     | KDClient 0 round 13 completed (acc=0.3091, n=180)
[2026-07-28 08:36:18] 2026-07-28 08:36:18 | INFO     | KDClient 1 fit round 13 (tier=small)
[2026-07-28 08:36:18] 2026-07-28 08:36:18 | INFO     | KDClient 1 round 13 public KD (epochs=2)
[2026-07-28 08:37:35] 2026-07-28 08:37:35 | INFO     | KDClient 1 round 13 local training (epochs=4)
[2026-07-28 08:39:12] 2026-07-28 08:39:12 | INFO     | KDClient 1 round 13 completed (acc=0.3091, n=180)
[2026-07-28 08:39:12] 2026-07-28 08:39:12 | INFO     | KDClient 2 fit round 13 (tier=small)
[2026-07-28 08:39:12] 2026-07-28 08:39:12 | INFO     | KDClient 2 round 13 public KD (epochs=2)
[2026-07-28 08:41:26] 2026-07-28 08:41:26 | INFO     | KDClient 2 round 13 local training (epochs=4)
[2026-07-28 08:42:45] 2026-07-28 08:42:45 | INFO     | KDClient 2 round 13 completed (acc=0.3091, n=180)
[2026-07-28 08:42:45] 2026-07-28 08:42:45 | INFO     | KDClient 3 fit round 13 (tier=small)
[2026-07-28 08:42:45] 2026-07-28 08:42:45 | INFO     | KDClient 3 round 13 public KD (epochs=2)
[2026-07-28 08:44:08] 2026-07-28 08:44:08 | INFO     | KDClient 3 round 13 local training (epochs=4)
[2026-07-28 08:45:15] 2026-07-28 08:45:15 | INFO     | KDClient 3 round 13 completed (acc=0.3091, n=180)
[2026-07-28 08:45:15] 2026-07-28 08:45:15 | INFO     | KDClient 4 fit round 13 (tier=small)
[2026-07-28 08:45:15] 2026-07-28 08:45:15 | INFO     | KDClient 4 round 13 public KD (epochs=2)
[2026-07-28 08:46:27] 2026-07-28 08:46:27 | INFO     | KDClient 4 round 13 local training (epochs=4)
[2026-07-28 08:48:11] 2026-07-28 08:48:11 | INFO     | KDClient 4 round 13 completed (acc=0.3091, n=180)
[2026-07-28 08:48:11] 2026-07-28 08:48:11 | INFO     | KDClient 5 fit round 13 (tier=small)
[2026-07-28 08:48:12] 2026-07-28 08:48:11 | INFO     | KDClient 5 round 13 public KD (epochs=2)
[2026-07-28 08:50:21] 2026-07-28 08:50:21 | INFO     | KDClient 5 round 13 local training (epochs=4)
[2026-07-28 08:51:40] 2026-07-28 08:51:40 | INFO     | KDClient 5 round 13 completed (acc=0.3091, n=180)
[2026-07-28 08:51:40] 2026-07-28 08:51:40 | INFO     | KDClient 6 fit round 13 (tier=small)
[2026-07-28 08:51:40] 2026-07-28 08:51:40 | INFO     | KDClient 6 round 13 public KD (epochs=2)
[2026-07-28 08:54:28] 2026-07-28 08:54:28 | INFO     | KDClient 6 round 13 local training (epochs=4)
[2026-07-28 08:55:44] 2026-07-28 08:55:44 | INFO     | KDClient 6 round 13 completed (acc=0.3091, n=180)
[2026-07-28 08:55:44] 2026-07-28 08:55:44 | INFO     | KDClient 7 fit round 13 (tier=medium)
[2026-07-28 08:55:44] 2026-07-28 08:55:44 | INFO     | KDClient 7 round 13 public KD (epochs=2)
[2026-07-28 08:59:24] 2026-07-28 08:59:24 | INFO     | KDClient 7 round 13 local training (epochs=4)
[2026-07-28 09:01:46] 2026-07-28 09:01:46 | INFO     | KDClient 7 round 13 completed (acc=0.2618, n=180)
[2026-07-28 09:01:46] 2026-07-28 09:01:46 | INFO     | KDClient 8 fit round 13 (tier=medium)
[2026-07-28 09:01:46] 2026-07-28 09:01:46 | INFO     | KDClient 8 round 13 public KD (epochs=2)
[2026-07-28 09:04:29] 2026-07-28 09:04:29 | INFO     | KDClient 8 round 13 local training (epochs=4)
[2026-07-28 09:06:52] 2026-07-28 09:06:52 | INFO     | KDClient 8 round 13 completed (acc=0.3018, n=180)
[2026-07-28 09:06:52] 2026-07-28 09:06:52 | INFO     | KDClient 9 fit round 13 (tier=medium)
[2026-07-28 09:06:53] 2026-07-28 09:06:52 | INFO     | KDClient 9 round 13 public KD (epochs=2)
[2026-07-28 09:09:23] 2026-07-28 09:09:23 | INFO     | KDClient 9 round 13 local training (epochs=4)
[2026-07-28 09:11:51] 2026-07-28 09:11:51 | INFO     | KDClient 9 round 13 completed (acc=0.3055, n=180)
[2026-07-28 09:11:51] 2026-07-28 09:11:51 | INFO     | KDClient 10 fit round 13 (tier=medium)
[2026-07-28 09:11:51] 2026-07-28 09:11:51 | INFO     | KDClient 10 round 13 public KD (epochs=2)
[2026-07-28 09:14:33] 2026-07-28 09:14:33 | INFO     | KDClient 10 round 13 local training (epochs=4)
[2026-07-28 09:16:39] 2026-07-28 09:16:39 | INFO     | KDClient 10 round 13 completed (acc=0.2945, n=180)
[2026-07-28 09:16:39] 2026-07-28 09:16:39 | INFO     | KDClient 11 fit round 13 (tier=medium)
[2026-07-28 09:16:39] 2026-07-28 09:16:39 | INFO     | KDClient 11 round 13 public KD (epochs=2)
[2026-07-28 09:19:35] 2026-07-28 09:19:35 | INFO     | KDClient 11 round 13 local training (epochs=4)
[2026-07-28 09:22:18] 2026-07-28 09:22:18 | INFO     | KDClient 11 round 13 completed (acc=0.2945, n=180)
[2026-07-28 09:22:18] 2026-07-28 09:22:18 | INFO     | KDClient 12 fit round 13 (tier=medium)
[2026-07-28 09:22:18] 2026-07-28 09:22:18 | INFO     | KDClient 12 round 13 public KD (epochs=2)
[2026-07-28 09:25:32] 2026-07-28 09:25:32 | INFO     | KDClient 12 round 13 local training (epochs=4)
[2026-07-28 09:28:11] 2026-07-28 09:28:11 | INFO     | KDClient 12 round 13 completed (acc=0.3018, n=180)
[2026-07-28 09:28:11] 2026-07-28 09:28:11 | INFO     | KDClient 13 fit round 13 (tier=medium)
[2026-07-28 09:28:12] 2026-07-28 09:28:12 | INFO     | KDClient 13 round 13 public KD (epochs=2)
[2026-07-28 09:32:09] 2026-07-28 09:32:09 | INFO     | KDClient 13 round 13 local training (epochs=4)
[2026-07-28 09:35:11] 2026-07-28 09:35:11 | INFO     | KDClient 13 round 13 completed (acc=0.3091, n=180)
[2026-07-28 09:35:11] 2026-07-28 09:35:11 | INFO     | KDClient 14 fit round 13 (tier=large)
[2026-07-28 09:35:11] 2026-07-28 09:35:11 | INFO     | KDClient 14 round 13 public KD (epochs=2)
[2026-07-28 09:40:23] 2026-07-28 09:40:23 | INFO     | KDClient 14 round 13 local training (epochs=4)
[2026-07-28 09:43:47] 2026-07-28 09:43:47 | INFO     | KDClient 14 round 13 completed (acc=0.3018, n=180)
[2026-07-28 09:43:47] 2026-07-28 09:43:47 | INFO     | KDClient 15 fit round 13 (tier=large)
[2026-07-28 09:43:48] 2026-07-28 09:43:47 | INFO     | KDClient 15 round 13 public KD (epochs=2)
[2026-07-28 09:48:36] 2026-07-28 09:48:36 | INFO     | KDClient 15 round 13 local training (epochs=4)
[2026-07-28 09:52:56] 2026-07-28 09:52:56 | INFO     | KDClient 15 round 13 completed (acc=0.3091, n=180)
[2026-07-28 09:52:56] 2026-07-28 09:52:56 | INFO     | KDClient 16 fit round 13 (tier=large)
[2026-07-28 09:52:56] 2026-07-28 09:52:56 | INFO     | KDClient 16 round 13 public KD (epochs=2)
[2026-07-28 09:55:48] 2026-07-28 09:55:48 | INFO     | KDClient 16 round 13 local training (epochs=4)
[2026-07-28 09:57:51] 2026-07-28 09:57:51 | INFO     | KDClient 16 round 13 completed (acc=0.3091, n=180)
[2026-07-28 09:57:51] 2026-07-28 09:57:51 | INFO     | KDClient 17 fit round 13 (tier=large)
[2026-07-28 09:57:51] 2026-07-28 09:57:51 | INFO     | KDClient 17 round 13 public KD (epochs=2)
[2026-07-28 09:59:53] 2026-07-28 09:59:53 | INFO     | KDClient 17 round 13 local training (epochs=4)
[2026-07-28 10:01:42] 2026-07-28 10:01:42 | INFO     | KDClient 17 round 13 completed (acc=0.3091, n=180)
[2026-07-28 10:01:42] 2026-07-28 10:01:42 | INFO     | KDClient 18 fit round 13 (tier=large)
[2026-07-28 10:01:42] 2026-07-28 10:01:42 | INFO     | KDClient 18 round 13 public KD (epochs=2)
[2026-07-28 10:03:48] 2026-07-28 10:03:48 | INFO     | KDClient 18 round 13 local training (epochs=4)
[2026-07-28 10:05:39] 2026-07-28 10:05:39 | INFO     | KDClient 18 round 13 completed (acc=0.3018, n=180)
[2026-07-28 10:05:39] 2026-07-28 10:05:39 | INFO     | KDClient 19 fit round 13 (tier=large)
[2026-07-28 10:05:40] 2026-07-28 10:05:40 | INFO     | KDClient 19 round 13 public KD (epochs=2)
[2026-07-28 10:07:48] 2026-07-28 10:07:48 | INFO     | KDClient 19 round 13 local training (epochs=4)
[2026-07-28 10:09:33] 2026-07-28 10:09:33 | INFO     | KDClient 19 round 13 completed (acc=0.3091, n=180)
[2026-07-28 10:09:33] 2026-07-28 10:09:33 | INFO     | MKS — IID: round 13/50 aggregated 3 cluster weights
[2026-07-28 10:09:33]   Round  13/50 | Avg: 0.3036 | Min: 0.2618 | Max: 0.3091
[2026-07-28 10:09:33] 2026-07-28 10:09:33 | INFO     | MKS — IID: round 14/50 starting
[2026-07-28 10:09:33] 2026-07-28 10:09:33 | INFO     | KDClient 0 fit round 14 (tier=small)
[2026-07-28 10:09:33] 2026-07-28 10:09:33 | INFO     | KDClient 0 round 14 public KD (epochs=2)
[2026-07-28 10:10:12] 2026-07-28 10:10:12 | INFO     | KDClient 0 round 14 local training (epochs=4)
[2026-07-28 10:11:00] 2026-07-28 10:11:00 | INFO     | KDClient 0 round 14 completed (acc=0.3091, n=180)
[2026-07-28 10:11:00] 2026-07-28 10:11:00 | INFO     | KDClient 1 fit round 14 (tier=small)
[2026-07-28 10:11:00] 2026-07-28 10:11:00 | INFO     | KDClient 1 round 14 public KD (epochs=2)
[2026-07-28 10:11:40] 2026-07-28 10:11:40 | INFO     | KDClient 1 round 14 local training (epochs=4)
[2026-07-28 10:12:13] 2026-07-28 10:12:13 | INFO     | KDClient 1 round 14 completed (acc=0.3091, n=180)
[2026-07-28 10:12:13] 2026-07-28 10:12:13 | INFO     | KDClient 2 fit round 14 (tier=small)
[2026-07-28 10:12:13] 2026-07-28 10:12:13 | INFO     | KDClient 2 round 14 public KD (epochs=2)
[2026-07-28 10:13:15] 2026-07-28 10:13:15 | INFO     | KDClient 2 round 14 local training (epochs=4)
[2026-07-28 10:13:51] 2026-07-28 10:13:51 | INFO     | KDClient 2 round 14 completed (acc=0.3091, n=180)
[2026-07-28 10:13:51] 2026-07-28 10:13:51 | INFO     | KDClient 3 fit round 14 (tier=small)
[2026-07-28 10:13:51] 2026-07-28 10:13:51 | INFO     | KDClient 3 round 14 public KD (epochs=2)
[2026-07-28 10:14:29] 2026-07-28 10:14:29 | INFO     | KDClient 3 round 14 local training (epochs=4)
[2026-07-28 10:15:04] 2026-07-28 10:15:04 | INFO     | KDClient 3 round 14 completed (acc=0.3091, n=180)
[2026-07-28 10:15:04] 2026-07-28 10:15:04 | INFO     | KDClient 4 fit round 14 (tier=small)
[2026-07-28 10:15:04] 2026-07-28 10:15:04 | INFO     | KDClient 4 round 14 public KD (epochs=2)
[2026-07-28 10:15:49] 2026-07-28 10:15:48 | INFO     | KDClient 4 round 14 local training (epochs=4)
[2026-07-28 10:16:24] 2026-07-28 10:16:24 | INFO     | KDClient 4 round 14 completed (acc=0.3091, n=180)
[2026-07-28 10:16:24] 2026-07-28 10:16:24 | INFO     | KDClient 5 fit round 14 (tier=small)
[2026-07-28 10:16:24] 2026-07-28 10:16:24 | INFO     | KDClient 5 round 14 public KD (epochs=2)
[2026-07-28 10:17:06] 2026-07-28 10:17:06 | INFO     | KDClient 5 round 14 local training (epochs=4)
[2026-07-28 10:17:33] 2026-07-28 10:17:33 | INFO     | KDClient 5 round 14 completed (acc=0.3091, n=180)
[2026-07-28 10:17:33] 2026-07-28 10:17:33 | INFO     | KDClient 6 fit round 14 (tier=small)
[2026-07-28 10:17:33] 2026-07-28 10:17:33 | INFO     | KDClient 6 round 14 public KD (epochs=2)
[2026-07-28 10:18:16] 2026-07-28 10:18:15 | INFO     | KDClient 6 round 14 local training (epochs=4)
[2026-07-28 10:18:53] 2026-07-28 10:18:53 | INFO     | KDClient 6 round 14 completed (acc=0.3091, n=180)
[2026-07-28 10:18:53] 2026-07-28 10:18:53 | INFO     | KDClient 7 fit round 14 (tier=medium)
[2026-07-28 10:18:53] 2026-07-28 10:18:53 | INFO     | KDClient 7 round 14 public KD (epochs=2)
[2026-07-28 10:20:13] 2026-07-28 10:20:13 | INFO     | KDClient 7 round 14 local training (epochs=4)
[2026-07-28 10:21:20] 2026-07-28 10:21:20 | INFO     | KDClient 7 round 14 completed (acc=0.3091, n=180)
[2026-07-28 10:21:20] 2026-07-28 10:21:20 | INFO     | KDClient 8 fit round 14 (tier=medium)
[2026-07-28 10:21:20] 2026-07-28 10:21:20 | INFO     | KDClient 8 round 14 public KD (epochs=2)
[2026-07-28 10:22:39] 2026-07-28 10:22:39 | INFO     | KDClient 8 round 14 local training (epochs=4)
[2026-07-28 10:23:48] 2026-07-28 10:23:48 | INFO     | KDClient 8 round 14 completed (acc=0.3055, n=180)
[2026-07-28 10:23:48] 2026-07-28 10:23:48 | INFO     | KDClient 9 fit round 14 (tier=medium)
[2026-07-28 10:23:48] 2026-07-28 10:23:48 | INFO     | KDClient 9 round 14 public KD (epochs=2)
[2026-07-28 10:25:06] 2026-07-28 10:25:06 | INFO     | KDClient 9 round 14 local training (epochs=4)
[2026-07-28 10:26:08] 2026-07-28 10:26:08 | INFO     | KDClient 9 round 14 completed (acc=0.3055, n=180)
[2026-07-28 10:26:08] 2026-07-28 10:26:08 | INFO     | KDClient 10 fit round 14 (tier=medium)
[2026-07-28 10:26:08] 2026-07-28 10:26:08 | INFO     | KDClient 10 round 14 public KD (epochs=2)
[2026-07-28 10:27:31] 2026-07-28 10:27:31 | INFO     | KDClient 10 round 14 local training (epochs=4)
[2026-07-28 10:28:35] 2026-07-28 10:28:35 | INFO     | KDClient 10 round 14 completed (acc=0.3091, n=180)
[2026-07-28 10:28:35] 2026-07-28 10:28:35 | INFO     | KDClient 11 fit round 14 (tier=medium)
[2026-07-28 10:28:35] 2026-07-28 10:28:35 | INFO     | KDClient 11 round 14 public KD (epochs=2)
[2026-07-28 10:29:54] 2026-07-28 10:29:54 | INFO     | KDClient 11 round 14 local training (epochs=4)
[2026-07-28 10:31:10] 2026-07-28 10:31:10 | INFO     | KDClient 11 round 14 completed (acc=0.3055, n=180)
[2026-07-28 10:31:10] 2026-07-28 10:31:10 | INFO     | KDClient 12 fit round 14 (tier=medium)
[2026-07-28 10:31:11] 2026-07-28 10:31:11 | INFO     | KDClient 12 round 14 public KD (epochs=2)
[2026-07-28 10:32:31] 2026-07-28 10:32:31 | INFO     | KDClient 12 round 14 local training (epochs=4)
[2026-07-28 10:33:41] 2026-07-28 10:33:41 | INFO     | KDClient 12 round 14 completed (acc=0.3091, n=180)
[2026-07-28 10:33:41] 2026-07-28 10:33:41 | INFO     | KDClient 13 fit round 14 (tier=medium)
[2026-07-28 10:33:41] 2026-07-28 10:33:41 | INFO     | KDClient 13 round 14 public KD (epochs=2)
[2026-07-28 10:35:43] 2026-07-28 10:35:43 | INFO     | KDClient 13 round 14 local training (epochs=4)
[2026-07-28 10:36:52] 2026-07-28 10:36:51 | INFO     | KDClient 13 round 14 completed (acc=0.3091, n=180)
[2026-07-28 10:36:52] 2026-07-28 10:36:51 | INFO     | KDClient 14 fit round 14 (tier=large)
[2026-07-28 10:36:52] 2026-07-28 10:36:52 | INFO     | KDClient 14 round 14 public KD (epochs=2)
[2026-07-28 10:39:05] 2026-07-28 10:39:05 | INFO     | KDClient 14 round 14 local training (epochs=4)
[2026-07-28 10:40:56] 2026-07-28 10:40:56 | INFO     | KDClient 14 round 14 completed (acc=0.3055, n=180)
[2026-07-28 10:40:56] 2026-07-28 10:40:56 | INFO     | KDClient 15 fit round 14 (tier=large)
[2026-07-28 10:40:56] 2026-07-28 10:40:56 | INFO     | KDClient 15 round 14 public KD (epochs=2)
[2026-07-28 10:43:21] 2026-07-28 10:43:21 | INFO     | KDClient 15 round 14 local training (epochs=4)
[2026-07-28 10:45:31] 2026-07-28 10:45:31 | INFO     | KDClient 15 round 14 completed (acc=0.3018, n=180)
[2026-07-28 10:45:31] 2026-07-28 10:45:31 | INFO     | KDClient 16 fit round 14 (tier=large)
[2026-07-28 10:45:31] 2026-07-28 10:45:31 | INFO     | KDClient 16 round 14 public KD (epochs=2)
[2026-07-28 10:47:52] 2026-07-28 10:47:52 | INFO     | KDClient 16 round 14 local training (epochs=4)
[2026-07-28 10:49:34] 2026-07-28 10:49:34 | INFO     | KDClient 16 round 14 completed (acc=0.3091, n=180)
[2026-07-28 10:49:34] 2026-07-28 10:49:34 | INFO     | KDClient 17 fit round 14 (tier=large)
[2026-07-28 10:49:34] 2026-07-28 10:49:34 | INFO     | KDClient 17 round 14 public KD (epochs=2)
[2026-07-28 10:51:40] 2026-07-28 10:51:40 | INFO     | KDClient 17 round 14 local training (epochs=4)
[2026-07-28 10:53:15] 2026-07-28 10:53:15 | INFO     | KDClient 17 round 14 completed (acc=0.3091, n=180)
[2026-07-28 10:53:15] 2026-07-28 10:53:15 | INFO     | KDClient 18 fit round 14 (tier=large)
[2026-07-28 10:53:15] 2026-07-28 10:53:15 | INFO     | KDClient 18 round 14 public KD (epochs=2)
[2026-07-28 10:55:20] 2026-07-28 10:55:20 | INFO     | KDClient 18 round 14 local training (epochs=4)
[2026-07-28 10:56:47] 2026-07-28 10:56:47 | INFO     | KDClient 18 round 14 completed (acc=0.3091, n=180)
[2026-07-28 10:56:47] 2026-07-28 10:56:47 | INFO     | KDClient 19 fit round 14 (tier=large)
[2026-07-28 10:56:47] 2026-07-28 10:56:47 | INFO     | KDClient 19 round 14 public KD (epochs=2)
[2026-07-28 10:59:15] 2026-07-28 10:59:15 | INFO     | KDClient 19 round 14 local training (epochs=4)
[2026-07-28 11:00:59] 2026-07-28 11:00:59 | INFO     | KDClient 19 round 14 completed (acc=0.3091, n=180)
[2026-07-28 11:01:00] 2026-07-28 11:01:00 | INFO     | MKS — IID: round 14/50 aggregated 3 cluster weights
[2026-07-28 11:01:00]   Round  14/50 | Avg: 0.3080 | Min: 0.3018 | Max: 0.3091
[2026-07-28 11:01:00] 2026-07-28 11:01:00 | INFO     | MKS — IID: round 15/50 starting
[2026-07-28 11:01:00] 2026-07-28 11:01:00 | INFO     | KDClient 0 fit round 15 (tier=small)
[2026-07-28 11:01:00] 2026-07-28 11:01:00 | INFO     | KDClient 0 round 15 public KD (epochs=2)
[2026-07-28 11:01:42] 2026-07-28 11:01:42 | INFO     | KDClient 0 round 15 local training (epochs=4)
[2026-07-28 11:02:20] 2026-07-28 11:02:20 | INFO     | KDClient 0 round 15 completed (acc=0.3091, n=180)
[2026-07-28 11:02:20] 2026-07-28 11:02:20 | INFO     | KDClient 1 fit round 15 (tier=small)
[2026-07-28 11:02:20] 2026-07-28 11:02:20 | INFO     | KDClient 1 round 15 public KD (epochs=2)
[2026-07-28 11:03:03] 2026-07-28 11:03:03 | INFO     | KDClient 1 round 15 local training (epochs=4)
[2026-07-28 11:03:37] 2026-07-28 11:03:37 | INFO     | KDClient 1 round 15 completed (acc=0.3091, n=180)
[2026-07-28 11:03:37] 2026-07-28 11:03:37 | INFO     | KDClient 2 fit round 15 (tier=small)
[2026-07-28 11:03:38] 2026-07-28 11:03:38 | INFO     | KDClient 2 round 15 public KD (epochs=2)
[2026-07-28 11:04:20] 2026-07-28 11:04:20 | INFO     | KDClient 2 round 15 local training (epochs=4)
[2026-07-28 11:04:56] 2026-07-28 11:04:56 | INFO     | KDClient 2 round 15 completed (acc=0.3091, n=180)
[2026-07-28 11:04:56] 2026-07-28 11:04:56 | INFO     | KDClient 3 fit round 15 (tier=small)
[2026-07-28 11:04:56] 2026-07-28 11:04:56 | INFO     | KDClient 3 round 15 public KD (epochs=2)
[2026-07-28 11:05:40] 2026-07-28 11:05:40 | INFO     | KDClient 3 round 15 local training (epochs=4)
[2026-07-28 11:06:13] 2026-07-28 11:06:13 | INFO     | KDClient 3 round 15 completed (acc=0.3091, n=180)
[2026-07-28 11:06:13] 2026-07-28 11:06:13 | INFO     | KDClient 4 fit round 15 (tier=small)
[2026-07-28 11:06:13] 2026-07-28 11:06:13 | INFO     | KDClient 4 round 15 public KD (epochs=2)
[2026-07-28 11:06:48] 2026-07-28 11:06:48 | INFO     | KDClient 4 round 15 local training (epochs=4)
[2026-07-28 11:07:26] 2026-07-28 11:07:26 | INFO     | KDClient 4 round 15 completed (acc=0.3091, n=180)
[2026-07-28 11:07:26] 2026-07-28 11:07:26 | INFO     | KDClient 5 fit round 15 (tier=small)
[2026-07-28 11:07:27] 2026-07-28 11:07:27 | INFO     | KDClient 5 round 15 public KD (epochs=2)
[2026-07-28 11:08:05] 2026-07-28 11:08:05 | INFO     | KDClient 5 round 15 local training (epochs=4)
[2026-07-28 11:08:39] 2026-07-28 11:08:39 | INFO     | KDClient 5 round 15 completed (acc=0.3091, n=180)
[2026-07-28 11:08:39] 2026-07-28 11:08:39 | INFO     | KDClient 6 fit round 15 (tier=small)
[2026-07-28 11:08:40] 2026-07-28 11:08:40 | INFO     | KDClient 6 round 15 public KD (epochs=2)
[2026-07-28 11:10:04] 2026-07-28 11:10:04 | INFO     | KDClient 6 round 15 local training (epochs=4)
[2026-07-28 11:10:36] 2026-07-28 11:10:36 | INFO     | KDClient 6 round 15 completed (acc=0.3091, n=180)
[2026-07-28 11:10:36] 2026-07-28 11:10:36 | INFO     | KDClient 7 fit round 15 (tier=medium)
[2026-07-28 11:10:36] 2026-07-28 11:10:36 | INFO     | KDClient 7 round 15 public KD (epochs=2)
[2026-07-28 11:12:38] 2026-07-28 11:12:38 | INFO     | KDClient 7 round 15 local training (epochs=4)
[2026-07-28 11:13:44] 2026-07-28 11:13:44 | INFO     | KDClient 7 round 15 completed (acc=0.2400, n=180)
[2026-07-28 11:13:44] 2026-07-28 11:13:44 | INFO     | KDClient 8 fit round 15 (tier=medium)
[2026-07-28 11:13:44] 2026-07-28 11:13:44 | INFO     | KDClient 8 round 15 public KD (epochs=2)
[2026-07-28 11:15:05] 2026-07-28 11:15:05 | INFO     | KDClient 8 round 15 local training (epochs=4)
[2026-07-28 11:16:17] 2026-07-28 11:16:17 | INFO     | KDClient 8 round 15 completed (acc=0.3055, n=180)
[2026-07-28 11:16:17] 2026-07-28 11:16:17 | INFO     | KDClient 9 fit round 15 (tier=medium)
[2026-07-28 11:16:17] 2026-07-28 11:16:17 | INFO     | KDClient 9 round 15 public KD (epochs=2)
[2026-07-28 11:17:37] 2026-07-28 11:17:37 | INFO     | KDClient 9 round 15 local training (epochs=4)
[2026-07-28 11:18:35] 2026-07-28 11:18:35 | INFO     | KDClient 9 round 15 completed (acc=0.3091, n=180)
[2026-07-28 11:18:35] 2026-07-28 11:18:35 | INFO     | KDClient 10 fit round 15 (tier=medium)
[2026-07-28 11:18:35] 2026-07-28 11:18:35 | INFO     | KDClient 10 round 15 public KD (epochs=2)
[2026-07-28 11:19:55] 2026-07-28 11:19:55 | INFO     | KDClient 10 round 15 local training (epochs=4)
[2026-07-28 11:21:00] 2026-07-28 11:21:00 | INFO     | KDClient 10 round 15 completed (acc=0.3091, n=180)
[2026-07-28 11:21:00] 2026-07-28 11:21:00 | INFO     | KDClient 11 fit round 15 (tier=medium)
[2026-07-28 11:21:00] 2026-07-28 11:21:00 | INFO     | KDClient 11 round 15 public KD (epochs=2)
[2026-07-28 11:22:19] 2026-07-28 11:22:19 | INFO     | KDClient 11 round 15 local training (epochs=4)
[2026-07-28 11:23:21] 2026-07-28 11:23:21 | INFO     | KDClient 11 round 15 completed (acc=0.3055, n=180)
[2026-07-28 11:23:21] 2026-07-28 11:23:21 | INFO     | KDClient 12 fit round 15 (tier=medium)
[2026-07-28 11:23:21] 2026-07-28 11:23:21 | INFO     | KDClient 12 round 15 public KD (epochs=2)
[2026-07-28 11:24:41] 2026-07-28 11:24:41 | INFO     | KDClient 12 round 15 local training (epochs=4)
[2026-07-28 11:26:05] 2026-07-28 11:26:05 | INFO     | KDClient 12 round 15 completed (acc=0.3091, n=180)
[2026-07-28 11:26:05] 2026-07-28 11:26:05 | INFO     | KDClient 13 fit round 15 (tier=medium)
[2026-07-28 11:26:06] 2026-07-28 11:26:06 | INFO     | KDClient 13 round 15 public KD (epochs=2)
[2026-07-28 11:27:27] 2026-07-28 11:27:27 | INFO     | KDClient 13 round 15 local training (epochs=4)
[2026-07-28 11:28:44] 2026-07-28 11:28:44 | INFO     | KDClient 13 round 15 completed (acc=0.3091, n=180)
[2026-07-28 11:28:44] 2026-07-28 11:28:44 | INFO     | KDClient 14 fit round 15 (tier=large)
[2026-07-28 11:28:45] 2026-07-28 11:28:44 | INFO     | KDClient 14 round 15 public KD (epochs=2)
[2026-07-28 11:31:30] 2026-07-28 11:31:30 | INFO     | KDClient 14 round 15 local training (epochs=4)
[2026-07-28 11:33:11] 2026-07-28 11:33:11 | INFO     | KDClient 14 round 15 completed (acc=0.3091, n=180)
[2026-07-28 11:33:11] 2026-07-28 11:33:11 | INFO     | KDClient 15 fit round 15 (tier=large)
[2026-07-28 11:33:11] 2026-07-28 11:33:11 | INFO     | KDClient 15 round 15 public KD (epochs=2)
[2026-07-28 11:35:21] 2026-07-28 11:35:21 | INFO     | KDClient 15 round 15 local training (epochs=4)
[2026-07-28 11:37:10] 2026-07-28 11:37:10 | INFO     | KDClient 15 round 15 completed (acc=0.3091, n=180)
[2026-07-28 11:37:10] 2026-07-28 11:37:10 | INFO     | KDClient 16 fit round 15 (tier=large)
[2026-07-28 11:37:10] 2026-07-28 11:37:10 | INFO     | KDClient 16 round 15 public KD (epochs=2)
[2026-07-28 11:39:23] 2026-07-28 11:39:23 | INFO     | KDClient 16 round 15 local training (epochs=4)
[2026-07-28 11:41:19] 2026-07-28 11:41:19 | INFO     | KDClient 16 round 15 completed (acc=0.3091, n=180)
[2026-07-28 11:41:19] 2026-07-28 11:41:19 | INFO     | KDClient 17 fit round 15 (tier=large)
[2026-07-28 11:41:19] 2026-07-28 11:41:19 | INFO     | KDClient 17 round 15 public KD (epochs=2)
[2026-07-28 11:43:26] 2026-07-28 11:43:26 | INFO     | KDClient 17 round 15 local training (epochs=4)
[2026-07-28 11:45:24] 2026-07-28 11:45:24 | INFO     | KDClient 17 round 15 completed (acc=0.3091, n=180)
[2026-07-28 11:45:24] 2026-07-28 11:45:24 | INFO     | KDClient 18 fit round 15 (tier=large)
[2026-07-28 11:45:24] 2026-07-28 11:45:24 | INFO     | KDClient 18 round 15 public KD (epochs=2)
[2026-07-28 11:47:48] 2026-07-28 11:47:48 | INFO     | KDClient 18 round 15 local training (epochs=4)
[2026-07-28 11:50:00] 2026-07-28 11:50:00 | INFO     | KDClient 18 round 15 completed (acc=0.3091, n=180)
[2026-07-28 11:50:00] 2026-07-28 11:50:00 | INFO     | KDClient 19 fit round 15 (tier=large)
[2026-07-28 11:50:00] 2026-07-28 11:50:00 | INFO     | KDClient 19 round 15 public KD (epochs=2)
[2026-07-28 11:52:00] 2026-07-28 11:52:00 | INFO     | KDClient 19 round 15 local training (epochs=4)
[2026-07-28 11:53:46] 2026-07-28 11:53:46 | INFO     | KDClient 19 round 15 completed (acc=0.2982, n=180)
[2026-07-28 11:53:46] 2026-07-28 11:53:46 | INFO     | MKS — IID: round 15/50 aggregated 3 cluster weights
[2026-07-28 11:53:46]   Round  15/50 | Avg: 0.3047 | Min: 0.2400 | Max: 0.3091
[2026-07-28 11:53:46] 2026-07-28 11:53:46 | INFO     | MKS — IID: round 16/50 starting
[2026-07-28 11:53:46] 2026-07-28 11:53:46 | INFO     | KDClient 0 fit round 16 (tier=small)
[2026-07-28 11:53:46] 2026-07-28 11:53:46 | INFO     | KDClient 0 round 16 public KD (epochs=2)
[2026-07-28 11:54:28] 2026-07-28 11:54:28 | INFO     | KDClient 0 round 16 local training (epochs=4)
[2026-07-28 11:54:58] 2026-07-28 11:54:58 | INFO     | KDClient 0 round 16 completed (acc=0.3091, n=180)
[2026-07-28 11:54:58] 2026-07-28 11:54:58 | INFO     | KDClient 1 fit round 16 (tier=small)
[2026-07-28 11:54:58] 2026-07-28 11:54:58 | INFO     | KDClient 1 round 16 public KD (epochs=2)
[2026-07-28 11:55:43] 2026-07-28 11:55:43 | INFO     | KDClient 1 round 16 local training (epochs=4)
[2026-07-28 11:56:11] 2026-07-28 11:56:11 | INFO     | KDClient 1 round 16 completed (acc=0.3091, n=180)
[2026-07-28 11:56:11] 2026-07-28 11:56:11 | INFO     | KDClient 2 fit round 16 (tier=small)
[2026-07-28 11:56:11] 2026-07-28 11:56:11 | INFO     | KDClient 2 round 16 public KD (epochs=2)
[2026-07-28 11:57:13] 2026-07-28 11:57:13 | INFO     | KDClient 2 round 16 local training (epochs=4)
[2026-07-28 11:57:51] 2026-07-28 11:57:51 | INFO     | KDClient 2 round 16 completed (acc=0.3091, n=180)
[2026-07-28 11:57:51] 2026-07-28 11:57:51 | INFO     | KDClient 3 fit round 16 (tier=small)
[2026-07-28 11:57:51] 2026-07-28 11:57:51 | INFO     | KDClient 3 round 16 public KD (epochs=2)
[2026-07-28 11:58:57] 2026-07-28 11:58:57 | INFO     | KDClient 3 round 16 local training (epochs=4)
[2026-07-28 11:59:35] 2026-07-28 11:59:35 | INFO     | KDClient 3 round 16 completed (acc=0.3091, n=180)
[2026-07-28 11:59:35] 2026-07-28 11:59:35 | INFO     | KDClient 4 fit round 16 (tier=small)
[2026-07-28 11:59:35] 2026-07-28 11:59:35 | INFO     | KDClient 4 round 16 public KD (epochs=2)
[2026-07-28 12:00:17] 2026-07-28 12:00:17 | INFO     | KDClient 4 round 16 local training (epochs=4)
[2026-07-28 12:00:49] 2026-07-28 12:00:49 | INFO     | KDClient 4 round 16 completed (acc=0.3091, n=180)
[2026-07-28 12:00:49] 2026-07-28 12:00:49 | INFO     | KDClient 5 fit round 16 (tier=small)
[2026-07-28 12:00:49] 2026-07-28 12:00:49 | INFO     | KDClient 5 round 16 public KD (epochs=2)
[2026-07-28 12:01:33] 2026-07-28 12:01:33 | INFO     | KDClient 5 round 16 local training (epochs=4)
[2026-07-28 12:02:01] 2026-07-28 12:02:01 | INFO     | KDClient 5 round 16 completed (acc=0.3091, n=180)
[2026-07-28 12:02:01] 2026-07-28 12:02:01 | INFO     | KDClient 6 fit round 16 (tier=small)
[2026-07-28 12:02:01] 2026-07-28 12:02:01 | INFO     | KDClient 6 round 16 public KD (epochs=2)
[2026-07-28 12:02:41] 2026-07-28 12:02:41 | INFO     | KDClient 6 round 16 local training (epochs=4)
[2026-07-28 12:03:23] 2026-07-28 12:03:23 | INFO     | KDClient 6 round 16 completed (acc=0.3091, n=180)
[2026-07-28 12:03:23] 2026-07-28 12:03:23 | INFO     | KDClient 7 fit round 16 (tier=medium)
[2026-07-28 12:03:23] 2026-07-28 12:03:23 | INFO     | KDClient 7 round 16 public KD (epochs=2)
[2026-07-28 12:04:50] 2026-07-28 12:04:50 | INFO     | KDClient 7 round 16 local training (epochs=4)
[2026-07-28 12:06:04] 2026-07-28 12:06:04 | INFO     | KDClient 7 round 16 completed (acc=0.3055, n=180)
[2026-07-28 12:06:04] 2026-07-28 12:06:04 | INFO     | KDClient 8 fit round 16 (tier=medium)
[2026-07-28 12:06:04] 2026-07-28 12:06:04 | INFO     | KDClient 8 round 16 public KD (epochs=2)
[2026-07-28 12:07:33] 2026-07-28 12:07:33 | INFO     | KDClient 8 round 16 local training (epochs=4)
[2026-07-28 12:08:56] 2026-07-28 12:08:56 | INFO     | KDClient 8 round 16 completed (acc=0.2909, n=180)
[2026-07-28 12:08:56] 2026-07-28 12:08:56 | INFO     | KDClient 9 fit round 16 (tier=medium)
[2026-07-28 12:08:56] 2026-07-28 12:08:56 | INFO     | KDClient 9 round 16 public KD (epochs=2)
[2026-07-28 12:10:28] 2026-07-28 12:10:28 | INFO     | KDClient 9 round 16 local training (epochs=4)
[2026-07-28 12:11:35] 2026-07-28 12:11:35 | INFO     | KDClient 9 round 16 completed (acc=0.3091, n=180)
[2026-07-28 12:11:35] 2026-07-28 12:11:35 | INFO     | KDClient 10 fit round 16 (tier=medium)
[2026-07-28 12:11:35] 2026-07-28 12:11:35 | INFO     | KDClient 10 round 16 public KD (epochs=2)
[2026-07-28 12:12:55] 2026-07-28 12:12:55 | INFO     | KDClient 10 round 16 local training (epochs=4)
[2026-07-28 12:13:53] 2026-07-28 12:13:53 | INFO     | KDClient 10 round 16 completed (acc=0.3091, n=180)
[2026-07-28 12:13:53] 2026-07-28 12:13:53 | INFO     | KDClient 11 fit round 16 (tier=medium)
[2026-07-28 12:13:53] 2026-07-28 12:13:53 | INFO     | KDClient 11 round 16 public KD (epochs=2)
[2026-07-28 12:15:13] 2026-07-28 12:15:13 | INFO     | KDClient 11 round 16 local training (epochs=4)
[2026-07-28 12:16:23] 2026-07-28 12:16:23 | INFO     | KDClient 11 round 16 completed (acc=0.3091, n=180)
[2026-07-28 12:16:23] 2026-07-28 12:16:23 | INFO     | KDClient 12 fit round 16 (tier=medium)
[2026-07-28 12:16:23] 2026-07-28 12:16:23 | INFO     | KDClient 12 round 16 public KD (epochs=2)
[2026-07-28 12:17:43] 2026-07-28 12:17:43 | INFO     | KDClient 12 round 16 local training (epochs=4)
[2026-07-28 12:18:57] 2026-07-28 12:18:57 | INFO     | KDClient 12 round 16 completed (acc=0.3091, n=180)
[2026-07-28 12:18:57] 2026-07-28 12:18:57 | INFO     | KDClient 13 fit round 16 (tier=medium)
[2026-07-28 12:18:57] 2026-07-28 12:18:57 | INFO     | KDClient 13 round 16 public KD (epochs=2)
[2026-07-28 12:20:17] 2026-07-28 12:20:17 | INFO     | KDClient 13 round 16 local training (epochs=4)
[2026-07-28 12:21:24] 2026-07-28 12:21:24 | INFO     | KDClient 13 round 16 completed (acc=0.3091, n=180)
[2026-07-28 12:21:24] 2026-07-28 12:21:24 | INFO     | KDClient 14 fit round 16 (tier=large)
[2026-07-28 12:21:24] 2026-07-28 12:21:24 | INFO     | KDClient 14 round 16 public KD (epochs=2)
[2026-07-28 12:23:32] 2026-07-28 12:23:32 | INFO     | KDClient 14 round 16 local training (epochs=4)
[2026-07-28 12:25:32] 2026-07-28 12:25:32 | INFO     | KDClient 14 round 16 completed (acc=0.3091, n=180)
[2026-07-28 12:25:32] 2026-07-28 12:25:32 | INFO     | KDClient 15 fit round 16 (tier=large)
[2026-07-28 12:25:32] 2026-07-28 12:25:32 | INFO     | KDClient 15 round 16 public KD (epochs=2)
[2026-07-28 12:28:00] 2026-07-28 12:28:00 | INFO     | KDClient 15 round 16 local training (epochs=4)
[2026-07-28 12:29:49] 2026-07-28 12:29:49 | INFO     | KDClient 15 round 16 completed (acc=0.3091, n=180)
[2026-07-28 12:29:49] 2026-07-28 12:29:49 | INFO     | KDClient 16 fit round 16 (tier=large)
[2026-07-28 12:29:49] 2026-07-28 12:29:49 | INFO     | KDClient 16 round 16 public KD (epochs=2)
[2026-07-28 12:32:00] 2026-07-28 12:32:00 | INFO     | KDClient 16 round 16 local training (epochs=4)
[2026-07-28 12:33:49] 2026-07-28 12:33:49 | INFO     | KDClient 16 round 16 completed (acc=0.3091, n=180)
[2026-07-28 12:33:49] 2026-07-28 12:33:49 | INFO     | KDClient 17 fit round 16 (tier=large)
[2026-07-28 12:33:49] 2026-07-28 12:33:49 | INFO     | KDClient 17 round 16 public KD (epochs=2)
[2026-07-28 12:36:14] 2026-07-28 12:36:14 | INFO     | KDClient 17 round 16 local training (epochs=4)
[2026-07-28 12:37:59] 2026-07-28 12:37:59 | INFO     | KDClient 17 round 16 completed (acc=0.3091, n=180)
[2026-07-28 12:37:59] 2026-07-28 12:37:59 | INFO     | KDClient 18 fit round 16 (tier=large)
[2026-07-28 12:37:59] 2026-07-28 12:37:59 | INFO     | KDClient 18 round 16 public KD (epochs=2)
[2026-07-28 12:40:10] 2026-07-28 12:40:10 | INFO     | KDClient 18 round 16 local training (epochs=4)
[2026-07-28 12:41:44] 2026-07-28 12:41:44 | INFO     | KDClient 18 round 16 completed (acc=0.3091, n=180)
[2026-07-28 12:41:44] 2026-07-28 12:41:44 | INFO     | KDClient 19 fit round 16 (tier=large)
[2026-07-28 12:41:44] 2026-07-28 12:41:44 | INFO     | KDClient 19 round 16 public KD (epochs=2)
[2026-07-28 12:43:14] 2026-07-28 12:43:14 | INFO     | KDClient 19 round 16 local training (epochs=4)
[2026-07-28 12:44:32] 2026-07-28 12:44:32 | INFO     | KDClient 19 round 16 completed (acc=0.3091, n=180)
[2026-07-28 12:44:32] 2026-07-28 12:44:32 | INFO     | MKS — IID: round 16/50 aggregated 3 cluster weights
[2026-07-28 12:44:32]   Round  16/50 | Avg: 0.3080 | Min: 0.2909 | Max: 0.3091
[2026-07-28 12:44:32] 2026-07-28 12:44:32 | INFO     | MKS — IID: round 17/50 starting
[2026-07-28 12:44:32] 2026-07-28 12:44:32 | INFO     | KDClient 0 fit round 17 (tier=small)
[2026-07-28 12:44:32] 2026-07-28 12:44:32 | INFO     | KDClient 0 round 17 public KD (epochs=2)
[2026-07-28 12:45:00] 2026-07-28 12:45:00 | INFO     | KDClient 0 round 17 local training (epochs=4)
[2026-07-28 12:45:23] 2026-07-28 12:45:23 | INFO     | KDClient 0 round 17 completed (acc=0.3091, n=180)
[2026-07-28 12:45:23] 2026-07-28 12:45:23 | INFO     | KDClient 1 fit round 17 (tier=small)
[2026-07-28 12:45:23] 2026-07-28 12:45:23 | INFO     | KDClient 1 round 17 public KD (epochs=2)
[2026-07-28 12:45:57] 2026-07-28 12:45:57 | INFO     | KDClient 1 round 17 local training (epochs=4)
[2026-07-28 12:46:24] 2026-07-28 12:46:24 | INFO     | KDClient 1 round 17 completed (acc=0.3091, n=180)
[2026-07-28 12:46:24] 2026-07-28 12:46:24 | INFO     | KDClient 2 fit round 17 (tier=small)
[2026-07-28 12:46:24] 2026-07-28 12:46:24 | INFO     | KDClient 2 round 17 public KD (epochs=2)
[2026-07-28 12:46:59] 2026-07-28 12:46:59 | INFO     | KDClient 2 round 17 local training (epochs=4)
[2026-07-28 12:47:17] 2026-07-28 12:47:17 | INFO     | KDClient 2 round 17 completed (acc=0.3091, n=180)
[2026-07-28 12:47:17] 2026-07-28 12:47:17 | INFO     | KDClient 3 fit round 17 (tier=small)
[2026-07-28 12:47:17] 2026-07-28 12:47:17 | INFO     | KDClient 3 round 17 public KD (epochs=2)
[2026-07-28 12:47:49] 2026-07-28 12:47:49 | INFO     | KDClient 3 round 17 local training (epochs=4)
[2026-07-28 12:48:13] 2026-07-28 12:48:13 | INFO     | KDClient 3 round 17 completed (acc=0.3091, n=180)
[2026-07-28 12:48:13] 2026-07-28 12:48:13 | INFO     | KDClient 4 fit round 17 (tier=small)
[2026-07-28 12:48:13] 2026-07-28 12:48:13 | INFO     | KDClient 4 round 17 public KD (epochs=2)
[2026-07-28 12:48:46] 2026-07-28 12:48:46 | INFO     | KDClient 4 round 17 local training (epochs=4)
[2026-07-28 12:49:07] 2026-07-28 12:49:07 | INFO     | KDClient 4 round 17 completed (acc=0.3091, n=180)
[2026-07-28 12:49:07] 2026-07-28 12:49:07 | INFO     | KDClient 5 fit round 17 (tier=small)
[2026-07-28 12:49:07] 2026-07-28 12:49:07 | INFO     | KDClient 5 round 17 public KD (epochs=2)
[2026-07-28 12:49:28] 2026-07-28 12:49:28 | INFO     | KDClient 5 round 17 local training (epochs=4)
[2026-07-28 12:49:51] 2026-07-28 12:49:51 | INFO     | KDClient 5 round 17 completed (acc=0.3091, n=180)
[2026-07-28 12:49:51] 2026-07-28 12:49:51 | INFO     | KDClient 6 fit round 17 (tier=small)
[2026-07-28 12:49:51] 2026-07-28 12:49:51 | INFO     | KDClient 6 round 17 public KD (epochs=2)
[2026-07-28 12:50:30] 2026-07-28 12:50:30 | INFO     | KDClient 6 round 17 local training (epochs=4)
[2026-07-28 12:50:53] 2026-07-28 12:50:53 | INFO     | KDClient 6 round 17 completed (acc=0.3091, n=180)
[2026-07-28 12:50:53] 2026-07-28 12:50:53 | INFO     | KDClient 7 fit round 17 (tier=medium)
[2026-07-28 12:50:53] 2026-07-28 12:50:53 | INFO     | KDClient 7 round 17 public KD (epochs=2)
[2026-07-28 12:52:03] 2026-07-28 12:52:03 | INFO     | KDClient 7 round 17 local training (epochs=4)
[2026-07-28 12:52:54] 2026-07-28 12:52:54 | INFO     | KDClient 7 round 17 completed (acc=0.3091, n=180)
[2026-07-28 12:52:54] 2026-07-28 12:52:54 | INFO     | KDClient 8 fit round 17 (tier=medium)
[2026-07-28 12:52:54] 2026-07-28 12:52:54 | INFO     | KDClient 8 round 17 public KD (epochs=2)
[2026-07-28 12:54:10] 2026-07-28 12:54:10 | INFO     | KDClient 8 round 17 local training (epochs=4)
[2026-07-28 12:55:06] 2026-07-28 12:55:06 | INFO     | KDClient 8 round 17 completed (acc=0.3091, n=180)
[2026-07-28 12:55:06] 2026-07-28 12:55:06 | INFO     | KDClient 9 fit round 17 (tier=medium)
[2026-07-28 12:55:06] 2026-07-28 12:55:06 | INFO     | KDClient 9 round 17 public KD (epochs=2)
[2026-07-28 12:56:14] 2026-07-28 12:56:14 | INFO     | KDClient 9 round 17 local training (epochs=4)
[2026-07-28 12:57:13] 2026-07-28 12:57:13 | INFO     | KDClient 9 round 17 completed (acc=0.3091, n=180)
[2026-07-28 12:57:13] 2026-07-28 12:57:13 | INFO     | KDClient 10 fit round 17 (tier=medium)
[2026-07-28 12:57:14] 2026-07-28 12:57:14 | INFO     | KDClient 10 round 17 public KD (epochs=2)
[2026-07-28 12:58:28] 2026-07-28 12:58:28 | INFO     | KDClient 10 round 17 local training (epochs=4)
[2026-07-28 12:59:31] 2026-07-28 12:59:31 | INFO     | KDClient 10 round 17 completed (acc=0.2982, n=180)
[2026-07-28 12:59:31] 2026-07-28 12:59:31 | INFO     | KDClient 11 fit round 17 (tier=medium)
[2026-07-28 12:59:31] 2026-07-28 12:59:31 | INFO     | KDClient 11 round 17 public KD (epochs=2)
[2026-07-28 13:00:53] 2026-07-28 13:00:53 | INFO     | KDClient 11 round 17 local training (epochs=4)
[2026-07-28 13:01:48] 2026-07-28 13:01:48 | INFO     | KDClient 11 round 17 completed (acc=0.3091, n=180)
[2026-07-28 13:01:48] 2026-07-28 13:01:48 | INFO     | KDClient 12 fit round 17 (tier=medium)
[2026-07-28 13:01:48] 2026-07-28 13:01:48 | INFO     | KDClient 12 round 17 public KD (epochs=2)
[2026-07-28 13:03:09] 2026-07-28 13:03:09 | INFO     | KDClient 12 round 17 local training (epochs=4)
[2026-07-28 13:04:11] 2026-07-28 13:04:11 | INFO     | KDClient 12 round 17 completed (acc=0.3091, n=180)
[2026-07-28 13:04:11] 2026-07-28 13:04:11 | INFO     | KDClient 13 fit round 17 (tier=medium)
[2026-07-28 13:04:11] 2026-07-28 13:04:11 | INFO     | KDClient 13 round 17 public KD (epochs=2)
[2026-07-28 13:05:18] 2026-07-28 13:05:18 | INFO     | KDClient 13 round 17 local training (epochs=4)
[2026-07-28 13:06:10] 2026-07-28 13:06:10 | INFO     | KDClient 13 round 17 completed (acc=0.3091, n=180)
[2026-07-28 13:06:10] 2026-07-28 13:06:10 | INFO     | KDClient 14 fit round 17 (tier=large)
[2026-07-28 13:06:10] 2026-07-28 13:06:10 | INFO     | KDClient 14 round 17 public KD (epochs=2)
[2026-07-28 13:07:58] 2026-07-28 13:07:58 | INFO     | KDClient 14 round 17 local training (epochs=4)
[2026-07-28 13:09:26] 2026-07-28 13:09:26 | INFO     | KDClient 14 round 17 completed (acc=0.3091, n=180)
[2026-07-28 13:09:26] 2026-07-28 13:09:26 | INFO     | KDClient 15 fit round 17 (tier=large)
[2026-07-28 13:09:26] 2026-07-28 13:09:26 | INFO     | KDClient 15 round 17 public KD (epochs=2)
[2026-07-28 13:11:45] 2026-07-28 13:11:45 | INFO     | KDClient 15 round 17 local training (epochs=4)
[2026-07-28 13:13:21] 2026-07-28 13:13:21 | INFO     | KDClient 15 round 17 completed (acc=0.3091, n=180)
[2026-07-28 13:13:21] 2026-07-28 13:13:21 | INFO     | KDClient 16 fit round 17 (tier=large)
[2026-07-28 13:13:21] 2026-07-28 13:13:21 | INFO     | KDClient 16 round 17 public KD (epochs=2)
[2026-07-28 13:15:17] 2026-07-28 13:15:16 | INFO     | KDClient 16 round 17 local training (epochs=4)
[2026-07-28 13:16:50] 2026-07-28 13:16:50 | INFO     | KDClient 16 round 17 completed (acc=0.3091, n=180)
[2026-07-28 13:16:50] 2026-07-28 13:16:50 | INFO     | KDClient 17 fit round 17 (tier=large)
[2026-07-28 13:16:50] 2026-07-28 13:16:50 | INFO     | KDClient 17 round 17 public KD (epochs=2)
[2026-07-28 13:18:49] 2026-07-28 13:18:49 | INFO     | KDClient 17 round 17 local training (epochs=4)
[2026-07-28 13:20:11] 2026-07-28 13:20:11 | INFO     | KDClient 17 round 17 completed (acc=0.3091, n=180)
[2026-07-28 13:20:11] 2026-07-28 13:20:11 | INFO     | KDClient 18 fit round 17 (tier=large)
[2026-07-28 13:20:11] 2026-07-28 13:20:11 | INFO     | KDClient 18 round 17 public KD (epochs=2)
[2026-07-28 13:22:37] 2026-07-28 13:22:37 | INFO     | KDClient 18 round 17 local training (epochs=4)
[2026-07-28 13:24:19] 2026-07-28 13:24:19 | INFO     | KDClient 18 round 17 completed (acc=0.3091, n=180)
[2026-07-28 13:24:19] 2026-07-28 13:24:19 | INFO     | KDClient 19 fit round 17 (tier=large)
[2026-07-28 13:24:20] 2026-07-28 13:24:20 | INFO     | KDClient 19 round 17 public KD (epochs=2)
[2026-07-28 13:26:56] 2026-07-28 13:26:56 | INFO     | KDClient 19 round 17 local training (epochs=4)
[2026-07-28 13:28:47] 2026-07-28 13:28:47 | INFO     | KDClient 19 round 17 completed (acc=0.3091, n=180)
[2026-07-28 13:28:47] 2026-07-28 13:28:47 | INFO     | MKS — IID: round 17/50 aggregated 3 cluster weights
[2026-07-28 13:28:47]   Round  17/50 | Avg: 0.3085 | Min: 0.2982 | Max: 0.3091
[2026-07-28 13:28:47] 2026-07-28 13:28:47 | INFO     | MKS — IID: round 18/50 starting
[2026-07-28 13:28:48] 2026-07-28 13:28:48 | INFO     | KDClient 0 fit round 18 (tier=small)
[2026-07-28 13:28:48] 2026-07-28 13:28:48 | INFO     | KDClient 0 round 18 public KD (epochs=2)
[2026-07-28 13:29:31] 2026-07-28 13:29:31 | INFO     | KDClient 0 round 18 local training (epochs=4)
[2026-07-28 13:30:03] 2026-07-28 13:30:03 | INFO     | KDClient 0 round 18 completed (acc=0.3091, n=180)
[2026-07-28 13:30:03] 2026-07-28 13:30:03 | INFO     | KDClient 1 fit round 18 (tier=small)
[2026-07-28 13:30:04] 2026-07-28 13:30:03 | INFO     | KDClient 1 round 18 public KD (epochs=2)
[2026-07-28 13:30:45] 2026-07-28 13:30:44 | INFO     | KDClient 1 round 18 local training (epochs=4)
[2026-07-28 13:31:14] 2026-07-28 13:31:14 | INFO     | KDClient 1 round 18 completed (acc=0.3091, n=180)
[2026-07-28 13:31:14] 2026-07-28 13:31:14 | INFO     | KDClient 2 fit round 18 (tier=small)
[2026-07-28 13:31:14] 2026-07-28 13:31:14 | INFO     | KDClient 2 round 18 public KD (epochs=2)
[2026-07-28 13:31:50] 2026-07-28 13:31:50 | INFO     | KDClient 2 round 18 local training (epochs=4)
[2026-07-28 13:32:20] 2026-07-28 13:32:20 | INFO     | KDClient 2 round 18 completed (acc=0.3091, n=180)
[2026-07-28 13:32:20] 2026-07-28 13:32:20 | INFO     | KDClient 3 fit round 18 (tier=small)
[2026-07-28 13:32:20] 2026-07-28 13:32:20 | INFO     | KDClient 3 round 18 public KD (epochs=2)
[2026-07-28 13:33:06] 2026-07-28 13:33:06 | INFO     | KDClient 3 round 18 local training (epochs=4)
[2026-07-28 13:33:44] 2026-07-28 13:33:44 | INFO     | KDClient 3 round 18 completed (acc=0.3091, n=180)
[2026-07-28 13:33:44] 2026-07-28 13:33:44 | INFO     | KDClient 4 fit round 18 (tier=small)
[2026-07-28 13:33:44] 2026-07-28 13:33:44 | INFO     | KDClient 4 round 18 public KD (epochs=2)
[2026-07-28 13:34:27] 2026-07-28 13:34:27 | INFO     | KDClient 4 round 18 local training (epochs=4)
[2026-07-28 13:35:03] 2026-07-28 13:35:03 | INFO     | KDClient 4 round 18 completed (acc=0.3091, n=180)
[2026-07-28 13:35:03] 2026-07-28 13:35:03 | INFO     | KDClient 5 fit round 18 (tier=small)
[2026-07-28 13:35:03] 2026-07-28 13:35:03 | INFO     | KDClient 5 round 18 public KD (epochs=2)
[2026-07-28 13:36:05] 2026-07-28 13:36:05 | INFO     | KDClient 5 round 18 local training (epochs=4)
[2026-07-28 13:36:37] 2026-07-28 13:36:37 | INFO     | KDClient 5 round 18 completed (acc=0.3091, n=180)
[2026-07-28 13:36:37] 2026-07-28 13:36:37 | INFO     | KDClient 6 fit round 18 (tier=small)
[2026-07-28 13:36:37] 2026-07-28 13:36:37 | INFO     | KDClient 6 round 18 public KD (epochs=2)
[2026-07-28 13:37:24] 2026-07-28 13:37:24 | INFO     | KDClient 6 round 18 local training (epochs=4)
[2026-07-28 13:37:57] 2026-07-28 13:37:57 | INFO     | KDClient 6 round 18 completed (acc=0.3091, n=180)
[2026-07-28 13:37:57] 2026-07-28 13:37:57 | INFO     | KDClient 7 fit round 18 (tier=medium)
[2026-07-28 13:37:57] 2026-07-28 13:37:57 | INFO     | KDClient 7 round 18 public KD (epochs=2)
[2026-07-28 13:39:21] 2026-07-28 13:39:21 | INFO     | KDClient 7 round 18 local training (epochs=4)
[2026-07-28 13:40:35] 2026-07-28 13:40:35 | INFO     | KDClient 7 round 18 completed (acc=0.3091, n=180)
[2026-07-28 13:40:35] 2026-07-28 13:40:35 | INFO     | KDClient 8 fit round 18 (tier=medium)
[2026-07-28 13:40:35] 2026-07-28 13:40:35 | INFO     | KDClient 8 round 18 public KD (epochs=2)
[2026-07-28 13:42:39] 2026-07-28 13:42:39 | INFO     | KDClient 8 round 18 local training (epochs=4)
[2026-07-28 13:44:04] 2026-07-28 13:44:04 | INFO     | KDClient 8 round 18 completed (acc=0.3091, n=180)
[2026-07-28 13:44:04] 2026-07-28 13:44:04 | INFO     | KDClient 9 fit round 18 (tier=medium)
[2026-07-28 13:44:04] 2026-07-28 13:44:04 | INFO     | KDClient 9 round 18 public KD (epochs=2)
[2026-07-28 13:45:27] 2026-07-28 13:45:27 | INFO     | KDClient 9 round 18 local training (epochs=4)
[2026-07-28 13:46:35] 2026-07-28 13:46:35 | INFO     | KDClient 9 round 18 completed (acc=0.3091, n=180)
[2026-07-28 13:46:35] 2026-07-28 13:46:35 | INFO     | KDClient 10 fit round 18 (tier=medium)
[2026-07-28 13:46:35] 2026-07-28 13:46:35 | INFO     | KDClient 10 round 18 public KD (epochs=2)
[2026-07-28 13:47:56] 2026-07-28 13:47:56 | INFO     | KDClient 10 round 18 local training (epochs=4)
[2026-07-28 13:49:01] 2026-07-28 13:49:01 | INFO     | KDClient 10 round 18 completed (acc=0.1891, n=180)
[2026-07-28 13:49:01] 2026-07-28 13:49:01 | INFO     | KDClient 11 fit round 18 (tier=medium)
[2026-07-28 13:49:01] 2026-07-28 13:49:01 | INFO     | KDClient 11 round 18 public KD (epochs=2)
[2026-07-28 13:50:27] 2026-07-28 13:50:27 | INFO     | KDClient 11 round 18 local training (epochs=4)
[2026-07-28 13:51:51] 2026-07-28 13:51:51 | INFO     | KDClient 11 round 18 completed (acc=0.3091, n=180)
[2026-07-28 13:51:51] 2026-07-28 13:51:51 | INFO     | KDClient 12 fit round 18 (tier=medium)
[2026-07-28 13:51:51] 2026-07-28 13:51:51 | INFO     | KDClient 12 round 18 public KD (epochs=2)
[2026-07-28 13:53:23] 2026-07-28 13:53:23 | INFO     | KDClient 12 round 18 local training (epochs=4)
[2026-07-28 13:54:53] 2026-07-28 13:54:53 | INFO     | KDClient 12 round 18 completed (acc=0.3055, n=180)
[2026-07-28 13:54:53] 2026-07-28 13:54:53 | INFO     | KDClient 13 fit round 18 (tier=medium)
[2026-07-28 13:54:53] 2026-07-28 13:54:53 | INFO     | KDClient 13 round 18 public KD (epochs=2)
[2026-07-28 13:56:21] 2026-07-28 13:56:21 | INFO     | KDClient 13 round 18 local training (epochs=4)
[2026-07-28 13:57:40] 2026-07-28 13:57:40 | INFO     | KDClient 13 round 18 completed (acc=0.3091, n=180)
[2026-07-28 13:57:40] 2026-07-28 13:57:40 | INFO     | KDClient 14 fit round 18 (tier=large)
[2026-07-28 13:57:40] 2026-07-28 13:57:40 | INFO     | KDClient 14 round 18 public KD (epochs=2)
[2026-07-28 14:00:27] 2026-07-28 14:00:26 | INFO     | KDClient 14 round 18 local training (epochs=4)
[2026-07-28 14:02:08] 2026-07-28 14:02:08 | INFO     | KDClient 14 round 18 completed (acc=0.3091, n=180)
[2026-07-28 14:02:08] 2026-07-28 14:02:08 | INFO     | KDClient 15 fit round 18 (tier=large)
[2026-07-28 14:02:08] 2026-07-28 14:02:08 | INFO     | KDClient 15 round 18 public KD (epochs=2)
[2026-07-28 14:04:16] 2026-07-28 14:04:16 | INFO     | KDClient 15 round 18 local training (epochs=4)
[2026-07-28 14:05:54] 2026-07-28 14:05:54 | INFO     | KDClient 15 round 18 completed (acc=0.3091, n=180)
[2026-07-28 14:05:54] 2026-07-28 14:05:54 | INFO     | KDClient 16 fit round 18 (tier=large)
[2026-07-28 14:05:55] 2026-07-28 14:05:55 | INFO     | KDClient 16 round 18 public KD (epochs=2)
[2026-07-28 14:08:14] 2026-07-28 14:08:14 | INFO     | KDClient 16 round 18 local training (epochs=4)
[2026-07-28 14:09:52] 2026-07-28 14:09:52 | INFO     | KDClient 16 round 18 completed (acc=0.3091, n=180)
[2026-07-28 14:09:52] 2026-07-28 14:09:52 | INFO     | KDClient 17 fit round 18 (tier=large)
[2026-07-28 14:09:52] 2026-07-28 14:09:52 | INFO     | KDClient 17 round 18 public KD (epochs=2)
[2026-07-28 14:12:06] 2026-07-28 14:12:06 | INFO     | KDClient 17 round 18 local training (epochs=4)
[2026-07-28 14:13:49] 2026-07-28 14:13:49 | INFO     | KDClient 17 round 18 completed (acc=0.3091, n=180)
[2026-07-28 14:13:49] 2026-07-28 14:13:49 | INFO     | KDClient 18 fit round 18 (tier=large)
[2026-07-28 14:13:49] 2026-07-28 14:13:49 | INFO     | KDClient 18 round 18 public KD (epochs=2)
[2026-07-28 14:16:19] 2026-07-28 14:16:19 | INFO     | KDClient 18 round 18 local training (epochs=4)
[2026-07-28 14:18:00] 2026-07-28 14:18:00 | INFO     | KDClient 18 round 18 completed (acc=0.2982, n=180)
[2026-07-28 14:18:00] 2026-07-28 14:18:00 | INFO     | KDClient 19 fit round 18 (tier=large)
[2026-07-28 14:18:00] 2026-07-28 14:18:00 | INFO     | KDClient 19 round 18 public KD (epochs=2)
[2026-07-28 14:20:32] 2026-07-28 14:20:32 | INFO     | KDClient 19 round 18 local training (epochs=4)
[2026-07-28 14:22:24] 2026-07-28 14:22:24 | INFO     | KDClient 19 round 18 completed (acc=0.3091, n=180)
[2026-07-28 14:22:24] 2026-07-28 14:22:24 | INFO     | MKS — IID: round 18/50 aggregated 3 cluster weights
[2026-07-28 14:22:24]   Round  18/50 | Avg: 0.3024 | Min: 0.1891 | Max: 0.3091
[2026-07-28 14:22:24] 2026-07-28 14:22:24 | INFO     | MKS — IID: round 19/50 starting
[2026-07-28 14:22:24] 2026-07-28 14:22:24 | INFO     | KDClient 0 fit round 19 (tier=small)
[2026-07-28 14:22:24] 2026-07-28 14:22:24 | INFO     | KDClient 0 round 19 public KD (epochs=2)
[2026-07-28 14:23:07] 2026-07-28 14:23:07 | INFO     | KDClient 0 round 19 local training (epochs=4)
[2026-07-28 14:23:48] 2026-07-28 14:23:48 | INFO     | KDClient 0 round 19 completed (acc=0.3091, n=180)
[2026-07-28 14:23:48] 2026-07-28 14:23:48 | INFO     | KDClient 1 fit round 19 (tier=small)
[2026-07-28 14:23:48] 2026-07-28 14:23:48 | INFO     | KDClient 1 round 19 public KD (epochs=2)
[2026-07-28 14:24:31] 2026-07-28 14:24:31 | INFO     | KDClient 1 round 19 local training (epochs=4)
[2026-07-28 14:25:10] 2026-07-28 14:25:10 | INFO     | KDClient 1 round 19 completed (acc=0.3091, n=180)
[2026-07-28 14:25:10] 2026-07-28 14:25:10 | INFO     | KDClient 2 fit round 19 (tier=small)
[2026-07-28 14:25:10] 2026-07-28 14:25:10 | INFO     | KDClient 2 round 19 public KD (epochs=2)
[2026-07-28 14:25:50] 2026-07-28 14:25:50 | INFO     | KDClient 2 round 19 local training (epochs=4)
[2026-07-28 14:26:30] 2026-07-28 14:26:30 | INFO     | KDClient 2 round 19 completed (acc=0.3091, n=180)
[2026-07-28 14:26:30] 2026-07-28 14:26:30 | INFO     | KDClient 3 fit round 19 (tier=small)
[2026-07-28 14:26:31] 2026-07-28 14:26:31 | INFO     | KDClient 3 round 19 public KD (epochs=2)
[2026-07-28 14:27:12] 2026-07-28 14:27:12 | INFO     | KDClient 3 round 19 local training (epochs=4)
[2026-07-28 14:27:49] 2026-07-28 14:27:49 | INFO     | KDClient 3 round 19 completed (acc=0.3091, n=180)
[2026-07-28 14:27:49] 2026-07-28 14:27:49 | INFO     | KDClient 4 fit round 19 (tier=small)
[2026-07-28 14:27:49] 2026-07-28 14:27:49 | INFO     | KDClient 4 round 19 public KD (epochs=2)
[2026-07-28 14:28:34] 2026-07-28 14:28:34 | INFO     | KDClient 4 round 19 local training (epochs=4)
[2026-07-28 14:29:01] 2026-07-28 14:29:01 | INFO     | KDClient 4 round 19 completed (acc=0.3055, n=180)
[2026-07-28 14:29:01] 2026-07-28 14:29:01 | INFO     | KDClient 5 fit round 19 (tier=small)
[2026-07-28 14:29:01] 2026-07-28 14:29:01 | INFO     | KDClient 5 round 19 public KD (epochs=2)
[2026-07-28 14:30:06] 2026-07-28 14:30:06 | INFO     | KDClient 5 round 19 local training (epochs=4)
[2026-07-28 14:30:50] 2026-07-28 14:30:50 | INFO     | KDClient 5 round 19 completed (acc=0.3091, n=180)
[2026-07-28 14:30:50] 2026-07-28 14:30:50 | INFO     | KDClient 6 fit round 19 (tier=small)
[2026-07-28 14:30:50] 2026-07-28 14:30:50 | INFO     | KDClient 6 round 19 public KD (epochs=2)
[2026-07-28 14:31:36] 2026-07-28 14:31:36 | INFO     | KDClient 6 round 19 local training (epochs=4)
[2026-07-28 14:32:06] 2026-07-28 14:32:06 | INFO     | KDClient 6 round 19 completed (acc=0.3091, n=180)
[2026-07-28 14:32:06] 2026-07-28 14:32:06 | INFO     | KDClient 7 fit round 19 (tier=medium)
[2026-07-28 14:32:07] 2026-07-28 14:32:07 | INFO     | KDClient 7 round 19 public KD (epochs=2)
[2026-07-28 14:34:09] 2026-07-28 14:34:09 | INFO     | KDClient 7 round 19 local training (epochs=4)
[2026-07-28 14:35:34] 2026-07-28 14:35:34 | INFO     | KDClient 7 round 19 completed (acc=0.3055, n=180)
[2026-07-28 14:35:34] 2026-07-28 14:35:34 | INFO     | KDClient 8 fit round 19 (tier=medium)
[2026-07-28 14:35:34] 2026-07-28 14:35:34 | INFO     | KDClient 8 round 19 public KD (epochs=2)
[2026-07-28 14:36:51] 2026-07-28 14:36:51 | INFO     | KDClient 8 round 19 local training (epochs=4)
[2026-07-28 14:37:57] 2026-07-28 14:37:57 | INFO     | KDClient 8 round 19 completed (acc=0.3018, n=180)
[2026-07-28 14:37:57] 2026-07-28 14:37:57 | INFO     | KDClient 9 fit round 19 (tier=medium)
[2026-07-28 14:37:58] 2026-07-28 14:37:58 | INFO     | KDClient 9 round 19 public KD (epochs=2)
[2026-07-28 14:39:18] 2026-07-28 14:39:18 | INFO     | KDClient 9 round 19 local training (epochs=4)
[2026-07-28 14:40:33] 2026-07-28 14:40:33 | INFO     | KDClient 9 round 19 completed (acc=0.3091, n=180)
[2026-07-28 14:40:33] 2026-07-28 14:40:33 | INFO     | KDClient 10 fit round 19 (tier=medium)
[2026-07-28 14:40:33] 2026-07-28 14:40:33 | INFO     | KDClient 10 round 19 public KD (epochs=2)
[2026-07-28 14:41:54] 2026-07-28 14:41:54 | INFO     | KDClient 10 round 19 local training (epochs=4)
[2026-07-28 14:43:01] 2026-07-28 14:43:01 | INFO     | KDClient 10 round 19 completed (acc=0.3091, n=180)
[2026-07-28 14:43:01] 2026-07-28 14:43:01 | INFO     | KDClient 11 fit round 19 (tier=medium)
[2026-07-28 14:43:01] 2026-07-28 14:43:01 | INFO     | KDClient 11 round 19 public KD (epochs=2)
[2026-07-28 14:44:25] 2026-07-28 14:44:25 | INFO     | KDClient 11 round 19 local training (epochs=4)
[2026-07-28 14:45:35] 2026-07-28 14:45:35 | INFO     | KDClient 11 round 19 completed (acc=0.3091, n=180)
[2026-07-28 14:45:35] 2026-07-28 14:45:35 | INFO     | KDClient 12 fit round 19 (tier=medium)
[2026-07-28 14:45:35] 2026-07-28 14:45:35 | INFO     | KDClient 12 round 19 public KD (epochs=2)
[2026-07-28 14:46:59] 2026-07-28 14:46:59 | INFO     | KDClient 12 round 19 local training (epochs=4)
[2026-07-28 14:48:14] 2026-07-28 14:48:14 | INFO     | KDClient 12 round 19 completed (acc=0.3091, n=180)
[2026-07-28 14:48:14] 2026-07-28 14:48:14 | INFO     | KDClient 13 fit round 19 (tier=medium)
[2026-07-28 14:48:14] 2026-07-28 14:48:14 | INFO     | KDClient 13 round 19 public KD (epochs=2)
[2026-07-28 14:50:23] 2026-07-28 14:50:23 | INFO     | KDClient 13 round 19 local training (epochs=4)
[2026-07-28 14:51:45] 2026-07-28 14:51:45 | INFO     | KDClient 13 round 19 completed (acc=0.3091, n=180)
[2026-07-28 14:51:45] 2026-07-28 14:51:45 | INFO     | KDClient 14 fit round 19 (tier=large)
[2026-07-28 14:51:46] 2026-07-28 14:51:46 | INFO     | KDClient 14 round 19 public KD (epochs=2)
[2026-07-28 14:54:24] 2026-07-28 14:54:24 | INFO     | KDClient 14 round 19 local training (epochs=4)
[2026-07-28 14:56:20] 2026-07-28 14:56:20 | INFO     | KDClient 14 round 19 completed (acc=0.3091, n=180)
[2026-07-28 14:56:20] 2026-07-28 14:56:20 | INFO     | KDClient 15 fit round 19 (tier=large)
[2026-07-28 14:56:20] 2026-07-28 14:56:20 | INFO     | KDClient 15 round 19 public KD (epochs=2)
[2026-07-28 14:58:44] 2026-07-28 14:58:44 | INFO     | KDClient 15 round 19 local training (epochs=4)
[2026-07-28 15:00:37] 2026-07-28 15:00:37 | INFO     | KDClient 15 round 19 completed (acc=0.3091, n=180)
[2026-07-28 15:00:37] 2026-07-28 15:00:37 | INFO     | KDClient 16 fit round 19 (tier=large)
[2026-07-28 15:00:37] 2026-07-28 15:00:37 | INFO     | KDClient 16 round 19 public KD (epochs=2)
[2026-07-28 15:03:08] 2026-07-28 15:03:08 | INFO     | KDClient 16 round 19 local training (epochs=4)
[2026-07-28 15:04:52] 2026-07-28 15:04:52 | INFO     | KDClient 16 round 19 completed (acc=0.3091, n=180)
[2026-07-28 15:04:52] 2026-07-28 15:04:52 | INFO     | KDClient 17 fit round 19 (tier=large)
[2026-07-28 15:04:52] 2026-07-28 15:04:52 | INFO     | KDClient 17 round 19 public KD (epochs=2)
[2026-07-28 15:07:38] 2026-07-28 15:07:38 | INFO     | KDClient 17 round 19 local training (epochs=4)
[2026-07-28 15:09:26] 2026-07-28 15:09:26 | INFO     | KDClient 17 round 19 completed (acc=0.3091, n=180)
[2026-07-28 15:09:26] 2026-07-28 15:09:26 | INFO     | KDClient 18 fit round 19 (tier=large)
[2026-07-28 15:09:26] 2026-07-28 15:09:26 | INFO     | KDClient 18 round 19 public KD (epochs=2)
[2026-07-28 15:11:57] 2026-07-28 15:11:57 | INFO     | KDClient 18 round 19 local training (epochs=4)
[2026-07-28 15:14:13] 2026-07-28 15:14:13 | INFO     | KDClient 18 round 19 completed (acc=0.3091, n=180)
[2026-07-28 15:14:13] 2026-07-28 15:14:13 | INFO     | KDClient 19 fit round 19 (tier=large)
[2026-07-28 15:14:14] 2026-07-28 15:14:14 | INFO     | KDClient 19 round 19 public KD (epochs=2)
[2026-07-28 15:16:44] 2026-07-28 15:16:44 | INFO     | KDClient 19 round 19 local training (epochs=4)
[2026-07-28 15:18:26] 2026-07-28 15:18:26 | INFO     | KDClient 19 round 19 completed (acc=0.3091, n=180)
[2026-07-28 15:18:26] 2026-07-28 15:18:26 | INFO     | MKS — IID: round 19/50 aggregated 3 cluster weights
[2026-07-28 15:18:26]   Round  19/50 | Avg: 0.3084 | Min: 0.3018 | Max: 0.3091
[2026-07-28 15:18:26] 2026-07-28 15:18:26 | INFO     | MKS — IID: round 20/50 starting
[2026-07-28 15:18:26] 2026-07-28 15:18:26 | INFO     | KDClient 0 fit round 20 (tier=small)
[2026-07-28 15:18:26] 2026-07-28 15:18:26 | INFO     | KDClient 0 round 20 public KD (epochs=2)
[2026-07-28 15:19:11] 2026-07-28 15:19:10 | INFO     | KDClient 0 round 20 local training (epochs=4)
[2026-07-28 15:19:43] 2026-07-28 15:19:43 | INFO     | KDClient 0 round 20 completed (acc=0.3091, n=180)
[2026-07-28 15:19:43] 2026-07-28 15:19:43 | INFO     | KDClient 1 fit round 20 (tier=small)
[2026-07-28 15:19:43] 2026-07-28 15:19:43 | INFO     | KDClient 1 round 20 public KD (epochs=2)
[2026-07-28 15:20:25] 2026-07-28 15:20:25 | INFO     | KDClient 1 round 20 local training (epochs=4)
[2026-07-28 15:21:03] 2026-07-28 15:21:03 | INFO     | KDClient 1 round 20 completed (acc=0.3091, n=180)
[2026-07-28 15:21:03] 2026-07-28 15:21:03 | INFO     | KDClient 2 fit round 20 (tier=small)
[2026-07-28 15:21:03] 2026-07-28 15:21:03 | INFO     | KDClient 2 round 20 public KD (epochs=2)
[2026-07-28 15:21:42] 2026-07-28 15:21:42 | INFO     | KDClient 2 round 20 local training (epochs=4)
[2026-07-28 15:22:21] 2026-07-28 15:22:21 | INFO     | KDClient 2 round 20 completed (acc=0.3091, n=180)
[2026-07-28 15:22:21] 2026-07-28 15:22:21 | INFO     | KDClient 3 fit round 20 (tier=small)
[2026-07-28 15:22:21] 2026-07-28 15:22:21 | INFO     | KDClient 3 round 20 public KD (epochs=2)
[2026-07-28 15:23:02] 2026-07-28 15:23:02 | INFO     | KDClient 3 round 20 local training (epochs=4)
[2026-07-28 15:23:38] 2026-07-28 15:23:38 | INFO     | KDClient 3 round 20 completed (acc=0.3091, n=180)
[2026-07-28 15:23:38] 2026-07-28 15:23:38 | INFO     | KDClient 4 fit round 20 (tier=small)
[2026-07-28 15:23:39] 2026-07-28 15:23:39 | INFO     | KDClient 4 round 20 public KD (epochs=2)
[2026-07-28 15:24:20] 2026-07-28 15:24:20 | INFO     | KDClient 4 round 20 local training (epochs=4)
[2026-07-28 15:24:55] 2026-07-28 15:24:55 | INFO     | KDClient 4 round 20 completed (acc=0.3091, n=180)
[2026-07-28 15:24:55] 2026-07-28 15:24:55 | INFO     | KDClient 5 fit round 20 (tier=small)
[2026-07-28 15:24:55] 2026-07-28 15:24:55 | INFO     | KDClient 5 round 20 public KD (epochs=2)
[2026-07-28 15:25:59] 2026-07-28 15:25:59 | INFO     | KDClient 5 round 20 local training (epochs=4)
[2026-07-28 15:26:31] 2026-07-28 15:26:31 | INFO     | KDClient 5 round 20 completed (acc=0.3091, n=180)
[2026-07-28 15:26:31] 2026-07-28 15:26:31 | INFO     | KDClient 6 fit round 20 (tier=small)
[2026-07-28 15:26:31] 2026-07-28 15:26:31 | INFO     | KDClient 6 round 20 public KD (epochs=2)
[2026-07-28 15:27:15] 2026-07-28 15:27:15 | INFO     | KDClient 6 round 20 local training (epochs=4)
[2026-07-28 15:27:52] 2026-07-28 15:27:52 | INFO     | KDClient 6 round 20 completed (acc=0.3091, n=180)
[2026-07-28 15:27:52] 2026-07-28 15:27:52 | INFO     | KDClient 7 fit round 20 (tier=medium)
[2026-07-28 15:27:52] 2026-07-28 15:27:52 | INFO     | KDClient 7 round 20 public KD (epochs=2)
[2026-07-28 15:29:15] 2026-07-28 15:29:15 | INFO     | KDClient 7 round 20 local training (epochs=4)
[2026-07-28 15:30:15] 2026-07-28 15:30:15 | INFO     | KDClient 7 round 20 completed (acc=0.3091, n=180)
[2026-07-28 15:30:15] 2026-07-28 15:30:15 | INFO     | KDClient 8 fit round 20 (tier=medium)
[2026-07-28 15:30:15] 2026-07-28 15:30:15 | INFO     | KDClient 8 round 20 public KD (epochs=2)
[2026-07-28 15:31:37] 2026-07-28 15:31:37 | INFO     | KDClient 8 round 20 local training (epochs=4)
[2026-07-28 15:32:42] 2026-07-28 15:32:42 | INFO     | KDClient 8 round 20 completed (acc=0.2945, n=180)
[2026-07-28 15:32:42] 2026-07-28 15:32:42 | INFO     | KDClient 9 fit round 20 (tier=medium)
[2026-07-28 15:32:42] 2026-07-28 15:32:42 | INFO     | KDClient 9 round 20 public KD (epochs=2)
[2026-07-28 15:34:03] 2026-07-28 15:34:03 | INFO     | KDClient 9 round 20 local training (epochs=4)
[2026-07-28 15:35:07] 2026-07-28 15:35:07 | INFO     | KDClient 9 round 20 completed (acc=0.3091, n=180)
[2026-07-28 15:35:07] 2026-07-28 15:35:07 | INFO     | KDClient 10 fit round 20 (tier=medium)
[2026-07-28 15:35:07] 2026-07-28 15:35:07 | INFO     | KDClient 10 round 20 public KD (epochs=2)
[2026-07-28 15:36:28] 2026-07-28 15:36:28 | INFO     | KDClient 10 round 20 local training (epochs=4)
[2026-07-28 15:37:33] 2026-07-28 15:37:33 | INFO     | KDClient 10 round 20 completed (acc=0.3091, n=180)
[2026-07-28 15:37:33] 2026-07-28 15:37:33 | INFO     | KDClient 11 fit round 20 (tier=medium)
[2026-07-28 15:37:33] 2026-07-28 15:37:33 | INFO     | KDClient 11 round 20 public KD (epochs=2)
[2026-07-28 15:38:55] 2026-07-28 15:38:54 | INFO     | KDClient 11 round 20 local training (epochs=4)
[2026-07-28 15:39:56] 2026-07-28 15:39:56 | INFO     | KDClient 11 round 20 completed (acc=0.3091, n=180)
[2026-07-28 15:39:56] 2026-07-28 15:39:56 | INFO     | KDClient 12 fit round 20 (tier=medium)
[2026-07-28 15:39:56] 2026-07-28 15:39:56 | INFO     | KDClient 12 round 20 public KD (epochs=2)
[2026-07-28 15:41:20] 2026-07-28 15:41:20 | INFO     | KDClient 12 round 20 local training (epochs=4)
[2026-07-28 15:42:28] 2026-07-28 15:42:28 | INFO     | KDClient 12 round 20 completed (acc=0.3091, n=180)
[2026-07-28 15:42:28] 2026-07-28 15:42:28 | INFO     | KDClient 13 fit round 20 (tier=medium)
[2026-07-28 15:42:28] 2026-07-28 15:42:28 | INFO     | KDClient 13 round 20 public KD (epochs=2)
[2026-07-28 15:43:48] 2026-07-28 15:43:48 | INFO     | KDClient 13 round 20 local training (epochs=4)
[2026-07-28 15:44:56] 2026-07-28 15:44:56 | INFO     | KDClient 13 round 20 completed (acc=0.3091, n=180)
[2026-07-28 15:44:56] 2026-07-28 15:44:56 | INFO     | KDClient 14 fit round 20 (tier=large)
[2026-07-28 15:44:56] 2026-07-28 15:44:56 | INFO     | KDClient 14 round 20 public KD (epochs=2)
[2026-07-28 15:47:11] 2026-07-28 15:47:11 | INFO     | KDClient 14 round 20 local training (epochs=4)
[2026-07-28 15:49:06] 2026-07-28 15:49:06 | INFO     | KDClient 14 round 20 completed (acc=0.3091, n=180)
[2026-07-28 15:49:06] 2026-07-28 15:49:06 | INFO     | KDClient 15 fit round 20 (tier=large)
[2026-07-28 15:49:06] 2026-07-28 15:49:06 | INFO     | KDClient 15 round 20 public KD (epochs=2)
[2026-07-28 15:51:41] 2026-07-28 15:51:41 | INFO     | KDClient 15 round 20 local training (epochs=4)
[2026-07-28 15:53:55] 2026-07-28 15:53:55 | INFO     | KDClient 15 round 20 completed (acc=0.3091, n=180)
[2026-07-28 15:53:55] 2026-07-28 15:53:55 | INFO     | KDClient 16 fit round 20 (tier=large)
[2026-07-28 15:53:55] 2026-07-28 15:53:55 | INFO     | KDClient 16 round 20 public KD (epochs=2)
[2026-07-28 15:56:13] 2026-07-28 15:56:13 | INFO     | KDClient 16 round 20 local training (epochs=4)
[2026-07-28 15:58:07] 2026-07-28 15:58:07 | INFO     | KDClient 16 round 20 completed (acc=0.3091, n=180)
[2026-07-28 15:58:07] 2026-07-28 15:58:07 | INFO     | KDClient 17 fit round 20 (tier=large)
[2026-07-28 15:58:07] 2026-07-28 15:58:07 | INFO     | KDClient 17 round 20 public KD (epochs=2)
[2026-07-28 16:00:29] 2026-07-28 16:00:29 | INFO     | KDClient 17 round 20 local training (epochs=4)
[2026-07-28 16:02:20] 2026-07-28 16:02:20 | INFO     | KDClient 17 round 20 completed (acc=0.3091, n=180)
[2026-07-28 16:02:20] 2026-07-28 16:02:20 | INFO     | KDClient 18 fit round 20 (tier=large)
[2026-07-28 16:02:20] 2026-07-28 16:02:20 | INFO     | KDClient 18 round 20 public KD (epochs=2)
[2026-07-28 16:04:37] 2026-07-28 16:04:37 | INFO     | KDClient 18 round 20 local training (epochs=4)
[2026-07-28 16:06:39] 2026-07-28 16:06:39 | INFO     | KDClient 18 round 20 completed (acc=0.3091, n=180)
[2026-07-28 16:06:39] 2026-07-28 16:06:39 | INFO     | KDClient 19 fit round 20 (tier=large)
[2026-07-28 16:06:40] 2026-07-28 16:06:40 | INFO     | KDClient 19 round 20 public KD (epochs=2)
[2026-07-28 16:09:38] 2026-07-28 16:09:38 | INFO     | KDClient 19 round 20 local training (epochs=4)
[2026-07-28 16:12:09] 2026-07-28 16:12:09 | INFO     | KDClient 19 round 20 completed (acc=0.3091, n=180)
[2026-07-28 16:12:09] 2026-07-28 16:12:09 | INFO     | MKS — IID: round 20/50 aggregated 3 cluster weights
[2026-07-28 16:12:09]   Round  20/50 | Avg: 0.3084 | Min: 0.2945 | Max: 0.3091
[2026-07-28 16:12:09] 2026-07-28 16:12:09 | INFO     | MKS — IID: round 21/50 starting
[2026-07-28 16:12:10] 2026-07-28 16:12:10 | INFO     | KDClient 0 fit round 21 (tier=small)
[2026-07-28 16:12:10] 2026-07-28 16:12:10 | INFO     | KDClient 0 round 21 public KD (epochs=2)
[2026-07-28 16:12:54] 2026-07-28 16:12:54 | INFO     | KDClient 0 round 21 local training (epochs=4)
[2026-07-28 16:13:36] 2026-07-28 16:13:36 | INFO     | KDClient 0 round 21 completed (acc=0.3091, n=180)
[2026-07-28 16:13:36] 2026-07-28 16:13:36 | INFO     | KDClient 1 fit round 21 (tier=small)
[2026-07-28 16:13:36] 2026-07-28 16:13:36 | INFO     | KDClient 1 round 21 public KD (epochs=2)
[2026-07-28 16:14:44] 2026-07-28 16:14:43 | INFO     | KDClient 1 round 21 local training (epochs=4)
[2026-07-28 16:15:20] 2026-07-28 16:15:20 | INFO     | KDClient 1 round 21 completed (acc=0.3091, n=180)
[2026-07-28 16:15:20] 2026-07-28 16:15:20 | INFO     | KDClient 2 fit round 21 (tier=small)
[2026-07-28 16:15:20] 2026-07-28 16:15:20 | INFO     | KDClient 2 round 21 public KD (epochs=2)
[2026-07-28 16:16:11] 2026-07-28 16:16:11 | INFO     | KDClient 2 round 21 local training (epochs=4)
[2026-07-28 16:16:56] 2026-07-28 16:16:56 | INFO     | KDClient 2 round 21 completed (acc=0.3091, n=180)
[2026-07-28 16:16:56] 2026-07-28 16:16:56 | INFO     | KDClient 3 fit round 21 (tier=small)
[2026-07-28 16:16:56] 2026-07-28 16:16:56 | INFO     | KDClient 3 round 21 public KD (epochs=2)
[2026-07-28 16:17:47] 2026-07-28 16:17:47 | INFO     | KDClient 3 round 21 local training (epochs=4)
[2026-07-28 16:18:28] 2026-07-28 16:18:28 | INFO     | KDClient 3 round 21 completed (acc=0.3091, n=180)
[2026-07-28 16:18:28] 2026-07-28 16:18:28 | INFO     | KDClient 4 fit round 21 (tier=small)
[2026-07-28 16:18:28] 2026-07-28 16:18:28 | INFO     | KDClient 4 round 21 public KD (epochs=2)
[2026-07-28 16:19:35] 2026-07-28 16:19:35 | INFO     | KDClient 4 round 21 local training (epochs=4)
[2026-07-28 16:20:07] 2026-07-28 16:20:07 | INFO     | KDClient 4 round 21 completed (acc=0.3091, n=180)
[2026-07-28 16:20:07] 2026-07-28 16:20:07 | INFO     | KDClient 5 fit round 21 (tier=small)
[2026-07-28 16:20:07] 2026-07-28 16:20:07 | INFO     | KDClient 5 round 21 public KD (epochs=2)
[2026-07-28 16:20:58] 2026-07-28 16:20:58 | INFO     | KDClient 5 round 21 local training (epochs=4)
[2026-07-28 16:21:38] 2026-07-28 16:21:38 | INFO     | KDClient 5 round 21 completed (acc=0.3091, n=180)
[2026-07-28 16:21:38] 2026-07-28 16:21:38 | INFO     | KDClient 6 fit round 21 (tier=small)
[2026-07-28 16:21:38] 2026-07-28 16:21:38 | INFO     | KDClient 6 round 21 public KD (epochs=2)
[2026-07-28 16:22:23] 2026-07-28 16:22:23 | INFO     | KDClient 6 round 21 local training (epochs=4)
[2026-07-28 16:23:03] 2026-07-28 16:23:03 | INFO     | KDClient 6 round 21 completed (acc=0.3091, n=180)
[2026-07-28 16:23:03] 2026-07-28 16:23:03 | INFO     | KDClient 7 fit round 21 (tier=medium)
[2026-07-28 16:23:03] 2026-07-28 16:23:03 | INFO     | KDClient 7 round 21 public KD (epochs=2)
[2026-07-28 16:25:11] 2026-07-28 16:25:11 | INFO     | KDClient 7 round 21 local training (epochs=4)
[2026-07-28 16:26:37] 2026-07-28 16:26:37 | INFO     | KDClient 7 round 21 completed (acc=0.3091, n=180)
[2026-07-28 16:26:37] 2026-07-28 16:26:37 | INFO     | KDClient 8 fit round 21 (tier=medium)
[2026-07-28 16:26:37] 2026-07-28 16:26:37 | INFO     | KDClient 8 round 21 public KD (epochs=2)
[2026-07-28 16:28:47] 2026-07-28 16:28:47 | INFO     | KDClient 8 round 21 local training (epochs=4)
[2026-07-28 16:30:09] 2026-07-28 16:30:09 | INFO     | KDClient 8 round 21 completed (acc=0.3091, n=180)
[2026-07-28 16:30:09] 2026-07-28 16:30:09 | INFO     | KDClient 9 fit round 21 (tier=medium)
[2026-07-28 16:30:09] 2026-07-28 16:30:09 | INFO     | KDClient 9 round 21 public KD (epochs=2)
[2026-07-28 16:31:44] 2026-07-28 16:31:44 | INFO     | KDClient 9 round 21 local training (epochs=4)
[2026-07-28 16:33:14] 2026-07-28 16:33:14 | INFO     | KDClient 9 round 21 completed (acc=0.3091, n=180)
[2026-07-28 16:33:14] 2026-07-28 16:33:14 | INFO     | KDClient 10 fit round 21 (tier=medium)
[2026-07-28 16:33:14] 2026-07-28 16:33:14 | INFO     | KDClient 10 round 21 public KD (epochs=2)
[2026-07-28 16:34:40] 2026-07-28 16:34:40 | INFO     | KDClient 10 round 21 local training (epochs=4)
[2026-07-28 16:36:07] 2026-07-28 16:36:07 | INFO     | KDClient 10 round 21 completed (acc=0.3091, n=180)
[2026-07-28 16:36:07] 2026-07-28 16:36:07 | INFO     | KDClient 11 fit round 21 (tier=medium)
[2026-07-28 16:36:08] 2026-07-28 16:36:08 | INFO     | KDClient 11 round 21 public KD (epochs=2)
[2026-07-28 16:37:51] 2026-07-28 16:37:51 | INFO     | KDClient 11 round 21 local training (epochs=4)
[2026-07-28 16:39:11] 2026-07-28 16:39:11 | INFO     | KDClient 11 round 21 completed (acc=0.3091, n=180)
[2026-07-28 16:39:11] 2026-07-28 16:39:11 | INFO     | KDClient 12 fit round 21 (tier=medium)
[2026-07-28 16:39:11] 2026-07-28 16:39:11 | INFO     | KDClient 12 round 21 public KD (epochs=2)
[2026-07-28 16:41:15] 2026-07-28 16:41:15 | INFO     | KDClient 12 round 21 local training (epochs=4)
[2026-07-28 16:42:43] 2026-07-28 16:42:43 | INFO     | KDClient 12 round 21 completed (acc=0.3091, n=180)
[2026-07-28 16:42:43] 2026-07-28 16:42:43 | INFO     | KDClient 13 fit round 21 (tier=medium)
[2026-07-28 16:42:43] 2026-07-28 16:42:43 | INFO     | KDClient 13 round 21 public KD (epochs=2)
[2026-07-28 16:44:52] 2026-07-28 16:44:52 | INFO     | KDClient 13 round 21 local training (epochs=4)
[2026-07-28 16:46:11] 2026-07-28 16:46:11 | INFO     | KDClient 13 round 21 completed (acc=0.3091, n=180)
[2026-07-28 16:46:11] 2026-07-28 16:46:11 | INFO     | KDClient 14 fit round 21 (tier=large)
[2026-07-28 16:46:11] 2026-07-28 16:46:11 | INFO     | KDClient 14 round 21 public KD (epochs=2)
[2026-07-28 16:48:45] 2026-07-28 16:48:45 | INFO     | KDClient 14 round 21 local training (epochs=4)
[2026-07-28 16:51:13] 2026-07-28 16:51:13 | INFO     | KDClient 14 round 21 completed (acc=0.3055, n=180)
[2026-07-28 16:51:13] 2026-07-28 16:51:13 | INFO     | KDClient 15 fit round 21 (tier=large)
[2026-07-28 16:51:14] 2026-07-28 16:51:14 | INFO     | KDClient 15 round 21 public KD (epochs=2)
[2026-07-28 16:53:50] 2026-07-28 16:53:50 | INFO     | KDClient 15 round 21 local training (epochs=4)
[2026-07-28 16:55:44] 2026-07-28 16:55:44 | INFO     | KDClient 15 round 21 completed (acc=0.3091, n=180)
[2026-07-28 16:55:44] 2026-07-28 16:55:44 | INFO     | KDClient 16 fit round 21 (tier=large)
[2026-07-28 16:55:44] 2026-07-28 16:55:44 | INFO     | KDClient 16 round 21 public KD (epochs=2)
[2026-07-28 16:58:16] 2026-07-28 16:58:16 | INFO     | KDClient 16 round 21 local training (epochs=4)
[2026-07-28 17:00:28] 2026-07-28 17:00:28 | INFO     | KDClient 16 round 21 completed (acc=0.3091, n=180)
[2026-07-28 17:00:28] 2026-07-28 17:00:28 | INFO     | KDClient 17 fit round 21 (tier=large)
[2026-07-28 17:00:28] 2026-07-28 17:00:28 | INFO     | KDClient 17 round 21 public KD (epochs=2)
[2026-07-28 17:04:11] 2026-07-28 17:04:11 | INFO     | KDClient 17 round 21 local training (epochs=4)
[2026-07-28 17:06:36] 2026-07-28 17:06:36 | INFO     | KDClient 17 round 21 completed (acc=0.3091, n=180)
[2026-07-28 17:06:36] 2026-07-28 17:06:36 | INFO     | KDClient 18 fit round 21 (tier=large)
[2026-07-28 17:06:37] 2026-07-28 17:06:37 | INFO     | KDClient 18 round 21 public KD (epochs=2)
[2026-07-28 17:08:52] 2026-07-28 17:08:52 | INFO     | KDClient 18 round 21 local training (epochs=4)
[2026-07-28 17:10:43] 2026-07-28 17:10:43 | INFO     | KDClient 18 round 21 completed (acc=0.3091, n=180)
[2026-07-28 17:10:43] 2026-07-28 17:10:43 | INFO     | KDClient 19 fit round 21 (tier=large)
[2026-07-28 17:10:43] 2026-07-28 17:10:43 | INFO     | KDClient 19 round 21 public KD (epochs=2)
[2026-07-28 17:12:59] 2026-07-28 17:12:59 | INFO     | KDClient 19 round 21 local training (epochs=4)
[2026-07-28 17:14:46] 2026-07-28 17:14:46 | INFO     | KDClient 19 round 21 completed (acc=0.3091, n=180)
[2026-07-28 17:14:46] 2026-07-28 17:14:46 | INFO     | MKS — IID: round 21/50 aggregated 3 cluster weights
[2026-07-28 17:14:46]   Round  21/50 | Avg: 0.3089 | Min: 0.3055 | Max: 0.3091
[2026-07-28 17:14:46] 2026-07-28 17:14:46 | INFO     | MKS — IID: round 22/50 starting
[2026-07-28 17:14:46] 2026-07-28 17:14:46 | INFO     | KDClient 0 fit round 22 (tier=small)
[2026-07-28 17:14:46] 2026-07-28 17:14:46 | INFO     | KDClient 0 round 22 public KD (epochs=2)
[2026-07-28 17:15:30] 2026-07-28 17:15:30 | INFO     | KDClient 0 round 22 local training (epochs=4)
[2026-07-28 17:16:03] 2026-07-28 17:16:03 | INFO     | KDClient 0 round 22 completed (acc=0.3091, n=180)
[2026-07-28 17:16:03] 2026-07-28 17:16:03 | INFO     | KDClient 1 fit round 22 (tier=small)
[2026-07-28 17:16:04] 2026-07-28 17:16:03 | INFO     | KDClient 1 round 22 public KD (epochs=2)
[2026-07-28 17:16:43] 2026-07-28 17:16:43 | INFO     | KDClient 1 round 22 local training (epochs=4)
[2026-07-28 17:17:17] 2026-07-28 17:17:17 | INFO     | KDClient 1 round 22 completed (acc=0.3091, n=180)
[2026-07-28 17:17:17] 2026-07-28 17:17:17 | INFO     | KDClient 2 fit round 22 (tier=small)
[2026-07-28 17:17:18] 2026-07-28 17:17:17 | INFO     | KDClient 2 round 22 public KD (epochs=2)
[2026-07-28 17:18:04] 2026-07-28 17:18:04 | INFO     | KDClient 2 round 22 local training (epochs=4)
[2026-07-28 17:18:41] 2026-07-28 17:18:41 | INFO     | KDClient 2 round 22 completed (acc=0.3091, n=180)
[2026-07-28 17:18:41] 2026-07-28 17:18:41 | INFO     | KDClient 3 fit round 22 (tier=small)
[2026-07-28 17:18:41] 2026-07-28 17:18:41 | INFO     | KDClient 3 round 22 public KD (epochs=2)
[2026-07-28 17:19:23] 2026-07-28 17:19:23 | INFO     | KDClient 3 round 22 local training (epochs=4)
[2026-07-28 17:20:03] 2026-07-28 17:20:03 | INFO     | KDClient 3 round 22 completed (acc=0.3091, n=180)
[2026-07-28 17:20:03] 2026-07-28 17:20:03 | INFO     | KDClient 4 fit round 22 (tier=small)
[2026-07-28 17:20:03] 2026-07-28 17:20:03 | INFO     | KDClient 4 round 22 public KD (epochs=2)
[2026-07-28 17:20:40] 2026-07-28 17:20:40 | INFO     | KDClient 4 round 22 local training (epochs=4)
[2026-07-28 17:21:20] 2026-07-28 17:21:20 | INFO     | KDClient 4 round 22 completed (acc=0.3091, n=180)
[2026-07-28 17:21:20] 2026-07-28 17:21:20 | INFO     | KDClient 5 fit round 22 (tier=small)
[2026-07-28 17:21:20] 2026-07-28 17:21:20 | INFO     | KDClient 5 round 22 public KD (epochs=2)
[2026-07-28 17:22:05] 2026-07-28 17:22:05 | INFO     | KDClient 5 round 22 local training (epochs=4)
[2026-07-28 17:22:33] 2026-07-28 17:22:33 | INFO     | KDClient 5 round 22 completed (acc=0.3091, n=180)
[2026-07-28 17:22:33] 2026-07-28 17:22:33 | INFO     | KDClient 6 fit round 22 (tier=small)
[2026-07-28 17:22:33] 2026-07-28 17:22:33 | INFO     | KDClient 6 round 22 public KD (epochs=2)
[2026-07-28 17:23:16] 2026-07-28 17:23:16 | INFO     | KDClient 6 round 22 local training (epochs=4)
[2026-07-28 17:23:53] 2026-07-28 17:23:53 | INFO     | KDClient 6 round 22 completed (acc=0.3091, n=180)
[2026-07-28 17:23:53] 2026-07-28 17:23:53 | INFO     | KDClient 7 fit round 22 (tier=medium)
[2026-07-28 17:23:53] 2026-07-28 17:23:53 | INFO     | KDClient 7 round 22 public KD (epochs=2)
[2026-07-28 17:25:57] 2026-07-28 17:25:57 | INFO     | KDClient 7 round 22 local training (epochs=4)
[2026-07-28 17:27:04] 2026-07-28 17:27:04 | INFO     | KDClient 7 round 22 completed (acc=0.3091, n=180)
[2026-07-28 17:27:04] 2026-07-28 17:27:04 | INFO     | KDClient 8 fit round 22 (tier=medium)
[2026-07-28 17:27:04] 2026-07-28 17:27:04 | INFO     | KDClient 8 round 22 public KD (epochs=2)
[2026-07-28 17:28:27] 2026-07-28 17:28:27 | INFO     | KDClient 8 round 22 local training (epochs=4)
[2026-07-28 17:29:29] 2026-07-28 17:29:29 | INFO     | KDClient 8 round 22 completed (acc=0.3091, n=180)
[2026-07-28 17:29:29] 2026-07-28 17:29:29 | INFO     | KDClient 9 fit round 22 (tier=medium)
[2026-07-28 17:29:29] 2026-07-28 17:29:29 | INFO     | KDClient 9 round 22 public KD (epochs=2)
[2026-07-28 17:30:53] 2026-07-28 17:30:53 | INFO     | KDClient 9 round 22 local training (epochs=4)
[2026-07-28 17:32:00] 2026-07-28 17:32:00 | INFO     | KDClient 9 round 22 completed (acc=0.3091, n=180)
[2026-07-28 17:32:00] 2026-07-28 17:32:00 | INFO     | KDClient 10 fit round 22 (tier=medium)
[2026-07-28 17:32:00] 2026-07-28 17:32:00 | INFO     | KDClient 10 round 22 public KD (epochs=2)
[2026-07-28 17:33:23] 2026-07-28 17:33:23 | INFO     | KDClient 10 round 22 local training (epochs=4)
[2026-07-28 17:34:30] 2026-07-28 17:34:30 | INFO     | KDClient 10 round 22 completed (acc=0.3091, n=180)
[2026-07-28 17:34:30] 2026-07-28 17:34:30 | INFO     | KDClient 11 fit round 22 (tier=medium)
[2026-07-28 17:34:30] 2026-07-28 17:34:30 | INFO     | KDClient 11 round 22 public KD (epochs=2)
[2026-07-28 17:35:53] 2026-07-28 17:35:53 | INFO     | KDClient 11 round 22 local training (epochs=4)
[2026-07-28 17:37:19] 2026-07-28 17:37:19 | INFO     | KDClient 11 round 22 completed (acc=0.3091, n=180)
[2026-07-28 17:37:19] 2026-07-28 17:37:19 | INFO     | KDClient 12 fit round 22 (tier=medium)
[2026-07-28 17:37:19] 2026-07-28 17:37:19 | INFO     | KDClient 12 round 22 public KD (epochs=2)
[2026-07-28 17:38:37] 2026-07-28 17:38:37 | INFO     | KDClient 12 round 22 local training (epochs=4)
[2026-07-28 17:39:48] 2026-07-28 17:39:48 | INFO     | KDClient 12 round 22 completed (acc=0.3091, n=180)
[2026-07-28 17:39:48] 2026-07-28 17:39:48 | INFO     | KDClient 13 fit round 22 (tier=medium)
[2026-07-28 17:39:48] 2026-07-28 17:39:48 | INFO     | KDClient 13 round 22 public KD (epochs=2)
[2026-07-28 17:41:10] 2026-07-28 17:41:10 | INFO     | KDClient 13 round 22 local training (epochs=4)
[2026-07-28 17:42:16] 2026-07-28 17:42:16 | INFO     | KDClient 13 round 22 completed (acc=0.3091, n=180)
[2026-07-28 17:42:16] 2026-07-28 17:42:16 | INFO     | KDClient 14 fit round 22 (tier=large)
[2026-07-28 17:42:16] 2026-07-28 17:42:16 | INFO     | KDClient 14 round 22 public KD (epochs=2)
[2026-07-28 17:44:48] 2026-07-28 17:44:48 | INFO     | KDClient 14 round 22 local training (epochs=4)
[2026-07-28 17:46:36] 2026-07-28 17:46:36 | INFO     | KDClient 14 round 22 completed (acc=0.2982, n=180)
[2026-07-28 17:46:36] 2026-07-28 17:46:36 | INFO     | KDClient 15 fit round 22 (tier=large)
[2026-07-28 17:46:36] 2026-07-28 17:46:36 | INFO     | KDClient 15 round 22 public KD (epochs=2)
[2026-07-28 17:48:51] 2026-07-28 17:48:51 | INFO     | KDClient 15 round 22 local training (epochs=4)
[2026-07-28 17:50:54] 2026-07-28 17:50:54 | INFO     | KDClient 15 round 22 completed (acc=0.3091, n=180)
[2026-07-28 17:50:54] 2026-07-28 17:50:54 | INFO     | KDClient 16 fit round 22 (tier=large)
[2026-07-28 17:50:54] 2026-07-28 17:50:54 | INFO     | KDClient 16 round 22 public KD (epochs=2)
[2026-07-28 17:53:11] 2026-07-28 17:53:11 | INFO     | KDClient 16 round 22 local training (epochs=4)
[2026-07-28 17:55:13] 2026-07-28 17:55:13 | INFO     | KDClient 16 round 22 completed (acc=0.3091, n=180)
[2026-07-28 17:55:13] 2026-07-28 17:55:13 | INFO     | KDClient 17 fit round 22 (tier=large)
[2026-07-28 17:55:14] 2026-07-28 17:55:14 | INFO     | KDClient 17 round 22 public KD (epochs=2)
[2026-07-28 17:57:35] 2026-07-28 17:57:35 | INFO     | KDClient 17 round 22 local training (epochs=4)
[2026-07-28 17:59:38] 2026-07-28 17:59:38 | INFO     | KDClient 17 round 22 completed (acc=0.3091, n=180)
[2026-07-28 17:59:38] 2026-07-28 17:59:38 | INFO     | KDClient 18 fit round 22 (tier=large)
[2026-07-28 17:59:38] 2026-07-28 17:59:38 | INFO     | KDClient 18 round 22 public KD (epochs=2)
[2026-07-28 18:02:02] 2026-07-28 18:02:02 | INFO     | KDClient 18 round 22 local training (epochs=4)
[2026-07-28 18:04:40] 2026-07-28 18:04:40 | INFO     | KDClient 18 round 22 completed (acc=0.3091, n=180)
[2026-07-28 18:04:40] 2026-07-28 18:04:40 | INFO     | KDClient 19 fit round 22 (tier=large)
[2026-07-28 18:04:40] 2026-07-28 18:04:40 | INFO     | KDClient 19 round 22 public KD (epochs=2)
[2026-07-28 18:07:05] 2026-07-28 18:07:05 | INFO     | KDClient 19 round 22 local training (epochs=4)
[2026-07-28 18:09:22] 2026-07-28 18:09:22 | INFO     | KDClient 19 round 22 completed (acc=0.3091, n=180)
[2026-07-28 18:09:22] 2026-07-28 18:09:22 | INFO     | MKS — IID: round 22/50 aggregated 3 cluster weights
[2026-07-28 18:09:22]   Round  22/50 | Avg: 0.3085 | Min: 0.2982 | Max: 0.3091
[2026-07-28 18:09:22] 2026-07-28 18:09:22 | INFO     | MKS — IID: round 23/50 starting
[2026-07-28 18:09:23] 2026-07-28 18:09:23 | INFO     | KDClient 0 fit round 23 (tier=small)
[2026-07-28 18:09:23] 2026-07-28 18:09:23 | INFO     | KDClient 0 round 23 public KD (epochs=2)
[2026-07-28 18:10:07] 2026-07-28 18:10:07 | INFO     | KDClient 0 round 23 local training (epochs=4)
[2026-07-28 18:10:50] 2026-07-28 18:10:50 | INFO     | KDClient 0 round 23 completed (acc=0.3091, n=180)
[2026-07-28 18:10:50] 2026-07-28 18:10:50 | INFO     | KDClient 1 fit round 23 (tier=small)
[2026-07-28 18:10:50] 2026-07-28 18:10:50 | INFO     | KDClient 1 round 23 public KD (epochs=2)
[2026-07-28 18:11:33] 2026-07-28 18:11:33 | INFO     | KDClient 1 round 23 local training (epochs=4)
[2026-07-28 18:12:06] 2026-07-28 18:12:06 | INFO     | KDClient 1 round 23 completed (acc=0.3091, n=180)
[2026-07-28 18:12:06] 2026-07-28 18:12:06 | INFO     | KDClient 2 fit round 23 (tier=small)
[2026-07-28 18:12:06] 2026-07-28 18:12:06 | INFO     | KDClient 2 round 23 public KD (epochs=2)
[2026-07-28 18:12:51] 2026-07-28 18:12:51 | INFO     | KDClient 2 round 23 local training (epochs=4)
[2026-07-28 18:13:31] 2026-07-28 18:13:31 | INFO     | KDClient 2 round 23 completed (acc=0.3091, n=180)
[2026-07-28 18:13:31] 2026-07-28 18:13:31 | INFO     | KDClient 3 fit round 23 (tier=small)
[2026-07-28 18:13:31] 2026-07-28 18:13:31 | INFO     | KDClient 3 round 23 public KD (epochs=2)
[2026-07-28 18:14:20] 2026-07-28 18:14:20 | INFO     | KDClient 3 round 23 local training (epochs=4)
[2026-07-28 18:15:07] 2026-07-28 18:15:07 | INFO     | KDClient 3 round 23 completed (acc=0.3091, n=180)
[2026-07-28 18:15:07] 2026-07-28 18:15:07 | INFO     | KDClient 4 fit round 23 (tier=small)
[2026-07-28 18:15:07] 2026-07-28 18:15:07 | INFO     | KDClient 4 round 23 public KD (epochs=2)
[2026-07-28 18:16:11] 2026-07-28 18:16:11 | INFO     | KDClient 4 round 23 local training (epochs=4)
[2026-07-28 18:16:46] 2026-07-28 18:16:46 | INFO     | KDClient 4 round 23 completed (acc=0.3091, n=180)
[2026-07-28 18:16:46] 2026-07-28 18:16:46 | INFO     | KDClient 5 fit round 23 (tier=small)
[2026-07-28 18:16:46] 2026-07-28 18:16:46 | INFO     | KDClient 5 round 23 public KD (epochs=2)
[2026-07-28 18:17:31] 2026-07-28 18:17:31 | INFO     | KDClient 5 round 23 local training (epochs=4)
[2026-07-28 18:18:06] 2026-07-28 18:18:05 | INFO     | KDClient 5 round 23 completed (acc=0.3091, n=180)
[2026-07-28 18:18:06] 2026-07-28 18:18:05 | INFO     | KDClient 6 fit round 23 (tier=small)
[2026-07-28 18:18:06] 2026-07-28 18:18:05 | INFO     | KDClient 6 round 23 public KD (epochs=2)
[2026-07-28 18:18:47] 2026-07-28 18:18:47 | INFO     | KDClient 6 round 23 local training (epochs=4)
[2026-07-28 18:19:18] 2026-07-28 18:19:18 | INFO     | KDClient 6 round 23 completed (acc=0.3091, n=180)
[2026-07-28 18:19:18] 2026-07-28 18:19:18 | INFO     | KDClient 7 fit round 23 (tier=medium)
[2026-07-28 18:19:18] 2026-07-28 18:19:18 | INFO     | KDClient 7 round 23 public KD (epochs=2)
[2026-07-28 18:20:47] 2026-07-28 18:20:47 | INFO     | KDClient 7 round 23 local training (epochs=4)
[2026-07-28 18:22:01] 2026-07-28 18:22:01 | INFO     | KDClient 7 round 23 completed (acc=0.3055, n=180)
[2026-07-28 18:22:01] 2026-07-28 18:22:01 | INFO     | KDClient 8 fit round 23 (tier=medium)
[2026-07-28 18:22:01] 2026-07-28 18:22:01 | INFO     | KDClient 8 round 23 public KD (epochs=2)
[2026-07-28 18:24:47] 2026-07-28 18:24:47 | INFO     | KDClient 8 round 23 local training (epochs=4)
[2026-07-28 18:26:07] 2026-07-28 18:26:07 | INFO     | KDClient 8 round 23 completed (acc=0.2727, n=180)
[2026-07-28 18:26:07] 2026-07-28 18:26:07 | INFO     | KDClient 9 fit round 23 (tier=medium)
[2026-07-28 18:26:07] 2026-07-28 18:26:07 | INFO     | KDClient 9 round 23 public KD (epochs=2)
[2026-07-28 18:27:25] 2026-07-28 18:27:25 | INFO     | KDClient 9 round 23 local training (epochs=4)
[2026-07-28 18:28:36] 2026-07-28 18:28:36 | INFO     | KDClient 9 round 23 completed (acc=0.3091, n=180)
[2026-07-28 18:28:36] 2026-07-28 18:28:36 | INFO     | KDClient 10 fit round 23 (tier=medium)
[2026-07-28 18:28:36] 2026-07-28 18:28:36 | INFO     | KDClient 10 round 23 public KD (epochs=2)
[2026-07-28 18:29:54] 2026-07-28 18:29:54 | INFO     | KDClient 10 round 23 local training (epochs=4)
[2026-07-28 18:31:11] 2026-07-28 18:31:11 | INFO     | KDClient 10 round 23 completed (acc=0.3091, n=180)
[2026-07-28 18:31:11] 2026-07-28 18:31:11 | INFO     | KDClient 11 fit round 23 (tier=medium)
[2026-07-28 18:31:11] 2026-07-28 18:31:11 | INFO     | KDClient 11 round 23 public KD (epochs=2)
[2026-07-28 18:32:38] 2026-07-28 18:32:38 | INFO     | KDClient 11 round 23 local training (epochs=4)
[2026-07-28 18:33:56] 2026-07-28 18:33:56 | INFO     | KDClient 11 round 23 completed (acc=0.2982, n=180)
[2026-07-28 18:33:56] 2026-07-28 18:33:56 | INFO     | KDClient 12 fit round 23 (tier=medium)
[2026-07-28 18:33:56] 2026-07-28 18:33:56 | INFO     | KDClient 12 round 23 public KD (epochs=2)
[2026-07-28 18:35:20] 2026-07-28 18:35:20 | INFO     | KDClient 12 round 23 local training (epochs=4)
[2026-07-28 18:36:39] 2026-07-28 18:36:39 | INFO     | KDClient 12 round 23 completed (acc=0.3091, n=180)
[2026-07-28 18:36:39] 2026-07-28 18:36:39 | INFO     | KDClient 13 fit round 23 (tier=medium)
[2026-07-28 18:36:39] 2026-07-28 18:36:39 | INFO     | KDClient 13 round 23 public KD (epochs=2)
[2026-07-28 18:38:03] 2026-07-28 18:38:03 | INFO     | KDClient 13 round 23 local training (epochs=4)
[2026-07-28 18:39:18] 2026-07-28 18:39:18 | INFO     | KDClient 13 round 23 completed (acc=0.3091, n=180)
[2026-07-28 18:39:18] 2026-07-28 18:39:18 | INFO     | KDClient 14 fit round 23 (tier=large)
[2026-07-28 18:39:19] 2026-07-28 18:39:19 | INFO     | KDClient 14 round 23 public KD (epochs=2)
[2026-07-28 18:41:36] 2026-07-28 18:41:36 | INFO     | KDClient 14 round 23 local training (epochs=4)
[2026-07-28 18:43:31] 2026-07-28 18:43:31 | INFO     | KDClient 14 round 23 completed (acc=0.3091, n=180)
[2026-07-28 18:43:31] 2026-07-28 18:43:31 | INFO     | KDClient 15 fit round 23 (tier=large)
[2026-07-28 18:43:31] 2026-07-28 18:43:31 | INFO     | KDClient 15 round 23 public KD (epochs=2)
[2026-07-28 18:45:43] 2026-07-28 18:45:43 | INFO     | KDClient 15 round 23 local training (epochs=4)
[2026-07-28 18:47:34] 2026-07-28 18:47:34 | INFO     | KDClient 15 round 23 completed (acc=0.3091, n=180)
[2026-07-28 18:47:34] 2026-07-28 18:47:34 | INFO     | KDClient 16 fit round 23 (tier=large)
[2026-07-28 18:47:34] 2026-07-28 18:47:34 | INFO     | KDClient 16 round 23 public KD (epochs=2)
[2026-07-28 18:50:04] 2026-07-28 18:50:04 | INFO     | KDClient 16 round 23 local training (epochs=4)
[2026-07-28 18:52:05] 2026-07-28 18:52:05 | INFO     | KDClient 16 round 23 completed (acc=0.3091, n=180)
[2026-07-28 18:52:05] 2026-07-28 18:52:05 | INFO     | KDClient 17 fit round 23 (tier=large)
[2026-07-28 18:52:05] 2026-07-28 18:52:05 | INFO     | KDClient 17 round 23 public KD (epochs=2)
[2026-07-28 18:54:28] 2026-07-28 18:54:28 | INFO     | KDClient 17 round 23 local training (epochs=4)
[2026-07-28 18:56:37] 2026-07-28 18:56:37 | INFO     | KDClient 17 round 23 completed (acc=0.3091, n=180)
[2026-07-28 18:56:37] 2026-07-28 18:56:37 | INFO     | KDClient 18 fit round 23 (tier=large)
[2026-07-28 18:56:37] 2026-07-28 18:56:37 | INFO     | KDClient 18 round 23 public KD (epochs=2)
[2026-07-28 18:58:54] 2026-07-28 18:58:54 | INFO     | KDClient 18 round 23 local training (epochs=4)
[2026-07-28 19:00:56] 2026-07-28 19:00:56 | INFO     | KDClient 18 round 23 completed (acc=0.3091, n=180)
[2026-07-28 19:00:56] 2026-07-28 19:00:56 | INFO     | KDClient 19 fit round 23 (tier=large)
[2026-07-28 19:00:56] 2026-07-28 19:00:56 | INFO     | KDClient 19 round 23 public KD (epochs=2)
[2026-07-28 19:03:14] 2026-07-28 19:03:14 | INFO     | KDClient 19 round 23 local training (epochs=4)
[2026-07-28 19:05:20] 2026-07-28 19:05:20 | INFO     | KDClient 19 round 23 completed (acc=0.3091, n=180)
[2026-07-28 19:05:20] 2026-07-28 19:05:20 | INFO     | MKS — IID: round 23/50 aggregated 3 cluster weights
[2026-07-28 19:05:20]   Round  23/50 | Avg: 0.3065 | Min: 0.2727 | Max: 0.3091
[2026-07-28 19:05:20] 2026-07-28 19:05:20 | INFO     | MKS — IID: round 24/50 starting
[2026-07-28 19:05:21] 2026-07-28 19:05:21 | INFO     | KDClient 0 fit round 24 (tier=small)
[2026-07-28 19:05:21] 2026-07-28 19:05:21 | INFO     | KDClient 0 round 24 public KD (epochs=2)
[2026-07-28 19:06:04] 2026-07-28 19:06:04 | INFO     | KDClient 0 round 24 local training (epochs=4)
[2026-07-28 19:06:41] 2026-07-28 19:06:41 | INFO     | KDClient 0 round 24 completed (acc=0.3091, n=180)
[2026-07-28 19:06:41] 2026-07-28 19:06:41 | INFO     | KDClient 1 fit round 24 (tier=small)
[2026-07-28 19:06:41] 2026-07-28 19:06:41 | INFO     | KDClient 1 round 24 public KD (epochs=2)
[2026-07-28 19:07:25] 2026-07-28 19:07:25 | INFO     | KDClient 1 round 24 local training (epochs=4)
[2026-07-28 19:07:58] 2026-07-28 19:07:58 | INFO     | KDClient 1 round 24 completed (acc=0.3091, n=180)
[2026-07-28 19:07:58] 2026-07-28 19:07:58 | INFO     | KDClient 2 fit round 24 (tier=small)
[2026-07-28 19:07:58] 2026-07-28 19:07:58 | INFO     | KDClient 2 round 24 public KD (epochs=2)
[2026-07-28 19:08:45] 2026-07-28 19:08:45 | INFO     | KDClient 2 round 24 local training (epochs=4)
[2026-07-28 19:09:20] 2026-07-28 19:09:20 | INFO     | KDClient 2 round 24 completed (acc=0.3091, n=180)
[2026-07-28 19:09:20] 2026-07-28 19:09:20 | INFO     | KDClient 3 fit round 24 (tier=small)
[2026-07-28 19:09:20] 2026-07-28 19:09:20 | INFO     | KDClient 3 round 24 public KD (epochs=2)
[2026-07-28 19:10:05] 2026-07-28 19:10:05 | INFO     | KDClient 3 round 24 local training (epochs=4)
[2026-07-28 19:10:48] 2026-07-28 19:10:48 | INFO     | KDClient 3 round 24 completed (acc=0.3091, n=180)
[2026-07-28 19:10:48] 2026-07-28 19:10:48 | INFO     | KDClient 4 fit round 24 (tier=small)
[2026-07-28 19:10:48] 2026-07-28 19:10:48 | INFO     | KDClient 4 round 24 public KD (epochs=2)
[2026-07-28 19:11:34] 2026-07-28 19:11:34 | INFO     | KDClient 4 round 24 local training (epochs=4)
[2026-07-28 19:12:21] 2026-07-28 19:12:21 | INFO     | KDClient 4 round 24 completed (acc=0.3055, n=180)
[2026-07-28 19:12:21] 2026-07-28 19:12:21 | INFO     | KDClient 5 fit round 24 (tier=small)
[2026-07-28 19:12:21] 2026-07-28 19:12:21 | INFO     | KDClient 5 round 24 public KD (epochs=2)
[2026-07-28 19:13:08] 2026-07-28 19:13:08 | INFO     | KDClient 5 round 24 local training (epochs=4)
[2026-07-28 19:13:45] 2026-07-28 19:13:45 | INFO     | KDClient 5 round 24 completed (acc=0.3091, n=180)
[2026-07-28 19:13:45] 2026-07-28 19:13:45 | INFO     | KDClient 6 fit round 24 (tier=small)
[2026-07-28 19:13:45] 2026-07-28 19:13:45 | INFO     | KDClient 6 round 24 public KD (epochs=2)
[2026-07-28 19:14:31] 2026-07-28 19:14:31 | INFO     | KDClient 6 round 24 local training (epochs=4)
[2026-07-28 19:15:11] 2026-07-28 19:15:11 | INFO     | KDClient 6 round 24 completed (acc=0.3091, n=180)
[2026-07-28 19:15:11] 2026-07-28 19:15:11 | INFO     | KDClient 7 fit round 24 (tier=medium)
[2026-07-28 19:15:11] 2026-07-28 19:15:11 | INFO     | KDClient 7 round 24 public KD (epochs=2)
[2026-07-28 19:16:38] 2026-07-28 19:16:38 | INFO     | KDClient 7 round 24 local training (epochs=4)
[2026-07-28 19:18:08] 2026-07-28 19:18:08 | INFO     | KDClient 7 round 24 completed (acc=0.2618, n=180)
[2026-07-28 19:18:08] 2026-07-28 19:18:08 | INFO     | KDClient 8 fit round 24 (tier=medium)
[2026-07-28 19:18:08] 2026-07-28 19:18:08 | INFO     | KDClient 8 round 24 public KD (epochs=2)
[2026-07-28 19:19:36] 2026-07-28 19:19:36 | INFO     | KDClient 8 round 24 local training (epochs=4)
[2026-07-28 19:20:48] 2026-07-28 19:20:48 | INFO     | KDClient 8 round 24 completed (acc=0.3091, n=180)
[2026-07-28 19:20:48] 2026-07-28 19:20:48 | INFO     | KDClient 9 fit round 24 (tier=medium)
[2026-07-28 19:20:48] 2026-07-28 19:20:48 | INFO     | KDClient 9 round 24 public KD (epochs=2)
[2026-07-28 19:22:14] 2026-07-28 19:22:14 | INFO     | KDClient 9 round 24 local training (epochs=4)
[2026-07-28 19:23:33] 2026-07-28 19:23:33 | INFO     | KDClient 9 round 24 completed (acc=0.3018, n=180)
[2026-07-28 19:23:33] 2026-07-28 19:23:33 | INFO     | KDClient 10 fit round 24 (tier=medium)
[2026-07-28 19:23:33] 2026-07-28 19:23:33 | INFO     | KDClient 10 round 24 public KD (epochs=2)
[2026-07-28 19:25:40] 2026-07-28 19:25:40 | INFO     | KDClient 10 round 24 local training (epochs=4)
[2026-07-28 19:26:53] 2026-07-28 19:26:53 | INFO     | KDClient 10 round 24 completed (acc=0.3091, n=180)
[2026-07-28 19:26:53] 2026-07-28 19:26:53 | INFO     | KDClient 11 fit round 24 (tier=medium)
[2026-07-28 19:26:53] 2026-07-28 19:26:53 | INFO     | KDClient 11 round 24 public KD (epochs=2)
[2026-07-28 19:28:13] 2026-07-28 19:28:13 | INFO     | KDClient 11 round 24 local training (epochs=4)
[2026-07-28 19:29:34] 2026-07-28 19:29:34 | INFO     | KDClient 11 round 24 completed (acc=0.3091, n=180)
[2026-07-28 19:29:34] 2026-07-28 19:29:34 | INFO     | KDClient 12 fit round 24 (tier=medium)
[2026-07-28 19:29:34] 2026-07-28 19:29:34 | INFO     | KDClient 12 round 24 public KD (epochs=2)
[2026-07-28 19:30:54] 2026-07-28 19:30:54 | INFO     | KDClient 12 round 24 local training (epochs=4)
[2026-07-28 19:32:07] 2026-07-28 19:32:07 | INFO     | KDClient 12 round 24 completed (acc=0.3091, n=180)
[2026-07-28 19:32:07] 2026-07-28 19:32:07 | INFO     | KDClient 13 fit round 24 (tier=medium)
[2026-07-28 19:32:07] 2026-07-28 19:32:07 | INFO     | KDClient 13 round 24 public KD (epochs=2)
[2026-07-28 19:33:31] 2026-07-28 19:33:31 | INFO     | KDClient 13 round 24 local training (epochs=4)
[2026-07-28 19:34:44] 2026-07-28 19:34:44 | INFO     | KDClient 13 round 24 completed (acc=0.3018, n=180)
[2026-07-28 19:34:44] 2026-07-28 19:34:44 | INFO     | KDClient 14 fit round 24 (tier=large)
[2026-07-28 19:34:44] 2026-07-28 19:34:44 | INFO     | KDClient 14 round 24 public KD (epochs=2)
[2026-07-28 19:36:50] 2026-07-28 19:36:50 | INFO     | KDClient 14 round 24 local training (epochs=4)
[2026-07-28 19:39:00] 2026-07-28 19:39:00 | INFO     | KDClient 14 round 24 completed (acc=0.3091, n=180)
[2026-07-28 19:39:00] 2026-07-28 19:39:00 | INFO     | KDClient 15 fit round 24 (tier=large)
[2026-07-28 19:39:00] 2026-07-28 19:39:00 | INFO     | KDClient 15 round 24 public KD (epochs=2)
[2026-07-28 19:41:30] 2026-07-28 19:41:30 | INFO     | KDClient 15 round 24 local training (epochs=4)
[2026-07-28 19:43:24] 2026-07-28 19:43:24 | INFO     | KDClient 15 round 24 completed (acc=0.3091, n=180)
[2026-07-28 19:43:24] 2026-07-28 19:43:24 | INFO     | KDClient 16 fit round 24 (tier=large)
[2026-07-28 19:43:24] 2026-07-28 19:43:24 | INFO     | KDClient 16 round 24 public KD (epochs=2)
[2026-07-28 19:45:46] 2026-07-28 19:45:46 | INFO     | KDClient 16 round 24 local training (epochs=4)
[2026-07-28 19:47:42] 2026-07-28 19:47:42 | INFO     | KDClient 16 round 24 completed (acc=0.3091, n=180)
[2026-07-28 19:47:42] 2026-07-28 19:47:42 | INFO     | KDClient 17 fit round 24 (tier=large)
[2026-07-28 19:47:42] 2026-07-28 19:47:42 | INFO     | KDClient 17 round 24 public KD (epochs=2)
[2026-07-28 19:50:03] 2026-07-28 19:50:03 | INFO     | KDClient 17 round 24 local training (epochs=4)
[2026-07-28 19:51:54] 2026-07-28 19:51:54 | INFO     | KDClient 17 round 24 completed (acc=0.3091, n=180)
[2026-07-28 19:51:54] 2026-07-28 19:51:54 | INFO     | KDClient 18 fit round 24 (tier=large)
[2026-07-28 19:51:54] 2026-07-28 19:51:54 | INFO     | KDClient 18 round 24 public KD (epochs=2)
[2026-07-28 19:54:13] 2026-07-28 19:54:13 | INFO     | KDClient 18 round 24 local training (epochs=4)
[2026-07-28 19:56:01] 2026-07-28 19:56:01 | INFO     | KDClient 18 round 24 completed (acc=0.3091, n=180)
[2026-07-28 19:56:01] 2026-07-28 19:56:01 | INFO     | KDClient 19 fit round 24 (tier=large)
[2026-07-28 19:56:01] 2026-07-28 19:56:01 | INFO     | KDClient 19 round 24 public KD (epochs=2)
[2026-07-28 19:58:28] 2026-07-28 19:58:28 | INFO     | KDClient 19 round 24 local training (epochs=4)
[2026-07-28 20:00:20] 2026-07-28 20:00:20 | INFO     | KDClient 19 round 24 completed (acc=0.3091, n=180)
[2026-07-28 20:00:20] 2026-07-28 20:00:20 | INFO     | MKS — IID: round 24/50 aggregated 3 cluster weights
[2026-07-28 20:00:20]   Round  24/50 | Avg: 0.3058 | Min: 0.2618 | Max: 0.3091
[2026-07-28 20:00:20] 2026-07-28 20:00:20 | INFO     | MKS — IID: round 25/50 starting
[2026-07-28 20:00:20] 2026-07-28 20:00:20 | INFO     | KDClient 0 fit round 25 (tier=small)
[2026-07-28 20:00:20] 2026-07-28 20:00:20 | INFO     | KDClient 0 round 25 public KD (epochs=2)
[2026-07-28 20:01:10] 2026-07-28 20:01:10 | INFO     | KDClient 0 round 25 local training (epochs=4)
[2026-07-28 20:01:56] 2026-07-28 20:01:56 | INFO     | KDClient 0 round 25 completed (acc=0.3091, n=180)
[2026-07-28 20:01:56] 2026-07-28 20:01:56 | INFO     | KDClient 1 fit round 25 (tier=small)
[2026-07-28 20:01:56] 2026-07-28 20:01:56 | INFO     | KDClient 1 round 25 public KD (epochs=2)
[2026-07-28 20:02:39] 2026-07-28 20:02:39 | INFO     | KDClient 1 round 25 local training (epochs=4)
[2026-07-28 20:03:16] 2026-07-28 20:03:16 | INFO     | KDClient 1 round 25 completed (acc=0.3091, n=180)
[2026-07-28 20:03:16] 2026-07-28 20:03:16 | INFO     | KDClient 2 fit round 25 (tier=small)
[2026-07-28 20:03:16] 2026-07-28 20:03:16 | INFO     | KDClient 2 round 25 public KD (epochs=2)
[2026-07-28 20:04:00] 2026-07-28 20:04:00 | INFO     | KDClient 2 round 25 local training (epochs=4)
[2026-07-28 20:04:41] 2026-07-28 20:04:41 | INFO     | KDClient 2 round 25 completed (acc=0.3091, n=180)
[2026-07-28 20:04:41] 2026-07-28 20:04:41 | INFO     | KDClient 3 fit round 25 (tier=small)
[2026-07-28 20:04:41] 2026-07-28 20:04:41 | INFO     | KDClient 3 round 25 public KD (epochs=2)
[2026-07-28 20:05:22] 2026-07-28 20:05:22 | INFO     | KDClient 3 round 25 local training (epochs=4)
[2026-07-28 20:06:01] 2026-07-28 20:06:01 | INFO     | KDClient 3 round 25 completed (acc=0.3091, n=180)
[2026-07-28 20:06:01] 2026-07-28 20:06:01 | INFO     | KDClient 4 fit round 25 (tier=small)
[2026-07-28 20:06:01] 2026-07-28 20:06:01 | INFO     | KDClient 4 round 25 public KD (epochs=2)
[2026-07-28 20:06:51] 2026-07-28 20:06:51 | INFO     | KDClient 4 round 25 local training (epochs=4)
[2026-07-28 20:07:35] 2026-07-28 20:07:35 | INFO     | KDClient 4 round 25 completed (acc=0.3091, n=180)
[2026-07-28 20:07:35] 2026-07-28 20:07:35 | INFO     | KDClient 5 fit round 25 (tier=small)
[2026-07-28 20:07:35] 2026-07-28 20:07:35 | INFO     | KDClient 5 round 25 public KD (epochs=2)
[2026-07-28 20:08:23] 2026-07-28 20:08:23 | INFO     | KDClient 5 round 25 local training (epochs=4)
[2026-07-28 20:09:03] 2026-07-28 20:09:03 | INFO     | KDClient 5 round 25 completed (acc=0.3091, n=180)
[2026-07-28 20:09:03] 2026-07-28 20:09:03 | INFO     | KDClient 6 fit round 25 (tier=small)
[2026-07-28 20:09:03] 2026-07-28 20:09:03 | INFO     | KDClient 6 round 25 public KD (epochs=2)
[2026-07-28 20:10:03] 2026-07-28 20:10:03 | INFO     | KDClient 6 round 25 local training (epochs=4)
[2026-07-28 20:10:38] 2026-07-28 20:10:38 | INFO     | KDClient 6 round 25 completed (acc=0.3091, n=180)
[2026-07-28 20:10:38] 2026-07-28 20:10:38 | INFO     | KDClient 7 fit round 25 (tier=medium)
[2026-07-28 20:10:38] 2026-07-28 20:10:38 | INFO     | KDClient 7 round 25 public KD (epochs=2)
[2026-07-28 20:12:04] 2026-07-28 20:12:04 | INFO     | KDClient 7 round 25 local training (epochs=4)
[2026-07-28 20:13:38] 2026-07-28 20:13:38 | INFO     | KDClient 7 round 25 completed (acc=0.3091, n=180)
[2026-07-28 20:13:38] 2026-07-28 20:13:38 | INFO     | KDClient 8 fit round 25 (tier=medium)
[2026-07-28 20:13:38] 2026-07-28 20:13:38 | INFO     | KDClient 8 round 25 public KD (epochs=2)
[2026-07-28 20:15:00] 2026-07-28 20:15:00 | INFO     | KDClient 8 round 25 local training (epochs=4)
[2026-07-28 20:16:14] 2026-07-28 20:16:14 | INFO     | KDClient 8 round 25 completed (acc=0.3091, n=180)
[2026-07-28 20:16:14] 2026-07-28 20:16:14 | INFO     | KDClient 9 fit round 25 (tier=medium)
[2026-07-28 20:16:14] 2026-07-28 20:16:14 | INFO     | KDClient 9 round 25 public KD (epochs=2)
[2026-07-28 20:17:43] 2026-07-28 20:17:43 | INFO     | KDClient 9 round 25 local training (epochs=4)
[2026-07-28 20:19:06] 2026-07-28 20:19:06 | INFO     | KDClient 9 round 25 completed (acc=0.3091, n=180)
[2026-07-28 20:19:06] 2026-07-28 20:19:06 | INFO     | KDClient 10 fit round 25 (tier=medium)
[2026-07-28 20:19:06] 2026-07-28 20:19:06 | INFO     | KDClient 10 round 25 public KD (epochs=2)
[2026-07-28 20:20:34] 2026-07-28 20:20:33 | INFO     | KDClient 10 round 25 local training (epochs=4)
[2026-07-28 20:21:55] 2026-07-28 20:21:55 | INFO     | KDClient 10 round 25 completed (acc=0.3091, n=180)
[2026-07-28 20:21:55] 2026-07-28 20:21:55 | INFO     | KDClient 11 fit round 25 (tier=medium)
[2026-07-28 20:21:55] 2026-07-28 20:21:55 | INFO     | KDClient 11 round 25 public KD (epochs=2)
[2026-07-28 20:23:21] 2026-07-28 20:23:21 | INFO     | KDClient 11 round 25 local training (epochs=4)
[2026-07-28 20:24:30] 2026-07-28 20:24:30 | INFO     | KDClient 11 round 25 completed (acc=0.3091, n=180)
[2026-07-28 20:24:30] 2026-07-28 20:24:30 | INFO     | KDClient 12 fit round 25 (tier=medium)
[2026-07-28 20:24:30] 2026-07-28 20:24:30 | INFO     | KDClient 12 round 25 public KD (epochs=2)
[2026-07-28 20:25:58] 2026-07-28 20:25:58 | INFO     | KDClient 12 round 25 local training (epochs=4)
[2026-07-28 20:27:22] 2026-07-28 20:27:22 | INFO     | KDClient 12 round 25 completed (acc=0.3091, n=180)
[2026-07-28 20:27:22] 2026-07-28 20:27:22 | INFO     | KDClient 13 fit round 25 (tier=medium)
[2026-07-28 20:27:22] 2026-07-28 20:27:22 | INFO     | KDClient 13 round 25 public KD (epochs=2)
[2026-07-28 20:28:42] 2026-07-28 20:28:42 | INFO     | KDClient 13 round 25 local training (epochs=4)
[2026-07-28 20:29:49] 2026-07-28 20:29:49 | INFO     | KDClient 13 round 25 completed (acc=0.3091, n=180)
[2026-07-28 20:29:49] 2026-07-28 20:29:49 | INFO     | KDClient 14 fit round 25 (tier=large)
[2026-07-28 20:29:49] 2026-07-28 20:29:49 | INFO     | KDClient 14 round 25 public KD (epochs=2)
[2026-07-28 20:32:14] 2026-07-28 20:32:14 | INFO     | KDClient 14 round 25 local training (epochs=4)
[2026-07-28 20:34:00] 2026-07-28 20:34:00 | INFO     | KDClient 14 round 25 completed (acc=0.3091, n=180)
[2026-07-28 20:34:00] 2026-07-28 20:34:00 | INFO     | KDClient 15 fit round 25 (tier=large)
[2026-07-28 20:34:00] 2026-07-28 20:34:00 | INFO     | KDClient 15 round 25 public KD (epochs=2)
[2026-07-28 20:36:29] 2026-07-28 20:36:29 | INFO     | KDClient 15 round 25 local training (epochs=4)
[2026-07-28 20:38:22] 2026-07-28 20:38:22 | INFO     | KDClient 15 round 25 completed (acc=0.3091, n=180)
[2026-07-28 20:38:22] 2026-07-28 20:38:22 | INFO     | KDClient 16 fit round 25 (tier=large)
[2026-07-28 20:38:22] 2026-07-28 20:38:22 | INFO     | KDClient 16 round 25 public KD (epochs=2)
[2026-07-28 20:40:39] 2026-07-28 20:40:39 | INFO     | KDClient 16 round 25 local training (epochs=4)
[2026-07-28 20:42:28] 2026-07-28 20:42:28 | INFO     | KDClient 16 round 25 completed (acc=0.3091, n=180)
[2026-07-28 20:42:28] 2026-07-28 20:42:28 | INFO     | KDClient 17 fit round 25 (tier=large)
[2026-07-28 20:42:29] 2026-07-28 20:42:29 | INFO     | KDClient 17 round 25 public KD (epochs=2)
[2026-07-28 20:44:46] 2026-07-28 20:44:46 | INFO     | KDClient 17 round 25 local training (epochs=4)
[2026-07-28 20:46:40] 2026-07-28 20:46:40 | INFO     | KDClient 17 round 25 completed (acc=0.3091, n=180)
[2026-07-28 20:46:40] 2026-07-28 20:46:40 | INFO     | KDClient 18 fit round 25 (tier=large)
[2026-07-28 20:46:40] 2026-07-28 20:46:40 | INFO     | KDClient 18 round 25 public KD (epochs=2)
[2026-07-28 20:49:04] 2026-07-28 20:49:04 | INFO     | KDClient 18 round 25 local training (epochs=4)
[2026-07-28 20:51:19] 2026-07-28 20:51:19 | INFO     | KDClient 18 round 25 completed (acc=0.3091, n=180)
[2026-07-28 20:51:19] 2026-07-28 20:51:19 | INFO     | KDClient 19 fit round 25 (tier=large)
[2026-07-28 20:51:19] 2026-07-28 20:51:19 | INFO     | KDClient 19 round 25 public KD (epochs=2)
[2026-07-28 20:53:42] 2026-07-28 20:53:42 | INFO     | KDClient 19 round 25 local training (epochs=4)
[2026-07-28 20:55:39] 2026-07-28 20:55:39 | INFO     | KDClient 19 round 25 completed (acc=0.3091, n=180)
[2026-07-28 20:55:39] 2026-07-28 20:55:39 | INFO     | MKS — IID: round 25/50 aggregated 3 cluster weights
[2026-07-28 20:55:39]   Round  25/50 | Avg: 0.3091 | Min: 0.3091 | Max: 0.3091
[2026-07-28 20:55:39] 2026-07-28 20:55:39 | INFO     | MKS — IID: round 26/50 starting
[2026-07-28 20:55:40] 2026-07-28 20:55:40 | INFO     | KDClient 0 fit round 26 (tier=small)
[2026-07-28 20:55:40] 2026-07-28 20:55:40 | INFO     | KDClient 0 round 26 public KD (epochs=2)
[2026-07-28 20:56:22] 2026-07-28 20:56:22 | INFO     | KDClient 0 round 26 local training (epochs=4)
[2026-07-28 20:56:59] 2026-07-28 20:56:59 | INFO     | KDClient 0 round 26 completed (acc=0.3091, n=180)
[2026-07-28 20:56:59] 2026-07-28 20:56:59 | INFO     | KDClient 1 fit round 26 (tier=small)
[2026-07-28 20:56:59] 2026-07-28 20:56:59 | INFO     | KDClient 1 round 26 public KD (epochs=2)
[2026-07-28 20:58:06] 2026-07-28 20:58:06 | INFO     | KDClient 1 round 26 local training (epochs=4)
[2026-07-28 20:58:53] 2026-07-28 20:58:53 | INFO     | KDClient 1 round 26 completed (acc=0.3091, n=180)
[2026-07-28 20:58:53] 2026-07-28 20:58:53 | INFO     | KDClient 2 fit round 26 (tier=small)
[2026-07-28 20:58:53] 2026-07-28 20:58:53 | INFO     | KDClient 2 round 26 public KD (epochs=2)
[2026-07-28 20:59:45] 2026-07-28 20:59:45 | INFO     | KDClient 2 round 26 local training (epochs=4)
[2026-07-28 21:00:19] 2026-07-28 21:00:19 | INFO     | KDClient 2 round 26 completed (acc=0.3018, n=180)
[2026-07-28 21:00:19] 2026-07-28 21:00:19 | INFO     | KDClient 3 fit round 26 (tier=small)
[2026-07-28 21:00:19] 2026-07-28 21:00:19 | INFO     | KDClient 3 round 26 public KD (epochs=2)
[2026-07-28 21:01:23] 2026-07-28 21:01:23 | INFO     | KDClient 3 round 26 local training (epochs=4)
[2026-07-28 21:01:59] 2026-07-28 21:01:59 | INFO     | KDClient 3 round 26 completed (acc=0.3055, n=180)
[2026-07-28 21:01:59] 2026-07-28 21:01:59 | INFO     | KDClient 4 fit round 26 (tier=small)
[2026-07-28 21:01:59] 2026-07-28 21:01:59 | INFO     | KDClient 4 round 26 public KD (epochs=2)
[2026-07-28 21:03:03] 2026-07-28 21:03:03 | INFO     | KDClient 4 round 26 local training (epochs=4)
[2026-07-28 21:03:46] 2026-07-28 21:03:46 | INFO     | KDClient 4 round 26 completed (acc=0.3091, n=180)
[2026-07-28 21:03:46] 2026-07-28 21:03:46 | INFO     | KDClient 5 fit round 26 (tier=small)
[2026-07-28 21:03:46] 2026-07-28 21:03:46 | INFO     | KDClient 5 round 26 public KD (epochs=2)
[2026-07-28 21:04:34] 2026-07-28 21:04:34 | INFO     | KDClient 5 round 26 local training (epochs=4)
[2026-07-28 21:05:14] 2026-07-28 21:05:14 | INFO     | KDClient 5 round 26 completed (acc=0.3091, n=180)
[2026-07-28 21:05:14] 2026-07-28 21:05:14 | INFO     | KDClient 6 fit round 26 (tier=small)
[2026-07-28 21:05:14] 2026-07-28 21:05:14 | INFO     | KDClient 6 round 26 public KD (epochs=2)
[2026-07-28 21:06:00] 2026-07-28 21:06:00 | INFO     | KDClient 6 round 26 local training (epochs=4)
[2026-07-28 21:06:32] 2026-07-28 21:06:32 | INFO     | KDClient 6 round 26 completed (acc=0.3091, n=180)
[2026-07-28 21:06:32] 2026-07-28 21:06:32 | INFO     | KDClient 7 fit round 26 (tier=medium)
[2026-07-28 21:06:32] 2026-07-28 21:06:32 | INFO     | KDClient 7 round 26 public KD (epochs=2)
[2026-07-28 21:09:18] 2026-07-28 21:09:18 | INFO     | KDClient 7 round 26 local training (epochs=4)
[2026-07-28 21:10:48] 2026-07-28 21:10:48 | INFO     | KDClient 7 round 26 completed (acc=0.3091, n=180)
[2026-07-28 21:10:48] 2026-07-28 21:10:48 | INFO     | KDClient 8 fit round 26 (tier=medium)
[2026-07-28 21:10:48] 2026-07-28 21:10:48 | INFO     | KDClient 8 round 26 public KD (epochs=2)
[2026-07-28 21:12:13] 2026-07-28 21:12:13 | INFO     | KDClient 8 round 26 local training (epochs=4)
[2026-07-28 21:13:22] 2026-07-28 21:13:22 | INFO     | KDClient 8 round 26 completed (acc=0.3091, n=180)
[2026-07-28 21:13:22] 2026-07-28 21:13:22 | INFO     | KDClient 9 fit round 26 (tier=medium)
[2026-07-28 21:13:22] 2026-07-28 21:13:22 | INFO     | KDClient 9 round 26 public KD (epochs=2)
[2026-07-28 21:14:43] 2026-07-28 21:14:43 | INFO     | KDClient 9 round 26 local training (epochs=4)
[2026-07-28 21:16:10] 2026-07-28 21:16:10 | INFO     | KDClient 9 round 26 completed (acc=0.3091, n=180)
[2026-07-28 21:16:10] 2026-07-28 21:16:10 | INFO     | KDClient 10 fit round 26 (tier=medium)
[2026-07-28 21:16:10] 2026-07-28 21:16:10 | INFO     | KDClient 10 round 26 public KD (epochs=2)
[2026-07-28 21:17:34] 2026-07-28 21:17:34 | INFO     | KDClient 10 round 26 local training (epochs=4)
[2026-07-28 21:18:52] 2026-07-28 21:18:52 | INFO     | KDClient 10 round 26 completed (acc=0.3091, n=180)
[2026-07-28 21:18:52] 2026-07-28 21:18:52 | INFO     | KDClient 11 fit round 26 (tier=medium)
[2026-07-28 21:18:52] 2026-07-28 21:18:52 | INFO     | KDClient 11 round 26 public KD (epochs=2)
[2026-07-28 21:20:18] 2026-07-28 21:20:18 | INFO     | KDClient 11 round 26 local training (epochs=4)
[2026-07-28 21:21:36] 2026-07-28 21:21:36 | INFO     | KDClient 11 round 26 completed (acc=0.3091, n=180)
[2026-07-28 21:21:36] 2026-07-28 21:21:36 | INFO     | KDClient 12 fit round 26 (tier=medium)
[2026-07-28 21:21:36] 2026-07-28 21:21:36 | INFO     | KDClient 12 round 26 public KD (epochs=2)
[2026-07-28 21:23:42] 2026-07-28 21:23:42 | INFO     | KDClient 12 round 26 local training (epochs=4)
[2026-07-28 21:25:00] 2026-07-28 21:25:00 | INFO     | KDClient 12 round 26 completed (acc=0.3091, n=180)
[2026-07-28 21:25:00] 2026-07-28 21:25:00 | INFO     | KDClient 13 fit round 26 (tier=medium)
[2026-07-28 21:25:00] 2026-07-28 21:25:00 | INFO     | KDClient 13 round 26 public KD (epochs=2)
[2026-07-28 21:26:27] 2026-07-28 21:26:27 | INFO     | KDClient 13 round 26 local training (epochs=4)
[2026-07-28 21:27:33] 2026-07-28 21:27:32 | INFO     | KDClient 13 round 26 completed (acc=0.3091, n=180)
[2026-07-28 21:27:33] 2026-07-28 21:27:32 | INFO     | KDClient 14 fit round 26 (tier=large)
[2026-07-28 21:27:33] 2026-07-28 21:27:33 | INFO     | KDClient 14 round 26 public KD (epochs=2)
[2026-07-28 21:29:54] 2026-07-28 21:29:54 | INFO     | KDClient 14 round 26 local training (epochs=4)
[2026-07-28 21:31:27] 2026-07-28 21:31:27 | INFO     | KDClient 14 round 26 completed (acc=0.3091, n=180)
[2026-07-28 21:31:27] 2026-07-28 21:31:27 | INFO     | KDClient 15 fit round 26 (tier=large)
[2026-07-28 21:31:27] 2026-07-28 21:31:27 | INFO     | KDClient 15 round 26 public KD (epochs=2)
[2026-07-28 21:33:29] 2026-07-28 21:33:28 | INFO     | KDClient 15 round 26 local training (epochs=4)
[2026-07-28 21:35:19] 2026-07-28 21:35:19 | INFO     | KDClient 15 round 26 completed (acc=0.3091, n=180)
[2026-07-28 21:35:19] 2026-07-28 21:35:19 | INFO     | KDClient 16 fit round 26 (tier=large)
[2026-07-28 21:35:19] 2026-07-28 21:35:19 | INFO     | KDClient 16 round 26 public KD (epochs=2)
[2026-07-28 21:37:30] 2026-07-28 21:37:30 | INFO     | KDClient 16 round 26 local training (epochs=4)
[2026-07-28 21:39:19] 2026-07-28 21:39:19 | INFO     | KDClient 16 round 26 completed (acc=0.3091, n=180)
[2026-07-28 21:39:19] 2026-07-28 21:39:19 | INFO     | KDClient 17 fit round 26 (tier=large)
[2026-07-28 21:39:19] 2026-07-28 21:39:19 | INFO     | KDClient 17 round 26 public KD (epochs=2)
[2026-07-28 21:41:49] 2026-07-28 21:41:49 | INFO     | KDClient 17 round 26 local training (epochs=4)
[2026-07-28 21:43:25] 2026-07-28 21:43:25 | INFO     | KDClient 17 round 26 completed (acc=0.3091, n=180)
[2026-07-28 21:43:25] 2026-07-28 21:43:25 | INFO     | KDClient 18 fit round 26 (tier=large)
[2026-07-28 21:43:25] 2026-07-28 21:43:25 | INFO     | KDClient 18 round 26 public KD (epochs=2)
[2026-07-28 21:45:54] 2026-07-28 21:45:54 | INFO     | KDClient 18 round 26 local training (epochs=4)
[2026-07-28 21:47:35] 2026-07-28 21:47:35 | INFO     | KDClient 18 round 26 completed (acc=0.3091, n=180)
[2026-07-28 21:47:35] 2026-07-28 21:47:35 | INFO     | KDClient 19 fit round 26 (tier=large)
[2026-07-28 21:47:36] 2026-07-28 21:47:36 | INFO     | KDClient 19 round 26 public KD (epochs=2)
[2026-07-28 21:49:58] 2026-07-28 21:49:58 | INFO     | KDClient 19 round 26 local training (epochs=4)
[2026-07-28 21:51:50] 2026-07-28 21:51:50 | INFO     | KDClient 19 round 26 completed (acc=0.3091, n=180)
[2026-07-28 21:51:51] 2026-07-28 21:51:51 | INFO     | MKS — IID: round 26/50 aggregated 3 cluster weights
[2026-07-28 21:51:51]   Round  26/50 | Avg: 0.3085 | Min: 0.3018 | Max: 0.3091
[2026-07-28 21:51:51] 2026-07-28 21:51:51 | INFO     | MKS — IID: round 27/50 starting
[2026-07-28 21:51:51] 2026-07-28 21:51:51 | INFO     | KDClient 0 fit round 27 (tier=small)
[2026-07-28 21:51:51] 2026-07-28 21:51:51 | INFO     | KDClient 0 round 27 public KD (epochs=2)
[2026-07-28 21:52:38] 2026-07-28 21:52:38 | INFO     | KDClient 0 round 27 local training (epochs=4)
[2026-07-28 21:53:20] 2026-07-28 21:53:20 | INFO     | KDClient 0 round 27 completed (acc=0.3091, n=180)
[2026-07-28 21:53:20] 2026-07-28 21:53:20 | INFO     | KDClient 1 fit round 27 (tier=small)
[2026-07-28 21:53:20] 2026-07-28 21:53:20 | INFO     | KDClient 1 round 27 public KD (epochs=2)
[2026-07-28 21:54:05] 2026-07-28 21:54:05 | INFO     | KDClient 1 round 27 local training (epochs=4)
[2026-07-28 21:54:38] 2026-07-28 21:54:38 | INFO     | KDClient 1 round 27 completed (acc=0.3091, n=180)
[2026-07-28 21:54:38] 2026-07-28 21:54:38 | INFO     | KDClient 2 fit round 27 (tier=small)
[2026-07-28 21:54:38] 2026-07-28 21:54:38 | INFO     | KDClient 2 round 27 public KD (epochs=2)
[2026-07-28 21:55:25] 2026-07-28 21:55:25 | INFO     | KDClient 2 round 27 local training (epochs=4)
[2026-07-28 21:56:02] 2026-07-28 21:56:02 | INFO     | KDClient 2 round 27 completed (acc=0.3091, n=180)
[2026-07-28 21:56:02] 2026-07-28 21:56:02 | INFO     | KDClient 3 fit round 27 (tier=small)
[2026-07-28 21:56:02] 2026-07-28 21:56:02 | INFO     | KDClient 3 round 27 public KD (epochs=2)
[2026-07-28 21:57:10] 2026-07-28 21:57:10 | INFO     | KDClient 3 round 27 local training (epochs=4)
[2026-07-28 21:57:46] 2026-07-28 21:57:46 | INFO     | KDClient 3 round 27 completed (acc=0.3055, n=180)
[2026-07-28 21:57:46] 2026-07-28 21:57:46 | INFO     | KDClient 4 fit round 27 (tier=small)
[2026-07-28 21:57:46] 2026-07-28 21:57:46 | INFO     | KDClient 4 round 27 public KD (epochs=2)
[2026-07-28 21:58:34] 2026-07-28 21:58:34 | INFO     | KDClient 4 round 27 local training (epochs=4)
[2026-07-28 21:59:20] 2026-07-28 21:59:20 | INFO     | KDClient 4 round 27 completed (acc=0.2945, n=180)
[2026-07-28 21:59:20] 2026-07-28 21:59:20 | INFO     | KDClient 5 fit round 27 (tier=small)
[2026-07-28 21:59:20] 2026-07-28 21:59:20 | INFO     | KDClient 5 round 27 public KD (epochs=2)
[2026-07-28 22:00:11] 2026-07-28 22:00:11 | INFO     | KDClient 5 round 27 local training (epochs=4)
[2026-07-28 22:00:52] 2026-07-28 22:00:52 | INFO     | KDClient 5 round 27 completed (acc=0.3091, n=180)
[2026-07-28 22:00:52] 2026-07-28 22:00:52 | INFO     | KDClient 6 fit round 27 (tier=small)
[2026-07-28 22:00:52] 2026-07-28 22:00:52 | INFO     | KDClient 6 round 27 public KD (epochs=2)
[2026-07-28 22:01:36] 2026-07-28 22:01:36 | INFO     | KDClient 6 round 27 local training (epochs=4)
[2026-07-28 22:02:31] 2026-07-28 22:02:31 | INFO     | KDClient 6 round 27 completed (acc=0.3091, n=180)
[2026-07-28 22:02:31] 2026-07-28 22:02:31 | INFO     | KDClient 7 fit round 27 (tier=medium)
[2026-07-28 22:02:31] 2026-07-28 22:02:31 | INFO     | KDClient 7 round 27 public KD (epochs=2)
[2026-07-28 22:04:00] 2026-07-28 22:04:00 | INFO     | KDClient 7 round 27 local training (epochs=4)
[2026-07-28 22:05:10] 2026-07-28 22:05:09 | INFO     | KDClient 7 round 27 completed (acc=0.3091, n=180)
[2026-07-28 22:05:10] 2026-07-28 22:05:09 | INFO     | KDClient 8 fit round 27 (tier=medium)
[2026-07-28 22:05:10] 2026-07-28 22:05:10 | INFO     | KDClient 8 round 27 public KD (epochs=2)
[2026-07-28 22:06:46] 2026-07-28 22:06:46 | INFO     | KDClient 8 round 27 local training (epochs=4)
[2026-07-28 22:07:54] 2026-07-28 22:07:54 | INFO     | KDClient 8 round 27 completed (acc=0.3091, n=180)
[2026-07-28 22:07:54] 2026-07-28 22:07:54 | INFO     | KDClient 9 fit round 27 (tier=medium)
[2026-07-28 22:07:54] 2026-07-28 22:07:54 | INFO     | KDClient 9 round 27 public KD (epochs=2)
[2026-07-28 22:10:04] 2026-07-28 22:10:04 | INFO     | KDClient 9 round 27 local training (epochs=4)
[2026-07-28 22:11:21] 2026-07-28 22:11:21 | INFO     | KDClient 9 round 27 completed (acc=0.3091, n=180)
[2026-07-28 22:11:21] 2026-07-28 22:11:21 | INFO     | KDClient 10 fit round 27 (tier=medium)
[2026-07-28 22:11:21] 2026-07-28 22:11:21 | INFO     | KDClient 10 round 27 public KD (epochs=2)
[2026-07-28 22:13:22] 2026-07-28 22:13:22 | INFO     | KDClient 10 round 27 local training (epochs=4)
[2026-07-28 22:14:19] 2026-07-28 22:14:19 | INFO     | KDClient 10 round 27 completed (acc=0.3091, n=180)
[2026-07-28 22:14:19] 2026-07-28 22:14:19 | INFO     | KDClient 11 fit round 27 (tier=medium)
[2026-07-28 22:14:19] 2026-07-28 22:14:19 | INFO     | KDClient 11 round 27 public KD (epochs=2)
[2026-07-28 22:15:39] 2026-07-28 22:15:39 | INFO     | KDClient 11 round 27 local training (epochs=4)
[2026-07-28 22:16:48] 2026-07-28 22:16:48 | INFO     | KDClient 11 round 27 completed (acc=0.2982, n=180)
[2026-07-28 22:16:48] 2026-07-28 22:16:48 | INFO     | KDClient 12 fit round 27 (tier=medium)
[2026-07-28 22:16:48] 2026-07-28 22:16:48 | INFO     | KDClient 12 round 27 public KD (epochs=2)
[2026-07-28 22:18:04] 2026-07-28 22:18:04 | INFO     | KDClient 12 round 27 local training (epochs=4)
[2026-07-28 22:19:16] 2026-07-28 22:19:16 | INFO     | KDClient 12 round 27 completed (acc=0.3091, n=180)
[2026-07-28 22:19:16] 2026-07-28 22:19:16 | INFO     | KDClient 13 fit round 27 (tier=medium)
[2026-07-28 22:19:16] 2026-07-28 22:19:16 | INFO     | KDClient 13 round 27 public KD (epochs=2)
[2026-07-28 22:20:36] 2026-07-28 22:20:36 | INFO     | KDClient 13 round 27 local training (epochs=4)
[2026-07-28 22:21:49] 2026-07-28 22:21:49 | INFO     | KDClient 13 round 27 completed (acc=0.3091, n=180)
[2026-07-28 22:21:49] 2026-07-28 22:21:49 | INFO     | KDClient 14 fit round 27 (tier=large)
[2026-07-28 22:21:50] 2026-07-28 22:21:50 | INFO     | KDClient 14 round 27 public KD (epochs=2)
[2026-07-28 22:23:54] 2026-07-28 22:23:54 | INFO     | KDClient 14 round 27 local training (epochs=4)
[2026-07-28 22:25:36] 2026-07-28 22:25:36 | INFO     | KDClient 14 round 27 completed (acc=0.3055, n=180)
[2026-07-28 22:25:36] 2026-07-28 22:25:36 | INFO     | KDClient 15 fit round 27 (tier=large)
[2026-07-28 22:25:36] 2026-07-28 22:25:36 | INFO     | KDClient 15 round 27 public KD (epochs=2)
[2026-07-28 22:27:56] 2026-07-28 22:27:56 | INFO     | KDClient 15 round 27 local training (epochs=4)
[2026-07-28 22:29:26] 2026-07-28 22:29:26 | INFO     | KDClient 15 round 27 completed (acc=0.3091, n=180)
[2026-07-28 22:29:26] 2026-07-28 22:29:26 | INFO     | KDClient 16 fit round 27 (tier=large)
[2026-07-28 22:29:26] 2026-07-28 22:29:26 | INFO     | KDClient 16 round 27 public KD (epochs=2)
[2026-07-28 22:31:30] 2026-07-28 22:31:30 | INFO     | KDClient 16 round 27 local training (epochs=4)
[2026-07-28 22:33:14] 2026-07-28 22:33:14 | INFO     | KDClient 16 round 27 completed (acc=0.3091, n=180)
[2026-07-28 22:33:14] 2026-07-28 22:33:14 | INFO     | KDClient 17 fit round 27 (tier=large)
[2026-07-28 22:33:14] 2026-07-28 22:33:14 | INFO     | KDClient 17 round 27 public KD (epochs=2)
[2026-07-28 22:35:25] 2026-07-28 22:35:25 | INFO     | KDClient 17 round 27 local training (epochs=4)
[2026-07-28 22:37:08] 2026-07-28 22:37:08 | INFO     | KDClient 17 round 27 completed (acc=0.3091, n=180)
[2026-07-28 22:37:08] 2026-07-28 22:37:08 | INFO     | KDClient 18 fit round 27 (tier=large)
[2026-07-28 22:37:08] 2026-07-28 22:37:08 | INFO     | KDClient 18 round 27 public KD (epochs=2)
[2026-07-28 22:39:35] 2026-07-28 22:39:35 | INFO     | KDClient 18 round 27 local training (epochs=4)
[2026-07-28 22:41:09] 2026-07-28 22:41:09 | INFO     | KDClient 18 round 27 completed (acc=0.3091, n=180)
[2026-07-28 22:41:09] 2026-07-28 22:41:09 | INFO     | KDClient 19 fit round 27 (tier=large)
[2026-07-28 22:41:09] 2026-07-28 22:41:09 | INFO     | KDClient 19 round 27 public KD (epochs=2)
[2026-07-28 22:43:41] 2026-07-28 22:43:40 | INFO     | KDClient 19 round 27 local training (epochs=4)
[2026-07-28 22:45:47] 2026-07-28 22:45:47 | INFO     | KDClient 19 round 27 completed (acc=0.3091, n=180)
[2026-07-28 22:45:47] 2026-07-28 22:45:47 | INFO     | MKS — IID: round 27/50 aggregated 3 cluster weights
[2026-07-28 22:45:47]   Round  27/50 | Avg: 0.3075 | Min: 0.2945 | Max: 0.3091
[2026-07-28 22:45:47] 2026-07-28 22:45:47 | INFO     | MKS — IID: round 28/50 starting
[2026-07-28 22:45:48] 2026-07-28 22:45:48 | INFO     | KDClient 0 fit round 28 (tier=small)
[2026-07-28 22:45:48] 2026-07-28 22:45:48 | INFO     | KDClient 0 round 28 public KD (epochs=2)
[2026-07-28 22:46:55] 2026-07-28 22:46:55 | INFO     | KDClient 0 round 28 local training (epochs=4)
[2026-07-28 22:47:36] 2026-07-28 22:47:36 | INFO     | KDClient 0 round 28 completed (acc=0.3091, n=180)
[2026-07-28 22:47:36] 2026-07-28 22:47:36 | INFO     | KDClient 1 fit round 28 (tier=small)
[2026-07-28 22:47:36] 2026-07-28 22:47:36 | INFO     | KDClient 1 round 28 public KD (epochs=2)
[2026-07-28 22:48:14] 2026-07-28 22:48:14 | INFO     | KDClient 1 round 28 local training (epochs=4)
[2026-07-28 22:48:56] 2026-07-28 22:48:56 | INFO     | KDClient 1 round 28 completed (acc=0.3091, n=180)
[2026-07-28 22:48:56] 2026-07-28 22:48:56 | INFO     | KDClient 2 fit round 28 (tier=small)
[2026-07-28 22:48:56] 2026-07-28 22:48:56 | INFO     | KDClient 2 round 28 public KD (epochs=2)
[2026-07-28 22:49:34] 2026-07-28 22:49:34 | INFO     | KDClient 2 round 28 local training (epochs=4)
[2026-07-28 22:50:05] 2026-07-28 22:50:05 | INFO     | KDClient 2 round 28 completed (acc=0.3091, n=180)
[2026-07-28 22:50:05] 2026-07-28 22:50:05 | INFO     | KDClient 3 fit round 28 (tier=small)
[2026-07-28 22:50:05] 2026-07-28 22:50:05 | INFO     | KDClient 3 round 28 public KD (epochs=2)
[2026-07-28 22:51:30] 2026-07-28 22:51:30 | INFO     | KDClient 3 round 28 local training (epochs=4)
[2026-07-28 22:52:07] 2026-07-28 22:52:07 | INFO     | KDClient 3 round 28 completed (acc=0.3091, n=180)
[2026-07-28 22:52:07] 2026-07-28 22:52:07 | INFO     | KDClient 4 fit round 28 (tier=small)
[2026-07-28 22:52:08] 2026-07-28 22:52:08 | INFO     | KDClient 4 round 28 public KD (epochs=2)
[2026-07-28 22:52:53] 2026-07-28 22:52:53 | INFO     | KDClient 4 round 28 local training (epochs=4)
[2026-07-28 22:53:28] 2026-07-28 22:53:28 | INFO     | KDClient 4 round 28 completed (acc=0.3018, n=180)
[2026-07-28 22:53:28] 2026-07-28 22:53:28 | INFO     | KDClient 5 fit round 28 (tier=small)
[2026-07-28 22:53:28] 2026-07-28 22:53:28 | INFO     | KDClient 5 round 28 public KD (epochs=2)
[2026-07-28 22:54:09] 2026-07-28 22:54:09 | INFO     | KDClient 5 round 28 local training (epochs=4)
[2026-07-28 22:54:52] 2026-07-28 22:54:52 | INFO     | KDClient 5 round 28 completed (acc=0.3091, n=180)
[2026-07-28 22:54:52] 2026-07-28 22:54:52 | INFO     | KDClient 6 fit round 28 (tier=small)
[2026-07-28 22:54:52] 2026-07-28 22:54:52 | INFO     | KDClient 6 round 28 public KD (epochs=2)
[2026-07-28 22:55:36] 2026-07-28 22:55:36 | INFO     | KDClient 6 round 28 local training (epochs=4)
[2026-07-28 22:56:20] 2026-07-28 22:56:20 | INFO     | KDClient 6 round 28 completed (acc=0.3091, n=180)
[2026-07-28 22:56:20] 2026-07-28 22:56:20 | INFO     | KDClient 7 fit round 28 (tier=medium)
[2026-07-28 22:56:20] 2026-07-28 22:56:20 | INFO     | KDClient 7 round 28 public KD (epochs=2)
[2026-07-28 22:58:27] 2026-07-28 22:58:27 | INFO     | KDClient 7 round 28 local training (epochs=4)
[2026-07-28 22:59:38] 2026-07-28 22:59:38 | INFO     | KDClient 7 round 28 completed (acc=0.3091, n=180)
[2026-07-28 22:59:38] 2026-07-28 22:59:38 | INFO     | KDClient 8 fit round 28 (tier=medium)
[2026-07-28 22:59:38] 2026-07-28 22:59:38 | INFO     | KDClient 8 round 28 public KD (epochs=2)
[2026-07-28 23:01:49] 2026-07-28 23:01:49 | INFO     | KDClient 8 round 28 local training (epochs=4)
[2026-07-28 23:03:18] 2026-07-28 23:03:18 | INFO     | KDClient 8 round 28 completed (acc=0.3091, n=180)
[2026-07-28 23:03:18] 2026-07-28 23:03:18 | INFO     | KDClient 9 fit round 28 (tier=medium)
[2026-07-28 23:03:18] 2026-07-28 23:03:18 | INFO     | KDClient 9 round 28 public KD (epochs=2)
[2026-07-28 23:04:46] 2026-07-28 23:04:46 | INFO     | KDClient 9 round 28 local training (epochs=4)
[2026-07-28 23:06:07] 2026-07-28 23:06:07 | INFO     | KDClient 9 round 28 completed (acc=0.3091, n=180)
[2026-07-28 23:06:07] 2026-07-28 23:06:07 | INFO     | KDClient 10 fit round 28 (tier=medium)
[2026-07-28 23:06:07] 2026-07-28 23:06:07 | INFO     | KDClient 10 round 28 public KD (epochs=2)
[2026-07-28 23:08:53] 2026-07-28 23:08:53 | INFO     | KDClient 10 round 28 local training (epochs=4)
[2026-07-28 23:10:15] 2026-07-28 23:10:15 | INFO     | KDClient 10 round 28 completed (acc=0.3091, n=180)
[2026-07-28 23:10:15] 2026-07-28 23:10:15 | INFO     | KDClient 11 fit round 28 (tier=medium)
[2026-07-28 23:10:15] 2026-07-28 23:10:15 | INFO     | KDClient 11 round 28 public KD (epochs=2)
[2026-07-28 23:11:38] 2026-07-28 23:11:38 | INFO     | KDClient 11 round 28 local training (epochs=4)
[2026-07-28 23:13:03] 2026-07-28 23:13:03 | INFO     | KDClient 11 round 28 completed (acc=0.3091, n=180)
[2026-07-28 23:13:03] 2026-07-28 23:13:03 | INFO     | KDClient 12 fit round 28 (tier=medium)
[2026-07-28 23:13:03] 2026-07-28 23:13:03 | INFO     | KDClient 12 round 28 public KD (epochs=2)
[2026-07-28 23:14:26] 2026-07-28 23:14:26 | INFO     | KDClient 12 round 28 local training (epochs=4)
[2026-07-28 23:15:45] 2026-07-28 23:15:45 | INFO     | KDClient 12 round 28 completed (acc=0.3091, n=180)
[2026-07-28 23:15:45] 2026-07-28 23:15:45 | INFO     | KDClient 13 fit round 28 (tier=medium)
[2026-07-28 23:15:45] 2026-07-28 23:15:45 | INFO     | KDClient 13 round 28 public KD (epochs=2)
[2026-07-28 23:17:51] 2026-07-28 23:17:50 | INFO     | KDClient 13 round 28 local training (epochs=4)
[2026-07-28 23:19:11] 2026-07-28 23:19:11 | INFO     | KDClient 13 round 28 completed (acc=0.3091, n=180)
[2026-07-28 23:19:11] 2026-07-28 23:19:11 | INFO     | KDClient 14 fit round 28 (tier=large)
[2026-07-28 23:19:12] 2026-07-28 23:19:12 | INFO     | KDClient 14 round 28 public KD (epochs=2)
[2026-07-28 23:21:29] 2026-07-28 23:21:29 | INFO     | KDClient 14 round 28 local training (epochs=4)
[2026-07-28 23:23:14] 2026-07-28 23:23:14 | INFO     | KDClient 14 round 28 completed (acc=0.3091, n=180)
[2026-07-28 23:23:14] 2026-07-28 23:23:14 | INFO     | KDClient 15 fit round 28 (tier=large)
[2026-07-28 23:23:15] 2026-07-28 23:23:15 | INFO     | KDClient 15 round 28 public KD (epochs=2)
[2026-07-28 23:25:19] 2026-07-28 23:25:19 | INFO     | KDClient 15 round 28 local training (epochs=4)
[2026-07-28 23:26:48] 2026-07-28 23:26:48 | INFO     | KDClient 15 round 28 completed (acc=0.3091, n=180)
[2026-07-28 23:26:48] 2026-07-28 23:26:48 | INFO     | KDClient 16 fit round 28 (tier=large)
[2026-07-28 23:26:48] 2026-07-28 23:26:48 | INFO     | KDClient 16 round 28 public KD (epochs=2)
[2026-07-28 23:29:06] 2026-07-28 23:29:06 | INFO     | KDClient 16 round 28 local training (epochs=4)
[2026-07-28 23:30:56] 2026-07-28 23:30:56 | INFO     | KDClient 16 round 28 completed (acc=0.3091, n=180)
[2026-07-28 23:30:56] 2026-07-28 23:30:56 | INFO     | KDClient 17 fit round 28 (tier=large)
[2026-07-28 23:30:56] 2026-07-28 23:30:56 | INFO     | KDClient 17 round 28 public KD (epochs=2)
[2026-07-28 23:33:28] 2026-07-28 23:33:28 | INFO     | KDClient 17 round 28 local training (epochs=4)
[2026-07-28 23:35:19] 2026-07-28 23:35:19 | INFO     | KDClient 17 round 28 completed (acc=0.3091, n=180)
[2026-07-28 23:35:19] 2026-07-28 23:35:19 | INFO     | KDClient 18 fit round 28 (tier=large)
[2026-07-28 23:35:19] 2026-07-28 23:35:19 | INFO     | KDClient 18 round 28 public KD (epochs=2)
[2026-07-28 23:37:50] 2026-07-28 23:37:50 | INFO     | KDClient 18 round 28 local training (epochs=4)
[2026-07-28 23:39:37] 2026-07-28 23:39:37 | INFO     | KDClient 18 round 28 completed (acc=0.3091, n=180)
[2026-07-28 23:39:37] 2026-07-28 23:39:37 | INFO     | KDClient 19 fit round 28 (tier=large)
[2026-07-28 23:39:37] 2026-07-28 23:39:37 | INFO     | KDClient 19 round 28 public KD (epochs=2)
[2026-07-28 23:41:47] 2026-07-28 23:41:47 | INFO     | KDClient 19 round 28 local training (epochs=4)
[2026-07-28 23:43:26] 2026-07-28 23:43:26 | INFO     | KDClient 19 round 28 completed (acc=0.3091, n=180)
[2026-07-28 23:43:26] 2026-07-28 23:43:26 | INFO     | MKS — IID: round 28/50 aggregated 3 cluster weights
[2026-07-28 23:43:26]   Round  28/50 | Avg: 0.3087 | Min: 0.3018 | Max: 0.3091
[2026-07-28 23:43:26] 2026-07-28 23:43:26 | INFO     | MKS — IID: round 29/50 starting
[2026-07-28 23:43:26] 2026-07-28 23:43:26 | INFO     | KDClient 0 fit round 29 (tier=small)
[2026-07-28 23:43:26] 2026-07-28 23:43:26 | INFO     | KDClient 0 round 29 public KD (epochs=2)
[2026-07-28 23:44:26] 2026-07-28 23:44:26 | INFO     | KDClient 0 round 29 local training (epochs=4)
[2026-07-28 23:45:08] 2026-07-28 23:45:08 | INFO     | KDClient 0 round 29 completed (acc=0.3091, n=180)
[2026-07-28 23:45:08] 2026-07-28 23:45:08 | INFO     | KDClient 1 fit round 29 (tier=small)
[2026-07-28 23:45:08] 2026-07-28 23:45:08 | INFO     | KDClient 1 round 29 public KD (epochs=2)
[2026-07-28 23:45:58] 2026-07-28 23:45:58 | INFO     | KDClient 1 round 29 local training (epochs=4)
[2026-07-28 23:46:42] 2026-07-28 23:46:42 | INFO     | KDClient 1 round 29 completed (acc=0.3091, n=180)
[2026-07-28 23:46:42] 2026-07-28 23:46:42 | INFO     | KDClient 2 fit round 29 (tier=small)
[2026-07-28 23:46:42] 2026-07-28 23:46:42 | INFO     | KDClient 2 round 29 public KD (epochs=2)
[2026-07-28 23:47:48] 2026-07-28 23:47:48 | INFO     | KDClient 2 round 29 local training (epochs=4)
[2026-07-28 23:48:30] 2026-07-28 23:48:30 | INFO     | KDClient 2 round 29 completed (acc=0.3091, n=180)
[2026-07-28 23:48:30] 2026-07-28 23:48:30 | INFO     | KDClient 3 fit round 29 (tier=small)
[2026-07-28 23:48:30] 2026-07-28 23:48:30 | INFO     | KDClient 3 round 29 public KD (epochs=2)
[2026-07-28 23:49:10] 2026-07-28 23:49:10 | INFO     | KDClient 3 round 29 local training (epochs=4)
[2026-07-28 23:49:53] 2026-07-28 23:49:53 | INFO     | KDClient 3 round 29 completed (acc=0.3091, n=180)
[2026-07-28 23:49:53] 2026-07-28 23:49:53 | INFO     | KDClient 4 fit round 29 (tier=small)
[2026-07-28 23:49:53] 2026-07-28 23:49:53 | INFO     | KDClient 4 round 29 public KD (epochs=2)
[2026-07-28 23:50:41] 2026-07-28 23:50:41 | INFO     | KDClient 4 round 29 local training (epochs=4)
[2026-07-28 23:51:23] 2026-07-28 23:51:22 | INFO     | KDClient 4 round 29 completed (acc=0.3091, n=180)
[2026-07-28 23:51:23] 2026-07-28 23:51:23 | INFO     | KDClient 5 fit round 29 (tier=small)
[2026-07-28 23:51:23] 2026-07-28 23:51:23 | INFO     | KDClient 5 round 29 public KD (epochs=2)
[2026-07-28 23:52:28] 2026-07-28 23:52:28 | INFO     | KDClient 5 round 29 local training (epochs=4)
[2026-07-28 23:53:02] 2026-07-28 23:53:02 | INFO     | KDClient 5 round 29 completed (acc=0.3091, n=180)
[2026-07-28 23:53:02] 2026-07-28 23:53:02 | INFO     | KDClient 6 fit round 29 (tier=small)
[2026-07-28 23:53:02] 2026-07-28 23:53:02 | INFO     | KDClient 6 round 29 public KD (epochs=2)
[2026-07-28 23:53:50] 2026-07-28 23:53:50 | INFO     | KDClient 6 round 29 local training (epochs=4)
[2026-07-28 23:54:34] 2026-07-28 23:54:34 | INFO     | KDClient 6 round 29 completed (acc=0.3091, n=180)
[2026-07-28 23:54:34] 2026-07-28 23:54:34 | INFO     | KDClient 7 fit round 29 (tier=medium)
[2026-07-28 23:54:34] 2026-07-28 23:54:34 | INFO     | KDClient 7 round 29 public KD (epochs=2)
[2026-07-28 23:56:01] 2026-07-28 23:56:01 | INFO     | KDClient 7 round 29 local training (epochs=4)
[2026-07-28 23:57:22] 2026-07-28 23:57:22 | INFO     | KDClient 7 round 29 completed (acc=0.3091, n=180)
[2026-07-28 23:57:22] 2026-07-28 23:57:22 | INFO     | KDClient 8 fit round 29 (tier=medium)
[2026-07-28 23:57:22] 2026-07-28 23:57:22 | INFO     | KDClient 8 round 29 public KD (epochs=2)
[2026-07-28 23:58:49] 2026-07-28 23:58:49 | INFO     | KDClient 8 round 29 local training (epochs=4)
[2026-07-29 00:00:10] 2026-07-29 00:00:10 | INFO     | KDClient 8 round 29 completed (acc=0.3091, n=180)
[2026-07-29 00:00:10] 2026-07-29 00:00:10 | INFO     | KDClient 9 fit round 29 (tier=medium)
[2026-07-29 00:00:10] 2026-07-29 00:00:10 | INFO     | KDClient 9 round 29 public KD (epochs=2)
[2026-07-29 00:02:21] 2026-07-29 00:02:21 | INFO     | KDClient 9 round 29 local training (epochs=4)
[2026-07-29 00:03:48] 2026-07-29 00:03:48 | INFO     | KDClient 9 round 29 completed (acc=0.3091, n=180)
[2026-07-29 00:03:48] 2026-07-29 00:03:48 | INFO     | KDClient 10 fit round 29 (tier=medium)
[2026-07-29 00:03:48] 2026-07-29 00:03:48 | INFO     | KDClient 10 round 29 public KD (epochs=2)
[2026-07-29 00:05:18] 2026-07-29 00:05:18 | INFO     | KDClient 10 round 29 local training (epochs=4)
[2026-07-29 00:06:52] 2026-07-29 00:06:52 | INFO     | KDClient 10 round 29 completed (acc=0.3091, n=180)
[2026-07-29 00:06:52] 2026-07-29 00:06:52 | INFO     | KDClient 11 fit round 29 (tier=medium)
[2026-07-29 00:06:53] 2026-07-29 00:06:53 | INFO     | KDClient 11 round 29 public KD (epochs=2)
[2026-07-29 00:08:14] 2026-07-29 00:08:14 | INFO     | KDClient 11 round 29 local training (epochs=4)
[2026-07-29 00:09:38] 2026-07-29 00:09:38 | INFO     | KDClient 11 round 29 completed (acc=0.3055, n=180)
[2026-07-29 00:09:38] 2026-07-29 00:09:38 | INFO     | KDClient 12 fit round 29 (tier=medium)
[2026-07-29 00:09:38] 2026-07-29 00:09:38 | INFO     | KDClient 12 round 29 public KD (epochs=2)
[2026-07-29 00:11:02] 2026-07-29 00:11:02 | INFO     | KDClient 12 round 29 local training (epochs=4)
[2026-07-29 00:12:06] 2026-07-29 00:12:06 | INFO     | KDClient 12 round 29 completed (acc=0.3018, n=180)
[2026-07-29 00:12:06] 2026-07-29 00:12:06 | INFO     | KDClient 13 fit round 29 (tier=medium)
[2026-07-29 00:12:06] 2026-07-29 00:12:06 | INFO     | KDClient 13 round 29 public KD (epochs=2)
[2026-07-29 00:13:31] 2026-07-29 00:13:31 | INFO     | KDClient 13 round 29 local training (epochs=4)
[2026-07-29 00:14:47] 2026-07-29 00:14:47 | INFO     | KDClient 13 round 29 completed (acc=0.3091, n=180)
[2026-07-29 00:14:47] 2026-07-29 00:14:47 | INFO     | KDClient 14 fit round 29 (tier=large)
[2026-07-29 00:14:47] 2026-07-29 00:14:47 | INFO     | KDClient 14 round 29 public KD (epochs=2)
[2026-07-29 00:17:01] 2026-07-29 00:17:01 | INFO     | KDClient 14 round 29 local training (epochs=4)
[2026-07-29 00:19:15] 2026-07-29 00:19:15 | INFO     | KDClient 14 round 29 completed (acc=0.3091, n=180)
[2026-07-29 00:19:15] 2026-07-29 00:19:15 | INFO     | KDClient 15 fit round 29 (tier=large)
[2026-07-29 00:19:15] 2026-07-29 00:19:15 | INFO     | KDClient 15 round 29 public KD (epochs=2)
[2026-07-29 00:21:27] 2026-07-29 00:21:27 | INFO     | KDClient 15 round 29 local training (epochs=4)
[2026-07-29 00:23:03] 2026-07-29 00:23:03 | INFO     | KDClient 15 round 29 completed (acc=0.3091, n=180)
[2026-07-29 00:23:03] 2026-07-29 00:23:03 | INFO     | KDClient 16 fit round 29 (tier=large)
[2026-07-29 00:23:03] 2026-07-29 00:23:03 | INFO     | KDClient 16 round 29 public KD (epochs=2)
[2026-07-29 00:24:58] 2026-07-29 00:24:58 | INFO     | KDClient 16 round 29 local training (epochs=4)
[2026-07-29 00:26:31] 2026-07-29 00:26:31 | INFO     | KDClient 16 round 29 completed (acc=0.3091, n=180)
[2026-07-29 00:26:31] 2026-07-29 00:26:31 | INFO     | KDClient 17 fit round 29 (tier=large)
[2026-07-29 00:26:31] 2026-07-29 00:26:31 | INFO     | KDClient 17 round 29 public KD (epochs=2)
[2026-07-29 00:28:55] 2026-07-29 00:28:55 | INFO     | KDClient 17 round 29 local training (epochs=4)
[2026-07-29 00:30:43] 2026-07-29 00:30:43 | INFO     | KDClient 17 round 29 completed (acc=0.3091, n=180)
[2026-07-29 00:30:43] 2026-07-29 00:30:43 | INFO     | KDClient 18 fit round 29 (tier=large)
[2026-07-29 00:30:43] 2026-07-29 00:30:43 | INFO     | KDClient 18 round 29 public KD (epochs=2)
[2026-07-29 00:33:08] 2026-07-29 00:33:08 | INFO     | KDClient 18 round 29 local training (epochs=4)
[2026-07-29 00:34:45] 2026-07-29 00:34:45 | INFO     | KDClient 18 round 29 completed (acc=0.3091, n=180)
[2026-07-29 00:34:45] 2026-07-29 00:34:45 | INFO     | KDClient 19 fit round 29 (tier=large)
[2026-07-29 00:34:45] 2026-07-29 00:34:45 | INFO     | KDClient 19 round 29 public KD (epochs=2)
[2026-07-29 00:36:54] 2026-07-29 00:36:54 | INFO     | KDClient 19 round 29 local training (epochs=4)
[2026-07-29 00:38:40] 2026-07-29 00:38:40 | INFO     | KDClient 19 round 29 completed (acc=0.3091, n=180)
[2026-07-29 00:38:40] 2026-07-29 00:38:40 | INFO     | MKS — IID: round 29/50 aggregated 3 cluster weights
[2026-07-29 00:38:40]   Round  29/50 | Avg: 0.3085 | Min: 0.3018 | Max: 0.3091
[2026-07-29 00:38:40] 2026-07-29 00:38:40 | INFO     | MKS — IID: round 30/50 starting
[2026-07-29 00:38:40] 2026-07-29 00:38:40 | INFO     | KDClient 0 fit round 30 (tier=small)
[2026-07-29 00:38:40] 2026-07-29 00:38:40 | INFO     | KDClient 0 round 30 public KD (epochs=2)
[2026-07-29 00:39:26] 2026-07-29 00:39:26 | INFO     | KDClient 0 round 30 local training (epochs=4)
[2026-07-29 00:40:04] 2026-07-29 00:40:04 | INFO     | KDClient 0 round 30 completed (acc=0.3091, n=180)
[2026-07-29 00:40:04] 2026-07-29 00:40:04 | INFO     | KDClient 1 fit round 30 (tier=small)
[2026-07-29 00:40:04] 2026-07-29 00:40:04 | INFO     | KDClient 1 round 30 public KD (epochs=2)
[2026-07-29 00:40:48] 2026-07-29 00:40:48 | INFO     | KDClient 1 round 30 local training (epochs=4)
[2026-07-29 00:41:15] 2026-07-29 00:41:15 | INFO     | KDClient 1 round 30 completed (acc=0.3091, n=180)
[2026-07-29 00:41:15] 2026-07-29 00:41:15 | INFO     | KDClient 2 fit round 30 (tier=small)
[2026-07-29 00:41:15] 2026-07-29 00:41:15 | INFO     | KDClient 2 round 30 public KD (epochs=2)
[2026-07-29 00:41:55] 2026-07-29 00:41:55 | INFO     | KDClient 2 round 30 local training (epochs=4)
[2026-07-29 00:42:30] 2026-07-29 00:42:30 | INFO     | KDClient 2 round 30 completed (acc=0.3091, n=180)
[2026-07-29 00:42:30] 2026-07-29 00:42:30 | INFO     | KDClient 3 fit round 30 (tier=small)
[2026-07-29 00:42:30] 2026-07-29 00:42:30 | INFO     | KDClient 3 round 30 public KD (epochs=2)
[2026-07-29 00:43:35] 2026-07-29 00:43:35 | INFO     | KDClient 3 round 30 local training (epochs=4)
[2026-07-29 00:44:12] 2026-07-29 00:44:12 | INFO     | KDClient 3 round 30 completed (acc=0.3018, n=180)
[2026-07-29 00:44:12] 2026-07-29 00:44:12 | INFO     | KDClient 4 fit round 30 (tier=small)
[2026-07-29 00:44:12] 2026-07-29 00:44:12 | INFO     | KDClient 4 round 30 public KD (epochs=2)
[2026-07-29 00:44:57] 2026-07-29 00:44:57 | INFO     | KDClient 4 round 30 local training (epochs=4)
[2026-07-29 00:45:38] 2026-07-29 00:45:38 | INFO     | KDClient 4 round 30 completed (acc=0.3091, n=180)
[2026-07-29 00:45:38] 2026-07-29 00:45:38 | INFO     | KDClient 5 fit round 30 (tier=small)
[2026-07-29 00:45:38] 2026-07-29 00:45:38 | INFO     | KDClient 5 round 30 public KD (epochs=2)
[2026-07-29 00:46:21] 2026-07-29 00:46:21 | INFO     | KDClient 5 round 30 local training (epochs=4)
[2026-07-29 00:46:54] 2026-07-29 00:46:54 | INFO     | KDClient 5 round 30 completed (acc=0.3091, n=180)
[2026-07-29 00:46:54] 2026-07-29 00:46:54 | INFO     | KDClient 6 fit round 30 (tier=small)
[2026-07-29 00:46:54] 2026-07-29 00:46:54 | INFO     | KDClient 6 round 30 public KD (epochs=2)
[2026-07-29 00:47:59] 2026-07-29 00:47:59 | INFO     | KDClient 6 round 30 local training (epochs=4)
[2026-07-29 00:48:38] 2026-07-29 00:48:38 | INFO     | KDClient 6 round 30 completed (acc=0.3091, n=180)
[2026-07-29 00:48:38] 2026-07-29 00:48:38 | INFO     | KDClient 7 fit round 30 (tier=medium)
[2026-07-29 00:48:38] 2026-07-29 00:48:38 | INFO     | KDClient 7 round 30 public KD (epochs=2)
[2026-07-29 00:50:05] 2026-07-29 00:50:05 | INFO     | KDClient 7 round 30 local training (epochs=4)
[2026-07-29 00:51:38] 2026-07-29 00:51:38 | INFO     | KDClient 7 round 30 completed (acc=0.3091, n=180)
[2026-07-29 00:51:38] 2026-07-29 00:51:38 | INFO     | KDClient 8 fit round 30 (tier=medium)
[2026-07-29 00:51:38] 2026-07-29 00:51:38 | INFO     | KDClient 8 round 30 public KD (epochs=2)
[2026-07-29 00:53:45] 2026-07-29 00:53:45 | INFO     | KDClient 8 round 30 local training (epochs=4)
[2026-07-29 00:55:00] 2026-07-29 00:55:00 | INFO     | KDClient 8 round 30 completed (acc=0.3091, n=180)
[2026-07-29 00:55:00] 2026-07-29 00:55:00 | INFO     | KDClient 9 fit round 30 (tier=medium)
[2026-07-29 00:55:00] 2026-07-29 00:55:00 | INFO     | KDClient 9 round 30 public KD (epochs=2)
[2026-07-29 00:57:06] 2026-07-29 00:57:06 | INFO     | KDClient 9 round 30 local training (epochs=4)
[2026-07-29 00:58:32] 2026-07-29 00:58:32 | INFO     | KDClient 9 round 30 completed (acc=0.3091, n=180)
[2026-07-29 00:58:32] 2026-07-29 00:58:32 | INFO     | KDClient 10 fit round 30 (tier=medium)
[2026-07-29 00:58:32] 2026-07-29 00:58:32 | INFO     | KDClient 10 round 30 public KD (epochs=2)
[2026-07-29 01:00:41] 2026-07-29 01:00:41 | INFO     | KDClient 10 round 30 local training (epochs=4)
[2026-07-29 01:01:57] 2026-07-29 01:01:57 | INFO     | KDClient 10 round 30 completed (acc=0.3091, n=180)
[2026-07-29 01:01:57] 2026-07-29 01:01:57 | INFO     | KDClient 11 fit round 30 (tier=medium)
[2026-07-29 01:01:57] 2026-07-29 01:01:57 | INFO     | KDClient 11 round 30 public KD (epochs=2)
[2026-07-29 01:03:25] 2026-07-29 01:03:25 | INFO     | KDClient 11 round 30 local training (epochs=4)
[2026-07-29 01:04:38] 2026-07-29 01:04:38 | INFO     | KDClient 11 round 30 completed (acc=0.3018, n=180)
[2026-07-29 01:04:38] 2026-07-29 01:04:38 | INFO     | KDClient 12 fit round 30 (tier=medium)
[2026-07-29 01:04:39] 2026-07-29 01:04:38 | INFO     | KDClient 12 round 30 public KD (epochs=2)
[2026-07-29 01:06:04] 2026-07-29 01:06:04 | INFO     | KDClient 12 round 30 local training (epochs=4)
[2026-07-29 01:07:20] 2026-07-29 01:07:20 | INFO     | KDClient 12 round 30 completed (acc=0.3091, n=180)
[2026-07-29 01:07:20] 2026-07-29 01:07:20 | INFO     | KDClient 13 fit round 30 (tier=medium)
[2026-07-29 01:07:20] 2026-07-29 01:07:20 | INFO     | KDClient 13 round 30 public KD (epochs=2)
[2026-07-29 01:08:39] 2026-07-29 01:08:39 | INFO     | KDClient 13 round 30 local training (epochs=4)
[2026-07-29 01:09:57] 2026-07-29 01:09:57 | INFO     | KDClient 13 round 30 completed (acc=0.3055, n=180)
[2026-07-29 01:09:57] 2026-07-29 01:09:57 | INFO     | KDClient 14 fit round 30 (tier=large)
[2026-07-29 01:09:57] 2026-07-29 01:09:57 | INFO     | KDClient 14 round 30 public KD (epochs=2)
[2026-07-29 01:12:14] 2026-07-29 01:12:14 | INFO     | KDClient 14 round 30 local training (epochs=4)
[2026-07-29 01:14:26] 2026-07-29 01:14:26 | INFO     | KDClient 14 round 30 completed (acc=0.3091, n=180)
[2026-07-29 01:14:26] 2026-07-29 01:14:26 | INFO     | KDClient 15 fit round 30 (tier=large)
[2026-07-29 01:14:26] 2026-07-29 01:14:26 | INFO     | KDClient 15 round 30 public KD (epochs=2)
[2026-07-29 01:16:33] 2026-07-29 01:16:33 | INFO     | KDClient 15 round 30 local training (epochs=4)
[2026-07-29 01:18:25] 2026-07-29 01:18:25 | INFO     | KDClient 15 round 30 completed (acc=0.3091, n=180)
[2026-07-29 01:18:25] 2026-07-29 01:18:25 | INFO     | KDClient 16 fit round 30 (tier=large)
[2026-07-29 01:18:25] 2026-07-29 01:18:25 | INFO     | KDClient 16 round 30 public KD (epochs=2)
[2026-07-29 01:20:25] 2026-07-29 01:20:25 | INFO     | KDClient 16 round 30 local training (epochs=4)
[2026-07-29 01:21:59] 2026-07-29 01:21:59 | INFO     | KDClient 16 round 30 completed (acc=0.3091, n=180)
[2026-07-29 01:21:59] 2026-07-29 01:21:59 | INFO     | KDClient 17 fit round 30 (tier=large)
[2026-07-29 01:21:59] 2026-07-29 01:21:59 | INFO     | KDClient 17 round 30 public KD (epochs=2)
[2026-07-29 01:23:57] 2026-07-29 01:23:57 | INFO     | KDClient 17 round 30 local training (epochs=4)
[2026-07-29 01:25:33] 2026-07-29 01:25:33 | INFO     | KDClient 17 round 30 completed (acc=0.3091, n=180)
[2026-07-29 01:25:33] 2026-07-29 01:25:33 | INFO     | KDClient 18 fit round 30 (tier=large)
[2026-07-29 01:25:34] 2026-07-29 01:25:34 | INFO     | KDClient 18 round 30 public KD (epochs=2)
[2026-07-29 01:27:32] 2026-07-29 01:27:32 | INFO     | KDClient 18 round 30 local training (epochs=4)
[2026-07-29 01:29:18] 2026-07-29 01:29:18 | INFO     | KDClient 18 round 30 completed (acc=0.3091, n=180)
[2026-07-29 01:29:18] 2026-07-29 01:29:18 | INFO     | KDClient 19 fit round 30 (tier=large)
[2026-07-29 01:29:18] 2026-07-29 01:29:18 | INFO     | KDClient 19 round 30 public KD (epochs=2)
[2026-07-29 01:31:46] 2026-07-29 01:31:46 | INFO     | KDClient 19 round 30 local training (epochs=4)
[2026-07-29 01:33:36] 2026-07-29 01:33:36 | INFO     | KDClient 19 round 30 completed (acc=0.3091, n=180)
[2026-07-29 01:33:36] 2026-07-29 01:33:36 | INFO     | MKS — IID: round 30/50 aggregated 3 cluster weights
[2026-07-29 01:33:36]   Round  30/50 | Avg: 0.3082 | Min: 0.3018 | Max: 0.3091
[2026-07-29 01:33:36] 2026-07-29 01:33:36 | INFO     | MKS — IID: round 31/50 starting
[2026-07-29 01:33:36] 2026-07-29 01:33:36 | INFO     | KDClient 0 fit round 31 (tier=small)
[2026-07-29 01:33:36] 2026-07-29 01:33:36 | INFO     | KDClient 0 round 31 public KD (epochs=2)
[2026-07-29 01:34:12] 2026-07-29 01:34:12 | INFO     | KDClient 0 round 31 local training (epochs=4)
[2026-07-29 01:34:44] 2026-07-29 01:34:44 | INFO     | KDClient 0 round 31 completed (acc=0.3091, n=180)
[2026-07-29 01:34:44] 2026-07-29 01:34:44 | INFO     | KDClient 1 fit round 31 (tier=small)
[2026-07-29 01:34:45] 2026-07-29 01:34:45 | INFO     | KDClient 1 round 31 public KD (epochs=2)
[2026-07-29 01:35:27] 2026-07-29 01:35:27 | INFO     | KDClient 1 round 31 local training (epochs=4)
[2026-07-29 01:35:56] 2026-07-29 01:35:56 | INFO     | KDClient 1 round 31 completed (acc=0.3091, n=180)
[2026-07-29 01:35:56] 2026-07-29 01:35:56 | INFO     | KDClient 2 fit round 31 (tier=small)
[2026-07-29 01:35:56] 2026-07-29 01:35:56 | INFO     | KDClient 2 round 31 public KD (epochs=2)
[2026-07-29 01:36:42] 2026-07-29 01:36:42 | INFO     | KDClient 2 round 31 local training (epochs=4)
[2026-07-29 01:37:34] 2026-07-29 01:37:34 | INFO     | KDClient 2 round 31 completed (acc=0.3091, n=180)
[2026-07-29 01:37:34] 2026-07-29 01:37:34 | INFO     | KDClient 3 fit round 31 (tier=small)
[2026-07-29 01:37:34] 2026-07-29 01:37:34 | INFO     | KDClient 3 round 31 public KD (epochs=2)
[2026-07-29 01:38:36] 2026-07-29 01:38:36 | INFO     | KDClient 3 round 31 local training (epochs=4)
[2026-07-29 01:39:09] 2026-07-29 01:39:09 | INFO     | KDClient 3 round 31 completed (acc=0.3091, n=180)
[2026-07-29 01:39:09] 2026-07-29 01:39:09 | INFO     | KDClient 4 fit round 31 (tier=small)
[2026-07-29 01:39:09] 2026-07-29 01:39:09 | INFO     | KDClient 4 round 31 public KD (epochs=2)
[2026-07-29 01:39:52] 2026-07-29 01:39:52 | INFO     | KDClient 4 round 31 local training (epochs=4)
[2026-07-29 01:40:39] 2026-07-29 01:40:39 | INFO     | KDClient 4 round 31 completed (acc=0.3091, n=180)
[2026-07-29 01:40:39] 2026-07-29 01:40:39 | INFO     | KDClient 5 fit round 31 (tier=small)
[2026-07-29 01:40:39] 2026-07-29 01:40:39 | INFO     | KDClient 5 round 31 public KD (epochs=2)
[2026-07-29 01:41:27] 2026-07-29 01:41:27 | INFO     | KDClient 5 round 31 local training (epochs=4)
[2026-07-29 01:42:07] 2026-07-29 01:42:07 | INFO     | KDClient 5 round 31 completed (acc=0.3091, n=180)
[2026-07-29 01:42:07] 2026-07-29 01:42:07 | INFO     | KDClient 6 fit round 31 (tier=small)
[2026-07-29 01:42:07] 2026-07-29 01:42:07 | INFO     | KDClient 6 round 31 public KD (epochs=2)
[2026-07-29 01:42:52] 2026-07-29 01:42:52 | INFO     | KDClient 6 round 31 local training (epochs=4)
[2026-07-29 01:43:16] 2026-07-29 01:43:16 | INFO     | KDClient 6 round 31 completed (acc=0.3091, n=180)
[2026-07-29 01:43:16] 2026-07-29 01:43:16 | INFO     | KDClient 7 fit round 31 (tier=medium)
[2026-07-29 01:43:16] 2026-07-29 01:43:16 | INFO     | KDClient 7 round 31 public KD (epochs=2)
[2026-07-29 01:44:42] 2026-07-29 01:44:42 | INFO     | KDClient 7 round 31 local training (epochs=4)
[2026-07-29 01:46:13] 2026-07-29 01:46:13 | INFO     | KDClient 7 round 31 completed (acc=0.3091, n=180)
[2026-07-29 01:46:13] 2026-07-29 01:46:13 | INFO     | KDClient 8 fit round 31 (tier=medium)
[2026-07-29 01:46:13] 2026-07-29 01:46:13 | INFO     | KDClient 8 round 31 public KD (epochs=2)
[2026-07-29 01:47:37] 2026-07-29 01:47:37 | INFO     | KDClient 8 round 31 local training (epochs=4)
[2026-07-29 01:49:14] 2026-07-29 01:49:14 | INFO     | KDClient 8 round 31 completed (acc=0.3091, n=180)
[2026-07-29 01:49:14] 2026-07-29 01:49:14 | INFO     | KDClient 9 fit round 31 (tier=medium)
[2026-07-29 01:49:14] 2026-07-29 01:49:14 | INFO     | KDClient 9 round 31 public KD (epochs=2)
[2026-07-29 01:50:40] 2026-07-29 01:50:40 | INFO     | KDClient 9 round 31 local training (epochs=4)
[2026-07-29 01:51:56] 2026-07-29 01:51:56 | INFO     | KDClient 9 round 31 completed (acc=0.3091, n=180)
[2026-07-29 01:51:56] 2026-07-29 01:51:56 | INFO     | KDClient 10 fit round 31 (tier=medium)
[2026-07-29 01:51:56] 2026-07-29 01:51:56 | INFO     | KDClient 10 round 31 public KD (epochs=2)
[2026-07-29 01:53:22] 2026-07-29 01:53:22 | INFO     | KDClient 10 round 31 local training (epochs=4)
[2026-07-29 01:54:30] 2026-07-29 01:54:29 | INFO     | KDClient 10 round 31 completed (acc=0.3091, n=180)
[2026-07-29 01:54:30] 2026-07-29 01:54:29 | INFO     | KDClient 11 fit round 31 (tier=medium)
[2026-07-29 01:54:30] 2026-07-29 01:54:30 | INFO     | KDClient 11 round 31 public KD (epochs=2)
[2026-07-29 01:56:38] 2026-07-29 01:56:38 | INFO     | KDClient 11 round 31 local training (epochs=4)
[2026-07-29 01:57:59] 2026-07-29 01:57:59 | INFO     | KDClient 11 round 31 completed (acc=0.3091, n=180)
[2026-07-29 01:57:59] 2026-07-29 01:57:59 | INFO     | KDClient 12 fit round 31 (tier=medium)
[2026-07-29 01:57:59] 2026-07-29 01:57:59 | INFO     | KDClient 12 round 31 public KD (epochs=2)
[2026-07-29 02:00:02] 2026-07-29 02:00:02 | INFO     | KDClient 12 round 31 local training (epochs=4)
[2026-07-29 02:01:13] 2026-07-29 02:01:13 | INFO     | KDClient 12 round 31 completed (acc=0.3091, n=180)
[2026-07-29 02:01:13] 2026-07-29 02:01:13 | INFO     | KDClient 13 fit round 31 (tier=medium)
[2026-07-29 02:01:13] 2026-07-29 02:01:13 | INFO     | KDClient 13 round 31 public KD (epochs=2)
[2026-07-29 02:02:43] 2026-07-29 02:02:43 | INFO     | KDClient 13 round 31 local training (epochs=4)
[2026-07-29 02:04:09] 2026-07-29 02:04:09 | INFO     | KDClient 13 round 31 completed (acc=0.3091, n=180)
[2026-07-29 02:04:09] 2026-07-29 02:04:09 | INFO     | KDClient 14 fit round 31 (tier=large)
[2026-07-29 02:04:09] 2026-07-29 02:04:09 | INFO     | KDClient 14 round 31 public KD (epochs=2)
[2026-07-29 02:06:55] 2026-07-29 02:06:55 | INFO     | KDClient 14 round 31 local training (epochs=4)
[2026-07-29 02:08:44] 2026-07-29 02:08:44 | INFO     | KDClient 14 round 31 completed (acc=0.3091, n=180)
[2026-07-29 02:08:44] 2026-07-29 02:08:44 | INFO     | KDClient 15 fit round 31 (tier=large)
[2026-07-29 02:08:44] 2026-07-29 02:08:44 | INFO     | KDClient 15 round 31 public KD (epochs=2)
[2026-07-29 02:10:53] 2026-07-29 02:10:53 | INFO     | KDClient 15 round 31 local training (epochs=4)
[2026-07-29 02:12:37] 2026-07-29 02:12:37 | INFO     | KDClient 15 round 31 completed (acc=0.3091, n=180)
[2026-07-29 02:12:37] 2026-07-29 02:12:37 | INFO     | KDClient 16 fit round 31 (tier=large)
[2026-07-29 02:12:37] 2026-07-29 02:12:37 | INFO     | KDClient 16 round 31 public KD (epochs=2)
[2026-07-29 02:15:06] 2026-07-29 02:15:06 | INFO     | KDClient 16 round 31 local training (epochs=4)
[2026-07-29 02:16:41] 2026-07-29 02:16:41 | INFO     | KDClient 16 round 31 completed (acc=0.3091, n=180)
[2026-07-29 02:16:41] 2026-07-29 02:16:41 | INFO     | KDClient 17 fit round 31 (tier=large)
[2026-07-29 02:16:41] 2026-07-29 02:16:41 | INFO     | KDClient 17 round 31 public KD (epochs=2)
[2026-07-29 02:18:35] 2026-07-29 02:18:35 | INFO     | KDClient 17 round 31 local training (epochs=4)
[2026-07-29 02:20:04] 2026-07-29 02:20:04 | INFO     | KDClient 17 round 31 completed (acc=0.3091, n=180)
[2026-07-29 02:20:04] 2026-07-29 02:20:04 | INFO     | KDClient 18 fit round 31 (tier=large)
[2026-07-29 02:20:04] 2026-07-29 02:20:04 | INFO     | KDClient 18 round 31 public KD (epochs=2)
[2026-07-29 02:22:49] 2026-07-29 02:22:49 | INFO     | KDClient 18 round 31 local training (epochs=4)
[2026-07-29 02:24:22] 2026-07-29 02:24:22 | INFO     | KDClient 18 round 31 completed (acc=0.3091, n=180)
[2026-07-29 02:24:22] 2026-07-29 02:24:22 | INFO     | KDClient 19 fit round 31 (tier=large)
[2026-07-29 02:24:22] 2026-07-29 02:24:22 | INFO     | KDClient 19 round 31 public KD (epochs=2)
[2026-07-29 02:26:11] 2026-07-29 02:26:11 | INFO     | KDClient 19 round 31 local training (epochs=4)
[2026-07-29 02:28:06] 2026-07-29 02:28:06 | INFO     | KDClient 19 round 31 completed (acc=0.3091, n=180)
[2026-07-29 02:28:07] 2026-07-29 02:28:07 | INFO     | MKS — IID: round 31/50 aggregated 3 cluster weights
[2026-07-29 02:28:07]   Round  31/50 | Avg: 0.3091 | Min: 0.3091 | Max: 0.3091
[2026-07-29 02:28:07] 2026-07-29 02:28:07 | INFO     | MKS — IID: round 32/50 starting
[2026-07-29 02:28:07] 2026-07-29 02:28:07 | INFO     | KDClient 0 fit round 32 (tier=small)
[2026-07-29 02:28:07] 2026-07-29 02:28:07 | INFO     | KDClient 0 round 32 public KD (epochs=2)
[2026-07-29 02:29:10] 2026-07-29 02:29:10 | INFO     | KDClient 0 round 32 local training (epochs=4)
[2026-07-29 02:29:48] 2026-07-29 02:29:48 | INFO     | KDClient 0 round 32 completed (acc=0.3091, n=180)
[2026-07-29 02:29:48] 2026-07-29 02:29:48 | INFO     | KDClient 1 fit round 32 (tier=small)
[2026-07-29 02:29:48] 2026-07-29 02:29:48 | INFO     | KDClient 1 round 32 public KD (epochs=2)
[2026-07-29 02:30:20] 2026-07-29 02:30:20 | INFO     | KDClient 1 round 32 local training (epochs=4)
[2026-07-29 02:30:57] 2026-07-29 02:30:57 | INFO     | KDClient 1 round 32 completed (acc=0.3091, n=180)
[2026-07-29 02:30:57] 2026-07-29 02:30:57 | INFO     | KDClient 2 fit round 32 (tier=small)
[2026-07-29 02:30:57] 2026-07-29 02:30:57 | INFO     | KDClient 2 round 32 public KD (epochs=2)
[2026-07-29 02:31:28] 2026-07-29 02:31:28 | INFO     | KDClient 2 round 32 local training (epochs=4)
[2026-07-29 02:32:02] 2026-07-29 02:32:02 | INFO     | KDClient 2 round 32 completed (acc=0.3091, n=180)
[2026-07-29 02:32:02] 2026-07-29 02:32:02 | INFO     | KDClient 3 fit round 32 (tier=small)
[2026-07-29 02:32:02] 2026-07-29 02:32:02 | INFO     | KDClient 3 round 32 public KD (epochs=2)
[2026-07-29 02:32:48] 2026-07-29 02:32:48 | INFO     | KDClient 3 round 32 local training (epochs=4)
[2026-07-29 02:33:26] 2026-07-29 02:33:26 | INFO     | KDClient 3 round 32 completed (acc=0.3091, n=180)
[2026-07-29 02:33:26] 2026-07-29 02:33:26 | INFO     | KDClient 4 fit round 32 (tier=small)
[2026-07-29 02:33:26] 2026-07-29 02:33:26 | INFO     | KDClient 4 round 32 public KD (epochs=2)
[2026-07-29 02:34:09] 2026-07-29 02:34:09 | INFO     | KDClient 4 round 32 local training (epochs=4)
[2026-07-29 02:34:35] 2026-07-29 02:34:35 | INFO     | KDClient 4 round 32 completed (acc=0.3091, n=180)
[2026-07-29 02:34:35] 2026-07-29 02:34:35 | INFO     | KDClient 5 fit round 32 (tier=small)
[2026-07-29 02:34:35] 2026-07-29 02:34:35 | INFO     | KDClient 5 round 32 public KD (epochs=2)
[2026-07-29 02:35:06] 2026-07-29 02:35:06 | INFO     | KDClient 5 round 32 local training (epochs=4)
[2026-07-29 02:35:39] 2026-07-29 02:35:39 | INFO     | KDClient 5 round 32 completed (acc=0.3091, n=180)
[2026-07-29 02:35:39] 2026-07-29 02:35:39 | INFO     | KDClient 6 fit round 32 (tier=small)
[2026-07-29 02:35:39] 2026-07-29 02:35:39 | INFO     | KDClient 6 round 32 public KD (epochs=2)
[2026-07-29 02:36:43] 2026-07-29 02:36:43 | INFO     | KDClient 6 round 32 local training (epochs=4)
[2026-07-29 02:37:11] 2026-07-29 02:37:11 | INFO     | KDClient 6 round 32 completed (acc=0.3091, n=180)
[2026-07-29 02:37:11] 2026-07-29 02:37:11 | INFO     | KDClient 7 fit round 32 (tier=medium)
[2026-07-29 02:37:11] 2026-07-29 02:37:11 | INFO     | KDClient 7 round 32 public KD (epochs=2)
[2026-07-29 02:39:18] 2026-07-29 02:39:18 | INFO     | KDClient 7 round 32 local training (epochs=4)
[2026-07-29 02:40:24] 2026-07-29 02:40:23 | INFO     | KDClient 7 round 32 completed (acc=0.3091, n=180)
[2026-07-29 02:40:24] 2026-07-29 02:40:23 | INFO     | KDClient 8 fit round 32 (tier=medium)
[2026-07-29 02:40:24] 2026-07-29 02:40:24 | INFO     | KDClient 8 round 32 public KD (epochs=2)
[2026-07-29 02:42:30] 2026-07-29 02:42:30 | INFO     | KDClient 8 round 32 local training (epochs=4)
[2026-07-29 02:43:42] 2026-07-29 02:43:42 | INFO     | KDClient 8 round 32 completed (acc=0.3091, n=180)
[2026-07-29 02:43:42] 2026-07-29 02:43:42 | INFO     | KDClient 9 fit round 32 (tier=medium)
[2026-07-29 02:43:43] 2026-07-29 02:43:43 | INFO     | KDClient 9 round 32 public KD (epochs=2)
[2026-07-29 02:45:06] 2026-07-29 02:45:06 | INFO     | KDClient 9 round 32 local training (epochs=4)
[2026-07-29 02:46:16] 2026-07-29 02:46:16 | INFO     | KDClient 9 round 32 completed (acc=0.3091, n=180)
[2026-07-29 02:46:16] 2026-07-29 02:46:16 | INFO     | KDClient 10 fit round 32 (tier=medium)
[2026-07-29 02:46:16] 2026-07-29 02:46:16 | INFO     | KDClient 10 round 32 public KD (epochs=2)
[2026-07-29 02:49:02] 2026-07-29 02:49:02 | INFO     | KDClient 10 round 32 local training (epochs=4)
[2026-07-29 02:50:20] 2026-07-29 02:50:20 | INFO     | KDClient 10 round 32 completed (acc=0.3018, n=180)
[2026-07-29 02:50:20] 2026-07-29 02:50:20 | INFO     | KDClient 11 fit round 32 (tier=medium)
[2026-07-29 02:50:20] 2026-07-29 02:50:20 | INFO     | KDClient 11 round 32 public KD (epochs=2)
[2026-07-29 02:52:26] 2026-07-29 02:52:26 | INFO     | KDClient 11 round 32 local training (epochs=4)
[2026-07-29 02:53:26] 2026-07-29 02:53:26 | INFO     | KDClient 11 round 32 completed (acc=0.3091, n=180)
[2026-07-29 02:53:26] 2026-07-29 02:53:26 | INFO     | KDClient 12 fit round 32 (tier=medium)
[2026-07-29 02:53:26] 2026-07-29 02:53:26 | INFO     | KDClient 12 round 32 public KD (epochs=2)
[2026-07-29 02:55:34] 2026-07-29 02:55:34 | INFO     | KDClient 12 round 32 local training (epochs=4)
[2026-07-29 02:57:02] 2026-07-29 02:57:02 | INFO     | KDClient 12 round 32 completed (acc=0.3091, n=180)
[2026-07-29 02:57:02] 2026-07-29 02:57:02 | INFO     | KDClient 13 fit round 32 (tier=medium)
[2026-07-29 02:57:02] 2026-07-29 02:57:02 | INFO     | KDClient 13 round 32 public KD (epochs=2)
[2026-07-29 02:59:11] 2026-07-29 02:59:11 | INFO     | KDClient 13 round 32 local training (epochs=4)
[2026-07-29 03:00:40] 2026-07-29 03:00:40 | INFO     | KDClient 13 round 32 completed (acc=0.3091, n=180)
[2026-07-29 03:00:40] 2026-07-29 03:00:40 | INFO     | KDClient 14 fit round 32 (tier=large)
[2026-07-29 03:00:40] 2026-07-29 03:00:40 | INFO     | KDClient 14 round 32 public KD (epochs=2)
[2026-07-29 03:03:07] 2026-07-29 03:03:07 | INFO     | KDClient 14 round 32 local training (epochs=4)
[2026-07-29 03:04:58] 2026-07-29 03:04:58 | INFO     | KDClient 14 round 32 completed (acc=0.3091, n=180)
[2026-07-29 03:04:58] 2026-07-29 03:04:58 | INFO     | KDClient 15 fit round 32 (tier=large)
[2026-07-29 03:04:58] 2026-07-29 03:04:58 | INFO     | KDClient 15 round 32 public KD (epochs=2)
[2026-07-29 03:07:12] 2026-07-29 03:07:12 | INFO     | KDClient 15 round 32 local training (epochs=4)
[2026-07-29 03:09:23] 2026-07-29 03:09:23 | INFO     | KDClient 15 round 32 completed (acc=0.3091, n=180)
[2026-07-29 03:09:23] 2026-07-29 03:09:23 | INFO     | KDClient 16 fit round 32 (tier=large)
[2026-07-29 03:09:24] 2026-07-29 03:09:24 | INFO     | KDClient 16 round 32 public KD (epochs=2)
[2026-07-29 03:11:57] 2026-07-29 03:11:57 | INFO     | KDClient 16 round 32 local training (epochs=4)
[2026-07-29 03:13:36] 2026-07-29 03:13:36 | INFO     | KDClient 16 round 32 completed (acc=0.3091, n=180)
[2026-07-29 03:13:36] 2026-07-29 03:13:36 | INFO     | KDClient 17 fit round 32 (tier=large)
[2026-07-29 03:13:36] 2026-07-29 03:13:36 | INFO     | KDClient 17 round 32 public KD (epochs=2)
[2026-07-29 03:15:31] 2026-07-29 03:15:31 | INFO     | KDClient 17 round 32 local training (epochs=4)
[2026-07-29 03:17:09] 2026-07-29 03:17:09 | INFO     | KDClient 17 round 32 completed (acc=0.3091, n=180)
[2026-07-29 03:17:09] 2026-07-29 03:17:09 | INFO     | KDClient 18 fit round 32 (tier=large)
[2026-07-29 03:17:09] 2026-07-29 03:17:09 | INFO     | KDClient 18 round 32 public KD (epochs=2)
[2026-07-29 03:19:33] 2026-07-29 03:19:33 | INFO     | KDClient 18 round 32 local training (epochs=4)
[2026-07-29 03:21:11] 2026-07-29 03:21:11 | INFO     | KDClient 18 round 32 completed (acc=0.3091, n=180)
[2026-07-29 03:21:11] 2026-07-29 03:21:11 | INFO     | KDClient 19 fit round 32 (tier=large)
[2026-07-29 03:21:11] 2026-07-29 03:21:11 | INFO     | KDClient 19 round 32 public KD (epochs=2)
[2026-07-29 03:23:31] 2026-07-29 03:23:31 | INFO     | KDClient 19 round 32 local training (epochs=4)
[2026-07-29 03:25:20] 2026-07-29 03:25:20 | INFO     | KDClient 19 round 32 completed (acc=0.3091, n=180)
[2026-07-29 03:25:20] 2026-07-29 03:25:20 | INFO     | MKS — IID: round 32/50 aggregated 3 cluster weights
[2026-07-29 03:25:20]   Round  32/50 | Avg: 0.3087 | Min: 0.3018 | Max: 0.3091
[2026-07-29 03:25:20] 2026-07-29 03:25:20 | INFO     | MKS — IID: round 33/50 starting
[2026-07-29 03:25:20] 2026-07-29 03:25:20 | INFO     | KDClient 0 fit round 33 (tier=small)
[2026-07-29 03:25:20] 2026-07-29 03:25:20 | INFO     | KDClient 0 round 33 public KD (epochs=2)
[2026-07-29 03:26:27] 2026-07-29 03:26:27 | INFO     | KDClient 0 round 33 local training (epochs=4)
[2026-07-29 03:27:09] 2026-07-29 03:27:09 | INFO     | KDClient 0 round 33 completed (acc=0.3091, n=180)
[2026-07-29 03:27:09] 2026-07-29 03:27:09 | INFO     | KDClient 1 fit round 33 (tier=small)
[2026-07-29 03:27:09] 2026-07-29 03:27:09 | INFO     | KDClient 1 round 33 public KD (epochs=2)
[2026-07-29 03:27:49] 2026-07-29 03:27:49 | INFO     | KDClient 1 round 33 local training (epochs=4)
[2026-07-29 03:28:29] 2026-07-29 03:28:29 | INFO     | KDClient 1 round 33 completed (acc=0.3091, n=180)
[2026-07-29 03:28:29] 2026-07-29 03:28:29 | INFO     | KDClient 2 fit round 33 (tier=small)
[2026-07-29 03:28:29] 2026-07-29 03:28:29 | INFO     | KDClient 2 round 33 public KD (epochs=2)
[2026-07-29 03:29:31] 2026-07-29 03:29:31 | INFO     | KDClient 2 round 33 local training (epochs=4)
[2026-07-29 03:29:58] 2026-07-29 03:29:58 | INFO     | KDClient 2 round 33 completed (acc=0.3091, n=180)
[2026-07-29 03:29:58] 2026-07-29 03:29:58 | INFO     | KDClient 3 fit round 33 (tier=small)
[2026-07-29 03:29:58] 2026-07-29 03:29:58 | INFO     | KDClient 3 round 33 public KD (epochs=2)
[2026-07-29 03:31:03] 2026-07-29 03:31:03 | INFO     | KDClient 3 round 33 local training (epochs=4)
[2026-07-29 03:31:43] 2026-07-29 03:31:43 | INFO     | KDClient 3 round 33 completed (acc=0.3091, n=180)
[2026-07-29 03:31:43] 2026-07-29 03:31:43 | INFO     | KDClient 4 fit round 33 (tier=small)
[2026-07-29 03:31:43] 2026-07-29 03:31:43 | INFO     | KDClient 4 round 33 public KD (epochs=2)
[2026-07-29 03:32:44] 2026-07-29 03:32:44 | INFO     | KDClient 4 round 33 local training (epochs=4)
[2026-07-29 03:33:17] 2026-07-29 03:33:17 | INFO     | KDClient 4 round 33 completed (acc=0.3091, n=180)
[2026-07-29 03:33:17] 2026-07-29 03:33:17 | INFO     | KDClient 5 fit round 33 (tier=small)
[2026-07-29 03:33:18] 2026-07-29 03:33:18 | INFO     | KDClient 5 round 33 public KD (epochs=2)
[2026-07-29 03:34:04] 2026-07-29 03:34:04 | INFO     | KDClient 5 round 33 local training (epochs=4)
[2026-07-29 03:34:44] 2026-07-29 03:34:44 | INFO     | KDClient 5 round 33 completed (acc=0.3091, n=180)
[2026-07-29 03:34:44] 2026-07-29 03:34:44 | INFO     | KDClient 6 fit round 33 (tier=small)
[2026-07-29 03:34:44] 2026-07-29 03:34:44 | INFO     | KDClient 6 round 33 public KD (epochs=2)
[2026-07-29 03:35:49] 2026-07-29 03:35:49 | INFO     | KDClient 6 round 33 local training (epochs=4)
[2026-07-29 03:36:18] 2026-07-29 03:36:18 | INFO     | KDClient 6 round 33 completed (acc=0.3091, n=180)
[2026-07-29 03:36:18] 2026-07-29 03:36:18 | INFO     | KDClient 7 fit round 33 (tier=medium)
[2026-07-29 03:36:18] 2026-07-29 03:36:18 | INFO     | KDClient 7 round 33 public KD (epochs=2)
[2026-07-29 03:37:45] 2026-07-29 03:37:45 | INFO     | KDClient 7 round 33 local training (epochs=4)
[2026-07-29 03:39:09] 2026-07-29 03:39:09 | INFO     | KDClient 7 round 33 completed (acc=0.3091, n=180)
[2026-07-29 03:39:09] 2026-07-29 03:39:09 | INFO     | KDClient 8 fit round 33 (tier=medium)
[2026-07-29 03:39:10] 2026-07-29 03:39:09 | INFO     | KDClient 8 round 33 public KD (epochs=2)
[2026-07-29 03:40:39] 2026-07-29 03:40:39 | INFO     | KDClient 8 round 33 local training (epochs=4)
[2026-07-29 03:41:44] 2026-07-29 03:41:44 | INFO     | KDClient 8 round 33 completed (acc=0.3091, n=180)
[2026-07-29 03:41:44] 2026-07-29 03:41:44 | INFO     | KDClient 9 fit round 33 (tier=medium)
[2026-07-29 03:41:44] 2026-07-29 03:41:44 | INFO     | KDClient 9 round 33 public KD (epochs=2)
[2026-07-29 03:43:49] 2026-07-29 03:43:49 | INFO     | KDClient 9 round 33 local training (epochs=4)
[2026-07-29 03:45:10] 2026-07-29 03:45:10 | INFO     | KDClient 9 round 33 completed (acc=0.3091, n=180)
[2026-07-29 03:45:10] 2026-07-29 03:45:10 | INFO     | KDClient 10 fit round 33 (tier=medium)
[2026-07-29 03:45:10] 2026-07-29 03:45:10 | INFO     | KDClient 10 round 33 public KD (epochs=2)
[2026-07-29 03:46:30] 2026-07-29 03:46:30 | INFO     | KDClient 10 round 33 local training (epochs=4)
[2026-07-29 03:47:33] 2026-07-29 03:47:33 | INFO     | KDClient 10 round 33 completed (acc=0.3091, n=180)
[2026-07-29 03:47:33] 2026-07-29 03:47:33 | INFO     | KDClient 11 fit round 33 (tier=medium)
[2026-07-29 03:47:33] 2026-07-29 03:47:33 | INFO     | KDClient 11 round 33 public KD (epochs=2)
[2026-07-29 03:48:48] 2026-07-29 03:48:48 | INFO     | KDClient 11 round 33 local training (epochs=4)
[2026-07-29 03:49:46] 2026-07-29 03:49:46 | INFO     | KDClient 11 round 33 completed (acc=0.3091, n=180)
[2026-07-29 03:49:46] 2026-07-29 03:49:46 | INFO     | KDClient 12 fit round 33 (tier=medium)
[2026-07-29 03:49:46] 2026-07-29 03:49:46 | INFO     | KDClient 12 round 33 public KD (epochs=2)
[2026-07-29 03:51:48] 2026-07-29 03:51:48 | INFO     | KDClient 12 round 33 local training (epochs=4)
[2026-07-29 03:52:50] 2026-07-29 03:52:50 | INFO     | KDClient 12 round 33 completed (acc=0.3091, n=180)
[2026-07-29 03:52:50] 2026-07-29 03:52:50 | INFO     | KDClient 13 fit round 33 (tier=medium)
[2026-07-29 03:52:50] 2026-07-29 03:52:50 | INFO     | KDClient 13 round 33 public KD (epochs=2)
[2026-07-29 03:54:11] 2026-07-29 03:54:11 | INFO     | KDClient 13 round 33 local training (epochs=4)
[2026-07-29 03:55:14] 2026-07-29 03:55:14 | INFO     | KDClient 13 round 33 completed (acc=0.3091, n=180)
[2026-07-29 03:55:14] 2026-07-29 03:55:14 | INFO     | KDClient 14 fit round 33 (tier=large)
[2026-07-29 03:55:14] 2026-07-29 03:55:14 | INFO     | KDClient 14 round 33 public KD (epochs=2)
[2026-07-29 03:57:30] 2026-07-29 03:57:30 | INFO     | KDClient 14 round 33 local training (epochs=4)
[2026-07-29 03:59:09] 2026-07-29 03:59:09 | INFO     | KDClient 14 round 33 completed (acc=0.3091, n=180)
[2026-07-29 03:59:09] 2026-07-29 03:59:09 | INFO     | KDClient 15 fit round 33 (tier=large)
[2026-07-29 03:59:09] 2026-07-29 03:59:09 | INFO     | KDClient 15 round 33 public KD (epochs=2)
[2026-07-29 04:00:59] 2026-07-29 04:00:59 | INFO     | KDClient 15 round 33 local training (epochs=4)
[2026-07-29 04:02:29] 2026-07-29 04:02:28 | INFO     | KDClient 15 round 33 completed (acc=0.3091, n=180)
[2026-07-29 04:02:29] 2026-07-29 04:02:28 | INFO     | KDClient 16 fit round 33 (tier=large)
[2026-07-29 04:02:29] 2026-07-29 04:02:29 | INFO     | KDClient 16 round 33 public KD (epochs=2)
[2026-07-29 04:04:40] 2026-07-29 04:04:40 | INFO     | KDClient 16 round 33 local training (epochs=4)
[2026-07-29 04:05:43] 2026-07-29 04:05:43 | INFO     | KDClient 16 round 33 completed (acc=0.3091, n=180)
[2026-07-29 04:05:43] 2026-07-29 04:05:43 | INFO     | KDClient 17 fit round 33 (tier=large)
[2026-07-29 04:05:43] 2026-07-29 04:05:43 | INFO     | KDClient 17 round 33 public KD (epochs=2)
[2026-07-29 04:07:26] 2026-07-29 04:07:26 | INFO     | KDClient 17 round 33 local training (epochs=4)
[2026-07-29 04:08:47] 2026-07-29 04:08:47 | INFO     | KDClient 17 round 33 completed (acc=0.3091, n=180)
[2026-07-29 04:08:47] 2026-07-29 04:08:47 | INFO     | KDClient 18 fit round 33 (tier=large)
[2026-07-29 04:08:47] 2026-07-29 04:08:47 | INFO     | KDClient 18 round 33 public KD (epochs=2)
[2026-07-29 04:10:59] 2026-07-29 04:10:59 | INFO     | KDClient 18 round 33 local training (epochs=4)
[2026-07-29 04:12:27] 2026-07-29 04:12:27 | INFO     | KDClient 18 round 33 completed (acc=0.3091, n=180)
[2026-07-29 04:12:27] 2026-07-29 04:12:27 | INFO     | KDClient 19 fit round 33 (tier=large)
[2026-07-29 04:12:27] 2026-07-29 04:12:27 | INFO     | KDClient 19 round 33 public KD (epochs=2)
[2026-07-29 04:14:40] 2026-07-29 04:14:40 | INFO     | KDClient 19 round 33 local training (epochs=4)
[2026-07-29 04:15:52] 2026-07-29 04:15:52 | INFO     | KDClient 19 round 33 completed (acc=0.3091, n=180)
[2026-07-29 04:15:52] 2026-07-29 04:15:52 | INFO     | MKS — IID: round 33/50 aggregated 3 cluster weights
[2026-07-29 04:15:52]   Round  33/50 | Avg: 0.3091 | Min: 0.3091 | Max: 0.3091
[2026-07-29 04:15:52] 2026-07-29 04:15:52 | INFO     | MKS — IID: round 34/50 starting
[2026-07-29 04:15:52] 2026-07-29 04:15:52 | INFO     | KDClient 0 fit round 34 (tier=small)
[2026-07-29 04:15:52] 2026-07-29 04:15:52 | INFO     | KDClient 0 round 34 public KD (epochs=2)
[2026-07-29 04:16:35] 2026-07-29 04:16:35 | INFO     | KDClient 0 round 34 local training (epochs=4)
[2026-07-29 04:16:55] 2026-07-29 04:16:55 | INFO     | KDClient 0 round 34 completed (acc=0.3091, n=180)
[2026-07-29 04:16:55] 2026-07-29 04:16:55 | INFO     | KDClient 1 fit round 34 (tier=small)
[2026-07-29 04:16:55] 2026-07-29 04:16:55 | INFO     | KDClient 1 round 34 public KD (epochs=2)
[2026-07-29 04:17:23] 2026-07-29 04:17:23 | INFO     | KDClient 1 round 34 local training (epochs=4)
[2026-07-29 04:17:51] 2026-07-29 04:17:51 | INFO     | KDClient 1 round 34 completed (acc=0.3091, n=180)
[2026-07-29 04:17:51] 2026-07-29 04:17:51 | INFO     | KDClient 2 fit round 34 (tier=small)
[2026-07-29 04:17:51] 2026-07-29 04:17:51 | INFO     | KDClient 2 round 34 public KD (epochs=2)
[2026-07-29 04:18:28] 2026-07-29 04:18:28 | INFO     | KDClient 2 round 34 local training (epochs=4)
[2026-07-29 04:19:12] 2026-07-29 04:19:12 | INFO     | KDClient 2 round 34 completed (acc=0.3091, n=180)
[2026-07-29 04:19:12] 2026-07-29 04:19:12 | INFO     | KDClient 3 fit round 34 (tier=small)
[2026-07-29 04:19:12] 2026-07-29 04:19:12 | INFO     | KDClient 3 round 34 public KD (epochs=2)
[2026-07-29 04:19:49] 2026-07-29 04:19:49 | INFO     | KDClient 3 round 34 local training (epochs=4)
[2026-07-29 04:20:15] 2026-07-29 04:20:15 | INFO     | KDClient 3 round 34 completed (acc=0.3091, n=180)
[2026-07-29 04:20:15] 2026-07-29 04:20:15 | INFO     | KDClient 4 fit round 34 (tier=small)
[2026-07-29 04:20:15] 2026-07-29 04:20:15 | INFO     | KDClient 4 round 34 public KD (epochs=2)
[2026-07-29 04:21:04] 2026-07-29 04:21:04 | INFO     | KDClient 4 round 34 local training (epochs=4)
[2026-07-29 04:21:38] 2026-07-29 04:21:38 | INFO     | KDClient 4 round 34 completed (acc=0.3091, n=180)
[2026-07-29 04:21:38] 2026-07-29 04:21:38 | INFO     | KDClient 5 fit round 34 (tier=small)
[2026-07-29 04:21:38] 2026-07-29 04:21:38 | INFO     | KDClient 5 round 34 public KD (epochs=2)
[2026-07-29 04:22:24] 2026-07-29 04:22:24 | INFO     | KDClient 5 round 34 local training (epochs=4)
[2026-07-29 04:22:53] 2026-07-29 04:22:53 | INFO     | KDClient 5 round 34 completed (acc=0.3091, n=180)
[2026-07-29 04:22:53] 2026-07-29 04:22:53 | INFO     | KDClient 6 fit round 34 (tier=small)
[2026-07-29 04:22:53] 2026-07-29 04:22:53 | INFO     | KDClient 6 round 34 public KD (epochs=2)
[2026-07-29 04:23:56] 2026-07-29 04:23:56 | INFO     | KDClient 6 round 34 local training (epochs=4)
[2026-07-29 04:24:29] 2026-07-29 04:24:29 | INFO     | KDClient 6 round 34 completed (acc=0.3091, n=180)
[2026-07-29 04:24:29] 2026-07-29 04:24:29 | INFO     | KDClient 7 fit round 34 (tier=medium)
[2026-07-29 04:24:29] 2026-07-29 04:24:29 | INFO     | KDClient 7 round 34 public KD (epochs=2)
[2026-07-29 04:25:54] 2026-07-29 04:25:54 | INFO     | KDClient 7 round 34 local training (epochs=4)
[2026-07-29 04:27:06] 2026-07-29 04:27:06 | INFO     | KDClient 7 round 34 completed (acc=0.3091, n=180)
[2026-07-29 04:27:06] 2026-07-29 04:27:06 | INFO     | KDClient 8 fit round 34 (tier=medium)
[2026-07-29 04:27:06] 2026-07-29 04:27:06 | INFO     | KDClient 8 round 34 public KD (epochs=2)
[2026-07-29 04:28:24] 2026-07-29 04:28:24 | INFO     | KDClient 8 round 34 local training (epochs=4)
[2026-07-29 04:29:47] 2026-07-29 04:29:47 | INFO     | KDClient 8 round 34 completed (acc=0.3091, n=180)
[2026-07-29 04:29:47] 2026-07-29 04:29:47 | INFO     | KDClient 9 fit round 34 (tier=medium)
[2026-07-29 04:29:47] 2026-07-29 04:29:47 | INFO     | KDClient 9 round 34 public KD (epochs=2)
[2026-07-29 04:31:09] 2026-07-29 04:31:09 | INFO     | KDClient 9 round 34 local training (epochs=4)
[2026-07-29 04:32:27] 2026-07-29 04:32:27 | INFO     | KDClient 9 round 34 completed (acc=0.3091, n=180)
[2026-07-29 04:32:27] 2026-07-29 04:32:27 | INFO     | KDClient 10 fit round 34 (tier=medium)
[2026-07-29 04:32:27] 2026-07-29 04:32:27 | INFO     | KDClient 10 round 34 public KD (epochs=2)
[2026-07-29 04:33:49] 2026-07-29 04:33:49 | INFO     | KDClient 10 round 34 local training (epochs=4)
[2026-07-29 04:35:02] 2026-07-29 04:35:02 | INFO     | KDClient 10 round 34 completed (acc=0.3091, n=180)
[2026-07-29 04:35:02] 2026-07-29 04:35:02 | INFO     | KDClient 11 fit round 34 (tier=medium)
[2026-07-29 04:35:02] 2026-07-29 04:35:02 | INFO     | KDClient 11 round 34 public KD (epochs=2)
[2026-07-29 04:36:23] 2026-07-29 04:36:23 | INFO     | KDClient 11 round 34 local training (epochs=4)
[2026-07-29 04:37:31] 2026-07-29 04:37:31 | INFO     | KDClient 11 round 34 completed (acc=0.3091, n=180)
[2026-07-29 04:37:31] 2026-07-29 04:37:31 | INFO     | KDClient 12 fit round 34 (tier=medium)
[2026-07-29 04:37:31] 2026-07-29 04:37:31 | INFO     | KDClient 12 round 34 public KD (epochs=2)
[2026-07-29 04:38:54] 2026-07-29 04:38:54 | INFO     | KDClient 12 round 34 local training (epochs=4)
[2026-07-29 04:40:06] 2026-07-29 04:40:06 | INFO     | KDClient 12 round 34 completed (acc=0.3091, n=180)
[2026-07-29 04:40:06] 2026-07-29 04:40:06 | INFO     | KDClient 13 fit round 34 (tier=medium)
[2026-07-29 04:40:06] 2026-07-29 04:40:06 | INFO     | KDClient 13 round 34 public KD (epochs=2)
[2026-07-29 04:42:13] 2026-07-29 04:42:13 | INFO     | KDClient 13 round 34 local training (epochs=4)
[2026-07-29 04:43:24] 2026-07-29 04:43:24 | INFO     | KDClient 13 round 34 completed (acc=0.3091, n=180)
[2026-07-29 04:43:24] 2026-07-29 04:43:24 | INFO     | KDClient 14 fit round 34 (tier=large)
[2026-07-29 04:43:24] 2026-07-29 04:43:24 | INFO     | KDClient 14 round 34 public KD (epochs=2)
[2026-07-29 04:46:06] 2026-07-29 04:46:06 | INFO     | KDClient 14 round 34 local training (epochs=4)
[2026-07-29 04:48:03] 2026-07-29 04:48:03 | INFO     | KDClient 14 round 34 completed (acc=0.3091, n=180)
[2026-07-29 04:48:03] 2026-07-29 04:48:03 | INFO     | KDClient 15 fit round 34 (tier=large)
[2026-07-29 04:48:03] 2026-07-29 04:48:03 | INFO     | KDClient 15 round 34 public KD (epochs=2)
[2026-07-29 04:50:38] 2026-07-29 04:50:38 | INFO     | KDClient 15 round 34 local training (epochs=4)
[2026-07-29 04:52:29] 2026-07-29 04:52:29 | INFO     | KDClient 15 round 34 completed (acc=0.3091, n=180)
[2026-07-29 04:52:29] 2026-07-29 04:52:29 | INFO     | KDClient 16 fit round 34 (tier=large)
[2026-07-29 04:52:29] 2026-07-29 04:52:29 | INFO     | KDClient 16 round 34 public KD (epochs=2)
[2026-07-29 04:54:44] 2026-07-29 04:54:44 | INFO     | KDClient 16 round 34 local training (epochs=4)
[2026-07-29 04:56:30] 2026-07-29 04:56:30 | INFO     | KDClient 16 round 34 completed (acc=0.3091, n=180)
[2026-07-29 04:56:30] 2026-07-29 04:56:30 | INFO     | KDClient 17 fit round 34 (tier=large)
[2026-07-29 04:56:30] 2026-07-29 04:56:30 | INFO     | KDClient 17 round 34 public KD (epochs=2)
[2026-07-29 04:58:34] 2026-07-29 04:58:34 | INFO     | KDClient 17 round 34 local training (epochs=4)
[2026-07-29 05:00:17] 2026-07-29 05:00:17 | INFO     | KDClient 17 round 34 completed (acc=0.3091, n=180)
[2026-07-29 05:00:17] 2026-07-29 05:00:17 | INFO     | KDClient 18 fit round 34 (tier=large)
[2026-07-29 05:00:17] 2026-07-29 05:00:17 | INFO     | KDClient 18 round 34 public KD (epochs=2)
[2026-07-29 05:02:39] 2026-07-29 05:02:39 | INFO     | KDClient 18 round 34 local training (epochs=4)
[2026-07-29 05:04:13] 2026-07-29 05:04:13 | INFO     | KDClient 18 round 34 completed (acc=0.3055, n=180)
[2026-07-29 05:04:13] 2026-07-29 05:04:13 | INFO     | KDClient 19 fit round 34 (tier=large)
[2026-07-29 05:04:13] 2026-07-29 05:04:13 | INFO     | KDClient 19 round 34 public KD (epochs=2)
[2026-07-29 05:06:13] 2026-07-29 05:06:13 | INFO     | KDClient 19 round 34 local training (epochs=4)
[2026-07-29 05:07:55] 2026-07-29 05:07:55 | INFO     | KDClient 19 round 34 completed (acc=0.3091, n=180)
[2026-07-29 05:07:56] 2026-07-29 05:07:56 | INFO     | MKS — IID: round 34/50 aggregated 3 cluster weights
[2026-07-29 05:07:56]   Round  34/50 | Avg: 0.3089 | Min: 0.3055 | Max: 0.3091
[2026-07-29 05:07:56] 2026-07-29 05:07:56 | INFO     | MKS — IID: round 35/50 starting
[2026-07-29 05:07:56] 2026-07-29 05:07:56 | INFO     | KDClient 0 fit round 35 (tier=small)
[2026-07-29 05:07:56] 2026-07-29 05:07:56 | INFO     | KDClient 0 round 35 public KD (epochs=2)
[2026-07-29 05:08:37] 2026-07-29 05:08:37 | INFO     | KDClient 0 round 35 local training (epochs=4)
[2026-07-29 05:09:17] 2026-07-29 05:09:17 | INFO     | KDClient 0 round 35 completed (acc=0.3018, n=180)
[2026-07-29 05:09:18] 2026-07-29 05:09:17 | INFO     | KDClient 1 fit round 35 (tier=small)
[2026-07-29 05:09:18] 2026-07-29 05:09:18 | INFO     | KDClient 1 round 35 public KD (epochs=2)
[2026-07-29 05:09:59] 2026-07-29 05:09:59 | INFO     | KDClient 1 round 35 local training (epochs=4)
[2026-07-29 05:10:35] 2026-07-29 05:10:35 | INFO     | KDClient 1 round 35 completed (acc=0.3091, n=180)
[2026-07-29 05:10:35] 2026-07-29 05:10:35 | INFO     | KDClient 2 fit round 35 (tier=small)
[2026-07-29 05:10:35] 2026-07-29 05:10:35 | INFO     | KDClient 2 round 35 public KD (epochs=2)
[2026-07-29 05:11:23] 2026-07-29 05:11:23 | INFO     | KDClient 2 round 35 local training (epochs=4)
[2026-07-29 05:12:01] 2026-07-29 05:12:01 | INFO     | KDClient 2 round 35 completed (acc=0.3091, n=180)
[2026-07-29 05:12:01] 2026-07-29 05:12:01 | INFO     | KDClient 3 fit round 35 (tier=small)
[2026-07-29 05:12:01] 2026-07-29 05:12:01 | INFO     | KDClient 3 round 35 public KD (epochs=2)
[2026-07-29 05:13:04] 2026-07-29 05:13:04 | INFO     | KDClient 3 round 35 local training (epochs=4)
[2026-07-29 05:13:45] 2026-07-29 05:13:45 | INFO     | KDClient 3 round 35 completed (acc=0.3091, n=180)
[2026-07-29 05:13:45] 2026-07-29 05:13:45 | INFO     | KDClient 4 fit round 35 (tier=small)
[2026-07-29 05:13:45] 2026-07-29 05:13:45 | INFO     | KDClient 4 round 35 public KD (epochs=2)
[2026-07-29 05:14:44] 2026-07-29 05:14:44 | INFO     | KDClient 4 round 35 local training (epochs=4)
[2026-07-29 05:15:20] 2026-07-29 05:15:20 | INFO     | KDClient 4 round 35 completed (acc=0.3091, n=180)
[2026-07-29 05:15:20] 2026-07-29 05:15:20 | INFO     | KDClient 5 fit round 35 (tier=small)
[2026-07-29 05:15:20] 2026-07-29 05:15:20 | INFO     | KDClient 5 round 35 public KD (epochs=2)
[2026-07-29 05:16:07] 2026-07-29 05:16:07 | INFO     | KDClient 5 round 35 local training (epochs=4)
[2026-07-29 05:16:53] 2026-07-29 05:16:53 | INFO     | KDClient 5 round 35 completed (acc=0.3091, n=180)
[2026-07-29 05:16:53] 2026-07-29 05:16:53 | INFO     | KDClient 6 fit round 35 (tier=small)
[2026-07-29 05:16:53] 2026-07-29 05:16:53 | INFO     | KDClient 6 round 35 public KD (epochs=2)
[2026-07-29 05:17:44] 2026-07-29 05:17:44 | INFO     | KDClient 6 round 35 local training (epochs=4)
[2026-07-29 05:18:28] 2026-07-29 05:18:28 | INFO     | KDClient 6 round 35 completed (acc=0.3091, n=180)
[2026-07-29 05:18:28] 2026-07-29 05:18:28 | INFO     | KDClient 7 fit round 35 (tier=medium)
[2026-07-29 05:18:28] 2026-07-29 05:18:28 | INFO     | KDClient 7 round 35 public KD (epochs=2)
[2026-07-29 05:20:05] 2026-07-29 05:20:05 | INFO     | KDClient 7 round 35 local training (epochs=4)
[2026-07-29 05:21:20] 2026-07-29 05:21:20 | INFO     | KDClient 7 round 35 completed (acc=0.2982, n=180)
[2026-07-29 05:21:20] 2026-07-29 05:21:20 | INFO     | KDClient 8 fit round 35 (tier=medium)
[2026-07-29 05:21:20] 2026-07-29 05:21:20 | INFO     | KDClient 8 round 35 public KD (epochs=2)
[2026-07-29 05:22:53] 2026-07-29 05:22:53 | INFO     | KDClient 8 round 35 local training (epochs=4)
[2026-07-29 05:24:14] 2026-07-29 05:24:14 | INFO     | KDClient 8 round 35 completed (acc=0.3091, n=180)
[2026-07-29 05:24:14] 2026-07-29 05:24:14 | INFO     | KDClient 9 fit round 35 (tier=medium)
[2026-07-29 05:24:14] 2026-07-29 05:24:14 | INFO     | KDClient 9 round 35 public KD (epochs=2)
[2026-07-29 05:26:25] 2026-07-29 05:26:25 | INFO     | KDClient 9 round 35 local training (epochs=4)
[2026-07-29 05:27:51] 2026-07-29 05:27:51 | INFO     | KDClient 9 round 35 completed (acc=0.3091, n=180)
[2026-07-29 05:27:51] 2026-07-29 05:27:51 | INFO     | KDClient 10 fit round 35 (tier=medium)
[2026-07-29 05:27:51] 2026-07-29 05:27:51 | INFO     | KDClient 10 round 35 public KD (epochs=2)
[2026-07-29 05:30:38] 2026-07-29 05:30:38 | INFO     | KDClient 10 round 35 local training (epochs=4)
[2026-07-29 05:31:50] 2026-07-29 05:31:50 | INFO     | KDClient 10 round 35 completed (acc=0.3091, n=180)
[2026-07-29 05:31:50] 2026-07-29 05:31:50 | INFO     | KDClient 11 fit round 35 (tier=medium)
[2026-07-29 05:31:50] 2026-07-29 05:31:50 | INFO     | KDClient 11 round 35 public KD (epochs=2)
[2026-07-29 05:33:23] 2026-07-29 05:33:23 | INFO     | KDClient 11 round 35 local training (epochs=4)
[2026-07-29 05:34:37] 2026-07-29 05:34:37 | INFO     | KDClient 11 round 35 completed (acc=0.3055, n=180)
[2026-07-29 05:34:37] 2026-07-29 05:34:37 | INFO     | KDClient 12 fit round 35 (tier=medium)
[2026-07-29 05:34:37] 2026-07-29 05:34:37 | INFO     | KDClient 12 round 35 public KD (epochs=2)
[2026-07-29 05:36:48] 2026-07-29 05:36:48 | INFO     | KDClient 12 round 35 local training (epochs=4)
[2026-07-29 05:38:07] 2026-07-29 05:38:07 | INFO     | KDClient 12 round 35 completed (acc=0.3091, n=180)
[2026-07-29 05:38:07] 2026-07-29 05:38:07 | INFO     | KDClient 13 fit round 35 (tier=medium)
[2026-07-29 05:38:07] 2026-07-29 05:38:07 | INFO     | KDClient 13 round 35 public KD (epochs=2)
[2026-07-29 05:39:39] 2026-07-29 05:39:39 | INFO     | KDClient 13 round 35 local training (epochs=4)
[2026-07-29 05:40:57] 2026-07-29 05:40:57 | INFO     | KDClient 13 round 35 completed (acc=0.2945, n=180)
[2026-07-29 05:40:57] 2026-07-29 05:40:57 | INFO     | KDClient 14 fit round 35 (tier=large)
[2026-07-29 05:40:57] 2026-07-29 05:40:57 | INFO     | KDClient 14 round 35 public KD (epochs=2)
[2026-07-29 05:43:41] 2026-07-29 05:43:41 | INFO     | KDClient 14 round 35 local training (epochs=4)
[2026-07-29 05:45:34] 2026-07-29 05:45:34 | INFO     | KDClient 14 round 35 completed (acc=0.3091, n=180)
[2026-07-29 05:45:34] 2026-07-29 05:45:34 | INFO     | KDClient 15 fit round 35 (tier=large)
[2026-07-29 05:45:34] 2026-07-29 05:45:34 | INFO     | KDClient 15 round 35 public KD (epochs=2)
[2026-07-29 05:48:18] 2026-07-29 05:48:18 | INFO     | KDClient 15 round 35 local training (epochs=4)
[2026-07-29 05:50:46] 2026-07-29 05:50:46 | INFO     | KDClient 15 round 35 completed (acc=0.3091, n=180)
[2026-07-29 05:50:46] 2026-07-29 05:50:46 | INFO     | KDClient 16 fit round 35 (tier=large)
[2026-07-29 05:50:46] 2026-07-29 05:50:46 | INFO     | KDClient 16 round 35 public KD (epochs=2)
[2026-07-29 05:53:17] 2026-07-29 05:53:17 | INFO     | KDClient 16 round 35 local training (epochs=4)
[2026-07-29 05:55:28] 2026-07-29 05:55:28 | INFO     | KDClient 16 round 35 completed (acc=0.3091, n=180)
[2026-07-29 05:55:28] 2026-07-29 05:55:28 | INFO     | KDClient 17 fit round 35 (tier=large)
[2026-07-29 05:55:28] 2026-07-29 05:55:28 | INFO     | KDClient 17 round 35 public KD (epochs=2)
[2026-07-29 05:57:42] 2026-07-29 05:57:42 | INFO     | KDClient 17 round 35 local training (epochs=4)
[2026-07-29 05:59:18] 2026-07-29 05:59:18 | INFO     | KDClient 17 round 35 completed (acc=0.3091, n=180)
[2026-07-29 05:59:18] 2026-07-29 05:59:18 | INFO     | KDClient 18 fit round 35 (tier=large)
[2026-07-29 05:59:18] 2026-07-29 05:59:18 | INFO     | KDClient 18 round 35 public KD (epochs=2)
[2026-07-29 06:01:24] 2026-07-29 06:01:24 | INFO     | KDClient 18 round 35 local training (epochs=4)
[2026-07-29 06:03:06] 2026-07-29 06:03:06 | INFO     | KDClient 18 round 35 completed (acc=0.3091, n=180)
[2026-07-29 06:03:06] 2026-07-29 06:03:06 | INFO     | KDClient 19 fit round 35 (tier=large)
[2026-07-29 06:03:06] 2026-07-29 06:03:06 | INFO     | KDClient 19 round 35 public KD (epochs=2)
[2026-07-29 06:05:14] 2026-07-29 06:05:14 | INFO     | KDClient 19 round 35 local training (epochs=4)
[2026-07-29 06:06:59] 2026-07-29 06:06:59 | INFO     | KDClient 19 round 35 completed (acc=0.3091, n=180)
[2026-07-29 06:06:59] 2026-07-29 06:06:59 | INFO     | MKS — IID: round 35/50 aggregated 3 cluster weights
[2026-07-29 06:06:59]   Round  35/50 | Avg: 0.3073 | Min: 0.2945 | Max: 0.3091
[2026-07-29 06:06:59] 2026-07-29 06:06:59 | INFO     | MKS — IID: round 36/50 starting
[2026-07-29 06:06:59] 2026-07-29 06:06:59 | INFO     | KDClient 0 fit round 36 (tier=small)
[2026-07-29 06:06:59] 2026-07-29 06:06:59 | INFO     | KDClient 0 round 36 public KD (epochs=2)
[2026-07-29 06:07:42] 2026-07-29 06:07:42 | INFO     | KDClient 0 round 36 local training (epochs=4)
[2026-07-29 06:08:15] 2026-07-29 06:08:15 | INFO     | KDClient 0 round 36 completed (acc=0.3091, n=180)
[2026-07-29 06:08:15] 2026-07-29 06:08:15 | INFO     | KDClient 1 fit round 36 (tier=small)
[2026-07-29 06:08:16] 2026-07-29 06:08:15 | INFO     | KDClient 1 round 36 public KD (epochs=2)
[2026-07-29 06:09:18] 2026-07-29 06:09:18 | INFO     | KDClient 1 round 36 local training (epochs=4)
[2026-07-29 06:09:50] 2026-07-29 06:09:50 | INFO     | KDClient 1 round 36 completed (acc=0.3091, n=180)
[2026-07-29 06:09:50] 2026-07-29 06:09:50 | INFO     | KDClient 2 fit round 36 (tier=small)
[2026-07-29 06:09:50] 2026-07-29 06:09:50 | INFO     | KDClient 2 round 36 public KD (epochs=2)
[2026-07-29 06:10:29] 2026-07-29 06:10:29 | INFO     | KDClient 2 round 36 local training (epochs=4)
[2026-07-29 06:10:58] 2026-07-29 06:10:58 | INFO     | KDClient 2 round 36 completed (acc=0.3091, n=180)
[2026-07-29 06:10:58] 2026-07-29 06:10:58 | INFO     | KDClient 3 fit round 36 (tier=small)
[2026-07-29 06:10:58] 2026-07-29 06:10:58 | INFO     | KDClient 3 round 36 public KD (epochs=2)
[2026-07-29 06:11:29] 2026-07-29 06:11:29 | INFO     | KDClient 3 round 36 local training (epochs=4)
[2026-07-29 06:11:53] 2026-07-29 06:11:53 | INFO     | KDClient 3 round 36 completed (acc=0.3091, n=180)
[2026-07-29 06:11:53] 2026-07-29 06:11:53 | INFO     | KDClient 4 fit round 36 (tier=small)
[2026-07-29 06:11:53] 2026-07-29 06:11:53 | INFO     | KDClient 4 round 36 public KD (epochs=2)
[2026-07-29 06:12:33] 2026-07-29 06:12:33 | INFO     | KDClient 4 round 36 local training (epochs=4)
[2026-07-29 06:13:04] 2026-07-29 06:13:04 | INFO     | KDClient 4 round 36 completed (acc=0.3091, n=180)
[2026-07-29 06:13:04] 2026-07-29 06:13:04 | INFO     | KDClient 5 fit round 36 (tier=small)
[2026-07-29 06:13:04] 2026-07-29 06:13:04 | INFO     | KDClient 5 round 36 public KD (epochs=2)
[2026-07-29 06:13:45] 2026-07-29 06:13:45 | INFO     | KDClient 5 round 36 local training (epochs=4)
[2026-07-29 06:14:15] 2026-07-29 06:14:15 | INFO     | KDClient 5 round 36 completed (acc=0.3091, n=180)
[2026-07-29 06:14:15] 2026-07-29 06:14:15 | INFO     | KDClient 6 fit round 36 (tier=small)
[2026-07-29 06:14:15] 2026-07-29 06:14:15 | INFO     | KDClient 6 round 36 public KD (epochs=2)
[2026-07-29 06:15:20] 2026-07-29 06:15:20 | INFO     | KDClient 6 round 36 local training (epochs=4)
[2026-07-29 06:15:54] 2026-07-29 06:15:54 | INFO     | KDClient 6 round 36 completed (acc=0.3091, n=180)
[2026-07-29 06:15:54] 2026-07-29 06:15:54 | INFO     | KDClient 7 fit round 36 (tier=medium)
[2026-07-29 06:15:54] 2026-07-29 06:15:54 | INFO     | KDClient 7 round 36 public KD (epochs=2)
[2026-07-29 06:17:17] 2026-07-29 06:17:17 | INFO     | KDClient 7 round 36 local training (epochs=4)
[2026-07-29 06:18:34] 2026-07-29 06:18:34 | INFO     | KDClient 7 round 36 completed (acc=0.3091, n=180)
[2026-07-29 06:18:34] 2026-07-29 06:18:34 | INFO     | KDClient 8 fit round 36 (tier=medium)
[2026-07-29 06:18:34] 2026-07-29 06:18:34 | INFO     | KDClient 8 round 36 public KD (epochs=2)
[2026-07-29 06:20:03] 2026-07-29 06:20:03 | INFO     | KDClient 8 round 36 local training (epochs=4)
[2026-07-29 06:21:22] 2026-07-29 06:21:22 | INFO     | KDClient 8 round 36 completed (acc=0.3091, n=180)
[2026-07-29 06:21:22] 2026-07-29 06:21:22 | INFO     | KDClient 9 fit round 36 (tier=medium)
[2026-07-29 06:21:22] 2026-07-29 06:21:22 | INFO     | KDClient 9 round 36 public KD (epochs=2)
[2026-07-29 06:23:28] 2026-07-29 06:23:28 | INFO     | KDClient 9 round 36 local training (epochs=4)
[2026-07-29 06:24:38] 2026-07-29 06:24:38 | INFO     | KDClient 9 round 36 completed (acc=0.3091, n=180)
[2026-07-29 06:24:38] 2026-07-29 06:24:38 | INFO     | KDClient 10 fit round 36 (tier=medium)
[2026-07-29 06:24:38] 2026-07-29 06:24:38 | INFO     | KDClient 10 round 36 public KD (epochs=2)
[2026-07-29 06:26:46] 2026-07-29 06:26:46 | INFO     | KDClient 10 round 36 local training (epochs=4)
[2026-07-29 06:28:14] 2026-07-29 06:28:14 | INFO     | KDClient 10 round 36 completed (acc=0.3091, n=180)
[2026-07-29 06:28:14] 2026-07-29 06:28:14 | INFO     | KDClient 11 fit round 36 (tier=medium)
[2026-07-29 06:28:14] 2026-07-29 06:28:14 | INFO     | KDClient 11 round 36 public KD (epochs=2)
[2026-07-29 06:30:23] 2026-07-29 06:30:23 | INFO     | KDClient 11 round 36 local training (epochs=4)
[2026-07-29 06:31:32] 2026-07-29 06:31:32 | INFO     | KDClient 11 round 36 completed (acc=0.3091, n=180)
[2026-07-29 06:31:32] 2026-07-29 06:31:32 | INFO     | KDClient 12 fit round 36 (tier=medium)
[2026-07-29 06:31:32] 2026-07-29 06:31:32 | INFO     | KDClient 12 round 36 public KD (epochs=2)
[2026-07-29 06:33:39] 2026-07-29 06:33:39 | INFO     | KDClient 12 round 36 local training (epochs=4)
[2026-07-29 06:34:56] 2026-07-29 06:34:56 | INFO     | KDClient 12 round 36 completed (acc=0.3091, n=180)
[2026-07-29 06:34:56] 2026-07-29 06:34:56 | INFO     | KDClient 13 fit round 36 (tier=medium)
[2026-07-29 06:34:56] 2026-07-29 06:34:56 | INFO     | KDClient 13 round 36 public KD (epochs=2)
[2026-07-29 06:36:24] 2026-07-29 06:36:24 | INFO     | KDClient 13 round 36 local training (epochs=4)
[2026-07-29 06:37:44] 2026-07-29 06:37:44 | INFO     | KDClient 13 round 36 completed (acc=0.3091, n=180)
[2026-07-29 06:37:44] 2026-07-29 06:37:44 | INFO     | KDClient 14 fit round 36 (tier=large)
[2026-07-29 06:37:45] 2026-07-29 06:37:45 | INFO     | KDClient 14 round 36 public KD (epochs=2)
[2026-07-29 06:40:20] 2026-07-29 06:40:20 | INFO     | KDClient 14 round 36 local training (epochs=4)
[2026-07-29 06:42:17] 2026-07-29 06:42:17 | INFO     | KDClient 14 round 36 completed (acc=0.3091, n=180)
[2026-07-29 06:42:17] 2026-07-29 06:42:17 | INFO     | KDClient 15 fit round 36 (tier=large)
[2026-07-29 06:42:17] 2026-07-29 06:42:17 | INFO     | KDClient 15 round 36 public KD (epochs=2)
[2026-07-29 06:44:41] 2026-07-29 06:44:41 | INFO     | KDClient 15 round 36 local training (epochs=4)
[2026-07-29 06:47:06] 2026-07-29 06:47:06 | INFO     | KDClient 15 round 36 completed (acc=0.3091, n=180)
[2026-07-29 06:47:06] 2026-07-29 06:47:06 | INFO     | KDClient 16 fit round 36 (tier=large)
[2026-07-29 06:47:06] 2026-07-29 06:47:06 | INFO     | KDClient 16 round 36 public KD (epochs=2)
[2026-07-29 06:49:44] 2026-07-29 06:49:44 | INFO     | KDClient 16 round 36 local training (epochs=4)
[2026-07-29 06:52:05] 2026-07-29 06:52:05 | INFO     | KDClient 16 round 36 completed (acc=0.3091, n=180)
[2026-07-29 06:52:05] 2026-07-29 06:52:05 | INFO     | KDClient 17 fit round 36 (tier=large)
[2026-07-29 06:52:05] 2026-07-29 06:52:05 | INFO     | KDClient 17 round 36 public KD (epochs=2)
[2026-07-29 06:54:26] 2026-07-29 06:54:26 | INFO     | KDClient 17 round 36 local training (epochs=4)
[2026-07-29 06:56:27] 2026-07-29 06:56:27 | INFO     | KDClient 17 round 36 completed (acc=0.3091, n=180)
[2026-07-29 06:56:27] 2026-07-29 06:56:27 | INFO     | KDClient 18 fit round 36 (tier=large)
[2026-07-29 06:56:27] 2026-07-29 06:56:27 | INFO     | KDClient 18 round 36 public KD (epochs=2)
[2026-07-29 06:58:36] 2026-07-29 06:58:36 | INFO     | KDClient 18 round 36 local training (epochs=4)
[2026-07-29 07:00:15] 2026-07-29 07:00:15 | INFO     | KDClient 18 round 36 completed (acc=0.3091, n=180)
[2026-07-29 07:00:15] 2026-07-29 07:00:15 | INFO     | KDClient 19 fit round 36 (tier=large)
[2026-07-29 07:00:15] 2026-07-29 07:00:15 | INFO     | KDClient 19 round 36 public KD (epochs=2)
[2026-07-29 07:02:42] 2026-07-29 07:02:42 | INFO     | KDClient 19 round 36 local training (epochs=4)
[2026-07-29 07:04:25] 2026-07-29 07:04:25 | INFO     | KDClient 19 round 36 completed (acc=0.3091, n=180)
[2026-07-29 07:04:25] 2026-07-29 07:04:25 | INFO     | MKS — IID: round 36/50 aggregated 3 cluster weights
[2026-07-29 07:04:25]   Round  36/50 | Avg: 0.3091 | Min: 0.3091 | Max: 0.3091
[2026-07-29 07:04:25] 2026-07-29 07:04:25 | INFO     | MKS — IID: round 37/50 starting
[2026-07-29 07:04:25] 2026-07-29 07:04:25 | INFO     | KDClient 0 fit round 37 (tier=small)
[2026-07-29 07:04:25] 2026-07-29 07:04:25 | INFO     | KDClient 0 round 37 public KD (epochs=2)
[2026-07-29 07:05:29] 2026-07-29 07:05:29 | INFO     | KDClient 0 round 37 local training (epochs=4)
[2026-07-29 07:06:05] 2026-07-29 07:06:05 | INFO     | KDClient 0 round 37 completed (acc=0.3091, n=180)
[2026-07-29 07:06:05] 2026-07-29 07:06:05 | INFO     | KDClient 1 fit round 37 (tier=small)
[2026-07-29 07:06:05] 2026-07-29 07:06:05 | INFO     | KDClient 1 round 37 public KD (epochs=2)
[2026-07-29 07:06:49] 2026-07-29 07:06:49 | INFO     | KDClient 1 round 37 local training (epochs=4)
[2026-07-29 07:07:22] 2026-07-29 07:07:22 | INFO     | KDClient 1 round 37 completed (acc=0.3091, n=180)
[2026-07-29 07:07:22] 2026-07-29 07:07:22 | INFO     | KDClient 2 fit round 37 (tier=small)
[2026-07-29 07:07:22] 2026-07-29 07:07:22 | INFO     | KDClient 2 round 37 public KD (epochs=2)
[2026-07-29 07:08:05] 2026-07-29 07:08:05 | INFO     | KDClient 2 round 37 local training (epochs=4)
[2026-07-29 07:08:44] 2026-07-29 07:08:44 | INFO     | KDClient 2 round 37 completed (acc=0.3091, n=180)
[2026-07-29 07:08:44] 2026-07-29 07:08:44 | INFO     | KDClient 3 fit round 37 (tier=small)
[2026-07-29 07:08:44] 2026-07-29 07:08:44 | INFO     | KDClient 3 round 37 public KD (epochs=2)
[2026-07-29 07:09:27] 2026-07-29 07:09:27 | INFO     | KDClient 3 round 37 local training (epochs=4)
[2026-07-29 07:10:01] 2026-07-29 07:10:01 | INFO     | KDClient 3 round 37 completed (acc=0.3091, n=180)
[2026-07-29 07:10:01] 2026-07-29 07:10:01 | INFO     | KDClient 4 fit round 37 (tier=small)
[2026-07-29 07:10:01] 2026-07-29 07:10:01 | INFO     | KDClient 4 round 37 public KD (epochs=2)
[2026-07-29 07:10:46] 2026-07-29 07:10:46 | INFO     | KDClient 4 round 37 local training (epochs=4)
[2026-07-29 07:11:21] 2026-07-29 07:11:21 | INFO     | KDClient 4 round 37 completed (acc=0.3091, n=180)
[2026-07-29 07:11:21] 2026-07-29 07:11:21 | INFO     | KDClient 5 fit round 37 (tier=small)
[2026-07-29 07:11:21] 2026-07-29 07:11:21 | INFO     | KDClient 5 round 37 public KD (epochs=2)
[2026-07-29 07:12:03] 2026-07-29 07:12:03 | INFO     | KDClient 5 round 37 local training (epochs=4)
[2026-07-29 07:12:41] 2026-07-29 07:12:41 | INFO     | KDClient 5 round 37 completed (acc=0.3091, n=180)
[2026-07-29 07:12:41] 2026-07-29 07:12:41 | INFO     | KDClient 6 fit round 37 (tier=small)
[2026-07-29 07:12:41] 2026-07-29 07:12:41 | INFO     | KDClient 6 round 37 public KD (epochs=2)
[2026-07-29 07:13:25] 2026-07-29 07:13:25 | INFO     | KDClient 6 round 37 local training (epochs=4)
[2026-07-29 07:14:05] 2026-07-29 07:14:05 | INFO     | KDClient 6 round 37 completed (acc=0.3091, n=180)
[2026-07-29 07:14:05] 2026-07-29 07:14:05 | INFO     | KDClient 7 fit round 37 (tier=medium)
[2026-07-29 07:14:05] 2026-07-29 07:14:05 | INFO     | KDClient 7 round 37 public KD (epochs=2)
[2026-07-29 07:16:15] 2026-07-29 07:16:15 | INFO     | KDClient 7 round 37 local training (epochs=4)
[2026-07-29 07:17:35] 2026-07-29 07:17:35 | INFO     | KDClient 7 round 37 completed (acc=0.3091, n=180)
[2026-07-29 07:17:35] 2026-07-29 07:17:35 | INFO     | KDClient 8 fit round 37 (tier=medium)
[2026-07-29 07:17:36] 2026-07-29 07:17:36 | INFO     | KDClient 8 round 37 public KD (epochs=2)
[2026-07-29 07:19:04] 2026-07-29 07:19:04 | INFO     | KDClient 8 round 37 local training (epochs=4)
[2026-07-29 07:20:25] 2026-07-29 07:20:25 | INFO     | KDClient 8 round 37 completed (acc=0.3091, n=180)
[2026-07-29 07:20:25] 2026-07-29 07:20:25 | INFO     | KDClient 9 fit round 37 (tier=medium)
[2026-07-29 07:20:25] 2026-07-29 07:20:25 | INFO     | KDClient 9 round 37 public KD (epochs=2)
[2026-07-29 07:22:32] 2026-07-29 07:22:31 | INFO     | KDClient 9 round 37 local training (epochs=4)
[2026-07-29 07:23:56] 2026-07-29 07:23:56 | INFO     | KDClient 9 round 37 completed (acc=0.3091, n=180)
[2026-07-29 07:23:56] 2026-07-29 07:23:56 | INFO     | KDClient 10 fit round 37 (tier=medium)
[2026-07-29 07:23:56] 2026-07-29 07:23:56 | INFO     | KDClient 10 round 37 public KD (epochs=2)
[2026-07-29 07:25:27] 2026-07-29 07:25:27 | INFO     | KDClient 10 round 37 local training (epochs=4)
[2026-07-29 07:26:39] 2026-07-29 07:26:39 | INFO     | KDClient 10 round 37 completed (acc=0.3091, n=180)
[2026-07-29 07:26:39] 2026-07-29 07:26:39 | INFO     | KDClient 11 fit round 37 (tier=medium)
[2026-07-29 07:26:39] 2026-07-29 07:26:39 | INFO     | KDClient 11 round 37 public KD (epochs=2)
[2026-07-29 07:28:48] 2026-07-29 07:28:48 | INFO     | KDClient 11 round 37 local training (epochs=4)
[2026-07-29 07:30:10] 2026-07-29 07:30:10 | INFO     | KDClient 11 round 37 completed (acc=0.3091, n=180)
[2026-07-29 07:30:10] 2026-07-29 07:30:10 | INFO     | KDClient 12 fit round 37 (tier=medium)
[2026-07-29 07:30:10] 2026-07-29 07:30:10 | INFO     | KDClient 12 round 37 public KD (epochs=2)
[2026-07-29 07:32:16] 2026-07-29 07:32:16 | INFO     | KDClient 12 round 37 local training (epochs=4)
[2026-07-29 07:33:36] 2026-07-29 07:33:36 | INFO     | KDClient 12 round 37 completed (acc=0.3091, n=180)
[2026-07-29 07:33:36] 2026-07-29 07:33:36 | INFO     | KDClient 13 fit round 37 (tier=medium)
[2026-07-29 07:33:36] 2026-07-29 07:33:36 | INFO     | KDClient 13 round 37 public KD (epochs=2)
[2026-07-29 07:35:06] 2026-07-29 07:35:06 | INFO     | KDClient 13 round 37 local training (epochs=4)
[2026-07-29 07:36:27] 2026-07-29 07:36:26 | INFO     | KDClient 13 round 37 completed (acc=0.3018, n=180)
[2026-07-29 07:36:27] 2026-07-29 07:36:26 | INFO     | KDClient 14 fit round 37 (tier=large)
[2026-07-29 07:36:27] 2026-07-29 07:36:27 | INFO     | KDClient 14 round 37 public KD (epochs=2)
[2026-07-29 07:38:54] 2026-07-29 07:38:54 | INFO     | KDClient 14 round 37 local training (epochs=4)
[2026-07-29 07:41:04] 2026-07-29 07:41:04 | INFO     | KDClient 14 round 37 completed (acc=0.3091, n=180)
[2026-07-29 07:41:04] 2026-07-29 07:41:04 | INFO     | KDClient 15 fit round 37 (tier=large)
[2026-07-29 07:41:04] 2026-07-29 07:41:04 | INFO     | KDClient 15 round 37 public KD (epochs=2)
[2026-07-29 07:43:36] 2026-07-29 07:43:36 | INFO     | KDClient 15 round 37 local training (epochs=4)
[2026-07-29 07:45:41] 2026-07-29 07:45:41 | INFO     | KDClient 15 round 37 completed (acc=0.3091, n=180)
[2026-07-29 07:45:41] 2026-07-29 07:45:41 | INFO     | KDClient 16 fit round 37 (tier=large)
[2026-07-29 07:45:41] 2026-07-29 07:45:41 | INFO     | KDClient 16 round 37 public KD (epochs=2)
[2026-07-29 07:48:20] 2026-07-29 07:48:20 | INFO     | KDClient 16 round 37 local training (epochs=4)
[2026-07-29 07:50:32] 2026-07-29 07:50:32 | INFO     | KDClient 16 round 37 completed (acc=0.3091, n=180)
[2026-07-29 07:50:32] 2026-07-29 07:50:32 | INFO     | KDClient 17 fit round 37 (tier=large)
[2026-07-29 07:50:32] 2026-07-29 07:50:32 | INFO     | KDClient 17 round 37 public KD (epochs=2)
[2026-07-29 07:52:48] 2026-07-29 07:52:48 | INFO     | KDClient 17 round 37 local training (epochs=4)
[2026-07-29 07:54:28] 2026-07-29 07:54:28 | INFO     | KDClient 17 round 37 completed (acc=0.3091, n=180)
[2026-07-29 07:54:28] 2026-07-29 07:54:28 | INFO     | KDClient 18 fit round 37 (tier=large)
[2026-07-29 07:54:28] 2026-07-29 07:54:28 | INFO     | KDClient 18 round 37 public KD (epochs=2)
[2026-07-29 07:56:36] 2026-07-29 07:56:36 | INFO     | KDClient 18 round 37 local training (epochs=4)
[2026-07-29 07:58:15] 2026-07-29 07:58:15 | INFO     | KDClient 18 round 37 completed (acc=0.3091, n=180)
[2026-07-29 07:58:15] 2026-07-29 07:58:15 | INFO     | KDClient 19 fit round 37 (tier=large)
[2026-07-29 07:58:15] 2026-07-29 07:58:15 | INFO     | KDClient 19 round 37 public KD (epochs=2)
[2026-07-29 08:00:36] 2026-07-29 08:00:36 | INFO     | KDClient 19 round 37 local training (epochs=4)
[2026-07-29 08:02:10] 2026-07-29 08:02:10 | INFO     | KDClient 19 round 37 completed (acc=0.3091, n=180)
[2026-07-29 08:02:10] 2026-07-29 08:02:10 | INFO     | MKS — IID: round 37/50 aggregated 3 cluster weights
[2026-07-29 08:02:10]   Round  37/50 | Avg: 0.3087 | Min: 0.3018 | Max: 0.3091
[2026-07-29 08:02:10] 2026-07-29 08:02:10 | INFO     | MKS — IID: round 38/50 starting
[2026-07-29 08:02:10] 2026-07-29 08:02:10 | INFO     | KDClient 0 fit round 38 (tier=small)
[2026-07-29 08:02:10] 2026-07-29 08:02:10 | INFO     | KDClient 0 round 38 public KD (epochs=2)
[2026-07-29 08:02:51] 2026-07-29 08:02:51 | INFO     | KDClient 0 round 38 local training (epochs=4)
[2026-07-29 08:03:30] 2026-07-29 08:03:30 | INFO     | KDClient 0 round 38 completed (acc=0.3091, n=180)
[2026-07-29 08:03:30] 2026-07-29 08:03:30 | INFO     | KDClient 1 fit round 38 (tier=small)
[2026-07-29 08:03:30] 2026-07-29 08:03:30 | INFO     | KDClient 1 round 38 public KD (epochs=2)
[2026-07-29 08:04:14] 2026-07-29 08:04:14 | INFO     | KDClient 1 round 38 local training (epochs=4)
[2026-07-29 08:04:49] 2026-07-29 08:04:49 | INFO     | KDClient 1 round 38 completed (acc=0.3091, n=180)
[2026-07-29 08:04:49] 2026-07-29 08:04:49 | INFO     | KDClient 2 fit round 38 (tier=small)
[2026-07-29 08:04:49] 2026-07-29 08:04:49 | INFO     | KDClient 2 round 38 public KD (epochs=2)
[2026-07-29 08:05:53] 2026-07-29 08:05:53 | INFO     | KDClient 2 round 38 local training (epochs=4)
[2026-07-29 08:06:28] 2026-07-29 08:06:28 | INFO     | KDClient 2 round 38 completed (acc=0.3091, n=180)
[2026-07-29 08:06:28] 2026-07-29 08:06:28 | INFO     | KDClient 3 fit round 38 (tier=small)
[2026-07-29 08:06:28] 2026-07-29 08:06:28 | INFO     | KDClient 3 round 38 public KD (epochs=2)
[2026-07-29 08:07:08] 2026-07-29 08:07:08 | INFO     | KDClient 3 round 38 local training (epochs=4)
[2026-07-29 08:07:48] 2026-07-29 08:07:48 | INFO     | KDClient 3 round 38 completed (acc=0.3055, n=180)
[2026-07-29 08:07:48] 2026-07-29 08:07:48 | INFO     | KDClient 4 fit round 38 (tier=small)
[2026-07-29 08:07:48] 2026-07-29 08:07:48 | INFO     | KDClient 4 round 38 public KD (epochs=2)
[2026-07-29 08:08:31] 2026-07-29 08:08:31 | INFO     | KDClient 4 round 38 local training (epochs=4)
[2026-07-29 08:09:04] 2026-07-29 08:09:04 | INFO     | KDClient 4 round 38 completed (acc=0.3091, n=180)
[2026-07-29 08:09:04] 2026-07-29 08:09:04 | INFO     | KDClient 5 fit round 38 (tier=small)
[2026-07-29 08:09:04] 2026-07-29 08:09:04 | INFO     | KDClient 5 round 38 public KD (epochs=2)
[2026-07-29 08:09:46] 2026-07-29 08:09:46 | INFO     | KDClient 5 round 38 local training (epochs=4)
[2026-07-29 08:10:16] 2026-07-29 08:10:16 | INFO     | KDClient 5 round 38 completed (acc=0.3091, n=180)
[2026-07-29 08:10:16] 2026-07-29 08:10:16 | INFO     | KDClient 6 fit round 38 (tier=small)
[2026-07-29 08:10:16] 2026-07-29 08:10:16 | INFO     | KDClient 6 round 38 public KD (epochs=2)
[2026-07-29 08:11:40] 2026-07-29 08:11:40 | INFO     | KDClient 6 round 38 local training (epochs=4)
[2026-07-29 08:12:11] 2026-07-29 08:12:11 | INFO     | KDClient 6 round 38 completed (acc=0.3091, n=180)
[2026-07-29 08:12:11] 2026-07-29 08:12:11 | INFO     | KDClient 7 fit round 38 (tier=medium)
[2026-07-29 08:12:11] 2026-07-29 08:12:11 | INFO     | KDClient 7 round 38 public KD (epochs=2)
[2026-07-29 08:13:36] 2026-07-29 08:13:36 | INFO     | KDClient 7 round 38 local training (epochs=4)
[2026-07-29 08:14:59] 2026-07-29 08:14:59 | INFO     | KDClient 7 round 38 completed (acc=0.3091, n=180)
[2026-07-29 08:14:59] 2026-07-29 08:14:59 | INFO     | KDClient 8 fit round 38 (tier=medium)
[2026-07-29 08:14:59] 2026-07-29 08:14:59 | INFO     | KDClient 8 round 38 public KD (epochs=2)
[2026-07-29 08:16:27] 2026-07-29 08:16:27 | INFO     | KDClient 8 round 38 local training (epochs=4)
[2026-07-29 08:17:36] 2026-07-29 08:17:36 | INFO     | KDClient 8 round 38 completed (acc=0.3091, n=180)
[2026-07-29 08:17:36] 2026-07-29 08:17:36 | INFO     | KDClient 9 fit round 38 (tier=medium)
[2026-07-29 08:17:36] 2026-07-29 08:17:36 | INFO     | KDClient 9 round 38 public KD (epochs=2)
[2026-07-29 08:19:11] 2026-07-29 08:19:11 | INFO     | KDClient 9 round 38 local training (epochs=4)
[2026-07-29 08:20:55] 2026-07-29 08:20:55 | INFO     | KDClient 9 round 38 completed (acc=0.3091, n=180)
[2026-07-29 08:20:55] 2026-07-29 08:20:55 | INFO     | KDClient 10 fit round 38 (tier=medium)
[2026-07-29 08:20:55] 2026-07-29 08:20:55 | INFO     | KDClient 10 round 38 public KD (epochs=2)
[2026-07-29 08:22:23] 2026-07-29 08:22:23 | INFO     | KDClient 10 round 38 local training (epochs=4)
[2026-07-29 08:23:45] 2026-07-29 08:23:45 | INFO     | KDClient 10 round 38 completed (acc=0.3091, n=180)
[2026-07-29 08:23:45] 2026-07-29 08:23:45 | INFO     | KDClient 11 fit round 38 (tier=medium)
[2026-07-29 08:23:45] 2026-07-29 08:23:45 | INFO     | KDClient 11 round 38 public KD (epochs=2)
[2026-07-29 08:26:31] 2026-07-29 08:26:31 | INFO     | KDClient 11 round 38 local training (epochs=4)
[2026-07-29 08:27:51] 2026-07-29 08:27:51 | INFO     | KDClient 11 round 38 completed (acc=0.3091, n=180)
[2026-07-29 08:27:51] 2026-07-29 08:27:51 | INFO     | KDClient 12 fit round 38 (tier=medium)
[2026-07-29 08:27:51] 2026-07-29 08:27:51 | INFO     | KDClient 12 round 38 public KD (epochs=2)
[2026-07-29 08:29:20] 2026-07-29 08:29:20 | INFO     | KDClient 12 round 38 local training (epochs=4)
[2026-07-29 08:30:33] 2026-07-29 08:30:33 | INFO     | KDClient 12 round 38 completed (acc=0.3091, n=180)
[2026-07-29 08:30:33] 2026-07-29 08:30:33 | INFO     | KDClient 13 fit round 38 (tier=medium)
[2026-07-29 08:30:33] 2026-07-29 08:30:33 | INFO     | KDClient 13 round 38 public KD (epochs=2)
[2026-07-29 08:32:01] 2026-07-29 08:32:01 | INFO     | KDClient 13 round 38 local training (epochs=4)
[2026-07-29 08:33:17] 2026-07-29 08:33:16 | INFO     | KDClient 13 round 38 completed (acc=0.3091, n=180)
[2026-07-29 08:33:17] 2026-07-29 08:33:16 | INFO     | KDClient 14 fit round 38 (tier=large)
[2026-07-29 08:33:17] 2026-07-29 08:33:17 | INFO     | KDClient 14 round 38 public KD (epochs=2)
[2026-07-29 08:35:31] 2026-07-29 08:35:31 | INFO     | KDClient 14 round 38 local training (epochs=4)
[2026-07-29 08:37:29] 2026-07-29 08:37:29 | INFO     | KDClient 14 round 38 completed (acc=0.3091, n=180)
[2026-07-29 08:37:29] 2026-07-29 08:37:29 | INFO     | KDClient 15 fit round 38 (tier=large)
[2026-07-29 08:37:29] 2026-07-29 08:37:29 | INFO     | KDClient 15 round 38 public KD (epochs=2)
[2026-07-29 08:39:51] 2026-07-29 08:39:51 | INFO     | KDClient 15 round 38 local training (epochs=4)
[2026-07-29 08:41:41] 2026-07-29 08:41:41 | INFO     | KDClient 15 round 38 completed (acc=0.3091, n=180)
[2026-07-29 08:41:41] 2026-07-29 08:41:41 | INFO     | KDClient 16 fit round 38 (tier=large)
[2026-07-29 08:41:41] 2026-07-29 08:41:41 | INFO     | KDClient 16 round 38 public KD (epochs=2)
[2026-07-29 08:44:13] 2026-07-29 08:44:13 | INFO     | KDClient 16 round 38 local training (epochs=4)
[2026-07-29 08:46:33] 2026-07-29 08:46:32 | INFO     | KDClient 16 round 38 completed (acc=0.3091, n=180)
[2026-07-29 08:46:33] 2026-07-29 08:46:32 | INFO     | KDClient 17 fit round 38 (tier=large)
[2026-07-29 08:46:33] 2026-07-29 08:46:33 | INFO     | KDClient 17 round 38 public KD (epochs=2)
[2026-07-29 08:48:58] 2026-07-29 08:48:58 | INFO     | KDClient 17 round 38 local training (epochs=4)
[2026-07-29 08:50:57] 2026-07-29 08:50:57 | INFO     | KDClient 17 round 38 completed (acc=0.3091, n=180)
[2026-07-29 08:50:57] 2026-07-29 08:50:57 | INFO     | KDClient 18 fit round 38 (tier=large)
[2026-07-29 08:50:57] 2026-07-29 08:50:57 | INFO     | KDClient 18 round 38 public KD (epochs=2)
[2026-07-29 08:53:22] 2026-07-29 08:53:22 | INFO     | KDClient 18 round 38 local training (epochs=4)
[2026-07-29 08:55:36] 2026-07-29 08:55:36 | INFO     | KDClient 18 round 38 completed (acc=0.3091, n=180)
[2026-07-29 08:55:36] 2026-07-29 08:55:36 | INFO     | KDClient 19 fit round 38 (tier=large)
[2026-07-29 08:55:36] 2026-07-29 08:55:36 | INFO     | KDClient 19 round 38 public KD (epochs=2)
[2026-07-29 08:57:59] 2026-07-29 08:57:59 | INFO     | KDClient 19 round 38 local training (epochs=4)
[2026-07-29 08:59:36] 2026-07-29 08:59:36 | INFO     | KDClient 19 round 38 completed (acc=0.3091, n=180)
[2026-07-29 08:59:37] 2026-07-29 08:59:37 | INFO     | MKS — IID: round 38/50 aggregated 3 cluster weights
[2026-07-29 08:59:37]   Round  38/50 | Avg: 0.3089 | Min: 0.3055 | Max: 0.3091
[2026-07-29 08:59:37] 2026-07-29 08:59:37 | INFO     | MKS — IID: round 39/50 starting
[2026-07-29 08:59:37] 2026-07-29 08:59:37 | INFO     | KDClient 0 fit round 39 (tier=small)
[2026-07-29 08:59:37] 2026-07-29 08:59:37 | INFO     | KDClient 0 round 39 public KD (epochs=2)
[2026-07-29 09:00:09] 2026-07-29 09:00:09 | INFO     | KDClient 0 round 39 local training (epochs=4)
[2026-07-29 09:00:35] 2026-07-29 09:00:35 | INFO     | KDClient 0 round 39 completed (acc=0.3091, n=180)
[2026-07-29 09:00:35] 2026-07-29 09:00:35 | INFO     | KDClient 1 fit round 39 (tier=small)
[2026-07-29 09:00:35] 2026-07-29 09:00:35 | INFO     | KDClient 1 round 39 public KD (epochs=2)
[2026-07-29 09:01:35] 2026-07-29 09:01:35 | INFO     | KDClient 1 round 39 local training (epochs=4)
[2026-07-29 09:02:14] 2026-07-29 09:02:14 | INFO     | KDClient 1 round 39 completed (acc=0.3091, n=180)
[2026-07-29 09:02:14] 2026-07-29 09:02:14 | INFO     | KDClient 2 fit round 39 (tier=small)
[2026-07-29 09:02:14] 2026-07-29 09:02:14 | INFO     | KDClient 2 round 39 public KD (epochs=2)
[2026-07-29 09:03:16] 2026-07-29 09:03:16 | INFO     | KDClient 2 round 39 local training (epochs=4)
[2026-07-29 09:03:51] 2026-07-29 09:03:51 | INFO     | KDClient 2 round 39 completed (acc=0.3091, n=180)
[2026-07-29 09:03:51] 2026-07-29 09:03:51 | INFO     | KDClient 3 fit round 39 (tier=small)
[2026-07-29 09:03:51] 2026-07-29 09:03:51 | INFO     | KDClient 3 round 39 public KD (epochs=2)
[2026-07-29 09:04:26] 2026-07-29 09:04:26 | INFO     | KDClient 3 round 39 local training (epochs=4)
[2026-07-29 09:05:00] 2026-07-29 09:05:00 | INFO     | KDClient 3 round 39 completed (acc=0.3091, n=180)
[2026-07-29 09:05:00] 2026-07-29 09:05:00 | INFO     | KDClient 4 fit round 39 (tier=small)
[2026-07-29 09:05:00] 2026-07-29 09:05:00 | INFO     | KDClient 4 round 39 public KD (epochs=2)
[2026-07-29 09:05:59] 2026-07-29 09:05:59 | INFO     | KDClient 4 round 39 local training (epochs=4)
[2026-07-29 09:06:27] 2026-07-29 09:06:27 | INFO     | KDClient 4 round 39 completed (acc=0.3091, n=180)
[2026-07-29 09:06:27] 2026-07-29 09:06:27 | INFO     | KDClient 5 fit round 39 (tier=small)
[2026-07-29 09:06:27] 2026-07-29 09:06:27 | INFO     | KDClient 5 round 39 public KD (epochs=2)
[2026-07-29 09:07:13] 2026-07-29 09:07:13 | INFO     | KDClient 5 round 39 local training (epochs=4)
[2026-07-29 09:07:47] 2026-07-29 09:07:47 | INFO     | KDClient 5 round 39 completed (acc=0.3091, n=180)
[2026-07-29 09:07:47] 2026-07-29 09:07:47 | INFO     | KDClient 6 fit round 39 (tier=small)
[2026-07-29 09:07:47] 2026-07-29 09:07:47 | INFO     | KDClient 6 round 39 public KD (epochs=2)
[2026-07-29 09:08:24] 2026-07-29 09:08:24 | INFO     | KDClient 6 round 39 local training (epochs=4)
[2026-07-29 09:08:57] 2026-07-29 09:08:57 | INFO     | KDClient 6 round 39 completed (acc=0.3091, n=180)
[2026-07-29 09:08:57] 2026-07-29 09:08:57 | INFO     | KDClient 7 fit round 39 (tier=medium)
[2026-07-29 09:08:57] 2026-07-29 09:08:57 | INFO     | KDClient 7 round 39 public KD (epochs=2)
[2026-07-29 09:10:16] 2026-07-29 09:10:16 | INFO     | KDClient 7 round 39 local training (epochs=4)
[2026-07-29 09:11:22] 2026-07-29 09:11:22 | INFO     | KDClient 7 round 39 completed (acc=0.3091, n=180)
[2026-07-29 09:11:22] 2026-07-29 09:11:22 | INFO     | KDClient 8 fit round 39 (tier=medium)
[2026-07-29 09:11:22] 2026-07-29 09:11:22 | INFO     | KDClient 8 round 39 public KD (epochs=2)
[2026-07-29 09:13:26] 2026-07-29 09:13:26 | INFO     | KDClient 8 round 39 local training (epochs=4)
[2026-07-29 09:14:44] 2026-07-29 09:14:44 | INFO     | KDClient 8 round 39 completed (acc=0.3091, n=180)
[2026-07-29 09:14:44] 2026-07-29 09:14:44 | INFO     | KDClient 9 fit round 39 (tier=medium)
[2026-07-29 09:14:44] 2026-07-29 09:14:44 | INFO     | KDClient 9 round 39 public KD (epochs=2)
[2026-07-29 09:16:10] 2026-07-29 09:16:10 | INFO     | KDClient 9 round 39 local training (epochs=4)
[2026-07-29 09:17:32] 2026-07-29 09:17:32 | INFO     | KDClient 9 round 39 completed (acc=0.3091, n=180)
[2026-07-29 09:17:32] 2026-07-29 09:17:32 | INFO     | KDClient 10 fit round 39 (tier=medium)
[2026-07-29 09:17:32] 2026-07-29 09:17:32 | INFO     | KDClient 10 round 39 public KD (epochs=2)
[2026-07-29 09:19:05] 2026-07-29 09:19:05 | INFO     | KDClient 10 round 39 local training (epochs=4)
[2026-07-29 09:20:18] 2026-07-29 09:20:18 | INFO     | KDClient 10 round 39 completed (acc=0.3091, n=180)
[2026-07-29 09:20:18] 2026-07-29 09:20:18 | INFO     | KDClient 11 fit round 39 (tier=medium)
[2026-07-29 09:20:18] 2026-07-29 09:20:18 | INFO     | KDClient 11 round 39 public KD (epochs=2)
[2026-07-29 09:21:51] 2026-07-29 09:21:51 | INFO     | KDClient 11 round 39 local training (epochs=4)
[2026-07-29 09:23:00] 2026-07-29 09:23:00 | INFO     | KDClient 11 round 39 completed (acc=0.3091, n=180)
[2026-07-29 09:23:00] 2026-07-29 09:23:00 | INFO     | KDClient 12 fit round 39 (tier=medium)
[2026-07-29 09:23:00] 2026-07-29 09:23:00 | INFO     | KDClient 12 round 39 public KD (epochs=2)
[2026-07-29 09:24:27] 2026-07-29 09:24:27 | INFO     | KDClient 12 round 39 local training (epochs=4)
[2026-07-29 09:25:46] 2026-07-29 09:25:46 | INFO     | KDClient 12 round 39 completed (acc=0.3091, n=180)
[2026-07-29 09:25:46] 2026-07-29 09:25:46 | INFO     | KDClient 13 fit round 39 (tier=medium)
[2026-07-29 09:25:46] 2026-07-29 09:25:46 | INFO     | KDClient 13 round 39 public KD (epochs=2)
[2026-07-29 09:27:52] 2026-07-29 09:27:52 | INFO     | KDClient 13 round 39 local training (epochs=4)
[2026-07-29 09:29:11] 2026-07-29 09:29:11 | INFO     | KDClient 13 round 39 completed (acc=0.3018, n=180)
[2026-07-29 09:29:11] 2026-07-29 09:29:11 | INFO     | KDClient 14 fit round 39 (tier=large)
[2026-07-29 09:29:11] 2026-07-29 09:29:11 | INFO     | KDClient 14 round 39 public KD (epochs=2)
[2026-07-29 09:31:57] 2026-07-29 09:31:57 | INFO     | KDClient 14 round 39 local training (epochs=4)
[2026-07-29 09:33:51] 2026-07-29 09:33:51 | INFO     | KDClient 14 round 39 completed (acc=0.3091, n=180)
[2026-07-29 09:33:51] 2026-07-29 09:33:51 | INFO     | KDClient 15 fit round 39 (tier=large)
[2026-07-29 09:33:51] 2026-07-29 09:33:51 | INFO     | KDClient 15 round 39 public KD (epochs=2)
[2026-07-29 09:36:11] 2026-07-29 09:36:11 | INFO     | KDClient 15 round 39 local training (epochs=4)
[2026-07-29 09:38:03] 2026-07-29 09:38:03 | INFO     | KDClient 15 round 39 completed (acc=0.3091, n=180)
[2026-07-29 09:38:03] 2026-07-29 09:38:03 | INFO     | KDClient 16 fit round 39 (tier=large)
[2026-07-29 09:38:03] 2026-07-29 09:38:03 | INFO     | KDClient 16 round 39 public KD (epochs=2)
[2026-07-29 09:40:21] 2026-07-29 09:40:21 | INFO     | KDClient 16 round 39 local training (epochs=4)
[2026-07-29 09:42:38] 2026-07-29 09:42:38 | INFO     | KDClient 16 round 39 completed (acc=0.3091, n=180)
[2026-07-29 09:42:38] 2026-07-29 09:42:38 | INFO     | KDClient 17 fit round 39 (tier=large)
[2026-07-29 09:42:38] 2026-07-29 09:42:38 | INFO     | KDClient 17 round 39 public KD (epochs=2)
[2026-07-29 09:45:13] 2026-07-29 09:45:13 | INFO     | KDClient 17 round 39 local training (epochs=4)
[2026-07-29 09:47:09] 2026-07-29 09:47:09 | INFO     | KDClient 17 round 39 completed (acc=0.3091, n=180)
[2026-07-29 09:47:09] 2026-07-29 09:47:09 | INFO     | KDClient 18 fit round 39 (tier=large)
[2026-07-29 09:47:09] 2026-07-29 09:47:09 | INFO     | KDClient 18 round 39 public KD (epochs=2)
[2026-07-29 09:49:31] 2026-07-29 09:49:31 | INFO     | KDClient 18 round 39 local training (epochs=4)
[2026-07-29 09:51:07] 2026-07-29 09:51:07 | INFO     | KDClient 18 round 39 completed (acc=0.3091, n=180)
[2026-07-29 09:51:07] 2026-07-29 09:51:07 | INFO     | KDClient 19 fit round 39 (tier=large)
[2026-07-29 09:51:07] 2026-07-29 09:51:07 | INFO     | KDClient 19 round 39 public KD (epochs=2)
[2026-07-29 09:53:14] 2026-07-29 09:53:14 | INFO     | KDClient 19 round 39 local training (epochs=4)
[2026-07-29 09:54:57] 2026-07-29 09:54:57 | INFO     | KDClient 19 round 39 completed (acc=0.3091, n=180)
[2026-07-29 09:54:57] 2026-07-29 09:54:57 | INFO     | MKS — IID: round 39/50 aggregated 3 cluster weights
[2026-07-29 09:54:57]   Round  39/50 | Avg: 0.3087 | Min: 0.3018 | Max: 0.3091
[2026-07-29 09:54:57] 2026-07-29 09:54:57 | INFO     | MKS — IID: round 40/50 starting
[2026-07-29 09:54:57] 2026-07-29 09:54:57 | INFO     | KDClient 0 fit round 40 (tier=small)
[2026-07-29 09:54:57] 2026-07-29 09:54:57 | INFO     | KDClient 0 round 40 public KD (epochs=2)
[2026-07-29 09:55:42] 2026-07-29 09:55:42 | INFO     | KDClient 0 round 40 local training (epochs=4)
[2026-07-29 09:56:15] 2026-07-29 09:56:15 | INFO     | KDClient 0 round 40 completed (acc=0.3091, n=180)
[2026-07-29 09:56:15] 2026-07-29 09:56:15 | INFO     | KDClient 1 fit round 40 (tier=small)
[2026-07-29 09:56:15] 2026-07-29 09:56:15 | INFO     | KDClient 1 round 40 public KD (epochs=2)
[2026-07-29 09:57:02] 2026-07-29 09:57:02 | INFO     | KDClient 1 round 40 local training (epochs=4)
[2026-07-29 09:57:34] 2026-07-29 09:57:34 | INFO     | KDClient 1 round 40 completed (acc=0.3055, n=180)
[2026-07-29 09:57:34] 2026-07-29 09:57:34 | INFO     | KDClient 2 fit round 40 (tier=small)
[2026-07-29 09:57:34] 2026-07-29 09:57:34 | INFO     | KDClient 2 round 40 public KD (epochs=2)
[2026-07-29 09:58:20] 2026-07-29 09:58:20 | INFO     | KDClient 2 round 40 local training (epochs=4)
[2026-07-29 09:59:09] 2026-07-29 09:59:09 | INFO     | KDClient 2 round 40 completed (acc=0.3091, n=180)
[2026-07-29 09:59:09] 2026-07-29 09:59:09 | INFO     | KDClient 3 fit round 40 (tier=small)
[2026-07-29 09:59:09] 2026-07-29 09:59:09 | INFO     | KDClient 3 round 40 public KD (epochs=2)
[2026-07-29 09:59:50] 2026-07-29 09:59:50 | INFO     | KDClient 3 round 40 local training (epochs=4)
[2026-07-29 10:00:27] 2026-07-29 10:00:27 | INFO     | KDClient 3 round 40 completed (acc=0.3091, n=180)
[2026-07-29 10:00:27] 2026-07-29 10:00:27 | INFO     | KDClient 4 fit round 40 (tier=small)
[2026-07-29 10:00:27] 2026-07-29 10:00:27 | INFO     | KDClient 4 round 40 public KD (epochs=2)
[2026-07-29 10:01:33] 2026-07-29 10:01:33 | INFO     | KDClient 4 round 40 local training (epochs=4)
[2026-07-29 10:02:16] 2026-07-29 10:02:16 | INFO     | KDClient 4 round 40 completed (acc=0.3091, n=180)
[2026-07-29 10:02:16] 2026-07-29 10:02:16 | INFO     | KDClient 5 fit round 40 (tier=small)
[2026-07-29 10:02:16] 2026-07-29 10:02:16 | INFO     | KDClient 5 round 40 public KD (epochs=2)
[2026-07-29 10:03:03] 2026-07-29 10:03:03 | INFO     | KDClient 5 round 40 local training (epochs=4)
[2026-07-29 10:03:43] 2026-07-29 10:03:43 | INFO     | KDClient 5 round 40 completed (acc=0.3091, n=180)
[2026-07-29 10:03:43] 2026-07-29 10:03:43 | INFO     | KDClient 6 fit round 40 (tier=small)
[2026-07-29 10:03:43] 2026-07-29 10:03:43 | INFO     | KDClient 6 round 40 public KD (epochs=2)
[2026-07-29 10:04:27] 2026-07-29 10:04:27 | INFO     | KDClient 6 round 40 local training (epochs=4)
[2026-07-29 10:05:05] 2026-07-29 10:05:05 | INFO     | KDClient 6 round 40 completed (acc=0.3091, n=180)
[2026-07-29 10:05:05] 2026-07-29 10:05:05 | INFO     | KDClient 7 fit round 40 (tier=medium)
[2026-07-29 10:05:05] 2026-07-29 10:05:05 | INFO     | KDClient 7 round 40 public KD (epochs=2)
[2026-07-29 10:06:24] 2026-07-29 10:06:24 | INFO     | KDClient 7 round 40 local training (epochs=4)
[2026-07-29 10:07:28] 2026-07-29 10:07:28 | INFO     | KDClient 7 round 40 completed (acc=0.3091, n=180)
[2026-07-29 10:07:28] 2026-07-29 10:07:28 | INFO     | KDClient 8 fit round 40 (tier=medium)
[2026-07-29 10:07:28] 2026-07-29 10:07:28 | INFO     | KDClient 8 round 40 public KD (epochs=2)
[2026-07-29 10:08:52] 2026-07-29 10:08:52 | INFO     | KDClient 8 round 40 local training (epochs=4)
[2026-07-29 10:10:02] 2026-07-29 10:10:02 | INFO     | KDClient 8 round 40 completed (acc=0.3091, n=180)
[2026-07-29 10:10:02] 2026-07-29 10:10:02 | INFO     | KDClient 9 fit round 40 (tier=medium)
[2026-07-29 10:10:02] 2026-07-29 10:10:02 | INFO     | KDClient 9 round 40 public KD (epochs=2)
[2026-07-29 10:11:28] 2026-07-29 10:11:28 | INFO     | KDClient 9 round 40 local training (epochs=4)
[2026-07-29 10:12:44] 2026-07-29 10:12:44 | INFO     | KDClient 9 round 40 completed (acc=0.3091, n=180)
[2026-07-29 10:12:44] 2026-07-29 10:12:44 | INFO     | KDClient 10 fit round 40 (tier=medium)
[2026-07-29 10:12:44] 2026-07-29 10:12:44 | INFO     | KDClient 10 round 40 public KD (epochs=2)
[2026-07-29 10:14:13] 2026-07-29 10:14:13 | INFO     | KDClient 10 round 40 local training (epochs=4)
[2026-07-29 10:15:36] 2026-07-29 10:15:36 | INFO     | KDClient 10 round 40 completed (acc=0.3091, n=180)
[2026-07-29 10:15:36] 2026-07-29 10:15:36 | INFO     | KDClient 11 fit round 40 (tier=medium)
[2026-07-29 10:15:36] 2026-07-29 10:15:36 | INFO     | KDClient 11 round 40 public KD (epochs=2)
[2026-07-29 10:17:02] 2026-07-29 10:17:02 | INFO     | KDClient 11 round 40 local training (epochs=4)
[2026-07-29 10:18:13] 2026-07-29 10:18:13 | INFO     | KDClient 11 round 40 completed (acc=0.3091, n=180)
[2026-07-29 10:18:13] 2026-07-29 10:18:13 | INFO     | KDClient 12 fit round 40 (tier=medium)
[2026-07-29 10:18:13] 2026-07-29 10:18:13 | INFO     | KDClient 12 round 40 public KD (epochs=2)
[2026-07-29 10:19:41] 2026-07-29 10:19:41 | INFO     | KDClient 12 round 40 local training (epochs=4)
[2026-07-29 10:20:52] 2026-07-29 10:20:52 | INFO     | KDClient 12 round 40 completed (acc=0.3091, n=180)
[2026-07-29 10:20:52] 2026-07-29 10:20:52 | INFO     | KDClient 13 fit round 40 (tier=medium)
[2026-07-29 10:20:52] 2026-07-29 10:20:52 | INFO     | KDClient 13 round 40 public KD (epochs=2)
[2026-07-29 10:22:20] 2026-07-29 10:22:20 | INFO     | KDClient 13 round 40 local training (epochs=4)
[2026-07-29 10:23:30] 2026-07-29 10:23:30 | INFO     | KDClient 13 round 40 completed (acc=0.2982, n=180)
[2026-07-29 10:23:30] 2026-07-29 10:23:30 | INFO     | KDClient 14 fit round 40 (tier=large)
[2026-07-29 10:23:30] 2026-07-29 10:23:30 | INFO     | KDClient 14 round 40 public KD (epochs=2)
[2026-07-29 10:26:07] 2026-07-29 10:26:07 | INFO     | KDClient 14 round 40 local training (epochs=4)
[2026-07-29 10:27:58] 2026-07-29 10:27:58 | INFO     | KDClient 14 round 40 completed (acc=0.3091, n=180)
[2026-07-29 10:27:58] 2026-07-29 10:27:58 | INFO     | KDClient 15 fit round 40 (tier=large)
[2026-07-29 10:27:58] 2026-07-29 10:27:58 | INFO     | KDClient 15 round 40 public KD (epochs=2)
[2026-07-29 10:30:22] 2026-07-29 10:30:22 | INFO     | KDClient 15 round 40 local training (epochs=4)
[2026-07-29 10:32:18] 2026-07-29 10:32:18 | INFO     | KDClient 15 round 40 completed (acc=0.3091, n=180)
[2026-07-29 10:32:18] 2026-07-29 10:32:18 | INFO     | KDClient 16 fit round 40 (tier=large)
[2026-07-29 10:32:18] 2026-07-29 10:32:18 | INFO     | KDClient 16 round 40 public KD (epochs=2)
[2026-07-29 10:34:40] 2026-07-29 10:34:40 | INFO     | KDClient 16 round 40 local training (epochs=4)
[2026-07-29 10:36:53] 2026-07-29 10:36:53 | INFO     | KDClient 16 round 40 completed (acc=0.3091, n=180)
[2026-07-29 10:36:53] 2026-07-29 10:36:53 | INFO     | KDClient 17 fit round 40 (tier=large)
[2026-07-29 10:36:53] 2026-07-29 10:36:53 | INFO     | KDClient 17 round 40 public KD (epochs=2)
[2026-07-29 10:39:22] 2026-07-29 10:39:22 | INFO     | KDClient 17 round 40 local training (epochs=4)
[2026-07-29 10:41:26] 2026-07-29 10:41:26 | INFO     | KDClient 17 round 40 completed (acc=0.3091, n=180)
[2026-07-29 10:41:26] 2026-07-29 10:41:26 | INFO     | KDClient 18 fit round 40 (tier=large)
[2026-07-29 10:41:27] 2026-07-29 10:41:27 | INFO     | KDClient 18 round 40 public KD (epochs=2)
[2026-07-29 10:43:53] 2026-07-29 10:43:53 | INFO     | KDClient 18 round 40 local training (epochs=4)
[2026-07-29 10:45:55] 2026-07-29 10:45:55 | INFO     | KDClient 18 round 40 completed (acc=0.3091, n=180)
[2026-07-29 10:45:55] 2026-07-29 10:45:55 | INFO     | KDClient 19 fit round 40 (tier=large)
[2026-07-29 10:45:55] 2026-07-29 10:45:55 | INFO     | KDClient 19 round 40 public KD (epochs=2)
[2026-07-29 10:48:16] 2026-07-29 10:48:16 | INFO     | KDClient 19 round 40 local training (epochs=4)
[2026-07-29 10:49:56] 2026-07-29 10:49:56 | INFO     | KDClient 19 round 40 completed (acc=0.3091, n=180)
[2026-07-29 10:49:56] 2026-07-29 10:49:56 | INFO     | MKS — IID: round 40/50 aggregated 3 cluster weights
[2026-07-29 10:49:56]   Round  40/50 | Avg: 0.3084 | Min: 0.2982 | Max: 0.3091
[2026-07-29 10:49:56] 2026-07-29 10:49:56 | INFO     | MKS — IID: round 41/50 starting
[2026-07-29 10:49:56] 2026-07-29 10:49:56 | INFO     | KDClient 0 fit round 41 (tier=small)
[2026-07-29 10:49:56] 2026-07-29 10:49:56 | INFO     | KDClient 0 round 41 public KD (epochs=2)
[2026-07-29 10:51:02] 2026-07-29 10:51:02 | INFO     | KDClient 0 round 41 local training (epochs=4)
[2026-07-29 10:51:34] 2026-07-29 10:51:34 | INFO     | KDClient 0 round 41 completed (acc=0.3091, n=180)
[2026-07-29 10:51:34] 2026-07-29 10:51:34 | INFO     | KDClient 1 fit round 41 (tier=small)
[2026-07-29 10:51:34] 2026-07-29 10:51:34 | INFO     | KDClient 1 round 41 public KD (epochs=2)
[2026-07-29 10:52:14] 2026-07-29 10:52:14 | INFO     | KDClient 1 round 41 local training (epochs=4)
[2026-07-29 10:52:49] 2026-07-29 10:52:49 | INFO     | KDClient 1 round 41 completed (acc=0.3091, n=180)
[2026-07-29 10:52:49] 2026-07-29 10:52:49 | INFO     | KDClient 2 fit round 41 (tier=small)
[2026-07-29 10:52:49] 2026-07-29 10:52:49 | INFO     | KDClient 2 round 41 public KD (epochs=2)
[2026-07-29 10:53:54] 2026-07-29 10:53:54 | INFO     | KDClient 2 round 41 local training (epochs=4)
[2026-07-29 10:54:29] 2026-07-29 10:54:29 | INFO     | KDClient 2 round 41 completed (acc=0.3091, n=180)
[2026-07-29 10:54:29] 2026-07-29 10:54:29 | INFO     | KDClient 3 fit round 41 (tier=small)
[2026-07-29 10:54:29] 2026-07-29 10:54:29 | INFO     | KDClient 3 round 41 public KD (epochs=2)
[2026-07-29 10:55:13] 2026-07-29 10:55:13 | INFO     | KDClient 3 round 41 local training (epochs=4)
[2026-07-29 10:55:45] 2026-07-29 10:55:45 | INFO     | KDClient 3 round 41 completed (acc=0.3091, n=180)
[2026-07-29 10:55:45] 2026-07-29 10:55:45 | INFO     | KDClient 4 fit round 41 (tier=small)
[2026-07-29 10:55:45] 2026-07-29 10:55:45 | INFO     | KDClient 4 round 41 public KD (epochs=2)
[2026-07-29 10:56:19] 2026-07-29 10:56:19 | INFO     | KDClient 4 round 41 local training (epochs=4)
[2026-07-29 10:57:02] 2026-07-29 10:57:02 | INFO     | KDClient 4 round 41 completed (acc=0.3091, n=180)
[2026-07-29 10:57:02] 2026-07-29 10:57:02 | INFO     | KDClient 5 fit round 41 (tier=small)
[2026-07-29 10:57:03] 2026-07-29 10:57:03 | INFO     | KDClient 5 round 41 public KD (epochs=2)
[2026-07-29 10:58:05] 2026-07-29 10:58:05 | INFO     | KDClient 5 round 41 local training (epochs=4)
[2026-07-29 10:58:37] 2026-07-29 10:58:37 | INFO     | KDClient 5 round 41 completed (acc=0.3091, n=180)
[2026-07-29 10:58:37] 2026-07-29 10:58:37 | INFO     | KDClient 6 fit round 41 (tier=small)
[2026-07-29 10:58:37] 2026-07-29 10:58:37 | INFO     | KDClient 6 round 41 public KD (epochs=2)
[2026-07-29 10:59:37] 2026-07-29 10:59:37 | INFO     | KDClient 6 round 41 local training (epochs=4)
[2026-07-29 11:00:14] 2026-07-29 11:00:14 | INFO     | KDClient 6 round 41 completed (acc=0.3091, n=180)
[2026-07-29 11:00:14] 2026-07-29 11:00:14 | INFO     | KDClient 7 fit round 41 (tier=medium)
[2026-07-29 11:00:15] 2026-07-29 11:00:15 | INFO     | KDClient 7 round 41 public KD (epochs=2)
[2026-07-29 11:01:29] 2026-07-29 11:01:29 | INFO     | KDClient 7 round 41 local training (epochs=4)
[2026-07-29 11:02:29] 2026-07-29 11:02:29 | INFO     | KDClient 7 round 41 completed (acc=0.3091, n=180)
[2026-07-29 11:02:29] 2026-07-29 11:02:29 | INFO     | KDClient 8 fit round 41 (tier=medium)
[2026-07-29 11:02:29] 2026-07-29 11:02:29 | INFO     | KDClient 8 round 41 public KD (epochs=2)
[2026-07-29 11:03:41] 2026-07-29 11:03:41 | INFO     | KDClient 8 round 41 local training (epochs=4)
[2026-07-29 11:04:40] 2026-07-29 11:04:40 | INFO     | KDClient 8 round 41 completed (acc=0.3091, n=180)
[2026-07-29 11:04:40] 2026-07-29 11:04:40 | INFO     | KDClient 9 fit round 41 (tier=medium)
[2026-07-29 11:04:40] 2026-07-29 11:04:40 | INFO     | KDClient 9 round 41 public KD (epochs=2)
[2026-07-29 11:05:52] 2026-07-29 11:05:52 | INFO     | KDClient 9 round 41 local training (epochs=4)
[2026-07-29 11:06:58] 2026-07-29 11:06:58 | INFO     | KDClient 9 round 41 completed (acc=0.3091, n=180)
[2026-07-29 11:06:58] 2026-07-29 11:06:58 | INFO     | KDClient 10 fit round 41 (tier=medium)
[2026-07-29 11:06:58] 2026-07-29 11:06:58 | INFO     | KDClient 10 round 41 public KD (epochs=2)
[2026-07-29 11:08:23] 2026-07-29 11:08:23 | INFO     | KDClient 10 round 41 local training (epochs=4)
[2026-07-29 11:09:26] 2026-07-29 11:09:26 | INFO     | KDClient 10 round 41 completed (acc=0.3091, n=180)
[2026-07-29 11:09:26] 2026-07-29 11:09:26 | INFO     | KDClient 11 fit round 41 (tier=medium)
[2026-07-29 11:09:26] 2026-07-29 11:09:26 | INFO     | KDClient 11 round 41 public KD (epochs=2)
[2026-07-29 11:10:51] 2026-07-29 11:10:51 | INFO     | KDClient 11 round 41 local training (epochs=4)
[2026-07-29 11:12:00] 2026-07-29 11:12:00 | INFO     | KDClient 11 round 41 completed (acc=0.3091, n=180)
[2026-07-29 11:12:00] 2026-07-29 11:12:00 | INFO     | KDClient 12 fit round 41 (tier=medium)
[2026-07-29 11:12:00] 2026-07-29 11:12:00 | INFO     | KDClient 12 round 41 public KD (epochs=2)
[2026-07-29 11:13:24] 2026-07-29 11:13:24 | INFO     | KDClient 12 round 41 local training (epochs=4)
[2026-07-29 11:14:30] 2026-07-29 11:14:30 | INFO     | KDClient 12 round 41 completed (acc=0.3091, n=180)
[2026-07-29 11:14:30] 2026-07-29 11:14:30 | INFO     | KDClient 13 fit round 41 (tier=medium)
[2026-07-29 11:14:30] 2026-07-29 11:14:30 | INFO     | KDClient 13 round 41 public KD (epochs=2)
[2026-07-29 11:15:54] 2026-07-29 11:15:54 | INFO     | KDClient 13 round 41 local training (epochs=4)
[2026-07-29 11:17:22] 2026-07-29 11:17:22 | INFO     | KDClient 13 round 41 completed (acc=0.3091, n=180)
[2026-07-29 11:17:22] 2026-07-29 11:17:22 | INFO     | KDClient 14 fit round 41 (tier=large)
[2026-07-29 11:17:22] 2026-07-29 11:17:22 | INFO     | KDClient 14 round 41 public KD (epochs=2)
[2026-07-29 11:19:34] 2026-07-29 11:19:34 | INFO     | KDClient 14 round 41 local training (epochs=4)
[2026-07-29 11:21:49] 2026-07-29 11:21:49 | INFO     | KDClient 14 round 41 completed (acc=0.3091, n=180)
[2026-07-29 11:21:49] 2026-07-29 11:21:49 | INFO     | KDClient 15 fit round 41 (tier=large)
[2026-07-29 11:21:50] 2026-07-29 11:21:50 | INFO     | KDClient 15 round 41 public KD (epochs=2)
[2026-07-29 11:24:06] 2026-07-29 11:24:06 | INFO     | KDClient 15 round 41 local training (epochs=4)
[2026-07-29 11:26:06] 2026-07-29 11:26:06 | INFO     | KDClient 15 round 41 completed (acc=0.3091, n=180)
[2026-07-29 11:26:06] 2026-07-29 11:26:06 | INFO     | KDClient 16 fit round 41 (tier=large)
[2026-07-29 11:26:06] 2026-07-29 11:26:06 | INFO     | KDClient 16 round 41 public KD (epochs=2)
[2026-07-29 11:28:28] 2026-07-29 11:28:28 | INFO     | KDClient 16 round 41 local training (epochs=4)
[2026-07-29 11:30:17] 2026-07-29 11:30:17 | INFO     | KDClient 16 round 41 completed (acc=0.3091, n=180)
[2026-07-29 11:30:17] 2026-07-29 11:30:17 | INFO     | KDClient 17 fit round 41 (tier=large)
[2026-07-29 11:30:17] 2026-07-29 11:30:17 | INFO     | KDClient 17 round 41 public KD (epochs=2)
[2026-07-29 11:32:39] 2026-07-29 11:32:39 | INFO     | KDClient 17 round 41 local training (epochs=4)
[2026-07-29 11:34:35] 2026-07-29 11:34:35 | INFO     | KDClient 17 round 41 completed (acc=0.3055, n=180)
[2026-07-29 11:34:35] 2026-07-29 11:34:35 | INFO     | KDClient 18 fit round 41 (tier=large)
[2026-07-29 11:34:35] 2026-07-29 11:34:35 | INFO     | KDClient 18 round 41 public KD (epochs=2)
[2026-07-29 11:37:13] 2026-07-29 11:37:13 | INFO     | KDClient 18 round 41 local training (epochs=4)
[2026-07-29 11:39:15] 2026-07-29 11:39:15 | INFO     | KDClient 18 round 41 completed (acc=0.2873, n=180)
[2026-07-29 11:39:15] 2026-07-29 11:39:15 | INFO     | KDClient 19 fit round 41 (tier=large)
[2026-07-29 11:39:15] 2026-07-29 11:39:15 | INFO     | KDClient 19 round 41 public KD (epochs=2)
[2026-07-29 11:41:43] 2026-07-29 11:41:43 | INFO     | KDClient 19 round 41 local training (epochs=4)
[2026-07-29 11:44:04] 2026-07-29 11:44:04 | INFO     | KDClient 19 round 41 completed (acc=0.3091, n=180)
[2026-07-29 11:44:04] 2026-07-29 11:44:04 | INFO     | MKS — IID: round 41/50 aggregated 3 cluster weights
[2026-07-29 11:44:04]   Round  41/50 | Avg: 0.3078 | Min: 0.2873 | Max: 0.3091
[2026-07-29 11:44:04] 2026-07-29 11:44:04 | INFO     | MKS — IID: round 42/50 starting
[2026-07-29 11:44:04] 2026-07-29 11:44:04 | INFO     | KDClient 0 fit round 42 (tier=small)
[2026-07-29 11:44:04] 2026-07-29 11:44:04 | INFO     | KDClient 0 round 42 public KD (epochs=2)
[2026-07-29 11:44:43] 2026-07-29 11:44:43 | INFO     | KDClient 0 round 42 local training (epochs=4)
[2026-07-29 11:45:20] 2026-07-29 11:45:20 | INFO     | KDClient 0 round 42 completed (acc=0.3091, n=180)
[2026-07-29 11:45:20] 2026-07-29 11:45:20 | INFO     | KDClient 1 fit round 42 (tier=small)
[2026-07-29 11:45:20] 2026-07-29 11:45:20 | INFO     | KDClient 1 round 42 public KD (epochs=2)
[2026-07-29 11:45:58] 2026-07-29 11:45:58 | INFO     | KDClient 1 round 42 local training (epochs=4)
[2026-07-29 11:46:32] 2026-07-29 11:46:32 | INFO     | KDClient 1 round 42 completed (acc=0.3091, n=180)
[2026-07-29 11:46:32] 2026-07-29 11:46:32 | INFO     | KDClient 2 fit round 42 (tier=small)
[2026-07-29 11:46:32] 2026-07-29 11:46:32 | INFO     | KDClient 2 round 42 public KD (epochs=2)
[2026-07-29 11:47:16] 2026-07-29 11:47:16 | INFO     | KDClient 2 round 42 local training (epochs=4)
[2026-07-29 11:47:58] 2026-07-29 11:47:58 | INFO     | KDClient 2 round 42 completed (acc=0.3091, n=180)
[2026-07-29 11:47:58] 2026-07-29 11:47:58 | INFO     | KDClient 3 fit round 42 (tier=small)
[2026-07-29 11:47:58] 2026-07-29 11:47:58 | INFO     | KDClient 3 round 42 public KD (epochs=2)
[2026-07-29 11:48:39] 2026-07-29 11:48:39 | INFO     | KDClient 3 round 42 local training (epochs=4)
[2026-07-29 11:49:10] 2026-07-29 11:49:10 | INFO     | KDClient 3 round 42 completed (acc=0.3091, n=180)
[2026-07-29 11:49:10] 2026-07-29 11:49:10 | INFO     | KDClient 4 fit round 42 (tier=small)
[2026-07-29 11:49:10] 2026-07-29 11:49:10 | INFO     | KDClient 4 round 42 public KD (epochs=2)
[2026-07-29 11:50:15] 2026-07-29 11:50:15 | INFO     | KDClient 4 round 42 local training (epochs=4)
[2026-07-29 11:50:42] 2026-07-29 11:50:42 | INFO     | KDClient 4 round 42 completed (acc=0.3091, n=180)
[2026-07-29 11:50:42] 2026-07-29 11:50:42 | INFO     | KDClient 5 fit round 42 (tier=small)
[2026-07-29 11:50:42] 2026-07-29 11:50:42 | INFO     | KDClient 5 round 42 public KD (epochs=2)
[2026-07-29 11:51:06] 2026-07-29 11:51:06 | INFO     | KDClient 5 round 42 local training (epochs=4)
[2026-07-29 11:51:48] 2026-07-29 11:51:48 | INFO     | KDClient 5 round 42 completed (acc=0.3091, n=180)
[2026-07-29 11:51:48] 2026-07-29 11:51:48 | INFO     | KDClient 6 fit round 42 (tier=small)
[2026-07-29 11:51:48] 2026-07-29 11:51:48 | INFO     | KDClient 6 round 42 public KD (epochs=2)
[2026-07-29 11:52:21] 2026-07-29 11:52:21 | INFO     | KDClient 6 round 42 local training (epochs=4)
[2026-07-29 11:52:50] 2026-07-29 11:52:50 | INFO     | KDClient 6 round 42 completed (acc=0.3091, n=180)
[2026-07-29 11:52:50] 2026-07-29 11:52:50 | INFO     | KDClient 7 fit round 42 (tier=medium)
[2026-07-29 11:52:50] 2026-07-29 11:52:50 | INFO     | KDClient 7 round 42 public KD (epochs=2)
[2026-07-29 11:54:05] 2026-07-29 11:54:05 | INFO     | KDClient 7 round 42 local training (epochs=4)
[2026-07-29 11:55:26] 2026-07-29 11:55:26 | INFO     | KDClient 7 round 42 completed (acc=0.3091, n=180)
[2026-07-29 11:55:26] 2026-07-29 11:55:26 | INFO     | KDClient 8 fit round 42 (tier=medium)
[2026-07-29 11:55:26] 2026-07-29 11:55:26 | INFO     | KDClient 8 round 42 public KD (epochs=2)
[2026-07-29 11:56:43] 2026-07-29 11:56:43 | INFO     | KDClient 8 round 42 local training (epochs=4)
[2026-07-29 11:57:41] 2026-07-29 11:57:41 | INFO     | KDClient 8 round 42 completed (acc=0.3091, n=180)
[2026-07-29 11:57:41] 2026-07-29 11:57:41 | INFO     | KDClient 9 fit round 42 (tier=medium)
[2026-07-29 11:57:41] 2026-07-29 11:57:41 | INFO     | KDClient 9 round 42 public KD (epochs=2)
[2026-07-29 11:59:50] 2026-07-29 11:59:50 | INFO     | KDClient 9 round 42 local training (epochs=4)
[2026-07-29 12:01:03] 2026-07-29 12:01:03 | INFO     | KDClient 9 round 42 completed (acc=0.3091, n=180)
[2026-07-29 12:01:03] 2026-07-29 12:01:03 | INFO     | KDClient 10 fit round 42 (tier=medium)
[2026-07-29 12:01:03] 2026-07-29 12:01:03 | INFO     | KDClient 10 round 42 public KD (epochs=2)
[2026-07-29 12:02:29] 2026-07-29 12:02:29 | INFO     | KDClient 10 round 42 local training (epochs=4)
[2026-07-29 12:03:29] 2026-07-29 12:03:29 | INFO     | KDClient 10 round 42 completed (acc=0.3091, n=180)
[2026-07-29 12:03:29] 2026-07-29 12:03:29 | INFO     | KDClient 11 fit round 42 (tier=medium)
[2026-07-29 12:03:29] 2026-07-29 12:03:29 | INFO     | KDClient 11 round 42 public KD (epochs=2)
[2026-07-29 12:05:33] 2026-07-29 12:05:33 | INFO     | KDClient 11 round 42 local training (epochs=4)
[2026-07-29 12:07:02] 2026-07-29 12:07:02 | INFO     | KDClient 11 round 42 completed (acc=0.3055, n=180)
[2026-07-29 12:07:02] 2026-07-29 12:07:02 | INFO     | KDClient 12 fit round 42 (tier=medium)
[2026-07-29 12:07:02] 2026-07-29 12:07:02 | INFO     | KDClient 12 round 42 public KD (epochs=2)
[2026-07-29 12:08:36] 2026-07-29 12:08:36 | INFO     | KDClient 12 round 42 local training (epochs=4)
[2026-07-29 12:10:12] 2026-07-29 12:10:12 | INFO     | KDClient 12 round 42 completed (acc=0.3091, n=180)
[2026-07-29 12:10:12] 2026-07-29 12:10:12 | INFO     | KDClient 13 fit round 42 (tier=medium)
[2026-07-29 12:10:12] 2026-07-29 12:10:12 | INFO     | KDClient 13 round 42 public KD (epochs=2)
[2026-07-29 12:12:37] 2026-07-29 12:12:37 | INFO     | KDClient 13 round 42 local training (epochs=4)
[2026-07-29 12:14:15] 2026-07-29 12:14:15 | INFO     | KDClient 13 round 42 completed (acc=0.3091, n=180)
[2026-07-29 12:14:15] 2026-07-29 12:14:15 | INFO     | KDClient 14 fit round 42 (tier=large)
[2026-07-29 12:14:15] 2026-07-29 12:14:15 | INFO     | KDClient 14 round 42 public KD (epochs=2)
[2026-07-29 12:18:16] 2026-07-29 12:18:16 | INFO     | KDClient 14 round 42 local training (epochs=4)
[2026-07-29 12:20:36] 2026-07-29 12:20:36 | INFO     | KDClient 14 round 42 completed (acc=0.3091, n=180)
[2026-07-29 12:20:36] 2026-07-29 12:20:36 | INFO     | KDClient 15 fit round 42 (tier=large)
[2026-07-29 12:20:37] 2026-07-29 12:20:36 | INFO     | KDClient 15 round 42 public KD (epochs=2)
[2026-07-29 12:23:15] 2026-07-29 12:23:15 | INFO     | KDClient 15 round 42 local training (epochs=4)
[2026-07-29 12:25:34] 2026-07-29 12:25:34 | INFO     | KDClient 15 round 42 completed (acc=0.3091, n=180)
[2026-07-29 12:25:34] 2026-07-29 12:25:34 | INFO     | KDClient 16 fit round 42 (tier=large)
[2026-07-29 12:25:34] 2026-07-29 12:25:34 | INFO     | KDClient 16 round 42 public KD (epochs=2)
[2026-07-29 12:28:10] 2026-07-29 12:28:10 | INFO     | KDClient 16 round 42 local training (epochs=4)
[2026-07-29 12:31:00] 2026-07-29 12:31:00 | INFO     | KDClient 16 round 42 completed (acc=0.3091, n=180)
[2026-07-29 12:31:00] 2026-07-29 12:31:00 | INFO     | KDClient 17 fit round 42 (tier=large)
[2026-07-29 12:31:00] 2026-07-29 12:31:00 | INFO     | KDClient 17 round 42 public KD (epochs=2)
[2026-07-29 12:33:23] 2026-07-29 12:33:23 | INFO     | KDClient 17 round 42 local training (epochs=4)
[2026-07-29 12:35:40] 2026-07-29 12:35:40 | INFO     | KDClient 17 round 42 completed (acc=0.3091, n=180)
[2026-07-29 12:35:40] 2026-07-29 12:35:40 | INFO     | KDClient 18 fit round 42 (tier=large)
[2026-07-29 12:35:40] 2026-07-29 12:35:40 | INFO     | KDClient 18 round 42 public KD (epochs=2)
[2026-07-29 12:38:15] 2026-07-29 12:38:15 | INFO     | KDClient 18 round 42 local training (epochs=4)
[2026-07-29 12:40:36] 2026-07-29 12:40:36 | INFO     | KDClient 18 round 42 completed (acc=0.3091, n=180)
[2026-07-29 12:40:36] 2026-07-29 12:40:36 | INFO     | KDClient 19 fit round 42 (tier=large)
[2026-07-29 12:40:36] 2026-07-29 12:40:36 | INFO     | KDClient 19 round 42 public KD (epochs=2)
[2026-07-29 12:43:22] 2026-07-29 12:43:22 | INFO     | KDClient 19 round 42 local training (epochs=4)
[2026-07-29 12:45:55] 2026-07-29 12:45:55 | INFO     | KDClient 19 round 42 completed (acc=0.3091, n=180)
[2026-07-29 12:45:55] 2026-07-29 12:45:55 | INFO     | MKS — IID: round 42/50 aggregated 3 cluster weights
[2026-07-29 12:45:55]   Round  42/50 | Avg: 0.3089 | Min: 0.3055 | Max: 0.3091
[2026-07-29 12:45:55] 2026-07-29 12:45:55 | INFO     | MKS — IID: round 43/50 starting
[2026-07-29 12:45:55] 2026-07-29 12:45:55 | INFO     | KDClient 0 fit round 43 (tier=small)
[2026-07-29 12:45:55] 2026-07-29 12:45:55 | INFO     | KDClient 0 round 43 public KD (epochs=2)
[2026-07-29 12:46:39] 2026-07-29 12:46:39 | INFO     | KDClient 0 round 43 local training (epochs=4)
[2026-07-29 12:47:23] 2026-07-29 12:47:23 | INFO     | KDClient 0 round 43 completed (acc=0.3091, n=180)
[2026-07-29 12:47:23] 2026-07-29 12:47:23 | INFO     | KDClient 1 fit round 43 (tier=small)
[2026-07-29 12:47:23] 2026-07-29 12:47:23 | INFO     | KDClient 1 round 43 public KD (epochs=2)
[2026-07-29 12:48:09] 2026-07-29 12:48:09 | INFO     | KDClient 1 round 43 local training (epochs=4)
[2026-07-29 12:49:00] 2026-07-29 12:49:00 | INFO     | KDClient 1 round 43 completed (acc=0.3091, n=180)
[2026-07-29 12:49:00] 2026-07-29 12:49:00 | INFO     | KDClient 2 fit round 43 (tier=small)
[2026-07-29 12:49:00] 2026-07-29 12:49:00 | INFO     | KDClient 2 round 43 public KD (epochs=2)
[2026-07-29 12:49:50] 2026-07-29 12:49:50 | INFO     | KDClient 2 round 43 local training (epochs=4)
[2026-07-29 12:50:26] 2026-07-29 12:50:26 | INFO     | KDClient 2 round 43 completed (acc=0.3091, n=180)
[2026-07-29 12:50:26] 2026-07-29 12:50:26 | INFO     | KDClient 3 fit round 43 (tier=small)
[2026-07-29 12:50:26] 2026-07-29 12:50:26 | INFO     | KDClient 3 round 43 public KD (epochs=2)
[2026-07-29 12:51:09] 2026-07-29 12:51:09 | INFO     | KDClient 3 round 43 local training (epochs=4)
[2026-07-29 12:51:47] 2026-07-29 12:51:47 | INFO     | KDClient 3 round 43 completed (acc=0.3091, n=180)
[2026-07-29 12:51:47] 2026-07-29 12:51:47 | INFO     | KDClient 4 fit round 43 (tier=small)
[2026-07-29 12:51:47] 2026-07-29 12:51:47 | INFO     | KDClient 4 round 43 public KD (epochs=2)
[2026-07-29 12:52:31] 2026-07-29 12:52:31 | INFO     | KDClient 4 round 43 local training (epochs=4)
[2026-07-29 12:53:19] 2026-07-29 12:53:19 | INFO     | KDClient 4 round 43 completed (acc=0.3091, n=180)
[2026-07-29 12:53:19] 2026-07-29 12:53:19 | INFO     | KDClient 5 fit round 43 (tier=small)
[2026-07-29 12:53:19] 2026-07-29 12:53:19 | INFO     | KDClient 5 round 43 public KD (epochs=2)
[2026-07-29 12:54:16] 2026-07-29 12:54:16 | INFO     | KDClient 5 round 43 local training (epochs=4)
[2026-07-29 12:54:44] 2026-07-29 12:54:43 | INFO     | KDClient 5 round 43 completed (acc=0.3091, n=180)
[2026-07-29 12:54:44] 2026-07-29 12:54:43 | INFO     | KDClient 6 fit round 43 (tier=small)
[2026-07-29 12:54:44] 2026-07-29 12:54:44 | INFO     | KDClient 6 round 43 public KD (epochs=2)
[2026-07-29 12:55:46] 2026-07-29 12:55:46 | INFO     | KDClient 6 round 43 local training (epochs=4)
[2026-07-29 12:56:28] 2026-07-29 12:56:28 | INFO     | KDClient 6 round 43 completed (acc=0.3091, n=180)
[2026-07-29 12:56:28] 2026-07-29 12:56:28 | INFO     | KDClient 7 fit round 43 (tier=medium)
[2026-07-29 12:56:28] 2026-07-29 12:56:28 | INFO     | KDClient 7 round 43 public KD (epochs=2)
[2026-07-29 12:57:51] 2026-07-29 12:57:51 | INFO     | KDClient 7 round 43 local training (epochs=4)
[2026-07-29 12:59:16] 2026-07-29 12:59:16 | INFO     | KDClient 7 round 43 completed (acc=0.3091, n=180)
[2026-07-29 12:59:16] 2026-07-29 12:59:16 | INFO     | KDClient 8 fit round 43 (tier=medium)
[2026-07-29 12:59:16] 2026-07-29 12:59:16 | INFO     | KDClient 8 round 43 public KD (epochs=2)
[2026-07-29 13:00:36] 2026-07-29 13:00:36 | INFO     | KDClient 8 round 43 local training (epochs=4)
[2026-07-29 13:01:59] 2026-07-29 13:01:59 | INFO     | KDClient 8 round 43 completed (acc=0.3018, n=180)
[2026-07-29 13:01:59] 2026-07-29 13:01:59 | INFO     | KDClient 9 fit round 43 (tier=medium)
[2026-07-29 13:01:59] 2026-07-29 13:01:59 | INFO     | KDClient 9 round 43 public KD (epochs=2)
[2026-07-29 13:03:19] 2026-07-29 13:03:19 | INFO     | KDClient 9 round 43 local training (epochs=4)
[2026-07-29 13:04:38] 2026-07-29 13:04:38 | INFO     | KDClient 9 round 43 completed (acc=0.3091, n=180)
[2026-07-29 13:04:38] 2026-07-29 13:04:38 | INFO     | KDClient 10 fit round 43 (tier=medium)
[2026-07-29 13:04:38] 2026-07-29 13:04:38 | INFO     | KDClient 10 round 43 public KD (epochs=2)
[2026-07-29 13:06:03] 2026-07-29 13:06:03 | INFO     | KDClient 10 round 43 local training (epochs=4)
[2026-07-29 13:07:17] 2026-07-29 13:07:17 | INFO     | KDClient 10 round 43 completed (acc=0.3091, n=180)
[2026-07-29 13:07:17] 2026-07-29 13:07:17 | INFO     | KDClient 11 fit round 43 (tier=medium)
[2026-07-29 13:07:17] 2026-07-29 13:07:17 | INFO     | KDClient 11 round 43 public KD (epochs=2)
[2026-07-29 13:08:43] 2026-07-29 13:08:43 | INFO     | KDClient 11 round 43 local training (epochs=4)
[2026-07-29 13:10:01] 2026-07-29 13:10:01 | INFO     | KDClient 11 round 43 completed (acc=0.3091, n=180)
[2026-07-29 13:10:01] 2026-07-29 13:10:01 | INFO     | KDClient 12 fit round 43 (tier=medium)
[2026-07-29 13:10:01] 2026-07-29 13:10:01 | INFO     | KDClient 12 round 43 public KD (epochs=2)
[2026-07-29 13:11:27] 2026-07-29 13:11:27 | INFO     | KDClient 12 round 43 local training (epochs=4)
[2026-07-29 13:12:56] 2026-07-29 13:12:56 | INFO     | KDClient 12 round 43 completed (acc=0.3091, n=180)
[2026-07-29 13:12:56] 2026-07-29 13:12:56 | INFO     | KDClient 13 fit round 43 (tier=medium)
[2026-07-29 13:12:56] 2026-07-29 13:12:56 | INFO     | KDClient 13 round 43 public KD (epochs=2)
[2026-07-29 13:14:30] 2026-07-29 13:14:30 | INFO     | KDClient 13 round 43 local training (epochs=4)
[2026-07-29 13:15:39] 2026-07-29 13:15:39 | INFO     | KDClient 13 round 43 completed (acc=0.2909, n=180)
[2026-07-29 13:15:39] 2026-07-29 13:15:39 | INFO     | KDClient 14 fit round 43 (tier=large)
[2026-07-29 13:15:39] 2026-07-29 13:15:39 | INFO     | KDClient 14 round 43 public KD (epochs=2)
[2026-07-29 13:18:14] 2026-07-29 13:18:14 | INFO     | KDClient 14 round 43 local training (epochs=4)
[2026-07-29 13:20:30] 2026-07-29 13:20:30 | INFO     | KDClient 14 round 43 completed (acc=0.3091, n=180)
[2026-07-29 13:20:30] 2026-07-29 13:20:30 | INFO     | KDClient 15 fit round 43 (tier=large)
[2026-07-29 13:20:31] 2026-07-29 13:20:31 | INFO     | KDClient 15 round 43 public KD (epochs=2)
[2026-07-29 13:22:59] 2026-07-29 13:22:59 | INFO     | KDClient 15 round 43 local training (epochs=4)
[2026-07-29 13:25:26] 2026-07-29 13:25:26 | INFO     | KDClient 15 round 43 completed (acc=0.3091, n=180)
[2026-07-29 13:25:26] 2026-07-29 13:25:26 | INFO     | KDClient 16 fit round 43 (tier=large)
[2026-07-29 13:25:26] 2026-07-29 13:25:26 | INFO     | KDClient 16 round 43 public KD (epochs=2)
[2026-07-29 13:28:07] 2026-07-29 13:28:07 | INFO     | KDClient 16 round 43 local training (epochs=4)
[2026-07-29 13:30:24] 2026-07-29 13:30:24 | INFO     | KDClient 16 round 43 completed (acc=0.3091, n=180)
[2026-07-29 13:30:24] 2026-07-29 13:30:24 | INFO     | KDClient 17 fit round 43 (tier=large)
[2026-07-29 13:30:24] 2026-07-29 13:30:24 | INFO     | KDClient 17 round 43 public KD (epochs=2)
[2026-07-29 13:33:01] 2026-07-29 13:33:01 | INFO     | KDClient 17 round 43 local training (epochs=4)
[2026-07-29 13:34:51] 2026-07-29 13:34:51 | INFO     | KDClient 17 round 43 completed (acc=0.3091, n=180)
[2026-07-29 13:34:51] 2026-07-29 13:34:51 | INFO     | KDClient 18 fit round 43 (tier=large)
[2026-07-29 13:34:51] 2026-07-29 13:34:51 | INFO     | KDClient 18 round 43 public KD (epochs=2)
[2026-07-29 13:36:54] 2026-07-29 13:36:54 | INFO     | KDClient 18 round 43 local training (epochs=4)
[2026-07-29 13:38:41] 2026-07-29 13:38:41 | INFO     | KDClient 18 round 43 completed (acc=0.3091, n=180)
[2026-07-29 13:38:41] 2026-07-29 13:38:41 | INFO     | KDClient 19 fit round 43 (tier=large)
[2026-07-29 13:38:42] 2026-07-29 13:38:42 | INFO     | KDClient 19 round 43 public KD (epochs=2)
[2026-07-29 13:40:41] 2026-07-29 13:40:41 | INFO     | KDClient 19 round 43 local training (epochs=4)
[2026-07-29 13:42:36] 2026-07-29 13:42:36 | INFO     | KDClient 19 round 43 completed (acc=0.3091, n=180)
[2026-07-29 13:42:36] 2026-07-29 13:42:36 | INFO     | MKS — IID: round 43/50 aggregated 3 cluster weights
[2026-07-29 13:42:36]   Round  43/50 | Avg: 0.3078 | Min: 0.2909 | Max: 0.3091
[2026-07-29 13:42:36] 2026-07-29 13:42:36 | INFO     | MKS — IID: round 44/50 starting
[2026-07-29 13:42:36] 2026-07-29 13:42:36 | INFO     | KDClient 0 fit round 44 (tier=small)
[2026-07-29 13:42:36] 2026-07-29 13:42:36 | INFO     | KDClient 0 round 44 public KD (epochs=2)
[2026-07-29 13:43:17] 2026-07-29 13:43:17 | INFO     | KDClient 0 round 44 local training (epochs=4)
[2026-07-29 13:43:52] 2026-07-29 13:43:52 | INFO     | KDClient 0 round 44 completed (acc=0.3091, n=180)
[2026-07-29 13:43:52] 2026-07-29 13:43:52 | INFO     | KDClient 1 fit round 44 (tier=small)
[2026-07-29 13:43:52] 2026-07-29 13:43:52 | INFO     | KDClient 1 round 44 public KD (epochs=2)
[2026-07-29 13:44:30] 2026-07-29 13:44:30 | INFO     | KDClient 1 round 44 local training (epochs=4)
[2026-07-29 13:45:14] 2026-07-29 13:45:14 | INFO     | KDClient 1 round 44 completed (acc=0.3091, n=180)
[2026-07-29 13:45:14] 2026-07-29 13:45:14 | INFO     | KDClient 2 fit round 44 (tier=small)
[2026-07-29 13:45:14] 2026-07-29 13:45:14 | INFO     | KDClient 2 round 44 public KD (epochs=2)
[2026-07-29 13:45:55] 2026-07-29 13:45:54 | INFO     | KDClient 2 round 44 local training (epochs=4)
[2026-07-29 13:46:32] 2026-07-29 13:46:32 | INFO     | KDClient 2 round 44 completed (acc=0.3091, n=180)
[2026-07-29 13:46:32] 2026-07-29 13:46:32 | INFO     | KDClient 3 fit round 44 (tier=small)
[2026-07-29 13:46:32] 2026-07-29 13:46:32 | INFO     | KDClient 3 round 44 public KD (epochs=2)
[2026-07-29 13:47:10] 2026-07-29 13:47:10 | INFO     | KDClient 3 round 44 local training (epochs=4)
[2026-07-29 13:47:52] 2026-07-29 13:47:52 | INFO     | KDClient 3 round 44 completed (acc=0.3091, n=180)
[2026-07-29 13:47:52] 2026-07-29 13:47:52 | INFO     | KDClient 4 fit round 44 (tier=small)
[2026-07-29 13:47:52] 2026-07-29 13:47:52 | INFO     | KDClient 4 round 44 public KD (epochs=2)
[2026-07-29 13:48:31] 2026-07-29 13:48:31 | INFO     | KDClient 4 round 44 local training (epochs=4)
[2026-07-29 13:49:09] 2026-07-29 13:49:09 | INFO     | KDClient 4 round 44 completed (acc=0.3091, n=180)
[2026-07-29 13:49:09] 2026-07-29 13:49:09 | INFO     | KDClient 5 fit round 44 (tier=small)
[2026-07-29 13:49:09] 2026-07-29 13:49:09 | INFO     | KDClient 5 round 44 public KD (epochs=2)
[2026-07-29 13:49:49] 2026-07-29 13:49:49 | INFO     | KDClient 5 round 44 local training (epochs=4)
[2026-07-29 13:50:28] 2026-07-29 13:50:28 | INFO     | KDClient 5 round 44 completed (acc=0.3091, n=180)
[2026-07-29 13:50:28] 2026-07-29 13:50:28 | INFO     | KDClient 6 fit round 44 (tier=small)
[2026-07-29 13:50:28] 2026-07-29 13:50:28 | INFO     | KDClient 6 round 44 public KD (epochs=2)
[2026-07-29 13:51:12] 2026-07-29 13:51:12 | INFO     | KDClient 6 round 44 local training (epochs=4)
[2026-07-29 13:51:49] 2026-07-29 13:51:49 | INFO     | KDClient 6 round 44 completed (acc=0.3091, n=180)
[2026-07-29 13:51:49] 2026-07-29 13:51:49 | INFO     | KDClient 7 fit round 44 (tier=medium)
[2026-07-29 13:51:49] 2026-07-29 13:51:49 | INFO     | KDClient 7 round 44 public KD (epochs=2)
[2026-07-29 13:53:10] 2026-07-29 13:53:10 | INFO     | KDClient 7 round 44 local training (epochs=4)
[2026-07-29 13:54:34] 2026-07-29 13:54:34 | INFO     | KDClient 7 round 44 completed (acc=0.2982, n=180)
[2026-07-29 13:54:34] 2026-07-29 13:54:34 | INFO     | KDClient 8 fit round 44 (tier=medium)
[2026-07-29 13:54:34] 2026-07-29 13:54:34 | INFO     | KDClient 8 round 44 public KD (epochs=2)
[2026-07-29 13:55:53] 2026-07-29 13:55:53 | INFO     | KDClient 8 round 44 local training (epochs=4)
[2026-07-29 13:56:55] 2026-07-29 13:56:55 | INFO     | KDClient 8 round 44 completed (acc=0.3091, n=180)
[2026-07-29 13:56:55] 2026-07-29 13:56:55 | INFO     | KDClient 9 fit round 44 (tier=medium)
[2026-07-29 13:56:55] 2026-07-29 13:56:55 | INFO     | KDClient 9 round 44 public KD (epochs=2)
[2026-07-29 13:58:12] 2026-07-29 13:58:12 | INFO     | KDClient 9 round 44 local training (epochs=4)
[2026-07-29 13:59:20] 2026-07-29 13:59:20 | INFO     | KDClient 9 round 44 completed (acc=0.3091, n=180)
[2026-07-29 13:59:20] 2026-07-29 13:59:20 | INFO     | KDClient 10 fit round 44 (tier=medium)
[2026-07-29 13:59:20] 2026-07-29 13:59:20 | INFO     | KDClient 10 round 44 public KD (epochs=2)
[2026-07-29 14:00:38] 2026-07-29 14:00:38 | INFO     | KDClient 10 round 44 local training (epochs=4)
[2026-07-29 14:02:00] 2026-07-29 14:02:00 | INFO     | KDClient 10 round 44 completed (acc=0.2982, n=180)
[2026-07-29 14:02:00] 2026-07-29 14:02:00 | INFO     | KDClient 11 fit round 44 (tier=medium)
[2026-07-29 14:02:00] 2026-07-29 14:02:00 | INFO     | KDClient 11 round 44 public KD (epochs=2)
[2026-07-29 14:03:18] 2026-07-29 14:03:18 | INFO     | KDClient 11 round 44 local training (epochs=4)
[2026-07-29 14:04:20] 2026-07-29 14:04:20 | INFO     | KDClient 11 round 44 completed (acc=0.2982, n=180)
[2026-07-29 14:04:20] 2026-07-29 14:04:20 | INFO     | KDClient 12 fit round 44 (tier=medium)
[2026-07-29 14:04:20] 2026-07-29 14:04:20 | INFO     | KDClient 12 round 44 public KD (epochs=2)
[2026-07-29 14:05:37] 2026-07-29 14:05:37 | INFO     | KDClient 12 round 44 local training (epochs=4)
[2026-07-29 14:06:38] 2026-07-29 14:06:38 | INFO     | KDClient 12 round 44 completed (acc=0.3091, n=180)
[2026-07-29 14:06:38] 2026-07-29 14:06:38 | INFO     | KDClient 13 fit round 44 (tier=medium)
[2026-07-29 14:06:38] 2026-07-29 14:06:38 | INFO     | KDClient 13 round 44 public KD (epochs=2)
[2026-07-29 14:07:50] 2026-07-29 14:07:50 | INFO     | KDClient 13 round 44 local training (epochs=4)
[2026-07-29 14:08:48] 2026-07-29 14:08:48 | INFO     | KDClient 13 round 44 completed (acc=0.3091, n=180)
[2026-07-29 14:08:48] 2026-07-29 14:08:48 | INFO     | KDClient 14 fit round 44 (tier=large)
[2026-07-29 14:08:48] 2026-07-29 14:08:48 | INFO     | KDClient 14 round 44 public KD (epochs=2)
[2026-07-29 14:10:56] 2026-07-29 14:10:56 | INFO     | KDClient 14 round 44 local training (epochs=4)
[2026-07-29 14:12:27] 2026-07-29 14:12:27 | INFO     | KDClient 14 round 44 completed (acc=0.3091, n=180)
[2026-07-29 14:12:27] 2026-07-29 14:12:27 | INFO     | KDClient 15 fit round 44 (tier=large)
[2026-07-29 14:12:27] 2026-07-29 14:12:27 | INFO     | KDClient 15 round 44 public KD (epochs=2)
[2026-07-29 14:14:36] 2026-07-29 14:14:36 | INFO     | KDClient 15 round 44 local training (epochs=4)
[2026-07-29 14:16:32] 2026-07-29 14:16:32 | INFO     | KDClient 15 round 44 completed (acc=0.3091, n=180)
[2026-07-29 14:16:32] 2026-07-29 14:16:32 | INFO     | KDClient 16 fit round 44 (tier=large)
[2026-07-29 14:16:32] 2026-07-29 14:16:32 | INFO     | KDClient 16 round 44 public KD (epochs=2)
[2026-07-29 14:19:03] 2026-07-29 14:19:03 | INFO     | KDClient 16 round 44 local training (epochs=4)
[2026-07-29 14:21:13] 2026-07-29 14:21:13 | INFO     | KDClient 16 round 44 completed (acc=0.3091, n=180)
[2026-07-29 14:21:13] 2026-07-29 14:21:13 | INFO     | KDClient 17 fit round 44 (tier=large)
[2026-07-29 14:21:13] 2026-07-29 14:21:13 | INFO     | KDClient 17 round 44 public KD (epochs=2)
[2026-07-29 14:23:28] 2026-07-29 14:23:28 | INFO     | KDClient 17 round 44 local training (epochs=4)
[2026-07-29 14:25:16] 2026-07-29 14:25:16 | INFO     | KDClient 17 round 44 completed (acc=0.3091, n=180)
[2026-07-29 14:25:16] 2026-07-29 14:25:16 | INFO     | KDClient 18 fit round 44 (tier=large)
[2026-07-29 14:25:16] 2026-07-29 14:25:16 | INFO     | KDClient 18 round 44 public KD (epochs=2)
[2026-07-29 14:27:34] 2026-07-29 14:27:34 | INFO     | KDClient 18 round 44 local training (epochs=4)
[2026-07-29 14:29:44] 2026-07-29 14:29:44 | INFO     | KDClient 18 round 44 completed (acc=0.3055, n=180)
[2026-07-29 14:29:44] 2026-07-29 14:29:44 | INFO     | KDClient 19 fit round 44 (tier=large)
[2026-07-29 14:29:45] 2026-07-29 14:29:45 | INFO     | KDClient 19 round 44 public KD (epochs=2)
[2026-07-29 14:31:59] 2026-07-29 14:31:59 | INFO     | KDClient 19 round 44 local training (epochs=4)
[2026-07-29 14:34:11] 2026-07-29 14:34:11 | INFO     | KDClient 19 round 44 completed (acc=0.3091, n=180)
[2026-07-29 14:34:12] 2026-07-29 14:34:12 | INFO     | MKS — IID: round 44/50 aggregated 3 cluster weights
[2026-07-29 14:34:12]   Round  44/50 | Avg: 0.3073 | Min: 0.2982 | Max: 0.3091
[2026-07-29 14:34:12] 2026-07-29 14:34:12 | INFO     | MKS — IID: round 45/50 starting
[2026-07-29 14:34:12] 2026-07-29 14:34:12 | INFO     | KDClient 0 fit round 45 (tier=small)
[2026-07-29 14:34:12] 2026-07-29 14:34:12 | INFO     | KDClient 0 round 45 public KD (epochs=2)
[2026-07-29 14:34:53] 2026-07-29 14:34:53 | INFO     | KDClient 0 round 45 local training (epochs=4)
[2026-07-29 14:35:26] 2026-07-29 14:35:26 | INFO     | KDClient 0 round 45 completed (acc=0.3055, n=180)
[2026-07-29 14:35:26] 2026-07-29 14:35:26 | INFO     | KDClient 1 fit round 45 (tier=small)
[2026-07-29 14:35:26] 2026-07-29 14:35:26 | INFO     | KDClient 1 round 45 public KD (epochs=2)
[2026-07-29 14:36:29] 2026-07-29 14:36:29 | INFO     | KDClient 1 round 45 local training (epochs=4)
[2026-07-29 14:37:01] 2026-07-29 14:37:01 | INFO     | KDClient 1 round 45 completed (acc=0.3091, n=180)
[2026-07-29 14:37:01] 2026-07-29 14:37:01 | INFO     | KDClient 2 fit round 45 (tier=small)
[2026-07-29 14:37:01] 2026-07-29 14:37:01 | INFO     | KDClient 2 round 45 public KD (epochs=2)
[2026-07-29 14:37:45] 2026-07-29 14:37:45 | INFO     | KDClient 2 round 45 local training (epochs=4)
[2026-07-29 14:38:19] 2026-07-29 14:38:19 | INFO     | KDClient 2 round 45 completed (acc=0.3091, n=180)
[2026-07-29 14:38:19] 2026-07-29 14:38:19 | INFO     | KDClient 3 fit round 45 (tier=small)
[2026-07-29 14:38:19] 2026-07-29 14:38:19 | INFO     | KDClient 3 round 45 public KD (epochs=2)
[2026-07-29 14:39:02] 2026-07-29 14:39:02 | INFO     | KDClient 3 round 45 local training (epochs=4)
[2026-07-29 14:39:42] 2026-07-29 14:39:42 | INFO     | KDClient 3 round 45 completed (acc=0.3055, n=180)
[2026-07-29 14:39:42] 2026-07-29 14:39:42 | INFO     | KDClient 4 fit round 45 (tier=small)
[2026-07-29 14:39:42] 2026-07-29 14:39:42 | INFO     | KDClient 4 round 45 public KD (epochs=2)
[2026-07-29 14:40:24] 2026-07-29 14:40:24 | INFO     | KDClient 4 round 45 local training (epochs=4)
[2026-07-29 14:40:53] 2026-07-29 14:40:53 | INFO     | KDClient 4 round 45 completed (acc=0.3091, n=180)
[2026-07-29 14:40:53] 2026-07-29 14:40:53 | INFO     | KDClient 5 fit round 45 (tier=small)
[2026-07-29 14:40:53] 2026-07-29 14:40:53 | INFO     | KDClient 5 round 45 public KD (epochs=2)
[2026-07-29 14:41:34] 2026-07-29 14:41:34 | INFO     | KDClient 5 round 45 local training (epochs=4)
[2026-07-29 14:42:09] 2026-07-29 14:42:09 | INFO     | KDClient 5 round 45 completed (acc=0.3091, n=180)
[2026-07-29 14:42:09] 2026-07-29 14:42:09 | INFO     | KDClient 6 fit round 45 (tier=small)
[2026-07-29 14:42:09] 2026-07-29 14:42:09 | INFO     | KDClient 6 round 45 public KD (epochs=2)
[2026-07-29 14:42:52] 2026-07-29 14:42:52 | INFO     | KDClient 6 round 45 local training (epochs=4)
[2026-07-29 14:43:34] 2026-07-29 14:43:34 | INFO     | KDClient 6 round 45 completed (acc=0.3091, n=180)
[2026-07-29 14:43:34] 2026-07-29 14:43:34 | INFO     | KDClient 7 fit round 45 (tier=medium)
[2026-07-29 14:43:34] 2026-07-29 14:43:34 | INFO     | KDClient 7 round 45 public KD (epochs=2)
[2026-07-29 14:45:10] 2026-07-29 14:45:10 | INFO     | KDClient 7 round 45 local training (epochs=4)
[2026-07-29 14:46:37] 2026-07-29 14:46:37 | INFO     | KDClient 7 round 45 completed (acc=0.3091, n=180)
[2026-07-29 14:46:37] 2026-07-29 14:46:37 | INFO     | KDClient 8 fit round 45 (tier=medium)
[2026-07-29 14:46:37] 2026-07-29 14:46:37 | INFO     | KDClient 8 round 45 public KD (epochs=2)
[2026-07-29 14:48:01] 2026-07-29 14:48:01 | INFO     | KDClient 8 round 45 local training (epochs=4)
[2026-07-29 14:49:14] 2026-07-29 14:49:14 | INFO     | KDClient 8 round 45 completed (acc=0.3091, n=180)
[2026-07-29 14:49:14] 2026-07-29 14:49:14 | INFO     | KDClient 9 fit round 45 (tier=medium)
[2026-07-29 14:49:15] 2026-07-29 14:49:15 | INFO     | KDClient 9 round 45 public KD (epochs=2)
[2026-07-29 14:50:40] 2026-07-29 14:50:40 | INFO     | KDClient 9 round 45 local training (epochs=4)
[2026-07-29 14:51:46] 2026-07-29 14:51:46 | INFO     | KDClient 9 round 45 completed (acc=0.3091, n=180)
[2026-07-29 14:51:46] 2026-07-29 14:51:46 | INFO     | KDClient 10 fit round 45 (tier=medium)
[2026-07-29 14:51:46] 2026-07-29 14:51:46 | INFO     | KDClient 10 round 45 public KD (epochs=2)
[2026-07-29 14:53:01] 2026-07-29 14:53:01 | INFO     | KDClient 10 round 45 local training (epochs=4)
[2026-07-29 14:54:20] 2026-07-29 14:54:20 | INFO     | KDClient 10 round 45 completed (acc=0.3091, n=180)
[2026-07-29 14:54:20] 2026-07-29 14:54:20 | INFO     | KDClient 11 fit round 45 (tier=medium)
[2026-07-29 14:54:20] 2026-07-29 14:54:20 | INFO     | KDClient 11 round 45 public KD (epochs=2)
[2026-07-29 14:55:35] 2026-07-29 14:55:35 | INFO     | KDClient 11 round 45 local training (epochs=4)
[2026-07-29 14:56:49] 2026-07-29 14:56:49 | INFO     | KDClient 11 round 45 completed (acc=0.3018, n=180)
[2026-07-29 14:56:49] 2026-07-29 14:56:49 | INFO     | KDClient 12 fit round 45 (tier=medium)
[2026-07-29 14:56:49] 2026-07-29 14:56:49 | INFO     | KDClient 12 round 45 public KD (epochs=2)
[2026-07-29 14:58:09] 2026-07-29 14:58:09 | INFO     | KDClient 12 round 45 local training (epochs=4)
[2026-07-29 14:59:12] 2026-07-29 14:59:12 | INFO     | KDClient 12 round 45 completed (acc=0.3091, n=180)
[2026-07-29 14:59:12] 2026-07-29 14:59:12 | INFO     | KDClient 13 fit round 45 (tier=medium)
[2026-07-29 14:59:12] 2026-07-29 14:59:12 | INFO     | KDClient 13 round 45 public KD (epochs=2)
[2026-07-29 15:00:34] 2026-07-29 15:00:34 | INFO     | KDClient 13 round 45 local training (epochs=4)
[2026-07-29 15:01:37] 2026-07-29 15:01:37 | INFO     | KDClient 13 round 45 completed (acc=0.3091, n=180)
[2026-07-29 15:01:37] 2026-07-29 15:01:37 | INFO     | KDClient 14 fit round 45 (tier=large)
[2026-07-29 15:01:37] 2026-07-29 15:01:37 | INFO     | KDClient 14 round 45 public KD (epochs=2)
[2026-07-29 15:03:35] 2026-07-29 15:03:35 | INFO     | KDClient 14 round 45 local training (epochs=4)
[2026-07-29 15:05:05] 2026-07-29 15:05:05 | INFO     | KDClient 14 round 45 completed (acc=0.3091, n=180)
[2026-07-29 15:05:05] 2026-07-29 15:05:05 | INFO     | KDClient 15 fit round 45 (tier=large)
[2026-07-29 15:05:05] 2026-07-29 15:05:05 | INFO     | KDClient 15 round 45 public KD (epochs=2)
[2026-07-29 15:07:31] 2026-07-29 15:07:31 | INFO     | KDClient 15 round 45 local training (epochs=4)
[2026-07-29 15:09:17] 2026-07-29 15:09:17 | INFO     | KDClient 15 round 45 completed (acc=0.3091, n=180)
[2026-07-29 15:09:17] 2026-07-29 15:09:17 | INFO     | KDClient 16 fit round 45 (tier=large)
[2026-07-29 15:09:17] 2026-07-29 15:09:17 | INFO     | KDClient 16 round 45 public KD (epochs=2)
[2026-07-29 15:11:44] 2026-07-29 15:11:44 | INFO     | KDClient 16 round 45 local training (epochs=4)
[2026-07-29 15:14:04] 2026-07-29 15:14:04 | INFO     | KDClient 16 round 45 completed (acc=0.3091, n=180)
[2026-07-29 15:14:04] 2026-07-29 15:14:04 | INFO     | KDClient 17 fit round 45 (tier=large)
[2026-07-29 15:14:04] 2026-07-29 15:14:04 | INFO     | KDClient 17 round 45 public KD (epochs=2)
[2026-07-29 15:16:19] 2026-07-29 15:16:19 | INFO     | KDClient 17 round 45 local training (epochs=4)
[2026-07-29 15:18:26] 2026-07-29 15:18:26 | INFO     | KDClient 17 round 45 completed (acc=0.3091, n=180)
[2026-07-29 15:18:26] 2026-07-29 15:18:26 | INFO     | KDClient 18 fit round 45 (tier=large)
[2026-07-29 15:18:26] 2026-07-29 15:18:26 | INFO     | KDClient 18 round 45 public KD (epochs=2)
[2026-07-29 15:20:43] 2026-07-29 15:20:43 | INFO     | KDClient 18 round 45 local training (epochs=4)
[2026-07-29 15:22:35] 2026-07-29 15:22:35 | INFO     | KDClient 18 round 45 completed (acc=0.3091, n=180)
[2026-07-29 15:22:35] 2026-07-29 15:22:35 | INFO     | KDClient 19 fit round 45 (tier=large)
[2026-07-29 15:22:35] 2026-07-29 15:22:35 | INFO     | KDClient 19 round 45 public KD (epochs=2)
[2026-07-29 15:24:53] 2026-07-29 15:24:53 | INFO     | KDClient 19 round 45 local training (epochs=4)
[2026-07-29 15:26:43] 2026-07-29 15:26:43 | INFO     | KDClient 19 round 45 completed (acc=0.3091, n=180)
[2026-07-29 15:26:44] 2026-07-29 15:26:44 | INFO     | MKS — IID: round 45/50 aggregated 3 cluster weights
[2026-07-29 15:26:44]   Round  45/50 | Avg: 0.3084 | Min: 0.3018 | Max: 0.3091
[2026-07-29 15:26:44] 2026-07-29 15:26:44 | INFO     | MKS — IID: round 46/50 starting
[2026-07-29 15:26:44] 2026-07-29 15:26:44 | INFO     | KDClient 0 fit round 46 (tier=small)
[2026-07-29 15:26:44] 2026-07-29 15:26:44 | INFO     | KDClient 0 round 46 public KD (epochs=2)
[2026-07-29 15:27:28] 2026-07-29 15:27:28 | INFO     | KDClient 0 round 46 local training (epochs=4)
[2026-07-29 15:27:57] 2026-07-29 15:27:57 | INFO     | KDClient 0 round 46 completed (acc=0.3091, n=180)
[2026-07-29 15:27:57] 2026-07-29 15:27:57 | INFO     | KDClient 1 fit round 46 (tier=small)
[2026-07-29 15:27:57] 2026-07-29 15:27:57 | INFO     | KDClient 1 round 46 public KD (epochs=2)
[2026-07-29 15:28:40] 2026-07-29 15:28:40 | INFO     | KDClient 1 round 46 local training (epochs=4)
[2026-07-29 15:29:15] 2026-07-29 15:29:15 | INFO     | KDClient 1 round 46 completed (acc=0.3091, n=180)
[2026-07-29 15:29:15] 2026-07-29 15:29:15 | INFO     | KDClient 2 fit round 46 (tier=small)
[2026-07-29 15:29:15] 2026-07-29 15:29:15 | INFO     | KDClient 2 round 46 public KD (epochs=2)
[2026-07-29 15:29:52] 2026-07-29 15:29:52 | INFO     | KDClient 2 round 46 local training (epochs=4)
[2026-07-29 15:30:25] 2026-07-29 15:30:25 | INFO     | KDClient 2 round 46 completed (acc=0.3091, n=180)
[2026-07-29 15:30:25] 2026-07-29 15:30:25 | INFO     | KDClient 3 fit round 46 (tier=small)
[2026-07-29 15:30:25] 2026-07-29 15:30:25 | INFO     | KDClient 3 round 46 public KD (epochs=2)
[2026-07-29 15:31:09] 2026-07-29 15:31:09 | INFO     | KDClient 3 round 46 local training (epochs=4)
[2026-07-29 15:31:37] 2026-07-29 15:31:37 | INFO     | KDClient 3 round 46 completed (acc=0.3091, n=180)
[2026-07-29 15:31:37] 2026-07-29 15:31:37 | INFO     | KDClient 4 fit round 46 (tier=small)
[2026-07-29 15:31:37] 2026-07-29 15:31:37 | INFO     | KDClient 4 round 46 public KD (epochs=2)
[2026-07-29 15:32:19] 2026-07-29 15:32:19 | INFO     | KDClient 4 round 46 local training (epochs=4)
[2026-07-29 15:32:52] 2026-07-29 15:32:52 | INFO     | KDClient 4 round 46 completed (acc=0.3091, n=180)
[2026-07-29 15:32:52] 2026-07-29 15:32:52 | INFO     | KDClient 5 fit round 46 (tier=small)
[2026-07-29 15:32:52] 2026-07-29 15:32:52 | INFO     | KDClient 5 round 46 public KD (epochs=2)
[2026-07-29 15:33:55] 2026-07-29 15:33:55 | INFO     | KDClient 5 round 46 local training (epochs=4)
[2026-07-29 15:34:27] 2026-07-29 15:34:27 | INFO     | KDClient 5 round 46 completed (acc=0.3091, n=180)
[2026-07-29 15:34:27] 2026-07-29 15:34:27 | INFO     | KDClient 6 fit round 46 (tier=small)
[2026-07-29 15:34:27] 2026-07-29 15:34:27 | INFO     | KDClient 6 round 46 public KD (epochs=2)
[2026-07-29 15:35:08] 2026-07-29 15:35:08 | INFO     | KDClient 6 round 46 local training (epochs=4)
[2026-07-29 15:35:44] 2026-07-29 15:35:44 | INFO     | KDClient 6 round 46 completed (acc=0.3091, n=180)
[2026-07-29 15:35:44] 2026-07-29 15:35:44 | INFO     | KDClient 7 fit round 46 (tier=medium)
[2026-07-29 15:35:44] 2026-07-29 15:35:44 | INFO     | KDClient 7 round 46 public KD (epochs=2)
[2026-07-29 15:37:49] 2026-07-29 15:37:49 | INFO     | KDClient 7 round 46 local training (epochs=4)
[2026-07-29 15:39:11] 2026-07-29 15:39:11 | INFO     | KDClient 7 round 46 completed (acc=0.3091, n=180)
[2026-07-29 15:39:11] 2026-07-29 15:39:11 | INFO     | KDClient 8 fit round 46 (tier=medium)
[2026-07-29 15:39:11] 2026-07-29 15:39:11 | INFO     | KDClient 8 round 46 public KD (epochs=2)
[2026-07-29 15:41:21] 2026-07-29 15:41:21 | INFO     | KDClient 8 round 46 local training (epochs=4)
[2026-07-29 15:42:38] 2026-07-29 15:42:38 | INFO     | KDClient 8 round 46 completed (acc=0.3091, n=180)
[2026-07-29 15:42:38] 2026-07-29 15:42:38 | INFO     | KDClient 9 fit round 46 (tier=medium)
[2026-07-29 15:42:38] 2026-07-29 15:42:38 | INFO     | KDClient 9 round 46 public KD (epochs=2)
[2026-07-29 15:43:59] 2026-07-29 15:43:59 | INFO     | KDClient 9 round 46 local training (epochs=4)
[2026-07-29 15:45:14] 2026-07-29 15:45:14 | INFO     | KDClient 9 round 46 completed (acc=0.3091, n=180)
[2026-07-29 15:45:14] 2026-07-29 15:45:14 | INFO     | KDClient 10 fit round 46 (tier=medium)
[2026-07-29 15:45:14] 2026-07-29 15:45:14 | INFO     | KDClient 10 round 46 public KD (epochs=2)
[2026-07-29 15:46:40] 2026-07-29 15:46:40 | INFO     | KDClient 10 round 46 local training (epochs=4)
[2026-07-29 15:47:46] 2026-07-29 15:47:46 | INFO     | KDClient 10 round 46 completed (acc=0.3091, n=180)
[2026-07-29 15:47:46] 2026-07-29 15:47:46 | INFO     | KDClient 11 fit round 46 (tier=medium)
[2026-07-29 15:47:46] 2026-07-29 15:47:46 | INFO     | KDClient 11 round 46 public KD (epochs=2)
[2026-07-29 15:49:12] 2026-07-29 15:49:12 | INFO     | KDClient 11 round 46 local training (epochs=4)
[2026-07-29 15:50:11] 2026-07-29 15:50:11 | INFO     | KDClient 11 round 46 completed (acc=0.3091, n=180)
[2026-07-29 15:50:11] 2026-07-29 15:50:11 | INFO     | KDClient 12 fit round 46 (tier=medium)
[2026-07-29 15:50:11] 2026-07-29 15:50:11 | INFO     | KDClient 12 round 46 public KD (epochs=2)
[2026-07-29 15:51:30] 2026-07-29 15:51:30 | INFO     | KDClient 12 round 46 local training (epochs=4)
[2026-07-29 15:52:29] 2026-07-29 15:52:29 | INFO     | KDClient 12 round 46 completed (acc=0.3091, n=180)
[2026-07-29 15:52:29] 2026-07-29 15:52:29 | INFO     | KDClient 13 fit round 46 (tier=medium)
[2026-07-29 15:52:29] 2026-07-29 15:52:29 | INFO     | KDClient 13 round 46 public KD (epochs=2)
[2026-07-29 15:53:41] 2026-07-29 15:53:41 | INFO     | KDClient 13 round 46 local training (epochs=4)
[2026-07-29 15:54:37] 2026-07-29 15:54:37 | INFO     | KDClient 13 round 46 completed (acc=0.3091, n=180)
[2026-07-29 15:54:37] 2026-07-29 15:54:37 | INFO     | KDClient 14 fit round 46 (tier=large)
[2026-07-29 15:54:37] 2026-07-29 15:54:37 | INFO     | KDClient 14 round 46 public KD (epochs=2)
[2026-07-29 15:56:38] 2026-07-29 15:56:38 | INFO     | KDClient 14 round 46 local training (epochs=4)
[2026-07-29 15:58:05] 2026-07-29 15:58:05 | INFO     | KDClient 14 round 46 completed (acc=0.3091, n=180)
[2026-07-29 15:58:05] 2026-07-29 15:58:05 | INFO     | KDClient 15 fit round 46 (tier=large)
[2026-07-29 15:58:06] 2026-07-29 15:58:06 | INFO     | KDClient 15 round 46 public KD (epochs=2)
[2026-07-29 16:00:01] 2026-07-29 16:00:01 | INFO     | KDClient 15 round 46 local training (epochs=4)
[2026-07-29 16:01:27] 2026-07-29 16:01:26 | INFO     | KDClient 15 round 46 completed (acc=0.3091, n=180)
[2026-07-29 16:01:27] 2026-07-29 16:01:26 | INFO     | KDClient 16 fit round 46 (tier=large)
[2026-07-29 16:01:27] 2026-07-29 16:01:27 | INFO     | KDClient 16 round 46 public KD (epochs=2)
[2026-07-29 16:03:20] 2026-07-29 16:03:20 | INFO     | KDClient 16 round 46 local training (epochs=4)
[2026-07-29 16:04:56] 2026-07-29 16:04:56 | INFO     | KDClient 16 round 46 completed (acc=0.3018, n=180)
[2026-07-29 16:04:56] 2026-07-29 16:04:56 | INFO     | KDClient 17 fit round 46 (tier=large)
[2026-07-29 16:04:56] 2026-07-29 16:04:56 | INFO     | KDClient 17 round 46 public KD (epochs=2)
[2026-07-29 16:07:22] 2026-07-29 16:07:22 | INFO     | KDClient 17 round 46 local training (epochs=4)
[2026-07-29 16:09:25] 2026-07-29 16:09:25 | INFO     | KDClient 17 round 46 completed (acc=0.3091, n=180)
[2026-07-29 16:09:25] 2026-07-29 16:09:25 | INFO     | KDClient 18 fit round 46 (tier=large)
[2026-07-29 16:09:25] 2026-07-29 16:09:25 | INFO     | KDClient 18 round 46 public KD (epochs=2)
[2026-07-29 16:11:55] 2026-07-29 16:11:55 | INFO     | KDClient 18 round 46 local training (epochs=4)
[2026-07-29 16:13:42] 2026-07-29 16:13:42 | INFO     | KDClient 18 round 46 completed (acc=0.3091, n=180)
[2026-07-29 16:13:42] 2026-07-29 16:13:42 | INFO     | KDClient 19 fit round 46 (tier=large)
[2026-07-29 16:13:42] 2026-07-29 16:13:42 | INFO     | KDClient 19 round 46 public KD (epochs=2)
[2026-07-29 16:16:01] 2026-07-29 16:16:01 | INFO     | KDClient 19 round 46 local training (epochs=4)
[2026-07-29 16:18:00] 2026-07-29 16:18:00 | INFO     | KDClient 19 round 46 completed (acc=0.3091, n=180)
[2026-07-29 16:18:00] 2026-07-29 16:18:00 | INFO     | MKS — IID: round 46/50 aggregated 3 cluster weights
[2026-07-29 16:18:00]   Round  46/50 | Avg: 0.3087 | Min: 0.3018 | Max: 0.3091
[2026-07-29 16:18:00] 2026-07-29 16:18:00 | INFO     | MKS — IID: round 47/50 starting
[2026-07-29 16:18:01] 2026-07-29 16:18:01 | INFO     | KDClient 0 fit round 47 (tier=small)
[2026-07-29 16:18:01] 2026-07-29 16:18:01 | INFO     | KDClient 0 round 47 public KD (epochs=2)
[2026-07-29 16:18:44] 2026-07-29 16:18:44 | INFO     | KDClient 0 round 47 local training (epochs=4)
[2026-07-29 16:19:17] 2026-07-29 16:19:17 | INFO     | KDClient 0 round 47 completed (acc=0.3055, n=180)
[2026-07-29 16:19:17] 2026-07-29 16:19:17 | INFO     | KDClient 1 fit round 47 (tier=small)
[2026-07-29 16:19:17] 2026-07-29 16:19:17 | INFO     | KDClient 1 round 47 public KD (epochs=2)
[2026-07-29 16:20:04] 2026-07-29 16:20:04 | INFO     | KDClient 1 round 47 local training (epochs=4)
[2026-07-29 16:20:42] 2026-07-29 16:20:42 | INFO     | KDClient 1 round 47 completed (acc=0.3091, n=180)
[2026-07-29 16:20:42] 2026-07-29 16:20:42 | INFO     | KDClient 2 fit round 47 (tier=small)
[2026-07-29 16:20:42] 2026-07-29 16:20:42 | INFO     | KDClient 2 round 47 public KD (epochs=2)
[2026-07-29 16:21:25] 2026-07-29 16:21:25 | INFO     | KDClient 2 round 47 local training (epochs=4)
[2026-07-29 16:22:00] 2026-07-29 16:22:00 | INFO     | KDClient 2 round 47 completed (acc=0.3091, n=180)
[2026-07-29 16:22:00] 2026-07-29 16:22:00 | INFO     | KDClient 3 fit round 47 (tier=small)
[2026-07-29 16:22:00] 2026-07-29 16:22:00 | INFO     | KDClient 3 round 47 public KD (epochs=2)
[2026-07-29 16:22:43] 2026-07-29 16:22:43 | INFO     | KDClient 3 round 47 local training (epochs=4)
[2026-07-29 16:23:21] 2026-07-29 16:23:21 | INFO     | KDClient 3 round 47 completed (acc=0.3091, n=180)
[2026-07-29 16:23:21] 2026-07-29 16:23:21 | INFO     | KDClient 4 fit round 47 (tier=small)
[2026-07-29 16:23:21] 2026-07-29 16:23:21 | INFO     | KDClient 4 round 47 public KD (epochs=2)
[2026-07-29 16:24:46] 2026-07-29 16:24:46 | INFO     | KDClient 4 round 47 local training (epochs=4)
[2026-07-29 16:25:30] 2026-07-29 16:25:30 | INFO     | KDClient 4 round 47 completed (acc=0.3091, n=180)
[2026-07-29 16:25:30] 2026-07-29 16:25:30 | INFO     | KDClient 5 fit round 47 (tier=small)
[2026-07-29 16:25:30] 2026-07-29 16:25:30 | INFO     | KDClient 5 round 47 public KD (epochs=2)
[2026-07-29 16:26:15] 2026-07-29 16:26:15 | INFO     | KDClient 5 round 47 local training (epochs=4)
[2026-07-29 16:26:52] 2026-07-29 16:26:52 | INFO     | KDClient 5 round 47 completed (acc=0.3091, n=180)
[2026-07-29 16:26:52] 2026-07-29 16:26:52 | INFO     | KDClient 6 fit round 47 (tier=small)
[2026-07-29 16:26:52] 2026-07-29 16:26:52 | INFO     | KDClient 6 round 47 public KD (epochs=2)
[2026-07-29 16:27:25] 2026-07-29 16:27:25 | INFO     | KDClient 6 round 47 local training (epochs=4)
[2026-07-29 16:28:03] 2026-07-29 16:28:03 | INFO     | KDClient 6 round 47 completed (acc=0.3091, n=180)
[2026-07-29 16:28:03] 2026-07-29 16:28:03 | INFO     | KDClient 7 fit round 47 (tier=medium)
[2026-07-29 16:28:03] 2026-07-29 16:28:03 | INFO     | KDClient 7 round 47 public KD (epochs=2)
[2026-07-29 16:29:28] 2026-07-29 16:29:28 | INFO     | KDClient 7 round 47 local training (epochs=4)
[2026-07-29 16:30:56] 2026-07-29 16:30:56 | INFO     | KDClient 7 round 47 completed (acc=0.3091, n=180)
[2026-07-29 16:30:56] 2026-07-29 16:30:56 | INFO     | KDClient 8 fit round 47 (tier=medium)
[2026-07-29 16:30:56] 2026-07-29 16:30:56 | INFO     | KDClient 8 round 47 public KD (epochs=2)
[2026-07-29 16:33:00] 2026-07-29 16:32:59 | INFO     | KDClient 8 round 47 local training (epochs=4)
[2026-07-29 16:34:09] 2026-07-29 16:34:09 | INFO     | KDClient 8 round 47 completed (acc=0.3091, n=180)
[2026-07-29 16:34:09] 2026-07-29 16:34:09 | INFO     | KDClient 9 fit round 47 (tier=medium)
[2026-07-29 16:34:09] 2026-07-29 16:34:09 | INFO     | KDClient 9 round 47 public KD (epochs=2)
[2026-07-29 16:36:19] 2026-07-29 16:36:19 | INFO     | KDClient 9 round 47 local training (epochs=4)
[2026-07-29 16:37:38] 2026-07-29 16:37:38 | INFO     | KDClient 9 round 47 completed (acc=0.3091, n=180)
[2026-07-29 16:37:38] 2026-07-29 16:37:38 | INFO     | KDClient 10 fit round 47 (tier=medium)
[2026-07-29 16:37:38] 2026-07-29 16:37:38 | INFO     | KDClient 10 round 47 public KD (epochs=2)
[2026-07-29 16:39:47] 2026-07-29 16:39:47 | INFO     | KDClient 10 round 47 local training (epochs=4)
[2026-07-29 16:41:14] 2026-07-29 16:41:14 | INFO     | KDClient 10 round 47 completed (acc=0.3091, n=180)
[2026-07-29 16:41:14] 2026-07-29 16:41:14 | INFO     | KDClient 11 fit round 47 (tier=medium)
[2026-07-29 16:41:14] 2026-07-29 16:41:14 | INFO     | KDClient 11 round 47 public KD (epochs=2)
[2026-07-29 16:42:39] 2026-07-29 16:42:39 | INFO     | KDClient 11 round 47 local training (epochs=4)
[2026-07-29 16:43:53] 2026-07-29 16:43:53 | INFO     | KDClient 11 round 47 completed (acc=0.3091, n=180)
[2026-07-29 16:43:53] 2026-07-29 16:43:53 | INFO     | KDClient 12 fit round 47 (tier=medium)
[2026-07-29 16:43:53] 2026-07-29 16:43:53 | INFO     | KDClient 12 round 47 public KD (epochs=2)
[2026-07-29 16:45:18] 2026-07-29 16:45:18 | INFO     | KDClient 12 round 47 local training (epochs=4)
[2026-07-29 16:46:33] 2026-07-29 16:46:33 | INFO     | KDClient 12 round 47 completed (acc=0.3091, n=180)
[2026-07-29 16:46:33] 2026-07-29 16:46:33 | INFO     | KDClient 13 fit round 47 (tier=medium)
[2026-07-29 16:46:33] 2026-07-29 16:46:33 | INFO     | KDClient 13 round 47 public KD (epochs=2)
[2026-07-29 16:47:47] 2026-07-29 16:47:47 | INFO     | KDClient 13 round 47 local training (epochs=4)
[2026-07-29 16:48:46] 2026-07-29 16:48:46 | INFO     | KDClient 13 round 47 completed (acc=0.3091, n=180)
[2026-07-29 16:48:46] 2026-07-29 16:48:46 | INFO     | KDClient 14 fit round 47 (tier=large)
[2026-07-29 16:48:46] 2026-07-29 16:48:46 | INFO     | KDClient 14 round 47 public KD (epochs=2)
[2026-07-29 16:50:46] 2026-07-29 16:50:46 | INFO     | KDClient 14 round 47 local training (epochs=4)
[2026-07-29 16:52:25] 2026-07-29 16:52:25 | INFO     | KDClient 14 round 47 completed (acc=0.3091, n=180)
[2026-07-29 16:52:25] 2026-07-29 16:52:25 | INFO     | KDClient 15 fit round 47 (tier=large)
[2026-07-29 16:52:25] 2026-07-29 16:52:25 | INFO     | KDClient 15 round 47 public KD (epochs=2)
[2026-07-29 16:54:18] 2026-07-29 16:54:18 | INFO     | KDClient 15 round 47 local training (epochs=4)
[2026-07-29 16:55:57] 2026-07-29 16:55:57 | INFO     | KDClient 15 round 47 completed (acc=0.3091, n=180)
[2026-07-29 16:55:57] 2026-07-29 16:55:57 | INFO     | KDClient 16 fit round 47 (tier=large)
[2026-07-29 16:55:57] 2026-07-29 16:55:57 | INFO     | KDClient 16 round 47 public KD (epochs=2)
[2026-07-29 16:57:56] 2026-07-29 16:57:56 | INFO     | KDClient 16 round 47 local training (epochs=4)
[2026-07-29 16:59:21] 2026-07-29 16:59:21 | INFO     | KDClient 16 round 47 completed (acc=0.3091, n=180)
[2026-07-29 16:59:21] 2026-07-29 16:59:21 | INFO     | KDClient 17 fit round 47 (tier=large)
[2026-07-29 16:59:21] 2026-07-29 16:59:21 | INFO     | KDClient 17 round 47 public KD (epochs=2)
[2026-07-29 17:01:37] 2026-07-29 17:01:37 | INFO     | KDClient 17 round 47 local training (epochs=4)
[2026-07-29 17:03:51] 2026-07-29 17:03:51 | INFO     | KDClient 17 round 47 completed (acc=0.3091, n=180)
[2026-07-29 17:03:51] 2026-07-29 17:03:51 | INFO     | KDClient 18 fit round 47 (tier=large)
[2026-07-29 17:03:51] 2026-07-29 17:03:51 | INFO     | KDClient 18 round 47 public KD (epochs=2)
[2026-07-29 17:06:26] 2026-07-29 17:06:26 | INFO     | KDClient 18 round 47 local training (epochs=4)
[2026-07-29 17:08:28] 2026-07-29 17:08:28 | INFO     | KDClient 18 round 47 completed (acc=0.3091, n=180)
[2026-07-29 17:08:28] 2026-07-29 17:08:28 | INFO     | KDClient 19 fit round 47 (tier=large)
[2026-07-29 17:08:29] 2026-07-29 17:08:29 | INFO     | KDClient 19 round 47 public KD (epochs=2)
[2026-07-29 17:10:44] 2026-07-29 17:10:44 | INFO     | KDClient 19 round 47 local training (epochs=4)
[2026-07-29 17:12:53] 2026-07-29 17:12:53 | INFO     | KDClient 19 round 47 completed (acc=0.3091, n=180)
[2026-07-29 17:12:53] 2026-07-29 17:12:53 | INFO     | MKS — IID: round 47/50 aggregated 3 cluster weights
[2026-07-29 17:12:53]   Round  47/50 | Avg: 0.3089 | Min: 0.3055 | Max: 0.3091
[2026-07-29 17:12:53] 2026-07-29 17:12:53 | INFO     | MKS — IID: round 48/50 starting
[2026-07-29 17:12:53] 2026-07-29 17:12:53 | INFO     | KDClient 0 fit round 48 (tier=small)
[2026-07-29 17:12:53] 2026-07-29 17:12:53 | INFO     | KDClient 0 round 48 public KD (epochs=2)
[2026-07-29 17:14:02] 2026-07-29 17:14:02 | INFO     | KDClient 0 round 48 local training (epochs=4)
[2026-07-29 17:14:43] 2026-07-29 17:14:43 | INFO     | KDClient 0 round 48 completed (acc=0.3091, n=180)
[2026-07-29 17:14:43] 2026-07-29 17:14:43 | INFO     | KDClient 1 fit round 48 (tier=small)
[2026-07-29 17:14:43] 2026-07-29 17:14:43 | INFO     | KDClient 1 round 48 public KD (epochs=2)
[2026-07-29 17:15:28] 2026-07-29 17:15:28 | INFO     | KDClient 1 round 48 local training (epochs=4)
[2026-07-29 17:16:12] 2026-07-29 17:16:12 | INFO     | KDClient 1 round 48 completed (acc=0.3091, n=180)
[2026-07-29 17:16:12] 2026-07-29 17:16:12 | INFO     | KDClient 2 fit round 48 (tier=small)
[2026-07-29 17:16:12] 2026-07-29 17:16:12 | INFO     | KDClient 2 round 48 public KD (epochs=2)
[2026-07-29 17:17:15] 2026-07-29 17:17:15 | INFO     | KDClient 2 round 48 local training (epochs=4)
[2026-07-29 17:17:57] 2026-07-29 17:17:57 | INFO     | KDClient 2 round 48 completed (acc=0.3091, n=180)
[2026-07-29 17:17:57] 2026-07-29 17:17:57 | INFO     | KDClient 3 fit round 48 (tier=small)
[2026-07-29 17:17:57] 2026-07-29 17:17:57 | INFO     | KDClient 3 round 48 public KD (epochs=2)
[2026-07-29 17:18:49] 2026-07-29 17:18:49 | INFO     | KDClient 3 round 48 local training (epochs=4)
[2026-07-29 17:19:29] 2026-07-29 17:19:29 | INFO     | KDClient 3 round 48 completed (acc=0.3091, n=180)
[2026-07-29 17:19:29] 2026-07-29 17:19:29 | INFO     | KDClient 4 fit round 48 (tier=small)
[2026-07-29 17:19:30] 2026-07-29 17:19:30 | INFO     | KDClient 4 round 48 public KD (epochs=2)
[2026-07-29 17:20:06] 2026-07-29 17:20:06 | INFO     | KDClient 4 round 48 local training (epochs=4)
[2026-07-29 17:20:36] 2026-07-29 17:20:36 | INFO     | KDClient 4 round 48 completed (acc=0.3091, n=180)
[2026-07-29 17:20:36] 2026-07-29 17:20:36 | INFO     | KDClient 5 fit round 48 (tier=small)
[2026-07-29 17:20:36] 2026-07-29 17:20:36 | INFO     | KDClient 5 round 48 public KD (epochs=2)
[2026-07-29 17:21:22] 2026-07-29 17:21:22 | INFO     | KDClient 5 round 48 local training (epochs=4)
[2026-07-29 17:22:00] 2026-07-29 17:22:00 | INFO     | KDClient 5 round 48 completed (acc=0.3091, n=180)
[2026-07-29 17:22:00] 2026-07-29 17:22:00 | INFO     | KDClient 6 fit round 48 (tier=small)
[2026-07-29 17:22:00] 2026-07-29 17:22:00 | INFO     | KDClient 6 round 48 public KD (epochs=2)
[2026-07-29 17:22:41] 2026-07-29 17:22:41 | INFO     | KDClient 6 round 48 local training (epochs=4)
[2026-07-29 17:23:25] 2026-07-29 17:23:25 | INFO     | KDClient 6 round 48 completed (acc=0.3091, n=180)
[2026-07-29 17:23:25] 2026-07-29 17:23:25 | INFO     | KDClient 7 fit round 48 (tier=medium)
[2026-07-29 17:23:25] 2026-07-29 17:23:25 | INFO     | KDClient 7 round 48 public KD (epochs=2)
[2026-07-29 17:26:11] 2026-07-29 17:26:11 | INFO     | KDClient 7 round 48 local training (epochs=4)
[2026-07-29 17:27:30] 2026-07-29 17:27:30 | INFO     | KDClient 7 round 48 completed (acc=0.3091, n=180)
[2026-07-29 17:27:30] 2026-07-29 17:27:30 | INFO     | KDClient 8 fit round 48 (tier=medium)
[2026-07-29 17:27:30] 2026-07-29 17:27:30 | INFO     | KDClient 8 round 48 public KD (epochs=2)
[2026-07-29 17:29:05] 2026-07-29 17:29:05 | INFO     | KDClient 8 round 48 local training (epochs=4)
[2026-07-29 17:30:26] 2026-07-29 17:30:26 | INFO     | KDClient 8 round 48 completed (acc=0.3091, n=180)
[2026-07-29 17:30:26] 2026-07-29 17:30:26 | INFO     | KDClient 9 fit round 48 (tier=medium)
[2026-07-29 17:30:26] 2026-07-29 17:30:26 | INFO     | KDClient 9 round 48 public KD (epochs=2)
[2026-07-29 17:31:54] 2026-07-29 17:31:54 | INFO     | KDClient 9 round 48 local training (epochs=4)
[2026-07-29 17:33:30] 2026-07-29 17:33:30 | INFO     | KDClient 9 round 48 completed (acc=0.3091, n=180)
[2026-07-29 17:33:30] 2026-07-29 17:33:30 | INFO     | KDClient 10 fit round 48 (tier=medium)
[2026-07-29 17:33:30] 2026-07-29 17:33:30 | INFO     | KDClient 10 round 48 public KD (epochs=2)
[2026-07-29 17:35:04] 2026-07-29 17:35:04 | INFO     | KDClient 10 round 48 local training (epochs=4)
[2026-07-29 17:36:30] 2026-07-29 17:36:30 | INFO     | KDClient 10 round 48 completed (acc=0.3091, n=180)
[2026-07-29 17:36:30] 2026-07-29 17:36:30 | INFO     | KDClient 11 fit round 48 (tier=medium)
[2026-07-29 17:36:30] 2026-07-29 17:36:30 | INFO     | KDClient 11 round 48 public KD (epochs=2)
[2026-07-29 17:38:08] 2026-07-29 17:38:08 | INFO     | KDClient 11 round 48 local training (epochs=4)
[2026-07-29 17:39:26] 2026-07-29 17:39:26 | INFO     | KDClient 11 round 48 completed (acc=0.3091, n=180)
[2026-07-29 17:39:26] 2026-07-29 17:39:26 | INFO     | KDClient 12 fit round 48 (tier=medium)
[2026-07-29 17:39:26] 2026-07-29 17:39:26 | INFO     | KDClient 12 round 48 public KD (epochs=2)
[2026-07-29 17:41:34] 2026-07-29 17:41:34 | INFO     | KDClient 12 round 48 local training (epochs=4)
[2026-07-29 17:42:57] 2026-07-29 17:42:57 | INFO     | KDClient 12 round 48 completed (acc=0.3091, n=180)
[2026-07-29 17:42:57] 2026-07-29 17:42:57 | INFO     | KDClient 13 fit round 48 (tier=medium)
[2026-07-29 17:42:57] 2026-07-29 17:42:57 | INFO     | KDClient 13 round 48 public KD (epochs=2)
[2026-07-29 17:45:13] 2026-07-29 17:45:13 | INFO     | KDClient 13 round 48 local training (epochs=4)
[2026-07-29 17:46:34] 2026-07-29 17:46:34 | INFO     | KDClient 13 round 48 completed (acc=0.3091, n=180)
[2026-07-29 17:46:34] 2026-07-29 17:46:34 | INFO     | KDClient 14 fit round 48 (tier=large)
[2026-07-29 17:46:34] 2026-07-29 17:46:34 | INFO     | KDClient 14 round 48 public KD (epochs=2)
[2026-07-29 17:49:03] 2026-07-29 17:49:03 | INFO     | KDClient 14 round 48 local training (epochs=4)
[2026-07-29 17:50:46] 2026-07-29 17:50:46 | INFO     | KDClient 14 round 48 completed (acc=0.3091, n=180)
[2026-07-29 17:50:46] 2026-07-29 17:50:46 | INFO     | KDClient 15 fit round 48 (tier=large)
[2026-07-29 17:50:46] 2026-07-29 17:50:46 | INFO     | KDClient 15 round 48 public KD (epochs=2)
[2026-07-29 17:53:19] 2026-07-29 17:53:19 | INFO     | KDClient 15 round 48 local training (epochs=4)
[2026-07-29 17:55:11] 2026-07-29 17:55:11 | INFO     | KDClient 15 round 48 completed (acc=0.3091, n=180)
[2026-07-29 17:55:11] 2026-07-29 17:55:11 | INFO     | KDClient 16 fit round 48 (tier=large)
[2026-07-29 17:55:11] 2026-07-29 17:55:11 | INFO     | KDClient 16 round 48 public KD (epochs=2)
[2026-07-29 17:57:26] 2026-07-29 17:57:26 | INFO     | KDClient 16 round 48 local training (epochs=4)
[2026-07-29 17:59:27] 2026-07-29 17:59:27 | INFO     | KDClient 16 round 48 completed (acc=0.3091, n=180)
[2026-07-29 17:59:27] 2026-07-29 17:59:27 | INFO     | KDClient 17 fit round 48 (tier=large)
[2026-07-29 17:59:28] 2026-07-29 17:59:28 | INFO     | KDClient 17 round 48 public KD (epochs=2)
[2026-07-29 18:01:47] 2026-07-29 18:01:47 | INFO     | KDClient 17 round 48 local training (epochs=4)
[2026-07-29 18:03:57] 2026-07-29 18:03:57 | INFO     | KDClient 17 round 48 completed (acc=0.3091, n=180)
[2026-07-29 18:03:57] 2026-07-29 18:03:57 | INFO     | KDClient 18 fit round 48 (tier=large)
[2026-07-29 18:03:58] 2026-07-29 18:03:58 | INFO     | KDClient 18 round 48 public KD (epochs=2)
[2026-07-29 18:06:33] 2026-07-29 18:06:33 | INFO     | KDClient 18 round 48 local training (epochs=4)
[2026-07-29 18:08:28] 2026-07-29 18:08:28 | INFO     | KDClient 18 round 48 completed (acc=0.3091, n=180)
[2026-07-29 18:08:28] 2026-07-29 18:08:28 | INFO     | KDClient 19 fit round 48 (tier=large)
[2026-07-29 18:08:28] 2026-07-29 18:08:28 | INFO     | KDClient 19 round 48 public KD (epochs=2)
[2026-07-29 18:10:44] 2026-07-29 18:10:43 | INFO     | KDClient 19 round 48 local training (epochs=4)
[2026-07-29 18:13:12] 2026-07-29 18:13:12 | INFO     | KDClient 19 round 48 completed (acc=0.3091, n=180)
[2026-07-29 18:13:12] 2026-07-29 18:13:12 | INFO     | MKS — IID: round 48/50 aggregated 3 cluster weights
[2026-07-29 18:13:12]   Round  48/50 | Avg: 0.3091 | Min: 0.3091 | Max: 0.3091
[2026-07-29 18:13:12] 2026-07-29 18:13:12 | INFO     | MKS — IID: round 49/50 starting
[2026-07-29 18:13:13] 2026-07-29 18:13:13 | INFO     | KDClient 0 fit round 49 (tier=small)
[2026-07-29 18:13:13] 2026-07-29 18:13:13 | INFO     | KDClient 0 round 49 public KD (epochs=2)
[2026-07-29 18:14:01] 2026-07-29 18:14:01 | INFO     | KDClient 0 round 49 local training (epochs=4)
[2026-07-29 18:14:33] 2026-07-29 18:14:33 | INFO     | KDClient 0 round 49 completed (acc=0.3091, n=180)
[2026-07-29 18:14:33] 2026-07-29 18:14:33 | INFO     | KDClient 1 fit round 49 (tier=small)
[2026-07-29 18:14:33] 2026-07-29 18:14:33 | INFO     | KDClient 1 round 49 public KD (epochs=2)
[2026-07-29 18:15:18] 2026-07-29 18:15:18 | INFO     | KDClient 1 round 49 local training (epochs=4)
[2026-07-29 18:15:57] 2026-07-29 18:15:57 | INFO     | KDClient 1 round 49 completed (acc=0.3091, n=180)
[2026-07-29 18:15:57] 2026-07-29 18:15:57 | INFO     | KDClient 2 fit round 49 (tier=small)
[2026-07-29 18:15:57] 2026-07-29 18:15:57 | INFO     | KDClient 2 round 49 public KD (epochs=2)
[2026-07-29 18:17:02] 2026-07-29 18:17:02 | INFO     | KDClient 2 round 49 local training (epochs=4)
[2026-07-29 18:17:49] 2026-07-29 18:17:49 | INFO     | KDClient 2 round 49 completed (acc=0.3091, n=180)
[2026-07-29 18:17:49] 2026-07-29 18:17:49 | INFO     | KDClient 3 fit round 49 (tier=small)
[2026-07-29 18:17:49] 2026-07-29 18:17:49 | INFO     | KDClient 3 round 49 public KD (epochs=2)
[2026-07-29 18:18:58] 2026-07-29 18:18:58 | INFO     | KDClient 3 round 49 local training (epochs=4)
[2026-07-29 18:19:28] 2026-07-29 18:19:28 | INFO     | KDClient 3 round 49 completed (acc=0.3091, n=180)
[2026-07-29 18:19:28] 2026-07-29 18:19:28 | INFO     | KDClient 4 fit round 49 (tier=small)
[2026-07-29 18:19:28] 2026-07-29 18:19:28 | INFO     | KDClient 4 round 49 public KD (epochs=2)
[2026-07-29 18:20:29] 2026-07-29 18:20:29 | INFO     | KDClient 4 round 49 local training (epochs=4)
[2026-07-29 18:21:04] 2026-07-29 18:21:04 | INFO     | KDClient 4 round 49 completed (acc=0.3091, n=180)
[2026-07-29 18:21:04] 2026-07-29 18:21:04 | INFO     | KDClient 5 fit round 49 (tier=small)
[2026-07-29 18:21:04] 2026-07-29 18:21:04 | INFO     | KDClient 5 round 49 public KD (epochs=2)
[2026-07-29 18:21:46] 2026-07-29 18:21:46 | INFO     | KDClient 5 round 49 local training (epochs=4)
[2026-07-29 18:22:33] 2026-07-29 18:22:33 | INFO     | KDClient 5 round 49 completed (acc=0.3091, n=180)
[2026-07-29 18:22:33] 2026-07-29 18:22:33 | INFO     | KDClient 6 fit round 49 (tier=small)
[2026-07-29 18:22:33] 2026-07-29 18:22:33 | INFO     | KDClient 6 round 49 public KD (epochs=2)
[2026-07-29 18:23:41] 2026-07-29 18:23:41 | INFO     | KDClient 6 round 49 local training (epochs=4)
[2026-07-29 18:24:22] 2026-07-29 18:24:22 | INFO     | KDClient 6 round 49 completed (acc=0.3055, n=180)
[2026-07-29 18:24:22] 2026-07-29 18:24:22 | INFO     | KDClient 7 fit round 49 (tier=medium)
[2026-07-29 18:24:22] 2026-07-29 18:24:22 | INFO     | KDClient 7 round 49 public KD (epochs=2)
[2026-07-29 18:26:33] 2026-07-29 18:26:33 | INFO     | KDClient 7 round 49 local training (epochs=4)
[2026-07-29 18:27:59] 2026-07-29 18:27:59 | INFO     | KDClient 7 round 49 completed (acc=0.3091, n=180)
[2026-07-29 18:27:59] 2026-07-29 18:27:59 | INFO     | KDClient 8 fit round 49 (tier=medium)
[2026-07-29 18:27:59] 2026-07-29 18:27:59 | INFO     | KDClient 8 round 49 public KD (epochs=2)
[2026-07-29 18:29:37] 2026-07-29 18:29:37 | INFO     | KDClient 8 round 49 local training (epochs=4)
[2026-07-29 18:30:54] 2026-07-29 18:30:54 | INFO     | KDClient 8 round 49 completed (acc=0.3091, n=180)
[2026-07-29 18:30:54] 2026-07-29 18:30:54 | INFO     | KDClient 9 fit round 49 (tier=medium)
[2026-07-29 18:30:55] 2026-07-29 18:30:55 | INFO     | KDClient 9 round 49 public KD (epochs=2)
[2026-07-29 18:32:29] 2026-07-29 18:32:29 | INFO     | KDClient 9 round 49 local training (epochs=4)
[2026-07-29 18:33:57] 2026-07-29 18:33:57 | INFO     | KDClient 9 round 49 completed (acc=0.3091, n=180)
[2026-07-29 18:33:57] 2026-07-29 18:33:57 | INFO     | KDClient 10 fit round 49 (tier=medium)
[2026-07-29 18:33:57] 2026-07-29 18:33:57 | INFO     | KDClient 10 round 49 public KD (epochs=2)
[2026-07-29 18:35:22] 2026-07-29 18:35:22 | INFO     | KDClient 10 round 49 local training (epochs=4)
[2026-07-29 18:36:47] 2026-07-29 18:36:47 | INFO     | KDClient 10 round 49 completed (acc=0.3091, n=180)
[2026-07-29 18:36:47] 2026-07-29 18:36:47 | INFO     | KDClient 11 fit round 49 (tier=medium)
[2026-07-29 18:36:47] 2026-07-29 18:36:47 | INFO     | KDClient 11 round 49 public KD (epochs=2)
[2026-07-29 18:38:25] 2026-07-29 18:38:25 | INFO     | KDClient 11 round 49 local training (epochs=4)
[2026-07-29 18:39:51] 2026-07-29 18:39:51 | INFO     | KDClient 11 round 49 completed (acc=0.3091, n=180)
[2026-07-29 18:39:51] 2026-07-29 18:39:51 | INFO     | KDClient 12 fit round 49 (tier=medium)
[2026-07-29 18:39:51] 2026-07-29 18:39:51 | INFO     | KDClient 12 round 49 public KD (epochs=2)
[2026-07-29 18:42:02] 2026-07-29 18:42:02 | INFO     | KDClient 12 round 49 local training (epochs=4)
[2026-07-29 18:43:22] 2026-07-29 18:43:22 | INFO     | KDClient 12 round 49 completed (acc=0.3091, n=180)
[2026-07-29 18:43:22] 2026-07-29 18:43:22 | INFO     | KDClient 13 fit round 49 (tier=medium)
[2026-07-29 18:43:22] 2026-07-29 18:43:22 | INFO     | KDClient 13 round 49 public KD (epochs=2)
[2026-07-29 18:45:35] 2026-07-29 18:45:35 | INFO     | KDClient 13 round 49 local training (epochs=4)
[2026-07-29 18:47:06] 2026-07-29 18:47:06 | INFO     | KDClient 13 round 49 completed (acc=0.2982, n=180)
[2026-07-29 18:47:06] 2026-07-29 18:47:06 | INFO     | KDClient 14 fit round 49 (tier=large)
[2026-07-29 18:47:06] 2026-07-29 18:47:06 | INFO     | KDClient 14 round 49 public KD (epochs=2)
[2026-07-29 18:50:01] 2026-07-29 18:50:01 | INFO     | KDClient 14 round 49 local training (epochs=4)
[2026-07-29 18:52:19] 2026-07-29 18:52:19 | INFO     | KDClient 14 round 49 completed (acc=0.3091, n=180)
[2026-07-29 18:52:19] 2026-07-29 18:52:19 | INFO     | KDClient 15 fit round 49 (tier=large)
[2026-07-29 18:52:19] 2026-07-29 18:52:19 | INFO     | KDClient 15 round 49 public KD (epochs=2)
[2026-07-29 18:54:58] 2026-07-29 18:54:58 | INFO     | KDClient 15 round 49 local training (epochs=4)
[2026-07-29 18:56:58] 2026-07-29 18:56:58 | INFO     | KDClient 15 round 49 completed (acc=0.3091, n=180)
[2026-07-29 18:56:58] 2026-07-29 18:56:58 | INFO     | KDClient 16 fit round 49 (tier=large)
[2026-07-29 18:56:58] 2026-07-29 18:56:58 | INFO     | KDClient 16 round 49 public KD (epochs=2)
[2026-07-29 18:59:33] 2026-07-29 18:59:33 | INFO     | KDClient 16 round 49 local training (epochs=4)
[2026-07-29 19:01:24] 2026-07-29 19:01:24 | INFO     | KDClient 16 round 49 completed (acc=0.3018, n=180)
[2026-07-29 19:01:24] 2026-07-29 19:01:24 | INFO     | KDClient 17 fit round 49 (tier=large)
[2026-07-29 19:01:24] 2026-07-29 19:01:24 | INFO     | KDClient 17 round 49 public KD (epochs=2)
[2026-07-29 19:03:39] 2026-07-29 19:03:39 | INFO     | KDClient 17 round 49 local training (epochs=4)
[2026-07-29 19:05:55] 2026-07-29 19:05:55 | INFO     | KDClient 17 round 49 completed (acc=0.3091, n=180)
[2026-07-29 19:05:55] 2026-07-29 19:05:55 | INFO     | KDClient 18 fit round 49 (tier=large)
[2026-07-29 19:05:55] 2026-07-29 19:05:55 | INFO     | KDClient 18 round 49 public KD (epochs=2)
[2026-07-29 19:08:43] 2026-07-29 19:08:43 | INFO     | KDClient 18 round 49 local training (epochs=4)
[2026-07-29 19:10:54] 2026-07-29 19:10:54 | INFO     | KDClient 18 round 49 completed (acc=0.3091, n=180)
[2026-07-29 19:10:54] 2026-07-29 19:10:54 | INFO     | KDClient 19 fit round 49 (tier=large)
[2026-07-29 19:10:54] 2026-07-29 19:10:54 | INFO     | KDClient 19 round 49 public KD (epochs=2)
[2026-07-29 19:13:38] 2026-07-29 19:13:38 | INFO     | KDClient 19 round 49 local training (epochs=4)
[2026-07-29 19:15:47] 2026-07-29 19:15:47 | INFO     | KDClient 19 round 49 completed (acc=0.3091, n=180)
[2026-07-29 19:15:48] 2026-07-29 19:15:48 | INFO     | MKS — IID: round 49/50 aggregated 3 cluster weights
[2026-07-29 19:15:48]   Round  49/50 | Avg: 0.3080 | Min: 0.2982 | Max: 0.3091
[2026-07-29 19:15:48] 2026-07-29 19:15:48 | INFO     | MKS — IID: round 50/50 starting
[2026-07-29 19:15:48] 2026-07-29 19:15:48 | INFO     | KDClient 0 fit round 50 (tier=small)
[2026-07-29 19:15:49] 2026-07-29 19:15:49 | INFO     | KDClient 0 round 50 public KD (epochs=2)
[2026-07-29 19:16:31] 2026-07-29 19:16:31 | INFO     | KDClient 0 round 50 local training (epochs=4)
[2026-07-29 19:17:14] 2026-07-29 19:17:14 | INFO     | KDClient 0 round 50 completed (acc=0.3091, n=180)
[2026-07-29 19:17:14] 2026-07-29 19:17:14 | INFO     | KDClient 1 fit round 50 (tier=small)
[2026-07-29 19:17:14] 2026-07-29 19:17:14 | INFO     | KDClient 1 round 50 public KD (epochs=2)
[2026-07-29 19:18:02] 2026-07-29 19:18:02 | INFO     | KDClient 1 round 50 local training (epochs=4)
[2026-07-29 19:18:50] 2026-07-29 19:18:50 | INFO     | KDClient 1 round 50 completed (acc=0.3091, n=180)
[2026-07-29 19:18:50] 2026-07-29 19:18:50 | INFO     | KDClient 2 fit round 50 (tier=small)
[2026-07-29 19:18:50] 2026-07-29 19:18:50 | INFO     | KDClient 2 round 50 public KD (epochs=2)
[2026-07-29 19:19:59] 2026-07-29 19:19:59 | INFO     | KDClient 2 round 50 local training (epochs=4)
[2026-07-29 19:20:51] 2026-07-29 19:20:51 | INFO     | KDClient 2 round 50 completed (acc=0.3091, n=180)
[2026-07-29 19:20:51] 2026-07-29 19:20:51 | INFO     | KDClient 3 fit round 50 (tier=small)
[2026-07-29 19:20:51] 2026-07-29 19:20:51 | INFO     | KDClient 3 round 50 public KD (epochs=2)
[2026-07-29 19:21:36] 2026-07-29 19:21:36 | INFO     | KDClient 3 round 50 local training (epochs=4)
[2026-07-29 19:22:09] 2026-07-29 19:22:09 | INFO     | KDClient 3 round 50 completed (acc=0.3018, n=180)
[2026-07-29 19:22:09] 2026-07-29 19:22:09 | INFO     | KDClient 4 fit round 50 (tier=small)
[2026-07-29 19:22:10] 2026-07-29 19:22:10 | INFO     | KDClient 4 round 50 public KD (epochs=2)
[2026-07-29 19:22:53] 2026-07-29 19:22:53 | INFO     | KDClient 4 round 50 local training (epochs=4)
[2026-07-29 19:23:21] 2026-07-29 19:23:21 | INFO     | KDClient 4 round 50 completed (acc=0.3091, n=180)
[2026-07-29 19:23:21] 2026-07-29 19:23:21 | INFO     | KDClient 5 fit round 50 (tier=small)
[2026-07-29 19:23:21] 2026-07-29 19:23:21 | INFO     | KDClient 5 round 50 public KD (epochs=2)
