[2026-07-25 11:19:07] ============================================================
[2026-07-25 11:19:07]   JOB START   : home_occupancy_mks_uniform
[2026-07-25 11:19:07]   PID         : 1673773
[2026-07-25 11:19:07]   Log         : /home/gad/Desktop/HomeSenseKD/logs/phase1/home_occupancy_mks_uniform.log
[2026-07-25 11:19:07]   Results dir : /home/gad/Desktop/HomeSenseKD/results/phase1
[2026-07-25 11:19:07]   Fig dir     : /home/gad/Desktop/HomeSenseKD/results/phase1/figures
[2026-07-25 11:19:07]   Cmd         : /home/gad/Desktop/HomeSenseKD/myenv/bin/python /home/gad/Desktop/HomeSenseKD/run_fedkd.py \
[2026-07-25 11:19:07]                   --config /home/gad/Desktop/HomeSenseKD/config/home_occupancy.yaml \
[2026-07-25 11:19:07]                   --algorithm mks --heterogeneity uniform \
[2026-07-25 11:19:07]                   --override experiment.results_dir=/home/gad/Desktop/HomeSenseKD/results/phase1 \
[2026-07-25 11:19:07]                              experiment.fig_dir=/home/gad/Desktop/HomeSenseKD/results/phase1/figures
[2026-07-25 11:19:07] ============================================================
[2026-07-26 03:41:20] WARNING: All log messages before absl::InitializeLog() is called are written to STDERR
[2026-07-26 03:41:20] I0000 00:00:1784992747.970253 1673846 port.cc:153] oneDNN custom operations are on. You may see slightly different numerical results due to floating-point round-off errors from different computation orders. To turn them off, set the environment variable `TF_ENABLE_ONEDNN_OPTS=0`.
[2026-07-26 03:41:20] I0000 00:00:1784992747.972689 1673846 cudart_stub.cc:31] Could not find cuda drivers on your machine, GPU will not be used.
[2026-07-26 03:41:20] I0000 00:00:1784992748.191099 1673846 cpu_feature_guard.cc:227] This TensorFlow binary is optimized to use available CPU instructions in performance-critical operations.
[2026-07-26 03:41:20] To enable the following instructions: AVX2 AVX_VNNI FMA, in other operations, rebuild TensorFlow with the appropriate compiler flags.
[2026-07-26 03:41:20] WARNING: All log messages before absl::InitializeLog() is called are written to STDERR
[2026-07-26 03:41:20] I0000 00:00:1784992749.190108 1673846 port.cc:153] oneDNN custom operations are on. You may see slightly different numerical results due to floating-point round-off errors from different computation orders. To turn them off, set the environment variable `TF_ENABLE_ONEDNN_OPTS=0`.
[2026-07-26 03:41:20] I0000 00:00:1784992749.191499 1673846 cudart_stub.cc:31] Could not find cuda drivers on your machine, GPU will not be used.
[2026-07-26 03:41:20] 2026-07-25 11:19:10 | INFO     | Experiment started: fedkd_experiment
[2026-07-26 03:41:20] 2026-07-25 11:19:10 | INFO     | Configuration: {"algorithms": ["fedmd", "fedakd", "mks", "fedavg", "fedprox", "local", "central"], "data": {"dataset": "home_occupancy", "dirichlet_alpha": 0.5, "n_classes": 3, "n_parties": 20, "n_samples_per_class": 30, "n_stft_bins": 8, "public_dataset": "home_har", "settings": ["iid", "noniid"], "window_size": 1500}, "experiment": {"fig_dir": "/home/gad/Desktop/HomeSenseKD/results/phase1/figures", "log_dir": "logs", "name": "fedkd_experiment", "results_dir": "/home/gad/Desktop/HomeSenseKD/results/phase1", "seeds": [42, 123, 456]}, "federated": {"fedprox_mu": 0.01, "kd_epochs": 2, "local_epochs": 4, "n_alignment": 10000, "n_rounds": 50}, "models": {"distributions": {"all_small": [1.0, 0.0, 0.0], "skewed": [0.6, 0.3, 0.1], "uniform": [0.35, 0.35, 0.3]}, "heterogeneity": "uniform"}}
[2026-07-26 03:41:20]   Saved tiers_home_occupancy_uniform.png
[2026-07-26 03:41:20] =================================================================
[2026-07-26 03:41:20]   Dataset    : home_occupancy  (public: home_har)
[2026-07-26 03:41:20]   Algorithms : ['mks']
[2026-07-26 03:41:20]   Heterogen. : uniform  ->  ['small', 'small', 'small', 'small', 'small', 'small']...
[2026-07-26 03:41:20]   Seeds      : [42, 123, 456]
[2026-07-26 03:41:20]   Settings   : ['iid', 'noniid']
[2026-07-26 03:41:20] =================================================================
[2026-07-26 03:41:20] 2026-07-25 11:19:10 | INFO     | run_multiseed: seed=42  algo=mks  dataset=home_occupancy  hetero=uniform
[2026-07-26 03:41:20] 
[2026-07-26 03:41:20] [seed=42]  MKS  dataset=home_occupancy  hetero=uniform
[2026-07-26 03:41:20] 2026-07-25 11:19:10 | INFO     | Loading target dataset: 'home_occupancy'  public dataset: 'home_har'
[2026-07-26 03:41:20] 2026-07-25 11:19:10 | INFO     | Input shape: (1500, 12)  is_image: False
[2026-07-26 03:41:20] Warning: You are sending unauthenticated requests to the HF Hub. Please set a HF_TOKEN to enable higher rate limits and faster downloads.
[2026-07-26 03:41:20] Loading HomeOccupancy...
[2026-07-26 03:41:20]   empty_1: 192
[2026-07-26 03:41:20]   empty_2: 183
[2026-07-26 03:41:20]   empty_3 test: 181
[2026-07-26 03:41:20]   sleep_1: 191
[2026-07-26 03:41:20]   sleep_2: 189
[2026-07-26 03:41:20]   sleep_3 test: 181
[2026-07-26 03:41:20]   work_1: 118
[2026-07-26 03:41:20]   work_2: 175
[2026-07-26 03:41:20]   work_3 test: 193
[2026-07-26 03:41:20]   -> 1048 train, 555 test
[2026-07-26 03:41:20] Loading HomeHAR...
[2026-07-26 03:41:20]   data1/drink.csv: 210
[2026-07-26 03:41:20]   data1/eat.csv: 198
[2026-07-26 03:41:20]   data1/empty.csv: 190
[2026-07-26 03:41:20]   data1/sleep.csv: 199
[2026-07-26 03:41:20]   data1/smoke.csv: 198
[2026-07-26 03:41:20]   data1/watch.csv: 190
[2026-07-26 03:41:20]   data1/work.csv: 190
[2026-07-26 03:41:20]   -> 1375 public
[2026-07-26 03:41:20] 2026-07-25 11:20:44 | INFO     | Dataset loaded: x_train=(1048, 1500, 12)  y_train=(1048,)  x_test=(555, 1500, 12)  x_public=(1375, 1500, 12)
[2026-07-26 03:41:20] 2026-07-25 11:20:44 | INFO     | Partitioning data: n_classes=3 n_parties=20 iid_spc=30 alpha=0.500
[2026-07-26 03:41:20] 2026-07-25 11:20:44 | INFO     | run_one_algo: algorithm=mks  settings=['iid', 'noniid']
[2026-07-26 03:41:20] 2026-07-25 11:20:44 | INFO     | run_one_algo: algorithm=mks  setting=iid
[2026-07-26 03:41:20] 2026-07-25 11:20:44 | INFO     | Building 20 client models for algo=mks  tiers=['small', 'small', 'small', 'small', 'small', 'small', 'small', 'medium', 'medium', 'medium', 'medium', 'medium', 'medium', 'medium', 'large', 'large', 'large', 'large', 'large', 'large']
[2026-07-26 03:41:20] E0000 00:00:1784992844.984297 1673846 cuda_platform.cc:52] failed call to cuInit: INTERNAL: CUDA error: Failed call to cuInit: CUDA_ERROR_COMPAT_NOT_SUPPORTED_ON_DEVICE: forward compatibility was attempted on non supported HW
[2026-07-26 03:41:20] I0000 00:00:1784992844.984336 1673846 cuda_diagnostics.cc:171] verbose logging is disabled. Rerun with verbose logging (usually --v=1 or --vmodule=cuda_diagnostics=1) to get more diagnostic output from this module
[2026-07-26 03:41:20] I0000 00:00:1784992844.984339 1673846 cuda_diagnostics.cc:176] retrieving CUDA diagnostic information for host: gad-XPS-8960
[2026-07-26 03:41:20] I0000 00:00:1784992844.984341 1673846 cuda_diagnostics.cc:183] hostname: gad-XPS-8960
[2026-07-26 03:41:20] I0000 00:00:1784992844.984495 1673846 cuda_diagnostics.cc:190] libcuda reported version is: 580.173.2
[2026-07-26 03:41:20] I0000 00:00:1784992844.984516 1673846 cuda_diagnostics.cc:194] kernel reported version is: 580.159.3
[2026-07-26 03:41:20] E0000 00:00:1784992844.984517 1673846 cuda_diagnostics.cc:287] kernel version 580.159.3 does not match DSO version 580.173.2 -- cannot find working devices in this configuration
[2026-07-26 03:41:20] 2026-07-25 11:20:45 | INFO     | Starting MKS — IID (50 rounds, 20 clients)
[2026-07-26 03:41:20] 
[2026-07-26 03:41:20] =================================================================
[2026-07-26 03:41:20]   MKS — IID
[2026-07-26 03:41:20] =================================================================
[2026-07-26 03:41:20] 2026-07-25 11:20:45 | INFO     | MKS — IID: round 1/50 starting
[2026-07-26 03:41:20] 2026-07-25 11:20:45 | INFO     | KDClient 0 fit round 1 (tier=small)
[2026-07-26 03:41:20] 2026-07-25 11:20:45 | INFO     | KDClient 0 round 1 local training (epochs=4)
[2026-07-26 03:41:20] 2026-07-25 11:20:57 | INFO     | KDClient 0 round 1 completed (acc=0.4901, n=90)
[2026-07-26 03:41:20] 2026-07-25 11:20:57 | INFO     | KDClient 1 fit round 1 (tier=small)
[2026-07-26 03:41:20] 2026-07-25 11:20:57 | INFO     | KDClient 1 round 1 local training (epochs=4)
[2026-07-26 03:41:20] 2026-07-25 11:21:12 | INFO     | KDClient 1 round 1 completed (acc=0.1964, n=90)
[2026-07-26 03:41:20] 2026-07-25 11:21:12 | INFO     | KDClient 2 fit round 1 (tier=small)
[2026-07-26 03:41:20] 2026-07-25 11:21:12 | INFO     | KDClient 2 round 1 local training (epochs=4)
[2026-07-26 03:41:20] 2026-07-25 11:21:29 | INFO     | KDClient 2 round 1 completed (acc=0.3405, n=90)
[2026-07-26 03:41:20] 2026-07-25 11:21:29 | INFO     | KDClient 3 fit round 1 (tier=small)
[2026-07-26 03:41:20] 2026-07-25 11:21:29 | INFO     | KDClient 3 round 1 local training (epochs=4)
[2026-07-26 03:41:20] 2026-07-25 11:21:42 | INFO     | KDClient 3 round 1 completed (acc=0.3387, n=90)
[2026-07-26 03:41:20] 2026-07-25 11:21:42 | INFO     | KDClient 4 fit round 1 (tier=small)
[2026-07-26 03:41:20] 2026-07-25 11:21:42 | INFO     | KDClient 4 round 1 local training (epochs=4)
[2026-07-26 03:41:20] 2026-07-25 11:21:58 | INFO     | KDClient 4 round 1 completed (acc=0.2523, n=90)
[2026-07-26 03:41:20] 2026-07-25 11:21:58 | INFO     | KDClient 5 fit round 1 (tier=small)
[2026-07-26 03:41:20] 2026-07-25 11:21:58 | INFO     | KDClient 5 round 1 local training (epochs=4)
[2026-07-26 03:41:20] 2026-07-25 11:22:14 | INFO     | KDClient 5 round 1 completed (acc=0.3820, n=90)
[2026-07-26 03:41:20] 2026-07-25 11:22:14 | INFO     | KDClient 6 fit round 1 (tier=small)
[2026-07-26 03:41:20] 2026-07-25 11:22:14 | INFO     | KDClient 6 round 1 local training (epochs=4)
[2026-07-26 03:41:20] 2026-07-25 11:22:31 | INFO     | KDClient 6 round 1 completed (acc=0.5333, n=90)
[2026-07-26 03:41:20] 2026-07-25 11:22:31 | INFO     | KDClient 7 fit round 1 (tier=medium)
[2026-07-26 03:41:20] 2026-07-25 11:22:31 | INFO     | KDClient 7 round 1 local training (epochs=4)
[2026-07-26 03:41:20] 2026-07-25 11:23:07 | INFO     | KDClient 7 round 1 completed (acc=0.3694, n=90)
[2026-07-26 03:41:20] 2026-07-25 11:23:07 | INFO     | KDClient 8 fit round 1 (tier=medium)
[2026-07-26 03:41:20] 2026-07-25 11:23:07 | INFO     | KDClient 8 round 1 local training (epochs=4)
[2026-07-26 03:41:20] 2026-07-25 11:23:38 | INFO     | KDClient 8 round 1 completed (acc=0.4649, n=90)
[2026-07-26 03:41:20] 2026-07-25 11:23:38 | INFO     | KDClient 9 fit round 1 (tier=medium)
[2026-07-26 03:41:20] 2026-07-25 11:23:38 | INFO     | KDClient 9 round 1 local training (epochs=4)
[2026-07-26 03:41:20] 2026-07-25 11:24:08 | INFO     | KDClient 9 round 1 completed (acc=0.4991, n=90)
[2026-07-26 03:41:20] 2026-07-25 11:24:08 | INFO     | KDClient 10 fit round 1 (tier=medium)
[2026-07-26 03:41:20] 2026-07-25 11:24:08 | INFO     | KDClient 10 round 1 local training (epochs=4)
[2026-07-26 03:41:20] 2026-07-25 11:24:40 | INFO     | KDClient 10 round 1 completed (acc=0.5225, n=90)
[2026-07-26 03:41:20] 2026-07-25 11:24:40 | INFO     | KDClient 11 fit round 1 (tier=medium)
[2026-07-26 03:41:20] 2026-07-25 11:24:40 | INFO     | KDClient 11 round 1 local training (epochs=4)
[2026-07-26 03:41:20] 2026-07-25 11:25:11 | INFO     | KDClient 11 round 1 completed (acc=0.5423, n=90)
[2026-07-26 03:41:20] 2026-07-25 11:25:11 | INFO     | KDClient 12 fit round 1 (tier=medium)
[2026-07-26 03:41:20] 2026-07-25 11:25:11 | INFO     | KDClient 12 round 1 local training (epochs=4)
[2026-07-26 03:41:20] 2026-07-25 11:25:48 | INFO     | KDClient 12 round 1 completed (acc=0.4901, n=90)
[2026-07-26 03:41:20] 2026-07-25 11:25:48 | INFO     | KDClient 13 fit round 1 (tier=medium)
[2026-07-26 03:41:20] 2026-07-25 11:25:48 | INFO     | KDClient 13 round 1 local training (epochs=4)
[2026-07-26 03:41:20] 2026-07-25 11:26:23 | INFO     | KDClient 13 round 1 completed (acc=0.4883, n=90)
[2026-07-26 03:41:20] 2026-07-25 11:26:23 | INFO     | KDClient 14 fit round 1 (tier=large)
[2026-07-26 03:41:20] 2026-07-25 11:26:23 | INFO     | KDClient 14 round 1 local training (epochs=4)
[2026-07-26 03:41:20] 2026-07-25 11:27:25 | INFO     | KDClient 14 round 1 completed (acc=0.3441, n=90)
[2026-07-26 03:41:20] 2026-07-25 11:27:25 | INFO     | KDClient 15 fit round 1 (tier=large)
[2026-07-26 03:41:20] 2026-07-25 11:27:25 | INFO     | KDClient 15 round 1 local training (epochs=4)
[2026-07-26 03:41:20] 2026-07-25 11:28:51 | INFO     | KDClient 15 round 1 completed (acc=0.3261, n=90)
[2026-07-26 03:41:20] 2026-07-25 11:28:51 | INFO     | KDClient 16 fit round 1 (tier=large)
[2026-07-26 03:41:20] 2026-07-25 11:28:51 | INFO     | KDClient 16 round 1 local training (epochs=4)
[2026-07-26 03:41:20] 2026-07-25 11:29:49 | INFO     | KDClient 16 round 1 completed (acc=0.3477, n=90)
[2026-07-26 03:41:20] 2026-07-25 11:29:49 | INFO     | KDClient 17 fit round 1 (tier=large)
[2026-07-26 03:41:20] 2026-07-25 11:29:49 | INFO     | KDClient 17 round 1 local training (epochs=4)
[2026-07-26 03:41:20] 2026-07-25 11:30:50 | INFO     | KDClient 17 round 1 completed (acc=0.3261, n=90)
[2026-07-26 03:41:20] 2026-07-25 11:30:50 | INFO     | KDClient 18 fit round 1 (tier=large)
[2026-07-26 03:41:20] 2026-07-25 11:30:50 | INFO     | KDClient 18 round 1 local training (epochs=4)
[2026-07-26 03:41:20] 2026-07-25 11:31:47 | INFO     | KDClient 18 round 1 completed (acc=0.3495, n=90)
[2026-07-26 03:41:20] 2026-07-25 11:31:47 | INFO     | KDClient 19 fit round 1 (tier=large)
[2026-07-26 03:41:20] 2026-07-25 11:31:47 | INFO     | KDClient 19 round 1 local training (epochs=4)
[2026-07-26 03:41:20] 2026-07-25 11:33:05 | INFO     | KDClient 19 round 1 completed (acc=0.3477, n=90)
[2026-07-26 03:41:20] 2026-07-25 11:33:05 | INFO     | MKS — IID: round 1/50 aggregated 3 cluster weights
[2026-07-26 03:41:20]   Round   1/50 | Avg: 0.3976 | Min: 0.1964 | Max: 0.5423
[2026-07-26 03:41:20] 2026-07-25 11:33:05 | INFO     | MKS — IID: round 2/50 starting
[2026-07-26 03:41:20] 2026-07-25 11:33:05 | INFO     | KDClient 0 fit round 2 (tier=small)
[2026-07-26 03:41:20] 2026-07-25 11:33:05 | INFO     | KDClient 0 round 2 public KD (epochs=2)
[2026-07-26 03:41:20] 2026-07-25 11:33:29 | INFO     | KDClient 0 round 2 local training (epochs=4)
[2026-07-26 03:41:20] 2026-07-25 11:33:45 | INFO     | KDClient 0 round 2 completed (acc=0.3261, n=90)
[2026-07-26 03:41:20] 2026-07-25 11:33:45 | INFO     | KDClient 1 fit round 2 (tier=small)
[2026-07-26 03:41:20] 2026-07-25 11:33:45 | INFO     | KDClient 1 round 2 public KD (epochs=2)
[2026-07-26 03:41:20] 2026-07-25 11:34:02 | INFO     | KDClient 1 round 2 local training (epochs=4)
[2026-07-26 03:41:20] 2026-07-25 11:34:15 | INFO     | KDClient 1 round 2 completed (acc=0.3477, n=90)
[2026-07-26 03:41:20] 2026-07-25 11:34:15 | INFO     | KDClient 2 fit round 2 (tier=small)
[2026-07-26 03:41:20] 2026-07-25 11:34:15 | INFO     | KDClient 2 round 2 public KD (epochs=2)
[2026-07-26 03:41:20] 2026-07-25 11:34:30 | INFO     | KDClient 2 round 2 local training (epochs=4)
[2026-07-26 03:41:20] 2026-07-25 11:34:42 | INFO     | KDClient 2 round 2 completed (acc=0.3261, n=90)
[2026-07-26 03:41:20] 2026-07-25 11:34:42 | INFO     | KDClient 3 fit round 2 (tier=small)
[2026-07-26 03:41:20] 2026-07-25 11:34:42 | INFO     | KDClient 3 round 2 public KD (epochs=2)
[2026-07-26 03:41:20] 2026-07-25 11:35:02 | INFO     | KDClient 3 round 2 local training (epochs=4)
[2026-07-26 03:41:20] 2026-07-25 11:35:14 | INFO     | KDClient 3 round 2 completed (acc=0.3261, n=90)
[2026-07-26 03:41:20] 2026-07-25 11:35:14 | INFO     | KDClient 4 fit round 2 (tier=small)
[2026-07-26 03:41:20] 2026-07-25 11:35:14 | INFO     | KDClient 4 round 2 public KD (epochs=2)
[2026-07-26 03:41:20] 2026-07-25 11:35:34 | INFO     | KDClient 4 round 2 local training (epochs=4)
[2026-07-26 03:41:20] 2026-07-25 11:35:48 | INFO     | KDClient 4 round 2 completed (acc=0.3676, n=90)
[2026-07-26 03:41:20] 2026-07-25 11:35:48 | INFO     | KDClient 5 fit round 2 (tier=small)
[2026-07-26 03:41:20] 2026-07-25 11:35:48 | INFO     | KDClient 5 round 2 public KD (epochs=2)
[2026-07-26 03:41:20] 2026-07-25 11:36:05 | INFO     | KDClient 5 round 2 local training (epochs=4)
[2026-07-26 03:41:20] 2026-07-25 11:36:19 | INFO     | KDClient 5 round 2 completed (acc=0.3261, n=90)
[2026-07-26 03:41:20] 2026-07-25 11:36:19 | INFO     | KDClient 6 fit round 2 (tier=small)
[2026-07-26 03:41:20] 2026-07-25 11:36:19 | INFO     | KDClient 6 round 2 public KD (epochs=2)
[2026-07-26 03:41:20] 2026-07-25 11:36:34 | INFO     | KDClient 6 round 2 local training (epochs=4)
[2026-07-26 03:41:20] 2026-07-25 11:36:45 | INFO     | KDClient 6 round 2 completed (acc=0.3261, n=90)
[2026-07-26 03:41:20] 2026-07-25 11:36:45 | INFO     | KDClient 7 fit round 2 (tier=medium)
[2026-07-26 03:41:20] 2026-07-25 11:36:45 | INFO     | KDClient 7 round 2 public KD (epochs=2)
[2026-07-26 03:41:20] 2026-07-25 11:37:30 | INFO     | KDClient 7 round 2 local training (epochs=4)
[2026-07-26 03:41:20] 2026-07-25 11:38:01 | INFO     | KDClient 7 round 2 completed (acc=0.3477, n=90)
[2026-07-26 03:41:20] 2026-07-25 11:38:01 | INFO     | KDClient 8 fit round 2 (tier=medium)
[2026-07-26 03:41:20] 2026-07-25 11:38:01 | INFO     | KDClient 8 round 2 public KD (epochs=2)
[2026-07-26 03:41:20] 2026-07-25 11:38:48 | INFO     | KDClient 8 round 2 local training (epochs=4)
[2026-07-26 03:41:20] 2026-07-25 11:39:18 | INFO     | KDClient 8 round 2 completed (acc=0.3261, n=90)
[2026-07-26 03:41:20] 2026-07-25 11:39:18 | INFO     | KDClient 9 fit round 2 (tier=medium)
[2026-07-26 03:41:20] 2026-07-25 11:39:18 | INFO     | KDClient 9 round 2 public KD (epochs=2)
[2026-07-26 03:41:20] 2026-07-25 11:40:00 | INFO     | KDClient 9 round 2 local training (epochs=4)
[2026-07-26 03:41:20] 2026-07-25 11:40:28 | INFO     | KDClient 9 round 2 completed (acc=0.6198, n=90)
[2026-07-26 03:41:20] 2026-07-25 11:40:28 | INFO     | KDClient 10 fit round 2 (tier=medium)
[2026-07-26 03:41:20] 2026-07-25 11:40:28 | INFO     | KDClient 10 round 2 public KD (epochs=2)
[2026-07-26 03:41:20] 2026-07-25 11:41:07 | INFO     | KDClient 10 round 2 local training (epochs=4)
[2026-07-26 03:41:20] 2026-07-25 11:41:37 | INFO     | KDClient 10 round 2 completed (acc=0.3568, n=90)
[2026-07-26 03:41:20] 2026-07-25 11:41:37 | INFO     | KDClient 11 fit round 2 (tier=medium)
[2026-07-26 03:41:20] 2026-07-25 11:41:37 | INFO     | KDClient 11 round 2 public KD (epochs=2)
[2026-07-26 03:41:20] 2026-07-25 11:42:20 | INFO     | KDClient 11 round 2 local training (epochs=4)
[2026-07-26 03:41:20] 2026-07-25 11:42:50 | INFO     | KDClient 11 round 2 completed (acc=0.3477, n=90)
[2026-07-26 03:41:20] 2026-07-25 11:42:50 | INFO     | KDClient 12 fit round 2 (tier=medium)
[2026-07-26 03:41:20] 2026-07-25 11:42:50 | INFO     | KDClient 12 round 2 public KD (epochs=2)
[2026-07-26 03:41:20] 2026-07-25 11:43:33 | INFO     | KDClient 12 round 2 local training (epochs=4)
[2026-07-26 03:41:20] 2026-07-25 11:44:05 | INFO     | KDClient 12 round 2 completed (acc=0.5009, n=90)
[2026-07-26 03:41:20] 2026-07-25 11:44:05 | INFO     | KDClient 13 fit round 2 (tier=medium)
[2026-07-26 03:41:20] 2026-07-25 11:44:05 | INFO     | KDClient 13 round 2 public KD (epochs=2)
[2026-07-26 03:41:20] 2026-07-25 11:44:49 | INFO     | KDClient 13 round 2 local training (epochs=4)
[2026-07-26 03:41:20] 2026-07-25 11:45:26 | INFO     | KDClient 13 round 2 completed (acc=0.5099, n=90)
[2026-07-26 03:41:20] 2026-07-25 11:45:26 | INFO     | KDClient 14 fit round 2 (tier=large)
[2026-07-26 03:41:20] 2026-07-25 11:45:26 | INFO     | KDClient 14 round 2 public KD (epochs=2)
[2026-07-26 03:41:20] 2026-07-25 11:46:44 | INFO     | KDClient 14 round 2 local training (epochs=4)
[2026-07-26 03:41:20] 2026-07-25 11:47:37 | INFO     | KDClient 14 round 2 completed (acc=0.3171, n=90)
[2026-07-26 03:41:20] 2026-07-25 11:47:37 | INFO     | KDClient 15 fit round 2 (tier=large)
[2026-07-26 03:41:20] 2026-07-25 11:47:37 | INFO     | KDClient 15 round 2 public KD (epochs=2)
[2026-07-26 03:41:20] 2026-07-25 11:48:55 | INFO     | KDClient 15 round 2 local training (epochs=4)
[2026-07-26 03:41:20] 2026-07-25 11:49:45 | INFO     | KDClient 15 round 2 completed (acc=0.3477, n=90)
[2026-07-26 03:41:20] 2026-07-25 11:49:45 | INFO     | KDClient 16 fit round 2 (tier=large)
[2026-07-26 03:41:20] 2026-07-25 11:49:45 | INFO     | KDClient 16 round 2 public KD (epochs=2)
[2026-07-26 03:41:20] 2026-07-25 11:51:06 | INFO     | KDClient 16 round 2 local training (epochs=4)
[2026-07-26 03:41:20] 2026-07-25 11:52:11 | INFO     | KDClient 16 round 2 completed (acc=0.3351, n=90)
[2026-07-26 03:41:20] 2026-07-25 11:52:11 | INFO     | KDClient 17 fit round 2 (tier=large)
[2026-07-26 03:41:20] 2026-07-25 11:52:11 | INFO     | KDClient 17 round 2 public KD (epochs=2)
[2026-07-26 03:41:20] 2026-07-25 11:53:33 | INFO     | KDClient 17 round 2 local training (epochs=4)
[2026-07-26 03:41:20] 2026-07-25 11:54:23 | INFO     | KDClient 17 round 2 completed (acc=0.3315, n=90)
[2026-07-26 03:41:20] 2026-07-25 11:54:23 | INFO     | KDClient 18 fit round 2 (tier=large)
[2026-07-26 03:41:20] 2026-07-25 11:54:23 | INFO     | KDClient 18 round 2 public KD (epochs=2)
[2026-07-26 03:41:20] 2026-07-25 11:55:41 | INFO     | KDClient 18 round 2 local training (epochs=4)
[2026-07-26 03:41:20] 2026-07-25 11:56:33 | INFO     | KDClient 18 round 2 completed (acc=0.3333, n=90)
[2026-07-26 03:41:20] 2026-07-25 11:56:33 | INFO     | KDClient 19 fit round 2 (tier=large)
[2026-07-26 03:41:20] 2026-07-25 11:56:33 | INFO     | KDClient 19 round 2 public KD (epochs=2)
[2026-07-26 03:41:20] 2026-07-25 11:57:51 | INFO     | KDClient 19 round 2 local training (epochs=4)
[2026-07-26 03:41:20] 2026-07-25 11:58:45 | INFO     | KDClient 19 round 2 completed (acc=0.3261, n=90)
[2026-07-26 03:41:20] 2026-07-25 11:58:45 | INFO     | MKS — IID: round 2/50 aggregated 3 cluster weights
[2026-07-26 03:41:20]   Round   2/50 | Avg: 0.3673 | Min: 0.3171 | Max: 0.6198
[2026-07-26 03:41:20] 2026-07-25 11:58:45 | INFO     | MKS — IID: round 3/50 starting
[2026-07-26 03:41:20] 2026-07-25 11:58:45 | INFO     | KDClient 0 fit round 3 (tier=small)
[2026-07-26 03:41:20] 2026-07-25 11:58:45 | INFO     | KDClient 0 round 3 public KD (epochs=2)
[2026-07-26 03:41:20] 2026-07-25 11:59:03 | INFO     | KDClient 0 round 3 local training (epochs=4)
[2026-07-26 03:41:20] 2026-07-25 11:59:16 | INFO     | KDClient 0 round 3 completed (acc=0.3477, n=90)
[2026-07-26 03:41:20] 2026-07-25 11:59:16 | INFO     | KDClient 1 fit round 3 (tier=small)
[2026-07-26 03:41:20] 2026-07-25 11:59:16 | INFO     | KDClient 1 round 3 public KD (epochs=2)
[2026-07-26 03:41:20] 2026-07-25 11:59:33 | INFO     | KDClient 1 round 3 local training (epochs=4)
[2026-07-26 03:41:20] 2026-07-25 11:59:48 | INFO     | KDClient 1 round 3 completed (acc=0.3477, n=90)
[2026-07-26 03:41:20] 2026-07-25 11:59:48 | INFO     | KDClient 2 fit round 3 (tier=small)
[2026-07-26 03:41:20] 2026-07-25 11:59:48 | INFO     | KDClient 2 round 3 public KD (epochs=2)
[2026-07-26 03:41:20] 2026-07-25 12:00:05 | INFO     | KDClient 2 round 3 local training (epochs=4)
[2026-07-26 03:41:20] 2026-07-25 12:00:22 | INFO     | KDClient 2 round 3 completed (acc=0.3477, n=90)
[2026-07-26 03:41:20] 2026-07-25 12:00:22 | INFO     | KDClient 3 fit round 3 (tier=small)
[2026-07-26 03:41:20] 2026-07-25 12:00:22 | INFO     | KDClient 3 round 3 public KD (epochs=2)
[2026-07-26 03:41:20] 2026-07-25 12:00:39 | INFO     | KDClient 3 round 3 local training (epochs=4)
[2026-07-26 03:41:20] 2026-07-25 12:00:54 | INFO     | KDClient 3 round 3 completed (acc=0.3477, n=90)
[2026-07-26 03:41:20] 2026-07-25 12:00:54 | INFO     | KDClient 4 fit round 3 (tier=small)
[2026-07-26 03:41:20] 2026-07-25 12:00:54 | INFO     | KDClient 4 round 3 public KD (epochs=2)
[2026-07-26 03:41:20] 2026-07-25 12:01:10 | INFO     | KDClient 4 round 3 local training (epochs=4)
[2026-07-26 03:41:20] 2026-07-25 12:01:26 | INFO     | KDClient 4 round 3 completed (acc=0.5568, n=90)
[2026-07-26 03:41:20] 2026-07-25 12:01:26 | INFO     | KDClient 5 fit round 3 (tier=small)
[2026-07-26 03:41:20] 2026-07-25 12:01:26 | INFO     | KDClient 5 round 3 public KD (epochs=2)
[2026-07-26 03:41:20] 2026-07-25 12:01:42 | INFO     | KDClient 5 round 3 local training (epochs=4)
[2026-07-26 03:41:20] 2026-07-25 12:01:56 | INFO     | KDClient 5 round 3 completed (acc=0.4847, n=90)
[2026-07-26 03:41:20] 2026-07-25 12:01:56 | INFO     | KDClient 6 fit round 3 (tier=small)
[2026-07-26 03:41:20] 2026-07-25 12:01:56 | INFO     | KDClient 6 round 3 public KD (epochs=2)
[2026-07-26 03:41:20] 2026-07-25 12:02:12 | INFO     | KDClient 6 round 3 local training (epochs=4)
[2026-07-26 03:41:20] 2026-07-25 12:02:24 | INFO     | KDClient 6 round 3 completed (acc=0.3477, n=90)
[2026-07-26 03:41:20] 2026-07-25 12:02:24 | INFO     | KDClient 7 fit round 3 (tier=medium)
[2026-07-26 03:41:20] 2026-07-25 12:02:24 | INFO     | KDClient 7 round 3 public KD (epochs=2)
[2026-07-26 03:41:20] 2026-07-25 12:03:05 | INFO     | KDClient 7 round 3 local training (epochs=4)
[2026-07-26 03:41:20] 2026-07-25 12:03:43 | INFO     | KDClient 7 round 3 completed (acc=0.3477, n=90)
[2026-07-26 03:41:20] 2026-07-25 12:03:43 | INFO     | KDClient 8 fit round 3 (tier=medium)
[2026-07-26 03:41:20] 2026-07-25 12:03:43 | INFO     | KDClient 8 round 3 public KD (epochs=2)
[2026-07-26 03:41:20] 2026-07-25 12:04:20 | INFO     | KDClient 8 round 3 local training (epochs=4)
[2026-07-26 03:41:20] 2026-07-25 12:04:54 | INFO     | KDClient 8 round 3 completed (acc=0.3477, n=90)
[2026-07-26 03:41:20] 2026-07-25 12:04:54 | INFO     | KDClient 9 fit round 3 (tier=medium)
[2026-07-26 03:41:20] 2026-07-25 12:04:54 | INFO     | KDClient 9 round 3 public KD (epochs=2)
[2026-07-26 03:41:20] 2026-07-25 12:05:32 | INFO     | KDClient 9 round 3 local training (epochs=4)
[2026-07-26 03:41:20] 2026-07-25 12:06:02 | INFO     | KDClient 9 round 3 completed (acc=0.3730, n=90)
[2026-07-26 03:41:20] 2026-07-25 12:06:02 | INFO     | KDClient 10 fit round 3 (tier=medium)
[2026-07-26 03:41:20] 2026-07-25 12:06:02 | INFO     | KDClient 10 round 3 public KD (epochs=2)
[2026-07-26 03:41:20] 2026-07-25 12:06:38 | INFO     | KDClient 10 round 3 local training (epochs=4)
[2026-07-26 03:41:20] 2026-07-25 12:07:10 | INFO     | KDClient 10 round 3 completed (acc=0.3477, n=90)
[2026-07-26 03:41:20] 2026-07-25 12:07:10 | INFO     | KDClient 11 fit round 3 (tier=medium)
[2026-07-26 03:41:20] 2026-07-25 12:07:10 | INFO     | KDClient 11 round 3 public KD (epochs=2)
[2026-07-26 03:41:20] 2026-07-25 12:07:49 | INFO     | KDClient 11 round 3 local training (epochs=4)
[2026-07-26 03:41:20] 2026-07-25 12:08:19 | INFO     | KDClient 11 round 3 completed (acc=0.3477, n=90)
[2026-07-26 03:41:20] 2026-07-25 12:08:19 | INFO     | KDClient 12 fit round 3 (tier=medium)
[2026-07-26 03:41:20] 2026-07-25 12:08:19 | INFO     | KDClient 12 round 3 public KD (epochs=2)
[2026-07-26 03:41:20] 2026-07-25 12:08:59 | INFO     | KDClient 12 round 3 local training (epochs=4)
[2026-07-26 03:41:20] 2026-07-25 12:09:28 | INFO     | KDClient 12 round 3 completed (acc=0.3477, n=90)
[2026-07-26 03:41:20] 2026-07-25 12:09:28 | INFO     | KDClient 13 fit round 3 (tier=medium)
[2026-07-26 03:41:20] 2026-07-25 12:09:28 | INFO     | KDClient 13 round 3 public KD (epochs=2)
[2026-07-26 03:41:20] 2026-07-25 12:10:11 | INFO     | KDClient 13 round 3 local training (epochs=4)
[2026-07-26 03:41:20] 2026-07-25 12:10:50 | INFO     | KDClient 13 round 3 completed (acc=0.3477, n=90)
[2026-07-26 03:41:20] 2026-07-25 12:10:50 | INFO     | KDClient 14 fit round 3 (tier=large)
[2026-07-26 03:41:20] 2026-07-25 12:10:50 | INFO     | KDClient 14 round 3 public KD (epochs=2)
[2026-07-26 03:41:20] 2026-07-25 12:11:55 | INFO     | KDClient 14 round 3 local training (epochs=4)
[2026-07-26 03:41:20] 2026-07-25 12:12:49 | INFO     | KDClient 14 round 3 completed (acc=0.2234, n=90)
[2026-07-26 03:41:20] 2026-07-25 12:12:49 | INFO     | KDClient 15 fit round 3 (tier=large)
[2026-07-26 03:41:20] 2026-07-25 12:12:49 | INFO     | KDClient 15 round 3 public KD (epochs=2)
[2026-07-26 03:41:20] 2026-07-25 12:13:57 | INFO     | KDClient 15 round 3 local training (epochs=4)
[2026-07-26 03:41:20] 2026-07-25 12:14:58 | INFO     | KDClient 15 round 3 completed (acc=0.2973, n=90)
[2026-07-26 03:41:20] 2026-07-25 12:14:58 | INFO     | KDClient 16 fit round 3 (tier=large)
[2026-07-26 03:41:20] 2026-07-25 12:14:58 | INFO     | KDClient 16 round 3 public KD (epochs=2)
[2026-07-26 03:41:20] 2026-07-25 12:16:11 | INFO     | KDClient 16 round 3 local training (epochs=4)
[2026-07-26 03:41:20] 2026-07-25 12:17:27 | INFO     | KDClient 16 round 3 completed (acc=0.2072, n=90)
[2026-07-26 03:41:20] 2026-07-25 12:17:27 | INFO     | KDClient 17 fit round 3 (tier=large)
[2026-07-26 03:41:20] 2026-07-25 12:17:27 | INFO     | KDClient 17 round 3 public KD (epochs=2)
[2026-07-26 03:41:20] 2026-07-25 12:18:40 | INFO     | KDClient 17 round 3 local training (epochs=4)
[2026-07-26 03:41:20] 2026-07-25 12:19:42 | INFO     | KDClient 17 round 3 completed (acc=0.1946, n=90)
[2026-07-26 03:41:20] 2026-07-25 12:19:42 | INFO     | KDClient 18 fit round 3 (tier=large)
[2026-07-26 03:41:20] 2026-07-25 12:19:42 | INFO     | KDClient 18 round 3 public KD (epochs=2)
[2026-07-26 03:41:20] 2026-07-25 12:20:48 | INFO     | KDClient 18 round 3 local training (epochs=4)
[2026-07-26 03:41:20] 2026-07-25 12:21:40 | INFO     | KDClient 18 round 3 completed (acc=0.5135, n=90)
[2026-07-26 03:41:20] 2026-07-25 12:21:40 | INFO     | KDClient 19 fit round 3 (tier=large)
[2026-07-26 03:41:20] 2026-07-25 12:21:40 | INFO     | KDClient 19 round 3 public KD (epochs=2)
[2026-07-26 03:41:20] 2026-07-25 12:22:45 | INFO     | KDClient 19 round 3 local training (epochs=4)
[2026-07-26 03:41:20] 2026-07-25 12:24:01 | INFO     | KDClient 19 round 3 completed (acc=0.6432, n=90)
[2026-07-26 03:41:20] 2026-07-25 12:24:01 | INFO     | MKS — IID: round 3/50 aggregated 3 cluster weights
[2026-07-26 03:41:20]   Round   3/50 | Avg: 0.3659 | Min: 0.1946 | Max: 0.6432
[2026-07-26 03:41:20] 2026-07-25 12:24:01 | INFO     | MKS — IID: round 4/50 starting
[2026-07-26 03:41:20] 2026-07-25 12:24:01 | INFO     | KDClient 0 fit round 4 (tier=small)
[2026-07-26 03:41:20] 2026-07-25 12:24:01 | INFO     | KDClient 0 round 4 public KD (epochs=2)
[2026-07-26 03:41:20] 2026-07-25 12:24:19 | INFO     | KDClient 0 round 4 local training (epochs=4)
[2026-07-26 03:41:20] 2026-07-25 12:24:38 | INFO     | KDClient 0 round 4 completed (acc=0.3477, n=90)
[2026-07-26 03:41:20] 2026-07-25 12:24:38 | INFO     | KDClient 1 fit round 4 (tier=small)
[2026-07-26 03:41:20] 2026-07-25 12:24:38 | INFO     | KDClient 1 round 4 public KD (epochs=2)
[2026-07-26 03:41:20] 2026-07-25 12:24:54 | INFO     | KDClient 1 round 4 local training (epochs=4)
[2026-07-26 03:41:20] 2026-07-25 12:25:10 | INFO     | KDClient 1 round 4 completed (acc=0.3477, n=90)
[2026-07-26 03:41:20] 2026-07-25 12:25:10 | INFO     | KDClient 2 fit round 4 (tier=small)
[2026-07-26 03:41:20] 2026-07-25 12:25:10 | INFO     | KDClient 2 round 4 public KD (epochs=2)
[2026-07-26 03:41:20] 2026-07-25 12:25:24 | INFO     | KDClient 2 round 4 local training (epochs=4)
[2026-07-26 03:41:20] 2026-07-25 12:25:40 | INFO     | KDClient 2 round 4 completed (acc=0.3477, n=90)
[2026-07-26 03:41:20] 2026-07-25 12:25:40 | INFO     | KDClient 3 fit round 4 (tier=small)
[2026-07-26 03:41:20] 2026-07-25 12:25:40 | INFO     | KDClient 3 round 4 public KD (epochs=2)
[2026-07-26 03:41:20] 2026-07-25 12:25:57 | INFO     | KDClient 3 round 4 local training (epochs=4)
[2026-07-26 03:41:20] 2026-07-25 12:26:09 | INFO     | KDClient 3 round 4 completed (acc=0.3477, n=90)
[2026-07-26 03:41:20] 2026-07-25 12:26:09 | INFO     | KDClient 4 fit round 4 (tier=small)
[2026-07-26 03:41:20] 2026-07-25 12:26:10 | INFO     | KDClient 4 round 4 public KD (epochs=2)
[2026-07-26 03:41:20] 2026-07-25 12:26:28 | INFO     | KDClient 4 round 4 local training (epochs=4)
[2026-07-26 03:41:20] 2026-07-25 12:26:42 | INFO     | KDClient 4 round 4 completed (acc=0.3477, n=90)
[2026-07-26 03:41:20] 2026-07-25 12:26:42 | INFO     | KDClient 5 fit round 4 (tier=small)
[2026-07-26 03:41:20] 2026-07-25 12:26:42 | INFO     | KDClient 5 round 4 public KD (epochs=2)
[2026-07-26 03:41:20] 2026-07-25 12:26:55 | INFO     | KDClient 5 round 4 local training (epochs=4)
[2026-07-26 03:41:20] 2026-07-25 12:27:07 | INFO     | KDClient 5 round 4 completed (acc=0.3477, n=90)
[2026-07-26 03:41:20] 2026-07-25 12:27:07 | INFO     | KDClient 6 fit round 4 (tier=small)
[2026-07-26 03:41:20] 2026-07-25 12:27:07 | INFO     | KDClient 6 round 4 public KD (epochs=2)
[2026-07-26 03:41:20] 2026-07-25 12:27:20 | INFO     | KDClient 6 round 4 local training (epochs=4)
[2026-07-26 03:41:20] 2026-07-25 12:27:31 | INFO     | KDClient 6 round 4 completed (acc=0.3477, n=90)
[2026-07-26 03:41:20] 2026-07-25 12:27:31 | INFO     | KDClient 7 fit round 4 (tier=medium)
[2026-07-26 03:41:20] 2026-07-25 12:27:31 | INFO     | KDClient 7 round 4 public KD (epochs=2)
[2026-07-26 03:41:20] 2026-07-25 12:28:11 | INFO     | KDClient 7 round 4 local training (epochs=4)
[2026-07-26 03:41:20] 2026-07-25 12:28:46 | INFO     | KDClient 7 round 4 completed (acc=0.4811, n=90)
[2026-07-26 03:41:20] 2026-07-25 12:28:46 | INFO     | KDClient 8 fit round 4 (tier=medium)
[2026-07-26 03:41:20] 2026-07-25 12:28:46 | INFO     | KDClient 8 round 4 public KD (epochs=2)
[2026-07-26 03:41:20] 2026-07-25 12:29:23 | INFO     | KDClient 8 round 4 local training (epochs=4)
[2026-07-26 03:41:20] 2026-07-25 12:29:50 | INFO     | KDClient 8 round 4 completed (acc=0.4559, n=90)
[2026-07-26 03:41:20] 2026-07-25 12:29:50 | INFO     | KDClient 9 fit round 4 (tier=medium)
[2026-07-26 03:41:20] 2026-07-25 12:29:50 | INFO     | KDClient 9 round 4 public KD (epochs=2)
[2026-07-26 03:41:20] 2026-07-25 12:30:26 | INFO     | KDClient 9 round 4 local training (epochs=4)
[2026-07-26 03:41:20] 2026-07-25 12:30:57 | INFO     | KDClient 9 round 4 completed (acc=0.3495, n=90)
[2026-07-26 03:41:20] 2026-07-25 12:30:57 | INFO     | KDClient 10 fit round 4 (tier=medium)
[2026-07-26 03:41:20] 2026-07-25 12:30:57 | INFO     | KDClient 10 round 4 public KD (epochs=2)
[2026-07-26 03:41:20] 2026-07-25 12:31:34 | INFO     | KDClient 10 round 4 local training (epochs=4)
[2026-07-26 03:41:20] 2026-07-25 12:32:04 | INFO     | KDClient 10 round 4 completed (acc=0.3477, n=90)
[2026-07-26 03:41:20] 2026-07-25 12:32:04 | INFO     | KDClient 11 fit round 4 (tier=medium)
[2026-07-26 03:41:20] 2026-07-25 12:32:04 | INFO     | KDClient 11 round 4 public KD (epochs=2)
[2026-07-26 03:41:20] 2026-07-25 12:32:43 | INFO     | KDClient 11 round 4 local training (epochs=4)
[2026-07-26 03:41:20] 2026-07-25 12:33:15 | INFO     | KDClient 11 round 4 completed (acc=0.4811, n=90)
[2026-07-26 03:41:20] 2026-07-25 12:33:15 | INFO     | KDClient 12 fit round 4 (tier=medium)
[2026-07-26 03:41:20] 2026-07-25 12:33:15 | INFO     | KDClient 12 round 4 public KD (epochs=2)
[2026-07-26 03:41:20] 2026-07-25 12:33:55 | INFO     | KDClient 12 round 4 local training (epochs=4)
[2026-07-26 03:41:20] 2026-07-25 12:34:29 | INFO     | KDClient 12 round 4 completed (acc=0.3477, n=90)
[2026-07-26 03:41:20] 2026-07-25 12:34:29 | INFO     | KDClient 13 fit round 4 (tier=medium)
[2026-07-26 03:41:20] 2026-07-25 12:34:29 | INFO     | KDClient 13 round 4 public KD (epochs=2)
[2026-07-26 03:41:20] 2026-07-25 12:35:14 | INFO     | KDClient 13 round 4 local training (epochs=4)
[2026-07-26 03:41:20] 2026-07-25 12:35:55 | INFO     | KDClient 13 round 4 completed (acc=0.3892, n=90)
[2026-07-26 03:41:20] 2026-07-25 12:35:55 | INFO     | KDClient 14 fit round 4 (tier=large)
[2026-07-26 03:41:20] 2026-07-25 12:35:55 | INFO     | KDClient 14 round 4 public KD (epochs=2)
[2026-07-26 03:41:20] 2026-07-25 12:37:12 | INFO     | KDClient 14 round 4 local training (epochs=4)
[2026-07-26 03:41:20] 2026-07-25 12:38:01 | INFO     | KDClient 14 round 4 completed (acc=0.1964, n=90)
[2026-07-26 03:41:20] 2026-07-25 12:38:01 | INFO     | KDClient 15 fit round 4 (tier=large)
[2026-07-26 03:41:20] 2026-07-25 12:38:01 | INFO     | KDClient 15 round 4 public KD (epochs=2)
[2026-07-26 03:41:20] 2026-07-25 12:39:08 | INFO     | KDClient 15 round 4 local training (epochs=4)
[2026-07-26 03:41:20] 2026-07-25 12:40:09 | INFO     | KDClient 15 round 4 completed (acc=0.4054, n=90)
[2026-07-26 03:41:20] 2026-07-25 12:40:09 | INFO     | KDClient 16 fit round 4 (tier=large)
[2026-07-26 03:41:20] 2026-07-25 12:40:09 | INFO     | KDClient 16 round 4 public KD (epochs=2)
[2026-07-26 03:41:20] 2026-07-25 12:41:22 | INFO     | KDClient 16 round 4 local training (epochs=4)
[2026-07-26 03:41:20] 2026-07-25 12:42:20 | INFO     | KDClient 16 round 4 completed (acc=0.6523, n=90)
[2026-07-26 03:41:20] 2026-07-25 12:42:20 | INFO     | KDClient 17 fit round 4 (tier=large)
[2026-07-26 03:41:20] 2026-07-25 12:42:20 | INFO     | KDClient 17 round 4 public KD (epochs=2)
[2026-07-26 03:41:20] 2026-07-25 12:43:30 | INFO     | KDClient 17 round 4 local training (epochs=4)
[2026-07-26 03:41:20] 2026-07-25 12:44:29 | INFO     | KDClient 17 round 4 completed (acc=0.5099, n=90)
[2026-07-26 03:41:20] 2026-07-25 12:44:29 | INFO     | KDClient 18 fit round 4 (tier=large)
[2026-07-26 03:41:20] 2026-07-25 12:44:29 | INFO     | KDClient 18 round 4 public KD (epochs=2)
[2026-07-26 03:41:20] 2026-07-25 12:45:36 | INFO     | KDClient 18 round 4 local training (epochs=4)
[2026-07-26 03:41:20] 2026-07-25 12:46:42 | INFO     | KDClient 18 round 4 completed (acc=0.4270, n=90)
[2026-07-26 03:41:20] 2026-07-25 12:46:42 | INFO     | KDClient 19 fit round 4 (tier=large)
[2026-07-26 03:41:20] 2026-07-25 12:46:42 | INFO     | KDClient 19 round 4 public KD (epochs=2)
[2026-07-26 03:41:20] 2026-07-25 12:47:56 | INFO     | KDClient 19 round 4 local training (epochs=4)
[2026-07-26 03:41:20] 2026-07-25 12:49:06 | INFO     | KDClient 19 round 4 completed (acc=0.6505, n=90)
[2026-07-26 03:41:20] 2026-07-25 12:49:06 | INFO     | MKS — IID: round 4/50 aggregated 3 cluster weights
[2026-07-26 03:41:20]   Round   4/50 | Avg: 0.4064 | Min: 0.1964 | Max: 0.6523
[2026-07-26 03:41:20] 2026-07-25 12:49:06 | INFO     | MKS — IID: round 5/50 starting
[2026-07-26 03:41:20] 2026-07-25 12:49:06 | INFO     | KDClient 0 fit round 5 (tier=small)
[2026-07-26 03:41:20] 2026-07-25 12:49:06 | INFO     | KDClient 0 round 5 public KD (epochs=2)
[2026-07-26 03:41:20] 2026-07-25 12:49:22 | INFO     | KDClient 0 round 5 local training (epochs=4)
[2026-07-26 03:41:20] 2026-07-25 12:49:39 | INFO     | KDClient 0 round 5 completed (acc=0.3477, n=90)
[2026-07-26 03:41:20] 2026-07-25 12:49:39 | INFO     | KDClient 1 fit round 5 (tier=small)
[2026-07-26 03:41:20] 2026-07-25 12:49:39 | INFO     | KDClient 1 round 5 public KD (epochs=2)
[2026-07-26 03:41:20] 2026-07-25 12:49:55 | INFO     | KDClient 1 round 5 local training (epochs=4)
[2026-07-26 03:41:20] 2026-07-25 12:50:11 | INFO     | KDClient 1 round 5 completed (acc=0.2144, n=90)
[2026-07-26 03:41:20] 2026-07-25 12:50:11 | INFO     | KDClient 2 fit round 5 (tier=small)
[2026-07-26 03:41:20] 2026-07-25 12:50:11 | INFO     | KDClient 2 round 5 public KD (epochs=2)
[2026-07-26 03:41:20] 2026-07-25 12:50:27 | INFO     | KDClient 2 round 5 local training (epochs=4)
[2026-07-26 03:41:20] 2026-07-25 12:50:42 | INFO     | KDClient 2 round 5 completed (acc=0.2126, n=90)
[2026-07-26 03:41:20] 2026-07-25 12:50:42 | INFO     | KDClient 3 fit round 5 (tier=small)
[2026-07-26 03:41:20] 2026-07-25 12:50:42 | INFO     | KDClient 3 round 5 public KD (epochs=2)
[2026-07-26 03:41:20] 2026-07-25 12:50:57 | INFO     | KDClient 3 round 5 local training (epochs=4)
[2026-07-26 03:41:20] 2026-07-25 12:51:11 | INFO     | KDClient 3 round 5 completed (acc=0.2270, n=90)
[2026-07-26 03:41:20] 2026-07-25 12:51:11 | INFO     | KDClient 4 fit round 5 (tier=small)
[2026-07-26 03:41:20] 2026-07-25 12:51:12 | INFO     | KDClient 4 round 5 public KD (epochs=2)
[2026-07-26 03:41:20] 2026-07-25 12:51:26 | INFO     | KDClient 4 round 5 local training (epochs=4)
[2026-07-26 03:41:20] 2026-07-25 12:51:38 | INFO     | KDClient 4 round 5 completed (acc=0.1964, n=90)
[2026-07-26 03:41:20] 2026-07-25 12:51:38 | INFO     | KDClient 5 fit round 5 (tier=small)
[2026-07-26 03:41:20] 2026-07-25 12:51:38 | INFO     | KDClient 5 round 5 public KD (epochs=2)
[2026-07-26 03:41:20] 2026-07-25 12:51:52 | INFO     | KDClient 5 round 5 local training (epochs=4)
[2026-07-26 03:41:20] 2026-07-25 12:52:05 | INFO     | KDClient 5 round 5 completed (acc=0.2018, n=90)
[2026-07-26 03:41:20] 2026-07-25 12:52:05 | INFO     | KDClient 6 fit round 5 (tier=small)
[2026-07-26 03:41:20] 2026-07-25 12:52:05 | INFO     | KDClient 6 round 5 public KD (epochs=2)
[2026-07-26 03:41:20] 2026-07-25 12:52:18 | INFO     | KDClient 6 round 5 local training (epochs=4)
[2026-07-26 03:41:20] 2026-07-25 12:52:28 | INFO     | KDClient 6 round 5 completed (acc=0.3045, n=90)
[2026-07-26 03:41:20] 2026-07-25 12:52:28 | INFO     | KDClient 7 fit round 5 (tier=medium)
[2026-07-26 03:41:20] 2026-07-25 12:52:28 | INFO     | KDClient 7 round 5 public KD (epochs=2)
[2026-07-26 03:41:20] 2026-07-25 12:53:08 | INFO     | KDClient 7 round 5 local training (epochs=4)
[2026-07-26 03:41:20] 2026-07-25 12:53:37 | INFO     | KDClient 7 round 5 completed (acc=0.3658, n=90)
[2026-07-26 03:41:20] 2026-07-25 12:53:37 | INFO     | KDClient 8 fit round 5 (tier=medium)
[2026-07-26 03:41:20] 2026-07-25 12:53:37 | INFO     | KDClient 8 round 5 public KD (epochs=2)
[2026-07-26 03:41:20] 2026-07-25 12:54:16 | INFO     | KDClient 8 round 5 local training (epochs=4)
[2026-07-26 03:41:20] 2026-07-25 12:54:47 | INFO     | KDClient 8 round 5 completed (acc=0.3315, n=90)
[2026-07-26 03:41:20] 2026-07-25 12:54:47 | INFO     | KDClient 9 fit round 5 (tier=medium)
[2026-07-26 03:41:20] 2026-07-25 12:54:47 | INFO     | KDClient 9 round 5 public KD (epochs=2)
[2026-07-26 03:41:20] 2026-07-25 12:55:24 | INFO     | KDClient 9 round 5 local training (epochs=4)
[2026-07-26 03:41:20] 2026-07-25 12:55:52 | INFO     | KDClient 9 round 5 completed (acc=0.3423, n=90)
[2026-07-26 03:41:20] 2026-07-25 12:55:52 | INFO     | KDClient 10 fit round 5 (tier=medium)
[2026-07-26 03:41:20] 2026-07-25 12:55:52 | INFO     | KDClient 10 round 5 public KD (epochs=2)
[2026-07-26 03:41:20] 2026-07-25 12:56:31 | INFO     | KDClient 10 round 5 local training (epochs=4)
[2026-07-26 03:41:20] 2026-07-25 12:56:59 | INFO     | KDClient 10 round 5 completed (acc=0.2036, n=90)
[2026-07-26 03:41:20] 2026-07-25 12:56:59 | INFO     | KDClient 11 fit round 5 (tier=medium)
[2026-07-26 03:41:20] 2026-07-25 12:56:59 | INFO     | KDClient 11 round 5 public KD (epochs=2)
[2026-07-26 03:41:20] 2026-07-25 12:57:41 | INFO     | KDClient 11 round 5 local training (epochs=4)
[2026-07-26 03:41:20] 2026-07-25 12:58:13 | INFO     | KDClient 11 round 5 completed (acc=0.3423, n=90)
[2026-07-26 03:41:20] 2026-07-25 12:58:13 | INFO     | KDClient 12 fit round 5 (tier=medium)
[2026-07-26 03:41:20] 2026-07-25 12:58:13 | INFO     | KDClient 12 round 5 public KD (epochs=2)
[2026-07-26 03:41:20] 2026-07-25 12:58:53 | INFO     | KDClient 12 round 5 local training (epochs=4)
[2026-07-26 03:41:20] 2026-07-25 12:59:22 | INFO     | KDClient 12 round 5 completed (acc=0.1982, n=90)
[2026-07-26 03:41:20] 2026-07-25 12:59:22 | INFO     | KDClient 13 fit round 5 (tier=medium)
[2026-07-26 03:41:20] 2026-07-25 12:59:22 | INFO     | KDClient 13 round 5 public KD (epochs=2)
[2026-07-26 03:41:20] 2026-07-25 13:00:26 | INFO     | KDClient 13 round 5 local training (epochs=4)
[2026-07-26 03:41:20] 2026-07-25 13:01:03 | INFO     | KDClient 13 round 5 completed (acc=0.3315, n=90)
[2026-07-26 03:41:20] 2026-07-25 13:01:03 | INFO     | KDClient 14 fit round 5 (tier=large)
[2026-07-26 03:41:20] 2026-07-25 13:01:03 | INFO     | KDClient 14 round 5 public KD (epochs=2)
[2026-07-26 03:41:20] 2026-07-25 13:02:10 | INFO     | KDClient 14 round 5 local training (epochs=4)
[2026-07-26 03:41:20] 2026-07-25 13:02:58 | INFO     | KDClient 14 round 5 completed (acc=0.6360, n=90)
[2026-07-26 03:41:20] 2026-07-25 13:02:58 | INFO     | KDClient 15 fit round 5 (tier=large)
[2026-07-26 03:41:20] 2026-07-25 13:02:58 | INFO     | KDClient 15 round 5 public KD (epochs=2)
[2026-07-26 03:41:20] 2026-07-25 13:04:11 | INFO     | KDClient 15 round 5 local training (epochs=4)
[2026-07-26 03:41:20] 2026-07-25 13:05:03 | INFO     | KDClient 15 round 5 completed (acc=0.2018, n=90)
[2026-07-26 03:41:20] 2026-07-25 13:05:03 | INFO     | KDClient 16 fit round 5 (tier=large)
[2026-07-26 03:41:20] 2026-07-25 13:05:03 | INFO     | KDClient 16 round 5 public KD (epochs=2)
[2026-07-26 03:41:20] 2026-07-25 13:06:19 | INFO     | KDClient 16 round 5 local training (epochs=4)
[2026-07-26 03:41:20] 2026-07-25 13:07:11 | INFO     | KDClient 16 round 5 completed (acc=0.6541, n=90)
[2026-07-26 03:41:20] 2026-07-25 13:07:11 | INFO     | KDClient 17 fit round 5 (tier=large)
[2026-07-26 03:41:20] 2026-07-25 13:07:11 | INFO     | KDClient 17 round 5 public KD (epochs=2)
[2026-07-26 03:41:20] 2026-07-25 13:08:27 | INFO     | KDClient 17 round 5 local training (epochs=4)
[2026-07-26 03:41:20] 2026-07-25 13:09:19 | INFO     | KDClient 17 round 5 completed (acc=0.4486, n=90)
[2026-07-26 03:41:20] 2026-07-25 13:09:19 | INFO     | KDClient 18 fit round 5 (tier=large)
[2026-07-26 03:41:20] 2026-07-25 13:09:19 | INFO     | KDClient 18 round 5 public KD (epochs=2)
[2026-07-26 03:41:20] 2026-07-25 13:10:30 | INFO     | KDClient 18 round 5 local training (epochs=4)
[2026-07-26 03:41:20] 2026-07-25 13:11:23 | INFO     | KDClient 18 round 5 completed (acc=0.6523, n=90)
[2026-07-26 03:41:20] 2026-07-25 13:11:23 | INFO     | KDClient 19 fit round 5 (tier=large)
[2026-07-26 03:41:20] 2026-07-25 13:11:23 | INFO     | KDClient 19 round 5 public KD (epochs=2)
[2026-07-26 03:41:20] 2026-07-25 13:12:39 | INFO     | KDClient 19 round 5 local training (epochs=4)
[2026-07-26 03:41:20] 2026-07-25 13:13:37 | INFO     | KDClient 19 round 5 completed (acc=0.5640, n=90)
[2026-07-26 03:41:20] 2026-07-25 13:13:37 | INFO     | MKS — IID: round 5/50 aggregated 3 cluster weights
[2026-07-26 03:41:20]   Round   5/50 | Avg: 0.3488 | Min: 0.1964 | Max: 0.6541
[2026-07-26 03:41:20] 2026-07-25 13:13:37 | INFO     | MKS — IID: round 6/50 starting
[2026-07-26 03:41:20] 2026-07-25 13:13:37 | INFO     | KDClient 0 fit round 6 (tier=small)
[2026-07-26 03:41:20] 2026-07-25 13:13:37 | INFO     | KDClient 0 round 6 public KD (epochs=2)
[2026-07-26 03:41:20] 2026-07-25 13:13:55 | INFO     | KDClient 0 round 6 local training (epochs=4)
[2026-07-26 03:41:20] 2026-07-25 13:14:13 | INFO     | KDClient 0 round 6 completed (acc=0.4775, n=90)
[2026-07-26 03:41:20] 2026-07-25 13:14:13 | INFO     | KDClient 1 fit round 6 (tier=small)
[2026-07-26 03:41:20] 2026-07-25 13:14:13 | INFO     | KDClient 1 round 6 public KD (epochs=2)
[2026-07-26 03:41:20] 2026-07-25 13:14:30 | INFO     | KDClient 1 round 6 local training (epochs=4)
[2026-07-26 03:41:20] 2026-07-25 13:14:48 | INFO     | KDClient 1 round 6 completed (acc=0.5207, n=90)
[2026-07-26 03:41:20] 2026-07-25 13:14:48 | INFO     | KDClient 2 fit round 6 (tier=small)
[2026-07-26 03:41:20] 2026-07-25 13:14:48 | INFO     | KDClient 2 round 6 public KD (epochs=2)
[2026-07-26 03:41:20] 2026-07-25 13:15:07 | INFO     | KDClient 2 round 6 local training (epochs=4)
[2026-07-26 03:41:20] 2026-07-25 13:15:21 | INFO     | KDClient 2 round 6 completed (acc=0.5117, n=90)
[2026-07-26 03:41:20] 2026-07-25 13:15:21 | INFO     | KDClient 3 fit round 6 (tier=small)
[2026-07-26 03:41:20] 2026-07-25 13:15:21 | INFO     | KDClient 3 round 6 public KD (epochs=2)
[2026-07-26 03:41:20] 2026-07-25 13:15:36 | INFO     | KDClient 3 round 6 local training (epochs=4)
[2026-07-26 03:41:20] 2026-07-25 13:15:51 | INFO     | KDClient 3 round 6 completed (acc=0.4937, n=90)
[2026-07-26 03:41:20] 2026-07-25 13:15:51 | INFO     | KDClient 4 fit round 6 (tier=small)
[2026-07-26 03:41:20] 2026-07-25 13:15:51 | INFO     | KDClient 4 round 6 public KD (epochs=2)
[2026-07-26 03:41:20] 2026-07-25 13:16:06 | INFO     | KDClient 4 round 6 local training (epochs=4)
[2026-07-26 03:41:20] 2026-07-25 13:16:21 | INFO     | KDClient 4 round 6 completed (acc=0.4667, n=90)
[2026-07-26 03:41:20] 2026-07-25 13:16:21 | INFO     | KDClient 5 fit round 6 (tier=small)
[2026-07-26 03:41:20] 2026-07-25 13:16:21 | INFO     | KDClient 5 round 6 public KD (epochs=2)
[2026-07-26 03:41:20] 2026-07-25 13:16:37 | INFO     | KDClient 5 round 6 local training (epochs=4)
[2026-07-26 03:41:20] 2026-07-25 13:16:52 | INFO     | KDClient 5 round 6 completed (acc=0.5189, n=90)
[2026-07-26 03:41:20] 2026-07-25 13:16:52 | INFO     | KDClient 6 fit round 6 (tier=small)
[2026-07-26 03:41:20] 2026-07-25 13:16:52 | INFO     | KDClient 6 round 6 public KD (epochs=2)
[2026-07-26 03:41:20] 2026-07-25 13:17:09 | INFO     | KDClient 6 round 6 local training (epochs=4)
[2026-07-26 03:41:20] 2026-07-25 13:17:24 | INFO     | KDClient 6 round 6 completed (acc=0.4991, n=90)
[2026-07-26 03:41:20] 2026-07-25 13:17:24 | INFO     | KDClient 7 fit round 6 (tier=medium)
[2026-07-26 03:41:20] 2026-07-25 13:17:24 | INFO     | KDClient 7 round 6 public KD (epochs=2)
[2026-07-26 03:41:20] 2026-07-25 13:18:04 | INFO     | KDClient 7 round 6 local training (epochs=4)
[2026-07-26 03:41:20] 2026-07-25 13:18:35 | INFO     | KDClient 7 round 6 completed (acc=0.5676, n=90)
[2026-07-26 03:41:20] 2026-07-25 13:18:35 | INFO     | KDClient 8 fit round 6 (tier=medium)
[2026-07-26 03:41:20] 2026-07-25 13:18:35 | INFO     | KDClient 8 round 6 public KD (epochs=2)
[2026-07-26 03:41:20] 2026-07-25 13:19:11 | INFO     | KDClient 8 round 6 local training (epochs=4)
[2026-07-26 03:41:20] 2026-07-25 13:19:40 | INFO     | KDClient 8 round 6 completed (acc=0.6450, n=90)
[2026-07-26 03:41:20] 2026-07-25 13:19:40 | INFO     | KDClient 9 fit round 6 (tier=medium)
[2026-07-26 03:41:20] 2026-07-25 13:19:40 | INFO     | KDClient 9 round 6 public KD (epochs=2)
[2026-07-26 03:41:20] 2026-07-25 13:20:16 | INFO     | KDClient 9 round 6 local training (epochs=4)
[2026-07-26 03:41:20] 2026-07-25 13:20:45 | INFO     | KDClient 9 round 6 completed (acc=0.6036, n=90)
[2026-07-26 03:41:20] 2026-07-25 13:20:45 | INFO     | KDClient 10 fit round 6 (tier=medium)
[2026-07-26 03:41:20] 2026-07-25 13:20:45 | INFO     | KDClient 10 round 6 public KD (epochs=2)
[2026-07-26 03:41:20] 2026-07-25 13:21:23 | INFO     | KDClient 10 round 6 local training (epochs=4)
[2026-07-26 03:41:20] 2026-07-25 13:21:58 | INFO     | KDClient 10 round 6 completed (acc=0.4757, n=90)
[2026-07-26 03:41:20] 2026-07-25 13:21:58 | INFO     | KDClient 11 fit round 6 (tier=medium)
[2026-07-26 03:41:20] 2026-07-25 13:21:58 | INFO     | KDClient 11 round 6 public KD (epochs=2)
[2026-07-26 03:41:20] 2026-07-25 13:22:37 | INFO     | KDClient 11 round 6 local training (epochs=4)
[2026-07-26 03:41:20] 2026-07-25 13:23:10 | INFO     | KDClient 11 round 6 completed (acc=0.6523, n=90)
[2026-07-26 03:41:20] 2026-07-25 13:23:10 | INFO     | KDClient 12 fit round 6 (tier=medium)
[2026-07-26 03:41:20] 2026-07-25 13:23:10 | INFO     | KDClient 12 round 6 public KD (epochs=2)
[2026-07-26 03:41:20] 2026-07-25 13:23:52 | INFO     | KDClient 12 round 6 local training (epochs=4)
[2026-07-26 03:41:20] 2026-07-25 13:24:25 | INFO     | KDClient 12 round 6 completed (acc=0.5207, n=90)
[2026-07-26 03:41:20] 2026-07-25 13:24:25 | INFO     | KDClient 13 fit round 6 (tier=medium)
[2026-07-26 03:41:20] 2026-07-25 13:24:25 | INFO     | KDClient 13 round 6 public KD (epochs=2)
[2026-07-26 03:41:20] 2026-07-25 13:25:28 | INFO     | KDClient 13 round 6 local training (epochs=4)
[2026-07-26 03:41:20] 2026-07-25 13:26:06 | INFO     | KDClient 13 round 6 completed (acc=0.5405, n=90)
[2026-07-26 03:41:20] 2026-07-25 13:26:06 | INFO     | KDClient 14 fit round 6 (tier=large)
[2026-07-26 03:41:20] 2026-07-25 13:26:06 | INFO     | KDClient 14 round 6 public KD (epochs=2)
[2026-07-26 03:41:20] 2026-07-25 13:27:11 | INFO     | KDClient 14 round 6 local training (epochs=4)
[2026-07-26 03:41:20] 2026-07-25 13:28:01 | INFO     | KDClient 14 round 6 completed (acc=0.6505, n=90)
[2026-07-26 03:41:20] 2026-07-25 13:28:01 | INFO     | KDClient 15 fit round 6 (tier=large)
[2026-07-26 03:41:20] 2026-07-25 13:28:01 | INFO     | KDClient 15 round 6 public KD (epochs=2)
[2026-07-26 03:41:20] 2026-07-25 13:29:17 | INFO     | KDClient 15 round 6 local training (epochs=4)
[2026-07-26 03:41:20] 2026-07-25 13:30:12 | INFO     | KDClient 15 round 6 completed (acc=0.6523, n=90)
[2026-07-26 03:41:20] 2026-07-25 13:30:12 | INFO     | KDClient 16 fit round 6 (tier=large)
[2026-07-26 03:41:20] 2026-07-25 13:30:12 | INFO     | KDClient 16 round 6 public KD (epochs=2)
[2026-07-26 03:41:20] 2026-07-25 13:31:27 | INFO     | KDClient 16 round 6 local training (epochs=4)
[2026-07-26 03:41:20] 2026-07-25 13:32:31 | INFO     | KDClient 16 round 6 completed (acc=0.6378, n=90)
[2026-07-26 03:41:20] 2026-07-25 13:32:31 | INFO     | KDClient 17 fit round 6 (tier=large)
[2026-07-26 03:41:20] 2026-07-25 13:32:31 | INFO     | KDClient 17 round 6 public KD (epochs=2)
[2026-07-26 03:41:20] 2026-07-25 13:33:51 | INFO     | KDClient 17 round 6 local training (epochs=4)
[2026-07-26 03:41:20] 2026-07-25 13:34:50 | INFO     | KDClient 17 round 6 completed (acc=0.6505, n=90)
[2026-07-26 03:41:20] 2026-07-25 13:34:50 | INFO     | KDClient 18 fit round 6 (tier=large)
[2026-07-26 03:41:20] 2026-07-25 13:34:50 | INFO     | KDClient 18 round 6 public KD (epochs=2)
[2026-07-26 03:41:20] 2026-07-25 13:35:57 | INFO     | KDClient 18 round 6 local training (epochs=4)
[2026-07-26 03:41:20] 2026-07-25 13:36:49 | INFO     | KDClient 18 round 6 completed (acc=0.6505, n=90)
[2026-07-26 03:41:20] 2026-07-25 13:36:49 | INFO     | KDClient 19 fit round 6 (tier=large)
[2026-07-26 03:41:20] 2026-07-25 13:36:49 | INFO     | KDClient 19 round 6 public KD (epochs=2)
[2026-07-26 03:41:20] 2026-07-25 13:38:01 | INFO     | KDClient 19 round 6 local training (epochs=4)
[2026-07-26 03:41:20] 2026-07-25 13:39:06 | INFO     | KDClient 19 round 6 completed (acc=0.6559, n=90)
[2026-07-26 03:41:20] 2026-07-25 13:39:06 | INFO     | MKS — IID: round 6/50 aggregated 3 cluster weights
[2026-07-26 03:41:20]   Round   6/50 | Avg: 0.5695 | Min: 0.4667 | Max: 0.6559
[2026-07-26 03:41:20] 2026-07-25 13:39:06 | INFO     | MKS — IID: round 7/50 starting
[2026-07-26 03:41:20] 2026-07-25 13:39:06 | INFO     | KDClient 0 fit round 7 (tier=small)
[2026-07-26 03:41:20] 2026-07-25 13:39:06 | INFO     | KDClient 0 round 7 public KD (epochs=2)
[2026-07-26 03:41:20] 2026-07-25 13:39:22 | INFO     | KDClient 0 round 7 local training (epochs=4)
[2026-07-26 03:41:20] 2026-07-25 13:39:36 | INFO     | KDClient 0 round 7 completed (acc=0.5207, n=90)
[2026-07-26 03:41:20] 2026-07-25 13:39:36 | INFO     | KDClient 1 fit round 7 (tier=small)
[2026-07-26 03:41:20] 2026-07-25 13:39:36 | INFO     | KDClient 1 round 7 public KD (epochs=2)
[2026-07-26 03:41:20] 2026-07-25 13:39:52 | INFO     | KDClient 1 round 7 local training (epochs=4)
[2026-07-26 03:41:20] 2026-07-25 13:40:05 | INFO     | KDClient 1 round 7 completed (acc=0.5207, n=90)
[2026-07-26 03:41:20] 2026-07-25 13:40:05 | INFO     | KDClient 2 fit round 7 (tier=small)
[2026-07-26 03:41:20] 2026-07-25 13:40:05 | INFO     | KDClient 2 round 7 public KD (epochs=2)
[2026-07-26 03:41:20] 2026-07-25 13:40:21 | INFO     | KDClient 2 round 7 local training (epochs=4)
[2026-07-26 03:41:20] 2026-07-25 13:40:32 | INFO     | KDClient 2 round 7 completed (acc=0.3261, n=90)
[2026-07-26 03:41:20] 2026-07-25 13:40:32 | INFO     | KDClient 3 fit round 7 (tier=small)
[2026-07-26 03:41:20] 2026-07-25 13:40:32 | INFO     | KDClient 3 round 7 public KD (epochs=2)
[2026-07-26 03:41:20] 2026-07-25 13:40:48 | INFO     | KDClient 3 round 7 local training (epochs=4)
[2026-07-26 03:41:20] 2026-07-25 13:41:04 | INFO     | KDClient 3 round 7 completed (acc=0.5207, n=90)
[2026-07-26 03:41:20] 2026-07-25 13:41:04 | INFO     | KDClient 4 fit round 7 (tier=small)
[2026-07-26 03:41:20] 2026-07-25 13:41:04 | INFO     | KDClient 4 round 7 public KD (epochs=2)
[2026-07-26 03:41:20] 2026-07-25 13:41:20 | INFO     | KDClient 4 round 7 local training (epochs=4)
[2026-07-26 03:41:20] 2026-07-25 13:41:32 | INFO     | KDClient 4 round 7 completed (acc=0.5207, n=90)
[2026-07-26 03:41:20] 2026-07-25 13:41:32 | INFO     | KDClient 5 fit round 7 (tier=small)
[2026-07-26 03:41:20] 2026-07-25 13:41:32 | INFO     | KDClient 5 round 7 public KD (epochs=2)
[2026-07-26 03:41:20] 2026-07-25 13:41:49 | INFO     | KDClient 5 round 7 local training (epochs=4)
[2026-07-26 03:41:20] 2026-07-25 13:42:01 | INFO     | KDClient 5 round 7 completed (acc=0.5207, n=90)
[2026-07-26 03:41:20] 2026-07-25 13:42:01 | INFO     | KDClient 6 fit round 7 (tier=small)
[2026-07-26 03:41:20] 2026-07-25 13:42:01 | INFO     | KDClient 6 round 7 public KD (epochs=2)
[2026-07-26 03:41:20] 2026-07-25 13:42:14 | INFO     | KDClient 6 round 7 local training (epochs=4)
[2026-07-26 03:41:20] 2026-07-25 13:42:23 | INFO     | KDClient 6 round 7 completed (acc=0.5207, n=90)
[2026-07-26 03:41:20] 2026-07-25 13:42:23 | INFO     | KDClient 7 fit round 7 (tier=medium)
[2026-07-26 03:41:20] 2026-07-25 13:42:23 | INFO     | KDClient 7 round 7 public KD (epochs=2)
[2026-07-26 03:41:20] 2026-07-25 13:43:04 | INFO     | KDClient 7 round 7 local training (epochs=4)
[2026-07-26 03:41:20] 2026-07-25 13:43:35 | INFO     | KDClient 7 round 7 completed (acc=0.6523, n=90)
[2026-07-26 03:41:20] 2026-07-25 13:43:35 | INFO     | KDClient 8 fit round 7 (tier=medium)
[2026-07-26 03:41:20] 2026-07-25 13:43:35 | INFO     | KDClient 8 round 7 public KD (epochs=2)
[2026-07-26 03:41:20] 2026-07-25 13:44:11 | INFO     | KDClient 8 round 7 local training (epochs=4)
[2026-07-26 03:41:20] 2026-07-25 13:44:41 | INFO     | KDClient 8 round 7 completed (acc=0.4036, n=90)
[2026-07-26 03:41:20] 2026-07-25 13:44:41 | INFO     | KDClient 9 fit round 7 (tier=medium)
[2026-07-26 03:41:20] 2026-07-25 13:44:41 | INFO     | KDClient 9 round 7 public KD (epochs=2)
[2026-07-26 03:41:20] 2026-07-25 13:45:17 | INFO     | KDClient 9 round 7 local training (epochs=4)
[2026-07-26 03:41:20] 2026-07-25 13:45:45 | INFO     | KDClient 9 round 7 completed (acc=0.6505, n=90)
[2026-07-26 03:41:20] 2026-07-25 13:45:45 | INFO     | KDClient 10 fit round 7 (tier=medium)
[2026-07-26 03:41:20] 2026-07-25 13:45:45 | INFO     | KDClient 10 round 7 public KD (epochs=2)
[2026-07-26 03:41:20] 2026-07-25 13:46:22 | INFO     | KDClient 10 round 7 local training (epochs=4)
[2026-07-26 03:41:20] 2026-07-25 13:46:51 | INFO     | KDClient 10 round 7 completed (acc=0.5802, n=90)
[2026-07-26 03:41:20] 2026-07-25 13:46:51 | INFO     | KDClient 11 fit round 7 (tier=medium)
[2026-07-26 03:41:20] 2026-07-25 13:46:51 | INFO     | KDClient 11 round 7 public KD (epochs=2)
[2026-07-26 03:41:20] 2026-07-25 13:47:31 | INFO     | KDClient 11 round 7 local training (epochs=4)
[2026-07-26 03:41:20] 2026-07-25 13:48:01 | INFO     | KDClient 11 round 7 completed (acc=0.5081, n=90)
[2026-07-26 03:41:20] 2026-07-25 13:48:01 | INFO     | KDClient 12 fit round 7 (tier=medium)
[2026-07-26 03:41:20] 2026-07-25 13:48:01 | INFO     | KDClient 12 round 7 public KD (epochs=2)
[2026-07-26 03:41:20] 2026-07-25 13:48:43 | INFO     | KDClient 12 round 7 local training (epochs=4)
[2026-07-26 03:41:20] 2026-07-25 13:49:19 | INFO     | KDClient 12 round 7 completed (acc=0.3117, n=90)
[2026-07-26 03:41:20] 2026-07-25 13:49:19 | INFO     | KDClient 13 fit round 7 (tier=medium)
[2026-07-26 03:41:20] 2026-07-25 13:49:19 | INFO     | KDClient 13 round 7 public KD (epochs=2)
[2026-07-26 03:41:20] 2026-07-25 13:49:57 | INFO     | KDClient 13 round 7 local training (epochs=4)
[2026-07-26 03:41:20] 2026-07-25 13:50:35 | INFO     | KDClient 13 round 7 completed (acc=0.6523, n=90)
[2026-07-26 03:41:20] 2026-07-25 13:50:35 | INFO     | KDClient 14 fit round 7 (tier=large)
[2026-07-26 03:41:20] 2026-07-25 13:50:35 | INFO     | KDClient 14 round 7 public KD (epochs=2)
[2026-07-26 03:41:20] 2026-07-25 13:51:39 | INFO     | KDClient 14 round 7 local training (epochs=4)
[2026-07-26 03:41:20] 2026-07-25 13:52:32 | INFO     | KDClient 14 round 7 completed (acc=0.6523, n=90)
[2026-07-26 03:41:20] 2026-07-25 13:52:32 | INFO     | KDClient 15 fit round 7 (tier=large)
[2026-07-26 03:41:20] 2026-07-25 13:52:32 | INFO     | KDClient 15 round 7 public KD (epochs=2)
[2026-07-26 03:41:20] 2026-07-25 13:53:37 | INFO     | KDClient 15 round 7 local training (epochs=4)
[2026-07-26 03:41:20] 2026-07-25 13:54:51 | INFO     | KDClient 15 round 7 completed (acc=0.6108, n=90)
[2026-07-26 03:41:20] 2026-07-25 13:54:51 | INFO     | KDClient 16 fit round 7 (tier=large)
[2026-07-26 03:41:20] 2026-07-25 13:54:51 | INFO     | KDClient 16 round 7 public KD (epochs=2)
[2026-07-26 03:41:20] 2026-07-25 13:56:01 | INFO     | KDClient 16 round 7 local training (epochs=4)
[2026-07-26 03:41:20] 2026-07-25 13:57:10 | INFO     | KDClient 16 round 7 completed (acc=0.6541, n=90)
[2026-07-26 03:41:20] 2026-07-25 13:57:10 | INFO     | KDClient 17 fit round 7 (tier=large)
[2026-07-26 03:41:20] 2026-07-25 13:57:10 | INFO     | KDClient 17 round 7 public KD (epochs=2)
[2026-07-26 03:41:20] 2026-07-25 13:58:19 | INFO     | KDClient 17 round 7 local training (epochs=4)
[2026-07-26 03:41:20] 2026-07-25 13:59:23 | INFO     | KDClient 17 round 7 completed (acc=0.6541, n=90)
[2026-07-26 03:41:20] 2026-07-25 13:59:23 | INFO     | KDClient 18 fit round 7 (tier=large)
[2026-07-26 03:41:20] 2026-07-25 13:59:23 | INFO     | KDClient 18 round 7 public KD (epochs=2)
[2026-07-26 03:41:20] 2026-07-25 14:00:24 | INFO     | KDClient 18 round 7 local training (epochs=4)
[2026-07-26 03:41:20] 2026-07-25 14:01:27 | INFO     | KDClient 18 round 7 completed (acc=0.6559, n=90)
[2026-07-26 03:41:20] 2026-07-25 14:01:27 | INFO     | KDClient 19 fit round 7 (tier=large)
[2026-07-26 03:41:20] 2026-07-25 14:01:27 | INFO     | KDClient 19 round 7 public KD (epochs=2)
[2026-07-26 03:41:20] 2026-07-25 14:02:45 | INFO     | KDClient 19 round 7 local training (epochs=4)
[2026-07-26 03:41:20] 2026-07-25 14:03:58 | INFO     | KDClient 19 round 7 completed (acc=0.6559, n=90)
[2026-07-26 03:41:20] 2026-07-25 14:03:58 | INFO     | MKS — IID: round 7/50 aggregated 3 cluster weights
[2026-07-26 03:41:20]   Round   7/50 | Avg: 0.5546 | Min: 0.3117 | Max: 0.6559
[2026-07-26 03:41:20] 2026-07-25 14:03:58 | INFO     | MKS — IID: round 8/50 starting
[2026-07-26 03:41:20] 2026-07-25 14:03:58 | INFO     | KDClient 0 fit round 8 (tier=small)
[2026-07-26 03:41:20] 2026-07-25 14:03:58 | INFO     | KDClient 0 round 8 public KD (epochs=2)
[2026-07-26 03:41:20] 2026-07-25 14:04:14 | INFO     | KDClient 0 round 8 local training (epochs=4)
[2026-07-26 03:41:20] 2026-07-25 14:04:29 | INFO     | KDClient 0 round 8 completed (acc=0.4198, n=90)
[2026-07-26 03:41:20] 2026-07-25 14:04:29 | INFO     | KDClient 1 fit round 8 (tier=small)
[2026-07-26 03:41:20] 2026-07-25 14:04:29 | INFO     | KDClient 1 round 8 public KD (epochs=2)
[2026-07-26 03:41:20] 2026-07-25 14:04:44 | INFO     | KDClient 1 round 8 local training (epochs=4)
[2026-07-26 03:41:20] 2026-07-25 14:04:57 | INFO     | KDClient 1 round 8 completed (acc=0.5207, n=90)
[2026-07-26 03:41:20] 2026-07-25 14:04:57 | INFO     | KDClient 2 fit round 8 (tier=small)
[2026-07-26 03:41:20] 2026-07-25 14:04:57 | INFO     | KDClient 2 round 8 public KD (epochs=2)
[2026-07-26 03:41:20] 2026-07-25 14:05:15 | INFO     | KDClient 2 round 8 local training (epochs=4)
[2026-07-26 03:41:20] 2026-07-25 14:05:28 | INFO     | KDClient 2 round 8 completed (acc=0.8036, n=90)
[2026-07-26 03:41:20] 2026-07-25 14:05:28 | INFO     | KDClient 3 fit round 8 (tier=small)
[2026-07-26 03:41:20] 2026-07-25 14:05:28 | INFO     | KDClient 3 round 8 public KD (epochs=2)
[2026-07-26 03:41:20] 2026-07-25 14:05:41 | INFO     | KDClient 3 round 8 local training (epochs=4)
[2026-07-26 03:41:20] 2026-07-25 14:05:50 | INFO     | KDClient 3 round 8 completed (acc=0.5207, n=90)
[2026-07-26 03:41:20] 2026-07-25 14:05:50 | INFO     | KDClient 4 fit round 8 (tier=small)
[2026-07-26 03:41:20] 2026-07-25 14:05:50 | INFO     | KDClient 4 round 8 public KD (epochs=2)
[2026-07-26 03:41:20] 2026-07-25 14:06:04 | INFO     | KDClient 4 round 8 local training (epochs=4)
[2026-07-26 03:41:20] 2026-07-25 14:06:15 | INFO     | KDClient 4 round 8 completed (acc=0.5207, n=90)
[2026-07-26 03:41:20] 2026-07-25 14:06:15 | INFO     | KDClient 5 fit round 8 (tier=small)
[2026-07-26 03:41:20] 2026-07-25 14:06:15 | INFO     | KDClient 5 round 8 public KD (epochs=2)
[2026-07-26 03:41:20] 2026-07-25 14:06:28 | INFO     | KDClient 5 round 8 local training (epochs=4)
[2026-07-26 03:41:20] 2026-07-25 14:06:39 | INFO     | KDClient 5 round 8 completed (acc=0.3261, n=90)
[2026-07-26 03:41:20] 2026-07-25 14:06:39 | INFO     | KDClient 6 fit round 8 (tier=small)
[2026-07-26 03:41:20] 2026-07-25 14:06:39 | INFO     | KDClient 6 round 8 public KD (epochs=2)
[2026-07-26 03:41:20] 2026-07-25 14:06:52 | INFO     | KDClient 6 round 8 local training (epochs=4)
[2026-07-26 03:41:20] 2026-07-25 14:07:06 | INFO     | KDClient 6 round 8 completed (acc=0.5207, n=90)
[2026-07-26 03:41:20] 2026-07-25 14:07:06 | INFO     | KDClient 7 fit round 8 (tier=medium)
[2026-07-26 03:41:20] 2026-07-25 14:07:06 | INFO     | KDClient 7 round 8 public KD (epochs=2)
[2026-07-26 03:41:20] 2026-07-25 14:07:47 | INFO     | KDClient 7 round 8 local training (epochs=4)
[2026-07-26 03:41:20] 2026-07-25 14:08:16 | INFO     | KDClient 7 round 8 completed (acc=0.6505, n=90)
[2026-07-26 03:41:20] 2026-07-25 14:08:16 | INFO     | KDClient 8 fit round 8 (tier=medium)
[2026-07-26 03:41:20] 2026-07-25 14:08:16 | INFO     | KDClient 8 round 8 public KD (epochs=2)
[2026-07-26 03:41:20] 2026-07-25 14:08:51 | INFO     | KDClient 8 round 8 local training (epochs=4)
[2026-07-26 03:41:20] 2026-07-25 14:09:20 | INFO     | KDClient 8 round 8 completed (acc=0.6505, n=90)
[2026-07-26 03:41:20] 2026-07-25 14:09:20 | INFO     | KDClient 9 fit round 8 (tier=medium)
[2026-07-26 03:41:20] 2026-07-25 14:09:20 | INFO     | KDClient 9 round 8 public KD (epochs=2)
[2026-07-26 03:41:20] 2026-07-25 14:09:57 | INFO     | KDClient 9 round 8 local training (epochs=4)
[2026-07-26 03:41:20] 2026-07-25 14:10:27 | INFO     | KDClient 9 round 8 completed (acc=0.6523, n=90)
[2026-07-26 03:41:20] 2026-07-25 14:10:27 | INFO     | KDClient 10 fit round 8 (tier=medium)
[2026-07-26 03:41:20] 2026-07-25 14:10:27 | INFO     | KDClient 10 round 8 public KD (epochs=2)
[2026-07-26 03:41:20] 2026-07-25 14:11:05 | INFO     | KDClient 10 round 8 local training (epochs=4)
[2026-07-26 03:41:20] 2026-07-25 14:11:36 | INFO     | KDClient 10 round 8 completed (acc=0.6865, n=90)
[2026-07-26 03:41:20] 2026-07-25 14:11:36 | INFO     | KDClient 11 fit round 8 (tier=medium)
[2026-07-26 03:41:20] 2026-07-25 14:11:36 | INFO     | KDClient 11 round 8 public KD (epochs=2)
[2026-07-26 03:41:20] 2026-07-25 14:12:16 | INFO     | KDClient 11 round 8 local training (epochs=4)
[2026-07-26 03:41:20] 2026-07-25 14:12:53 | INFO     | KDClient 11 round 8 completed (acc=0.5081, n=90)
[2026-07-26 03:41:20] 2026-07-25 14:12:53 | INFO     | KDClient 12 fit round 8 (tier=medium)
[2026-07-26 03:41:20] 2026-07-25 14:12:53 | INFO     | KDClient 12 round 8 public KD (epochs=2)
[2026-07-26 03:41:20] 2026-07-25 14:13:37 | INFO     | KDClient 12 round 8 local training (epochs=4)
[2026-07-26 03:41:20] 2026-07-25 14:14:05 | INFO     | KDClient 12 round 8 completed (acc=0.5459, n=90)
[2026-07-26 03:41:20] 2026-07-25 14:14:05 | INFO     | KDClient 13 fit round 8 (tier=medium)
[2026-07-26 03:41:20] 2026-07-25 14:14:05 | INFO     | KDClient 13 round 8 public KD (epochs=2)
[2026-07-26 03:41:20] 2026-07-25 14:14:53 | INFO     | KDClient 13 round 8 local training (epochs=4)
[2026-07-26 03:41:20] 2026-07-25 14:15:28 | INFO     | KDClient 13 round 8 completed (acc=0.6414, n=90)
[2026-07-26 03:41:20] 2026-07-25 14:15:28 | INFO     | KDClient 14 fit round 8 (tier=large)
[2026-07-26 03:41:20] 2026-07-25 14:15:28 | INFO     | KDClient 14 round 8 public KD (epochs=2)
[2026-07-26 03:41:20] 2026-07-25 14:16:34 | INFO     | KDClient 14 round 8 local training (epochs=4)
[2026-07-26 03:41:20] 2026-07-25 14:17:40 | INFO     | KDClient 14 round 8 completed (acc=0.3261, n=90)
[2026-07-26 03:41:20] 2026-07-25 14:17:40 | INFO     | KDClient 15 fit round 8 (tier=large)
[2026-07-26 03:41:20] 2026-07-25 14:17:40 | INFO     | KDClient 15 round 8 public KD (epochs=2)
[2026-07-26 03:41:20] 2026-07-25 14:18:54 | INFO     | KDClient 15 round 8 local training (epochs=4)
[2026-07-26 03:41:20] 2026-07-25 14:19:43 | INFO     | KDClient 15 round 8 completed (acc=0.3279, n=90)
[2026-07-26 03:41:20] 2026-07-25 14:19:43 | INFO     | KDClient 16 fit round 8 (tier=large)
[2026-07-26 03:41:20] 2026-07-25 14:19:43 | INFO     | KDClient 16 round 8 public KD (epochs=2)
[2026-07-26 03:41:20] 2026-07-25 14:20:58 | INFO     | KDClient 16 round 8 local training (epochs=4)
[2026-07-26 03:41:20] 2026-07-25 14:22:04 | INFO     | KDClient 16 round 8 completed (acc=0.6523, n=90)
[2026-07-26 03:41:20] 2026-07-25 14:22:04 | INFO     | KDClient 17 fit round 8 (tier=large)
[2026-07-26 03:41:20] 2026-07-25 14:22:04 | INFO     | KDClient 17 round 8 public KD (epochs=2)
[2026-07-26 03:41:20] 2026-07-25 14:23:22 | INFO     | KDClient 17 round 8 local training (epochs=4)
[2026-07-26 03:41:20] 2026-07-25 14:24:23 | INFO     | KDClient 17 round 8 completed (acc=0.3261, n=90)
[2026-07-26 03:41:20] 2026-07-25 14:24:23 | INFO     | KDClient 18 fit round 8 (tier=large)
[2026-07-26 03:41:20] 2026-07-25 14:24:23 | INFO     | KDClient 18 round 8 public KD (epochs=2)
[2026-07-26 03:41:20] 2026-07-25 14:25:31 | INFO     | KDClient 18 round 8 local training (epochs=4)
[2026-07-26 03:41:20] 2026-07-25 14:26:26 | INFO     | KDClient 18 round 8 completed (acc=0.3261, n=90)
[2026-07-26 03:41:20] 2026-07-25 14:26:26 | INFO     | KDClient 19 fit round 8 (tier=large)
[2026-07-26 03:41:20] 2026-07-25 14:26:26 | INFO     | KDClient 19 round 8 public KD (epochs=2)
[2026-07-26 03:41:20] 2026-07-25 14:27:38 | INFO     | KDClient 19 round 8 local training (epochs=4)
[2026-07-26 03:41:20] 2026-07-25 14:28:43 | INFO     | KDClient 19 round 8 completed (acc=0.5207, n=90)
[2026-07-26 03:41:20] 2026-07-25 14:28:43 | INFO     | MKS — IID: round 8/50 aggregated 3 cluster weights
[2026-07-26 03:41:20]   Round   8/50 | Avg: 0.5223 | Min: 0.3261 | Max: 0.8036
[2026-07-26 03:41:20] 2026-07-25 14:28:43 | INFO     | MKS — IID: round 9/50 starting
[2026-07-26 03:41:20] 2026-07-25 14:28:43 | INFO     | KDClient 0 fit round 9 (tier=small)
[2026-07-26 03:41:20] 2026-07-25 14:28:43 | INFO     | KDClient 0 round 9 public KD (epochs=2)
[2026-07-26 03:41:20] 2026-07-25 14:28:57 | INFO     | KDClient 0 round 9 local training (epochs=4)
[2026-07-26 03:41:20] 2026-07-25 14:29:11 | INFO     | KDClient 0 round 9 completed (acc=0.5207, n=90)
[2026-07-26 03:41:20] 2026-07-25 14:29:11 | INFO     | KDClient 1 fit round 9 (tier=small)
[2026-07-26 03:41:20] 2026-07-25 14:29:11 | INFO     | KDClient 1 round 9 public KD (epochs=2)
[2026-07-26 03:41:20] 2026-07-25 14:29:26 | INFO     | KDClient 1 round 9 local training (epochs=4)
[2026-07-26 03:41:20] 2026-07-25 14:29:39 | INFO     | KDClient 1 round 9 completed (acc=0.5207, n=90)
[2026-07-26 03:41:20] 2026-07-25 14:29:39 | INFO     | KDClient 2 fit round 9 (tier=small)
[2026-07-26 03:41:20] 2026-07-25 14:29:39 | INFO     | KDClient 2 round 9 public KD (epochs=2)
[2026-07-26 03:41:20] 2026-07-25 14:29:52 | INFO     | KDClient 2 round 9 local training (epochs=4)
[2026-07-26 03:41:20] 2026-07-25 14:30:07 | INFO     | KDClient 2 round 9 completed (acc=0.6523, n=90)
[2026-07-26 03:41:20] 2026-07-25 14:30:07 | INFO     | KDClient 3 fit round 9 (tier=small)
[2026-07-26 03:41:20] 2026-07-25 14:30:07 | INFO     | KDClient 3 round 9 public KD (epochs=2)
[2026-07-26 03:41:20] 2026-07-25 14:30:20 | INFO     | KDClient 3 round 9 local training (epochs=4)
[2026-07-26 03:41:20] 2026-07-25 14:30:31 | INFO     | KDClient 3 round 9 completed (acc=0.5225, n=90)
[2026-07-26 03:41:20] 2026-07-25 14:30:31 | INFO     | KDClient 4 fit round 9 (tier=small)
[2026-07-26 03:41:20] 2026-07-25 14:30:31 | INFO     | KDClient 4 round 9 public KD (epochs=2)
[2026-07-26 03:41:20] 2026-07-25 14:30:48 | INFO     | KDClient 4 round 9 local training (epochs=4)
[2026-07-26 03:41:20] 2026-07-25 14:30:58 | INFO     | KDClient 4 round 9 completed (acc=0.5207, n=90)
[2026-07-26 03:41:20] 2026-07-25 14:30:58 | INFO     | KDClient 5 fit round 9 (tier=small)
[2026-07-26 03:41:20] 2026-07-25 14:30:58 | INFO     | KDClient 5 round 9 public KD (epochs=2)
[2026-07-26 03:41:20] 2026-07-25 14:31:11 | INFO     | KDClient 5 round 9 local training (epochs=4)
[2026-07-26 03:41:20] 2026-07-25 14:31:23 | INFO     | KDClient 5 round 9 completed (acc=0.5207, n=90)
[2026-07-26 03:41:20] 2026-07-25 14:31:23 | INFO     | KDClient 6 fit round 9 (tier=small)
[2026-07-26 03:41:20] 2026-07-25 14:31:23 | INFO     | KDClient 6 round 9 public KD (epochs=2)
[2026-07-26 03:41:20] 2026-07-25 14:31:40 | INFO     | KDClient 6 round 9 local training (epochs=4)
[2026-07-26 03:41:20] 2026-07-25 14:31:51 | INFO     | KDClient 6 round 9 completed (acc=0.5207, n=90)
[2026-07-26 03:41:20] 2026-07-25 14:31:51 | INFO     | KDClient 7 fit round 9 (tier=medium)
[2026-07-26 03:41:20] 2026-07-25 14:31:51 | INFO     | KDClient 7 round 9 public KD (epochs=2)
[2026-07-26 03:41:20] 2026-07-25 14:32:32 | INFO     | KDClient 7 round 9 local training (epochs=4)
[2026-07-26 03:41:20] 2026-07-25 14:33:06 | INFO     | KDClient 7 round 9 completed (acc=0.6288, n=90)
[2026-07-26 03:41:20] 2026-07-25 14:33:06 | INFO     | KDClient 8 fit round 9 (tier=medium)
[2026-07-26 03:41:20] 2026-07-25 14:33:06 | INFO     | KDClient 8 round 9 public KD (epochs=2)
[2026-07-26 03:41:20] 2026-07-25 14:33:41 | INFO     | KDClient 8 round 9 local training (epochs=4)
[2026-07-26 03:41:20] 2026-07-25 14:34:08 | INFO     | KDClient 8 round 9 completed (acc=0.6450, n=90)
[2026-07-26 03:41:20] 2026-07-25 14:34:08 | INFO     | KDClient 9 fit round 9 (tier=medium)
[2026-07-26 03:41:20] 2026-07-25 14:34:08 | INFO     | KDClient 9 round 9 public KD (epochs=2)
[2026-07-26 03:41:20] 2026-07-25 14:34:45 | INFO     | KDClient 9 round 9 local training (epochs=4)
[2026-07-26 03:41:20] 2026-07-25 14:35:11 | INFO     | KDClient 9 round 9 completed (acc=0.6541, n=90)
[2026-07-26 03:41:20] 2026-07-25 14:35:11 | INFO     | KDClient 10 fit round 9 (tier=medium)
[2026-07-26 03:41:20] 2026-07-25 14:35:11 | INFO     | KDClient 10 round 9 public KD (epochs=2)
[2026-07-26 03:41:20] 2026-07-25 14:35:48 | INFO     | KDClient 10 round 9 local training (epochs=4)
[2026-07-26 03:41:20] 2026-07-25 14:36:25 | INFO     | KDClient 10 round 9 completed (acc=0.6523, n=90)
[2026-07-26 03:41:20] 2026-07-25 14:36:25 | INFO     | KDClient 11 fit round 9 (tier=medium)
[2026-07-26 03:41:20] 2026-07-25 14:36:25 | INFO     | KDClient 11 round 9 public KD (epochs=2)
[2026-07-26 03:41:20] 2026-07-25 14:37:09 | INFO     | KDClient 11 round 9 local training (epochs=4)
[2026-07-26 03:41:20] 2026-07-25 14:37:42 | INFO     | KDClient 11 round 9 completed (acc=0.6486, n=90)
[2026-07-26 03:41:20] 2026-07-25 14:37:42 | INFO     | KDClient 12 fit round 9 (tier=medium)
[2026-07-26 03:41:20] 2026-07-25 14:37:42 | INFO     | KDClient 12 round 9 public KD (epochs=2)
[2026-07-26 03:41:20] 2026-07-25 14:38:27 | INFO     | KDClient 12 round 9 local training (epochs=4)
[2026-07-26 03:41:20] 2026-07-25 14:39:09 | INFO     | KDClient 12 round 9 completed (acc=0.6883, n=90)
[2026-07-26 03:41:20] 2026-07-25 14:39:09 | INFO     | KDClient 13 fit round 9 (tier=medium)
[2026-07-26 03:41:20] 2026-07-25 14:39:09 | INFO     | KDClient 13 round 9 public KD (epochs=2)
[2026-07-26 03:41:20] 2026-07-25 14:40:14 | INFO     | KDClient 13 round 9 local training (epochs=4)
[2026-07-26 03:41:20] 2026-07-25 14:40:55 | INFO     | KDClient 13 round 9 completed (acc=0.6523, n=90)
[2026-07-26 03:41:20] 2026-07-25 14:40:55 | INFO     | KDClient 14 fit round 9 (tier=large)
[2026-07-26 03:41:20] 2026-07-25 14:40:55 | INFO     | KDClient 14 round 9 public KD (epochs=2)
[2026-07-26 03:41:20] 2026-07-25 14:41:57 | INFO     | KDClient 14 round 9 local training (epochs=4)
[2026-07-26 03:41:20] 2026-07-25 14:43:05 | INFO     | KDClient 14 round 9 completed (acc=0.5856, n=90)
[2026-07-26 03:41:20] 2026-07-25 14:43:05 | INFO     | KDClient 15 fit round 9 (tier=large)
[2026-07-26 03:41:20] 2026-07-25 14:43:05 | INFO     | KDClient 15 round 9 public KD (epochs=2)
[2026-07-26 03:41:20] 2026-07-25 14:44:22 | INFO     | KDClient 15 round 9 local training (epochs=4)
[2026-07-26 03:41:20] 2026-07-25 14:45:23 | INFO     | KDClient 15 round 9 completed (acc=0.5225, n=90)
[2026-07-26 03:41:20] 2026-07-25 14:45:23 | INFO     | KDClient 16 fit round 9 (tier=large)
[2026-07-26 03:41:20] 2026-07-25 14:45:23 | INFO     | KDClient 16 round 9 public KD (epochs=2)
[2026-07-26 03:41:20] 2026-07-25 14:46:33 | INFO     | KDClient 16 round 9 local training (epochs=4)
[2026-07-26 03:41:20] 2026-07-25 14:47:50 | INFO     | KDClient 16 round 9 completed (acc=0.3622, n=90)
[2026-07-26 03:41:20] 2026-07-25 14:47:50 | INFO     | KDClient 17 fit round 9 (tier=large)
[2026-07-26 03:41:20] 2026-07-25 14:47:50 | INFO     | KDClient 17 round 9 public KD (epochs=2)
[2026-07-26 03:41:20] 2026-07-25 14:49:05 | INFO     | KDClient 17 round 9 local training (epochs=4)
[2026-07-26 03:41:20] 2026-07-25 14:49:59 | INFO     | KDClient 17 round 9 completed (acc=0.3261, n=90)
[2026-07-26 03:41:20] 2026-07-25 14:49:59 | INFO     | KDClient 18 fit round 9 (tier=large)
[2026-07-26 03:41:20] 2026-07-25 14:49:59 | INFO     | KDClient 18 round 9 public KD (epochs=2)
[2026-07-26 03:41:20] 2026-07-25 14:51:07 | INFO     | KDClient 18 round 9 local training (epochs=4)
[2026-07-26 03:41:20] 2026-07-25 14:52:06 | INFO     | KDClient 18 round 9 completed (acc=0.3261, n=90)
[2026-07-26 03:41:20] 2026-07-25 14:52:06 | INFO     | KDClient 19 fit round 9 (tier=large)
[2026-07-26 03:41:20] 2026-07-25 14:52:06 | INFO     | KDClient 19 round 9 public KD (epochs=2)
[2026-07-26 03:41:20] 2026-07-25 14:53:18 | INFO     | KDClient 19 round 9 local training (epochs=4)
[2026-07-26 03:41:20] 2026-07-25 14:54:18 | INFO     | KDClient 19 round 9 completed (acc=0.4883, n=90)
[2026-07-26 03:41:20] 2026-07-25 14:54:18 | INFO     | MKS — IID: round 9/50 aggregated 3 cluster weights
[2026-07-26 03:41:20]   Round   9/50 | Avg: 0.5479 | Min: 0.3261 | Max: 0.6883
[2026-07-26 03:41:20] 2026-07-25 14:54:18 | INFO     | MKS — IID: round 10/50 starting
[2026-07-26 03:41:20] 2026-07-25 14:54:18 | INFO     | KDClient 0 fit round 10 (tier=small)
[2026-07-26 03:41:20] 2026-07-25 14:54:18 | INFO     | KDClient 0 round 10 public KD (epochs=2)
[2026-07-26 03:41:20] 2026-07-25 14:54:31 | INFO     | KDClient 0 round 10 local training (epochs=4)
[2026-07-26 03:41:20] 2026-07-25 14:54:43 | INFO     | KDClient 0 round 10 completed (acc=0.6973, n=90)
[2026-07-26 03:41:20] 2026-07-25 14:54:43 | INFO     | KDClient 1 fit round 10 (tier=small)
[2026-07-26 03:41:20] 2026-07-25 14:54:43 | INFO     | KDClient 1 round 10 public KD (epochs=2)
[2026-07-26 03:41:20] 2026-07-25 14:55:00 | INFO     | KDClient 1 round 10 local training (epochs=4)
[2026-07-26 03:41:20] 2026-07-25 14:55:12 | INFO     | KDClient 1 round 10 completed (acc=0.5207, n=90)
[2026-07-26 03:41:20] 2026-07-25 14:55:12 | INFO     | KDClient 2 fit round 10 (tier=small)
[2026-07-26 03:41:20] 2026-07-25 14:55:12 | INFO     | KDClient 2 round 10 public KD (epochs=2)
[2026-07-26 03:41:20] 2026-07-25 14:55:25 | INFO     | KDClient 2 round 10 local training (epochs=4)
[2026-07-26 03:41:20] 2026-07-25 14:55:37 | INFO     | KDClient 2 round 10 completed (acc=0.6523, n=90)
[2026-07-26 03:41:20] 2026-07-25 14:55:37 | INFO     | KDClient 3 fit round 10 (tier=small)
[2026-07-26 03:41:20] 2026-07-25 14:55:37 | INFO     | KDClient 3 round 10 public KD (epochs=2)
[2026-07-26 03:41:20] 2026-07-25 14:55:49 | INFO     | KDClient 3 round 10 local training (epochs=4)
[2026-07-26 03:41:20] 2026-07-25 14:56:01 | INFO     | KDClient 3 round 10 completed (acc=0.5207, n=90)
[2026-07-26 03:41:20] 2026-07-25 14:56:01 | INFO     | KDClient 4 fit round 10 (tier=small)
[2026-07-26 03:41:20] 2026-07-25 14:56:01 | INFO     | KDClient 4 round 10 public KD (epochs=2)
[2026-07-26 03:41:20] 2026-07-25 14:56:16 | INFO     | KDClient 4 round 10 local training (epochs=4)
[2026-07-26 03:41:20] 2026-07-25 14:56:28 | INFO     | KDClient 4 round 10 completed (acc=0.5207, n=90)
[2026-07-26 03:41:20] 2026-07-25 14:56:28 | INFO     | KDClient 5 fit round 10 (tier=small)
[2026-07-26 03:41:20] 2026-07-25 14:56:28 | INFO     | KDClient 5 round 10 public KD (epochs=2)
[2026-07-26 03:41:20] 2026-07-25 14:56:40 | INFO     | KDClient 5 round 10 local training (epochs=4)
[2026-07-26 03:41:20] 2026-07-25 14:56:52 | INFO     | KDClient 5 round 10 completed (acc=0.5207, n=90)
[2026-07-26 03:41:20] 2026-07-25 14:56:52 | INFO     | KDClient 6 fit round 10 (tier=small)
[2026-07-26 03:41:20] 2026-07-25 14:56:52 | INFO     | KDClient 6 round 10 public KD (epochs=2)
[2026-07-26 03:41:20] 2026-07-25 14:57:05 | INFO     | KDClient 6 round 10 local training (epochs=4)
[2026-07-26 03:41:20] 2026-07-25 14:57:21 | INFO     | KDClient 6 round 10 completed (acc=0.5207, n=90)
[2026-07-26 03:41:20] 2026-07-25 14:57:21 | INFO     | KDClient 7 fit round 10 (tier=medium)
[2026-07-26 03:41:20] 2026-07-25 14:57:21 | INFO     | KDClient 7 round 10 public KD (epochs=2)
[2026-07-26 03:41:20] 2026-07-25 14:58:02 | INFO     | KDClient 7 round 10 local training (epochs=4)
[2026-07-26 03:41:20] 2026-07-25 14:58:29 | INFO     | KDClient 7 round 10 completed (acc=0.6721, n=90)
[2026-07-26 03:41:20] 2026-07-25 14:58:29 | INFO     | KDClient 8 fit round 10 (tier=medium)
[2026-07-26 03:41:20] 2026-07-25 14:58:29 | INFO     | KDClient 8 round 10 public KD (epochs=2)
[2026-07-26 03:41:20] 2026-07-25 14:59:05 | INFO     | KDClient 8 round 10 local training (epochs=4)
[2026-07-26 03:41:20] 2026-07-25 14:59:32 | INFO     | KDClient 8 round 10 completed (acc=0.6523, n=90)
[2026-07-26 03:41:20] 2026-07-25 14:59:32 | INFO     | KDClient 9 fit round 10 (tier=medium)
[2026-07-26 03:41:20] 2026-07-25 14:59:32 | INFO     | KDClient 9 round 10 public KD (epochs=2)
[2026-07-26 03:41:20] 2026-07-25 15:00:08 | INFO     | KDClient 9 round 10 local training (epochs=4)
[2026-07-26 03:41:20] 2026-07-25 15:00:38 | INFO     | KDClient 9 round 10 completed (acc=0.6523, n=90)
[2026-07-26 03:41:20] 2026-07-25 15:00:38 | INFO     | KDClient 10 fit round 10 (tier=medium)
[2026-07-26 03:41:20] 2026-07-25 15:00:38 | INFO     | KDClient 10 round 10 public KD (epochs=2)
[2026-07-26 03:41:20] 2026-07-25 15:01:23 | INFO     | KDClient 10 round 10 local training (epochs=4)
[2026-07-26 03:41:20] 2026-07-25 15:01:53 | INFO     | KDClient 10 round 10 completed (acc=0.6342, n=90)
[2026-07-26 03:41:20] 2026-07-25 15:01:53 | INFO     | KDClient 11 fit round 10 (tier=medium)
[2026-07-26 03:41:20] 2026-07-25 15:01:53 | INFO     | KDClient 11 round 10 public KD (epochs=2)
[2026-07-26 03:41:20] 2026-07-25 15:02:41 | INFO     | KDClient 11 round 10 local training (epochs=4)
[2026-07-26 03:41:20] 2026-07-25 15:03:17 | INFO     | KDClient 11 round 10 completed (acc=0.6577, n=90)
[2026-07-26 03:41:20] 2026-07-25 15:03:17 | INFO     | KDClient 12 fit round 10 (tier=medium)
[2026-07-26 03:41:20] 2026-07-25 15:03:17 | INFO     | KDClient 12 round 10 public KD (epochs=2)
[2026-07-26 03:41:20] 2026-07-25 15:04:02 | INFO     | KDClient 12 round 10 local training (epochs=4)
[2026-07-26 03:41:20] 2026-07-25 15:04:38 | INFO     | KDClient 12 round 10 completed (acc=0.7207, n=90)
[2026-07-26 03:41:20] 2026-07-25 15:04:38 | INFO     | KDClient 13 fit round 10 (tier=medium)
[2026-07-26 03:41:20] 2026-07-25 15:04:38 | INFO     | KDClient 13 round 10 public KD (epochs=2)
[2026-07-26 03:41:20] 2026-07-25 15:05:44 | INFO     | KDClient 13 round 10 local training (epochs=4)
[2026-07-26 03:41:20] 2026-07-25 15:06:17 | INFO     | KDClient 13 round 10 completed (acc=0.6541, n=90)
[2026-07-26 03:41:20] 2026-07-25 15:06:17 | INFO     | KDClient 14 fit round 10 (tier=large)
[2026-07-26 03:41:20] 2026-07-25 15:06:17 | INFO     | KDClient 14 round 10 public KD (epochs=2)
[2026-07-26 03:41:20] 2026-07-25 15:07:23 | INFO     | KDClient 14 round 10 local training (epochs=4)
[2026-07-26 03:41:20] 2026-07-25 15:08:22 | INFO     | KDClient 14 round 10 completed (acc=0.6505, n=90)
[2026-07-26 03:41:20] 2026-07-25 15:08:22 | INFO     | KDClient 15 fit round 10 (tier=large)
[2026-07-26 03:41:20] 2026-07-25 15:08:22 | INFO     | KDClient 15 round 10 public KD (epochs=2)
[2026-07-26 03:41:20] 2026-07-25 15:09:31 | INFO     | KDClient 15 round 10 local training (epochs=4)
[2026-07-26 03:41:20] 2026-07-25 15:10:22 | INFO     | KDClient 15 round 10 completed (acc=0.7189, n=90)
[2026-07-26 03:41:20] 2026-07-25 15:10:22 | INFO     | KDClient 16 fit round 10 (tier=large)
[2026-07-26 03:41:20] 2026-07-25 15:10:22 | INFO     | KDClient 16 round 10 public KD (epochs=2)
[2026-07-26 03:41:20] 2026-07-25 15:11:36 | INFO     | KDClient 16 round 10 local training (epochs=4)
[2026-07-26 03:41:20] 2026-07-25 15:12:34 | INFO     | KDClient 16 round 10 completed (acc=0.6523, n=90)
[2026-07-26 03:41:20] 2026-07-25 15:12:34 | INFO     | KDClient 17 fit round 10 (tier=large)
[2026-07-26 03:41:20] 2026-07-25 15:12:34 | INFO     | KDClient 17 round 10 public KD (epochs=2)
[2026-07-26 03:41:20] 2026-07-25 15:13:49 | INFO     | KDClient 17 round 10 local training (epochs=4)
[2026-07-26 03:41:20] 2026-07-25 15:14:50 | INFO     | KDClient 17 round 10 completed (acc=0.6595, n=90)
[2026-07-26 03:41:20] 2026-07-25 15:14:50 | INFO     | KDClient 18 fit round 10 (tier=large)
[2026-07-26 03:41:20] 2026-07-25 15:14:50 | INFO     | KDClient 18 round 10 public KD (epochs=2)
[2026-07-26 03:41:20] 2026-07-25 15:15:59 | INFO     | KDClient 18 round 10 local training (epochs=4)
[2026-07-26 03:41:20] 2026-07-25 15:17:08 | INFO     | KDClient 18 round 10 completed (acc=0.6559, n=90)
[2026-07-26 03:41:20] 2026-07-25 15:17:08 | INFO     | KDClient 19 fit round 10 (tier=large)
[2026-07-26 03:41:20] 2026-07-25 15:17:08 | INFO     | KDClient 19 round 10 public KD (epochs=2)
[2026-07-26 03:41:20] 2026-07-25 15:18:08 | INFO     | KDClient 19 round 10 local training (epochs=4)
[2026-07-26 03:41:20] 2026-07-25 15:18:55 | INFO     | KDClient 19 round 10 completed (acc=0.5207, n=90)
[2026-07-26 03:41:20] 2026-07-25 15:18:55 | INFO     | MKS — IID: round 10/50 aggregated 3 cluster weights
[2026-07-26 03:41:20]   Round  10/50 | Avg: 0.6227 | Min: 0.5207 | Max: 0.7207
[2026-07-26 03:41:20] 2026-07-25 15:18:55 | INFO     | MKS — IID: round 11/50 starting
[2026-07-26 03:41:20] 2026-07-25 15:18:55 | INFO     | KDClient 0 fit round 11 (tier=small)
[2026-07-26 03:41:20] 2026-07-25 15:18:55 | INFO     | KDClient 0 round 11 public KD (epochs=2)
[2026-07-26 03:41:20] 2026-07-25 15:19:08 | INFO     | KDClient 0 round 11 local training (epochs=4)
[2026-07-26 03:41:20] 2026-07-25 15:19:20 | INFO     | KDClient 0 round 11 completed (acc=0.5207, n=90)
[2026-07-26 03:41:20] 2026-07-25 15:19:20 | INFO     | KDClient 1 fit round 11 (tier=small)
[2026-07-26 03:41:20] 2026-07-25 15:19:20 | INFO     | KDClient 1 round 11 public KD (epochs=2)
[2026-07-26 03:41:20] 2026-07-25 15:19:38 | INFO     | KDClient 1 round 11 local training (epochs=4)
[2026-07-26 03:41:20] 2026-07-25 15:19:50 | INFO     | KDClient 1 round 11 completed (acc=0.5207, n=90)
[2026-07-26 03:41:20] 2026-07-25 15:19:50 | INFO     | KDClient 2 fit round 11 (tier=small)
[2026-07-26 03:41:20] 2026-07-25 15:19:50 | INFO     | KDClient 2 round 11 public KD (epochs=2)
[2026-07-26 03:41:20] 2026-07-25 15:20:02 | INFO     | KDClient 2 round 11 local training (epochs=4)
[2026-07-26 03:41:20] 2026-07-25 15:20:14 | INFO     | KDClient 2 round 11 completed (acc=0.6559, n=90)
[2026-07-26 03:41:20] 2026-07-25 15:20:14 | INFO     | KDClient 3 fit round 11 (tier=small)
[2026-07-26 03:41:20] 2026-07-25 15:20:14 | INFO     | KDClient 3 round 11 public KD (epochs=2)
[2026-07-26 03:41:20] 2026-07-25 15:20:28 | INFO     | KDClient 3 round 11 local training (epochs=4)
[2026-07-26 03:41:20] 2026-07-25 15:20:42 | INFO     | KDClient 3 round 11 completed (acc=0.6523, n=90)
[2026-07-26 03:41:20] 2026-07-25 15:20:42 | INFO     | KDClient 4 fit round 11 (tier=small)
[2026-07-26 03:41:20] 2026-07-25 15:20:42 | INFO     | KDClient 4 round 11 public KD (epochs=2)
[2026-07-26 03:41:20] 2026-07-25 15:20:54 | INFO     | KDClient 4 round 11 local training (epochs=4)
[2026-07-26 03:41:20] 2026-07-25 15:21:05 | INFO     | KDClient 4 round 11 completed (acc=0.5207, n=90)
[2026-07-26 03:41:20] 2026-07-25 15:21:05 | INFO     | KDClient 5 fit round 11 (tier=small)
[2026-07-26 03:41:20] 2026-07-25 15:21:05 | INFO     | KDClient 5 round 11 public KD (epochs=2)
[2026-07-26 03:41:20] 2026-07-25 15:21:18 | INFO     | KDClient 5 round 11 local training (epochs=4)
[2026-07-26 03:41:20] 2026-07-25 15:21:31 | INFO     | KDClient 5 round 11 completed (acc=0.5207, n=90)
[2026-07-26 03:41:20] 2026-07-25 15:21:31 | INFO     | KDClient 6 fit round 11 (tier=small)
[2026-07-26 03:41:20] 2026-07-25 15:21:31 | INFO     | KDClient 6 round 11 public KD (epochs=2)
[2026-07-26 03:41:20] 2026-07-25 15:21:44 | INFO     | KDClient 6 round 11 local training (epochs=4)
[2026-07-26 03:41:20] 2026-07-25 15:21:56 | INFO     | KDClient 6 round 11 completed (acc=0.5207, n=90)
[2026-07-26 03:41:20] 2026-07-25 15:21:56 | INFO     | KDClient 7 fit round 11 (tier=medium)
[2026-07-26 03:41:20] 2026-07-25 15:21:56 | INFO     | KDClient 7 round 11 public KD (epochs=2)
[2026-07-26 03:41:20] 2026-07-25 15:22:38 | INFO     | KDClient 7 round 11 local training (epochs=4)
[2026-07-26 03:41:20] 2026-07-25 15:23:10 | INFO     | KDClient 7 round 11 completed (acc=0.6577, n=90)
[2026-07-26 03:41:20] 2026-07-25 15:23:10 | INFO     | KDClient 8 fit round 11 (tier=medium)
[2026-07-26 03:41:20] 2026-07-25 15:23:10 | INFO     | KDClient 8 round 11 public KD (epochs=2)
[2026-07-26 03:41:20] 2026-07-25 15:23:45 | INFO     | KDClient 8 round 11 local training (epochs=4)
[2026-07-26 03:41:20] 2026-07-25 15:24:14 | INFO     | KDClient 8 round 11 completed (acc=0.6541, n=90)
[2026-07-26 03:41:20] 2026-07-25 15:24:14 | INFO     | KDClient 9 fit round 11 (tier=medium)
[2026-07-26 03:41:20] 2026-07-25 15:24:14 | INFO     | KDClient 9 round 11 public KD (epochs=2)
[2026-07-26 03:41:20] 2026-07-25 15:24:51 | INFO     | KDClient 9 round 11 local training (epochs=4)
[2026-07-26 03:41:20] 2026-07-25 15:25:22 | INFO     | KDClient 9 round 11 completed (acc=0.6559, n=90)
[2026-07-26 03:41:20] 2026-07-25 15:25:22 | INFO     | KDClient 10 fit round 11 (tier=medium)
[2026-07-26 03:41:20] 2026-07-25 15:25:22 | INFO     | KDClient 10 round 11 public KD (epochs=2)
[2026-07-26 03:41:20] 2026-07-25 15:26:02 | INFO     | KDClient 10 round 11 local training (epochs=4)
[2026-07-26 03:41:20] 2026-07-25 15:26:36 | INFO     | KDClient 10 round 11 completed (acc=0.6847, n=90)
[2026-07-26 03:41:20] 2026-07-25 15:26:36 | INFO     | KDClient 11 fit round 11 (tier=medium)
[2026-07-26 03:41:20] 2026-07-25 15:26:36 | INFO     | KDClient 11 round 11 public KD (epochs=2)
[2026-07-26 03:41:20] 2026-07-25 15:27:24 | INFO     | KDClient 11 round 11 local training (epochs=4)
[2026-07-26 03:41:20] 2026-07-25 15:27:57 | INFO     | KDClient 11 round 11 completed (acc=0.6937, n=90)
[2026-07-26 03:41:20] 2026-07-25 15:27:57 | INFO     | KDClient 12 fit round 11 (tier=medium)
[2026-07-26 03:41:20] 2026-07-25 15:27:57 | INFO     | KDClient 12 round 11 public KD (epochs=2)
[2026-07-26 03:41:20] 2026-07-25 15:28:43 | INFO     | KDClient 12 round 11 local training (epochs=4)
[2026-07-26 03:41:20] 2026-07-25 15:29:21 | INFO     | KDClient 12 round 11 completed (acc=0.7243, n=90)
[2026-07-26 03:41:20] 2026-07-25 15:29:21 | INFO     | KDClient 13 fit round 11 (tier=medium)
[2026-07-26 03:41:20] 2026-07-25 15:29:21 | INFO     | KDClient 13 round 11 public KD (epochs=2)
[2026-07-26 03:41:20] 2026-07-25 15:30:25 | INFO     | KDClient 13 round 11 local training (epochs=4)
[2026-07-26 03:41:20] 2026-07-25 15:30:58 | INFO     | KDClient 13 round 11 completed (acc=0.6631, n=90)
[2026-07-26 03:41:20] 2026-07-25 15:30:58 | INFO     | KDClient 14 fit round 11 (tier=large)
[2026-07-26 03:41:20] 2026-07-25 15:30:58 | INFO     | KDClient 14 round 11 public KD (epochs=2)
[2026-07-26 03:41:20] 2026-07-25 15:32:07 | INFO     | KDClient 14 round 11 local training (epochs=4)
[2026-07-26 03:41:20] 2026-07-25 15:33:10 | INFO     | KDClient 14 round 11 completed (acc=0.3261, n=90)
[2026-07-26 03:41:20] 2026-07-25 15:33:10 | INFO     | KDClient 15 fit round 11 (tier=large)
[2026-07-26 03:41:20] 2026-07-25 15:33:10 | INFO     | KDClient 15 round 11 public KD (epochs=2)
[2026-07-26 03:41:20] 2026-07-25 15:34:17 | INFO     | KDClient 15 round 11 local training (epochs=4)
[2026-07-26 03:41:20] 2026-07-25 15:35:20 | INFO     | KDClient 15 round 11 completed (acc=0.3261, n=90)
[2026-07-26 03:41:20] 2026-07-25 15:35:20 | INFO     | KDClient 16 fit round 11 (tier=large)
[2026-07-26 03:41:20] 2026-07-25 15:35:20 | INFO     | KDClient 16 round 11 public KD (epochs=2)
[2026-07-26 03:41:20] 2026-07-25 15:36:34 | INFO     | KDClient 16 round 11 local training (epochs=4)
[2026-07-26 03:41:20] 2026-07-25 15:37:40 | INFO     | KDClient 16 round 11 completed (acc=0.3261, n=90)
[2026-07-26 03:41:20] 2026-07-25 15:37:40 | INFO     | KDClient 17 fit round 11 (tier=large)
[2026-07-26 03:41:20] 2026-07-25 15:37:40 | INFO     | KDClient 17 round 11 public KD (epochs=2)
[2026-07-26 03:41:20] 2026-07-25 15:38:56 | INFO     | KDClient 17 round 11 local training (epochs=4)
[2026-07-26 03:41:20] 2026-07-25 15:39:46 | INFO     | KDClient 17 round 11 completed (acc=0.7117, n=90)
[2026-07-26 03:41:20] 2026-07-25 15:39:46 | INFO     | KDClient 18 fit round 11 (tier=large)
[2026-07-26 03:41:20] 2026-07-25 15:39:46 | INFO     | KDClient 18 round 11 public KD (epochs=2)
[2026-07-26 03:41:20] 2026-07-25 15:41:00 | INFO     | KDClient 18 round 11 local training (epochs=4)
[2026-07-26 03:41:20] 2026-07-25 15:41:50 | INFO     | KDClient 18 round 11 completed (acc=0.3261, n=90)
[2026-07-26 03:41:20] 2026-07-25 15:41:50 | INFO     | KDClient 19 fit round 11 (tier=large)
[2026-07-26 03:41:20] 2026-07-25 15:41:50 | INFO     | KDClient 19 round 11 public KD (epochs=2)
[2026-07-26 03:41:20] 2026-07-25 15:43:05 | INFO     | KDClient 19 round 11 local training (epochs=4)
[2026-07-26 03:41:20] 2026-07-25 15:43:51 | INFO     | KDClient 19 round 11 completed (acc=0.3261, n=90)
[2026-07-26 03:41:20] 2026-07-25 15:43:51 | INFO     | MKS — IID: round 11/50 aggregated 3 cluster weights
[2026-07-26 03:41:20]   Round  11/50 | Avg: 0.5494 | Min: 0.3261 | Max: 0.7243
[2026-07-26 03:41:20] 2026-07-25 15:43:51 | INFO     | MKS — IID: round 12/50 starting
[2026-07-26 03:41:20] 2026-07-25 15:43:51 | INFO     | KDClient 0 fit round 12 (tier=small)
[2026-07-26 03:41:20] 2026-07-25 15:43:51 | INFO     | KDClient 0 round 12 public KD (epochs=2)
[2026-07-26 03:41:20] 2026-07-25 15:44:04 | INFO     | KDClient 0 round 12 local training (epochs=4)
[2026-07-26 03:41:20] 2026-07-25 15:44:15 | INFO     | KDClient 0 round 12 completed (acc=0.5207, n=90)
[2026-07-26 03:41:20] 2026-07-25 15:44:15 | INFO     | KDClient 1 fit round 12 (tier=small)
[2026-07-26 03:41:20] 2026-07-25 15:44:15 | INFO     | KDClient 1 round 12 public KD (epochs=2)
[2026-07-26 03:41:20] 2026-07-25 15:44:33 | INFO     | KDClient 1 round 12 local training (epochs=4)
[2026-07-26 03:41:20] 2026-07-25 15:44:42 | INFO     | KDClient 1 round 12 completed (acc=0.5207, n=90)
[2026-07-26 03:41:20] 2026-07-25 15:44:42 | INFO     | KDClient 2 fit round 12 (tier=small)
[2026-07-26 03:41:20] 2026-07-25 15:44:42 | INFO     | KDClient 2 round 12 public KD (epochs=2)
[2026-07-26 03:41:20] 2026-07-25 15:44:56 | INFO     | KDClient 2 round 12 local training (epochs=4)
[2026-07-26 03:41:20] 2026-07-25 15:45:10 | INFO     | KDClient 2 round 12 completed (acc=0.6541, n=90)
[2026-07-26 03:41:20] 2026-07-25 15:45:10 | INFO     | KDClient 3 fit round 12 (tier=small)
[2026-07-26 03:41:20] 2026-07-25 15:45:10 | INFO     | KDClient 3 round 12 public KD (epochs=2)
[2026-07-26 03:41:20] 2026-07-25 15:45:23 | INFO     | KDClient 3 round 12 local training (epochs=4)
[2026-07-26 03:41:20] 2026-07-25 15:45:32 | INFO     | KDClient 3 round 12 completed (acc=0.5207, n=90)
[2026-07-26 03:41:20] 2026-07-25 15:45:32 | INFO     | KDClient 4 fit round 12 (tier=small)
[2026-07-26 03:41:20] 2026-07-25 15:45:32 | INFO     | KDClient 4 round 12 public KD (epochs=2)
[2026-07-26 03:41:20] 2026-07-25 15:45:49 | INFO     | KDClient 4 round 12 local training (epochs=4)
[2026-07-26 03:41:20] 2026-07-25 15:46:00 | INFO     | KDClient 4 round 12 completed (acc=0.5207, n=90)
[2026-07-26 03:41:20] 2026-07-25 15:46:00 | INFO     | KDClient 5 fit round 12 (tier=small)
[2026-07-26 03:41:20] 2026-07-25 15:46:00 | INFO     | KDClient 5 round 12 public KD (epochs=2)
[2026-07-26 03:41:20] 2026-07-25 15:46:13 | INFO     | KDClient 5 round 12 local training (epochs=4)
[2026-07-26 03:41:20] 2026-07-25 15:46:24 | INFO     | KDClient 5 round 12 completed (acc=0.5946, n=90)
[2026-07-26 03:41:20] 2026-07-25 15:46:24 | INFO     | KDClient 6 fit round 12 (tier=small)
[2026-07-26 03:41:20] 2026-07-25 15:46:24 | INFO     | KDClient 6 round 12 public KD (epochs=2)
[2026-07-26 03:41:20] 2026-07-25 15:46:38 | INFO     | KDClient 6 round 12 local training (epochs=4)
[2026-07-26 03:41:20] 2026-07-25 15:46:50 | INFO     | KDClient 6 round 12 completed (acc=0.5207, n=90)
[2026-07-26 03:41:20] 2026-07-25 15:46:50 | INFO     | KDClient 7 fit round 12 (tier=medium)
[2026-07-26 03:41:20] 2026-07-25 15:46:50 | INFO     | KDClient 7 round 12 public KD (epochs=2)
[2026-07-26 03:41:20] 2026-07-25 15:47:32 | INFO     | KDClient 7 round 12 local training (epochs=4)
[2026-07-26 03:41:20] 2026-07-25 15:48:02 | INFO     | KDClient 7 round 12 completed (acc=0.7135, n=90)
[2026-07-26 03:41:20] 2026-07-25 15:48:02 | INFO     | KDClient 8 fit round 12 (tier=medium)
[2026-07-26 03:41:20] 2026-07-25 15:48:02 | INFO     | KDClient 8 round 12 public KD (epochs=2)
[2026-07-26 03:41:20] 2026-07-25 15:48:37 | INFO     | KDClient 8 round 12 local training (epochs=4)
[2026-07-26 03:41:20] 2026-07-25 15:49:07 | INFO     | KDClient 8 round 12 completed (acc=0.6667, n=90)
[2026-07-26 03:41:20] 2026-07-25 15:49:07 | INFO     | KDClient 9 fit round 12 (tier=medium)
[2026-07-26 03:41:20] 2026-07-25 15:49:07 | INFO     | KDClient 9 round 12 public KD (epochs=2)
[2026-07-26 03:41:20] 2026-07-25 15:49:47 | INFO     | KDClient 9 round 12 local training (epochs=4)
[2026-07-26 03:41:20] 2026-07-25 15:50:22 | INFO     | KDClient 9 round 12 completed (acc=0.6595, n=90)
[2026-07-26 03:41:20] 2026-07-25 15:50:22 | INFO     | KDClient 10 fit round 12 (tier=medium)
[2026-07-26 03:41:20] 2026-07-25 15:50:22 | INFO     | KDClient 10 round 12 public KD (epochs=2)
[2026-07-26 03:41:20] 2026-07-25 15:51:03 | INFO     | KDClient 10 round 12 local training (epochs=4)
[2026-07-26 03:41:20] 2026-07-25 15:51:39 | INFO     | KDClient 10 round 12 completed (acc=0.7135, n=90)
[2026-07-26 03:41:20] 2026-07-25 15:51:39 | INFO     | KDClient 11 fit round 12 (tier=medium)
[2026-07-26 03:41:20] 2026-07-25 15:51:39 | INFO     | KDClient 11 round 12 public KD (epochs=2)
[2026-07-26 03:41:20] 2026-07-25 15:52:26 | INFO     | KDClient 11 round 12 local training (epochs=4)
[2026-07-26 03:41:20] 2026-07-25 15:52:59 | INFO     | KDClient 11 round 12 completed (acc=0.7387, n=90)
[2026-07-26 03:41:20] 2026-07-25 15:52:59 | INFO     | KDClient 12 fit round 12 (tier=medium)
[2026-07-26 03:41:20] 2026-07-25 15:52:59 | INFO     | KDClient 12 round 12 public KD (epochs=2)
[2026-07-26 03:41:20] 2026-07-25 15:54:04 | INFO     | KDClient 12 round 12 local training (epochs=4)
[2026-07-26 03:41:20] 2026-07-25 15:54:40 | INFO     | KDClient 12 round 12 completed (acc=0.7207, n=90)
[2026-07-26 03:41:20] 2026-07-25 15:54:40 | INFO     | KDClient 13 fit round 12 (tier=medium)
[2026-07-26 03:41:20] 2026-07-25 15:54:40 | INFO     | KDClient 13 round 12 public KD (epochs=2)
[2026-07-26 03:41:20] 2026-07-25 15:55:23 | INFO     | KDClient 13 round 12 local training (epochs=4)
[2026-07-26 03:41:20] 2026-07-25 15:55:59 | INFO     | KDClient 13 round 12 completed (acc=0.7297, n=90)
[2026-07-26 03:41:20] 2026-07-25 15:55:59 | INFO     | KDClient 14 fit round 12 (tier=large)
[2026-07-26 03:41:20] 2026-07-25 15:55:59 | INFO     | KDClient 14 round 12 public KD (epochs=2)
[2026-07-26 03:41:20] 2026-07-25 15:57:03 | INFO     | KDClient 14 round 12 local training (epochs=4)
[2026-07-26 03:41:20] 2026-07-25 15:57:59 | INFO     | KDClient 14 round 12 completed (acc=0.3261, n=90)
[2026-07-26 03:41:20] 2026-07-25 15:57:59 | INFO     | KDClient 15 fit round 12 (tier=large)
[2026-07-26 03:41:20] 2026-07-25 15:57:59 | INFO     | KDClient 15 round 12 public KD (epochs=2)
[2026-07-26 03:41:20] 2026-07-25 15:59:17 | INFO     | KDClient 15 round 12 local training (epochs=4)
[2026-07-26 03:41:20] 2026-07-25 16:00:15 | INFO     | KDClient 15 round 12 completed (acc=0.3477, n=90)
[2026-07-26 03:41:20] 2026-07-25 16:00:15 | INFO     | KDClient 16 fit round 12 (tier=large)
[2026-07-26 03:41:20] 2026-07-25 16:00:15 | INFO     | KDClient 16 round 12 public KD (epochs=2)
[2026-07-26 03:41:20] 2026-07-25 16:01:23 | INFO     | KDClient 16 round 12 local training (epochs=4)
[2026-07-26 03:41:20] 2026-07-25 16:02:27 | INFO     | KDClient 16 round 12 completed (acc=0.3261, n=90)
[2026-07-26 03:41:20] 2026-07-25 16:02:27 | INFO     | KDClient 17 fit round 12 (tier=large)
[2026-07-26 03:41:20] 2026-07-25 16:02:27 | INFO     | KDClient 17 round 12 public KD (epochs=2)
[2026-07-26 03:41:20] 2026-07-25 16:03:38 | INFO     | KDClient 17 round 12 local training (epochs=4)
[2026-07-26 03:41:20] 2026-07-25 16:04:39 | INFO     | KDClient 17 round 12 completed (acc=0.6523, n=90)
[2026-07-26 03:41:20] 2026-07-25 16:04:39 | INFO     | KDClient 18 fit round 12 (tier=large)
[2026-07-26 03:41:20] 2026-07-25 16:04:39 | INFO     | KDClient 18 round 12 public KD (epochs=2)
[2026-07-26 03:41:20] 2026-07-25 16:05:42 | INFO     | KDClient 18 round 12 local training (epochs=4)
[2026-07-26 03:41:20] 2026-07-25 16:06:45 | INFO     | KDClient 18 round 12 completed (acc=0.3261, n=90)
[2026-07-26 03:41:20] 2026-07-25 16:06:45 | INFO     | KDClient 19 fit round 12 (tier=large)
[2026-07-26 03:41:20] 2026-07-25 16:06:45 | INFO     | KDClient 19 round 12 public KD (epochs=2)
[2026-07-26 03:41:20] 2026-07-25 16:07:46 | INFO     | KDClient 19 round 12 local training (epochs=4)
[2026-07-26 03:41:20] 2026-07-25 16:08:35 | INFO     | KDClient 19 round 12 completed (acc=0.3261, n=90)
[2026-07-26 03:41:20] 2026-07-25 16:08:35 | INFO     | MKS — IID: round 12/50 aggregated 3 cluster weights
[2026-07-26 03:41:20]   Round  12/50 | Avg: 0.5550 | Min: 0.3261 | Max: 0.7387
[2026-07-26 03:41:20] 2026-07-25 16:08:35 | INFO     | MKS — IID: round 13/50 starting
[2026-07-26 03:41:20] 2026-07-25 16:08:35 | INFO     | KDClient 0 fit round 13 (tier=small)
[2026-07-26 03:41:20] 2026-07-25 16:08:35 | INFO     | KDClient 0 round 13 public KD (epochs=2)
[2026-07-26 03:41:20] 2026-07-25 16:08:48 | INFO     | KDClient 0 round 13 local training (epochs=4)
[2026-07-26 03:41:20] 2026-07-25 16:08:58 | INFO     | KDClient 0 round 13 completed (acc=0.7712, n=90)
[2026-07-26 03:41:20] 2026-07-25 16:08:58 | INFO     | KDClient 1 fit round 13 (tier=small)
[2026-07-26 03:41:20] 2026-07-25 16:08:58 | INFO     | KDClient 1 round 13 public KD (epochs=2)
[2026-07-26 03:41:20] 2026-07-25 16:09:11 | INFO     | KDClient 1 round 13 local training (epochs=4)
[2026-07-26 03:41:20] 2026-07-25 16:09:20 | INFO     | KDClient 1 round 13 completed (acc=0.5207, n=90)
[2026-07-26 03:41:20] 2026-07-25 16:09:20 | INFO     | KDClient 2 fit round 13 (tier=small)
[2026-07-26 03:41:20] 2026-07-25 16:09:20 | INFO     | KDClient 2 round 13 public KD (epochs=2)
[2026-07-26 03:41:20] 2026-07-25 16:09:33 | INFO     | KDClient 2 round 13 local training (epochs=4)
[2026-07-26 03:41:20] 2026-07-25 16:09:43 | INFO     | KDClient 2 round 13 completed (acc=0.6523, n=90)
[2026-07-26 03:41:20] 2026-07-25 16:09:43 | INFO     | KDClient 3 fit round 13 (tier=small)
[2026-07-26 03:41:20] 2026-07-25 16:09:43 | INFO     | KDClient 3 round 13 public KD (epochs=2)
[2026-07-26 03:41:20] 2026-07-25 16:09:55 | INFO     | KDClient 3 round 13 local training (epochs=4)
[2026-07-26 03:41:20] 2026-07-25 16:10:08 | INFO     | KDClient 3 round 13 completed (acc=0.6541, n=90)
[2026-07-26 03:41:20] 2026-07-25 16:10:08 | INFO     | KDClient 4 fit round 13 (tier=small)
[2026-07-26 03:41:20] 2026-07-25 16:10:08 | INFO     | KDClient 4 round 13 public KD (epochs=2)
[2026-07-26 03:41:20] 2026-07-25 16:10:21 | INFO     | KDClient 4 round 13 local training (epochs=4)
[2026-07-26 03:41:20] 2026-07-25 16:10:33 | INFO     | KDClient 4 round 13 completed (acc=0.5207, n=90)
[2026-07-26 03:41:20] 2026-07-25 16:10:33 | INFO     | KDClient 5 fit round 13 (tier=small)
[2026-07-26 03:41:20] 2026-07-25 16:10:33 | INFO     | KDClient 5 round 13 public KD (epochs=2)
[2026-07-26 03:41:20] 2026-07-25 16:10:45 | INFO     | KDClient 5 round 13 local training (epochs=4)
[2026-07-26 03:41:20] 2026-07-25 16:10:54 | INFO     | KDClient 5 round 13 completed (acc=0.5207, n=90)
[2026-07-26 03:41:20] 2026-07-25 16:10:54 | INFO     | KDClient 6 fit round 13 (tier=small)
[2026-07-26 03:41:20] 2026-07-25 16:10:54 | INFO     | KDClient 6 round 13 public KD (epochs=2)
[2026-07-26 03:41:20] 2026-07-25 16:11:06 | INFO     | KDClient 6 round 13 local training (epochs=4)
[2026-07-26 03:41:20] 2026-07-25 16:11:17 | INFO     | KDClient 6 round 13 completed (acc=0.5207, n=90)
[2026-07-26 03:41:20] 2026-07-25 16:11:17 | INFO     | KDClient 7 fit round 13 (tier=medium)
[2026-07-26 03:41:20] 2026-07-25 16:11:17 | INFO     | KDClient 7 round 13 public KD (epochs=2)
[2026-07-26 03:41:20] 2026-07-25 16:11:51 | INFO     | KDClient 7 round 13 local training (epochs=4)
[2026-07-26 03:41:20] 2026-07-25 16:12:15 | INFO     | KDClient 7 round 13 completed (acc=0.7622, n=90)
[2026-07-26 03:41:20] 2026-07-25 16:12:15 | INFO     | KDClient 8 fit round 13 (tier=medium)
[2026-07-26 03:41:20] 2026-07-25 16:12:15 | INFO     | KDClient 8 round 13 public KD (epochs=2)
[2026-07-26 03:41:20] 2026-07-25 16:12:43 | INFO     | KDClient 8 round 13 local training (epochs=4)
[2026-07-26 03:41:20] 2026-07-25 16:13:05 | INFO     | KDClient 8 round 13 completed (acc=0.7153, n=90)
[2026-07-26 03:41:20] 2026-07-25 16:13:05 | INFO     | KDClient 9 fit round 13 (tier=medium)
[2026-07-26 03:41:20] 2026-07-25 16:13:05 | INFO     | KDClient 9 round 13 public KD (epochs=2)
[2026-07-26 03:41:20] 2026-07-25 16:13:33 | INFO     | KDClient 9 round 13 local training (epochs=4)
[2026-07-26 03:41:20] 2026-07-25 16:14:01 | INFO     | KDClient 9 round 13 completed (acc=0.6631, n=90)
[2026-07-26 03:41:20] 2026-07-25 16:14:01 | INFO     | KDClient 10 fit round 13 (tier=medium)
[2026-07-26 03:41:20] 2026-07-25 16:14:01 | INFO     | KDClient 10 round 13 public KD (epochs=2)
[2026-07-26 03:41:20] 2026-07-25 16:14:34 | INFO     | KDClient 10 round 13 local training (epochs=4)
[2026-07-26 03:41:20] 2026-07-25 16:15:06 | INFO     | KDClient 10 round 13 completed (acc=0.7333, n=90)
[2026-07-26 03:41:20] 2026-07-25 16:15:06 | INFO     | KDClient 11 fit round 13 (tier=medium)
[2026-07-26 03:41:20] 2026-07-25 16:15:06 | INFO     | KDClient 11 round 13 public KD (epochs=2)
[2026-07-26 03:41:20] 2026-07-25 16:15:47 | INFO     | KDClient 11 round 13 local training (epochs=4)
[2026-07-26 03:41:20] 2026-07-25 16:16:19 | INFO     | KDClient 11 round 13 completed (acc=0.7550, n=90)
[2026-07-26 03:41:20] 2026-07-25 16:16:19 | INFO     | KDClient 12 fit round 13 (tier=medium)
[2026-07-26 03:41:20] 2026-07-25 16:16:19 | INFO     | KDClient 12 round 13 public KD (epochs=2)
[2026-07-26 03:41:20] 2026-07-25 16:17:03 | INFO     | KDClient 12 round 13 local training (epochs=4)
[2026-07-26 03:41:20] 2026-07-25 16:17:39 | INFO     | KDClient 12 round 13 completed (acc=0.7333, n=90)
[2026-07-26 03:41:20] 2026-07-25 16:17:39 | INFO     | KDClient 13 fit round 13 (tier=medium)
[2026-07-26 03:41:20] 2026-07-25 16:17:39 | INFO     | KDClient 13 round 13 public KD (epochs=2)
[2026-07-26 03:41:20] 2026-07-25 16:18:23 | INFO     | KDClient 13 round 13 local training (epochs=4)
[2026-07-26 03:41:20] 2026-07-25 16:18:56 | INFO     | KDClient 13 round 13 completed (acc=0.7333, n=90)
[2026-07-26 03:41:20] 2026-07-25 16:18:56 | INFO     | KDClient 14 fit round 13 (tier=large)
[2026-07-26 03:41:20] 2026-07-25 16:18:56 | INFO     | KDClient 14 round 13 public KD (epochs=2)
[2026-07-26 03:41:20] 2026-07-25 16:20:03 | INFO     | KDClient 14 round 13 local training (epochs=4)
[2026-07-26 03:41:20] 2026-07-25 16:20:57 | INFO     | KDClient 14 round 13 completed (acc=0.5207, n=90)
[2026-07-26 03:41:20] 2026-07-25 16:20:57 | INFO     | KDClient 15 fit round 13 (tier=large)
[2026-07-26 03:41:20] 2026-07-25 16:20:57 | INFO     | KDClient 15 round 13 public KD (epochs=2)
[2026-07-26 03:41:20] 2026-07-25 16:22:07 | INFO     | KDClient 15 round 13 local training (epochs=4)
[2026-07-26 03:41:20] 2026-07-25 16:22:59 | INFO     | KDClient 15 round 13 completed (acc=0.5207, n=90)
[2026-07-26 03:41:20] 2026-07-25 16:22:59 | INFO     | KDClient 16 fit round 13 (tier=large)
[2026-07-26 03:41:20] 2026-07-25 16:22:59 | INFO     | KDClient 16 round 13 public KD (epochs=2)
[2026-07-26 03:41:20] 2026-07-25 16:24:12 | INFO     | KDClient 16 round 13 local training (epochs=4)
[2026-07-26 03:41:20] 2026-07-25 16:25:07 | INFO     | KDClient 16 round 13 completed (acc=0.3477, n=90)
[2026-07-26 03:41:20] 2026-07-25 16:25:07 | INFO     | KDClient 17 fit round 13 (tier=large)
[2026-07-26 03:41:20] 2026-07-25 16:25:07 | INFO     | KDClient 17 round 13 public KD (epochs=2)
[2026-07-26 03:41:20] 2026-07-25 16:26:24 | INFO     | KDClient 17 round 13 local training (epochs=4)
[2026-07-26 03:41:20] 2026-07-25 16:27:21 | INFO     | KDClient 17 round 13 completed (acc=0.6234, n=90)
[2026-07-26 03:41:20] 2026-07-25 16:27:21 | INFO     | KDClient 18 fit round 13 (tier=large)
[2026-07-26 03:41:20] 2026-07-25 16:27:21 | INFO     | KDClient 18 round 13 public KD (epochs=2)
[2026-07-26 03:41:20] 2026-07-25 16:28:37 | INFO     | KDClient 18 round 13 local training (epochs=4)
[2026-07-26 03:41:20] 2026-07-25 16:29:35 | INFO     | KDClient 18 round 13 completed (acc=0.3477, n=90)
[2026-07-26 03:41:20] 2026-07-25 16:29:35 | INFO     | KDClient 19 fit round 13 (tier=large)
[2026-07-26 03:41:20] 2026-07-25 16:29:35 | INFO     | KDClient 19 round 13 public KD (epochs=2)
[2026-07-26 03:41:20] 2026-07-25 16:30:35 | INFO     | KDClient 19 round 13 local training (epochs=4)
[2026-07-26 03:41:20] 2026-07-25 16:31:18 | INFO     | KDClient 19 round 13 completed (acc=0.2180, n=90)
[2026-07-26 03:41:20] 2026-07-25 16:31:18 | INFO     | MKS — IID: round 13/50 aggregated 3 cluster weights
[2026-07-26 03:41:20]   Round  13/50 | Avg: 0.5917 | Min: 0.2180 | Max: 0.7712
[2026-07-26 03:41:20] 2026-07-25 16:31:18 | INFO     | MKS — IID: round 14/50 starting
[2026-07-26 03:41:20] 2026-07-25 16:31:18 | INFO     | KDClient 0 fit round 14 (tier=small)
[2026-07-26 03:41:20] 2026-07-25 16:31:18 | INFO     | KDClient 0 round 14 public KD (epochs=2)
[2026-07-26 03:41:20] 2026-07-25 16:31:35 | INFO     | KDClient 0 round 14 local training (epochs=4)
[2026-07-26 03:41:20] 2026-07-25 16:31:47 | INFO     | KDClient 0 round 14 completed (acc=0.5207, n=90)
[2026-07-26 03:41:20] 2026-07-25 16:31:47 | INFO     | KDClient 1 fit round 14 (tier=small)
[2026-07-26 03:41:20] 2026-07-25 16:31:47 | INFO     | KDClient 1 round 14 public KD (epochs=2)
[2026-07-26 03:41:20] 2026-07-25 16:32:01 | INFO     | KDClient 1 round 14 local training (epochs=4)
[2026-07-26 03:41:20] 2026-07-25 16:32:13 | INFO     | KDClient 1 round 14 completed (acc=0.5207, n=90)
[2026-07-26 03:41:20] 2026-07-25 16:32:13 | INFO     | KDClient 2 fit round 14 (tier=small)
[2026-07-26 03:41:20] 2026-07-25 16:32:13 | INFO     | KDClient 2 round 14 public KD (epochs=2)
[2026-07-26 03:41:20] 2026-07-25 16:32:26 | INFO     | KDClient 2 round 14 local training (epochs=4)
[2026-07-26 03:41:20] 2026-07-25 16:32:37 | INFO     | KDClient 2 round 14 completed (acc=0.6523, n=90)
[2026-07-26 03:41:20] 2026-07-25 16:32:37 | INFO     | KDClient 3 fit round 14 (tier=small)
[2026-07-26 03:41:20] 2026-07-25 16:32:37 | INFO     | KDClient 3 round 14 public KD (epochs=2)
[2026-07-26 03:41:20] 2026-07-25 16:32:50 | INFO     | KDClient 3 round 14 local training (epochs=4)
[2026-07-26 03:41:20] 2026-07-25 16:33:01 | INFO     | KDClient 3 round 14 completed (acc=0.5910, n=90)
[2026-07-26 03:41:20] 2026-07-25 16:33:01 | INFO     | KDClient 4 fit round 14 (tier=small)
[2026-07-26 03:41:20] 2026-07-25 16:33:01 | INFO     | KDClient 4 round 14 public KD (epochs=2)
[2026-07-26 03:41:20] 2026-07-25 16:33:14 | INFO     | KDClient 4 round 14 local training (epochs=4)
[2026-07-26 03:41:20] 2026-07-25 16:33:29 | INFO     | KDClient 4 round 14 completed (acc=0.5261, n=90)
[2026-07-26 03:41:20] 2026-07-25 16:33:29 | INFO     | KDClient 5 fit round 14 (tier=small)
[2026-07-26 03:41:20] 2026-07-25 16:33:29 | INFO     | KDClient 5 round 14 public KD (epochs=2)
[2026-07-26 03:41:20] 2026-07-25 16:33:43 | INFO     | KDClient 5 round 14 local training (epochs=4)
[2026-07-26 03:41:20] 2026-07-25 16:33:55 | INFO     | KDClient 5 round 14 completed (acc=0.5261, n=90)
[2026-07-26 03:41:20] 2026-07-25 16:33:55 | INFO     | KDClient 6 fit round 14 (tier=small)
[2026-07-26 03:41:20] 2026-07-25 16:33:55 | INFO     | KDClient 6 round 14 public KD (epochs=2)
[2026-07-26 03:41:20] 2026-07-25 16:34:12 | INFO     | KDClient 6 round 14 local training (epochs=4)
[2026-07-26 03:41:20] 2026-07-25 16:34:23 | INFO     | KDClient 6 round 14 completed (acc=0.5207, n=90)
[2026-07-26 03:41:20] 2026-07-25 16:34:23 | INFO     | KDClient 7 fit round 14 (tier=medium)
[2026-07-26 03:41:20] 2026-07-25 16:34:23 | INFO     | KDClient 7 round 14 public KD (epochs=2)
[2026-07-26 03:41:20] 2026-07-25 16:35:03 | INFO     | KDClient 7 round 14 local training (epochs=4)
[2026-07-26 03:41:20] 2026-07-25 16:35:35 | INFO     | KDClient 7 round 14 completed (acc=0.7694, n=90)
[2026-07-26 03:41:20] 2026-07-25 16:35:35 | INFO     | KDClient 8 fit round 14 (tier=medium)
[2026-07-26 03:41:20] 2026-07-25 16:35:35 | INFO     | KDClient 8 round 14 public KD (epochs=2)
[2026-07-26 03:41:20] 2026-07-25 16:36:17 | INFO     | KDClient 8 round 14 local training (epochs=4)
[2026-07-26 03:41:20] 2026-07-25 16:36:47 | INFO     | KDClient 8 round 14 completed (acc=0.7658, n=90)
[2026-07-26 03:41:20] 2026-07-25 16:36:47 | INFO     | KDClient 9 fit round 14 (tier=medium)
[2026-07-26 03:41:20] 2026-07-25 16:36:47 | INFO     | KDClient 9 round 14 public KD (epochs=2)
[2026-07-26 03:41:20] 2026-07-25 16:37:24 | INFO     | KDClient 9 round 14 local training (epochs=4)
[2026-07-26 03:41:20] 2026-07-25 16:37:54 | INFO     | KDClient 9 round 14 completed (acc=0.6613, n=90)
[2026-07-26 03:41:20] 2026-07-25 16:37:54 | INFO     | KDClient 10 fit round 14 (tier=medium)
[2026-07-26 03:41:20] 2026-07-25 16:37:54 | INFO     | KDClient 10 round 14 public KD (epochs=2)
[2026-07-26 03:41:20] 2026-07-25 16:38:56 | INFO     | KDClient 10 round 14 local training (epochs=4)
[2026-07-26 03:41:20] 2026-07-25 16:39:35 | INFO     | KDClient 10 round 14 completed (acc=0.7045, n=90)
[2026-07-26 03:41:20] 2026-07-25 16:39:35 | INFO     | KDClient 11 fit round 14 (tier=medium)
[2026-07-26 03:41:20] 2026-07-25 16:39:35 | INFO     | KDClient 11 round 14 public KD (epochs=2)
[2026-07-26 03:41:20] 2026-07-25 16:40:38 | INFO     | KDClient 11 round 14 local training (epochs=4)
[2026-07-26 03:41:20] 2026-07-25 16:41:15 | INFO     | KDClient 11 round 14 completed (acc=0.6973, n=90)
[2026-07-26 03:41:20] 2026-07-25 16:41:15 | INFO     | KDClient 12 fit round 14 (tier=medium)
[2026-07-26 03:41:20] 2026-07-25 16:41:15 | INFO     | KDClient 12 round 14 public KD (epochs=2)
[2026-07-26 03:41:20] 2026-07-25 16:42:05 | INFO     | KDClient 12 round 14 local training (epochs=4)
[2026-07-26 03:41:20] 2026-07-25 16:42:39 | INFO     | KDClient 12 round 14 completed (acc=0.7568, n=90)
[2026-07-26 03:41:20] 2026-07-25 16:42:39 | INFO     | KDClient 13 fit round 14 (tier=medium)
[2026-07-26 03:41:20] 2026-07-25 16:42:39 | INFO     | KDClient 13 round 14 public KD (epochs=2)
[2026-07-26 03:41:20] 2026-07-25 16:43:26 | INFO     | KDClient 13 round 14 local training (epochs=4)
[2026-07-26 03:41:20] 2026-07-25 16:44:05 | INFO     | KDClient 13 round 14 completed (acc=0.7351, n=90)
[2026-07-26 03:41:20] 2026-07-25 16:44:05 | INFO     | KDClient 14 fit round 14 (tier=large)
[2026-07-26 03:41:20] 2026-07-25 16:44:05 | INFO     | KDClient 14 round 14 public KD (epochs=2)
[2026-07-26 03:41:20] 2026-07-25 16:45:11 | INFO     | KDClient 14 round 14 local training (epochs=4)
[2026-07-26 03:41:20] 2026-07-25 16:46:09 | INFO     | KDClient 14 round 14 completed (acc=0.3261, n=90)
[2026-07-26 03:41:20] 2026-07-25 16:46:09 | INFO     | KDClient 15 fit round 14 (tier=large)
[2026-07-26 03:41:20] 2026-07-25 16:46:09 | INFO     | KDClient 15 round 14 public KD (epochs=2)
[2026-07-26 03:41:20] 2026-07-25 16:47:15 | INFO     | KDClient 15 round 14 local training (epochs=4)
[2026-07-26 03:41:20] 2026-07-25 16:48:18 | INFO     | KDClient 15 round 14 completed (acc=0.6523, n=90)
[2026-07-26 03:41:20] 2026-07-25 16:48:18 | INFO     | KDClient 16 fit round 14 (tier=large)
[2026-07-26 03:41:20] 2026-07-25 16:48:18 | INFO     | KDClient 16 round 14 public KD (epochs=2)
[2026-07-26 03:41:20] 2026-07-25 16:49:27 | INFO     | KDClient 16 round 14 local training (epochs=4)
[2026-07-26 03:41:20] 2026-07-25 16:50:37 | INFO     | KDClient 16 round 14 completed (acc=0.2342, n=90)
[2026-07-26 03:41:20] 2026-07-25 16:50:37 | INFO     | KDClient 17 fit round 14 (tier=large)
[2026-07-26 03:41:20] 2026-07-25 16:50:37 | INFO     | KDClient 17 round 14 public KD (epochs=2)
[2026-07-26 03:41:20] 2026-07-25 16:51:51 | INFO     | KDClient 17 round 14 local training (epochs=4)
[2026-07-26 03:41:20] 2026-07-25 16:52:52 | INFO     | KDClient 17 round 14 completed (acc=0.7207, n=90)
[2026-07-26 03:41:20] 2026-07-25 16:52:52 | INFO     | KDClient 18 fit round 14 (tier=large)
[2026-07-26 03:41:20] 2026-07-25 16:52:52 | INFO     | KDClient 18 round 14 public KD (epochs=2)
[2026-07-26 03:41:20] 2026-07-25 16:54:00 | INFO     | KDClient 18 round 14 local training (epochs=4)
[2026-07-26 03:41:20] 2026-07-25 16:54:51 | INFO     | KDClient 18 round 14 completed (acc=0.3261, n=90)
[2026-07-26 03:41:20] 2026-07-25 16:54:51 | INFO     | KDClient 19 fit round 14 (tier=large)
[2026-07-26 03:41:20] 2026-07-25 16:54:51 | INFO     | KDClient 19 round 14 public KD (epochs=2)
[2026-07-26 03:41:20] 2026-07-25 16:55:49 | INFO     | KDClient 19 round 14 local training (epochs=4)
[2026-07-26 03:41:20] 2026-07-25 16:56:39 | INFO     | KDClient 19 round 14 completed (acc=0.6523, n=90)
[2026-07-26 03:41:20] 2026-07-25 16:56:39 | INFO     | MKS — IID: round 14/50 aggregated 3 cluster weights
[2026-07-26 03:41:20]   Round  14/50 | Avg: 0.5930 | Min: 0.2342 | Max: 0.7694
[2026-07-26 03:41:20] 2026-07-25 16:56:39 | INFO     | MKS — IID: round 15/50 starting
[2026-07-26 03:41:20] 2026-07-25 16:56:39 | INFO     | KDClient 0 fit round 15 (tier=small)
[2026-07-26 03:41:20] 2026-07-25 16:56:39 | INFO     | KDClient 0 round 15 public KD (epochs=2)
[2026-07-26 03:41:20] 2026-07-25 16:56:51 | INFO     | KDClient 0 round 15 local training (epochs=4)
[2026-07-26 03:41:20] 2026-07-25 16:57:01 | INFO     | KDClient 0 round 15 completed (acc=0.6919, n=90)
[2026-07-26 03:41:20] 2026-07-25 16:57:01 | INFO     | KDClient 1 fit round 15 (tier=small)
[2026-07-26 03:41:20] 2026-07-25 16:57:01 | INFO     | KDClient 1 round 15 public KD (epochs=2)
[2026-07-26 03:41:20] 2026-07-25 16:57:19 | INFO     | KDClient 1 round 15 local training (epochs=4)
[2026-07-26 03:41:20] 2026-07-25 16:57:30 | INFO     | KDClient 1 round 15 completed (acc=0.5207, n=90)
[2026-07-26 03:41:20] 2026-07-25 16:57:30 | INFO     | KDClient 2 fit round 15 (tier=small)
[2026-07-26 03:41:20] 2026-07-25 16:57:30 | INFO     | KDClient 2 round 15 public KD (epochs=2)
[2026-07-26 03:41:20] 2026-07-25 16:57:43 | INFO     | KDClient 2 round 15 local training (epochs=4)
[2026-07-26 03:41:20] 2026-07-25 16:57:54 | INFO     | KDClient 2 round 15 completed (acc=0.6523, n=90)
[2026-07-26 03:41:20] 2026-07-25 16:57:54 | INFO     | KDClient 3 fit round 15 (tier=small)
[2026-07-26 03:41:20] 2026-07-25 16:57:54 | INFO     | KDClient 3 round 15 public KD (epochs=2)
[2026-07-26 03:41:20] 2026-07-25 16:58:06 | INFO     | KDClient 3 round 15 local training (epochs=4)
[2026-07-26 03:41:20] 2026-07-25 16:58:18 | INFO     | KDClient 3 round 15 completed (acc=0.6595, n=90)
[2026-07-26 03:41:20] 2026-07-25 16:58:18 | INFO     | KDClient 4 fit round 15 (tier=small)
[2026-07-26 03:41:20] 2026-07-25 16:58:18 | INFO     | KDClient 4 round 15 public KD (epochs=2)
[2026-07-26 03:41:20] 2026-07-25 16:58:30 | INFO     | KDClient 4 round 15 local training (epochs=4)
[2026-07-26 03:41:20] 2026-07-25 16:58:40 | INFO     | KDClient 4 round 15 completed (acc=0.5225, n=90)
[2026-07-26 03:41:20] 2026-07-25 16:58:40 | INFO     | KDClient 5 fit round 15 (tier=small)
[2026-07-26 03:41:20] 2026-07-25 16:58:40 | INFO     | KDClient 5 round 15 public KD (epochs=2)
[2026-07-26 03:41:20] 2026-07-25 16:58:53 | INFO     | KDClient 5 round 15 local training (epochs=4)
[2026-07-26 03:41:20] 2026-07-25 16:59:02 | INFO     | KDClient 5 round 15 completed (acc=0.7658, n=90)
[2026-07-26 03:41:20] 2026-07-25 16:59:02 | INFO     | KDClient 6 fit round 15 (tier=small)
[2026-07-26 03:41:20] 2026-07-25 16:59:02 | INFO     | KDClient 6 round 15 public KD (epochs=2)
[2026-07-26 03:41:20] 2026-07-25 16:59:15 | INFO     | KDClient 6 round 15 local training (epochs=4)
[2026-07-26 03:41:20] 2026-07-25 16:59:27 | INFO     | KDClient 6 round 15 completed (acc=0.5243, n=90)
[2026-07-26 03:41:20] 2026-07-25 16:59:27 | INFO     | KDClient 7 fit round 15 (tier=medium)
[2026-07-26 03:41:20] 2026-07-25 16:59:27 | INFO     | KDClient 7 round 15 public KD (epochs=2)
[2026-07-26 03:41:20] 2026-07-25 17:00:08 | INFO     | KDClient 7 round 15 local training (epochs=4)
[2026-07-26 03:41:20] 2026-07-25 17:00:37 | INFO     | KDClient 7 round 15 completed (acc=0.7586, n=90)
[2026-07-26 03:41:20] 2026-07-25 17:00:37 | INFO     | KDClient 8 fit round 15 (tier=medium)
[2026-07-26 03:41:20] 2026-07-25 17:00:37 | INFO     | KDClient 8 round 15 public KD (epochs=2)
[2026-07-26 03:41:20] 2026-07-25 17:01:36 | INFO     | KDClient 8 round 15 local training (epochs=4)
[2026-07-26 03:41:20] 2026-07-25 17:02:08 | INFO     | KDClient 8 round 15 completed (acc=0.7495, n=90)
[2026-07-26 03:41:20] 2026-07-25 17:02:08 | INFO     | KDClient 9 fit round 15 (tier=medium)
[2026-07-26 03:41:20] 2026-07-25 17:02:08 | INFO     | KDClient 9 round 15 public KD (epochs=2)
[2026-07-26 03:41:20] 2026-07-25 17:02:49 | INFO     | KDClient 9 round 15 local training (epochs=4)
[2026-07-26 03:41:20] 2026-07-25 17:03:20 | INFO     | KDClient 9 round 15 completed (acc=0.7423, n=90)
[2026-07-26 03:41:20] 2026-07-25 17:03:20 | INFO     | KDClient 10 fit round 15 (tier=medium)
[2026-07-26 03:41:20] 2026-07-25 17:03:20 | INFO     | KDClient 10 round 15 public KD (epochs=2)
[2026-07-26 03:41:20] 2026-07-25 17:04:02 | INFO     | KDClient 10 round 15 local training (epochs=4)
[2026-07-26 03:41:20] 2026-07-25 17:04:44 | INFO     | KDClient 10 round 15 completed (acc=0.7009, n=90)
[2026-07-26 03:41:20] 2026-07-25 17:04:44 | INFO     | KDClient 11 fit round 15 (tier=medium)
[2026-07-26 03:41:20] 2026-07-25 17:04:44 | INFO     | KDClient 11 round 15 public KD (epochs=2)
[2026-07-26 03:41:20] 2026-07-25 17:05:30 | INFO     | KDClient 11 round 15 local training (epochs=4)
[2026-07-26 03:41:20] 2026-07-25 17:06:05 | INFO     | KDClient 11 round 15 completed (acc=0.7045, n=90)
[2026-07-26 03:41:20] 2026-07-25 17:06:05 | INFO     | KDClient 12 fit round 15 (tier=medium)
[2026-07-26 03:41:20] 2026-07-25 17:06:05 | INFO     | KDClient 12 round 15 public KD (epochs=2)
[2026-07-26 03:41:20] 2026-07-25 17:07:11 | INFO     | KDClient 12 round 15 local training (epochs=4)
[2026-07-26 03:41:20] 2026-07-25 17:07:44 | INFO     | KDClient 12 round 15 completed (acc=0.7387, n=90)
[2026-07-26 03:41:20] 2026-07-25 17:07:44 | INFO     | KDClient 13 fit round 15 (tier=medium)
[2026-07-26 03:41:20] 2026-07-25 17:07:44 | INFO     | KDClient 13 round 15 public KD (epochs=2)
[2026-07-26 03:41:20] 2026-07-25 17:08:49 | INFO     | KDClient 13 round 15 local training (epochs=4)
[2026-07-26 03:41:20] 2026-07-25 17:09:28 | INFO     | KDClient 13 round 15 completed (acc=0.7550, n=90)
[2026-07-26 03:41:20] 2026-07-25 17:09:28 | INFO     | KDClient 14 fit round 15 (tier=large)
[2026-07-26 03:41:20] 2026-07-25 17:09:28 | INFO     | KDClient 14 round 15 public KD (epochs=2)
[2026-07-26 03:41:20] 2026-07-25 17:10:35 | INFO     | KDClient 14 round 15 local training (epochs=4)
[2026-07-26 03:41:20] 2026-07-25 17:11:29 | INFO     | KDClient 14 round 15 completed (acc=0.7766, n=90)
[2026-07-26 03:41:20] 2026-07-25 17:11:29 | INFO     | KDClient 15 fit round 15 (tier=large)
[2026-07-26 03:41:20] 2026-07-25 17:11:29 | INFO     | KDClient 15 round 15 public KD (epochs=2)
[2026-07-26 03:41:20] 2026-07-25 17:12:37 | INFO     | KDClient 15 round 15 local training (epochs=4)
[2026-07-26 03:41:20] 2026-07-25 17:13:35 | INFO     | KDClient 15 round 15 completed (acc=0.6523, n=90)
[2026-07-26 03:41:20] 2026-07-25 17:13:35 | INFO     | KDClient 16 fit round 15 (tier=large)
[2026-07-26 03:41:20] 2026-07-25 17:13:35 | INFO     | KDClient 16 round 15 public KD (epochs=2)
[2026-07-26 03:41:20] 2026-07-25 17:14:47 | INFO     | KDClient 16 round 15 local training (epochs=4)
[2026-07-26 03:41:20] 2026-07-25 17:15:47 | INFO     | KDClient 16 round 15 completed (acc=0.6523, n=90)
[2026-07-26 03:41:20] 2026-07-25 17:15:47 | INFO     | KDClient 17 fit round 15 (tier=large)
[2026-07-26 03:41:20] 2026-07-25 17:15:47 | INFO     | KDClient 17 round 15 public KD (epochs=2)
[2026-07-26 03:41:20] 2026-07-25 17:17:04 | INFO     | KDClient 17 round 15 local training (epochs=4)
[2026-07-26 03:41:20] 2026-07-25 17:18:06 | INFO     | KDClient 17 round 15 completed (acc=0.7171, n=90)
[2026-07-26 03:41:20] 2026-07-25 17:18:06 | INFO     | KDClient 18 fit round 15 (tier=large)
[2026-07-26 03:41:20] 2026-07-25 17:18:06 | INFO     | KDClient 18 round 15 public KD (epochs=2)
[2026-07-26 03:41:20] 2026-07-25 17:19:13 | INFO     | KDClient 18 round 15 local training (epochs=4)
[2026-07-26 03:41:20] 2026-07-25 17:20:02 | INFO     | KDClient 18 round 15 completed (acc=0.6523, n=90)
[2026-07-26 03:41:20] 2026-07-25 17:20:02 | INFO     | KDClient 19 fit round 15 (tier=large)
[2026-07-26 03:41:20] 2026-07-25 17:20:02 | INFO     | KDClient 19 round 15 public KD (epochs=2)
[2026-07-26 03:41:20] 2026-07-25 17:20:58 | INFO     | KDClient 19 round 15 local training (epochs=4)
[2026-07-26 03:41:20] 2026-07-25 17:21:45 | INFO     | KDClient 19 round 15 completed (acc=0.6649, n=90)
[2026-07-26 03:41:20] 2026-07-25 17:21:45 | INFO     | MKS — IID: round 15/50 aggregated 3 cluster weights
[2026-07-26 03:41:20]   Round  15/50 | Avg: 0.6801 | Min: 0.5207 | Max: 0.7766
[2026-07-26 03:41:20] 2026-07-25 17:21:45 | INFO     | MKS — IID: round 16/50 starting
[2026-07-26 03:41:20] 2026-07-25 17:21:45 | INFO     | KDClient 0 fit round 16 (tier=small)
[2026-07-26 03:41:20] 2026-07-25 17:21:45 | INFO     | KDClient 0 round 16 public KD (epochs=2)
[2026-07-26 03:41:20] 2026-07-25 17:21:56 | INFO     | KDClient 0 round 16 local training (epochs=4)
[2026-07-26 03:41:20] 2026-07-25 17:22:06 | INFO     | KDClient 0 round 16 completed (acc=0.6739, n=90)
[2026-07-26 03:41:20] 2026-07-25 17:22:06 | INFO     | KDClient 1 fit round 16 (tier=small)
[2026-07-26 03:41:20] 2026-07-25 17:22:06 | INFO     | KDClient 1 round 16 public KD (epochs=2)
[2026-07-26 03:41:20] 2026-07-25 17:22:19 | INFO     | KDClient 1 round 16 local training (epochs=4)
[2026-07-26 03:41:20] 2026-07-25 17:22:30 | INFO     | KDClient 1 round 16 completed (acc=0.7009, n=90)
[2026-07-26 03:41:20] 2026-07-25 17:22:30 | INFO     | KDClient 2 fit round 16 (tier=small)
[2026-07-26 03:41:20] 2026-07-25 17:22:30 | INFO     | KDClient 2 round 16 public KD (epochs=2)
[2026-07-26 03:41:20] 2026-07-25 17:22:44 | INFO     | KDClient 2 round 16 local training (epochs=4)
[2026-07-26 03:41:20] 2026-07-25 17:22:56 | INFO     | KDClient 2 round 16 completed (acc=0.6703, n=90)
[2026-07-26 03:41:20] 2026-07-25 17:22:56 | INFO     | KDClient 3 fit round 16 (tier=small)
[2026-07-26 03:41:20] 2026-07-25 17:22:56 | INFO     | KDClient 3 round 16 public KD (epochs=2)
[2026-07-26 03:41:20] 2026-07-25 17:23:07 | INFO     | KDClient 3 round 16 local training (epochs=4)
[2026-07-26 03:41:20] 2026-07-25 17:23:16 | INFO     | KDClient 3 round 16 completed (acc=0.7712, n=90)
[2026-07-26 03:41:20] 2026-07-25 17:23:16 | INFO     | KDClient 4 fit round 16 (tier=small)
[2026-07-26 03:41:20] 2026-07-25 17:23:16 | INFO     | KDClient 4 round 16 public KD (epochs=2)
[2026-07-26 03:41:20] 2026-07-25 17:23:29 | INFO     | KDClient 4 round 16 local training (epochs=4)
[2026-07-26 03:41:20] 2026-07-25 17:23:42 | INFO     | KDClient 4 round 16 completed (acc=0.6793, n=90)
[2026-07-26 03:41:20] 2026-07-25 17:23:42 | INFO     | KDClient 5 fit round 16 (tier=small)
[2026-07-26 03:41:20] 2026-07-25 17:23:42 | INFO     | KDClient 5 round 16 public KD (epochs=2)
[2026-07-26 03:41:20] 2026-07-25 17:23:59 | INFO     | KDClient 5 round 16 local training (epochs=4)
[2026-07-26 03:41:20] 2026-07-25 17:24:10 | INFO     | KDClient 5 round 16 completed (acc=0.7766, n=90)
[2026-07-26 03:41:20] 2026-07-25 17:24:10 | INFO     | KDClient 6 fit round 16 (tier=small)
[2026-07-26 03:41:20] 2026-07-25 17:24:10 | INFO     | KDClient 6 round 16 public KD (epochs=2)
[2026-07-26 03:41:20] 2026-07-25 17:24:22 | INFO     | KDClient 6 round 16 local training (epochs=4)
[2026-07-26 03:41:20] 2026-07-25 17:24:33 | INFO     | KDClient 6 round 16 completed (acc=0.7586, n=90)
[2026-07-26 03:41:20] 2026-07-25 17:24:33 | INFO     | KDClient 7 fit round 16 (tier=medium)
[2026-07-26 03:41:20] 2026-07-25 17:24:33 | INFO     | KDClient 7 round 16 public KD (epochs=2)
[2026-07-26 03:41:20] 2026-07-25 17:25:12 | INFO     | KDClient 7 round 16 local training (epochs=4)
[2026-07-26 03:41:20] 2026-07-25 17:25:44 | INFO     | KDClient 7 round 16 completed (acc=0.7117, n=90)
[2026-07-26 03:41:20] 2026-07-25 17:25:44 | INFO     | KDClient 8 fit round 16 (tier=medium)
[2026-07-26 03:41:20] 2026-07-25 17:25:44 | INFO     | KDClient 8 round 16 public KD (epochs=2)
[2026-07-26 03:41:20] 2026-07-25 17:26:24 | INFO     | KDClient 8 round 16 local training (epochs=4)
[2026-07-26 03:41:20] 2026-07-25 17:26:58 | INFO     | KDClient 8 round 16 completed (acc=0.7514, n=90)
[2026-07-26 03:41:20] 2026-07-25 17:26:58 | INFO     | KDClient 9 fit round 16 (tier=medium)
[2026-07-26 03:41:20] 2026-07-25 17:26:58 | INFO     | KDClient 9 round 16 public KD (epochs=2)
[2026-07-26 03:41:20] 2026-07-25 17:27:41 | INFO     | KDClient 9 round 16 local training (epochs=4)
[2026-07-26 03:41:20] 2026-07-25 17:28:12 | INFO     | KDClient 9 round 16 completed (acc=0.7153, n=90)
[2026-07-26 03:41:20] 2026-07-25 17:28:12 | INFO     | KDClient 10 fit round 16 (tier=medium)
[2026-07-26 03:41:20] 2026-07-25 17:28:12 | INFO     | KDClient 10 round 16 public KD (epochs=2)
[2026-07-26 03:41:20] 2026-07-25 17:28:55 | INFO     | KDClient 10 round 16 local training (epochs=4)
[2026-07-26 03:41:20] 2026-07-25 17:29:31 | INFO     | KDClient 10 round 16 completed (acc=0.7297, n=90)
[2026-07-26 03:41:20] 2026-07-25 17:29:31 | INFO     | KDClient 11 fit round 16 (tier=medium)
[2026-07-26 03:41:20] 2026-07-25 17:29:31 | INFO     | KDClient 11 round 16 public KD (epochs=2)
[2026-07-26 03:41:20] 2026-07-25 17:30:12 | INFO     | KDClient 11 round 16 local training (epochs=4)
[2026-07-26 03:41:20] 2026-07-25 17:30:50 | INFO     | KDClient 11 round 16 completed (acc=0.7405, n=90)
[2026-07-26 03:41:20] 2026-07-25 17:30:50 | INFO     | KDClient 12 fit round 16 (tier=medium)
[2026-07-26 03:41:20] 2026-07-25 17:30:50 | INFO     | KDClient 12 round 16 public KD (epochs=2)
[2026-07-26 03:41:20] 2026-07-25 17:31:36 | INFO     | KDClient 12 round 16 local training (epochs=4)
[2026-07-26 03:41:20] 2026-07-25 17:32:12 | INFO     | KDClient 12 round 16 completed (acc=0.7495, n=90)
[2026-07-26 03:41:20] 2026-07-25 17:32:12 | INFO     | KDClient 13 fit round 16 (tier=medium)
[2026-07-26 03:41:20] 2026-07-25 17:32:12 | INFO     | KDClient 13 round 16 public KD (epochs=2)
[2026-07-26 03:41:20] 2026-07-25 17:33:18 | INFO     | KDClient 13 round 16 local training (epochs=4)
[2026-07-26 03:41:20] 2026-07-25 17:33:58 | INFO     | KDClient 13 round 16 completed (acc=0.7405, n=90)
[2026-07-26 03:41:20] 2026-07-25 17:33:58 | INFO     | KDClient 14 fit round 16 (tier=large)
[2026-07-26 03:41:20] 2026-07-25 17:33:58 | INFO     | KDClient 14 round 16 public KD (epochs=2)
[2026-07-26 03:41:20] 2026-07-25 17:35:12 | INFO     | KDClient 14 round 16 local training (epochs=4)
[2026-07-26 03:41:20] 2026-07-25 17:36:07 | INFO     | KDClient 14 round 16 completed (acc=0.7856, n=90)
[2026-07-26 03:41:20] 2026-07-25 17:36:07 | INFO     | KDClient 15 fit round 16 (tier=large)
[2026-07-26 03:41:20] 2026-07-25 17:36:07 | INFO     | KDClient 15 round 16 public KD (epochs=2)
[2026-07-26 03:41:20] 2026-07-25 17:37:15 | INFO     | KDClient 15 round 16 local training (epochs=4)
[2026-07-26 03:41:20] 2026-07-25 17:38:08 | INFO     | KDClient 15 round 16 completed (acc=0.7459, n=90)
[2026-07-26 03:41:20] 2026-07-25 17:38:08 | INFO     | KDClient 16 fit round 16 (tier=large)
[2026-07-26 03:41:20] 2026-07-25 17:38:08 | INFO     | KDClient 16 round 16 public KD (epochs=2)
[2026-07-26 03:41:20] 2026-07-25 17:39:16 | INFO     | KDClient 16 round 16 local training (epochs=4)
[2026-07-26 03:41:20] 2026-07-25 17:40:17 | INFO     | KDClient 16 round 16 completed (acc=0.7766, n=90)
[2026-07-26 03:41:20] 2026-07-25 17:40:17 | INFO     | KDClient 17 fit round 16 (tier=large)
[2026-07-26 03:41:20] 2026-07-25 17:40:17 | INFO     | KDClient 17 round 16 public KD (epochs=2)
[2026-07-26 03:41:20] 2026-07-25 17:41:33 | INFO     | KDClient 17 round 16 local training (epochs=4)
[2026-07-26 03:41:20] 2026-07-25 17:42:42 | INFO     | KDClient 17 round 16 completed (acc=0.6541, n=90)
[2026-07-26 03:41:20] 2026-07-25 17:42:42 | INFO     | KDClient 18 fit round 16 (tier=large)
[2026-07-26 03:41:20] 2026-07-25 17:42:42 | INFO     | KDClient 18 round 16 public KD (epochs=2)
[2026-07-26 03:41:20] 2026-07-25 17:43:49 | INFO     | KDClient 18 round 16 local training (epochs=4)
[2026-07-26 03:41:20] 2026-07-25 17:44:49 | INFO     | KDClient 18 round 16 completed (acc=0.7081, n=90)
[2026-07-26 03:41:20] 2026-07-25 17:44:49 | INFO     | KDClient 19 fit round 16 (tier=large)
[2026-07-26 03:41:20] 2026-07-25 17:44:49 | INFO     | KDClient 19 round 16 public KD (epochs=2)
[2026-07-26 03:41:20] 2026-07-25 17:45:35 | INFO     | KDClient 19 round 16 local training (epochs=4)
[2026-07-26 03:41:20] 2026-07-25 17:46:13 | INFO     | KDClient 19 round 16 completed (acc=0.7820, n=90)
[2026-07-26 03:41:20] 2026-07-25 17:46:13 | INFO     | MKS — IID: round 16/50 aggregated 3 cluster weights
[2026-07-26 03:41:20]   Round  16/50 | Avg: 0.7311 | Min: 0.6541 | Max: 0.7856
[2026-07-26 03:41:20] 2026-07-25 17:46:13 | INFO     | MKS — IID: round 17/50 starting
[2026-07-26 03:41:20] 2026-07-25 17:46:13 | INFO     | KDClient 0 fit round 17 (tier=small)
[2026-07-26 03:41:20] 2026-07-25 17:46:13 | INFO     | KDClient 0 round 17 public KD (epochs=2)
[2026-07-26 03:41:20] 2026-07-25 17:46:23 | INFO     | KDClient 0 round 17 local training (epochs=4)
[2026-07-26 03:41:20] 2026-07-25 17:46:31 | INFO     | KDClient 0 round 17 completed (acc=0.7189, n=90)
[2026-07-26 03:41:20] 2026-07-25 17:46:31 | INFO     | KDClient 1 fit round 17 (tier=small)
[2026-07-26 03:41:20] 2026-07-25 17:46:31 | INFO     | KDClient 1 round 17 public KD (epochs=2)
[2026-07-26 03:41:20] 2026-07-25 17:46:42 | INFO     | KDClient 1 round 17 local training (epochs=4)
[2026-07-26 03:41:20] 2026-07-25 17:46:50 | INFO     | KDClient 1 round 17 completed (acc=0.5802, n=90)
[2026-07-26 03:41:20] 2026-07-25 17:46:50 | INFO     | KDClient 2 fit round 17 (tier=small)
[2026-07-26 03:41:20] 2026-07-25 17:46:50 | INFO     | KDClient 2 round 17 public KD (epochs=2)
[2026-07-26 03:41:20] 2026-07-25 17:47:01 | INFO     | KDClient 2 round 17 local training (epochs=4)
[2026-07-26 03:41:20] 2026-07-25 17:47:11 | INFO     | KDClient 2 round 17 completed (acc=0.7766, n=90)
[2026-07-26 03:41:20] 2026-07-25 17:47:11 | INFO     | KDClient 3 fit round 17 (tier=small)
[2026-07-26 03:41:20] 2026-07-25 17:47:11 | INFO     | KDClient 3 round 17 public KD (epochs=2)
[2026-07-26 03:41:20] 2026-07-25 17:47:23 | INFO     | KDClient 3 round 17 local training (epochs=4)
[2026-07-26 03:41:20] 2026-07-25 17:47:32 | INFO     | KDClient 3 round 17 completed (acc=0.6811, n=90)
[2026-07-26 03:41:20] 2026-07-25 17:47:32 | INFO     | KDClient 4 fit round 17 (tier=small)
[2026-07-26 03:41:20] 2026-07-25 17:47:32 | INFO     | KDClient 4 round 17 public KD (epochs=2)
[2026-07-26 03:41:20] 2026-07-25 17:47:43 | INFO     | KDClient 4 round 17 local training (epochs=4)
[2026-07-26 03:41:20] 2026-07-25 17:47:53 | INFO     | KDClient 4 round 17 completed (acc=0.7640, n=90)
[2026-07-26 03:41:20] 2026-07-25 17:47:53 | INFO     | KDClient 5 fit round 17 (tier=small)
[2026-07-26 03:41:20] 2026-07-25 17:47:53 | INFO     | KDClient 5 round 17 public KD (epochs=2)
[2026-07-26 03:41:20] 2026-07-25 17:48:05 | INFO     | KDClient 5 round 17 local training (epochs=4)
[2026-07-26 03:41:20] 2026-07-25 17:48:15 | INFO     | KDClient 5 round 17 completed (acc=0.7676, n=90)
[2026-07-26 03:41:20] 2026-07-25 17:48:15 | INFO     | KDClient 6 fit round 17 (tier=small)
[2026-07-26 03:41:20] 2026-07-25 17:48:15 | INFO     | KDClient 6 round 17 public KD (epochs=2)
[2026-07-26 03:41:20] 2026-07-25 17:48:32 | INFO     | KDClient 6 round 17 local training (epochs=4)
[2026-07-26 03:41:20] 2026-07-25 17:48:43 | INFO     | KDClient 6 round 17 completed (acc=0.7441, n=90)
[2026-07-26 03:41:20] 2026-07-25 17:48:43 | INFO     | KDClient 7 fit round 17 (tier=medium)
[2026-07-26 03:41:20] 2026-07-25 17:48:43 | INFO     | KDClient 7 round 17 public KD (epochs=2)
[2026-07-26 03:41:20] 2026-07-25 17:49:16 | INFO     | KDClient 7 round 17 local training (epochs=4)
[2026-07-26 03:41:20] 2026-07-25 17:49:47 | INFO     | KDClient 7 round 17 completed (acc=0.7640, n=90)
[2026-07-26 03:41:20] 2026-07-25 17:49:47 | INFO     | KDClient 8 fit round 17 (tier=medium)
[2026-07-26 03:41:20] 2026-07-25 17:49:47 | INFO     | KDClient 8 round 17 public KD (epochs=2)
[2026-07-26 03:41:20] 2026-07-25 17:50:26 | INFO     | KDClient 8 round 17 local training (epochs=4)
[2026-07-26 03:41:20] 2026-07-25 17:51:01 | INFO     | KDClient 8 round 17 completed (acc=0.7622, n=90)
[2026-07-26 03:41:20] 2026-07-25 17:51:01 | INFO     | KDClient 9 fit round 17 (tier=medium)
[2026-07-26 03:41:20] 2026-07-25 17:51:01 | INFO     | KDClient 9 round 17 public KD (epochs=2)
[2026-07-26 03:41:20] 2026-07-25 17:51:44 | INFO     | KDClient 9 round 17 local training (epochs=4)
[2026-07-26 03:41:20] 2026-07-25 17:52:16 | INFO     | KDClient 9 round 17 completed (acc=0.7405, n=90)
[2026-07-26 03:41:20] 2026-07-25 17:52:16 | INFO     | KDClient 10 fit round 17 (tier=medium)
[2026-07-26 03:41:20] 2026-07-25 17:52:16 | INFO     | KDClient 10 round 17 public KD (epochs=2)
[2026-07-26 03:41:20] 2026-07-25 17:52:59 | INFO     | KDClient 10 round 17 local training (epochs=4)
[2026-07-26 03:41:20] 2026-07-25 17:53:32 | INFO     | KDClient 10 round 17 completed (acc=0.6955, n=90)
[2026-07-26 03:41:20] 2026-07-25 17:53:32 | INFO     | KDClient 11 fit round 17 (tier=medium)
[2026-07-26 03:41:20] 2026-07-25 17:53:32 | INFO     | KDClient 11 round 17 public KD (epochs=2)
[2026-07-26 03:41:20] 2026-07-25 17:54:14 | INFO     | KDClient 11 round 17 local training (epochs=4)
[2026-07-26 03:41:20] 2026-07-25 17:54:49 | INFO     | KDClient 11 round 17 completed (acc=0.7514, n=90)
[2026-07-26 03:41:20] 2026-07-25 17:54:49 | INFO     | KDClient 12 fit round 17 (tier=medium)
[2026-07-26 03:41:20] 2026-07-25 17:54:49 | INFO     | KDClient 12 round 17 public KD (epochs=2)
[2026-07-26 03:41:20] 2026-07-25 17:55:36 | INFO     | KDClient 12 round 17 local training (epochs=4)
[2026-07-26 03:41:20] 2026-07-25 17:56:12 | INFO     | KDClient 12 round 17 completed (acc=0.7333, n=90)
[2026-07-26 03:41:20] 2026-07-25 17:56:12 | INFO     | KDClient 13 fit round 17 (tier=medium)
[2026-07-26 03:41:20] 2026-07-25 17:56:12 | INFO     | KDClient 13 round 17 public KD (epochs=2)
[2026-07-26 03:41:20] 2026-07-25 17:57:02 | INFO     | KDClient 13 round 17 local training (epochs=4)
[2026-07-26 03:41:20] 2026-07-25 17:57:37 | INFO     | KDClient 13 round 17 completed (acc=0.7081, n=90)
[2026-07-26 03:41:20] 2026-07-25 17:57:37 | INFO     | KDClient 14 fit round 17 (tier=large)
[2026-07-26 03:41:20] 2026-07-25 17:57:37 | INFO     | KDClient 14 round 17 public KD (epochs=2)
[2026-07-26 03:41:20] 2026-07-25 17:58:49 | INFO     | KDClient 14 round 17 local training (epochs=4)
[2026-07-26 03:41:20] 2026-07-25 17:59:46 | INFO     | KDClient 14 round 17 completed (acc=0.7405, n=90)
[2026-07-26 03:41:20] 2026-07-25 17:59:46 | INFO     | KDClient 15 fit round 17 (tier=large)
[2026-07-26 03:41:20] 2026-07-25 17:59:46 | INFO     | KDClient 15 round 17 public KD (epochs=2)
[2026-07-26 03:41:20] 2026-07-25 18:00:54 | INFO     | KDClient 15 round 17 local training (epochs=4)
[2026-07-26 03:41:20] 2026-07-25 18:01:47 | INFO     | KDClient 15 round 17 completed (acc=0.7694, n=90)
[2026-07-26 03:41:20] 2026-07-25 18:01:47 | INFO     | KDClient 16 fit round 17 (tier=large)
[2026-07-26 03:41:20] 2026-07-25 18:01:47 | INFO     | KDClient 16 round 17 public KD (epochs=2)
[2026-07-26 03:41:20] 2026-07-25 18:02:59 | INFO     | KDClient 16 round 17 local training (epochs=4)
[2026-07-26 03:41:20] 2026-07-25 18:04:08 | INFO     | KDClient 16 round 17 completed (acc=0.7081, n=90)
[2026-07-26 03:41:20] 2026-07-25 18:04:08 | INFO     | KDClient 17 fit round 17 (tier=large)
[2026-07-26 03:41:20] 2026-07-25 18:04:08 | INFO     | KDClient 17 round 17 public KD (epochs=2)
[2026-07-26 03:41:20] 2026-07-25 18:05:24 | INFO     | KDClient 17 round 17 local training (epochs=4)
[2026-07-26 03:41:20] 2026-07-25 18:06:24 | INFO     | KDClient 17 round 17 completed (acc=0.7243, n=90)
[2026-07-26 03:41:20] 2026-07-25 18:06:24 | INFO     | KDClient 18 fit round 17 (tier=large)
[2026-07-26 03:41:20] 2026-07-25 18:06:24 | INFO     | KDClient 18 round 17 public KD (epochs=2)
[2026-07-26 03:41:20] 2026-07-25 18:07:29 | INFO     | KDClient 18 round 17 local training (epochs=4)
[2026-07-26 03:41:20] 2026-07-25 18:08:24 | INFO     | KDClient 18 round 17 completed (acc=0.7568, n=90)
[2026-07-26 03:41:20] 2026-07-25 18:08:24 | INFO     | KDClient 19 fit round 17 (tier=large)
[2026-07-26 03:41:20] 2026-07-25 18:08:24 | INFO     | KDClient 19 round 17 public KD (epochs=2)
[2026-07-26 03:41:20] 2026-07-25 18:09:37 | INFO     | KDClient 19 round 17 local training (epochs=4)
[2026-07-26 03:41:20] 2026-07-25 18:10:21 | INFO     | KDClient 19 round 17 completed (acc=0.7045, n=90)
[2026-07-26 03:41:20] 2026-07-25 18:10:21 | INFO     | MKS — IID: round 17/50 aggregated 3 cluster weights
[2026-07-26 03:41:20]   Round  17/50 | Avg: 0.7295 | Min: 0.5802 | Max: 0.7766
[2026-07-26 03:41:20] 2026-07-25 18:10:21 | INFO     | MKS — IID: round 18/50 starting
[2026-07-26 03:41:20] 2026-07-25 18:10:21 | INFO     | KDClient 0 fit round 18 (tier=small)
[2026-07-26 03:41:20] 2026-07-25 18:10:21 | INFO     | KDClient 0 round 18 public KD (epochs=2)
[2026-07-26 03:41:20] 2026-07-25 18:10:33 | INFO     | KDClient 0 round 18 local training (epochs=4)
[2026-07-26 03:41:20] 2026-07-25 18:10:44 | INFO     | KDClient 0 round 18 completed (acc=0.7459, n=90)
[2026-07-26 03:41:20] 2026-07-25 18:10:44 | INFO     | KDClient 1 fit round 18 (tier=small)
[2026-07-26 03:41:20] 2026-07-25 18:10:44 | INFO     | KDClient 1 round 18 public KD (epochs=2)
[2026-07-26 03:41:20] 2026-07-25 18:10:56 | INFO     | KDClient 1 round 18 local training (epochs=4)
[2026-07-26 03:41:20] 2026-07-25 18:11:07 | INFO     | KDClient 1 round 18 completed (acc=0.7640, n=90)
[2026-07-26 03:41:20] 2026-07-25 18:11:07 | INFO     | KDClient 2 fit round 18 (tier=small)
[2026-07-26 03:41:20] 2026-07-25 18:11:07 | INFO     | KDClient 2 round 18 public KD (epochs=2)
[2026-07-26 03:41:20] 2026-07-25 18:11:20 | INFO     | KDClient 2 round 18 local training (epochs=4)
[2026-07-26 03:41:20] 2026-07-25 18:11:31 | INFO     | KDClient 2 round 18 completed (acc=0.7153, n=90)
[2026-07-26 03:41:20] 2026-07-25 18:11:31 | INFO     | KDClient 3 fit round 18 (tier=small)
[2026-07-26 03:41:20] 2026-07-25 18:11:31 | INFO     | KDClient 3 round 18 public KD (epochs=2)
[2026-07-26 03:41:20] 2026-07-25 18:11:43 | INFO     | KDClient 3 round 18 local training (epochs=4)
[2026-07-26 03:41:20] 2026-07-25 18:11:52 | INFO     | KDClient 3 round 18 completed (acc=0.7550, n=90)
[2026-07-26 03:41:20] 2026-07-25 18:11:52 | INFO     | KDClient 4 fit round 18 (tier=small)
[2026-07-26 03:41:20] 2026-07-25 18:11:52 | INFO     | KDClient 4 round 18 public KD (epochs=2)
[2026-07-26 03:41:20] 2026-07-25 18:12:03 | INFO     | KDClient 4 round 18 local training (epochs=4)
[2026-07-26 03:41:20] 2026-07-25 18:12:13 | INFO     | KDClient 4 round 18 completed (acc=0.7676, n=90)
[2026-07-26 03:41:20] 2026-07-25 18:12:13 | INFO     | KDClient 5 fit round 18 (tier=small)
[2026-07-26 03:41:20] 2026-07-25 18:12:13 | INFO     | KDClient 5 round 18 public KD (epochs=2)
[2026-07-26 03:41:20] 2026-07-25 18:12:31 | INFO     | KDClient 5 round 18 local training (epochs=4)
[2026-07-26 03:41:20] 2026-07-25 18:12:41 | INFO     | KDClient 5 round 18 completed (acc=0.7495, n=90)
[2026-07-26 03:41:20] 2026-07-25 18:12:41 | INFO     | KDClient 6 fit round 18 (tier=small)
[2026-07-26 03:41:20] 2026-07-25 18:12:41 | INFO     | KDClient 6 round 18 public KD (epochs=2)
[2026-07-26 03:41:20] 2026-07-25 18:12:54 | INFO     | KDClient 6 round 18 local training (epochs=4)
[2026-07-26 03:41:20] 2026-07-25 18:13:04 | INFO     | KDClient 6 round 18 completed (acc=0.7676, n=90)
[2026-07-26 03:41:20] 2026-07-25 18:13:04 | INFO     | KDClient 7 fit round 18 (tier=medium)
[2026-07-26 03:41:20] 2026-07-25 18:13:04 | INFO     | KDClient 7 round 18 public KD (epochs=2)
[2026-07-26 03:41:20] 2026-07-25 18:13:43 | INFO     | KDClient 7 round 18 local training (epochs=4)
[2026-07-26 03:41:20] 2026-07-25 18:14:13 | INFO     | KDClient 7 round 18 completed (acc=0.7712, n=90)
[2026-07-26 03:41:20] 2026-07-25 18:14:13 | INFO     | KDClient 8 fit round 18 (tier=medium)
[2026-07-26 03:41:20] 2026-07-25 18:14:13 | INFO     | KDClient 8 round 18 public KD (epochs=2)
[2026-07-26 03:41:20] 2026-07-25 18:14:52 | INFO     | KDClient 8 round 18 local training (epochs=4)
[2026-07-26 03:41:20] 2026-07-25 18:15:28 | INFO     | KDClient 8 round 18 completed (acc=0.7423, n=90)
[2026-07-26 03:41:20] 2026-07-25 18:15:28 | INFO     | KDClient 9 fit round 18 (tier=medium)
[2026-07-26 03:41:20] 2026-07-25 18:15:28 | INFO     | KDClient 9 round 18 public KD (epochs=2)
[2026-07-26 03:41:20] 2026-07-25 18:16:11 | INFO     | KDClient 9 round 18 local training (epochs=4)
[2026-07-26 03:41:20] 2026-07-25 18:16:38 | INFO     | KDClient 9 round 18 completed (acc=0.7423, n=90)
[2026-07-26 03:41:20] 2026-07-25 18:16:38 | INFO     | KDClient 10 fit round 18 (tier=medium)
[2026-07-26 03:41:20] 2026-07-25 18:16:38 | INFO     | KDClient 10 round 18 public KD (epochs=2)
[2026-07-26 03:41:20] 2026-07-25 18:17:20 | INFO     | KDClient 10 round 18 local training (epochs=4)
[2026-07-26 03:41:20] 2026-07-25 18:17:52 | INFO     | KDClient 10 round 18 completed (acc=0.7586, n=90)
[2026-07-26 03:41:20] 2026-07-25 18:17:52 | INFO     | KDClient 11 fit round 18 (tier=medium)
[2026-07-26 03:41:20] 2026-07-25 18:17:52 | INFO     | KDClient 11 round 18 public KD (epochs=2)
[2026-07-26 03:41:20] 2026-07-25 18:18:35 | INFO     | KDClient 11 round 18 local training (epochs=4)
[2026-07-26 03:41:20] 2026-07-25 18:19:10 | INFO     | KDClient 11 round 18 completed (acc=0.5910, n=90)
[2026-07-26 03:41:20] 2026-07-25 18:19:10 | INFO     | KDClient 12 fit round 18 (tier=medium)
[2026-07-26 03:41:20] 2026-07-25 18:19:10 | INFO     | KDClient 12 round 18 public KD (epochs=2)
[2026-07-26 03:41:20] 2026-07-25 18:19:55 | INFO     | KDClient 12 round 18 local training (epochs=4)
[2026-07-26 03:41:20] 2026-07-25 18:20:28 | INFO     | KDClient 12 round 18 completed (acc=0.6739, n=90)
[2026-07-26 03:41:20] 2026-07-25 18:20:28 | INFO     | KDClient 13 fit round 18 (tier=medium)
[2026-07-26 03:41:20] 2026-07-25 18:20:28 | INFO     | KDClient 13 round 18 public KD (epochs=2)
[2026-07-26 03:41:20] 2026-07-25 18:21:11 | INFO     | KDClient 13 round 18 local training (epochs=4)
[2026-07-26 03:41:20] 2026-07-25 18:21:53 | INFO     | KDClient 13 round 18 completed (acc=0.7568, n=90)
[2026-07-26 03:41:20] 2026-07-25 18:21:53 | INFO     | KDClient 14 fit round 18 (tier=large)
[2026-07-26 03:41:20] 2026-07-25 18:21:53 | INFO     | KDClient 14 round 18 public KD (epochs=2)
[2026-07-26 03:41:20] 2026-07-25 18:23:00 | INFO     | KDClient 14 round 18 local training (epochs=4)
[2026-07-26 03:41:20] 2026-07-25 18:24:09 | INFO     | KDClient 14 round 18 completed (acc=0.7243, n=90)
[2026-07-26 03:41:20] 2026-07-25 18:24:09 | INFO     | KDClient 15 fit round 18 (tier=large)
[2026-07-26 03:41:20] 2026-07-25 18:24:09 | INFO     | KDClient 15 round 18 public KD (epochs=2)
[2026-07-26 03:41:20] 2026-07-25 18:25:13 | INFO     | KDClient 15 round 18 local training (epochs=4)
[2026-07-26 03:41:20] 2026-07-25 18:26:12 | INFO     | KDClient 15 round 18 completed (acc=0.7694, n=90)
[2026-07-26 03:41:20] 2026-07-25 18:26:12 | INFO     | KDClient 16 fit round 18 (tier=large)
[2026-07-26 03:41:20] 2026-07-25 18:26:12 | INFO     | KDClient 16 round 18 public KD (epochs=2)
[2026-07-26 03:41:20] 2026-07-25 18:27:26 | INFO     | KDClient 16 round 18 local training (epochs=4)
[2026-07-26 03:41:20] 2026-07-25 18:28:25 | INFO     | KDClient 16 round 18 completed (acc=0.7441, n=90)
[2026-07-26 03:41:20] 2026-07-25 18:28:25 | INFO     | KDClient 17 fit round 18 (tier=large)
[2026-07-26 03:41:20] 2026-07-25 18:28:25 | INFO     | KDClient 17 round 18 public KD (epochs=2)
[2026-07-26 03:41:20] 2026-07-25 18:29:33 | INFO     | KDClient 17 round 18 local training (epochs=4)
[2026-07-26 03:41:20] 2026-07-25 18:30:29 | INFO     | KDClient 17 round 18 completed (acc=0.7135, n=90)
[2026-07-26 03:41:20] 2026-07-25 18:30:29 | INFO     | KDClient 18 fit round 18 (tier=large)
[2026-07-26 03:41:20] 2026-07-25 18:30:29 | INFO     | KDClient 18 round 18 public KD (epochs=2)
[2026-07-26 03:41:20] 2026-07-25 18:31:36 | INFO     | KDClient 18 round 18 local training (epochs=4)
[2026-07-26 03:41:20] 2026-07-25 18:32:30 | INFO     | KDClient 18 round 18 completed (acc=0.6649, n=90)
[2026-07-26 03:41:20] 2026-07-25 18:32:30 | INFO     | KDClient 19 fit round 18 (tier=large)
[2026-07-26 03:41:20] 2026-07-25 18:32:30 | INFO     | KDClient 19 round 18 public KD (epochs=2)
[2026-07-26 03:41:20] 2026-07-25 18:33:32 | INFO     | KDClient 19 round 18 local training (epochs=4)
[2026-07-26 03:41:20] 2026-07-25 18:34:15 | INFO     | KDClient 19 round 18 completed (acc=0.6883, n=90)
[2026-07-26 03:41:20] 2026-07-25 18:34:15 | INFO     | MKS — IID: round 18/50 aggregated 3 cluster weights
[2026-07-26 03:41:20]   Round  18/50 | Avg: 0.7303 | Min: 0.5910 | Max: 0.7712
[2026-07-26 03:41:20] 2026-07-25 18:34:15 | INFO     | MKS — IID: round 19/50 starting
[2026-07-26 03:41:20] 2026-07-25 18:34:15 | INFO     | KDClient 0 fit round 19 (tier=small)
[2026-07-26 03:41:20] 2026-07-25 18:34:15 | INFO     | KDClient 0 round 19 public KD (epochs=2)
[2026-07-26 03:41:20] 2026-07-25 18:34:29 | INFO     | KDClient 0 round 19 local training (epochs=4)
[2026-07-26 03:41:20] 2026-07-25 18:34:41 | INFO     | KDClient 0 round 19 completed (acc=0.6180, n=90)
[2026-07-26 03:41:20] 2026-07-25 18:34:41 | INFO     | KDClient 1 fit round 19 (tier=small)
[2026-07-26 03:41:20] 2026-07-25 18:34:41 | INFO     | KDClient 1 round 19 public KD (epochs=2)
[2026-07-26 03:41:20] 2026-07-25 18:34:53 | INFO     | KDClient 1 round 19 local training (epochs=4)
[2026-07-26 03:41:20] 2026-07-25 18:35:05 | INFO     | KDClient 1 round 19 completed (acc=0.7495, n=90)
[2026-07-26 03:41:20] 2026-07-25 18:35:05 | INFO     | KDClient 2 fit round 19 (tier=small)
[2026-07-26 03:41:20] 2026-07-25 18:35:05 | INFO     | KDClient 2 round 19 public KD (epochs=2)
[2026-07-26 03:41:20] 2026-07-25 18:35:26 | INFO     | KDClient 2 round 19 local training (epochs=4)
[2026-07-26 03:41:20] 2026-07-25 18:35:36 | INFO     | KDClient 2 round 19 completed (acc=0.7766, n=90)
[2026-07-26 03:41:20] 2026-07-25 18:35:36 | INFO     | KDClient 3 fit round 19 (tier=small)
[2026-07-26 03:41:20] 2026-07-25 18:35:36 | INFO     | KDClient 3 round 19 public KD (epochs=2)
[2026-07-26 03:41:20] 2026-07-25 18:35:50 | INFO     | KDClient 3 round 19 local training (epochs=4)
[2026-07-26 03:41:20] 2026-07-25 18:36:02 | INFO     | KDClient 3 round 19 completed (acc=0.7622, n=90)
[2026-07-26 03:41:20] 2026-07-25 18:36:02 | INFO     | KDClient 4 fit round 19 (tier=small)
[2026-07-26 03:41:20] 2026-07-25 18:36:02 | INFO     | KDClient 4 round 19 public KD (epochs=2)
[2026-07-26 03:41:20] 2026-07-25 18:36:19 | INFO     | KDClient 4 round 19 local training (epochs=4)
[2026-07-26 03:41:20] 2026-07-25 18:36:31 | INFO     | KDClient 4 round 19 completed (acc=0.7838, n=90)
[2026-07-26 03:41:20] 2026-07-25 18:36:31 | INFO     | KDClient 5 fit round 19 (tier=small)
[2026-07-26 03:41:20] 2026-07-25 18:36:31 | INFO     | KDClient 5 round 19 public KD (epochs=2)
[2026-07-26 03:41:20] 2026-07-25 18:36:44 | INFO     | KDClient 5 round 19 local training (epochs=4)
[2026-07-26 03:41:20] 2026-07-25 18:36:56 | INFO     | KDClient 5 round 19 completed (acc=0.7694, n=90)
[2026-07-26 03:41:20] 2026-07-25 18:36:56 | INFO     | KDClient 6 fit round 19 (tier=small)
[2026-07-26 03:41:20] 2026-07-25 18:36:56 | INFO     | KDClient 6 round 19 public KD (epochs=2)
[2026-07-26 03:41:20] 2026-07-25 18:37:08 | INFO     | KDClient 6 round 19 local training (epochs=4)
[2026-07-26 03:41:20] 2026-07-25 18:37:19 | INFO     | KDClient 6 round 19 completed (acc=0.7297, n=90)
[2026-07-26 03:41:20] 2026-07-25 18:37:19 | INFO     | KDClient 7 fit round 19 (tier=medium)
[2026-07-26 03:41:20] 2026-07-25 18:37:19 | INFO     | KDClient 7 round 19 public KD (epochs=2)
[2026-07-26 03:41:20] 2026-07-25 18:37:55 | INFO     | KDClient 7 round 19 local training (epochs=4)
[2026-07-26 03:41:20] 2026-07-25 18:38:24 | INFO     | KDClient 7 round 19 completed (acc=0.7712, n=90)
[2026-07-26 03:41:20] 2026-07-25 18:38:24 | INFO     | KDClient 8 fit round 19 (tier=medium)
[2026-07-26 03:41:20] 2026-07-25 18:38:24 | INFO     | KDClient 8 round 19 public KD (epochs=2)
[2026-07-26 03:41:20] 2026-07-25 18:39:06 | INFO     | KDClient 8 round 19 local training (epochs=4)
[2026-07-26 03:41:20] 2026-07-25 18:39:43 | INFO     | KDClient 8 round 19 completed (acc=0.7694, n=90)
[2026-07-26 03:41:20] 2026-07-25 18:39:43 | INFO     | KDClient 9 fit round 19 (tier=medium)
[2026-07-26 03:41:20] 2026-07-25 18:39:43 | INFO     | KDClient 9 round 19 public KD (epochs=2)
[2026-07-26 03:41:20] 2026-07-25 18:40:23 | INFO     | KDClient 9 round 19 local training (epochs=4)
[2026-07-26 03:41:20] 2026-07-25 18:40:54 | INFO     | KDClient 9 round 19 completed (acc=0.7027, n=90)
[2026-07-26 03:41:20] 2026-07-25 18:40:54 | INFO     | KDClient 10 fit round 19 (tier=medium)
[2026-07-26 03:41:20] 2026-07-25 18:40:54 | INFO     | KDClient 10 round 19 public KD (epochs=2)
[2026-07-26 03:41:20] 2026-07-25 18:41:38 | INFO     | KDClient 10 round 19 local training (epochs=4)
[2026-07-26 03:41:20] 2026-07-25 18:42:17 | INFO     | KDClient 10 round 19 completed (acc=0.7279, n=90)
[2026-07-26 03:41:20] 2026-07-25 18:42:17 | INFO     | KDClient 11 fit round 19 (tier=medium)
[2026-07-26 03:41:20] 2026-07-25 18:42:17 | INFO     | KDClient 11 round 19 public KD (epochs=2)
[2026-07-26 03:41:20] 2026-07-25 18:43:00 | INFO     | KDClient 11 round 19 local training (epochs=4)
[2026-07-26 03:41:20] 2026-07-25 18:43:34 | INFO     | KDClient 11 round 19 completed (acc=0.6685, n=90)
[2026-07-26 03:41:20] 2026-07-25 18:43:34 | INFO     | KDClient 12 fit round 19 (tier=medium)
[2026-07-26 03:41:20] 2026-07-25 18:43:34 | INFO     | KDClient 12 round 19 public KD (epochs=2)
[2026-07-26 03:41:20] 2026-07-25 18:44:17 | INFO     | KDClient 12 round 19 local training (epochs=4)
[2026-07-26 03:41:20] 2026-07-25 18:44:52 | INFO     | KDClient 12 round 19 completed (acc=0.7405, n=90)
[2026-07-26 03:41:20] 2026-07-25 18:44:52 | INFO     | KDClient 13 fit round 19 (tier=medium)
[2026-07-26 03:41:20] 2026-07-25 18:44:52 | INFO     | KDClient 13 round 19 public KD (epochs=2)
[2026-07-26 03:41:20] 2026-07-25 18:45:56 | INFO     | KDClient 13 round 19 local training (epochs=4)
[2026-07-26 03:41:20] 2026-07-25 18:46:27 | INFO     | KDClient 13 round 19 completed (acc=0.6595, n=90)
[2026-07-26 03:41:20] 2026-07-25 18:46:27 | INFO     | KDClient 14 fit round 19 (tier=large)
[2026-07-26 03:41:20] 2026-07-25 18:46:27 | INFO     | KDClient 14 round 19 public KD (epochs=2)
[2026-07-26 03:41:20] 2026-07-25 18:47:38 | INFO     | KDClient 14 round 19 local training (epochs=4)
[2026-07-26 03:41:20] 2026-07-25 18:48:40 | INFO     | KDClient 14 round 19 completed (acc=0.7315, n=90)
[2026-07-26 03:41:20] 2026-07-25 18:48:40 | INFO     | KDClient 15 fit round 19 (tier=large)
[2026-07-26 03:41:20] 2026-07-25 18:48:40 | INFO     | KDClient 15 round 19 public KD (epochs=2)
[2026-07-26 03:41:20] 2026-07-25 18:49:50 | INFO     | KDClient 15 round 19 local training (epochs=4)
[2026-07-26 03:41:20] 2026-07-25 18:50:39 | INFO     | KDClient 15 round 19 completed (acc=0.7766, n=90)
[2026-07-26 03:41:20] 2026-07-25 18:50:39 | INFO     | KDClient 16 fit round 19 (tier=large)
[2026-07-26 03:41:20] 2026-07-25 18:50:39 | INFO     | KDClient 16 round 19 public KD (epochs=2)
[2026-07-26 03:41:20] 2026-07-25 18:51:44 | INFO     | KDClient 16 round 19 local training (epochs=4)
[2026-07-26 03:41:20] 2026-07-25 18:52:38 | INFO     | KDClient 16 round 19 completed (acc=0.6847, n=90)
[2026-07-26 03:41:20] 2026-07-25 18:52:38 | INFO     | KDClient 17 fit round 19 (tier=large)
[2026-07-26 03:41:20] 2026-07-25 18:52:38 | INFO     | KDClient 17 round 19 public KD (epochs=2)
[2026-07-26 03:41:20] 2026-07-25 18:53:49 | INFO     | KDClient 17 round 19 local training (epochs=4)
[2026-07-26 03:41:20] 2026-07-25 18:54:47 | INFO     | KDClient 17 round 19 completed (acc=0.6991, n=90)
[2026-07-26 03:41:20] 2026-07-25 18:54:47 | INFO     | KDClient 18 fit round 19 (tier=large)
[2026-07-26 03:41:20] 2026-07-25 18:54:47 | INFO     | KDClient 18 round 19 public KD (epochs=2)
[2026-07-26 03:41:20] 2026-07-25 18:56:02 | INFO     | KDClient 18 round 19 local training (epochs=4)
[2026-07-26 03:41:20] 2026-07-25 18:56:47 | INFO     | KDClient 18 round 19 completed (acc=0.6234, n=90)
[2026-07-26 03:41:20] 2026-07-25 18:56:47 | INFO     | KDClient 19 fit round 19 (tier=large)
[2026-07-26 03:41:20] 2026-07-25 18:56:47 | INFO     | KDClient 19 round 19 public KD (epochs=2)
[2026-07-26 03:41:20] 2026-07-25 18:57:48 | INFO     | KDClient 19 round 19 local training (epochs=4)
[2026-07-26 03:41:20] 2026-07-25 18:58:36 | INFO     | KDClient 19 round 19 completed (acc=0.6613, n=90)
[2026-07-26 03:41:20] 2026-07-25 18:58:36 | INFO     | MKS — IID: round 19/50 aggregated 3 cluster weights
[2026-07-26 03:41:20]   Round  19/50 | Avg: 0.7203 | Min: 0.6180 | Max: 0.7838
[2026-07-26 03:41:20] 2026-07-25 18:58:36 | INFO     | MKS — IID: round 20/50 starting
[2026-07-26 03:41:20] 2026-07-25 18:58:36 | INFO     | KDClient 0 fit round 20 (tier=small)
[2026-07-26 03:41:20] 2026-07-25 18:58:36 | INFO     | KDClient 0 round 20 public KD (epochs=2)
[2026-07-26 03:41:20] 2026-07-25 18:58:48 | INFO     | KDClient 0 round 20 local training (epochs=4)
[2026-07-26 03:41:20] 2026-07-25 18:58:58 | INFO     | KDClient 0 round 20 completed (acc=0.6847, n=90)
[2026-07-26 03:41:20] 2026-07-25 18:58:58 | INFO     | KDClient 1 fit round 20 (tier=small)
[2026-07-26 03:41:20] 2026-07-25 18:58:58 | INFO     | KDClient 1 round 20 public KD (epochs=2)
[2026-07-26 03:41:20] 2026-07-25 18:59:10 | INFO     | KDClient 1 round 20 local training (epochs=4)
[2026-07-26 03:41:20] 2026-07-25 18:59:19 | INFO     | KDClient 1 round 20 completed (acc=0.7748, n=90)
[2026-07-26 03:41:20] 2026-07-25 18:59:19 | INFO     | KDClient 2 fit round 20 (tier=small)
[2026-07-26 03:41:20] 2026-07-25 18:59:19 | INFO     | KDClient 2 round 20 public KD (epochs=2)
[2026-07-26 03:41:20] 2026-07-25 18:59:30 | INFO     | KDClient 2 round 20 local training (epochs=4)
[2026-07-26 03:41:20] 2026-07-25 18:59:40 | INFO     | KDClient 2 round 20 completed (acc=0.7838, n=90)
[2026-07-26 03:41:20] 2026-07-25 18:59:40 | INFO     | KDClient 3 fit round 20 (tier=small)
[2026-07-26 03:41:20] 2026-07-25 18:59:40 | INFO     | KDClient 3 round 20 public KD (epochs=2)
[2026-07-26 03:41:20] 2026-07-25 18:59:54 | INFO     | KDClient 3 round 20 local training (epochs=4)
[2026-07-26 03:41:20] 2026-07-25 19:00:05 | INFO     | KDClient 3 round 20 completed (acc=0.7622, n=90)
[2026-07-26 03:41:20] 2026-07-25 19:00:05 | INFO     | KDClient 4 fit round 20 (tier=small)
[2026-07-26 03:41:20] 2026-07-25 19:00:05 | INFO     | KDClient 4 round 20 public KD (epochs=2)
[2026-07-26 03:41:20] 2026-07-25 19:00:21 | INFO     | KDClient 4 round 20 local training (epochs=4)
[2026-07-26 03:41:20] 2026-07-25 19:00:33 | INFO     | KDClient 4 round 20 completed (acc=0.7712, n=90)
[2026-07-26 03:41:20] 2026-07-25 19:00:33 | INFO     | KDClient 5 fit round 20 (tier=small)
[2026-07-26 03:41:20] 2026-07-25 19:00:33 | INFO     | KDClient 5 round 20 public KD (epochs=2)
[2026-07-26 03:41:20] 2026-07-25 19:00:45 | INFO     | KDClient 5 round 20 local training (epochs=4)
[2026-07-26 03:41:20] 2026-07-25 19:00:57 | INFO     | KDClient 5 round 20 completed (acc=0.7405, n=90)
[2026-07-26 03:41:20] 2026-07-25 19:00:57 | INFO     | KDClient 6 fit round 20 (tier=small)
[2026-07-26 03:41:20] 2026-07-25 19:00:57 | INFO     | KDClient 6 round 20 public KD (epochs=2)
[2026-07-26 03:41:20] 2026-07-25 19:01:10 | INFO     | KDClient 6 round 20 local training (epochs=4)
[2026-07-26 03:41:20] 2026-07-25 19:01:21 | INFO     | KDClient 6 round 20 completed (acc=0.7532, n=90)
[2026-07-26 03:41:20] 2026-07-25 19:01:21 | INFO     | KDClient 7 fit round 20 (tier=medium)
[2026-07-26 03:41:20] 2026-07-25 19:01:21 | INFO     | KDClient 7 round 20 public KD (epochs=2)
[2026-07-26 03:41:20] 2026-07-25 19:02:01 | INFO     | KDClient 7 round 20 local training (epochs=4)
[2026-07-26 03:41:20] 2026-07-25 19:02:39 | INFO     | KDClient 7 round 20 completed (acc=0.7658, n=90)
[2026-07-26 03:41:20] 2026-07-25 19:02:39 | INFO     | KDClient 8 fit round 20 (tier=medium)
[2026-07-26 03:41:20] 2026-07-25 19:02:39 | INFO     | KDClient 8 round 20 public KD (epochs=2)
[2026-07-26 03:41:20] 2026-07-25 19:03:19 | INFO     | KDClient 8 round 20 local training (epochs=4)
[2026-07-26 03:41:20] 2026-07-25 19:03:56 | INFO     | KDClient 8 round 20 completed (acc=0.3928, n=90)
[2026-07-26 03:41:20] 2026-07-25 19:03:56 | INFO     | KDClient 9 fit round 20 (tier=medium)
[2026-07-26 03:41:20] 2026-07-25 19:03:56 | INFO     | KDClient 9 round 20 public KD (epochs=2)
[2026-07-26 03:41:20] 2026-07-25 19:04:40 | INFO     | KDClient 9 round 20 local training (epochs=4)
[2026-07-26 03:41:20] 2026-07-25 19:05:13 | INFO     | KDClient 9 round 20 completed (acc=0.7207, n=90)
[2026-07-26 03:41:20] 2026-07-25 19:05:13 | INFO     | KDClient 10 fit round 20 (tier=medium)
[2026-07-26 03:41:20] 2026-07-25 19:05:13 | INFO     | KDClient 10 round 20 public KD (epochs=2)
[2026-07-26 03:41:20] 2026-07-25 19:05:58 | INFO     | KDClient 10 round 20 local training (epochs=4)
[2026-07-26 03:41:20] 2026-07-25 19:06:32 | INFO     | KDClient 10 round 20 completed (acc=0.7423, n=90)
[2026-07-26 03:41:20] 2026-07-25 19:06:32 | INFO     | KDClient 11 fit round 20 (tier=medium)
[2026-07-26 03:41:20] 2026-07-25 19:06:32 | INFO     | KDClient 11 round 20 public KD (epochs=2)
[2026-07-26 03:41:20] 2026-07-25 19:07:15 | INFO     | KDClient 11 round 20 local training (epochs=4)
[2026-07-26 03:41:20] 2026-07-25 19:07:55 | INFO     | KDClient 11 round 20 completed (acc=0.7459, n=90)
[2026-07-26 03:41:20] 2026-07-25 19:07:55 | INFO     | KDClient 12 fit round 20 (tier=medium)
[2026-07-26 03:41:20] 2026-07-25 19:07:55 | INFO     | KDClient 12 round 20 public KD (epochs=2)
[2026-07-26 03:41:20] 2026-07-25 19:08:37 | INFO     | KDClient 12 round 20 local training (epochs=4)
[2026-07-26 03:41:20] 2026-07-25 19:09:12 | INFO     | KDClient 12 round 20 completed (acc=0.7640, n=90)
[2026-07-26 03:41:20] 2026-07-25 19:09:12 | INFO     | KDClient 13 fit round 20 (tier=medium)
[2026-07-26 03:41:20] 2026-07-25 19:09:12 | INFO     | KDClient 13 round 20 public KD (epochs=2)
[2026-07-26 03:41:20] 2026-07-25 19:09:59 | INFO     | KDClient 13 round 20 local training (epochs=4)
[2026-07-26 03:41:20] 2026-07-25 19:10:32 | INFO     | KDClient 13 round 20 completed (acc=0.6793, n=90)
[2026-07-26 03:41:20] 2026-07-25 19:10:32 | INFO     | KDClient 14 fit round 20 (tier=large)
[2026-07-26 03:41:20] 2026-07-25 19:10:32 | INFO     | KDClient 14 round 20 public KD (epochs=2)
[2026-07-26 03:41:20] 2026-07-25 19:11:49 | INFO     | KDClient 14 round 20 local training (epochs=4)
[2026-07-26 03:41:20] 2026-07-25 19:12:37 | INFO     | KDClient 14 round 20 completed (acc=0.7784, n=90)
[2026-07-26 03:41:20] 2026-07-25 19:12:37 | INFO     | KDClient 15 fit round 20 (tier=large)
[2026-07-26 03:41:20] 2026-07-25 19:12:37 | INFO     | KDClient 15 round 20 public KD (epochs=2)
[2026-07-26 03:41:20] 2026-07-25 19:13:44 | INFO     | KDClient 15 round 20 local training (epochs=4)
[2026-07-26 03:41:20] 2026-07-25 19:14:36 | INFO     | KDClient 15 round 20 completed (acc=0.7712, n=90)
[2026-07-26 03:41:20] 2026-07-25 19:14:36 | INFO     | KDClient 16 fit round 20 (tier=large)
[2026-07-26 03:41:20] 2026-07-25 19:14:36 | INFO     | KDClient 16 round 20 public KD (epochs=2)
[2026-07-26 03:41:20] 2026-07-25 19:15:43 | INFO     | KDClient 16 round 20 local training (epochs=4)
[2026-07-26 03:41:20] 2026-07-25 19:16:52 | INFO     | KDClient 16 round 20 completed (acc=0.7423, n=90)
[2026-07-26 03:41:20] 2026-07-25 19:16:52 | INFO     | KDClient 17 fit round 20 (tier=large)
[2026-07-26 03:41:20] 2026-07-25 19:16:52 | INFO     | KDClient 17 round 20 public KD (epochs=2)
[2026-07-26 03:41:20] 2026-07-25 19:18:10 | INFO     | KDClient 17 round 20 local training (epochs=4)
[2026-07-26 03:41:20] 2026-07-25 19:19:14 | INFO     | KDClient 17 round 20 completed (acc=0.7297, n=90)
[2026-07-26 03:41:20] 2026-07-25 19:19:14 | INFO     | KDClient 18 fit round 20 (tier=large)
[2026-07-26 03:41:20] 2026-07-25 19:19:14 | INFO     | KDClient 18 round 20 public KD (epochs=2)
[2026-07-26 03:41:20] 2026-07-25 19:20:20 | INFO     | KDClient 18 round 20 local training (epochs=4)
[2026-07-26 03:41:20] 2026-07-25 19:21:07 | INFO     | KDClient 18 round 20 completed (acc=0.6324, n=90)
[2026-07-26 03:41:20] 2026-07-25 19:21:07 | INFO     | KDClient 19 fit round 20 (tier=large)
[2026-07-26 03:41:20] 2026-07-25 19:21:07 | INFO     | KDClient 19 round 20 public KD (epochs=2)
[2026-07-26 03:41:20] 2026-07-25 19:22:02 | INFO     | KDClient 19 round 20 local training (epochs=4)
[2026-07-26 03:41:20] 2026-07-25 19:22:45 | INFO     | KDClient 19 round 20 completed (acc=0.7586, n=90)
[2026-07-26 03:41:20] 2026-07-25 19:22:45 | INFO     | MKS — IID: round 20/50 aggregated 3 cluster weights
[2026-07-26 03:41:20]   Round  20/50 | Avg: 0.7247 | Min: 0.3928 | Max: 0.7838
[2026-07-26 03:41:20] 2026-07-25 19:22:45 | INFO     | MKS — IID: round 21/50 starting
[2026-07-26 03:41:20] 2026-07-25 19:22:45 | INFO     | KDClient 0 fit round 21 (tier=small)
[2026-07-26 03:41:20] 2026-07-25 19:22:45 | INFO     | KDClient 0 round 21 public KD (epochs=2)
[2026-07-26 03:41:20] 2026-07-25 19:23:02 | INFO     | KDClient 0 round 21 local training (epochs=4)
[2026-07-26 03:41:20] 2026-07-25 19:23:12 | INFO     | KDClient 0 round 21 completed (acc=0.7694, n=90)
[2026-07-26 03:41:20] 2026-07-25 19:23:12 | INFO     | KDClient 1 fit round 21 (tier=small)
[2026-07-26 03:41:20] 2026-07-25 19:23:12 | INFO     | KDClient 1 round 21 public KD (epochs=2)
[2026-07-26 03:41:20] 2026-07-25 19:23:24 | INFO     | KDClient 1 round 21 local training (epochs=4)
[2026-07-26 03:41:20] 2026-07-25 19:23:36 | INFO     | KDClient 1 round 21 completed (acc=0.7838, n=90)
[2026-07-26 03:41:20] 2026-07-25 19:23:36 | INFO     | KDClient 2 fit round 21 (tier=small)
[2026-07-26 03:41:20] 2026-07-25 19:23:36 | INFO     | KDClient 2 round 21 public KD (epochs=2)
[2026-07-26 03:41:20] 2026-07-25 19:23:49 | INFO     | KDClient 2 round 21 local training (epochs=4)
[2026-07-26 03:41:20] 2026-07-25 19:24:00 | INFO     | KDClient 2 round 21 completed (acc=0.7712, n=90)
[2026-07-26 03:41:20] 2026-07-25 19:24:00 | INFO     | KDClient 3 fit round 21 (tier=small)
[2026-07-26 03:41:20] 2026-07-25 19:24:00 | INFO     | KDClient 3 round 21 public KD (epochs=2)
[2026-07-26 03:41:20] 2026-07-25 19:24:13 | INFO     | KDClient 3 round 21 local training (epochs=4)
[2026-07-26 03:41:20] 2026-07-25 19:24:24 | INFO     | KDClient 3 round 21 completed (acc=0.7514, n=90)
[2026-07-26 03:41:20] 2026-07-25 19:24:24 | INFO     | KDClient 4 fit round 21 (tier=small)
[2026-07-26 03:41:20] 2026-07-25 19:24:24 | INFO     | KDClient 4 round 21 public KD (epochs=2)
[2026-07-26 03:41:20] 2026-07-25 19:24:37 | INFO     | KDClient 4 round 21 local training (epochs=4)
[2026-07-26 03:41:20] 2026-07-25 19:24:47 | INFO     | KDClient 4 round 21 completed (acc=0.7748, n=90)
[2026-07-26 03:41:20] 2026-07-25 19:24:47 | INFO     | KDClient 5 fit round 21 (tier=small)
[2026-07-26 03:41:20] 2026-07-25 19:24:47 | INFO     | KDClient 5 round 21 public KD (epochs=2)
[2026-07-26 03:41:20] 2026-07-25 19:25:01 | INFO     | KDClient 5 round 21 local training (epochs=4)
[2026-07-26 03:41:20] 2026-07-25 19:25:12 | INFO     | KDClient 5 round 21 completed (acc=0.7766, n=90)
[2026-07-26 03:41:20] 2026-07-25 19:25:12 | INFO     | KDClient 6 fit round 21 (tier=small)
[2026-07-26 03:41:20] 2026-07-25 19:25:12 | INFO     | KDClient 6 round 21 public KD (epochs=2)
[2026-07-26 03:41:20] 2026-07-25 19:25:25 | INFO     | KDClient 6 round 21 local training (epochs=4)
[2026-07-26 03:41:20] 2026-07-25 19:25:35 | INFO     | KDClient 6 round 21 completed (acc=0.7730, n=90)
[2026-07-26 03:41:20] 2026-07-25 19:25:35 | INFO     | KDClient 7 fit round 21 (tier=medium)
[2026-07-26 03:41:20] 2026-07-25 19:25:35 | INFO     | KDClient 7 round 21 public KD (epochs=2)
[2026-07-26 03:41:20] 2026-07-25 19:26:12 | INFO     | KDClient 7 round 21 local training (epochs=4)
[2026-07-26 03:41:20] 2026-07-25 19:26:46 | INFO     | KDClient 7 round 21 completed (acc=0.7748, n=90)
[2026-07-26 03:41:20] 2026-07-25 19:26:46 | INFO     | KDClient 8 fit round 21 (tier=medium)
[2026-07-26 03:41:20] 2026-07-25 19:26:46 | INFO     | KDClient 8 round 21 public KD (epochs=2)
[2026-07-26 03:41:20] 2026-07-25 19:27:26 | INFO     | KDClient 8 round 21 local training (epochs=4)
[2026-07-26 03:41:20] 2026-07-25 19:27:57 | INFO     | KDClient 8 round 21 completed (acc=0.7568, n=90)
[2026-07-26 03:41:20] 2026-07-25 19:27:57 | INFO     | KDClient 9 fit round 21 (tier=medium)
[2026-07-26 03:41:20] 2026-07-25 19:27:57 | INFO     | KDClient 9 round 21 public KD (epochs=2)
[2026-07-26 03:41:20] 2026-07-25 19:28:38 | INFO     | KDClient 9 round 21 local training (epochs=4)
[2026-07-26 03:41:20] 2026-07-25 19:29:08 | INFO     | KDClient 9 round 21 completed (acc=0.7279, n=90)
[2026-07-26 03:41:20] 2026-07-25 19:29:08 | INFO     | KDClient 10 fit round 21 (tier=medium)
[2026-07-26 03:41:20] 2026-07-25 19:29:08 | INFO     | KDClient 10 round 21 public KD (epochs=2)
[2026-07-26 03:41:20] 2026-07-25 19:30:10 | INFO     | KDClient 10 round 21 local training (epochs=4)
[2026-07-26 03:41:20] 2026-07-25 19:30:44 | INFO     | KDClient 10 round 21 completed (acc=0.7532, n=90)
[2026-07-26 03:41:20] 2026-07-25 19:30:44 | INFO     | KDClient 11 fit round 21 (tier=medium)
[2026-07-26 03:41:20] 2026-07-25 19:30:44 | INFO     | KDClient 11 round 21 public KD (epochs=2)
[2026-07-26 03:41:20] 2026-07-25 19:31:28 | INFO     | KDClient 11 round 21 local training (epochs=4)
[2026-07-26 03:41:20] 2026-07-25 19:32:04 | INFO     | KDClient 11 round 21 completed (acc=0.7315, n=90)
[2026-07-26 03:41:20] 2026-07-25 19:32:04 | INFO     | KDClient 12 fit round 21 (tier=medium)
[2026-07-26 03:41:20] 2026-07-25 19:32:04 | INFO     | KDClient 12 round 21 public KD (epochs=2)
[2026-07-26 03:41:20] 2026-07-25 19:32:46 | INFO     | KDClient 12 round 21 local training (epochs=4)
[2026-07-26 03:41:20] 2026-07-25 19:33:27 | INFO     | KDClient 12 round 21 completed (acc=0.7604, n=90)
[2026-07-26 03:41:20] 2026-07-25 19:33:27 | INFO     | KDClient 13 fit round 21 (tier=medium)
[2026-07-26 03:41:20] 2026-07-25 19:33:27 | INFO     | KDClient 13 round 21 public KD (epochs=2)
[2026-07-26 03:41:20] 2026-07-25 19:34:14 | INFO     | KDClient 13 round 21 local training (epochs=4)
[2026-07-26 03:41:20] 2026-07-25 19:34:55 | INFO     | KDClient 13 round 21 completed (acc=0.7532, n=90)
[2026-07-26 03:41:20] 2026-07-25 19:34:55 | INFO     | KDClient 14 fit round 21 (tier=large)
[2026-07-26 03:41:20] 2026-07-25 19:34:55 | INFO     | KDClient 14 round 21 public KD (epochs=2)
[2026-07-26 03:41:20] 2026-07-25 19:36:03 | INFO     | KDClient 14 round 21 local training (epochs=4)
[2026-07-26 03:41:20] 2026-07-25 19:37:03 | INFO     | KDClient 14 round 21 completed (acc=0.7405, n=90)
[2026-07-26 03:41:20] 2026-07-25 19:37:03 | INFO     | KDClient 15 fit round 21 (tier=large)
[2026-07-26 03:41:20] 2026-07-25 19:37:03 | INFO     | KDClient 15 round 21 public KD (epochs=2)
[2026-07-26 03:41:20] 2026-07-25 19:38:12 | INFO     | KDClient 15 round 21 local training (epochs=4)
[2026-07-26 03:41:20] 2026-07-25 19:39:10 | INFO     | KDClient 15 round 21 completed (acc=0.7766, n=90)
[2026-07-26 03:41:20] 2026-07-25 19:39:10 | INFO     | KDClient 16 fit round 21 (tier=large)
[2026-07-26 03:41:20] 2026-07-25 19:39:10 | INFO     | KDClient 16 round 21 public KD (epochs=2)
[2026-07-26 03:41:20] 2026-07-25 19:40:23 | INFO     | KDClient 16 round 21 local training (epochs=4)
[2026-07-26 03:41:20] 2026-07-25 19:41:28 | INFO     | KDClient 16 round 21 completed (acc=0.6973, n=90)
[2026-07-26 03:41:20] 2026-07-25 19:41:28 | INFO     | KDClient 17 fit round 21 (tier=large)
[2026-07-26 03:41:20] 2026-07-25 19:41:28 | INFO     | KDClient 17 round 21 public KD (epochs=2)
[2026-07-26 03:41:20] 2026-07-25 19:42:43 | INFO     | KDClient 17 round 21 local training (epochs=4)
[2026-07-26 03:41:20] 2026-07-25 19:43:37 | INFO     | KDClient 17 round 21 completed (acc=0.6378, n=90)
[2026-07-26 03:41:20] 2026-07-25 19:43:37 | INFO     | KDClient 18 fit round 21 (tier=large)
[2026-07-26 03:41:20] 2026-07-25 19:43:37 | INFO     | KDClient 18 round 21 public KD (epochs=2)
[2026-07-26 03:41:20] 2026-07-25 19:44:41 | INFO     | KDClient 18 round 21 local training (epochs=4)
[2026-07-26 03:41:20] 2026-07-25 19:45:24 | INFO     | KDClient 18 round 21 completed (acc=0.6414, n=90)
[2026-07-26 03:41:20] 2026-07-25 19:45:24 | INFO     | KDClient 19 fit round 21 (tier=large)
[2026-07-26 03:41:20] 2026-07-25 19:45:24 | INFO     | KDClient 19 round 21 public KD (epochs=2)
[2026-07-26 03:41:20] 2026-07-25 19:46:21 | INFO     | KDClient 19 round 21 local training (epochs=4)
[2026-07-26 03:41:20] 2026-07-25 19:47:06 | INFO     | KDClient 19 round 21 completed (acc=0.6541, n=90)
[2026-07-26 03:41:20] 2026-07-25 19:47:06 | INFO     | MKS — IID: round 21/50 aggregated 3 cluster weights
[2026-07-26 03:41:20]   Round  21/50 | Avg: 0.7403 | Min: 0.6378 | Max: 0.7838
[2026-07-26 03:41:20] 2026-07-25 19:47:06 | INFO     | MKS — IID: round 22/50 starting
[2026-07-26 03:41:20] 2026-07-25 19:47:06 | INFO     | KDClient 0 fit round 22 (tier=small)
[2026-07-26 03:41:20] 2026-07-25 19:47:06 | INFO     | KDClient 0 round 22 public KD (epochs=2)
[2026-07-26 03:41:20] 2026-07-25 19:47:19 | INFO     | KDClient 0 round 22 local training (epochs=4)
[2026-07-26 03:41:20] 2026-07-25 19:47:30 | INFO     | KDClient 0 round 22 completed (acc=0.7423, n=90)
[2026-07-26 03:41:20] 2026-07-25 19:47:30 | INFO     | KDClient 1 fit round 22 (tier=small)
[2026-07-26 03:41:20] 2026-07-25 19:47:30 | INFO     | KDClient 1 round 22 public KD (epochs=2)
[2026-07-26 03:41:20] 2026-07-25 19:47:43 | INFO     | KDClient 1 round 22 local training (epochs=4)
[2026-07-26 03:41:20] 2026-07-25 19:47:54 | INFO     | KDClient 1 round 22 completed (acc=0.7640, n=90)
[2026-07-26 03:41:20] 2026-07-25 19:47:54 | INFO     | KDClient 2 fit round 22 (tier=small)
[2026-07-26 03:41:20] 2026-07-25 19:47:54 | INFO     | KDClient 2 round 22 public KD (epochs=2)
[2026-07-26 03:41:20] 2026-07-25 19:48:06 | INFO     | KDClient 2 round 22 local training (epochs=4)
[2026-07-26 03:41:20] 2026-07-25 19:48:16 | INFO     | KDClient 2 round 22 completed (acc=0.7838, n=90)
[2026-07-26 03:41:20] 2026-07-25 19:48:16 | INFO     | KDClient 3 fit round 22 (tier=small)
[2026-07-26 03:41:20] 2026-07-25 19:48:16 | INFO     | KDClient 3 round 22 public KD (epochs=2)
[2026-07-26 03:41:20] 2026-07-25 19:48:29 | INFO     | KDClient 3 round 22 local training (epochs=4)
[2026-07-26 03:41:20] 2026-07-25 19:48:40 | INFO     | KDClient 3 round 22 completed (acc=0.7658, n=90)
[2026-07-26 03:41:20] 2026-07-25 19:48:40 | INFO     | KDClient 4 fit round 22 (tier=small)
[2026-07-26 03:41:20] 2026-07-25 19:48:40 | INFO     | KDClient 4 round 22 public KD (epochs=2)
[2026-07-26 03:41:20] 2026-07-25 19:48:53 | INFO     | KDClient 4 round 22 local training (epochs=4)
[2026-07-26 03:41:20] 2026-07-25 19:49:03 | INFO     | KDClient 4 round 22 completed (acc=0.7748, n=90)
[2026-07-26 03:41:20] 2026-07-25 19:49:03 | INFO     | KDClient 5 fit round 22 (tier=small)
[2026-07-26 03:41:20] 2026-07-25 19:49:03 | INFO     | KDClient 5 round 22 public KD (epochs=2)
[2026-07-26 03:41:20] 2026-07-25 19:49:15 | INFO     | KDClient 5 round 22 local training (epochs=4)
[2026-07-26 03:41:20] 2026-07-25 19:49:26 | INFO     | KDClient 5 round 22 completed (acc=0.7514, n=90)
[2026-07-26 03:41:20] 2026-07-25 19:49:26 | INFO     | KDClient 6 fit round 22 (tier=small)
[2026-07-26 03:41:20] 2026-07-25 19:49:26 | INFO     | KDClient 6 round 22 public KD (epochs=2)
[2026-07-26 03:41:20] 2026-07-25 19:49:43 | INFO     | KDClient 6 round 22 local training (epochs=4)
[2026-07-26 03:41:20] 2026-07-25 19:49:54 | INFO     | KDClient 6 round 22 completed (acc=0.7748, n=90)
[2026-07-26 03:41:20] 2026-07-25 19:49:54 | INFO     | KDClient 7 fit round 22 (tier=medium)
[2026-07-26 03:41:20] 2026-07-25 19:49:54 | INFO     | KDClient 7 round 22 public KD (epochs=2)
[2026-07-26 03:41:20] 2026-07-25 19:50:33 | INFO     | KDClient 7 round 22 local training (epochs=4)
[2026-07-26 03:41:20] 2026-07-25 19:50:59 | INFO     | KDClient 7 round 22 completed (acc=0.5099, n=90)
[2026-07-26 03:41:20] 2026-07-25 19:50:59 | INFO     | KDClient 8 fit round 22 (tier=medium)
[2026-07-26 03:41:20] 2026-07-25 19:50:59 | INFO     | KDClient 8 round 22 public KD (epochs=2)
[2026-07-26 03:41:20] 2026-07-25 19:51:36 | INFO     | KDClient 8 round 22 local training (epochs=4)
[2026-07-26 03:41:20] 2026-07-25 19:52:02 | INFO     | KDClient 8 round 22 completed (acc=0.7586, n=90)
[2026-07-26 03:41:20] 2026-07-25 19:52:02 | INFO     | KDClient 9 fit round 22 (tier=medium)
[2026-07-26 03:41:20] 2026-07-25 19:52:02 | INFO     | KDClient 9 round 22 public KD (epochs=2)
[2026-07-26 03:41:20] 2026-07-25 19:52:41 | INFO     | KDClient 9 round 22 local training (epochs=4)
[2026-07-26 03:41:20] 2026-07-25 19:53:08 | INFO     | KDClient 9 round 22 completed (acc=0.7315, n=90)
[2026-07-26 03:41:20] 2026-07-25 19:53:08 | INFO     | KDClient 10 fit round 22 (tier=medium)
[2026-07-26 03:41:20] 2026-07-25 19:53:08 | INFO     | KDClient 10 round 22 public KD (epochs=2)
[2026-07-26 03:41:20] 2026-07-25 19:53:49 | INFO     | KDClient 10 round 22 local training (epochs=4)
[2026-07-26 03:41:20] 2026-07-25 19:54:24 | INFO     | KDClient 10 round 22 completed (acc=0.7604, n=90)
[2026-07-26 03:41:20] 2026-07-25 19:54:24 | INFO     | KDClient 11 fit round 22 (tier=medium)
[2026-07-26 03:41:20] 2026-07-25 19:54:24 | INFO     | KDClient 11 round 22 public KD (epochs=2)
[2026-07-26 03:41:20] 2026-07-25 19:55:28 | INFO     | KDClient 11 round 22 local training (epochs=4)
[2026-07-26 03:41:20] 2026-07-25 19:56:08 | INFO     | KDClient 11 round 22 completed (acc=0.7171, n=90)
[2026-07-26 03:41:20] 2026-07-25 19:56:08 | INFO     | KDClient 12 fit round 22 (tier=medium)
[2026-07-26 03:41:20] 2026-07-25 19:56:08 | INFO     | KDClient 12 round 22 public KD (epochs=2)
[2026-07-26 03:41:20] 2026-07-25 19:56:56 | INFO     | KDClient 12 round 22 local training (epochs=4)
[2026-07-26 03:41:20] 2026-07-25 19:57:30 | INFO     | KDClient 12 round 22 completed (acc=0.7279, n=90)
[2026-07-26 03:41:20] 2026-07-25 19:57:30 | INFO     | KDClient 13 fit round 22 (tier=medium)
[2026-07-26 03:41:20] 2026-07-25 19:57:30 | INFO     | KDClient 13 round 22 public KD (epochs=2)
[2026-07-26 03:41:20] 2026-07-25 19:58:14 | INFO     | KDClient 13 round 22 local training (epochs=4)
[2026-07-26 03:41:20] 2026-07-25 19:58:50 | INFO     | KDClient 13 round 22 completed (acc=0.7514, n=90)
[2026-07-26 03:41:20] 2026-07-25 19:58:50 | INFO     | KDClient 14 fit round 22 (tier=large)
[2026-07-26 03:41:20] 2026-07-25 19:58:50 | INFO     | KDClient 14 round 22 public KD (epochs=2)
[2026-07-26 03:41:20] 2026-07-25 19:59:53 | INFO     | KDClient 14 round 22 local training (epochs=4)
[2026-07-26 03:41:20] 2026-07-25 20:01:01 | INFO     | KDClient 14 round 22 completed (acc=0.7387, n=90)
[2026-07-26 03:41:20] 2026-07-25 20:01:01 | INFO     | KDClient 15 fit round 22 (tier=large)
[2026-07-26 03:41:20] 2026-07-25 20:01:01 | INFO     | KDClient 15 round 22 public KD (epochs=2)
[2026-07-26 03:41:20] 2026-07-25 20:02:08 | INFO     | KDClient 15 round 22 local training (epochs=4)
[2026-07-26 03:41:20] 2026-07-25 20:03:22 | INFO     | KDClient 15 round 22 completed (acc=0.7658, n=90)
[2026-07-26 03:41:20] 2026-07-25 20:03:22 | INFO     | KDClient 16 fit round 22 (tier=large)
[2026-07-26 03:41:20] 2026-07-25 20:03:22 | INFO     | KDClient 16 round 22 public KD (epochs=2)
[2026-07-26 03:41:20] 2026-07-25 20:04:29 | INFO     | KDClient 16 round 22 local training (epochs=4)
[2026-07-26 03:41:20] 2026-07-25 20:05:32 | INFO     | KDClient 16 round 22 completed (acc=0.7189, n=90)
[2026-07-26 03:41:20] 2026-07-25 20:05:32 | INFO     | KDClient 17 fit round 22 (tier=large)
[2026-07-26 03:41:20] 2026-07-25 20:05:32 | INFO     | KDClient 17 round 22 public KD (epochs=2)
[2026-07-26 03:41:20] 2026-07-25 20:06:46 | INFO     | KDClient 17 round 22 local training (epochs=4)
[2026-07-26 03:41:20] 2026-07-25 20:07:46 | INFO     | KDClient 17 round 22 completed (acc=0.7459, n=90)
[2026-07-26 03:41:20] 2026-07-25 20:07:46 | INFO     | KDClient 18 fit round 22 (tier=large)
[2026-07-26 03:41:20] 2026-07-25 20:07:46 | INFO     | KDClient 18 round 22 public KD (epochs=2)
[2026-07-26 03:41:20] 2026-07-25 20:08:59 | INFO     | KDClient 18 round 22 local training (epochs=4)
[2026-07-26 03:41:20] 2026-07-25 20:09:48 | INFO     | KDClient 18 round 22 completed (acc=0.5964, n=90)
[2026-07-26 03:41:20] 2026-07-25 20:09:48 | INFO     | KDClient 19 fit round 22 (tier=large)
[2026-07-26 03:41:20] 2026-07-25 20:09:48 | INFO     | KDClient 19 round 22 public KD (epochs=2)
[2026-07-26 03:41:20] 2026-07-25 20:11:00 | INFO     | KDClient 19 round 22 local training (epochs=4)
[2026-07-26 03:41:20] 2026-07-25 20:11:51 | INFO     | KDClient 19 round 22 completed (acc=0.7063, n=90)
[2026-07-26 03:41:20] 2026-07-25 20:11:51 | INFO     | MKS — IID: round 22/50 aggregated 3 cluster weights
[2026-07-26 03:41:20]   Round  22/50 | Avg: 0.7293 | Min: 0.5099 | Max: 0.7838
[2026-07-26 03:41:20] 2026-07-25 20:11:51 | INFO     | MKS — IID: round 23/50 starting
[2026-07-26 03:41:20] 2026-07-25 20:11:51 | INFO     | KDClient 0 fit round 23 (tier=small)
[2026-07-26 03:41:20] 2026-07-25 20:11:51 | INFO     | KDClient 0 round 23 public KD (epochs=2)
[2026-07-26 03:41:20] 2026-07-25 20:12:08 | INFO     | KDClient 0 round 23 local training (epochs=4)
[2026-07-26 03:41:20] 2026-07-25 20:12:20 | INFO     | KDClient 0 round 23 completed (acc=0.6739, n=90)
[2026-07-26 03:41:20] 2026-07-25 20:12:20 | INFO     | KDClient 1 fit round 23 (tier=small)
[2026-07-26 03:41:20] 2026-07-25 20:12:20 | INFO     | KDClient 1 round 23 public KD (epochs=2)
[2026-07-26 03:41:20] 2026-07-25 20:12:32 | INFO     | KDClient 1 round 23 local training (epochs=4)
[2026-07-26 03:41:20] 2026-07-25 20:12:43 | INFO     | KDClient 1 round 23 completed (acc=0.7622, n=90)
[2026-07-26 03:41:20] 2026-07-25 20:12:43 | INFO     | KDClient 2 fit round 23 (tier=small)
[2026-07-26 03:41:20] 2026-07-25 20:12:43 | INFO     | KDClient 2 round 23 public KD (epochs=2)
[2026-07-26 03:41:20] 2026-07-25 20:12:56 | INFO     | KDClient 2 round 23 local training (epochs=4)
[2026-07-26 03:41:20] 2026-07-25 20:13:06 | INFO     | KDClient 2 round 23 completed (acc=0.7802, n=90)
[2026-07-26 03:41:20] 2026-07-25 20:13:06 | INFO     | KDClient 3 fit round 23 (tier=small)
[2026-07-26 03:41:20] 2026-07-25 20:13:06 | INFO     | KDClient 3 round 23 public KD (epochs=2)
[2026-07-26 03:41:20] 2026-07-25 20:13:17 | INFO     | KDClient 3 round 23 local training (epochs=4)
[2026-07-26 03:41:20] 2026-07-25 20:13:27 | INFO     | KDClient 3 round 23 completed (acc=0.7640, n=90)
[2026-07-26 03:41:20] 2026-07-25 20:13:27 | INFO     | KDClient 4 fit round 23 (tier=small)
[2026-07-26 03:41:20] 2026-07-25 20:13:27 | INFO     | KDClient 4 round 23 public KD (epochs=2)
[2026-07-26 03:41:20] 2026-07-25 20:13:39 | INFO     | KDClient 4 round 23 local training (epochs=4)
[2026-07-26 03:41:20] 2026-07-25 20:13:49 | INFO     | KDClient 4 round 23 completed (acc=0.7748, n=90)
[2026-07-26 03:41:20] 2026-07-25 20:13:49 | INFO     | KDClient 5 fit round 23 (tier=small)
[2026-07-26 03:41:20] 2026-07-25 20:13:49 | INFO     | KDClient 5 round 23 public KD (epochs=2)
[2026-07-26 03:41:20] 2026-07-25 20:14:03 | INFO     | KDClient 5 round 23 local training (epochs=4)
[2026-07-26 03:41:20] 2026-07-25 20:14:11 | INFO     | KDClient 5 round 23 completed (acc=0.7514, n=90)
[2026-07-26 03:41:20] 2026-07-25 20:14:11 | INFO     | KDClient 6 fit round 23 (tier=small)
[2026-07-26 03:41:20] 2026-07-25 20:14:12 | INFO     | KDClient 6 round 23 public KD (epochs=2)
[2026-07-26 03:41:20] 2026-07-25 20:14:23 | INFO     | KDClient 6 round 23 local training (epochs=4)
[2026-07-26 03:41:20] 2026-07-25 20:14:33 | INFO     | KDClient 6 round 23 completed (acc=0.7802, n=90)
[2026-07-26 03:41:20] 2026-07-25 20:14:33 | INFO     | KDClient 7 fit round 23 (tier=medium)
[2026-07-26 03:41:20] 2026-07-25 20:14:33 | INFO     | KDClient 7 round 23 public KD (epochs=2)
[2026-07-26 03:41:20] 2026-07-25 20:15:08 | INFO     | KDClient 7 round 23 local training (epochs=4)
[2026-07-26 03:41:20] 2026-07-25 20:15:34 | INFO     | KDClient 7 round 23 completed (acc=0.7640, n=90)
[2026-07-26 03:41:20] 2026-07-25 20:15:34 | INFO     | KDClient 8 fit round 23 (tier=medium)
[2026-07-26 03:41:20] 2026-07-25 20:15:34 | INFO     | KDClient 8 round 23 public KD (epochs=2)
[2026-07-26 03:41:20] 2026-07-25 20:16:13 | INFO     | KDClient 8 round 23 local training (epochs=4)
[2026-07-26 03:41:20] 2026-07-25 20:16:50 | INFO     | KDClient 8 round 23 completed (acc=0.7586, n=90)
[2026-07-26 03:41:20] 2026-07-25 20:16:50 | INFO     | KDClient 9 fit round 23 (tier=medium)
[2026-07-26 03:41:20] 2026-07-25 20:16:50 | INFO     | KDClient 9 round 23 public KD (epochs=2)
[2026-07-26 03:41:20] 2026-07-25 20:17:31 | INFO     | KDClient 9 round 23 local training (epochs=4)
[2026-07-26 03:41:20] 2026-07-25 20:17:59 | INFO     | KDClient 9 round 23 completed (acc=0.7153, n=90)
[2026-07-26 03:41:20] 2026-07-25 20:17:59 | INFO     | KDClient 10 fit round 23 (tier=medium)
[2026-07-26 03:41:20] 2026-07-25 20:17:59 | INFO     | KDClient 10 round 23 public KD (epochs=2)
[2026-07-26 03:41:20] 2026-07-25 20:19:04 | INFO     | KDClient 10 round 23 local training (epochs=4)
[2026-07-26 03:41:20] 2026-07-25 20:19:35 | INFO     | KDClient 10 round 23 completed (acc=0.7622, n=90)
[2026-07-26 03:41:20] 2026-07-25 20:19:35 | INFO     | KDClient 11 fit round 23 (tier=medium)
[2026-07-26 03:41:20] 2026-07-25 20:19:35 | INFO     | KDClient 11 round 23 public KD (epochs=2)
[2026-07-26 03:41:20] 2026-07-25 20:20:39 | INFO     | KDClient 11 round 23 local training (epochs=4)
[2026-07-26 03:41:20] 2026-07-25 20:21:14 | INFO     | KDClient 11 round 23 completed (acc=0.7063, n=90)
[2026-07-26 03:41:20] 2026-07-25 20:21:14 | INFO     | KDClient 12 fit round 23 (tier=medium)
[2026-07-26 03:41:20] 2026-07-25 20:21:14 | INFO     | KDClient 12 round 23 public KD (epochs=2)
[2026-07-26 03:41:20] 2026-07-25 20:21:53 | INFO     | KDClient 12 round 23 local training (epochs=4)
[2026-07-26 03:41:20] 2026-07-25 20:22:26 | INFO     | KDClient 12 round 23 completed (acc=0.7658, n=90)
[2026-07-26 03:41:20] 2026-07-25 20:22:26 | INFO     | KDClient 13 fit round 23 (tier=medium)
[2026-07-26 03:41:20] 2026-07-25 20:22:26 | INFO     | KDClient 13 round 23 public KD (epochs=2)
[2026-07-26 03:41:20] 2026-07-25 20:23:11 | INFO     | KDClient 13 round 23 local training (epochs=4)
[2026-07-26 03:41:20] 2026-07-25 20:23:48 | INFO     | KDClient 13 round 23 completed (acc=0.7550, n=90)
[2026-07-26 03:41:20] 2026-07-25 20:23:48 | INFO     | KDClient 14 fit round 23 (tier=large)
[2026-07-26 03:41:20] 2026-07-25 20:23:48 | INFO     | KDClient 14 round 23 public KD (epochs=2)
[2026-07-26 03:41:20] 2026-07-25 20:25:04 | INFO     | KDClient 14 round 23 local training (epochs=4)
[2026-07-26 03:41:20] 2026-07-25 20:25:56 | INFO     | KDClient 14 round 23 completed (acc=0.7279, n=90)
[2026-07-26 03:41:20] 2026-07-25 20:25:56 | INFO     | KDClient 15 fit round 23 (tier=large)
[2026-07-26 03:41:20] 2026-07-25 20:25:56 | INFO     | KDClient 15 round 23 public KD (epochs=2)
[2026-07-26 03:41:20] 2026-07-25 20:27:10 | INFO     | KDClient 15 round 23 local training (epochs=4)
[2026-07-26 03:41:20] 2026-07-25 20:28:09 | INFO     | KDClient 15 round 23 completed (acc=0.7784, n=90)
[2026-07-26 03:41:20] 2026-07-25 20:28:09 | INFO     | KDClient 16 fit round 23 (tier=large)
[2026-07-26 03:41:20] 2026-07-25 20:28:09 | INFO     | KDClient 16 round 23 public KD (epochs=2)
[2026-07-26 03:41:20] 2026-07-25 20:29:20 | INFO     | KDClient 16 round 23 local training (epochs=4)
[2026-07-26 03:41:20] 2026-07-25 20:30:21 | INFO     | KDClient 16 round 23 completed (acc=0.7009, n=90)
[2026-07-26 03:41:20] 2026-07-25 20:30:21 | INFO     | KDClient 17 fit round 23 (tier=large)
[2026-07-26 03:41:20] 2026-07-25 20:30:21 | INFO     | KDClient 17 round 23 public KD (epochs=2)
[2026-07-26 03:41:20] 2026-07-25 20:31:32 | INFO     | KDClient 17 round 23 local training (epochs=4)
[2026-07-26 03:41:20] 2026-07-25 20:32:28 | INFO     | KDClient 17 round 23 completed (acc=0.6991, n=90)
[2026-07-26 03:41:20] 2026-07-25 20:32:28 | INFO     | KDClient 18 fit round 23 (tier=large)
[2026-07-26 03:41:20] 2026-07-25 20:32:28 | INFO     | KDClient 18 round 23 public KD (epochs=2)
[2026-07-26 03:41:20] 2026-07-25 20:33:33 | INFO     | KDClient 18 round 23 local training (epochs=4)
[2026-07-26 03:41:20] 2026-07-25 20:34:18 | INFO     | KDClient 18 round 23 completed (acc=0.6072, n=90)
[2026-07-26 03:41:20] 2026-07-25 20:34:18 | INFO     | KDClient 19 fit round 23 (tier=large)
[2026-07-26 03:41:20] 2026-07-25 20:34:18 | INFO     | KDClient 19 round 23 public KD (epochs=2)
[2026-07-26 03:41:20] 2026-07-25 20:35:30 | INFO     | KDClient 19 round 23 local training (epochs=4)
[2026-07-26 03:41:20] 2026-07-25 20:36:16 | INFO     | KDClient 19 round 23 completed (acc=0.7423, n=90)
[2026-07-26 03:41:20] 2026-07-25 20:36:16 | INFO     | MKS — IID: round 23/50 aggregated 3 cluster weights
[2026-07-26 03:41:20]   Round  23/50 | Avg: 0.7385 | Min: 0.6072 | Max: 0.7802
[2026-07-26 03:41:20] 2026-07-25 20:36:16 | INFO     | MKS — IID: round 24/50 starting
[2026-07-26 03:41:20] 2026-07-25 20:36:16 | INFO     | KDClient 0 fit round 24 (tier=small)
[2026-07-26 03:41:20] 2026-07-25 20:36:16 | INFO     | KDClient 0 round 24 public KD (epochs=2)
[2026-07-26 03:41:20] 2026-07-25 20:36:29 | INFO     | KDClient 0 round 24 local training (epochs=4)
[2026-07-26 03:41:20] 2026-07-25 20:36:38 | INFO     | KDClient 0 round 24 completed (acc=0.7495, n=90)
[2026-07-26 03:41:20] 2026-07-25 20:36:38 | INFO     | KDClient 1 fit round 24 (tier=small)
[2026-07-26 03:41:20] 2026-07-25 20:36:38 | INFO     | KDClient 1 round 24 public KD (epochs=2)
[2026-07-26 03:41:20] 2026-07-25 20:36:50 | INFO     | KDClient 1 round 24 local training (epochs=4)
[2026-07-26 03:41:20] 2026-07-25 20:37:00 | INFO     | KDClient 1 round 24 completed (acc=0.7459, n=90)
[2026-07-26 03:41:20] 2026-07-25 20:37:00 | INFO     | KDClient 2 fit round 24 (tier=small)
[2026-07-26 03:41:20] 2026-07-25 20:37:00 | INFO     | KDClient 2 round 24 public KD (epochs=2)
[2026-07-26 03:41:20] 2026-07-25 20:37:12 | INFO     | KDClient 2 round 24 local training (epochs=4)
[2026-07-26 03:41:20] 2026-07-25 20:37:22 | INFO     | KDClient 2 round 24 completed (acc=0.7784, n=90)
[2026-07-26 03:41:20] 2026-07-25 20:37:22 | INFO     | KDClient 3 fit round 24 (tier=small)
[2026-07-26 03:41:20] 2026-07-25 20:37:22 | INFO     | KDClient 3 round 24 public KD (epochs=2)
[2026-07-26 03:41:20] 2026-07-25 20:37:34 | INFO     | KDClient 3 round 24 local training (epochs=4)
[2026-07-26 03:41:20] 2026-07-25 20:37:43 | INFO     | KDClient 3 round 24 completed (acc=0.7459, n=90)
[2026-07-26 03:41:20] 2026-07-25 20:37:43 | INFO     | KDClient 4 fit round 24 (tier=small)
[2026-07-26 03:41:20] 2026-07-25 20:37:43 | INFO     | KDClient 4 round 24 public KD (epochs=2)
[2026-07-26 03:41:20] 2026-07-25 20:37:56 | INFO     | KDClient 4 round 24 local training (epochs=4)
[2026-07-26 03:41:20] 2026-07-25 20:38:06 | INFO     | KDClient 4 round 24 completed (acc=0.7802, n=90)
[2026-07-26 03:41:20] 2026-07-25 20:38:06 | INFO     | KDClient 5 fit round 24 (tier=small)
[2026-07-26 03:41:20] 2026-07-25 20:38:06 | INFO     | KDClient 5 round 24 public KD (epochs=2)
[2026-07-26 03:41:20] 2026-07-25 20:38:18 | INFO     | KDClient 5 round 24 local training (epochs=4)
[2026-07-26 03:41:20] 2026-07-25 20:38:28 | INFO     | KDClient 5 round 24 completed (acc=0.7766, n=90)
[2026-07-26 03:41:20] 2026-07-25 20:38:28 | INFO     | KDClient 6 fit round 24 (tier=small)
[2026-07-26 03:41:20] 2026-07-25 20:38:28 | INFO     | KDClient 6 round 24 public KD (epochs=2)
[2026-07-26 03:41:20] 2026-07-25 20:38:41 | INFO     | KDClient 6 round 24 local training (epochs=4)
[2026-07-26 03:41:20] 2026-07-25 20:38:52 | INFO     | KDClient 6 round 24 completed (acc=0.7676, n=90)
[2026-07-26 03:41:20] 2026-07-25 20:38:52 | INFO     | KDClient 7 fit round 24 (tier=medium)
[2026-07-26 03:41:20] 2026-07-25 20:38:52 | INFO     | KDClient 7 round 24 public KD (epochs=2)
[2026-07-26 03:41:20] 2026-07-25 20:39:30 | INFO     | KDClient 7 round 24 local training (epochs=4)
[2026-07-26 03:41:20] 2026-07-25 20:40:00 | INFO     | KDClient 7 round 24 completed (acc=0.7676, n=90)
[2026-07-26 03:41:20] 2026-07-25 20:40:00 | INFO     | KDClient 8 fit round 24 (tier=medium)
[2026-07-26 03:41:20] 2026-07-25 20:40:00 | INFO     | KDClient 8 round 24 public KD (epochs=2)
[2026-07-26 03:41:20] 2026-07-25 20:40:38 | INFO     | KDClient 8 round 24 local training (epochs=4)
[2026-07-26 03:41:20] 2026-07-25 20:41:10 | INFO     | KDClient 8 round 24 completed (acc=0.7550, n=90)
[2026-07-26 03:41:20] 2026-07-25 20:41:10 | INFO     | KDClient 9 fit round 24 (tier=medium)
[2026-07-26 03:41:20] 2026-07-25 20:41:10 | INFO     | KDClient 9 round 24 public KD (epochs=2)
[2026-07-26 03:41:20] 2026-07-25 20:41:54 | INFO     | KDClient 9 round 24 local training (epochs=4)
[2026-07-26 03:41:20] 2026-07-25 20:42:24 | INFO     | KDClient 9 round 24 completed (acc=0.7135, n=90)
[2026-07-26 03:41:20] 2026-07-25 20:42:24 | INFO     | KDClient 10 fit round 24 (tier=medium)
[2026-07-26 03:41:20] 2026-07-25 20:42:24 | INFO     | KDClient 10 round 24 public KD (epochs=2)
[2026-07-26 03:41:20] 2026-07-25 20:43:28 | INFO     | KDClient 10 round 24 local training (epochs=4)
[2026-07-26 03:41:20] 2026-07-25 20:44:01 | INFO     | KDClient 10 round 24 completed (acc=0.7423, n=90)
[2026-07-26 03:41:20] 2026-07-25 20:44:01 | INFO     | KDClient 11 fit round 24 (tier=medium)
[2026-07-26 03:41:20] 2026-07-25 20:44:01 | INFO     | KDClient 11 round 24 public KD (epochs=2)
[2026-07-26 03:41:20] 2026-07-25 20:44:45 | INFO     | KDClient 11 round 24 local training (epochs=4)
[2026-07-26 03:41:20] 2026-07-25 20:45:18 | INFO     | KDClient 11 round 24 completed (acc=0.7261, n=90)
[2026-07-26 03:41:20] 2026-07-25 20:45:18 | INFO     | KDClient 12 fit round 24 (tier=medium)
[2026-07-26 03:41:20] 2026-07-25 20:45:18 | INFO     | KDClient 12 round 24 public KD (epochs=2)
[2026-07-26 03:41:20] 2026-07-25 20:45:59 | INFO     | KDClient 12 round 24 local training (epochs=4)
[2026-07-26 03:41:20] 2026-07-25 20:46:35 | INFO     | KDClient 12 round 24 completed (acc=0.7712, n=90)
[2026-07-26 03:41:20] 2026-07-25 20:46:35 | INFO     | KDClient 13 fit round 24 (tier=medium)
[2026-07-26 03:41:20] 2026-07-25 20:46:36 | INFO     | KDClient 13 round 24 public KD (epochs=2)
[2026-07-26 03:41:20] 2026-07-25 20:47:37 | INFO     | KDClient 13 round 24 local training (epochs=4)
[2026-07-26 03:41:20] 2026-07-25 20:48:08 | INFO     | KDClient 13 round 24 completed (acc=0.7658, n=90)
[2026-07-26 03:41:20] 2026-07-25 20:48:08 | INFO     | KDClient 14 fit round 24 (tier=large)
[2026-07-26 03:41:20] 2026-07-25 20:48:08 | INFO     | KDClient 14 round 24 public KD (epochs=2)
[2026-07-26 03:41:20] 2026-07-25 20:49:20 | INFO     | KDClient 14 round 24 local training (epochs=4)
[2026-07-26 03:41:20] 2026-07-25 20:50:21 | INFO     | KDClient 14 round 24 completed (acc=0.7351, n=90)
[2026-07-26 03:41:20] 2026-07-25 20:50:21 | INFO     | KDClient 15 fit round 24 (tier=large)
[2026-07-26 03:41:20] 2026-07-25 20:50:21 | INFO     | KDClient 15 round 24 public KD (epochs=2)
[2026-07-26 03:41:20] 2026-07-25 20:51:31 | INFO     | KDClient 15 round 24 local training (epochs=4)
[2026-07-26 03:41:20] 2026-07-25 20:52:22 | INFO     | KDClient 15 round 24 completed (acc=0.7730, n=90)
[2026-07-26 03:41:20] 2026-07-25 20:52:22 | INFO     | KDClient 16 fit round 24 (tier=large)
[2026-07-26 03:41:20] 2026-07-25 20:52:22 | INFO     | KDClient 16 round 24 public KD (epochs=2)
[2026-07-26 03:41:20] 2026-07-25 20:53:39 | INFO     | KDClient 16 round 24 local training (epochs=4)
[2026-07-26 03:41:20] 2026-07-25 20:54:32 | INFO     | KDClient 16 round 24 completed (acc=0.6667, n=90)
[2026-07-26 03:41:20] 2026-07-25 20:54:32 | INFO     | KDClient 17 fit round 24 (tier=large)
[2026-07-26 03:41:20] 2026-07-25 20:54:32 | INFO     | KDClient 17 round 24 public KD (epochs=2)
[2026-07-26 03:41:20] 2026-07-25 20:55:45 | INFO     | KDClient 17 round 24 local training (epochs=4)
[2026-07-26 03:41:20] 2026-07-25 20:56:48 | INFO     | KDClient 17 round 24 completed (acc=0.6505, n=90)
[2026-07-26 03:41:20] 2026-07-25 20:56:48 | INFO     | KDClient 18 fit round 24 (tier=large)
[2026-07-26 03:41:20] 2026-07-25 20:56:48 | INFO     | KDClient 18 round 24 public KD (epochs=2)
[2026-07-26 03:41:20] 2026-07-25 20:57:50 | INFO     | KDClient 18 round 24 local training (epochs=4)
[2026-07-26 03:41:20] 2026-07-25 20:58:34 | INFO     | KDClient 18 round 24 completed (acc=0.5910, n=90)
[2026-07-26 03:41:20] 2026-07-25 20:58:34 | INFO     | KDClient 19 fit round 24 (tier=large)
[2026-07-26 03:41:20] 2026-07-25 20:58:34 | INFO     | KDClient 19 round 24 public KD (epochs=2)
[2026-07-26 03:41:20] 2026-07-25 20:59:31 | INFO     | KDClient 19 round 24 local training (epochs=4)
[2026-07-26 03:41:20] 2026-07-25 21:00:19 | INFO     | KDClient 19 round 24 completed (acc=0.6505, n=90)
[2026-07-26 03:41:20] 2026-07-25 21:00:19 | INFO     | MKS — IID: round 24/50 aggregated 3 cluster weights
[2026-07-26 03:41:20]   Round  24/50 | Avg: 0.7326 | Min: 0.5910 | Max: 0.7802
[2026-07-26 03:41:20] 2026-07-25 21:00:19 | INFO     | MKS — IID: round 25/50 starting
[2026-07-26 03:41:20] 2026-07-25 21:00:19 | INFO     | KDClient 0 fit round 25 (tier=small)
[2026-07-26 03:41:20] 2026-07-25 21:00:19 | INFO     | KDClient 0 round 25 public KD (epochs=2)
[2026-07-26 03:41:20] 2026-07-25 21:00:32 | INFO     | KDClient 0 round 25 local training (epochs=4)
[2026-07-26 03:41:20] 2026-07-25 21:00:44 | INFO     | KDClient 0 round 25 completed (acc=0.7730, n=90)
[2026-07-26 03:41:20] 2026-07-25 21:00:44 | INFO     | KDClient 1 fit round 25 (tier=small)
[2026-07-26 03:41:20] 2026-07-25 21:00:44 | INFO     | KDClient 1 round 25 public KD (epochs=2)
[2026-07-26 03:41:20] 2026-07-25 21:00:56 | INFO     | KDClient 1 round 25 local training (epochs=4)
[2026-07-26 03:41:20] 2026-07-25 21:01:06 | INFO     | KDClient 1 round 25 completed (acc=0.7171, n=90)
[2026-07-26 03:41:20] 2026-07-25 21:01:06 | INFO     | KDClient 2 fit round 25 (tier=small)
[2026-07-26 03:41:20] 2026-07-25 21:01:06 | INFO     | KDClient 2 round 25 public KD (epochs=2)
[2026-07-26 03:41:20] 2026-07-25 21:01:18 | INFO     | KDClient 2 round 25 local training (epochs=4)
[2026-07-26 03:41:20] 2026-07-25 21:01:29 | INFO     | KDClient 2 round 25 completed (acc=0.7784, n=90)
[2026-07-26 03:41:20] 2026-07-25 21:01:29 | INFO     | KDClient 3 fit round 25 (tier=small)
[2026-07-26 03:41:20] 2026-07-25 21:01:29 | INFO     | KDClient 3 round 25 public KD (epochs=2)
[2026-07-26 03:41:20] 2026-07-25 21:01:42 | INFO     | KDClient 3 round 25 local training (epochs=4)
[2026-07-26 03:41:20] 2026-07-25 21:01:53 | INFO     | KDClient 3 round 25 completed (acc=0.7694, n=90)
[2026-07-26 03:41:20] 2026-07-25 21:01:53 | INFO     | KDClient 4 fit round 25 (tier=small)
[2026-07-26 03:41:20] 2026-07-25 21:01:53 | INFO     | KDClient 4 round 25 public KD (epochs=2)
[2026-07-26 03:41:20] 2026-07-25 21:02:06 | INFO     | KDClient 4 round 25 local training (epochs=4)
[2026-07-26 03:41:20] 2026-07-25 21:02:15 | INFO     | KDClient 4 round 25 completed (acc=0.7838, n=90)
[2026-07-26 03:41:20] 2026-07-25 21:02:15 | INFO     | KDClient 5 fit round 25 (tier=small)
[2026-07-26 03:41:20] 2026-07-25 21:02:15 | INFO     | KDClient 5 round 25 public KD (epochs=2)
[2026-07-26 03:41:20] 2026-07-25 21:02:27 | INFO     | KDClient 5 round 25 local training (epochs=4)
[2026-07-26 03:41:20] 2026-07-25 21:02:37 | INFO     | KDClient 5 round 25 completed (acc=0.7333, n=90)
[2026-07-26 03:41:20] 2026-07-25 21:02:37 | INFO     | KDClient 6 fit round 25 (tier=small)
[2026-07-26 03:41:20] 2026-07-25 21:02:37 | INFO     | KDClient 6 round 25 public KD (epochs=2)
[2026-07-26 03:41:20] 2026-07-25 21:02:50 | INFO     | KDClient 6 round 25 local training (epochs=4)
[2026-07-26 03:41:20] 2026-07-25 21:03:01 | INFO     | KDClient 6 round 25 completed (acc=0.7676, n=90)
[2026-07-26 03:41:20] 2026-07-25 21:03:01 | INFO     | KDClient 7 fit round 25 (tier=medium)
[2026-07-26 03:41:20] 2026-07-25 21:03:01 | INFO     | KDClient 7 round 25 public KD (epochs=2)
[2026-07-26 03:41:20] 2026-07-25 21:03:41 | INFO     | KDClient 7 round 25 local training (epochs=4)
[2026-07-26 03:41:20] 2026-07-25 21:04:10 | INFO     | KDClient 7 round 25 completed (acc=0.7333, n=90)
[2026-07-26 03:41:20] 2026-07-25 21:04:10 | INFO     | KDClient 8 fit round 25 (tier=medium)
[2026-07-26 03:41:20] 2026-07-25 21:04:10 | INFO     | KDClient 8 round 25 public KD (epochs=2)
[2026-07-26 03:41:20] 2026-07-25 21:04:49 | INFO     | KDClient 8 round 25 local training (epochs=4)
[2026-07-26 03:41:20] 2026-07-25 21:05:20 | INFO     | KDClient 8 round 25 completed (acc=0.7405, n=90)
[2026-07-26 03:41:20] 2026-07-25 21:05:20 | INFO     | KDClient 9 fit round 25 (tier=medium)
[2026-07-26 03:41:20] 2026-07-25 21:05:20 | INFO     | KDClient 9 round 25 public KD (epochs=2)
[2026-07-26 03:41:20] 2026-07-25 21:06:01 | INFO     | KDClient 9 round 25 local training (epochs=4)
[2026-07-26 03:41:20] 2026-07-25 21:06:28 | INFO     | KDClient 9 round 25 completed (acc=0.7099, n=90)
[2026-07-26 03:41:20] 2026-07-25 21:06:28 | INFO     | KDClient 10 fit round 25 (tier=medium)
[2026-07-26 03:41:20] 2026-07-25 21:06:28 | INFO     | KDClient 10 round 25 public KD (epochs=2)
[2026-07-26 03:41:20] 2026-07-25 21:07:03 | INFO     | KDClient 10 round 25 local training (epochs=4)
[2026-07-26 03:41:20] 2026-07-25 21:07:32 | INFO     | KDClient 10 round 25 completed (acc=0.7514, n=90)
[2026-07-26 03:41:20] 2026-07-25 21:07:32 | INFO     | KDClient 11 fit round 25 (tier=medium)
[2026-07-26 03:41:20] 2026-07-25 21:07:32 | INFO     | KDClient 11 round 25 public KD (epochs=2)
[2026-07-26 03:41:20] 2026-07-25 21:08:11 | INFO     | KDClient 11 round 25 local training (epochs=4)
[2026-07-26 03:41:20] 2026-07-25 21:08:37 | INFO     | KDClient 11 round 25 completed (acc=0.7063, n=90)
[2026-07-26 03:41:20] 2026-07-25 21:08:37 | INFO     | KDClient 12 fit round 25 (tier=medium)
[2026-07-26 03:41:20] 2026-07-25 21:08:37 | INFO     | KDClient 12 round 25 public KD (epochs=2)
[2026-07-26 03:41:20] 2026-07-25 21:09:17 | INFO     | KDClient 12 round 25 local training (epochs=4)
[2026-07-26 03:41:20] 2026-07-25 21:09:49 | INFO     | KDClient 12 round 25 completed (acc=0.7658, n=90)
[2026-07-26 03:41:20] 2026-07-25 21:09:49 | INFO     | KDClient 13 fit round 25 (tier=medium)
[2026-07-26 03:41:20] 2026-07-25 21:09:50 | INFO     | KDClient 13 round 25 public KD (epochs=2)
[2026-07-26 03:41:20] 2026-07-25 21:10:27 | INFO     | KDClient 13 round 25 local training (epochs=4)
[2026-07-26 03:41:20] 2026-07-25 21:10:58 | INFO     | KDClient 13 round 25 completed (acc=0.7712, n=90)
[2026-07-26 03:41:20] 2026-07-25 21:10:58 | INFO     | KDClient 14 fit round 25 (tier=large)
[2026-07-26 03:41:20] 2026-07-25 21:10:58 | INFO     | KDClient 14 round 25 public KD (epochs=2)
[2026-07-26 03:41:20] 2026-07-25 21:12:06 | INFO     | KDClient 14 round 25 local training (epochs=4)
[2026-07-26 03:41:20] 2026-07-25 21:12:52 | INFO     | KDClient 14 round 25 completed (acc=0.7495, n=90)
[2026-07-26 03:41:20] 2026-07-25 21:12:52 | INFO     | KDClient 15 fit round 25 (tier=large)
[2026-07-26 03:41:20] 2026-07-25 21:12:52 | INFO     | KDClient 15 round 25 public KD (epochs=2)
[2026-07-26 03:41:20] 2026-07-25 21:14:05 | INFO     | KDClient 15 round 25 local training (epochs=4)
[2026-07-26 03:41:20] 2026-07-25 21:14:51 | INFO     | KDClient 15 round 25 completed (acc=0.7694, n=90)
[2026-07-26 03:41:20] 2026-07-25 21:14:51 | INFO     | KDClient 16 fit round 25 (tier=large)
[2026-07-26 03:41:20] 2026-07-25 21:14:51 | INFO     | KDClient 16 round 25 public KD (epochs=2)
[2026-07-26 03:41:20] 2026-07-25 21:15:57 | INFO     | KDClient 16 round 25 local training (epochs=4)
[2026-07-26 03:41:20] 2026-07-25 21:16:52 | INFO     | KDClient 16 round 25 completed (acc=0.6811, n=90)
[2026-07-26 03:41:20] 2026-07-25 21:16:52 | INFO     | KDClient 17 fit round 25 (tier=large)
[2026-07-26 03:41:20] 2026-07-25 21:16:52 | INFO     | KDClient 17 round 25 public KD (epochs=2)
[2026-07-26 03:41:20] 2026-07-25 21:18:08 | INFO     | KDClient 17 round 25 local training (epochs=4)
[2026-07-26 03:41:20] 2026-07-25 21:19:07 | INFO     | KDClient 17 round 25 completed (acc=0.6955, n=90)
[2026-07-26 03:41:20] 2026-07-25 21:19:07 | INFO     | KDClient 18 fit round 25 (tier=large)
[2026-07-26 03:41:20] 2026-07-25 21:19:07 | INFO     | KDClient 18 round 25 public KD (epochs=2)
[2026-07-26 03:41:20] 2026-07-25 21:20:24 | INFO     | KDClient 18 round 25 local training (epochs=4)
[2026-07-26 03:41:20] 2026-07-25 21:21:09 | INFO     | KDClient 18 round 25 completed (acc=0.6234, n=90)
[2026-07-26 03:41:20] 2026-07-25 21:21:09 | INFO     | KDClient 19 fit round 25 (tier=large)
[2026-07-26 03:41:20] 2026-07-25 21:21:09 | INFO     | KDClient 19 round 25 public KD (epochs=2)
[2026-07-26 03:41:20] 2026-07-25 21:22:06 | INFO     | KDClient 19 round 25 local training (epochs=4)
[2026-07-26 03:41:20] 2026-07-25 21:22:51 | INFO     | KDClient 19 round 25 completed (acc=0.6901, n=90)
[2026-07-26 03:41:20] 2026-07-25 21:22:51 | INFO     | MKS — IID: round 25/50 aggregated 3 cluster weights
[2026-07-26 03:41:20]   Round  25/50 | Avg: 0.7355 | Min: 0.6234 | Max: 0.7838
[2026-07-26 03:41:20] 2026-07-25 21:22:51 | INFO     | MKS — IID: round 26/50 starting
[2026-07-26 03:41:20] 2026-07-25 21:22:51 | INFO     | KDClient 0 fit round 26 (tier=small)
[2026-07-26 03:41:20] 2026-07-25 21:22:51 | INFO     | KDClient 0 round 26 public KD (epochs=2)
[2026-07-26 03:41:20] 2026-07-25 21:23:08 | INFO     | KDClient 0 round 26 local training (epochs=4)
[2026-07-26 03:41:20] 2026-07-25 21:23:19 | INFO     | KDClient 0 round 26 completed (acc=0.7477, n=90)
[2026-07-26 03:41:20] 2026-07-25 21:23:19 | INFO     | KDClient 1 fit round 26 (tier=small)
[2026-07-26 03:41:20] 2026-07-25 21:23:19 | INFO     | KDClient 1 round 26 public KD (epochs=2)
[2026-07-26 03:41:20] 2026-07-25 21:23:32 | INFO     | KDClient 1 round 26 local training (epochs=4)
[2026-07-26 03:41:20] 2026-07-25 21:23:44 | INFO     | KDClient 1 round 26 completed (acc=0.7459, n=90)
[2026-07-26 03:41:20] 2026-07-25 21:23:44 | INFO     | KDClient 2 fit round 26 (tier=small)
[2026-07-26 03:41:20] 2026-07-25 21:23:44 | INFO     | KDClient 2 round 26 public KD (epochs=2)
[2026-07-26 03:41:20] 2026-07-25 21:23:57 | INFO     | KDClient 2 round 26 local training (epochs=4)
[2026-07-26 03:41:20] 2026-07-25 21:24:09 | INFO     | KDClient 2 round 26 completed (acc=0.7748, n=90)
[2026-07-26 03:41:20] 2026-07-25 21:24:09 | INFO     | KDClient 3 fit round 26 (tier=small)
[2026-07-26 03:41:20] 2026-07-25 21:24:09 | INFO     | KDClient 3 round 26 public KD (epochs=2)
[2026-07-26 03:41:20] 2026-07-25 21:24:22 | INFO     | KDClient 3 round 26 local training (epochs=4)
[2026-07-26 03:41:20] 2026-07-25 21:24:34 | INFO     | KDClient 3 round 26 completed (acc=0.7604, n=90)
[2026-07-26 03:41:20] 2026-07-25 21:24:34 | INFO     | KDClient 4 fit round 26 (tier=small)
[2026-07-26 03:41:20] 2026-07-25 21:24:34 | INFO     | KDClient 4 round 26 public KD (epochs=2)
[2026-07-26 03:41:20] 2026-07-25 21:24:47 | INFO     | KDClient 4 round 26 local training (epochs=4)
[2026-07-26 03:41:20] 2026-07-25 21:24:59 | INFO     | KDClient 4 round 26 completed (acc=0.7459, n=90)
[2026-07-26 03:41:20] 2026-07-25 21:24:59 | INFO     | KDClient 5 fit round 26 (tier=small)
[2026-07-26 03:41:20] 2026-07-25 21:24:59 | INFO     | KDClient 5 round 26 public KD (epochs=2)
[2026-07-26 03:41:20] 2026-07-25 21:25:11 | INFO     | KDClient 5 round 26 local training (epochs=4)
[2026-07-26 03:41:20] 2026-07-25 21:25:20 | INFO     | KDClient 5 round 26 completed (acc=0.7658, n=90)
[2026-07-26 03:41:20] 2026-07-25 21:25:20 | INFO     | KDClient 6 fit round 26 (tier=small)
[2026-07-26 03:41:20] 2026-07-25 21:25:20 | INFO     | KDClient 6 round 26 public KD (epochs=2)
[2026-07-26 03:41:20] 2026-07-25 21:25:33 | INFO     | KDClient 6 round 26 local training (epochs=4)
[2026-07-26 03:41:20] 2026-07-25 21:25:42 | INFO     | KDClient 6 round 26 completed (acc=0.7748, n=90)
[2026-07-26 03:41:20] 2026-07-25 21:25:42 | INFO     | KDClient 7 fit round 26 (tier=medium)
[2026-07-26 03:41:20] 2026-07-25 21:25:42 | INFO     | KDClient 7 round 26 public KD (epochs=2)
[2026-07-26 03:41:20] 2026-07-25 21:26:21 | INFO     | KDClient 7 round 26 local training (epochs=4)
[2026-07-26 03:41:20] 2026-07-25 21:26:58 | INFO     | KDClient 7 round 26 completed (acc=0.7369, n=90)
[2026-07-26 03:41:20] 2026-07-25 21:26:58 | INFO     | KDClient 8 fit round 26 (tier=medium)
[2026-07-26 03:41:20] 2026-07-25 21:26:58 | INFO     | KDClient 8 round 26 public KD (epochs=2)
[2026-07-26 03:41:20] 2026-07-25 21:27:37 | INFO     | KDClient 8 round 26 local training (epochs=4)
[2026-07-26 03:41:20] 2026-07-25 21:28:05 | INFO     | KDClient 8 round 26 completed (acc=0.7712, n=90)
[2026-07-26 03:41:20] 2026-07-25 21:28:05 | INFO     | KDClient 9 fit round 26 (tier=medium)
[2026-07-26 03:41:20] 2026-07-25 21:28:05 | INFO     | KDClient 9 round 26 public KD (epochs=2)
[2026-07-26 03:41:20] 2026-07-25 21:29:04 | INFO     | KDClient 9 round 26 local training (epochs=4)
[2026-07-26 03:41:20] 2026-07-25 21:29:31 | INFO     | KDClient 9 round 26 completed (acc=0.7063, n=90)
[2026-07-26 03:41:20] 2026-07-25 21:29:31 | INFO     | KDClient 10 fit round 26 (tier=medium)
[2026-07-26 03:41:20] 2026-07-25 21:29:31 | INFO     | KDClient 10 round 26 public KD (epochs=2)
[2026-07-26 03:41:20] 2026-07-25 21:30:16 | INFO     | KDClient 10 round 26 local training (epochs=4)
[2026-07-26 03:41:20] 2026-07-25 21:30:51 | INFO     | KDClient 10 round 26 completed (acc=0.7694, n=90)
[2026-07-26 03:41:20] 2026-07-25 21:30:51 | INFO     | KDClient 11 fit round 26 (tier=medium)
[2026-07-26 03:41:20] 2026-07-25 21:30:51 | INFO     | KDClient 11 round 26 public KD (epochs=2)
[2026-07-26 03:41:20] 2026-07-25 21:31:36 | INFO     | KDClient 11 round 26 local training (epochs=4)
[2026-07-26 03:41:20] 2026-07-25 21:32:15 | INFO     | KDClient 11 round 26 completed (acc=0.7712, n=90)
[2026-07-26 03:41:20] 2026-07-25 21:32:15 | INFO     | KDClient 12 fit round 26 (tier=medium)
[2026-07-26 03:41:20] 2026-07-25 21:32:15 | INFO     | KDClient 12 round 26 public KD (epochs=2)
[2026-07-26 03:41:20] 2026-07-25 21:33:19 | INFO     | KDClient 12 round 26 local training (epochs=4)
[2026-07-26 03:41:20] 2026-07-25 21:33:53 | INFO     | KDClient 12 round 26 completed (acc=0.7748, n=90)
[2026-07-26 03:41:20] 2026-07-25 21:33:53 | INFO     | KDClient 13 fit round 26 (tier=medium)
[2026-07-26 03:41:20] 2026-07-25 21:33:53 | INFO     | KDClient 13 round 26 public KD (epochs=2)
[2026-07-26 03:41:20] 2026-07-25 21:34:39 | INFO     | KDClient 13 round 26 local training (epochs=4)
[2026-07-26 03:41:20] 2026-07-25 21:35:15 | INFO     | KDClient 13 round 26 completed (acc=0.7658, n=90)
[2026-07-26 03:41:20] 2026-07-25 21:35:15 | INFO     | KDClient 14 fit round 26 (tier=large)
[2026-07-26 03:41:20] 2026-07-25 21:35:15 | INFO     | KDClient 14 round 26 public KD (epochs=2)
[2026-07-26 03:41:20] 2026-07-25 21:36:19 | INFO     | KDClient 14 round 26 local training (epochs=4)
[2026-07-26 03:41:20] 2026-07-25 21:37:11 | INFO     | KDClient 14 round 26 completed (acc=0.9027, n=90)
[2026-07-26 03:41:20] 2026-07-25 21:37:11 | INFO     | KDClient 15 fit round 26 (tier=large)
[2026-07-26 03:41:20] 2026-07-25 21:37:11 | INFO     | KDClient 15 round 26 public KD (epochs=2)
[2026-07-26 03:41:20] 2026-07-25 21:38:19 | INFO     | KDClient 15 round 26 local training (epochs=4)
[2026-07-26 03:41:20] 2026-07-25 21:39:18 | INFO     | KDClient 15 round 26 completed (acc=0.9279, n=90)
[2026-07-26 03:41:20] 2026-07-25 21:39:18 | INFO     | KDClient 16 fit round 26 (tier=large)
[2026-07-26 03:41:20] 2026-07-25 21:39:18 | INFO     | KDClient 16 round 26 public KD (epochs=2)
[2026-07-26 03:41:20] 2026-07-25 21:40:24 | INFO     | KDClient 16 round 26 local training (epochs=4)
[2026-07-26 03:41:20] 2026-07-25 21:41:35 | INFO     | KDClient 16 round 26 completed (acc=0.8721, n=90)
[2026-07-26 03:41:20] 2026-07-25 21:41:35 | INFO     | KDClient 17 fit round 26 (tier=large)
[2026-07-26 03:41:20] 2026-07-25 21:41:35 | INFO     | KDClient 17 round 26 public KD (epochs=2)
[2026-07-26 03:41:20] 2026-07-25 21:42:51 | INFO     | KDClient 17 round 26 local training (epochs=4)
[2026-07-26 03:41:20] 2026-07-25 21:43:52 | INFO     | KDClient 17 round 26 completed (acc=0.6739, n=90)
[2026-07-26 03:41:20] 2026-07-25 21:43:52 | INFO     | KDClient 18 fit round 26 (tier=large)
[2026-07-26 03:41:20] 2026-07-25 21:43:52 | INFO     | KDClient 18 round 26 public KD (epochs=2)
[2026-07-26 03:41:20] 2026-07-25 21:44:54 | INFO     | KDClient 18 round 26 local training (epochs=4)
[2026-07-26 03:41:20] 2026-07-25 21:45:40 | INFO     | KDClient 18 round 26 completed (acc=0.6216, n=90)
[2026-07-26 03:41:20] 2026-07-25 21:45:40 | INFO     | KDClient 19 fit round 26 (tier=large)
[2026-07-26 03:41:20] 2026-07-25 21:45:40 | INFO     | KDClient 19 round 26 public KD (epochs=2)
[2026-07-26 03:41:20] 2026-07-25 21:46:35 | INFO     | KDClient 19 round 26 local training (epochs=4)
[2026-07-26 03:41:20] 2026-07-25 21:47:18 | INFO     | KDClient 19 round 26 completed (acc=0.7333, n=90)
[2026-07-26 03:41:20] 2026-07-25 21:47:18 | INFO     | MKS — IID: round 26/50 aggregated 3 cluster weights
[2026-07-26 03:41:20]   Round  26/50 | Avg: 0.7671 | Min: 0.6216 | Max: 0.9279
[2026-07-26 03:41:20] 2026-07-25 21:47:18 | INFO     | MKS — IID: round 27/50 starting
[2026-07-26 03:41:20] 2026-07-25 21:47:18 | INFO     | KDClient 0 fit round 27 (tier=small)
[2026-07-26 03:41:20] 2026-07-25 21:47:18 | INFO     | KDClient 0 round 27 public KD (epochs=2)
[2026-07-26 03:41:20] 2026-07-25 21:47:31 | INFO     | KDClient 0 round 27 local training (epochs=4)
[2026-07-26 03:41:20] 2026-07-25 21:47:39 | INFO     | KDClient 0 round 27 completed (acc=0.7514, n=90)
[2026-07-26 03:41:20] 2026-07-25 21:47:39 | INFO     | KDClient 1 fit round 27 (tier=small)
[2026-07-26 03:41:20] 2026-07-25 21:47:39 | INFO     | KDClient 1 round 27 public KD (epochs=2)
[2026-07-26 03:41:20] 2026-07-25 21:47:52 | INFO     | KDClient 1 round 27 local training (epochs=4)
[2026-07-26 03:41:20] 2026-07-25 21:48:03 | INFO     | KDClient 1 round 27 completed (acc=0.7423, n=90)
[2026-07-26 03:41:20] 2026-07-25 21:48:03 | INFO     | KDClient 2 fit round 27 (tier=small)
[2026-07-26 03:41:20] 2026-07-25 21:48:03 | INFO     | KDClient 2 round 27 public KD (epochs=2)
[2026-07-26 03:41:20] 2026-07-25 21:48:17 | INFO     | KDClient 2 round 27 local training (epochs=4)
[2026-07-26 03:41:20] 2026-07-25 21:48:29 | INFO     | KDClient 2 round 27 completed (acc=0.7802, n=90)
[2026-07-26 03:41:20] 2026-07-25 21:48:29 | INFO     | KDClient 3 fit round 27 (tier=small)
[2026-07-26 03:41:20] 2026-07-25 21:48:29 | INFO     | KDClient 3 round 27 public KD (epochs=2)
[2026-07-26 03:41:20] 2026-07-25 21:48:42 | INFO     | KDClient 3 round 27 local training (epochs=4)
[2026-07-26 03:41:20] 2026-07-25 21:48:54 | INFO     | KDClient 3 round 27 completed (acc=0.7315, n=90)
[2026-07-26 03:41:20] 2026-07-25 21:48:54 | INFO     | KDClient 4 fit round 27 (tier=small)
[2026-07-26 03:41:20] 2026-07-25 21:48:54 | INFO     | KDClient 4 round 27 public KD (epochs=2)
[2026-07-26 03:41:20] 2026-07-25 21:49:07 | INFO     | KDClient 4 round 27 local training (epochs=4)
[2026-07-26 03:41:20] 2026-07-25 21:49:19 | INFO     | KDClient 4 round 27 completed (acc=0.7802, n=90)
[2026-07-26 03:41:20] 2026-07-25 21:49:19 | INFO     | KDClient 5 fit round 27 (tier=small)
[2026-07-26 03:41:20] 2026-07-25 21:49:19 | INFO     | KDClient 5 round 27 public KD (epochs=2)
[2026-07-26 03:41:20] 2026-07-25 21:49:36 | INFO     | KDClient 5 round 27 local training (epochs=4)
[2026-07-26 03:41:20] 2026-07-25 21:49:49 | INFO     | KDClient 5 round 27 completed (acc=0.7748, n=90)
[2026-07-26 03:41:20] 2026-07-25 21:49:49 | INFO     | KDClient 6 fit round 27 (tier=small)
[2026-07-26 03:41:20] 2026-07-25 21:49:49 | INFO     | KDClient 6 round 27 public KD (epochs=2)
[2026-07-26 03:41:20] 2026-07-25 21:50:01 | INFO     | KDClient 6 round 27 local training (epochs=4)
[2026-07-26 03:41:20] 2026-07-25 21:50:11 | INFO     | KDClient 6 round 27 completed (acc=0.7748, n=90)
[2026-07-26 03:41:20] 2026-07-25 21:50:11 | INFO     | KDClient 7 fit round 27 (tier=medium)
[2026-07-26 03:41:20] 2026-07-25 21:50:11 | INFO     | KDClient 7 round 27 public KD (epochs=2)
[2026-07-26 03:41:20] 2026-07-25 21:50:53 | INFO     | KDClient 7 round 27 local training (epochs=4)
[2026-07-26 03:41:20] 2026-07-25 21:51:25 | INFO     | KDClient 7 round 27 completed (acc=0.7532, n=90)
[2026-07-26 03:41:20] 2026-07-25 21:51:25 | INFO     | KDClient 8 fit round 27 (tier=medium)
[2026-07-26 03:41:20] 2026-07-25 21:51:25 | INFO     | KDClient 8 round 27 public KD (epochs=2)
[2026-07-26 03:41:20] 2026-07-25 21:52:02 | INFO     | KDClient 8 round 27 local training (epochs=4)
[2026-07-26 03:41:20] 2026-07-25 21:52:29 | INFO     | KDClient 8 round 27 completed (acc=0.7207, n=90)
[2026-07-26 03:41:20] 2026-07-25 21:52:29 | INFO     | KDClient 9 fit round 27 (tier=medium)
[2026-07-26 03:41:20] 2026-07-25 21:52:29 | INFO     | KDClient 9 round 27 public KD (epochs=2)
[2026-07-26 03:41:20] 2026-07-25 21:53:07 | INFO     | KDClient 9 round 27 local training (epochs=4)
[2026-07-26 03:41:20] 2026-07-25 21:53:41 | INFO     | KDClient 9 round 27 completed (acc=0.7838, n=90)
[2026-07-26 03:41:20] 2026-07-25 21:53:41 | INFO     | KDClient 10 fit round 27 (tier=medium)
[2026-07-26 03:41:20] 2026-07-25 21:53:41 | INFO     | KDClient 10 round 27 public KD (epochs=2)
[2026-07-26 03:41:20] 2026-07-25 21:54:27 | INFO     | KDClient 10 round 27 local training (epochs=4)
[2026-07-26 03:41:20] 2026-07-25 21:55:03 | INFO     | KDClient 10 round 27 completed (acc=0.7604, n=90)
[2026-07-26 03:41:20] 2026-07-25 21:55:03 | INFO     | KDClient 11 fit round 27 (tier=medium)
[2026-07-26 03:41:20] 2026-07-25 21:55:03 | INFO     | KDClient 11 round 27 public KD (epochs=2)
[2026-07-26 03:41:20] 2026-07-25 21:55:50 | INFO     | KDClient 11 round 27 local training (epochs=4)
[2026-07-26 03:41:20] 2026-07-25 21:56:27 | INFO     | KDClient 11 round 27 completed (acc=0.6775, n=90)
[2026-07-26 03:41:20] 2026-07-25 21:56:27 | INFO     | KDClient 12 fit round 27 (tier=medium)
[2026-07-26 03:41:20] 2026-07-25 21:56:27 | INFO     | KDClient 12 round 27 public KD (epochs=2)
[2026-07-26 03:41:20] 2026-07-25 21:57:13 | INFO     | KDClient 12 round 27 local training (epochs=4)
[2026-07-26 03:41:20] 2026-07-25 21:57:46 | INFO     | KDClient 12 round 27 completed (acc=0.7766, n=90)
[2026-07-26 03:41:20] 2026-07-25 21:57:46 | INFO     | KDClient 13 fit round 27 (tier=medium)
[2026-07-26 03:41:20] 2026-07-25 21:57:46 | INFO     | KDClient 13 round 27 public KD (epochs=2)
[2026-07-26 03:41:20] 2026-07-25 21:58:33 | INFO     | KDClient 13 round 27 local training (epochs=4)
[2026-07-26 03:41:20] 2026-07-25 21:59:08 | INFO     | KDClient 13 round 27 completed (acc=0.7640, n=90)
[2026-07-26 03:41:20] 2026-07-25 21:59:08 | INFO     | KDClient 14 fit round 27 (tier=large)
[2026-07-26 03:41:20] 2026-07-25 21:59:08 | INFO     | KDClient 14 round 27 public KD (epochs=2)
[2026-07-26 03:41:20] 2026-07-25 22:00:16 | INFO     | KDClient 14 round 27 local training (epochs=4)
[2026-07-26 03:41:20] 2026-07-25 22:01:08 | INFO     | KDClient 14 round 27 completed (acc=0.9081, n=90)
[2026-07-26 03:41:20] 2026-07-25 22:01:08 | INFO     | KDClient 15 fit round 27 (tier=large)
[2026-07-26 03:41:20] 2026-07-25 22:01:08 | INFO     | KDClient 15 round 27 public KD (epochs=2)
[2026-07-26 03:41:20] 2026-07-25 22:02:15 | INFO     | KDClient 15 round 27 local training (epochs=4)
[2026-07-26 03:41:20] 2026-07-25 22:03:13 | INFO     | KDClient 15 round 27 completed (acc=0.9117, n=90)
[2026-07-26 03:41:20] 2026-07-25 22:03:13 | INFO     | KDClient 16 fit round 27 (tier=large)
[2026-07-26 03:41:20] 2026-07-25 22:03:13 | INFO     | KDClient 16 round 27 public KD (epochs=2)
[2026-07-26 03:41:20] 2026-07-25 22:04:30 | INFO     | KDClient 16 round 27 local training (epochs=4)
[2026-07-26 03:41:20] 2026-07-25 22:05:35 | INFO     | KDClient 16 round 27 completed (acc=0.8036, n=90)
[2026-07-26 03:41:20] 2026-07-25 22:05:35 | INFO     | KDClient 17 fit round 27 (tier=large)
[2026-07-26 03:41:20] 2026-07-25 22:05:35 | INFO     | KDClient 17 round 27 public KD (epochs=2)
[2026-07-26 03:41:20] 2026-07-25 22:06:47 | INFO     | KDClient 17 round 27 local training (epochs=4)
[2026-07-26 03:41:20] 2026-07-25 22:08:02 | INFO     | KDClient 17 round 27 completed (acc=0.6486, n=90)
[2026-07-26 03:41:20] 2026-07-25 22:08:02 | INFO     | KDClient 18 fit round 27 (tier=large)
[2026-07-26 03:41:20] 2026-07-25 22:08:02 | INFO     | KDClient 18 round 27 public KD (epochs=2)
[2026-07-26 03:41:20] 2026-07-25 22:09:09 | INFO     | KDClient 18 round 27 local training (epochs=4)
[2026-07-26 03:41:20] 2026-07-25 22:09:54 | INFO     | KDClient 18 round 27 completed (acc=0.6811, n=90)
[2026-07-26 03:41:20] 2026-07-25 22:09:54 | INFO     | KDClient 19 fit round 27 (tier=large)
[2026-07-26 03:41:20] 2026-07-25 22:09:54 | INFO     | KDClient 19 round 27 public KD (epochs=2)
[2026-07-26 03:41:20] 2026-07-25 22:10:49 | INFO     | KDClient 19 round 27 local training (epochs=4)
[2026-07-26 03:41:20] 2026-07-25 22:11:33 | INFO     | KDClient 19 round 27 completed (acc=0.6541, n=90)
[2026-07-26 03:41:20] 2026-07-25 22:11:33 | INFO     | MKS — IID: round 27/50 aggregated 3 cluster weights
[2026-07-26 03:41:20]   Round  27/50 | Avg: 0.7589 | Min: 0.6486 | Max: 0.9117
[2026-07-26 03:41:20] 2026-07-25 22:11:33 | INFO     | MKS — IID: round 28/50 starting
[2026-07-26 03:41:20] 2026-07-25 22:11:33 | INFO     | KDClient 0 fit round 28 (tier=small)
[2026-07-26 03:41:20] 2026-07-25 22:11:33 | INFO     | KDClient 0 round 28 public KD (epochs=2)
[2026-07-26 03:41:20] 2026-07-25 22:11:45 | INFO     | KDClient 0 round 28 local training (epochs=4)
[2026-07-26 03:41:20] 2026-07-25 22:11:56 | INFO     | KDClient 0 round 28 completed (acc=0.7351, n=90)
[2026-07-26 03:41:20] 2026-07-25 22:11:56 | INFO     | KDClient 1 fit round 28 (tier=small)
[2026-07-26 03:41:20] 2026-07-25 22:11:56 | INFO     | KDClient 1 round 28 public KD (epochs=2)
[2026-07-26 03:41:20] 2026-07-25 22:12:08 | INFO     | KDClient 1 round 28 local training (epochs=4)
[2026-07-26 03:41:20] 2026-07-25 22:12:19 | INFO     | KDClient 1 round 28 completed (acc=0.7712, n=90)
[2026-07-26 03:41:20] 2026-07-25 22:12:19 | INFO     | KDClient 2 fit round 28 (tier=small)
[2026-07-26 03:41:20] 2026-07-25 22:12:19 | INFO     | KDClient 2 round 28 public KD (epochs=2)
[2026-07-26 03:41:20] 2026-07-25 22:12:33 | INFO     | KDClient 2 round 28 local training (epochs=4)
[2026-07-26 03:41:20] 2026-07-25 22:12:44 | INFO     | KDClient 2 round 28 completed (acc=0.7640, n=90)
[2026-07-26 03:41:20] 2026-07-25 22:12:44 | INFO     | KDClient 3 fit round 28 (tier=small)
[2026-07-26 03:41:20] 2026-07-25 22:12:44 | INFO     | KDClient 3 round 28 public KD (epochs=2)
[2026-07-26 03:41:20] 2026-07-25 22:13:01 | INFO     | KDClient 3 round 28 local training (epochs=4)
[2026-07-26 03:41:20] 2026-07-25 22:13:12 | INFO     | KDClient 3 round 28 completed (acc=0.7423, n=90)
[2026-07-26 03:41:20] 2026-07-25 22:13:12 | INFO     | KDClient 4 fit round 28 (tier=small)
[2026-07-26 03:41:20] 2026-07-25 22:13:12 | INFO     | KDClient 4 round 28 public KD (epochs=2)
[2026-07-26 03:41:20] 2026-07-25 22:13:26 | INFO     | KDClient 4 round 28 local training (epochs=4)
[2026-07-26 03:41:20] 2026-07-25 22:13:37 | INFO     | KDClient 4 round 28 completed (acc=0.7802, n=90)
[2026-07-26 03:41:20] 2026-07-25 22:13:37 | INFO     | KDClient 5 fit round 28 (tier=small)
[2026-07-26 03:41:20] 2026-07-25 22:13:37 | INFO     | KDClient 5 round 28 public KD (epochs=2)
[2026-07-26 03:41:20] 2026-07-25 22:13:55 | INFO     | KDClient 5 round 28 local training (epochs=4)
[2026-07-26 03:41:20] 2026-07-25 22:14:05 | INFO     | KDClient 5 round 28 completed (acc=0.7532, n=90)
[2026-07-26 03:41:20] 2026-07-25 22:14:05 | INFO     | KDClient 6 fit round 28 (tier=small)
[2026-07-26 03:41:20] 2026-07-25 22:14:05 | INFO     | KDClient 6 round 28 public KD (epochs=2)
[2026-07-26 03:41:20] 2026-07-25 22:14:22 | INFO     | KDClient 6 round 28 local training (epochs=4)
[2026-07-26 03:41:20] 2026-07-25 22:14:33 | INFO     | KDClient 6 round 28 completed (acc=0.7748, n=90)
[2026-07-26 03:41:20] 2026-07-25 22:14:33 | INFO     | KDClient 7 fit round 28 (tier=medium)
[2026-07-26 03:41:20] 2026-07-25 22:14:33 | INFO     | KDClient 7 round 28 public KD (epochs=2)
[2026-07-26 03:41:20] 2026-07-25 22:15:14 | INFO     | KDClient 7 round 28 local training (epochs=4)
[2026-07-26 03:41:20] 2026-07-25 22:15:45 | INFO     | KDClient 7 round 28 completed (acc=0.7856, n=90)
[2026-07-26 03:41:20] 2026-07-25 22:15:45 | INFO     | KDClient 8 fit round 28 (tier=medium)
[2026-07-26 03:41:20] 2026-07-25 22:15:45 | INFO     | KDClient 8 round 28 public KD (epochs=2)
[2026-07-26 03:41:20] 2026-07-25 22:16:23 | INFO     | KDClient 8 round 28 local training (epochs=4)
[2026-07-26 03:41:20] 2026-07-25 22:16:55 | INFO     | KDClient 8 round 28 completed (acc=0.7712, n=90)
[2026-07-26 03:41:20] 2026-07-25 22:16:55 | INFO     | KDClient 9 fit round 28 (tier=medium)
[2026-07-26 03:41:20] 2026-07-25 22:16:55 | INFO     | KDClient 9 round 28 public KD (epochs=2)
[2026-07-26 03:41:20] 2026-07-25 22:17:56 | INFO     | KDClient 9 round 28 local training (epochs=4)
[2026-07-26 03:41:20] 2026-07-25 22:18:27 | INFO     | KDClient 9 round 28 completed (acc=0.8631, n=90)
[2026-07-26 03:41:20] 2026-07-25 22:18:27 | INFO     | KDClient 10 fit round 28 (tier=medium)
[2026-07-26 03:41:20] 2026-07-25 22:18:27 | INFO     | KDClient 10 round 28 public KD (epochs=2)
[2026-07-26 03:41:20] 2026-07-25 22:19:13 | INFO     | KDClient 10 round 28 local training (epochs=4)
[2026-07-26 03:41:20] 2026-07-25 22:19:47 | INFO     | KDClient 10 round 28 completed (acc=0.7748, n=90)
[2026-07-26 03:41:20] 2026-07-25 22:19:47 | INFO     | KDClient 11 fit round 28 (tier=medium)
[2026-07-26 03:41:20] 2026-07-25 22:19:47 | INFO     | KDClient 11 round 28 public KD (epochs=2)
[2026-07-26 03:41:20] 2026-07-25 22:20:33 | INFO     | KDClient 11 round 28 local training (epochs=4)
[2026-07-26 03:41:20] 2026-07-25 22:21:12 | INFO     | KDClient 11 round 28 completed (acc=0.7387, n=90)
[2026-07-26 03:41:20] 2026-07-25 22:21:12 | INFO     | KDClient 12 fit round 28 (tier=medium)
[2026-07-26 03:41:20] 2026-07-25 22:21:12 | INFO     | KDClient 12 round 28 public KD (epochs=2)
[2026-07-26 03:41:20] 2026-07-25 22:21:53 | INFO     | KDClient 12 round 28 local training (epochs=4)
[2026-07-26 03:41:20] 2026-07-25 22:22:27 | INFO     | KDClient 12 round 28 completed (acc=0.7748, n=90)
[2026-07-26 03:41:20] 2026-07-25 22:22:27 | INFO     | KDClient 13 fit round 28 (tier=medium)
[2026-07-26 03:41:20] 2026-07-25 22:22:27 | INFO     | KDClient 13 round 28 public KD (epochs=2)
[2026-07-26 03:41:20] 2026-07-25 22:23:31 | INFO     | KDClient 13 round 28 local training (epochs=4)
[2026-07-26 03:41:20] 2026-07-25 22:24:02 | INFO     | KDClient 13 round 28 completed (acc=0.7766, n=90)
[2026-07-26 03:41:20] 2026-07-25 22:24:02 | INFO     | KDClient 14 fit round 28 (tier=large)
[2026-07-26 03:41:20] 2026-07-25 22:24:02 | INFO     | KDClient 14 round 28 public KD (epochs=2)
[2026-07-26 03:41:20] 2026-07-25 22:25:17 | INFO     | KDClient 14 round 28 local training (epochs=4)
[2026-07-26 03:41:20] 2026-07-25 22:26:05 | INFO     | KDClient 14 round 28 completed (acc=0.8901, n=90)
[2026-07-26 03:41:20] 2026-07-25 22:26:05 | INFO     | KDClient 15 fit round 28 (tier=large)
[2026-07-26 03:41:20] 2026-07-25 22:26:05 | INFO     | KDClient 15 round 28 public KD (epochs=2)
[2026-07-26 03:41:20] 2026-07-25 22:27:16 | INFO     | KDClient 15 round 28 local training (epochs=4)
[2026-07-26 03:41:20] 2026-07-25 22:28:08 | INFO     | KDClient 15 round 28 completed (acc=0.9261, n=90)
[2026-07-26 03:41:20] 2026-07-25 22:28:08 | INFO     | KDClient 16 fit round 28 (tier=large)
[2026-07-26 03:41:20] 2026-07-25 22:28:08 | INFO     | KDClient 16 round 28 public KD (epochs=2)
[2026-07-26 03:41:20] 2026-07-25 22:29:20 | INFO     | KDClient 16 round 28 local training (epochs=4)
[2026-07-26 03:41:20] 2026-07-25 22:30:14 | INFO     | KDClient 16 round 28 completed (acc=0.7153, n=90)
[2026-07-26 03:41:20] 2026-07-25 22:30:14 | INFO     | KDClient 17 fit round 28 (tier=large)
[2026-07-26 03:41:20] 2026-07-25 22:30:14 | INFO     | KDClient 17 round 28 public KD (epochs=2)
[2026-07-26 03:41:20] 2026-07-25 22:31:35 | INFO     | KDClient 17 round 28 local training (epochs=4)
[2026-07-26 03:41:20] 2026-07-25 22:32:36 | INFO     | KDClient 17 round 28 completed (acc=0.8234, n=90)
[2026-07-26 03:41:20] 2026-07-25 22:32:36 | INFO     | KDClient 18 fit round 28 (tier=large)
[2026-07-26 03:41:20] 2026-07-25 22:32:36 | INFO     | KDClient 18 round 28 public KD (epochs=2)
[2026-07-26 03:41:20] 2026-07-25 22:33:40 | INFO     | KDClient 18 round 28 local training (epochs=4)
[2026-07-26 03:41:20] 2026-07-25 22:34:28 | INFO     | KDClient 18 round 28 completed (acc=0.6739, n=90)
[2026-07-26 03:41:20] 2026-07-25 22:34:28 | INFO     | KDClient 19 fit round 28 (tier=large)
[2026-07-26 03:41:20] 2026-07-25 22:34:28 | INFO     | KDClient 19 round 28 public KD (epochs=2)
[2026-07-26 03:41:20] 2026-07-25 22:35:27 | INFO     | KDClient 19 round 28 local training (epochs=4)
[2026-07-26 03:41:20] 2026-07-25 22:36:14 | INFO     | KDClient 19 round 28 completed (acc=0.7261, n=90)
[2026-07-26 03:41:20] 2026-07-25 22:36:14 | INFO     | MKS — IID: round 28/50 aggregated 3 cluster weights
[2026-07-26 03:41:20]   Round  28/50 | Avg: 0.7780 | Min: 0.6739 | Max: 0.9261
[2026-07-26 03:41:20] 2026-07-25 22:36:14 | INFO     | MKS — IID: round 29/50 starting
[2026-07-26 03:41:20] 2026-07-25 22:36:14 | INFO     | KDClient 0 fit round 29 (tier=small)
[2026-07-26 03:41:20] 2026-07-25 22:36:14 | INFO     | KDClient 0 round 29 public KD (epochs=2)
[2026-07-26 03:41:20] 2026-07-25 22:36:26 | INFO     | KDClient 0 round 29 local training (epochs=4)
[2026-07-26 03:41:20] 2026-07-25 22:36:37 | INFO     | KDClient 0 round 29 completed (acc=0.8162, n=90)
[2026-07-26 03:41:20] 2026-07-25 22:36:37 | INFO     | KDClient 1 fit round 29 (tier=small)
[2026-07-26 03:41:20] 2026-07-25 22:36:37 | INFO     | KDClient 1 round 29 public KD (epochs=2)
[2026-07-26 03:41:20] 2026-07-25 22:36:51 | INFO     | KDClient 1 round 29 local training (epochs=4)
[2026-07-26 03:41:20] 2026-07-25 22:37:03 | INFO     | KDClient 1 round 29 completed (acc=0.8468, n=90)
[2026-07-26 03:41:20] 2026-07-25 22:37:03 | INFO     | KDClient 2 fit round 29 (tier=small)
[2026-07-26 03:41:20] 2026-07-25 22:37:03 | INFO     | KDClient 2 round 29 public KD (epochs=2)
[2026-07-26 03:41:20] 2026-07-25 22:37:15 | INFO     | KDClient 2 round 29 local training (epochs=4)
[2026-07-26 03:41:20] 2026-07-25 22:37:26 | INFO     | KDClient 2 round 29 completed (acc=0.8919, n=90)
[2026-07-26 03:41:20] 2026-07-25 22:37:26 | INFO     | KDClient 3 fit round 29 (tier=small)
[2026-07-26 03:41:20] 2026-07-25 22:37:26 | INFO     | KDClient 3 round 29 public KD (epochs=2)
[2026-07-26 03:41:20] 2026-07-25 22:37:37 | INFO     | KDClient 3 round 29 local training (epochs=4)
[2026-07-26 03:41:20] 2026-07-25 22:37:48 | INFO     | KDClient 3 round 29 completed (acc=0.8649, n=90)
[2026-07-26 03:41:20] 2026-07-25 22:37:48 | INFO     | KDClient 4 fit round 29 (tier=small)
[2026-07-26 03:41:20] 2026-07-25 22:37:48 | INFO     | KDClient 4 round 29 public KD (epochs=2)
[2026-07-26 03:41:20] 2026-07-25 22:38:09 | INFO     | KDClient 4 round 29 local training (epochs=4)
[2026-07-26 03:41:20] 2026-07-25 22:38:22 | INFO     | KDClient 4 round 29 completed (acc=0.8847, n=90)
[2026-07-26 03:41:20] 2026-07-25 22:38:22 | INFO     | KDClient 5 fit round 29 (tier=small)
[2026-07-26 03:41:20] 2026-07-25 22:38:22 | INFO     | KDClient 5 round 29 public KD (epochs=2)
[2026-07-26 03:41:20] 2026-07-25 22:38:35 | INFO     | KDClient 5 round 29 local training (epochs=4)
[2026-07-26 03:41:20] 2026-07-25 22:38:46 | INFO     | KDClient 5 round 29 completed (acc=0.8523, n=90)
[2026-07-26 03:41:20] 2026-07-25 22:38:46 | INFO     | KDClient 6 fit round 29 (tier=small)
[2026-07-26 03:41:20] 2026-07-25 22:38:46 | INFO     | KDClient 6 round 29 public KD (epochs=2)
[2026-07-26 03:41:20] 2026-07-25 22:38:59 | INFO     | KDClient 6 round 29 local training (epochs=4)
[2026-07-26 03:41:20] 2026-07-25 22:39:10 | INFO     | KDClient 6 round 29 completed (acc=0.8955, n=90)
[2026-07-26 03:41:20] 2026-07-25 22:39:10 | INFO     | KDClient 7 fit round 29 (tier=medium)
[2026-07-26 03:41:20] 2026-07-25 22:39:10 | INFO     | KDClient 7 round 29 public KD (epochs=2)
[2026-07-26 03:41:20] 2026-07-25 22:39:48 | INFO     | KDClient 7 round 29 local training (epochs=4)
[2026-07-26 03:41:20] 2026-07-25 22:40:24 | INFO     | KDClient 7 round 29 completed (acc=0.9027, n=90)
[2026-07-26 03:41:20] 2026-07-25 22:40:24 | INFO     | KDClient 8 fit round 29 (tier=medium)
[2026-07-26 03:41:20] 2026-07-25 22:40:24 | INFO     | KDClient 8 round 29 public KD (epochs=2)
[2026-07-26 03:41:20] 2026-07-25 22:41:02 | INFO     | KDClient 8 round 29 local training (epochs=4)
[2026-07-26 03:41:20] 2026-07-25 22:41:28 | INFO     | KDClient 8 round 29 completed (acc=0.8847, n=90)
[2026-07-26 03:41:20] 2026-07-25 22:41:28 | INFO     | KDClient 9 fit round 29 (tier=medium)
[2026-07-26 03:41:20] 2026-07-25 22:41:28 | INFO     | KDClient 9 round 29 public KD (epochs=2)
[2026-07-26 03:41:20] 2026-07-25 22:42:10 | INFO     | KDClient 9 round 29 local training (epochs=4)
[2026-07-26 03:41:20] 2026-07-25 22:42:46 | INFO     | KDClient 9 round 29 completed (acc=0.7946, n=90)
[2026-07-26 03:41:20] 2026-07-25 22:42:46 | INFO     | KDClient 10 fit round 29 (tier=medium)
[2026-07-26 03:41:20] 2026-07-25 22:42:46 | INFO     | KDClient 10 round 29 public KD (epochs=2)
[2026-07-26 03:41:20] 2026-07-25 22:43:34 | INFO     | KDClient 10 round 29 local training (epochs=4)
[2026-07-26 03:41:20] 2026-07-25 22:44:14 | INFO     | KDClient 10 round 29 completed (acc=0.7369, n=90)
[2026-07-26 03:41:20] 2026-07-25 22:44:14 | INFO     | KDClient 11 fit round 29 (tier=medium)
[2026-07-26 03:41:20] 2026-07-25 22:44:14 | INFO     | KDClient 11 round 29 public KD (epochs=2)
[2026-07-26 03:41:20] 2026-07-25 22:44:57 | INFO     | KDClient 11 round 29 local training (epochs=4)
[2026-07-26 03:41:20] 2026-07-25 22:45:35 | INFO     | KDClient 11 round 29 completed (acc=0.7712, n=90)
[2026-07-26 03:41:20] 2026-07-25 22:45:35 | INFO     | KDClient 12 fit round 29 (tier=medium)
[2026-07-26 03:41:20] 2026-07-25 22:45:35 | INFO     | KDClient 12 round 29 public KD (epochs=2)
[2026-07-26 03:41:20] 2026-07-25 22:46:39 | INFO     | KDClient 12 round 29 local training (epochs=4)
[2026-07-26 03:41:20] 2026-07-25 22:47:12 | INFO     | KDClient 12 round 29 completed (acc=0.7712, n=90)
[2026-07-26 03:41:20] 2026-07-25 22:47:12 | INFO     | KDClient 13 fit round 29 (tier=medium)
[2026-07-26 03:41:20] 2026-07-25 22:47:12 | INFO     | KDClient 13 round 29 public KD (epochs=2)
[2026-07-26 03:41:20] 2026-07-25 22:47:59 | INFO     | KDClient 13 round 29 local training (epochs=4)
[2026-07-26 03:41:20] 2026-07-25 22:48:31 | INFO     | KDClient 13 round 29 completed (acc=0.7748, n=90)
[2026-07-26 03:41:20] 2026-07-25 22:48:31 | INFO     | KDClient 14 fit round 29 (tier=large)
[2026-07-26 03:41:20] 2026-07-25 22:48:31 | INFO     | KDClient 14 round 29 public KD (epochs=2)
[2026-07-26 03:41:20] 2026-07-25 22:49:39 | INFO     | KDClient 14 round 29 local training (epochs=4)
[2026-07-26 03:41:20] 2026-07-25 22:50:45 | INFO     | KDClient 14 round 29 completed (acc=0.9207, n=90)
[2026-07-26 03:41:20] 2026-07-25 22:50:45 | INFO     | KDClient 15 fit round 29 (tier=large)
[2026-07-26 03:41:20] 2026-07-25 22:50:45 | INFO     | KDClient 15 round 29 public KD (epochs=2)
[2026-07-26 03:41:20] 2026-07-25 22:52:00 | INFO     | KDClient 15 round 29 local training (epochs=4)
[2026-07-26 03:41:20] 2026-07-25 22:52:52 | INFO     | KDClient 15 round 29 completed (acc=0.9315, n=90)
[2026-07-26 03:41:20] 2026-07-25 22:52:52 | INFO     | KDClient 16 fit round 29 (tier=large)
[2026-07-26 03:41:20] 2026-07-25 22:52:52 | INFO     | KDClient 16 round 29 public KD (epochs=2)
[2026-07-26 03:41:20] 2026-07-25 22:54:08 | INFO     | KDClient 16 round 29 local training (epochs=4)
[2026-07-26 03:41:20] 2026-07-25 22:55:06 | INFO     | KDClient 16 round 29 completed (acc=0.8829, n=90)
[2026-07-26 03:41:20] 2026-07-25 22:55:06 | INFO     | KDClient 17 fit round 29 (tier=large)
[2026-07-26 03:41:20] 2026-07-25 22:55:06 | INFO     | KDClient 17 round 29 public KD (epochs=2)
[2026-07-26 03:41:20] 2026-07-25 22:56:17 | INFO     | KDClient 17 round 29 local training (epochs=4)
[2026-07-26 03:41:20] 2026-07-25 22:57:29 | INFO     | KDClient 17 round 29 completed (acc=0.8631, n=90)
[2026-07-26 03:41:20] 2026-07-25 22:57:29 | INFO     | KDClient 18 fit round 29 (tier=large)
[2026-07-26 03:41:20] 2026-07-25 22:57:29 | INFO     | KDClient 18 round 29 public KD (epochs=2)
[2026-07-26 03:41:20] 2026-07-25 22:58:35 | INFO     | KDClient 18 round 29 local training (epochs=4)
[2026-07-26 03:41:20] 2026-07-25 22:59:22 | INFO     | KDClient 18 round 29 completed (acc=0.7766, n=90)
[2026-07-26 03:41:20] 2026-07-25 22:59:22 | INFO     | KDClient 19 fit round 29 (tier=large)
[2026-07-26 03:41:20] 2026-07-25 22:59:22 | INFO     | KDClient 19 round 29 public KD (epochs=2)
[2026-07-26 03:41:20] 2026-07-25 23:00:20 | INFO     | KDClient 19 round 29 local training (epochs=4)
[2026-07-26 03:41:20] 2026-07-25 23:01:13 | INFO     | KDClient 19 round 29 completed (acc=0.7243, n=90)
[2026-07-26 03:41:20] 2026-07-25 23:01:13 | INFO     | MKS — IID: round 29/50 aggregated 3 cluster weights
[2026-07-26 03:41:20]   Round  29/50 | Avg: 0.8394 | Min: 0.7243 | Max: 0.9315
[2026-07-26 03:41:20] 2026-07-25 23:01:13 | INFO     | MKS — IID: round 30/50 starting
[2026-07-26 03:41:20] 2026-07-25 23:01:13 | INFO     | KDClient 0 fit round 30 (tier=small)
[2026-07-26 03:41:20] 2026-07-25 23:01:13 | INFO     | KDClient 0 round 30 public KD (epochs=2)
[2026-07-26 03:41:20] 2026-07-25 23:01:31 | INFO     | KDClient 0 round 30 local training (epochs=4)
[2026-07-26 03:41:20] 2026-07-25 23:01:42 | INFO     | KDClient 0 round 30 completed (acc=0.8883, n=90)
[2026-07-26 03:41:20] 2026-07-25 23:01:42 | INFO     | KDClient 1 fit round 30 (tier=small)
[2026-07-26 03:41:20] 2026-07-25 23:01:42 | INFO     | KDClient 1 round 30 public KD (epochs=2)
[2026-07-26 03:41:20] 2026-07-25 23:01:56 | INFO     | KDClient 1 round 30 local training (epochs=4)
[2026-07-26 03:41:20] 2026-07-25 23:02:10 | INFO     | KDClient 1 round 30 completed (acc=0.9243, n=90)
[2026-07-26 03:41:20] 2026-07-25 23:02:10 | INFO     | KDClient 2 fit round 30 (tier=small)
[2026-07-26 03:41:20] 2026-07-25 23:02:10 | INFO     | KDClient 2 round 30 public KD (epochs=2)
[2026-07-26 03:41:20] 2026-07-25 23:02:23 | INFO     | KDClient 2 round 30 local training (epochs=4)
[2026-07-26 03:41:20] 2026-07-25 23:02:34 | INFO     | KDClient 2 round 30 completed (acc=0.9243, n=90)
[2026-07-26 03:41:20] 2026-07-25 23:02:34 | INFO     | KDClient 3 fit round 30 (tier=small)
[2026-07-26 03:41:20] 2026-07-25 23:02:34 | INFO     | KDClient 3 round 30 public KD (epochs=2)
[2026-07-26 03:41:20] 2026-07-25 23:02:45 | INFO     | KDClient 3 round 30 local training (epochs=4)
[2026-07-26 03:41:20] 2026-07-25 23:02:55 | INFO     | KDClient 3 round 30 completed (acc=0.8901, n=90)
[2026-07-26 03:41:20] 2026-07-25 23:02:55 | INFO     | KDClient 4 fit round 30 (tier=small)
[2026-07-26 03:41:20] 2026-07-25 23:02:55 | INFO     | KDClient 4 round 30 public KD (epochs=2)
[2026-07-26 03:41:20] 2026-07-25 23:03:07 | INFO     | KDClient 4 round 30 local training (epochs=4)
[2026-07-26 03:41:20] 2026-07-25 23:03:18 | INFO     | KDClient 4 round 30 completed (acc=0.9369, n=90)
[2026-07-26 03:41:20] 2026-07-25 23:03:18 | INFO     | KDClient 5 fit round 30 (tier=small)
[2026-07-26 03:41:20] 2026-07-25 23:03:18 | INFO     | KDClient 5 round 30 public KD (epochs=2)
[2026-07-26 03:41:20] 2026-07-25 23:03:31 | INFO     | KDClient 5 round 30 local training (epochs=4)
[2026-07-26 03:41:20] 2026-07-25 23:03:41 | INFO     | KDClient 5 round 30 completed (acc=0.9243, n=90)
[2026-07-26 03:41:20] 2026-07-25 23:03:41 | INFO     | KDClient 6 fit round 30 (tier=small)
[2026-07-26 03:41:20] 2026-07-25 23:03:42 | INFO     | KDClient 6 round 30 public KD (epochs=2)
[2026-07-26 03:41:20] 2026-07-25 23:03:54 | INFO     | KDClient 6 round 30 local training (epochs=4)
[2026-07-26 03:41:20] 2026-07-25 23:04:05 | INFO     | KDClient 6 round 30 completed (acc=0.9189, n=90)
[2026-07-26 03:41:20] 2026-07-25 23:04:05 | INFO     | KDClient 7 fit round 30 (tier=medium)
[2026-07-26 03:41:20] 2026-07-25 23:04:05 | INFO     | KDClient 7 round 30 public KD (epochs=2)
[2026-07-26 03:41:20] 2026-07-25 23:04:41 | INFO     | KDClient 7 round 30 local training (epochs=4)
[2026-07-26 03:41:20] 2026-07-25 23:05:10 | INFO     | KDClient 7 round 30 completed (acc=0.9261, n=90)
[2026-07-26 03:41:20] 2026-07-25 23:05:10 | INFO     | KDClient 8 fit round 30 (tier=medium)
[2026-07-26 03:41:20] 2026-07-25 23:05:10 | INFO     | KDClient 8 round 30 public KD (epochs=2)
[2026-07-26 03:41:20] 2026-07-25 23:05:47 | INFO     | KDClient 8 round 30 local training (epochs=4)
[2026-07-26 03:41:20] 2026-07-25 23:06:21 | INFO     | KDClient 8 round 30 completed (acc=0.9009, n=90)
[2026-07-26 03:41:20] 2026-07-25 23:06:21 | INFO     | KDClient 9 fit round 30 (tier=medium)
[2026-07-26 03:41:20] 2026-07-25 23:06:21 | INFO     | KDClient 9 round 30 public KD (epochs=2)
[2026-07-26 03:41:20] 2026-07-25 23:07:03 | INFO     | KDClient 9 round 30 local training (epochs=4)
[2026-07-26 03:41:20] 2026-07-25 23:07:34 | INFO     | KDClient 9 round 30 completed (acc=0.8396, n=90)
[2026-07-26 03:41:20] 2026-07-25 23:07:34 | INFO     | KDClient 10 fit round 30 (tier=medium)
[2026-07-26 03:41:20] 2026-07-25 23:07:34 | INFO     | KDClient 10 round 30 public KD (epochs=2)
[2026-07-26 03:41:20] 2026-07-25 23:08:38 | INFO     | KDClient 10 round 30 local training (epochs=4)
[2026-07-26 03:41:20] 2026-07-25 23:09:11 | INFO     | KDClient 10 round 30 completed (acc=0.8721, n=90)
[2026-07-26 03:41:20] 2026-07-25 23:09:11 | INFO     | KDClient 11 fit round 30 (tier=medium)
[2026-07-26 03:41:20] 2026-07-25 23:09:11 | INFO     | KDClient 11 round 30 public KD (epochs=2)
[2026-07-26 03:41:20] 2026-07-25 23:10:00 | INFO     | KDClient 11 round 30 local training (epochs=4)
[2026-07-26 03:41:20] 2026-07-25 23:10:39 | INFO     | KDClient 11 round 30 completed (acc=0.8937, n=90)
[2026-07-26 03:41:20] 2026-07-25 23:10:39 | INFO     | KDClient 12 fit round 30 (tier=medium)
[2026-07-26 03:41:20] 2026-07-25 23:10:39 | INFO     | KDClient 12 round 30 public KD (epochs=2)
[2026-07-26 03:41:20] 2026-07-25 23:11:20 | INFO     | KDClient 12 round 30 local training (epochs=4)
[2026-07-26 03:41:20] 2026-07-25 23:11:53 | INFO     | KDClient 12 round 30 completed (acc=0.8685, n=90)
[2026-07-26 03:41:20] 2026-07-25 23:11:53 | INFO     | KDClient 13 fit round 30 (tier=medium)
[2026-07-26 03:41:20] 2026-07-25 23:11:53 | INFO     | KDClient 13 round 30 public KD (epochs=2)
[2026-07-26 03:41:20] 2026-07-25 23:12:35 | INFO     | KDClient 13 round 30 local training (epochs=4)
[2026-07-26 03:41:20] 2026-07-25 23:13:07 | INFO     | KDClient 13 round 30 completed (acc=0.8937, n=90)
[2026-07-26 03:41:20] 2026-07-25 23:13:07 | INFO     | KDClient 14 fit round 30 (tier=large)
[2026-07-26 03:41:20] 2026-07-25 23:13:07 | INFO     | KDClient 14 round 30 public KD (epochs=2)
[2026-07-26 03:41:20] 2026-07-25 23:14:22 | INFO     | KDClient 14 round 30 local training (epochs=4)
[2026-07-26 03:41:20] 2026-07-25 23:15:19 | INFO     | KDClient 14 round 30 completed (acc=0.9279, n=90)
[2026-07-26 03:41:20] 2026-07-25 23:15:19 | INFO     | KDClient 15 fit round 30 (tier=large)
[2026-07-26 03:41:20] 2026-07-25 23:15:19 | INFO     | KDClient 15 round 30 public KD (epochs=2)
[2026-07-26 03:41:20] 2026-07-25 23:16:31 | INFO     | KDClient 15 round 30 local training (epochs=4)
[2026-07-26 03:41:20] 2026-07-25 23:17:22 | INFO     | KDClient 15 round 30 completed (acc=0.9189, n=90)
[2026-07-26 03:41:20] 2026-07-25 23:17:22 | INFO     | KDClient 16 fit round 30 (tier=large)
[2026-07-26 03:41:20] 2026-07-25 23:17:22 | INFO     | KDClient 16 round 30 public KD (epochs=2)
[2026-07-26 03:41:20] 2026-07-25 23:18:31 | INFO     | KDClient 16 round 30 local training (epochs=4)
[2026-07-26 03:41:20] 2026-07-25 23:19:32 | INFO     | KDClient 16 round 30 completed (acc=0.8865, n=90)
[2026-07-26 03:41:20] 2026-07-25 23:19:32 | INFO     | KDClient 17 fit round 30 (tier=large)
[2026-07-26 03:41:20] 2026-07-25 23:19:32 | INFO     | KDClient 17 round 30 public KD (epochs=2)
[2026-07-26 03:41:20] 2026-07-25 23:20:41 | INFO     | KDClient 17 round 30 local training (epochs=4)
[2026-07-26 03:41:20] 2026-07-25 23:21:46 | INFO     | KDClient 17 round 30 completed (acc=0.8450, n=90)
[2026-07-26 03:41:20] 2026-07-25 23:21:46 | INFO     | KDClient 18 fit round 30 (tier=large)
[2026-07-26 03:41:20] 2026-07-25 23:21:46 | INFO     | KDClient 18 round 30 public KD (epochs=2)
[2026-07-26 03:41:20] 2026-07-25 23:23:09 | INFO     | KDClient 18 round 30 local training (epochs=4)
[2026-07-26 03:41:20] 2026-07-25 23:23:59 | INFO     | KDClient 18 round 30 completed (acc=0.7838, n=90)
[2026-07-26 03:41:20] 2026-07-25 23:23:59 | INFO     | KDClient 19 fit round 30 (tier=large)
[2026-07-26 03:41:20] 2026-07-25 23:23:59 | INFO     | KDClient 19 round 30 public KD (epochs=2)
[2026-07-26 03:41:20] 2026-07-25 23:24:56 | INFO     | KDClient 19 round 30 local training (epochs=4)
[2026-07-26 03:41:20] 2026-07-25 23:25:40 | INFO     | KDClient 19 round 30 completed (acc=0.8649, n=90)
[2026-07-26 03:41:20] 2026-07-25 23:25:40 | INFO     | MKS — IID: round 30/50 aggregated 3 cluster weights
[2026-07-26 03:41:20]   Round  30/50 | Avg: 0.8914 | Min: 0.7838 | Max: 0.9369
[2026-07-26 03:41:20] 2026-07-25 23:25:40 | INFO     | MKS — IID: round 31/50 starting
[2026-07-26 03:41:20] 2026-07-25 23:25:40 | INFO     | KDClient 0 fit round 31 (tier=small)
[2026-07-26 03:41:20] 2026-07-25 23:25:40 | INFO     | KDClient 0 round 31 public KD (epochs=2)
[2026-07-26 03:41:20] 2026-07-25 23:25:54 | INFO     | KDClient 0 round 31 local training (epochs=4)
[2026-07-26 03:41:20] 2026-07-25 23:26:07 | INFO     | KDClient 0 round 31 completed (acc=0.8631, n=90)
[2026-07-26 03:41:20] 2026-07-25 23:26:07 | INFO     | KDClient 1 fit round 31 (tier=small)
[2026-07-26 03:41:20] 2026-07-25 23:26:07 | INFO     | KDClient 1 round 31 public KD (epochs=2)
[2026-07-26 03:41:20] 2026-07-25 23:26:21 | INFO     | KDClient 1 round 31 local training (epochs=4)
[2026-07-26 03:41:20] 2026-07-25 23:26:33 | INFO     | KDClient 1 round 31 completed (acc=0.9279, n=90)
[2026-07-26 03:41:20] 2026-07-25 23:26:33 | INFO     | KDClient 2 fit round 31 (tier=small)
[2026-07-26 03:41:20] 2026-07-25 23:26:33 | INFO     | KDClient 2 round 31 public KD (epochs=2)
[2026-07-26 03:41:20] 2026-07-25 23:26:44 | INFO     | KDClient 2 round 31 local training (epochs=4)
[2026-07-26 03:41:20] 2026-07-25 23:26:56 | INFO     | KDClient 2 round 31 completed (acc=0.9135, n=90)
[2026-07-26 03:41:20] 2026-07-25 23:26:56 | INFO     | KDClient 3 fit round 31 (tier=small)
[2026-07-26 03:41:20] 2026-07-25 23:26:56 | INFO     | KDClient 3 round 31 public KD (epochs=2)
[2026-07-26 03:41:20] 2026-07-25 23:27:08 | INFO     | KDClient 3 round 31 local training (epochs=4)
[2026-07-26 03:41:20] 2026-07-25 23:27:18 | INFO     | KDClient 3 round 31 completed (acc=0.9009, n=90)
[2026-07-26 03:41:20] 2026-07-25 23:27:18 | INFO     | KDClient 4 fit round 31 (tier=small)
[2026-07-26 03:41:20] 2026-07-25 23:27:18 | INFO     | KDClient 4 round 31 public KD (epochs=2)
[2026-07-26 03:41:20] 2026-07-25 23:27:30 | INFO     | KDClient 4 round 31 local training (epochs=4)
[2026-07-26 03:41:20] 2026-07-25 23:27:42 | INFO     | KDClient 4 round 31 completed (acc=0.9333, n=90)
[2026-07-26 03:41:20] 2026-07-25 23:27:42 | INFO     | KDClient 5 fit round 31 (tier=small)
[2026-07-26 03:41:20] 2026-07-25 23:27:42 | INFO     | KDClient 5 round 31 public KD (epochs=2)
[2026-07-26 03:41:20] 2026-07-25 23:27:54 | INFO     | KDClient 5 round 31 local training (epochs=4)
[2026-07-26 03:41:20] 2026-07-25 23:28:06 | INFO     | KDClient 5 round 31 completed (acc=0.9027, n=90)
[2026-07-26 03:41:20] 2026-07-25 23:28:06 | INFO     | KDClient 6 fit round 31 (tier=small)
[2026-07-26 03:41:20] 2026-07-25 23:28:06 | INFO     | KDClient 6 round 31 public KD (epochs=2)
[2026-07-26 03:41:20] 2026-07-25 23:28:18 | INFO     | KDClient 6 round 31 local training (epochs=4)
[2026-07-26 03:41:20] 2026-07-25 23:28:27 | INFO     | KDClient 6 round 31 completed (acc=0.9279, n=90)
[2026-07-26 03:41:20] 2026-07-25 23:28:27 | INFO     | KDClient 7 fit round 31 (tier=medium)
[2026-07-26 03:41:20] 2026-07-25 23:28:27 | INFO     | KDClient 7 round 31 public KD (epochs=2)
[2026-07-26 03:41:20] 2026-07-25 23:29:03 | INFO     | KDClient 7 round 31 local training (epochs=4)
[2026-07-26 03:41:20] 2026-07-25 23:29:33 | INFO     | KDClient 7 round 31 completed (acc=0.9333, n=90)
[2026-07-26 03:41:20] 2026-07-25 23:29:33 | INFO     | KDClient 8 fit round 31 (tier=medium)
[2026-07-26 03:41:20] 2026-07-25 23:29:33 | INFO     | KDClient 8 round 31 public KD (epochs=2)
[2026-07-26 03:41:20] 2026-07-25 23:30:13 | INFO     | KDClient 8 round 31 local training (epochs=4)
[2026-07-26 03:41:20] 2026-07-25 23:30:45 | INFO     | KDClient 8 round 31 completed (acc=0.8991, n=90)
[2026-07-26 03:41:20] 2026-07-25 23:30:45 | INFO     | KDClient 9 fit round 31 (tier=medium)
[2026-07-26 03:41:20] 2026-07-25 23:30:45 | INFO     | KDClient 9 round 31 public KD (epochs=2)
[2026-07-26 03:41:20] 2026-07-25 23:31:31 | INFO     | KDClient 9 round 31 local training (epochs=4)
[2026-07-26 03:41:20] 2026-07-25 23:32:05 | INFO     | KDClient 9 round 31 completed (acc=0.8450, n=90)
[2026-07-26 03:41:20] 2026-07-25 23:32:05 | INFO     | KDClient 10 fit round 31 (tier=medium)
[2026-07-26 03:41:20] 2026-07-25 23:32:05 | INFO     | KDClient 10 round 31 public KD (epochs=2)
[2026-07-26 03:41:20] 2026-07-25 23:33:10 | INFO     | KDClient 10 round 31 local training (epochs=4)
[2026-07-26 03:41:20] 2026-07-25 23:33:43 | INFO     | KDClient 10 round 31 completed (acc=0.8991, n=90)
[2026-07-26 03:41:20] 2026-07-25 23:33:43 | INFO     | KDClient 11 fit round 31 (tier=medium)
[2026-07-26 03:41:20] 2026-07-25 23:33:43 | INFO     | KDClient 11 round 31 public KD (epochs=2)
[2026-07-26 03:41:20] 2026-07-25 23:34:27 | INFO     | KDClient 11 round 31 local training (epochs=4)
[2026-07-26 03:41:20] 2026-07-25 23:35:05 | INFO     | KDClient 11 round 31 completed (acc=0.8649, n=90)
[2026-07-26 03:41:20] 2026-07-25 23:35:05 | INFO     | KDClient 12 fit round 31 (tier=medium)
[2026-07-26 03:41:20] 2026-07-25 23:35:05 | INFO     | KDClient 12 round 31 public KD (epochs=2)
[2026-07-26 03:41:20] 2026-07-25 23:35:46 | INFO     | KDClient 12 round 31 local training (epochs=4)
[2026-07-26 03:41:20] 2026-07-25 23:36:20 | INFO     | KDClient 12 round 31 completed (acc=0.9027, n=90)
[2026-07-26 03:41:20] 2026-07-25 23:36:20 | INFO     | KDClient 13 fit round 31 (tier=medium)
[2026-07-26 03:41:20] 2026-07-25 23:36:20 | INFO     | KDClient 13 round 31 public KD (epochs=2)
[2026-07-26 03:41:20] 2026-07-25 23:37:22 | INFO     | KDClient 13 round 31 local training (epochs=4)
[2026-07-26 03:41:20] 2026-07-25 23:37:58 | INFO     | KDClient 13 round 31 completed (acc=0.8919, n=90)
[2026-07-26 03:41:20] 2026-07-25 23:37:58 | INFO     | KDClient 14 fit round 31 (tier=large)
[2026-07-26 03:41:20] 2026-07-25 23:37:58 | INFO     | KDClient 14 round 31 public KD (epochs=2)
[2026-07-26 03:41:20] 2026-07-25 23:39:18 | INFO     | KDClient 14 round 31 local training (epochs=4)
[2026-07-26 03:41:20] 2026-07-25 23:40:11 | INFO     | KDClient 14 round 31 completed (acc=0.9315, n=90)
[2026-07-26 03:41:20] 2026-07-25 23:40:11 | INFO     | KDClient 15 fit round 31 (tier=large)
[2026-07-26 03:41:20] 2026-07-25 23:40:11 | INFO     | KDClient 15 round 31 public KD (epochs=2)
[2026-07-26 03:41:20] 2026-07-25 23:41:26 | INFO     | KDClient 15 round 31 local training (epochs=4)
[2026-07-26 03:41:20] 2026-07-25 23:42:20 | INFO     | KDClient 15 round 31 completed (acc=0.9225, n=90)
[2026-07-26 03:41:20] 2026-07-25 23:42:20 | INFO     | KDClient 16 fit round 31 (tier=large)
[2026-07-26 03:41:20] 2026-07-25 23:42:20 | INFO     | KDClient 16 round 31 public KD (epochs=2)
[2026-07-26 03:41:20] 2026-07-25 23:43:27 | INFO     | KDClient 16 round 31 local training (epochs=4)
[2026-07-26 03:41:20] 2026-07-25 23:44:21 | INFO     | KDClient 16 round 31 completed (acc=0.9081, n=90)
[2026-07-26 03:41:20] 2026-07-25 23:44:21 | INFO     | KDClient 17 fit round 31 (tier=large)
[2026-07-26 03:41:20] 2026-07-25 23:44:21 | INFO     | KDClient 17 round 31 public KD (epochs=2)
[2026-07-26 03:41:20] 2026-07-25 23:45:29 | INFO     | KDClient 17 round 31 local training (epochs=4)
[2026-07-26 03:41:20] 2026-07-25 23:46:23 | INFO     | KDClient 17 round 31 completed (acc=0.8613, n=90)
[2026-07-26 03:41:20] 2026-07-25 23:46:23 | INFO     | KDClient 18 fit round 31 (tier=large)
[2026-07-26 03:41:20] 2026-07-25 23:46:23 | INFO     | KDClient 18 round 31 public KD (epochs=2)
[2026-07-26 03:41:20] 2026-07-25 23:47:27 | INFO     | KDClient 18 round 31 local training (epochs=4)
[2026-07-26 03:41:20] 2026-07-25 23:48:20 | INFO     | KDClient 18 round 31 completed (acc=0.8126, n=90)
[2026-07-26 03:41:20] 2026-07-25 23:48:20 | INFO     | KDClient 19 fit round 31 (tier=large)
[2026-07-26 03:41:20] 2026-07-25 23:48:20 | INFO     | KDClient 19 round 31 public KD (epochs=2)
[2026-07-26 03:41:20] 2026-07-25 23:49:19 | INFO     | KDClient 19 round 31 local training (epochs=4)
[2026-07-26 03:41:20] 2026-07-25 23:50:02 | INFO     | KDClient 19 round 31 completed (acc=0.9045, n=90)
[2026-07-26 03:41:20] 2026-07-25 23:50:02 | INFO     | MKS — IID: round 31/50 aggregated 3 cluster weights
[2026-07-26 03:41:20]   Round  31/50 | Avg: 0.8973 | Min: 0.8126 | Max: 0.9333
[2026-07-26 03:41:20] 2026-07-25 23:50:02 | INFO     | MKS — IID: round 32/50 starting
[2026-07-26 03:41:20] 2026-07-25 23:50:02 | INFO     | KDClient 0 fit round 32 (tier=small)
[2026-07-26 03:41:20] 2026-07-25 23:50:02 | INFO     | KDClient 0 round 32 public KD (epochs=2)
[2026-07-26 03:41:20] 2026-07-25 23:50:14 | INFO     | KDClient 0 round 32 local training (epochs=4)
[2026-07-26 03:41:20] 2026-07-25 23:50:24 | INFO     | KDClient 0 round 32 completed (acc=0.9243, n=90)
[2026-07-26 03:41:20] 2026-07-25 23:50:24 | INFO     | KDClient 1 fit round 32 (tier=small)
[2026-07-26 03:41:20] 2026-07-25 23:50:24 | INFO     | KDClient 1 round 32 public KD (epochs=2)
[2026-07-26 03:41:20] 2026-07-25 23:50:36 | INFO     | KDClient 1 round 32 local training (epochs=4)
[2026-07-26 03:41:20] 2026-07-25 23:50:46 | INFO     | KDClient 1 round 32 completed (acc=0.9315, n=90)
[2026-07-26 03:41:20] 2026-07-25 23:50:46 | INFO     | KDClient 2 fit round 32 (tier=small)
[2026-07-26 03:41:20] 2026-07-25 23:50:47 | INFO     | KDClient 2 round 32 public KD (epochs=2)
[2026-07-26 03:41:20] 2026-07-25 23:50:59 | INFO     | KDClient 2 round 32 local training (epochs=4)
[2026-07-26 03:41:20] 2026-07-25 23:51:10 | INFO     | KDClient 2 round 32 completed (acc=0.9315, n=90)
[2026-07-26 03:41:20] 2026-07-25 23:51:10 | INFO     | KDClient 3 fit round 32 (tier=small)
[2026-07-26 03:41:20] 2026-07-25 23:51:10 | INFO     | KDClient 3 round 32 public KD (epochs=2)
[2026-07-26 03:41:20] 2026-07-25 23:51:22 | INFO     | KDClient 3 round 32 local training (epochs=4)
[2026-07-26 03:41:20] 2026-07-25 23:51:31 | INFO     | KDClient 3 round 32 completed (acc=0.8955, n=90)
[2026-07-26 03:41:20] 2026-07-25 23:51:31 | INFO     | KDClient 4 fit round 32 (tier=small)
[2026-07-26 03:41:20] 2026-07-25 23:51:31 | INFO     | KDClient 4 round 32 public KD (epochs=2)
[2026-07-26 03:41:20] 2026-07-25 23:51:42 | INFO     | KDClient 4 round 32 local training (epochs=4)
[2026-07-26 03:41:20] 2026-07-25 23:51:52 | INFO     | KDClient 4 round 32 completed (acc=0.9315, n=90)
[2026-07-26 03:41:20] 2026-07-25 23:51:52 | INFO     | KDClient 5 fit round 32 (tier=small)
[2026-07-26 03:41:20] 2026-07-25 23:51:52 | INFO     | KDClient 5 round 32 public KD (epochs=2)
[2026-07-26 03:41:20] 2026-07-25 23:52:09 | INFO     | KDClient 5 round 32 local training (epochs=4)
[2026-07-26 03:41:20] 2026-07-25 23:52:19 | INFO     | KDClient 5 round 32 completed (acc=0.8703, n=90)
[2026-07-26 03:41:20] 2026-07-25 23:52:19 | INFO     | KDClient 6 fit round 32 (tier=small)
[2026-07-26 03:41:20] 2026-07-25 23:52:20 | INFO     | KDClient 6 round 32 public KD (epochs=2)
[2026-07-26 03:41:20] 2026-07-25 23:52:31 | INFO     | KDClient 6 round 32 local training (epochs=4)
[2026-07-26 03:41:20] 2026-07-25 23:52:42 | INFO     | KDClient 6 round 32 completed (acc=0.9261, n=90)
[2026-07-26 03:41:20] 2026-07-25 23:52:42 | INFO     | KDClient 7 fit round 32 (tier=medium)
[2026-07-26 03:41:20] 2026-07-25 23:52:42 | INFO     | KDClient 7 round 32 public KD (epochs=2)
[2026-07-26 03:41:20] 2026-07-25 23:53:21 | INFO     | KDClient 7 round 32 local training (epochs=4)
[2026-07-26 03:41:20] 2026-07-25 23:53:48 | INFO     | KDClient 7 round 32 completed (acc=0.9333, n=90)
[2026-07-26 03:41:20] 2026-07-25 23:53:48 | INFO     | KDClient 8 fit round 32 (tier=medium)
[2026-07-26 03:41:20] 2026-07-25 23:53:48 | INFO     | KDClient 8 round 32 public KD (epochs=2)
[2026-07-26 03:41:20] 2026-07-25 23:54:26 | INFO     | KDClient 8 round 32 local training (epochs=4)
[2026-07-26 03:41:20] 2026-07-25 23:54:57 | INFO     | KDClient 8 round 32 completed (acc=0.8649, n=90)
[2026-07-26 03:41:20] 2026-07-25 23:54:57 | INFO     | KDClient 9 fit round 32 (tier=medium)
[2026-07-26 03:41:20] 2026-07-25 23:54:57 | INFO     | KDClient 9 round 32 public KD (epochs=2)
[2026-07-26 03:41:20] 2026-07-25 23:55:40 | INFO     | KDClient 9 round 32 local training (epochs=4)
[2026-07-26 03:41:20] 2026-07-25 23:56:11 | INFO     | KDClient 9 round 32 completed (acc=0.8577, n=90)
[2026-07-26 03:41:20] 2026-07-25 23:56:11 | INFO     | KDClient 10 fit round 32 (tier=medium)
[2026-07-26 03:41:20] 2026-07-25 23:56:11 | INFO     | KDClient 10 round 32 public KD (epochs=2)
[2026-07-26 03:41:20] 2026-07-25 23:56:54 | INFO     | KDClient 10 round 32 local training (epochs=4)
[2026-07-26 03:41:20] 2026-07-25 23:57:31 | INFO     | KDClient 10 round 32 completed (acc=0.9189, n=90)
[2026-07-26 03:41:20] 2026-07-25 23:57:31 | INFO     | KDClient 11 fit round 32 (tier=medium)
[2026-07-26 03:41:20] 2026-07-25 23:57:31 | INFO     | KDClient 11 round 32 public KD (epochs=2)
[2026-07-26 03:41:20] 2026-07-25 23:58:12 | INFO     | KDClient 11 round 32 local training (epochs=4)
[2026-07-26 03:41:20] 2026-07-25 23:58:47 | INFO     | KDClient 11 round 32 completed (acc=0.9009, n=90)
[2026-07-26 03:41:20] 2026-07-25 23:58:47 | INFO     | KDClient 12 fit round 32 (tier=medium)
[2026-07-26 03:41:20] 2026-07-25 23:58:47 | INFO     | KDClient 12 round 32 public KD (epochs=2)
[2026-07-26 03:41:20] 2026-07-25 23:59:32 | INFO     | KDClient 12 round 32 local training (epochs=4)
[2026-07-26 03:41:20] 2026-07-26 00:00:06 | INFO     | KDClient 12 round 32 completed (acc=0.9045, n=90)
[2026-07-26 03:41:20] 2026-07-26 00:00:06 | INFO     | KDClient 13 fit round 32 (tier=medium)
[2026-07-26 03:41:20] 2026-07-26 00:00:06 | INFO     | KDClient 13 round 32 public KD (epochs=2)
[2026-07-26 03:41:20] 2026-07-26 00:01:10 | INFO     | KDClient 13 round 32 local training (epochs=4)
[2026-07-26 03:41:20] 2026-07-26 00:01:49 | INFO     | KDClient 13 round 32 completed (acc=0.9171, n=90)
[2026-07-26 03:41:20] 2026-07-26 00:01:49 | INFO     | KDClient 14 fit round 32 (tier=large)
[2026-07-26 03:41:20] 2026-07-26 00:01:49 | INFO     | KDClient 14 round 32 public KD (epochs=2)
[2026-07-26 03:41:20] 2026-07-26 00:03:03 | INFO     | KDClient 14 round 32 local training (epochs=4)
[2026-07-26 03:41:20] 2026-07-26 00:04:13 | INFO     | KDClient 14 round 32 completed (acc=0.9315, n=90)
[2026-07-26 03:41:20] 2026-07-26 00:04:13 | INFO     | KDClient 15 fit round 32 (tier=large)
[2026-07-26 03:41:20] 2026-07-26 00:04:13 | INFO     | KDClient 15 round 32 public KD (epochs=2)
[2026-07-26 03:41:20] 2026-07-26 00:05:24 | INFO     | KDClient 15 round 32 local training (epochs=4)
[2026-07-26 03:41:20] 2026-07-26 00:06:09 | INFO     | KDClient 15 round 32 completed (acc=0.9225, n=90)
[2026-07-26 03:41:20] 2026-07-26 00:06:09 | INFO     | KDClient 16 fit round 32 (tier=large)
[2026-07-26 03:41:20] 2026-07-26 00:06:09 | INFO     | KDClient 16 round 32 public KD (epochs=2)
[2026-07-26 03:41:20] 2026-07-26 00:07:19 | INFO     | KDClient 16 round 32 local training (epochs=4)
[2026-07-26 03:41:20] 2026-07-26 00:08:18 | INFO     | KDClient 16 round 32 completed (acc=0.9117, n=90)
[2026-07-26 03:41:20] 2026-07-26 00:08:18 | INFO     | KDClient 17 fit round 32 (tier=large)
[2026-07-26 03:41:20] 2026-07-26 00:08:18 | INFO     | KDClient 17 round 32 public KD (epochs=2)
[2026-07-26 03:41:20] 2026-07-26 00:09:29 | INFO     | KDClient 17 round 32 local training (epochs=4)
[2026-07-26 03:41:20] 2026-07-26 00:10:26 | INFO     | KDClient 17 round 32 completed (acc=0.8072, n=90)
[2026-07-26 03:41:20] 2026-07-26 00:10:26 | INFO     | KDClient 18 fit round 32 (tier=large)
[2026-07-26 03:41:20] 2026-07-26 00:10:26 | INFO     | KDClient 18 round 32 public KD (epochs=2)
[2026-07-26 03:41:20] 2026-07-26 00:11:27 | INFO     | KDClient 18 round 32 local training (epochs=4)
[2026-07-26 03:41:20] 2026-07-26 00:12:12 | INFO     | KDClient 18 round 32 completed (acc=0.7748, n=90)
[2026-07-26 03:41:20] 2026-07-26 00:12:12 | INFO     | KDClient 19 fit round 32 (tier=large)
[2026-07-26 03:41:20] 2026-07-26 00:12:12 | INFO     | KDClient 19 round 32 public KD (epochs=2)
[2026-07-26 03:41:20] 2026-07-26 00:13:17 | INFO     | KDClient 19 round 32 local training (epochs=4)
[2026-07-26 03:41:20] 2026-07-26 00:13:51 | INFO     | KDClient 19 round 32 completed (acc=0.9045, n=90)
[2026-07-26 03:41:20] 2026-07-26 00:13:51 | INFO     | MKS — IID: round 32/50 aggregated 3 cluster weights
[2026-07-26 03:41:20]   Round  32/50 | Avg: 0.8980 | Min: 0.7748 | Max: 0.9333
[2026-07-26 03:41:20] 2026-07-26 00:13:51 | INFO     | MKS — IID: round 33/50 starting
[2026-07-26 03:41:20] 2026-07-26 00:13:51 | INFO     | KDClient 0 fit round 33 (tier=small)
[2026-07-26 03:41:20] 2026-07-26 00:13:51 | INFO     | KDClient 0 round 33 public KD (epochs=2)
[2026-07-26 03:41:20] 2026-07-26 00:14:03 | INFO     | KDClient 0 round 33 local training (epochs=4)
[2026-07-26 03:41:20] 2026-07-26 00:14:12 | INFO     | KDClient 0 round 33 completed (acc=0.9045, n=90)
[2026-07-26 03:41:20] 2026-07-26 00:14:12 | INFO     | KDClient 1 fit round 33 (tier=small)
[2026-07-26 03:41:20] 2026-07-26 00:14:12 | INFO     | KDClient 1 round 33 public KD (epochs=2)
[2026-07-26 03:41:20] 2026-07-26 00:14:24 | INFO     | KDClient 1 round 33 local training (epochs=4)
[2026-07-26 03:41:20] 2026-07-26 00:14:32 | INFO     | KDClient 1 round 33 completed (acc=0.9333, n=90)
[2026-07-26 03:41:20] 2026-07-26 00:14:32 | INFO     | KDClient 2 fit round 33 (tier=small)
[2026-07-26 03:41:20] 2026-07-26 00:14:32 | INFO     | KDClient 2 round 33 public KD (epochs=2)
[2026-07-26 03:41:20] 2026-07-26 00:14:43 | INFO     | KDClient 2 round 33 local training (epochs=4)
[2026-07-26 03:41:20] 2026-07-26 00:14:51 | INFO     | KDClient 2 round 33 completed (acc=0.9333, n=90)
[2026-07-26 03:41:20] 2026-07-26 00:14:51 | INFO     | KDClient 3 fit round 33 (tier=small)
[2026-07-26 03:41:20] 2026-07-26 00:14:51 | INFO     | KDClient 3 round 33 public KD (epochs=2)
[2026-07-26 03:41:20] 2026-07-26 00:15:01 | INFO     | KDClient 3 round 33 local training (epochs=4)
[2026-07-26 03:41:20] 2026-07-26 00:15:12 | INFO     | KDClient 3 round 33 completed (acc=0.9117, n=90)
[2026-07-26 03:41:20] 2026-07-26 00:15:12 | INFO     | KDClient 4 fit round 33 (tier=small)
[2026-07-26 03:41:20] 2026-07-26 00:15:12 | INFO     | KDClient 4 round 33 public KD (epochs=2)
[2026-07-26 03:41:20] 2026-07-26 00:15:23 | INFO     | KDClient 4 round 33 local training (epochs=4)
[2026-07-26 03:41:20] 2026-07-26 00:15:33 | INFO     | KDClient 4 round 33 completed (acc=0.9315, n=90)
[2026-07-26 03:41:20] 2026-07-26 00:15:33 | INFO     | KDClient 5 fit round 33 (tier=small)
[2026-07-26 03:41:20] 2026-07-26 00:15:33 | INFO     | KDClient 5 round 33 public KD (epochs=2)
[2026-07-26 03:41:20] 2026-07-26 00:15:44 | INFO     | KDClient 5 round 33 local training (epochs=4)
[2026-07-26 03:41:20] 2026-07-26 00:15:52 | INFO     | KDClient 5 round 33 completed (acc=0.9081, n=90)
[2026-07-26 03:41:20] 2026-07-26 00:15:52 | INFO     | KDClient 6 fit round 33 (tier=small)
[2026-07-26 03:41:20] 2026-07-26 00:15:52 | INFO     | KDClient 6 round 33 public KD (epochs=2)
[2026-07-26 03:41:20] 2026-07-26 00:16:04 | INFO     | KDClient 6 round 33 local training (epochs=4)
[2026-07-26 03:41:20] 2026-07-26 00:16:14 | INFO     | KDClient 6 round 33 completed (acc=0.9261, n=90)
[2026-07-26 03:41:20] 2026-07-26 00:16:14 | INFO     | KDClient 7 fit round 33 (tier=medium)
[2026-07-26 03:41:20] 2026-07-26 00:16:14 | INFO     | KDClient 7 round 33 public KD (epochs=2)
[2026-07-26 03:41:20] 2026-07-26 00:16:54 | INFO     | KDClient 7 round 33 local training (epochs=4)
[2026-07-26 03:41:20] 2026-07-26 00:17:22 | INFO     | KDClient 7 round 33 completed (acc=0.9333, n=90)
[2026-07-26 03:41:20] 2026-07-26 00:17:22 | INFO     | KDClient 8 fit round 33 (tier=medium)
[2026-07-26 03:41:20] 2026-07-26 00:17:22 | INFO     | KDClient 8 round 33 public KD (epochs=2)
[2026-07-26 03:41:20] 2026-07-26 00:18:06 | INFO     | KDClient 8 round 33 local training (epochs=4)
[2026-07-26 03:41:20] 2026-07-26 00:18:36 | INFO     | KDClient 8 round 33 completed (acc=0.9297, n=90)
[2026-07-26 03:41:20] 2026-07-26 00:18:36 | INFO     | KDClient 9 fit round 33 (tier=medium)
[2026-07-26 03:41:20] 2026-07-26 00:18:36 | INFO     | KDClient 9 round 33 public KD (epochs=2)
[2026-07-26 03:41:20] 2026-07-26 00:19:15 | INFO     | KDClient 9 round 33 local training (epochs=4)
[2026-07-26 03:41:20] 2026-07-26 00:19:45 | INFO     | KDClient 9 round 33 completed (acc=0.8901, n=90)
[2026-07-26 03:41:20] 2026-07-26 00:19:45 | INFO     | KDClient 10 fit round 33 (tier=medium)
[2026-07-26 03:41:20] 2026-07-26 00:19:45 | INFO     | KDClient 10 round 33 public KD (epochs=2)
[2026-07-26 03:41:20] 2026-07-26 00:20:29 | INFO     | KDClient 10 round 33 local training (epochs=4)
[2026-07-26 03:41:20] 2026-07-26 00:21:06 | INFO     | KDClient 10 round 33 completed (acc=0.8595, n=90)
[2026-07-26 03:41:20] 2026-07-26 00:21:06 | INFO     | KDClient 11 fit round 33 (tier=medium)
[2026-07-26 03:41:20] 2026-07-26 00:21:06 | INFO     | KDClient 11 round 33 public KD (epochs=2)
[2026-07-26 03:41:20] 2026-07-26 00:21:50 | INFO     | KDClient 11 round 33 local training (epochs=4)
[2026-07-26 03:41:20] 2026-07-26 00:22:29 | INFO     | KDClient 11 round 33 completed (acc=0.9063, n=90)
[2026-07-26 03:41:20] 2026-07-26 00:22:29 | INFO     | KDClient 12 fit round 33 (tier=medium)
[2026-07-26 03:41:20] 2026-07-26 00:22:29 | INFO     | KDClient 12 round 33 public KD (epochs=2)
[2026-07-26 03:41:20] 2026-07-26 00:23:13 | INFO     | KDClient 12 round 33 local training (epochs=4)
[2026-07-26 03:41:20] 2026-07-26 00:23:49 | INFO     | KDClient 12 round 33 completed (acc=0.9045, n=90)
[2026-07-26 03:41:20] 2026-07-26 00:23:49 | INFO     | KDClient 13 fit round 33 (tier=medium)
[2026-07-26 03:41:20] 2026-07-26 00:23:49 | INFO     | KDClient 13 round 33 public KD (epochs=2)
[2026-07-26 03:41:20] 2026-07-26 00:24:33 | INFO     | KDClient 13 round 33 local training (epochs=4)
[2026-07-26 03:41:20] 2026-07-26 00:25:12 | INFO     | KDClient 13 round 33 completed (acc=0.9261, n=90)
[2026-07-26 03:41:20] 2026-07-26 00:25:12 | INFO     | KDClient 14 fit round 33 (tier=large)
[2026-07-26 03:41:20] 2026-07-26 00:25:12 | INFO     | KDClient 14 round 33 public KD (epochs=2)
[2026-07-26 03:41:20] 2026-07-26 00:26:23 | INFO     | KDClient 14 round 33 local training (epochs=4)
[2026-07-26 03:41:20] 2026-07-26 00:27:09 | INFO     | KDClient 14 round 33 completed (acc=0.9081, n=90)
[2026-07-26 03:41:20] 2026-07-26 00:27:09 | INFO     | KDClient 15 fit round 33 (tier=large)
[2026-07-26 03:41:20] 2026-07-26 00:27:09 | INFO     | KDClient 15 round 33 public KD (epochs=2)
[2026-07-26 03:41:20] 2026-07-26 00:28:16 | INFO     | KDClient 15 round 33 local training (epochs=4)
[2026-07-26 03:41:20] 2026-07-26 00:29:07 | INFO     | KDClient 15 round 33 completed (acc=0.9369, n=90)
[2026-07-26 03:41:20] 2026-07-26 00:29:07 | INFO     | KDClient 16 fit round 33 (tier=large)
[2026-07-26 03:41:20] 2026-07-26 00:29:07 | INFO     | KDClient 16 round 33 public KD (epochs=2)
[2026-07-26 03:41:20] 2026-07-26 00:30:17 | INFO     | KDClient 16 round 33 local training (epochs=4)
[2026-07-26 03:41:20] 2026-07-26 00:31:12 | INFO     | KDClient 16 round 33 completed (acc=0.8991, n=90)
[2026-07-26 03:41:20] 2026-07-26 00:31:12 | INFO     | KDClient 17 fit round 33 (tier=large)
[2026-07-26 03:41:20] 2026-07-26 00:31:12 | INFO     | KDClient 17 round 33 public KD (epochs=2)
[2026-07-26 03:41:20] 2026-07-26 00:32:25 | INFO     | KDClient 17 round 33 local training (epochs=4)
[2026-07-26 03:41:20] 2026-07-26 00:33:33 | INFO     | KDClient 17 round 33 completed (acc=0.8324, n=90)
[2026-07-26 03:41:20] 2026-07-26 00:33:33 | INFO     | KDClient 18 fit round 33 (tier=large)
[2026-07-26 03:41:20] 2026-07-26 00:33:33 | INFO     | KDClient 18 round 33 public KD (epochs=2)
[2026-07-26 03:41:20] 2026-07-26 00:34:39 | INFO     | KDClient 18 round 33 local training (epochs=4)
[2026-07-26 03:41:20] 2026-07-26 00:35:24 | INFO     | KDClient 18 round 33 completed (acc=0.7586, n=90)
[2026-07-26 03:41:20] 2026-07-26 00:35:24 | INFO     | KDClient 19 fit round 33 (tier=large)
[2026-07-26 03:41:20] 2026-07-26 00:35:24 | INFO     | KDClient 19 round 33 public KD (epochs=2)
[2026-07-26 03:41:20] 2026-07-26 00:36:20 | INFO     | KDClient 19 round 33 local training (epochs=4)
[2026-07-26 03:41:20] 2026-07-26 00:37:03 | INFO     | KDClient 19 round 33 completed (acc=0.8919, n=90)
[2026-07-26 03:41:20] 2026-07-26 00:37:03 | INFO     | MKS — IID: round 33/50 aggregated 3 cluster weights
[2026-07-26 03:41:20]   Round  33/50 | Avg: 0.9013 | Min: 0.7586 | Max: 0.9369
[2026-07-26 03:41:20] 2026-07-26 00:37:03 | INFO     | MKS — IID: round 34/50 starting
[2026-07-26 03:41:20] 2026-07-26 00:37:03 | INFO     | KDClient 0 fit round 34 (tier=small)
[2026-07-26 03:41:20] 2026-07-26 00:37:03 | INFO     | KDClient 0 round 34 public KD (epochs=2)
[2026-07-26 03:41:20] 2026-07-26 00:37:15 | INFO     | KDClient 0 round 34 local training (epochs=4)
[2026-07-26 03:41:20] 2026-07-26 00:37:28 | INFO     | KDClient 0 round 34 completed (acc=0.8811, n=90)
[2026-07-26 03:41:20] 2026-07-26 00:37:28 | INFO     | KDClient 1 fit round 34 (tier=small)
[2026-07-26 03:41:20] 2026-07-26 00:37:28 | INFO     | KDClient 1 round 34 public KD (epochs=2)
[2026-07-26 03:41:20] 2026-07-26 00:37:40 | INFO     | KDClient 1 round 34 local training (epochs=4)
[2026-07-26 03:41:20] 2026-07-26 00:37:51 | INFO     | KDClient 1 round 34 completed (acc=0.9027, n=90)
[2026-07-26 03:41:20] 2026-07-26 00:37:51 | INFO     | KDClient 2 fit round 34 (tier=small)
[2026-07-26 03:41:20] 2026-07-26 00:37:51 | INFO     | KDClient 2 round 34 public KD (epochs=2)
[2026-07-26 03:41:20] 2026-07-26 00:38:03 | INFO     | KDClient 2 round 34 local training (epochs=4)
[2026-07-26 03:41:20] 2026-07-26 00:38:15 | INFO     | KDClient 2 round 34 completed (acc=0.9009, n=90)
[2026-07-26 03:41:20] 2026-07-26 00:38:15 | INFO     | KDClient 3 fit round 34 (tier=small)
[2026-07-26 03:41:20] 2026-07-26 00:38:15 | INFO     | KDClient 3 round 34 public KD (epochs=2)
[2026-07-26 03:41:20] 2026-07-26 00:38:32 | INFO     | KDClient 3 round 34 local training (epochs=4)
[2026-07-26 03:41:20] 2026-07-26 00:38:42 | INFO     | KDClient 3 round 34 completed (acc=0.9063, n=90)
[2026-07-26 03:41:20] 2026-07-26 00:38:42 | INFO     | KDClient 4 fit round 34 (tier=small)
[2026-07-26 03:41:20] 2026-07-26 00:38:42 | INFO     | KDClient 4 round 34 public KD (epochs=2)
[2026-07-26 03:41:20] 2026-07-26 00:38:55 | INFO     | KDClient 4 round 34 local training (epochs=4)
[2026-07-26 03:41:20] 2026-07-26 00:39:05 | INFO     | KDClient 4 round 34 completed (acc=0.9063, n=90)
[2026-07-26 03:41:20] 2026-07-26 00:39:05 | INFO     | KDClient 5 fit round 34 (tier=small)
[2026-07-26 03:41:20] 2026-07-26 00:39:05 | INFO     | KDClient 5 round 34 public KD (epochs=2)
[2026-07-26 03:41:20] 2026-07-26 00:39:17 | INFO     | KDClient 5 round 34 local training (epochs=4)
[2026-07-26 03:41:20] 2026-07-26 00:39:28 | INFO     | KDClient 5 round 34 completed (acc=0.8937, n=90)
[2026-07-26 03:41:20] 2026-07-26 00:39:28 | INFO     | KDClient 6 fit round 34 (tier=small)
[2026-07-26 03:41:20] 2026-07-26 00:39:28 | INFO     | KDClient 6 round 34 public KD (epochs=2)
[2026-07-26 03:41:20] 2026-07-26 00:39:41 | INFO     | KDClient 6 round 34 local training (epochs=4)
[2026-07-26 03:41:20] 2026-07-26 00:39:52 | INFO     | KDClient 6 round 34 completed (acc=0.9279, n=90)
[2026-07-26 03:41:20] 2026-07-26 00:39:52 | INFO     | KDClient 7 fit round 34 (tier=medium)
[2026-07-26 03:41:20] 2026-07-26 00:39:52 | INFO     | KDClient 7 round 34 public KD (epochs=2)
[2026-07-26 03:41:20] 2026-07-26 00:40:32 | INFO     | KDClient 7 round 34 local training (epochs=4)
[2026-07-26 03:41:20] 2026-07-26 00:41:05 | INFO     | KDClient 7 round 34 completed (acc=0.9027, n=90)
[2026-07-26 03:41:20] 2026-07-26 00:41:05 | INFO     | KDClient 8 fit round 34 (tier=medium)
[2026-07-26 03:41:20] 2026-07-26 00:41:05 | INFO     | KDClient 8 round 34 public KD (epochs=2)
[2026-07-26 03:41:20] 2026-07-26 00:41:39 | INFO     | KDClient 8 round 34 local training (epochs=4)
[2026-07-26 03:41:20] 2026-07-26 00:42:04 | INFO     | KDClient 8 round 34 completed (acc=0.8937, n=90)
[2026-07-26 03:41:20] 2026-07-26 00:42:04 | INFO     | KDClient 9 fit round 34 (tier=medium)
[2026-07-26 03:41:20] 2026-07-26 00:42:04 | INFO     | KDClient 9 round 34 public KD (epochs=2)
[2026-07-26 03:41:20] 2026-07-26 00:42:43 | INFO     | KDClient 9 round 34 local training (epochs=4)
[2026-07-26 03:41:20] 2026-07-26 00:43:12 | INFO     | KDClient 9 round 34 completed (acc=0.8523, n=90)
[2026-07-26 03:41:20] 2026-07-26 00:43:12 | INFO     | KDClient 10 fit round 34 (tier=medium)
[2026-07-26 03:41:20] 2026-07-26 00:43:12 | INFO     | KDClient 10 round 34 public KD (epochs=2)
[2026-07-26 03:41:20] 2026-07-26 00:43:56 | INFO     | KDClient 10 round 34 local training (epochs=4)
[2026-07-26 03:41:20] 2026-07-26 00:44:27 | INFO     | KDClient 10 round 34 completed (acc=0.9279, n=90)
[2026-07-26 03:41:20] 2026-07-26 00:44:27 | INFO     | KDClient 11 fit round 34 (tier=medium)
[2026-07-26 03:41:20] 2026-07-26 00:44:27 | INFO     | KDClient 11 round 34 public KD (epochs=2)
[2026-07-26 03:41:20] 2026-07-26 00:45:03 | INFO     | KDClient 11 round 34 local training (epochs=4)
[2026-07-26 03:41:20] 2026-07-26 00:45:37 | INFO     | KDClient 11 round 34 completed (acc=0.8937, n=90)
[2026-07-26 03:41:20] 2026-07-26 00:45:37 | INFO     | KDClient 12 fit round 34 (tier=medium)
[2026-07-26 03:41:20] 2026-07-26 00:45:37 | INFO     | KDClient 12 round 34 public KD (epochs=2)
[2026-07-26 03:41:20] 2026-07-26 00:46:23 | INFO     | KDClient 12 round 34 local training (epochs=4)
[2026-07-26 03:41:20] 2026-07-26 00:46:53 | INFO     | KDClient 12 round 34 completed (acc=0.9063, n=90)
[2026-07-26 03:41:20] 2026-07-26 00:46:53 | INFO     | KDClient 13 fit round 34 (tier=medium)
[2026-07-26 03:41:20] 2026-07-26 00:46:53 | INFO     | KDClient 13 round 34 public KD (epochs=2)
[2026-07-26 03:41:20] 2026-07-26 00:47:35 | INFO     | KDClient 13 round 34 local training (epochs=4)
[2026-07-26 03:41:20] 2026-07-26 00:48:07 | INFO     | KDClient 13 round 34 completed (acc=0.9261, n=90)
[2026-07-26 03:41:20] 2026-07-26 00:48:07 | INFO     | KDClient 14 fit round 34 (tier=large)
[2026-07-26 03:41:20] 2026-07-26 00:48:07 | INFO     | KDClient 14 round 34 public KD (epochs=2)
[2026-07-26 03:41:20] 2026-07-26 00:49:09 | INFO     | KDClient 14 round 34 local training (epochs=4)
[2026-07-26 03:41:20] 2026-07-26 00:49:59 | INFO     | KDClient 14 round 34 completed (acc=0.9279, n=90)
[2026-07-26 03:41:20] 2026-07-26 00:49:59 | INFO     | KDClient 15 fit round 34 (tier=large)
[2026-07-26 03:41:20] 2026-07-26 00:49:59 | INFO     | KDClient 15 round 34 public KD (epochs=2)
[2026-07-26 03:41:20] 2026-07-26 00:50:59 | INFO     | KDClient 15 round 34 local training (epochs=4)
[2026-07-26 03:41:20] 2026-07-26 00:51:56 | INFO     | KDClient 15 round 34 completed (acc=0.9243, n=90)
[2026-07-26 03:41:20] 2026-07-26 00:51:56 | INFO     | KDClient 16 fit round 34 (tier=large)
[2026-07-26 03:41:20] 2026-07-26 00:51:56 | INFO     | KDClient 16 round 34 public KD (epochs=2)
[2026-07-26 03:41:20] 2026-07-26 00:53:01 | INFO     | KDClient 16 round 34 local training (epochs=4)
[2026-07-26 03:41:20] 2026-07-26 00:53:54 | INFO     | KDClient 16 round 34 completed (acc=0.9189, n=90)
[2026-07-26 03:41:20] 2026-07-26 00:53:54 | INFO     | KDClient 17 fit round 34 (tier=large)
[2026-07-26 03:41:20] 2026-07-26 00:53:54 | INFO     | KDClient 17 round 34 public KD (epochs=2)
[2026-07-26 03:41:20] 2026-07-26 00:55:07 | INFO     | KDClient 17 round 34 local training (epochs=4)
[2026-07-26 03:41:20] 2026-07-26 00:56:04 | INFO     | KDClient 17 round 34 completed (acc=0.8234, n=90)
[2026-07-26 03:41:20] 2026-07-26 00:56:04 | INFO     | KDClient 18 fit round 34 (tier=large)
[2026-07-26 03:41:20] 2026-07-26 00:56:04 | INFO     | KDClient 18 round 34 public KD (epochs=2)
[2026-07-26 03:41:20] 2026-07-26 00:57:14 | INFO     | KDClient 18 round 34 local training (epochs=4)
[2026-07-26 03:41:20] 2026-07-26 00:58:10 | INFO     | KDClient 18 round 34 completed (acc=0.7495, n=90)
[2026-07-26 03:41:20] 2026-07-26 00:58:10 | INFO     | KDClient 19 fit round 34 (tier=large)
[2026-07-26 03:41:20] 2026-07-26 00:58:10 | INFO     | KDClient 19 round 34 public KD (epochs=2)
[2026-07-26 03:41:20] 2026-07-26 00:59:20 | INFO     | KDClient 19 round 34 local training (epochs=4)
[2026-07-26 03:41:20] 2026-07-26 01:00:02 | INFO     | KDClient 19 round 34 completed (acc=0.9117, n=90)
[2026-07-26 03:41:20] 2026-07-26 01:00:02 | INFO     | MKS — IID: round 34/50 aggregated 3 cluster weights
[2026-07-26 03:41:20]   Round  34/50 | Avg: 0.8939 | Min: 0.7495 | Max: 0.9279
[2026-07-26 03:41:20] 2026-07-26 01:00:02 | INFO     | MKS — IID: round 35/50 starting
[2026-07-26 03:41:20] 2026-07-26 01:00:02 | INFO     | KDClient 0 fit round 35 (tier=small)
[2026-07-26 03:41:20] 2026-07-26 01:00:02 | INFO     | KDClient 0 round 35 public KD (epochs=2)
[2026-07-26 03:41:20] 2026-07-26 01:00:15 | INFO     | KDClient 0 round 35 local training (epochs=4)
[2026-07-26 03:41:20] 2026-07-26 01:00:26 | INFO     | KDClient 0 round 35 completed (acc=0.8883, n=90)
[2026-07-26 03:41:20] 2026-07-26 01:00:26 | INFO     | KDClient 1 fit round 35 (tier=small)
[2026-07-26 03:41:20] 2026-07-26 01:00:26 | INFO     | KDClient 1 round 35 public KD (epochs=2)
[2026-07-26 03:41:20] 2026-07-26 01:00:37 | INFO     | KDClient 1 round 35 local training (epochs=4)
[2026-07-26 03:41:20] 2026-07-26 01:00:47 | INFO     | KDClient 1 round 35 completed (acc=0.8901, n=90)
[2026-07-26 03:41:20] 2026-07-26 01:00:47 | INFO     | KDClient 2 fit round 35 (tier=small)
[2026-07-26 03:41:20] 2026-07-26 01:00:47 | INFO     | KDClient 2 round 35 public KD (epochs=2)
[2026-07-26 03:41:20] 2026-07-26 01:01:00 | INFO     | KDClient 2 round 35 local training (epochs=4)
[2026-07-26 03:41:20] 2026-07-26 01:01:12 | INFO     | KDClient 2 round 35 completed (acc=0.9333, n=90)
[2026-07-26 03:41:20] 2026-07-26 01:01:12 | INFO     | KDClient 3 fit round 35 (tier=small)
[2026-07-26 03:41:20] 2026-07-26 01:01:12 | INFO     | KDClient 3 round 35 public KD (epochs=2)
[2026-07-26 03:41:20] 2026-07-26 01:01:24 | INFO     | KDClient 3 round 35 local training (epochs=4)
[2026-07-26 03:41:20] 2026-07-26 01:01:36 | INFO     | KDClient 3 round 35 completed (acc=0.9117, n=90)
[2026-07-26 03:41:20] 2026-07-26 01:01:36 | INFO     | KDClient 4 fit round 35 (tier=small)
[2026-07-26 03:41:20] 2026-07-26 01:01:36 | INFO     | KDClient 4 round 35 public KD (epochs=2)
[2026-07-26 03:41:20] 2026-07-26 01:01:53 | INFO     | KDClient 4 round 35 local training (epochs=4)
[2026-07-26 03:41:20] 2026-07-26 01:02:03 | INFO     | KDClient 4 round 35 completed (acc=0.9315, n=90)
[2026-07-26 03:41:20] 2026-07-26 01:02:03 | INFO     | KDClient 5 fit round 35 (tier=small)
[2026-07-26 03:41:20] 2026-07-26 01:02:03 | INFO     | KDClient 5 round 35 public KD (epochs=2)
[2026-07-26 03:41:20] 2026-07-26 01:02:16 | INFO     | KDClient 5 round 35 local training (epochs=4)
[2026-07-26 03:41:20] 2026-07-26 01:02:27 | INFO     | KDClient 5 round 35 completed (acc=0.9009, n=90)
[2026-07-26 03:41:20] 2026-07-26 01:02:27 | INFO     | KDClient 6 fit round 35 (tier=small)
[2026-07-26 03:41:20] 2026-07-26 01:02:27 | INFO     | KDClient 6 round 35 public KD (epochs=2)
[2026-07-26 03:41:20] 2026-07-26 01:02:39 | INFO     | KDClient 6 round 35 local training (epochs=4)
[2026-07-26 03:41:20] 2026-07-26 01:02:50 | INFO     | KDClient 6 round 35 completed (acc=0.9279, n=90)
[2026-07-26 03:41:20] 2026-07-26 01:02:50 | INFO     | KDClient 7 fit round 35 (tier=medium)
[2026-07-26 03:41:20] 2026-07-26 01:02:50 | INFO     | KDClient 7 round 35 public KD (epochs=2)
[2026-07-26 03:41:20] 2026-07-26 01:03:29 | INFO     | KDClient 7 round 35 local training (epochs=4)
[2026-07-26 03:41:20] 2026-07-26 01:04:04 | INFO     | KDClient 7 round 35 completed (acc=0.9225, n=90)
[2026-07-26 03:41:20] 2026-07-26 01:04:04 | INFO     | KDClient 8 fit round 35 (tier=medium)
[2026-07-26 03:41:20] 2026-07-26 01:04:04 | INFO     | KDClient 8 round 35 public KD (epochs=2)
[2026-07-26 03:41:20] 2026-07-26 01:04:44 | INFO     | KDClient 8 round 35 local training (epochs=4)
[2026-07-26 03:41:20] 2026-07-26 01:05:14 | INFO     | KDClient 8 round 35 completed (acc=0.9099, n=90)
[2026-07-26 03:41:20] 2026-07-26 01:05:14 | INFO     | KDClient 9 fit round 35 (tier=medium)
[2026-07-26 03:41:20] 2026-07-26 01:05:14 | INFO     | KDClient 9 round 35 public KD (epochs=2)
[2026-07-26 03:41:20] 2026-07-26 01:05:49 | INFO     | KDClient 9 round 35 local training (epochs=4)
[2026-07-26 03:41:20] 2026-07-26 01:06:16 | INFO     | KDClient 9 round 35 completed (acc=0.8450, n=90)
[2026-07-26 03:41:20] 2026-07-26 01:06:16 | INFO     | KDClient 10 fit round 35 (tier=medium)
[2026-07-26 03:41:20] 2026-07-26 01:06:16 | INFO     | KDClient 10 round 35 public KD (epochs=2)
[2026-07-26 03:41:20] 2026-07-26 01:06:55 | INFO     | KDClient 10 round 35 local training (epochs=4)
[2026-07-26 03:41:20] 2026-07-26 01:07:26 | INFO     | KDClient 10 round 35 completed (acc=0.8937, n=90)
[2026-07-26 03:41:20] 2026-07-26 01:07:26 | INFO     | KDClient 11 fit round 35 (tier=medium)
[2026-07-26 03:41:20] 2026-07-26 01:07:26 | INFO     | KDClient 11 round 35 public KD (epochs=2)
[2026-07-26 03:41:20] 2026-07-26 01:08:07 | INFO     | KDClient 11 round 35 local training (epochs=4)
[2026-07-26 03:41:20] 2026-07-26 01:08:44 | INFO     | KDClient 11 round 35 completed (acc=0.8847, n=90)
[2026-07-26 03:41:20] 2026-07-26 01:08:44 | INFO     | KDClient 12 fit round 35 (tier=medium)
[2026-07-26 03:41:20] 2026-07-26 01:08:44 | INFO     | KDClient 12 round 35 public KD (epochs=2)
[2026-07-26 03:41:20] 2026-07-26 01:09:29 | INFO     | KDClient 12 round 35 local training (epochs=4)
[2026-07-26 03:41:20] 2026-07-26 01:10:04 | INFO     | KDClient 12 round 35 completed (acc=0.9081, n=90)
[2026-07-26 03:41:20] 2026-07-26 01:10:04 | INFO     | KDClient 13 fit round 35 (tier=medium)
[2026-07-26 03:41:20] 2026-07-26 01:10:04 | INFO     | KDClient 13 round 35 public KD (epochs=2)
[2026-07-26 03:41:20] 2026-07-26 01:10:51 | INFO     | KDClient 13 round 35 local training (epochs=4)
[2026-07-26 03:41:20] 2026-07-26 01:11:21 | INFO     | KDClient 13 round 35 completed (acc=0.9261, n=90)
[2026-07-26 03:41:20] 2026-07-26 01:11:21 | INFO     | KDClient 14 fit round 35 (tier=large)
[2026-07-26 03:41:20] 2026-07-26 01:11:21 | INFO     | KDClient 14 round 35 public KD (epochs=2)
[2026-07-26 03:41:20] 2026-07-26 01:12:32 | INFO     | KDClient 14 round 35 local training (epochs=4)
[2026-07-26 03:41:20] 2026-07-26 01:13:35 | INFO     | KDClient 14 round 35 completed (acc=0.9315, n=90)
[2026-07-26 03:41:20] 2026-07-26 01:13:35 | INFO     | KDClient 15 fit round 35 (tier=large)
[2026-07-26 03:41:20] 2026-07-26 01:13:35 | INFO     | KDClient 15 round 35 public KD (epochs=2)
[2026-07-26 03:41:20] 2026-07-26 01:14:40 | INFO     | KDClient 15 round 35 local training (epochs=4)
[2026-07-26 03:41:20] 2026-07-26 01:15:41 | INFO     | KDClient 15 round 35 completed (acc=0.9225, n=90)
[2026-07-26 03:41:20] 2026-07-26 01:15:41 | INFO     | KDClient 16 fit round 35 (tier=large)
[2026-07-26 03:41:20] 2026-07-26 01:15:41 | INFO     | KDClient 16 round 35 public KD (epochs=2)
[2026-07-26 03:41:20] 2026-07-26 01:16:51 | INFO     | KDClient 16 round 35 local training (epochs=4)
[2026-07-26 03:41:20] 2026-07-26 01:17:50 | INFO     | KDClient 16 round 35 completed (acc=0.8937, n=90)
[2026-07-26 03:41:20] 2026-07-26 01:17:50 | INFO     | KDClient 17 fit round 35 (tier=large)
[2026-07-26 03:41:20] 2026-07-26 01:17:50 | INFO     | KDClient 17 round 35 public KD (epochs=2)
[2026-07-26 03:41:20] 2026-07-26 01:18:58 | INFO     | KDClient 17 round 35 local training (epochs=4)
[2026-07-26 03:41:20] 2026-07-26 01:20:00 | INFO     | KDClient 17 round 35 completed (acc=0.7982, n=90)
[2026-07-26 03:41:20] 2026-07-26 01:20:00 | INFO     | KDClient 18 fit round 35 (tier=large)
[2026-07-26 03:41:20] 2026-07-26 01:20:00 | INFO     | KDClient 18 round 35 public KD (epochs=2)
[2026-07-26 03:41:20] 2026-07-26 01:21:10 | INFO     | KDClient 18 round 35 local training (epochs=4)
[2026-07-26 03:41:20] 2026-07-26 01:22:05 | INFO     | KDClient 18 round 35 completed (acc=0.7730, n=90)
[2026-07-26 03:41:20] 2026-07-26 01:22:05 | INFO     | KDClient 19 fit round 35 (tier=large)
[2026-07-26 03:41:20] 2026-07-26 01:22:05 | INFO     | KDClient 19 round 35 public KD (epochs=2)
[2026-07-26 03:41:20] 2026-07-26 01:23:09 | INFO     | KDClient 19 round 35 local training (epochs=4)
[2026-07-26 03:41:20] 2026-07-26 01:24:07 | INFO     | KDClient 19 round 35 completed (acc=0.8901, n=90)
[2026-07-26 03:41:20] 2026-07-26 01:24:07 | INFO     | MKS — IID: round 35/50 aggregated 3 cluster weights
[2026-07-26 03:41:20]   Round  35/50 | Avg: 0.8941 | Min: 0.7730 | Max: 0.9333
[2026-07-26 03:41:20] 2026-07-26 01:24:07 | INFO     | MKS — IID: round 36/50 starting
[2026-07-26 03:41:20] 2026-07-26 01:24:07 | INFO     | KDClient 0 fit round 36 (tier=small)
[2026-07-26 03:41:20] 2026-07-26 01:24:07 | INFO     | KDClient 0 round 36 public KD (epochs=2)
[2026-07-26 03:41:20] 2026-07-26 01:24:24 | INFO     | KDClient 0 round 36 local training (epochs=4)
[2026-07-26 03:41:20] 2026-07-26 01:24:35 | INFO     | KDClient 0 round 36 completed (acc=0.9333, n=90)
[2026-07-26 03:41:20] 2026-07-26 01:24:35 | INFO     | KDClient 1 fit round 36 (tier=small)
[2026-07-26 03:41:20] 2026-07-26 01:24:35 | INFO     | KDClient 1 round 36 public KD (epochs=2)
[2026-07-26 03:41:20] 2026-07-26 01:24:47 | INFO     | KDClient 1 round 36 local training (epochs=4)
[2026-07-26 03:41:20] 2026-07-26 01:24:57 | INFO     | KDClient 1 round 36 completed (acc=0.9243, n=90)
[2026-07-26 03:41:20] 2026-07-26 01:24:57 | INFO     | KDClient 2 fit round 36 (tier=small)
[2026-07-26 03:41:20] 2026-07-26 01:24:57 | INFO     | KDClient 2 round 36 public KD (epochs=2)
[2026-07-26 03:41:20] 2026-07-26 01:25:13 | INFO     | KDClient 2 round 36 local training (epochs=4)
[2026-07-26 03:41:20] 2026-07-26 01:25:24 | INFO     | KDClient 2 round 36 completed (acc=0.9243, n=90)
[2026-07-26 03:41:20] 2026-07-26 01:25:24 | INFO     | KDClient 3 fit round 36 (tier=small)
[2026-07-26 03:41:20] 2026-07-26 01:25:24 | INFO     | KDClient 3 round 36 public KD (epochs=2)
[2026-07-26 03:41:20] 2026-07-26 01:25:36 | INFO     | KDClient 3 round 36 local training (epochs=4)
[2026-07-26 03:41:20] 2026-07-26 01:25:46 | INFO     | KDClient 3 round 36 completed (acc=0.9153, n=90)
[2026-07-26 03:41:20] 2026-07-26 01:25:46 | INFO     | KDClient 4 fit round 36 (tier=small)
[2026-07-26 03:41:20] 2026-07-26 01:25:46 | INFO     | KDClient 4 round 36 public KD (epochs=2)
[2026-07-26 03:41:20] 2026-07-26 01:25:59 | INFO     | KDClient 4 round 36 local training (epochs=4)
[2026-07-26 03:41:20] 2026-07-26 01:26:11 | INFO     | KDClient 4 round 36 completed (acc=0.9279, n=90)
[2026-07-26 03:41:20] 2026-07-26 01:26:11 | INFO     | KDClient 5 fit round 36 (tier=small)
[2026-07-26 03:41:20] 2026-07-26 01:26:11 | INFO     | KDClient 5 round 36 public KD (epochs=2)
[2026-07-26 03:41:20] 2026-07-26 01:26:23 | INFO     | KDClient 5 round 36 local training (epochs=4)
[2026-07-26 03:41:20] 2026-07-26 01:26:35 | INFO     | KDClient 5 round 36 completed (acc=0.8775, n=90)
[2026-07-26 03:41:20] 2026-07-26 01:26:35 | INFO     | KDClient 6 fit round 36 (tier=small)
[2026-07-26 03:41:20] 2026-07-26 01:26:35 | INFO     | KDClient 6 round 36 public KD (epochs=2)
[2026-07-26 03:41:20] 2026-07-26 01:26:51 | INFO     | KDClient 6 round 36 local training (epochs=4)
[2026-07-26 03:41:20] 2026-07-26 01:27:03 | INFO     | KDClient 6 round 36 completed (acc=0.9207, n=90)
[2026-07-26 03:41:20] 2026-07-26 01:27:03 | INFO     | KDClient 7 fit round 36 (tier=medium)
[2026-07-26 03:41:20] 2026-07-26 01:27:03 | INFO     | KDClient 7 round 36 public KD (epochs=2)
[2026-07-26 03:41:20] 2026-07-26 01:27:44 | INFO     | KDClient 7 round 36 local training (epochs=4)
[2026-07-26 03:41:20] 2026-07-26 01:28:14 | INFO     | KDClient 7 round 36 completed (acc=0.9279, n=90)
[2026-07-26 03:41:20] 2026-07-26 01:28:14 | INFO     | KDClient 8 fit round 36 (tier=medium)
[2026-07-26 03:41:20] 2026-07-26 01:28:14 | INFO     | KDClient 8 round 36 public KD (epochs=2)
[2026-07-26 03:41:20] 2026-07-26 01:28:54 | INFO     | KDClient 8 round 36 local training (epochs=4)
[2026-07-26 03:41:20] 2026-07-26 01:29:26 | INFO     | KDClient 8 round 36 completed (acc=0.9135, n=90)
[2026-07-26 03:41:20] 2026-07-26 01:29:26 | INFO     | KDClient 9 fit round 36 (tier=medium)
[2026-07-26 03:41:20] 2026-07-26 01:29:26 | INFO     | KDClient 9 round 36 public KD (epochs=2)
[2026-07-26 03:41:20] 2026-07-26 01:30:04 | INFO     | KDClient 9 round 36 local training (epochs=4)
[2026-07-26 03:41:20] 2026-07-26 01:30:32 | INFO     | KDClient 9 round 36 completed (acc=0.9081, n=90)
[2026-07-26 03:41:20] 2026-07-26 01:30:32 | INFO     | KDClient 10 fit round 36 (tier=medium)
[2026-07-26 03:41:20] 2026-07-26 01:30:32 | INFO     | KDClient 10 round 36 public KD (epochs=2)
[2026-07-26 03:41:20] 2026-07-26 01:31:13 | INFO     | KDClient 10 round 36 local training (epochs=4)
[2026-07-26 03:41:20] 2026-07-26 01:31:43 | INFO     | KDClient 10 round 36 completed (acc=0.9261, n=90)
[2026-07-26 03:41:20] 2026-07-26 01:31:43 | INFO     | KDClient 11 fit round 36 (tier=medium)
[2026-07-26 03:41:20] 2026-07-26 01:31:43 | INFO     | KDClient 11 round 36 public KD (epochs=2)
[2026-07-26 03:41:20] 2026-07-26 01:32:23 | INFO     | KDClient 11 round 36 local training (epochs=4)
[2026-07-26 03:41:20] 2026-07-26 01:32:57 | INFO     | KDClient 11 round 36 completed (acc=0.8703, n=90)
[2026-07-26 03:41:20] 2026-07-26 01:32:57 | INFO     | KDClient 12 fit round 36 (tier=medium)
[2026-07-26 03:41:20] 2026-07-26 01:32:57 | INFO     | KDClient 12 round 36 public KD (epochs=2)
[2026-07-26 03:41:20] 2026-07-26 01:34:02 | INFO     | KDClient 12 round 36 local training (epochs=4)
[2026-07-26 03:41:20] 2026-07-26 01:34:41 | INFO     | KDClient 12 round 36 completed (acc=0.9027, n=90)
[2026-07-26 03:41:20] 2026-07-26 01:34:41 | INFO     | KDClient 13 fit round 36 (tier=medium)
[2026-07-26 03:41:20] 2026-07-26 01:34:41 | INFO     | KDClient 13 round 36 public KD (epochs=2)
[2026-07-26 03:41:20] 2026-07-26 01:35:28 | INFO     | KDClient 13 round 36 local training (epochs=4)
[2026-07-26 03:41:20] 2026-07-26 01:36:13 | INFO     | KDClient 13 round 36 completed (acc=0.9297, n=90)
[2026-07-26 03:41:20] 2026-07-26 01:36:13 | INFO     | KDClient 14 fit round 36 (tier=large)
[2026-07-26 03:41:20] 2026-07-26 01:36:13 | INFO     | KDClient 14 round 36 public KD (epochs=2)
[2026-07-26 03:41:20] 2026-07-26 01:37:26 | INFO     | KDClient 14 round 36 local training (epochs=4)
[2026-07-26 03:41:20] 2026-07-26 01:38:17 | INFO     | KDClient 14 round 36 completed (acc=0.9279, n=90)
[2026-07-26 03:41:20] 2026-07-26 01:38:17 | INFO     | KDClient 15 fit round 36 (tier=large)
[2026-07-26 03:41:20] 2026-07-26 01:38:17 | INFO     | KDClient 15 round 36 public KD (epochs=2)
[2026-07-26 03:41:20] 2026-07-26 01:39:23 | INFO     | KDClient 15 round 36 local training (epochs=4)
[2026-07-26 03:41:20] 2026-07-26 01:40:15 | INFO     | KDClient 15 round 36 completed (acc=0.9315, n=90)
[2026-07-26 03:41:20] 2026-07-26 01:40:15 | INFO     | KDClient 16 fit round 36 (tier=large)
[2026-07-26 03:41:20] 2026-07-26 01:40:15 | INFO     | KDClient 16 round 36 public KD (epochs=2)
[2026-07-26 03:41:20] 2026-07-26 01:41:21 | INFO     | KDClient 16 round 36 local training (epochs=4)
[2026-07-26 03:41:20] 2026-07-26 01:42:19 | INFO     | KDClient 16 round 36 completed (acc=0.8432, n=90)
[2026-07-26 03:41:20] 2026-07-26 01:42:19 | INFO     | KDClient 17 fit round 36 (tier=large)
[2026-07-26 03:41:20] 2026-07-26 01:42:19 | INFO     | KDClient 17 round 36 public KD (epochs=2)
[2026-07-26 03:41:20] 2026-07-26 01:43:33 | INFO     | KDClient 17 round 36 local training (epochs=4)
[2026-07-26 03:41:20] 2026-07-26 01:44:39 | INFO     | KDClient 17 round 36 completed (acc=0.8306, n=90)
[2026-07-26 03:41:20] 2026-07-26 01:44:39 | INFO     | KDClient 18 fit round 36 (tier=large)
[2026-07-26 03:41:20] 2026-07-26 01:44:39 | INFO     | KDClient 18 round 36 public KD (epochs=2)
[2026-07-26 03:41:20] 2026-07-26 01:45:55 | INFO     | KDClient 18 round 36 local training (epochs=4)
[2026-07-26 03:41:20] 2026-07-26 01:46:55 | INFO     | KDClient 18 round 36 completed (acc=0.8108, n=90)
[2026-07-26 03:41:20] 2026-07-26 01:46:55 | INFO     | KDClient 19 fit round 36 (tier=large)
[2026-07-26 03:41:20] 2026-07-26 01:46:55 | INFO     | KDClient 19 round 36 public KD (epochs=2)
[2026-07-26 03:41:20] 2026-07-26 01:47:58 | INFO     | KDClient 19 round 36 local training (epochs=4)
[2026-07-26 03:41:20] 2026-07-26 01:48:43 | INFO     | KDClient 19 round 36 completed (acc=0.9081, n=90)
[2026-07-26 03:41:20] 2026-07-26 01:48:43 | INFO     | MKS — IID: round 36/50 aggregated 3 cluster weights
[2026-07-26 03:41:20]   Round  36/50 | Avg: 0.9027 | Min: 0.8108 | Max: 0.9333
[2026-07-26 03:41:20] 2026-07-26 01:48:43 | INFO     | MKS — IID: round 37/50 starting
[2026-07-26 03:41:20] 2026-07-26 01:48:43 | INFO     | KDClient 0 fit round 37 (tier=small)
[2026-07-26 03:41:20] 2026-07-26 01:48:43 | INFO     | KDClient 0 round 37 public KD (epochs=2)
[2026-07-26 03:41:20] 2026-07-26 01:48:59 | INFO     | KDClient 0 round 37 local training (epochs=4)
[2026-07-26 03:41:20] 2026-07-26 01:49:09 | INFO     | KDClient 0 round 37 completed (acc=0.9243, n=90)
[2026-07-26 03:41:20] 2026-07-26 01:49:09 | INFO     | KDClient 1 fit round 37 (tier=small)
[2026-07-26 03:41:20] 2026-07-26 01:49:09 | INFO     | KDClient 1 round 37 public KD (epochs=2)
[2026-07-26 03:41:20] 2026-07-26 01:49:21 | INFO     | KDClient 1 round 37 local training (epochs=4)
[2026-07-26 03:41:20] 2026-07-26 01:49:31 | INFO     | KDClient 1 round 37 completed (acc=0.8901, n=90)
[2026-07-26 03:41:20] 2026-07-26 01:49:31 | INFO     | KDClient 2 fit round 37 (tier=small)
[2026-07-26 03:41:20] 2026-07-26 01:49:31 | INFO     | KDClient 2 round 37 public KD (epochs=2)
[2026-07-26 03:41:20] 2026-07-26 01:49:44 | INFO     | KDClient 2 round 37 local training (epochs=4)
[2026-07-26 03:41:20] 2026-07-26 01:49:55 | INFO     | KDClient 2 round 37 completed (acc=0.9225, n=90)
[2026-07-26 03:41:20] 2026-07-26 01:49:55 | INFO     | KDClient 3 fit round 37 (tier=small)
[2026-07-26 03:41:20] 2026-07-26 01:49:55 | INFO     | KDClient 3 round 37 public KD (epochs=2)
[2026-07-26 03:41:20] 2026-07-26 01:50:06 | INFO     | KDClient 3 round 37 local training (epochs=4)
[2026-07-26 03:41:20] 2026-07-26 01:50:17 | INFO     | KDClient 3 round 37 completed (acc=0.9243, n=90)
[2026-07-26 03:41:20] 2026-07-26 01:50:17 | INFO     | KDClient 4 fit round 37 (tier=small)
[2026-07-26 03:41:20] 2026-07-26 01:50:17 | INFO     | KDClient 4 round 37 public KD (epochs=2)
[2026-07-26 03:41:20] 2026-07-26 01:50:30 | INFO     | KDClient 4 round 37 local training (epochs=4)
[2026-07-26 03:41:20] 2026-07-26 01:50:40 | INFO     | KDClient 4 round 37 completed (acc=0.9297, n=90)
[2026-07-26 03:41:20] 2026-07-26 01:50:40 | INFO     | KDClient 5 fit round 37 (tier=small)
[2026-07-26 03:41:20] 2026-07-26 01:50:40 | INFO     | KDClient 5 round 37 public KD (epochs=2)
[2026-07-26 03:41:20] 2026-07-26 01:50:57 | INFO     | KDClient 5 round 37 local training (epochs=4)
[2026-07-26 03:41:20] 2026-07-26 01:51:08 | INFO     | KDClient 5 round 37 completed (acc=0.9081, n=90)
[2026-07-26 03:41:20] 2026-07-26 01:51:08 | INFO     | KDClient 6 fit round 37 (tier=small)
[2026-07-26 03:41:20] 2026-07-26 01:51:08 | INFO     | KDClient 6 round 37 public KD (epochs=2)
[2026-07-26 03:41:20] 2026-07-26 01:51:22 | INFO     | KDClient 6 round 37 local training (epochs=4)
[2026-07-26 03:41:20] 2026-07-26 01:51:34 | INFO     | KDClient 6 round 37 completed (acc=0.9189, n=90)
[2026-07-26 03:41:20] 2026-07-26 01:51:34 | INFO     | KDClient 7 fit round 37 (tier=medium)
[2026-07-26 03:41:20] 2026-07-26 01:51:34 | INFO     | KDClient 7 round 37 public KD (epochs=2)
[2026-07-26 03:41:20] 2026-07-26 01:52:12 | INFO     | KDClient 7 round 37 local training (epochs=4)
[2026-07-26 03:41:20] 2026-07-26 01:52:43 | INFO     | KDClient 7 round 37 completed (acc=0.9153, n=90)
[2026-07-26 03:41:20] 2026-07-26 01:52:43 | INFO     | KDClient 8 fit round 37 (tier=medium)
[2026-07-26 03:41:20] 2026-07-26 01:52:43 | INFO     | KDClient 8 round 37 public KD (epochs=2)
[2026-07-26 03:41:20] 2026-07-26 01:53:21 | INFO     | KDClient 8 round 37 local training (epochs=4)
[2026-07-26 03:41:20] 2026-07-26 01:53:51 | INFO     | KDClient 8 round 37 completed (acc=0.8991, n=90)
[2026-07-26 03:41:20] 2026-07-26 01:53:51 | INFO     | KDClient 9 fit round 37 (tier=medium)
[2026-07-26 03:41:20] 2026-07-26 01:53:51 | INFO     | KDClient 9 round 37 public KD (epochs=2)
[2026-07-26 03:41:20] 2026-07-26 01:54:30 | INFO     | KDClient 9 round 37 local training (epochs=4)
[2026-07-26 03:41:20] 2026-07-26 01:55:01 | INFO     | KDClient 9 round 37 completed (acc=0.8360, n=90)
[2026-07-26 03:41:20] 2026-07-26 01:55:01 | INFO     | KDClient 10 fit round 37 (tier=medium)
[2026-07-26 03:41:20] 2026-07-26 01:55:01 | INFO     | KDClient 10 round 37 public KD (epochs=2)
[2026-07-26 03:41:20] 2026-07-26 01:55:36 | INFO     | KDClient 10 round 37 local training (epochs=4)
[2026-07-26 03:41:20] 2026-07-26 01:56:06 | INFO     | KDClient 10 round 37 completed (acc=0.9261, n=90)
[2026-07-26 03:41:20] 2026-07-26 01:56:06 | INFO     | KDClient 11 fit round 37 (tier=medium)
[2026-07-26 03:41:20] 2026-07-26 01:56:06 | INFO     | KDClient 11 round 37 public KD (epochs=2)
[2026-07-26 03:41:20] 2026-07-26 01:56:45 | INFO     | KDClient 11 round 37 local training (epochs=4)
[2026-07-26 03:41:20] 2026-07-26 01:57:19 | INFO     | KDClient 11 round 37 completed (acc=0.8901, n=90)
[2026-07-26 03:41:20] 2026-07-26 01:57:19 | INFO     | KDClient 12 fit round 37 (tier=medium)
[2026-07-26 03:41:20] 2026-07-26 01:57:19 | INFO     | KDClient 12 round 37 public KD (epochs=2)
[2026-07-26 03:41:20] 2026-07-26 01:58:07 | INFO     | KDClient 12 round 37 local training (epochs=4)
[2026-07-26 03:41:20] 2026-07-26 01:58:44 | INFO     | KDClient 12 round 37 completed (acc=0.9135, n=90)
[2026-07-26 03:41:20] 2026-07-26 01:58:44 | INFO     | KDClient 13 fit round 37 (tier=medium)
[2026-07-26 03:41:20] 2026-07-26 01:58:44 | INFO     | KDClient 13 round 37 public KD (epochs=2)
[2026-07-26 03:41:20] 2026-07-26 01:59:31 | INFO     | KDClient 13 round 37 local training (epochs=4)
[2026-07-26 03:41:20] 2026-07-26 02:00:06 | INFO     | KDClient 13 round 37 completed (acc=0.9243, n=90)
[2026-07-26 03:41:20] 2026-07-26 02:00:06 | INFO     | KDClient 14 fit round 37 (tier=large)
[2026-07-26 03:41:20] 2026-07-26 02:00:06 | INFO     | KDClient 14 round 37 public KD (epochs=2)
[2026-07-26 03:41:20] 2026-07-26 02:01:06 | INFO     | KDClient 14 round 37 local training (epochs=4)
[2026-07-26 03:41:20] 2026-07-26 02:02:08 | INFO     | KDClient 14 round 37 completed (acc=0.9261, n=90)
[2026-07-26 03:41:20] 2026-07-26 02:02:08 | INFO     | KDClient 15 fit round 37 (tier=large)
[2026-07-26 03:41:20] 2026-07-26 02:02:08 | INFO     | KDClient 15 round 37 public KD (epochs=2)
[2026-07-26 03:41:20] 2026-07-26 02:03:07 | INFO     | KDClient 15 round 37 local training (epochs=4)
[2026-07-26 03:41:20] 2026-07-26 02:03:53 | INFO     | KDClient 15 round 37 completed (acc=0.9279, n=90)
[2026-07-26 03:41:20] 2026-07-26 02:03:53 | INFO     | KDClient 16 fit round 37 (tier=large)
[2026-07-26 03:41:20] 2026-07-26 02:03:53 | INFO     | KDClient 16 round 37 public KD (epochs=2)
[2026-07-26 03:41:20] 2026-07-26 02:04:50 | INFO     | KDClient 16 round 37 local training (epochs=4)
[2026-07-26 03:41:20] 2026-07-26 02:05:37 | INFO     | KDClient 16 round 37 completed (acc=0.8991, n=90)
[2026-07-26 03:41:20] 2026-07-26 02:05:37 | INFO     | KDClient 17 fit round 37 (tier=large)
[2026-07-26 03:41:20] 2026-07-26 02:05:37 | INFO     | KDClient 17 round 37 public KD (epochs=2)
[2026-07-26 03:41:20] 2026-07-26 02:06:58 | INFO     | KDClient 17 round 37 local training (epochs=4)
[2026-07-26 03:41:20] 2026-07-26 02:07:58 | INFO     | KDClient 17 round 37 completed (acc=0.8216, n=90)
[2026-07-26 03:41:20] 2026-07-26 02:07:58 | INFO     | KDClient 18 fit round 37 (tier=large)
[2026-07-26 03:41:20] 2026-07-26 02:07:58 | INFO     | KDClient 18 round 37 public KD (epochs=2)
[2026-07-26 03:41:20] 2026-07-26 02:09:14 | INFO     | KDClient 18 round 37 local training (epochs=4)
[2026-07-26 03:41:20] 2026-07-26 02:10:16 | INFO     | KDClient 18 round 37 completed (acc=0.8090, n=90)
[2026-07-26 03:41:20] 2026-07-26 02:10:16 | INFO     | KDClient 19 fit round 37 (tier=large)
[2026-07-26 03:41:20] 2026-07-26 02:10:16 | INFO     | KDClient 19 round 37 public KD (epochs=2)
[2026-07-26 03:41:20] 2026-07-26 02:11:25 | INFO     | KDClient 19 round 37 local training (epochs=4)
[2026-07-26 03:41:20] 2026-07-26 02:12:21 | INFO     | KDClient 19 round 37 completed (acc=0.8991, n=90)
[2026-07-26 03:41:20] 2026-07-26 02:12:21 | INFO     | MKS — IID: round 37/50 aggregated 3 cluster weights
[2026-07-26 03:41:20]   Round  37/50 | Avg: 0.9003 | Min: 0.8090 | Max: 0.9297
[2026-07-26 03:41:20] 2026-07-26 02:12:21 | INFO     | MKS — IID: round 38/50 starting
[2026-07-26 03:41:20] 2026-07-26 02:12:21 | INFO     | KDClient 0 fit round 38 (tier=small)
[2026-07-26 03:41:20] 2026-07-26 02:12:21 | INFO     | KDClient 0 round 38 public KD (epochs=2)
[2026-07-26 03:41:20] 2026-07-26 02:12:34 | INFO     | KDClient 0 round 38 local training (epochs=4)
[2026-07-26 03:41:20] 2026-07-26 02:12:44 | INFO     | KDClient 0 round 38 completed (acc=0.8523, n=90)
[2026-07-26 03:41:20] 2026-07-26 02:12:44 | INFO     | KDClient 1 fit round 38 (tier=small)
[2026-07-26 03:41:20] 2026-07-26 02:12:44 | INFO     | KDClient 1 round 38 public KD (epochs=2)
[2026-07-26 03:41:20] 2026-07-26 02:12:57 | INFO     | KDClient 1 round 38 local training (epochs=4)
[2026-07-26 03:41:20] 2026-07-26 02:13:07 | INFO     | KDClient 1 round 38 completed (acc=0.8775, n=90)
[2026-07-26 03:41:20] 2026-07-26 02:13:07 | INFO     | KDClient 2 fit round 38 (tier=small)
[2026-07-26 03:41:20] 2026-07-26 02:13:07 | INFO     | KDClient 2 round 38 public KD (epochs=2)
[2026-07-26 03:41:20] 2026-07-26 02:13:20 | INFO     | KDClient 2 round 38 local training (epochs=4)
[2026-07-26 03:41:20] 2026-07-26 02:13:31 | INFO     | KDClient 2 round 38 completed (acc=0.9297, n=90)
[2026-07-26 03:41:20] 2026-07-26 02:13:31 | INFO     | KDClient 3 fit round 38 (tier=small)
[2026-07-26 03:41:20] 2026-07-26 02:13:31 | INFO     | KDClient 3 round 38 public KD (epochs=2)
[2026-07-26 03:41:20] 2026-07-26 02:13:44 | INFO     | KDClient 3 round 38 local training (epochs=4)
[2026-07-26 03:41:20] 2026-07-26 02:13:53 | INFO     | KDClient 3 round 38 completed (acc=0.9153, n=90)
[2026-07-26 03:41:20] 2026-07-26 02:13:53 | INFO     | KDClient 4 fit round 38 (tier=small)
[2026-07-26 03:41:20] 2026-07-26 02:13:53 | INFO     | KDClient 4 round 38 public KD (epochs=2)
[2026-07-26 03:41:20] 2026-07-26 02:14:05 | INFO     | KDClient 4 round 38 local training (epochs=4)
[2026-07-26 03:41:20] 2026-07-26 02:14:17 | INFO     | KDClient 4 round 38 completed (acc=0.9315, n=90)
[2026-07-26 03:41:20] 2026-07-26 02:14:17 | INFO     | KDClient 5 fit round 38 (tier=small)
[2026-07-26 03:41:20] 2026-07-26 02:14:18 | INFO     | KDClient 5 round 38 public KD (epochs=2)
[2026-07-26 03:41:20] 2026-07-26 02:14:31 | INFO     | KDClient 5 round 38 local training (epochs=4)
[2026-07-26 03:41:20] 2026-07-26 02:14:41 | INFO     | KDClient 5 round 38 completed (acc=0.8955, n=90)
[2026-07-26 03:41:20] 2026-07-26 02:14:41 | INFO     | KDClient 6 fit round 38 (tier=small)
[2026-07-26 03:41:20] 2026-07-26 02:14:41 | INFO     | KDClient 6 round 38 public KD (epochs=2)
[2026-07-26 03:41:20] 2026-07-26 02:14:54 | INFO     | KDClient 6 round 38 local training (epochs=4)
[2026-07-26 03:41:20] 2026-07-26 02:15:07 | INFO     | KDClient 6 round 38 completed (acc=0.9243, n=90)
[2026-07-26 03:41:20] 2026-07-26 02:15:07 | INFO     | KDClient 7 fit round 38 (tier=medium)
[2026-07-26 03:41:20] 2026-07-26 02:15:07 | INFO     | KDClient 7 round 38 public KD (epochs=2)
[2026-07-26 03:41:20] 2026-07-26 02:15:48 | INFO     | KDClient 7 round 38 local training (epochs=4)
[2026-07-26 03:41:20] 2026-07-26 02:16:20 | INFO     | KDClient 7 round 38 completed (acc=0.9351, n=90)
[2026-07-26 03:41:20] 2026-07-26 02:16:20 | INFO     | KDClient 8 fit round 38 (tier=medium)
[2026-07-26 03:41:20] 2026-07-26 02:16:20 | INFO     | KDClient 8 round 38 public KD (epochs=2)
[2026-07-26 03:41:20] 2026-07-26 02:17:02 | INFO     | KDClient 8 round 38 local training (epochs=4)
[2026-07-26 03:41:20] 2026-07-26 02:17:33 | INFO     | KDClient 8 round 38 completed (acc=0.9189, n=90)
[2026-07-26 03:41:20] 2026-07-26 02:17:33 | INFO     | KDClient 9 fit round 38 (tier=medium)
[2026-07-26 03:41:20] 2026-07-26 02:17:33 | INFO     | KDClient 9 round 38 public KD (epochs=2)
[2026-07-26 03:41:20] 2026-07-26 02:18:14 | INFO     | KDClient 9 round 38 local training (epochs=4)
[2026-07-26 03:41:20] 2026-07-26 02:18:42 | INFO     | KDClient 9 round 38 completed (acc=0.7964, n=90)
[2026-07-26 03:41:20] 2026-07-26 02:18:42 | INFO     | KDClient 10 fit round 38 (tier=medium)
[2026-07-26 03:41:20] 2026-07-26 02:18:42 | INFO     | KDClient 10 round 38 public KD (epochs=2)
[2026-07-26 03:41:20] 2026-07-26 02:19:18 | INFO     | KDClient 10 round 38 local training (epochs=4)
[2026-07-26 03:41:20] 2026-07-26 02:19:49 | INFO     | KDClient 10 round 38 completed (acc=0.9351, n=90)
[2026-07-26 03:41:20] 2026-07-26 02:19:49 | INFO     | KDClient 11 fit round 38 (tier=medium)
[2026-07-26 03:41:20] 2026-07-26 02:19:49 | INFO     | KDClient 11 round 38 public KD (epochs=2)
[2026-07-26 03:41:20] 2026-07-26 02:20:31 | INFO     | KDClient 11 round 38 local training (epochs=4)
[2026-07-26 03:41:20] 2026-07-26 02:20:54 | INFO     | KDClient 11 round 38 completed (acc=0.9027, n=90)
[2026-07-26 03:41:20] 2026-07-26 02:20:54 | INFO     | KDClient 12 fit round 38 (tier=medium)
[2026-07-26 03:41:20] 2026-07-26 02:20:54 | INFO     | KDClient 12 round 38 public KD (epochs=2)
[2026-07-26 03:41:20] 2026-07-26 02:21:34 | INFO     | KDClient 12 round 38 local training (epochs=4)
[2026-07-26 03:41:20] 2026-07-26 02:22:15 | INFO     | KDClient 12 round 38 completed (acc=0.9297, n=90)
[2026-07-26 03:41:20] 2026-07-26 02:22:15 | INFO     | KDClient 13 fit round 38 (tier=medium)
[2026-07-26 03:41:20] 2026-07-26 02:22:15 | INFO     | KDClient 13 round 38 public KD (epochs=2)
[2026-07-26 03:41:20] 2026-07-26 02:22:59 | INFO     | KDClient 13 round 38 local training (epochs=4)
[2026-07-26 03:41:20] 2026-07-26 02:23:32 | INFO     | KDClient 13 round 38 completed (acc=0.9279, n=90)
[2026-07-26 03:41:20] 2026-07-26 02:23:32 | INFO     | KDClient 14 fit round 38 (tier=large)
[2026-07-26 03:41:20] 2026-07-26 02:23:32 | INFO     | KDClient 14 round 38 public KD (epochs=2)
[2026-07-26 03:41:20] 2026-07-26 02:24:49 | INFO     | KDClient 14 round 38 local training (epochs=4)
[2026-07-26 03:41:20] 2026-07-26 02:25:44 | INFO     | KDClient 14 round 38 completed (acc=0.9207, n=90)
[2026-07-26 03:41:20] 2026-07-26 02:25:44 | INFO     | KDClient 15 fit round 38 (tier=large)
[2026-07-26 03:41:20] 2026-07-26 02:25:44 | INFO     | KDClient 15 round 38 public KD (epochs=2)
[2026-07-26 03:41:20] 2026-07-26 02:26:59 | INFO     | KDClient 15 round 38 local training (epochs=4)
[2026-07-26 03:41:20] 2026-07-26 02:27:50 | INFO     | KDClient 15 round 38 completed (acc=0.9243, n=90)
[2026-07-26 03:41:20] 2026-07-26 02:27:50 | INFO     | KDClient 16 fit round 38 (tier=large)
[2026-07-26 03:41:20] 2026-07-26 02:27:50 | INFO     | KDClient 16 round 38 public KD (epochs=2)
[2026-07-26 03:41:20] 2026-07-26 02:28:57 | INFO     | KDClient 16 round 38 local training (epochs=4)
[2026-07-26 03:41:20] 2026-07-26 02:29:47 | INFO     | KDClient 16 round 38 completed (acc=0.9099, n=90)
[2026-07-26 03:41:20] 2026-07-26 02:29:47 | INFO     | KDClient 17 fit round 38 (tier=large)
[2026-07-26 03:41:20] 2026-07-26 02:29:47 | INFO     | KDClient 17 round 38 public KD (epochs=2)
[2026-07-26 03:41:20] 2026-07-26 02:31:06 | INFO     | KDClient 17 round 38 local training (epochs=4)
[2026-07-26 03:41:20] 2026-07-26 02:32:20 | INFO     | KDClient 17 round 38 completed (acc=0.8432, n=90)
[2026-07-26 03:41:20] 2026-07-26 02:32:20 | INFO     | KDClient 18 fit round 38 (tier=large)
[2026-07-26 03:41:20] 2026-07-26 02:32:20 | INFO     | KDClient 18 round 38 public KD (epochs=2)
[2026-07-26 03:41:20] 2026-07-26 02:33:34 | INFO     | KDClient 18 round 38 local training (epochs=4)
[2026-07-26 03:41:20] 2026-07-26 02:34:39 | INFO     | KDClient 18 round 38 completed (acc=0.8018, n=90)
[2026-07-26 03:41:20] 2026-07-26 02:34:39 | INFO     | KDClient 19 fit round 38 (tier=large)
[2026-07-26 03:41:20] 2026-07-26 02:34:39 | INFO     | KDClient 19 round 38 public KD (epochs=2)
[2026-07-26 03:41:20] 2026-07-26 02:35:52 | INFO     | KDClient 19 round 38 local training (epochs=4)
[2026-07-26 03:41:20] 2026-07-26 02:36:55 | INFO     | KDClient 19 round 38 completed (acc=0.8991, n=90)
[2026-07-26 03:41:20] 2026-07-26 02:36:55 | INFO     | MKS — IID: round 38/50 aggregated 3 cluster weights
[2026-07-26 03:41:20]   Round  38/50 | Avg: 0.8986 | Min: 0.7964 | Max: 0.9351
[2026-07-26 03:41:20] 2026-07-26 02:36:55 | INFO     | MKS — IID: round 39/50 starting
[2026-07-26 03:41:20] 2026-07-26 02:36:55 | INFO     | KDClient 0 fit round 39 (tier=small)
[2026-07-26 03:41:20] 2026-07-26 02:36:55 | INFO     | KDClient 0 round 39 public KD (epochs=2)
[2026-07-26 03:41:20] 2026-07-26 02:37:09 | INFO     | KDClient 0 round 39 local training (epochs=4)
[2026-07-26 03:41:20] 2026-07-26 02:37:21 | INFO     | KDClient 0 round 39 completed (acc=0.8865, n=90)
[2026-07-26 03:41:20] 2026-07-26 02:37:21 | INFO     | KDClient 1 fit round 39 (tier=small)
[2026-07-26 03:41:20] 2026-07-26 02:37:21 | INFO     | KDClient 1 round 39 public KD (epochs=2)
[2026-07-26 03:41:20] 2026-07-26 02:37:35 | INFO     | KDClient 1 round 39 local training (epochs=4)
[2026-07-26 03:41:20] 2026-07-26 02:37:46 | INFO     | KDClient 1 round 39 completed (acc=0.8865, n=90)
[2026-07-26 03:41:20] 2026-07-26 02:37:46 | INFO     | KDClient 2 fit round 39 (tier=small)
[2026-07-26 03:41:20] 2026-07-26 02:37:46 | INFO     | KDClient 2 round 39 public KD (epochs=2)
[2026-07-26 03:41:20] 2026-07-26 02:38:03 | INFO     | KDClient 2 round 39 local training (epochs=4)
[2026-07-26 03:41:20] 2026-07-26 02:38:14 | INFO     | KDClient 2 round 39 completed (acc=0.9243, n=90)
[2026-07-26 03:41:20] 2026-07-26 02:38:14 | INFO     | KDClient 3 fit round 39 (tier=small)
[2026-07-26 03:41:20] 2026-07-26 02:38:14 | INFO     | KDClient 3 round 39 public KD (epochs=2)
[2026-07-26 03:41:20] 2026-07-26 02:38:26 | INFO     | KDClient 3 round 39 local training (epochs=4)
[2026-07-26 03:41:20] 2026-07-26 02:38:38 | INFO     | KDClient 3 round 39 completed (acc=0.9135, n=90)
[2026-07-26 03:41:20] 2026-07-26 02:38:38 | INFO     | KDClient 4 fit round 39 (tier=small)
[2026-07-26 03:41:20] 2026-07-26 02:38:38 | INFO     | KDClient 4 round 39 public KD (epochs=2)
[2026-07-26 03:41:20] 2026-07-26 02:38:55 | INFO     | KDClient 4 round 39 local training (epochs=4)
[2026-07-26 03:41:20] 2026-07-26 02:39:07 | INFO     | KDClient 4 round 39 completed (acc=0.9189, n=90)
[2026-07-26 03:41:20] 2026-07-26 02:39:07 | INFO     | KDClient 5 fit round 39 (tier=small)
[2026-07-26 03:41:20] 2026-07-26 02:39:07 | INFO     | KDClient 5 round 39 public KD (epochs=2)
[2026-07-26 03:41:20] 2026-07-26 02:39:25 | INFO     | KDClient 5 round 39 local training (epochs=4)
[2026-07-26 03:41:20] 2026-07-26 02:39:36 | INFO     | KDClient 5 round 39 completed (acc=0.8847, n=90)
[2026-07-26 03:41:20] 2026-07-26 02:39:36 | INFO     | KDClient 6 fit round 39 (tier=small)
[2026-07-26 03:41:20] 2026-07-26 02:39:36 | INFO     | KDClient 6 round 39 public KD (epochs=2)
[2026-07-26 03:41:20] 2026-07-26 02:39:54 | INFO     | KDClient 6 round 39 local training (epochs=4)
[2026-07-26 03:41:20] 2026-07-26 02:40:04 | INFO     | KDClient 6 round 39 completed (acc=0.9207, n=90)
[2026-07-26 03:41:20] 2026-07-26 02:40:04 | INFO     | KDClient 7 fit round 39 (tier=medium)
[2026-07-26 03:41:20] 2026-07-26 02:40:04 | INFO     | KDClient 7 round 39 public KD (epochs=2)
[2026-07-26 03:41:20] 2026-07-26 02:41:04 | INFO     | KDClient 7 round 39 local training (epochs=4)
[2026-07-26 03:41:20] 2026-07-26 02:41:37 | INFO     | KDClient 7 round 39 completed (acc=0.9207, n=90)
[2026-07-26 03:41:20] 2026-07-26 02:41:37 | INFO     | KDClient 8 fit round 39 (tier=medium)
[2026-07-26 03:41:20] 2026-07-26 02:41:37 | INFO     | KDClient 8 round 39 public KD (epochs=2)
[2026-07-26 03:41:20] 2026-07-26 02:42:18 | INFO     | KDClient 8 round 39 local training (epochs=4)
[2026-07-26 03:41:20] 2026-07-26 02:42:48 | INFO     | KDClient 8 round 39 completed (acc=0.9081, n=90)
[2026-07-26 03:41:20] 2026-07-26 02:42:48 | INFO     | KDClient 9 fit round 39 (tier=medium)
[2026-07-26 03:41:20] 2026-07-26 02:42:48 | INFO     | KDClient 9 round 39 public KD (epochs=2)
[2026-07-26 03:41:20] 2026-07-26 02:43:29 | INFO     | KDClient 9 round 39 local training (epochs=4)
[2026-07-26 03:41:20] 2026-07-26 02:44:01 | INFO     | KDClient 9 round 39 completed (acc=0.8667, n=90)
[2026-07-26 03:41:20] 2026-07-26 02:44:01 | INFO     | KDClient 10 fit round 39 (tier=medium)
[2026-07-26 03:41:20] 2026-07-26 02:44:01 | INFO     | KDClient 10 round 39 public KD (epochs=2)
[2026-07-26 03:41:20] 2026-07-26 02:44:43 | INFO     | KDClient 10 round 39 local training (epochs=4)
[2026-07-26 03:41:20] 2026-07-26 02:45:16 | INFO     | KDClient 10 round 39 completed (acc=0.9297, n=90)
[2026-07-26 03:41:20] 2026-07-26 02:45:16 | INFO     | KDClient 11 fit round 39 (tier=medium)
[2026-07-26 03:41:20] 2026-07-26 02:45:16 | INFO     | KDClient 11 round 39 public KD (epochs=2)
[2026-07-26 03:41:20] 2026-07-26 02:45:56 | INFO     | KDClient 11 round 39 local training (epochs=4)
[2026-07-26 03:41:20] 2026-07-26 02:46:29 | INFO     | KDClient 11 round 39 completed (acc=0.9315, n=90)
[2026-07-26 03:41:20] 2026-07-26 02:46:29 | INFO     | KDClient 12 fit round 39 (tier=medium)
[2026-07-26 03:41:20] 2026-07-26 02:46:29 | INFO     | KDClient 12 round 39 public KD (epochs=2)
[2026-07-26 03:41:20] 2026-07-26 02:47:11 | INFO     | KDClient 12 round 39 local training (epochs=4)
[2026-07-26 03:41:20] 2026-07-26 02:47:48 | INFO     | KDClient 12 round 39 completed (acc=0.9081, n=90)
[2026-07-26 03:41:20] 2026-07-26 02:47:48 | INFO     | KDClient 13 fit round 39 (tier=medium)
[2026-07-26 03:41:20] 2026-07-26 02:47:48 | INFO     | KDClient 13 round 39 public KD (epochs=2)
[2026-07-26 03:41:20] 2026-07-26 02:48:36 | INFO     | KDClient 13 round 39 local training (epochs=4)
[2026-07-26 03:41:20] 2026-07-26 02:49:10 | INFO     | KDClient 13 round 39 completed (acc=0.9279, n=90)
[2026-07-26 03:41:20] 2026-07-26 02:49:10 | INFO     | KDClient 14 fit round 39 (tier=large)
[2026-07-26 03:41:20] 2026-07-26 02:49:10 | INFO     | KDClient 14 round 39 public KD (epochs=2)
[2026-07-26 03:41:20] 2026-07-26 02:50:29 | INFO     | KDClient 14 round 39 local training (epochs=4)
[2026-07-26 03:41:20] 2026-07-26 02:51:43 | INFO     | KDClient 14 round 39 completed (acc=0.9333, n=90)
[2026-07-26 03:41:20] 2026-07-26 02:51:43 | INFO     | KDClient 15 fit round 39 (tier=large)
[2026-07-26 03:41:20] 2026-07-26 02:51:43 | INFO     | KDClient 15 round 39 public KD (epochs=2)
[2026-07-26 03:41:20] 2026-07-26 02:53:05 | INFO     | KDClient 15 round 39 local training (epochs=4)
[2026-07-26 03:41:20] 2026-07-26 02:54:00 | INFO     | KDClient 15 round 39 completed (acc=0.9189, n=90)
[2026-07-26 03:41:20] 2026-07-26 02:54:00 | INFO     | KDClient 16 fit round 39 (tier=large)
[2026-07-26 03:41:20] 2026-07-26 02:54:00 | INFO     | KDClient 16 round 39 public KD (epochs=2)
[2026-07-26 03:41:20] 2026-07-26 02:55:12 | INFO     | KDClient 16 round 39 local training (epochs=4)
[2026-07-26 03:41:20] 2026-07-26 02:56:12 | INFO     | KDClient 16 round 39 completed (acc=0.9045, n=90)
[2026-07-26 03:41:20] 2026-07-26 02:56:12 | INFO     | KDClient 17 fit round 39 (tier=large)
[2026-07-26 03:41:20] 2026-07-26 02:56:12 | INFO     | KDClient 17 round 39 public KD (epochs=2)
[2026-07-26 03:41:20] 2026-07-26 02:57:30 | INFO     | KDClient 17 round 39 local training (epochs=4)
[2026-07-26 03:41:20] 2026-07-26 02:58:31 | INFO     | KDClient 17 round 39 completed (acc=0.8811, n=90)
[2026-07-26 03:41:20] 2026-07-26 02:58:31 | INFO     | KDClient 18 fit round 39 (tier=large)
[2026-07-26 03:41:20] 2026-07-26 02:58:31 | INFO     | KDClient 18 round 39 public KD (epochs=2)
[2026-07-26 03:41:20] 2026-07-26 02:59:37 | INFO     | KDClient 18 round 39 local training (epochs=4)
[2026-07-26 03:41:20] 2026-07-26 03:00:29 | INFO     | KDClient 18 round 39 completed (acc=0.8360, n=90)
[2026-07-26 03:41:20] 2026-07-26 03:00:29 | INFO     | KDClient 19 fit round 39 (tier=large)
[2026-07-26 03:41:20] 2026-07-26 03:00:29 | INFO     | KDClient 19 round 39 public KD (epochs=2)
[2026-07-26 03:41:20] 2026-07-26 03:01:43 | INFO     | KDClient 19 round 39 local training (epochs=4)
[2026-07-26 03:41:20] 2026-07-26 03:02:38 | INFO     | KDClient 19 round 39 completed (acc=0.8811, n=90)
[2026-07-26 03:41:20] 2026-07-26 03:02:38 | INFO     | MKS — IID: round 39/50 aggregated 3 cluster weights
[2026-07-26 03:41:20]   Round  39/50 | Avg: 0.9041 | Min: 0.8360 | Max: 0.9333
[2026-07-26 03:41:20] 2026-07-26 03:02:38 | INFO     | MKS — IID: round 40/50 starting
[2026-07-26 03:41:20] 2026-07-26 03:02:38 | INFO     | KDClient 0 fit round 40 (tier=small)
[2026-07-26 03:41:20] 2026-07-26 03:02:38 | INFO     | KDClient 0 round 40 public KD (epochs=2)
[2026-07-26 03:41:20] 2026-07-26 03:02:51 | INFO     | KDClient 0 round 40 local training (epochs=4)
[2026-07-26 03:41:20] 2026-07-26 03:03:03 | INFO     | KDClient 0 round 40 completed (acc=0.9297, n=90)
[2026-07-26 03:41:20] 2026-07-26 03:03:03 | INFO     | KDClient 1 fit round 40 (tier=small)
[2026-07-26 03:41:20] 2026-07-26 03:03:03 | INFO     | KDClient 1 round 40 public KD (epochs=2)
[2026-07-26 03:41:20] 2026-07-26 03:03:21 | INFO     | KDClient 1 round 40 local training (epochs=4)
[2026-07-26 03:41:20] 2026-07-26 03:03:31 | INFO     | KDClient 1 round 40 completed (acc=0.9315, n=90)
[2026-07-26 03:41:20] 2026-07-26 03:03:31 | INFO     | KDClient 2 fit round 40 (tier=small)
[2026-07-26 03:41:20] 2026-07-26 03:03:31 | INFO     | KDClient 2 round 40 public KD (epochs=2)
[2026-07-26 03:41:20] 2026-07-26 03:03:44 | INFO     | KDClient 2 round 40 local training (epochs=4)
[2026-07-26 03:41:20] 2026-07-26 03:03:56 | INFO     | KDClient 2 round 40 completed (acc=0.9279, n=90)
[2026-07-26 03:41:20] 2026-07-26 03:03:56 | INFO     | KDClient 3 fit round 40 (tier=small)
[2026-07-26 03:41:20] 2026-07-26 03:03:56 | INFO     | KDClient 3 round 40 public KD (epochs=2)
[2026-07-26 03:41:20] 2026-07-26 03:04:08 | INFO     | KDClient 3 round 40 local training (epochs=4)
[2026-07-26 03:41:20] 2026-07-26 03:04:18 | INFO     | KDClient 3 round 40 completed (acc=0.9099, n=90)
[2026-07-26 03:41:20] 2026-07-26 03:04:18 | INFO     | KDClient 4 fit round 40 (tier=small)
[2026-07-26 03:41:20] 2026-07-26 03:04:18 | INFO     | KDClient 4 round 40 public KD (epochs=2)
[2026-07-26 03:41:20] 2026-07-26 03:04:31 | INFO     | KDClient 4 round 40 local training (epochs=4)
[2026-07-26 03:41:20] 2026-07-26 03:04:43 | INFO     | KDClient 4 round 40 completed (acc=0.9315, n=90)
[2026-07-26 03:41:20] 2026-07-26 03:04:43 | INFO     | KDClient 5 fit round 40 (tier=small)
[2026-07-26 03:41:20] 2026-07-26 03:04:43 | INFO     | KDClient 5 round 40 public KD (epochs=2)
[2026-07-26 03:41:20] 2026-07-26 03:05:00 | INFO     | KDClient 5 round 40 local training (epochs=4)
[2026-07-26 03:41:20] 2026-07-26 03:05:14 | INFO     | KDClient 5 round 40 completed (acc=0.8631, n=90)
[2026-07-26 03:41:20] 2026-07-26 03:05:14 | INFO     | KDClient 6 fit round 40 (tier=small)
[2026-07-26 03:41:20] 2026-07-26 03:05:14 | INFO     | KDClient 6 round 40 public KD (epochs=2)
[2026-07-26 03:41:20] 2026-07-26 03:05:27 | INFO     | KDClient 6 round 40 local training (epochs=4)
[2026-07-26 03:41:20] 2026-07-26 03:05:37 | INFO     | KDClient 6 round 40 completed (acc=0.9153, n=90)
[2026-07-26 03:41:20] 2026-07-26 03:05:37 | INFO     | KDClient 7 fit round 40 (tier=medium)
[2026-07-26 03:41:20] 2026-07-26 03:05:37 | INFO     | KDClient 7 round 40 public KD (epochs=2)
[2026-07-26 03:41:20] 2026-07-26 03:06:16 | INFO     | KDClient 7 round 40 local training (epochs=4)
[2026-07-26 03:41:20] 2026-07-26 03:06:46 | INFO     | KDClient 7 round 40 completed (acc=0.9279, n=90)
[2026-07-26 03:41:20] 2026-07-26 03:06:46 | INFO     | KDClient 8 fit round 40 (tier=medium)
[2026-07-26 03:41:20] 2026-07-26 03:06:46 | INFO     | KDClient 8 round 40 public KD (epochs=2)
[2026-07-26 03:41:20] 2026-07-26 03:07:26 | INFO     | KDClient 8 round 40 local training (epochs=4)
[2026-07-26 03:41:20] 2026-07-26 03:07:54 | INFO     | KDClient 8 round 40 completed (acc=0.9027, n=90)
[2026-07-26 03:41:20] 2026-07-26 03:07:54 | INFO     | KDClient 9 fit round 40 (tier=medium)
[2026-07-26 03:41:20] 2026-07-26 03:07:54 | INFO     | KDClient 9 round 40 public KD (epochs=2)
[2026-07-26 03:41:20] 2026-07-26 03:08:34 | INFO     | KDClient 9 round 40 local training (epochs=4)
[2026-07-26 03:41:20] 2026-07-26 03:09:13 | INFO     | KDClient 9 round 40 completed (acc=0.8162, n=90)
[2026-07-26 03:41:20] 2026-07-26 03:09:13 | INFO     | KDClient 10 fit round 40 (tier=medium)
[2026-07-26 03:41:20] 2026-07-26 03:09:13 | INFO     | KDClient 10 round 40 public KD (epochs=2)
[2026-07-26 03:41:20] 2026-07-26 03:09:57 | INFO     | KDClient 10 round 40 local training (epochs=4)
[2026-07-26 03:41:20] 2026-07-26 03:10:29 | INFO     | KDClient 10 round 40 completed (acc=0.9207, n=90)
[2026-07-26 03:41:20] 2026-07-26 03:10:29 | INFO     | KDClient 11 fit round 40 (tier=medium)
[2026-07-26 03:41:20] 2026-07-26 03:10:29 | INFO     | KDClient 11 round 40 public KD (epochs=2)
[2026-07-26 03:41:20] 2026-07-26 03:11:11 | INFO     | KDClient 11 round 40 local training (epochs=4)
[2026-07-26 03:41:20] 2026-07-26 03:11:43 | INFO     | KDClient 11 round 40 completed (acc=0.9369, n=90)
[2026-07-26 03:41:20] 2026-07-26 03:11:43 | INFO     | KDClient 12 fit round 40 (tier=medium)
[2026-07-26 03:41:20] 2026-07-26 03:11:43 | INFO     | KDClient 12 round 40 public KD (epochs=2)
[2026-07-26 03:41:20] 2026-07-26 03:12:22 | INFO     | KDClient 12 round 40 local training (epochs=4)
[2026-07-26 03:41:20] 2026-07-26 03:12:59 | INFO     | KDClient 12 round 40 completed (acc=0.9279, n=90)
[2026-07-26 03:41:20] 2026-07-26 03:12:59 | INFO     | KDClient 13 fit round 40 (tier=medium)
[2026-07-26 03:41:20] 2026-07-26 03:12:59 | INFO     | KDClient 13 round 40 public KD (epochs=2)
[2026-07-26 03:41:20] 2026-07-26 03:13:47 | INFO     | KDClient 13 round 40 local training (epochs=4)
[2026-07-26 03:41:20] 2026-07-26 03:14:23 | INFO     | KDClient 13 round 40 completed (acc=0.9315, n=90)
[2026-07-26 03:41:20] 2026-07-26 03:14:23 | INFO     | KDClient 14 fit round 40 (tier=large)
[2026-07-26 03:41:20] 2026-07-26 03:14:23 | INFO     | KDClient 14 round 40 public KD (epochs=2)
[2026-07-26 03:41:20] 2026-07-26 03:15:39 | INFO     | KDClient 14 round 40 local training (epochs=4)
[2026-07-26 03:41:20] 2026-07-26 03:16:30 | INFO     | KDClient 14 round 40 completed (acc=0.9261, n=90)
[2026-07-26 03:41:20] 2026-07-26 03:16:30 | INFO     | KDClient 15 fit round 40 (tier=large)
[2026-07-26 03:41:20] 2026-07-26 03:16:30 | INFO     | KDClient 15 round 40 public KD (epochs=2)
[2026-07-26 03:41:20] 2026-07-26 03:17:51 | INFO     | KDClient 15 round 40 local training (epochs=4)
[2026-07-26 03:41:20] 2026-07-26 03:18:44 | INFO     | KDClient 15 round 40 completed (acc=0.9225, n=90)
[2026-07-26 03:41:20] 2026-07-26 03:18:44 | INFO     | KDClient 16 fit round 40 (tier=large)
[2026-07-26 03:41:20] 2026-07-26 03:18:44 | INFO     | KDClient 16 round 40 public KD (epochs=2)
[2026-07-26 03:41:20] 2026-07-26 03:19:59 | INFO     | KDClient 16 round 40 local training (epochs=4)
[2026-07-26 03:41:20] 2026-07-26 03:20:46 | INFO     | KDClient 16 round 40 completed (acc=0.8829, n=90)
[2026-07-26 03:41:20] 2026-07-26 03:20:46 | INFO     | KDClient 17 fit round 40 (tier=large)
[2026-07-26 03:41:20] 2026-07-26 03:20:46 | INFO     | KDClient 17 round 40 public KD (epochs=2)
[2026-07-26 03:41:20] 2026-07-26 03:21:58 | INFO     | KDClient 17 round 40 local training (epochs=4)
[2026-07-26 03:41:20] 2026-07-26 03:22:52 | INFO     | KDClient 17 round 40 completed (acc=0.8613, n=90)
[2026-07-26 03:41:20] 2026-07-26 03:22:52 | INFO     | KDClient 18 fit round 40 (tier=large)
[2026-07-26 03:41:20] 2026-07-26 03:22:52 | INFO     | KDClient 18 round 40 public KD (epochs=2)
[2026-07-26 03:41:20] 2026-07-26 03:24:07 | INFO     | KDClient 18 round 40 local training (epochs=4)
[2026-07-26 03:41:20] 2026-07-26 03:25:07 | INFO     | KDClient 18 round 40 completed (acc=0.7982, n=90)
[2026-07-26 03:41:20] 2026-07-26 03:25:07 | INFO     | KDClient 19 fit round 40 (tier=large)
[2026-07-26 03:41:20] 2026-07-26 03:25:07 | INFO     | KDClient 19 round 40 public KD (epochs=2)
[2026-07-26 03:41:20] 2026-07-26 03:26:22 | INFO     | KDClient 19 round 40 local training (epochs=4)
[2026-07-26 03:41:20] 2026-07-26 03:27:24 | INFO     | KDClient 19 round 40 completed (acc=0.9063, n=90)
[2026-07-26 03:41:20] 2026-07-26 03:27:24 | INFO     | MKS — IID: round 40/50 aggregated 3 cluster weights
[2026-07-26 03:41:20]   Round  40/50 | Avg: 0.9035 | Min: 0.7982 | Max: 0.9369
[2026-07-26 03:41:20] 2026-07-26 03:27:24 | INFO     | MKS — IID: round 41/50 starting
[2026-07-26 03:41:20] 2026-07-26 03:27:24 | INFO     | KDClient 0 fit round 41 (tier=small)
[2026-07-26 03:41:20] 2026-07-26 03:27:24 | INFO     | KDClient 0 round 41 public KD (epochs=2)
[2026-07-26 03:41:20] 2026-07-26 03:27:45 | INFO     | KDClient 0 round 41 local training (epochs=4)
[2026-07-26 03:41:20] 2026-07-26 03:28:00 | INFO     | KDClient 0 round 41 completed (acc=0.9279, n=90)
[2026-07-26 03:41:20] 2026-07-26 03:28:00 | INFO     | KDClient 1 fit round 41 (tier=small)
[2026-07-26 03:41:20] 2026-07-26 03:28:00 | INFO     | KDClient 1 round 41 public KD (epochs=2)
[2026-07-26 03:41:20] 2026-07-26 03:28:14 | INFO     | KDClient 1 round 41 local training (epochs=4)
[2026-07-26 03:41:20] 2026-07-26 03:28:28 | INFO     | KDClient 1 round 41 completed (acc=0.9153, n=90)
[2026-07-26 03:41:20] 2026-07-26 03:28:28 | INFO     | KDClient 2 fit round 41 (tier=small)
[2026-07-26 03:41:20] 2026-07-26 03:28:28 | INFO     | KDClient 2 round 41 public KD (epochs=2)
[2026-07-26 03:41:20] 2026-07-26 03:28:41 | INFO     | KDClient 2 round 41 local training (epochs=4)
[2026-07-26 03:41:20] 2026-07-26 03:28:51 | INFO     | KDClient 2 round 41 completed (acc=0.9225, n=90)
[2026-07-26 03:41:20] 2026-07-26 03:28:51 | INFO     | KDClient 3 fit round 41 (tier=small)
[2026-07-26 03:41:20] 2026-07-26 03:28:51 | INFO     | KDClient 3 round 41 public KD (epochs=2)
[2026-07-26 03:41:20] 2026-07-26 03:29:04 | INFO     | KDClient 3 round 41 local training (epochs=4)
[2026-07-26 03:41:20] 2026-07-26 03:29:15 | INFO     | KDClient 3 round 41 completed (acc=0.9135, n=90)
[2026-07-26 03:41:20] 2026-07-26 03:29:15 | INFO     | KDClient 4 fit round 41 (tier=small)
[2026-07-26 03:41:20] 2026-07-26 03:29:15 | INFO     | KDClient 4 round 41 public KD (epochs=2)
[2026-07-26 03:41:20] 2026-07-26 03:29:28 | INFO     | KDClient 4 round 41 local training (epochs=4)
[2026-07-26 03:41:20] 2026-07-26 03:29:39 | INFO     | KDClient 4 round 41 completed (acc=0.9279, n=90)
[2026-07-26 03:41:20] 2026-07-26 03:29:39 | INFO     | KDClient 5 fit round 41 (tier=small)
[2026-07-26 03:41:20] 2026-07-26 03:29:39 | INFO     | KDClient 5 round 41 public KD (epochs=2)
[2026-07-26 03:41:20] 2026-07-26 03:29:52 | INFO     | KDClient 5 round 41 local training (epochs=4)
[2026-07-26 03:41:20] 2026-07-26 03:30:01 | INFO     | KDClient 5 round 41 completed (acc=0.8991, n=90)
[2026-07-26 03:41:20] 2026-07-26 03:30:01 | INFO     | KDClient 6 fit round 41 (tier=small)
[2026-07-26 03:41:20] 2026-07-26 03:30:01 | INFO     | KDClient 6 round 41 public KD (epochs=2)
[2026-07-26 03:41:20] 2026-07-26 03:30:14 | INFO     | KDClient 6 round 41 local training (epochs=4)
[2026-07-26 03:41:20] 2026-07-26 03:30:25 | INFO     | KDClient 6 round 41 completed (acc=0.9099, n=90)
[2026-07-26 03:41:20] 2026-07-26 03:30:25 | INFO     | KDClient 7 fit round 41 (tier=medium)
[2026-07-26 03:41:20] 2026-07-26 03:30:25 | INFO     | KDClient 7 round 41 public KD (epochs=2)
[2026-07-26 03:41:20] 2026-07-26 03:31:07 | INFO     | KDClient 7 round 41 local training (epochs=4)
[2026-07-26 03:41:20] 2026-07-26 03:31:37 | INFO     | KDClient 7 round 41 completed (acc=0.9297, n=90)
[2026-07-26 03:41:20] 2026-07-26 03:31:37 | INFO     | KDClient 8 fit round 41 (tier=medium)
[2026-07-26 03:41:20] 2026-07-26 03:31:37 | INFO     | KDClient 8 round 41 public KD (epochs=2)
[2026-07-26 03:41:20] 2026-07-26 03:32:19 | INFO     | KDClient 8 round 41 local training (epochs=4)
[2026-07-26 03:41:20] 2026-07-26 03:32:51 | INFO     | KDClient 8 round 41 completed (acc=0.8991, n=90)
[2026-07-26 03:41:20] 2026-07-26 03:32:51 | INFO     | KDClient 9 fit round 41 (tier=medium)
[2026-07-26 03:41:20] 2026-07-26 03:32:51 | INFO     | KDClient 9 round 41 public KD (epochs=2)
[2026-07-26 03:41:20] 2026-07-26 03:33:32 | INFO     | KDClient 9 round 41 local training (epochs=4)
[2026-07-26 03:41:20] 2026-07-26 03:34:03 | INFO     | KDClient 9 round 41 completed (acc=0.8883, n=90)
[2026-07-26 03:41:20] 2026-07-26 03:34:03 | INFO     | KDClient 10 fit round 41 (tier=medium)
[2026-07-26 03:41:20] 2026-07-26 03:34:03 | INFO     | KDClient 10 round 41 public KD (epochs=2)
[2026-07-26 03:41:20] 2026-07-26 03:34:47 | INFO     | KDClient 10 round 41 local training (epochs=4)
[2026-07-26 03:41:20] 2026-07-26 03:35:14 | INFO     | KDClient 10 round 41 completed (acc=0.7550, n=90)
[2026-07-26 03:41:20] 2026-07-26 03:35:14 | INFO     | KDClient 11 fit round 41 (tier=medium)
[2026-07-26 03:41:20] 2026-07-26 03:35:14 | INFO     | KDClient 11 round 41 public KD (epochs=2)
[2026-07-26 03:41:20] 2026-07-26 03:35:46 | INFO     | KDClient 11 round 41 local training (epochs=4)
[2026-07-26 03:41:20] 2026-07-26 03:36:18 | INFO     | KDClient 11 round 41 completed (acc=0.9333, n=90)
[2026-07-26 03:41:20] 2026-07-26 03:36:18 | INFO     | KDClient 12 fit round 41 (tier=medium)
[2026-07-26 03:41:20] 2026-07-26 03:36:18 | INFO     | KDClient 12 round 41 public KD (epochs=2)
[2026-07-26 03:41:20] 2026-07-26 03:37:00 | INFO     | KDClient 12 round 41 local training (epochs=4)
[2026-07-26 03:41:20] 2026-07-26 03:37:35 | INFO     | KDClient 12 round 41 completed (acc=0.9261, n=90)
[2026-07-26 03:41:20] 2026-07-26 03:37:35 | INFO     | KDClient 13 fit round 41 (tier=medium)
[2026-07-26 03:41:20] 2026-07-26 03:37:35 | INFO     | KDClient 13 round 41 public KD (epochs=2)
[2026-07-26 03:41:20] 2026-07-26 03:38:27 | INFO     | KDClient 13 round 41 local training (epochs=4)
[2026-07-26 03:41:20] 2026-07-26 03:39:01 | INFO     | KDClient 13 round 41 completed (acc=0.9279, n=90)
[2026-07-26 03:41:20] 2026-07-26 03:39:01 | INFO     | KDClient 14 fit round 41 (tier=large)
[2026-07-26 03:41:20] 2026-07-26 03:39:01 | INFO     | KDClient 14 round 41 public KD (epochs=2)
[2026-07-26 03:41:20] 2026-07-26 03:40:22 | INFO     | KDClient 14 round 41 local training (epochs=4)
