[2026-07-25 11:19:07] ============================================================
[2026-07-25 11:19:07]   JOB START   : home_occupancy_fedmd_uniform
[2026-07-25 11:19:07]   PID         : 1673768
[2026-07-25 11:19:07]   Log         : /home/gad/Desktop/HomeSenseKD/logs/phase1/home_occupancy_fedmd_uniform.log
[2026-07-25 11:19:07]   Results dir : /home/gad/Desktop/HomeSenseKD/results/phase1
[2026-07-25 11:19:07]   Fig dir     : /home/gad/Desktop/HomeSenseKD/results/phase1/figures
[2026-07-25 11:19:07]   Cmd         : /home/gad/Desktop/HomeSenseKD/myenv/bin/python /home/gad/Desktop/HomeSenseKD/run_fedkd.py \
[2026-07-25 11:19:07]                   --config /home/gad/Desktop/HomeSenseKD/config/home_occupancy.yaml \
[2026-07-25 11:19:07]                   --algorithm fedmd --heterogeneity uniform \
[2026-07-25 11:19:07]                   --override experiment.results_dir=/home/gad/Desktop/HomeSenseKD/results/phase1 \
[2026-07-25 11:19:07]                              experiment.fig_dir=/home/gad/Desktop/HomeSenseKD/results/phase1/figures
[2026-07-25 11:19:07] ============================================================
[2026-07-26 03:48:36] WARNING: All log messages before absl::InitializeLog() is called are written to STDERR
[2026-07-26 03:48:36] I0000 00:00:1784992747.970255 1673824 port.cc:153] oneDNN custom operations are on. You may see slightly different numerical results due to floating-point round-off errors from different computation orders. To turn them off, set the environment variable `TF_ENABLE_ONEDNN_OPTS=0`.
[2026-07-26 03:48:36] I0000 00:00:1784992747.972689 1673824 cudart_stub.cc:31] Could not find cuda drivers on your machine, GPU will not be used.
[2026-07-26 03:48:36] I0000 00:00:1784992748.191098 1673824 cpu_feature_guard.cc:227] This TensorFlow binary is optimized to use available CPU instructions in performance-critical operations.
[2026-07-26 03:48:36] To enable the following instructions: AVX2 AVX_VNNI FMA, in other operations, rebuild TensorFlow with the appropriate compiler flags.
[2026-07-26 03:48:36] WARNING: All log messages before absl::InitializeLog() is called are written to STDERR
[2026-07-26 03:48:36] I0000 00:00:1784992749.190107 1673824 port.cc:153] oneDNN custom operations are on. You may see slightly different numerical results due to floating-point round-off errors from different computation orders. To turn them off, set the environment variable `TF_ENABLE_ONEDNN_OPTS=0`.
[2026-07-26 03:48:36] I0000 00:00:1784992749.191499 1673824 cudart_stub.cc:31] Could not find cuda drivers on your machine, GPU will not be used.
[2026-07-26 03:48:36] 2026-07-25 11:19:10 | INFO     | Experiment started: fedkd_experiment
[2026-07-26 03:48:36] 2026-07-25 11:19:10 | INFO     | Configuration: {"algorithms": ["fedmd", "fedakd", "mks", "fedavg", "fedprox", "local", "central"], "data": {"dataset": "home_occupancy", "dirichlet_alpha": 0.5, "n_classes": 3, "n_parties": 20, "n_samples_per_class": 30, "n_stft_bins": 8, "public_dataset": "home_har", "settings": ["iid", "noniid"], "window_size": 1500}, "experiment": {"fig_dir": "/home/gad/Desktop/HomeSenseKD/results/phase1/figures", "log_dir": "logs", "name": "fedkd_experiment", "results_dir": "/home/gad/Desktop/HomeSenseKD/results/phase1", "seeds": [42, 123, 456]}, "federated": {"fedprox_mu": 0.01, "kd_epochs": 2, "local_epochs": 4, "n_alignment": 10000, "n_rounds": 50}, "models": {"distributions": {"all_small": [1.0, 0.0, 0.0], "skewed": [0.6, 0.3, 0.1], "uniform": [0.35, 0.35, 0.3]}, "heterogeneity": "uniform"}}
[2026-07-26 03:48:36]   Saved tiers_home_occupancy_uniform.png
[2026-07-26 03:48:36] =================================================================
[2026-07-26 03:48:36]   Dataset    : home_occupancy  (public: home_har)
[2026-07-26 03:48:36]   Algorithms : ['fedmd']
[2026-07-26 03:48:36]   Heterogen. : uniform  ->  ['small', 'small', 'small', 'small', 'small', 'small']...
[2026-07-26 03:48:36]   Seeds      : [42, 123, 456]
[2026-07-26 03:48:36]   Settings   : ['iid', 'noniid']
[2026-07-26 03:48:36] =================================================================
[2026-07-26 03:48:36] 2026-07-25 11:19:10 | INFO     | run_multiseed: seed=42  algo=fedmd  dataset=home_occupancy  hetero=uniform
[2026-07-26 03:48:36] 
[2026-07-26 03:48:36] [seed=42]  FEDMD  dataset=home_occupancy  hetero=uniform
[2026-07-26 03:48:36] 2026-07-25 11:19:10 | INFO     | Loading target dataset: 'home_occupancy'  public dataset: 'home_har'
[2026-07-26 03:48:36] 2026-07-25 11:19:10 | INFO     | Input shape: (1500, 12)  is_image: False
[2026-07-26 03:48:36] Warning: You are sending unauthenticated requests to the HF Hub. Please set a HF_TOKEN to enable higher rate limits and faster downloads.
[2026-07-26 03:48:36] Loading HomeOccupancy...
[2026-07-26 03:48:36]   empty_1: 192
[2026-07-26 03:48:36]   empty_2: 183
[2026-07-26 03:48:36]   empty_3 test: 181
[2026-07-26 03:48:36]   sleep_1: 191
[2026-07-26 03:48:36]   sleep_2: 189
[2026-07-26 03:48:36]   sleep_3 test: 181
[2026-07-26 03:48:36]   work_1: 118
[2026-07-26 03:48:36]   work_2: 175
[2026-07-26 03:48:36]   work_3 test: 193
[2026-07-26 03:48:36]   -> 1048 train, 555 test
[2026-07-26 03:48:36] Loading HomeHAR...
[2026-07-26 03:48:36]   data1/drink.csv: 210
[2026-07-26 03:48:36]   data1/eat.csv: 198
[2026-07-26 03:48:36]   data1/empty.csv: 190
[2026-07-26 03:48:36]   data1/sleep.csv: 199
[2026-07-26 03:48:36]   data1/smoke.csv: 198
[2026-07-26 03:48:36]   data1/watch.csv: 190
[2026-07-26 03:48:36]   data1/work.csv: 190
[2026-07-26 03:48:36]   -> 1375 public
[2026-07-26 03:48:36] 2026-07-25 11:20:45 | INFO     | Dataset loaded: x_train=(1048, 1500, 12)  y_train=(1048,)  x_test=(555, 1500, 12)  x_public=(1375, 1500, 12)
[2026-07-26 03:48:36] 2026-07-25 11:20:45 | INFO     | Partitioning data: n_classes=3 n_parties=20 iid_spc=30 alpha=0.500
[2026-07-26 03:48:36] 2026-07-25 11:20:45 | INFO     | run_one_algo: algorithm=fedmd  settings=['iid', 'noniid']
[2026-07-26 03:48:36] 2026-07-25 11:20:45 | INFO     | run_one_algo: algorithm=fedmd  setting=iid
[2026-07-26 03:48:36] 2026-07-25 11:20:45 | INFO     | Building 20 client models for algo=fedmd  tiers=['small', 'small', 'small', 'small', 'small', 'small', 'small', 'medium', 'medium', 'medium', 'medium', 'medium', 'medium', 'medium', 'large', 'large', 'large', 'large', 'large', 'large']
[2026-07-26 03:48:36] E0000 00:00:1784992845.301240 1673824 cuda_platform.cc:52] failed call to cuInit: INTERNAL: CUDA error: Failed call to cuInit: CUDA_ERROR_COMPAT_NOT_SUPPORTED_ON_DEVICE: forward compatibility was attempted on non supported HW
[2026-07-26 03:48:36] I0000 00:00:1784992845.301262 1673824 cuda_diagnostics.cc:171] verbose logging is disabled. Rerun with verbose logging (usually --v=1 or --vmodule=cuda_diagnostics=1) to get more diagnostic output from this module
[2026-07-26 03:48:36] I0000 00:00:1784992845.301263 1673824 cuda_diagnostics.cc:176] retrieving CUDA diagnostic information for host: gad-XPS-8960
[2026-07-26 03:48:36] I0000 00:00:1784992845.301265 1673824 cuda_diagnostics.cc:183] hostname: gad-XPS-8960
[2026-07-26 03:48:36] I0000 00:00:1784992845.301346 1673824 cuda_diagnostics.cc:190] libcuda reported version is: 580.173.2
[2026-07-26 03:48:36] I0000 00:00:1784992845.301357 1673824 cuda_diagnostics.cc:194] kernel reported version is: 580.159.3
[2026-07-26 03:48:36] E0000 00:00:1784992845.301358 1673824 cuda_diagnostics.cc:287] kernel version 580.159.3 does not match DSO version 580.173.2 -- cannot find working devices in this configuration
[2026-07-26 03:48:36] 2026-07-25 11:20:46 | INFO     | Starting FEDMD — IID (50 rounds, 20 clients)
[2026-07-26 03:48:36] 
[2026-07-26 03:48:36] =================================================================
[2026-07-26 03:48:36]   FEDMD — IID
[2026-07-26 03:48:36] =================================================================
[2026-07-26 03:48:36] 2026-07-25 11:20:46 | INFO     | FEDMD — IID: round 1/50 starting
[2026-07-26 03:48:36] 2026-07-25 11:20:46 | INFO     | KDClient 0 fit round 1 (tier=small)
[2026-07-26 03:48:36] 2026-07-25 11:20:46 | INFO     | KDClient 0 round 1 local training (epochs=4)
[2026-07-26 03:48:36] 2026-07-25 11:20:56 | INFO     | KDClient 0 round 1 completed (acc=0.5279, n=90)
[2026-07-26 03:48:36] 2026-07-25 11:20:56 | INFO     | KDClient 1 fit round 1 (tier=small)
[2026-07-26 03:48:36] 2026-07-25 11:20:56 | INFO     | KDClient 1 round 1 local training (epochs=4)
[2026-07-26 03:48:36] 2026-07-25 11:21:10 | INFO     | KDClient 1 round 1 completed (acc=0.4883, n=90)
[2026-07-26 03:48:36] 2026-07-25 11:21:10 | INFO     | KDClient 2 fit round 1 (tier=small)
[2026-07-26 03:48:36] 2026-07-25 11:21:10 | INFO     | KDClient 2 round 1 local training (epochs=4)
[2026-07-26 03:48:36] 2026-07-25 11:21:25 | INFO     | KDClient 2 round 1 completed (acc=0.3712, n=90)
[2026-07-26 03:48:36] 2026-07-25 11:21:25 | INFO     | KDClient 3 fit round 1 (tier=small)
[2026-07-26 03:48:36] 2026-07-25 11:21:25 | INFO     | KDClient 3 round 1 local training (epochs=4)
[2026-07-26 03:48:36] 2026-07-25 11:21:42 | INFO     | KDClient 3 round 1 completed (acc=0.4829, n=90)
[2026-07-26 03:48:36] 2026-07-25 11:21:42 | INFO     | KDClient 4 fit round 1 (tier=small)
[2026-07-26 03:48:36] 2026-07-25 11:21:42 | INFO     | KDClient 4 round 1 local training (epochs=4)
[2026-07-26 03:48:36] 2026-07-25 11:21:58 | INFO     | KDClient 4 round 1 completed (acc=0.4108, n=90)
[2026-07-26 03:48:36] 2026-07-25 11:21:58 | INFO     | KDClient 5 fit round 1 (tier=small)
[2026-07-26 03:48:36] 2026-07-25 11:21:58 | INFO     | KDClient 5 round 1 local training (epochs=4)
[2026-07-26 03:48:36] 2026-07-25 11:22:12 | INFO     | KDClient 5 round 1 completed (acc=0.3297, n=90)
[2026-07-26 03:48:36] 2026-07-25 11:22:12 | INFO     | KDClient 6 fit round 1 (tier=small)
[2026-07-26 03:48:36] 2026-07-25 11:22:12 | INFO     | KDClient 6 round 1 local training (epochs=4)
[2026-07-26 03:48:36] 2026-07-25 11:22:27 | INFO     | KDClient 6 round 1 completed (acc=0.2054, n=90)
[2026-07-26 03:48:36] 2026-07-25 11:22:27 | INFO     | KDClient 7 fit round 1 (tier=medium)
[2026-07-26 03:48:36] 2026-07-25 11:22:27 | INFO     | KDClient 7 round 1 local training (epochs=4)
[2026-07-26 03:48:36] 2026-07-25 11:22:55 | INFO     | KDClient 7 round 1 completed (acc=0.4829, n=90)
[2026-07-26 03:48:36] 2026-07-25 11:22:55 | INFO     | KDClient 8 fit round 1 (tier=medium)
[2026-07-26 03:48:36] 2026-07-25 11:22:55 | INFO     | KDClient 8 round 1 local training (epochs=4)
[2026-07-26 03:48:36] 2026-07-25 11:23:23 | INFO     | KDClient 8 round 1 completed (acc=0.5766, n=90)
[2026-07-26 03:48:36] 2026-07-25 11:23:23 | INFO     | KDClient 9 fit round 1 (tier=medium)
[2026-07-26 03:48:36] 2026-07-25 11:23:23 | INFO     | KDClient 9 round 1 local training (epochs=4)
[2026-07-26 03:48:36] 2026-07-25 11:23:49 | INFO     | KDClient 9 round 1 completed (acc=0.3225, n=90)
[2026-07-26 03:48:36] 2026-07-25 11:23:49 | INFO     | KDClient 10 fit round 1 (tier=medium)
[2026-07-26 03:48:36] 2026-07-25 11:23:49 | INFO     | KDClient 10 round 1 local training (epochs=4)
[2026-07-26 03:48:36] 2026-07-25 11:24:21 | INFO     | KDClient 10 round 1 completed (acc=0.3982, n=90)
[2026-07-26 03:48:36] 2026-07-25 11:24:21 | INFO     | KDClient 11 fit round 1 (tier=medium)
[2026-07-26 03:48:36] 2026-07-25 11:24:21 | INFO     | KDClient 11 round 1 local training (epochs=4)
[2026-07-26 03:48:36] 2026-07-25 11:24:54 | INFO     | KDClient 11 round 1 completed (acc=0.4468, n=90)
[2026-07-26 03:48:36] 2026-07-25 11:24:54 | INFO     | KDClient 12 fit round 1 (tier=medium)
[2026-07-26 03:48:36] 2026-07-25 11:24:54 | INFO     | KDClient 12 round 1 local training (epochs=4)
[2026-07-26 03:48:36] 2026-07-25 11:25:26 | INFO     | KDClient 12 round 1 completed (acc=0.5532, n=90)
[2026-07-26 03:48:36] 2026-07-25 11:25:26 | INFO     | KDClient 13 fit round 1 (tier=medium)
[2026-07-26 03:48:36] 2026-07-25 11:25:26 | INFO     | KDClient 13 round 1 local training (epochs=4)
[2026-07-26 03:48:36] 2026-07-25 11:25:59 | INFO     | KDClient 13 round 1 completed (acc=0.2991, n=90)
[2026-07-26 03:48:36] 2026-07-25 11:25:59 | INFO     | KDClient 14 fit round 1 (tier=large)
[2026-07-26 03:48:36] 2026-07-25 11:25:59 | INFO     | KDClient 14 round 1 local training (epochs=4)
[2026-07-26 03:48:36] 2026-07-25 11:26:54 | INFO     | KDClient 14 round 1 completed (acc=0.3477, n=90)
[2026-07-26 03:48:36] 2026-07-25 11:26:54 | INFO     | KDClient 15 fit round 1 (tier=large)
[2026-07-26 03:48:36] 2026-07-25 11:26:54 | INFO     | KDClient 15 round 1 local training (epochs=4)
[2026-07-26 03:48:36] 2026-07-25 11:27:57 | INFO     | KDClient 15 round 1 completed (acc=0.3477, n=90)
[2026-07-26 03:48:36] 2026-07-25 11:27:57 | INFO     | KDClient 16 fit round 1 (tier=large)
[2026-07-26 03:48:36] 2026-07-25 11:27:57 | INFO     | KDClient 16 round 1 local training (epochs=4)
[2026-07-26 03:48:36] 2026-07-25 11:28:51 | INFO     | KDClient 16 round 1 completed (acc=0.3261, n=90)
[2026-07-26 03:48:36] 2026-07-25 11:28:51 | INFO     | KDClient 17 fit round 1 (tier=large)
[2026-07-26 03:48:36] 2026-07-25 11:28:51 | INFO     | KDClient 17 round 1 local training (epochs=4)
[2026-07-26 03:48:36] 2026-07-25 11:29:50 | INFO     | KDClient 17 round 1 completed (acc=0.3477, n=90)
[2026-07-26 03:48:36] 2026-07-25 11:29:50 | INFO     | KDClient 18 fit round 1 (tier=large)
[2026-07-26 03:48:36] 2026-07-25 11:29:50 | INFO     | KDClient 18 round 1 local training (epochs=4)
[2026-07-26 03:48:36] 2026-07-25 11:30:52 | INFO     | KDClient 18 round 1 completed (acc=0.3261, n=90)
[2026-07-26 03:48:36] 2026-07-25 11:30:52 | INFO     | KDClient 19 fit round 1 (tier=large)
[2026-07-26 03:48:36] 2026-07-25 11:30:52 | INFO     | KDClient 19 round 1 local training (epochs=4)
[2026-07-26 03:48:36] 2026-07-25 11:31:58 | INFO     | KDClient 19 round 1 completed (acc=0.3261, n=90)
[2026-07-26 03:48:36]   Round   1/50 | Avg: 0.3959 | Min: 0.2054 | Max: 0.5766
[2026-07-26 03:48:36] 2026-07-25 11:31:58 | INFO     | FEDMD — IID: round 2/50 starting
[2026-07-26 03:48:36] 2026-07-25 11:31:58 | INFO     | KDClient 0 fit round 2 (tier=small)
[2026-07-26 03:48:36] 2026-07-25 11:31:58 | INFO     | KDClient 0 round 2 public KD (epochs=2)
[2026-07-26 03:48:36] 2026-07-25 11:32:17 | INFO     | KDClient 0 round 2 local training (epochs=4)
[2026-07-26 03:48:36] 2026-07-25 11:32:26 | INFO     | KDClient 0 round 2 completed (acc=0.5207, n=90)
[2026-07-26 03:48:36] 2026-07-25 11:32:26 | INFO     | KDClient 1 fit round 2 (tier=small)
[2026-07-26 03:48:36] 2026-07-25 11:32:26 | INFO     | KDClient 1 round 2 public KD (epochs=2)
[2026-07-26 03:48:36] 2026-07-25 11:32:42 | INFO     | KDClient 1 round 2 local training (epochs=4)
[2026-07-26 03:48:36] 2026-07-25 11:32:54 | INFO     | KDClient 1 round 2 completed (acc=0.5207, n=90)
[2026-07-26 03:48:36] 2026-07-25 11:32:54 | INFO     | KDClient 2 fit round 2 (tier=small)
[2026-07-26 03:48:36] 2026-07-25 11:32:54 | INFO     | KDClient 2 round 2 public KD (epochs=2)
[2026-07-26 03:48:36] 2026-07-25 11:33:12 | INFO     | KDClient 2 round 2 local training (epochs=4)
[2026-07-26 03:48:36] 2026-07-25 11:33:27 | INFO     | KDClient 2 round 2 completed (acc=0.3730, n=90)
[2026-07-26 03:48:36] 2026-07-25 11:33:27 | INFO     | KDClient 3 fit round 2 (tier=small)
[2026-07-26 03:48:36] 2026-07-25 11:33:27 | INFO     | KDClient 3 round 2 public KD (epochs=2)
[2026-07-26 03:48:36] 2026-07-25 11:33:46 | INFO     | KDClient 3 round 2 local training (epochs=4)
[2026-07-26 03:48:36] 2026-07-25 11:34:02 | INFO     | KDClient 3 round 2 completed (acc=0.3982, n=90)
[2026-07-26 03:48:36] 2026-07-25 11:34:02 | INFO     | KDClient 4 fit round 2 (tier=small)
[2026-07-26 03:48:36] 2026-07-25 11:34:02 | INFO     | KDClient 4 round 2 public KD (epochs=2)
[2026-07-26 03:48:36] 2026-07-25 11:34:23 | INFO     | KDClient 4 round 2 local training (epochs=4)
[2026-07-26 03:48:36] 2026-07-25 11:34:36 | INFO     | KDClient 4 round 2 completed (acc=0.4991, n=90)
[2026-07-26 03:48:36] 2026-07-25 11:34:36 | INFO     | KDClient 5 fit round 2 (tier=small)
[2026-07-26 03:48:36] 2026-07-25 11:34:36 | INFO     | KDClient 5 round 2 public KD (epochs=2)
[2026-07-26 03:48:36] 2026-07-25 11:34:55 | INFO     | KDClient 5 round 2 local training (epochs=4)
[2026-07-26 03:48:36] 2026-07-25 11:35:12 | INFO     | KDClient 5 round 2 completed (acc=0.5189, n=90)
[2026-07-26 03:48:36] 2026-07-25 11:35:12 | INFO     | KDClient 6 fit round 2 (tier=small)
[2026-07-26 03:48:36] 2026-07-25 11:35:12 | INFO     | KDClient 6 round 2 public KD (epochs=2)
[2026-07-26 03:48:36] 2026-07-25 11:35:30 | INFO     | KDClient 6 round 2 local training (epochs=4)
[2026-07-26 03:48:36] 2026-07-25 11:35:47 | INFO     | KDClient 6 round 2 completed (acc=0.6090, n=90)
[2026-07-26 03:48:36] 2026-07-25 11:35:47 | INFO     | KDClient 7 fit round 2 (tier=medium)
[2026-07-26 03:48:36] 2026-07-25 11:35:47 | INFO     | KDClient 7 round 2 public KD (epochs=2)
[2026-07-26 03:48:36] 2026-07-25 11:36:39 | INFO     | KDClient 7 round 2 local training (epochs=4)
[2026-07-26 03:48:36] 2026-07-25 11:37:08 | INFO     | KDClient 7 round 2 completed (acc=0.5261, n=90)
[2026-07-26 03:48:36] 2026-07-25 11:37:08 | INFO     | KDClient 8 fit round 2 (tier=medium)
[2026-07-26 03:48:36] 2026-07-25 11:37:08 | INFO     | KDClient 8 round 2 public KD (epochs=2)
[2026-07-26 03:48:36] 2026-07-25 11:37:52 | INFO     | KDClient 8 round 2 local training (epochs=4)
[2026-07-26 03:48:36] 2026-07-25 11:38:22 | INFO     | KDClient 8 round 2 completed (acc=0.5441, n=90)
[2026-07-26 03:48:36] 2026-07-25 11:38:22 | INFO     | KDClient 9 fit round 2 (tier=medium)
[2026-07-26 03:48:36] 2026-07-25 11:38:22 | INFO     | KDClient 9 round 2 public KD (epochs=2)
[2026-07-26 03:48:36] 2026-07-25 11:39:10 | INFO     | KDClient 9 round 2 local training (epochs=4)
[2026-07-26 03:48:36] 2026-07-25 11:39:42 | INFO     | KDClient 9 round 2 completed (acc=0.3712, n=90)
[2026-07-26 03:48:36] 2026-07-25 11:39:42 | INFO     | KDClient 10 fit round 2 (tier=medium)
[2026-07-26 03:48:36] 2026-07-25 11:39:42 | INFO     | KDClient 10 round 2 public KD (epochs=2)
[2026-07-26 03:48:36] 2026-07-25 11:40:22 | INFO     | KDClient 10 round 2 local training (epochs=4)
[2026-07-26 03:48:36] 2026-07-25 11:40:55 | INFO     | KDClient 10 round 2 completed (acc=0.5189, n=90)
[2026-07-26 03:48:36] 2026-07-25 11:40:55 | INFO     | KDClient 11 fit round 2 (tier=medium)
[2026-07-26 03:48:36] 2026-07-25 11:40:55 | INFO     | KDClient 11 round 2 public KD (epochs=2)
[2026-07-26 03:48:36] 2026-07-25 11:41:35 | INFO     | KDClient 11 round 2 local training (epochs=4)
[2026-07-26 03:48:36] 2026-07-25 11:42:04 | INFO     | KDClient 11 round 2 completed (acc=0.5063, n=90)
[2026-07-26 03:48:36] 2026-07-25 11:42:04 | INFO     | KDClient 12 fit round 2 (tier=medium)
[2026-07-26 03:48:36] 2026-07-25 11:42:04 | INFO     | KDClient 12 round 2 public KD (epochs=2)
[2026-07-26 03:48:36] 2026-07-25 11:42:47 | INFO     | KDClient 12 round 2 local training (epochs=4)
[2026-07-26 03:48:36] 2026-07-25 11:43:18 | INFO     | KDClient 12 round 2 completed (acc=0.5171, n=90)
[2026-07-26 03:48:36] 2026-07-25 11:43:18 | INFO     | KDClient 13 fit round 2 (tier=medium)
[2026-07-26 03:48:36] 2026-07-25 11:43:18 | INFO     | KDClient 13 round 2 public KD (epochs=2)
[2026-07-26 03:48:36] 2026-07-25 11:44:02 | INFO     | KDClient 13 round 2 local training (epochs=4)
[2026-07-26 03:48:36] 2026-07-25 11:44:32 | INFO     | KDClient 13 round 2 completed (acc=0.5261, n=90)
[2026-07-26 03:48:36] 2026-07-25 11:44:32 | INFO     | KDClient 14 fit round 2 (tier=large)
[2026-07-26 03:48:36] 2026-07-25 11:44:32 | INFO     | KDClient 14 round 2 public KD (epochs=2)
[2026-07-26 03:48:36] 2026-07-25 11:45:45 | INFO     | KDClient 14 round 2 local training (epochs=4)
[2026-07-26 03:48:36] 2026-07-25 11:46:49 | INFO     | KDClient 14 round 2 completed (acc=0.3261, n=90)
[2026-07-26 03:48:36] 2026-07-25 11:46:49 | INFO     | KDClient 15 fit round 2 (tier=large)
[2026-07-26 03:48:36] 2026-07-25 11:46:49 | INFO     | KDClient 15 round 2 public KD (epochs=2)
[2026-07-26 03:48:36] 2026-07-25 11:48:02 | INFO     | KDClient 15 round 2 local training (epochs=4)
[2026-07-26 03:48:36] 2026-07-25 11:48:54 | INFO     | KDClient 15 round 2 completed (acc=0.3261, n=90)
[2026-07-26 03:48:36] 2026-07-25 11:48:54 | INFO     | KDClient 16 fit round 2 (tier=large)
[2026-07-26 03:48:36] 2026-07-25 11:48:54 | INFO     | KDClient 16 round 2 public KD (epochs=2)
[2026-07-26 03:48:36] 2026-07-25 11:50:11 | INFO     | KDClient 16 round 2 local training (epochs=4)
[2026-07-26 03:48:36] 2026-07-25 11:51:12 | INFO     | KDClient 16 round 2 completed (acc=0.3261, n=90)
[2026-07-26 03:48:36] 2026-07-25 11:51:12 | INFO     | KDClient 17 fit round 2 (tier=large)
[2026-07-26 03:48:36] 2026-07-25 11:51:12 | INFO     | KDClient 17 round 2 public KD (epochs=2)
[2026-07-26 03:48:36] 2026-07-25 11:52:28 | INFO     | KDClient 17 round 2 local training (epochs=4)
[2026-07-26 03:48:36] 2026-07-25 11:53:35 | INFO     | KDClient 17 round 2 completed (acc=0.3477, n=90)
[2026-07-26 03:48:36] 2026-07-25 11:53:35 | INFO     | KDClient 18 fit round 2 (tier=large)
[2026-07-26 03:48:36] 2026-07-25 11:53:35 | INFO     | KDClient 18 round 2 public KD (epochs=2)
[2026-07-26 03:48:36] 2026-07-25 11:54:54 | INFO     | KDClient 18 round 2 local training (epochs=4)
[2026-07-26 03:48:36] 2026-07-25 11:55:48 | INFO     | KDClient 18 round 2 completed (acc=0.3261, n=90)
[2026-07-26 03:48:36] 2026-07-25 11:55:48 | INFO     | KDClient 19 fit round 2 (tier=large)
[2026-07-26 03:48:36] 2026-07-25 11:55:48 | INFO     | KDClient 19 round 2 public KD (epochs=2)
[2026-07-26 03:48:36] 2026-07-25 11:57:02 | INFO     | KDClient 19 round 2 local training (epochs=4)
[2026-07-26 03:48:36] 2026-07-25 11:57:58 | INFO     | KDClient 19 round 2 completed (acc=0.3261, n=90)
[2026-07-26 03:48:36]   Round   2/50 | Avg: 0.4464 | Min: 0.3261 | Max: 0.6090
[2026-07-26 03:48:36] 2026-07-25 11:57:58 | INFO     | FEDMD — IID: round 3/50 starting
[2026-07-26 03:48:36] 2026-07-25 11:57:58 | INFO     | KDClient 0 fit round 3 (tier=small)
[2026-07-26 03:48:36] 2026-07-25 11:57:58 | INFO     | KDClient 0 round 3 public KD (epochs=2)
[2026-07-26 03:48:36] 2026-07-25 11:58:12 | INFO     | KDClient 0 round 3 local training (epochs=4)
[2026-07-26 03:48:36] 2026-07-25 11:58:23 | INFO     | KDClient 0 round 3 completed (acc=0.5207, n=90)
[2026-07-26 03:48:36] 2026-07-25 11:58:23 | INFO     | KDClient 1 fit round 3 (tier=small)
[2026-07-26 03:48:36] 2026-07-25 11:58:23 | INFO     | KDClient 1 round 3 public KD (epochs=2)
[2026-07-26 03:48:36] 2026-07-25 11:58:38 | INFO     | KDClient 1 round 3 local training (epochs=4)
[2026-07-26 03:48:36] 2026-07-25 11:58:52 | INFO     | KDClient 1 round 3 completed (acc=0.5207, n=90)
[2026-07-26 03:48:36] 2026-07-25 11:58:52 | INFO     | KDClient 2 fit round 3 (tier=small)
[2026-07-26 03:48:36] 2026-07-25 11:58:52 | INFO     | KDClient 2 round 3 public KD (epochs=2)
[2026-07-26 03:48:36] 2026-07-25 11:59:11 | INFO     | KDClient 2 round 3 local training (epochs=4)
[2026-07-26 03:48:36] 2026-07-25 11:59:28 | INFO     | KDClient 2 round 3 completed (acc=0.5207, n=90)
[2026-07-26 03:48:36] 2026-07-25 11:59:28 | INFO     | KDClient 3 fit round 3 (tier=small)
[2026-07-26 03:48:36] 2026-07-25 11:59:28 | INFO     | KDClient 3 round 3 public KD (epochs=2)
[2026-07-26 03:48:36] 2026-07-25 11:59:43 | INFO     | KDClient 3 round 3 local training (epochs=4)
[2026-07-26 03:48:36] 2026-07-25 11:59:59 | INFO     | KDClient 3 round 3 completed (acc=0.5532, n=90)
[2026-07-26 03:48:36] 2026-07-25 11:59:59 | INFO     | KDClient 4 fit round 3 (tier=small)
[2026-07-26 03:48:36] 2026-07-25 11:59:59 | INFO     | KDClient 4 round 3 public KD (epochs=2)
[2026-07-26 03:48:36] 2026-07-25 12:00:18 | INFO     | KDClient 4 round 3 local training (epochs=4)
[2026-07-26 03:48:36] 2026-07-25 12:00:33 | INFO     | KDClient 4 round 3 completed (acc=0.5207, n=90)
[2026-07-26 03:48:36] 2026-07-25 12:00:33 | INFO     | KDClient 5 fit round 3 (tier=small)
[2026-07-26 03:48:36] 2026-07-25 12:00:33 | INFO     | KDClient 5 round 3 public KD (epochs=2)
[2026-07-26 03:48:36] 2026-07-25 12:00:50 | INFO     | KDClient 5 round 3 local training (epochs=4)
[2026-07-26 03:48:36] 2026-07-25 12:01:08 | INFO     | KDClient 5 round 3 completed (acc=0.5207, n=90)
[2026-07-26 03:48:36] 2026-07-25 12:01:08 | INFO     | KDClient 6 fit round 3 (tier=small)
[2026-07-26 03:48:36] 2026-07-25 12:01:08 | INFO     | KDClient 6 round 3 public KD (epochs=2)
[2026-07-26 03:48:36] 2026-07-25 12:01:22 | INFO     | KDClient 6 round 3 local training (epochs=4)
[2026-07-26 03:48:36] 2026-07-25 12:01:39 | INFO     | KDClient 6 round 3 completed (acc=0.5207, n=90)
[2026-07-26 03:48:36] 2026-07-25 12:01:39 | INFO     | KDClient 7 fit round 3 (tier=medium)
[2026-07-26 03:48:36] 2026-07-25 12:01:39 | INFO     | KDClient 7 round 3 public KD (epochs=2)
[2026-07-26 03:48:36] 2026-07-25 12:02:29 | INFO     | KDClient 7 round 3 local training (epochs=4)
[2026-07-26 03:48:36] 2026-07-25 12:03:01 | INFO     | KDClient 7 round 3 completed (acc=0.5387, n=90)
[2026-07-26 03:48:36] 2026-07-25 12:03:01 | INFO     | KDClient 8 fit round 3 (tier=medium)
[2026-07-26 03:48:36] 2026-07-25 12:03:01 | INFO     | KDClient 8 round 3 public KD (epochs=2)
[2026-07-26 03:48:36] 2026-07-25 12:03:40 | INFO     | KDClient 8 round 3 local training (epochs=4)
[2026-07-26 03:48:36] 2026-07-25 12:04:17 | INFO     | KDClient 8 round 3 completed (acc=0.6288, n=90)
[2026-07-26 03:48:36] 2026-07-25 12:04:17 | INFO     | KDClient 9 fit round 3 (tier=medium)
[2026-07-26 03:48:36] 2026-07-25 12:04:17 | INFO     | KDClient 9 round 3 public KD (epochs=2)
[2026-07-26 03:48:36] 2026-07-25 12:04:52 | INFO     | KDClient 9 round 3 local training (epochs=4)
[2026-07-26 03:48:36] 2026-07-25 12:05:23 | INFO     | KDClient 9 round 3 completed (acc=0.6396, n=90)
[2026-07-26 03:48:36] 2026-07-25 12:05:23 | INFO     | KDClient 10 fit round 3 (tier=medium)
[2026-07-26 03:48:36] 2026-07-25 12:05:23 | INFO     | KDClient 10 round 3 public KD (epochs=2)
[2026-07-26 03:48:36] 2026-07-25 12:05:58 | INFO     | KDClient 10 round 3 local training (epochs=4)
[2026-07-26 03:48:36] 2026-07-25 12:06:27 | INFO     | KDClient 10 round 3 completed (acc=0.5477, n=90)
[2026-07-26 03:48:36] 2026-07-25 12:06:27 | INFO     | KDClient 11 fit round 3 (tier=medium)
[2026-07-26 03:48:36] 2026-07-25 12:06:27 | INFO     | KDClient 11 round 3 public KD (epochs=2)
[2026-07-26 03:48:36] 2026-07-25 12:07:06 | INFO     | KDClient 11 round 3 local training (epochs=4)
[2026-07-26 03:48:36] 2026-07-25 12:07:37 | INFO     | KDClient 11 round 3 completed (acc=0.5225, n=90)
[2026-07-26 03:48:36] 2026-07-25 12:07:37 | INFO     | KDClient 12 fit round 3 (tier=medium)
[2026-07-26 03:48:36] 2026-07-25 12:07:37 | INFO     | KDClient 12 round 3 public KD (epochs=2)
[2026-07-26 03:48:36] 2026-07-25 12:08:17 | INFO     | KDClient 12 round 3 local training (epochs=4)
[2026-07-26 03:48:36] 2026-07-25 12:08:48 | INFO     | KDClient 12 round 3 completed (acc=0.4180, n=90)
[2026-07-26 03:48:36] 2026-07-25 12:08:48 | INFO     | KDClient 13 fit round 3 (tier=medium)
[2026-07-26 03:48:36] 2026-07-25 12:08:48 | INFO     | KDClient 13 round 3 public KD (epochs=2)
[2026-07-26 03:48:36] 2026-07-25 12:09:27 | INFO     | KDClient 13 round 3 local training (epochs=4)
[2026-07-26 03:48:36] 2026-07-25 12:09:57 | INFO     | KDClient 13 round 3 completed (acc=0.5405, n=90)
[2026-07-26 03:48:36] 2026-07-25 12:09:57 | INFO     | KDClient 14 fit round 3 (tier=large)
[2026-07-26 03:48:36] 2026-07-25 12:09:57 | INFO     | KDClient 14 round 3 public KD (epochs=2)
[2026-07-26 03:48:36] 2026-07-25 12:11:04 | INFO     | KDClient 14 round 3 local training (epochs=4)
[2026-07-26 03:48:36] 2026-07-25 12:12:01 | INFO     | KDClient 14 round 3 completed (acc=0.3261, n=90)
[2026-07-26 03:48:36] 2026-07-25 12:12:01 | INFO     | KDClient 15 fit round 3 (tier=large)
[2026-07-26 03:48:36] 2026-07-25 12:12:01 | INFO     | KDClient 15 round 3 public KD (epochs=2)
[2026-07-26 03:48:36] 2026-07-25 12:13:06 | INFO     | KDClient 15 round 3 local training (epochs=4)
[2026-07-26 03:48:36] 2026-07-25 12:14:01 | INFO     | KDClient 15 round 3 completed (acc=0.3261, n=90)
[2026-07-26 03:48:36] 2026-07-25 12:14:01 | INFO     | KDClient 16 fit round 3 (tier=large)
[2026-07-26 03:48:36] 2026-07-25 12:14:01 | INFO     | KDClient 16 round 3 public KD (epochs=2)
[2026-07-26 03:48:36] 2026-07-25 12:15:04 | INFO     | KDClient 16 round 3 local training (epochs=4)
[2026-07-26 03:48:36] 2026-07-25 12:16:06 | INFO     | KDClient 16 round 3 completed (acc=0.2973, n=90)
[2026-07-26 03:48:36] 2026-07-25 12:16:06 | INFO     | KDClient 17 fit round 3 (tier=large)
[2026-07-26 03:48:36] 2026-07-25 12:16:06 | INFO     | KDClient 17 round 3 public KD (epochs=2)
[2026-07-26 03:48:36] 2026-07-25 12:17:12 | INFO     | KDClient 17 round 3 local training (epochs=4)
[2026-07-26 03:48:36] 2026-07-25 12:18:07 | INFO     | KDClient 17 round 3 completed (acc=0.3477, n=90)
[2026-07-26 03:48:36] 2026-07-25 12:18:07 | INFO     | KDClient 18 fit round 3 (tier=large)
[2026-07-26 03:48:36] 2026-07-25 12:18:07 | INFO     | KDClient 18 round 3 public KD (epochs=2)
[2026-07-26 03:48:36] 2026-07-25 12:19:18 | INFO     | KDClient 18 round 3 local training (epochs=4)
[2026-07-26 03:48:36] 2026-07-25 12:20:15 | INFO     | KDClient 18 round 3 completed (acc=0.3261, n=90)
[2026-07-26 03:48:36] 2026-07-25 12:20:15 | INFO     | KDClient 19 fit round 3 (tier=large)
[2026-07-26 03:48:36] 2026-07-25 12:20:15 | INFO     | KDClient 19 round 3 public KD (epochs=2)
[2026-07-26 03:48:36] 2026-07-25 12:21:20 | INFO     | KDClient 19 round 3 local training (epochs=4)
[2026-07-26 03:48:36] 2026-07-25 12:22:28 | INFO     | KDClient 19 round 3 completed (acc=0.1964, n=90)
[2026-07-26 03:48:36]   Round   3/50 | Avg: 0.4667 | Min: 0.1964 | Max: 0.6396
[2026-07-26 03:48:36] 2026-07-25 12:22:28 | INFO     | FEDMD — IID: round 4/50 starting
[2026-07-26 03:48:36] 2026-07-25 12:22:28 | INFO     | KDClient 0 fit round 4 (tier=small)
[2026-07-26 03:48:36] 2026-07-25 12:22:28 | INFO     | KDClient 0 round 4 public KD (epochs=2)
[2026-07-26 03:48:36] 2026-07-25 12:22:41 | INFO     | KDClient 0 round 4 local training (epochs=4)
[2026-07-26 03:48:36] 2026-07-25 12:22:53 | INFO     | KDClient 0 round 4 completed (acc=0.5207, n=90)
[2026-07-26 03:48:36] 2026-07-25 12:22:53 | INFO     | KDClient 1 fit round 4 (tier=small)
[2026-07-26 03:48:36] 2026-07-25 12:22:53 | INFO     | KDClient 1 round 4 public KD (epochs=2)
[2026-07-26 03:48:36] 2026-07-25 12:23:06 | INFO     | KDClient 1 round 4 local training (epochs=4)
[2026-07-26 03:48:36] 2026-07-25 12:23:17 | INFO     | KDClient 1 round 4 completed (acc=0.5207, n=90)
[2026-07-26 03:48:36] 2026-07-25 12:23:17 | INFO     | KDClient 2 fit round 4 (tier=small)
[2026-07-26 03:48:36] 2026-07-25 12:23:17 | INFO     | KDClient 2 round 4 public KD (epochs=2)
[2026-07-26 03:48:36] 2026-07-25 12:23:30 | INFO     | KDClient 2 round 4 local training (epochs=4)
[2026-07-26 03:48:36] 2026-07-25 12:23:42 | INFO     | KDClient 2 round 4 completed (acc=0.7658, n=90)
[2026-07-26 03:48:36] 2026-07-25 12:23:42 | INFO     | KDClient 3 fit round 4 (tier=small)
[2026-07-26 03:48:36] 2026-07-25 12:23:42 | INFO     | KDClient 3 round 4 public KD (epochs=2)
[2026-07-26 03:48:36] 2026-07-25 12:24:01 | INFO     | KDClient 3 round 4 local training (epochs=4)
[2026-07-26 03:48:36] 2026-07-25 12:24:16 | INFO     | KDClient 3 round 4 completed (acc=0.6739, n=90)
[2026-07-26 03:48:36] 2026-07-25 12:24:16 | INFO     | KDClient 4 fit round 4 (tier=small)
[2026-07-26 03:48:36] 2026-07-25 12:24:16 | INFO     | KDClient 4 round 4 public KD (epochs=2)
[2026-07-26 03:48:36] 2026-07-25 12:24:33 | INFO     | KDClient 4 round 4 local training (epochs=4)
[2026-07-26 03:48:36] 2026-07-25 12:24:53 | INFO     | KDClient 4 round 4 completed (acc=0.5207, n=90)
[2026-07-26 03:48:36] 2026-07-25 12:24:53 | INFO     | KDClient 5 fit round 4 (tier=small)
[2026-07-26 03:48:36] 2026-07-25 12:24:53 | INFO     | KDClient 5 round 4 public KD (epochs=2)
[2026-07-26 03:48:36] 2026-07-25 12:25:10 | INFO     | KDClient 5 round 4 local training (epochs=4)
[2026-07-26 03:48:36] 2026-07-25 12:25:24 | INFO     | KDClient 5 round 4 completed (acc=0.5207, n=90)
[2026-07-26 03:48:36] 2026-07-25 12:25:24 | INFO     | KDClient 6 fit round 4 (tier=small)
[2026-07-26 03:48:36] 2026-07-25 12:25:24 | INFO     | KDClient 6 round 4 public KD (epochs=2)
[2026-07-26 03:48:36] 2026-07-25 12:25:40 | INFO     | KDClient 6 round 4 local training (epochs=4)
[2026-07-26 03:48:36] 2026-07-25 12:25:54 | INFO     | KDClient 6 round 4 completed (acc=0.5207, n=90)
[2026-07-26 03:48:36] 2026-07-25 12:25:54 | INFO     | KDClient 7 fit round 4 (tier=medium)
[2026-07-26 03:48:36] 2026-07-25 12:25:54 | INFO     | KDClient 7 round 4 public KD (epochs=2)
[2026-07-26 03:48:36] 2026-07-25 12:26:59 | INFO     | KDClient 7 round 4 local training (epochs=4)
[2026-07-26 03:48:36] 2026-07-25 12:27:31 | INFO     | KDClient 7 round 4 completed (acc=0.6324, n=90)
[2026-07-26 03:48:36] 2026-07-25 12:27:31 | INFO     | KDClient 8 fit round 4 (tier=medium)
[2026-07-26 03:48:36] 2026-07-25 12:27:31 | INFO     | KDClient 8 round 4 public KD (epochs=2)
[2026-07-26 03:48:36] 2026-07-25 12:28:11 | INFO     | KDClient 8 round 4 local training (epochs=4)
[2026-07-26 03:48:36] 2026-07-25 12:28:42 | INFO     | KDClient 8 round 4 completed (acc=0.6523, n=90)
[2026-07-26 03:48:36] 2026-07-25 12:28:42 | INFO     | KDClient 9 fit round 4 (tier=medium)
[2026-07-26 03:48:36] 2026-07-25 12:28:42 | INFO     | KDClient 9 round 4 public KD (epochs=2)
[2026-07-26 03:48:36] 2026-07-25 12:29:20 | INFO     | KDClient 9 round 4 local training (epochs=4)
[2026-07-26 03:48:36] 2026-07-25 12:29:49 | INFO     | KDClient 9 round 4 completed (acc=0.6126, n=90)
[2026-07-26 03:48:36] 2026-07-25 12:29:49 | INFO     | KDClient 10 fit round 4 (tier=medium)
[2026-07-26 03:48:36] 2026-07-25 12:29:49 | INFO     | KDClient 10 round 4 public KD (epochs=2)
[2026-07-26 03:48:36] 2026-07-25 12:30:25 | INFO     | KDClient 10 round 4 local training (epochs=4)
[2026-07-26 03:48:36] 2026-07-25 12:30:52 | INFO     | KDClient 10 round 4 completed (acc=0.5568, n=90)
[2026-07-26 03:48:36] 2026-07-25 12:30:52 | INFO     | KDClient 11 fit round 4 (tier=medium)
[2026-07-26 03:48:36] 2026-07-25 12:30:52 | INFO     | KDClient 11 round 4 public KD (epochs=2)
[2026-07-26 03:48:36] 2026-07-25 12:31:29 | INFO     | KDClient 11 round 4 local training (epochs=4)
[2026-07-26 03:48:36] 2026-07-25 12:31:56 | INFO     | KDClient 11 round 4 completed (acc=0.4739, n=90)
[2026-07-26 03:48:36] 2026-07-25 12:31:56 | INFO     | KDClient 12 fit round 4 (tier=medium)
[2026-07-26 03:48:36] 2026-07-25 12:31:56 | INFO     | KDClient 12 round 4 public KD (epochs=2)
[2026-07-26 03:48:36] 2026-07-25 12:32:36 | INFO     | KDClient 12 round 4 local training (epochs=4)
[2026-07-26 03:48:36] 2026-07-25 12:33:08 | INFO     | KDClient 12 round 4 completed (acc=0.5315, n=90)
[2026-07-26 03:48:36] 2026-07-25 12:33:08 | INFO     | KDClient 13 fit round 4 (tier=medium)
[2026-07-26 03:48:36] 2026-07-25 12:33:08 | INFO     | KDClient 13 round 4 public KD (epochs=2)
[2026-07-26 03:48:36] 2026-07-25 12:33:47 | INFO     | KDClient 13 round 4 local training (epochs=4)
[2026-07-26 03:48:36] 2026-07-25 12:34:21 | INFO     | KDClient 13 round 4 completed (acc=0.6577, n=90)
[2026-07-26 03:48:36] 2026-07-25 12:34:21 | INFO     | KDClient 14 fit round 4 (tier=large)
[2026-07-26 03:48:36] 2026-07-25 12:34:21 | INFO     | KDClient 14 round 4 public KD (epochs=2)
[2026-07-26 03:48:36] 2026-07-25 12:35:24 | INFO     | KDClient 14 round 4 local training (epochs=4)
[2026-07-26 03:48:36] 2026-07-25 12:36:20 | INFO     | KDClient 14 round 4 completed (acc=0.3351, n=90)
[2026-07-26 03:48:36] 2026-07-25 12:36:20 | INFO     | KDClient 15 fit round 4 (tier=large)
[2026-07-26 03:48:36] 2026-07-25 12:36:20 | INFO     | KDClient 15 round 4 public KD (epochs=2)
[2026-07-26 03:48:36] 2026-07-25 12:37:23 | INFO     | KDClient 15 round 4 local training (epochs=4)
[2026-07-26 03:48:36] 2026-07-25 12:38:24 | INFO     | KDClient 15 round 4 completed (acc=0.5081, n=90)
[2026-07-26 03:48:36] 2026-07-25 12:38:24 | INFO     | KDClient 16 fit round 4 (tier=large)
[2026-07-26 03:48:36] 2026-07-25 12:38:24 | INFO     | KDClient 16 round 4 public KD (epochs=2)
[2026-07-26 03:48:36] 2026-07-25 12:39:39 | INFO     | KDClient 16 round 4 local training (epochs=4)
[2026-07-26 03:48:36] 2026-07-25 12:40:52 | INFO     | KDClient 16 round 4 completed (acc=0.1423, n=90)
[2026-07-26 03:48:36] 2026-07-25 12:40:52 | INFO     | KDClient 17 fit round 4 (tier=large)
[2026-07-26 03:48:36] 2026-07-25 12:40:52 | INFO     | KDClient 17 round 4 public KD (epochs=2)
[2026-07-26 03:48:36] 2026-07-25 12:42:00 | INFO     | KDClient 17 round 4 local training (epochs=4)
[2026-07-26 03:48:36] 2026-07-25 12:43:04 | INFO     | KDClient 17 round 4 completed (acc=0.4631, n=90)
[2026-07-26 03:48:36] 2026-07-25 12:43:04 | INFO     | KDClient 18 fit round 4 (tier=large)
[2026-07-26 03:48:36] 2026-07-25 12:43:04 | INFO     | KDClient 18 round 4 public KD (epochs=2)
[2026-07-26 03:48:36] 2026-07-25 12:44:11 | INFO     | KDClient 18 round 4 local training (epochs=4)
[2026-07-26 03:48:36] 2026-07-25 12:45:06 | INFO     | KDClient 18 round 4 completed (acc=0.6523, n=90)
[2026-07-26 03:48:36] 2026-07-25 12:45:06 | INFO     | KDClient 19 fit round 4 (tier=large)
[2026-07-26 03:48:36] 2026-07-25 12:45:06 | INFO     | KDClient 19 round 4 public KD (epochs=2)
[2026-07-26 03:48:36] 2026-07-25 12:46:10 | INFO     | KDClient 19 round 4 local training (epochs=4)
[2026-07-26 03:48:36] 2026-07-25 12:47:01 | INFO     | KDClient 19 round 4 completed (acc=0.3153, n=90)
[2026-07-26 03:48:36]   Round   4/50 | Avg: 0.5288 | Min: 0.1423 | Max: 0.7658
[2026-07-26 03:48:36] 2026-07-25 12:47:01 | INFO     | FEDMD — IID: round 5/50 starting
[2026-07-26 03:48:36] 2026-07-25 12:47:01 | INFO     | KDClient 0 fit round 5 (tier=small)
[2026-07-26 03:48:36] 2026-07-25 12:47:01 | INFO     | KDClient 0 round 5 public KD (epochs=2)
[2026-07-26 03:48:36] 2026-07-25 12:47:22 | INFO     | KDClient 0 round 5 local training (epochs=4)
[2026-07-26 03:48:36] 2026-07-25 12:47:34 | INFO     | KDClient 0 round 5 completed (acc=0.5207, n=90)
[2026-07-26 03:48:36] 2026-07-25 12:47:34 | INFO     | KDClient 1 fit round 5 (tier=small)
[2026-07-26 03:48:36] 2026-07-25 12:47:34 | INFO     | KDClient 1 round 5 public KD (epochs=2)
[2026-07-26 03:48:36] 2026-07-25 12:47:51 | INFO     | KDClient 1 round 5 local training (epochs=4)
[2026-07-26 03:48:36] 2026-07-25 12:48:04 | INFO     | KDClient 1 round 5 completed (acc=0.5207, n=90)
[2026-07-26 03:48:36] 2026-07-25 12:48:04 | INFO     | KDClient 2 fit round 5 (tier=small)
[2026-07-26 03:48:36] 2026-07-25 12:48:04 | INFO     | KDClient 2 round 5 public KD (epochs=2)
[2026-07-26 03:48:36] 2026-07-25 12:48:17 | INFO     | KDClient 2 round 5 local training (epochs=4)
[2026-07-26 03:48:36] 2026-07-25 12:48:29 | INFO     | KDClient 2 round 5 completed (acc=0.6523, n=90)
[2026-07-26 03:48:36] 2026-07-25 12:48:29 | INFO     | KDClient 3 fit round 5 (tier=small)
[2026-07-26 03:48:36] 2026-07-25 12:48:29 | INFO     | KDClient 3 round 5 public KD (epochs=2)
[2026-07-26 03:48:36] 2026-07-25 12:48:44 | INFO     | KDClient 3 round 5 local training (epochs=4)
[2026-07-26 03:48:36] 2026-07-25 12:48:58 | INFO     | KDClient 3 round 5 completed (acc=0.5225, n=90)
[2026-07-26 03:48:36] 2026-07-25 12:48:58 | INFO     | KDClient 4 fit round 5 (tier=small)
[2026-07-26 03:48:36] 2026-07-25 12:48:58 | INFO     | KDClient 4 round 5 public KD (epochs=2)
[2026-07-26 03:48:36] 2026-07-25 12:49:14 | INFO     | KDClient 4 round 5 local training (epochs=4)
[2026-07-26 03:48:36] 2026-07-25 12:49:29 | INFO     | KDClient 4 round 5 completed (acc=0.5207, n=90)
[2026-07-26 03:48:36] 2026-07-25 12:49:29 | INFO     | KDClient 5 fit round 5 (tier=small)
[2026-07-26 03:48:36] 2026-07-25 12:49:29 | INFO     | KDClient 5 round 5 public KD (epochs=2)
[2026-07-26 03:48:36] 2026-07-25 12:49:48 | INFO     | KDClient 5 round 5 local training (epochs=4)
[2026-07-26 03:48:36] 2026-07-25 12:50:04 | INFO     | KDClient 5 round 5 completed (acc=0.5207, n=90)
[2026-07-26 03:48:36] 2026-07-25 12:50:04 | INFO     | KDClient 6 fit round 5 (tier=small)
[2026-07-26 03:48:36] 2026-07-25 12:50:04 | INFO     | KDClient 6 round 5 public KD (epochs=2)
[2026-07-26 03:48:36] 2026-07-25 12:50:24 | INFO     | KDClient 6 round 5 local training (epochs=4)
[2026-07-26 03:48:36] 2026-07-25 12:50:38 | INFO     | KDClient 6 round 5 completed (acc=0.5207, n=90)
[2026-07-26 03:48:36] 2026-07-25 12:50:38 | INFO     | KDClient 7 fit round 5 (tier=medium)
[2026-07-26 03:48:36] 2026-07-25 12:50:38 | INFO     | KDClient 7 round 5 public KD (epochs=2)
[2026-07-26 03:48:36] 2026-07-25 12:51:27 | INFO     | KDClient 7 round 5 local training (epochs=4)
[2026-07-26 03:48:36] 2026-07-25 12:52:05 | INFO     | KDClient 7 round 5 completed (acc=0.5189, n=90)
[2026-07-26 03:48:36] 2026-07-25 12:52:05 | INFO     | KDClient 8 fit round 5 (tier=medium)
[2026-07-26 03:48:36] 2026-07-25 12:52:05 | INFO     | KDClient 8 round 5 public KD (epochs=2)
[2026-07-26 03:48:36] 2026-07-25 12:52:46 | INFO     | KDClient 8 round 5 local training (epochs=4)
[2026-07-26 03:48:36] 2026-07-25 12:53:20 | INFO     | KDClient 8 round 5 completed (acc=0.5712, n=90)
[2026-07-26 03:48:36] 2026-07-25 12:53:20 | INFO     | KDClient 9 fit round 5 (tier=medium)
[2026-07-26 03:48:36] 2026-07-25 12:53:20 | INFO     | KDClient 9 round 5 public KD (epochs=2)
[2026-07-26 03:48:36] 2026-07-25 12:54:00 | INFO     | KDClient 9 round 5 local training (epochs=4)
[2026-07-26 03:48:36] 2026-07-25 12:54:31 | INFO     | KDClient 9 round 5 completed (acc=0.6523, n=90)
[2026-07-26 03:48:36] 2026-07-25 12:54:31 | INFO     | KDClient 10 fit round 5 (tier=medium)
[2026-07-26 03:48:36] 2026-07-25 12:54:31 | INFO     | KDClient 10 round 5 public KD (epochs=2)
[2026-07-26 03:48:36] 2026-07-25 12:55:07 | INFO     | KDClient 10 round 5 local training (epochs=4)
[2026-07-26 03:48:36] 2026-07-25 12:55:36 | INFO     | KDClient 10 round 5 completed (acc=0.6523, n=90)
[2026-07-26 03:48:36] 2026-07-25 12:55:36 | INFO     | KDClient 11 fit round 5 (tier=medium)
[2026-07-26 03:48:36] 2026-07-25 12:55:36 | INFO     | KDClient 11 round 5 public KD (epochs=2)
[2026-07-26 03:48:36] 2026-07-25 12:56:13 | INFO     | KDClient 11 round 5 local training (epochs=4)
[2026-07-26 03:48:36] 2026-07-25 12:56:43 | INFO     | KDClient 11 round 5 completed (acc=0.6432, n=90)
[2026-07-26 03:48:36] 2026-07-25 12:56:43 | INFO     | KDClient 12 fit round 5 (tier=medium)
[2026-07-26 03:48:36] 2026-07-25 12:56:43 | INFO     | KDClient 12 round 5 public KD (epochs=2)
[2026-07-26 03:48:36] 2026-07-25 12:57:24 | INFO     | KDClient 12 round 5 local training (epochs=4)
[2026-07-26 03:48:36] 2026-07-25 12:57:53 | INFO     | KDClient 12 round 5 completed (acc=0.6054, n=90)
[2026-07-26 03:48:36] 2026-07-25 12:57:53 | INFO     | KDClient 13 fit round 5 (tier=medium)
[2026-07-26 03:48:36] 2026-07-25 12:57:53 | INFO     | KDClient 13 round 5 public KD (epochs=2)
[2026-07-26 03:48:36] 2026-07-25 12:58:34 | INFO     | KDClient 13 round 5 local training (epochs=4)
[2026-07-26 03:48:36] 2026-07-25 12:59:03 | INFO     | KDClient 13 round 5 completed (acc=0.6541, n=90)
[2026-07-26 03:48:36] 2026-07-25 12:59:03 | INFO     | KDClient 14 fit round 5 (tier=large)
[2026-07-26 03:48:36] 2026-07-25 12:59:03 | INFO     | KDClient 14 round 5 public KD (epochs=2)
[2026-07-26 03:48:36] 2026-07-25 13:00:03 | INFO     | KDClient 14 round 5 local training (epochs=4)
[2026-07-26 03:48:36] 2026-07-25 13:00:52 | INFO     | KDClient 14 round 5 completed (acc=0.3369, n=90)
[2026-07-26 03:48:36] 2026-07-25 13:00:52 | INFO     | KDClient 15 fit round 5 (tier=large)
[2026-07-26 03:48:36] 2026-07-25 13:00:52 | INFO     | KDClient 15 round 5 public KD (epochs=2)
[2026-07-26 03:48:36] 2026-07-25 13:01:59 | INFO     | KDClient 15 round 5 local training (epochs=4)
[2026-07-26 03:48:36] 2026-07-25 13:02:52 | INFO     | KDClient 15 round 5 completed (acc=0.6505, n=90)
[2026-07-26 03:48:36] 2026-07-25 13:02:52 | INFO     | KDClient 16 fit round 5 (tier=large)
[2026-07-26 03:48:36] 2026-07-25 13:02:52 | INFO     | KDClient 16 round 5 public KD (epochs=2)
[2026-07-26 03:48:36] 2026-07-25 13:04:04 | INFO     | KDClient 16 round 5 local training (epochs=4)
[2026-07-26 03:48:36] 2026-07-25 13:05:01 | INFO     | KDClient 16 round 5 completed (acc=0.6468, n=90)
[2026-07-26 03:48:36] 2026-07-25 13:05:01 | INFO     | KDClient 17 fit round 5 (tier=large)
[2026-07-26 03:48:36] 2026-07-25 13:05:01 | INFO     | KDClient 17 round 5 public KD (epochs=2)
[2026-07-26 03:48:36] 2026-07-25 13:06:17 | INFO     | KDClient 17 round 5 local training (epochs=4)
[2026-07-26 03:48:36] 2026-07-25 13:07:07 | INFO     | KDClient 17 round 5 completed (acc=0.3279, n=90)
[2026-07-26 03:48:36] 2026-07-25 13:07:07 | INFO     | KDClient 18 fit round 5 (tier=large)
[2026-07-26 03:48:36] 2026-07-25 13:07:07 | INFO     | KDClient 18 round 5 public KD (epochs=2)
[2026-07-26 03:48:36] 2026-07-25 13:08:23 | INFO     | KDClient 18 round 5 local training (epochs=4)
[2026-07-26 03:48:36] 2026-07-25 13:09:33 | INFO     | KDClient 18 round 5 completed (acc=0.4505, n=90)
[2026-07-26 03:48:36] 2026-07-25 13:09:33 | INFO     | KDClient 19 fit round 5 (tier=large)
[2026-07-26 03:48:36] 2026-07-25 13:09:33 | INFO     | KDClient 19 round 5 public KD (epochs=2)
[2026-07-26 03:48:36] 2026-07-25 13:10:45 | INFO     | KDClient 19 round 5 local training (epochs=4)
[2026-07-26 03:48:36] 2026-07-25 13:11:31 | INFO     | KDClient 19 round 5 completed (acc=0.6468, n=90)
[2026-07-26 03:48:36]   Round   5/50 | Avg: 0.5568 | Min: 0.3279 | Max: 0.6541
[2026-07-26 03:48:36] 2026-07-25 13:11:31 | INFO     | FEDMD — IID: round 6/50 starting
[2026-07-26 03:48:36] 2026-07-25 13:11:31 | INFO     | KDClient 0 fit round 6 (tier=small)
[2026-07-26 03:48:36] 2026-07-25 13:11:31 | INFO     | KDClient 0 round 6 public KD (epochs=2)
[2026-07-26 03:48:36] 2026-07-25 13:11:45 | INFO     | KDClient 0 round 6 local training (epochs=4)
[2026-07-26 03:48:36] 2026-07-25 13:11:58 | INFO     | KDClient 0 round 6 completed (acc=0.5225, n=90)
[2026-07-26 03:48:36] 2026-07-25 13:11:58 | INFO     | KDClient 1 fit round 6 (tier=small)
[2026-07-26 03:48:36] 2026-07-25 13:11:58 | INFO     | KDClient 1 round 6 public KD (epochs=2)
[2026-07-26 03:48:36] 2026-07-25 13:12:17 | INFO     | KDClient 1 round 6 local training (epochs=4)
[2026-07-26 03:48:36] 2026-07-25 13:12:28 | INFO     | KDClient 1 round 6 completed (acc=0.5207, n=90)
[2026-07-26 03:48:36] 2026-07-25 13:12:28 | INFO     | KDClient 2 fit round 6 (tier=small)
[2026-07-26 03:48:36] 2026-07-25 13:12:28 | INFO     | KDClient 2 round 6 public KD (epochs=2)
[2026-07-26 03:48:36] 2026-07-25 13:12:43 | INFO     | KDClient 2 round 6 local training (epochs=4)
[2026-07-26 03:48:36] 2026-07-25 13:12:56 | INFO     | KDClient 2 round 6 completed (acc=0.5279, n=90)
[2026-07-26 03:48:36] 2026-07-25 13:12:56 | INFO     | KDClient 3 fit round 6 (tier=small)
[2026-07-26 03:48:36] 2026-07-25 13:12:56 | INFO     | KDClient 3 round 6 public KD (epochs=2)
[2026-07-26 03:48:36] 2026-07-25 13:13:10 | INFO     | KDClient 3 round 6 local training (epochs=4)
[2026-07-26 03:48:36] 2026-07-25 13:13:22 | INFO     | KDClient 3 round 6 completed (acc=0.5207, n=90)
[2026-07-26 03:48:36] 2026-07-25 13:13:22 | INFO     | KDClient 4 fit round 6 (tier=small)
[2026-07-26 03:48:36] 2026-07-25 13:13:22 | INFO     | KDClient 4 round 6 public KD (epochs=2)
[2026-07-26 03:48:36] 2026-07-25 13:13:36 | INFO     | KDClient 4 round 6 local training (epochs=4)
[2026-07-26 03:48:36] 2026-07-25 13:13:49 | INFO     | KDClient 4 round 6 completed (acc=0.5207, n=90)
[2026-07-26 03:48:36] 2026-07-25 13:13:49 | INFO     | KDClient 5 fit round 6 (tier=small)
[2026-07-26 03:48:36] 2026-07-25 13:13:49 | INFO     | KDClient 5 round 6 public KD (epochs=2)
[2026-07-26 03:48:36] 2026-07-25 13:14:04 | INFO     | KDClient 5 round 6 local training (epochs=4)
[2026-07-26 03:48:36] 2026-07-25 13:14:21 | INFO     | KDClient 5 round 6 completed (acc=0.5207, n=90)
[2026-07-26 03:48:36] 2026-07-25 13:14:21 | INFO     | KDClient 6 fit round 6 (tier=small)
[2026-07-26 03:48:36] 2026-07-25 13:14:21 | INFO     | KDClient 6 round 6 public KD (epochs=2)
[2026-07-26 03:48:36] 2026-07-25 13:14:37 | INFO     | KDClient 6 round 6 local training (epochs=4)
[2026-07-26 03:48:36] 2026-07-25 13:14:52 | INFO     | KDClient 6 round 6 completed (acc=0.5207, n=90)
[2026-07-26 03:48:36] 2026-07-25 13:14:52 | INFO     | KDClient 7 fit round 6 (tier=medium)
[2026-07-26 03:48:36] 2026-07-25 13:14:52 | INFO     | KDClient 7 round 6 public KD (epochs=2)
[2026-07-26 03:48:36] 2026-07-25 13:15:40 | INFO     | KDClient 7 round 6 local training (epochs=4)
[2026-07-26 03:48:36] 2026-07-25 13:16:18 | INFO     | KDClient 7 round 6 completed (acc=0.6577, n=90)
[2026-07-26 03:48:36] 2026-07-25 13:16:18 | INFO     | KDClient 8 fit round 6 (tier=medium)
[2026-07-26 03:48:36] 2026-07-25 13:16:18 | INFO     | KDClient 8 round 6 public KD (epochs=2)
[2026-07-26 03:48:36] 2026-07-25 13:17:24 | INFO     | KDClient 8 round 6 local training (epochs=4)
[2026-07-26 03:48:36] 2026-07-25 13:18:02 | INFO     | KDClient 8 round 6 completed (acc=0.6414, n=90)
[2026-07-26 03:48:36] 2026-07-25 13:18:02 | INFO     | KDClient 9 fit round 6 (tier=medium)
[2026-07-26 03:48:36] 2026-07-25 13:18:02 | INFO     | KDClient 9 round 6 public KD (epochs=2)
[2026-07-26 03:48:36] 2026-07-25 13:18:40 | INFO     | KDClient 9 round 6 local training (epochs=4)
[2026-07-26 03:48:36] 2026-07-25 13:19:09 | INFO     | KDClient 9 round 6 completed (acc=0.6198, n=90)
[2026-07-26 03:48:36] 2026-07-25 13:19:09 | INFO     | KDClient 10 fit round 6 (tier=medium)
[2026-07-26 03:48:36] 2026-07-25 13:19:09 | INFO     | KDClient 10 round 6 public KD (epochs=2)
[2026-07-26 03:48:36] 2026-07-25 13:19:44 | INFO     | KDClient 10 round 6 local training (epochs=4)
[2026-07-26 03:48:36] 2026-07-25 13:20:12 | INFO     | KDClient 10 round 6 completed (acc=0.6559, n=90)
[2026-07-26 03:48:36] 2026-07-25 13:20:12 | INFO     | KDClient 11 fit round 6 (tier=medium)
[2026-07-26 03:48:36] 2026-07-25 13:20:12 | INFO     | KDClient 11 round 6 public KD (epochs=2)
[2026-07-26 03:48:36] 2026-07-25 13:20:47 | INFO     | KDClient 11 round 6 local training (epochs=4)
[2026-07-26 03:48:36] 2026-07-25 13:21:22 | INFO     | KDClient 11 round 6 completed (acc=0.6847, n=90)
[2026-07-26 03:48:36] 2026-07-25 13:21:22 | INFO     | KDClient 12 fit round 6 (tier=medium)
[2026-07-26 03:48:36] 2026-07-25 13:21:22 | INFO     | KDClient 12 round 6 public KD (epochs=2)
[2026-07-26 03:48:36] 2026-07-25 13:22:01 | INFO     | KDClient 12 round 6 local training (epochs=4)
[2026-07-26 03:48:36] 2026-07-25 13:22:37 | INFO     | KDClient 12 round 6 completed (acc=0.6973, n=90)
[2026-07-26 03:48:36] 2026-07-25 13:22:37 | INFO     | KDClient 13 fit round 6 (tier=medium)
[2026-07-26 03:48:36] 2026-07-25 13:22:37 | INFO     | KDClient 13 round 6 public KD (epochs=2)
[2026-07-26 03:48:36] 2026-07-25 13:23:13 | INFO     | KDClient 13 round 6 local training (epochs=4)
[2026-07-26 03:48:36] 2026-07-25 13:23:44 | INFO     | KDClient 13 round 6 completed (acc=0.6991, n=90)
[2026-07-26 03:48:36] 2026-07-25 13:23:44 | INFO     | KDClient 14 fit round 6 (tier=large)
[2026-07-26 03:48:36] 2026-07-25 13:23:44 | INFO     | KDClient 14 round 6 public KD (epochs=2)
[2026-07-26 03:48:36] 2026-07-25 13:24:55 | INFO     | KDClient 14 round 6 local training (epochs=4)
[2026-07-26 03:48:36] 2026-07-25 13:25:46 | INFO     | KDClient 14 round 6 completed (acc=0.6486, n=90)
[2026-07-26 03:48:36] 2026-07-25 13:25:46 | INFO     | KDClient 15 fit round 6 (tier=large)
[2026-07-26 03:48:36] 2026-07-25 13:25:46 | INFO     | KDClient 15 round 6 public KD (epochs=2)
[2026-07-26 03:48:36] 2026-07-25 13:26:52 | INFO     | KDClient 15 round 6 local training (epochs=4)
[2026-07-26 03:48:36] 2026-07-25 13:27:57 | INFO     | KDClient 15 round 6 completed (acc=0.6523, n=90)
[2026-07-26 03:48:36] 2026-07-25 13:27:57 | INFO     | KDClient 16 fit round 6 (tier=large)
[2026-07-26 03:48:36] 2026-07-25 13:27:57 | INFO     | KDClient 16 round 6 public KD (epochs=2)
[2026-07-26 03:48:36] 2026-07-25 13:29:06 | INFO     | KDClient 16 round 6 local training (epochs=4)
[2026-07-26 03:48:36] 2026-07-25 13:30:04 | INFO     | KDClient 16 round 6 completed (acc=0.3261, n=90)
[2026-07-26 03:48:36] 2026-07-25 13:30:04 | INFO     | KDClient 17 fit round 6 (tier=large)
[2026-07-26 03:48:36] 2026-07-25 13:30:04 | INFO     | KDClient 17 round 6 public KD (epochs=2)
[2026-07-26 03:48:36] 2026-07-25 13:31:20 | INFO     | KDClient 17 round 6 local training (epochs=4)
[2026-07-26 03:48:36] 2026-07-25 13:32:12 | INFO     | KDClient 17 round 6 completed (acc=0.6541, n=90)
[2026-07-26 03:48:36] 2026-07-25 13:32:12 | INFO     | KDClient 18 fit round 6 (tier=large)
[2026-07-26 03:48:36] 2026-07-25 13:32:12 | INFO     | KDClient 18 round 6 public KD (epochs=2)
[2026-07-26 03:48:36] 2026-07-25 13:33:26 | INFO     | KDClient 18 round 6 local training (epochs=4)
[2026-07-26 03:48:36] 2026-07-25 13:34:26 | INFO     | KDClient 18 round 6 completed (acc=0.5045, n=90)
[2026-07-26 03:48:36] 2026-07-25 13:34:26 | INFO     | KDClient 19 fit round 6 (tier=large)
[2026-07-26 03:48:36] 2026-07-25 13:34:26 | INFO     | KDClient 19 round 6 public KD (epochs=2)
[2026-07-26 03:48:36] 2026-07-25 13:35:35 | INFO     | KDClient 19 round 6 local training (epochs=4)
[2026-07-26 03:48:36] 2026-07-25 13:36:26 | INFO     | KDClient 19 round 6 completed (acc=0.5766, n=90)
[2026-07-26 03:48:36]   Round   6/50 | Avg: 0.5836 | Min: 0.3261 | Max: 0.6991
[2026-07-26 03:48:36] 2026-07-25 13:36:26 | INFO     | FEDMD — IID: round 7/50 starting
[2026-07-26 03:48:36] 2026-07-25 13:36:26 | INFO     | KDClient 0 fit round 7 (tier=small)
[2026-07-26 03:48:36] 2026-07-25 13:36:26 | INFO     | KDClient 0 round 7 public KD (epochs=2)
[2026-07-26 03:48:36] 2026-07-25 13:36:40 | INFO     | KDClient 0 round 7 local training (epochs=4)
[2026-07-26 03:48:36] 2026-07-25 13:36:54 | INFO     | KDClient 0 round 7 completed (acc=0.5207, n=90)
[2026-07-26 03:48:36] 2026-07-25 13:36:54 | INFO     | KDClient 1 fit round 7 (tier=small)
[2026-07-26 03:48:36] 2026-07-25 13:36:54 | INFO     | KDClient 1 round 7 public KD (epochs=2)
[2026-07-26 03:48:36] 2026-07-25 13:37:11 | INFO     | KDClient 1 round 7 local training (epochs=4)
[2026-07-26 03:48:36] 2026-07-25 13:37:23 | INFO     | KDClient 1 round 7 completed (acc=0.5207, n=90)
[2026-07-26 03:48:36] 2026-07-25 13:37:23 | INFO     | KDClient 2 fit round 7 (tier=small)
[2026-07-26 03:48:36] 2026-07-25 13:37:23 | INFO     | KDClient 2 round 7 public KD (epochs=2)
[2026-07-26 03:48:36] 2026-07-25 13:37:37 | INFO     | KDClient 2 round 7 local training (epochs=4)
[2026-07-26 03:48:36] 2026-07-25 13:37:50 | INFO     | KDClient 2 round 7 completed (acc=0.7784, n=90)
[2026-07-26 03:48:36] 2026-07-25 13:37:50 | INFO     | KDClient 3 fit round 7 (tier=small)
[2026-07-26 03:48:36] 2026-07-25 13:37:50 | INFO     | KDClient 3 round 7 public KD (epochs=2)
[2026-07-26 03:48:36] 2026-07-25 13:38:06 | INFO     | KDClient 3 round 7 local training (epochs=4)
[2026-07-26 03:48:36] 2026-07-25 13:38:19 | INFO     | KDClient 3 round 7 completed (acc=0.5261, n=90)
[2026-07-26 03:48:36] 2026-07-25 13:38:19 | INFO     | KDClient 4 fit round 7 (tier=small)
[2026-07-26 03:48:36] 2026-07-25 13:38:19 | INFO     | KDClient 4 round 7 public KD (epochs=2)
[2026-07-26 03:48:36] 2026-07-25 13:38:33 | INFO     | KDClient 4 round 7 local training (epochs=4)
[2026-07-26 03:48:36] 2026-07-25 13:38:46 | INFO     | KDClient 4 round 7 completed (acc=0.5207, n=90)
[2026-07-26 03:48:36] 2026-07-25 13:38:46 | INFO     | KDClient 5 fit round 7 (tier=small)
[2026-07-26 03:48:36] 2026-07-25 13:38:46 | INFO     | KDClient 5 round 7 public KD (epochs=2)
[2026-07-26 03:48:36] 2026-07-25 13:39:03 | INFO     | KDClient 5 round 7 local training (epochs=4)
[2026-07-26 03:48:36] 2026-07-25 13:39:19 | INFO     | KDClient 5 round 7 completed (acc=0.5225, n=90)
[2026-07-26 03:48:36] 2026-07-25 13:39:19 | INFO     | KDClient 6 fit round 7 (tier=small)
[2026-07-26 03:48:36] 2026-07-25 13:39:19 | INFO     | KDClient 6 round 7 public KD (epochs=2)
[2026-07-26 03:48:36] 2026-07-25 13:39:35 | INFO     | KDClient 6 round 7 local training (epochs=4)
[2026-07-26 03:48:36] 2026-07-25 13:39:50 | INFO     | KDClient 6 round 7 completed (acc=0.5207, n=90)
[2026-07-26 03:48:36] 2026-07-25 13:39:50 | INFO     | KDClient 7 fit round 7 (tier=medium)
[2026-07-26 03:48:36] 2026-07-25 13:39:50 | INFO     | KDClient 7 round 7 public KD (epochs=2)
[2026-07-26 03:48:36] 2026-07-25 13:40:38 | INFO     | KDClient 7 round 7 local training (epochs=4)
[2026-07-26 03:48:36] 2026-07-25 13:41:18 | INFO     | KDClient 7 round 7 completed (acc=0.6829, n=90)
[2026-07-26 03:48:36] 2026-07-25 13:41:18 | INFO     | KDClient 8 fit round 7 (tier=medium)
[2026-07-26 03:48:36] 2026-07-25 13:41:18 | INFO     | KDClient 8 round 7 public KD (epochs=2)
[2026-07-26 03:48:36] 2026-07-25 13:42:02 | INFO     | KDClient 8 round 7 local training (epochs=4)
[2026-07-26 03:48:36] 2026-07-25 13:42:36 | INFO     | KDClient 8 round 7 completed (acc=0.6559, n=90)
[2026-07-26 03:48:36] 2026-07-25 13:42:36 | INFO     | KDClient 9 fit round 7 (tier=medium)
[2026-07-26 03:48:36] 2026-07-25 13:42:36 | INFO     | KDClient 9 round 7 public KD (epochs=2)
[2026-07-26 03:48:36] 2026-07-25 13:43:18 | INFO     | KDClient 9 round 7 local training (epochs=4)
[2026-07-26 03:48:36] 2026-07-25 13:43:46 | INFO     | KDClient 9 round 7 completed (acc=0.6270, n=90)
[2026-07-26 03:48:36] 2026-07-25 13:43:46 | INFO     | KDClient 10 fit round 7 (tier=medium)
[2026-07-26 03:48:36] 2026-07-25 13:43:46 | INFO     | KDClient 10 round 7 public KD (epochs=2)
[2026-07-26 03:48:36] 2026-07-25 13:44:22 | INFO     | KDClient 10 round 7 local training (epochs=4)
[2026-07-26 03:48:36] 2026-07-25 13:44:51 | INFO     | KDClient 10 round 7 completed (acc=0.6342, n=90)
[2026-07-26 03:48:36] 2026-07-25 13:44:51 | INFO     | KDClient 11 fit round 7 (tier=medium)
[2026-07-26 03:48:36] 2026-07-25 13:44:51 | INFO     | KDClient 11 round 7 public KD (epochs=2)
[2026-07-26 03:48:36] 2026-07-25 13:45:27 | INFO     | KDClient 11 round 7 local training (epochs=4)
[2026-07-26 03:48:36] 2026-07-25 13:45:58 | INFO     | KDClient 11 round 7 completed (acc=0.6559, n=90)
[2026-07-26 03:48:36] 2026-07-25 13:45:58 | INFO     | KDClient 12 fit round 7 (tier=medium)
[2026-07-26 03:48:36] 2026-07-25 13:45:58 | INFO     | KDClient 12 round 7 public KD (epochs=2)
[2026-07-26 03:48:36] 2026-07-25 13:46:37 | INFO     | KDClient 12 round 7 local training (epochs=4)
[2026-07-26 03:48:36] 2026-07-25 13:47:05 | INFO     | KDClient 12 round 7 completed (acc=0.6000, n=90)
[2026-07-26 03:48:36] 2026-07-25 13:47:05 | INFO     | KDClient 13 fit round 7 (tier=medium)
[2026-07-26 03:48:36] 2026-07-25 13:47:05 | INFO     | KDClient 13 round 7 public KD (epochs=2)
[2026-07-26 03:48:36] 2026-07-25 13:47:44 | INFO     | KDClient 13 round 7 local training (epochs=4)
[2026-07-26 03:48:36] 2026-07-25 13:48:14 | INFO     | KDClient 13 round 7 completed (acc=0.6613, n=90)
[2026-07-26 03:48:36] 2026-07-25 13:48:14 | INFO     | KDClient 14 fit round 7 (tier=large)
[2026-07-26 03:48:36] 2026-07-25 13:48:14 | INFO     | KDClient 14 round 7 public KD (epochs=2)
[2026-07-26 03:48:36] 2026-07-25 13:49:13 | INFO     | KDClient 14 round 7 local training (epochs=4)
[2026-07-26 03:48:36] 2026-07-25 13:50:01 | INFO     | KDClient 14 round 7 completed (acc=0.6523, n=90)
[2026-07-26 03:48:36] 2026-07-25 13:50:01 | INFO     | KDClient 15 fit round 7 (tier=large)
[2026-07-26 03:48:36] 2026-07-25 13:50:01 | INFO     | KDClient 15 round 7 public KD (epochs=2)
[2026-07-26 03:48:36] 2026-07-25 13:51:08 | INFO     | KDClient 15 round 7 local training (epochs=4)
[2026-07-26 03:48:36] 2026-07-25 13:51:59 | INFO     | KDClient 15 round 7 completed (acc=0.6541, n=90)
[2026-07-26 03:48:36] 2026-07-25 13:51:59 | INFO     | KDClient 16 fit round 7 (tier=large)
[2026-07-26 03:48:36] 2026-07-25 13:51:59 | INFO     | KDClient 16 round 7 public KD (epochs=2)
[2026-07-26 03:48:36] 2026-07-25 13:53:04 | INFO     | KDClient 16 round 7 local training (epochs=4)
[2026-07-26 03:48:36] 2026-07-25 13:53:54 | INFO     | KDClient 16 round 7 completed (acc=0.6541, n=90)
[2026-07-26 03:48:36] 2026-07-25 13:53:54 | INFO     | KDClient 17 fit round 7 (tier=large)
[2026-07-26 03:48:36] 2026-07-25 13:53:54 | INFO     | KDClient 17 round 7 public KD (epochs=2)
[2026-07-26 03:48:36] 2026-07-25 13:55:04 | INFO     | KDClient 17 round 7 local training (epochs=4)
[2026-07-26 03:48:36] 2026-07-25 13:55:57 | INFO     | KDClient 17 round 7 completed (acc=0.6523, n=90)
[2026-07-26 03:48:36] 2026-07-25 13:55:57 | INFO     | KDClient 18 fit round 7 (tier=large)
[2026-07-26 03:48:36] 2026-07-25 13:55:57 | INFO     | KDClient 18 round 7 public KD (epochs=2)
[2026-07-26 03:48:36] 2026-07-25 13:57:07 | INFO     | KDClient 18 round 7 local training (epochs=4)
[2026-07-26 03:48:36] 2026-07-25 13:58:10 | INFO     | KDClient 18 round 7 completed (acc=0.6721, n=90)
[2026-07-26 03:48:36] 2026-07-25 13:58:10 | INFO     | KDClient 19 fit round 7 (tier=large)
[2026-07-26 03:48:36] 2026-07-25 13:58:10 | INFO     | KDClient 19 round 7 public KD (epochs=2)
[2026-07-26 03:48:36] 2026-07-25 13:59:23 | INFO     | KDClient 19 round 7 local training (epochs=4)
[2026-07-26 03:48:36] 2026-07-25 14:00:20 | INFO     | KDClient 19 round 7 completed (acc=0.6559, n=90)
[2026-07-26 03:48:36]   Round   7/50 | Avg: 0.6184 | Min: 0.5207 | Max: 0.7784
[2026-07-26 03:48:36] 2026-07-25 14:00:20 | INFO     | FEDMD — IID: round 8/50 starting
[2026-07-26 03:48:36] 2026-07-25 14:00:20 | INFO     | KDClient 0 fit round 8 (tier=small)
[2026-07-26 03:48:36] 2026-07-25 14:00:20 | INFO     | KDClient 0 round 8 public KD (epochs=2)
[2026-07-26 03:48:36] 2026-07-25 14:00:40 | INFO     | KDClient 0 round 8 local training (epochs=4)
[2026-07-26 03:48:36] 2026-07-25 14:00:52 | INFO     | KDClient 0 round 8 completed (acc=0.5225, n=90)
[2026-07-26 03:48:36] 2026-07-25 14:00:52 | INFO     | KDClient 1 fit round 8 (tier=small)
[2026-07-26 03:48:36] 2026-07-25 14:00:52 | INFO     | KDClient 1 round 8 public KD (epochs=2)
[2026-07-26 03:48:36] 2026-07-25 14:01:04 | INFO     | KDClient 1 round 8 local training (epochs=4)
[2026-07-26 03:48:36] 2026-07-25 14:01:15 | INFO     | KDClient 1 round 8 completed (acc=0.5243, n=90)
[2026-07-26 03:48:36] 2026-07-25 14:01:15 | INFO     | KDClient 2 fit round 8 (tier=small)
[2026-07-26 03:48:36] 2026-07-25 14:01:15 | INFO     | KDClient 2 round 8 public KD (epochs=2)
[2026-07-26 03:48:36] 2026-07-25 14:01:29 | INFO     | KDClient 2 round 8 local training (epochs=4)
[2026-07-26 03:48:36] 2026-07-25 14:01:43 | INFO     | KDClient 2 round 8 completed (acc=0.7441, n=90)
[2026-07-26 03:48:36] 2026-07-25 14:01:43 | INFO     | KDClient 3 fit round 8 (tier=small)
[2026-07-26 03:48:36] 2026-07-25 14:01:43 | INFO     | KDClient 3 round 8 public KD (epochs=2)
[2026-07-26 03:48:36] 2026-07-25 14:01:57 | INFO     | KDClient 3 round 8 local training (epochs=4)
[2026-07-26 03:48:36] 2026-07-25 14:02:06 | INFO     | KDClient 3 round 8 completed (acc=0.7333, n=90)
[2026-07-26 03:48:36] 2026-07-25 14:02:06 | INFO     | KDClient 4 fit round 8 (tier=small)
[2026-07-26 03:48:36] 2026-07-25 14:02:06 | INFO     | KDClient 4 round 8 public KD (epochs=2)
[2026-07-26 03:48:36] 2026-07-25 14:02:19 | INFO     | KDClient 4 round 8 local training (epochs=4)
[2026-07-26 03:48:36] 2026-07-25 14:02:34 | INFO     | KDClient 4 round 8 completed (acc=0.5261, n=90)
[2026-07-26 03:48:36] 2026-07-25 14:02:34 | INFO     | KDClient 5 fit round 8 (tier=small)
[2026-07-26 03:48:36] 2026-07-25 14:02:34 | INFO     | KDClient 5 round 8 public KD (epochs=2)
[2026-07-26 03:48:36] 2026-07-25 14:02:48 | INFO     | KDClient 5 round 8 local training (epochs=4)
[2026-07-26 03:48:36] 2026-07-25 14:02:58 | INFO     | KDClient 5 round 8 completed (acc=0.5261, n=90)
[2026-07-26 03:48:36] 2026-07-25 14:02:58 | INFO     | KDClient 6 fit round 8 (tier=small)
[2026-07-26 03:48:36] 2026-07-25 14:02:58 | INFO     | KDClient 6 round 8 public KD (epochs=2)
[2026-07-26 03:48:36] 2026-07-25 14:03:13 | INFO     | KDClient 6 round 8 local training (epochs=4)
[2026-07-26 03:48:36] 2026-07-25 14:03:26 | INFO     | KDClient 6 round 8 completed (acc=0.5730, n=90)
[2026-07-26 03:48:36] 2026-07-25 14:03:26 | INFO     | KDClient 7 fit round 8 (tier=medium)
[2026-07-26 03:48:36] 2026-07-25 14:03:26 | INFO     | KDClient 7 round 8 public KD (epochs=2)
[2026-07-26 03:48:36] 2026-07-25 14:04:13 | INFO     | KDClient 7 round 8 local training (epochs=4)
[2026-07-26 03:48:36] 2026-07-25 14:04:50 | INFO     | KDClient 7 round 8 completed (acc=0.6613, n=90)
[2026-07-26 03:48:36] 2026-07-25 14:04:50 | INFO     | KDClient 8 fit round 8 (tier=medium)
[2026-07-26 03:48:36] 2026-07-25 14:04:50 | INFO     | KDClient 8 round 8 public KD (epochs=2)
[2026-07-26 03:48:36] 2026-07-25 14:05:52 | INFO     | KDClient 8 round 8 local training (epochs=4)
[2026-07-26 03:48:36] 2026-07-25 14:06:36 | INFO     | KDClient 8 round 8 completed (acc=0.6559, n=90)
[2026-07-26 03:48:36] 2026-07-25 14:06:36 | INFO     | KDClient 9 fit round 8 (tier=medium)
[2026-07-26 03:48:36] 2026-07-25 14:06:36 | INFO     | KDClient 9 round 8 public KD (epochs=2)
[2026-07-26 03:48:36] 2026-07-25 14:07:18 | INFO     | KDClient 9 round 8 local training (epochs=4)
[2026-07-26 03:48:36] 2026-07-25 14:07:53 | INFO     | KDClient 9 round 8 completed (acc=0.6414, n=90)
[2026-07-26 03:48:36] 2026-07-25 14:07:53 | INFO     | KDClient 10 fit round 8 (tier=medium)
[2026-07-26 03:48:36] 2026-07-25 14:07:53 | INFO     | KDClient 10 round 8 public KD (epochs=2)
[2026-07-26 03:48:36] 2026-07-25 14:08:29 | INFO     | KDClient 10 round 8 local training (epochs=4)
[2026-07-26 03:48:36] 2026-07-25 14:08:58 | INFO     | KDClient 10 round 8 completed (acc=0.6721, n=90)
[2026-07-26 03:48:36] 2026-07-25 14:08:58 | INFO     | KDClient 11 fit round 8 (tier=medium)
[2026-07-26 03:48:36] 2026-07-25 14:08:58 | INFO     | KDClient 11 round 8 public KD (epochs=2)
[2026-07-26 03:48:36] 2026-07-25 14:09:32 | INFO     | KDClient 11 round 8 local training (epochs=4)
[2026-07-26 03:48:36] 2026-07-25 14:10:02 | INFO     | KDClient 11 round 8 completed (acc=0.7207, n=90)
[2026-07-26 03:48:36] 2026-07-25 14:10:02 | INFO     | KDClient 12 fit round 8 (tier=medium)
[2026-07-26 03:48:36] 2026-07-25 14:10:02 | INFO     | KDClient 12 round 8 public KD (epochs=2)
[2026-07-26 03:48:36] 2026-07-25 14:10:40 | INFO     | KDClient 12 round 8 local training (epochs=4)
[2026-07-26 03:48:36] 2026-07-25 14:11:09 | INFO     | KDClient 12 round 8 completed (acc=0.6432, n=90)
[2026-07-26 03:48:36] 2026-07-25 14:11:09 | INFO     | KDClient 13 fit round 8 (tier=medium)
[2026-07-26 03:48:36] 2026-07-25 14:11:09 | INFO     | KDClient 13 round 8 public KD (epochs=2)
[2026-07-26 03:48:36] 2026-07-25 14:11:47 | INFO     | KDClient 13 round 8 local training (epochs=4)
[2026-07-26 03:48:36] 2026-07-25 14:12:17 | INFO     | KDClient 13 round 8 completed (acc=0.7081, n=90)
[2026-07-26 03:48:36] 2026-07-25 14:12:17 | INFO     | KDClient 14 fit round 8 (tier=large)
[2026-07-26 03:48:36] 2026-07-25 14:12:17 | INFO     | KDClient 14 round 8 public KD (epochs=2)
[2026-07-26 03:48:36] 2026-07-25 14:13:15 | INFO     | KDClient 14 round 8 local training (epochs=4)
[2026-07-26 03:48:36] 2026-07-25 14:14:17 | INFO     | KDClient 14 round 8 completed (acc=0.6523, n=90)
[2026-07-26 03:48:36] 2026-07-25 14:14:17 | INFO     | KDClient 15 fit round 8 (tier=large)
[2026-07-26 03:48:36] 2026-07-25 14:14:17 | INFO     | KDClient 15 round 8 public KD (epochs=2)
[2026-07-26 03:48:36] 2026-07-25 14:15:22 | INFO     | KDClient 15 round 8 local training (epochs=4)
[2026-07-26 03:48:36] 2026-07-25 14:16:19 | INFO     | KDClient 15 round 8 completed (acc=0.7766, n=90)
[2026-07-26 03:48:36] 2026-07-25 14:16:19 | INFO     | KDClient 16 fit round 8 (tier=large)
[2026-07-26 03:48:36] 2026-07-25 14:16:19 | INFO     | KDClient 16 round 8 public KD (epochs=2)
[2026-07-26 03:48:36] 2026-07-25 14:17:25 | INFO     | KDClient 16 round 8 local training (epochs=4)
[2026-07-26 03:48:36] 2026-07-25 14:18:12 | INFO     | KDClient 16 round 8 completed (acc=0.6541, n=90)
[2026-07-26 03:48:36] 2026-07-25 14:18:12 | INFO     | KDClient 17 fit round 8 (tier=large)
[2026-07-26 03:48:36] 2026-07-25 14:18:12 | INFO     | KDClient 17 round 8 public KD (epochs=2)
[2026-07-26 03:48:36] 2026-07-25 14:19:19 | INFO     | KDClient 17 round 8 local training (epochs=4)
[2026-07-26 03:48:36] 2026-07-25 14:20:13 | INFO     | KDClient 17 round 8 completed (acc=0.6541, n=90)
[2026-07-26 03:48:36] 2026-07-25 14:20:13 | INFO     | KDClient 18 fit round 8 (tier=large)
[2026-07-26 03:48:36] 2026-07-25 14:20:13 | INFO     | KDClient 18 round 8 public KD (epochs=2)
[2026-07-26 03:48:36] 2026-07-25 14:21:26 | INFO     | KDClient 18 round 8 local training (epochs=4)
[2026-07-26 03:48:36] 2026-07-25 14:22:22 | INFO     | KDClient 18 round 8 completed (acc=0.6991, n=90)
[2026-07-26 03:48:36] 2026-07-25 14:22:22 | INFO     | KDClient 19 fit round 8 (tier=large)
[2026-07-26 03:48:36] 2026-07-25 14:22:22 | INFO     | KDClient 19 round 8 public KD (epochs=2)
[2026-07-26 03:48:36] 2026-07-25 14:23:36 | INFO     | KDClient 19 round 8 local training (epochs=4)
[2026-07-26 03:48:36] 2026-07-25 14:24:30 | INFO     | KDClient 19 round 8 completed (acc=0.7622, n=90)
[2026-07-26 03:48:36]   Round   8/50 | Avg: 0.6525 | Min: 0.5225 | Max: 0.7766
[2026-07-26 03:48:36] 2026-07-25 14:24:30 | INFO     | FEDMD — IID: round 9/50 starting
[2026-07-26 03:48:36] 2026-07-25 14:24:30 | INFO     | KDClient 0 fit round 9 (tier=small)
[2026-07-26 03:48:36] 2026-07-25 14:24:30 | INFO     | KDClient 0 round 9 public KD (epochs=2)
[2026-07-26 03:48:36] 2026-07-25 14:24:45 | INFO     | KDClient 0 round 9 local training (epochs=4)
[2026-07-26 03:48:36] 2026-07-25 14:24:57 | INFO     | KDClient 0 round 9 completed (acc=0.7676, n=90)
[2026-07-26 03:48:36] 2026-07-25 14:24:57 | INFO     | KDClient 1 fit round 9 (tier=small)
[2026-07-26 03:48:36] 2026-07-25 14:24:57 | INFO     | KDClient 1 round 9 public KD (epochs=2)
[2026-07-26 03:48:36] 2026-07-25 14:25:15 | INFO     | KDClient 1 round 9 local training (epochs=4)
[2026-07-26 03:48:36] 2026-07-25 14:25:31 | INFO     | KDClient 1 round 9 completed (acc=0.5243, n=90)
[2026-07-26 03:48:36] 2026-07-25 14:25:31 | INFO     | KDClient 2 fit round 9 (tier=small)
[2026-07-26 03:48:36] 2026-07-25 14:25:31 | INFO     | KDClient 2 round 9 public KD (epochs=2)
[2026-07-26 03:48:36] 2026-07-25 14:25:45 | INFO     | KDClient 2 round 9 local training (epochs=4)
[2026-07-26 03:48:36] 2026-07-25 14:25:55 | INFO     | KDClient 2 round 9 completed (acc=0.7784, n=90)
[2026-07-26 03:48:36] 2026-07-25 14:25:55 | INFO     | KDClient 3 fit round 9 (tier=small)
[2026-07-26 03:48:36] 2026-07-25 14:25:55 | INFO     | KDClient 3 round 9 public KD (epochs=2)
[2026-07-26 03:48:36] 2026-07-25 14:26:09 | INFO     | KDClient 3 round 9 local training (epochs=4)
[2026-07-26 03:48:36] 2026-07-25 14:26:20 | INFO     | KDClient 3 round 9 completed (acc=0.7459, n=90)
[2026-07-26 03:48:36] 2026-07-25 14:26:20 | INFO     | KDClient 4 fit round 9 (tier=small)
[2026-07-26 03:48:36] 2026-07-25 14:26:20 | INFO     | KDClient 4 round 9 public KD (epochs=2)
[2026-07-26 03:48:36] 2026-07-25 14:26:34 | INFO     | KDClient 4 round 9 local training (epochs=4)
[2026-07-26 03:48:36] 2026-07-25 14:26:48 | INFO     | KDClient 4 round 9 completed (acc=0.7279, n=90)
[2026-07-26 03:48:36] 2026-07-25 14:26:48 | INFO     | KDClient 5 fit round 9 (tier=small)
[2026-07-26 03:48:36] 2026-07-25 14:26:48 | INFO     | KDClient 5 round 9 public KD (epochs=2)
[2026-07-26 03:48:36] 2026-07-25 14:27:03 | INFO     | KDClient 5 round 9 local training (epochs=4)
[2026-07-26 03:48:36] 2026-07-25 14:27:18 | INFO     | KDClient 5 round 9 completed (acc=0.7081, n=90)
[2026-07-26 03:48:36] 2026-07-25 14:27:18 | INFO     | KDClient 6 fit round 9 (tier=small)
[2026-07-26 03:48:36] 2026-07-25 14:27:18 | INFO     | KDClient 6 round 9 public KD (epochs=2)
[2026-07-26 03:48:36] 2026-07-25 14:27:33 | INFO     | KDClient 6 round 9 local training (epochs=4)
[2026-07-26 03:48:36] 2026-07-25 14:27:46 | INFO     | KDClient 6 round 9 completed (acc=0.5964, n=90)
[2026-07-26 03:48:36] 2026-07-25 14:27:46 | INFO     | KDClient 7 fit round 9 (tier=medium)
[2026-07-26 03:48:36] 2026-07-25 14:27:46 | INFO     | KDClient 7 round 9 public KD (epochs=2)
[2026-07-26 03:48:36] 2026-07-25 14:28:31 | INFO     | KDClient 7 round 9 local training (epochs=4)
[2026-07-26 03:48:36] 2026-07-25 14:29:11 | INFO     | KDClient 7 round 9 completed (acc=0.6919, n=90)
[2026-07-26 03:48:36] 2026-07-25 14:29:11 | INFO     | KDClient 8 fit round 9 (tier=medium)
[2026-07-26 03:48:36] 2026-07-25 14:29:11 | INFO     | KDClient 8 round 9 public KD (epochs=2)
[2026-07-26 03:48:36] 2026-07-25 14:29:58 | INFO     | KDClient 8 round 9 local training (epochs=4)
[2026-07-26 03:48:36] 2026-07-25 14:30:38 | INFO     | KDClient 8 round 9 completed (acc=0.6649, n=90)
[2026-07-26 03:48:36] 2026-07-25 14:30:38 | INFO     | KDClient 9 fit round 9 (tier=medium)
[2026-07-26 03:48:36] 2026-07-25 14:30:38 | INFO     | KDClient 9 round 9 public KD (epochs=2)
[2026-07-26 03:48:36] 2026-07-25 14:31:20 | INFO     | KDClient 9 round 9 local training (epochs=4)
[2026-07-26 03:48:36] 2026-07-25 14:31:54 | INFO     | KDClient 9 round 9 completed (acc=0.6901, n=90)
[2026-07-26 03:48:36] 2026-07-25 14:31:54 | INFO     | KDClient 10 fit round 9 (tier=medium)
[2026-07-26 03:48:36] 2026-07-25 14:31:54 | INFO     | KDClient 10 round 9 public KD (epochs=2)
[2026-07-26 03:48:36] 2026-07-25 14:32:35 | INFO     | KDClient 10 round 9 local training (epochs=4)
[2026-07-26 03:48:36] 2026-07-25 14:33:05 | INFO     | KDClient 10 round 9 completed (acc=0.6468, n=90)
[2026-07-26 03:48:36] 2026-07-25 14:33:05 | INFO     | KDClient 11 fit round 9 (tier=medium)
[2026-07-26 03:48:36] 2026-07-25 14:33:05 | INFO     | KDClient 11 round 9 public KD (epochs=2)
[2026-07-26 03:48:36] 2026-07-25 14:33:40 | INFO     | KDClient 11 round 9 local training (epochs=4)
[2026-07-26 03:48:36] 2026-07-25 14:34:08 | INFO     | KDClient 11 round 9 completed (acc=0.7297, n=90)
[2026-07-26 03:48:36] 2026-07-25 14:34:08 | INFO     | KDClient 12 fit round 9 (tier=medium)
[2026-07-26 03:48:36] 2026-07-25 14:34:08 | INFO     | KDClient 12 round 9 public KD (epochs=2)
[2026-07-26 03:48:36] 2026-07-25 14:34:45 | INFO     | KDClient 12 round 9 local training (epochs=4)
[2026-07-26 03:48:36] 2026-07-25 14:35:13 | INFO     | KDClient 12 round 9 completed (acc=0.6811, n=90)
[2026-07-26 03:48:36] 2026-07-25 14:35:13 | INFO     | KDClient 13 fit round 9 (tier=medium)
[2026-07-26 03:48:36] 2026-07-25 14:35:13 | INFO     | KDClient 13 round 9 public KD (epochs=2)
[2026-07-26 03:48:36] 2026-07-25 14:35:49 | INFO     | KDClient 13 round 9 local training (epochs=4)
[2026-07-26 03:48:36] 2026-07-25 14:36:20 | INFO     | KDClient 13 round 9 completed (acc=0.7369, n=90)
[2026-07-26 03:48:36] 2026-07-25 14:36:20 | INFO     | KDClient 14 fit round 9 (tier=large)
[2026-07-26 03:48:36] 2026-07-25 14:36:20 | INFO     | KDClient 14 round 9 public KD (epochs=2)
[2026-07-26 03:48:36] 2026-07-25 14:37:21 | INFO     | KDClient 14 round 9 local training (epochs=4)
[2026-07-26 03:48:36] 2026-07-25 14:38:10 | INFO     | KDClient 14 round 9 completed (acc=0.6198, n=90)
[2026-07-26 03:48:36] 2026-07-25 14:38:10 | INFO     | KDClient 15 fit round 9 (tier=large)
[2026-07-26 03:48:36] 2026-07-25 14:38:10 | INFO     | KDClient 15 round 9 public KD (epochs=2)
[2026-07-26 03:48:36] 2026-07-25 14:39:17 | INFO     | KDClient 15 round 9 local training (epochs=4)
[2026-07-26 03:48:36] 2026-07-25 14:40:14 | INFO     | KDClient 15 round 9 completed (acc=0.7694, n=90)
[2026-07-26 03:48:36] 2026-07-25 14:40:14 | INFO     | KDClient 16 fit round 9 (tier=large)
[2026-07-26 03:48:36] 2026-07-25 14:40:14 | INFO     | KDClient 16 round 9 public KD (epochs=2)
[2026-07-26 03:48:36] 2026-07-25 14:41:27 | INFO     | KDClient 16 round 9 local training (epochs=4)
[2026-07-26 03:48:36] 2026-07-25 14:42:19 | INFO     | KDClient 16 round 9 completed (acc=0.6523, n=90)
[2026-07-26 03:48:36] 2026-07-25 14:42:19 | INFO     | KDClient 17 fit round 9 (tier=large)
[2026-07-26 03:48:36] 2026-07-25 14:42:19 | INFO     | KDClient 17 round 9 public KD (epochs=2)
[2026-07-26 03:48:36] 2026-07-25 14:43:23 | INFO     | KDClient 17 round 9 local training (epochs=4)
[2026-07-26 03:48:36] 2026-07-25 14:44:14 | INFO     | KDClient 17 round 9 completed (acc=0.6396, n=90)
[2026-07-26 03:48:36] 2026-07-25 14:44:14 | INFO     | KDClient 18 fit round 9 (tier=large)
[2026-07-26 03:48:36] 2026-07-25 14:44:14 | INFO     | KDClient 18 round 9 public KD (epochs=2)
[2026-07-26 03:48:36] 2026-07-25 14:45:25 | INFO     | KDClient 18 round 9 local training (epochs=4)
[2026-07-26 03:48:36] 2026-07-25 14:46:18 | INFO     | KDClient 18 round 9 completed (acc=0.5315, n=90)
[2026-07-26 03:48:36] 2026-07-25 14:46:18 | INFO     | KDClient 19 fit round 9 (tier=large)
[2026-07-26 03:48:36] 2026-07-25 14:46:18 | INFO     | KDClient 19 round 9 public KD (epochs=2)
[2026-07-26 03:48:36] 2026-07-25 14:47:26 | INFO     | KDClient 19 round 9 local training (epochs=4)
[2026-07-26 03:48:36] 2026-07-25 14:48:23 | INFO     | KDClient 19 round 9 completed (acc=0.7243, n=90)
[2026-07-26 03:48:36]   Round   9/50 | Avg: 0.6814 | Min: 0.5243 | Max: 0.7784
[2026-07-26 03:48:36] 2026-07-25 14:48:23 | INFO     | FEDMD — IID: round 10/50 starting
[2026-07-26 03:48:36] 2026-07-25 14:48:23 | INFO     | KDClient 0 fit round 10 (tier=small)
[2026-07-26 03:48:36] 2026-07-25 14:48:23 | INFO     | KDClient 0 round 10 public KD (epochs=2)
[2026-07-26 03:48:36] 2026-07-25 14:48:40 | INFO     | KDClient 0 round 10 local training (epochs=4)
[2026-07-26 03:48:36] 2026-07-25 14:48:52 | INFO     | KDClient 0 round 10 completed (acc=0.7441, n=90)
[2026-07-26 03:48:36] 2026-07-25 14:48:52 | INFO     | KDClient 1 fit round 10 (tier=small)
[2026-07-26 03:48:36] 2026-07-25 14:48:52 | INFO     | KDClient 1 round 10 public KD (epochs=2)
[2026-07-26 03:48:36] 2026-07-25 14:49:08 | INFO     | KDClient 1 round 10 local training (epochs=4)
[2026-07-26 03:48:36] 2026-07-25 14:49:20 | INFO     | KDClient 1 round 10 completed (acc=0.7586, n=90)
[2026-07-26 03:48:36] 2026-07-25 14:49:20 | INFO     | KDClient 2 fit round 10 (tier=small)
[2026-07-26 03:48:36] 2026-07-25 14:49:20 | INFO     | KDClient 2 round 10 public KD (epochs=2)
[2026-07-26 03:48:36] 2026-07-25 14:49:34 | INFO     | KDClient 2 round 10 local training (epochs=4)
[2026-07-26 03:48:36] 2026-07-25 14:49:46 | INFO     | KDClient 2 round 10 completed (acc=0.7748, n=90)
[2026-07-26 03:48:36] 2026-07-25 14:49:46 | INFO     | KDClient 3 fit round 10 (tier=small)
[2026-07-26 03:48:36] 2026-07-25 14:49:46 | INFO     | KDClient 3 round 10 public KD (epochs=2)
[2026-07-26 03:48:36] 2026-07-25 14:49:58 | INFO     | KDClient 3 round 10 local training (epochs=4)
[2026-07-26 03:48:36] 2026-07-25 14:50:08 | INFO     | KDClient 3 round 10 completed (acc=0.7171, n=90)
[2026-07-26 03:48:36] 2026-07-25 14:50:08 | INFO     | KDClient 4 fit round 10 (tier=small)
[2026-07-26 03:48:36] 2026-07-25 14:50:08 | INFO     | KDClient 4 round 10 public KD (epochs=2)
[2026-07-26 03:48:36] 2026-07-25 14:50:24 | INFO     | KDClient 4 round 10 local training (epochs=4)
[2026-07-26 03:48:36] 2026-07-25 14:50:37 | INFO     | KDClient 4 round 10 completed (acc=0.6180, n=90)
[2026-07-26 03:48:36] 2026-07-25 14:50:37 | INFO     | KDClient 5 fit round 10 (tier=small)
[2026-07-26 03:48:36] 2026-07-25 14:50:37 | INFO     | KDClient 5 round 10 public KD (epochs=2)
[2026-07-26 03:48:36] 2026-07-25 14:50:55 | INFO     | KDClient 5 round 10 local training (epochs=4)
[2026-07-26 03:48:36] 2026-07-25 14:51:08 | INFO     | KDClient 5 round 10 completed (acc=0.7532, n=90)
[2026-07-26 03:48:36] 2026-07-25 14:51:08 | INFO     | KDClient 6 fit round 10 (tier=small)
[2026-07-26 03:48:36] 2026-07-25 14:51:08 | INFO     | KDClient 6 round 10 public KD (epochs=2)
[2026-07-26 03:48:36] 2026-07-25 14:51:25 | INFO     | KDClient 6 round 10 local training (epochs=4)
[2026-07-26 03:48:36] 2026-07-25 14:51:38 | INFO     | KDClient 6 round 10 completed (acc=0.7550, n=90)
[2026-07-26 03:48:36] 2026-07-25 14:51:38 | INFO     | KDClient 7 fit round 10 (tier=medium)
[2026-07-26 03:48:36] 2026-07-25 14:51:38 | INFO     | KDClient 7 round 10 public KD (epochs=2)
[2026-07-26 03:48:36] 2026-07-25 14:52:40 | INFO     | KDClient 7 round 10 local training (epochs=4)
[2026-07-26 03:48:36] 2026-07-25 14:53:14 | INFO     | KDClient 7 round 10 completed (acc=0.7784, n=90)
[2026-07-26 03:48:36] 2026-07-25 14:53:14 | INFO     | KDClient 8 fit round 10 (tier=medium)
[2026-07-26 03:48:36] 2026-07-25 14:53:14 | INFO     | KDClient 8 round 10 public KD (epochs=2)
[2026-07-26 03:48:36] 2026-07-25 14:53:56 | INFO     | KDClient 8 round 10 local training (epochs=4)
[2026-07-26 03:48:36] 2026-07-25 14:54:29 | INFO     | KDClient 8 round 10 completed (acc=0.7171, n=90)
[2026-07-26 03:48:36] 2026-07-25 14:54:29 | INFO     | KDClient 9 fit round 10 (tier=medium)
[2026-07-26 03:48:36] 2026-07-25 14:54:29 | INFO     | KDClient 9 round 10 public KD (epochs=2)
[2026-07-26 03:48:36] 2026-07-25 14:55:13 | INFO     | KDClient 9 round 10 local training (epochs=4)
[2026-07-26 03:48:36] 2026-07-25 14:55:44 | INFO     | KDClient 9 round 10 completed (acc=0.7802, n=90)
[2026-07-26 03:48:36] 2026-07-25 14:55:44 | INFO     | KDClient 10 fit round 10 (tier=medium)
[2026-07-26 03:48:36] 2026-07-25 14:55:44 | INFO     | KDClient 10 round 10 public KD (epochs=2)
[2026-07-26 03:48:36] 2026-07-25 14:56:28 | INFO     | KDClient 10 round 10 local training (epochs=4)
[2026-07-26 03:48:36] 2026-07-25 14:57:03 | INFO     | KDClient 10 round 10 completed (acc=0.6631, n=90)
[2026-07-26 03:48:36] 2026-07-25 14:57:03 | INFO     | KDClient 11 fit round 10 (tier=medium)
[2026-07-26 03:48:36] 2026-07-25 14:57:03 | INFO     | KDClient 11 round 10 public KD (epochs=2)
[2026-07-26 03:48:36] 2026-07-25 14:57:45 | INFO     | KDClient 11 round 10 local training (epochs=4)
[2026-07-26 03:48:36] 2026-07-25 14:58:14 | INFO     | KDClient 11 round 10 completed (acc=0.7514, n=90)
[2026-07-26 03:48:36] 2026-07-25 14:58:14 | INFO     | KDClient 12 fit round 10 (tier=medium)
[2026-07-26 03:48:36] 2026-07-25 14:58:14 | INFO     | KDClient 12 round 10 public KD (epochs=2)
[2026-07-26 03:48:36] 2026-07-25 14:58:52 | INFO     | KDClient 12 round 10 local training (epochs=4)
[2026-07-26 03:48:36] 2026-07-25 14:59:20 | INFO     | KDClient 12 round 10 completed (acc=0.6360, n=90)
[2026-07-26 03:48:36] 2026-07-25 14:59:20 | INFO     | KDClient 13 fit round 10 (tier=medium)
[2026-07-26 03:48:36] 2026-07-25 14:59:20 | INFO     | KDClient 13 round 10 public KD (epochs=2)
[2026-07-26 03:48:36] 2026-07-25 14:59:56 | INFO     | KDClient 13 round 10 local training (epochs=4)
[2026-07-26 03:48:36] 2026-07-25 15:00:22 | INFO     | KDClient 13 round 10 completed (acc=0.7351, n=90)
[2026-07-26 03:48:36] 2026-07-25 15:00:22 | INFO     | KDClient 14 fit round 10 (tier=large)
[2026-07-26 03:48:36] 2026-07-25 15:00:22 | INFO     | KDClient 14 round 10 public KD (epochs=2)
[2026-07-26 03:48:36] 2026-07-25 15:01:22 | INFO     | KDClient 14 round 10 local training (epochs=4)
[2026-07-26 03:48:36] 2026-07-25 15:02:18 | INFO     | KDClient 14 round 10 completed (acc=0.6865, n=90)
[2026-07-26 03:48:36] 2026-07-25 15:02:18 | INFO     | KDClient 15 fit round 10 (tier=large)
[2026-07-26 03:48:36] 2026-07-25 15:02:18 | INFO     | KDClient 15 round 10 public KD (epochs=2)
[2026-07-26 03:48:36] 2026-07-25 15:03:21 | INFO     | KDClient 15 round 10 local training (epochs=4)
[2026-07-26 03:48:36] 2026-07-25 15:04:11 | INFO     | KDClient 15 round 10 completed (acc=0.7712, n=90)
[2026-07-26 03:48:36] 2026-07-25 15:04:11 | INFO     | KDClient 16 fit round 10 (tier=large)
[2026-07-26 03:48:36] 2026-07-25 15:04:11 | INFO     | KDClient 16 round 10 public KD (epochs=2)
[2026-07-26 03:48:36] 2026-07-25 15:05:17 | INFO     | KDClient 16 round 10 local training (epochs=4)
[2026-07-26 03:48:36] 2026-07-25 15:06:03 | INFO     | KDClient 16 round 10 completed (acc=0.6613, n=90)
[2026-07-26 03:48:36] 2026-07-25 15:06:03 | INFO     | KDClient 17 fit round 10 (tier=large)
[2026-07-26 03:48:36] 2026-07-25 15:06:03 | INFO     | KDClient 17 round 10 public KD (epochs=2)
[2026-07-26 03:48:36] 2026-07-25 15:07:09 | INFO     | KDClient 17 round 10 local training (epochs=4)
[2026-07-26 03:48:36] 2026-07-25 15:08:11 | INFO     | KDClient 17 round 10 completed (acc=0.7045, n=90)
[2026-07-26 03:48:36] 2026-07-25 15:08:11 | INFO     | KDClient 18 fit round 10 (tier=large)
[2026-07-26 03:48:36] 2026-07-25 15:08:11 | INFO     | KDClient 18 round 10 public KD (epochs=2)
[2026-07-26 03:48:36] 2026-07-25 15:09:19 | INFO     | KDClient 18 round 10 local training (epochs=4)
[2026-07-26 03:48:36] 2026-07-25 15:10:29 | INFO     | KDClient 18 round 10 completed (acc=0.6306, n=90)
[2026-07-26 03:48:36] 2026-07-25 15:10:29 | INFO     | KDClient 19 fit round 10 (tier=large)
[2026-07-26 03:48:36] 2026-07-25 15:10:29 | INFO     | KDClient 19 round 10 public KD (epochs=2)
[2026-07-26 03:48:36] 2026-07-25 15:11:43 | INFO     | KDClient 19 round 10 local training (epochs=4)
[2026-07-26 03:48:36] 2026-07-25 15:12:33 | INFO     | KDClient 19 round 10 completed (acc=0.7712, n=90)
[2026-07-26 03:48:36]   Round  10/50 | Avg: 0.7204 | Min: 0.6180 | Max: 0.7802
[2026-07-26 03:48:36] 2026-07-25 15:12:33 | INFO     | FEDMD — IID: round 11/50 starting
[2026-07-26 03:48:36] 2026-07-25 15:12:33 | INFO     | KDClient 0 fit round 11 (tier=small)
[2026-07-26 03:48:36] 2026-07-25 15:12:33 | INFO     | KDClient 0 round 11 public KD (epochs=2)
[2026-07-26 03:48:36] 2026-07-25 15:12:49 | INFO     | KDClient 0 round 11 local training (epochs=4)
[2026-07-26 03:48:36] 2026-07-25 15:13:05 | INFO     | KDClient 0 round 11 completed (acc=0.7369, n=90)
[2026-07-26 03:48:36] 2026-07-25 15:13:05 | INFO     | KDClient 1 fit round 11 (tier=small)
[2026-07-26 03:48:36] 2026-07-25 15:13:05 | INFO     | KDClient 1 round 11 public KD (epochs=2)
[2026-07-26 03:48:36] 2026-07-25 15:13:20 | INFO     | KDClient 1 round 11 local training (epochs=4)
[2026-07-26 03:48:36] 2026-07-25 15:13:35 | INFO     | KDClient 1 round 11 completed (acc=0.7369, n=90)
[2026-07-26 03:48:36] 2026-07-25 15:13:35 | INFO     | KDClient 2 fit round 11 (tier=small)
[2026-07-26 03:48:36] 2026-07-25 15:13:35 | INFO     | KDClient 2 round 11 public KD (epochs=2)
[2026-07-26 03:48:36] 2026-07-25 15:13:56 | INFO     | KDClient 2 round 11 local training (epochs=4)
[2026-07-26 03:48:36] 2026-07-25 15:14:08 | INFO     | KDClient 2 round 11 completed (acc=0.8793, n=90)
[2026-07-26 03:48:36] 2026-07-25 15:14:08 | INFO     | KDClient 3 fit round 11 (tier=small)
[2026-07-26 03:48:36] 2026-07-25 15:14:08 | INFO     | KDClient 3 round 11 public KD (epochs=2)
[2026-07-26 03:48:36] 2026-07-25 15:14:26 | INFO     | KDClient 3 round 11 local training (epochs=4)
[2026-07-26 03:48:36] 2026-07-25 15:14:41 | INFO     | KDClient 3 round 11 completed (acc=0.7658, n=90)
[2026-07-26 03:48:36] 2026-07-25 15:14:41 | INFO     | KDClient 4 fit round 11 (tier=small)
[2026-07-26 03:48:36] 2026-07-25 15:14:41 | INFO     | KDClient 4 round 11 public KD (epochs=2)
[2026-07-26 03:48:36] 2026-07-25 15:14:55 | INFO     | KDClient 4 round 11 local training (epochs=4)
[2026-07-26 03:48:36] 2026-07-25 15:15:10 | INFO     | KDClient 4 round 11 completed (acc=0.7225, n=90)
[2026-07-26 03:48:36] 2026-07-25 15:15:10 | INFO     | KDClient 5 fit round 11 (tier=small)
[2026-07-26 03:48:36] 2026-07-25 15:15:10 | INFO     | KDClient 5 round 11 public KD (epochs=2)
[2026-07-26 03:48:36] 2026-07-25 15:15:25 | INFO     | KDClient 5 round 11 local training (epochs=4)
[2026-07-26 03:48:36] 2026-07-25 15:15:39 | INFO     | KDClient 5 round 11 completed (acc=0.8901, n=90)
[2026-07-26 03:48:36] 2026-07-25 15:15:39 | INFO     | KDClient 6 fit round 11 (tier=small)
[2026-07-26 03:48:36] 2026-07-25 15:15:39 | INFO     | KDClient 6 round 11 public KD (epochs=2)
[2026-07-26 03:48:36] 2026-07-25 15:15:54 | INFO     | KDClient 6 round 11 local training (epochs=4)
[2026-07-26 03:48:36] 2026-07-25 15:16:09 | INFO     | KDClient 6 round 11 completed (acc=0.7712, n=90)
[2026-07-26 03:48:36] 2026-07-25 15:16:09 | INFO     | KDClient 7 fit round 11 (tier=medium)
[2026-07-26 03:48:36] 2026-07-25 15:16:09 | INFO     | KDClient 7 round 11 public KD (epochs=2)
[2026-07-26 03:48:36] 2026-07-25 15:16:52 | INFO     | KDClient 7 round 11 local training (epochs=4)
[2026-07-26 03:48:36] 2026-07-25 15:17:27 | INFO     | KDClient 7 round 11 completed (acc=0.7333, n=90)
[2026-07-26 03:48:36] 2026-07-25 15:17:27 | INFO     | KDClient 8 fit round 11 (tier=medium)
[2026-07-26 03:48:36] 2026-07-25 15:17:27 | INFO     | KDClient 8 round 11 public KD (epochs=2)
[2026-07-26 03:48:36] 2026-07-25 15:18:08 | INFO     | KDClient 8 round 11 local training (epochs=4)
[2026-07-26 03:48:36] 2026-07-25 15:18:38 | INFO     | KDClient 8 round 11 completed (acc=0.7189, n=90)
[2026-07-26 03:48:36] 2026-07-25 15:18:38 | INFO     | KDClient 9 fit round 11 (tier=medium)
[2026-07-26 03:48:36] 2026-07-25 15:18:38 | INFO     | KDClient 9 round 11 public KD (epochs=2)
[2026-07-26 03:48:36] 2026-07-25 15:19:22 | INFO     | KDClient 9 round 11 local training (epochs=4)
[2026-07-26 03:48:36] 2026-07-25 15:19:53 | INFO     | KDClient 9 round 11 completed (acc=0.7586, n=90)
[2026-07-26 03:48:36] 2026-07-25 15:19:53 | INFO     | KDClient 10 fit round 11 (tier=medium)
[2026-07-26 03:48:36] 2026-07-25 15:19:53 | INFO     | KDClient 10 round 11 public KD (epochs=2)
[2026-07-26 03:48:36] 2026-07-25 15:20:38 | INFO     | KDClient 10 round 11 local training (epochs=4)
[2026-07-26 03:48:36] 2026-07-25 15:21:13 | INFO     | KDClient 10 round 11 completed (acc=0.6667, n=90)
[2026-07-26 03:48:36] 2026-07-25 15:21:13 | INFO     | KDClient 11 fit round 11 (tier=medium)
[2026-07-26 03:48:36] 2026-07-25 15:21:13 | INFO     | KDClient 11 round 11 public KD (epochs=2)
[2026-07-26 03:48:36] 2026-07-25 15:21:55 | INFO     | KDClient 11 round 11 local training (epochs=4)
[2026-07-26 03:48:36] 2026-07-25 15:22:28 | INFO     | KDClient 11 round 11 completed (acc=0.7874, n=90)
[2026-07-26 03:48:36] 2026-07-25 15:22:28 | INFO     | KDClient 12 fit round 11 (tier=medium)
[2026-07-26 03:48:36] 2026-07-25 15:22:28 | INFO     | KDClient 12 round 11 public KD (epochs=2)
[2026-07-26 03:48:36] 2026-07-25 15:23:07 | INFO     | KDClient 12 round 11 local training (epochs=4)
[2026-07-26 03:48:36] 2026-07-25 15:23:35 | INFO     | KDClient 12 round 11 completed (acc=0.6919, n=90)
[2026-07-26 03:48:36] 2026-07-25 15:23:35 | INFO     | KDClient 13 fit round 11 (tier=medium)
[2026-07-26 03:48:36] 2026-07-25 15:23:35 | INFO     | KDClient 13 round 11 public KD (epochs=2)
[2026-07-26 03:48:36] 2026-07-25 15:24:09 | INFO     | KDClient 13 round 11 local training (epochs=4)
[2026-07-26 03:48:36] 2026-07-25 15:24:36 | INFO     | KDClient 13 round 11 completed (acc=0.7495, n=90)
[2026-07-26 03:48:36] 2026-07-25 15:24:36 | INFO     | KDClient 14 fit round 11 (tier=large)
[2026-07-26 03:48:36] 2026-07-25 15:24:36 | INFO     | KDClient 14 round 11 public KD (epochs=2)
[2026-07-26 03:48:36] 2026-07-25 15:25:31 | INFO     | KDClient 14 round 11 local training (epochs=4)
[2026-07-26 03:48:36] 2026-07-25 15:26:14 | INFO     | KDClient 14 round 11 completed (acc=0.7441, n=90)
[2026-07-26 03:48:36] 2026-07-25 15:26:14 | INFO     | KDClient 15 fit round 11 (tier=large)
[2026-07-26 03:48:36] 2026-07-25 15:26:14 | INFO     | KDClient 15 round 11 public KD (epochs=2)
[2026-07-26 03:48:36] 2026-07-25 15:27:30 | INFO     | KDClient 15 round 11 local training (epochs=4)
[2026-07-26 03:48:36] 2026-07-25 15:28:18 | INFO     | KDClient 15 round 11 completed (acc=0.7441, n=90)
[2026-07-26 03:48:36] 2026-07-25 15:28:18 | INFO     | KDClient 16 fit round 11 (tier=large)
[2026-07-26 03:48:36] 2026-07-25 15:28:18 | INFO     | KDClient 16 round 11 public KD (epochs=2)
[2026-07-26 03:48:36] 2026-07-25 15:29:25 | INFO     | KDClient 16 round 11 local training (epochs=4)
[2026-07-26 03:48:36] 2026-07-25 15:30:29 | INFO     | KDClient 16 round 11 completed (acc=0.7135, n=90)
[2026-07-26 03:48:36] 2026-07-25 15:30:29 | INFO     | KDClient 17 fit round 11 (tier=large)
[2026-07-26 03:48:36] 2026-07-25 15:30:29 | INFO     | KDClient 17 round 11 public KD (epochs=2)
[2026-07-26 03:48:36] 2026-07-25 15:31:36 | INFO     | KDClient 17 round 11 local training (epochs=4)
[2026-07-26 03:48:36] 2026-07-25 15:32:31 | INFO     | KDClient 17 round 11 completed (acc=0.7459, n=90)
[2026-07-26 03:48:36] 2026-07-25 15:32:31 | INFO     | KDClient 18 fit round 11 (tier=large)
[2026-07-26 03:48:36] 2026-07-25 15:32:31 | INFO     | KDClient 18 round 11 public KD (epochs=2)
[2026-07-26 03:48:36] 2026-07-25 15:33:35 | INFO     | KDClient 18 round 11 local training (epochs=4)
[2026-07-26 03:48:36] 2026-07-25 15:34:32 | INFO     | KDClient 18 round 11 completed (acc=0.6523, n=90)
[2026-07-26 03:48:36] 2026-07-25 15:34:32 | INFO     | KDClient 19 fit round 11 (tier=large)
[2026-07-26 03:48:36] 2026-07-25 15:34:32 | INFO     | KDClient 19 round 11 public KD (epochs=2)
[2026-07-26 03:48:36] 2026-07-25 15:35:42 | INFO     | KDClient 19 round 11 local training (epochs=4)
[2026-07-26 03:48:36] 2026-07-25 15:36:36 | INFO     | KDClient 19 round 11 completed (acc=0.6937, n=90)
[2026-07-26 03:48:36]   Round  11/50 | Avg: 0.7451 | Min: 0.6523 | Max: 0.8901
[2026-07-26 03:48:36] 2026-07-25 15:36:36 | INFO     | FEDMD — IID: round 12/50 starting
[2026-07-26 03:48:36] 2026-07-25 15:36:36 | INFO     | KDClient 0 fit round 12 (tier=small)
[2026-07-26 03:48:36] 2026-07-25 15:36:36 | INFO     | KDClient 0 round 12 public KD (epochs=2)
[2026-07-26 03:48:36] 2026-07-25 15:36:54 | INFO     | KDClient 0 round 12 local training (epochs=4)
[2026-07-26 03:48:36] 2026-07-25 15:37:06 | INFO     | KDClient 0 round 12 completed (acc=0.6901, n=90)
[2026-07-26 03:48:36] 2026-07-25 15:37:06 | INFO     | KDClient 1 fit round 12 (tier=small)
[2026-07-26 03:48:36] 2026-07-25 15:37:06 | INFO     | KDClient 1 round 12 public KD (epochs=2)
[2026-07-26 03:48:36] 2026-07-25 15:37:19 | INFO     | KDClient 1 round 12 local training (epochs=4)
[2026-07-26 03:48:36] 2026-07-25 15:37:32 | INFO     | KDClient 1 round 12 completed (acc=0.7117, n=90)
[2026-07-26 03:48:36] 2026-07-25 15:37:32 | INFO     | KDClient 2 fit round 12 (tier=small)
[2026-07-26 03:48:36] 2026-07-25 15:37:32 | INFO     | KDClient 2 round 12 public KD (epochs=2)
[2026-07-26 03:48:36] 2026-07-25 15:37:47 | INFO     | KDClient 2 round 12 local training (epochs=4)
[2026-07-26 03:48:36] 2026-07-25 15:38:02 | INFO     | KDClient 2 round 12 completed (acc=0.9081, n=90)
[2026-07-26 03:48:36] 2026-07-25 15:38:02 | INFO     | KDClient 3 fit round 12 (tier=small)
[2026-07-26 03:48:36] 2026-07-25 15:38:02 | INFO     | KDClient 3 round 12 public KD (epochs=2)
[2026-07-26 03:48:36] 2026-07-25 15:38:19 | INFO     | KDClient 3 round 12 local training (epochs=4)
[2026-07-26 03:48:36] 2026-07-25 15:38:34 | INFO     | KDClient 3 round 12 completed (acc=0.7622, n=90)
[2026-07-26 03:48:36] 2026-07-25 15:38:34 | INFO     | KDClient 4 fit round 12 (tier=small)
[2026-07-26 03:48:36] 2026-07-25 15:38:34 | INFO     | KDClient 4 round 12 public KD (epochs=2)
[2026-07-26 03:48:36] 2026-07-25 15:38:50 | INFO     | KDClient 4 round 12 local training (epochs=4)
[2026-07-26 03:48:36] 2026-07-25 15:39:05 | INFO     | KDClient 4 round 12 completed (acc=0.7640, n=90)
[2026-07-26 03:48:36] 2026-07-25 15:39:05 | INFO     | KDClient 5 fit round 12 (tier=small)
[2026-07-26 03:48:36] 2026-07-25 15:39:05 | INFO     | KDClient 5 round 12 public KD (epochs=2)
[2026-07-26 03:48:36] 2026-07-25 15:39:18 | INFO     | KDClient 5 round 12 local training (epochs=4)
[2026-07-26 03:48:36] 2026-07-25 15:39:29 | INFO     | KDClient 5 round 12 completed (acc=0.9135, n=90)
[2026-07-26 03:48:36] 2026-07-25 15:39:29 | INFO     | KDClient 6 fit round 12 (tier=small)
[2026-07-26 03:48:36] 2026-07-25 15:39:29 | INFO     | KDClient 6 round 12 public KD (epochs=2)
[2026-07-26 03:48:36] 2026-07-25 15:39:42 | INFO     | KDClient 6 round 12 local training (epochs=4)
[2026-07-26 03:48:36] 2026-07-25 15:39:59 | INFO     | KDClient 6 round 12 completed (acc=0.7694, n=90)
[2026-07-26 03:48:36] 2026-07-25 15:39:59 | INFO     | KDClient 7 fit round 12 (tier=medium)
[2026-07-26 03:48:36] 2026-07-25 15:39:59 | INFO     | KDClient 7 round 12 public KD (epochs=2)
[2026-07-26 03:48:36] 2026-07-25 15:41:02 | INFO     | KDClient 7 round 12 local training (epochs=4)
[2026-07-26 03:48:36] 2026-07-25 15:41:37 | INFO     | KDClient 7 round 12 completed (acc=0.8649, n=90)
[2026-07-26 03:48:36] 2026-07-25 15:41:37 | INFO     | KDClient 8 fit round 12 (tier=medium)
[2026-07-26 03:48:36] 2026-07-25 15:41:37 | INFO     | KDClient 8 round 12 public KD (epochs=2)
[2026-07-26 03:48:36] 2026-07-25 15:42:41 | INFO     | KDClient 8 round 12 local training (epochs=4)
[2026-07-26 03:48:36] 2026-07-25 15:43:16 | INFO     | KDClient 8 round 12 completed (acc=0.7261, n=90)
[2026-07-26 03:48:36] 2026-07-25 15:43:16 | INFO     | KDClient 9 fit round 12 (tier=medium)
[2026-07-26 03:48:36] 2026-07-25 15:43:16 | INFO     | KDClient 9 round 12 public KD (epochs=2)
[2026-07-26 03:48:36] 2026-07-25 15:43:56 | INFO     | KDClient 9 round 12 local training (epochs=4)
[2026-07-26 03:48:36] 2026-07-25 15:44:33 | INFO     | KDClient 9 round 12 completed (acc=0.8162, n=90)
[2026-07-26 03:48:36] 2026-07-25 15:44:33 | INFO     | KDClient 10 fit round 12 (tier=medium)
[2026-07-26 03:48:36] 2026-07-25 15:44:33 | INFO     | KDClient 10 round 12 public KD (epochs=2)
[2026-07-26 03:48:36] 2026-07-25 15:45:15 | INFO     | KDClient 10 round 12 local training (epochs=4)
[2026-07-26 03:48:36] 2026-07-25 15:45:46 | INFO     | KDClient 10 round 12 completed (acc=0.6595, n=90)
[2026-07-26 03:48:36] 2026-07-25 15:45:46 | INFO     | KDClient 11 fit round 12 (tier=medium)
[2026-07-26 03:48:36] 2026-07-25 15:45:46 | INFO     | KDClient 11 round 12 public KD (epochs=2)
[2026-07-26 03:48:36] 2026-07-25 15:46:29 | INFO     | KDClient 11 round 12 local training (epochs=4)
[2026-07-26 03:48:36] 2026-07-25 15:47:01 | INFO     | KDClient 11 round 12 completed (acc=0.7964, n=90)
[2026-07-26 03:48:36] 2026-07-25 15:47:01 | INFO     | KDClient 12 fit round 12 (tier=medium)
[2026-07-26 03:48:36] 2026-07-25 15:47:01 | INFO     | KDClient 12 round 12 public KD (epochs=2)
[2026-07-26 03:48:36] 2026-07-25 15:47:41 | INFO     | KDClient 12 round 12 local training (epochs=4)
[2026-07-26 03:48:36] 2026-07-25 15:48:10 | INFO     | KDClient 12 round 12 completed (acc=0.7009, n=90)
[2026-07-26 03:48:36] 2026-07-25 15:48:10 | INFO     | KDClient 13 fit round 12 (tier=medium)
[2026-07-26 03:48:36] 2026-07-25 15:48:10 | INFO     | KDClient 13 round 12 public KD (epochs=2)
[2026-07-26 03:48:36] 2026-07-25 15:48:48 | INFO     | KDClient 13 round 12 local training (epochs=4)
[2026-07-26 03:48:36] 2026-07-25 15:49:15 | INFO     | KDClient 13 round 12 completed (acc=0.7333, n=90)
[2026-07-26 03:48:36] 2026-07-25 15:49:15 | INFO     | KDClient 14 fit round 12 (tier=large)
[2026-07-26 03:48:36] 2026-07-25 15:49:15 | INFO     | KDClient 14 round 12 public KD (epochs=2)
[2026-07-26 03:48:36] 2026-07-25 15:50:12 | INFO     | KDClient 14 round 12 local training (epochs=4)
[2026-07-26 03:48:36] 2026-07-25 15:51:04 | INFO     | KDClient 14 round 12 completed (acc=0.7712, n=90)
[2026-07-26 03:48:36] 2026-07-25 15:51:04 | INFO     | KDClient 15 fit round 12 (tier=large)
[2026-07-26 03:48:36] 2026-07-25 15:51:04 | INFO     | KDClient 15 round 12 public KD (epochs=2)
[2026-07-26 03:48:36] 2026-07-25 15:52:11 | INFO     | KDClient 15 round 12 local training (epochs=4)
[2026-07-26 03:48:36] 2026-07-25 15:53:08 | INFO     | KDClient 15 round 12 completed (acc=0.7261, n=90)
[2026-07-26 03:48:36] 2026-07-25 15:53:08 | INFO     | KDClient 16 fit round 12 (tier=large)
[2026-07-26 03:48:36] 2026-07-25 15:53:08 | INFO     | KDClient 16 round 12 public KD (epochs=2)
[2026-07-26 03:48:36] 2026-07-25 15:54:14 | INFO     | KDClient 16 round 12 local training (epochs=4)
[2026-07-26 03:48:36] 2026-07-25 15:55:01 | INFO     | KDClient 16 round 12 completed (acc=0.7225, n=90)
[2026-07-26 03:48:36] 2026-07-25 15:55:01 | INFO     | KDClient 17 fit round 12 (tier=large)
[2026-07-26 03:48:36] 2026-07-25 15:55:01 | INFO     | KDClient 17 round 12 public KD (epochs=2)
[2026-07-26 03:48:36] 2026-07-25 15:56:02 | INFO     | KDClient 17 round 12 local training (epochs=4)
[2026-07-26 03:48:36] 2026-07-25 15:57:03 | INFO     | KDClient 17 round 12 completed (acc=0.7027, n=90)
[2026-07-26 03:48:36] 2026-07-25 15:57:03 | INFO     | KDClient 18 fit round 12 (tier=large)
[2026-07-26 03:48:36] 2026-07-25 15:57:03 | INFO     | KDClient 18 round 12 public KD (epochs=2)
[2026-07-26 03:48:36] 2026-07-25 15:58:09 | INFO     | KDClient 18 round 12 local training (epochs=4)
[2026-07-26 03:48:36] 2026-07-25 15:59:09 | INFO     | KDClient 18 round 12 completed (acc=0.6450, n=90)
[2026-07-26 03:48:36] 2026-07-25 15:59:09 | INFO     | KDClient 19 fit round 12 (tier=large)
[2026-07-26 03:48:36] 2026-07-25 15:59:09 | INFO     | KDClient 19 round 12 public KD (epochs=2)
[2026-07-26 03:48:36] 2026-07-25 16:00:13 | INFO     | KDClient 19 round 12 local training (epochs=4)
[2026-07-26 03:48:36] 2026-07-25 16:01:18 | INFO     | KDClient 19 round 12 completed (acc=0.7333, n=90)
[2026-07-26 03:48:36]   Round  12/50 | Avg: 0.7559 | Min: 0.6450 | Max: 0.9135
[2026-07-26 03:48:36] 2026-07-25 16:01:18 | INFO     | FEDMD — IID: round 13/50 starting
[2026-07-26 03:48:36] 2026-07-25 16:01:18 | INFO     | KDClient 0 fit round 13 (tier=small)
[2026-07-26 03:48:36] 2026-07-25 16:01:18 | INFO     | KDClient 0 round 13 public KD (epochs=2)
[2026-07-26 03:48:36] 2026-07-25 16:01:33 | INFO     | KDClient 0 round 13 local training (epochs=4)
[2026-07-26 03:48:36] 2026-07-25 16:01:48 | INFO     | KDClient 0 round 13 completed (acc=0.7820, n=90)
[2026-07-26 03:48:36] 2026-07-25 16:01:48 | INFO     | KDClient 1 fit round 13 (tier=small)
[2026-07-26 03:48:36] 2026-07-25 16:01:48 | INFO     | KDClient 1 round 13 public KD (epochs=2)
[2026-07-26 03:48:36] 2026-07-25 16:02:03 | INFO     | KDClient 1 round 13 local training (epochs=4)
[2026-07-26 03:48:36] 2026-07-25 16:02:16 | INFO     | KDClient 1 round 13 completed (acc=0.7532, n=90)
[2026-07-26 03:48:36] 2026-07-25 16:02:16 | INFO     | KDClient 2 fit round 13 (tier=small)
[2026-07-26 03:48:36] 2026-07-25 16:02:16 | INFO     | KDClient 2 round 13 public KD (epochs=2)
[2026-07-26 03:48:36] 2026-07-25 16:02:31 | INFO     | KDClient 2 round 13 local training (epochs=4)
[2026-07-26 03:48:36] 2026-07-25 16:02:42 | INFO     | KDClient 2 round 13 completed (acc=0.9063, n=90)
[2026-07-26 03:48:36] 2026-07-25 16:02:42 | INFO     | KDClient 3 fit round 13 (tier=small)
[2026-07-26 03:48:36] 2026-07-25 16:02:42 | INFO     | KDClient 3 round 13 public KD (epochs=2)
[2026-07-26 03:48:36] 2026-07-25 16:03:01 | INFO     | KDClient 3 round 13 local training (epochs=4)
[2026-07-26 03:48:36] 2026-07-25 16:03:14 | INFO     | KDClient 3 round 13 completed (acc=0.7658, n=90)
[2026-07-26 03:48:36] 2026-07-25 16:03:14 | INFO     | KDClient 4 fit round 13 (tier=small)
[2026-07-26 03:48:36] 2026-07-25 16:03:14 | INFO     | KDClient 4 round 13 public KD (epochs=2)
[2026-07-26 03:48:36] 2026-07-25 16:03:29 | INFO     | KDClient 4 round 13 local training (epochs=4)
[2026-07-26 03:48:36] 2026-07-25 16:03:42 | INFO     | KDClient 4 round 13 completed (acc=0.7748, n=90)
[2026-07-26 03:48:36] 2026-07-25 16:03:42 | INFO     | KDClient 5 fit round 13 (tier=small)
[2026-07-26 03:48:36] 2026-07-25 16:03:42 | INFO     | KDClient 5 round 13 public KD (epochs=2)
[2026-07-26 03:48:36] 2026-07-25 16:03:56 | INFO     | KDClient 5 round 13 local training (epochs=4)
[2026-07-26 03:48:36] 2026-07-25 16:04:09 | INFO     | KDClient 5 round 13 completed (acc=0.8721, n=90)
[2026-07-26 03:48:36] 2026-07-25 16:04:09 | INFO     | KDClient 6 fit round 13 (tier=small)
[2026-07-26 03:48:36] 2026-07-25 16:04:09 | INFO     | KDClient 6 round 13 public KD (epochs=2)
[2026-07-26 03:48:36] 2026-07-25 16:04:23 | INFO     | KDClient 6 round 13 local training (epochs=4)
[2026-07-26 03:48:36] 2026-07-25 16:04:42 | INFO     | KDClient 6 round 13 completed (acc=0.7658, n=90)
[2026-07-26 03:48:36] 2026-07-25 16:04:42 | INFO     | KDClient 7 fit round 13 (tier=medium)
[2026-07-26 03:48:36] 2026-07-25 16:04:42 | INFO     | KDClient 7 round 13 public KD (epochs=2)
[2026-07-26 03:48:36] 2026-07-25 16:05:47 | INFO     | KDClient 7 round 13 local training (epochs=4)
[2026-07-26 03:48:36] 2026-07-25 16:06:20 | INFO     | KDClient 7 round 13 completed (acc=0.9045, n=90)
[2026-07-26 03:48:36] 2026-07-25 16:06:20 | INFO     | KDClient 8 fit round 13 (tier=medium)
[2026-07-26 03:48:36] 2026-07-25 16:06:20 | INFO     | KDClient 8 round 13 public KD (epochs=2)
[2026-07-26 03:48:36] 2026-07-25 16:07:02 | INFO     | KDClient 8 round 13 local training (epochs=4)
[2026-07-26 03:48:36] 2026-07-25 16:07:36 | INFO     | KDClient 8 round 13 completed (acc=0.7315, n=90)
[2026-07-26 03:48:36] 2026-07-25 16:07:36 | INFO     | KDClient 9 fit round 13 (tier=medium)
[2026-07-26 03:48:36] 2026-07-25 16:07:36 | INFO     | KDClient 9 round 13 public KD (epochs=2)
[2026-07-26 03:48:36] 2026-07-25 16:08:16 | INFO     | KDClient 9 round 13 local training (epochs=4)
[2026-07-26 03:48:36] 2026-07-25 16:08:48 | INFO     | KDClient 9 round 13 completed (acc=0.8180, n=90)
[2026-07-26 03:48:36] 2026-07-25 16:08:48 | INFO     | KDClient 10 fit round 13 (tier=medium)
[2026-07-26 03:48:36] 2026-07-25 16:08:48 | INFO     | KDClient 10 round 13 public KD (epochs=2)
[2026-07-26 03:48:36] 2026-07-25 16:09:50 | INFO     | KDClient 10 round 13 local training (epochs=4)
[2026-07-26 03:48:36] 2026-07-25 16:10:24 | INFO     | KDClient 10 round 13 completed (acc=0.6739, n=90)
[2026-07-26 03:48:36] 2026-07-25 16:10:24 | INFO     | KDClient 11 fit round 13 (tier=medium)
[2026-07-26 03:48:36] 2026-07-25 16:10:24 | INFO     | KDClient 11 round 13 public KD (epochs=2)
[2026-07-26 03:48:36] 2026-07-25 16:11:24 | INFO     | KDClient 11 round 13 local training (epochs=4)
[2026-07-26 03:48:36] 2026-07-25 16:11:50 | INFO     | KDClient 11 round 13 completed (acc=0.8288, n=90)
[2026-07-26 03:48:36] 2026-07-25 16:11:50 | INFO     | KDClient 12 fit round 13 (tier=medium)
[2026-07-26 03:48:36] 2026-07-25 16:11:50 | INFO     | KDClient 12 round 13 public KD (epochs=2)
[2026-07-26 03:48:36] 2026-07-25 16:12:19 | INFO     | KDClient 12 round 13 local training (epochs=4)
[2026-07-26 03:48:36] 2026-07-25 16:12:41 | INFO     | KDClient 12 round 13 completed (acc=0.6901, n=90)
[2026-07-26 03:48:36] 2026-07-25 16:12:41 | INFO     | KDClient 13 fit round 13 (tier=medium)
[2026-07-26 03:48:36] 2026-07-25 16:12:41 | INFO     | KDClient 13 round 13 public KD (epochs=2)
[2026-07-26 03:48:36] 2026-07-25 16:13:09 | INFO     | KDClient 13 round 13 local training (epochs=4)
[2026-07-26 03:48:36] 2026-07-25 16:13:30 | INFO     | KDClient 13 round 13 completed (acc=0.7532, n=90)
[2026-07-26 03:48:36] 2026-07-25 16:13:30 | INFO     | KDClient 14 fit round 13 (tier=large)
[2026-07-26 03:48:36] 2026-07-25 16:13:30 | INFO     | KDClient 14 round 13 public KD (epochs=2)
[2026-07-26 03:48:36] 2026-07-25 16:14:33 | INFO     | KDClient 14 round 13 local training (epochs=4)
[2026-07-26 03:48:36] 2026-07-25 16:15:10 | INFO     | KDClient 14 round 13 completed (acc=0.7784, n=90)
[2026-07-26 03:48:36] 2026-07-25 16:15:10 | INFO     | KDClient 15 fit round 13 (tier=large)
[2026-07-26 03:48:36] 2026-07-25 16:15:10 | INFO     | KDClient 15 round 13 public KD (epochs=2)
[2026-07-26 03:48:36] 2026-07-25 16:16:06 | INFO     | KDClient 15 round 13 local training (epochs=4)
[2026-07-26 03:48:36] 2026-07-25 16:16:54 | INFO     | KDClient 15 round 13 completed (acc=0.7405, n=90)
[2026-07-26 03:48:36] 2026-07-25 16:16:54 | INFO     | KDClient 16 fit round 13 (tier=large)
[2026-07-26 03:48:36] 2026-07-25 16:16:54 | INFO     | KDClient 16 round 13 public KD (epochs=2)
[2026-07-26 03:48:36] 2026-07-25 16:17:59 | INFO     | KDClient 16 round 13 local training (epochs=4)
[2026-07-26 03:48:36] 2026-07-25 16:18:52 | INFO     | KDClient 16 round 13 completed (acc=0.7622, n=90)
[2026-07-26 03:48:36] 2026-07-25 16:18:52 | INFO     | KDClient 17 fit round 13 (tier=large)
[2026-07-26 03:48:36] 2026-07-25 16:18:52 | INFO     | KDClient 17 round 13 public KD (epochs=2)
[2026-07-26 03:48:36] 2026-07-25 16:19:57 | INFO     | KDClient 17 round 13 local training (epochs=4)
[2026-07-26 03:48:36] 2026-07-25 16:20:47 | INFO     | KDClient 17 round 13 completed (acc=0.7099, n=90)
[2026-07-26 03:48:36] 2026-07-25 16:20:47 | INFO     | KDClient 18 fit round 13 (tier=large)
[2026-07-26 03:48:36] 2026-07-25 16:20:47 | INFO     | KDClient 18 round 13 public KD (epochs=2)
[2026-07-26 03:48:36] 2026-07-25 16:21:58 | INFO     | KDClient 18 round 13 local training (epochs=4)
[2026-07-26 03:48:36] 2026-07-25 16:23:07 | INFO     | KDClient 18 round 13 completed (acc=0.6360, n=90)
[2026-07-26 03:48:36] 2026-07-25 16:23:07 | INFO     | KDClient 19 fit round 13 (tier=large)
[2026-07-26 03:48:36] 2026-07-25 16:23:07 | INFO     | KDClient 19 round 13 public KD (epochs=2)
[2026-07-26 03:48:36] 2026-07-25 16:24:18 | INFO     | KDClient 19 round 13 local training (epochs=4)
[2026-07-26 03:48:36] 2026-07-25 16:25:16 | INFO     | KDClient 19 round 13 completed (acc=0.7009, n=90)
[2026-07-26 03:48:36]   Round  13/50 | Avg: 0.7674 | Min: 0.6360 | Max: 0.9063
[2026-07-26 03:48:36] 2026-07-25 16:25:16 | INFO     | FEDMD — IID: round 14/50 starting
[2026-07-26 03:48:36] 2026-07-25 16:25:16 | INFO     | KDClient 0 fit round 14 (tier=small)
[2026-07-26 03:48:36] 2026-07-25 16:25:16 | INFO     | KDClient 0 round 14 public KD (epochs=2)
[2026-07-26 03:48:36] 2026-07-25 16:25:33 | INFO     | KDClient 0 round 14 local training (epochs=4)
[2026-07-26 03:48:36] 2026-07-25 16:25:47 | INFO     | KDClient 0 round 14 completed (acc=0.7099, n=90)
[2026-07-26 03:48:36] 2026-07-25 16:25:47 | INFO     | KDClient 1 fit round 14 (tier=small)
[2026-07-26 03:48:36] 2026-07-25 16:25:47 | INFO     | KDClient 1 round 14 public KD (epochs=2)
[2026-07-26 03:48:36] 2026-07-25 16:26:05 | INFO     | KDClient 1 round 14 local training (epochs=4)
[2026-07-26 03:48:36] 2026-07-25 16:26:20 | INFO     | KDClient 1 round 14 completed (acc=0.7063, n=90)
[2026-07-26 03:48:36] 2026-07-25 16:26:20 | INFO     | KDClient 2 fit round 14 (tier=small)
[2026-07-26 03:48:36] 2026-07-25 16:26:20 | INFO     | KDClient 2 round 14 public KD (epochs=2)
[2026-07-26 03:48:36] 2026-07-25 16:26:38 | INFO     | KDClient 2 round 14 local training (epochs=4)
[2026-07-26 03:48:36] 2026-07-25 16:26:50 | INFO     | KDClient 2 round 14 completed (acc=0.9153, n=90)
[2026-07-26 03:48:36] 2026-07-25 16:26:50 | INFO     | KDClient 3 fit round 14 (tier=small)
[2026-07-26 03:48:36] 2026-07-25 16:26:50 | INFO     | KDClient 3 round 14 public KD (epochs=2)
[2026-07-26 03:48:36] 2026-07-25 16:27:09 | INFO     | KDClient 3 round 14 local training (epochs=4)
[2026-07-26 03:48:36] 2026-07-25 16:27:21 | INFO     | KDClient 3 round 14 completed (acc=0.7550, n=90)
[2026-07-26 03:48:36] 2026-07-25 16:27:21 | INFO     | KDClient 4 fit round 14 (tier=small)
[2026-07-26 03:48:36] 2026-07-25 16:27:21 | INFO     | KDClient 4 round 14 public KD (epochs=2)
[2026-07-26 03:48:36] 2026-07-25 16:27:39 | INFO     | KDClient 4 round 14 local training (epochs=4)
[2026-07-26 03:48:36] 2026-07-25 16:27:55 | INFO     | KDClient 4 round 14 completed (acc=0.7802, n=90)
[2026-07-26 03:48:36] 2026-07-25 16:27:55 | INFO     | KDClient 5 fit round 14 (tier=small)
[2026-07-26 03:48:36] 2026-07-25 16:27:55 | INFO     | KDClient 5 round 14 public KD (epochs=2)
[2026-07-26 03:48:36] 2026-07-25 16:28:14 | INFO     | KDClient 5 round 14 local training (epochs=4)
[2026-07-26 03:48:36] 2026-07-25 16:28:29 | INFO     | KDClient 5 round 14 completed (acc=0.8559, n=90)
[2026-07-26 03:48:36] 2026-07-25 16:28:29 | INFO     | KDClient 6 fit round 14 (tier=small)
[2026-07-26 03:48:36] 2026-07-25 16:28:29 | INFO     | KDClient 6 round 14 public KD (epochs=2)
[2026-07-26 03:48:36] 2026-07-25 16:28:44 | INFO     | KDClient 6 round 14 local training (epochs=4)
[2026-07-26 03:48:36] 2026-07-25 16:28:59 | INFO     | KDClient 6 round 14 completed (acc=0.7532, n=90)
[2026-07-26 03:48:36] 2026-07-25 16:28:59 | INFO     | KDClient 7 fit round 14 (tier=medium)
[2026-07-26 03:48:36] 2026-07-25 16:28:59 | INFO     | KDClient 7 round 14 public KD (epochs=2)
[2026-07-26 03:48:36] 2026-07-25 16:29:44 | INFO     | KDClient 7 round 14 local training (epochs=4)
[2026-07-26 03:48:36] 2026-07-25 16:30:23 | INFO     | KDClient 7 round 14 completed (acc=0.8973, n=90)
[2026-07-26 03:48:36] 2026-07-25 16:30:23 | INFO     | KDClient 8 fit round 14 (tier=medium)
[2026-07-26 03:48:36] 2026-07-25 16:30:23 | INFO     | KDClient 8 round 14 public KD (epochs=2)
[2026-07-26 03:48:36] 2026-07-25 16:31:02 | INFO     | KDClient 8 round 14 local training (epochs=4)
[2026-07-26 03:48:36] 2026-07-25 16:31:32 | INFO     | KDClient 8 round 14 completed (acc=0.8685, n=90)
[2026-07-26 03:48:36] 2026-07-25 16:31:32 | INFO     | KDClient 9 fit round 14 (tier=medium)
[2026-07-26 03:48:36] 2026-07-25 16:31:32 | INFO     | KDClient 9 round 14 public KD (epochs=2)
[2026-07-26 03:48:36] 2026-07-25 16:32:17 | INFO     | KDClient 9 round 14 local training (epochs=4)
[2026-07-26 03:48:36] 2026-07-25 16:32:54 | INFO     | KDClient 9 round 14 completed (acc=0.8270, n=90)
[2026-07-26 03:48:36] 2026-07-25 16:32:54 | INFO     | KDClient 10 fit round 14 (tier=medium)
[2026-07-26 03:48:36] 2026-07-25 16:32:54 | INFO     | KDClient 10 round 14 public KD (epochs=2)
[2026-07-26 03:48:36] 2026-07-25 16:33:40 | INFO     | KDClient 10 round 14 local training (epochs=4)
[2026-07-26 03:48:36] 2026-07-25 16:34:16 | INFO     | KDClient 10 round 14 completed (acc=0.7045, n=90)
[2026-07-26 03:48:36] 2026-07-25 16:34:16 | INFO     | KDClient 11 fit round 14 (tier=medium)
[2026-07-26 03:48:36] 2026-07-25 16:34:16 | INFO     | KDClient 11 round 14 public KD (epochs=2)
[2026-07-26 03:48:36] 2026-07-25 16:34:56 | INFO     | KDClient 11 round 14 local training (epochs=4)
[2026-07-26 03:48:36] 2026-07-25 16:35:27 | INFO     | KDClient 11 round 14 completed (acc=0.7315, n=90)
[2026-07-26 03:48:36] 2026-07-25 16:35:27 | INFO     | KDClient 12 fit round 14 (tier=medium)
[2026-07-26 03:48:36] 2026-07-25 16:35:27 | INFO     | KDClient 12 round 14 public KD (epochs=2)
[2026-07-26 03:48:36] 2026-07-25 16:36:09 | INFO     | KDClient 12 round 14 local training (epochs=4)
[2026-07-26 03:48:36] 2026-07-25 16:36:35 | INFO     | KDClient 12 round 14 completed (acc=0.7514, n=90)
[2026-07-26 03:48:36] 2026-07-25 16:36:35 | INFO     | KDClient 13 fit round 14 (tier=medium)
[2026-07-26 03:48:36] 2026-07-25 16:36:35 | INFO     | KDClient 13 round 14 public KD (epochs=2)
[2026-07-26 03:48:36] 2026-07-25 16:37:12 | INFO     | KDClient 13 round 14 local training (epochs=4)
[2026-07-26 03:48:36] 2026-07-25 16:37:38 | INFO     | KDClient 13 round 14 completed (acc=0.7694, n=90)
[2026-07-26 03:48:36] 2026-07-25 16:37:38 | INFO     | KDClient 14 fit round 14 (tier=large)
[2026-07-26 03:48:36] 2026-07-25 16:37:38 | INFO     | KDClient 14 round 14 public KD (epochs=2)
[2026-07-26 03:48:36] 2026-07-25 16:38:32 | INFO     | KDClient 14 round 14 local training (epochs=4)
[2026-07-26 03:48:36] 2026-07-25 16:39:19 | INFO     | KDClient 14 round 14 completed (acc=0.8811, n=90)
[2026-07-26 03:48:36] 2026-07-25 16:39:19 | INFO     | KDClient 15 fit round 14 (tier=large)
[2026-07-26 03:48:36] 2026-07-25 16:39:19 | INFO     | KDClient 15 round 14 public KD (epochs=2)
[2026-07-26 03:48:36] 2026-07-25 16:40:22 | INFO     | KDClient 15 round 14 local training (epochs=4)
[2026-07-26 03:48:36] 2026-07-25 16:41:11 | INFO     | KDClient 15 round 14 completed (acc=0.7712, n=90)
[2026-07-26 03:48:36] 2026-07-25 16:41:11 | INFO     | KDClient 16 fit round 14 (tier=large)
[2026-07-26 03:48:36] 2026-07-25 16:41:11 | INFO     | KDClient 16 round 14 public KD (epochs=2)
[2026-07-26 03:48:36] 2026-07-25 16:42:18 | INFO     | KDClient 16 round 14 local training (epochs=4)
[2026-07-26 03:48:36] 2026-07-25 16:43:11 | INFO     | KDClient 16 round 14 completed (acc=0.7550, n=90)
[2026-07-26 03:48:36] 2026-07-25 16:43:11 | INFO     | KDClient 17 fit round 14 (tier=large)
[2026-07-26 03:48:36] 2026-07-25 16:43:11 | INFO     | KDClient 17 round 14 public KD (epochs=2)
[2026-07-26 03:48:36] 2026-07-25 16:44:20 | INFO     | KDClient 17 round 14 local training (epochs=4)
[2026-07-26 03:48:36] 2026-07-25 16:45:12 | INFO     | KDClient 17 round 14 completed (acc=0.7315, n=90)
[2026-07-26 03:48:36] 2026-07-25 16:45:12 | INFO     | KDClient 18 fit round 14 (tier=large)
[2026-07-26 03:48:36] 2026-07-25 16:45:12 | INFO     | KDClient 18 round 14 public KD (epochs=2)
[2026-07-26 03:48:36] 2026-07-25 16:46:20 | INFO     | KDClient 18 round 14 local training (epochs=4)
[2026-07-26 03:48:36] 2026-07-25 16:47:32 | INFO     | KDClient 18 round 14 completed (acc=0.7081, n=90)
[2026-07-26 03:48:36] 2026-07-25 16:47:32 | INFO     | KDClient 19 fit round 14 (tier=large)
[2026-07-26 03:48:36] 2026-07-25 16:47:32 | INFO     | KDClient 19 round 14 public KD (epochs=2)
[2026-07-26 03:48:36] 2026-07-25 16:48:50 | INFO     | KDClient 19 round 14 local training (epochs=4)
[2026-07-26 03:48:36] 2026-07-25 16:49:44 | INFO     | KDClient 19 round 14 completed (acc=0.6450, n=90)
[2026-07-26 03:48:36]   Round  14/50 | Avg: 0.7759 | Min: 0.6450 | Max: 0.9153
[2026-07-26 03:48:36] 2026-07-25 16:49:44 | INFO     | FEDMD — IID: round 15/50 starting
[2026-07-26 03:48:36] 2026-07-25 16:49:44 | INFO     | KDClient 0 fit round 15 (tier=small)
[2026-07-26 03:48:36] 2026-07-25 16:49:44 | INFO     | KDClient 0 round 15 public KD (epochs=2)
[2026-07-26 03:48:36] 2026-07-25 16:49:57 | INFO     | KDClient 0 round 15 local training (epochs=4)
[2026-07-26 03:48:36] 2026-07-25 16:50:10 | INFO     | KDClient 0 round 15 completed (acc=0.6613, n=90)
[2026-07-26 03:48:36] 2026-07-25 16:50:10 | INFO     | KDClient 1 fit round 15 (tier=small)
[2026-07-26 03:48:36] 2026-07-25 16:50:10 | INFO     | KDClient 1 round 15 public KD (epochs=2)
[2026-07-26 03:48:36] 2026-07-25 16:50:25 | INFO     | KDClient 1 round 15 local training (epochs=4)
[2026-07-26 03:48:36] 2026-07-25 16:50:41 | INFO     | KDClient 1 round 15 completed (acc=0.7730, n=90)
[2026-07-26 03:48:36] 2026-07-25 16:50:41 | INFO     | KDClient 2 fit round 15 (tier=small)
[2026-07-26 03:48:36] 2026-07-25 16:50:41 | INFO     | KDClient 2 round 15 public KD (epochs=2)
[2026-07-26 03:48:36] 2026-07-25 16:50:57 | INFO     | KDClient 2 round 15 local training (epochs=4)
[2026-07-26 03:48:36] 2026-07-25 16:51:09 | INFO     | KDClient 2 round 15 completed (acc=0.8865, n=90)
[2026-07-26 03:48:36] 2026-07-25 16:51:09 | INFO     | KDClient 3 fit round 15 (tier=small)
[2026-07-26 03:48:36] 2026-07-25 16:51:09 | INFO     | KDClient 3 round 15 public KD (epochs=2)
[2026-07-26 03:48:36] 2026-07-25 16:51:24 | INFO     | KDClient 3 round 15 local training (epochs=4)
[2026-07-26 03:48:36] 2026-07-25 16:51:36 | INFO     | KDClient 3 round 15 completed (acc=0.7640, n=90)
[2026-07-26 03:48:36] 2026-07-25 16:51:36 | INFO     | KDClient 4 fit round 15 (tier=small)
[2026-07-26 03:48:36] 2026-07-25 16:51:36 | INFO     | KDClient 4 round 15 public KD (epochs=2)
[2026-07-26 03:48:36] 2026-07-25 16:51:51 | INFO     | KDClient 4 round 15 local training (epochs=4)
[2026-07-26 03:48:36] 2026-07-25 16:52:05 | INFO     | KDClient 4 round 15 completed (acc=0.7838, n=90)
[2026-07-26 03:48:36] 2026-07-25 16:52:05 | INFO     | KDClient 5 fit round 15 (tier=small)
[2026-07-26 03:48:36] 2026-07-25 16:52:05 | INFO     | KDClient 5 round 15 public KD (epochs=2)
[2026-07-26 03:48:36] 2026-07-25 16:52:20 | INFO     | KDClient 5 round 15 local training (epochs=4)
[2026-07-26 03:48:36] 2026-07-25 16:52:38 | INFO     | KDClient 5 round 15 completed (acc=0.9279, n=90)
[2026-07-26 03:48:36] 2026-07-25 16:52:38 | INFO     | KDClient 6 fit round 15 (tier=small)
[2026-07-26 03:48:36] 2026-07-25 16:52:38 | INFO     | KDClient 6 round 15 public KD (epochs=2)
[2026-07-26 03:48:36] 2026-07-25 16:52:52 | INFO     | KDClient 6 round 15 local training (epochs=4)
[2026-07-26 03:48:36] 2026-07-25 16:53:06 | INFO     | KDClient 6 round 15 completed (acc=0.7333, n=90)
[2026-07-26 03:48:36] 2026-07-25 16:53:06 | INFO     | KDClient 7 fit round 15 (tier=medium)
[2026-07-26 03:48:36] 2026-07-25 16:53:06 | INFO     | KDClient 7 round 15 public KD (epochs=2)
[2026-07-26 03:48:36] 2026-07-25 16:53:53 | INFO     | KDClient 7 round 15 local training (epochs=4)
[2026-07-26 03:48:36] 2026-07-25 16:54:32 | INFO     | KDClient 7 round 15 completed (acc=0.8901, n=90)
[2026-07-26 03:48:36] 2026-07-25 16:54:32 | INFO     | KDClient 8 fit round 15 (tier=medium)
[2026-07-26 03:48:36] 2026-07-25 16:54:32 | INFO     | KDClient 8 round 15 public KD (epochs=2)
[2026-07-26 03:48:36] 2026-07-25 16:55:16 | INFO     | KDClient 8 round 15 local training (epochs=4)
[2026-07-26 03:48:36] 2026-07-25 16:55:46 | INFO     | KDClient 8 round 15 completed (acc=0.8757, n=90)
[2026-07-26 03:48:36] 2026-07-25 16:55:46 | INFO     | KDClient 9 fit round 15 (tier=medium)
[2026-07-26 03:48:36] 2026-07-25 16:55:46 | INFO     | KDClient 9 round 15 public KD (epochs=2)
[2026-07-26 03:48:36] 2026-07-25 16:56:26 | INFO     | KDClient 9 round 15 local training (epochs=4)
[2026-07-26 03:48:36] 2026-07-25 16:56:57 | INFO     | KDClient 9 round 15 completed (acc=0.8198, n=90)
[2026-07-26 03:48:36] 2026-07-25 16:56:57 | INFO     | KDClient 10 fit round 15 (tier=medium)
[2026-07-26 03:48:36] 2026-07-25 16:56:57 | INFO     | KDClient 10 round 15 public KD (epochs=2)
[2026-07-26 03:48:36] 2026-07-25 16:57:41 | INFO     | KDClient 10 round 15 local training (epochs=4)
[2026-07-26 03:48:36] 2026-07-25 16:58:14 | INFO     | KDClient 10 round 15 completed (acc=0.7171, n=90)
[2026-07-26 03:48:36] 2026-07-25 16:58:14 | INFO     | KDClient 11 fit round 15 (tier=medium)
[2026-07-26 03:48:36] 2026-07-25 16:58:14 | INFO     | KDClient 11 round 15 public KD (epochs=2)
[2026-07-26 03:48:36] 2026-07-25 16:58:55 | INFO     | KDClient 11 round 15 local training (epochs=4)
[2026-07-26 03:48:36] 2026-07-25 16:59:27 | INFO     | KDClient 11 round 15 completed (acc=0.8793, n=90)
[2026-07-26 03:48:36] 2026-07-25 16:59:27 | INFO     | KDClient 12 fit round 15 (tier=medium)
[2026-07-26 03:48:36] 2026-07-25 16:59:27 | INFO     | KDClient 12 round 15 public KD (epochs=2)
[2026-07-26 03:48:36] 2026-07-25 17:00:07 | INFO     | KDClient 12 round 15 local training (epochs=4)
[2026-07-26 03:48:36] 2026-07-25 17:00:41 | INFO     | KDClient 12 round 15 completed (acc=0.7586, n=90)
[2026-07-26 03:48:36] 2026-07-25 17:00:41 | INFO     | KDClient 13 fit round 15 (tier=medium)
[2026-07-26 03:48:36] 2026-07-25 17:00:41 | INFO     | KDClient 13 round 15 public KD (epochs=2)
[2026-07-26 03:48:36] 2026-07-25 17:01:22 | INFO     | KDClient 13 round 15 local training (epochs=4)
[2026-07-26 03:48:36] 2026-07-25 17:01:53 | INFO     | KDClient 13 round 15 completed (acc=0.7568, n=90)
[2026-07-26 03:48:36] 2026-07-25 17:01:53 | INFO     | KDClient 14 fit round 15 (tier=large)
[2026-07-26 03:48:36] 2026-07-25 17:01:53 | INFO     | KDClient 14 round 15 public KD (epochs=2)
[2026-07-26 03:48:36] 2026-07-25 17:02:50 | INFO     | KDClient 14 round 15 local training (epochs=4)
[2026-07-26 03:48:36] 2026-07-25 17:03:31 | INFO     | KDClient 14 round 15 completed (acc=0.9099, n=90)
[2026-07-26 03:48:36] 2026-07-25 17:03:31 | INFO     | KDClient 15 fit round 15 (tier=large)
[2026-07-26 03:48:36] 2026-07-25 17:03:31 | INFO     | KDClient 15 round 15 public KD (epochs=2)
[2026-07-26 03:48:36] 2026-07-25 17:04:34 | INFO     | KDClient 15 round 15 local training (epochs=4)
[2026-07-26 03:48:36] 2026-07-25 17:05:25 | INFO     | KDClient 15 round 15 completed (acc=0.8252, n=90)
[2026-07-26 03:48:36] 2026-07-25 17:05:25 | INFO     | KDClient 16 fit round 15 (tier=large)
[2026-07-26 03:48:36] 2026-07-25 17:05:25 | INFO     | KDClient 16 round 15 public KD (epochs=2)
[2026-07-26 03:48:36] 2026-07-25 17:06:31 | INFO     | KDClient 16 round 15 local training (epochs=4)
[2026-07-26 03:48:36] 2026-07-25 17:07:33 | INFO     | KDClient 16 round 15 completed (acc=0.7550, n=90)
[2026-07-26 03:48:36] 2026-07-25 17:07:33 | INFO     | KDClient 17 fit round 15 (tier=large)
[2026-07-26 03:48:36] 2026-07-25 17:07:33 | INFO     | KDClient 17 round 15 public KD (epochs=2)
[2026-07-26 03:48:36] 2026-07-25 17:08:36 | INFO     | KDClient 17 round 15 local training (epochs=4)
[2026-07-26 03:48:36] 2026-07-25 17:09:33 | INFO     | KDClient 17 round 15 completed (acc=0.7315, n=90)
[2026-07-26 03:48:36] 2026-07-25 17:09:33 | INFO     | KDClient 18 fit round 15 (tier=large)
[2026-07-26 03:48:36] 2026-07-25 17:09:33 | INFO     | KDClient 18 round 15 public KD (epochs=2)
[2026-07-26 03:48:36] 2026-07-25 17:10:49 | INFO     | KDClient 18 round 15 local training (epochs=4)
[2026-07-26 03:48:36] 2026-07-25 17:11:36 | INFO     | KDClient 18 round 15 completed (acc=0.6360, n=90)
[2026-07-26 03:48:36] 2026-07-25 17:11:36 | INFO     | KDClient 19 fit round 15 (tier=large)
[2026-07-26 03:48:36] 2026-07-25 17:11:36 | INFO     | KDClient 19 round 15 public KD (epochs=2)
[2026-07-26 03:48:36] 2026-07-25 17:12:46 | INFO     | KDClient 19 round 15 local training (epochs=4)
[2026-07-26 03:48:36] 2026-07-25 17:13:42 | INFO     | KDClient 19 round 15 completed (acc=0.6505, n=90)
[2026-07-26 03:48:36]   Round  15/50 | Avg: 0.7868 | Min: 0.6360 | Max: 0.9279
[2026-07-26 03:48:36] 2026-07-25 17:13:42 | INFO     | FEDMD — IID: round 16/50 starting
[2026-07-26 03:48:36] 2026-07-25 17:13:42 | INFO     | KDClient 0 fit round 16 (tier=small)
[2026-07-26 03:48:36] 2026-07-25 17:13:42 | INFO     | KDClient 0 round 16 public KD (epochs=2)
[2026-07-26 03:48:36] 2026-07-25 17:13:56 | INFO     | KDClient 0 round 16 local training (epochs=4)
[2026-07-26 03:48:36] 2026-07-25 17:14:11 | INFO     | KDClient 0 round 16 completed (acc=0.6270, n=90)
[2026-07-26 03:48:36] 2026-07-25 17:14:11 | INFO     | KDClient 1 fit round 16 (tier=small)
[2026-07-26 03:48:36] 2026-07-25 17:14:11 | INFO     | KDClient 1 round 16 public KD (epochs=2)
[2026-07-26 03:48:36] 2026-07-25 17:14:27 | INFO     | KDClient 1 round 16 local training (epochs=4)
[2026-07-26 03:48:36] 2026-07-25 17:14:40 | INFO     | KDClient 1 round 16 completed (acc=0.6775, n=90)
[2026-07-26 03:48:36] 2026-07-25 17:14:40 | INFO     | KDClient 2 fit round 16 (tier=small)
[2026-07-26 03:48:36] 2026-07-25 17:14:40 | INFO     | KDClient 2 round 16 public KD (epochs=2)
[2026-07-26 03:48:36] 2026-07-25 17:14:56 | INFO     | KDClient 2 round 16 local training (epochs=4)
[2026-07-26 03:48:36] 2026-07-25 17:15:10 | INFO     | KDClient 2 round 16 completed (acc=0.9153, n=90)
[2026-07-26 03:48:36] 2026-07-25 17:15:10 | INFO     | KDClient 3 fit round 16 (tier=small)
[2026-07-26 03:48:36] 2026-07-25 17:15:10 | INFO     | KDClient 3 round 16 public KD (epochs=2)
[2026-07-26 03:48:36] 2026-07-25 17:15:28 | INFO     | KDClient 3 round 16 local training (epochs=4)
[2026-07-26 03:48:36] 2026-07-25 17:15:41 | INFO     | KDClient 3 round 16 completed (acc=0.7568, n=90)
[2026-07-26 03:48:36] 2026-07-25 17:15:41 | INFO     | KDClient 4 fit round 16 (tier=small)
[2026-07-26 03:48:36] 2026-07-25 17:15:41 | INFO     | KDClient 4 round 16 public KD (epochs=2)
[2026-07-26 03:48:36] 2026-07-25 17:15:55 | INFO     | KDClient 4 round 16 local training (epochs=4)
[2026-07-26 03:48:36] 2026-07-25 17:16:08 | INFO     | KDClient 4 round 16 completed (acc=0.7514, n=90)
[2026-07-26 03:48:36] 2026-07-25 17:16:08 | INFO     | KDClient 5 fit round 16 (tier=small)
[2026-07-26 03:48:36] 2026-07-25 17:16:08 | INFO     | KDClient 5 round 16 public KD (epochs=2)
[2026-07-26 03:48:36] 2026-07-25 17:16:23 | INFO     | KDClient 5 round 16 local training (epochs=4)
[2026-07-26 03:48:36] 2026-07-25 17:16:34 | INFO     | KDClient 5 round 16 completed (acc=0.8973, n=90)
[2026-07-26 03:48:36] 2026-07-25 17:16:34 | INFO     | KDClient 6 fit round 16 (tier=small)
[2026-07-26 03:48:36] 2026-07-25 17:16:34 | INFO     | KDClient 6 round 16 public KD (epochs=2)
[2026-07-26 03:48:36] 2026-07-25 17:16:48 | INFO     | KDClient 6 round 16 local training (epochs=4)
[2026-07-26 03:48:36] 2026-07-25 17:17:04 | INFO     | KDClient 6 round 16 completed (acc=0.7495, n=90)
[2026-07-26 03:48:36] 2026-07-25 17:17:04 | INFO     | KDClient 7 fit round 16 (tier=medium)
[2026-07-26 03:48:36] 2026-07-25 17:17:04 | INFO     | KDClient 7 round 16 public KD (epochs=2)
[2026-07-26 03:48:36] 2026-07-25 17:18:10 | INFO     | KDClient 7 round 16 local training (epochs=4)
[2026-07-26 03:48:36] 2026-07-25 17:18:48 | INFO     | KDClient 7 round 16 completed (acc=0.8793, n=90)
[2026-07-26 03:48:36] 2026-07-25 17:18:48 | INFO     | KDClient 8 fit round 16 (tier=medium)
[2026-07-26 03:48:36] 2026-07-25 17:18:48 | INFO     | KDClient 8 round 16 public KD (epochs=2)
[2026-07-26 03:48:36] 2026-07-25 17:19:34 | INFO     | KDClient 8 round 16 local training (epochs=4)
[2026-07-26 03:48:36] 2026-07-25 17:20:05 | INFO     | KDClient 8 round 16 completed (acc=0.9135, n=90)
[2026-07-26 03:48:36] 2026-07-25 17:20:05 | INFO     | KDClient 9 fit round 16 (tier=medium)
[2026-07-26 03:48:36] 2026-07-25 17:20:05 | INFO     | KDClient 9 round 16 public KD (epochs=2)
[2026-07-26 03:48:36] 2026-07-25 17:20:46 | INFO     | KDClient 9 round 16 local training (epochs=4)
[2026-07-26 03:48:36] 2026-07-25 17:21:18 | INFO     | KDClient 9 round 16 completed (acc=0.8306, n=90)
[2026-07-26 03:48:36] 2026-07-25 17:21:18 | INFO     | KDClient 10 fit round 16 (tier=medium)
[2026-07-26 03:48:36] 2026-07-25 17:21:18 | INFO     | KDClient 10 round 16 public KD (epochs=2)
[2026-07-26 03:48:36] 2026-07-25 17:21:59 | INFO     | KDClient 10 round 16 local training (epochs=4)
[2026-07-26 03:48:36] 2026-07-25 17:22:36 | INFO     | KDClient 10 round 16 completed (acc=0.7423, n=90)
[2026-07-26 03:48:36] 2026-07-25 17:22:36 | INFO     | KDClient 11 fit round 16 (tier=medium)
[2026-07-26 03:48:36] 2026-07-25 17:22:36 | INFO     | KDClient 11 round 16 public KD (epochs=2)
[2026-07-26 03:48:36] 2026-07-25 17:23:39 | INFO     | KDClient 11 round 16 local training (epochs=4)
[2026-07-26 03:48:36] 2026-07-25 17:24:11 | INFO     | KDClient 11 round 16 completed (acc=0.8324, n=90)
[2026-07-26 03:48:36] 2026-07-25 17:24:11 | INFO     | KDClient 12 fit round 16 (tier=medium)
[2026-07-26 03:48:36] 2026-07-25 17:24:11 | INFO     | KDClient 12 round 16 public KD (epochs=2)
[2026-07-26 03:48:36] 2026-07-25 17:24:52 | INFO     | KDClient 12 round 16 local training (epochs=4)
[2026-07-26 03:48:36] 2026-07-25 17:25:25 | INFO     | KDClient 12 round 16 completed (acc=0.7315, n=90)
[2026-07-26 03:48:36] 2026-07-25 17:25:25 | INFO     | KDClient 13 fit round 16 (tier=medium)
[2026-07-26 03:48:36] 2026-07-25 17:25:25 | INFO     | KDClient 13 round 16 public KD (epochs=2)
[2026-07-26 03:48:36] 2026-07-25 17:26:04 | INFO     | KDClient 13 round 16 local training (epochs=4)
[2026-07-26 03:48:36] 2026-07-25 17:26:34 | INFO     | KDClient 13 round 16 completed (acc=0.7658, n=90)
[2026-07-26 03:48:36] 2026-07-25 17:26:34 | INFO     | KDClient 14 fit round 16 (tier=large)
[2026-07-26 03:48:36] 2026-07-25 17:26:34 | INFO     | KDClient 14 round 16 public KD (epochs=2)
[2026-07-26 03:48:36] 2026-07-25 17:27:36 | INFO     | KDClient 14 round 16 local training (epochs=4)
[2026-07-26 03:48:36] 2026-07-25 17:28:18 | INFO     | KDClient 14 round 16 completed (acc=0.9171, n=90)
[2026-07-26 03:48:36] 2026-07-25 17:28:18 | INFO     | KDClient 15 fit round 16 (tier=large)
[2026-07-26 03:48:36] 2026-07-25 17:28:18 | INFO     | KDClient 15 round 16 public KD (epochs=2)
[2026-07-26 03:48:36] 2026-07-25 17:29:20 | INFO     | KDClient 15 round 16 local training (epochs=4)
[2026-07-26 03:48:36] 2026-07-25 17:30:09 | INFO     | KDClient 15 round 16 completed (acc=0.9207, n=90)
[2026-07-26 03:48:36] 2026-07-25 17:30:09 | INFO     | KDClient 16 fit round 16 (tier=large)
[2026-07-26 03:48:36] 2026-07-25 17:30:09 | INFO     | KDClient 16 round 16 public KD (epochs=2)
[2026-07-26 03:48:36] 2026-07-25 17:31:16 | INFO     | KDClient 16 round 16 local training (epochs=4)
[2026-07-26 03:48:36] 2026-07-25 17:32:16 | INFO     | KDClient 16 round 16 completed (acc=0.7387, n=90)
[2026-07-26 03:48:36] 2026-07-25 17:32:16 | INFO     | KDClient 17 fit round 16 (tier=large)
[2026-07-26 03:48:36] 2026-07-25 17:32:16 | INFO     | KDClient 17 round 16 public KD (epochs=2)
[2026-07-26 03:48:36] 2026-07-25 17:33:25 | INFO     | KDClient 17 round 16 local training (epochs=4)
[2026-07-26 03:48:36] 2026-07-25 17:34:21 | INFO     | KDClient 17 round 16 completed (acc=0.8793, n=90)
[2026-07-26 03:48:36] 2026-07-25 17:34:21 | INFO     | KDClient 18 fit round 16 (tier=large)
[2026-07-26 03:48:36] 2026-07-25 17:34:21 | INFO     | KDClient 18 round 16 public KD (epochs=2)
[2026-07-26 03:48:36] 2026-07-25 17:35:37 | INFO     | KDClient 18 round 16 local training (epochs=4)
[2026-07-26 03:48:36] 2026-07-25 17:36:26 | INFO     | KDClient 18 round 16 completed (acc=0.7405, n=90)
[2026-07-26 03:48:36] 2026-07-25 17:36:26 | INFO     | KDClient 19 fit round 16 (tier=large)
[2026-07-26 03:48:36] 2026-07-25 17:36:26 | INFO     | KDClient 19 round 16 public KD (epochs=2)
[2026-07-26 03:48:36] 2026-07-25 17:37:38 | INFO     | KDClient 19 round 16 local training (epochs=4)
[2026-07-26 03:48:36] 2026-07-25 17:38:42 | INFO     | KDClient 19 round 16 completed (acc=0.6775, n=90)
[2026-07-26 03:48:36]   Round  16/50 | Avg: 0.7972 | Min: 0.6270 | Max: 0.9207
[2026-07-26 03:48:36] 2026-07-25 17:38:42 | INFO     | FEDMD — IID: round 17/50 starting
[2026-07-26 03:48:36] 2026-07-25 17:38:42 | INFO     | KDClient 0 fit round 17 (tier=small)
[2026-07-26 03:48:36] 2026-07-25 17:38:42 | INFO     | KDClient 0 round 17 public KD (epochs=2)
[2026-07-26 03:48:36] 2026-07-25 17:38:58 | INFO     | KDClient 0 round 17 local training (epochs=4)
[2026-07-26 03:48:36] 2026-07-25 17:39:11 | INFO     | KDClient 0 round 17 completed (acc=0.7369, n=90)
[2026-07-26 03:48:36] 2026-07-25 17:39:11 | INFO     | KDClient 1 fit round 17 (tier=small)
[2026-07-26 03:48:36] 2026-07-25 17:39:11 | INFO     | KDClient 1 round 17 public KD (epochs=2)
[2026-07-26 03:48:36] 2026-07-25 17:39:27 | INFO     | KDClient 1 round 17 local training (epochs=4)
[2026-07-26 03:48:36] 2026-07-25 17:39:42 | INFO     | KDClient 1 round 17 completed (acc=0.7568, n=90)
[2026-07-26 03:48:36] 2026-07-25 17:39:42 | INFO     | KDClient 2 fit round 17 (tier=small)
[2026-07-26 03:48:36] 2026-07-25 17:39:42 | INFO     | KDClient 2 round 17 public KD (epochs=2)
[2026-07-26 03:48:36] 2026-07-25 17:40:00 | INFO     | KDClient 2 round 17 local training (epochs=4)
[2026-07-26 03:48:36] 2026-07-25 17:40:12 | INFO     | KDClient 2 round 17 completed (acc=0.9297, n=90)
[2026-07-26 03:48:36] 2026-07-25 17:40:12 | INFO     | KDClient 3 fit round 17 (tier=small)
[2026-07-26 03:48:36] 2026-07-25 17:40:12 | INFO     | KDClient 3 round 17 public KD (epochs=2)
[2026-07-26 03:48:36] 2026-07-25 17:40:26 | INFO     | KDClient 3 round 17 local training (epochs=4)
[2026-07-26 03:48:36] 2026-07-25 17:40:39 | INFO     | KDClient 3 round 17 completed (acc=0.8703, n=90)
[2026-07-26 03:48:36] 2026-07-25 17:40:39 | INFO     | KDClient 4 fit round 17 (tier=small)
[2026-07-26 03:48:36] 2026-07-25 17:40:39 | INFO     | KDClient 4 round 17 public KD (epochs=2)
[2026-07-26 03:48:36] 2026-07-25 17:40:55 | INFO     | KDClient 4 round 17 local training (epochs=4)
[2026-07-26 03:48:36] 2026-07-25 17:41:08 | INFO     | KDClient 4 round 17 completed (acc=0.7838, n=90)
[2026-07-26 03:48:36] 2026-07-25 17:41:08 | INFO     | KDClient 5 fit round 17 (tier=small)
[2026-07-26 03:48:36] 2026-07-25 17:41:08 | INFO     | KDClient 5 round 17 public KD (epochs=2)
[2026-07-26 03:48:36] 2026-07-25 17:41:25 | INFO     | KDClient 5 round 17 local training (epochs=4)
[2026-07-26 03:48:36] 2026-07-25 17:41:42 | INFO     | KDClient 5 round 17 completed (acc=0.9171, n=90)
[2026-07-26 03:48:36] 2026-07-25 17:41:42 | INFO     | KDClient 6 fit round 17 (tier=small)
[2026-07-26 03:48:36] 2026-07-25 17:41:42 | INFO     | KDClient 6 round 17 public KD (epochs=2)
[2026-07-26 03:48:36] 2026-07-25 17:41:58 | INFO     | KDClient 6 round 17 local training (epochs=4)
[2026-07-26 03:48:36] 2026-07-25 17:42:11 | INFO     | KDClient 6 round 17 completed (acc=0.7586, n=90)
[2026-07-26 03:48:36] 2026-07-25 17:42:11 | INFO     | KDClient 7 fit round 17 (tier=medium)
[2026-07-26 03:48:36] 2026-07-25 17:42:11 | INFO     | KDClient 7 round 17 public KD (epochs=2)
[2026-07-26 03:48:36] 2026-07-25 17:42:57 | INFO     | KDClient 7 round 17 local training (epochs=4)
[2026-07-26 03:48:36] 2026-07-25 17:43:35 | INFO     | KDClient 7 round 17 completed (acc=0.9045, n=90)
[2026-07-26 03:48:36] 2026-07-25 17:43:35 | INFO     | KDClient 8 fit round 17 (tier=medium)
[2026-07-26 03:48:36] 2026-07-25 17:43:35 | INFO     | KDClient 8 round 17 public KD (epochs=2)
[2026-07-26 03:48:36] 2026-07-25 17:44:21 | INFO     | KDClient 8 round 17 local training (epochs=4)
[2026-07-26 03:48:36] 2026-07-25 17:44:53 | INFO     | KDClient 8 round 17 completed (acc=0.8667, n=90)
[2026-07-26 03:48:36] 2026-07-25 17:44:53 | INFO     | KDClient 9 fit round 17 (tier=medium)
[2026-07-26 03:48:36] 2026-07-25 17:44:53 | INFO     | KDClient 9 round 17 public KD (epochs=2)
[2026-07-26 03:48:36] 2026-07-25 17:45:28 | INFO     | KDClient 9 round 17 local training (epochs=4)
[2026-07-26 03:48:36] 2026-07-25 17:45:52 | INFO     | KDClient 9 round 17 completed (acc=0.8541, n=90)
[2026-07-26 03:48:36] 2026-07-25 17:45:52 | INFO     | KDClient 10 fit round 17 (tier=medium)
[2026-07-26 03:48:36] 2026-07-25 17:45:52 | INFO     | KDClient 10 round 17 public KD (epochs=2)
[2026-07-26 03:48:36] 2026-07-25 17:46:26 | INFO     | KDClient 10 round 17 local training (epochs=4)
[2026-07-26 03:48:36] 2026-07-25 17:47:00 | INFO     | KDClient 10 round 17 completed (acc=0.7568, n=90)
[2026-07-26 03:48:36] 2026-07-25 17:47:00 | INFO     | KDClient 11 fit round 17 (tier=medium)
[2026-07-26 03:48:36] 2026-07-25 17:47:00 | INFO     | KDClient 11 round 17 public KD (epochs=2)
[2026-07-26 03:48:36] 2026-07-25 17:47:40 | INFO     | KDClient 11 round 17 local training (epochs=4)
[2026-07-26 03:48:36] 2026-07-25 17:48:11 | INFO     | KDClient 11 round 17 completed (acc=0.9027, n=90)
[2026-07-26 03:48:36] 2026-07-25 17:48:11 | INFO     | KDClient 12 fit round 17 (tier=medium)
[2026-07-26 03:48:36] 2026-07-25 17:48:11 | INFO     | KDClient 12 round 17 public KD (epochs=2)
[2026-07-26 03:48:36] 2026-07-25 17:48:48 | INFO     | KDClient 12 round 17 local training (epochs=4)
[2026-07-26 03:48:36] 2026-07-25 17:49:17 | INFO     | KDClient 12 round 17 completed (acc=0.8252, n=90)
[2026-07-26 03:48:36] 2026-07-25 17:49:17 | INFO     | KDClient 13 fit round 17 (tier=medium)
[2026-07-26 03:48:36] 2026-07-25 17:49:17 | INFO     | KDClient 13 round 17 public KD (epochs=2)
[2026-07-26 03:48:36] 2026-07-25 17:49:56 | INFO     | KDClient 13 round 17 local training (epochs=4)
[2026-07-26 03:48:36] 2026-07-25 17:50:27 | INFO     | KDClient 13 round 17 completed (acc=0.7964, n=90)
[2026-07-26 03:48:36] 2026-07-25 17:50:27 | INFO     | KDClient 14 fit round 17 (tier=large)
[2026-07-26 03:48:36] 2026-07-25 17:50:27 | INFO     | KDClient 14 round 17 public KD (epochs=2)
[2026-07-26 03:48:36] 2026-07-25 17:51:29 | INFO     | KDClient 14 round 17 local training (epochs=4)
[2026-07-26 03:48:36] 2026-07-25 17:52:11 | INFO     | KDClient 14 round 17 completed (acc=0.9189, n=90)
[2026-07-26 03:48:36] 2026-07-25 17:52:11 | INFO     | KDClient 15 fit round 17 (tier=large)
[2026-07-26 03:48:36] 2026-07-25 17:52:11 | INFO     | KDClient 15 round 17 public KD (epochs=2)
[2026-07-26 03:48:36] 2026-07-25 17:53:11 | INFO     | KDClient 15 round 17 local training (epochs=4)
[2026-07-26 03:48:36] 2026-07-25 17:53:58 | INFO     | KDClient 15 round 17 completed (acc=0.8883, n=90)
[2026-07-26 03:48:36] 2026-07-25 17:53:58 | INFO     | KDClient 16 fit round 17 (tier=large)
[2026-07-26 03:48:36] 2026-07-25 17:53:58 | INFO     | KDClient 16 round 17 public KD (epochs=2)
[2026-07-26 03:48:36] 2026-07-25 17:55:02 | INFO     | KDClient 16 round 17 local training (epochs=4)
[2026-07-26 03:48:36] 2026-07-25 17:55:58 | INFO     | KDClient 16 round 17 completed (acc=0.8613, n=90)
[2026-07-26 03:48:36] 2026-07-25 17:55:58 | INFO     | KDClient 17 fit round 17 (tier=large)
[2026-07-26 03:48:36] 2026-07-25 17:55:58 | INFO     | KDClient 17 round 17 public KD (epochs=2)
[2026-07-26 03:48:36] 2026-07-25 17:57:06 | INFO     | KDClient 17 round 17 local training (epochs=4)
[2026-07-26 03:48:36] 2026-07-25 17:58:00 | INFO     | KDClient 17 round 17 completed (acc=0.8450, n=90)
[2026-07-26 03:48:36] 2026-07-25 17:58:00 | INFO     | KDClient 18 fit round 17 (tier=large)
[2026-07-26 03:48:36] 2026-07-25 17:58:00 | INFO     | KDClient 18 round 17 public KD (epochs=2)
[2026-07-26 03:48:36] 2026-07-25 17:59:13 | INFO     | KDClient 18 round 17 local training (epochs=4)
[2026-07-26 03:48:36] 2026-07-25 18:00:13 | INFO     | KDClient 18 round 17 completed (acc=0.8559, n=90)
[2026-07-26 03:48:36] 2026-07-25 18:00:13 | INFO     | KDClient 19 fit round 17 (tier=large)
[2026-07-26 03:48:36] 2026-07-25 18:00:13 | INFO     | KDClient 19 round 17 public KD (epochs=2)
[2026-07-26 03:48:36] 2026-07-25 18:01:22 | INFO     | KDClient 19 round 17 local training (epochs=4)
[2026-07-26 03:48:36] 2026-07-25 18:02:27 | INFO     | KDClient 19 round 17 completed (acc=0.6432, n=90)
[2026-07-26 03:48:36]   Round  17/50 | Avg: 0.8336 | Min: 0.6432 | Max: 0.9297
[2026-07-26 03:48:36] 2026-07-25 18:02:27 | INFO     | FEDMD — IID: round 18/50 starting
[2026-07-26 03:48:36] 2026-07-25 18:02:27 | INFO     | KDClient 0 fit round 18 (tier=small)
[2026-07-26 03:48:36] 2026-07-25 18:02:27 | INFO     | KDClient 0 round 18 public KD (epochs=2)
[2026-07-26 03:48:36] 2026-07-25 18:02:44 | INFO     | KDClient 0 round 18 local training (epochs=4)
[2026-07-26 03:48:36] 2026-07-25 18:02:55 | INFO     | KDClient 0 round 18 completed (acc=0.8324, n=90)
[2026-07-26 03:48:36] 2026-07-25 18:02:55 | INFO     | KDClient 1 fit round 18 (tier=small)
[2026-07-26 03:48:36] 2026-07-25 18:02:55 | INFO     | KDClient 1 round 18 public KD (epochs=2)
[2026-07-26 03:48:36] 2026-07-25 18:03:10 | INFO     | KDClient 1 round 18 local training (epochs=4)
[2026-07-26 03:48:36] 2026-07-25 18:03:22 | INFO     | KDClient 1 round 18 completed (acc=0.7766, n=90)
[2026-07-26 03:48:36] 2026-07-25 18:03:22 | INFO     | KDClient 2 fit round 18 (tier=small)
[2026-07-26 03:48:36] 2026-07-25 18:03:22 | INFO     | KDClient 2 round 18 public KD (epochs=2)
[2026-07-26 03:48:36] 2026-07-25 18:03:40 | INFO     | KDClient 2 round 18 local training (epochs=4)
[2026-07-26 03:48:36] 2026-07-25 18:03:51 | INFO     | KDClient 2 round 18 completed (acc=0.9351, n=90)
[2026-07-26 03:48:36] 2026-07-25 18:03:51 | INFO     | KDClient 3 fit round 18 (tier=small)
[2026-07-26 03:48:36] 2026-07-25 18:03:51 | INFO     | KDClient 3 round 18 public KD (epochs=2)
[2026-07-26 03:48:36] 2026-07-25 18:04:05 | INFO     | KDClient 3 round 18 local training (epochs=4)
[2026-07-26 03:48:36] 2026-07-25 18:04:17 | INFO     | KDClient 3 round 18 completed (acc=0.8865, n=90)
[2026-07-26 03:48:36] 2026-07-25 18:04:17 | INFO     | KDClient 4 fit round 18 (tier=small)
[2026-07-26 03:48:36] 2026-07-25 18:04:17 | INFO     | KDClient 4 round 18 public KD (epochs=2)
[2026-07-26 03:48:36] 2026-07-25 18:04:33 | INFO     | KDClient 4 round 18 local training (epochs=4)
[2026-07-26 03:48:36] 2026-07-25 18:04:45 | INFO     | KDClient 4 round 18 completed (acc=0.9189, n=90)
[2026-07-26 03:48:36] 2026-07-25 18:04:45 | INFO     | KDClient 5 fit round 18 (tier=small)
[2026-07-26 03:48:36] 2026-07-25 18:04:45 | INFO     | KDClient 5 round 18 public KD (epochs=2)
[2026-07-26 03:48:36] 2026-07-25 18:05:02 | INFO     | KDClient 5 round 18 local training (epochs=4)
[2026-07-26 03:48:36] 2026-07-25 18:05:15 | INFO     | KDClient 5 round 18 completed (acc=0.9045, n=90)
[2026-07-26 03:48:36] 2026-07-25 18:05:15 | INFO     | KDClient 6 fit round 18 (tier=small)
[2026-07-26 03:48:36] 2026-07-25 18:05:15 | INFO     | KDClient 6 round 18 public KD (epochs=2)
[2026-07-26 03:48:36] 2026-07-25 18:05:32 | INFO     | KDClient 6 round 18 local training (epochs=4)
[2026-07-26 03:48:36] 2026-07-25 18:05:45 | INFO     | KDClient 6 round 18 completed (acc=0.8180, n=90)
[2026-07-26 03:48:36] 2026-07-25 18:05:45 | INFO     | KDClient 7 fit round 18 (tier=medium)
[2026-07-26 03:48:36] 2026-07-25 18:05:45 | INFO     | KDClient 7 round 18 public KD (epochs=2)
[2026-07-26 03:48:36] 2026-07-25 18:06:32 | INFO     | KDClient 7 round 18 local training (epochs=4)
[2026-07-26 03:48:36] 2026-07-25 18:07:12 | INFO     | KDClient 7 round 18 completed (acc=0.8883, n=90)
[2026-07-26 03:48:36] 2026-07-25 18:07:12 | INFO     | KDClient 8 fit round 18 (tier=medium)
[2026-07-26 03:48:36] 2026-07-25 18:07:12 | INFO     | KDClient 8 round 18 public KD (epochs=2)
[2026-07-26 03:48:36] 2026-07-25 18:07:59 | INFO     | KDClient 8 round 18 local training (epochs=4)
[2026-07-26 03:48:36] 2026-07-25 18:08:33 | INFO     | KDClient 8 round 18 completed (acc=0.8739, n=90)
[2026-07-26 03:48:36] 2026-07-25 18:08:33 | INFO     | KDClient 9 fit round 18 (tier=medium)
[2026-07-26 03:48:36] 2026-07-25 18:08:33 | INFO     | KDClient 9 round 18 public KD (epochs=2)
[2026-07-26 03:48:36] 2026-07-25 18:09:17 | INFO     | KDClient 9 round 18 local training (epochs=4)
[2026-07-26 03:48:36] 2026-07-25 18:09:50 | INFO     | KDClient 9 round 18 completed (acc=0.8396, n=90)
[2026-07-26 03:48:36] 2026-07-25 18:09:50 | INFO     | KDClient 10 fit round 18 (tier=medium)
[2026-07-26 03:48:36] 2026-07-25 18:09:50 | INFO     | KDClient 10 round 18 public KD (epochs=2)
[2026-07-26 03:48:36] 2026-07-25 18:10:29 | INFO     | KDClient 10 round 18 local training (epochs=4)
[2026-07-26 03:48:36] 2026-07-25 18:11:01 | INFO     | KDClient 10 round 18 completed (acc=0.8306, n=90)
[2026-07-26 03:48:36] 2026-07-25 18:11:01 | INFO     | KDClient 11 fit round 18 (tier=medium)
[2026-07-26 03:48:36] 2026-07-25 18:11:01 | INFO     | KDClient 11 round 18 public KD (epochs=2)
[2026-07-26 03:48:36] 2026-07-25 18:12:03 | INFO     | KDClient 11 round 18 local training (epochs=4)
[2026-07-26 03:48:36] 2026-07-25 18:12:40 | INFO     | KDClient 11 round 18 completed (acc=0.8973, n=90)
[2026-07-26 03:48:36] 2026-07-25 18:12:40 | INFO     | KDClient 12 fit round 18 (tier=medium)
[2026-07-26 03:48:36] 2026-07-25 18:12:40 | INFO     | KDClient 12 round 18 public KD (epochs=2)
[2026-07-26 03:48:36] 2026-07-25 18:13:22 | INFO     | KDClient 12 round 18 local training (epochs=4)
[2026-07-26 03:48:36] 2026-07-25 18:13:53 | INFO     | KDClient 12 round 18 completed (acc=0.8721, n=90)
[2026-07-26 03:48:36] 2026-07-25 18:13:53 | INFO     | KDClient 13 fit round 18 (tier=medium)
[2026-07-26 03:48:36] 2026-07-25 18:13:53 | INFO     | KDClient 13 round 18 public KD (epochs=2)
[2026-07-26 03:48:36] 2026-07-25 18:14:33 | INFO     | KDClient 13 round 18 local training (epochs=4)
[2026-07-26 03:48:36] 2026-07-25 18:15:03 | INFO     | KDClient 13 round 18 completed (acc=0.8811, n=90)
[2026-07-26 03:48:36] 2026-07-25 18:15:03 | INFO     | KDClient 14 fit round 18 (tier=large)
[2026-07-26 03:48:36] 2026-07-25 18:15:03 | INFO     | KDClient 14 round 18 public KD (epochs=2)
[2026-07-26 03:48:36] 2026-07-25 18:16:02 | INFO     | KDClient 14 round 18 local training (epochs=4)
[2026-07-26 03:48:36] 2026-07-25 18:16:44 | INFO     | KDClient 14 round 18 completed (acc=0.9189, n=90)
[2026-07-26 03:48:36] 2026-07-25 18:16:44 | INFO     | KDClient 15 fit round 18 (tier=large)
[2026-07-26 03:48:36] 2026-07-25 18:16:44 | INFO     | KDClient 15 round 18 public KD (epochs=2)
[2026-07-26 03:48:36] 2026-07-25 18:17:43 | INFO     | KDClient 15 round 18 local training (epochs=4)
[2026-07-26 03:48:36] 2026-07-25 18:18:29 | INFO     | KDClient 15 round 18 completed (acc=0.9225, n=90)
[2026-07-26 03:48:36] 2026-07-25 18:18:29 | INFO     | KDClient 16 fit round 18 (tier=large)
[2026-07-26 03:48:36] 2026-07-25 18:18:29 | INFO     | KDClient 16 round 18 public KD (epochs=2)
[2026-07-26 03:48:36] 2026-07-25 18:19:29 | INFO     | KDClient 16 round 18 local training (epochs=4)
[2026-07-26 03:48:36] 2026-07-25 18:20:17 | INFO     | KDClient 16 round 18 completed (acc=0.9081, n=90)
[2026-07-26 03:48:36] 2026-07-25 18:20:17 | INFO     | KDClient 17 fit round 18 (tier=large)
[2026-07-26 03:48:36] 2026-07-25 18:20:17 | INFO     | KDClient 17 round 18 public KD (epochs=2)
[2026-07-26 03:48:36] 2026-07-25 18:21:16 | INFO     | KDClient 17 round 18 local training (epochs=4)
[2026-07-26 03:48:36] 2026-07-25 18:22:11 | INFO     | KDClient 17 round 18 completed (acc=0.9027, n=90)
[2026-07-26 03:48:36] 2026-07-25 18:22:11 | INFO     | KDClient 18 fit round 18 (tier=large)
[2026-07-26 03:48:36] 2026-07-25 18:22:11 | INFO     | KDClient 18 round 18 public KD (epochs=2)
[2026-07-26 03:48:36] 2026-07-25 18:23:19 | INFO     | KDClient 18 round 18 local training (epochs=4)
[2026-07-26 03:48:36] 2026-07-25 18:24:17 | INFO     | KDClient 18 round 18 completed (acc=0.8991, n=90)
[2026-07-26 03:48:36] 2026-07-25 18:24:17 | INFO     | KDClient 19 fit round 18 (tier=large)
[2026-07-26 03:48:36] 2026-07-25 18:24:17 | INFO     | KDClient 19 round 18 public KD (epochs=2)
[2026-07-26 03:48:36] 2026-07-25 18:25:21 | INFO     | KDClient 19 round 18 local training (epochs=4)
[2026-07-26 03:48:36] 2026-07-25 18:26:17 | INFO     | KDClient 19 round 18 completed (acc=0.8072, n=90)
[2026-07-26 03:48:36]   Round  18/50 | Avg: 0.8757 | Min: 0.7766 | Max: 0.9351
[2026-07-26 03:48:36] 2026-07-25 18:26:17 | INFO     | FEDMD — IID: round 19/50 starting
[2026-07-26 03:48:36] 2026-07-25 18:26:17 | INFO     | KDClient 0 fit round 19 (tier=small)
[2026-07-26 03:48:36] 2026-07-25 18:26:17 | INFO     | KDClient 0 round 19 public KD (epochs=2)
[2026-07-26 03:48:36] 2026-07-25 18:26:33 | INFO     | KDClient 0 round 19 local training (epochs=4)
[2026-07-26 03:48:36] 2026-07-25 18:26:45 | INFO     | KDClient 0 round 19 completed (acc=0.8883, n=90)
[2026-07-26 03:48:36] 2026-07-25 18:26:45 | INFO     | KDClient 1 fit round 19 (tier=small)
[2026-07-26 03:48:36] 2026-07-25 18:26:45 | INFO     | KDClient 1 round 19 public KD (epochs=2)
[2026-07-26 03:48:36] 2026-07-25 18:27:01 | INFO     | KDClient 1 round 19 local training (epochs=4)
[2026-07-26 03:48:36] 2026-07-25 18:27:16 | INFO     | KDClient 1 round 19 completed (acc=0.8865, n=90)
[2026-07-26 03:48:36] 2026-07-25 18:27:16 | INFO     | KDClient 2 fit round 19 (tier=small)
[2026-07-26 03:48:36] 2026-07-25 18:27:16 | INFO     | KDClient 2 round 19 public KD (epochs=2)
[2026-07-26 03:48:36] 2026-07-25 18:27:31 | INFO     | KDClient 2 round 19 local training (epochs=4)
[2026-07-26 03:48:36] 2026-07-25 18:27:44 | INFO     | KDClient 2 round 19 completed (acc=0.8991, n=90)
[2026-07-26 03:48:36] 2026-07-25 18:27:44 | INFO     | KDClient 3 fit round 19 (tier=small)
[2026-07-26 03:48:36] 2026-07-25 18:27:44 | INFO     | KDClient 3 round 19 public KD (epochs=2)
[2026-07-26 03:48:36] 2026-07-25 18:28:01 | INFO     | KDClient 3 round 19 local training (epochs=4)
[2026-07-26 03:48:36] 2026-07-25 18:28:13 | INFO     | KDClient 3 round 19 completed (acc=0.8757, n=90)
[2026-07-26 03:48:36] 2026-07-25 18:28:13 | INFO     | KDClient 4 fit round 19 (tier=small)
[2026-07-26 03:48:36] 2026-07-25 18:28:13 | INFO     | KDClient 4 round 19 public KD (epochs=2)
[2026-07-26 03:48:36] 2026-07-25 18:28:27 | INFO     | KDClient 4 round 19 local training (epochs=4)
[2026-07-26 03:48:36] 2026-07-25 18:28:39 | INFO     | KDClient 4 round 19 completed (acc=0.9297, n=90)
[2026-07-26 03:48:36] 2026-07-25 18:28:39 | INFO     | KDClient 5 fit round 19 (tier=small)
[2026-07-26 03:48:36] 2026-07-25 18:28:39 | INFO     | KDClient 5 round 19 public KD (epochs=2)
[2026-07-26 03:48:36] 2026-07-25 18:28:53 | INFO     | KDClient 5 round 19 local training (epochs=4)
[2026-07-26 03:48:36] 2026-07-25 18:29:06 | INFO     | KDClient 5 round 19 completed (acc=0.9297, n=90)
[2026-07-26 03:48:36] 2026-07-25 18:29:06 | INFO     | KDClient 6 fit round 19 (tier=small)
[2026-07-26 03:48:36] 2026-07-25 18:29:06 | INFO     | KDClient 6 round 19 public KD (epochs=2)
[2026-07-26 03:48:36] 2026-07-25 18:29:20 | INFO     | KDClient 6 round 19 local training (epochs=4)
[2026-07-26 03:48:36] 2026-07-25 18:29:32 | INFO     | KDClient 6 round 19 completed (acc=0.8577, n=90)
[2026-07-26 03:48:36] 2026-07-25 18:29:32 | INFO     | KDClient 7 fit round 19 (tier=medium)
[2026-07-26 03:48:36] 2026-07-25 18:29:32 | INFO     | KDClient 7 round 19 public KD (epochs=2)
[2026-07-26 03:48:36] 2026-07-25 18:30:15 | INFO     | KDClient 7 round 19 local training (epochs=4)
[2026-07-26 03:48:36] 2026-07-25 18:30:50 | INFO     | KDClient 7 round 19 completed (acc=0.8757, n=90)
[2026-07-26 03:48:36] 2026-07-25 18:30:50 | INFO     | KDClient 8 fit round 19 (tier=medium)
[2026-07-26 03:48:36] 2026-07-25 18:30:50 | INFO     | KDClient 8 round 19 public KD (epochs=2)
[2026-07-26 03:48:36] 2026-07-25 18:31:39 | INFO     | KDClient 8 round 19 local training (epochs=4)
[2026-07-26 03:48:36] 2026-07-25 18:32:26 | INFO     | KDClient 8 round 19 completed (acc=0.8595, n=90)
[2026-07-26 03:48:36] 2026-07-25 18:32:26 | INFO     | KDClient 9 fit round 19 (tier=medium)
[2026-07-26 03:48:36] 2026-07-25 18:32:26 | INFO     | KDClient 9 round 19 public KD (epochs=2)
[2026-07-26 03:48:36] 2026-07-25 18:33:11 | INFO     | KDClient 9 round 19 local training (epochs=4)
[2026-07-26 03:48:36] 2026-07-25 18:33:45 | INFO     | KDClient 9 round 19 completed (acc=0.8396, n=90)
[2026-07-26 03:48:36] 2026-07-25 18:33:45 | INFO     | KDClient 10 fit round 19 (tier=medium)
[2026-07-26 03:48:36] 2026-07-25 18:33:45 | INFO     | KDClient 10 round 19 public KD (epochs=2)
[2026-07-26 03:48:36] 2026-07-25 18:34:27 | INFO     | KDClient 10 round 19 local training (epochs=4)
[2026-07-26 03:48:36] 2026-07-25 18:35:07 | INFO     | KDClient 10 round 19 completed (acc=0.9099, n=90)
[2026-07-26 03:48:36] 2026-07-25 18:35:07 | INFO     | KDClient 11 fit round 19 (tier=medium)
[2026-07-26 03:48:36] 2026-07-25 18:35:07 | INFO     | KDClient 11 round 19 public KD (epochs=2)
[2026-07-26 03:48:36] 2026-07-25 18:35:51 | INFO     | KDClient 11 round 19 local training (epochs=4)
[2026-07-26 03:48:36] 2026-07-25 18:36:22 | INFO     | KDClient 11 round 19 completed (acc=0.8450, n=90)
[2026-07-26 03:48:36] 2026-07-25 18:36:22 | INFO     | KDClient 12 fit round 19 (tier=medium)
[2026-07-26 03:48:36] 2026-07-25 18:36:22 | INFO     | KDClient 12 round 19 public KD (epochs=2)
[2026-07-26 03:48:36] 2026-07-25 18:37:04 | INFO     | KDClient 12 round 19 local training (epochs=4)
[2026-07-26 03:48:36] 2026-07-25 18:37:30 | INFO     | KDClient 12 round 19 completed (acc=0.8793, n=90)
[2026-07-26 03:48:36] 2026-07-25 18:37:30 | INFO     | KDClient 13 fit round 19 (tier=medium)
[2026-07-26 03:48:36] 2026-07-25 18:37:30 | INFO     | KDClient 13 round 19 public KD (epochs=2)
[2026-07-26 03:48:36] 2026-07-25 18:38:06 | INFO     | KDClient 13 round 19 local training (epochs=4)
[2026-07-26 03:48:36] 2026-07-25 18:38:39 | INFO     | KDClient 13 round 19 completed (acc=0.9045, n=90)
[2026-07-26 03:48:36] 2026-07-25 18:38:39 | INFO     | KDClient 14 fit round 19 (tier=large)
[2026-07-26 03:48:36] 2026-07-25 18:38:39 | INFO     | KDClient 14 round 19 public KD (epochs=2)
[2026-07-26 03:48:36] 2026-07-25 18:39:51 | INFO     | KDClient 14 round 19 local training (epochs=4)
[2026-07-26 03:48:36] 2026-07-25 18:40:36 | INFO     | KDClient 14 round 19 completed (acc=0.9063, n=90)
[2026-07-26 03:48:36] 2026-07-25 18:40:36 | INFO     | KDClient 15 fit round 19 (tier=large)
[2026-07-26 03:48:36] 2026-07-25 18:40:36 | INFO     | KDClient 15 round 19 public KD (epochs=2)
[2026-07-26 03:48:36] 2026-07-25 18:41:36 | INFO     | KDClient 15 round 19 local training (epochs=4)
[2026-07-26 03:48:36] 2026-07-25 18:42:33 | INFO     | KDClient 15 round 19 completed (acc=0.9081, n=90)
[2026-07-26 03:48:36] 2026-07-25 18:42:33 | INFO     | KDClient 16 fit round 19 (tier=large)
[2026-07-26 03:48:36] 2026-07-25 18:42:33 | INFO     | KDClient 16 round 19 public KD (epochs=2)
[2026-07-26 03:48:36] 2026-07-25 18:43:45 | INFO     | KDClient 16 round 19 local training (epochs=4)
[2026-07-26 03:48:36] 2026-07-25 18:44:38 | INFO     | KDClient 16 round 19 completed (acc=0.8991, n=90)
[2026-07-26 03:48:36] 2026-07-25 18:44:38 | INFO     | KDClient 17 fit round 19 (tier=large)
[2026-07-26 03:48:36] 2026-07-25 18:44:38 | INFO     | KDClient 17 round 19 public KD (epochs=2)
[2026-07-26 03:48:36] 2026-07-25 18:45:48 | INFO     | KDClient 17 round 19 local training (epochs=4)
[2026-07-26 03:48:36] 2026-07-25 18:46:43 | INFO     | KDClient 17 round 19 completed (acc=0.8775, n=90)
[2026-07-26 03:48:36] 2026-07-25 18:46:43 | INFO     | KDClient 18 fit round 19 (tier=large)
[2026-07-26 03:48:36] 2026-07-25 18:46:43 | INFO     | KDClient 18 round 19 public KD (epochs=2)
[2026-07-26 03:48:36] 2026-07-25 18:47:53 | INFO     | KDClient 18 round 19 local training (epochs=4)
[2026-07-26 03:48:36] 2026-07-25 18:48:54 | INFO     | KDClient 18 round 19 completed (acc=0.8324, n=90)
[2026-07-26 03:48:36] 2026-07-25 18:48:54 | INFO     | KDClient 19 fit round 19 (tier=large)
[2026-07-26 03:48:36] 2026-07-25 18:48:54 | INFO     | KDClient 19 round 19 public KD (epochs=2)
[2026-07-26 03:48:36] 2026-07-25 18:50:05 | INFO     | KDClient 19 round 19 local training (epochs=4)
[2026-07-26 03:48:36] 2026-07-25 18:50:51 | INFO     | KDClient 19 round 19 completed (acc=0.8486, n=90)
[2026-07-26 03:48:36]   Round  19/50 | Avg: 0.8826 | Min: 0.8324 | Max: 0.9297
[2026-07-26 03:48:36] 2026-07-25 18:50:51 | INFO     | FEDMD — IID: round 20/50 starting
[2026-07-26 03:48:36] 2026-07-25 18:50:51 | INFO     | KDClient 0 fit round 20 (tier=small)
[2026-07-26 03:48:36] 2026-07-25 18:50:51 | INFO     | KDClient 0 round 20 public KD (epochs=2)
[2026-07-26 03:48:36] 2026-07-25 18:51:04 | INFO     | KDClient 0 round 20 local training (epochs=4)
[2026-07-26 03:48:36] 2026-07-25 18:51:15 | INFO     | KDClient 0 round 20 completed (acc=0.8901, n=90)
[2026-07-26 03:48:36] 2026-07-25 18:51:15 | INFO     | KDClient 1 fit round 20 (tier=small)
[2026-07-26 03:48:36] 2026-07-25 18:51:15 | INFO     | KDClient 1 round 20 public KD (epochs=2)
[2026-07-26 03:48:36] 2026-07-25 18:51:30 | INFO     | KDClient 1 round 20 local training (epochs=4)
[2026-07-26 03:48:36] 2026-07-25 18:51:44 | INFO     | KDClient 1 round 20 completed (acc=0.9243, n=90)
[2026-07-26 03:48:36] 2026-07-25 18:51:44 | INFO     | KDClient 2 fit round 20 (tier=small)
[2026-07-26 03:48:36] 2026-07-25 18:51:44 | INFO     | KDClient 2 round 20 public KD (epochs=2)
[2026-07-26 03:48:36] 2026-07-25 18:51:59 | INFO     | KDClient 2 round 20 local training (epochs=4)
[2026-07-26 03:48:36] 2026-07-25 18:52:12 | INFO     | KDClient 2 round 20 completed (acc=0.9171, n=90)
[2026-07-26 03:48:36] 2026-07-25 18:52:12 | INFO     | KDClient 3 fit round 20 (tier=small)
[2026-07-26 03:48:36] 2026-07-25 18:52:12 | INFO     | KDClient 3 round 20 public KD (epochs=2)
[2026-07-26 03:48:36] 2026-07-25 18:52:25 | INFO     | KDClient 3 round 20 local training (epochs=4)
[2026-07-26 03:48:36] 2026-07-25 18:52:40 | INFO     | KDClient 3 round 20 completed (acc=0.8991, n=90)
[2026-07-26 03:48:36] 2026-07-25 18:52:40 | INFO     | KDClient 4 fit round 20 (tier=small)
[2026-07-26 03:48:36] 2026-07-25 18:52:40 | INFO     | KDClient 4 round 20 public KD (epochs=2)
[2026-07-26 03:48:36] 2026-07-25 18:52:54 | INFO     | KDClient 4 round 20 local training (epochs=4)
[2026-07-26 03:48:36] 2026-07-25 18:53:07 | INFO     | KDClient 4 round 20 completed (acc=0.9261, n=90)
[2026-07-26 03:48:36] 2026-07-25 18:53:07 | INFO     | KDClient 5 fit round 20 (tier=small)
[2026-07-26 03:48:36] 2026-07-25 18:53:07 | INFO     | KDClient 5 round 20 public KD (epochs=2)
[2026-07-26 03:48:36] 2026-07-25 18:53:21 | INFO     | KDClient 5 round 20 local training (epochs=4)
[2026-07-26 03:48:36] 2026-07-25 18:53:36 | INFO     | KDClient 5 round 20 completed (acc=0.9027, n=90)
[2026-07-26 03:48:36] 2026-07-25 18:53:36 | INFO     | KDClient 6 fit round 20 (tier=small)
[2026-07-26 03:48:36] 2026-07-25 18:53:36 | INFO     | KDClient 6 round 20 public KD (epochs=2)
[2026-07-26 03:48:36] 2026-07-25 18:53:51 | INFO     | KDClient 6 round 20 local training (epochs=4)
[2026-07-26 03:48:36] 2026-07-25 18:54:04 | INFO     | KDClient 6 round 20 completed (acc=0.8811, n=90)
[2026-07-26 03:48:36] 2026-07-25 18:54:04 | INFO     | KDClient 7 fit round 20 (tier=medium)
[2026-07-26 03:48:36] 2026-07-25 18:54:04 | INFO     | KDClient 7 round 20 public KD (epochs=2)
[2026-07-26 03:48:36] 2026-07-25 18:55:08 | INFO     | KDClient 7 round 20 local training (epochs=4)
[2026-07-26 03:48:36] 2026-07-25 18:55:43 | INFO     | KDClient 7 round 20 completed (acc=0.9117, n=90)
[2026-07-26 03:48:36] 2026-07-25 18:55:43 | INFO     | KDClient 8 fit round 20 (tier=medium)
[2026-07-26 03:48:36] 2026-07-25 18:55:43 | INFO     | KDClient 8 round 20 public KD (epochs=2)
[2026-07-26 03:48:36] 2026-07-25 18:56:27 | INFO     | KDClient 8 round 20 local training (epochs=4)
[2026-07-26 03:48:36] 2026-07-25 18:57:00 | INFO     | KDClient 8 round 20 completed (acc=0.8811, n=90)
[2026-07-26 03:48:36] 2026-07-25 18:57:00 | INFO     | KDClient 9 fit round 20 (tier=medium)
[2026-07-26 03:48:36] 2026-07-25 18:57:00 | INFO     | KDClient 9 round 20 public KD (epochs=2)
[2026-07-26 03:48:36] 2026-07-25 18:57:43 | INFO     | KDClient 9 round 20 local training (epochs=4)
[2026-07-26 03:48:36] 2026-07-25 18:58:13 | INFO     | KDClient 9 round 20 completed (acc=0.8378, n=90)
[2026-07-26 03:48:36] 2026-07-25 18:58:13 | INFO     | KDClient 10 fit round 20 (tier=medium)
[2026-07-26 03:48:36] 2026-07-25 18:58:13 | INFO     | KDClient 10 round 20 public KD (epochs=2)
[2026-07-26 03:48:36] 2026-07-25 18:58:53 | INFO     | KDClient 10 round 20 local training (epochs=4)
[2026-07-26 03:48:36] 2026-07-25 18:59:33 | INFO     | KDClient 10 round 20 completed (acc=0.8919, n=90)
[2026-07-26 03:48:36] 2026-07-25 18:59:33 | INFO     | KDClient 11 fit round 20 (tier=medium)
[2026-07-26 03:48:36] 2026-07-25 18:59:33 | INFO     | KDClient 11 round 20 public KD (epochs=2)
[2026-07-26 03:48:36] 2026-07-25 19:00:14 | INFO     | KDClient 11 round 20 local training (epochs=4)
[2026-07-26 03:48:36] 2026-07-25 19:00:46 | INFO     | KDClient 11 round 20 completed (acc=0.8991, n=90)
[2026-07-26 03:48:36] 2026-07-25 19:00:46 | INFO     | KDClient 12 fit round 20 (tier=medium)
[2026-07-26 03:48:36] 2026-07-25 19:00:46 | INFO     | KDClient 12 round 20 public KD (epochs=2)
[2026-07-26 03:48:36] 2026-07-25 19:01:29 | INFO     | KDClient 12 round 20 local training (epochs=4)
[2026-07-26 03:48:36] 2026-07-25 19:01:58 | INFO     | KDClient 12 round 20 completed (acc=0.8955, n=90)
[2026-07-26 03:48:36] 2026-07-25 19:01:58 | INFO     | KDClient 13 fit round 20 (tier=medium)
[2026-07-26 03:48:36] 2026-07-25 19:01:58 | INFO     | KDClient 13 round 20 public KD (epochs=2)
[2026-07-26 03:48:36] 2026-07-25 19:02:35 | INFO     | KDClient 13 round 20 local training (epochs=4)
[2026-07-26 03:48:36] 2026-07-25 19:03:06 | INFO     | KDClient 13 round 20 completed (acc=0.8991, n=90)
[2026-07-26 03:48:36] 2026-07-25 19:03:06 | INFO     | KDClient 14 fit round 20 (tier=large)
[2026-07-26 03:48:36] 2026-07-25 19:03:06 | INFO     | KDClient 14 round 20 public KD (epochs=2)
[2026-07-26 03:48:36] 2026-07-25 19:04:06 | INFO     | KDClient 14 round 20 local training (epochs=4)
[2026-07-26 03:48:36] 2026-07-25 19:04:51 | INFO     | KDClient 14 round 20 completed (acc=0.9117, n=90)
[2026-07-26 03:48:36] 2026-07-25 19:04:51 | INFO     | KDClient 15 fit round 20 (tier=large)
[2026-07-26 03:48:36] 2026-07-25 19:04:51 | INFO     | KDClient 15 round 20 public KD (epochs=2)
[2026-07-26 03:48:36] 2026-07-25 19:05:50 | INFO     | KDClient 15 round 20 local training (epochs=4)
[2026-07-26 03:48:36] 2026-07-25 19:06:36 | INFO     | KDClient 15 round 20 completed (acc=0.8991, n=90)
[2026-07-26 03:48:36] 2026-07-25 19:06:36 | INFO     | KDClient 16 fit round 20 (tier=large)
[2026-07-26 03:48:36] 2026-07-25 19:06:36 | INFO     | KDClient 16 round 20 public KD (epochs=2)
[2026-07-26 03:48:36] 2026-07-25 19:07:37 | INFO     | KDClient 16 round 20 local training (epochs=4)
[2026-07-26 03:48:36] 2026-07-25 19:08:37 | INFO     | KDClient 16 round 20 completed (acc=0.8973, n=90)
[2026-07-26 03:48:36] 2026-07-25 19:08:37 | INFO     | KDClient 17 fit round 20 (tier=large)
[2026-07-26 03:48:36] 2026-07-25 19:08:37 | INFO     | KDClient 17 round 20 public KD (epochs=2)
[2026-07-26 03:48:36] 2026-07-25 19:09:42 | INFO     | KDClient 17 round 20 local training (epochs=4)
[2026-07-26 03:48:36] 2026-07-25 19:10:36 | INFO     | KDClient 17 round 20 completed (acc=0.8847, n=90)
[2026-07-26 03:48:36] 2026-07-25 19:10:36 | INFO     | KDClient 18 fit round 20 (tier=large)
[2026-07-26 03:48:36] 2026-07-25 19:10:36 | INFO     | KDClient 18 round 20 public KD (epochs=2)
[2026-07-26 03:48:36] 2026-07-25 19:11:49 | INFO     | KDClient 18 round 20 local training (epochs=4)
[2026-07-26 03:48:36] 2026-07-25 19:12:57 | INFO     | KDClient 18 round 20 completed (acc=0.8937, n=90)
[2026-07-26 03:48:36] 2026-07-25 19:12:57 | INFO     | KDClient 19 fit round 20 (tier=large)
[2026-07-26 03:48:36] 2026-07-25 19:12:57 | INFO     | KDClient 19 round 20 public KD (epochs=2)
[2026-07-26 03:48:36] 2026-07-25 19:14:04 | INFO     | KDClient 19 round 20 local training (epochs=4)
[2026-07-26 03:48:36] 2026-07-25 19:15:00 | INFO     | KDClient 19 round 20 completed (acc=0.8036, n=90)
[2026-07-26 03:48:36]   Round  20/50 | Avg: 0.8923 | Min: 0.8036 | Max: 0.9261
[2026-07-26 03:48:36] 2026-07-25 19:15:00 | INFO     | FEDMD — IID: round 21/50 starting
[2026-07-26 03:48:36] 2026-07-25 19:15:00 | INFO     | KDClient 0 fit round 21 (tier=small)
[2026-07-26 03:48:36] 2026-07-25 19:15:00 | INFO     | KDClient 0 round 21 public KD (epochs=2)
[2026-07-26 03:48:36] 2026-07-25 19:15:13 | INFO     | KDClient 0 round 21 local training (epochs=4)
[2026-07-26 03:48:36] 2026-07-25 19:15:27 | INFO     | KDClient 0 round 21 completed (acc=0.8559, n=90)
[2026-07-26 03:48:36] 2026-07-25 19:15:27 | INFO     | KDClient 1 fit round 21 (tier=small)
[2026-07-26 03:48:36] 2026-07-25 19:15:27 | INFO     | KDClient 1 round 21 public KD (epochs=2)
[2026-07-26 03:48:36] 2026-07-25 19:15:42 | INFO     | KDClient 1 round 21 local training (epochs=4)
[2026-07-26 03:48:36] 2026-07-25 19:15:55 | INFO     | KDClient 1 round 21 completed (acc=0.9333, n=90)
[2026-07-26 03:48:36] 2026-07-25 19:15:55 | INFO     | KDClient 2 fit round 21 (tier=small)
[2026-07-26 03:48:36] 2026-07-25 19:15:55 | INFO     | KDClient 2 round 21 public KD (epochs=2)
[2026-07-26 03:48:36] 2026-07-25 19:16:11 | INFO     | KDClient 2 round 21 local training (epochs=4)
[2026-07-26 03:48:36] 2026-07-25 19:16:25 | INFO     | KDClient 2 round 21 completed (acc=0.8955, n=90)
[2026-07-26 03:48:36] 2026-07-25 19:16:25 | INFO     | KDClient 3 fit round 21 (tier=small)
[2026-07-26 03:48:36] 2026-07-25 19:16:25 | INFO     | KDClient 3 round 21 public KD (epochs=2)
[2026-07-26 03:48:36] 2026-07-25 19:16:40 | INFO     | KDClient 3 round 21 local training (epochs=4)
[2026-07-26 03:48:36] 2026-07-25 19:16:50 | INFO     | KDClient 3 round 21 completed (acc=0.8955, n=90)
[2026-07-26 03:48:36] 2026-07-25 19:16:50 | INFO     | KDClient 4 fit round 21 (tier=small)
[2026-07-26 03:48:36] 2026-07-25 19:16:50 | INFO     | KDClient 4 round 21 public KD (epochs=2)
[2026-07-26 03:48:36] 2026-07-25 19:17:05 | INFO     | KDClient 4 round 21 local training (epochs=4)
[2026-07-26 03:48:36] 2026-07-25 19:17:17 | INFO     | KDClient 4 round 21 completed (acc=0.9333, n=90)
[2026-07-26 03:48:36] 2026-07-25 19:17:17 | INFO     | KDClient 5 fit round 21 (tier=small)
[2026-07-26 03:48:36] 2026-07-25 19:17:17 | INFO     | KDClient 5 round 21 public KD (epochs=2)
[2026-07-26 03:48:36] 2026-07-25 19:17:31 | INFO     | KDClient 5 round 21 local training (epochs=4)
[2026-07-26 03:48:36] 2026-07-25 19:17:47 | INFO     | KDClient 5 round 21 completed (acc=0.9279, n=90)
[2026-07-26 03:48:36] 2026-07-25 19:17:47 | INFO     | KDClient 6 fit round 21 (tier=small)
[2026-07-26 03:48:36] 2026-07-25 19:17:47 | INFO     | KDClient 6 round 21 public KD (epochs=2)
[2026-07-26 03:48:36] 2026-07-25 19:18:02 | INFO     | KDClient 6 round 21 local training (epochs=4)
[2026-07-26 03:48:36] 2026-07-25 19:18:14 | INFO     | KDClient 6 round 21 completed (acc=0.9081, n=90)
[2026-07-26 03:48:36] 2026-07-25 19:18:14 | INFO     | KDClient 7 fit round 21 (tier=medium)
[2026-07-26 03:48:36] 2026-07-25 19:18:14 | INFO     | KDClient 7 round 21 public KD (epochs=2)
[2026-07-26 03:48:36] 2026-07-25 19:19:18 | INFO     | KDClient 7 round 21 local training (epochs=4)
[2026-07-26 03:48:36] 2026-07-25 19:19:57 | INFO     | KDClient 7 round 21 completed (acc=0.8937, n=90)
[2026-07-26 03:48:36] 2026-07-25 19:19:57 | INFO     | KDClient 8 fit round 21 (tier=medium)
[2026-07-26 03:48:36] 2026-07-25 19:19:57 | INFO     | KDClient 8 round 21 public KD (epochs=2)
[2026-07-26 03:48:36] 2026-07-25 19:20:58 | INFO     | KDClient 8 round 21 local training (epochs=4)
[2026-07-26 03:48:36] 2026-07-25 19:21:37 | INFO     | KDClient 8 round 21 completed (acc=0.8306, n=90)
[2026-07-26 03:48:36] 2026-07-25 19:21:37 | INFO     | KDClient 9 fit round 21 (tier=medium)
[2026-07-26 03:48:36] 2026-07-25 19:21:37 | INFO     | KDClient 9 round 21 public KD (epochs=2)
[2026-07-26 03:48:36] 2026-07-25 19:22:17 | INFO     | KDClient 9 round 21 local training (epochs=4)
[2026-07-26 03:48:36] 2026-07-25 19:22:48 | INFO     | KDClient 9 round 21 completed (acc=0.8108, n=90)
[2026-07-26 03:48:36] 2026-07-25 19:22:48 | INFO     | KDClient 10 fit round 21 (tier=medium)
[2026-07-26 03:48:36] 2026-07-25 19:22:48 | INFO     | KDClient 10 round 21 public KD (epochs=2)
[2026-07-26 03:48:36] 2026-07-25 19:23:51 | INFO     | KDClient 10 round 21 local training (epochs=4)
[2026-07-26 03:48:36] 2026-07-25 19:24:23 | INFO     | KDClient 10 round 21 completed (acc=0.9081, n=90)
[2026-07-26 03:48:36] 2026-07-25 19:24:23 | INFO     | KDClient 11 fit round 21 (tier=medium)
[2026-07-26 03:48:36] 2026-07-25 19:24:23 | INFO     | KDClient 11 round 21 public KD (epochs=2)
[2026-07-26 03:48:36] 2026-07-25 19:25:07 | INFO     | KDClient 11 round 21 local training (epochs=4)
[2026-07-26 03:48:36] 2026-07-25 19:25:40 | INFO     | KDClient 11 round 21 completed (acc=0.8541, n=90)
[2026-07-26 03:48:36] 2026-07-25 19:25:40 | INFO     | KDClient 12 fit round 21 (tier=medium)
[2026-07-26 03:48:36] 2026-07-25 19:25:40 | INFO     | KDClient 12 round 21 public KD (epochs=2)
[2026-07-26 03:48:36] 2026-07-25 19:26:17 | INFO     | KDClient 12 round 21 local training (epochs=4)
[2026-07-26 03:48:36] 2026-07-25 19:26:49 | INFO     | KDClient 12 round 21 completed (acc=0.8847, n=90)
[2026-07-26 03:48:36] 2026-07-25 19:26:49 | INFO     | KDClient 13 fit round 21 (tier=medium)
[2026-07-26 03:48:36] 2026-07-25 19:26:49 | INFO     | KDClient 13 round 21 public KD (epochs=2)
[2026-07-26 03:48:36] 2026-07-25 19:27:28 | INFO     | KDClient 13 round 21 local training (epochs=4)
[2026-07-26 03:48:36] 2026-07-25 19:27:54 | INFO     | KDClient 13 round 21 completed (acc=0.9063, n=90)
[2026-07-26 03:48:36] 2026-07-25 19:27:54 | INFO     | KDClient 14 fit round 21 (tier=large)
[2026-07-26 03:48:36] 2026-07-25 19:27:54 | INFO     | KDClient 14 round 21 public KD (epochs=2)
[2026-07-26 03:48:36] 2026-07-25 19:28:51 | INFO     | KDClient 14 round 21 local training (epochs=4)
[2026-07-26 03:48:36] 2026-07-25 19:29:40 | INFO     | KDClient 14 round 21 completed (acc=0.8883, n=90)
[2026-07-26 03:48:36] 2026-07-25 19:29:40 | INFO     | KDClient 15 fit round 21 (tier=large)
[2026-07-26 03:48:36] 2026-07-25 19:29:40 | INFO     | KDClient 15 round 21 public KD (epochs=2)
[2026-07-26 03:48:36] 2026-07-25 19:30:41 | INFO     | KDClient 15 round 21 local training (epochs=4)
[2026-07-26 03:48:36] 2026-07-25 19:31:35 | INFO     | KDClient 15 round 21 completed (acc=0.9225, n=90)
[2026-07-26 03:48:36] 2026-07-25 19:31:35 | INFO     | KDClient 16 fit round 21 (tier=large)
[2026-07-26 03:48:36] 2026-07-25 19:31:35 | INFO     | KDClient 16 round 21 public KD (epochs=2)
[2026-07-26 03:48:36] 2026-07-25 19:32:37 | INFO     | KDClient 16 round 21 local training (epochs=4)
[2026-07-26 03:48:36] 2026-07-25 19:33:36 | INFO     | KDClient 16 round 21 completed (acc=0.9189, n=90)
[2026-07-26 03:48:36] 2026-07-25 19:33:36 | INFO     | KDClient 17 fit round 21 (tier=large)
[2026-07-26 03:48:36] 2026-07-25 19:33:36 | INFO     | KDClient 17 round 21 public KD (epochs=2)
[2026-07-26 03:48:36] 2026-07-25 19:34:40 | INFO     | KDClient 17 round 21 local training (epochs=4)
[2026-07-26 03:48:36] 2026-07-25 19:35:33 | INFO     | KDClient 17 round 21 completed (acc=0.8577, n=90)
[2026-07-26 03:48:36] 2026-07-25 19:35:33 | INFO     | KDClient 18 fit round 21 (tier=large)
[2026-07-26 03:48:36] 2026-07-25 19:35:33 | INFO     | KDClient 18 round 21 public KD (epochs=2)
[2026-07-26 03:48:36] 2026-07-25 19:36:39 | INFO     | KDClient 18 round 21 local training (epochs=4)
[2026-07-26 03:48:36] 2026-07-25 19:37:28 | INFO     | KDClient 18 round 21 completed (acc=0.8901, n=90)
[2026-07-26 03:48:36] 2026-07-25 19:37:28 | INFO     | KDClient 19 fit round 21 (tier=large)
[2026-07-26 03:48:36] 2026-07-25 19:37:28 | INFO     | KDClient 19 round 21 public KD (epochs=2)
[2026-07-26 03:48:36] 2026-07-25 19:38:38 | INFO     | KDClient 19 round 21 local training (epochs=4)
[2026-07-26 03:48:36] 2026-07-25 19:39:35 | INFO     | KDClient 19 round 21 completed (acc=0.8108, n=90)
[2026-07-26 03:48:36]   Round  21/50 | Avg: 0.8863 | Min: 0.8108 | Max: 0.9333
[2026-07-26 03:48:36] 2026-07-25 19:39:35 | INFO     | FEDMD — IID: round 22/50 starting
[2026-07-26 03:48:36] 2026-07-25 19:39:35 | INFO     | KDClient 0 fit round 22 (tier=small)
[2026-07-26 03:48:36] 2026-07-25 19:39:35 | INFO     | KDClient 0 round 22 public KD (epochs=2)
[2026-07-26 03:48:36] 2026-07-25 19:39:56 | INFO     | KDClient 0 round 22 local training (epochs=4)
[2026-07-26 03:48:36] 2026-07-25 19:40:10 | INFO     | KDClient 0 round 22 completed (acc=0.8649, n=90)
[2026-07-26 03:48:36] 2026-07-25 19:40:10 | INFO     | KDClient 1 fit round 22 (tier=small)
[2026-07-26 03:48:36] 2026-07-25 19:40:10 | INFO     | KDClient 1 round 22 public KD (epochs=2)
[2026-07-26 03:48:36] 2026-07-25 19:40:25 | INFO     | KDClient 1 round 22 local training (epochs=4)
[2026-07-26 03:48:36] 2026-07-25 19:40:36 | INFO     | KDClient 1 round 22 completed (acc=0.9243, n=90)
[2026-07-26 03:48:36] 2026-07-25 19:40:36 | INFO     | KDClient 2 fit round 22 (tier=small)
[2026-07-26 03:48:36] 2026-07-25 19:40:36 | INFO     | KDClient 2 round 22 public KD (epochs=2)
[2026-07-26 03:48:36] 2026-07-25 19:40:53 | INFO     | KDClient 2 round 22 local training (epochs=4)
[2026-07-26 03:48:36] 2026-07-25 19:41:04 | INFO     | KDClient 2 round 22 completed (acc=0.9261, n=90)
[2026-07-26 03:48:36] 2026-07-25 19:41:04 | INFO     | KDClient 3 fit round 22 (tier=small)
[2026-07-26 03:48:36] 2026-07-25 19:41:04 | INFO     | KDClient 3 round 22 public KD (epochs=2)
[2026-07-26 03:48:36] 2026-07-25 19:41:18 | INFO     | KDClient 3 round 22 local training (epochs=4)
[2026-07-26 03:48:36] 2026-07-25 19:41:31 | INFO     | KDClient 3 round 22 completed (acc=0.8919, n=90)
[2026-07-26 03:48:36] 2026-07-25 19:41:31 | INFO     | KDClient 4 fit round 22 (tier=small)
[2026-07-26 03:48:36] 2026-07-25 19:41:31 | INFO     | KDClient 4 round 22 public KD (epochs=2)
[2026-07-26 03:48:36] 2026-07-25 19:41:47 | INFO     | KDClient 4 round 22 local training (epochs=4)
[2026-07-26 03:48:36] 2026-07-25 19:42:02 | INFO     | KDClient 4 round 22 completed (acc=0.9333, n=90)
[2026-07-26 03:48:36] 2026-07-25 19:42:02 | INFO     | KDClient 5 fit round 22 (tier=small)
[2026-07-26 03:48:36] 2026-07-25 19:42:02 | INFO     | KDClient 5 round 22 public KD (epochs=2)
[2026-07-26 03:48:36] 2026-07-25 19:42:22 | INFO     | KDClient 5 round 22 local training (epochs=4)
[2026-07-26 03:48:36] 2026-07-25 19:42:39 | INFO     | KDClient 5 round 22 completed (acc=0.9243, n=90)
[2026-07-26 03:48:36] 2026-07-25 19:42:39 | INFO     | KDClient 6 fit round 22 (tier=small)
[2026-07-26 03:48:36] 2026-07-25 19:42:39 | INFO     | KDClient 6 round 22 public KD (epochs=2)
[2026-07-26 03:48:36] 2026-07-25 19:42:55 | INFO     | KDClient 6 round 22 local training (epochs=4)
[2026-07-26 03:48:36] 2026-07-25 19:43:07 | INFO     | KDClient 6 round 22 completed (acc=0.8667, n=90)
[2026-07-26 03:48:36] 2026-07-25 19:43:07 | INFO     | KDClient 7 fit round 22 (tier=medium)
[2026-07-26 03:48:36] 2026-07-25 19:43:07 | INFO     | KDClient 7 round 22 public KD (epochs=2)
[2026-07-26 03:48:36] 2026-07-25 19:43:52 | INFO     | KDClient 7 round 22 local training (epochs=4)
[2026-07-26 03:48:36] 2026-07-25 19:44:26 | INFO     | KDClient 7 round 22 completed (acc=0.9099, n=90)
[2026-07-26 03:48:36] 2026-07-25 19:44:26 | INFO     | KDClient 8 fit round 22 (tier=medium)
[2026-07-26 03:48:36] 2026-07-25 19:44:26 | INFO     | KDClient 8 round 22 public KD (epochs=2)
[2026-07-26 03:48:36] 2026-07-25 19:45:26 | INFO     | KDClient 8 round 22 local training (epochs=4)
[2026-07-26 03:48:36] 2026-07-25 19:45:58 | INFO     | KDClient 8 round 22 completed (acc=0.8991, n=90)
[2026-07-26 03:48:36] 2026-07-25 19:45:58 | INFO     | KDClient 9 fit round 22 (tier=medium)
[2026-07-26 03:48:36] 2026-07-25 19:45:58 | INFO     | KDClient 9 round 22 public KD (epochs=2)
[2026-07-26 03:48:36] 2026-07-25 19:46:39 | INFO     | KDClient 9 round 22 local training (epochs=4)
[2026-07-26 03:48:36] 2026-07-25 19:47:09 | INFO     | KDClient 9 round 22 completed (acc=0.8306, n=90)
[2026-07-26 03:48:36] 2026-07-25 19:47:09 | INFO     | KDClient 10 fit round 22 (tier=medium)
[2026-07-26 03:48:36] 2026-07-25 19:47:09 | INFO     | KDClient 10 round 22 public KD (epochs=2)
[2026-07-26 03:48:36] 2026-07-25 19:47:53 | INFO     | KDClient 10 round 22 local training (epochs=4)
[2026-07-26 03:48:36] 2026-07-25 19:48:32 | INFO     | KDClient 10 round 22 completed (acc=0.9171, n=90)
[2026-07-26 03:48:36] 2026-07-25 19:48:32 | INFO     | KDClient 11 fit round 22 (tier=medium)
[2026-07-26 03:48:36] 2026-07-25 19:48:32 | INFO     | KDClient 11 round 22 public KD (epochs=2)
[2026-07-26 03:48:36] 2026-07-25 19:49:15 | INFO     | KDClient 11 round 22 local training (epochs=4)
[2026-07-26 03:48:36] 2026-07-25 19:49:49 | INFO     | KDClient 11 round 22 completed (acc=0.8468, n=90)
[2026-07-26 03:48:36] 2026-07-25 19:49:49 | INFO     | KDClient 12 fit round 22 (tier=medium)
[2026-07-26 03:48:36] 2026-07-25 19:49:49 | INFO     | KDClient 12 round 22 public KD (epochs=2)
[2026-07-26 03:48:36] 2026-07-25 19:50:29 | INFO     | KDClient 12 round 22 local training (epochs=4)
[2026-07-26 03:48:36] 2026-07-25 19:51:00 | INFO     | KDClient 12 round 22 completed (acc=0.8685, n=90)
[2026-07-26 03:48:36] 2026-07-25 19:51:00 | INFO     | KDClient 13 fit round 22 (tier=medium)
[2026-07-26 03:48:36] 2026-07-25 19:51:00 | INFO     | KDClient 13 round 22 public KD (epochs=2)
[2026-07-26 03:48:36] 2026-07-25 19:51:37 | INFO     | KDClient 13 round 22 local training (epochs=4)
[2026-07-26 03:48:36] 2026-07-25 19:52:03 | INFO     | KDClient 13 round 22 completed (acc=0.8919, n=90)
[2026-07-26 03:48:36] 2026-07-25 19:52:03 | INFO     | KDClient 14 fit round 22 (tier=large)
[2026-07-26 03:48:36] 2026-07-25 19:52:03 | INFO     | KDClient 14 round 22 public KD (epochs=2)
[2026-07-26 03:48:36] 2026-07-25 19:53:12 | INFO     | KDClient 14 round 22 local training (epochs=4)
[2026-07-26 03:48:36] 2026-07-25 19:54:01 | INFO     | KDClient 14 round 22 completed (acc=0.9081, n=90)
[2026-07-26 03:48:36] 2026-07-25 19:54:01 | INFO     | KDClient 15 fit round 22 (tier=large)
[2026-07-26 03:48:36] 2026-07-25 19:54:01 | INFO     | KDClient 15 round 22 public KD (epochs=2)
[2026-07-26 03:48:36] 2026-07-25 19:55:06 | INFO     | KDClient 15 round 22 local training (epochs=4)
[2026-07-26 03:48:36] 2026-07-25 19:55:52 | INFO     | KDClient 15 round 22 completed (acc=0.8991, n=90)
[2026-07-26 03:48:36] 2026-07-25 19:55:52 | INFO     | KDClient 16 fit round 22 (tier=large)
[2026-07-26 03:48:36] 2026-07-25 19:55:52 | INFO     | KDClient 16 round 22 public KD (epochs=2)
[2026-07-26 03:48:36] 2026-07-25 19:56:59 | INFO     | KDClient 16 round 22 local training (epochs=4)
[2026-07-26 03:48:36] 2026-07-25 19:57:51 | INFO     | KDClient 16 round 22 completed (acc=0.9171, n=90)
[2026-07-26 03:48:36] 2026-07-25 19:57:51 | INFO     | KDClient 17 fit round 22 (tier=large)
[2026-07-26 03:48:36] 2026-07-25 19:57:51 | INFO     | KDClient 17 round 22 public KD (epochs=2)
[2026-07-26 03:48:36] 2026-07-25 19:58:51 | INFO     | KDClient 17 round 22 local training (epochs=4)
[2026-07-26 03:48:36] 2026-07-25 19:59:47 | INFO     | KDClient 17 round 22 completed (acc=0.8468, n=90)
[2026-07-26 03:48:36] 2026-07-25 19:59:47 | INFO     | KDClient 18 fit round 22 (tier=large)
[2026-07-26 03:48:36] 2026-07-25 19:59:47 | INFO     | KDClient 18 round 22 public KD (epochs=2)
[2026-07-26 03:48:36] 2026-07-25 20:00:52 | INFO     | KDClient 18 round 22 local training (epochs=4)
[2026-07-26 03:48:36] 2026-07-25 20:01:46 | INFO     | KDClient 18 round 22 completed (acc=0.8703, n=90)
[2026-07-26 03:48:36] 2026-07-25 20:01:46 | INFO     | KDClient 19 fit round 22 (tier=large)
[2026-07-26 03:48:36] 2026-07-25 20:01:46 | INFO     | KDClient 19 round 22 public KD (epochs=2)
[2026-07-26 03:48:36] 2026-07-25 20:02:54 | INFO     | KDClient 19 round 22 local training (epochs=4)
[2026-07-26 03:48:36] 2026-07-25 20:03:46 | INFO     | KDClient 19 round 22 completed (acc=0.8667, n=90)
[2026-07-26 03:48:36]   Round  22/50 | Avg: 0.8902 | Min: 0.8306 | Max: 0.9333
[2026-07-26 03:48:36] 2026-07-25 20:03:46 | INFO     | FEDMD — IID: round 23/50 starting
[2026-07-26 03:48:36] 2026-07-25 20:03:46 | INFO     | KDClient 0 fit round 23 (tier=small)
[2026-07-26 03:48:36] 2026-07-25 20:03:46 | INFO     | KDClient 0 round 23 public KD (epochs=2)
[2026-07-26 03:48:36] 2026-07-25 20:04:03 | INFO     | KDClient 0 round 23 local training (epochs=4)
[2026-07-26 03:48:36] 2026-07-25 20:04:16 | INFO     | KDClient 0 round 23 completed (acc=0.9189, n=90)
[2026-07-26 03:48:36] 2026-07-25 20:04:16 | INFO     | KDClient 1 fit round 23 (tier=small)
[2026-07-26 03:48:36] 2026-07-25 20:04:16 | INFO     | KDClient 1 round 23 public KD (epochs=2)
[2026-07-26 03:48:36] 2026-07-25 20:04:32 | INFO     | KDClient 1 round 23 local training (epochs=4)
[2026-07-26 03:48:36] 2026-07-25 20:04:44 | INFO     | KDClient 1 round 23 completed (acc=0.9135, n=90)
[2026-07-26 03:48:36] 2026-07-25 20:04:44 | INFO     | KDClient 2 fit round 23 (tier=small)
[2026-07-26 03:48:36] 2026-07-25 20:04:44 | INFO     | KDClient 2 round 23 public KD (epochs=2)
[2026-07-26 03:48:36] 2026-07-25 20:04:59 | INFO     | KDClient 2 round 23 local training (epochs=4)
[2026-07-26 03:48:36] 2026-07-25 20:05:11 | INFO     | KDClient 2 round 23 completed (acc=0.8955, n=90)
[2026-07-26 03:48:36] 2026-07-25 20:05:11 | INFO     | KDClient 3 fit round 23 (tier=small)
[2026-07-26 03:48:36] 2026-07-25 20:05:11 | INFO     | KDClient 3 round 23 public KD (epochs=2)
[2026-07-26 03:48:36] 2026-07-25 20:05:27 | INFO     | KDClient 3 round 23 local training (epochs=4)
[2026-07-26 03:48:36] 2026-07-25 20:05:39 | INFO     | KDClient 3 round 23 completed (acc=0.8901, n=90)
[2026-07-26 03:48:36] 2026-07-25 20:05:39 | INFO     | KDClient 4 fit round 23 (tier=small)
[2026-07-26 03:48:36] 2026-07-25 20:05:39 | INFO     | KDClient 4 round 23 public KD (epochs=2)
[2026-07-26 03:48:36] 2026-07-25 20:05:56 | INFO     | KDClient 4 round 23 local training (epochs=4)
[2026-07-26 03:48:36] 2026-07-25 20:06:09 | INFO     | KDClient 4 round 23 completed (acc=0.9351, n=90)
[2026-07-26 03:48:36] 2026-07-25 20:06:09 | INFO     | KDClient 5 fit round 23 (tier=small)
[2026-07-26 03:48:36] 2026-07-25 20:06:09 | INFO     | KDClient 5 round 23 public KD (epochs=2)
[2026-07-26 03:48:36] 2026-07-25 20:06:23 | INFO     | KDClient 5 round 23 local training (epochs=4)
[2026-07-26 03:48:36] 2026-07-25 20:06:36 | INFO     | KDClient 5 round 23 completed (acc=0.9225, n=90)
[2026-07-26 03:48:36] 2026-07-25 20:06:36 | INFO     | KDClient 6 fit round 23 (tier=small)
[2026-07-26 03:48:36] 2026-07-25 20:06:36 | INFO     | KDClient 6 round 23 public KD (epochs=2)
[2026-07-26 03:48:36] 2026-07-25 20:06:50 | INFO     | KDClient 6 round 23 local training (epochs=4)
[2026-07-26 03:48:36] 2026-07-25 20:07:02 | INFO     | KDClient 6 round 23 completed (acc=0.8739, n=90)
[2026-07-26 03:48:36] 2026-07-25 20:07:02 | INFO     | KDClient 7 fit round 23 (tier=medium)
[2026-07-26 03:48:36] 2026-07-25 20:07:02 | INFO     | KDClient 7 round 23 public KD (epochs=2)
[2026-07-26 03:48:36] 2026-07-25 20:07:43 | INFO     | KDClient 7 round 23 local training (epochs=4)
[2026-07-26 03:48:36] 2026-07-25 20:08:17 | INFO     | KDClient 7 round 23 completed (acc=0.9153, n=90)
[2026-07-26 03:48:36] 2026-07-25 20:08:17 | INFO     | KDClient 8 fit round 23 (tier=medium)
[2026-07-26 03:48:36] 2026-07-25 20:08:17 | INFO     | KDClient 8 round 23 public KD (epochs=2)
[2026-07-26 03:48:36] 2026-07-25 20:09:00 | INFO     | KDClient 8 round 23 local training (epochs=4)
[2026-07-26 03:48:36] 2026-07-25 20:09:34 | INFO     | KDClient 8 round 23 completed (acc=0.8523, n=90)
[2026-07-26 03:48:36] 2026-07-25 20:09:34 | INFO     | KDClient 9 fit round 23 (tier=medium)
[2026-07-26 03:48:36] 2026-07-25 20:09:34 | INFO     | KDClient 9 round 23 public KD (epochs=2)
[2026-07-26 03:48:36] 2026-07-25 20:10:36 | INFO     | KDClient 9 round 23 local training (epochs=4)
[2026-07-26 03:48:36] 2026-07-25 20:11:11 | INFO     | KDClient 9 round 23 completed (acc=0.8486, n=90)
[2026-07-26 03:48:36] 2026-07-25 20:11:11 | INFO     | KDClient 10 fit round 23 (tier=medium)
[2026-07-26 03:48:36] 2026-07-25 20:11:11 | INFO     | KDClient 10 round 23 public KD (epochs=2)
[2026-07-26 03:48:36] 2026-07-25 20:11:50 | INFO     | KDClient 10 round 23 local training (epochs=4)
[2026-07-26 03:48:36] 2026-07-25 20:12:23 | INFO     | KDClient 10 round 23 completed (acc=0.7658, n=90)
[2026-07-26 03:48:36] 2026-07-25 20:12:23 | INFO     | KDClient 11 fit round 23 (tier=medium)
[2026-07-26 03:48:36] 2026-07-25 20:12:23 | INFO     | KDClient 11 round 23 public KD (epochs=2)
[2026-07-26 03:48:36] 2026-07-25 20:13:05 | INFO     | KDClient 11 round 23 local training (epochs=4)
[2026-07-26 03:48:36] 2026-07-25 20:13:39 | INFO     | KDClient 11 round 23 completed (acc=0.8847, n=90)
[2026-07-26 03:48:36] 2026-07-25 20:13:39 | INFO     | KDClient 12 fit round 23 (tier=medium)
[2026-07-26 03:48:36] 2026-07-25 20:13:39 | INFO     | KDClient 12 round 23 public KD (epochs=2)
[2026-07-26 03:48:36] 2026-07-25 20:14:39 | INFO     | KDClient 12 round 23 local training (epochs=4)
[2026-07-26 03:48:36] 2026-07-25 20:15:10 | INFO     | KDClient 12 round 23 completed (acc=0.8793, n=90)
[2026-07-26 03:48:36] 2026-07-25 20:15:10 | INFO     | KDClient 13 fit round 23 (tier=medium)
[2026-07-26 03:48:36] 2026-07-25 20:15:10 | INFO     | KDClient 13 round 23 public KD (epochs=2)
[2026-07-26 03:48:36] 2026-07-25 20:15:45 | INFO     | KDClient 13 round 23 local training (epochs=4)
[2026-07-26 03:48:36] 2026-07-25 20:16:15 | INFO     | KDClient 13 round 23 completed (acc=0.9009, n=90)
[2026-07-26 03:48:36] 2026-07-25 20:16:15 | INFO     | KDClient 14 fit round 23 (tier=large)
[2026-07-26 03:48:36] 2026-07-25 20:16:15 | INFO     | KDClient 14 round 23 public KD (epochs=2)
[2026-07-26 03:48:36] 2026-07-25 20:17:12 | INFO     | KDClient 14 round 23 local training (epochs=4)
[2026-07-26 03:48:36] 2026-07-25 20:18:11 | INFO     | KDClient 14 round 23 completed (acc=0.8973, n=90)
[2026-07-26 03:48:36] 2026-07-25 20:18:11 | INFO     | KDClient 15 fit round 23 (tier=large)
[2026-07-26 03:48:36] 2026-07-25 20:18:11 | INFO     | KDClient 15 round 23 public KD (epochs=2)
[2026-07-26 03:48:36] 2026-07-25 20:19:13 | INFO     | KDClient 15 round 23 local training (epochs=4)
[2026-07-26 03:48:36] 2026-07-25 20:20:05 | INFO     | KDClient 15 round 23 completed (acc=0.9207, n=90)
[2026-07-26 03:48:36] 2026-07-25 20:20:05 | INFO     | KDClient 16 fit round 23 (tier=large)
[2026-07-26 03:48:36] 2026-07-25 20:20:05 | INFO     | KDClient 16 round 23 public KD (epochs=2)
[2026-07-26 03:48:36] 2026-07-25 20:21:08 | INFO     | KDClient 16 round 23 local training (epochs=4)
[2026-07-26 03:48:36] 2026-07-25 20:21:55 | INFO     | KDClient 16 round 23 completed (acc=0.9135, n=90)
[2026-07-26 03:48:36] 2026-07-25 20:21:55 | INFO     | KDClient 17 fit round 23 (tier=large)
[2026-07-26 03:48:36] 2026-07-25 20:21:55 | INFO     | KDClient 17 round 23 public KD (epochs=2)
[2026-07-26 03:48:36] 2026-07-25 20:22:59 | INFO     | KDClient 17 round 23 local training (epochs=4)
[2026-07-26 03:48:36] 2026-07-25 20:23:50 | INFO     | KDClient 17 round 23 completed (acc=0.8973, n=90)
[2026-07-26 03:48:36] 2026-07-25 20:23:50 | INFO     | KDClient 18 fit round 23 (tier=large)
[2026-07-26 03:48:36] 2026-07-25 20:23:50 | INFO     | KDClient 18 round 23 public KD (epochs=2)
[2026-07-26 03:48:36] 2026-07-25 20:25:04 | INFO     | KDClient 18 round 23 local training (epochs=4)
[2026-07-26 03:48:36] 2026-07-25 20:25:56 | INFO     | KDClient 18 round 23 completed (acc=0.9099, n=90)
[2026-07-26 03:48:36] 2026-07-25 20:25:56 | INFO     | KDClient 19 fit round 23 (tier=large)
[2026-07-26 03:48:36] 2026-07-25 20:25:56 | INFO     | KDClient 19 round 23 public KD (epochs=2)
[2026-07-26 03:48:36] 2026-07-25 20:27:11 | INFO     | KDClient 19 round 23 local training (epochs=4)
[2026-07-26 03:48:36] 2026-07-25 20:28:25 | INFO     | KDClient 19 round 23 completed (acc=0.8252, n=90)
[2026-07-26 03:48:36]   Round  23/50 | Avg: 0.8880 | Min: 0.7658 | Max: 0.9351
[2026-07-26 03:48:36] 2026-07-25 20:28:25 | INFO     | FEDMD — IID: round 24/50 starting
[2026-07-26 03:48:36] 2026-07-25 20:28:25 | INFO     | KDClient 0 fit round 24 (tier=small)
[2026-07-26 03:48:36] 2026-07-25 20:28:25 | INFO     | KDClient 0 round 24 public KD (epochs=2)
[2026-07-26 03:48:36] 2026-07-25 20:28:40 | INFO     | KDClient 0 round 24 local training (epochs=4)
[2026-07-26 03:48:36] 2026-07-25 20:28:53 | INFO     | KDClient 0 round 24 completed (acc=0.9081, n=90)
[2026-07-26 03:48:36] 2026-07-25 20:28:53 | INFO     | KDClient 1 fit round 24 (tier=small)
[2026-07-26 03:48:36] 2026-07-25 20:28:53 | INFO     | KDClient 1 round 24 public KD (epochs=2)
[2026-07-26 03:48:36] 2026-07-25 20:29:08 | INFO     | KDClient 1 round 24 local training (epochs=4)
[2026-07-26 03:48:36] 2026-07-25 20:29:20 | INFO     | KDClient 1 round 24 completed (acc=0.9297, n=90)
[2026-07-26 03:48:36] 2026-07-25 20:29:20 | INFO     | KDClient 2 fit round 24 (tier=small)
[2026-07-26 03:48:36] 2026-07-25 20:29:20 | INFO     | KDClient 2 round 24 public KD (epochs=2)
[2026-07-26 03:48:36] 2026-07-25 20:29:34 | INFO     | KDClient 2 round 24 local training (epochs=4)
[2026-07-26 03:48:36] 2026-07-25 20:29:46 | INFO     | KDClient 2 round 24 completed (acc=0.9045, n=90)
[2026-07-26 03:48:36] 2026-07-25 20:29:46 | INFO     | KDClient 3 fit round 24 (tier=small)
[2026-07-26 03:48:36] 2026-07-25 20:29:46 | INFO     | KDClient 3 round 24 public KD (epochs=2)
[2026-07-26 03:48:36] 2026-07-25 20:30:03 | INFO     | KDClient 3 round 24 local training (epochs=4)
[2026-07-26 03:48:36] 2026-07-25 20:30:15 | INFO     | KDClient 3 round 24 completed (acc=0.8991, n=90)
[2026-07-26 03:48:36] 2026-07-25 20:30:15 | INFO     | KDClient 4 fit round 24 (tier=small)
[2026-07-26 03:48:36] 2026-07-25 20:30:15 | INFO     | KDClient 4 round 24 public KD (epochs=2)
[2026-07-26 03:48:36] 2026-07-25 20:30:30 | INFO     | KDClient 4 round 24 local training (epochs=4)
[2026-07-26 03:48:36] 2026-07-25 20:30:41 | INFO     | KDClient 4 round 24 completed (acc=0.9369, n=90)
[2026-07-26 03:48:36] 2026-07-25 20:30:41 | INFO     | KDClient 5 fit round 24 (tier=small)
[2026-07-26 03:48:36] 2026-07-25 20:30:41 | INFO     | KDClient 5 round 24 public KD (epochs=2)
[2026-07-26 03:48:36] 2026-07-25 20:30:58 | INFO     | KDClient 5 round 24 local training (epochs=4)
[2026-07-26 03:48:36] 2026-07-25 20:31:13 | INFO     | KDClient 5 round 24 completed (acc=0.9315, n=90)
[2026-07-26 03:48:36] 2026-07-25 20:31:13 | INFO     | KDClient 6 fit round 24 (tier=small)
[2026-07-26 03:48:36] 2026-07-25 20:31:13 | INFO     | KDClient 6 round 24 public KD (epochs=2)
[2026-07-26 03:48:36] 2026-07-25 20:31:29 | INFO     | KDClient 6 round 24 local training (epochs=4)
[2026-07-26 03:48:36] 2026-07-25 20:31:44 | INFO     | KDClient 6 round 24 completed (acc=0.8595, n=90)
[2026-07-26 03:48:36] 2026-07-25 20:31:44 | INFO     | KDClient 7 fit round 24 (tier=medium)
[2026-07-26 03:48:36] 2026-07-25 20:31:44 | INFO     | KDClient 7 round 24 public KD (epochs=2)
[2026-07-26 03:48:36] 2026-07-25 20:32:29 | INFO     | KDClient 7 round 24 local training (epochs=4)
[2026-07-26 03:48:36] 2026-07-25 20:33:10 | INFO     | KDClient 7 round 24 completed (acc=0.9099, n=90)
[2026-07-26 03:48:36] 2026-07-25 20:33:10 | INFO     | KDClient 8 fit round 24 (tier=medium)
[2026-07-26 03:48:36] 2026-07-25 20:33:10 | INFO     | KDClient 8 round 24 public KD (epochs=2)
[2026-07-26 03:48:36] 2026-07-25 20:33:53 | INFO     | KDClient 8 round 24 local training (epochs=4)
[2026-07-26 03:48:36] 2026-07-25 20:34:28 | INFO     | KDClient 8 round 24 completed (acc=0.9081, n=90)
[2026-07-26 03:48:36] 2026-07-25 20:34:28 | INFO     | KDClient 9 fit round 24 (tier=medium)
[2026-07-26 03:48:36] 2026-07-25 20:34:28 | INFO     | KDClient 9 round 24 public KD (epochs=2)
[2026-07-26 03:48:36] 2026-07-25 20:35:06 | INFO     | KDClient 9 round 24 local training (epochs=4)
[2026-07-26 03:48:36] 2026-07-25 20:35:42 | INFO     | KDClient 9 round 24 completed (acc=0.8360, n=90)
[2026-07-26 03:48:36] 2026-07-25 20:35:42 | INFO     | KDClient 10 fit round 24 (tier=medium)
[2026-07-26 03:48:36] 2026-07-25 20:35:42 | INFO     | KDClient 10 round 24 public KD (epochs=2)
[2026-07-26 03:48:36] 2026-07-25 20:36:23 | INFO     | KDClient 10 round 24 local training (epochs=4)
[2026-07-26 03:48:36] 2026-07-25 20:36:54 | INFO     | KDClient 10 round 24 completed (acc=0.9027, n=90)
[2026-07-26 03:48:36] 2026-07-25 20:36:54 | INFO     | KDClient 11 fit round 24 (tier=medium)
[2026-07-26 03:48:36] 2026-07-25 20:36:54 | INFO     | KDClient 11 round 24 public KD (epochs=2)
[2026-07-26 03:48:36] 2026-07-25 20:37:56 | INFO     | KDClient 11 round 24 local training (epochs=4)
[2026-07-26 03:48:36] 2026-07-25 20:38:28 | INFO     | KDClient 11 round 24 completed (acc=0.8541, n=90)
[2026-07-26 03:48:36] 2026-07-25 20:38:28 | INFO     | KDClient 12 fit round 24 (tier=medium)
[2026-07-26 03:48:36] 2026-07-25 20:38:28 | INFO     | KDClient 12 round 24 public KD (epochs=2)
[2026-07-26 03:48:36] 2026-07-25 20:39:08 | INFO     | KDClient 12 round 24 local training (epochs=4)
[2026-07-26 03:48:36] 2026-07-25 20:39:40 | INFO     | KDClient 12 round 24 completed (acc=0.8865, n=90)
[2026-07-26 03:48:36] 2026-07-25 20:39:40 | INFO     | KDClient 13 fit round 24 (tier=medium)
[2026-07-26 03:48:36] 2026-07-25 20:39:40 | INFO     | KDClient 13 round 24 public KD (epochs=2)
[2026-07-26 03:48:36] 2026-07-25 20:40:19 | INFO     | KDClient 13 round 24 local training (epochs=4)
[2026-07-26 03:48:36] 2026-07-25 20:40:47 | INFO     | KDClient 13 round 24 completed (acc=0.8991, n=90)
[2026-07-26 03:48:36] 2026-07-25 20:40:47 | INFO     | KDClient 14 fit round 24 (tier=large)
[2026-07-26 03:48:36] 2026-07-25 20:40:47 | INFO     | KDClient 14 round 24 public KD (epochs=2)
[2026-07-26 03:48:36] 2026-07-25 20:41:47 | INFO     | KDClient 14 round 24 local training (epochs=4)
[2026-07-26 03:48:36] 2026-07-25 20:42:49 | INFO     | KDClient 14 round 24 completed (acc=0.8793, n=90)
[2026-07-26 03:48:36] 2026-07-25 20:42:49 | INFO     | KDClient 15 fit round 24 (tier=large)
[2026-07-26 03:48:36] 2026-07-25 20:42:49 | INFO     | KDClient 15 round 24 public KD (epochs=2)
[2026-07-26 03:48:36] 2026-07-25 20:43:48 | INFO     | KDClient 15 round 24 local training (epochs=4)
[2026-07-26 03:48:36] 2026-07-25 20:44:35 | INFO     | KDClient 15 round 24 completed (acc=0.8955, n=90)
[2026-07-26 03:48:36] 2026-07-25 20:44:35 | INFO     | KDClient 16 fit round 24 (tier=large)
[2026-07-26 03:48:36] 2026-07-25 20:44:35 | INFO     | KDClient 16 round 24 public KD (epochs=2)
[2026-07-26 03:48:36] 2026-07-25 20:45:32 | INFO     | KDClient 16 round 24 local training (epochs=4)
[2026-07-26 03:48:36] 2026-07-25 20:46:19 | INFO     | KDClient 16 round 24 completed (acc=0.9135, n=90)
[2026-07-26 03:48:36] 2026-07-25 20:46:19 | INFO     | KDClient 17 fit round 24 (tier=large)
[2026-07-26 03:48:36] 2026-07-25 20:46:19 | INFO     | KDClient 17 round 24 public KD (epochs=2)
[2026-07-26 03:48:36] 2026-07-25 20:47:21 | INFO     | KDClient 17 round 24 local training (epochs=4)
[2026-07-26 03:48:36] 2026-07-25 20:48:15 | INFO     | KDClient 17 round 24 completed (acc=0.8505, n=90)
[2026-07-26 03:48:36] 2026-07-25 20:48:15 | INFO     | KDClient 18 fit round 24 (tier=large)
[2026-07-26 03:48:36] 2026-07-25 20:48:15 | INFO     | KDClient 18 round 24 public KD (epochs=2)
[2026-07-26 03:48:36] 2026-07-25 20:49:26 | INFO     | KDClient 18 round 24 local training (epochs=4)
[2026-07-26 03:48:36] 2026-07-25 20:50:30 | INFO     | KDClient 18 round 24 completed (acc=0.9027, n=90)
[2026-07-26 03:48:36] 2026-07-25 20:50:30 | INFO     | KDClient 19 fit round 24 (tier=large)
[2026-07-26 03:48:36] 2026-07-25 20:50:30 | INFO     | KDClient 19 round 24 public KD (epochs=2)
[2026-07-26 03:48:36] 2026-07-25 20:51:39 | INFO     | KDClient 19 round 24 local training (epochs=4)
[2026-07-26 03:48:36] 2026-07-25 20:52:38 | INFO     | KDClient 19 round 24 completed (acc=0.8649, n=90)
[2026-07-26 03:48:36]   Round  24/50 | Avg: 0.8936 | Min: 0.8360 | Max: 0.9369
[2026-07-26 03:48:36] 2026-07-25 20:52:38 | INFO     | FEDMD — IID: round 25/50 starting
[2026-07-26 03:48:36] 2026-07-25 20:52:38 | INFO     | KDClient 0 fit round 25 (tier=small)
[2026-07-26 03:48:36] 2026-07-25 20:52:38 | INFO     | KDClient 0 round 25 public KD (epochs=2)
[2026-07-26 03:48:36] 2026-07-25 20:52:56 | INFO     | KDClient 0 round 25 local training (epochs=4)
[2026-07-26 03:48:36] 2026-07-25 20:53:10 | INFO     | KDClient 0 round 25 completed (acc=0.8649, n=90)
[2026-07-26 03:48:36] 2026-07-25 20:53:10 | INFO     | KDClient 1 fit round 25 (tier=small)
[2026-07-26 03:48:36] 2026-07-25 20:53:10 | INFO     | KDClient 1 round 25 public KD (epochs=2)
[2026-07-26 03:48:36] 2026-07-25 20:53:24 | INFO     | KDClient 1 round 25 local training (epochs=4)
[2026-07-26 03:48:36] 2026-07-25 20:53:36 | INFO     | KDClient 1 round 25 completed (acc=0.9315, n=90)
[2026-07-26 03:48:36] 2026-07-25 20:53:36 | INFO     | KDClient 2 fit round 25 (tier=small)
[2026-07-26 03:48:36] 2026-07-25 20:53:36 | INFO     | KDClient 2 round 25 public KD (epochs=2)
[2026-07-26 03:48:36] 2026-07-25 20:53:50 | INFO     | KDClient 2 round 25 local training (epochs=4)
[2026-07-26 03:48:36] 2026-07-25 20:54:02 | INFO     | KDClient 2 round 25 completed (acc=0.9153, n=90)
[2026-07-26 03:48:36] 2026-07-25 20:54:02 | INFO     | KDClient 3 fit round 25 (tier=small)
[2026-07-26 03:48:36] 2026-07-25 20:54:02 | INFO     | KDClient 3 round 25 public KD (epochs=2)
[2026-07-26 03:48:36] 2026-07-25 20:54:16 | INFO     | KDClient 3 round 25 local training (epochs=4)
[2026-07-26 03:48:36] 2026-07-25 20:54:30 | INFO     | KDClient 3 round 25 completed (acc=0.8541, n=90)
[2026-07-26 03:48:36] 2026-07-25 20:54:30 | INFO     | KDClient 4 fit round 25 (tier=small)
[2026-07-26 03:48:36] 2026-07-25 20:54:30 | INFO     | KDClient 4 round 25 public KD (epochs=2)
[2026-07-26 03:48:36] 2026-07-25 20:54:46 | INFO     | KDClient 4 round 25 local training (epochs=4)
[2026-07-26 03:48:36] 2026-07-25 20:55:01 | INFO     | KDClient 4 round 25 completed (acc=0.9369, n=90)
[2026-07-26 03:48:36] 2026-07-25 20:55:01 | INFO     | KDClient 5 fit round 25 (tier=small)
[2026-07-26 03:48:36] 2026-07-25 20:55:01 | INFO     | KDClient 5 round 25 public KD (epochs=2)
[2026-07-26 03:48:36] 2026-07-25 20:55:18 | INFO     | KDClient 5 round 25 local training (epochs=4)
[2026-07-26 03:48:36] 2026-07-25 20:55:31 | INFO     | KDClient 5 round 25 completed (acc=0.8811, n=90)
[2026-07-26 03:48:36] 2026-07-25 20:55:31 | INFO     | KDClient 6 fit round 25 (tier=small)
[2026-07-26 03:48:36] 2026-07-25 20:55:31 | INFO     | KDClient 6 round 25 public KD (epochs=2)
[2026-07-26 03:48:36] 2026-07-25 20:55:46 | INFO     | KDClient 6 round 25 local training (epochs=4)
[2026-07-26 03:48:36] 2026-07-25 20:56:01 | INFO     | KDClient 6 round 25 completed (acc=0.8775, n=90)
[2026-07-26 03:48:36] 2026-07-25 20:56:01 | INFO     | KDClient 7 fit round 25 (tier=medium)
[2026-07-26 03:48:36] 2026-07-25 20:56:01 | INFO     | KDClient 7 round 25 public KD (epochs=2)
[2026-07-26 03:48:36] 2026-07-25 20:56:47 | INFO     | KDClient 7 round 25 local training (epochs=4)
[2026-07-26 03:48:36] 2026-07-25 20:57:22 | INFO     | KDClient 7 round 25 completed (acc=0.9027, n=90)
[2026-07-26 03:48:36] 2026-07-25 20:57:22 | INFO     | KDClient 8 fit round 25 (tier=medium)
[2026-07-26 03:48:36] 2026-07-25 20:57:22 | INFO     | KDClient 8 round 25 public KD (epochs=2)
[2026-07-26 03:48:36] 2026-07-25 20:58:05 | INFO     | KDClient 8 round 25 local training (epochs=4)
[2026-07-26 03:48:36] 2026-07-25 20:58:38 | INFO     | KDClient 8 round 25 completed (acc=0.8450, n=90)
[2026-07-26 03:48:36] 2026-07-25 20:58:38 | INFO     | KDClient 9 fit round 25 (tier=medium)
[2026-07-26 03:48:36] 2026-07-25 20:58:38 | INFO     | KDClient 9 round 25 public KD (epochs=2)
[2026-07-26 03:48:36] 2026-07-25 20:59:40 | INFO     | KDClient 9 round 25 local training (epochs=4)
[2026-07-26 03:48:36] 2026-07-25 21:00:07 | INFO     | KDClient 9 round 25 completed (acc=0.8252, n=90)
[2026-07-26 03:48:36] 2026-07-25 21:00:07 | INFO     | KDClient 10 fit round 25 (tier=medium)
[2026-07-26 03:48:36] 2026-07-25 21:00:07 | INFO     | KDClient 10 round 25 public KD (epochs=2)
[2026-07-26 03:48:36] 2026-07-25 21:00:49 | INFO     | KDClient 10 round 25 local training (epochs=4)
[2026-07-26 03:48:36] 2026-07-25 21:01:28 | INFO     | KDClient 10 round 25 completed (acc=0.8919, n=90)
[2026-07-26 03:48:36] 2026-07-25 21:01:28 | INFO     | KDClient 11 fit round 25 (tier=medium)
[2026-07-26 03:48:36] 2026-07-25 21:01:28 | INFO     | KDClient 11 round 25 public KD (epochs=2)
[2026-07-26 03:48:36] 2026-07-25 21:02:31 | INFO     | KDClient 11 round 25 local training (epochs=4)
[2026-07-26 03:48:36] 2026-07-25 21:03:03 | INFO     | KDClient 11 round 25 completed (acc=0.8306, n=90)
[2026-07-26 03:48:36] 2026-07-25 21:03:03 | INFO     | KDClient 12 fit round 25 (tier=medium)
[2026-07-26 03:48:36] 2026-07-25 21:03:03 | INFO     | KDClient 12 round 25 public KD (epochs=2)
[2026-07-26 03:48:36] 2026-07-25 21:03:42 | INFO     | KDClient 12 round 25 local training (epochs=4)
[2026-07-26 03:48:36] 2026-07-25 21:04:15 | INFO     | KDClient 12 round 25 completed (acc=0.8775, n=90)
[2026-07-26 03:48:36] 2026-07-25 21:04:15 | INFO     | KDClient 13 fit round 25 (tier=medium)
[2026-07-26 03:48:36] 2026-07-25 21:04:15 | INFO     | KDClient 13 round 25 public KD (epochs=2)
[2026-07-26 03:48:36] 2026-07-25 21:04:53 | INFO     | KDClient 13 round 25 local training (epochs=4)
[2026-07-26 03:48:36] 2026-07-25 21:05:24 | INFO     | KDClient 13 round 25 completed (acc=0.8973, n=90)
[2026-07-26 03:48:36] 2026-07-25 21:05:24 | INFO     | KDClient 14 fit round 25 (tier=large)
[2026-07-26 03:48:36] 2026-07-25 21:05:24 | INFO     | KDClient 14 round 25 public KD (epochs=2)
[2026-07-26 03:48:36] 2026-07-25 21:06:18 | INFO     | KDClient 14 round 25 local training (epochs=4)
[2026-07-26 03:48:36] 2026-07-25 21:07:08 | INFO     | KDClient 14 round 25 completed (acc=0.8937, n=90)
[2026-07-26 03:48:36] 2026-07-25 21:07:08 | INFO     | KDClient 15 fit round 25 (tier=large)
[2026-07-26 03:48:36] 2026-07-25 21:07:08 | INFO     | KDClient 15 round 25 public KD (epochs=2)
[2026-07-26 03:48:36] 2026-07-25 21:07:57 | INFO     | KDClient 15 round 25 local training (epochs=4)
[2026-07-26 03:48:36] 2026-07-25 21:08:43 | INFO     | KDClient 15 round 25 completed (acc=0.8847, n=90)
[2026-07-26 03:48:36] 2026-07-25 21:08:43 | INFO     | KDClient 16 fit round 25 (tier=large)
[2026-07-26 03:48:36] 2026-07-25 21:08:43 | INFO     | KDClient 16 round 25 public KD (epochs=2)
[2026-07-26 03:48:36] 2026-07-25 21:09:50 | INFO     | KDClient 16 round 25 local training (epochs=4)
[2026-07-26 03:48:36] 2026-07-25 21:10:33 | INFO     | KDClient 16 round 25 completed (acc=0.9153, n=90)
[2026-07-26 03:48:36] 2026-07-25 21:10:33 | INFO     | KDClient 17 fit round 25 (tier=large)
[2026-07-26 03:48:36] 2026-07-25 21:10:33 | INFO     | KDClient 17 round 25 public KD (epochs=2)
[2026-07-26 03:48:36] 2026-07-25 21:11:36 | INFO     | KDClient 17 round 25 local training (epochs=4)
[2026-07-26 03:48:36] 2026-07-25 21:12:32 | INFO     | KDClient 17 round 25 completed (acc=0.8865, n=90)
[2026-07-26 03:48:36] 2026-07-25 21:12:32 | INFO     | KDClient 18 fit round 25 (tier=large)
[2026-07-26 03:48:36] 2026-07-25 21:12:32 | INFO     | KDClient 18 round 25 public KD (epochs=2)
[2026-07-26 03:48:36] 2026-07-25 21:13:33 | INFO     | KDClient 18 round 25 local training (epochs=4)
[2026-07-26 03:48:36] 2026-07-25 21:14:23 | INFO     | KDClient 18 round 25 completed (acc=0.9135, n=90)
[2026-07-26 03:48:36] 2026-07-25 21:14:23 | INFO     | KDClient 19 fit round 25 (tier=large)
[2026-07-26 03:48:36] 2026-07-25 21:14:23 | INFO     | KDClient 19 round 25 public KD (epochs=2)
[2026-07-26 03:48:36] 2026-07-25 21:15:27 | INFO     | KDClient 19 round 25 local training (epochs=4)
[2026-07-26 03:48:36] 2026-07-25 21:16:29 | INFO     | KDClient 19 round 25 completed (acc=0.8703, n=90)
[2026-07-26 03:48:36]   Round  25/50 | Avg: 0.8848 | Min: 0.8252 | Max: 0.9369
[2026-07-26 03:48:36] 2026-07-25 21:16:29 | INFO     | FEDMD — IID: round 26/50 starting
[2026-07-26 03:48:36] 2026-07-25 21:16:29 | INFO     | KDClient 0 fit round 26 (tier=small)
[2026-07-26 03:48:36] 2026-07-25 21:16:29 | INFO     | KDClient 0 round 26 public KD (epochs=2)
[2026-07-26 03:48:36] 2026-07-25 21:16:43 | INFO     | KDClient 0 round 26 local training (epochs=4)
[2026-07-26 03:48:36] 2026-07-25 21:16:51 | INFO     | KDClient 0 round 26 completed (acc=0.9261, n=90)
[2026-07-26 03:48:36] 2026-07-25 21:16:51 | INFO     | KDClient 1 fit round 26 (tier=small)
[2026-07-26 03:48:36] 2026-07-25 21:16:51 | INFO     | KDClient 1 round 26 public KD (epochs=2)
[2026-07-26 03:48:36] 2026-07-25 21:17:09 | INFO     | KDClient 1 round 26 local training (epochs=4)
[2026-07-26 03:48:36] 2026-07-25 21:17:21 | INFO     | KDClient 1 round 26 completed (acc=0.9315, n=90)
[2026-07-26 03:48:36] 2026-07-25 21:17:21 | INFO     | KDClient 2 fit round 26 (tier=small)
[2026-07-26 03:48:36] 2026-07-25 21:17:21 | INFO     | KDClient 2 round 26 public KD (epochs=2)
[2026-07-26 03:48:36] 2026-07-25 21:17:42 | INFO     | KDClient 2 round 26 local training (epochs=4)
[2026-07-26 03:48:36] 2026-07-25 21:17:54 | INFO     | KDClient 2 round 26 completed (acc=0.9171, n=90)
[2026-07-26 03:48:36] 2026-07-25 21:17:54 | INFO     | KDClient 3 fit round 26 (tier=small)
[2026-07-26 03:48:36] 2026-07-25 21:17:54 | INFO     | KDClient 3 round 26 public KD (epochs=2)
[2026-07-26 03:48:36] 2026-07-25 21:18:10 | INFO     | KDClient 3 round 26 local training (epochs=4)
[2026-07-26 03:48:36] 2026-07-25 21:18:23 | INFO     | KDClient 3 round 26 completed (acc=0.8883, n=90)
[2026-07-26 03:48:36] 2026-07-25 21:18:23 | INFO     | KDClient 4 fit round 26 (tier=small)
[2026-07-26 03:48:36] 2026-07-25 21:18:23 | INFO     | KDClient 4 round 26 public KD (epochs=2)
[2026-07-26 03:48:36] 2026-07-25 21:18:37 | INFO     | KDClient 4 round 26 local training (epochs=4)
[2026-07-26 03:48:36] 2026-07-25 21:18:49 | INFO     | KDClient 4 round 26 completed (acc=0.9351, n=90)
[2026-07-26 03:48:36] 2026-07-25 21:18:49 | INFO     | KDClient 5 fit round 26 (tier=small)
[2026-07-26 03:48:36] 2026-07-25 21:18:49 | INFO     | KDClient 5 round 26 public KD (epochs=2)
[2026-07-26 03:48:36] 2026-07-25 21:19:02 | INFO     | KDClient 5 round 26 local training (epochs=4)
[2026-07-26 03:48:36] 2026-07-25 21:19:19 | INFO     | KDClient 5 round 26 completed (acc=0.9207, n=90)
[2026-07-26 03:48:36] 2026-07-25 21:19:19 | INFO     | KDClient 6 fit round 26 (tier=small)
[2026-07-26 03:48:36] 2026-07-25 21:19:19 | INFO     | KDClient 6 round 26 public KD (epochs=2)
[2026-07-26 03:48:36] 2026-07-25 21:19:34 | INFO     | KDClient 6 round 26 local training (epochs=4)
[2026-07-26 03:48:36] 2026-07-25 21:19:48 | INFO     | KDClient 6 round 26 completed (acc=0.8396, n=90)
[2026-07-26 03:48:36] 2026-07-25 21:19:48 | INFO     | KDClient 7 fit round 26 (tier=medium)
[2026-07-26 03:48:36] 2026-07-25 21:19:48 | INFO     | KDClient 7 round 26 public KD (epochs=2)
[2026-07-26 03:48:36] 2026-07-25 21:20:35 | INFO     | KDClient 7 round 26 local training (epochs=4)
[2026-07-26 03:48:36] 2026-07-25 21:21:05 | INFO     | KDClient 7 round 26 completed (acc=0.8919, n=90)
[2026-07-26 03:48:36] 2026-07-25 21:21:05 | INFO     | KDClient 8 fit round 26 (tier=medium)
[2026-07-26 03:48:36] 2026-07-25 21:21:05 | INFO     | KDClient 8 round 26 public KD (epochs=2)
[2026-07-26 03:48:36] 2026-07-25 21:21:45 | INFO     | KDClient 8 round 26 local training (epochs=4)
[2026-07-26 03:48:36] 2026-07-25 21:22:16 | INFO     | KDClient 8 round 26 completed (acc=0.8793, n=90)
[2026-07-26 03:48:36] 2026-07-25 21:22:16 | INFO     | KDClient 9 fit round 26 (tier=medium)
[2026-07-26 03:48:36] 2026-07-25 21:22:16 | INFO     | KDClient 9 round 26 public KD (epochs=2)
[2026-07-26 03:48:36] 2026-07-25 21:22:56 | INFO     | KDClient 9 round 26 local training (epochs=4)
[2026-07-26 03:48:36] 2026-07-25 21:23:30 | INFO     | KDClient 9 round 26 completed (acc=0.8072, n=90)
[2026-07-26 03:48:36] 2026-07-25 21:23:30 | INFO     | KDClient 10 fit round 26 (tier=medium)
[2026-07-26 03:48:36] 2026-07-25 21:23:30 | INFO     | KDClient 10 round 26 public KD (epochs=2)
[2026-07-26 03:48:36] 2026-07-25 21:24:15 | INFO     | KDClient 10 round 26 local training (epochs=4)
[2026-07-26 03:48:36] 2026-07-25 21:24:51 | INFO     | KDClient 10 round 26 completed (acc=0.8721, n=90)
[2026-07-26 03:48:36] 2026-07-25 21:24:51 | INFO     | KDClient 11 fit round 26 (tier=medium)
[2026-07-26 03:48:36] 2026-07-25 21:24:51 | INFO     | KDClient 11 round 26 public KD (epochs=2)
[2026-07-26 03:48:36] 2026-07-25 21:25:34 | INFO     | KDClient 11 round 26 local training (epochs=4)
[2026-07-26 03:48:36] 2026-07-25 21:26:05 | INFO     | KDClient 11 round 26 completed (acc=0.8613, n=90)
[2026-07-26 03:48:36] 2026-07-25 21:26:05 | INFO     | KDClient 12 fit round 26 (tier=medium)
[2026-07-26 03:48:36] 2026-07-25 21:26:05 | INFO     | KDClient 12 round 26 public KD (epochs=2)
[2026-07-26 03:48:36] 2026-07-25 21:26:44 | INFO     | KDClient 12 round 26 local training (epochs=4)
[2026-07-26 03:48:36] 2026-07-25 21:27:14 | INFO     | KDClient 12 round 26 completed (acc=0.8721, n=90)
[2026-07-26 03:48:36] 2026-07-25 21:27:14 | INFO     | KDClient 13 fit round 26 (tier=medium)
[2026-07-26 03:48:36] 2026-07-25 21:27:14 | INFO     | KDClient 13 round 26 public KD (epochs=2)
[2026-07-26 03:48:36] 2026-07-25 21:27:56 | INFO     | KDClient 13 round 26 local training (epochs=4)
[2026-07-26 03:48:36] 2026-07-25 21:28:23 | INFO     | KDClient 13 round 26 completed (acc=0.9027, n=90)
[2026-07-26 03:48:36] 2026-07-25 21:28:23 | INFO     | KDClient 14 fit round 26 (tier=large)
[2026-07-26 03:48:36] 2026-07-25 21:28:23 | INFO     | KDClient 14 round 26 public KD (epochs=2)
[2026-07-26 03:48:36] 2026-07-25 21:29:16 | INFO     | KDClient 14 round 26 local training (epochs=4)
[2026-07-26 03:48:36] 2026-07-25 21:30:00 | INFO     | KDClient 14 round 26 completed (acc=0.9099, n=90)
[2026-07-26 03:48:36] 2026-07-25 21:30:00 | INFO     | KDClient 15 fit round 26 (tier=large)
[2026-07-26 03:48:36] 2026-07-25 21:30:00 | INFO     | KDClient 15 round 26 public KD (epochs=2)
[2026-07-26 03:48:36] 2026-07-25 21:31:05 | INFO     | KDClient 15 round 26 local training (epochs=4)
[2026-07-26 03:48:36] 2026-07-25 21:31:59 | INFO     | KDClient 15 round 26 completed (acc=0.8811, n=90)
[2026-07-26 03:48:36] 2026-07-25 21:31:59 | INFO     | KDClient 16 fit round 26 (tier=large)
[2026-07-26 03:48:36] 2026-07-25 21:31:59 | INFO     | KDClient 16 round 26 public KD (epochs=2)
[2026-07-26 03:48:36] 2026-07-25 21:33:04 | INFO     | KDClient 16 round 26 local training (epochs=4)
[2026-07-26 03:48:36] 2026-07-25 21:34:08 | INFO     | KDClient 16 round 26 completed (acc=0.9207, n=90)
[2026-07-26 03:48:36] 2026-07-25 21:34:08 | INFO     | KDClient 17 fit round 26 (tier=large)
[2026-07-26 03:48:36] 2026-07-25 21:34:08 | INFO     | KDClient 17 round 26 public KD (epochs=2)
[2026-07-26 03:48:36] 2026-07-25 21:35:13 | INFO     | KDClient 17 round 26 local training (epochs=4)
[2026-07-26 03:48:36] 2026-07-25 21:36:18 | INFO     | KDClient 17 round 26 completed (acc=0.8685, n=90)
[2026-07-26 03:48:36] 2026-07-25 21:36:18 | INFO     | KDClient 18 fit round 26 (tier=large)
[2026-07-26 03:48:36] 2026-07-25 21:36:18 | INFO     | KDClient 18 round 26 public KD (epochs=2)
[2026-07-26 03:48:36] 2026-07-25 21:37:23 | INFO     | KDClient 18 round 26 local training (epochs=4)
[2026-07-26 03:48:36] 2026-07-25 21:38:17 | INFO     | KDClient 18 round 26 completed (acc=0.8559, n=90)
[2026-07-26 03:48:36] 2026-07-25 21:38:17 | INFO     | KDClient 19 fit round 26 (tier=large)
[2026-07-26 03:48:36] 2026-07-25 21:38:17 | INFO     | KDClient 19 round 26 public KD (epochs=2)
[2026-07-26 03:48:36] 2026-07-25 21:39:32 | INFO     | KDClient 19 round 26 local training (epochs=4)
[2026-07-26 03:48:36] 2026-07-25 21:40:28 | INFO     | KDClient 19 round 26 completed (acc=0.8919, n=90)
[2026-07-26 03:48:36]   Round  26/50 | Avg: 0.8886 | Min: 0.8072 | Max: 0.9351
[2026-07-26 03:48:36] 2026-07-25 21:40:28 | INFO     | FEDMD — IID: round 27/50 starting
[2026-07-26 03:48:36] 2026-07-25 21:40:28 | INFO     | KDClient 0 fit round 27 (tier=small)
[2026-07-26 03:48:36] 2026-07-25 21:40:28 | INFO     | KDClient 0 round 27 public KD (epochs=2)
[2026-07-26 03:48:36] 2026-07-25 21:40:41 | INFO     | KDClient 0 round 27 local training (epochs=4)
[2026-07-26 03:48:36] 2026-07-25 21:40:54 | INFO     | KDClient 0 round 27 completed (acc=0.9297, n=90)
[2026-07-26 03:48:36] 2026-07-25 21:40:54 | INFO     | KDClient 1 fit round 27 (tier=small)
[2026-07-26 03:48:36] 2026-07-25 21:40:54 | INFO     | KDClient 1 round 27 public KD (epochs=2)
[2026-07-26 03:48:36] 2026-07-25 21:41:08 | INFO     | KDClient 1 round 27 local training (epochs=4)
[2026-07-26 03:48:36] 2026-07-25 21:41:19 | INFO     | KDClient 1 round 27 completed (acc=0.9333, n=90)
[2026-07-26 03:48:36] 2026-07-25 21:41:19 | INFO     | KDClient 2 fit round 27 (tier=small)
[2026-07-26 03:48:36] 2026-07-25 21:41:19 | INFO     | KDClient 2 round 27 public KD (epochs=2)
[2026-07-26 03:48:36] 2026-07-25 21:41:32 | INFO     | KDClient 2 round 27 local training (epochs=4)
[2026-07-26 03:48:36] 2026-07-25 21:41:46 | INFO     | KDClient 2 round 27 completed (acc=0.9297, n=90)
[2026-07-26 03:48:36] 2026-07-25 21:41:46 | INFO     | KDClient 3 fit round 27 (tier=small)
[2026-07-26 03:48:36] 2026-07-25 21:41:46 | INFO     | KDClient 3 round 27 public KD (epochs=2)
[2026-07-26 03:48:36] 2026-07-25 21:42:02 | INFO     | KDClient 3 round 27 local training (epochs=4)
[2026-07-26 03:48:36] 2026-07-25 21:42:15 | INFO     | KDClient 3 round 27 completed (acc=0.8883, n=90)
[2026-07-26 03:48:36] 2026-07-25 21:42:15 | INFO     | KDClient 4 fit round 27 (tier=small)
[2026-07-26 03:48:36] 2026-07-25 21:42:15 | INFO     | KDClient 4 round 27 public KD (epochs=2)
[2026-07-26 03:48:36] 2026-07-25 21:42:34 | INFO     | KDClient 4 round 27 local training (epochs=4)
[2026-07-26 03:48:36] 2026-07-25 21:42:48 | INFO     | KDClient 4 round 27 completed (acc=0.9315, n=90)
[2026-07-26 03:48:36] 2026-07-25 21:42:48 | INFO     | KDClient 5 fit round 27 (tier=small)
[2026-07-26 03:48:36] 2026-07-25 21:42:48 | INFO     | KDClient 5 round 27 public KD (epochs=2)
[2026-07-26 03:48:36] 2026-07-25 21:43:04 | INFO     | KDClient 5 round 27 local training (epochs=4)
[2026-07-26 03:48:36] 2026-07-25 21:43:18 | INFO     | KDClient 5 round 27 completed (acc=0.9189, n=90)
[2026-07-26 03:48:36] 2026-07-25 21:43:18 | INFO     | KDClient 6 fit round 27 (tier=small)
[2026-07-26 03:48:36] 2026-07-25 21:43:18 | INFO     | KDClient 6 round 27 public KD (epochs=2)
[2026-07-26 03:48:36] 2026-07-25 21:43:37 | INFO     | KDClient 6 round 27 local training (epochs=4)
[2026-07-26 03:48:36] 2026-07-25 21:43:49 | INFO     | KDClient 6 round 27 completed (acc=0.8432, n=90)
[2026-07-26 03:48:36] 2026-07-25 21:43:49 | INFO     | KDClient 7 fit round 27 (tier=medium)
[2026-07-26 03:48:36] 2026-07-25 21:43:49 | INFO     | KDClient 7 round 27 public KD (epochs=2)
[2026-07-26 03:48:36] 2026-07-25 21:44:53 | INFO     | KDClient 7 round 27 local training (epochs=4)
[2026-07-26 03:48:36] 2026-07-25 21:45:27 | INFO     | KDClient 7 round 27 completed (acc=0.9009, n=90)
[2026-07-26 03:48:36] 2026-07-25 21:45:27 | INFO     | KDClient 8 fit round 27 (tier=medium)
[2026-07-26 03:48:36] 2026-07-25 21:45:27 | INFO     | KDClient 8 round 27 public KD (epochs=2)
[2026-07-26 03:48:36] 2026-07-25 21:46:08 | INFO     | KDClient 8 round 27 local training (epochs=4)
[2026-07-26 03:48:36] 2026-07-25 21:46:38 | INFO     | KDClient 8 round 27 completed (acc=0.8541, n=90)
[2026-07-26 03:48:36] 2026-07-25 21:46:38 | INFO     | KDClient 9 fit round 27 (tier=medium)
[2026-07-26 03:48:36] 2026-07-25 21:46:38 | INFO     | KDClient 9 round 27 public KD (epochs=2)
[2026-07-26 03:48:36] 2026-07-25 21:47:18 | INFO     | KDClient 9 round 27 local training (epochs=4)
[2026-07-26 03:48:36] 2026-07-25 21:47:51 | INFO     | KDClient 9 round 27 completed (acc=0.8270, n=90)
[2026-07-26 03:48:36] 2026-07-25 21:47:51 | INFO     | KDClient 10 fit round 27 (tier=medium)
[2026-07-26 03:48:36] 2026-07-25 21:47:51 | INFO     | KDClient 10 round 27 public KD (epochs=2)
[2026-07-26 03:48:36] 2026-07-25 21:48:37 | INFO     | KDClient 10 round 27 local training (epochs=4)
[2026-07-26 03:48:36] 2026-07-25 21:49:10 | INFO     | KDClient 10 round 27 completed (acc=0.9009, n=90)
[2026-07-26 03:48:36] 2026-07-25 21:49:10 | INFO     | KDClient 11 fit round 27 (tier=medium)
[2026-07-26 03:48:36] 2026-07-25 21:49:10 | INFO     | KDClient 11 round 27 public KD (epochs=2)
[2026-07-26 03:48:36] 2026-07-25 21:50:12 | INFO     | KDClient 11 round 27 local training (epochs=4)
[2026-07-26 03:48:36] 2026-07-25 21:50:42 | INFO     | KDClient 11 round 27 completed (acc=0.9027, n=90)
[2026-07-26 03:48:36] 2026-07-25 21:50:42 | INFO     | KDClient 12 fit round 27 (tier=medium)
[2026-07-26 03:48:36] 2026-07-25 21:50:42 | INFO     | KDClient 12 round 27 public KD (epochs=2)
[2026-07-26 03:48:36] 2026-07-25 21:51:21 | INFO     | KDClient 12 round 27 local training (epochs=4)
[2026-07-26 03:48:36] 2026-07-25 21:51:51 | INFO     | KDClient 12 round 27 completed (acc=0.9027, n=90)
[2026-07-26 03:48:36] 2026-07-25 21:51:51 | INFO     | KDClient 13 fit round 27 (tier=medium)
[2026-07-26 03:48:36] 2026-07-25 21:51:51 | INFO     | KDClient 13 round 27 public KD (epochs=2)
[2026-07-26 03:48:36] 2026-07-25 21:52:27 | INFO     | KDClient 13 round 27 local training (epochs=4)
[2026-07-26 03:48:36] 2026-07-25 21:52:55 | INFO     | KDClient 13 round 27 completed (acc=0.8847, n=90)
[2026-07-26 03:48:36] 2026-07-25 21:52:55 | INFO     | KDClient 14 fit round 27 (tier=large)
[2026-07-26 03:48:36] 2026-07-25 21:52:55 | INFO     | KDClient 14 round 27 public KD (epochs=2)
[2026-07-26 03:48:36] 2026-07-25 21:53:51 | INFO     | KDClient 14 round 27 local training (epochs=4)
[2026-07-26 03:48:36] 2026-07-25 21:54:45 | INFO     | KDClient 14 round 27 completed (acc=0.8685, n=90)
[2026-07-26 03:48:36] 2026-07-25 21:54:45 | INFO     | KDClient 15 fit round 27 (tier=large)
[2026-07-26 03:48:36] 2026-07-25 21:54:45 | INFO     | KDClient 15 round 27 public KD (epochs=2)
[2026-07-26 03:48:36] 2026-07-25 21:55:49 | INFO     | KDClient 15 round 27 local training (epochs=4)
[2026-07-26 03:48:36] 2026-07-25 21:56:39 | INFO     | KDClient 15 round 27 completed (acc=0.8757, n=90)
[2026-07-26 03:48:36] 2026-07-25 21:56:39 | INFO     | KDClient 16 fit round 27 (tier=large)
[2026-07-26 03:48:36] 2026-07-25 21:56:39 | INFO     | KDClient 16 round 27 public KD (epochs=2)
[2026-07-26 03:48:36] 2026-07-25 21:57:39 | INFO     | KDClient 16 round 27 local training (epochs=4)
[2026-07-26 03:48:36] 2026-07-25 21:58:30 | INFO     | KDClient 16 round 27 completed (acc=0.8991, n=90)
[2026-07-26 03:48:36] 2026-07-25 21:58:30 | INFO     | KDClient 17 fit round 27 (tier=large)
[2026-07-26 03:48:36] 2026-07-25 21:58:30 | INFO     | KDClient 17 round 27 public KD (epochs=2)
[2026-07-26 03:48:36] 2026-07-25 21:59:35 | INFO     | KDClient 17 round 27 local training (epochs=4)
[2026-07-26 03:48:36] 2026-07-25 22:00:28 | INFO     | KDClient 17 round 27 completed (acc=0.8847, n=90)
[2026-07-26 03:48:36] 2026-07-25 22:00:28 | INFO     | KDClient 18 fit round 27 (tier=large)
[2026-07-26 03:48:36] 2026-07-25 22:00:28 | INFO     | KDClient 18 round 27 public KD (epochs=2)
[2026-07-26 03:48:36] 2026-07-25 22:01:35 | INFO     | KDClient 18 round 27 local training (epochs=4)
[2026-07-26 03:48:36] 2026-07-25 22:02:37 | INFO     | KDClient 18 round 27 completed (acc=0.8685, n=90)
[2026-07-26 03:48:36] 2026-07-25 22:02:37 | INFO     | KDClient 19 fit round 27 (tier=large)
[2026-07-26 03:48:36] 2026-07-25 22:02:37 | INFO     | KDClient 19 round 27 public KD (epochs=2)
[2026-07-26 03:48:36] 2026-07-25 22:03:45 | INFO     | KDClient 19 round 27 local training (epochs=4)
[2026-07-26 03:48:36] 2026-07-25 22:04:46 | INFO     | KDClient 19 round 27 completed (acc=0.8793, n=90)
[2026-07-26 03:48:36]   Round  27/50 | Avg: 0.8912 | Min: 0.8270 | Max: 0.9333
[2026-07-26 03:48:36] 2026-07-25 22:04:46 | INFO     | FEDMD — IID: round 28/50 starting
[2026-07-26 03:48:36] 2026-07-25 22:04:46 | INFO     | KDClient 0 fit round 28 (tier=small)
[2026-07-26 03:48:36] 2026-07-25 22:04:46 | INFO     | KDClient 0 round 28 public KD (epochs=2)
[2026-07-26 03:48:36] 2026-07-25 22:04:59 | INFO     | KDClient 0 round 28 local training (epochs=4)
[2026-07-26 03:48:36] 2026-07-25 22:05:13 | INFO     | KDClient 0 round 28 completed (acc=0.9297, n=90)
[2026-07-26 03:48:36] 2026-07-25 22:05:13 | INFO     | KDClient 1 fit round 28 (tier=small)
[2026-07-26 03:48:36] 2026-07-25 22:05:13 | INFO     | KDClient 1 round 28 public KD (epochs=2)
[2026-07-26 03:48:36] 2026-07-25 22:05:29 | INFO     | KDClient 1 round 28 local training (epochs=4)
[2026-07-26 03:48:36] 2026-07-25 22:05:42 | INFO     | KDClient 1 round 28 completed (acc=0.9333, n=90)
[2026-07-26 03:48:36] 2026-07-25 22:05:42 | INFO     | KDClient 2 fit round 28 (tier=small)
[2026-07-26 03:48:36] 2026-07-25 22:05:42 | INFO     | KDClient 2 round 28 public KD (epochs=2)
[2026-07-26 03:48:36] 2026-07-25 22:05:59 | INFO     | KDClient 2 round 28 local training (epochs=4)
[2026-07-26 03:48:36] 2026-07-25 22:06:14 | INFO     | KDClient 2 round 28 completed (acc=0.9063, n=90)
[2026-07-26 03:48:36] 2026-07-25 22:06:14 | INFO     | KDClient 3 fit round 28 (tier=small)
[2026-07-26 03:48:36] 2026-07-25 22:06:14 | INFO     | KDClient 3 round 28 public KD (epochs=2)
[2026-07-26 03:48:36] 2026-07-25 22:06:29 | INFO     | KDClient 3 round 28 local training (epochs=4)
[2026-07-26 03:48:36] 2026-07-25 22:06:45 | INFO     | KDClient 3 round 28 completed (acc=0.8865, n=90)
[2026-07-26 03:48:36] 2026-07-25 22:06:45 | INFO     | KDClient 4 fit round 28 (tier=small)
[2026-07-26 03:48:36] 2026-07-25 22:06:45 | INFO     | KDClient 4 round 28 public KD (epochs=2)
[2026-07-26 03:48:36] 2026-07-25 22:06:59 | INFO     | KDClient 4 round 28 local training (epochs=4)
[2026-07-26 03:48:36] 2026-07-25 22:07:10 | INFO     | KDClient 4 round 28 completed (acc=0.9351, n=90)
[2026-07-26 03:48:36] 2026-07-25 22:07:10 | INFO     | KDClient 5 fit round 28 (tier=small)
[2026-07-26 03:48:36] 2026-07-25 22:07:10 | INFO     | KDClient 5 round 28 public KD (epochs=2)
[2026-07-26 03:48:36] 2026-07-25 22:07:26 | INFO     | KDClient 5 round 28 local training (epochs=4)
[2026-07-26 03:48:36] 2026-07-25 22:07:39 | INFO     | KDClient 5 round 28 completed (acc=0.9189, n=90)
[2026-07-26 03:48:36] 2026-07-25 22:07:39 | INFO     | KDClient 6 fit round 28 (tier=small)
[2026-07-26 03:48:36] 2026-07-25 22:07:39 | INFO     | KDClient 6 round 28 public KD (epochs=2)
[2026-07-26 03:48:36] 2026-07-25 22:07:55 | INFO     | KDClient 6 round 28 local training (epochs=4)
[2026-07-26 03:48:36] 2026-07-25 22:08:07 | INFO     | KDClient 6 round 28 completed (acc=0.8631, n=90)
[2026-07-26 03:48:36] 2026-07-25 22:08:07 | INFO     | KDClient 7 fit round 28 (tier=medium)
[2026-07-26 03:48:36] 2026-07-25 22:08:07 | INFO     | KDClient 7 round 28 public KD (epochs=2)
[2026-07-26 03:48:36] 2026-07-25 22:08:55 | INFO     | KDClient 7 round 28 local training (epochs=4)
[2026-07-26 03:48:36] 2026-07-25 22:09:32 | INFO     | KDClient 7 round 28 completed (acc=0.9045, n=90)
[2026-07-26 03:48:36] 2026-07-25 22:09:32 | INFO     | KDClient 8 fit round 28 (tier=medium)
[2026-07-26 03:48:36] 2026-07-25 22:09:32 | INFO     | KDClient 8 round 28 public KD (epochs=2)
[2026-07-26 03:48:36] 2026-07-25 22:10:13 | INFO     | KDClient 8 round 28 local training (epochs=4)
[2026-07-26 03:48:36] 2026-07-25 22:10:44 | INFO     | KDClient 8 round 28 completed (acc=0.8703, n=90)
[2026-07-26 03:48:36] 2026-07-25 22:10:44 | INFO     | KDClient 9 fit round 28 (tier=medium)
[2026-07-26 03:48:36] 2026-07-25 22:10:44 | INFO     | KDClient 9 round 28 public KD (epochs=2)
[2026-07-26 03:48:36] 2026-07-25 22:11:23 | INFO     | KDClient 9 round 28 local training (epochs=4)
[2026-07-26 03:48:36] 2026-07-25 22:11:59 | INFO     | KDClient 9 round 28 completed (acc=0.8252, n=90)
[2026-07-26 03:48:36] 2026-07-25 22:11:59 | INFO     | KDClient 10 fit round 28 (tier=medium)
[2026-07-26 03:48:36] 2026-07-25 22:11:59 | INFO     | KDClient 10 round 28 public KD (epochs=2)
[2026-07-26 03:48:36] 2026-07-25 22:12:42 | INFO     | KDClient 10 round 28 local training (epochs=4)
[2026-07-26 03:48:36] 2026-07-25 22:13:14 | INFO     | KDClient 10 round 28 completed (acc=0.9135, n=90)
[2026-07-26 03:48:36] 2026-07-25 22:13:14 | INFO     | KDClient 11 fit round 28 (tier=medium)
[2026-07-26 03:48:36] 2026-07-25 22:13:14 | INFO     | KDClient 11 round 28 public KD (epochs=2)
[2026-07-26 03:48:36] 2026-07-25 22:13:58 | INFO     | KDClient 11 round 28 local training (epochs=4)
[2026-07-26 03:48:36] 2026-07-25 22:14:28 | INFO     | KDClient 11 round 28 completed (acc=0.9045, n=90)
[2026-07-26 03:48:36] 2026-07-25 22:14:28 | INFO     | KDClient 12 fit round 28 (tier=medium)
[2026-07-26 03:48:36] 2026-07-25 22:14:28 | INFO     | KDClient 12 round 28 public KD (epochs=2)
[2026-07-26 03:48:36] 2026-07-25 22:15:07 | INFO     | KDClient 12 round 28 local training (epochs=4)
[2026-07-26 03:48:36] 2026-07-25 22:15:36 | INFO     | KDClient 12 round 28 completed (acc=0.8793, n=90)
[2026-07-26 03:48:36] 2026-07-25 22:15:36 | INFO     | KDClient 13 fit round 28 (tier=medium)
[2026-07-26 03:48:36] 2026-07-25 22:15:36 | INFO     | KDClient 13 round 28 public KD (epochs=2)
[2026-07-26 03:48:36] 2026-07-25 22:16:15 | INFO     | KDClient 13 round 28 local training (epochs=4)
[2026-07-26 03:48:36] 2026-07-25 22:16:43 | INFO     | KDClient 13 round 28 completed (acc=0.9027, n=90)
[2026-07-26 03:48:36] 2026-07-25 22:16:43 | INFO     | KDClient 14 fit round 28 (tier=large)
[2026-07-26 03:48:36] 2026-07-25 22:16:43 | INFO     | KDClient 14 round 28 public KD (epochs=2)
[2026-07-26 03:48:36] 2026-07-25 22:17:38 | INFO     | KDClient 14 round 28 local training (epochs=4)
[2026-07-26 03:48:36] 2026-07-25 22:18:26 | INFO     | KDClient 14 round 28 completed (acc=0.9063, n=90)
[2026-07-26 03:48:36] 2026-07-25 22:18:26 | INFO     | KDClient 15 fit round 28 (tier=large)
[2026-07-26 03:48:36] 2026-07-25 22:18:26 | INFO     | KDClient 15 round 28 public KD (epochs=2)
[2026-07-26 03:48:36] 2026-07-25 22:19:29 | INFO     | KDClient 15 round 28 local training (epochs=4)
[2026-07-26 03:48:36] 2026-07-25 22:20:26 | INFO     | KDClient 15 round 28 completed (acc=0.8901, n=90)
[2026-07-26 03:48:36] 2026-07-25 22:20:26 | INFO     | KDClient 16 fit round 28 (tier=large)
[2026-07-26 03:48:36] 2026-07-25 22:20:26 | INFO     | KDClient 16 round 28 public KD (epochs=2)
[2026-07-26 03:48:36] 2026-07-25 22:21:32 | INFO     | KDClient 16 round 28 local training (epochs=4)
[2026-07-26 03:48:36] 2026-07-25 22:22:34 | INFO     | KDClient 16 round 28 completed (acc=0.9225, n=90)
[2026-07-26 03:48:36] 2026-07-25 22:22:34 | INFO     | KDClient 17 fit round 28 (tier=large)
[2026-07-26 03:48:36] 2026-07-25 22:22:34 | INFO     | KDClient 17 round 28 public KD (epochs=2)
[2026-07-26 03:48:36] 2026-07-25 22:23:39 | INFO     | KDClient 17 round 28 local training (epochs=4)
[2026-07-26 03:48:36] 2026-07-25 22:24:26 | INFO     | KDClient 17 round 28 completed (acc=0.8739, n=90)
[2026-07-26 03:48:36] 2026-07-25 22:24:26 | INFO     | KDClient 18 fit round 28 (tier=large)
[2026-07-26 03:48:36] 2026-07-25 22:24:26 | INFO     | KDClient 18 round 28 public KD (epochs=2)
[2026-07-26 03:48:36] 2026-07-25 22:25:48 | INFO     | KDClient 18 round 28 local training (epochs=4)
[2026-07-26 03:48:36] 2026-07-25 22:26:46 | INFO     | KDClient 18 round 28 completed (acc=0.8667, n=90)
[2026-07-26 03:48:36] 2026-07-25 22:26:46 | INFO     | KDClient 19 fit round 28 (tier=large)
[2026-07-26 03:48:36] 2026-07-25 22:26:46 | INFO     | KDClient 19 round 28 public KD (epochs=2)
[2026-07-26 03:48:36] 2026-07-25 22:27:56 | INFO     | KDClient 19 round 28 local training (epochs=4)
[2026-07-26 03:48:36] 2026-07-25 22:28:53 | INFO     | KDClient 19 round 28 completed (acc=0.8883, n=90)
[2026-07-26 03:48:36]   Round  28/50 | Avg: 0.8960 | Min: 0.8252 | Max: 0.9351
[2026-07-26 03:48:36] 2026-07-25 22:28:53 | INFO     | FEDMD — IID: round 29/50 starting
[2026-07-26 03:48:36] 2026-07-25 22:28:53 | INFO     | KDClient 0 fit round 29 (tier=small)
[2026-07-26 03:48:36] 2026-07-25 22:28:53 | INFO     | KDClient 0 round 29 public KD (epochs=2)
[2026-07-26 03:48:36] 2026-07-25 22:29:08 | INFO     | KDClient 0 round 29 local training (epochs=4)
[2026-07-26 03:48:36] 2026-07-25 22:29:24 | INFO     | KDClient 0 round 29 completed (acc=0.9261, n=90)
[2026-07-26 03:48:36] 2026-07-25 22:29:24 | INFO     | KDClient 1 fit round 29 (tier=small)
[2026-07-26 03:48:36] 2026-07-25 22:29:24 | INFO     | KDClient 1 round 29 public KD (epochs=2)
[2026-07-26 03:48:36] 2026-07-25 22:29:42 | INFO     | KDClient 1 round 29 local training (epochs=4)
[2026-07-26 03:48:36] 2026-07-25 22:29:56 | INFO     | KDClient 1 round 29 completed (acc=0.8955, n=90)
[2026-07-26 03:48:36] 2026-07-25 22:29:56 | INFO     | KDClient 2 fit round 29 (tier=small)
[2026-07-26 03:48:36] 2026-07-25 22:29:56 | INFO     | KDClient 2 round 29 public KD (epochs=2)
[2026-07-26 03:48:36] 2026-07-25 22:30:09 | INFO     | KDClient 2 round 29 local training (epochs=4)
[2026-07-26 03:48:36] 2026-07-25 22:30:24 | INFO     | KDClient 2 round 29 completed (acc=0.9243, n=90)
[2026-07-26 03:48:36] 2026-07-25 22:30:24 | INFO     | KDClient 3 fit round 29 (tier=small)
[2026-07-26 03:48:36] 2026-07-25 22:30:24 | INFO     | KDClient 3 round 29 public KD (epochs=2)
[2026-07-26 03:48:36] 2026-07-25 22:30:39 | INFO     | KDClient 3 round 29 local training (epochs=4)
[2026-07-26 03:48:36] 2026-07-25 22:30:51 | INFO     | KDClient 3 round 29 completed (acc=0.8793, n=90)
[2026-07-26 03:48:36] 2026-07-25 22:30:51 | INFO     | KDClient 4 fit round 29 (tier=small)
[2026-07-26 03:48:36] 2026-07-25 22:30:51 | INFO     | KDClient 4 round 29 public KD (epochs=2)
[2026-07-26 03:48:36] 2026-07-25 22:31:07 | INFO     | KDClient 4 round 29 local training (epochs=4)
[2026-07-26 03:48:36] 2026-07-25 22:31:23 | INFO     | KDClient 4 round 29 completed (acc=0.9171, n=90)
[2026-07-26 03:48:36] 2026-07-25 22:31:23 | INFO     | KDClient 5 fit round 29 (tier=small)
[2026-07-26 03:48:36] 2026-07-25 22:31:23 | INFO     | KDClient 5 round 29 public KD (epochs=2)
[2026-07-26 03:48:36] 2026-07-25 22:31:41 | INFO     | KDClient 5 round 29 local training (epochs=4)
[2026-07-26 03:48:36] 2026-07-25 22:31:53 | INFO     | KDClient 5 round 29 completed (acc=0.9081, n=90)
[2026-07-26 03:48:36] 2026-07-25 22:31:53 | INFO     | KDClient 6 fit round 29 (tier=small)
[2026-07-26 03:48:36] 2026-07-25 22:31:53 | INFO     | KDClient 6 round 29 public KD (epochs=2)
[2026-07-26 03:48:36] 2026-07-25 22:32:07 | INFO     | KDClient 6 round 29 local training (epochs=4)
[2026-07-26 03:48:36] 2026-07-25 22:32:19 | INFO     | KDClient 6 round 29 completed (acc=0.8378, n=90)
[2026-07-26 03:48:36] 2026-07-25 22:32:19 | INFO     | KDClient 7 fit round 29 (tier=medium)
[2026-07-26 03:48:36] 2026-07-25 22:32:19 | INFO     | KDClient 7 round 29 public KD (epochs=2)
[2026-07-26 03:48:36] 2026-07-25 22:33:04 | INFO     | KDClient 7 round 29 local training (epochs=4)
[2026-07-26 03:48:36] 2026-07-25 22:33:41 | INFO     | KDClient 7 round 29 completed (acc=0.9099, n=90)
[2026-07-26 03:48:36] 2026-07-25 22:33:41 | INFO     | KDClient 8 fit round 29 (tier=medium)
[2026-07-26 03:48:36] 2026-07-25 22:33:41 | INFO     | KDClient 8 round 29 public KD (epochs=2)
[2026-07-26 03:48:36] 2026-07-25 22:34:24 | INFO     | KDClient 8 round 29 local training (epochs=4)
[2026-07-26 03:48:36] 2026-07-25 22:34:56 | INFO     | KDClient 8 round 29 completed (acc=0.8955, n=90)
[2026-07-26 03:48:36] 2026-07-25 22:34:56 | INFO     | KDClient 9 fit round 29 (tier=medium)
[2026-07-26 03:48:36] 2026-07-25 22:34:56 | INFO     | KDClient 9 round 29 public KD (epochs=2)
[2026-07-26 03:48:36] 2026-07-25 22:35:39 | INFO     | KDClient 9 round 29 local training (epochs=4)
[2026-07-26 03:48:36] 2026-07-25 22:36:10 | INFO     | KDClient 9 round 29 completed (acc=0.8198, n=90)
[2026-07-26 03:48:36] 2026-07-25 22:36:10 | INFO     | KDClient 10 fit round 29 (tier=medium)
[2026-07-26 03:48:36] 2026-07-25 22:36:10 | INFO     | KDClient 10 round 29 public KD (epochs=2)
[2026-07-26 03:48:36] 2026-07-25 22:37:13 | INFO     | KDClient 10 round 29 local training (epochs=4)
[2026-07-26 03:48:36] 2026-07-25 22:37:46 | INFO     | KDClient 10 round 29 completed (acc=0.8883, n=90)
[2026-07-26 03:48:36] 2026-07-25 22:37:46 | INFO     | KDClient 11 fit round 29 (tier=medium)
[2026-07-26 03:48:36] 2026-07-25 22:37:46 | INFO     | KDClient 11 round 29 public KD (epochs=2)
[2026-07-26 03:48:36] 2026-07-25 22:38:28 | INFO     | KDClient 11 round 29 local training (epochs=4)
[2026-07-26 03:48:36] 2026-07-25 22:39:03 | INFO     | KDClient 11 round 29 completed (acc=0.7568, n=90)
[2026-07-26 03:48:36] 2026-07-25 22:39:03 | INFO     | KDClient 12 fit round 29 (tier=medium)
[2026-07-26 03:48:36] 2026-07-25 22:39:03 | INFO     | KDClient 12 round 29 public KD (epochs=2)
[2026-07-26 03:48:36] 2026-07-25 22:39:43 | INFO     | KDClient 12 round 29 local training (epochs=4)
[2026-07-26 03:48:36] 2026-07-25 22:40:13 | INFO     | KDClient 12 round 29 completed (acc=0.8811, n=90)
[2026-07-26 03:48:36] 2026-07-25 22:40:13 | INFO     | KDClient 13 fit round 29 (tier=medium)
[2026-07-26 03:48:36] 2026-07-25 22:40:13 | INFO     | KDClient 13 round 29 public KD (epochs=2)
[2026-07-26 03:48:36] 2026-07-25 22:40:50 | INFO     | KDClient 13 round 29 local training (epochs=4)
[2026-07-26 03:48:36] 2026-07-25 22:41:26 | INFO     | KDClient 13 round 29 completed (acc=0.9009, n=90)
[2026-07-26 03:48:36] 2026-07-25 22:41:26 | INFO     | KDClient 14 fit round 29 (tier=large)
[2026-07-26 03:48:36] 2026-07-25 22:41:26 | INFO     | KDClient 14 round 29 public KD (epochs=2)
[2026-07-26 03:48:36] 2026-07-25 22:42:24 | INFO     | KDClient 14 round 29 local training (epochs=4)
[2026-07-26 03:48:36] 2026-07-25 22:43:12 | INFO     | KDClient 14 round 29 completed (acc=0.8739, n=90)
[2026-07-26 03:48:36] 2026-07-25 22:43:12 | INFO     | KDClient 15 fit round 29 (tier=large)
[2026-07-26 03:48:36] 2026-07-25 22:43:12 | INFO     | KDClient 15 round 29 public KD (epochs=2)
[2026-07-26 03:48:36] 2026-07-25 22:44:17 | INFO     | KDClient 15 round 29 local training (epochs=4)
[2026-07-26 03:48:36] 2026-07-25 22:45:18 | INFO     | KDClient 15 round 29 completed (acc=0.8703, n=90)
[2026-07-26 03:48:36] 2026-07-25 22:45:18 | INFO     | KDClient 16 fit round 29 (tier=large)
[2026-07-26 03:48:36] 2026-07-25 22:45:18 | INFO     | KDClient 16 round 29 public KD (epochs=2)
[2026-07-26 03:48:36] 2026-07-25 22:46:24 | INFO     | KDClient 16 round 29 local training (epochs=4)
[2026-07-26 03:48:36] 2026-07-25 22:47:11 | INFO     | KDClient 16 round 29 completed (acc=0.9153, n=90)
[2026-07-26 03:48:36] 2026-07-25 22:47:11 | INFO     | KDClient 17 fit round 29 (tier=large)
[2026-07-26 03:48:36] 2026-07-25 22:47:11 | INFO     | KDClient 17 round 29 public KD (epochs=2)
[2026-07-26 03:48:36] 2026-07-25 22:48:15 | INFO     | KDClient 17 round 29 local training (epochs=4)
[2026-07-26 03:48:36] 2026-07-25 22:49:04 | INFO     | KDClient 17 round 29 completed (acc=0.8414, n=90)
[2026-07-26 03:48:36] 2026-07-25 22:49:04 | INFO     | KDClient 18 fit round 29 (tier=large)
[2026-07-26 03:48:36] 2026-07-25 22:49:04 | INFO     | KDClient 18 round 29 public KD (epochs=2)
[2026-07-26 03:48:36] 2026-07-25 22:50:15 | INFO     | KDClient 18 round 29 local training (epochs=4)
[2026-07-26 03:48:36] 2026-07-25 22:51:08 | INFO     | KDClient 18 round 29 completed (acc=0.8847, n=90)
[2026-07-26 03:48:36] 2026-07-25 22:51:08 | INFO     | KDClient 19 fit round 29 (tier=large)
[2026-07-26 03:48:36] 2026-07-25 22:51:08 | INFO     | KDClient 19 round 29 public KD (epochs=2)
[2026-07-26 03:48:36] 2026-07-25 22:52:23 | INFO     | KDClient 19 round 29 local training (epochs=4)
[2026-07-26 03:48:36] 2026-07-25 22:53:18 | INFO     | KDClient 19 round 29 completed (acc=0.8829, n=90)
[2026-07-26 03:48:36]   Round  29/50 | Avg: 0.8805 | Min: 0.7568 | Max: 0.9261
[2026-07-26 03:48:36] 2026-07-25 22:53:18 | INFO     | FEDMD — IID: round 30/50 starting
[2026-07-26 03:48:36] 2026-07-25 22:53:18 | INFO     | KDClient 0 fit round 30 (tier=small)
[2026-07-26 03:48:36] 2026-07-25 22:53:18 | INFO     | KDClient 0 round 30 public KD (epochs=2)
[2026-07-26 03:48:36] 2026-07-25 22:53:35 | INFO     | KDClient 0 round 30 local training (epochs=4)
[2026-07-26 03:48:36] 2026-07-25 22:53:51 | INFO     | KDClient 0 round 30 completed (acc=0.9333, n=90)
[2026-07-26 03:48:36] 2026-07-25 22:53:51 | INFO     | KDClient 1 fit round 30 (tier=small)
[2026-07-26 03:48:36] 2026-07-25 22:53:51 | INFO     | KDClient 1 round 30 public KD (epochs=2)
[2026-07-26 03:48:36] 2026-07-25 22:54:07 | INFO     | KDClient 1 round 30 local training (epochs=4)
[2026-07-26 03:48:36] 2026-07-25 22:54:19 | INFO     | KDClient 1 round 30 completed (acc=0.9279, n=90)
[2026-07-26 03:48:36] 2026-07-25 22:54:19 | INFO     | KDClient 2 fit round 30 (tier=small)
[2026-07-26 03:48:36] 2026-07-25 22:54:19 | INFO     | KDClient 2 round 30 public KD (epochs=2)
[2026-07-26 03:48:36] 2026-07-25 22:54:35 | INFO     | KDClient 2 round 30 local training (epochs=4)
[2026-07-26 03:48:36] 2026-07-25 22:54:46 | INFO     | KDClient 2 round 30 completed (acc=0.9117, n=90)
[2026-07-26 03:48:36] 2026-07-25 22:54:46 | INFO     | KDClient 3 fit round 30 (tier=small)
[2026-07-26 03:48:36] 2026-07-25 22:54:46 | INFO     | KDClient 3 round 30 public KD (epochs=2)
[2026-07-26 03:48:36] 2026-07-25 22:55:04 | INFO     | KDClient 3 round 30 local training (epochs=4)
[2026-07-26 03:48:36] 2026-07-25 22:55:16 | INFO     | KDClient 3 round 30 completed (acc=0.8757, n=90)
[2026-07-26 03:48:36] 2026-07-25 22:55:16 | INFO     | KDClient 4 fit round 30 (tier=small)
[2026-07-26 03:48:36] 2026-07-25 22:55:16 | INFO     | KDClient 4 round 30 public KD (epochs=2)
[2026-07-26 03:48:36] 2026-07-25 22:55:31 | INFO     | KDClient 4 round 30 local training (epochs=4)
[2026-07-26 03:48:36] 2026-07-25 22:55:47 | INFO     | KDClient 4 round 30 completed (acc=0.9243, n=90)
[2026-07-26 03:48:36] 2026-07-25 22:55:47 | INFO     | KDClient 5 fit round 30 (tier=small)
[2026-07-26 03:48:36] 2026-07-25 22:55:47 | INFO     | KDClient 5 round 30 public KD (epochs=2)
[2026-07-26 03:48:36] 2026-07-25 22:56:03 | INFO     | KDClient 5 round 30 local training (epochs=4)
[2026-07-26 03:48:36] 2026-07-25 22:56:19 | INFO     | KDClient 5 round 30 completed (acc=0.9315, n=90)
[2026-07-26 03:48:36] 2026-07-25 22:56:19 | INFO     | KDClient 6 fit round 30 (tier=small)
[2026-07-26 03:48:36] 2026-07-25 22:56:19 | INFO     | KDClient 6 round 30 public KD (epochs=2)
[2026-07-26 03:48:36] 2026-07-25 22:56:34 | INFO     | KDClient 6 round 30 local training (epochs=4)
[2026-07-26 03:48:36] 2026-07-25 22:56:48 | INFO     | KDClient 6 round 30 completed (acc=0.8721, n=90)
[2026-07-26 03:48:36] 2026-07-25 22:56:48 | INFO     | KDClient 7 fit round 30 (tier=medium)
[2026-07-26 03:48:36] 2026-07-25 22:56:48 | INFO     | KDClient 7 round 30 public KD (epochs=2)
[2026-07-26 03:48:36] 2026-07-25 22:57:28 | INFO     | KDClient 7 round 30 local training (epochs=4)
[2026-07-26 03:48:36] 2026-07-25 22:58:05 | INFO     | KDClient 7 round 30 completed (acc=0.8973, n=90)
[2026-07-26 03:48:36] 2026-07-25 22:58:05 | INFO     | KDClient 8 fit round 30 (tier=medium)
[2026-07-26 03:48:36] 2026-07-25 22:58:05 | INFO     | KDClient 8 round 30 public KD (epochs=2)
[2026-07-26 03:48:36] 2026-07-25 22:58:50 | INFO     | KDClient 8 round 30 local training (epochs=4)
[2026-07-26 03:48:36] 2026-07-25 22:59:22 | INFO     | KDClient 8 round 30 completed (acc=0.8631, n=90)
[2026-07-26 03:48:36] 2026-07-25 22:59:22 | INFO     | KDClient 9 fit round 30 (tier=medium)
[2026-07-26 03:48:36] 2026-07-25 22:59:22 | INFO     | KDClient 9 round 30 public KD (epochs=2)
[2026-07-26 03:48:36] 2026-07-25 23:00:04 | INFO     | KDClient 9 round 30 local training (epochs=4)
[2026-07-26 03:48:36] 2026-07-25 23:00:35 | INFO     | KDClient 9 round 30 completed (acc=0.7658, n=90)
[2026-07-26 03:48:36] 2026-07-25 23:00:35 | INFO     | KDClient 10 fit round 30 (tier=medium)
[2026-07-26 03:48:36] 2026-07-25 23:00:35 | INFO     | KDClient 10 round 30 public KD (epochs=2)
[2026-07-26 03:48:36] 2026-07-25 23:01:14 | INFO     | KDClient 10 round 30 local training (epochs=4)
[2026-07-26 03:48:36] 2026-07-25 23:01:48 | INFO     | KDClient 10 round 30 completed (acc=0.8324, n=90)
[2026-07-26 03:48:36] 2026-07-25 23:01:48 | INFO     | KDClient 11 fit round 30 (tier=medium)
[2026-07-26 03:48:36] 2026-07-25 23:01:48 | INFO     | KDClient 11 round 30 public KD (epochs=2)
[2026-07-26 03:48:36] 2026-07-25 23:02:51 | INFO     | KDClient 11 round 30 local training (epochs=4)
[2026-07-26 03:48:36] 2026-07-25 23:03:30 | INFO     | KDClient 11 round 30 completed (acc=0.8811, n=90)
[2026-07-26 03:48:36] 2026-07-25 23:03:30 | INFO     | KDClient 12 fit round 30 (tier=medium)
[2026-07-26 03:48:36] 2026-07-25 23:03:30 | INFO     | KDClient 12 round 30 public KD (epochs=2)
[2026-07-26 03:48:36] 2026-07-25 23:04:11 | INFO     | KDClient 12 round 30 local training (epochs=4)
[2026-07-26 03:48:36] 2026-07-25 23:04:41 | INFO     | KDClient 12 round 30 completed (acc=0.8793, n=90)
[2026-07-26 03:48:36] 2026-07-25 23:04:41 | INFO     | KDClient 13 fit round 30 (tier=medium)
[2026-07-26 03:48:36] 2026-07-25 23:04:41 | INFO     | KDClient 13 round 30 public KD (epochs=2)
[2026-07-26 03:48:36] 2026-07-25 23:05:15 | INFO     | KDClient 13 round 30 local training (epochs=4)
[2026-07-26 03:48:36] 2026-07-25 23:05:43 | INFO     | KDClient 13 round 30 completed (acc=0.9009, n=90)
[2026-07-26 03:48:36] 2026-07-25 23:05:43 | INFO     | KDClient 14 fit round 30 (tier=large)
[2026-07-26 03:48:36] 2026-07-25 23:05:43 | INFO     | KDClient 14 round 30 public KD (epochs=2)
[2026-07-26 03:48:36] 2026-07-25 23:06:44 | INFO     | KDClient 14 round 30 local training (epochs=4)
[2026-07-26 03:48:36] 2026-07-25 23:07:40 | INFO     | KDClient 14 round 30 completed (acc=0.9117, n=90)
[2026-07-26 03:48:36] 2026-07-25 23:07:40 | INFO     | KDClient 15 fit round 30 (tier=large)
[2026-07-26 03:48:36] 2026-07-25 23:07:40 | INFO     | KDClient 15 round 30 public KD (epochs=2)
[2026-07-26 03:48:36] 2026-07-25 23:08:44 | INFO     | KDClient 15 round 30 local training (epochs=4)
[2026-07-26 03:48:36] 2026-07-25 23:09:35 | INFO     | KDClient 15 round 30 completed (acc=0.8649, n=90)
[2026-07-26 03:48:36] 2026-07-25 23:09:35 | INFO     | KDClient 16 fit round 30 (tier=large)
[2026-07-26 03:48:36] 2026-07-25 23:09:35 | INFO     | KDClient 16 round 30 public KD (epochs=2)
[2026-07-26 03:48:36] 2026-07-25 23:10:41 | INFO     | KDClient 16 round 30 local training (epochs=4)
[2026-07-26 03:48:36] 2026-07-25 23:11:36 | INFO     | KDClient 16 round 30 completed (acc=0.9153, n=90)
[2026-07-26 03:48:36] 2026-07-25 23:11:36 | INFO     | KDClient 17 fit round 30 (tier=large)
[2026-07-26 03:48:36] 2026-07-25 23:11:36 | INFO     | KDClient 17 round 30 public KD (epochs=2)
[2026-07-26 03:48:36] 2026-07-25 23:12:36 | INFO     | KDClient 17 round 30 local training (epochs=4)
[2026-07-26 03:48:36] 2026-07-25 23:13:24 | INFO     | KDClient 17 round 30 completed (acc=0.7550, n=90)
[2026-07-26 03:48:36] 2026-07-25 23:13:24 | INFO     | KDClient 18 fit round 30 (tier=large)
[2026-07-26 03:48:36] 2026-07-25 23:13:24 | INFO     | KDClient 18 round 30 public KD (epochs=2)
[2026-07-26 03:48:36] 2026-07-25 23:14:37 | INFO     | KDClient 18 round 30 local training (epochs=4)
[2026-07-26 03:48:36] 2026-07-25 23:15:33 | INFO     | KDClient 18 round 30 completed (acc=0.9153, n=90)
[2026-07-26 03:48:36] 2026-07-25 23:15:33 | INFO     | KDClient 19 fit round 30 (tier=large)
[2026-07-26 03:48:36] 2026-07-25 23:15:33 | INFO     | KDClient 19 round 30 public KD (epochs=2)
[2026-07-26 03:48:36] 2026-07-25 23:16:50 | INFO     | KDClient 19 round 30 local training (epochs=4)
[2026-07-26 03:48:36] 2026-07-25 23:17:56 | INFO     | KDClient 19 round 30 completed (acc=0.8775, n=90)
[2026-07-26 03:48:36]   Round  30/50 | Avg: 0.8818 | Min: 0.7550 | Max: 0.9333
[2026-07-26 03:48:36] 2026-07-25 23:17:56 | INFO     | FEDMD — IID: round 31/50 starting
[2026-07-26 03:48:36] 2026-07-25 23:17:56 | INFO     | KDClient 0 fit round 31 (tier=small)
[2026-07-26 03:48:36] 2026-07-25 23:17:56 | INFO     | KDClient 0 round 31 public KD (epochs=2)
[2026-07-26 03:48:36] 2026-07-25 23:18:12 | INFO     | KDClient 0 round 31 local training (epochs=4)
[2026-07-26 03:48:36] 2026-07-25 23:18:26 | INFO     | KDClient 0 round 31 completed (acc=0.9207, n=90)
[2026-07-26 03:48:36] 2026-07-25 23:18:26 | INFO     | KDClient 1 fit round 31 (tier=small)
[2026-07-26 03:48:36] 2026-07-25 23:18:26 | INFO     | KDClient 1 round 31 public KD (epochs=2)
[2026-07-26 03:48:36] 2026-07-25 23:18:41 | INFO     | KDClient 1 round 31 local training (epochs=4)
[2026-07-26 03:48:36] 2026-07-25 23:18:52 | INFO     | KDClient 1 round 31 completed (acc=0.9333, n=90)
[2026-07-26 03:48:36] 2026-07-25 23:18:52 | INFO     | KDClient 2 fit round 31 (tier=small)
[2026-07-26 03:48:36] 2026-07-25 23:18:52 | INFO     | KDClient 2 round 31 public KD (epochs=2)
[2026-07-26 03:48:36] 2026-07-25 23:19:06 | INFO     | KDClient 2 round 31 local training (epochs=4)
[2026-07-26 03:48:36] 2026-07-25 23:19:17 | INFO     | KDClient 2 round 31 completed (acc=0.9261, n=90)
[2026-07-26 03:48:36] 2026-07-25 23:19:17 | INFO     | KDClient 3 fit round 31 (tier=small)
[2026-07-26 03:48:36] 2026-07-25 23:19:17 | INFO     | KDClient 3 round 31 public KD (epochs=2)
[2026-07-26 03:48:36] 2026-07-25 23:19:30 | INFO     | KDClient 3 round 31 local training (epochs=4)
[2026-07-26 03:48:36] 2026-07-25 23:19:40 | INFO     | KDClient 3 round 31 completed (acc=0.8757, n=90)
[2026-07-26 03:48:36] 2026-07-25 23:19:40 | INFO     | KDClient 4 fit round 31 (tier=small)
[2026-07-26 03:48:36] 2026-07-25 23:19:40 | INFO     | KDClient 4 round 31 public KD (epochs=2)
[2026-07-26 03:48:36] 2026-07-25 23:19:58 | INFO     | KDClient 4 round 31 local training (epochs=4)
[2026-07-26 03:48:36] 2026-07-25 23:20:10 | INFO     | KDClient 4 round 31 completed (acc=0.9261, n=90)
[2026-07-26 03:48:36] 2026-07-25 23:20:10 | INFO     | KDClient 5 fit round 31 (tier=small)
[2026-07-26 03:48:36] 2026-07-25 23:20:10 | INFO     | KDClient 5 round 31 public KD (epochs=2)
[2026-07-26 03:48:36] 2026-07-25 23:20:26 | INFO     | KDClient 5 round 31 local training (epochs=4)
[2026-07-26 03:48:36] 2026-07-25 23:20:44 | INFO     | KDClient 5 round 31 completed (acc=0.9171, n=90)
[2026-07-26 03:48:36] 2026-07-25 23:20:44 | INFO     | KDClient 6 fit round 31 (tier=small)
[2026-07-26 03:48:36] 2026-07-25 23:20:44 | INFO     | KDClient 6 round 31 public KD (epochs=2)
[2026-07-26 03:48:36] 2026-07-25 23:20:58 | INFO     | KDClient 6 round 31 local training (epochs=4)
[2026-07-26 03:48:36] 2026-07-25 23:21:13 | INFO     | KDClient 6 round 31 completed (acc=0.8450, n=90)
[2026-07-26 03:48:36] 2026-07-25 23:21:13 | INFO     | KDClient 7 fit round 31 (tier=medium)
[2026-07-26 03:48:36] 2026-07-25 23:21:13 | INFO     | KDClient 7 round 31 public KD (epochs=2)
[2026-07-26 03:48:36] 2026-07-25 23:21:57 | INFO     | KDClient 7 round 31 local training (epochs=4)
[2026-07-26 03:48:36] 2026-07-25 23:22:33 | INFO     | KDClient 7 round 31 completed (acc=0.9063, n=90)
[2026-07-26 03:48:36] 2026-07-25 23:22:33 | INFO     | KDClient 8 fit round 31 (tier=medium)
[2026-07-26 03:48:36] 2026-07-25 23:22:33 | INFO     | KDClient 8 round 31 public KD (epochs=2)
[2026-07-26 03:48:36] 2026-07-25 23:23:19 | INFO     | KDClient 8 round 31 local training (epochs=4)
[2026-07-26 03:48:36] 2026-07-25 23:23:49 | INFO     | KDClient 8 round 31 completed (acc=0.8847, n=90)
[2026-07-26 03:48:36] 2026-07-25 23:23:49 | INFO     | KDClient 9 fit round 31 (tier=medium)
[2026-07-26 03:48:36] 2026-07-25 23:23:49 | INFO     | KDClient 9 round 31 public KD (epochs=2)
[2026-07-26 03:48:36] 2026-07-25 23:24:49 | INFO     | KDClient 9 round 31 local training (epochs=4)
[2026-07-26 03:48:36] 2026-07-25 23:25:22 | INFO     | KDClient 9 round 31 completed (acc=0.7712, n=90)
[2026-07-26 03:48:36] 2026-07-25 23:25:22 | INFO     | KDClient 10 fit round 31 (tier=medium)
[2026-07-26 03:48:36] 2026-07-25 23:25:22 | INFO     | KDClient 10 round 31 public KD (epochs=2)
[2026-07-26 03:48:36] 2026-07-25 23:26:06 | INFO     | KDClient 10 round 31 local training (epochs=4)
[2026-07-26 03:48:36] 2026-07-25 23:26:37 | INFO     | KDClient 10 round 31 completed (acc=0.8360, n=90)
[2026-07-26 03:48:36] 2026-07-25 23:26:37 | INFO     | KDClient 11 fit round 31 (tier=medium)
[2026-07-26 03:48:36] 2026-07-25 23:26:37 | INFO     | KDClient 11 round 31 public KD (epochs=2)
[2026-07-26 03:48:36] 2026-07-25 23:27:18 | INFO     | KDClient 11 round 31 local training (epochs=4)
[2026-07-26 03:48:36] 2026-07-25 23:27:50 | INFO     | KDClient 11 round 31 completed (acc=0.8901, n=90)
[2026-07-26 03:48:36] 2026-07-25 23:27:50 | INFO     | KDClient 12 fit round 31 (tier=medium)
[2026-07-26 03:48:36] 2026-07-25 23:27:50 | INFO     | KDClient 12 round 31 public KD (epochs=2)
[2026-07-26 03:48:36] 2026-07-25 23:28:50 | INFO     | KDClient 12 round 31 local training (epochs=4)
[2026-07-26 03:48:36] 2026-07-25 23:29:19 | INFO     | KDClient 12 round 31 completed (acc=0.8937, n=90)
[2026-07-26 03:48:36] 2026-07-25 23:29:19 | INFO     | KDClient 13 fit round 31 (tier=medium)
[2026-07-26 03:48:36] 2026-07-25 23:29:19 | INFO     | KDClient 13 round 31 public KD (epochs=2)
[2026-07-26 03:48:36] 2026-07-25 23:29:58 | INFO     | KDClient 13 round 31 local training (epochs=4)
[2026-07-26 03:48:36] 2026-07-25 23:30:27 | INFO     | KDClient 13 round 31 completed (acc=0.9027, n=90)
[2026-07-26 03:48:36] 2026-07-25 23:30:27 | INFO     | KDClient 14 fit round 31 (tier=large)
[2026-07-26 03:48:36] 2026-07-25 23:30:27 | INFO     | KDClient 14 round 31 public KD (epochs=2)
[2026-07-26 03:48:36] 2026-07-25 23:31:29 | INFO     | KDClient 14 round 31 local training (epochs=4)
[2026-07-26 03:48:36] 2026-07-25 23:32:18 | INFO     | KDClient 14 round 31 completed (acc=0.8721, n=90)
[2026-07-26 03:48:36] 2026-07-25 23:32:18 | INFO     | KDClient 15 fit round 31 (tier=large)
[2026-07-26 03:48:36] 2026-07-25 23:32:18 | INFO     | KDClient 15 round 31 public KD (epochs=2)
[2026-07-26 03:48:36] 2026-07-25 23:33:24 | INFO     | KDClient 15 round 31 local training (epochs=4)
[2026-07-26 03:48:36] 2026-07-25 23:34:11 | INFO     | KDClient 15 round 31 completed (acc=0.8739, n=90)
[2026-07-26 03:48:36] 2026-07-25 23:34:11 | INFO     | KDClient 16 fit round 31 (tier=large)
[2026-07-26 03:48:36] 2026-07-25 23:34:11 | INFO     | KDClient 16 round 31 public KD (epochs=2)
[2026-07-26 03:48:36] 2026-07-25 23:35:14 | INFO     | KDClient 16 round 31 local training (epochs=4)
[2026-07-26 03:48:36] 2026-07-25 23:36:00 | INFO     | KDClient 16 round 31 completed (acc=0.9135, n=90)
[2026-07-26 03:48:36] 2026-07-25 23:36:00 | INFO     | KDClient 17 fit round 31 (tier=large)
[2026-07-26 03:48:36] 2026-07-25 23:36:00 | INFO     | KDClient 17 round 31 public KD (epochs=2)
[2026-07-26 03:48:36] 2026-07-25 23:37:02 | INFO     | KDClient 17 round 31 local training (epochs=4)
[2026-07-26 03:48:36] 2026-07-25 23:37:49 | INFO     | KDClient 17 round 31 completed (acc=0.8505, n=90)
[2026-07-26 03:48:36] 2026-07-25 23:37:49 | INFO     | KDClient 18 fit round 31 (tier=large)
[2026-07-26 03:48:36] 2026-07-25 23:37:49 | INFO     | KDClient 18 round 31 public KD (epochs=2)
[2026-07-26 03:48:36] 2026-07-25 23:39:05 | INFO     | KDClient 18 round 31 local training (epochs=4)
[2026-07-26 03:48:36] 2026-07-25 23:40:01 | INFO     | KDClient 18 round 31 completed (acc=0.8613, n=90)
[2026-07-26 03:48:36] 2026-07-25 23:40:01 | INFO     | KDClient 19 fit round 31 (tier=large)
[2026-07-26 03:48:36] 2026-07-25 23:40:01 | INFO     | KDClient 19 round 31 public KD (epochs=2)
[2026-07-26 03:48:36] 2026-07-25 23:41:16 | INFO     | KDClient 19 round 31 local training (epochs=4)
[2026-07-26 03:48:36] 2026-07-25 23:42:06 | INFO     | KDClient 19 round 31 completed (acc=0.8775, n=90)
[2026-07-26 03:48:36]   Round  31/50 | Avg: 0.8839 | Min: 0.7712 | Max: 0.9333
[2026-07-26 03:48:36] 2026-07-25 23:42:06 | INFO     | FEDMD — IID: round 32/50 starting
[2026-07-26 03:48:36] 2026-07-25 23:42:06 | INFO     | KDClient 0 fit round 32 (tier=small)
[2026-07-26 03:48:36] 2026-07-25 23:42:06 | INFO     | KDClient 0 round 32 public KD (epochs=2)
[2026-07-26 03:48:36] 2026-07-25 23:42:17 | INFO     | KDClient 0 round 32 local training (epochs=4)
[2026-07-26 03:48:36] 2026-07-25 23:42:29 | INFO     | KDClient 0 round 32 completed (acc=0.9333, n=90)
[2026-07-26 03:48:36] 2026-07-25 23:42:29 | INFO     | KDClient 1 fit round 32 (tier=small)
[2026-07-26 03:48:36] 2026-07-25 23:42:29 | INFO     | KDClient 1 round 32 public KD (epochs=2)
[2026-07-26 03:48:36] 2026-07-25 23:42:44 | INFO     | KDClient 1 round 32 local training (epochs=4)
[2026-07-26 03:48:36] 2026-07-25 23:42:54 | INFO     | KDClient 1 round 32 completed (acc=0.9297, n=90)
[2026-07-26 03:48:36] 2026-07-25 23:42:54 | INFO     | KDClient 2 fit round 32 (tier=small)
[2026-07-26 03:48:36] 2026-07-25 23:42:54 | INFO     | KDClient 2 round 32 public KD (epochs=2)
[2026-07-26 03:48:36] 2026-07-25 23:43:12 | INFO     | KDClient 2 round 32 local training (epochs=4)
[2026-07-26 03:48:36] 2026-07-25 23:43:26 | INFO     | KDClient 2 round 32 completed (acc=0.9297, n=90)
[2026-07-26 03:48:36] 2026-07-25 23:43:26 | INFO     | KDClient 3 fit round 32 (tier=small)
[2026-07-26 03:48:36] 2026-07-25 23:43:26 | INFO     | KDClient 3 round 32 public KD (epochs=2)
[2026-07-26 03:48:36] 2026-07-25 23:43:38 | INFO     | KDClient 3 round 32 local training (epochs=4)
[2026-07-26 03:48:36] 2026-07-25 23:43:47 | INFO     | KDClient 3 round 32 completed (acc=0.8775, n=90)
[2026-07-26 03:48:36] 2026-07-25 23:43:47 | INFO     | KDClient 4 fit round 32 (tier=small)
[2026-07-26 03:48:36] 2026-07-25 23:43:47 | INFO     | KDClient 4 round 32 public KD (epochs=2)
[2026-07-26 03:48:36] 2026-07-25 23:44:04 | INFO     | KDClient 4 round 32 local training (epochs=4)
[2026-07-26 03:48:36] 2026-07-25 23:44:13 | INFO     | KDClient 4 round 32 completed (acc=0.9297, n=90)
[2026-07-26 03:48:36] 2026-07-25 23:44:13 | INFO     | KDClient 5 fit round 32 (tier=small)
[2026-07-26 03:48:36] 2026-07-25 23:44:13 | INFO     | KDClient 5 round 32 public KD (epochs=2)
[2026-07-26 03:48:36] 2026-07-25 23:44:31 | INFO     | KDClient 5 round 32 local training (epochs=4)
[2026-07-26 03:48:36] 2026-07-25 23:44:45 | INFO     | KDClient 5 round 32 completed (acc=0.9207, n=90)
[2026-07-26 03:48:36] 2026-07-25 23:44:45 | INFO     | KDClient 6 fit round 32 (tier=small)
[2026-07-26 03:48:36] 2026-07-25 23:44:45 | INFO     | KDClient 6 round 32 public KD (epochs=2)
[2026-07-26 03:48:36] 2026-07-25 23:44:58 | INFO     | KDClient 6 round 32 local training (epochs=4)
[2026-07-26 03:48:36] 2026-07-25 23:45:13 | INFO     | KDClient 6 round 32 completed (acc=0.8667, n=90)
[2026-07-26 03:48:36] 2026-07-25 23:45:13 | INFO     | KDClient 7 fit round 32 (tier=medium)
[2026-07-26 03:48:36] 2026-07-25 23:45:13 | INFO     | KDClient 7 round 32 public KD (epochs=2)
[2026-07-26 03:48:36] 2026-07-25 23:46:18 | INFO     | KDClient 7 round 32 local training (epochs=4)
[2026-07-26 03:48:36] 2026-07-25 23:46:59 | INFO     | KDClient 7 round 32 completed (acc=0.8955, n=90)
[2026-07-26 03:48:36] 2026-07-25 23:46:59 | INFO     | KDClient 8 fit round 32 (tier=medium)
[2026-07-26 03:48:36] 2026-07-25 23:46:59 | INFO     | KDClient 8 round 32 public KD (epochs=2)
[2026-07-26 03:48:36] 2026-07-25 23:47:44 | INFO     | KDClient 8 round 32 local training (epochs=4)
[2026-07-26 03:48:36] 2026-07-25 23:48:16 | INFO     | KDClient 8 round 32 completed (acc=0.8721, n=90)
[2026-07-26 03:48:36] 2026-07-25 23:48:16 | INFO     | KDClient 9 fit round 32 (tier=medium)
[2026-07-26 03:48:36] 2026-07-25 23:48:16 | INFO     | KDClient 9 round 32 public KD (epochs=2)
[2026-07-26 03:48:36] 2026-07-25 23:48:57 | INFO     | KDClient 9 round 32 local training (epochs=4)
[2026-07-26 03:48:36] 2026-07-25 23:49:29 | INFO     | KDClient 9 round 32 completed (acc=0.8054, n=90)
[2026-07-26 03:48:36] 2026-07-25 23:49:29 | INFO     | KDClient 10 fit round 32 (tier=medium)
[2026-07-26 03:48:36] 2026-07-25 23:49:29 | INFO     | KDClient 10 round 32 public KD (epochs=2)
[2026-07-26 03:48:36] 2026-07-25 23:50:08 | INFO     | KDClient 10 round 32 local training (epochs=4)
[2026-07-26 03:48:36] 2026-07-25 23:50:44 | INFO     | KDClient 10 round 32 completed (acc=0.8324, n=90)
[2026-07-26 03:48:36] 2026-07-25 23:50:44 | INFO     | KDClient 11 fit round 32 (tier=medium)
[2026-07-26 03:48:36] 2026-07-25 23:50:44 | INFO     | KDClient 11 round 32 public KD (epochs=2)
[2026-07-26 03:48:36] 2026-07-25 23:51:46 | INFO     | KDClient 11 round 32 local training (epochs=4)
[2026-07-26 03:48:36] 2026-07-25 23:52:18 | INFO     | KDClient 11 round 32 completed (acc=0.8865, n=90)
[2026-07-26 03:48:36] 2026-07-25 23:52:18 | INFO     | KDClient 12 fit round 32 (tier=medium)
[2026-07-26 03:48:36] 2026-07-25 23:52:18 | INFO     | KDClient 12 round 32 public KD (epochs=2)
[2026-07-26 03:48:36] 2026-07-25 23:52:58 | INFO     | KDClient 12 round 32 local training (epochs=4)
[2026-07-26 03:48:36] 2026-07-25 23:53:27 | INFO     | KDClient 12 round 32 completed (acc=0.8793, n=90)
[2026-07-26 03:48:36] 2026-07-25 23:53:27 | INFO     | KDClient 13 fit round 32 (tier=medium)
[2026-07-26 03:48:36] 2026-07-25 23:53:27 | INFO     | KDClient 13 round 32 public KD (epochs=2)
[2026-07-26 03:48:36] 2026-07-25 23:54:03 | INFO     | KDClient 13 round 32 local training (epochs=4)
[2026-07-26 03:48:36] 2026-07-25 23:54:33 | INFO     | KDClient 13 round 32 completed (acc=0.9009, n=90)
[2026-07-26 03:48:36] 2026-07-25 23:54:33 | INFO     | KDClient 14 fit round 32 (tier=large)
[2026-07-26 03:48:36] 2026-07-25 23:54:33 | INFO     | KDClient 14 round 32 public KD (epochs=2)
[2026-07-26 03:48:36] 2026-07-25 23:55:31 | INFO     | KDClient 14 round 32 local training (epochs=4)
[2026-07-26 03:48:36] 2026-07-25 23:56:26 | INFO     | KDClient 14 round 32 completed (acc=0.8523, n=90)
[2026-07-26 03:48:36] 2026-07-25 23:56:26 | INFO     | KDClient 15 fit round 32 (tier=large)
[2026-07-26 03:48:36] 2026-07-25 23:56:26 | INFO     | KDClient 15 round 32 public KD (epochs=2)
[2026-07-26 03:48:36] 2026-07-25 23:57:28 | INFO     | KDClient 15 round 32 local training (epochs=4)
[2026-07-26 03:48:36] 2026-07-25 23:58:14 | INFO     | KDClient 15 round 32 completed (acc=0.8595, n=90)
[2026-07-26 03:48:36] 2026-07-25 23:58:14 | INFO     | KDClient 16 fit round 32 (tier=large)
[2026-07-26 03:48:36] 2026-07-25 23:58:14 | INFO     | KDClient 16 round 32 public KD (epochs=2)
[2026-07-26 03:48:36] 2026-07-25 23:59:17 | INFO     | KDClient 16 round 32 local training (epochs=4)
[2026-07-26 03:48:36] 2026-07-26 00:00:04 | INFO     | KDClient 16 round 32 completed (acc=0.9135, n=90)
[2026-07-26 03:48:36] 2026-07-26 00:00:04 | INFO     | KDClient 17 fit round 32 (tier=large)
[2026-07-26 03:48:36] 2026-07-26 00:00:04 | INFO     | KDClient 17 round 32 public KD (epochs=2)
[2026-07-26 03:48:36] 2026-07-26 00:01:08 | INFO     | KDClient 17 round 32 local training (epochs=4)
[2026-07-26 03:48:36] 2026-07-26 00:01:53 | INFO     | KDClient 17 round 32 completed (acc=0.8829, n=90)
[2026-07-26 03:48:36] 2026-07-26 00:01:53 | INFO     | KDClient 18 fit round 32 (tier=large)
[2026-07-26 03:48:36] 2026-07-26 00:01:53 | INFO     | KDClient 18 round 32 public KD (epochs=2)
[2026-07-26 03:48:36] 2026-07-26 00:03:08 | INFO     | KDClient 18 round 32 local training (epochs=4)
[2026-07-26 03:48:36] 2026-07-26 00:03:55 | INFO     | KDClient 18 round 32 completed (acc=0.8955, n=90)
[2026-07-26 03:48:36] 2026-07-26 00:03:55 | INFO     | KDClient 19 fit round 32 (tier=large)
[2026-07-26 03:48:36] 2026-07-26 00:03:55 | INFO     | KDClient 19 round 32 public KD (epochs=2)
[2026-07-26 03:48:36] 2026-07-26 00:05:06 | INFO     | KDClient 19 round 32 local training (epochs=4)
[2026-07-26 03:48:36] 2026-07-26 00:05:59 | INFO     | KDClient 19 round 32 completed (acc=0.8757, n=90)
[2026-07-26 03:48:36]   Round  32/50 | Avg: 0.8869 | Min: 0.8054 | Max: 0.9333
[2026-07-26 03:48:36] 2026-07-26 00:05:59 | INFO     | FEDMD — IID: round 33/50 starting
[2026-07-26 03:48:36] 2026-07-26 00:05:59 | INFO     | KDClient 0 fit round 33 (tier=small)
[2026-07-26 03:48:36] 2026-07-26 00:05:59 | INFO     | KDClient 0 round 33 public KD (epochs=2)
[2026-07-26 03:48:36] 2026-07-26 00:06:12 | INFO     | KDClient 0 round 33 local training (epochs=4)
[2026-07-26 03:48:36] 2026-07-26 00:06:24 | INFO     | KDClient 0 round 33 completed (acc=0.9297, n=90)
[2026-07-26 03:48:36] 2026-07-26 00:06:24 | INFO     | KDClient 1 fit round 33 (tier=small)
[2026-07-26 03:48:36] 2026-07-26 00:06:24 | INFO     | KDClient 1 round 33 public KD (epochs=2)
[2026-07-26 03:48:36] 2026-07-26 00:06:38 | INFO     | KDClient 1 round 33 local training (epochs=4)
[2026-07-26 03:48:36] 2026-07-26 00:06:50 | INFO     | KDClient 1 round 33 completed (acc=0.9333, n=90)
[2026-07-26 03:48:36] 2026-07-26 00:06:50 | INFO     | KDClient 2 fit round 33 (tier=small)
[2026-07-26 03:48:36] 2026-07-26 00:06:50 | INFO     | KDClient 2 round 33 public KD (epochs=2)
[2026-07-26 03:48:36] 2026-07-26 00:07:06 | INFO     | KDClient 2 round 33 local training (epochs=4)
[2026-07-26 03:48:36] 2026-07-26 00:07:19 | INFO     | KDClient 2 round 33 completed (acc=0.9117, n=90)
[2026-07-26 03:48:36] 2026-07-26 00:07:19 | INFO     | KDClient 3 fit round 33 (tier=small)
[2026-07-26 03:48:36] 2026-07-26 00:07:19 | INFO     | KDClient 3 round 33 public KD (epochs=2)
[2026-07-26 03:48:36] 2026-07-26 00:07:32 | INFO     | KDClient 3 round 33 local training (epochs=4)
[2026-07-26 03:48:36] 2026-07-26 00:07:44 | INFO     | KDClient 3 round 33 completed (acc=0.8955, n=90)
[2026-07-26 03:48:36] 2026-07-26 00:07:44 | INFO     | KDClient 4 fit round 33 (tier=small)
[2026-07-26 03:48:36] 2026-07-26 00:07:44 | INFO     | KDClient 4 round 33 public KD (epochs=2)
[2026-07-26 03:48:36] 2026-07-26 00:07:59 | INFO     | KDClient 4 round 33 local training (epochs=4)
[2026-07-26 03:48:36] 2026-07-26 00:08:11 | INFO     | KDClient 4 round 33 completed (acc=0.9225, n=90)
[2026-07-26 03:48:36] 2026-07-26 00:08:11 | INFO     | KDClient 5 fit round 33 (tier=small)
[2026-07-26 03:48:36] 2026-07-26 00:08:11 | INFO     | KDClient 5 round 33 public KD (epochs=2)
[2026-07-26 03:48:36] 2026-07-26 00:08:24 | INFO     | KDClient 5 round 33 local training (epochs=4)
[2026-07-26 03:48:36] 2026-07-26 00:08:39 | INFO     | KDClient 5 round 33 completed (acc=0.9315, n=90)
[2026-07-26 03:48:36] 2026-07-26 00:08:39 | INFO     | KDClient 6 fit round 33 (tier=small)
[2026-07-26 03:48:36] 2026-07-26 00:08:39 | INFO     | KDClient 6 round 33 public KD (epochs=2)
[2026-07-26 03:48:36] 2026-07-26 00:08:57 | INFO     | KDClient 6 round 33 local training (epochs=4)
[2026-07-26 03:48:36] 2026-07-26 00:09:11 | INFO     | KDClient 6 round 33 completed (acc=0.8721, n=90)
[2026-07-26 03:48:36] 2026-07-26 00:09:11 | INFO     | KDClient 7 fit round 33 (tier=medium)
[2026-07-26 03:48:36] 2026-07-26 00:09:11 | INFO     | KDClient 7 round 33 public KD (epochs=2)
[2026-07-26 03:48:36] 2026-07-26 00:09:57 | INFO     | KDClient 7 round 33 local training (epochs=4)
[2026-07-26 03:48:36] 2026-07-26 00:10:35 | INFO     | KDClient 7 round 33 completed (acc=0.8955, n=90)
[2026-07-26 03:48:36] 2026-07-26 00:10:35 | INFO     | KDClient 8 fit round 33 (tier=medium)
[2026-07-26 03:48:36] 2026-07-26 00:10:35 | INFO     | KDClient 8 round 33 public KD (epochs=2)
[2026-07-26 03:48:36] 2026-07-26 00:11:20 | INFO     | KDClient 8 round 33 local training (epochs=4)
[2026-07-26 03:48:36] 2026-07-26 00:11:54 | INFO     | KDClient 8 round 33 completed (acc=0.8288, n=90)
[2026-07-26 03:48:36] 2026-07-26 00:11:54 | INFO     | KDClient 9 fit round 33 (tier=medium)
[2026-07-26 03:48:36] 2026-07-26 00:11:54 | INFO     | KDClient 9 round 33 public KD (epochs=2)
[2026-07-26 03:48:36] 2026-07-26 00:12:31 | INFO     | KDClient 9 round 33 local training (epochs=4)
[2026-07-26 03:48:36] 2026-07-26 00:12:52 | INFO     | KDClient 9 round 33 completed (acc=0.8090, n=90)
[2026-07-26 03:48:36] 2026-07-26 00:12:52 | INFO     | KDClient 10 fit round 33 (tier=medium)
[2026-07-26 03:48:36] 2026-07-26 00:12:52 | INFO     | KDClient 10 round 33 public KD (epochs=2)
[2026-07-26 03:48:36] 2026-07-26 00:13:27 | INFO     | KDClient 10 round 33 local training (epochs=4)
[2026-07-26 03:48:36] 2026-07-26 00:13:52 | INFO     | KDClient 10 round 33 completed (acc=0.8793, n=90)
[2026-07-26 03:48:36] 2026-07-26 00:13:52 | INFO     | KDClient 11 fit round 33 (tier=medium)
[2026-07-26 03:48:36] 2026-07-26 00:13:52 | INFO     | KDClient 11 round 33 public KD (epochs=2)
[2026-07-26 03:48:36] 2026-07-26 00:14:30 | INFO     | KDClient 11 round 33 local training (epochs=4)
[2026-07-26 03:48:36] 2026-07-26 00:15:00 | INFO     | KDClient 11 round 33 completed (acc=0.8955, n=90)
[2026-07-26 03:48:36] 2026-07-26 00:15:00 | INFO     | KDClient 12 fit round 33 (tier=medium)
[2026-07-26 03:48:36] 2026-07-26 00:15:00 | INFO     | KDClient 12 round 33 public KD (epochs=2)
[2026-07-26 03:48:36] 2026-07-26 00:15:39 | INFO     | KDClient 12 round 33 local training (epochs=4)
[2026-07-26 03:48:36] 2026-07-26 00:16:11 | INFO     | KDClient 12 round 33 completed (acc=0.8901, n=90)
[2026-07-26 03:48:36] 2026-07-26 00:16:11 | INFO     | KDClient 13 fit round 33 (tier=medium)
[2026-07-26 03:48:36] 2026-07-26 00:16:11 | INFO     | KDClient 13 round 33 public KD (epochs=2)
[2026-07-26 03:48:36] 2026-07-26 00:16:51 | INFO     | KDClient 13 round 33 local training (epochs=4)
[2026-07-26 03:48:36] 2026-07-26 00:17:18 | INFO     | KDClient 13 round 33 completed (acc=0.8973, n=90)
[2026-07-26 03:48:36] 2026-07-26 00:17:18 | INFO     | KDClient 14 fit round 33 (tier=large)
[2026-07-26 03:48:36] 2026-07-26 00:17:18 | INFO     | KDClient 14 round 33 public KD (epochs=2)
[2026-07-26 03:48:36] 2026-07-26 00:18:19 | INFO     | KDClient 14 round 33 local training (epochs=4)
[2026-07-26 03:48:36] 2026-07-26 00:19:02 | INFO     | KDClient 14 round 33 completed (acc=0.9099, n=90)
[2026-07-26 03:48:36] 2026-07-26 00:19:02 | INFO     | KDClient 15 fit round 33 (tier=large)
[2026-07-26 03:48:36] 2026-07-26 00:19:02 | INFO     | KDClient 15 round 33 public KD (epochs=2)
[2026-07-26 03:48:36] 2026-07-26 00:19:58 | INFO     | KDClient 15 round 33 local training (epochs=4)
[2026-07-26 03:48:36] 2026-07-26 00:20:45 | INFO     | KDClient 15 round 33 completed (acc=0.8486, n=90)
[2026-07-26 03:48:36] 2026-07-26 00:20:45 | INFO     | KDClient 16 fit round 33 (tier=large)
[2026-07-26 03:48:36] 2026-07-26 00:20:45 | INFO     | KDClient 16 round 33 public KD (epochs=2)
[2026-07-26 03:48:36] 2026-07-26 00:21:55 | INFO     | KDClient 16 round 33 local training (epochs=4)
[2026-07-26 03:48:36] 2026-07-26 00:22:53 | INFO     | KDClient 16 round 33 completed (acc=0.9207, n=90)
[2026-07-26 03:48:36] 2026-07-26 00:22:53 | INFO     | KDClient 17 fit round 33 (tier=large)
[2026-07-26 03:48:36] 2026-07-26 00:22:53 | INFO     | KDClient 17 round 33 public KD (epochs=2)
[2026-07-26 03:48:36] 2026-07-26 00:23:57 | INFO     | KDClient 17 round 33 local training (epochs=4)
[2026-07-26 03:48:36] 2026-07-26 00:25:00 | INFO     | KDClient 17 round 33 completed (acc=0.8198, n=90)
[2026-07-26 03:48:36] 2026-07-26 00:25:00 | INFO     | KDClient 18 fit round 33 (tier=large)
[2026-07-26 03:48:36] 2026-07-26 00:25:00 | INFO     | KDClient 18 round 33 public KD (epochs=2)
[2026-07-26 03:48:36] 2026-07-26 00:26:11 | INFO     | KDClient 18 round 33 local training (epochs=4)
[2026-07-26 03:48:36] 2026-07-26 00:27:17 | INFO     | KDClient 18 round 33 completed (acc=0.8847, n=90)
[2026-07-26 03:48:36] 2026-07-26 00:27:17 | INFO     | KDClient 19 fit round 33 (tier=large)
[2026-07-26 03:48:36] 2026-07-26 00:27:17 | INFO     | KDClient 19 round 33 public KD (epochs=2)
[2026-07-26 03:48:36] 2026-07-26 00:28:25 | INFO     | KDClient 19 round 33 local training (epochs=4)
[2026-07-26 03:48:36] 2026-07-26 00:29:16 | INFO     | KDClient 19 round 33 completed (acc=0.8757, n=90)
[2026-07-26 03:48:36]   Round  33/50 | Avg: 0.8876 | Min: 0.8090 | Max: 0.9333
[2026-07-26 03:48:36] 2026-07-26 00:29:16 | INFO     | FEDMD — IID: round 34/50 starting
[2026-07-26 03:48:36] 2026-07-26 00:29:16 | INFO     | KDClient 0 fit round 34 (tier=small)
[2026-07-26 03:48:36] 2026-07-26 00:29:16 | INFO     | KDClient 0 round 34 public KD (epochs=2)
[2026-07-26 03:48:36] 2026-07-26 00:29:30 | INFO     | KDClient 0 round 34 local training (epochs=4)
[2026-07-26 03:48:36] 2026-07-26 00:29:44 | INFO     | KDClient 0 round 34 completed (acc=0.9297, n=90)
[2026-07-26 03:48:36] 2026-07-26 00:29:44 | INFO     | KDClient 1 fit round 34 (tier=small)
[2026-07-26 03:48:36] 2026-07-26 00:29:44 | INFO     | KDClient 1 round 34 public KD (epochs=2)
[2026-07-26 03:48:36] 2026-07-26 00:30:03 | INFO     | KDClient 1 round 34 local training (epochs=4)
[2026-07-26 03:48:36] 2026-07-26 00:30:22 | INFO     | KDClient 1 round 34 completed (acc=0.9333, n=90)
[2026-07-26 03:48:36] 2026-07-26 00:30:22 | INFO     | KDClient 2 fit round 34 (tier=small)
[2026-07-26 03:48:36] 2026-07-26 00:30:22 | INFO     | KDClient 2 round 34 public KD (epochs=2)
[2026-07-26 03:48:36] 2026-07-26 00:30:37 | INFO     | KDClient 2 round 34 local training (epochs=4)
[2026-07-26 03:48:36] 2026-07-26 00:30:49 | INFO     | KDClient 2 round 34 completed (acc=0.9243, n=90)
[2026-07-26 03:48:36] 2026-07-26 00:30:49 | INFO     | KDClient 3 fit round 34 (tier=small)
[2026-07-26 03:48:36] 2026-07-26 00:30:49 | INFO     | KDClient 3 round 34 public KD (epochs=2)
[2026-07-26 03:48:36] 2026-07-26 00:31:02 | INFO     | KDClient 3 round 34 local training (epochs=4)
[2026-07-26 03:48:36] 2026-07-26 00:31:12 | INFO     | KDClient 3 round 34 completed (acc=0.8793, n=90)
[2026-07-26 03:48:36] 2026-07-26 00:31:12 | INFO     | KDClient 4 fit round 34 (tier=small)
[2026-07-26 03:48:36] 2026-07-26 00:31:12 | INFO     | KDClient 4 round 34 public KD (epochs=2)
[2026-07-26 03:48:36] 2026-07-26 00:31:26 | INFO     | KDClient 4 round 34 local training (epochs=4)
[2026-07-26 03:48:36] 2026-07-26 00:31:41 | INFO     | KDClient 4 round 34 completed (acc=0.9171, n=90)
[2026-07-26 03:48:36] 2026-07-26 00:31:41 | INFO     | KDClient 5 fit round 34 (tier=small)
[2026-07-26 03:48:36] 2026-07-26 00:31:41 | INFO     | KDClient 5 round 34 public KD (epochs=2)
[2026-07-26 03:48:36] 2026-07-26 00:31:56 | INFO     | KDClient 5 round 34 local training (epochs=4)
[2026-07-26 03:48:36] 2026-07-26 00:32:11 | INFO     | KDClient 5 round 34 completed (acc=0.9135, n=90)
[2026-07-26 03:48:36] 2026-07-26 00:32:11 | INFO     | KDClient 6 fit round 34 (tier=small)
[2026-07-26 03:48:36] 2026-07-26 00:32:11 | INFO     | KDClient 6 round 34 public KD (epochs=2)
[2026-07-26 03:48:36] 2026-07-26 00:32:25 | INFO     | KDClient 6 round 34 local training (epochs=4)
[2026-07-26 03:48:36] 2026-07-26 00:32:37 | INFO     | KDClient 6 round 34 completed (acc=0.8613, n=90)
[2026-07-26 03:48:36] 2026-07-26 00:32:37 | INFO     | KDClient 7 fit round 34 (tier=medium)
[2026-07-26 03:48:36] 2026-07-26 00:32:37 | INFO     | KDClient 7 round 34 public KD (epochs=2)
[2026-07-26 03:48:36] 2026-07-26 00:33:40 | INFO     | KDClient 7 round 34 local training (epochs=4)
[2026-07-26 03:48:36] 2026-07-26 00:34:22 | INFO     | KDClient 7 round 34 completed (acc=0.8685, n=90)
[2026-07-26 03:48:36] 2026-07-26 00:34:22 | INFO     | KDClient 8 fit round 34 (tier=medium)
[2026-07-26 03:48:36] 2026-07-26 00:34:22 | INFO     | KDClient 8 round 34 public KD (epochs=2)
[2026-07-26 03:48:36] 2026-07-26 00:35:07 | INFO     | KDClient 8 round 34 local training (epochs=4)
[2026-07-26 03:48:36] 2026-07-26 00:35:44 | INFO     | KDClient 8 round 34 completed (acc=0.8396, n=90)
[2026-07-26 03:48:36] 2026-07-26 00:35:44 | INFO     | KDClient 9 fit round 34 (tier=medium)
[2026-07-26 03:48:36] 2026-07-26 00:35:44 | INFO     | KDClient 9 round 34 public KD (epochs=2)
[2026-07-26 03:48:36] 2026-07-26 00:36:25 | INFO     | KDClient 9 round 34 local training (epochs=4)
[2026-07-26 03:48:36] 2026-07-26 00:36:54 | INFO     | KDClient 9 round 34 completed (acc=0.8072, n=90)
[2026-07-26 03:48:36] 2026-07-26 00:36:54 | INFO     | KDClient 10 fit round 34 (tier=medium)
[2026-07-26 03:48:36] 2026-07-26 00:36:54 | INFO     | KDClient 10 round 34 public KD (epochs=2)
[2026-07-26 03:48:36] 2026-07-26 00:37:35 | INFO     | KDClient 10 round 34 local training (epochs=4)
[2026-07-26 03:48:36] 2026-07-26 00:38:11 | INFO     | KDClient 10 round 34 completed (acc=0.8937, n=90)
[2026-07-26 03:48:36] 2026-07-26 00:38:11 | INFO     | KDClient 11 fit round 34 (tier=medium)
[2026-07-26 03:48:36] 2026-07-26 00:38:11 | INFO     | KDClient 11 round 34 public KD (epochs=2)
[2026-07-26 03:48:36] 2026-07-26 00:39:13 | INFO     | KDClient 11 round 34 local training (epochs=4)
[2026-07-26 03:48:36] 2026-07-26 00:39:45 | INFO     | KDClient 11 round 34 completed (acc=0.8847, n=90)
[2026-07-26 03:48:36] 2026-07-26 00:39:45 | INFO     | KDClient 12 fit round 34 (tier=medium)
[2026-07-26 03:48:36] 2026-07-26 00:39:45 | INFO     | KDClient 12 round 34 public KD (epochs=2)
[2026-07-26 03:48:36] 2026-07-26 00:40:25 | INFO     | KDClient 12 round 34 local training (epochs=4)
[2026-07-26 03:48:36] 2026-07-26 00:40:52 | INFO     | KDClient 12 round 34 completed (acc=0.8757, n=90)
[2026-07-26 03:48:36] 2026-07-26 00:40:52 | INFO     | KDClient 13 fit round 34 (tier=medium)
[2026-07-26 03:48:36] 2026-07-26 00:40:52 | INFO     | KDClient 13 round 34 public KD (epochs=2)
[2026-07-26 03:48:36] 2026-07-26 00:41:25 | INFO     | KDClient 13 round 34 local training (epochs=4)
[2026-07-26 03:48:36] 2026-07-26 00:41:52 | INFO     | KDClient 13 round 34 completed (acc=0.9045, n=90)
[2026-07-26 03:48:36] 2026-07-26 00:41:52 | INFO     | KDClient 14 fit round 34 (tier=large)
[2026-07-26 03:48:36] 2026-07-26 00:41:52 | INFO     | KDClient 14 round 34 public KD (epochs=2)
[2026-07-26 03:48:36] 2026-07-26 00:42:43 | INFO     | KDClient 14 round 34 local training (epochs=4)
[2026-07-26 03:48:36] 2026-07-26 00:43:22 | INFO     | KDClient 14 round 34 completed (acc=0.8901, n=90)
[2026-07-26 03:48:36] 2026-07-26 00:43:22 | INFO     | KDClient 15 fit round 34 (tier=large)
[2026-07-26 03:48:36] 2026-07-26 00:43:22 | INFO     | KDClient 15 round 34 public KD (epochs=2)
[2026-07-26 03:48:36] 2026-07-26 00:44:22 | INFO     | KDClient 15 round 34 local training (epochs=4)
[2026-07-26 03:48:36] 2026-07-26 00:45:06 | INFO     | KDClient 15 round 34 completed (acc=0.8793, n=90)
[2026-07-26 03:48:36] 2026-07-26 00:45:06 | INFO     | KDClient 16 fit round 34 (tier=large)
[2026-07-26 03:48:36] 2026-07-26 00:45:06 | INFO     | KDClient 16 round 34 public KD (epochs=2)
[2026-07-26 03:48:36] 2026-07-26 00:46:09 | INFO     | KDClient 16 round 34 local training (epochs=4)
[2026-07-26 03:48:36] 2026-07-26 00:46:59 | INFO     | KDClient 16 round 34 completed (acc=0.9171, n=90)
[2026-07-26 03:48:36] 2026-07-26 00:46:59 | INFO     | KDClient 17 fit round 34 (tier=large)
[2026-07-26 03:48:36] 2026-07-26 00:46:59 | INFO     | KDClient 17 round 34 public KD (epochs=2)
[2026-07-26 03:48:36] 2026-07-26 00:47:58 | INFO     | KDClient 17 round 34 local training (epochs=4)
[2026-07-26 03:48:36] 2026-07-26 00:48:56 | INFO     | KDClient 17 round 34 completed (acc=0.8703, n=90)
[2026-07-26 03:48:36] 2026-07-26 00:48:56 | INFO     | KDClient 18 fit round 34 (tier=large)
[2026-07-26 03:48:36] 2026-07-26 00:48:56 | INFO     | KDClient 18 round 34 public KD (epochs=2)
[2026-07-26 03:48:36] 2026-07-26 00:50:00 | INFO     | KDClient 18 round 34 local training (epochs=4)
[2026-07-26 03:48:36] 2026-07-26 00:51:00 | INFO     | KDClient 18 round 34 completed (acc=0.8955, n=90)
[2026-07-26 03:48:36] 2026-07-26 00:51:00 | INFO     | KDClient 19 fit round 34 (tier=large)
[2026-07-26 03:48:36] 2026-07-26 00:51:00 | INFO     | KDClient 19 round 34 public KD (epochs=2)
[2026-07-26 03:48:36] 2026-07-26 00:52:15 | INFO     | KDClient 19 round 34 local training (epochs=4)
[2026-07-26 03:48:36] 2026-07-26 00:53:14 | INFO     | KDClient 19 round 34 completed (acc=0.8919, n=90)
[2026-07-26 03:48:36]   Round  34/50 | Avg: 0.8888 | Min: 0.8072 | Max: 0.9333
[2026-07-26 03:48:36] 2026-07-26 00:53:14 | INFO     | FEDMD — IID: round 35/50 starting
[2026-07-26 03:48:36] 2026-07-26 00:53:14 | INFO     | KDClient 0 fit round 35 (tier=small)
[2026-07-26 03:48:36] 2026-07-26 00:53:14 | INFO     | KDClient 0 round 35 public KD (epochs=2)
[2026-07-26 03:48:36] 2026-07-26 00:53:27 | INFO     | KDClient 0 round 35 local training (epochs=4)
[2026-07-26 03:48:36] 2026-07-26 00:53:39 | INFO     | KDClient 0 round 35 completed (acc=0.9225, n=90)
[2026-07-26 03:48:36] 2026-07-26 00:53:39 | INFO     | KDClient 1 fit round 35 (tier=small)
[2026-07-26 03:48:36] 2026-07-26 00:53:39 | INFO     | KDClient 1 round 35 public KD (epochs=2)
[2026-07-26 03:48:36] 2026-07-26 00:53:53 | INFO     | KDClient 1 round 35 local training (epochs=4)
[2026-07-26 03:48:36] 2026-07-26 00:54:07 | INFO     | KDClient 1 round 35 completed (acc=0.9333, n=90)
[2026-07-26 03:48:36] 2026-07-26 00:54:07 | INFO     | KDClient 2 fit round 35 (tier=small)
[2026-07-26 03:48:36] 2026-07-26 00:54:07 | INFO     | KDClient 2 round 35 public KD (epochs=2)
[2026-07-26 03:48:36] 2026-07-26 00:54:22 | INFO     | KDClient 2 round 35 local training (epochs=4)
[2026-07-26 03:48:36] 2026-07-26 00:54:35 | INFO     | KDClient 2 round 35 completed (acc=0.9243, n=90)
[2026-07-26 03:48:36] 2026-07-26 00:54:35 | INFO     | KDClient 3 fit round 35 (tier=small)
[2026-07-26 03:48:36] 2026-07-26 00:54:35 | INFO     | KDClient 3 round 35 public KD (epochs=2)
[2026-07-26 03:48:36] 2026-07-26 00:54:52 | INFO     | KDClient 3 round 35 local training (epochs=4)
[2026-07-26 03:48:36] 2026-07-26 00:55:06 | INFO     | KDClient 3 round 35 completed (acc=0.8973, n=90)
[2026-07-26 03:48:36] 2026-07-26 00:55:06 | INFO     | KDClient 4 fit round 35 (tier=small)
[2026-07-26 03:48:36] 2026-07-26 00:55:06 | INFO     | KDClient 4 round 35 public KD (epochs=2)
[2026-07-26 03:48:36] 2026-07-26 00:55:20 | INFO     | KDClient 4 round 35 local training (epochs=4)
[2026-07-26 03:48:36] 2026-07-26 00:55:31 | INFO     | KDClient 4 round 35 completed (acc=0.9207, n=90)
[2026-07-26 03:48:36] 2026-07-26 00:55:31 | INFO     | KDClient 5 fit round 35 (tier=small)
[2026-07-26 03:48:36] 2026-07-26 00:55:31 | INFO     | KDClient 5 round 35 public KD (epochs=2)
[2026-07-26 03:48:36] 2026-07-26 00:55:49 | INFO     | KDClient 5 round 35 local training (epochs=4)
[2026-07-26 03:48:36] 2026-07-26 00:56:02 | INFO     | KDClient 5 round 35 completed (acc=0.9171, n=90)
[2026-07-26 03:48:36] 2026-07-26 00:56:02 | INFO     | KDClient 6 fit round 35 (tier=small)
[2026-07-26 03:48:36] 2026-07-26 00:56:02 | INFO     | KDClient 6 round 35 public KD (epochs=2)
[2026-07-26 03:48:36] 2026-07-26 00:56:21 | INFO     | KDClient 6 round 35 local training (epochs=4)
[2026-07-26 03:48:36] 2026-07-26 00:56:36 | INFO     | KDClient 6 round 35 completed (acc=0.8450, n=90)
[2026-07-26 03:48:36] 2026-07-26 00:56:36 | INFO     | KDClient 7 fit round 35 (tier=medium)
[2026-07-26 03:48:36] 2026-07-26 00:56:36 | INFO     | KDClient 7 round 35 public KD (epochs=2)
[2026-07-26 03:48:36] 2026-07-26 00:57:58 | INFO     | KDClient 7 round 35 local training (epochs=4)
[2026-07-26 03:48:36] 2026-07-26 00:58:37 | INFO     | KDClient 7 round 35 completed (acc=0.8703, n=90)
[2026-07-26 03:48:36] 2026-07-26 00:58:37 | INFO     | KDClient 8 fit round 35 (tier=medium)
[2026-07-26 03:48:36] 2026-07-26 00:58:37 | INFO     | KDClient 8 round 35 public KD (epochs=2)
[2026-07-26 03:48:36] 2026-07-26 00:59:17 | INFO     | KDClient 8 round 35 local training (epochs=4)
[2026-07-26 03:48:36] 2026-07-26 00:59:48 | INFO     | KDClient 8 round 35 completed (acc=0.8739, n=90)
[2026-07-26 03:48:36] 2026-07-26 00:59:48 | INFO     | KDClient 9 fit round 35 (tier=medium)
[2026-07-26 03:48:36] 2026-07-26 00:59:48 | INFO     | KDClient 9 round 35 public KD (epochs=2)
[2026-07-26 03:48:36] 2026-07-26 01:00:29 | INFO     | KDClient 9 round 35 local training (epochs=4)
[2026-07-26 03:48:36] 2026-07-26 01:01:00 | INFO     | KDClient 9 round 35 completed (acc=0.8252, n=90)
[2026-07-26 03:48:36] 2026-07-26 01:01:00 | INFO     | KDClient 10 fit round 35 (tier=medium)
[2026-07-26 03:48:36] 2026-07-26 01:01:00 | INFO     | KDClient 10 round 35 public KD (epochs=2)
[2026-07-26 03:48:36] 2026-07-26 01:02:03 | INFO     | KDClient 10 round 35 local training (epochs=4)
[2026-07-26 03:48:36] 2026-07-26 01:02:35 | INFO     | KDClient 10 round 35 completed (acc=0.8360, n=90)
[2026-07-26 03:48:36] 2026-07-26 01:02:35 | INFO     | KDClient 11 fit round 35 (tier=medium)
[2026-07-26 03:48:36] 2026-07-26 01:02:35 | INFO     | KDClient 11 round 35 public KD (epochs=2)
[2026-07-26 03:48:36] 2026-07-26 01:03:15 | INFO     | KDClient 11 round 35 local training (epochs=4)
[2026-07-26 03:48:36] 2026-07-26 01:03:46 | INFO     | KDClient 11 round 35 completed (acc=0.8793, n=90)
[2026-07-26 03:48:36] 2026-07-26 01:03:46 | INFO     | KDClient 12 fit round 35 (tier=medium)
[2026-07-26 03:48:36] 2026-07-26 01:03:46 | INFO     | KDClient 12 round 35 public KD (epochs=2)
[2026-07-26 03:48:36] 2026-07-26 01:04:25 | INFO     | KDClient 12 round 35 local training (epochs=4)
[2026-07-26 03:48:36] 2026-07-26 01:04:58 | INFO     | KDClient 12 round 35 completed (acc=0.8739, n=90)
[2026-07-26 03:48:36] 2026-07-26 01:04:58 | INFO     | KDClient 13 fit round 35 (tier=medium)
[2026-07-26 03:48:36] 2026-07-26 01:04:58 | INFO     | KDClient 13 round 35 public KD (epochs=2)
[2026-07-26 03:48:36] 2026-07-26 01:05:34 | INFO     | KDClient 13 round 35 local training (epochs=4)
[2026-07-26 03:48:36] 2026-07-26 01:06:09 | INFO     | KDClient 13 round 35 completed (acc=0.8865, n=90)
[2026-07-26 03:48:36] 2026-07-26 01:06:09 | INFO     | KDClient 14 fit round 35 (tier=large)
[2026-07-26 03:48:36] 2026-07-26 01:06:09 | INFO     | KDClient 14 round 35 public KD (epochs=2)
[2026-07-26 03:48:36] 2026-07-26 01:07:03 | INFO     | KDClient 14 round 35 local training (epochs=4)
[2026-07-26 03:48:36] 2026-07-26 01:07:46 | INFO     | KDClient 14 round 35 completed (acc=0.8541, n=90)
[2026-07-26 03:48:36] 2026-07-26 01:07:46 | INFO     | KDClient 15 fit round 35 (tier=large)
[2026-07-26 03:48:36] 2026-07-26 01:07:46 | INFO     | KDClient 15 round 35 public KD (epochs=2)
[2026-07-26 03:48:36] 2026-07-26 01:08:49 | INFO     | KDClient 15 round 35 local training (epochs=4)
[2026-07-26 03:48:36] 2026-07-26 01:09:41 | INFO     | KDClient 15 round 35 completed (acc=0.8595, n=90)
[2026-07-26 03:48:36] 2026-07-26 01:09:41 | INFO     | KDClient 16 fit round 35 (tier=large)
[2026-07-26 03:48:36] 2026-07-26 01:09:41 | INFO     | KDClient 16 round 35 public KD (epochs=2)
[2026-07-26 03:48:36] 2026-07-26 01:11:03 | INFO     | KDClient 16 round 35 local training (epochs=4)
[2026-07-26 03:48:36] 2026-07-26 01:11:55 | INFO     | KDClient 16 round 35 completed (acc=0.9279, n=90)
[2026-07-26 03:48:36] 2026-07-26 01:11:55 | INFO     | KDClient 17 fit round 35 (tier=large)
[2026-07-26 03:48:36] 2026-07-26 01:11:55 | INFO     | KDClient 17 round 35 public KD (epochs=2)
[2026-07-26 03:48:36] 2026-07-26 01:13:06 | INFO     | KDClient 17 round 35 local training (epochs=4)
[2026-07-26 03:48:36] 2026-07-26 01:13:58 | INFO     | KDClient 17 round 35 completed (acc=0.8559, n=90)
[2026-07-26 03:48:36] 2026-07-26 01:13:58 | INFO     | KDClient 18 fit round 35 (tier=large)
[2026-07-26 03:48:36] 2026-07-26 01:13:58 | INFO     | KDClient 18 round 35 public KD (epochs=2)
[2026-07-26 03:48:36] 2026-07-26 01:15:05 | INFO     | KDClient 18 round 35 local training (epochs=4)
[2026-07-26 03:48:36] 2026-07-26 01:15:55 | INFO     | KDClient 18 round 35 completed (acc=0.8775, n=90)
[2026-07-26 03:48:36] 2026-07-26 01:15:55 | INFO     | KDClient 19 fit round 35 (tier=large)
[2026-07-26 03:48:36] 2026-07-26 01:15:55 | INFO     | KDClient 19 round 35 public KD (epochs=2)
[2026-07-26 03:48:36] 2026-07-26 01:17:06 | INFO     | KDClient 19 round 35 local training (epochs=4)
[2026-07-26 03:48:36] 2026-07-26 01:17:59 | INFO     | KDClient 19 round 35 completed (acc=0.8739, n=90)
[2026-07-26 03:48:36]   Round  35/50 | Avg: 0.8827 | Min: 0.8252 | Max: 0.9333
[2026-07-26 03:48:36] 2026-07-26 01:17:59 | INFO     | FEDMD — IID: round 36/50 starting
[2026-07-26 03:48:36] 2026-07-26 01:17:59 | INFO     | KDClient 0 fit round 36 (tier=small)
[2026-07-26 03:48:36] 2026-07-26 01:17:59 | INFO     | KDClient 0 round 36 public KD (epochs=2)
[2026-07-26 03:48:36] 2026-07-26 01:18:14 | INFO     | KDClient 0 round 36 local training (epochs=4)
[2026-07-26 03:48:36] 2026-07-26 01:18:26 | INFO     | KDClient 0 round 36 completed (acc=0.9279, n=90)
[2026-07-26 03:48:36] 2026-07-26 01:18:26 | INFO     | KDClient 1 fit round 36 (tier=small)
[2026-07-26 03:48:36] 2026-07-26 01:18:26 | INFO     | KDClient 1 round 36 public KD (epochs=2)
[2026-07-26 03:48:36] 2026-07-26 01:18:40 | INFO     | KDClient 1 round 36 local training (epochs=4)
[2026-07-26 03:48:36] 2026-07-26 01:18:53 | INFO     | KDClient 1 round 36 completed (acc=0.9297, n=90)
[2026-07-26 03:48:36] 2026-07-26 01:18:53 | INFO     | KDClient 2 fit round 36 (tier=small)
[2026-07-26 03:48:36] 2026-07-26 01:18:53 | INFO     | KDClient 2 round 36 public KD (epochs=2)
[2026-07-26 03:48:36] 2026-07-26 01:19:07 | INFO     | KDClient 2 round 36 local training (epochs=4)
[2026-07-26 03:48:36] 2026-07-26 01:19:21 | INFO     | KDClient 2 round 36 completed (acc=0.9297, n=90)
[2026-07-26 03:48:36] 2026-07-26 01:19:21 | INFO     | KDClient 3 fit round 36 (tier=small)
[2026-07-26 03:48:36] 2026-07-26 01:19:21 | INFO     | KDClient 3 round 36 public KD (epochs=2)
[2026-07-26 03:48:36] 2026-07-26 01:19:38 | INFO     | KDClient 3 round 36 local training (epochs=4)
[2026-07-26 03:48:36] 2026-07-26 01:19:54 | INFO     | KDClient 3 round 36 completed (acc=0.8883, n=90)
[2026-07-26 03:48:36] 2026-07-26 01:19:54 | INFO     | KDClient 4 fit round 36 (tier=small)
[2026-07-26 03:48:36] 2026-07-26 01:19:54 | INFO     | KDClient 4 round 36 public KD (epochs=2)
[2026-07-26 03:48:36] 2026-07-26 01:20:09 | INFO     | KDClient 4 round 36 local training (epochs=4)
[2026-07-26 03:48:36] 2026-07-26 01:20:22 | INFO     | KDClient 4 round 36 completed (acc=0.9153, n=90)
[2026-07-26 03:48:36] 2026-07-26 01:20:22 | INFO     | KDClient 5 fit round 36 (tier=small)
[2026-07-26 03:48:36] 2026-07-26 01:20:22 | INFO     | KDClient 5 round 36 public KD (epochs=2)
[2026-07-26 03:48:36] 2026-07-26 01:20:40 | INFO     | KDClient 5 round 36 local training (epochs=4)
[2026-07-26 03:48:36] 2026-07-26 01:20:56 | INFO     | KDClient 5 round 36 completed (acc=0.9081, n=90)
[2026-07-26 03:48:36] 2026-07-26 01:20:56 | INFO     | KDClient 6 fit round 36 (tier=small)
[2026-07-26 03:48:36] 2026-07-26 01:20:56 | INFO     | KDClient 6 round 36 public KD (epochs=2)
[2026-07-26 03:48:36] 2026-07-26 01:21:15 | INFO     | KDClient 6 round 36 local training (epochs=4)
[2026-07-26 03:48:36] 2026-07-26 01:21:30 | INFO     | KDClient 6 round 36 completed (acc=0.8180, n=90)
[2026-07-26 03:48:36] 2026-07-26 01:21:30 | INFO     | KDClient 7 fit round 36 (tier=medium)
[2026-07-26 03:48:36] 2026-07-26 01:21:30 | INFO     | KDClient 7 round 36 public KD (epochs=2)
[2026-07-26 03:48:36] 2026-07-26 01:22:34 | INFO     | KDClient 7 round 36 local training (epochs=4)
[2026-07-26 03:48:36] 2026-07-26 01:23:10 | INFO     | KDClient 7 round 36 completed (acc=0.8865, n=90)
[2026-07-26 03:48:36] 2026-07-26 01:23:10 | INFO     | KDClient 8 fit round 36 (tier=medium)
[2026-07-26 03:48:36] 2026-07-26 01:23:10 | INFO     | KDClient 8 round 36 public KD (epochs=2)
[2026-07-26 03:48:36] 2026-07-26 01:23:52 | INFO     | KDClient 8 round 36 local training (epochs=4)
[2026-07-26 03:48:36] 2026-07-26 01:24:23 | INFO     | KDClient 8 round 36 completed (acc=0.8775, n=90)
[2026-07-26 03:48:36] 2026-07-26 01:24:23 | INFO     | KDClient 9 fit round 36 (tier=medium)
[2026-07-26 03:48:36] 2026-07-26 01:24:23 | INFO     | KDClient 9 round 36 public KD (epochs=2)
[2026-07-26 03:48:36] 2026-07-26 01:25:04 | INFO     | KDClient 9 round 36 local training (epochs=4)
[2026-07-26 03:48:36] 2026-07-26 01:25:35 | INFO     | KDClient 9 round 36 completed (acc=0.8198, n=90)
[2026-07-26 03:48:36] 2026-07-26 01:25:35 | INFO     | KDClient 10 fit round 36 (tier=medium)
[2026-07-26 03:48:36] 2026-07-26 01:25:35 | INFO     | KDClient 10 round 36 public KD (epochs=2)
[2026-07-26 03:48:36] 2026-07-26 01:26:18 | INFO     | KDClient 10 round 36 local training (epochs=4)
[2026-07-26 03:48:36] 2026-07-26 01:26:50 | INFO     | KDClient 10 round 36 completed (acc=0.8901, n=90)
[2026-07-26 03:48:36] 2026-07-26 01:26:50 | INFO     | KDClient 11 fit round 36 (tier=medium)
[2026-07-26 03:48:36] 2026-07-26 01:26:50 | INFO     | KDClient 11 round 36 public KD (epochs=2)
[2026-07-26 03:48:36] 2026-07-26 01:27:32 | INFO     | KDClient 11 round 36 local training (epochs=4)
[2026-07-26 03:48:36] 2026-07-26 01:28:00 | INFO     | KDClient 11 round 36 completed (acc=0.9009, n=90)
[2026-07-26 03:48:36] 2026-07-26 01:28:00 | INFO     | KDClient 12 fit round 36 (tier=medium)
[2026-07-26 03:48:36] 2026-07-26 01:28:00 | INFO     | KDClient 12 round 36 public KD (epochs=2)
[2026-07-26 03:48:36] 2026-07-26 01:28:39 | INFO     | KDClient 12 round 36 local training (epochs=4)
[2026-07-26 03:48:36] 2026-07-26 01:29:08 | INFO     | KDClient 12 round 36 completed (acc=0.8775, n=90)
[2026-07-26 03:48:36] 2026-07-26 01:29:08 | INFO     | KDClient 13 fit round 36 (tier=medium)
[2026-07-26 03:48:36] 2026-07-26 01:29:08 | INFO     | KDClient 13 round 36 public KD (epochs=2)
[2026-07-26 03:48:36] 2026-07-26 01:29:48 | INFO     | KDClient 13 round 36 local training (epochs=4)
[2026-07-26 03:48:36] 2026-07-26 01:30:18 | INFO     | KDClient 13 round 36 completed (acc=0.8901, n=90)
[2026-07-26 03:48:36] 2026-07-26 01:30:18 | INFO     | KDClient 14 fit round 36 (tier=large)
[2026-07-26 03:48:36] 2026-07-26 01:30:18 | INFO     | KDClient 14 round 36 public KD (epochs=2)
[2026-07-26 03:48:36] 2026-07-26 01:31:14 | INFO     | KDClient 14 round 36 local training (epochs=4)
[2026-07-26 03:48:36] 2026-07-26 01:32:01 | INFO     | KDClient 14 round 36 completed (acc=0.8703, n=90)
[2026-07-26 03:48:36] 2026-07-26 01:32:01 | INFO     | KDClient 15 fit round 36 (tier=large)
[2026-07-26 03:48:36] 2026-07-26 01:32:01 | INFO     | KDClient 15 round 36 public KD (epochs=2)
[2026-07-26 03:48:36] 2026-07-26 01:32:56 | INFO     | KDClient 15 round 36 local training (epochs=4)
[2026-07-26 03:48:36] 2026-07-26 01:33:55 | INFO     | KDClient 15 round 36 completed (acc=0.8541, n=90)
[2026-07-26 03:48:36] 2026-07-26 01:33:55 | INFO     | KDClient 16 fit round 36 (tier=large)
[2026-07-26 03:48:36] 2026-07-26 01:33:55 | INFO     | KDClient 16 round 36 public KD (epochs=2)
[2026-07-26 03:48:36] 2026-07-26 01:35:07 | INFO     | KDClient 16 round 36 local training (epochs=4)
[2026-07-26 03:48:36] 2026-07-26 01:35:57 | INFO     | KDClient 16 round 36 completed (acc=0.9063, n=90)
[2026-07-26 03:48:36] 2026-07-26 01:35:57 | INFO     | KDClient 17 fit round 36 (tier=large)
[2026-07-26 03:48:36] 2026-07-26 01:35:57 | INFO     | KDClient 17 round 36 public KD (epochs=2)
[2026-07-26 03:48:36] 2026-07-26 01:37:12 | INFO     | KDClient 17 round 36 local training (epochs=4)
[2026-07-26 03:48:36] 2026-07-26 01:38:33 | INFO     | KDClient 17 round 36 completed (acc=0.8757, n=90)
[2026-07-26 03:48:36] 2026-07-26 01:38:33 | INFO     | KDClient 18 fit round 36 (tier=large)
[2026-07-26 03:48:36] 2026-07-26 01:38:33 | INFO     | KDClient 18 round 36 public KD (epochs=2)
[2026-07-26 03:48:36] 2026-07-26 01:39:43 | INFO     | KDClient 18 round 36 local training (epochs=4)
[2026-07-26 03:48:36] 2026-07-26 01:40:35 | INFO     | KDClient 18 round 36 completed (acc=0.9063, n=90)
[2026-07-26 03:48:36] 2026-07-26 01:40:35 | INFO     | KDClient 19 fit round 36 (tier=large)
[2026-07-26 03:48:36] 2026-07-26 01:40:35 | INFO     | KDClient 19 round 36 public KD (epochs=2)
[2026-07-26 03:48:36] 2026-07-26 01:41:52 | INFO     | KDClient 19 round 36 local training (epochs=4)
[2026-07-26 03:48:36] 2026-07-26 01:42:50 | INFO     | KDClient 19 round 36 completed (acc=0.8721, n=90)
[2026-07-26 03:48:36]   Round  36/50 | Avg: 0.8872 | Min: 0.8180 | Max: 0.9297
[2026-07-26 03:48:36] 2026-07-26 01:42:50 | INFO     | FEDMD — IID: round 37/50 starting
[2026-07-26 03:48:36] 2026-07-26 01:42:50 | INFO     | KDClient 0 fit round 37 (tier=small)
[2026-07-26 03:48:36] 2026-07-26 01:42:50 | INFO     | KDClient 0 round 37 public KD (epochs=2)
[2026-07-26 03:48:36] 2026-07-26 01:43:06 | INFO     | KDClient 0 round 37 local training (epochs=4)
[2026-07-26 03:48:36] 2026-07-26 01:43:19 | INFO     | KDClient 0 round 37 completed (acc=0.9279, n=90)
[2026-07-26 03:48:36] 2026-07-26 01:43:19 | INFO     | KDClient 1 fit round 37 (tier=small)
[2026-07-26 03:48:36] 2026-07-26 01:43:19 | INFO     | KDClient 1 round 37 public KD (epochs=2)
[2026-07-26 03:48:36] 2026-07-26 01:43:35 | INFO     | KDClient 1 round 37 local training (epochs=4)
[2026-07-26 03:48:36] 2026-07-26 01:43:47 | INFO     | KDClient 1 round 37 completed (acc=0.9261, n=90)
[2026-07-26 03:48:36] 2026-07-26 01:43:47 | INFO     | KDClient 2 fit round 37 (tier=small)
[2026-07-26 03:48:36] 2026-07-26 01:43:47 | INFO     | KDClient 2 round 37 public KD (epochs=2)
[2026-07-26 03:48:36] 2026-07-26 01:44:05 | INFO     | KDClient 2 round 37 local training (epochs=4)
[2026-07-26 03:48:36] 2026-07-26 01:44:16 | INFO     | KDClient 2 round 37 completed (acc=0.9243, n=90)
[2026-07-26 03:48:36] 2026-07-26 01:44:16 | INFO     | KDClient 3 fit round 37 (tier=small)
[2026-07-26 03:48:36] 2026-07-26 01:44:16 | INFO     | KDClient 3 round 37 public KD (epochs=2)
[2026-07-26 03:48:36] 2026-07-26 01:44:33 | INFO     | KDClient 3 round 37 local training (epochs=4)
[2026-07-26 03:48:36] 2026-07-26 01:44:46 | INFO     | KDClient 3 round 37 completed (acc=0.8955, n=90)
[2026-07-26 03:48:36] 2026-07-26 01:44:46 | INFO     | KDClient 4 fit round 37 (tier=small)
[2026-07-26 03:48:36] 2026-07-26 01:44:46 | INFO     | KDClient 4 round 37 public KD (epochs=2)
[2026-07-26 03:48:36] 2026-07-26 01:45:04 | INFO     | KDClient 4 round 37 local training (epochs=4)
[2026-07-26 03:48:36] 2026-07-26 01:45:19 | INFO     | KDClient 4 round 37 completed (acc=0.9207, n=90)
[2026-07-26 03:48:36] 2026-07-26 01:45:19 | INFO     | KDClient 5 fit round 37 (tier=small)
[2026-07-26 03:48:36] 2026-07-26 01:45:19 | INFO     | KDClient 5 round 37 public KD (epochs=2)
[2026-07-26 03:48:36] 2026-07-26 01:45:37 | INFO     | KDClient 5 round 37 local training (epochs=4)
[2026-07-26 03:48:36] 2026-07-26 01:45:51 | INFO     | KDClient 5 round 37 completed (acc=0.8649, n=90)
[2026-07-26 03:48:36] 2026-07-26 01:45:51 | INFO     | KDClient 6 fit round 37 (tier=small)
[2026-07-26 03:48:36] 2026-07-26 01:45:51 | INFO     | KDClient 6 round 37 public KD (epochs=2)
[2026-07-26 03:48:36] 2026-07-26 01:46:06 | INFO     | KDClient 6 round 37 local training (epochs=4)
[2026-07-26 03:48:36] 2026-07-26 01:46:21 | INFO     | KDClient 6 round 37 completed (acc=0.8360, n=90)
[2026-07-26 03:48:36] 2026-07-26 01:46:21 | INFO     | KDClient 7 fit round 37 (tier=medium)
[2026-07-26 03:48:36] 2026-07-26 01:46:21 | INFO     | KDClient 7 round 37 public KD (epochs=2)
[2026-07-26 03:48:36] 2026-07-26 01:47:10 | INFO     | KDClient 7 round 37 local training (epochs=4)
[2026-07-26 03:48:36] 2026-07-26 01:47:54 | INFO     | KDClient 7 round 37 completed (acc=0.8865, n=90)
[2026-07-26 03:48:36] 2026-07-26 01:47:54 | INFO     | KDClient 8 fit round 37 (tier=medium)
[2026-07-26 03:48:36] 2026-07-26 01:47:54 | INFO     | KDClient 8 round 37 public KD (epochs=2)
[2026-07-26 03:48:36] 2026-07-26 01:48:35 | INFO     | KDClient 8 round 37 local training (epochs=4)
[2026-07-26 03:48:36] 2026-07-26 01:49:12 | INFO     | KDClient 8 round 37 completed (acc=0.8703, n=90)
[2026-07-26 03:48:36] 2026-07-26 01:49:12 | INFO     | KDClient 9 fit round 37 (tier=medium)
[2026-07-26 03:48:36] 2026-07-26 01:49:12 | INFO     | KDClient 9 round 37 public KD (epochs=2)
[2026-07-26 03:48:36] 2026-07-26 01:50:14 | INFO     | KDClient 9 round 37 local training (epochs=4)
[2026-07-26 03:48:36] 2026-07-26 01:50:45 | INFO     | KDClient 9 round 37 completed (acc=0.8126, n=90)
[2026-07-26 03:48:36] 2026-07-26 01:50:45 | INFO     | KDClient 10 fit round 37 (tier=medium)
[2026-07-26 03:48:36] 2026-07-26 01:50:45 | INFO     | KDClient 10 round 37 public KD (epochs=2)
[2026-07-26 03:48:36] 2026-07-26 01:51:29 | INFO     | KDClient 10 round 37 local training (epochs=4)
[2026-07-26 03:48:36] 2026-07-26 01:52:03 | INFO     | KDClient 10 round 37 completed (acc=0.8505, n=90)
[2026-07-26 03:48:36] 2026-07-26 01:52:03 | INFO     | KDClient 11 fit round 37 (tier=medium)
[2026-07-26 03:48:36] 2026-07-26 01:52:03 | INFO     | KDClient 11 round 37 public KD (epochs=2)
[2026-07-26 03:48:36] 2026-07-26 01:52:42 | INFO     | KDClient 11 round 37 local training (epochs=4)
[2026-07-26 03:48:36] 2026-07-26 01:53:11 | INFO     | KDClient 11 round 37 completed (acc=0.9009, n=90)
[2026-07-26 03:48:36] 2026-07-26 01:53:11 | INFO     | KDClient 12 fit round 37 (tier=medium)
[2026-07-26 03:48:36] 2026-07-26 01:53:11 | INFO     | KDClient 12 round 37 public KD (epochs=2)
[2026-07-26 03:48:36] 2026-07-26 01:53:50 | INFO     | KDClient 12 round 37 local training (epochs=4)
[2026-07-26 03:48:36] 2026-07-26 01:54:22 | INFO     | KDClient 12 round 37 completed (acc=0.8757, n=90)
[2026-07-26 03:48:36] 2026-07-26 01:54:22 | INFO     | KDClient 13 fit round 37 (tier=medium)
[2026-07-26 03:48:36] 2026-07-26 01:54:22 | INFO     | KDClient 13 round 37 public KD (epochs=2)
[2026-07-26 03:48:36] 2026-07-26 01:55:01 | INFO     | KDClient 13 round 37 local training (epochs=4)
[2026-07-26 03:48:36] 2026-07-26 01:55:30 | INFO     | KDClient 13 round 37 completed (acc=0.8829, n=90)
[2026-07-26 03:48:36] 2026-07-26 01:55:30 | INFO     | KDClient 14 fit round 37 (tier=large)
[2026-07-26 03:48:36] 2026-07-26 01:55:30 | INFO     | KDClient 14 round 37 public KD (epochs=2)
[2026-07-26 03:48:36] 2026-07-26 01:56:25 | INFO     | KDClient 14 round 37 local training (epochs=4)
[2026-07-26 03:48:36] 2026-07-26 01:57:10 | INFO     | KDClient 14 round 37 completed (acc=0.8685, n=90)
[2026-07-26 03:48:36] 2026-07-26 01:57:10 | INFO     | KDClient 15 fit round 37 (tier=large)
[2026-07-26 03:48:36] 2026-07-26 01:57:10 | INFO     | KDClient 15 round 37 public KD (epochs=2)
[2026-07-26 03:48:36] 2026-07-26 01:58:12 | INFO     | KDClient 15 round 37 local training (epochs=4)
[2026-07-26 03:48:36] 2026-07-26 01:59:01 | INFO     | KDClient 15 round 37 completed (acc=0.8793, n=90)
[2026-07-26 03:48:36] 2026-07-26 01:59:01 | INFO     | KDClient 16 fit round 37 (tier=large)
[2026-07-26 03:48:36] 2026-07-26 01:59:01 | INFO     | KDClient 16 round 37 public KD (epochs=2)
[2026-07-26 03:48:36] 2026-07-26 02:00:00 | INFO     | KDClient 16 round 37 local training (epochs=4)
[2026-07-26 03:48:36] 2026-07-26 02:00:51 | INFO     | KDClient 16 round 37 completed (acc=0.8757, n=90)
[2026-07-26 03:48:36] 2026-07-26 02:00:51 | INFO     | KDClient 17 fit round 37 (tier=large)
[2026-07-26 03:48:36] 2026-07-26 02:00:51 | INFO     | KDClient 17 round 37 public KD (epochs=2)
[2026-07-26 03:48:36] 2026-07-26 02:01:49 | INFO     | KDClient 17 round 37 local training (epochs=4)
[2026-07-26 03:48:36] 2026-07-26 02:02:49 | INFO     | KDClient 17 round 37 completed (acc=0.8721, n=90)
[2026-07-26 03:48:36] 2026-07-26 02:02:49 | INFO     | KDClient 18 fit round 37 (tier=large)
[2026-07-26 03:48:36] 2026-07-26 02:02:49 | INFO     | KDClient 18 round 37 public KD (epochs=2)
[2026-07-26 03:48:36] 2026-07-26 02:03:45 | INFO     | KDClient 18 round 37 local training (epochs=4)
[2026-07-26 03:48:36] 2026-07-26 02:04:34 | INFO     | KDClient 18 round 37 completed (acc=0.8450, n=90)
[2026-07-26 03:48:36] 2026-07-26 02:04:34 | INFO     | KDClient 19 fit round 37 (tier=large)
[2026-07-26 03:48:36] 2026-07-26 02:04:34 | INFO     | KDClient 19 round 37 public KD (epochs=2)
[2026-07-26 03:48:36] 2026-07-26 02:05:33 | INFO     | KDClient 19 round 37 local training (epochs=4)
[2026-07-26 03:48:36] 2026-07-26 02:06:31 | INFO     | KDClient 19 round 37 completed (acc=0.8955, n=90)
[2026-07-26 03:48:36]   Round  37/50 | Avg: 0.8805 | Min: 0.8126 | Max: 0.9279
[2026-07-26 03:48:36] 2026-07-26 02:06:31 | INFO     | FEDMD — IID: round 38/50 starting
[2026-07-26 03:48:36] 2026-07-26 02:06:31 | INFO     | KDClient 0 fit round 38 (tier=small)
[2026-07-26 03:48:36] 2026-07-26 02:06:31 | INFO     | KDClient 0 round 38 public KD (epochs=2)
[2026-07-26 03:48:36] 2026-07-26 02:06:49 | INFO     | KDClient 0 round 38 local training (epochs=4)
[2026-07-26 03:48:36] 2026-07-26 02:07:03 | INFO     | KDClient 0 round 38 completed (acc=0.9297, n=90)
[2026-07-26 03:48:36] 2026-07-26 02:07:03 | INFO     | KDClient 1 fit round 38 (tier=small)
[2026-07-26 03:48:36] 2026-07-26 02:07:03 | INFO     | KDClient 1 round 38 public KD (epochs=2)
[2026-07-26 03:48:36] 2026-07-26 02:07:18 | INFO     | KDClient 1 round 38 local training (epochs=4)
[2026-07-26 03:48:36] 2026-07-26 02:07:31 | INFO     | KDClient 1 round 38 completed (acc=0.9315, n=90)
[2026-07-26 03:48:36] 2026-07-26 02:07:31 | INFO     | KDClient 2 fit round 38 (tier=small)
[2026-07-26 03:48:36] 2026-07-26 02:07:31 | INFO     | KDClient 2 round 38 public KD (epochs=2)
[2026-07-26 03:48:36] 2026-07-26 02:07:45 | INFO     | KDClient 2 round 38 local training (epochs=4)
[2026-07-26 03:48:36] 2026-07-26 02:07:58 | INFO     | KDClient 2 round 38 completed (acc=0.9261, n=90)
[2026-07-26 03:48:36] 2026-07-26 02:07:58 | INFO     | KDClient 3 fit round 38 (tier=small)
[2026-07-26 03:48:36] 2026-07-26 02:07:58 | INFO     | KDClient 3 round 38 public KD (epochs=2)
[2026-07-26 03:48:36] 2026-07-26 02:08:13 | INFO     | KDClient 3 round 38 local training (epochs=4)
[2026-07-26 03:48:36] 2026-07-26 02:08:29 | INFO     | KDClient 3 round 38 completed (acc=0.8811, n=90)
[2026-07-26 03:48:36] 2026-07-26 02:08:29 | INFO     | KDClient 4 fit round 38 (tier=small)
[2026-07-26 03:48:36] 2026-07-26 02:08:29 | INFO     | KDClient 4 round 38 public KD (epochs=2)
[2026-07-26 03:48:36] 2026-07-26 02:08:46 | INFO     | KDClient 4 round 38 local training (epochs=4)
[2026-07-26 03:48:36] 2026-07-26 02:09:01 | INFO     | KDClient 4 round 38 completed (acc=0.9243, n=90)
[2026-07-26 03:48:36] 2026-07-26 02:09:01 | INFO     | KDClient 5 fit round 38 (tier=small)
[2026-07-26 03:48:36] 2026-07-26 02:09:01 | INFO     | KDClient 5 round 38 public KD (epochs=2)
[2026-07-26 03:48:36] 2026-07-26 02:09:18 | INFO     | KDClient 5 round 38 local training (epochs=4)
[2026-07-26 03:48:36] 2026-07-26 02:09:30 | INFO     | KDClient 5 round 38 completed (acc=0.9225, n=90)
[2026-07-26 03:48:36] 2026-07-26 02:09:30 | INFO     | KDClient 6 fit round 38 (tier=small)
[2026-07-26 03:48:36] 2026-07-26 02:09:30 | INFO     | KDClient 6 round 38 public KD (epochs=2)
[2026-07-26 03:48:36] 2026-07-26 02:09:46 | INFO     | KDClient 6 round 38 local training (epochs=4)
[2026-07-26 03:48:36] 2026-07-26 02:09:55 | INFO     | KDClient 6 round 38 completed (acc=0.8180, n=90)
[2026-07-26 03:48:36] 2026-07-26 02:09:55 | INFO     | KDClient 7 fit round 38 (tier=medium)
[2026-07-26 03:48:36] 2026-07-26 02:09:55 | INFO     | KDClient 7 round 38 public KD (epochs=2)
[2026-07-26 03:48:36] 2026-07-26 02:10:51 | INFO     | KDClient 7 round 38 local training (epochs=4)
[2026-07-26 03:48:36] 2026-07-26 02:11:28 | INFO     | KDClient 7 round 38 completed (acc=0.8811, n=90)
[2026-07-26 03:48:36] 2026-07-26 02:11:28 | INFO     | KDClient 8 fit round 38 (tier=medium)
[2026-07-26 03:48:36] 2026-07-26 02:11:28 | INFO     | KDClient 8 round 38 public KD (epochs=2)
[2026-07-26 03:48:36] 2026-07-26 02:12:13 | INFO     | KDClient 8 round 38 local training (epochs=4)
[2026-07-26 03:48:36] 2026-07-26 02:12:44 | INFO     | KDClient 8 round 38 completed (acc=0.8541, n=90)
[2026-07-26 03:48:36] 2026-07-26 02:12:44 | INFO     | KDClient 9 fit round 38 (tier=medium)
[2026-07-26 03:48:36] 2026-07-26 02:12:44 | INFO     | KDClient 9 round 38 public KD (epochs=2)
[2026-07-26 03:48:36] 2026-07-26 02:13:28 | INFO     | KDClient 9 round 38 local training (epochs=4)
[2026-07-26 03:48:36] 2026-07-26 02:14:02 | INFO     | KDClient 9 round 38 completed (acc=0.8306, n=90)
[2026-07-26 03:48:36] 2026-07-26 02:14:02 | INFO     | KDClient 10 fit round 38 (tier=medium)
[2026-07-26 03:48:36] 2026-07-26 02:14:02 | INFO     | KDClient 10 round 38 public KD (epochs=2)
[2026-07-26 03:48:36] 2026-07-26 02:14:45 | INFO     | KDClient 10 round 38 local training (epochs=4)
[2026-07-26 03:48:36] 2026-07-26 02:15:18 | INFO     | KDClient 10 round 38 completed (acc=0.8829, n=90)
[2026-07-26 03:48:36] 2026-07-26 02:15:18 | INFO     | KDClient 11 fit round 38 (tier=medium)
[2026-07-26 03:48:36] 2026-07-26 02:15:18 | INFO     | KDClient 11 round 38 public KD (epochs=2)
[2026-07-26 03:48:36] 2026-07-26 02:15:59 | INFO     | KDClient 11 round 38 local training (epochs=4)
[2026-07-26 03:48:36] 2026-07-26 02:16:31 | INFO     | KDClient 11 round 38 completed (acc=0.8937, n=90)
[2026-07-26 03:48:36] 2026-07-26 02:16:31 | INFO     | KDClient 12 fit round 38 (tier=medium)
[2026-07-26 03:48:36] 2026-07-26 02:16:31 | INFO     | KDClient 12 round 38 public KD (epochs=2)
[2026-07-26 03:48:36] 2026-07-26 02:17:12 | INFO     | KDClient 12 round 38 local training (epochs=4)
[2026-07-26 03:48:36] 2026-07-26 02:17:41 | INFO     | KDClient 12 round 38 completed (acc=0.8775, n=90)
[2026-07-26 03:48:36] 2026-07-26 02:17:41 | INFO     | KDClient 13 fit round 38 (tier=medium)
[2026-07-26 03:48:36] 2026-07-26 02:17:41 | INFO     | KDClient 13 round 38 public KD (epochs=2)
[2026-07-26 03:48:36] 2026-07-26 02:18:43 | INFO     | KDClient 13 round 38 local training (epochs=4)
[2026-07-26 03:48:36] 2026-07-26 02:19:18 | INFO     | KDClient 13 round 38 completed (acc=0.8973, n=90)
[2026-07-26 03:48:36] 2026-07-26 02:19:18 | INFO     | KDClient 14 fit round 38 (tier=large)
[2026-07-26 03:48:36] 2026-07-26 02:19:18 | INFO     | KDClient 14 round 38 public KD (epochs=2)
[2026-07-26 03:48:36] 2026-07-26 02:20:16 | INFO     | KDClient 14 round 38 local training (epochs=4)
[2026-07-26 03:48:36] 2026-07-26 02:20:51 | INFO     | KDClient 14 round 38 completed (acc=0.8721, n=90)
[2026-07-26 03:48:36] 2026-07-26 02:20:51 | INFO     | KDClient 15 fit round 38 (tier=large)
[2026-07-26 03:48:36] 2026-07-26 02:20:51 | INFO     | KDClient 15 round 38 public KD (epochs=2)
[2026-07-26 03:48:36] 2026-07-26 02:21:47 | INFO     | KDClient 15 round 38 local training (epochs=4)
[2026-07-26 03:48:36] 2026-07-26 02:22:40 | INFO     | KDClient 15 round 38 completed (acc=0.8847, n=90)
[2026-07-26 03:48:36] 2026-07-26 02:22:40 | INFO     | KDClient 16 fit round 38 (tier=large)
[2026-07-26 03:48:36] 2026-07-26 02:22:40 | INFO     | KDClient 16 round 38 public KD (epochs=2)
[2026-07-26 03:48:36] 2026-07-26 02:23:40 | INFO     | KDClient 16 round 38 local training (epochs=4)
[2026-07-26 03:48:36] 2026-07-26 02:24:45 | INFO     | KDClient 16 round 38 completed (acc=0.8991, n=90)
[2026-07-26 03:48:36] 2026-07-26 02:24:45 | INFO     | KDClient 17 fit round 38 (tier=large)
[2026-07-26 03:48:36] 2026-07-26 02:24:45 | INFO     | KDClient 17 round 38 public KD (epochs=2)
[2026-07-26 03:48:36] 2026-07-26 02:26:00 | INFO     | KDClient 17 round 38 local training (epochs=4)
[2026-07-26 03:48:36] 2026-07-26 02:27:03 | INFO     | KDClient 17 round 38 completed (acc=0.8955, n=90)
[2026-07-26 03:48:36] 2026-07-26 02:27:03 | INFO     | KDClient 18 fit round 38 (tier=large)
[2026-07-26 03:48:36] 2026-07-26 02:27:03 | INFO     | KDClient 18 round 38 public KD (epochs=2)
[2026-07-26 03:48:36] 2026-07-26 02:28:08 | INFO     | KDClient 18 round 38 local training (epochs=4)
[2026-07-26 03:48:36] 2026-07-26 02:29:07 | INFO     | KDClient 18 round 38 completed (acc=0.8793, n=90)
[2026-07-26 03:48:36] 2026-07-26 02:29:07 | INFO     | KDClient 19 fit round 38 (tier=large)
[2026-07-26 03:48:36] 2026-07-26 02:29:07 | INFO     | KDClient 19 round 38 public KD (epochs=2)
[2026-07-26 03:48:36] 2026-07-26 02:30:14 | INFO     | KDClient 19 round 38 local training (epochs=4)
[2026-07-26 03:48:36] 2026-07-26 02:31:14 | INFO     | KDClient 19 round 38 completed (acc=0.8775, n=90)
[2026-07-26 03:48:36]   Round  38/50 | Avg: 0.8879 | Min: 0.8180 | Max: 0.9315
[2026-07-26 03:48:36] 2026-07-26 02:31:14 | INFO     | FEDMD — IID: round 39/50 starting
[2026-07-26 03:48:36] 2026-07-26 02:31:14 | INFO     | KDClient 0 fit round 39 (tier=small)
[2026-07-26 03:48:36] 2026-07-26 02:31:14 | INFO     | KDClient 0 round 39 public KD (epochs=2)
[2026-07-26 03:48:36] 2026-07-26 02:31:29 | INFO     | KDClient 0 round 39 local training (epochs=4)
[2026-07-26 03:48:36] 2026-07-26 02:31:41 | INFO     | KDClient 0 round 39 completed (acc=0.9351, n=90)
[2026-07-26 03:48:36] 2026-07-26 02:31:41 | INFO     | KDClient 1 fit round 39 (tier=small)
[2026-07-26 03:48:36] 2026-07-26 02:31:41 | INFO     | KDClient 1 round 39 public KD (epochs=2)
[2026-07-26 03:48:36] 2026-07-26 02:31:59 | INFO     | KDClient 1 round 39 local training (epochs=4)
[2026-07-26 03:48:36] 2026-07-26 02:32:12 | INFO     | KDClient 1 round 39 completed (acc=0.9261, n=90)
[2026-07-26 03:48:36] 2026-07-26 02:32:12 | INFO     | KDClient 2 fit round 39 (tier=small)
[2026-07-26 03:48:36] 2026-07-26 02:32:12 | INFO     | KDClient 2 round 39 public KD (epochs=2)
[2026-07-26 03:48:36] 2026-07-26 02:32:29 | INFO     | KDClient 2 round 39 local training (epochs=4)
[2026-07-26 03:48:36] 2026-07-26 02:32:44 | INFO     | KDClient 2 round 39 completed (acc=0.8919, n=90)
[2026-07-26 03:48:36] 2026-07-26 02:32:44 | INFO     | KDClient 3 fit round 39 (tier=small)
[2026-07-26 03:48:36] 2026-07-26 02:32:44 | INFO     | KDClient 3 round 39 public KD (epochs=2)
[2026-07-26 03:48:36] 2026-07-26 02:33:01 | INFO     | KDClient 3 round 39 local training (epochs=4)
[2026-07-26 03:48:36] 2026-07-26 02:33:15 | INFO     | KDClient 3 round 39 completed (acc=0.8703, n=90)
[2026-07-26 03:48:36] 2026-07-26 02:33:15 | INFO     | KDClient 4 fit round 39 (tier=small)
[2026-07-26 03:48:36] 2026-07-26 02:33:15 | INFO     | KDClient 4 round 39 public KD (epochs=2)
[2026-07-26 03:48:36] 2026-07-26 02:33:34 | INFO     | KDClient 4 round 39 local training (epochs=4)
[2026-07-26 03:48:36] 2026-07-26 02:33:46 | INFO     | KDClient 4 round 39 completed (acc=0.9189, n=90)
[2026-07-26 03:48:36] 2026-07-26 02:33:46 | INFO     | KDClient 5 fit round 39 (tier=small)
[2026-07-26 03:48:36] 2026-07-26 02:33:46 | INFO     | KDClient 5 round 39 public KD (epochs=2)
[2026-07-26 03:48:36] 2026-07-26 02:34:01 | INFO     | KDClient 5 round 39 local training (epochs=4)
[2026-07-26 03:48:36] 2026-07-26 02:34:14 | INFO     | KDClient 5 round 39 completed (acc=0.9009, n=90)
[2026-07-26 03:48:36] 2026-07-26 02:34:14 | INFO     | KDClient 6 fit round 39 (tier=small)
[2026-07-26 03:48:36] 2026-07-26 02:34:14 | INFO     | KDClient 6 round 39 public KD (epochs=2)
[2026-07-26 03:48:36] 2026-07-26 02:34:33 | INFO     | KDClient 6 round 39 local training (epochs=4)
[2026-07-26 03:48:36] 2026-07-26 02:34:47 | INFO     | KDClient 6 round 39 completed (acc=0.8541, n=90)
[2026-07-26 03:48:36] 2026-07-26 02:34:47 | INFO     | KDClient 7 fit round 39 (tier=medium)
[2026-07-26 03:48:36] 2026-07-26 02:34:47 | INFO     | KDClient 7 round 39 public KD (epochs=2)
[2026-07-26 03:48:36] 2026-07-26 02:35:38 | INFO     | KDClient 7 round 39 local training (epochs=4)
[2026-07-26 03:48:36] 2026-07-26 02:36:15 | INFO     | KDClient 7 round 39 completed (acc=0.8631, n=90)
[2026-07-26 03:48:36] 2026-07-26 02:36:15 | INFO     | KDClient 8 fit round 39 (tier=medium)
[2026-07-26 03:48:36] 2026-07-26 02:36:15 | INFO     | KDClient 8 round 39 public KD (epochs=2)
[2026-07-26 03:48:36] 2026-07-26 02:37:00 | INFO     | KDClient 8 round 39 local training (epochs=4)
[2026-07-26 03:48:36] 2026-07-26 02:37:38 | INFO     | KDClient 8 round 39 completed (acc=0.8414, n=90)
[2026-07-26 03:48:36] 2026-07-26 02:37:38 | INFO     | KDClient 9 fit round 39 (tier=medium)
[2026-07-26 03:48:36] 2026-07-26 02:37:38 | INFO     | KDClient 9 round 39 public KD (epochs=2)
[2026-07-26 03:48:36] 2026-07-26 02:38:16 | INFO     | KDClient 9 round 39 local training (epochs=4)
[2026-07-26 03:48:36] 2026-07-26 02:38:53 | INFO     | KDClient 9 round 39 completed (acc=0.8126, n=90)
[2026-07-26 03:48:36] 2026-07-26 02:38:53 | INFO     | KDClient 10 fit round 39 (tier=medium)
[2026-07-26 03:48:36] 2026-07-26 02:38:53 | INFO     | KDClient 10 round 39 public KD (epochs=2)
[2026-07-26 03:48:36] 2026-07-26 02:39:36 | INFO     | KDClient 10 round 39 local training (epochs=4)
[2026-07-26 03:48:36] 2026-07-26 02:40:08 | INFO     | KDClient 10 round 39 completed (acc=0.8703, n=90)
[2026-07-26 03:48:36] 2026-07-26 02:40:08 | INFO     | KDClient 11 fit round 39 (tier=medium)
[2026-07-26 03:48:36] 2026-07-26 02:40:08 | INFO     | KDClient 11 round 39 public KD (epochs=2)
[2026-07-26 03:48:36] 2026-07-26 02:40:48 | INFO     | KDClient 11 round 39 local training (epochs=4)
[2026-07-26 03:48:36] 2026-07-26 02:41:15 | INFO     | KDClient 11 round 39 completed (acc=0.9027, n=90)
[2026-07-26 03:48:36] 2026-07-26 02:41:15 | INFO     | KDClient 12 fit round 39 (tier=medium)
[2026-07-26 03:48:36] 2026-07-26 02:41:15 | INFO     | KDClient 12 round 39 public KD (epochs=2)
[2026-07-26 03:48:36] 2026-07-26 02:41:56 | INFO     | KDClient 12 round 39 local training (epochs=4)
[2026-07-26 03:48:36] 2026-07-26 02:42:27 | INFO     | KDClient 12 round 39 completed (acc=0.8793, n=90)
[2026-07-26 03:48:36] 2026-07-26 02:42:27 | INFO     | KDClient 13 fit round 39 (tier=medium)
[2026-07-26 03:48:36] 2026-07-26 02:42:27 | INFO     | KDClient 13 round 39 public KD (epochs=2)
[2026-07-26 03:48:36] 2026-07-26 02:43:07 | INFO     | KDClient 13 round 39 local training (epochs=4)
[2026-07-26 03:48:36] 2026-07-26 02:43:39 | INFO     | KDClient 13 round 39 completed (acc=0.8667, n=90)
[2026-07-26 03:48:36] 2026-07-26 02:43:39 | INFO     | KDClient 14 fit round 39 (tier=large)
[2026-07-26 03:48:36] 2026-07-26 02:43:39 | INFO     | KDClient 14 round 39 public KD (epochs=2)
[2026-07-26 03:48:36] 2026-07-26 02:44:37 | INFO     | KDClient 14 round 39 local training (epochs=4)
[2026-07-26 03:48:36] 2026-07-26 02:45:20 | INFO     | KDClient 14 round 39 completed (acc=0.8919, n=90)
[2026-07-26 03:48:36] 2026-07-26 02:45:20 | INFO     | KDClient 15 fit round 39 (tier=large)
[2026-07-26 03:48:36] 2026-07-26 02:45:20 | INFO     | KDClient 15 round 39 public KD (epochs=2)
[2026-07-26 03:48:36] 2026-07-26 02:46:16 | INFO     | KDClient 15 round 39 local training (epochs=4)
[2026-07-26 03:48:36] 2026-07-26 02:47:10 | INFO     | KDClient 15 round 39 completed (acc=0.8342, n=90)
[2026-07-26 03:48:36] 2026-07-26 02:47:10 | INFO     | KDClient 16 fit round 39 (tier=large)
[2026-07-26 03:48:36] 2026-07-26 02:47:10 | INFO     | KDClient 16 round 39 public KD (epochs=2)
[2026-07-26 03:48:36] 2026-07-26 02:48:17 | INFO     | KDClient 16 round 39 local training (epochs=4)
[2026-07-26 03:48:36] 2026-07-26 02:49:20 | INFO     | KDClient 16 round 39 completed (acc=0.9045, n=90)
[2026-07-26 03:48:36] 2026-07-26 02:49:20 | INFO     | KDClient 17 fit round 39 (tier=large)
[2026-07-26 03:48:36] 2026-07-26 02:49:20 | INFO     | KDClient 17 round 39 public KD (epochs=2)
[2026-07-26 03:48:36] 2026-07-26 02:50:42 | INFO     | KDClient 17 round 39 local training (epochs=4)
[2026-07-26 03:48:36] 2026-07-26 02:51:44 | INFO     | KDClient 17 round 39 completed (acc=0.8288, n=90)
[2026-07-26 03:48:36] 2026-07-26 02:51:44 | INFO     | KDClient 18 fit round 39 (tier=large)
[2026-07-26 03:48:36] 2026-07-26 02:51:44 | INFO     | KDClient 18 round 39 public KD (epochs=2)
[2026-07-26 03:48:36] 2026-07-26 02:52:59 | INFO     | KDClient 18 round 39 local training (epochs=4)
[2026-07-26 03:48:36] 2026-07-26 02:53:49 | INFO     | KDClient 18 round 39 completed (acc=0.8721, n=90)
[2026-07-26 03:48:36] 2026-07-26 02:53:49 | INFO     | KDClient 19 fit round 39 (tier=large)
[2026-07-26 03:48:36] 2026-07-26 02:53:49 | INFO     | KDClient 19 round 39 public KD (epochs=2)
[2026-07-26 03:48:36] 2026-07-26 02:55:01 | INFO     | KDClient 19 round 39 local training (epochs=4)
[2026-07-26 03:48:36] 2026-07-26 02:56:00 | INFO     | KDClient 19 round 39 completed (acc=0.8865, n=90)
[2026-07-26 03:48:36]   Round  39/50 | Avg: 0.8776 | Min: 0.8126 | Max: 0.9351
[2026-07-26 03:48:36] 2026-07-26 02:56:00 | INFO     | FEDMD — IID: round 40/50 starting
[2026-07-26 03:48:36] 2026-07-26 02:56:00 | INFO     | KDClient 0 fit round 40 (tier=small)
[2026-07-26 03:48:36] 2026-07-26 02:56:00 | INFO     | KDClient 0 round 40 public KD (epochs=2)
[2026-07-26 03:48:36] 2026-07-26 02:56:16 | INFO     | KDClient 0 round 40 local training (epochs=4)
[2026-07-26 03:48:36] 2026-07-26 02:56:32 | INFO     | KDClient 0 round 40 completed (acc=0.9261, n=90)
[2026-07-26 03:48:36] 2026-07-26 02:56:32 | INFO     | KDClient 1 fit round 40 (tier=small)
[2026-07-26 03:48:36] 2026-07-26 02:56:32 | INFO     | KDClient 1 round 40 public KD (epochs=2)
[2026-07-26 03:48:36] 2026-07-26 02:56:50 | INFO     | KDClient 1 round 40 local training (epochs=4)
[2026-07-26 03:48:36] 2026-07-26 02:57:02 | INFO     | KDClient 1 round 40 completed (acc=0.9297, n=90)
[2026-07-26 03:48:36] 2026-07-26 02:57:02 | INFO     | KDClient 2 fit round 40 (tier=small)
[2026-07-26 03:48:36] 2026-07-26 02:57:02 | INFO     | KDClient 2 round 40 public KD (epochs=2)
[2026-07-26 03:48:36] 2026-07-26 02:57:18 | INFO     | KDClient 2 round 40 local training (epochs=4)
[2026-07-26 03:48:36] 2026-07-26 02:57:30 | INFO     | KDClient 2 round 40 completed (acc=0.9243, n=90)
[2026-07-26 03:48:36] 2026-07-26 02:57:30 | INFO     | KDClient 3 fit round 40 (tier=small)
[2026-07-26 03:48:36] 2026-07-26 02:57:30 | INFO     | KDClient 3 round 40 public KD (epochs=2)
[2026-07-26 03:48:36] 2026-07-26 02:57:46 | INFO     | KDClient 3 round 40 local training (epochs=4)
[2026-07-26 03:48:36] 2026-07-26 02:57:58 | INFO     | KDClient 3 round 40 completed (acc=0.8829, n=90)
[2026-07-26 03:48:36] 2026-07-26 02:57:58 | INFO     | KDClient 4 fit round 40 (tier=small)
[2026-07-26 03:48:36] 2026-07-26 02:57:58 | INFO     | KDClient 4 round 40 public KD (epochs=2)
[2026-07-26 03:48:36] 2026-07-26 02:58:13 | INFO     | KDClient 4 round 40 local training (epochs=4)
[2026-07-26 03:48:36] 2026-07-26 02:58:26 | INFO     | KDClient 4 round 40 completed (acc=0.9171, n=90)
[2026-07-26 03:48:36] 2026-07-26 02:58:26 | INFO     | KDClient 5 fit round 40 (tier=small)
[2026-07-26 03:48:36] 2026-07-26 02:58:26 | INFO     | KDClient 5 round 40 public KD (epochs=2)
[2026-07-26 03:48:36] 2026-07-26 02:58:43 | INFO     | KDClient 5 round 40 local training (epochs=4)
[2026-07-26 03:48:36] 2026-07-26 02:58:54 | INFO     | KDClient 5 round 40 completed (acc=0.9063, n=90)
[2026-07-26 03:48:36] 2026-07-26 02:58:54 | INFO     | KDClient 6 fit round 40 (tier=small)
[2026-07-26 03:48:36] 2026-07-26 02:58:54 | INFO     | KDClient 6 round 40 public KD (epochs=2)
[2026-07-26 03:48:36] 2026-07-26 02:59:07 | INFO     | KDClient 6 round 40 local training (epochs=4)
[2026-07-26 03:48:36] 2026-07-26 02:59:19 | INFO     | KDClient 6 round 40 completed (acc=0.8144, n=90)
[2026-07-26 03:48:36] 2026-07-26 02:59:19 | INFO     | KDClient 7 fit round 40 (tier=medium)
[2026-07-26 03:48:36] 2026-07-26 02:59:19 | INFO     | KDClient 7 round 40 public KD (epochs=2)
[2026-07-26 03:48:36] 2026-07-26 03:00:05 | INFO     | KDClient 7 round 40 local training (epochs=4)
[2026-07-26 03:48:36] 2026-07-26 03:00:42 | INFO     | KDClient 7 round 40 completed (acc=0.8919, n=90)
[2026-07-26 03:48:36] 2026-07-26 03:00:42 | INFO     | KDClient 8 fit round 40 (tier=medium)
[2026-07-26 03:48:36] 2026-07-26 03:00:42 | INFO     | KDClient 8 round 40 public KD (epochs=2)
[2026-07-26 03:48:36] 2026-07-26 03:01:33 | INFO     | KDClient 8 round 40 local training (epochs=4)
[2026-07-26 03:48:36] 2026-07-26 03:02:10 | INFO     | KDClient 8 round 40 completed (acc=0.8360, n=90)
[2026-07-26 03:48:36] 2026-07-26 03:02:10 | INFO     | KDClient 9 fit round 40 (tier=medium)
[2026-07-26 03:48:36] 2026-07-26 03:02:10 | INFO     | KDClient 9 round 40 public KD (epochs=2)
[2026-07-26 03:48:36] 2026-07-26 03:03:16 | INFO     | KDClient 9 round 40 local training (epochs=4)
[2026-07-26 03:48:36] 2026-07-26 03:03:50 | INFO     | KDClient 9 round 40 completed (acc=0.8234, n=90)
[2026-07-26 03:48:36] 2026-07-26 03:03:50 | INFO     | KDClient 10 fit round 40 (tier=medium)
[2026-07-26 03:48:36] 2026-07-26 03:03:50 | INFO     | KDClient 10 round 40 public KD (epochs=2)
[2026-07-26 03:48:36] 2026-07-26 03:04:33 | INFO     | KDClient 10 round 40 local training (epochs=4)
[2026-07-26 03:48:36] 2026-07-26 03:05:10 | INFO     | KDClient 10 round 40 completed (acc=0.8757, n=90)
[2026-07-26 03:48:36] 2026-07-26 03:05:10 | INFO     | KDClient 11 fit round 40 (tier=medium)
[2026-07-26 03:48:36] 2026-07-26 03:05:10 | INFO     | KDClient 11 round 40 public KD (epochs=2)
[2026-07-26 03:48:36] 2026-07-26 03:05:54 | INFO     | KDClient 11 round 40 local training (epochs=4)
[2026-07-26 03:48:36] 2026-07-26 03:06:26 | INFO     | KDClient 11 round 40 completed (acc=0.8973, n=90)
[2026-07-26 03:48:36] 2026-07-26 03:06:26 | INFO     | KDClient 12 fit round 40 (tier=medium)
[2026-07-26 03:48:36] 2026-07-26 03:06:26 | INFO     | KDClient 12 round 40 public KD (epochs=2)
[2026-07-26 03:48:36] 2026-07-26 03:07:06 | INFO     | KDClient 12 round 40 local training (epochs=4)
[2026-07-26 03:48:36] 2026-07-26 03:07:35 | INFO     | KDClient 12 round 40 completed (acc=0.8793, n=90)
[2026-07-26 03:48:36] 2026-07-26 03:07:35 | INFO     | KDClient 13 fit round 40 (tier=medium)
[2026-07-26 03:48:36] 2026-07-26 03:07:35 | INFO     | KDClient 13 round 40 public KD (epochs=2)
[2026-07-26 03:48:36] 2026-07-26 03:08:15 | INFO     | KDClient 13 round 40 local training (epochs=4)
[2026-07-26 03:48:36] 2026-07-26 03:08:45 | INFO     | KDClient 13 round 40 completed (acc=0.8865, n=90)
[2026-07-26 03:48:36] 2026-07-26 03:08:45 | INFO     | KDClient 14 fit round 40 (tier=large)
[2026-07-26 03:48:36] 2026-07-26 03:08:45 | INFO     | KDClient 14 round 40 public KD (epochs=2)
[2026-07-26 03:48:36] 2026-07-26 03:09:49 | INFO     | KDClient 14 round 40 local training (epochs=4)
[2026-07-26 03:48:36] 2026-07-26 03:10:32 | INFO     | KDClient 14 round 40 completed (acc=0.8613, n=90)
[2026-07-26 03:48:36] 2026-07-26 03:10:32 | INFO     | KDClient 15 fit round 40 (tier=large)
[2026-07-26 03:48:36] 2026-07-26 03:10:32 | INFO     | KDClient 15 round 40 public KD (epochs=2)
[2026-07-26 03:48:36] 2026-07-26 03:11:31 | INFO     | KDClient 15 round 40 local training (epochs=4)
[2026-07-26 03:48:36] 2026-07-26 03:12:14 | INFO     | KDClient 15 round 40 completed (acc=0.8360, n=90)
[2026-07-26 03:48:36] 2026-07-26 03:12:14 | INFO     | KDClient 16 fit round 40 (tier=large)
[2026-07-26 03:48:36] 2026-07-26 03:12:14 | INFO     | KDClient 16 round 40 public KD (epochs=2)
[2026-07-26 03:48:36] 2026-07-26 03:13:22 | INFO     | KDClient 16 round 40 local training (epochs=4)
[2026-07-26 03:48:36] 2026-07-26 03:14:11 | INFO     | KDClient 16 round 40 completed (acc=0.8829, n=90)
[2026-07-26 03:48:36] 2026-07-26 03:14:11 | INFO     | KDClient 17 fit round 40 (tier=large)
[2026-07-26 03:48:36] 2026-07-26 03:14:11 | INFO     | KDClient 17 round 40 public KD (epochs=2)
[2026-07-26 03:48:36] 2026-07-26 03:15:27 | INFO     | KDClient 17 round 40 local training (epochs=4)
[2026-07-26 03:48:36] 2026-07-26 03:16:22 | INFO     | KDClient 17 round 40 completed (acc=0.8577, n=90)
[2026-07-26 03:48:36] 2026-07-26 03:16:22 | INFO     | KDClient 18 fit round 40 (tier=large)
[2026-07-26 03:48:36] 2026-07-26 03:16:22 | INFO     | KDClient 18 round 40 public KD (epochs=2)
[2026-07-26 03:48:36] 2026-07-26 03:17:41 | INFO     | KDClient 18 round 40 local training (epochs=4)
[2026-07-26 03:48:36] 2026-07-26 03:18:40 | INFO     | KDClient 18 round 40 completed (acc=0.8721, n=90)
[2026-07-26 03:48:36] 2026-07-26 03:18:40 | INFO     | KDClient 19 fit round 40 (tier=large)
[2026-07-26 03:48:36] 2026-07-26 03:18:40 | INFO     | KDClient 19 round 40 public KD (epochs=2)
[2026-07-26 03:48:36] 2026-07-26 03:19:54 | INFO     | KDClient 19 round 40 local training (epochs=4)
[2026-07-26 03:48:36] 2026-07-26 03:20:56 | INFO     | KDClient 19 round 40 completed (acc=0.8595, n=90)
[2026-07-26 03:48:36]   Round  40/50 | Avg: 0.8780 | Min: 0.8144 | Max: 0.9297
[2026-07-26 03:48:36] 2026-07-26 03:20:56 | INFO     | FEDMD — IID: round 41/50 starting
[2026-07-26 03:48:36] 2026-07-26 03:20:56 | INFO     | KDClient 0 fit round 41 (tier=small)
[2026-07-26 03:48:36] 2026-07-26 03:20:56 | INFO     | KDClient 0 round 41 public KD (epochs=2)
[2026-07-26 03:48:36] 2026-07-26 03:21:12 | INFO     | KDClient 0 round 41 local training (epochs=4)
[2026-07-26 03:48:36] 2026-07-26 03:21:25 | INFO     | KDClient 0 round 41 completed (acc=0.9315, n=90)
[2026-07-26 03:48:36] 2026-07-26 03:21:25 | INFO     | KDClient 1 fit round 41 (tier=small)
[2026-07-26 03:48:36] 2026-07-26 03:21:25 | INFO     | KDClient 1 round 41 public KD (epochs=2)
[2026-07-26 03:48:36] 2026-07-26 03:21:42 | INFO     | KDClient 1 round 41 local training (epochs=4)
[2026-07-26 03:48:36] 2026-07-26 03:21:59 | INFO     | KDClient 1 round 41 completed (acc=0.9279, n=90)
[2026-07-26 03:48:36] 2026-07-26 03:21:59 | INFO     | KDClient 2 fit round 41 (tier=small)
[2026-07-26 03:48:36] 2026-07-26 03:21:59 | INFO     | KDClient 2 round 41 public KD (epochs=2)
[2026-07-26 03:48:36] 2026-07-26 03:22:16 | INFO     | KDClient 2 round 41 local training (epochs=4)
[2026-07-26 03:48:36] 2026-07-26 03:22:31 | INFO     | KDClient 2 round 41 completed (acc=0.9261, n=90)
[2026-07-26 03:48:36] 2026-07-26 03:22:31 | INFO     | KDClient 3 fit round 41 (tier=small)
[2026-07-26 03:48:36] 2026-07-26 03:22:31 | INFO     | KDClient 3 round 41 public KD (epochs=2)
[2026-07-26 03:48:36] 2026-07-26 03:22:48 | INFO     | KDClient 3 round 41 local training (epochs=4)
[2026-07-26 03:48:36] 2026-07-26 03:23:02 | INFO     | KDClient 3 round 41 completed (acc=0.8883, n=90)
[2026-07-26 03:48:36] 2026-07-26 03:23:02 | INFO     | KDClient 4 fit round 41 (tier=small)
[2026-07-26 03:48:36] 2026-07-26 03:23:02 | INFO     | KDClient 4 round 41 public KD (epochs=2)
[2026-07-26 03:48:36] 2026-07-26 03:23:17 | INFO     | KDClient 4 round 41 local training (epochs=4)
[2026-07-26 03:48:36] 2026-07-26 03:23:32 | INFO     | KDClient 4 round 41 completed (acc=0.9153, n=90)
[2026-07-26 03:48:36] 2026-07-26 03:23:32 | INFO     | KDClient 5 fit round 41 (tier=small)
[2026-07-26 03:48:36] 2026-07-26 03:23:32 | INFO     | KDClient 5 round 41 public KD (epochs=2)
[2026-07-26 03:48:36] 2026-07-26 03:23:47 | INFO     | KDClient 5 round 41 local training (epochs=4)
[2026-07-26 03:48:36] 2026-07-26 03:24:01 | INFO     | KDClient 5 round 41 completed (acc=0.9207, n=90)
[2026-07-26 03:48:36] 2026-07-26 03:24:01 | INFO     | KDClient 6 fit round 41 (tier=small)
[2026-07-26 03:48:36] 2026-07-26 03:24:01 | INFO     | KDClient 6 round 41 public KD (epochs=2)
[2026-07-26 03:48:36] 2026-07-26 03:24:20 | INFO     | KDClient 6 round 41 local training (epochs=4)
[2026-07-26 03:48:36] 2026-07-26 03:24:33 | INFO     | KDClient 6 round 41 completed (acc=0.8486, n=90)
[2026-07-26 03:48:36] 2026-07-26 03:24:33 | INFO     | KDClient 7 fit round 41 (tier=medium)
[2026-07-26 03:48:36] 2026-07-26 03:24:33 | INFO     | KDClient 7 round 41 public KD (epochs=2)
[2026-07-26 03:48:36] 2026-07-26 03:25:20 | INFO     | KDClient 7 round 41 local training (epochs=4)
[2026-07-26 03:48:36] 2026-07-26 03:26:06 | INFO     | KDClient 7 round 41 completed (acc=0.8721, n=90)
[2026-07-26 03:48:36] 2026-07-26 03:26:06 | INFO     | KDClient 8 fit round 41 (tier=medium)
[2026-07-26 03:48:36] 2026-07-26 03:26:06 | INFO     | KDClient 8 round 41 public KD (epochs=2)
[2026-07-26 03:48:36] 2026-07-26 03:26:53 | INFO     | KDClient 8 round 41 local training (epochs=4)
[2026-07-26 03:48:36] 2026-07-26 03:27:39 | INFO     | KDClient 8 round 41 completed (acc=0.8414, n=90)
[2026-07-26 03:48:36] 2026-07-26 03:27:39 | INFO     | KDClient 9 fit round 41 (tier=medium)
[2026-07-26 03:48:36] 2026-07-26 03:27:39 | INFO     | KDClient 9 round 41 public KD (epochs=2)
[2026-07-26 03:48:36] 2026-07-26 03:28:27 | INFO     | KDClient 9 round 41 local training (epochs=4)
[2026-07-26 03:48:36] 2026-07-26 03:29:06 | INFO     | KDClient 9 round 41 completed (acc=0.8234, n=90)
[2026-07-26 03:48:36] 2026-07-26 03:29:06 | INFO     | KDClient 10 fit round 41 (tier=medium)
[2026-07-26 03:48:36] 2026-07-26 03:29:06 | INFO     | KDClient 10 round 41 public KD (epochs=2)
[2026-07-26 03:48:36] 2026-07-26 03:29:50 | INFO     | KDClient 10 round 41 local training (epochs=4)
[2026-07-26 03:48:36] 2026-07-26 03:30:28 | INFO     | KDClient 10 round 41 completed (acc=0.8378, n=90)
[2026-07-26 03:48:36] 2026-07-26 03:30:28 | INFO     | KDClient 11 fit round 41 (tier=medium)
[2026-07-26 03:48:36] 2026-07-26 03:30:28 | INFO     | KDClient 11 round 41 public KD (epochs=2)
[2026-07-26 03:48:36] 2026-07-26 03:31:09 | INFO     | KDClient 11 round 41 local training (epochs=4)
[2026-07-26 03:48:36] 2026-07-26 03:31:39 | INFO     | KDClient 11 round 41 completed (acc=0.9045, n=90)
[2026-07-26 03:48:36] 2026-07-26 03:31:39 | INFO     | KDClient 12 fit round 41 (tier=medium)
[2026-07-26 03:48:36] 2026-07-26 03:31:39 | INFO     | KDClient 12 round 41 public KD (epochs=2)
[2026-07-26 03:48:36] 2026-07-26 03:32:20 | INFO     | KDClient 12 round 41 local training (epochs=4)
[2026-07-26 03:48:36] 2026-07-26 03:32:50 | INFO     | KDClient 12 round 41 completed (acc=0.8847, n=90)
[2026-07-26 03:48:36] 2026-07-26 03:32:50 | INFO     | KDClient 13 fit round 41 (tier=medium)
[2026-07-26 03:48:36] 2026-07-26 03:32:50 | INFO     | KDClient 13 round 41 public KD (epochs=2)
[2026-07-26 03:48:36] 2026-07-26 03:33:31 | INFO     | KDClient 13 round 41 local training (epochs=4)
[2026-07-26 03:48:36] 2026-07-26 03:34:03 | INFO     | KDClient 13 round 41 completed (acc=0.8595, n=90)
[2026-07-26 03:48:36] 2026-07-26 03:34:03 | INFO     | KDClient 14 fit round 41 (tier=large)
[2026-07-26 03:48:36] 2026-07-26 03:34:03 | INFO     | KDClient 14 round 41 public KD (epochs=2)
[2026-07-26 03:48:36] 2026-07-26 03:35:10 | INFO     | KDClient 14 round 41 local training (epochs=4)
[2026-07-26 03:48:36] 2026-07-26 03:35:43 | INFO     | KDClient 14 round 41 completed (acc=0.8577, n=90)
[2026-07-26 03:48:36] 2026-07-26 03:35:43 | INFO     | KDClient 15 fit round 41 (tier=large)
[2026-07-26 03:48:36] 2026-07-26 03:35:43 | INFO     | KDClient 15 round 41 public KD (epochs=2)
[2026-07-26 03:48:36] 2026-07-26 03:36:42 | INFO     | KDClient 15 round 41 local training (epochs=4)
[2026-07-26 03:48:36] 2026-07-26 03:37:32 | INFO     | KDClient 15 round 41 completed (acc=0.8541, n=90)
[2026-07-26 03:48:36] 2026-07-26 03:37:32 | INFO     | KDClient 16 fit round 41 (tier=large)
[2026-07-26 03:48:36] 2026-07-26 03:37:32 | INFO     | KDClient 16 round 41 public KD (epochs=2)
[2026-07-26 03:48:36] 2026-07-26 03:38:41 | INFO     | KDClient 16 round 41 local training (epochs=4)
[2026-07-26 03:48:36] 2026-07-26 03:39:36 | INFO     | KDClient 16 round 41 completed (acc=0.9117, n=90)
[2026-07-26 03:48:36] 2026-07-26 03:39:36 | INFO     | KDClient 17 fit round 41 (tier=large)
[2026-07-26 03:48:36] 2026-07-26 03:39:36 | INFO     | KDClient 17 round 41 public KD (epochs=2)
[2026-07-26 03:48:36] 2026-07-26 03:40:48 | INFO     | KDClient 17 round 41 local training (epochs=4)
[2026-07-26 03:48:36] 2026-07-26 03:41:43 | INFO     | KDClient 17 round 41 completed (acc=0.8486, n=90)
[2026-07-26 03:48:36] 2026-07-26 03:41:43 | INFO     | KDClient 18 fit round 41 (tier=large)
[2026-07-26 03:48:36] 2026-07-26 03:41:43 | INFO     | KDClient 18 round 41 public KD (epochs=2)
[2026-07-26 03:48:36] 2026-07-26 03:43:01 | INFO     | KDClient 18 round 41 local training (epochs=4)
[2026-07-26 03:48:36] 2026-07-26 03:44:00 | INFO     | KDClient 18 round 41 completed (acc=0.8775, n=90)
[2026-07-26 03:48:36] 2026-07-26 03:44:00 | INFO     | KDClient 19 fit round 41 (tier=large)
[2026-07-26 03:48:36] 2026-07-26 03:44:00 | INFO     | KDClient 19 round 41 public KD (epochs=2)
[2026-07-26 03:48:36] 2026-07-26 03:45:11 | INFO     | KDClient 19 round 41 local training (epochs=4)
[2026-07-26 03:48:36] 2026-07-26 03:46:01 | INFO     | KDClient 19 round 41 completed (acc=0.8793, n=90)
[2026-07-26 03:48:36]   Round  41/50 | Avg: 0.8805 | Min: 0.8234 | Max: 0.9315
[2026-07-26 03:48:36] 2026-07-26 03:46:01 | INFO     | FEDMD — IID: round 42/50 starting
[2026-07-26 03:48:36] 2026-07-26 03:46:01 | INFO     | KDClient 0 fit round 42 (tier=small)
[2026-07-26 03:48:36] 2026-07-26 03:46:01 | INFO     | KDClient 0 round 42 public KD (epochs=2)
[2026-07-26 03:48:36] 2026-07-26 03:46:17 | INFO     | KDClient 0 round 42 local training (epochs=4)
[2026-07-26 03:48:36] 2026-07-26 03:46:33 | INFO     | KDClient 0 round 42 completed (acc=0.9261, n=90)
[2026-07-26 03:48:36] 2026-07-26 03:46:33 | INFO     | KDClient 1 fit round 42 (tier=small)
[2026-07-26 03:48:36] 2026-07-26 03:46:33 | INFO     | KDClient 1 round 42 public KD (epochs=2)
[2026-07-26 03:48:36] 2026-07-26 03:46:48 | INFO     | KDClient 1 round 42 local training (epochs=4)
[2026-07-26 03:48:36] 2026-07-26 03:46:59 | INFO     | KDClient 1 round 42 completed (acc=0.9135, n=90)
[2026-07-26 03:48:36] 2026-07-26 03:46:59 | INFO     | KDClient 2 fit round 42 (tier=small)
[2026-07-26 03:48:36] 2026-07-26 03:46:59 | INFO     | KDClient 2 round 42 public KD (epochs=2)
[2026-07-26 03:48:36] 2026-07-26 03:47:15 | INFO     | KDClient 2 round 42 local training (epochs=4)
[2026-07-26 03:48:36] 2026-07-26 03:47:26 | INFO     | KDClient 2 round 42 completed (acc=0.9207, n=90)
[2026-07-26 03:48:36] 2026-07-26 03:47:26 | INFO     | KDClient 3 fit round 42 (tier=small)
[2026-07-26 03:48:36] 2026-07-26 03:47:26 | INFO     | KDClient 3 round 42 public KD (epochs=2)
[2026-07-26 03:48:36] 2026-07-26 03:47:41 | INFO     | KDClient 3 round 42 local training (epochs=4)
[2026-07-26 03:48:36] 2026-07-26 03:47:50 | INFO     | KDClient 3 round 42 completed (acc=0.8937, n=90)
[2026-07-26 03:48:36] 2026-07-26 03:47:50 | INFO     | KDClient 4 fit round 42 (tier=small)
[2026-07-26 03:48:36] 2026-07-26 03:47:50 | INFO     | KDClient 4 round 42 public KD (epochs=2)
[2026-07-26 03:48:36] 2026-07-26 03:48:04 | INFO     | KDClient 4 round 42 local training (epochs=4)
[2026-07-26 03:48:36] 2026-07-26 03:48:19 | INFO     | KDClient 4 round 42 completed (acc=0.9081, n=90)
[2026-07-26 03:48:36] 2026-07-26 03:48:19 | INFO     | KDClient 5 fit round 42 (tier=small)
[2026-07-26 03:48:36] 2026-07-26 03:48:19 | INFO     | KDClient 5 round 42 public KD (epochs=2)
[2026-07-26 08:03:30] 2026-07-26 03:48:36 | INFO     | KDClient 5 round 42 local training (epochs=4)
[2026-07-26 08:03:30] 2026-07-26 03:48:52 | INFO     | KDClient 5 round 42 completed (acc=0.9225, n=90)
[2026-07-26 08:03:30] 2026-07-26 03:48:52 | INFO     | KDClient 6 fit round 42 (tier=small)
[2026-07-26 08:03:30] 2026-07-26 03:48:52 | INFO     | KDClient 6 round 42 public KD (epochs=2)
[2026-07-26 08:03:30] 2026-07-26 03:49:09 | INFO     | KDClient 6 round 42 local training (epochs=4)
[2026-07-26 08:03:30] 2026-07-26 03:49:21 | INFO     | KDClient 6 round 42 completed (acc=0.8541, n=90)
[2026-07-26 08:03:30] 2026-07-26 03:49:21 | INFO     | KDClient 7 fit round 42 (tier=medium)
[2026-07-26 08:03:30] 2026-07-26 03:49:21 | INFO     | KDClient 7 round 42 public KD (epochs=2)
[2026-07-26 08:03:30] 2026-07-26 03:50:09 | INFO     | KDClient 7 round 42 local training (epochs=4)
[2026-07-26 08:03:30] 2026-07-26 03:50:47 | INFO     | KDClient 7 round 42 completed (acc=0.8541, n=90)
[2026-07-26 08:03:30] 2026-07-26 03:50:47 | INFO     | KDClient 8 fit round 42 (tier=medium)
[2026-07-26 08:03:30] 2026-07-26 03:50:47 | INFO     | KDClient 8 round 42 public KD (epochs=2)
[2026-07-26 08:03:30] 2026-07-26 03:51:36 | INFO     | KDClient 8 round 42 local training (epochs=4)
[2026-07-26 08:03:30] 2026-07-26 03:52:17 | INFO     | KDClient 8 round 42 completed (acc=0.8577, n=90)
[2026-07-26 08:03:30] 2026-07-26 03:52:17 | INFO     | KDClient 9 fit round 42 (tier=medium)
[2026-07-26 08:03:30] 2026-07-26 03:52:17 | INFO     | KDClient 9 round 42 public KD (epochs=2)
[2026-07-26 08:03:30] 2026-07-26 03:53:08 | INFO     | KDClient 9 round 42 local training (epochs=4)
[2026-07-26 08:03:30] 2026-07-26 03:53:40 | INFO     | KDClient 9 round 42 completed (acc=0.8144, n=90)
[2026-07-26 08:03:30] 2026-07-26 03:53:40 | INFO     | KDClient 10 fit round 42 (tier=medium)
[2026-07-26 08:03:30] 2026-07-26 03:53:40 | INFO     | KDClient 10 round 42 public KD (epochs=2)
[2026-07-26 08:03:30] 2026-07-26 03:54:15 | INFO     | KDClient 10 round 42 local training (epochs=4)
[2026-07-26 08:03:30] 2026-07-26 03:54:50 | INFO     | KDClient 10 round 42 completed (acc=0.8631, n=90)
[2026-07-26 08:03:30] 2026-07-26 03:54:50 | INFO     | KDClient 11 fit round 42 (tier=medium)
[2026-07-26 08:03:30] 2026-07-26 03:54:50 | INFO     | KDClient 11 round 42 public KD (epochs=2)
[2026-07-26 08:03:30] 2026-07-26 03:55:28 | INFO     | KDClient 11 round 42 local training (epochs=4)
[2026-07-26 08:03:30] 2026-07-26 03:55:59 | INFO     | KDClient 11 round 42 completed (acc=0.9063, n=90)
[2026-07-26 08:03:30] 2026-07-26 03:55:59 | INFO     | KDClient 12 fit round 42 (tier=medium)
[2026-07-26 08:03:30] 2026-07-26 03:55:59 | INFO     | KDClient 12 round 42 public KD (epochs=2)
[2026-07-26 08:03:30] 2026-07-26 03:56:39 | INFO     | KDClient 12 round 42 local training (epochs=4)
[2026-07-26 08:03:30] 2026-07-26 03:57:09 | INFO     | KDClient 12 round 42 completed (acc=0.8667, n=90)
[2026-07-26 08:03:30] 2026-07-26 03:57:09 | INFO     | KDClient 13 fit round 42 (tier=medium)
[2026-07-26 08:03:30] 2026-07-26 03:57:09 | INFO     | KDClient 13 round 42 public KD (epochs=2)
[2026-07-26 08:03:30] 2026-07-26 03:57:49 | INFO     | KDClient 13 round 42 local training (epochs=4)
[2026-07-26 08:03:30] 2026-07-26 03:58:17 | INFO     | KDClient 13 round 42 completed (acc=0.8595, n=90)
[2026-07-26 08:03:30] 2026-07-26 03:58:17 | INFO     | KDClient 14 fit round 42 (tier=large)
[2026-07-26 08:03:30] 2026-07-26 03:58:17 | INFO     | KDClient 14 round 42 public KD (epochs=2)
[2026-07-26 08:03:30] 2026-07-26 03:59:18 | INFO     | KDClient 14 round 42 local training (epochs=4)
[2026-07-26 08:03:30] 2026-07-26 04:00:04 | INFO     | KDClient 14 round 42 completed (acc=0.8613, n=90)
[2026-07-26 08:03:30] 2026-07-26 04:00:04 | INFO     | KDClient 15 fit round 42 (tier=large)
[2026-07-26 08:03:30] 2026-07-26 04:00:04 | INFO     | KDClient 15 round 42 public KD (epochs=2)
[2026-07-26 08:03:30] 2026-07-26 04:00:58 | INFO     | KDClient 15 round 42 local training (epochs=4)
[2026-07-26 08:03:30] 2026-07-26 04:01:36 | INFO     | KDClient 15 round 42 completed (acc=0.8252, n=90)
[2026-07-26 08:03:30] 2026-07-26 04:01:36 | INFO     | KDClient 16 fit round 42 (tier=large)
[2026-07-26 08:03:30] 2026-07-26 04:01:36 | INFO     | KDClient 16 round 42 public KD (epochs=2)
[2026-07-26 08:03:30] 2026-07-26 04:02:51 | INFO     | KDClient 16 round 42 local training (epochs=4)
[2026-07-26 08:03:30] 2026-07-26 04:03:36 | INFO     | KDClient 16 round 42 completed (acc=0.9117, n=90)
[2026-07-26 08:03:30] 2026-07-26 04:03:36 | INFO     | KDClient 17 fit round 42 (tier=large)
[2026-07-26 08:03:30] 2026-07-26 04:03:36 | INFO     | KDClient 17 round 42 public KD (epochs=2)
[2026-07-26 08:03:30] 2026-07-26 04:04:53 | INFO     | KDClient 17 round 42 local training (epochs=4)
[2026-07-26 08:03:30] 2026-07-26 04:05:43 | INFO     | KDClient 17 round 42 completed (acc=0.8865, n=90)
[2026-07-26 08:03:30] 2026-07-26 04:05:43 | INFO     | KDClient 18 fit round 42 (tier=large)
[2026-07-26 08:03:30] 2026-07-26 04:05:43 | INFO     | KDClient 18 round 42 public KD (epochs=2)
[2026-07-26 08:03:30] 2026-07-26 04:07:00 | INFO     | KDClient 18 round 42 local training (epochs=4)
[2026-07-26 08:03:30] 2026-07-26 04:08:13 | INFO     | KDClient 18 round 42 completed (acc=0.8757, n=90)
[2026-07-26 08:03:30] 2026-07-26 04:08:13 | INFO     | KDClient 19 fit round 42 (tier=large)
[2026-07-26 08:03:30] 2026-07-26 04:08:13 | INFO     | KDClient 19 round 42 public KD (epochs=2)
[2026-07-26 08:03:30] 2026-07-26 04:09:32 | INFO     | KDClient 19 round 42 local training (epochs=4)
[2026-07-26 08:03:30] 2026-07-26 04:10:17 | INFO     | KDClient 19 round 42 completed (acc=0.8847, n=90)
[2026-07-26 08:03:30]   Round  42/50 | Avg: 0.8803 | Min: 0.8144 | Max: 0.9261
[2026-07-26 08:03:30] 2026-07-26 04:10:17 | INFO     | FEDMD — IID: round 43/50 starting
[2026-07-26 08:03:30] 2026-07-26 04:10:17 | INFO     | KDClient 0 fit round 43 (tier=small)
[2026-07-26 08:03:30] 2026-07-26 04:10:17 | INFO     | KDClient 0 round 43 public KD (epochs=2)
[2026-07-26 08:03:30] 2026-07-26 04:10:31 | INFO     | KDClient 0 round 43 local training (epochs=4)
[2026-07-26 08:03:30] 2026-07-26 04:10:45 | INFO     | KDClient 0 round 43 completed (acc=0.9261, n=90)
[2026-07-26 08:03:30] 2026-07-26 04:10:45 | INFO     | KDClient 1 fit round 43 (tier=small)
[2026-07-26 08:03:30] 2026-07-26 04:10:45 | INFO     | KDClient 1 round 43 public KD (epochs=2)
[2026-07-26 08:03:30] 2026-07-26 04:11:00 | INFO     | KDClient 1 round 43 local training (epochs=4)
[2026-07-26 08:03:30] 2026-07-26 04:11:13 | INFO     | KDClient 1 round 43 completed (acc=0.9045, n=90)
[2026-07-26 08:03:30] 2026-07-26 04:11:13 | INFO     | KDClient 2 fit round 43 (tier=small)
[2026-07-26 08:03:30] 2026-07-26 04:11:13 | INFO     | KDClient 2 round 43 public KD (epochs=2)
[2026-07-26 08:03:30] 2026-07-26 04:11:28 | INFO     | KDClient 2 round 43 local training (epochs=4)
[2026-07-26 08:03:30] 2026-07-26 04:11:43 | INFO     | KDClient 2 round 43 completed (acc=0.9063, n=90)
[2026-07-26 08:03:30] 2026-07-26 04:11:43 | INFO     | KDClient 3 fit round 43 (tier=small)
[2026-07-26 08:03:30] 2026-07-26 04:11:43 | INFO     | KDClient 3 round 43 public KD (epochs=2)
[2026-07-26 08:03:30] 2026-07-26 04:11:58 | INFO     | KDClient 3 round 43 local training (epochs=4)
[2026-07-26 08:03:30] 2026-07-26 04:12:11 | INFO     | KDClient 3 round 43 completed (acc=0.8847, n=90)
[2026-07-26 08:03:30] 2026-07-26 04:12:11 | INFO     | KDClient 4 fit round 43 (tier=small)
[2026-07-26 08:03:30] 2026-07-26 04:12:11 | INFO     | KDClient 4 round 43 public KD (epochs=2)
[2026-07-26 08:03:30] 2026-07-26 04:12:25 | INFO     | KDClient 4 round 43 local training (epochs=4)
[2026-07-26 08:03:30] 2026-07-26 04:12:35 | INFO     | KDClient 4 round 43 completed (acc=0.9117, n=90)
[2026-07-26 08:03:30] 2026-07-26 04:12:35 | INFO     | KDClient 5 fit round 43 (tier=small)
[2026-07-26 08:03:30] 2026-07-26 04:12:35 | INFO     | KDClient 5 round 43 public KD (epochs=2)
[2026-07-26 08:03:30] 2026-07-26 04:12:49 | INFO     | KDClient 5 round 43 local training (epochs=4)
[2026-07-26 08:03:30] 2026-07-26 04:13:04 | INFO     | KDClient 5 round 43 completed (acc=0.9171, n=90)
[2026-07-26 08:03:30] 2026-07-26 04:13:04 | INFO     | KDClient 6 fit round 43 (tier=small)
[2026-07-26 08:03:30] 2026-07-26 04:13:04 | INFO     | KDClient 6 round 43 public KD (epochs=2)
[2026-07-26 08:03:30] 2026-07-26 04:13:23 | INFO     | KDClient 6 round 43 local training (epochs=4)
[2026-07-26 08:03:30] 2026-07-26 04:13:39 | INFO     | KDClient 6 round 43 completed (acc=0.8414, n=90)
[2026-07-26 08:03:30] 2026-07-26 04:13:39 | INFO     | KDClient 7 fit round 43 (tier=medium)
[2026-07-26 08:03:30] 2026-07-26 04:13:39 | INFO     | KDClient 7 round 43 public KD (epochs=2)
[2026-07-26 08:03:30] 2026-07-26 04:14:21 | INFO     | KDClient 7 round 43 local training (epochs=4)
[2026-07-26 08:03:30] 2026-07-26 04:14:55 | INFO     | KDClient 7 round 43 completed (acc=0.8793, n=90)
[2026-07-26 08:03:30] 2026-07-26 04:14:55 | INFO     | KDClient 8 fit round 43 (tier=medium)
[2026-07-26 08:03:30] 2026-07-26 04:14:55 | INFO     | KDClient 8 round 43 public KD (epochs=2)
[2026-07-26 08:03:30] 2026-07-26 04:15:47 | INFO     | KDClient 8 round 43 local training (epochs=4)
[2026-07-26 08:03:30] 2026-07-26 04:16:23 | INFO     | KDClient 8 round 43 completed (acc=0.8595, n=90)
[2026-07-26 08:03:30] 2026-07-26 04:16:23 | INFO     | KDClient 9 fit round 43 (tier=medium)
[2026-07-26 08:03:30] 2026-07-26 04:16:23 | INFO     | KDClient 9 round 43 public KD (epochs=2)
[2026-07-26 08:03:30] 2026-07-26 04:17:11 | INFO     | KDClient 9 round 43 local training (epochs=4)
[2026-07-26 08:03:30] 2026-07-26 04:17:48 | INFO     | KDClient 9 round 43 completed (acc=0.8180, n=90)
[2026-07-26 08:03:30] 2026-07-26 04:17:48 | INFO     | KDClient 10 fit round 43 (tier=medium)
[2026-07-26 08:03:30] 2026-07-26 04:17:48 | INFO     | KDClient 10 round 43 public KD (epochs=2)
[2026-07-26 08:03:30] 2026-07-26 04:18:39 | INFO     | KDClient 10 round 43 local training (epochs=4)
[2026-07-26 08:03:30] 2026-07-26 04:19:14 | INFO     | KDClient 10 round 43 completed (acc=0.8559, n=90)
[2026-07-26 08:03:30] 2026-07-26 04:19:14 | INFO     | KDClient 11 fit round 43 (tier=medium)
[2026-07-26 08:03:30] 2026-07-26 04:19:14 | INFO     | KDClient 11 round 43 public KD (epochs=2)
[2026-07-26 08:03:30] 2026-07-26 04:19:57 | INFO     | KDClient 11 round 43 local training (epochs=4)
[2026-07-26 08:03:30] 2026-07-26 04:20:27 | INFO     | KDClient 11 round 43 completed (acc=0.8973, n=90)
[2026-07-26 08:03:30] 2026-07-26 04:20:27 | INFO     | KDClient 12 fit round 43 (tier=medium)
[2026-07-26 08:03:30] 2026-07-26 04:20:27 | INFO     | KDClient 12 round 43 public KD (epochs=2)
[2026-07-26 08:03:30] 2026-07-26 04:21:06 | INFO     | KDClient 12 round 43 local training (epochs=4)
[2026-07-26 08:03:30] 2026-07-26 04:21:37 | INFO     | KDClient 12 round 43 completed (acc=0.8667, n=90)
[2026-07-26 08:03:30] 2026-07-26 04:21:37 | INFO     | KDClient 13 fit round 43 (tier=medium)
[2026-07-26 08:03:30] 2026-07-26 04:21:37 | INFO     | KDClient 13 round 43 public KD (epochs=2)
[2026-07-26 08:03:30] 2026-07-26 04:22:17 | INFO     | KDClient 13 round 43 local training (epochs=4)
[2026-07-26 08:03:30] 2026-07-26 04:22:47 | INFO     | KDClient 13 round 43 completed (acc=0.8847, n=90)
[2026-07-26 08:03:30] 2026-07-26 04:22:47 | INFO     | KDClient 14 fit round 43 (tier=large)
[2026-07-26 08:03:30] 2026-07-26 04:22:47 | INFO     | KDClient 14 round 43 public KD (epochs=2)
[2026-07-26 08:03:30] 2026-07-26 04:23:41 | INFO     | KDClient 14 round 43 local training (epochs=4)
[2026-07-26 08:03:30] 2026-07-26 04:24:25 | INFO     | KDClient 14 round 43 completed (acc=0.8649, n=90)
[2026-07-26 08:03:30] 2026-07-26 04:24:25 | INFO     | KDClient 15 fit round 43 (tier=large)
[2026-07-26 08:03:30] 2026-07-26 04:24:25 | INFO     | KDClient 15 round 43 public KD (epochs=2)
[2026-07-26 08:03:30] 2026-07-26 04:25:27 | INFO     | KDClient 15 round 43 local training (epochs=4)
[2026-07-26 08:03:30] 2026-07-26 04:26:17 | INFO     | KDClient 15 round 43 completed (acc=0.8324, n=90)
[2026-07-26 08:03:30] 2026-07-26 04:26:17 | INFO     | KDClient 16 fit round 43 (tier=large)
[2026-07-26 08:03:30] 2026-07-26 04:26:17 | INFO     | KDClient 16 round 43 public KD (epochs=2)
[2026-07-26 08:03:30] 2026-07-26 04:27:30 | INFO     | KDClient 16 round 43 local training (epochs=4)
[2026-07-26 08:03:30] 2026-07-26 04:28:16 | INFO     | KDClient 16 round 43 completed (acc=0.9117, n=90)
[2026-07-26 08:03:30] 2026-07-26 04:28:16 | INFO     | KDClient 17 fit round 43 (tier=large)
[2026-07-26 08:03:30] 2026-07-26 04:28:16 | INFO     | KDClient 17 round 43 public KD (epochs=2)
[2026-07-26 08:03:30] 2026-07-26 04:29:21 | INFO     | KDClient 17 round 43 local training (epochs=4)
[2026-07-26 08:03:30] 2026-07-26 04:30:19 | INFO     | KDClient 17 round 43 completed (acc=0.8775, n=90)
[2026-07-26 08:03:30] 2026-07-26 04:30:19 | INFO     | KDClient 18 fit round 43 (tier=large)
[2026-07-26 08:03:30] 2026-07-26 04:30:19 | INFO     | KDClient 18 round 43 public KD (epochs=2)
[2026-07-26 08:03:30] 2026-07-26 04:31:34 | INFO     | KDClient 18 round 43 local training (epochs=4)
[2026-07-26 08:03:30] 2026-07-26 04:32:28 | INFO     | KDClient 18 round 43 completed (acc=0.8847, n=90)
[2026-07-26 08:03:30] 2026-07-26 04:32:28 | INFO     | KDClient 19 fit round 43 (tier=large)
[2026-07-26 08:03:30] 2026-07-26 04:32:28 | INFO     | KDClient 19 round 43 public KD (epochs=2)
[2026-07-26 08:03:30] 2026-07-26 04:33:42 | INFO     | KDClient 19 round 43 local training (epochs=4)
[2026-07-26 08:03:30] 2026-07-26 04:34:40 | INFO     | KDClient 19 round 43 completed (acc=0.9009, n=90)
[2026-07-26 08:03:30]   Round  43/50 | Avg: 0.8813 | Min: 0.8180 | Max: 0.9261
[2026-07-26 08:03:30] 2026-07-26 04:34:40 | INFO     | FEDMD — IID: round 44/50 starting
[2026-07-26 08:03:30] 2026-07-26 04:34:40 | INFO     | KDClient 0 fit round 44 (tier=small)
[2026-07-26 08:03:30] 2026-07-26 04:34:40 | INFO     | KDClient 0 round 44 public KD (epochs=2)
[2026-07-26 08:03:30] 2026-07-26 04:34:54 | INFO     | KDClient 0 round 44 local training (epochs=4)
[2026-07-26 08:03:30] 2026-07-26 04:35:06 | INFO     | KDClient 0 round 44 completed (acc=0.9189, n=90)
[2026-07-26 08:03:30] 2026-07-26 04:35:06 | INFO     | KDClient 1 fit round 44 (tier=small)
[2026-07-26 08:03:30] 2026-07-26 04:35:06 | INFO     | KDClient 1 round 44 public KD (epochs=2)
[2026-07-26 08:03:30] 2026-07-26 04:35:21 | INFO     | KDClient 1 round 44 local training (epochs=4)
[2026-07-26 08:03:30] 2026-07-26 04:35:34 | INFO     | KDClient 1 round 44 completed (acc=0.9207, n=90)
[2026-07-26 08:03:30] 2026-07-26 04:35:34 | INFO     | KDClient 2 fit round 44 (tier=small)
[2026-07-26 08:03:30] 2026-07-26 04:35:34 | INFO     | KDClient 2 round 44 public KD (epochs=2)
[2026-07-26 08:03:30] 2026-07-26 04:35:50 | INFO     | KDClient 2 round 44 local training (epochs=4)
[2026-07-26 08:03:30] 2026-07-26 04:36:02 | INFO     | KDClient 2 round 44 completed (acc=0.9207, n=90)
[2026-07-26 08:03:30] 2026-07-26 04:36:02 | INFO     | KDClient 3 fit round 44 (tier=small)
[2026-07-26 08:03:30] 2026-07-26 04:36:02 | INFO     | KDClient 3 round 44 public KD (epochs=2)
[2026-07-26 08:03:30] 2026-07-26 04:36:18 | INFO     | KDClient 3 round 44 local training (epochs=4)
[2026-07-26 08:03:30] 2026-07-26 04:36:31 | INFO     | KDClient 3 round 44 completed (acc=0.8937, n=90)
[2026-07-26 08:03:30] 2026-07-26 04:36:31 | INFO     | KDClient 4 fit round 44 (tier=small)
[2026-07-26 08:03:30] 2026-07-26 04:36:31 | INFO     | KDClient 4 round 44 public KD (epochs=2)
[2026-07-26 08:03:30] 2026-07-26 04:36:45 | INFO     | KDClient 4 round 44 local training (epochs=4)
[2026-07-26 08:03:30] 2026-07-26 04:36:56 | INFO     | KDClient 4 round 44 completed (acc=0.9189, n=90)
[2026-07-26 08:03:30] 2026-07-26 04:36:56 | INFO     | KDClient 5 fit round 44 (tier=small)
[2026-07-26 08:03:30] 2026-07-26 04:36:56 | INFO     | KDClient 5 round 44 public KD (epochs=2)
[2026-07-26 08:03:30] 2026-07-26 04:37:10 | INFO     | KDClient 5 round 44 local training (epochs=4)
[2026-07-26 08:03:30] 2026-07-26 04:37:22 | INFO     | KDClient 5 round 44 completed (acc=0.9225, n=90)
[2026-07-26 08:03:30] 2026-07-26 04:37:22 | INFO     | KDClient 6 fit round 44 (tier=small)
[2026-07-26 08:03:30] 2026-07-26 04:37:22 | INFO     | KDClient 6 round 44 public KD (epochs=2)
[2026-07-26 08:03:30] 2026-07-26 04:37:37 | INFO     | KDClient 6 round 44 local training (epochs=4)
[2026-07-26 08:03:30] 2026-07-26 04:37:49 | INFO     | KDClient 6 round 44 completed (acc=0.9009, n=90)
[2026-07-26 08:03:30] 2026-07-26 04:37:49 | INFO     | KDClient 7 fit round 44 (tier=medium)
[2026-07-26 08:03:30] 2026-07-26 04:37:49 | INFO     | KDClient 7 round 44 public KD (epochs=2)
[2026-07-26 08:03:30] 2026-07-26 04:38:55 | INFO     | KDClient 7 round 44 local training (epochs=4)
[2026-07-26 08:03:30] 2026-07-26 04:39:33 | INFO     | KDClient 7 round 44 completed (acc=0.9045, n=90)
[2026-07-26 08:03:30] 2026-07-26 04:39:33 | INFO     | KDClient 8 fit round 44 (tier=medium)
[2026-07-26 08:03:30] 2026-07-26 04:39:33 | INFO     | KDClient 8 round 44 public KD (epochs=2)
[2026-07-26 08:03:30] 2026-07-26 04:40:21 | INFO     | KDClient 8 round 44 local training (epochs=4)
[2026-07-26 08:03:30] 2026-07-26 04:40:59 | INFO     | KDClient 8 round 44 completed (acc=0.8775, n=90)
[2026-07-26 08:03:30] 2026-07-26 04:40:59 | INFO     | KDClient 9 fit round 44 (tier=medium)
[2026-07-26 08:03:30] 2026-07-26 04:40:59 | INFO     | KDClient 9 round 44 public KD (epochs=2)
[2026-07-26 08:03:30] 2026-07-26 04:41:50 | INFO     | KDClient 9 round 44 local training (epochs=4)
[2026-07-26 08:03:30] 2026-07-26 04:42:36 | INFO     | KDClient 9 round 44 completed (acc=0.8126, n=90)
[2026-07-26 08:03:30] 2026-07-26 04:42:36 | INFO     | KDClient 10 fit round 44 (tier=medium)
[2026-07-26 08:03:30] 2026-07-26 04:42:36 | INFO     | KDClient 10 round 44 public KD (epochs=2)
[2026-07-26 08:03:30] 2026-07-26 04:43:58 | INFO     | KDClient 10 round 44 local training (epochs=4)
[2026-07-26 08:03:30] 2026-07-26 04:44:31 | INFO     | KDClient 10 round 44 completed (acc=0.8649, n=90)
[2026-07-26 08:03:30] 2026-07-26 04:44:31 | INFO     | KDClient 11 fit round 44 (tier=medium)
[2026-07-26 08:03:30] 2026-07-26 04:44:31 | INFO     | KDClient 11 round 44 public KD (epochs=2)
[2026-07-26 08:03:30] 2026-07-26 04:45:34 | INFO     | KDClient 11 round 44 local training (epochs=4)
[2026-07-26 08:03:30] 2026-07-26 04:46:08 | INFO     | KDClient 11 round 44 completed (acc=0.8955, n=90)
[2026-07-26 08:03:30] 2026-07-26 04:46:08 | INFO     | KDClient 12 fit round 44 (tier=medium)
[2026-07-26 08:03:30] 2026-07-26 04:46:08 | INFO     | KDClient 12 round 44 public KD (epochs=2)
[2026-07-26 08:03:30] 2026-07-26 04:46:38 | INFO     | KDClient 12 round 44 local training (epochs=4)
[2026-07-26 08:03:30] 2026-07-26 04:47:12 | INFO     | KDClient 12 round 44 completed (acc=0.8631, n=90)
[2026-07-26 08:03:30] 2026-07-26 04:47:12 | INFO     | KDClient 13 fit round 44 (tier=medium)
[2026-07-26 08:03:30] 2026-07-26 04:47:12 | INFO     | KDClient 13 round 44 public KD (epochs=2)
[2026-07-26 08:03:30] 2026-07-26 04:47:53 | INFO     | KDClient 13 round 44 local training (epochs=4)
[2026-07-26 08:03:30] 2026-07-26 04:48:26 | INFO     | KDClient 13 round 44 completed (acc=0.8667, n=90)
[2026-07-26 08:03:30] 2026-07-26 04:48:26 | INFO     | KDClient 14 fit round 44 (tier=large)
[2026-07-26 08:03:30] 2026-07-26 04:48:26 | INFO     | KDClient 14 round 44 public KD (epochs=2)
[2026-07-26 08:03:30] 2026-07-26 04:49:29 | INFO     | KDClient 14 round 44 local training (epochs=4)
[2026-07-26 08:03:30] 2026-07-26 04:50:15 | INFO     | KDClient 14 round 44 completed (acc=0.8793, n=90)
[2026-07-26 08:03:30] 2026-07-26 04:50:15 | INFO     | KDClient 15 fit round 44 (tier=large)
[2026-07-26 08:03:30] 2026-07-26 04:50:15 | INFO     | KDClient 15 round 44 public KD (epochs=2)
[2026-07-26 08:03:30] 2026-07-26 04:51:04 | INFO     | KDClient 15 round 44 local training (epochs=4)
[2026-07-26 08:03:30] 2026-07-26 04:51:52 | INFO     | KDClient 15 round 44 completed (acc=0.8306, n=90)
[2026-07-26 08:03:30] 2026-07-26 04:51:52 | INFO     | KDClient 16 fit round 44 (tier=large)
[2026-07-26 08:03:30] 2026-07-26 04:51:52 | INFO     | KDClient 16 round 44 public KD (epochs=2)
[2026-07-26 08:03:30] 2026-07-26 04:52:53 | INFO     | KDClient 16 round 44 local training (epochs=4)
[2026-07-26 08:03:30] 2026-07-26 04:53:40 | INFO     | KDClient 16 round 44 completed (acc=0.8757, n=90)
[2026-07-26 08:03:30] 2026-07-26 04:53:40 | INFO     | KDClient 17 fit round 44 (tier=large)
[2026-07-26 08:03:30] 2026-07-26 04:53:40 | INFO     | KDClient 17 round 44 public KD (epochs=2)
[2026-07-26 08:03:30] 2026-07-26 04:54:46 | INFO     | KDClient 17 round 44 local training (epochs=4)
[2026-07-26 08:03:30] 2026-07-26 04:55:50 | INFO     | KDClient 17 round 44 completed (acc=0.8577, n=90)
[2026-07-26 08:03:30] 2026-07-26 04:55:50 | INFO     | KDClient 18 fit round 44 (tier=large)
[2026-07-26 08:03:30] 2026-07-26 04:55:50 | INFO     | KDClient 18 round 44 public KD (epochs=2)
[2026-07-26 08:03:30] 2026-07-26 04:57:04 | INFO     | KDClient 18 round 44 local training (epochs=4)
[2026-07-26 08:03:30] 2026-07-26 04:58:04 | INFO     | KDClient 18 round 44 completed (acc=0.8811, n=90)
[2026-07-26 08:03:30] 2026-07-26 04:58:04 | INFO     | KDClient 19 fit round 44 (tier=large)
[2026-07-26 08:03:30] 2026-07-26 04:58:04 | INFO     | KDClient 19 round 44 public KD (epochs=2)
[2026-07-26 08:03:30] 2026-07-26 04:59:23 | INFO     | KDClient 19 round 44 local training (epochs=4)
[2026-07-26 08:03:30] 2026-07-26 05:00:22 | INFO     | KDClient 19 round 44 completed (acc=0.8991, n=90)
[2026-07-26 08:03:30]   Round  44/50 | Avg: 0.8852 | Min: 0.8126 | Max: 0.9225
[2026-07-26 08:03:30] 2026-07-26 05:00:22 | INFO     | FEDMD — IID: round 45/50 starting
[2026-07-26 08:03:30] 2026-07-26 05:00:22 | INFO     | KDClient 0 fit round 45 (tier=small)
[2026-07-26 08:03:30] 2026-07-26 05:00:22 | INFO     | KDClient 0 round 45 public KD (epochs=2)
[2026-07-26 08:03:30] 2026-07-26 05:00:40 | INFO     | KDClient 0 round 45 local training (epochs=4)
[2026-07-26 08:03:30] 2026-07-26 05:00:54 | INFO     | KDClient 0 round 45 completed (acc=0.9171, n=90)
[2026-07-26 08:03:30] 2026-07-26 05:00:54 | INFO     | KDClient 1 fit round 45 (tier=small)
[2026-07-26 08:03:30] 2026-07-26 05:00:54 | INFO     | KDClient 1 round 45 public KD (epochs=2)
[2026-07-26 08:03:30] 2026-07-26 05:01:08 | INFO     | KDClient 1 round 45 local training (epochs=4)
[2026-07-26 08:03:30] 2026-07-26 05:01:20 | INFO     | KDClient 1 round 45 completed (acc=0.9279, n=90)
[2026-07-26 08:03:30] 2026-07-26 05:01:20 | INFO     | KDClient 2 fit round 45 (tier=small)
[2026-07-26 08:03:30] 2026-07-26 05:01:20 | INFO     | KDClient 2 round 45 public KD (epochs=2)
[2026-07-26 08:03:30] 2026-07-26 05:01:34 | INFO     | KDClient 2 round 45 local training (epochs=4)
[2026-07-26 08:03:30] 2026-07-26 05:01:46 | INFO     | KDClient 2 round 45 completed (acc=0.9171, n=90)
[2026-07-26 08:03:30] 2026-07-26 05:01:46 | INFO     | KDClient 3 fit round 45 (tier=small)
[2026-07-26 08:03:30] 2026-07-26 05:01:46 | INFO     | KDClient 3 round 45 public KD (epochs=2)
[2026-07-26 08:03:30] 2026-07-26 05:02:02 | INFO     | KDClient 3 round 45 local training (epochs=4)
[2026-07-26 08:03:30] 2026-07-26 05:02:20 | INFO     | KDClient 3 round 45 completed (acc=0.8901, n=90)
[2026-07-26 08:03:30] 2026-07-26 05:02:20 | INFO     | KDClient 4 fit round 45 (tier=small)
[2026-07-26 08:03:30] 2026-07-26 05:02:20 | INFO     | KDClient 4 round 45 public KD (epochs=2)
[2026-07-26 08:03:30] 2026-07-26 05:02:35 | INFO     | KDClient 4 round 45 local training (epochs=4)
[2026-07-26 08:03:30] 2026-07-26 05:02:47 | INFO     | KDClient 4 round 45 completed (acc=0.8865, n=90)
[2026-07-26 08:03:30] 2026-07-26 05:02:47 | INFO     | KDClient 5 fit round 45 (tier=small)
[2026-07-26 08:03:30] 2026-07-26 05:02:47 | INFO     | KDClient 5 round 45 public KD (epochs=2)
[2026-07-26 08:03:30] 2026-07-26 05:03:00 | INFO     | KDClient 5 round 45 local training (epochs=4)
[2026-07-26 08:03:30] 2026-07-26 05:03:12 | INFO     | KDClient 5 round 45 completed (acc=0.9063, n=90)
[2026-07-26 08:03:30] 2026-07-26 05:03:12 | INFO     | KDClient 6 fit round 45 (tier=small)
[2026-07-26 08:03:30] 2026-07-26 05:03:12 | INFO     | KDClient 6 round 45 public KD (epochs=2)
[2026-07-26 08:03:30] 2026-07-26 05:03:29 | INFO     | KDClient 6 round 45 local training (epochs=4)
[2026-07-26 08:03:30] 2026-07-26 05:03:38 | INFO     | KDClient 6 round 45 completed (acc=0.8595, n=90)
[2026-07-26 08:03:30] 2026-07-26 05:03:38 | INFO     | KDClient 7 fit round 45 (tier=medium)
[2026-07-26 08:03:30] 2026-07-26 05:03:38 | INFO     | KDClient 7 round 45 public KD (epochs=2)
[2026-07-26 08:03:30] 2026-07-26 05:04:23 | INFO     | KDClient 7 round 45 local training (epochs=4)
[2026-07-26 08:03:30] 2026-07-26 05:05:02 | INFO     | KDClient 7 round 45 completed (acc=0.8991, n=90)
[2026-07-26 08:03:30] 2026-07-26 05:05:02 | INFO     | KDClient 8 fit round 45 (tier=medium)
[2026-07-26 08:03:30] 2026-07-26 05:05:02 | INFO     | KDClient 8 round 45 public KD (epochs=2)
[2026-07-26 08:03:30] 2026-07-26 05:05:51 | INFO     | KDClient 8 round 45 local training (epochs=4)
[2026-07-26 08:03:30] 2026-07-26 05:06:29 | INFO     | KDClient 8 round 45 completed (acc=0.8649, n=90)
[2026-07-26 08:03:30] 2026-07-26 05:06:29 | INFO     | KDClient 9 fit round 45 (tier=medium)
[2026-07-26 08:03:30] 2026-07-26 05:06:29 | INFO     | KDClient 9 round 45 public KD (epochs=2)
[2026-07-26 08:03:30] 2026-07-26 05:07:18 | INFO     | KDClient 9 round 45 local training (epochs=4)
[2026-07-26 08:03:30] 2026-07-26 05:07:50 | INFO     | KDClient 9 round 45 completed (acc=0.8090, n=90)
[2026-07-26 08:03:30] 2026-07-26 05:07:50 | INFO     | KDClient 10 fit round 45 (tier=medium)
[2026-07-26 08:03:30] 2026-07-26 05:07:50 | INFO     | KDClient 10 round 45 public KD (epochs=2)
[2026-07-26 08:03:30] 2026-07-26 05:08:31 | INFO     | KDClient 10 round 45 local training (epochs=4)
[2026-07-26 08:03:30] 2026-07-26 05:09:08 | INFO     | KDClient 10 round 45 completed (acc=0.8468, n=90)
[2026-07-26 08:03:30] 2026-07-26 05:09:08 | INFO     | KDClient 11 fit round 45 (tier=medium)
[2026-07-26 08:03:30] 2026-07-26 05:09:08 | INFO     | KDClient 11 round 45 public KD (epochs=2)
[2026-07-26 08:03:30] 2026-07-26 05:09:49 | INFO     | KDClient 11 round 45 local training (epochs=4)
[2026-07-26 08:03:30] 2026-07-26 05:10:23 | INFO     | KDClient 11 round 45 completed (acc=0.9027, n=90)
[2026-07-26 08:03:30] 2026-07-26 05:10:23 | INFO     | KDClient 12 fit round 45 (tier=medium)
[2026-07-26 08:03:30] 2026-07-26 05:10:23 | INFO     | KDClient 12 round 45 public KD (epochs=2)
[2026-07-26 08:03:30] 2026-07-26 05:11:05 | INFO     | KDClient 12 round 45 local training (epochs=4)
[2026-07-26 08:03:30] 2026-07-26 05:11:35 | INFO     | KDClient 12 round 45 completed (acc=0.8577, n=90)
[2026-07-26 08:03:30] 2026-07-26 05:11:35 | INFO     | KDClient 13 fit round 45 (tier=medium)
[2026-07-26 08:03:30] 2026-07-26 05:11:35 | INFO     | KDClient 13 round 45 public KD (epochs=2)
[2026-07-26 08:03:30] 2026-07-26 05:12:15 | INFO     | KDClient 13 round 45 local training (epochs=4)
[2026-07-26 08:03:30] 2026-07-26 05:12:49 | INFO     | KDClient 13 round 45 completed (acc=0.8901, n=90)
[2026-07-26 08:03:30] 2026-07-26 05:12:49 | INFO     | KDClient 14 fit round 45 (tier=large)
[2026-07-26 08:03:30] 2026-07-26 05:12:49 | INFO     | KDClient 14 round 45 public KD (epochs=2)
[2026-07-26 08:03:30] 2026-07-26 05:13:48 | INFO     | KDClient 14 round 45 local training (epochs=4)
[2026-07-26 08:03:30] 2026-07-26 05:14:32 | INFO     | KDClient 14 round 45 completed (acc=0.8577, n=90)
[2026-07-26 08:03:30] 2026-07-26 05:14:32 | INFO     | KDClient 15 fit round 45 (tier=large)
[2026-07-26 08:03:30] 2026-07-26 05:14:32 | INFO     | KDClient 15 round 45 public KD (epochs=2)
[2026-07-26 08:03:30] 2026-07-26 05:15:31 | INFO     | KDClient 15 round 45 local training (epochs=4)
[2026-07-26 08:03:30] 2026-07-26 05:16:24 | INFO     | KDClient 15 round 45 completed (acc=0.8541, n=90)
[2026-07-26 08:03:30] 2026-07-26 05:16:24 | INFO     | KDClient 16 fit round 45 (tier=large)
[2026-07-26 08:03:30] 2026-07-26 05:16:24 | INFO     | KDClient 16 round 45 public KD (epochs=2)
[2026-07-26 08:03:30] 2026-07-26 05:17:26 | INFO     | KDClient 16 round 45 local training (epochs=4)
[2026-07-26 08:03:30] 2026-07-26 05:18:19 | INFO     | KDClient 16 round 45 completed (acc=0.9225, n=90)
[2026-07-26 08:03:30] 2026-07-26 05:18:19 | INFO     | KDClient 17 fit round 45 (tier=large)
[2026-07-26 08:03:30] 2026-07-26 05:18:19 | INFO     | KDClient 17 round 45 public KD (epochs=2)
[2026-07-26 08:03:30] 2026-07-26 05:19:18 | INFO     | KDClient 17 round 45 local training (epochs=4)
[2026-07-26 08:03:30] 2026-07-26 05:20:12 | INFO     | KDClient 17 round 45 completed (acc=0.8505, n=90)
[2026-07-26 08:03:30] 2026-07-26 05:20:12 | INFO     | KDClient 18 fit round 45 (tier=large)
[2026-07-26 08:03:30] 2026-07-26 05:20:12 | INFO     | KDClient 18 round 45 public KD (epochs=2)
[2026-07-26 08:03:30] 2026-07-26 05:21:19 | INFO     | KDClient 18 round 45 local training (epochs=4)
[2026-07-26 08:03:30] 2026-07-26 05:22:17 | INFO     | KDClient 18 round 45 completed (acc=0.8685, n=90)
[2026-07-26 08:03:30] 2026-07-26 05:22:17 | INFO     | KDClient 19 fit round 45 (tier=large)
[2026-07-26 08:03:30] 2026-07-26 05:22:17 | INFO     | KDClient 19 round 45 public KD (epochs=2)
[2026-07-26 08:03:30] 2026-07-26 05:23:34 | INFO     | KDClient 19 round 45 local training (epochs=4)
[2026-07-26 08:03:30] 2026-07-26 05:24:33 | INFO     | KDClient 19 round 45 completed (acc=0.8865, n=90)
[2026-07-26 08:03:30]   Round  45/50 | Avg: 0.8807 | Min: 0.8090 | Max: 0.9279
[2026-07-26 08:03:30] 2026-07-26 05:24:33 | INFO     | FEDMD — IID: round 46/50 starting
[2026-07-26 08:03:30] 2026-07-26 05:24:33 | INFO     | KDClient 0 fit round 46 (tier=small)
[2026-07-26 08:03:30] 2026-07-26 05:24:33 | INFO     | KDClient 0 round 46 public KD (epochs=2)
[2026-07-26 08:03:30] 2026-07-26 05:24:49 | INFO     | KDClient 0 round 46 local training (epochs=4)
[2026-07-26 08:03:30] 2026-07-26 05:25:05 | INFO     | KDClient 0 round 46 completed (acc=0.9225, n=90)
[2026-07-26 08:03:30] 2026-07-26 05:25:05 | INFO     | KDClient 1 fit round 46 (tier=small)
[2026-07-26 08:03:30] 2026-07-26 05:25:05 | INFO     | KDClient 1 round 46 public KD (epochs=2)
[2026-07-26 08:03:30] 2026-07-26 05:25:20 | INFO     | KDClient 1 round 46 local training (epochs=4)
[2026-07-26 08:03:30] 2026-07-26 05:25:32 | INFO     | KDClient 1 round 46 completed (acc=0.9243, n=90)
[2026-07-26 08:03:30] 2026-07-26 05:25:32 | INFO     | KDClient 2 fit round 46 (tier=small)
[2026-07-26 08:03:30] 2026-07-26 05:25:32 | INFO     | KDClient 2 round 46 public KD (epochs=2)
[2026-07-26 08:03:30] 2026-07-26 05:25:46 | INFO     | KDClient 2 round 46 local training (epochs=4)
[2026-07-26 08:03:30] 2026-07-26 05:25:57 | INFO     | KDClient 2 round 46 completed (acc=0.9189, n=90)
[2026-07-26 08:03:30] 2026-07-26 05:25:57 | INFO     | KDClient 3 fit round 46 (tier=small)
[2026-07-26 08:03:30] 2026-07-26 05:25:57 | INFO     | KDClient 3 round 46 public KD (epochs=2)
[2026-07-26 08:03:30] 2026-07-26 05:26:11 | INFO     | KDClient 3 round 46 local training (epochs=4)
[2026-07-26 08:03:30] 2026-07-26 05:26:23 | INFO     | KDClient 3 round 46 completed (acc=0.8865, n=90)
[2026-07-26 08:03:30] 2026-07-26 05:26:23 | INFO     | KDClient 4 fit round 46 (tier=small)
[2026-07-26 08:03:30] 2026-07-26 05:26:23 | INFO     | KDClient 4 round 46 public KD (epochs=2)
[2026-07-26 08:03:30] 2026-07-26 05:26:37 | INFO     | KDClient 4 round 46 local training (epochs=4)
[2026-07-26 08:03:30] 2026-07-26 05:26:50 | INFO     | KDClient 4 round 46 completed (acc=0.9117, n=90)
[2026-07-26 08:03:30] 2026-07-26 05:26:50 | INFO     | KDClient 5 fit round 46 (tier=small)
[2026-07-26 08:03:30] 2026-07-26 05:26:50 | INFO     | KDClient 5 round 46 public KD (epochs=2)
[2026-07-26 08:03:30] 2026-07-26 05:27:08 | INFO     | KDClient 5 round 46 local training (epochs=4)
[2026-07-26 08:03:30] 2026-07-26 05:27:19 | INFO     | KDClient 5 round 46 completed (acc=0.9225, n=90)
[2026-07-26 08:03:30] 2026-07-26 05:27:19 | INFO     | KDClient 6 fit round 46 (tier=small)
[2026-07-26 08:03:30] 2026-07-26 05:27:19 | INFO     | KDClient 6 round 46 public KD (epochs=2)
[2026-07-26 08:03:30] 2026-07-26 05:27:37 | INFO     | KDClient 6 round 46 local training (epochs=4)
[2026-07-26 08:03:30] 2026-07-26 05:27:49 | INFO     | KDClient 6 round 46 completed (acc=0.9117, n=90)
[2026-07-26 08:03:30] 2026-07-26 05:27:49 | INFO     | KDClient 7 fit round 46 (tier=medium)
[2026-07-26 08:03:30] 2026-07-26 05:27:49 | INFO     | KDClient 7 round 46 public KD (epochs=2)
[2026-07-26 08:03:30] 2026-07-26 05:28:54 | INFO     | KDClient 7 round 46 local training (epochs=4)
[2026-07-26 08:03:30] 2026-07-26 05:29:30 | INFO     | KDClient 7 round 46 completed (acc=0.8973, n=90)
[2026-07-26 08:03:30] 2026-07-26 05:29:30 | INFO     | KDClient 8 fit round 46 (tier=medium)
[2026-07-26 08:03:30] 2026-07-26 05:29:30 | INFO     | KDClient 8 round 46 public KD (epochs=2)
[2026-07-26 08:03:30] 2026-07-26 05:30:17 | INFO     | KDClient 8 round 46 local training (epochs=4)
[2026-07-26 08:03:30] 2026-07-26 05:30:58 | INFO     | KDClient 8 round 46 completed (acc=0.8541, n=90)
[2026-07-26 08:03:30] 2026-07-26 05:30:58 | INFO     | KDClient 9 fit round 46 (tier=medium)
[2026-07-26 08:03:30] 2026-07-26 05:30:58 | INFO     | KDClient 9 round 46 public KD (epochs=2)
[2026-07-26 08:03:30] 2026-07-26 05:32:04 | INFO     | KDClient 9 round 46 local training (epochs=4)
[2026-07-26 08:03:30] 2026-07-26 05:32:45 | INFO     | KDClient 9 round 46 completed (acc=0.8126, n=90)
[2026-07-26 08:03:30] 2026-07-26 05:32:45 | INFO     | KDClient 10 fit round 46 (tier=medium)
[2026-07-26 08:03:30] 2026-07-26 05:32:45 | INFO     | KDClient 10 round 46 public KD (epochs=2)
[2026-07-26 08:03:30] 2026-07-26 05:33:30 | INFO     | KDClient 10 round 46 local training (epochs=4)
[2026-07-26 08:03:30] 2026-07-26 05:34:10 | INFO     | KDClient 10 round 46 completed (acc=0.8829, n=90)
[2026-07-26 08:03:30] 2026-07-26 05:34:10 | INFO     | KDClient 11 fit round 46 (tier=medium)
[2026-07-26 08:03:30] 2026-07-26 05:34:10 | INFO     | KDClient 11 round 46 public KD (epochs=2)
[2026-07-26 08:03:30] 2026-07-26 05:34:52 | INFO     | KDClient 11 round 46 local training (epochs=4)
[2026-07-26 08:03:30] 2026-07-26 05:35:29 | INFO     | KDClient 11 round 46 completed (acc=0.9117, n=90)
[2026-07-26 08:03:30] 2026-07-26 05:35:29 | INFO     | KDClient 12 fit round 46 (tier=medium)
[2026-07-26 08:03:30] 2026-07-26 05:35:29 | INFO     | KDClient 12 round 46 public KD (epochs=2)
[2026-07-26 08:03:30] 2026-07-26 05:36:10 | INFO     | KDClient 12 round 46 local training (epochs=4)
[2026-07-26 08:03:30] 2026-07-26 05:36:47 | INFO     | KDClient 12 round 46 completed (acc=0.8613, n=90)
[2026-07-26 08:03:30] 2026-07-26 05:36:47 | INFO     | KDClient 13 fit round 46 (tier=medium)
[2026-07-26 08:03:30] 2026-07-26 05:36:47 | INFO     | KDClient 13 round 46 public KD (epochs=2)
[2026-07-26 08:03:30] 2026-07-26 05:37:28 | INFO     | KDClient 13 round 46 local training (epochs=4)
[2026-07-26 08:03:30] 2026-07-26 05:38:03 | INFO     | KDClient 13 round 46 completed (acc=0.8847, n=90)
[2026-07-26 08:03:30] 2026-07-26 05:38:03 | INFO     | KDClient 14 fit round 46 (tier=large)
[2026-07-26 08:03:30] 2026-07-26 05:38:03 | INFO     | KDClient 14 round 46 public KD (epochs=2)
[2026-07-26 08:03:30] 2026-07-26 05:39:04 | INFO     | KDClient 14 round 46 local training (epochs=4)
[2026-07-26 08:03:30] 2026-07-26 05:39:55 | INFO     | KDClient 14 round 46 completed (acc=0.8523, n=90)
[2026-07-26 08:03:30] 2026-07-26 05:39:55 | INFO     | KDClient 15 fit round 46 (tier=large)
[2026-07-26 08:03:30] 2026-07-26 05:39:55 | INFO     | KDClient 15 round 46 public KD (epochs=2)
[2026-07-26 08:03:30] 2026-07-26 05:40:56 | INFO     | KDClient 15 round 46 local training (epochs=4)
[2026-07-26 08:03:30] 2026-07-26 05:41:47 | INFO     | KDClient 15 round 46 completed (acc=0.8865, n=90)
[2026-07-26 08:03:30] 2026-07-26 05:41:47 | INFO     | KDClient 16 fit round 46 (tier=large)
[2026-07-26 08:03:30] 2026-07-26 05:41:47 | INFO     | KDClient 16 round 46 public KD (epochs=2)
[2026-07-26 08:03:30] 2026-07-26 05:42:50 | INFO     | KDClient 16 round 46 local training (epochs=4)
[2026-07-26 08:03:30] 2026-07-26 05:43:43 | INFO     | KDClient 16 round 46 completed (acc=0.9225, n=90)
[2026-07-26 08:03:30] 2026-07-26 05:43:43 | INFO     | KDClient 17 fit round 46 (tier=large)
[2026-07-26 08:03:30] 2026-07-26 05:43:43 | INFO     | KDClient 17 round 46 public KD (epochs=2)
[2026-07-26 08:03:30] 2026-07-26 05:44:45 | INFO     | KDClient 17 round 46 local training (epochs=4)
[2026-07-26 08:03:30] 2026-07-26 05:45:54 | INFO     | KDClient 17 round 46 completed (acc=0.8685, n=90)
[2026-07-26 08:03:30] 2026-07-26 05:45:54 | INFO     | KDClient 18 fit round 46 (tier=large)
[2026-07-26 08:03:30] 2026-07-26 05:45:54 | INFO     | KDClient 18 round 46 public KD (epochs=2)
[2026-07-26 08:03:30] 2026-07-26 05:47:04 | INFO     | KDClient 18 round 46 local training (epochs=4)
[2026-07-26 08:03:30] 2026-07-26 05:48:00 | INFO     | KDClient 18 round 46 completed (acc=0.8829, n=90)
[2026-07-26 08:03:30] 2026-07-26 05:48:00 | INFO     | KDClient 19 fit round 46 (tier=large)
[2026-07-26 08:03:30] 2026-07-26 05:48:00 | INFO     | KDClient 19 round 46 public KD (epochs=2)
[2026-07-26 08:03:30] 2026-07-26 05:49:18 | INFO     | KDClient 19 round 46 local training (epochs=4)
[2026-07-26 08:03:30] 2026-07-26 05:50:18 | INFO     | KDClient 19 round 46 completed (acc=0.8865, n=90)
[2026-07-26 08:03:30]   Round  46/50 | Avg: 0.8901 | Min: 0.8126 | Max: 0.9243
[2026-07-26 08:03:30] 2026-07-26 05:50:18 | INFO     | FEDMD — IID: round 47/50 starting
[2026-07-26 08:03:30] 2026-07-26 05:50:18 | INFO     | KDClient 0 fit round 47 (tier=small)
[2026-07-26 08:03:30] 2026-07-26 05:50:18 | INFO     | KDClient 0 round 47 public KD (epochs=2)
[2026-07-26 08:03:30] 2026-07-26 05:50:39 | INFO     | KDClient 0 round 47 local training (epochs=4)
[2026-07-26 08:03:30] 2026-07-26 05:50:54 | INFO     | KDClient 0 round 47 completed (acc=0.9243, n=90)
[2026-07-26 08:03:30] 2026-07-26 05:50:54 | INFO     | KDClient 1 fit round 47 (tier=small)
[2026-07-26 08:03:30] 2026-07-26 05:50:54 | INFO     | KDClient 1 round 47 public KD (epochs=2)
[2026-07-26 08:03:30] 2026-07-26 05:51:15 | INFO     | KDClient 1 round 47 local training (epochs=4)
[2026-07-26 08:03:30] 2026-07-26 05:51:25 | INFO     | KDClient 1 round 47 completed (acc=0.9153, n=90)
[2026-07-26 08:03:30] 2026-07-26 05:51:25 | INFO     | KDClient 2 fit round 47 (tier=small)
[2026-07-26 08:03:30] 2026-07-26 05:51:25 | INFO     | KDClient 2 round 47 public KD (epochs=2)
[2026-07-26 08:03:30] 2026-07-26 05:51:40 | INFO     | KDClient 2 round 47 local training (epochs=4)
[2026-07-26 08:03:30] 2026-07-26 05:51:52 | INFO     | KDClient 2 round 47 completed (acc=0.9243, n=90)
[2026-07-26 08:03:30] 2026-07-26 05:51:52 | INFO     | KDClient 3 fit round 47 (tier=small)
[2026-07-26 08:03:30] 2026-07-26 05:51:52 | INFO     | KDClient 3 round 47 public KD (epochs=2)
[2026-07-26 08:03:30] 2026-07-26 05:52:07 | INFO     | KDClient 3 round 47 local training (epochs=4)
[2026-07-26 08:03:30] 2026-07-26 05:52:20 | INFO     | KDClient 3 round 47 completed (acc=0.8811, n=90)
[2026-07-26 08:03:30] 2026-07-26 05:52:20 | INFO     | KDClient 4 fit round 47 (tier=small)
[2026-07-26 08:03:30] 2026-07-26 05:52:20 | INFO     | KDClient 4 round 47 public KD (epochs=2)
[2026-07-26 08:03:30] 2026-07-26 05:52:38 | INFO     | KDClient 4 round 47 local training (epochs=4)
[2026-07-26 08:03:30] 2026-07-26 05:52:50 | INFO     | KDClient 4 round 47 completed (acc=0.9099, n=90)
[2026-07-26 08:03:30] 2026-07-26 05:52:50 | INFO     | KDClient 5 fit round 47 (tier=small)
[2026-07-26 08:03:30] 2026-07-26 05:52:50 | INFO     | KDClient 5 round 47 public KD (epochs=2)
[2026-07-26 08:03:30] 2026-07-26 05:53:05 | INFO     | KDClient 5 round 47 local training (epochs=4)
[2026-07-26 08:03:30] 2026-07-26 05:53:17 | INFO     | KDClient 5 round 47 completed (acc=0.8865, n=90)
[2026-07-26 08:03:30] 2026-07-26 05:53:17 | INFO     | KDClient 6 fit round 47 (tier=small)
[2026-07-26 08:03:30] 2026-07-26 05:53:17 | INFO     | KDClient 6 round 47 public KD (epochs=2)
[2026-07-26 08:03:30] 2026-07-26 05:53:31 | INFO     | KDClient 6 round 47 local training (epochs=4)
[2026-07-26 08:03:30] 2026-07-26 05:53:44 | INFO     | KDClient 6 round 47 completed (acc=0.8919, n=90)
[2026-07-26 08:03:30] 2026-07-26 05:53:44 | INFO     | KDClient 7 fit round 47 (tier=medium)
[2026-07-26 08:03:30] 2026-07-26 05:53:44 | INFO     | KDClient 7 round 47 public KD (epochs=2)
[2026-07-26 08:03:30] 2026-07-26 05:54:48 | INFO     | KDClient 7 round 47 local training (epochs=4)
[2026-07-26 08:03:30] 2026-07-26 05:55:26 | INFO     | KDClient 7 round 47 completed (acc=0.8919, n=90)
[2026-07-26 08:03:30] 2026-07-26 05:55:26 | INFO     | KDClient 8 fit round 47 (tier=medium)
[2026-07-26 08:03:30] 2026-07-26 05:55:26 | INFO     | KDClient 8 round 47 public KD (epochs=2)
[2026-07-26 08:03:30] 2026-07-26 05:56:16 | INFO     | KDClient 8 round 47 local training (epochs=4)
[2026-07-26 08:03:30] 2026-07-26 05:56:51 | INFO     | KDClient 8 round 47 completed (acc=0.8559, n=90)
[2026-07-26 08:03:30] 2026-07-26 05:56:51 | INFO     | KDClient 9 fit round 47 (tier=medium)
[2026-07-26 08:03:30] 2026-07-26 05:56:51 | INFO     | KDClient 9 round 47 public KD (epochs=2)
[2026-07-26 08:03:30] 2026-07-26 05:57:38 | INFO     | KDClient 9 round 47 local training (epochs=4)
[2026-07-26 08:03:30] 2026-07-26 05:58:13 | INFO     | KDClient 9 round 47 completed (acc=0.8144, n=90)
[2026-07-26 08:03:30] 2026-07-26 05:58:13 | INFO     | KDClient 10 fit round 47 (tier=medium)
[2026-07-26 08:03:30] 2026-07-26 05:58:13 | INFO     | KDClient 10 round 47 public KD (epochs=2)
[2026-07-26 08:03:30] 2026-07-26 05:58:56 | INFO     | KDClient 10 round 47 local training (epochs=4)
[2026-07-26 08:03:30] 2026-07-26 05:59:29 | INFO     | KDClient 10 round 47 completed (acc=0.8793, n=90)
[2026-07-26 08:03:30] 2026-07-26 05:59:29 | INFO     | KDClient 11 fit round 47 (tier=medium)
[2026-07-26 08:03:30] 2026-07-26 05:59:29 | INFO     | KDClient 11 round 47 public KD (epochs=2)
[2026-07-26 08:03:30] 2026-07-26 06:00:11 | INFO     | KDClient 11 round 47 local training (epochs=4)
[2026-07-26 08:03:30] 2026-07-26 06:00:45 | INFO     | KDClient 11 round 47 completed (acc=0.8991, n=90)
[2026-07-26 08:03:30] 2026-07-26 06:00:45 | INFO     | KDClient 12 fit round 47 (tier=medium)
[2026-07-26 08:03:30] 2026-07-26 06:00:45 | INFO     | KDClient 12 round 47 public KD (epochs=2)
[2026-07-26 08:03:30] 2026-07-26 06:01:26 | INFO     | KDClient 12 round 47 local training (epochs=4)
[2026-07-26 08:03:30] 2026-07-26 06:02:02 | INFO     | KDClient 12 round 47 completed (acc=0.8559, n=90)
[2026-07-26 08:03:30] 2026-07-26 06:02:02 | INFO     | KDClient 13 fit round 47 (tier=medium)
[2026-07-26 08:03:30] 2026-07-26 06:02:02 | INFO     | KDClient 13 round 47 public KD (epochs=2)
[2026-07-26 08:03:30] 2026-07-26 06:02:40 | INFO     | KDClient 13 round 47 local training (epochs=4)
[2026-07-26 08:03:30] 2026-07-26 06:03:09 | INFO     | KDClient 13 round 47 completed (acc=0.8757, n=90)
[2026-07-26 08:03:30] 2026-07-26 06:03:09 | INFO     | KDClient 14 fit round 47 (tier=large)
[2026-07-26 08:03:30] 2026-07-26 06:03:09 | INFO     | KDClient 14 round 47 public KD (epochs=2)
[2026-07-26 08:03:30] 2026-07-26 06:04:10 | INFO     | KDClient 14 round 47 local training (epochs=4)
[2026-07-26 08:03:30] 2026-07-26 06:04:57 | INFO     | KDClient 14 round 47 completed (acc=0.8396, n=90)
[2026-07-26 08:03:30] 2026-07-26 06:04:57 | INFO     | KDClient 15 fit round 47 (tier=large)
[2026-07-26 08:03:30] 2026-07-26 06:04:57 | INFO     | KDClient 15 round 47 public KD (epochs=2)
[2026-07-26 08:03:30] 2026-07-26 06:05:57 | INFO     | KDClient 15 round 47 local training (epochs=4)
[2026-07-26 08:03:30] 2026-07-26 06:06:54 | INFO     | KDClient 15 round 47 completed (acc=0.8288, n=90)
[2026-07-26 08:03:30] 2026-07-26 06:06:54 | INFO     | KDClient 16 fit round 47 (tier=large)
[2026-07-26 08:03:30] 2026-07-26 06:06:54 | INFO     | KDClient 16 round 47 public KD (epochs=2)
[2026-07-26 08:03:30] 2026-07-26 06:08:00 | INFO     | KDClient 16 round 47 local training (epochs=4)
[2026-07-26 08:03:30] 2026-07-26 06:08:51 | INFO     | KDClient 16 round 47 completed (acc=0.9279, n=90)
[2026-07-26 08:03:30] 2026-07-26 06:08:51 | INFO     | KDClient 17 fit round 47 (tier=large)
[2026-07-26 08:03:30] 2026-07-26 06:08:51 | INFO     | KDClient 17 round 47 public KD (epochs=2)
[2026-07-26 08:03:30] 2026-07-26 06:09:54 | INFO     | KDClient 17 round 47 local training (epochs=4)
[2026-07-26 08:03:30] 2026-07-26 06:10:38 | INFO     | KDClient 17 round 47 completed (acc=0.8793, n=90)
[2026-07-26 08:03:30] 2026-07-26 06:10:38 | INFO     | KDClient 18 fit round 47 (tier=large)
[2026-07-26 08:03:30] 2026-07-26 06:10:38 | INFO     | KDClient 18 round 47 public KD (epochs=2)
[2026-07-26 08:03:30] 2026-07-26 06:11:50 | INFO     | KDClient 18 round 47 local training (epochs=4)
[2026-07-26 08:03:30] 2026-07-26 06:12:50 | INFO     | KDClient 18 round 47 completed (acc=0.8793, n=90)
[2026-07-26 08:03:30] 2026-07-26 06:12:50 | INFO     | KDClient 19 fit round 47 (tier=large)
[2026-07-26 08:03:30] 2026-07-26 06:12:50 | INFO     | KDClient 19 round 47 public KD (epochs=2)
[2026-07-26 08:03:30] 2026-07-26 06:14:05 | INFO     | KDClient 19 round 47 local training (epochs=4)
[2026-07-26 08:03:30] 2026-07-26 06:15:06 | INFO     | KDClient 19 round 47 completed (acc=0.8865, n=90)
[2026-07-26 08:03:30]   Round  47/50 | Avg: 0.8823 | Min: 0.8144 | Max: 0.9279
[2026-07-26 08:03:30] 2026-07-26 06:15:06 | INFO     | FEDMD — IID: round 48/50 starting
[2026-07-26 08:03:30] 2026-07-26 06:15:06 | INFO     | KDClient 0 fit round 48 (tier=small)
[2026-07-26 08:03:30] 2026-07-26 06:15:06 | INFO     | KDClient 0 round 48 public KD (epochs=2)
[2026-07-26 08:03:30] 2026-07-26 06:15:21 | INFO     | KDClient 0 round 48 local training (epochs=4)
[2026-07-26 08:03:30] 2026-07-26 06:15:36 | INFO     | KDClient 0 round 48 completed (acc=0.9117, n=90)
[2026-07-26 08:03:30] 2026-07-26 06:15:36 | INFO     | KDClient 1 fit round 48 (tier=small)
[2026-07-26 08:03:30] 2026-07-26 06:15:36 | INFO     | KDClient 1 round 48 public KD (epochs=2)
[2026-07-26 08:03:30] 2026-07-26 06:15:53 | INFO     | KDClient 1 round 48 local training (epochs=4)
[2026-07-26 08:03:30] 2026-07-26 06:16:10 | INFO     | KDClient 1 round 48 completed (acc=0.9153, n=90)
[2026-07-26 08:03:30] 2026-07-26 06:16:10 | INFO     | KDClient 2 fit round 48 (tier=small)
[2026-07-26 08:03:30] 2026-07-26 06:16:10 | INFO     | KDClient 2 round 48 public KD (epochs=2)
[2026-07-26 08:03:30] 2026-07-26 06:16:30 | INFO     | KDClient 2 round 48 local training (epochs=4)
[2026-07-26 08:03:30] 2026-07-26 06:16:43 | INFO     | KDClient 2 round 48 completed (acc=0.9153, n=90)
[2026-07-26 08:03:30] 2026-07-26 06:16:43 | INFO     | KDClient 3 fit round 48 (tier=small)
[2026-07-26 08:03:30] 2026-07-26 06:16:43 | INFO     | KDClient 3 round 48 public KD (epochs=2)
[2026-07-26 08:03:30] 2026-07-26 06:16:57 | INFO     | KDClient 3 round 48 local training (epochs=4)
[2026-07-26 08:03:30] 2026-07-26 06:17:10 | INFO     | KDClient 3 round 48 completed (acc=0.8901, n=90)
[2026-07-26 08:03:30] 2026-07-26 06:17:10 | INFO     | KDClient 4 fit round 48 (tier=small)
[2026-07-26 08:03:30] 2026-07-26 06:17:10 | INFO     | KDClient 4 round 48 public KD (epochs=2)
[2026-07-26 08:03:30] 2026-07-26 06:17:24 | INFO     | KDClient 4 round 48 local training (epochs=4)
[2026-07-26 08:03:30] 2026-07-26 06:17:37 | INFO     | KDClient 4 round 48 completed (acc=0.9225, n=90)
[2026-07-26 08:03:30] 2026-07-26 06:17:37 | INFO     | KDClient 5 fit round 48 (tier=small)
[2026-07-26 08:03:30] 2026-07-26 06:17:37 | INFO     | KDClient 5 round 48 public KD (epochs=2)
[2026-07-26 08:03:30] 2026-07-26 06:17:55 | INFO     | KDClient 5 round 48 local training (epochs=4)
[2026-07-26 08:03:30] 2026-07-26 06:18:05 | INFO     | KDClient 5 round 48 completed (acc=0.9225, n=90)
[2026-07-26 08:03:30] 2026-07-26 06:18:05 | INFO     | KDClient 6 fit round 48 (tier=small)
[2026-07-26 08:03:30] 2026-07-26 06:18:05 | INFO     | KDClient 6 round 48 public KD (epochs=2)
[2026-07-26 08:03:30] 2026-07-26 06:18:19 | INFO     | KDClient 6 round 48 local training (epochs=4)
[2026-07-26 08:03:30] 2026-07-26 06:18:32 | INFO     | KDClient 6 round 48 completed (acc=0.8991, n=90)
[2026-07-26 08:03:30] 2026-07-26 06:18:32 | INFO     | KDClient 7 fit round 48 (tier=medium)
[2026-07-26 08:03:30] 2026-07-26 06:18:32 | INFO     | KDClient 7 round 48 public KD (epochs=2)
[2026-07-26 08:03:30] 2026-07-26 06:19:36 | INFO     | KDClient 7 round 48 local training (epochs=4)
[2026-07-26 08:03:30] 2026-07-26 06:20:08 | INFO     | KDClient 7 round 48 completed (acc=0.8739, n=90)
[2026-07-26 08:03:30] 2026-07-26 06:20:08 | INFO     | KDClient 8 fit round 48 (tier=medium)
[2026-07-26 08:03:30] 2026-07-26 06:20:08 | INFO     | KDClient 8 round 48 public KD (epochs=2)
[2026-07-26 08:03:30] 2026-07-26 06:20:59 | INFO     | KDClient 8 round 48 local training (epochs=4)
[2026-07-26 08:03:30] 2026-07-26 06:21:36 | INFO     | KDClient 8 round 48 completed (acc=0.8541, n=90)
[2026-07-26 08:03:30] 2026-07-26 06:21:36 | INFO     | KDClient 9 fit round 48 (tier=medium)
[2026-07-26 08:03:30] 2026-07-26 06:21:36 | INFO     | KDClient 9 round 48 public KD (epochs=2)
[2026-07-26 08:03:30] 2026-07-26 06:22:23 | INFO     | KDClient 9 round 48 local training (epochs=4)
[2026-07-26 08:03:30] 2026-07-26 06:23:02 | INFO     | KDClient 9 round 48 completed (acc=0.8198, n=90)
[2026-07-26 08:03:30] 2026-07-26 06:23:02 | INFO     | KDClient 10 fit round 48 (tier=medium)
[2026-07-26 08:03:30] 2026-07-26 06:23:02 | INFO     | KDClient 10 round 48 public KD (epochs=2)
[2026-07-26 08:03:30] 2026-07-26 06:23:42 | INFO     | KDClient 10 round 48 local training (epochs=4)
[2026-07-26 08:03:30] 2026-07-26 06:24:16 | INFO     | KDClient 10 round 48 completed (acc=0.8739, n=90)
[2026-07-26 08:03:30] 2026-07-26 06:24:16 | INFO     | KDClient 11 fit round 48 (tier=medium)
[2026-07-26 08:03:30] 2026-07-26 06:24:16 | INFO     | KDClient 11 round 48 public KD (epochs=2)
[2026-07-26 08:03:30] 2026-07-26 06:24:59 | INFO     | KDClient 11 round 48 local training (epochs=4)
[2026-07-26 08:03:30] 2026-07-26 06:25:34 | INFO     | KDClient 11 round 48 completed (acc=0.8919, n=90)
[2026-07-26 08:03:30] 2026-07-26 06:25:34 | INFO     | KDClient 12 fit round 48 (tier=medium)
[2026-07-26 08:03:30] 2026-07-26 06:25:34 | INFO     | KDClient 12 round 48 public KD (epochs=2)
[2026-07-26 08:03:30] 2026-07-26 06:26:34 | INFO     | KDClient 12 round 48 local training (epochs=4)
[2026-07-26 08:03:30] 2026-07-26 06:27:09 | INFO     | KDClient 12 round 48 completed (acc=0.8541, n=90)
[2026-07-26 08:03:30] 2026-07-26 06:27:09 | INFO     | KDClient 13 fit round 48 (tier=medium)
[2026-07-26 08:03:30] 2026-07-26 06:27:09 | INFO     | KDClient 13 round 48 public KD (epochs=2)
[2026-07-26 08:03:30] 2026-07-26 06:27:47 | INFO     | KDClient 13 round 48 local training (epochs=4)
[2026-07-26 08:03:30] 2026-07-26 06:28:16 | INFO     | KDClient 13 round 48 completed (acc=0.8847, n=90)
[2026-07-26 08:03:30] 2026-07-26 06:28:16 | INFO     | KDClient 14 fit round 48 (tier=large)
[2026-07-26 08:03:30] 2026-07-26 06:28:16 | INFO     | KDClient 14 round 48 public KD (epochs=2)
[2026-07-26 08:03:30] 2026-07-26 06:29:13 | INFO     | KDClient 14 round 48 local training (epochs=4)
[2026-07-26 08:03:30] 2026-07-26 06:30:09 | INFO     | KDClient 14 round 48 completed (acc=0.8541, n=90)
[2026-07-26 08:03:30] 2026-07-26 06:30:09 | INFO     | KDClient 15 fit round 48 (tier=large)
[2026-07-26 08:03:30] 2026-07-26 06:30:09 | INFO     | KDClient 15 round 48 public KD (epochs=2)
[2026-07-26 08:03:30] 2026-07-26 06:31:06 | INFO     | KDClient 15 round 48 local training (epochs=4)
[2026-07-26 08:03:30] 2026-07-26 06:31:53 | INFO     | KDClient 15 round 48 completed (acc=0.8793, n=90)
[2026-07-26 08:03:30] 2026-07-26 06:31:53 | INFO     | KDClient 16 fit round 48 (tier=large)
[2026-07-26 08:03:30] 2026-07-26 06:31:53 | INFO     | KDClient 16 round 48 public KD (epochs=2)
[2026-07-26 08:03:30] 2026-07-26 06:32:56 | INFO     | KDClient 16 round 48 local training (epochs=4)
[2026-07-26 08:03:30] 2026-07-26 06:33:47 | INFO     | KDClient 16 round 48 completed (acc=0.9207, n=90)
[2026-07-26 08:03:30] 2026-07-26 06:33:47 | INFO     | KDClient 17 fit round 48 (tier=large)
[2026-07-26 08:03:30] 2026-07-26 06:33:47 | INFO     | KDClient 17 round 48 public KD (epochs=2)
[2026-07-26 08:03:30] 2026-07-26 06:34:48 | INFO     | KDClient 17 round 48 local training (epochs=4)
[2026-07-26 08:03:30] 2026-07-26 06:35:36 | INFO     | KDClient 17 round 48 completed (acc=0.8901, n=90)
[2026-07-26 08:03:30] 2026-07-26 06:35:36 | INFO     | KDClient 18 fit round 48 (tier=large)
[2026-07-26 08:03:30] 2026-07-26 06:35:36 | INFO     | KDClient 18 round 48 public KD (epochs=2)
[2026-07-26 08:03:30] 2026-07-26 06:36:46 | INFO     | KDClient 18 round 48 local training (epochs=4)
[2026-07-26 08:03:30] 2026-07-26 06:37:42 | INFO     | KDClient 18 round 48 completed (acc=0.8541, n=90)
[2026-07-26 08:03:30] 2026-07-26 06:37:42 | INFO     | KDClient 19 fit round 48 (tier=large)
[2026-07-26 08:03:30] 2026-07-26 06:37:42 | INFO     | KDClient 19 round 48 public KD (epochs=2)
[2026-07-26 08:03:30] 2026-07-26 06:38:55 | INFO     | KDClient 19 round 48 local training (epochs=4)
[2026-07-26 08:03:30] 2026-07-26 06:39:50 | INFO     | KDClient 19 round 48 completed (acc=0.8847, n=90)
[2026-07-26 08:03:30]   Round  48/50 | Avg: 0.8856 | Min: 0.8198 | Max: 0.9225
[2026-07-26 08:03:30] 2026-07-26 06:39:50 | INFO     | FEDMD — IID: round 49/50 starting
[2026-07-26 08:03:30] 2026-07-26 06:39:50 | INFO     | KDClient 0 fit round 49 (tier=small)
[2026-07-26 08:03:30] 2026-07-26 06:39:50 | INFO     | KDClient 0 round 49 public KD (epochs=2)
[2026-07-26 08:03:30] 2026-07-26 06:40:04 | INFO     | KDClient 0 round 49 local training (epochs=4)
[2026-07-26 08:03:30] 2026-07-26 06:40:17 | INFO     | KDClient 0 round 49 completed (acc=0.8955, n=90)
[2026-07-26 08:03:30] 2026-07-26 06:40:17 | INFO     | KDClient 1 fit round 49 (tier=small)
[2026-07-26 08:03:30] 2026-07-26 06:40:17 | INFO     | KDClient 1 round 49 public KD (epochs=2)
[2026-07-26 08:03:30] 2026-07-26 06:40:30 | INFO     | KDClient 1 round 49 local training (epochs=4)
[2026-07-26 08:03:30] 2026-07-26 06:40:43 | INFO     | KDClient 1 round 49 completed (acc=0.9297, n=90)
[2026-07-26 08:03:30] 2026-07-26 06:40:43 | INFO     | KDClient 2 fit round 49 (tier=small)
[2026-07-26 08:03:30] 2026-07-26 06:40:43 | INFO     | KDClient 2 round 49 public KD (epochs=2)
[2026-07-26 08:03:30] 2026-07-26 06:41:00 | INFO     | KDClient 2 round 49 local training (epochs=4)
[2026-07-26 08:03:30] 2026-07-26 06:41:18 | INFO     | KDClient 2 round 49 completed (acc=0.9171, n=90)
[2026-07-26 08:03:30] 2026-07-26 06:41:18 | INFO     | KDClient 3 fit round 49 (tier=small)
[2026-07-26 08:03:30] 2026-07-26 06:41:18 | INFO     | KDClient 3 round 49 public KD (epochs=2)
[2026-07-26 08:03:30] 2026-07-26 06:41:37 | INFO     | KDClient 3 round 49 local training (epochs=4)
[2026-07-26 08:03:30] 2026-07-26 06:41:50 | INFO     | KDClient 3 round 49 completed (acc=0.8667, n=90)
[2026-07-26 08:03:30] 2026-07-26 06:41:50 | INFO     | KDClient 4 fit round 49 (tier=small)
[2026-07-26 08:03:30] 2026-07-26 06:41:50 | INFO     | KDClient 4 round 49 public KD (epochs=2)
[2026-07-26 08:03:30] 2026-07-26 06:42:09 | INFO     | KDClient 4 round 49 local training (epochs=4)
[2026-07-26 08:03:30] 2026-07-26 06:42:24 | INFO     | KDClient 4 round 49 completed (acc=0.9171, n=90)
[2026-07-26 08:03:30] 2026-07-26 06:42:24 | INFO     | KDClient 5 fit round 49 (tier=small)
[2026-07-26 08:03:30] 2026-07-26 06:42:24 | INFO     | KDClient 5 round 49 public KD (epochs=2)
[2026-07-26 08:03:30] 2026-07-26 06:42:40 | INFO     | KDClient 5 round 49 local training (epochs=4)
[2026-07-26 08:03:30] 2026-07-26 06:42:56 | INFO     | KDClient 5 round 49 completed (acc=0.9117, n=90)
[2026-07-26 08:03:30] 2026-07-26 06:42:56 | INFO     | KDClient 6 fit round 49 (tier=small)
[2026-07-26 08:03:30] 2026-07-26 06:42:56 | INFO     | KDClient 6 round 49 public KD (epochs=2)
[2026-07-26 08:03:30] 2026-07-26 06:43:10 | INFO     | KDClient 6 round 49 local training (epochs=4)
[2026-07-26 08:03:30] 2026-07-26 06:43:27 | INFO     | KDClient 6 round 49 completed (acc=0.9009, n=90)
[2026-07-26 08:03:30] 2026-07-26 06:43:27 | INFO     | KDClient 7 fit round 49 (tier=medium)
[2026-07-26 08:03:30] 2026-07-26 06:43:27 | INFO     | KDClient 7 round 49 public KD (epochs=2)
[2026-07-26 08:03:30] 2026-07-26 06:44:12 | INFO     | KDClient 7 round 49 local training (epochs=4)
[2026-07-26 08:03:30] 2026-07-26 06:44:43 | INFO     | KDClient 7 round 49 completed (acc=0.8937, n=90)
[2026-07-26 08:03:30] 2026-07-26 06:44:43 | INFO     | KDClient 8 fit round 49 (tier=medium)
[2026-07-26 08:03:30] 2026-07-26 06:44:43 | INFO     | KDClient 8 round 49 public KD (epochs=2)
[2026-07-26 08:03:30] 2026-07-26 06:45:26 | INFO     | KDClient 8 round 49 local training (epochs=4)
[2026-07-26 08:03:30] 2026-07-26 06:45:51 | INFO     | KDClient 8 round 49 completed (acc=0.8486, n=90)
[2026-07-26 08:03:30] 2026-07-26 06:45:51 | INFO     | KDClient 9 fit round 49 (tier=medium)
[2026-07-26 08:03:30] 2026-07-26 06:45:51 | INFO     | KDClient 9 round 49 public KD (epochs=2)
[2026-07-26 08:03:30] 2026-07-26 06:46:26 | INFO     | KDClient 9 round 49 local training (epochs=4)
[2026-07-26 08:03:30] 2026-07-26 06:46:58 | INFO     | KDClient 9 round 49 completed (acc=0.8018, n=90)
[2026-07-26 08:03:30] 2026-07-26 06:46:58 | INFO     | KDClient 10 fit round 49 (tier=medium)
[2026-07-26 08:03:30] 2026-07-26 06:46:58 | INFO     | KDClient 10 round 49 public KD (epochs=2)
[2026-07-26 08:03:30] 2026-07-26 06:47:28 | INFO     | KDClient 10 round 49 local training (epochs=4)
[2026-07-26 08:03:30] 2026-07-26 06:47:54 | INFO     | KDClient 10 round 49 completed (acc=0.8541, n=90)
[2026-07-26 08:03:30] 2026-07-26 06:47:54 | INFO     | KDClient 11 fit round 49 (tier=medium)
[2026-07-26 08:03:30] 2026-07-26 06:47:54 | INFO     | KDClient 11 round 49 public KD (epochs=2)
[2026-07-26 08:03:30] 2026-07-26 06:48:27 | INFO     | KDClient 11 round 49 local training (epochs=4)
[2026-07-26 08:03:30] 2026-07-26 06:48:53 | INFO     | KDClient 11 round 49 completed (acc=0.9045, n=90)
[2026-07-26 08:03:30] 2026-07-26 06:48:53 | INFO     | KDClient 12 fit round 49 (tier=medium)
[2026-07-26 08:03:30] 2026-07-26 06:48:53 | INFO     | KDClient 12 round 49 public KD (epochs=2)
[2026-07-26 08:03:30] 2026-07-26 06:49:28 | INFO     | KDClient 12 round 49 local training (epochs=4)
[2026-07-26 08:03:30] 2026-07-26 06:49:49 | INFO     | KDClient 12 round 49 completed (acc=0.8685, n=90)
[2026-07-26 08:03:30] 2026-07-26 06:49:49 | INFO     | KDClient 13 fit round 49 (tier=medium)
[2026-07-26 08:03:30] 2026-07-26 06:49:49 | INFO     | KDClient 13 round 49 public KD (epochs=2)
[2026-07-26 08:03:30] 2026-07-26 06:50:25 | INFO     | KDClient 13 round 49 local training (epochs=4)
[2026-07-26 08:03:30] 2026-07-26 06:50:58 | INFO     | KDClient 13 round 49 completed (acc=0.8739, n=90)
[2026-07-26 08:03:30] 2026-07-26 06:50:58 | INFO     | KDClient 14 fit round 49 (tier=large)
[2026-07-26 08:03:30] 2026-07-26 06:50:58 | INFO     | KDClient 14 round 49 public KD (epochs=2)
[2026-07-26 08:03:30] 2026-07-26 06:51:52 | INFO     | KDClient 14 round 49 local training (epochs=4)
[2026-07-26 08:03:30] 2026-07-26 06:52:36 | INFO     | KDClient 14 round 49 completed (acc=0.8685, n=90)
[2026-07-26 08:03:30] 2026-07-26 06:52:36 | INFO     | KDClient 15 fit round 49 (tier=large)
[2026-07-26 08:03:30] 2026-07-26 06:52:36 | INFO     | KDClient 15 round 49 public KD (epochs=2)
[2026-07-26 08:03:30] 2026-07-26 06:53:34 | INFO     | KDClient 15 round 49 local training (epochs=4)
[2026-07-26 08:03:30] 2026-07-26 06:54:17 | INFO     | KDClient 15 round 49 completed (acc=0.8829, n=90)
[2026-07-26 08:03:30] 2026-07-26 06:54:17 | INFO     | KDClient 16 fit round 49 (tier=large)
[2026-07-26 08:03:30] 2026-07-26 06:54:17 | INFO     | KDClient 16 round 49 public KD (epochs=2)
[2026-07-26 08:03:30] 2026-07-26 06:55:20 | INFO     | KDClient 16 round 49 local training (epochs=4)
[2026-07-26 08:03:30] 2026-07-26 06:56:11 | INFO     | KDClient 16 round 49 completed (acc=0.9243, n=90)
[2026-07-26 08:03:30] 2026-07-26 06:56:11 | INFO     | KDClient 17 fit round 49 (tier=large)
[2026-07-26 08:03:30] 2026-07-26 06:56:11 | INFO     | KDClient 17 round 49 public KD (epochs=2)
[2026-07-26 08:03:30] 2026-07-26 06:57:13 | INFO     | KDClient 17 round 49 local training (epochs=4)
[2026-07-26 08:03:30] 2026-07-26 06:58:01 | INFO     | KDClient 17 round 49 completed (acc=0.8414, n=90)
[2026-07-26 08:03:30] 2026-07-26 06:58:01 | INFO     | KDClient 18 fit round 49 (tier=large)
[2026-07-26 08:03:30] 2026-07-26 06:58:01 | INFO     | KDClient 18 round 49 public KD (epochs=2)
[2026-07-26 08:03:30] 2026-07-26 06:59:15 | INFO     | KDClient 18 round 49 local training (epochs=4)
[2026-07-26 08:03:30] 2026-07-26 07:00:10 | INFO     | KDClient 18 round 49 completed (acc=0.8649, n=90)
[2026-07-26 08:03:30] 2026-07-26 07:00:10 | INFO     | KDClient 19 fit round 49 (tier=large)
[2026-07-26 08:03:30] 2026-07-26 07:00:10 | INFO     | KDClient 19 round 49 public KD (epochs=2)
[2026-07-26 08:03:30] 2026-07-26 07:01:28 | INFO     | KDClient 19 round 49 local training (epochs=4)
[2026-07-26 08:03:30] 2026-07-26 07:02:29 | INFO     | KDClient 19 round 49 completed (acc=0.8847, n=90)
[2026-07-26 08:03:30]   Round  49/50 | Avg: 0.8825 | Min: 0.8018 | Max: 0.9297
[2026-07-26 08:03:30] 2026-07-26 07:02:29 | INFO     | FEDMD — IID: round 50/50 starting
[2026-07-26 08:03:30] 2026-07-26 07:02:29 | INFO     | KDClient 0 fit round 50 (tier=small)
[2026-07-26 08:03:30] 2026-07-26 07:02:29 | INFO     | KDClient 0 round 50 public KD (epochs=2)
[2026-07-26 08:03:30] 2026-07-26 07:02:47 | INFO     | KDClient 0 round 50 local training (epochs=4)
[2026-07-26 08:03:30] 2026-07-26 07:03:02 | INFO     | KDClient 0 round 50 completed (acc=0.9135, n=90)
[2026-07-26 08:03:30] 2026-07-26 07:03:02 | INFO     | KDClient 1 fit round 50 (tier=small)
[2026-07-26 08:03:30] 2026-07-26 07:03:02 | INFO     | KDClient 1 round 50 public KD (epochs=2)
[2026-07-26 08:03:30] 2026-07-26 07:03:19 | INFO     | KDClient 1 round 50 local training (epochs=4)
[2026-07-26 08:03:30] 2026-07-26 07:03:37 | INFO     | KDClient 1 round 50 completed (acc=0.9099, n=90)
[2026-07-26 08:03:30] 2026-07-26 07:03:37 | INFO     | KDClient 2 fit round 50 (tier=small)
[2026-07-26 08:03:30] 2026-07-26 07:03:37 | INFO     | KDClient 2 round 50 public KD (epochs=2)
[2026-07-26 08:03:30] 2026-07-26 07:03:56 | INFO     | KDClient 2 round 50 local training (epochs=4)
[2026-07-26 08:03:30] 2026-07-26 07:04:08 | INFO     | KDClient 2 round 50 completed (acc=0.9189, n=90)
[2026-07-26 08:03:30] 2026-07-26 07:04:08 | INFO     | KDClient 3 fit round 50 (tier=small)
[2026-07-26 08:03:30] 2026-07-26 07:04:08 | INFO     | KDClient 3 round 50 public KD (epochs=2)
[2026-07-26 08:03:30] 2026-07-26 07:04:26 | INFO     | KDClient 3 round 50 local training (epochs=4)
[2026-07-26 08:03:30] 2026-07-26 07:04:44 | INFO     | KDClient 3 round 50 completed (acc=0.8631, n=90)
[2026-07-26 08:03:30] 2026-07-26 07:04:44 | INFO     | KDClient 4 fit round 50 (tier=small)
[2026-07-26 08:03:30] 2026-07-26 07:04:44 | INFO     | KDClient 4 round 50 public KD (epochs=2)
[2026-07-26 08:03:30] 2026-07-26 07:05:02 | INFO     | KDClient 4 round 50 local training (epochs=4)
[2026-07-26 08:03:30] 2026-07-26 07:05:15 | INFO     | KDClient 4 round 50 completed (acc=0.9099, n=90)
[2026-07-26 08:03:30] 2026-07-26 07:05:15 | INFO     | KDClient 5 fit round 50 (tier=small)
[2026-07-26 08:03:30] 2026-07-26 07:05:15 | INFO     | KDClient 5 round 50 public KD (epochs=2)
[2026-07-26 08:03:30] 2026-07-26 07:05:32 | INFO     | KDClient 5 round 50 local training (epochs=4)
[2026-07-26 08:03:30] 2026-07-26 07:05:47 | INFO     | KDClient 5 round 50 completed (acc=0.9189, n=90)
[2026-07-26 08:03:30] 2026-07-26 07:05:47 | INFO     | KDClient 6 fit round 50 (tier=small)
[2026-07-26 08:03:30] 2026-07-26 07:05:47 | INFO     | KDClient 6 round 50 public KD (epochs=2)
[2026-07-26 08:03:30] 2026-07-26 07:06:03 | INFO     | KDClient 6 round 50 local training (epochs=4)
[2026-07-26 08:03:30] 2026-07-26 07:06:16 | INFO     | KDClient 6 round 50 completed (acc=0.9009, n=90)
[2026-07-26 08:03:30] 2026-07-26 07:06:16 | INFO     | KDClient 7 fit round 50 (tier=medium)
[2026-07-26 08:03:30] 2026-07-26 07:06:16 | INFO     | KDClient 7 round 50 public KD (epochs=2)
[2026-07-26 08:03:30] 2026-07-26 07:06:54 | INFO     | KDClient 7 round 50 local training (epochs=4)
[2026-07-26 08:03:30] 2026-07-26 07:07:23 | INFO     | KDClient 7 round 50 completed (acc=0.8775, n=90)
[2026-07-26 08:03:30] 2026-07-26 07:07:23 | INFO     | KDClient 8 fit round 50 (tier=medium)
[2026-07-26 08:03:30] 2026-07-26 07:07:23 | INFO     | KDClient 8 round 50 public KD (epochs=2)
[2026-07-26 08:03:30] 2026-07-26 07:08:08 | INFO     | KDClient 8 round 50 local training (epochs=4)
[2026-07-26 08:03:30] 2026-07-26 07:08:48 | INFO     | KDClient 8 round 50 completed (acc=0.8595, n=90)
[2026-07-26 08:03:30] 2026-07-26 07:08:48 | INFO     | KDClient 9 fit round 50 (tier=medium)
[2026-07-26 08:03:30] 2026-07-26 07:08:48 | INFO     | KDClient 9 round 50 public KD (epochs=2)
[2026-07-26 08:03:30] 2026-07-26 07:09:37 | INFO     | KDClient 9 round 50 local training (epochs=4)
[2026-07-26 08:03:30] 2026-07-26 07:10:15 | INFO     | KDClient 9 round 50 completed (acc=0.8216, n=90)
[2026-07-26 08:03:30] 2026-07-26 07:10:15 | INFO     | KDClient 10 fit round 50 (tier=medium)
[2026-07-26 08:03:30] 2026-07-26 07:10:15 | INFO     | KDClient 10 round 50 public KD (epochs=2)
[2026-07-26 08:03:30] 2026-07-26 07:10:58 | INFO     | KDClient 10 round 50 local training (epochs=4)
[2026-07-26 08:03:30] 2026-07-26 07:11:33 | INFO     | KDClient 10 round 50 completed (acc=0.8883, n=90)
[2026-07-26 08:03:30] 2026-07-26 07:11:33 | INFO     | KDClient 11 fit round 50 (tier=medium)
[2026-07-26 08:03:30] 2026-07-26 07:11:33 | INFO     | KDClient 11 round 50 public KD (epochs=2)
[2026-07-26 08:03:30] 2026-07-26 07:12:17 | INFO     | KDClient 11 round 50 local training (epochs=4)
[2026-07-26 08:03:30] 2026-07-26 07:12:52 | INFO     | KDClient 11 round 50 completed (acc=0.8991, n=90)
[2026-07-26 08:03:30] 2026-07-26 07:12:52 | INFO     | KDClient 12 fit round 50 (tier=medium)
[2026-07-26 08:03:30] 2026-07-26 07:12:52 | INFO     | KDClient 12 round 50 public KD (epochs=2)
[2026-07-26 08:03:30] 2026-07-26 07:13:56 | INFO     | KDClient 12 round 50 local training (epochs=4)
[2026-07-26 08:03:30] 2026-07-26 07:14:24 | INFO     | KDClient 12 round 50 completed (acc=0.8523, n=90)
[2026-07-26 08:03:30] 2026-07-26 07:14:24 | INFO     | KDClient 13 fit round 50 (tier=medium)
[2026-07-26 08:03:30] 2026-07-26 07:14:24 | INFO     | KDClient 13 round 50 public KD (epochs=2)
[2026-07-26 08:03:30] 2026-07-26 07:15:01 | INFO     | KDClient 13 round 50 local training (epochs=4)
[2026-07-26 08:03:30] 2026-07-26 07:15:27 | INFO     | KDClient 13 round 50 completed (acc=0.8793, n=90)
[2026-07-26 08:03:30] 2026-07-26 07:15:27 | INFO     | KDClient 14 fit round 50 (tier=large)
[2026-07-26 08:03:30] 2026-07-26 07:15:27 | INFO     | KDClient 14 round 50 public KD (epochs=2)
[2026-07-26 08:03:30] 2026-07-26 07:16:27 | INFO     | KDClient 14 round 50 local training (epochs=4)
[2026-07-26 08:03:30] 2026-07-26 07:17:12 | INFO     | KDClient 14 round 50 completed (acc=0.8342, n=90)
[2026-07-26 08:03:30] 2026-07-26 07:17:12 | INFO     | KDClient 15 fit round 50 (tier=large)
[2026-07-26 08:03:30] 2026-07-26 07:17:12 | INFO     | KDClient 15 round 50 public KD (epochs=2)
[2026-07-26 08:03:30] 2026-07-26 07:18:13 | INFO     | KDClient 15 round 50 local training (epochs=4)
[2026-07-26 08:03:30] 2026-07-26 07:18:50 | INFO     | KDClient 15 round 50 completed (acc=0.8865, n=90)
[2026-07-26 08:03:30] 2026-07-26 07:18:50 | INFO     | KDClient 16 fit round 50 (tier=large)
[2026-07-26 08:03:30] 2026-07-26 07:18:50 | INFO     | KDClient 16 round 50 public KD (epochs=2)
[2026-07-26 08:03:30] 2026-07-26 07:20:03 | INFO     | KDClient 16 round 50 local training (epochs=4)
[2026-07-26 08:03:30] 2026-07-26 07:20:57 | INFO     | KDClient 16 round 50 completed (acc=0.9261, n=90)
[2026-07-26 08:03:30] 2026-07-26 07:20:57 | INFO     | KDClient 17 fit round 50 (tier=large)
[2026-07-26 08:03:30] 2026-07-26 07:20:57 | INFO     | KDClient 17 round 50 public KD (epochs=2)
[2026-07-26 08:03:30] 2026-07-26 07:22:09 | INFO     | KDClient 17 round 50 local training (epochs=4)
[2026-07-26 08:03:30] 2026-07-26 07:23:07 | INFO     | KDClient 17 round 50 completed (acc=0.8468, n=90)
[2026-07-26 08:03:30] 2026-07-26 07:23:07 | INFO     | KDClient 18 fit round 50 (tier=large)
[2026-07-26 08:03:30] 2026-07-26 07:23:07 | INFO     | KDClient 18 round 50 public KD (epochs=2)
[2026-07-26 08:03:30] 2026-07-26 07:24:24 | INFO     | KDClient 18 round 50 local training (epochs=4)
[2026-07-26 08:03:30] 2026-07-26 07:25:33 | INFO     | KDClient 18 round 50 completed (acc=0.8829, n=90)
[2026-07-26 08:03:30] 2026-07-26 07:25:33 | INFO     | KDClient 19 fit round 50 (tier=large)
[2026-07-26 08:03:30] 2026-07-26 07:25:33 | INFO     | KDClient 19 round 50 public KD (epochs=2)
[2026-07-26 08:03:30] 2026-07-26 07:26:54 | INFO     | KDClient 19 round 50 local training (epochs=4)
[2026-07-26 08:03:30] 2026-07-26 07:27:48 | INFO     | KDClient 19 round 50 completed (acc=0.8739, n=90)
[2026-07-26 08:03:30]   Round  50/50 | Avg: 0.8832 | Min: 0.8216 | Max: 0.9261
[2026-07-26 08:03:30]   FEDMD — IID done.
[2026-07-26 08:03:30]   Metadata saved to /home/gad/Desktop/HomeSenseKD/results/phase1/home_occupancy/fedmd/uniform/iid/metadata.json
[2026-07-26 08:03:30] 2026-07-26 07:27:48 | INFO     | run_one_algo: algorithm=fedmd  setting=noniid
[2026-07-26 08:03:30] 2026-07-26 07:27:48 | INFO     | Building 20 client models for algo=fedmd  tiers=['small', 'small', 'small', 'small', 'small', 'small', 'small', 'medium', 'medium', 'medium', 'medium', 'medium', 'medium', 'medium', 'large', 'large', 'large', 'large', 'large', 'large']
[2026-07-26 08:03:30] 2026-07-26 07:27:53 | INFO     | Starting FEDMD — NONIID (50 rounds, 20 clients)
[2026-07-26 08:03:30] 
[2026-07-26 08:03:30] =================================================================
[2026-07-26 08:03:30]   FEDMD — NONIID
[2026-07-26 08:03:30] =================================================================
[2026-07-26 08:03:30] 2026-07-26 07:27:53 | INFO     | FEDMD — NONIID: round 1/50 starting
[2026-07-26 08:03:30] 2026-07-26 07:27:53 | INFO     | KDClient 0 fit round 1 (tier=small)
[2026-07-26 08:03:30] 2026-07-26 07:27:53 | INFO     | KDClient 0 round 1 local training (epochs=4)
[2026-07-26 08:03:30] 2026-07-26 07:28:10 | INFO     | KDClient 0 round 1 completed (acc=0.3261, n=13)
[2026-07-26 08:03:30] 2026-07-26 07:28:10 | INFO     | KDClient 1 fit round 1 (tier=small)
[2026-07-26 08:03:30] 2026-07-26 07:28:10 | INFO     | KDClient 1 round 1 local training (epochs=4)
[2026-07-26 08:03:30] 2026-07-26 07:28:29 | INFO     | KDClient 1 round 1 completed (acc=0.3261, n=12)
[2026-07-26 08:03:30] 2026-07-26 07:28:29 | INFO     | KDClient 2 fit round 1 (tier=small)
[2026-07-26 08:03:30] 2026-07-26 07:28:29 | INFO     | KDClient 2 round 1 local training (epochs=4)
[2026-07-26 08:03:30] 2026-07-26 07:28:45 | INFO     | KDClient 2 round 1 completed (acc=0.3261, n=25)
[2026-07-26 08:03:30] 2026-07-26 07:28:45 | INFO     | KDClient 3 fit round 1 (tier=small)
[2026-07-26 08:03:30] 2026-07-26 07:28:45 | INFO     | KDClient 3 round 1 local training (epochs=4)
[2026-07-26 08:03:30] 2026-07-26 07:28:59 | INFO     | KDClient 3 round 1 completed (acc=0.3261, n=17)
[2026-07-26 08:03:30] 2026-07-26 07:28:59 | INFO     | KDClient 4 fit round 1 (tier=small)
[2026-07-26 08:03:30] 2026-07-26 07:28:59 | INFO     | KDClient 4 round 1 local training (epochs=4)
[2026-07-26 08:03:30] 2026-07-26 07:29:17 | INFO     | KDClient 4 round 1 completed (acc=0.3261, n=47)
[2026-07-26 08:03:30] 2026-07-26 07:29:17 | INFO     | KDClient 5 fit round 1 (tier=small)
[2026-07-26 08:03:30] 2026-07-26 07:29:17 | INFO     | KDClient 5 round 1 local training (epochs=4)
[2026-07-26 08:03:30] 2026-07-26 07:29:36 | INFO     | KDClient 5 round 1 completed (acc=0.3766, n=103)
[2026-07-26 08:03:30] 2026-07-26 07:29:36 | INFO     | KDClient 6 fit round 1 (tier=small)
[2026-07-26 08:03:30] 2026-07-26 07:29:36 | INFO     | KDClient 6 round 1 local training (epochs=4)
[2026-07-26 08:03:30] 2026-07-26 07:29:53 | INFO     | KDClient 6 round 1 completed (acc=0.3477, n=52)
[2026-07-26 08:03:30] 2026-07-26 07:29:53 | INFO     | KDClient 7 fit round 1 (tier=medium)
[2026-07-26 08:03:30] 2026-07-26 07:29:53 | INFO     | KDClient 7 round 1 local training (epochs=4)
[2026-07-26 08:03:30] 2026-07-26 07:30:37 | INFO     | KDClient 7 round 1 completed (acc=0.3477, n=73)
[2026-07-26 08:03:30] 2026-07-26 07:30:37 | INFO     | KDClient 8 fit round 1 (tier=medium)
[2026-07-26 08:03:30] 2026-07-26 07:30:37 | INFO     | KDClient 8 round 1 local training (epochs=4)
[2026-07-26 08:03:30] 2026-07-26 07:31:32 | INFO     | KDClient 8 round 1 completed (acc=0.3261, n=88)
[2026-07-26 08:03:30] 2026-07-26 07:31:32 | INFO     | KDClient 9 fit round 1 (tier=medium)
[2026-07-26 08:03:30] 2026-07-26 07:31:32 | INFO     | KDClient 9 round 1 local training (epochs=4)
[2026-07-26 08:03:30] 2026-07-26 07:32:09 | INFO     | KDClient 9 round 1 completed (acc=0.3261, n=21)
[2026-07-26 08:03:30] 2026-07-26 07:32:09 | INFO     | KDClient 10 fit round 1 (tier=medium)
[2026-07-26 08:03:30] 2026-07-26 07:32:09 | INFO     | KDClient 10 round 1 local training (epochs=4)
[2026-07-26 08:03:30] 2026-07-26 07:33:02 | INFO     | KDClient 10 round 1 completed (acc=0.3261, n=203)
[2026-07-26 08:03:30] 2026-07-26 07:33:02 | INFO     | KDClient 11 fit round 1 (tier=medium)
[2026-07-26 08:03:30] 2026-07-26 07:33:02 | INFO     | KDClient 11 round 1 local training (epochs=4)
[2026-07-26 08:03:30] 2026-07-26 07:33:37 | INFO     | KDClient 11 round 1 completed (acc=0.3477, n=28)
[2026-07-26 08:03:30] 2026-07-26 07:33:37 | INFO     | KDClient 12 fit round 1 (tier=medium)
[2026-07-26 08:03:30] 2026-07-26 07:33:37 | INFO     | KDClient 12 round 1 local training (epochs=4)
[2026-07-26 08:03:30] 2026-07-26 07:34:44 | INFO     | KDClient 12 round 1 completed (acc=0.2955, n=71)
[2026-07-26 08:03:30] 2026-07-26 07:34:44 | INFO     | KDClient 13 fit round 1 (tier=medium)
[2026-07-26 08:03:30] 2026-07-26 07:34:44 | INFO     | KDClient 13 round 1 local training (epochs=4)
[2026-07-26 08:03:30] 2026-07-26 07:35:28 | INFO     | KDClient 13 round 1 completed (acc=0.3261, n=136)
[2026-07-26 08:03:30] 2026-07-26 07:35:28 | INFO     | KDClient 14 fit round 1 (tier=large)
[2026-07-26 08:03:30] 2026-07-26 07:35:28 | INFO     | KDClient 14 round 1 local training (epochs=4)
[2026-07-26 08:03:30] 2026-07-26 07:36:22 | INFO     | KDClient 14 round 1 completed (acc=0.3261, n=22)
[2026-07-26 08:03:30] 2026-07-26 07:36:22 | INFO     | KDClient 15 fit round 1 (tier=large)
[2026-07-26 08:03:30] 2026-07-26 07:36:22 | INFO     | KDClient 15 round 1 local training (epochs=4)
[2026-07-26 08:03:30] 2026-07-26 07:37:18 | INFO     | KDClient 15 round 1 completed (acc=0.3261, n=74)
[2026-07-26 08:03:30] 2026-07-26 07:37:18 | INFO     | KDClient 16 fit round 1 (tier=large)
[2026-07-26 08:03:30] 2026-07-26 07:37:18 | INFO     | KDClient 16 round 1 local training (epochs=4)
[2026-07-26 08:03:30] 2026-07-26 07:38:09 | INFO     | KDClient 16 round 1 completed (acc=0.3477, n=21)
[2026-07-26 08:03:30] 2026-07-26 07:38:09 | INFO     | KDClient 17 fit round 1 (tier=large)
[2026-07-26 08:03:30] 2026-07-26 07:38:09 | INFO     | KDClient 17 round 1 local training (epochs=4)
[2026-07-26 08:03:30] 2026-07-26 07:38:58 | INFO     | KDClient 17 round 1 completed (acc=0.3261, n=9)
[2026-07-26 08:03:30] 2026-07-26 07:38:58 | INFO     | KDClient 18 fit round 1 (tier=large)
[2026-07-26 08:03:30] 2026-07-26 07:38:58 | INFO     | KDClient 18 round 1 local training (epochs=4)
[2026-07-26 08:03:30] 2026-07-26 07:39:49 | INFO     | KDClient 18 round 1 completed (acc=0.3261, n=17)
[2026-07-26 08:03:30] 2026-07-26 07:39:49 | INFO     | KDClient 19 fit round 1 (tier=large)
[2026-07-26 08:03:30] 2026-07-26 07:39:49 | INFO     | KDClient 19 round 1 local training (epochs=4)
[2026-07-26 08:03:30] 2026-07-26 07:40:38 | INFO     | KDClient 19 round 1 completed (acc=0.3261, n=16)
[2026-07-26 08:03:30]   Round   1/50 | Avg: 0.3314 | Min: 0.2955 | Max: 0.3766
[2026-07-26 08:03:30] 2026-07-26 07:40:38 | INFO     | FEDMD — NONIID: round 2/50 starting
[2026-07-26 08:03:30] 2026-07-26 07:40:38 | INFO     | KDClient 0 fit round 2 (tier=small)
[2026-07-26 08:03:30] 2026-07-26 07:40:38 | INFO     | KDClient 0 round 2 public KD (epochs=2)
[2026-07-26 08:03:30] 2026-07-26 07:40:56 | INFO     | KDClient 0 round 2 local training (epochs=4)
[2026-07-26 08:03:30] 2026-07-26 07:41:11 | INFO     | KDClient 0 round 2 completed (acc=0.3261, n=13)
[2026-07-26 08:03:30] 2026-07-26 07:41:11 | INFO     | KDClient 1 fit round 2 (tier=small)
[2026-07-26 08:03:30] 2026-07-26 07:41:11 | INFO     | KDClient 1 round 2 public KD (epochs=2)
[2026-07-26 08:03:30] 2026-07-26 07:41:27 | INFO     | KDClient 1 round 2 local training (epochs=4)
[2026-07-26 08:03:30] 2026-07-26 07:41:36 | INFO     | KDClient 1 round 2 completed (acc=0.3261, n=12)
[2026-07-26 08:03:30] 2026-07-26 07:41:36 | INFO     | KDClient 2 fit round 2 (tier=small)
[2026-07-26 08:03:30] 2026-07-26 07:41:36 | INFO     | KDClient 2 round 2 public KD (epochs=2)
[2026-07-26 08:03:30] 2026-07-26 07:41:53 | INFO     | KDClient 2 round 2 local training (epochs=4)
[2026-07-26 08:03:30] 2026-07-26 07:42:07 | INFO     | KDClient 2 round 2 completed (acc=0.3261, n=25)
[2026-07-26 08:03:30] 2026-07-26 07:42:07 | INFO     | KDClient 3 fit round 2 (tier=small)
[2026-07-26 08:03:30] 2026-07-26 07:42:07 | INFO     | KDClient 3 round 2 public KD (epochs=2)
[2026-07-26 08:03:30] 2026-07-26 07:42:24 | INFO     | KDClient 3 round 2 local training (epochs=4)
[2026-07-26 08:03:30] 2026-07-26 07:42:34 | INFO     | KDClient 3 round 2 completed (acc=0.3261, n=17)
[2026-07-26 08:03:30] 2026-07-26 07:42:34 | INFO     | KDClient 4 fit round 2 (tier=small)
[2026-07-26 08:03:30] 2026-07-26 07:42:34 | INFO     | KDClient 4 round 2 public KD (epochs=2)
[2026-07-26 08:03:30] 2026-07-26 07:42:55 | INFO     | KDClient 4 round 2 local training (epochs=4)
[2026-07-26 08:03:30] 2026-07-26 07:43:05 | INFO     | KDClient 4 round 2 completed (acc=0.3261, n=47)
[2026-07-26 08:03:30] 2026-07-26 07:43:05 | INFO     | KDClient 5 fit round 2 (tier=small)
[2026-07-26 08:03:30] 2026-07-26 07:43:05 | INFO     | KDClient 5 round 2 public KD (epochs=2)
[2026-07-26 08:03:30] 2026-07-26 07:43:27 | INFO     | KDClient 5 round 2 local training (epochs=4)
[2026-07-26 08:03:30] 2026-07-26 07:43:41 | INFO     | KDClient 5 round 2 completed (acc=0.4342, n=103)
[2026-07-26 08:03:30] 2026-07-26 07:43:41 | INFO     | KDClient 6 fit round 2 (tier=small)
[2026-07-26 08:03:30] 2026-07-26 07:43:41 | INFO     | KDClient 6 round 2 public KD (epochs=2)
[2026-07-26 08:03:30] 2026-07-26 07:43:56 | INFO     | KDClient 6 round 2 local training (epochs=4)
[2026-07-26 08:03:30] 2026-07-26 07:44:06 | INFO     | KDClient 6 round 2 completed (acc=0.3477, n=52)
[2026-07-26 08:03:30] 2026-07-26 07:44:06 | INFO     | KDClient 7 fit round 2 (tier=medium)
[2026-07-26 08:03:30] 2026-07-26 07:44:06 | INFO     | KDClient 7 round 2 public KD (epochs=2)
[2026-07-26 08:03:30] 2026-07-26 07:44:48 | INFO     | KDClient 7 round 2 local training (epochs=4)
[2026-07-26 08:03:30] 2026-07-26 07:45:14 | INFO     | KDClient 7 round 2 completed (acc=0.3477, n=73)
[2026-07-26 08:03:30] 2026-07-26 07:45:14 | INFO     | KDClient 8 fit round 2 (tier=medium)
[2026-07-26 08:03:30] 2026-07-26 07:45:14 | INFO     | KDClient 8 round 2 public KD (epochs=2)
[2026-07-26 08:03:30] 2026-07-26 07:46:00 | INFO     | KDClient 8 round 2 local training (epochs=4)
[2026-07-26 08:03:30] 2026-07-26 07:46:35 | INFO     | KDClient 8 round 2 completed (acc=0.3279, n=88)
[2026-07-26 08:03:30] 2026-07-26 07:46:35 | INFO     | KDClient 9 fit round 2 (tier=medium)
[2026-07-26 08:03:30] 2026-07-26 07:46:35 | INFO     | KDClient 9 round 2 public KD (epochs=2)
[2026-07-26 08:03:30] 2026-07-26 07:47:21 | INFO     | KDClient 9 round 2 local training (epochs=4)
[2026-07-26 08:03:30] 2026-07-26 07:47:48 | INFO     | KDClient 9 round 2 completed (acc=0.3261, n=21)
[2026-07-26 08:03:30] 2026-07-26 07:47:48 | INFO     | KDClient 10 fit round 2 (tier=medium)
[2026-07-26 08:03:30] 2026-07-26 07:47:48 | INFO     | KDClient 10 round 2 public KD (epochs=2)
[2026-07-26 08:03:30] 2026-07-26 07:48:33 | INFO     | KDClient 10 round 2 local training (epochs=4)
[2026-07-26 08:03:30] 2026-07-26 07:49:09 | INFO     | KDClient 10 round 2 completed (acc=0.3261, n=203)
[2026-07-26 08:03:30] 2026-07-26 07:49:09 | INFO     | KDClient 11 fit round 2 (tier=medium)
[2026-07-26 08:03:30] 2026-07-26 07:49:09 | INFO     | KDClient 11 round 2 public KD (epochs=2)
[2026-07-26 08:03:30] 2026-07-26 07:49:54 | INFO     | KDClient 11 round 2 local training (epochs=4)
[2026-07-26 08:03:30] 2026-07-26 07:50:23 | INFO     | KDClient 11 round 2 completed (acc=0.3477, n=28)
[2026-07-26 08:03:30] 2026-07-26 07:50:23 | INFO     | KDClient 12 fit round 2 (tier=medium)
[2026-07-26 08:03:30] 2026-07-26 07:50:23 | INFO     | KDClient 12 round 2 public KD (epochs=2)
[2026-07-26 08:03:30] 2026-07-26 07:51:11 | INFO     | KDClient 12 round 2 local training (epochs=4)
[2026-07-26 08:03:30] 2026-07-26 07:51:43 | INFO     | KDClient 12 round 2 completed (acc=0.1856, n=71)
[2026-07-26 08:03:30] 2026-07-26 07:51:43 | INFO     | KDClient 13 fit round 2 (tier=medium)
[2026-07-26 08:03:30] 2026-07-26 07:51:43 | INFO     | KDClient 13 round 2 public KD (epochs=2)
[2026-07-26 08:03:30] 2026-07-26 07:52:29 | INFO     | KDClient 13 round 2 local training (epochs=4)
[2026-07-26 08:03:30] 2026-07-26 07:53:07 | INFO     | KDClient 13 round 2 completed (acc=0.3261, n=136)
[2026-07-26 08:03:30] 2026-07-26 07:53:07 | INFO     | KDClient 14 fit round 2 (tier=large)
[2026-07-26 08:03:30] 2026-07-26 07:53:07 | INFO     | KDClient 14 round 2 public KD (epochs=2)
[2026-07-26 08:03:30] 2026-07-26 07:54:30 | INFO     | KDClient 14 round 2 local training (epochs=4)
[2026-07-26 08:03:30] 2026-07-26 07:55:12 | INFO     | KDClient 14 round 2 completed (acc=0.3477, n=22)
[2026-07-26 08:03:30] 2026-07-26 07:55:12 | INFO     | KDClient 15 fit round 2 (tier=large)
[2026-07-26 08:03:30] 2026-07-26 07:55:12 | INFO     | KDClient 15 round 2 public KD (epochs=2)
[2026-07-26 08:03:30] 2026-07-26 07:56:08 | INFO     | KDClient 15 round 2 local training (epochs=4)
[2026-07-26 08:03:30] 2026-07-26 07:56:55 | INFO     | KDClient 15 round 2 completed (acc=0.3261, n=74)
[2026-07-26 08:03:30] 2026-07-26 07:56:55 | INFO     | KDClient 16 fit round 2 (tier=large)
[2026-07-26 08:03:30] 2026-07-26 07:56:55 | INFO     | KDClient 16 round 2 public KD (epochs=2)
[2026-07-26 08:03:30] 2026-07-26 07:58:13 | INFO     | KDClient 16 round 2 local training (epochs=4)
[2026-07-26 08:03:30] 2026-07-26 07:59:09 | INFO     | KDClient 16 round 2 completed (acc=0.3477, n=21)
[2026-07-26 08:03:30] 2026-07-26 07:59:09 | INFO     | KDClient 17 fit round 2 (tier=large)
[2026-07-26 08:03:30] 2026-07-26 07:59:09 | INFO     | KDClient 17 round 2 public KD (epochs=2)
[2026-07-26 08:03:30] 2026-07-26 08:00:32 | INFO     | KDClient 17 round 2 local training (epochs=4)
[2026-07-26 08:03:30] 2026-07-26 08:01:33 | INFO     | KDClient 17 round 2 completed (acc=0.3261, n=9)
[2026-07-26 08:03:30] 2026-07-26 08:01:33 | INFO     | KDClient 18 fit round 2 (tier=large)
[2026-07-26 08:03:30] 2026-07-26 08:01:33 | INFO     | KDClient 18 round 2 public KD (epochs=2)
[2026-07-26 08:03:30] ============================================================
[2026-07-26 08:03:30]   JOB DONE    : home_occupancy_fedmd_uniform  (exit 0)
[2026-07-26 08:03:30]   Full log    : /home/gad/Desktop/HomeSenseKD/logs/phase1/home_occupancy_fedmd_uniform.log
[2026-07-26 08:03:30] ============================================================
