[2026-07-26 06:45:37] ============================================================
[2026-07-26 06:45:37]   JOB START   : home_har_fedmd_uniform
[2026-07-26 06:45:37]   PID         : 3295568
[2026-07-26 06:45:37]   Log         : /home/gad/Desktop/HomeSenseKD/logs/phase1/home_har_fedmd_uniform.log
[2026-07-26 06:45:37]   Results dir : /home/gad/Desktop/HomeSenseKD/results/phase1
[2026-07-26 06:45:37]   Fig dir     : /home/gad/Desktop/HomeSenseKD/results/phase1/figures
[2026-07-26 06:45:37]   Cmd         : /home/gad/Desktop/HomeSenseKD/myenv/bin/python /home/gad/Desktop/HomeSenseKD/run_fedkd.py \
[2026-07-26 06:45:37]                   --config /home/gad/Desktop/HomeSenseKD/config/home_har.yaml \
[2026-07-26 06:45:37]                   --algorithm fedmd --heterogeneity uniform \
[2026-07-26 06:45:37]                   --override experiment.results_dir=/home/gad/Desktop/HomeSenseKD/results/phase1 \
[2026-07-26 06:45:37]                              experiment.fig_dir=/home/gad/Desktop/HomeSenseKD/results/phase1/figures
[2026-07-26 06:45:37] ============================================================
[2026-07-27 08:57:44] ============================================================
[2026-07-27 08:57:44]   JOB START   : home_har_fedmd_uniform
[2026-07-27 08:57:44]   PID         : 553188
[2026-07-27 08:57:44]   Log         : /home/gad/Desktop/HomeSenseKD/logs/phase1/home_har_fedmd_uniform.log
[2026-07-27 08:57:44]   Results dir : /home/gad/Desktop/HomeSenseKD/results/phase1
[2026-07-27 08:57:44]   Fig dir     : /home/gad/Desktop/HomeSenseKD/results/phase1/figures
[2026-07-27 08:57:44]   Cmd         : /home/gad/Desktop/HomeSenseKD/myenv/bin/python /home/gad/Desktop/HomeSenseKD/run_fedkd.py \
[2026-07-27 08:57:44]                   --config /home/gad/Desktop/HomeSenseKD/config/home_har.yaml \
[2026-07-27 08:57:44]                   --algorithm fedmd --heterogeneity uniform \
[2026-07-27 08:57:44]                   --override experiment.results_dir=/home/gad/Desktop/HomeSenseKD/results/phase1 \
[2026-07-27 08:57:44]                              experiment.fig_dir=/home/gad/Desktop/HomeSenseKD/results/phase1/figures
[2026-07-27 08:57:44] ============================================================
[2026-07-27 08:58:30] ============================================================
[2026-07-27 08:58:30]   JOB START   : home_har_fedmd_uniform
[2026-07-27 08:58:30]   PID         : 554609
[2026-07-27 08:58:30]   Log         : /home/gad/Desktop/HomeSenseKD/logs/phase1/home_har_fedmd_uniform.log
[2026-07-27 08:58:30]   Results dir : /home/gad/Desktop/HomeSenseKD/results/phase1
[2026-07-27 08:58:30]   Fig dir     : /home/gad/Desktop/HomeSenseKD/results/phase1/figures
[2026-07-27 08:58:30]   Cmd         : /home/gad/Desktop/HomeSenseKD/myenv/bin/python /home/gad/Desktop/HomeSenseKD/run_fedkd.py \
[2026-07-27 08:58:30]                   --config /home/gad/Desktop/HomeSenseKD/config/home_har.yaml \
[2026-07-27 08:58:30]                   --algorithm fedmd --heterogeneity uniform \
[2026-07-27 08:58:30]                   --override experiment.results_dir=/home/gad/Desktop/HomeSenseKD/results/phase1 \
[2026-07-27 08:58:30]                              experiment.fig_dir=/home/gad/Desktop/HomeSenseKD/results/phase1/figures
[2026-07-27 08:58:30] ============================================================
[2026-07-27 08:59:08] ============================================================
[2026-07-27 08:59:08]   JOB START   : home_har_fedmd_uniform
[2026-07-27 08:59:08]   PID         : 555623
[2026-07-27 08:59:08]   Log         : /home/gad/Desktop/HomeSenseKD/logs/phase1/home_har_fedmd_uniform.log
[2026-07-27 08:59:08]   Results dir : /home/gad/Desktop/HomeSenseKD/results/phase1
[2026-07-27 08:59:08]   Fig dir     : /home/gad/Desktop/HomeSenseKD/results/phase1/figures
[2026-07-27 08:59:08]   Cmd         : /home/gad/Desktop/HomeSenseKD/myenv/bin/python /home/gad/Desktop/HomeSenseKD/run_fedkd.py \
[2026-07-27 08:59:08]                   --config /home/gad/Desktop/HomeSenseKD/config/home_har.yaml \
[2026-07-27 08:59:08]                   --algorithm fedmd --heterogeneity uniform \
[2026-07-27 08:59:08]                   --override experiment.results_dir=/home/gad/Desktop/HomeSenseKD/results/phase1 \
[2026-07-27 08:59:08]                              experiment.fig_dir=/home/gad/Desktop/HomeSenseKD/results/phase1/figures
[2026-07-27 08:59:08] ============================================================
[2026-07-27 17:24:42] ============================================================
[2026-07-27 17:24:42]   JOB START   : home_har_fedmd_uniform
[2026-07-27 17:24:42]   PID         : 438
[2026-07-27 17:24:42]   Log         : /c/Users/ggad/Desktop/HomeSenseKD/logs/phase1/home_har_fedmd_uniform.log
[2026-07-27 17:24:42]   Results dir : /c/Users/ggad/Desktop/HomeSenseKD/results/phase1
[2026-07-27 17:24:42]   Fig dir     : /c/Users/ggad/Desktop/HomeSenseKD/results/phase1/figures
[2026-07-27 17:24:42]   Cmd         : C:\Users\ggad\Desktop\HomeSenseKD\venv/Scripts/python.exe /c/Users/ggad/Desktop/HomeSenseKD/run_fedkd.py \
[2026-07-27 17:24:42]                   --config /c/Users/ggad/Desktop/HomeSenseKD/config/home_har.yaml \
[2026-07-27 17:24:42]                   --algorithm fedmd --heterogeneity uniform \
[2026-07-27 17:24:42]                   --override experiment.results_dir=/c/Users/ggad/Desktop/HomeSenseKD/results/phase1 \
[2026-07-27 17:24:42]                              experiment.fig_dir=/c/Users/ggad/Desktop/HomeSenseKD/results/phase1/figures
[2026-07-27 17:24:42] ============================================================
[2026-07-27 17:24:51] WARNING: All log messages before absl::InitializeLog() is called are written to STDERR
[2026-07-27 17:24:51] I0000 00:00:1785187491.370154   28640 port.cc:153] oneDNN custom operations are on. You may see slightly different numerical results due to floating-point round-off errors from different computation orders. To turn them off, set the environment variable `TF_ENABLE_ONEDNN_OPTS=0`.
[2026-07-27 17:25:17] WARNING: All log messages before absl::InitializeLog() is called are written to STDERR
[2026-07-27 17:25:17] I0000 00:00:1785187517.257034   28640 port.cc:153] oneDNN custom operations are on. You may see slightly different numerical results due to floating-point round-off errors from different computation orders. To turn them off, set the environment variable `TF_ENABLE_ONEDNN_OPTS=0`.
[2026-07-27 17:25:49] 2026-07-27 17:25:49 | INFO     | Experiment started: fedkd_experiment
[2026-07-27 17:25:49] 2026-07-27 17:25:49 | INFO     | Configuration: {"algorithms": ["fedmd", "fedakd", "mks", "fedavg", "fedprox", "local", "central"], "data": {"dataset": "home_har", "dirichlet_alpha": 0.5, "n_classes": 7, "n_parties": 20, "n_samples_per_class": 30, "n_stft_bins": 8, "public_dataset": "home_occupancy", "settings": ["iid", "noniid"], "window_size": 1500}, "experiment": {"fig_dir": "C:/Users/ggad/Desktop/HomeSenseKD/results/phase1/figures", "log_dir": "logs", "name": "fedkd_experiment", "results_dir": "C:/Users/ggad/Desktop/HomeSenseKD/results/phase1", "seeds": [42, 123, 456]}, "federated": {"fedprox_mu": 0.01, "kd_epochs": 2, "local_epochs": 4, "n_alignment": 10000, "n_rounds": 50}, "models": {"distributions": {"all_small": [1.0, 0.0, 0.0], "skewed": [0.6, 0.3, 0.1], "uniform": [0.35, 0.35, 0.3]}, "heterogeneity": "uniform"}}
[2026-07-27 17:25:49]   Saved tiers_home_har_uniform.png
[2026-07-27 17:25:49] =================================================================
[2026-07-27 17:25:49]   Dataset    : home_har  (public: home_occupancy)
[2026-07-27 17:25:49]   Algorithms : ['fedmd']
[2026-07-27 17:25:49]   Heterogen. : uniform  ->  ['small', 'small', 'small', 'small', 'small', 'small']...
[2026-07-27 17:25:49]   Seeds      : [42, 123, 456]
[2026-07-27 17:25:49]   Settings   : ['iid', 'noniid']
[2026-07-27 17:25:49] =================================================================
[2026-07-27 17:25:49] 2026-07-27 17:25:49 | INFO     | run_multiseed: seed=42  algo=fedmd  dataset=home_har  hetero=uniform
[2026-07-27 17:25:49] 
[2026-07-27 17:25:49] [seed=42]  FEDMD  dataset=home_har  hetero=uniform
[2026-07-27 17:25:49] 2026-07-27 17:25:49 | INFO     | Loading target dataset: 'home_har'  public dataset: 'home_occupancy'
[2026-07-27 17:25:49] 2026-07-27 17:25:49 | INFO     | Input shape: (1500, 12)  is_image: False
[2026-07-27 17:25:52] Warning: You are sending unauthenticated requests to the HF Hub. Please set a HF_TOKEN to enable higher rate limits and faster downloads.
[2026-07-27 17:31:37] Loading HomeHAR...
[2026-07-27 17:31:37]   data1/drink.csv: 210
[2026-07-27 17:31:37]   data1/eat.csv: 198
[2026-07-27 17:31:37]   data1/empty.csv: 190
[2026-07-27 17:31:37]   data1/sleep.csv: 199
[2026-07-27 17:31:37]   data1/smoke.csv: 198
[2026-07-27 17:31:37]   data1/watch.csv: 190
[2026-07-27 17:31:37]   data1/work.csv: 190
[2026-07-27 17:31:37]   -> 1375 public
[2026-07-27 17:31:37] Loading HomeOccupancy...
[2026-07-27 17:31:37]   empty_1: 192
[2026-07-27 17:31:37]   empty_2: 183
[2026-07-27 17:31:37]   empty_3 test: 181
[2026-07-27 17:31:37]   sleep_1: 191
[2026-07-27 17:31:37]   sleep_2: 189
[2026-07-27 17:31:37]   sleep_3 test: 181
[2026-07-27 17:31:37]   work_1: 118
[2026-07-27 17:31:37]   work_2: 175
[2026-07-27 17:31:37]   work_3 test: 193
[2026-07-27 17:31:37]   -> 1048 train, 555 test
[2026-07-27 17:31:37] 2026-07-27 17:31:37 | INFO     | Dataset loaded: x_train=(1100, 1500, 12)  y_train=(1100,)  x_test=(275, 1500, 12)  x_public=(1048, 1500, 12)
[2026-07-27 17:31:37] 2026-07-27 17:31:37 | INFO     | Partitioning data: n_classes=7 n_parties=20 iid_spc=30 alpha=0.500
[2026-07-27 17:31:38] 2026-07-27 17:31:38 | INFO     | run_one_algo: algorithm=fedmd  settings=['iid', 'noniid']
[2026-07-27 17:31:38] 2026-07-27 17:31:38 | INFO     | run_one_algo: algorithm=fedmd  setting=iid
[2026-07-27 17:31:38] 2026-07-27 17:31:38 | INFO     | Building 20 client models for algo=fedmd  tiers=['small', 'small', 'small', 'small', 'small', 'small', 'small', 'medium', 'medium', 'medium', 'medium', 'medium', 'medium', 'medium', 'large', 'large', 'large', 'large', 'large', 'large']
[2026-07-27 17:31:38] I0000 00:00:1785187898.143488   28640 cpu_feature_guard.cc:227] This TensorFlow binary is optimized to use available CPU instructions in performance-critical operations.
[2026-07-27 17:31:38] To enable the following instructions: SSE3 SSE4.1 SSE4.2 AVX AVX2 AVX_VNNI FMA, in other operations, rebuild TensorFlow with the appropriate compiler flags.
[2026-07-27 17:31:38] WARNING:tensorflow:TensorFlow GPU support is not available on native Windows for TensorFlow >= 2.11. Even if CUDA/cuDNN are installed, GPU will not be used. Please use WSL2 or the TensorFlow-DirectML plugin.
[2026-07-27 17:31:42] 2026-07-27 17:31:42 | INFO     | Starting FEDMD — IID (50 rounds, 20 clients)
[2026-07-27 17:31:42] 
[2026-07-27 17:31:42] =================================================================
[2026-07-27 17:31:42]   FEDMD — IID
[2026-07-27 17:31:42] =================================================================
[2026-07-27 17:31:42] 2026-07-27 17:31:42 | INFO     | FEDMD — IID: round 1/50 starting
[2026-07-27 17:31:42] 2026-07-27 17:31:42 | INFO     | KDClient 0 fit round 1 (tier=small)
[2026-07-27 17:31:42] 2026-07-27 17:31:42 | INFO     | KDClient 0 round 1 local training (epochs=4)
[2026-07-27 17:32:24] 2026-07-27 17:32:24 | INFO     | KDClient 0 round 1 completed (acc=0.3091, n=180)
[2026-07-27 17:32:24] 2026-07-27 17:32:24 | INFO     | KDClient 1 fit round 1 (tier=small)
[2026-07-27 17:32:24] 2026-07-27 17:32:24 | INFO     | KDClient 1 round 1 local training (epochs=4)
[2026-07-27 17:33:01] 2026-07-27 17:33:01 | INFO     | KDClient 1 round 1 completed (acc=0.3055, n=180)
[2026-07-27 17:33:01] 2026-07-27 17:33:01 | INFO     | KDClient 2 fit round 1 (tier=small)
[2026-07-27 17:33:01] 2026-07-27 17:33:01 | INFO     | KDClient 2 round 1 local training (epochs=4)
[2026-07-27 17:33:42] 2026-07-27 17:33:42 | INFO     | KDClient 2 round 1 completed (acc=0.3091, n=180)
[2026-07-27 17:33:42] 2026-07-27 17:33:42 | INFO     | KDClient 3 fit round 1 (tier=small)
[2026-07-27 17:33:42] 2026-07-27 17:33:42 | INFO     | KDClient 3 round 1 local training (epochs=4)
[2026-07-27 17:34:25] 2026-07-27 17:34:25 | INFO     | KDClient 3 round 1 completed (acc=0.3091, n=180)
[2026-07-27 17:34:25] 2026-07-27 17:34:25 | INFO     | KDClient 4 fit round 1 (tier=small)
[2026-07-27 17:34:25] 2026-07-27 17:34:25 | INFO     | KDClient 4 round 1 local training (epochs=4)
[2026-07-27 17:35:11] 2026-07-27 17:35:11 | INFO     | KDClient 4 round 1 completed (acc=0.3091, n=180)
[2026-07-27 17:35:11] 2026-07-27 17:35:11 | INFO     | KDClient 5 fit round 1 (tier=small)
[2026-07-27 17:35:11] 2026-07-27 17:35:11 | INFO     | KDClient 5 round 1 local training (epochs=4)
[2026-07-27 17:35:48] 2026-07-27 17:35:48 | INFO     | KDClient 5 round 1 completed (acc=0.3091, n=180)
[2026-07-27 17:35:48] 2026-07-27 17:35:48 | INFO     | KDClient 6 fit round 1 (tier=small)
[2026-07-27 17:35:48] 2026-07-27 17:35:48 | INFO     | KDClient 6 round 1 local training (epochs=4)
[2026-07-27 17:36:27] 2026-07-27 17:36:27 | INFO     | KDClient 6 round 1 completed (acc=0.3091, n=180)
[2026-07-27 17:36:27] 2026-07-27 17:36:27 | INFO     | KDClient 7 fit round 1 (tier=medium)
[2026-07-27 17:36:27] 2026-07-27 17:36:27 | INFO     | KDClient 7 round 1 local training (epochs=4)
[2026-07-27 17:37:38] 2026-07-27 17:37:38 | INFO     | KDClient 7 round 1 completed (acc=0.3091, n=180)
[2026-07-27 17:37:38] 2026-07-27 17:37:38 | INFO     | KDClient 8 fit round 1 (tier=medium)
[2026-07-27 17:37:38] 2026-07-27 17:37:38 | INFO     | KDClient 8 round 1 local training (epochs=4)
[2026-07-27 17:38:58] 2026-07-27 17:38:58 | INFO     | KDClient 8 round 1 completed (acc=0.2400, n=180)
[2026-07-27 17:38:58] 2026-07-27 17:38:58 | INFO     | KDClient 9 fit round 1 (tier=medium)
[2026-07-27 17:38:58] 2026-07-27 17:38:58 | INFO     | KDClient 9 round 1 local training (epochs=4)
[2026-07-27 17:40:04] 2026-07-27 17:40:04 | INFO     | KDClient 9 round 1 completed (acc=0.0218, n=180)
[2026-07-27 17:40:04] 2026-07-27 17:40:04 | INFO     | KDClient 10 fit round 1 (tier=medium)
[2026-07-27 17:40:04] 2026-07-27 17:40:04 | INFO     | KDClient 10 round 1 local training (epochs=4)
[2026-07-27 17:41:19] 2026-07-27 17:41:19 | INFO     | KDClient 10 round 1 completed (acc=0.2691, n=180)
[2026-07-27 17:41:19] 2026-07-27 17:41:19 | INFO     | KDClient 11 fit round 1 (tier=medium)
[2026-07-27 17:41:19] 2026-07-27 17:41:19 | INFO     | KDClient 11 round 1 local training (epochs=4)
[2026-07-27 17:42:25] 2026-07-27 17:42:25 | INFO     | KDClient 11 round 1 completed (acc=0.2655, n=180)
[2026-07-27 17:42:25] 2026-07-27 17:42:25 | INFO     | KDClient 12 fit round 1 (tier=medium)
[2026-07-27 17:42:25] 2026-07-27 17:42:25 | INFO     | KDClient 12 round 1 local training (epochs=4)
[2026-07-27 17:43:53] 2026-07-27 17:43:53 | INFO     | KDClient 12 round 1 completed (acc=0.0000, n=180)
[2026-07-27 17:43:53] 2026-07-27 17:43:53 | INFO     | KDClient 13 fit round 1 (tier=medium)
[2026-07-27 17:43:53] 2026-07-27 17:43:53 | INFO     | KDClient 13 round 1 local training (epochs=4)
[2026-07-27 17:45:20] 2026-07-27 17:45:20 | INFO     | KDClient 13 round 1 completed (acc=0.3091, n=180)
[2026-07-27 17:45:20] 2026-07-27 17:45:20 | INFO     | KDClient 14 fit round 1 (tier=large)
[2026-07-27 17:45:20] 2026-07-27 17:45:20 | INFO     | KDClient 14 round 1 local training (epochs=4)
[2026-07-27 17:48:08] 2026-07-27 17:48:08 | INFO     | KDClient 14 round 1 completed (acc=0.0000, n=180)
[2026-07-27 17:48:08] 2026-07-27 17:48:08 | INFO     | KDClient 15 fit round 1 (tier=large)
[2026-07-27 17:48:08] 2026-07-27 17:48:08 | INFO     | KDClient 15 round 1 local training (epochs=4)
[2026-07-27 17:50:26] 2026-07-27 17:50:26 | INFO     | KDClient 15 round 1 completed (acc=0.0000, n=180)
[2026-07-27 17:50:26] 2026-07-27 17:50:26 | INFO     | KDClient 16 fit round 1 (tier=large)
[2026-07-27 17:50:26] 2026-07-27 17:50:26 | INFO     | KDClient 16 round 1 local training (epochs=4)
[2026-07-27 17:52:56] 2026-07-27 17:52:56 | INFO     | KDClient 16 round 1 completed (acc=0.3091, n=180)
[2026-07-27 17:52:56] 2026-07-27 17:52:56 | INFO     | KDClient 17 fit round 1 (tier=large)
[2026-07-27 17:52:56] 2026-07-27 17:52:56 | INFO     | KDClient 17 round 1 local training (epochs=4)
[2026-07-27 17:55:26] 2026-07-27 17:55:26 | INFO     | KDClient 17 round 1 completed (acc=0.3091, n=180)
[2026-07-27 17:55:26] 2026-07-27 17:55:26 | INFO     | KDClient 18 fit round 1 (tier=large)
[2026-07-27 17:55:26] 2026-07-27 17:55:26 | INFO     | KDClient 18 round 1 local training (epochs=4)
[2026-07-27 17:57:55] 2026-07-27 17:57:55 | INFO     | KDClient 18 round 1 completed (acc=0.3091, n=180)
[2026-07-27 17:57:55] 2026-07-27 17:57:55 | INFO     | KDClient 19 fit round 1 (tier=large)
[2026-07-27 17:57:55] 2026-07-27 17:57:55 | INFO     | KDClient 19 round 1 local training (epochs=4)
[2026-07-27 18:00:41] 2026-07-27 18:00:41 | INFO     | KDClient 19 round 1 completed (acc=0.3091, n=180)
[2026-07-27 18:00:42]   Round   1/50 | Avg: 0.2405 | Min: 0.0000 | Max: 0.3091
[2026-07-27 18:00:42] 2026-07-27 18:00:41 | INFO     | FEDMD — IID: round 2/50 starting
[2026-07-27 18:00:42] 2026-07-27 18:00:41 | INFO     | KDClient 0 fit round 2 (tier=small)
[2026-07-27 18:00:42] 2026-07-27 18:00:41 | INFO     | KDClient 0 round 2 public KD (epochs=2)
[2026-07-27 18:01:35] 2026-07-27 18:01:35 | INFO     | KDClient 0 round 2 local training (epochs=4)
[2026-07-27 18:02:06] 2026-07-27 18:02:06 | INFO     | KDClient 0 round 2 completed (acc=0.0982, n=180)
[2026-07-27 18:02:06] 2026-07-27 18:02:06 | INFO     | KDClient 1 fit round 2 (tier=small)
[2026-07-27 18:02:06] 2026-07-27 18:02:06 | INFO     | KDClient 1 round 2 public KD (epochs=2)
[2026-07-27 18:03:01] 2026-07-27 18:03:01 | INFO     | KDClient 1 round 2 local training (epochs=4)
[2026-07-27 18:03:33] 2026-07-27 18:03:33 | INFO     | KDClient 1 round 2 completed (acc=0.3091, n=180)
[2026-07-27 18:03:33] 2026-07-27 18:03:33 | INFO     | KDClient 2 fit round 2 (tier=small)
[2026-07-27 18:03:33] 2026-07-27 18:03:33 | INFO     | KDClient 2 round 2 public KD (epochs=2)
[2026-07-27 18:04:29] 2026-07-27 18:04:29 | INFO     | KDClient 2 round 2 local training (epochs=4)
[2026-07-27 18:05:02] 2026-07-27 18:05:02 | INFO     | KDClient 2 round 2 completed (acc=0.3091, n=180)
[2026-07-27 18:05:02] 2026-07-27 18:05:02 | INFO     | KDClient 3 fit round 2 (tier=small)
[2026-07-27 18:05:02] 2026-07-27 18:05:02 | INFO     | KDClient 3 round 2 public KD (epochs=2)
[2026-07-27 18:05:55] 2026-07-27 18:05:55 | INFO     | KDClient 3 round 2 local training (epochs=4)
[2026-07-27 18:06:31] 2026-07-27 18:06:31 | INFO     | KDClient 3 round 2 completed (acc=0.3091, n=180)
[2026-07-27 18:06:31] 2026-07-27 18:06:31 | INFO     | KDClient 4 fit round 2 (tier=small)
[2026-07-27 18:06:31] 2026-07-27 18:06:31 | INFO     | KDClient 4 round 2 public KD (epochs=2)
[2026-07-27 18:07:21] 2026-07-27 18:07:21 | INFO     | KDClient 4 round 2 local training (epochs=4)
[2026-07-27 18:07:47] 2026-07-27 18:07:47 | INFO     | KDClient 4 round 2 completed (acc=0.3091, n=180)
[2026-07-27 18:07:47] 2026-07-27 18:07:47 | INFO     | KDClient 5 fit round 2 (tier=small)
[2026-07-27 18:07:47] 2026-07-27 18:07:47 | INFO     | KDClient 5 round 2 public KD (epochs=2)
[2026-07-27 18:08:41] 2026-07-27 18:08:41 | INFO     | KDClient 5 round 2 local training (epochs=4)
[2026-07-27 18:09:10] 2026-07-27 18:09:10 | INFO     | KDClient 5 round 2 completed (acc=0.3091, n=180)
[2026-07-27 18:09:10] 2026-07-27 18:09:10 | INFO     | KDClient 6 fit round 2 (tier=small)
[2026-07-27 18:09:10] 2026-07-27 18:09:10 | INFO     | KDClient 6 round 2 public KD (epochs=2)
[2026-07-27 18:10:06] 2026-07-27 18:10:06 | INFO     | KDClient 6 round 2 local training (epochs=4)
[2026-07-27 18:10:45] 2026-07-27 18:10:45 | INFO     | KDClient 6 round 2 completed (acc=0.3091, n=180)
[2026-07-27 18:10:45] 2026-07-27 18:10:45 | INFO     | KDClient 7 fit round 2 (tier=medium)
[2026-07-27 18:10:45] 2026-07-27 18:10:45 | INFO     | KDClient 7 round 2 public KD (epochs=2)
[2026-07-27 18:12:44] 2026-07-27 18:12:44 | INFO     | KDClient 7 round 2 local training (epochs=4)
[2026-07-27 18:14:09] 2026-07-27 18:14:09 | INFO     | KDClient 7 round 2 completed (acc=0.3018, n=180)
[2026-07-27 18:14:09] 2026-07-27 18:14:09 | INFO     | KDClient 8 fit round 2 (tier=medium)
[2026-07-27 18:14:09] 2026-07-27 18:14:09 | INFO     | KDClient 8 round 2 public KD (epochs=2)
[2026-07-27 18:15:56] 2026-07-27 18:15:56 | INFO     | KDClient 8 round 2 local training (epochs=4)
[2026-07-27 18:17:05] 2026-07-27 18:17:05 | INFO     | KDClient 8 round 2 completed (acc=0.3091, n=180)
[2026-07-27 18:17:05] 2026-07-27 18:17:05 | INFO     | KDClient 9 fit round 2 (tier=medium)
[2026-07-27 18:17:05] 2026-07-27 18:17:05 | INFO     | KDClient 9 round 2 public KD (epochs=2)
[2026-07-27 18:18:56] 2026-07-27 18:18:56 | INFO     | KDClient 9 round 2 local training (epochs=4)
[2026-07-27 18:20:11] 2026-07-27 18:20:11 | INFO     | KDClient 9 round 2 completed (acc=0.2036, n=180)
[2026-07-27 18:20:11] 2026-07-27 18:20:11 | INFO     | KDClient 10 fit round 2 (tier=medium)
[2026-07-27 18:20:11] 2026-07-27 18:20:11 | INFO     | KDClient 10 round 2 public KD (epochs=2)
[2026-07-27 18:22:06] 2026-07-27 18:22:06 | INFO     | KDClient 10 round 2 local training (epochs=4)
[2026-07-27 18:23:12] 2026-07-27 18:23:12 | INFO     | KDClient 10 round 2 completed (acc=0.0036, n=180)
[2026-07-27 18:23:12] 2026-07-27 18:23:12 | INFO     | KDClient 11 fit round 2 (tier=medium)
[2026-07-27 18:23:12] 2026-07-27 18:23:12 | INFO     | KDClient 11 round 2 public KD (epochs=2)
[2026-07-27 18:25:06] 2026-07-27 18:25:06 | INFO     | KDClient 11 round 2 local training (epochs=4)
[2026-07-27 18:26:30] 2026-07-27 18:26:30 | INFO     | KDClient 11 round 2 completed (acc=0.2909, n=180)
[2026-07-27 18:26:30] 2026-07-27 18:26:30 | INFO     | KDClient 12 fit round 2 (tier=medium)
[2026-07-27 18:26:30] 2026-07-27 18:26:30 | INFO     | KDClient 12 round 2 public KD (epochs=2)
[2026-07-27 18:28:21] 2026-07-27 18:28:21 | INFO     | KDClient 12 round 2 local training (epochs=4)
[2026-07-27 18:29:34] 2026-07-27 18:29:34 | INFO     | KDClient 12 round 2 completed (acc=0.0036, n=180)
[2026-07-27 18:29:34] 2026-07-27 18:29:34 | INFO     | KDClient 13 fit round 2 (tier=medium)
[2026-07-27 18:29:34] 2026-07-27 18:29:34 | INFO     | KDClient 13 round 2 public KD (epochs=2)
[2026-07-27 18:31:32] 2026-07-27 18:31:32 | INFO     | KDClient 13 round 2 local training (epochs=4)
[2026-07-27 18:32:41] 2026-07-27 18:32:41 | INFO     | KDClient 13 round 2 completed (acc=0.2400, n=180)
[2026-07-27 18:32:41] 2026-07-27 18:32:41 | INFO     | KDClient 14 fit round 2 (tier=large)
[2026-07-27 18:32:41] 2026-07-27 18:32:41 | INFO     | KDClient 14 round 2 public KD (epochs=2)
[2026-07-27 18:36:10] 2026-07-27 18:36:10 | INFO     | KDClient 14 round 2 local training (epochs=4)
[2026-07-27 18:38:45] 2026-07-27 18:38:45 | INFO     | KDClient 14 round 2 completed (acc=0.3091, n=180)
[2026-07-27 18:38:45] 2026-07-27 18:38:45 | INFO     | KDClient 15 fit round 2 (tier=large)
[2026-07-27 18:38:45] 2026-07-27 18:38:45 | INFO     | KDClient 15 round 2 public KD (epochs=2)
[2026-07-27 18:42:38] 2026-07-27 18:42:38 | INFO     | KDClient 15 round 2 local training (epochs=4)
[2026-07-27 18:44:41] 2026-07-27 18:44:41 | INFO     | KDClient 15 round 2 completed (acc=0.2800, n=180)
[2026-07-27 18:44:41] 2026-07-27 18:44:41 | INFO     | KDClient 16 fit round 2 (tier=large)
[2026-07-27 18:44:41] 2026-07-27 18:44:41 | INFO     | KDClient 16 round 2 public KD (epochs=2)
[2026-07-27 18:47:59] 2026-07-27 18:47:59 | INFO     | KDClient 16 round 2 local training (epochs=4)
[2026-07-27 18:49:49] 2026-07-27 18:49:49 | INFO     | KDClient 16 round 2 completed (acc=0.3091, n=180)
[2026-07-27 18:49:49] 2026-07-27 18:49:49 | INFO     | KDClient 17 fit round 2 (tier=large)
[2026-07-27 18:49:49] 2026-07-27 18:49:49 | INFO     | KDClient 17 round 2 public KD (epochs=2)
[2026-07-27 18:53:16] 2026-07-27 18:53:16 | INFO     | KDClient 17 round 2 local training (epochs=4)
[2026-07-27 18:55:22] 2026-07-27 18:55:22 | INFO     | KDClient 17 round 2 completed (acc=0.3091, n=180)
[2026-07-27 18:55:22] 2026-07-27 18:55:22 | INFO     | KDClient 18 fit round 2 (tier=large)
[2026-07-27 18:55:22] 2026-07-27 18:55:22 | INFO     | KDClient 18 round 2 public KD (epochs=2)
[2026-07-27 18:59:17] 2026-07-27 18:59:17 | INFO     | KDClient 18 round 2 local training (epochs=4)
[2026-07-27 19:01:11] 2026-07-27 19:01:11 | INFO     | KDClient 18 round 2 completed (acc=0.3091, n=180)
[2026-07-27 19:01:11] 2026-07-27 19:01:11 | INFO     | KDClient 19 fit round 2 (tier=large)
[2026-07-27 19:01:11] 2026-07-27 19:01:11 | INFO     | KDClient 19 round 2 public KD (epochs=2)
[2026-07-27 19:04:53] 2026-07-27 19:04:53 | INFO     | KDClient 19 round 2 local training (epochs=4)
[2026-07-27 19:07:22] 2026-07-27 19:07:22 | INFO     | KDClient 19 round 2 completed (acc=0.3091, n=180)
[2026-07-27 19:07:22]   Round   2/50 | Avg: 0.2565 | Min: 0.0036 | Max: 0.3091
[2026-07-27 19:07:22] 2026-07-27 19:07:22 | INFO     | FEDMD — IID: round 3/50 starting
[2026-07-27 19:07:22] 2026-07-27 19:07:22 | INFO     | KDClient 0 fit round 3 (tier=small)
[2026-07-27 19:07:22] 2026-07-27 19:07:22 | INFO     | KDClient 0 round 3 public KD (epochs=2)
[2026-07-27 19:08:05] 2026-07-27 19:08:05 | INFO     | KDClient 0 round 3 local training (epochs=4)
[2026-07-27 19:08:44] 2026-07-27 19:08:44 | INFO     | KDClient 0 round 3 completed (acc=0.3055, n=180)
[2026-07-27 19:08:44] 2026-07-27 19:08:44 | INFO     | KDClient 1 fit round 3 (tier=small)
[2026-07-27 19:08:44] 2026-07-27 19:08:44 | INFO     | KDClient 1 round 3 public KD (epochs=2)
[2026-07-27 19:09:48] 2026-07-27 19:09:48 | INFO     | KDClient 1 round 3 local training (epochs=4)
[2026-07-27 19:10:28] 2026-07-27 19:10:28 | INFO     | KDClient 1 round 3 completed (acc=0.3091, n=180)
[2026-07-27 19:10:28] 2026-07-27 19:10:28 | INFO     | KDClient 2 fit round 3 (tier=small)
[2026-07-27 19:10:28] 2026-07-27 19:10:28 | INFO     | KDClient 2 round 3 public KD (epochs=2)
[2026-07-27 19:11:14] 2026-07-27 19:11:13 | INFO     | KDClient 2 round 3 local training (epochs=4)
[2026-07-27 19:11:48] 2026-07-27 19:11:48 | INFO     | KDClient 2 round 3 completed (acc=0.3091, n=180)
[2026-07-27 19:11:48] 2026-07-27 19:11:48 | INFO     | KDClient 3 fit round 3 (tier=small)
[2026-07-27 19:11:48] 2026-07-27 19:11:48 | INFO     | KDClient 3 round 3 public KD (epochs=2)
[2026-07-27 19:12:51] 2026-07-27 19:12:51 | INFO     | KDClient 3 round 3 local training (epochs=4)
[2026-07-27 19:13:30] 2026-07-27 19:13:30 | INFO     | KDClient 3 round 3 completed (acc=0.3091, n=180)
[2026-07-27 19:13:30] 2026-07-27 19:13:30 | INFO     | KDClient 4 fit round 3 (tier=small)
[2026-07-27 19:13:30] 2026-07-27 19:13:30 | INFO     | KDClient 4 round 3 public KD (epochs=2)
[2026-07-27 19:14:34] 2026-07-27 19:14:34 | INFO     | KDClient 4 round 3 local training (epochs=4)
[2026-07-27 19:15:10] 2026-07-27 19:15:10 | INFO     | KDClient 4 round 3 completed (acc=0.3091, n=180)
[2026-07-27 19:15:10] 2026-07-27 19:15:10 | INFO     | KDClient 5 fit round 3 (tier=small)
[2026-07-27 19:15:10] 2026-07-27 19:15:10 | INFO     | KDClient 5 round 3 public KD (epochs=2)
[2026-07-27 19:15:50] 2026-07-27 19:15:50 | INFO     | KDClient 5 round 3 local training (epochs=4)
[2026-07-27 19:16:27] 2026-07-27 19:16:27 | INFO     | KDClient 5 round 3 completed (acc=0.2909, n=180)
[2026-07-27 19:16:27] 2026-07-27 19:16:27 | INFO     | KDClient 6 fit round 3 (tier=small)
[2026-07-27 19:16:27] 2026-07-27 19:16:27 | INFO     | KDClient 6 round 3 public KD (epochs=2)
[2026-07-27 19:17:28] 2026-07-27 19:17:27 | INFO     | KDClient 6 round 3 local training (epochs=4)
[2026-07-27 19:18:03] 2026-07-27 19:18:03 | INFO     | KDClient 6 round 3 completed (acc=0.3091, n=180)
[2026-07-27 19:18:03] 2026-07-27 19:18:03 | INFO     | KDClient 7 fit round 3 (tier=medium)
[2026-07-27 19:18:03] 2026-07-27 19:18:03 | INFO     | KDClient 7 round 3 public KD (epochs=2)
[2026-07-27 19:19:30] 2026-07-27 19:19:30 | INFO     | KDClient 7 round 3 local training (epochs=4)
[2026-07-27 19:20:44] 2026-07-27 19:20:44 | INFO     | KDClient 7 round 3 completed (acc=0.3018, n=180)
[2026-07-27 19:20:44] 2026-07-27 19:20:44 | INFO     | KDClient 8 fit round 3 (tier=medium)
[2026-07-27 19:20:44] 2026-07-27 19:20:44 | INFO     | KDClient 8 round 3 public KD (epochs=2)
[2026-07-27 19:22:10] 2026-07-27 19:22:10 | INFO     | KDClient 8 round 3 local training (epochs=4)
[2026-07-27 19:23:27] 2026-07-27 19:23:27 | INFO     | KDClient 8 round 3 completed (acc=0.3055, n=180)
[2026-07-27 19:23:27] 2026-07-27 19:23:27 | INFO     | KDClient 9 fit round 3 (tier=medium)
[2026-07-27 19:23:27] 2026-07-27 19:23:27 | INFO     | KDClient 9 round 3 public KD (epochs=2)
[2026-07-27 19:25:35] 2026-07-27 19:25:35 | INFO     | KDClient 9 round 3 local training (epochs=4)
[2026-07-27 19:26:56] 2026-07-27 19:26:56 | INFO     | KDClient 9 round 3 completed (acc=0.3018, n=180)
[2026-07-27 19:26:56] 2026-07-27 19:26:56 | INFO     | KDClient 10 fit round 3 (tier=medium)
[2026-07-27 19:26:56] 2026-07-27 19:26:56 | INFO     | KDClient 10 round 3 public KD (epochs=2)
[2026-07-27 19:29:04] 2026-07-27 19:29:04 | INFO     | KDClient 10 round 3 local training (epochs=4)
[2026-07-27 19:30:19] 2026-07-27 19:30:19 | INFO     | KDClient 10 round 3 completed (acc=0.2691, n=180)
[2026-07-27 19:30:19] 2026-07-27 19:30:19 | INFO     | KDClient 11 fit round 3 (tier=medium)
[2026-07-27 19:30:19] 2026-07-27 19:30:19 | INFO     | KDClient 11 round 3 public KD (epochs=2)
[2026-07-27 19:31:49] 2026-07-27 19:31:49 | INFO     | KDClient 11 round 3 local training (epochs=4)
[2026-07-27 19:33:19] 2026-07-27 19:33:19 | INFO     | KDClient 11 round 3 completed (acc=0.2545, n=180)
[2026-07-27 19:33:19] 2026-07-27 19:33:19 | INFO     | KDClient 12 fit round 3 (tier=medium)
[2026-07-27 19:33:19] 2026-07-27 19:33:19 | INFO     | KDClient 12 round 3 public KD (epochs=2)
[2026-07-27 19:34:59] 2026-07-27 19:34:59 | INFO     | KDClient 12 round 3 local training (epochs=4)
[2026-07-27 19:36:14] 2026-07-27 19:36:14 | INFO     | KDClient 12 round 3 completed (acc=0.3018, n=180)
[2026-07-27 19:36:14] 2026-07-27 19:36:14 | INFO     | KDClient 13 fit round 3 (tier=medium)
[2026-07-27 19:36:14] 2026-07-27 19:36:14 | INFO     | KDClient 13 round 3 public KD (epochs=2)
[2026-07-27 19:39:56] 2026-07-27 19:39:56 | INFO     | KDClient 13 round 3 local training (epochs=4)
[2026-07-27 19:42:53] 2026-07-27 19:42:53 | INFO     | KDClient 13 round 3 completed (acc=0.2800, n=180)
[2026-07-27 19:42:53] 2026-07-27 19:42:53 | INFO     | KDClient 14 fit round 3 (tier=large)
[2026-07-27 19:42:53] 2026-07-27 19:42:53 | INFO     | KDClient 14 round 3 public KD (epochs=2)
[2026-07-27 19:48:32] 2026-07-27 19:48:32 | INFO     | KDClient 14 round 3 local training (epochs=4)
[2026-07-27 19:53:17] 2026-07-27 19:53:17 | INFO     | KDClient 14 round 3 completed (acc=0.3091, n=180)
[2026-07-27 19:53:17] 2026-07-27 19:53:17 | INFO     | KDClient 15 fit round 3 (tier=large)
[2026-07-27 19:53:17] 2026-07-27 19:53:17 | INFO     | KDClient 15 round 3 public KD (epochs=2)
[2026-07-27 19:58:47] 2026-07-27 19:58:47 | INFO     | KDClient 15 round 3 local training (epochs=4)
[2026-07-27 20:04:06] 2026-07-27 20:04:06 | INFO     | KDClient 15 round 3 completed (acc=0.3091, n=180)
[2026-07-27 20:04:06] 2026-07-27 20:04:06 | INFO     | KDClient 16 fit round 3 (tier=large)
[2026-07-27 20:04:06] 2026-07-27 20:04:06 | INFO     | KDClient 16 round 3 public KD (epochs=2)
[2026-07-27 20:09:46] 2026-07-27 20:09:46 | INFO     | KDClient 16 round 3 local training (epochs=4)
[2026-07-27 20:15:27] 2026-07-27 20:15:27 | INFO     | KDClient 16 round 3 completed (acc=0.3091, n=180)
[2026-07-27 20:15:27] 2026-07-27 20:15:27 | INFO     | KDClient 17 fit round 3 (tier=large)
[2026-07-27 20:15:27] 2026-07-27 20:15:27 | INFO     | KDClient 17 round 3 public KD (epochs=2)
[2026-07-27 20:20:20] 2026-07-27 20:20:20 | INFO     | KDClient 17 round 3 local training (epochs=4)
[2026-07-27 20:25:24] 2026-07-27 20:25:24 | INFO     | KDClient 17 round 3 completed (acc=0.3091, n=180)
[2026-07-27 20:25:24] 2026-07-27 20:25:24 | INFO     | KDClient 18 fit round 3 (tier=large)
[2026-07-27 20:25:24] 2026-07-27 20:25:24 | INFO     | KDClient 18 round 3 public KD (epochs=2)
[2026-07-27 20:31:07] 2026-07-27 20:31:07 | INFO     | KDClient 18 round 3 local training (epochs=4)
[2026-07-27 20:35:00] 2026-07-27 20:35:00 | INFO     | KDClient 18 round 3 completed (acc=0.3091, n=180)
[2026-07-27 20:35:00] 2026-07-27 20:35:00 | INFO     | KDClient 19 fit round 3 (tier=large)
[2026-07-27 20:35:00] 2026-07-27 20:35:00 | INFO     | KDClient 19 round 3 public KD (epochs=2)
[2026-07-27 20:40:41] 2026-07-27 20:40:41 | INFO     | KDClient 19 round 3 local training (epochs=4)
[2026-07-27 20:44:40] 2026-07-27 20:44:40 | INFO     | KDClient 19 round 3 completed (acc=0.3091, n=180)
[2026-07-27 20:44:40]   Round   3/50 | Avg: 0.3005 | Min: 0.2545 | Max: 0.3091
[2026-07-27 20:44:40] 2026-07-27 20:44:40 | INFO     | FEDMD — IID: round 4/50 starting
[2026-07-27 20:44:40] 2026-07-27 20:44:40 | INFO     | KDClient 0 fit round 4 (tier=small)
[2026-07-27 20:44:40] 2026-07-27 20:44:40 | INFO     | KDClient 0 round 4 public KD (epochs=2)
[2026-07-27 20:46:14] 2026-07-27 20:46:14 | INFO     | KDClient 0 round 4 local training (epochs=4)
[2026-07-27 20:47:37] 2026-07-27 20:47:37 | INFO     | KDClient 0 round 4 completed (acc=0.3091, n=180)
[2026-07-27 20:47:37] 2026-07-27 20:47:37 | INFO     | KDClient 1 fit round 4 (tier=small)
[2026-07-27 20:47:37] 2026-07-27 20:47:37 | INFO     | KDClient 1 round 4 public KD (epochs=2)
[2026-07-27 20:49:05] 2026-07-27 20:49:05 | INFO     | KDClient 1 round 4 local training (epochs=4)
[2026-07-27 20:50:22] 2026-07-27 20:50:22 | INFO     | KDClient 1 round 4 completed (acc=0.3091, n=180)
[2026-07-27 20:50:22] 2026-07-27 20:50:22 | INFO     | KDClient 2 fit round 4 (tier=small)
[2026-07-27 20:50:22] 2026-07-27 20:50:22 | INFO     | KDClient 2 round 4 public KD (epochs=2)
[2026-07-27 20:51:42] 2026-07-27 20:51:42 | INFO     | KDClient 2 round 4 local training (epochs=4)
[2026-07-27 20:52:44] 2026-07-27 20:52:44 | INFO     | KDClient 2 round 4 completed (acc=0.3091, n=180)
[2026-07-27 20:52:44] 2026-07-27 20:52:44 | INFO     | KDClient 3 fit round 4 (tier=small)
[2026-07-27 20:52:44] 2026-07-27 20:52:44 | INFO     | KDClient 3 round 4 public KD (epochs=2)
[2026-07-27 20:54:05] 2026-07-27 20:54:05 | INFO     | KDClient 3 round 4 local training (epochs=4)
[2026-07-27 20:55:18] 2026-07-27 20:55:18 | INFO     | KDClient 3 round 4 completed (acc=0.3091, n=180)
[2026-07-27 20:55:18] 2026-07-27 20:55:18 | INFO     | KDClient 4 fit round 4 (tier=small)
[2026-07-27 20:55:18] 2026-07-27 20:55:18 | INFO     | KDClient 4 round 4 public KD (epochs=2)
[2026-07-27 20:56:48] 2026-07-27 20:56:48 | INFO     | KDClient 4 round 4 local training (epochs=4)
[2026-07-27 20:58:10] 2026-07-27 20:58:10 | INFO     | KDClient 4 round 4 completed (acc=0.3091, n=180)
[2026-07-27 20:58:10] 2026-07-27 20:58:10 | INFO     | KDClient 5 fit round 4 (tier=small)
[2026-07-27 20:58:10] 2026-07-27 20:58:10 | INFO     | KDClient 5 round 4 public KD (epochs=2)
[2026-07-27 20:59:05] 2026-07-27 20:59:05 | INFO     | KDClient 5 round 4 local training (epochs=4)
[2026-07-27 21:00:21] 2026-07-27 21:00:21 | INFO     | KDClient 5 round 4 completed (acc=0.3091, n=180)
[2026-07-27 21:00:21] 2026-07-27 21:00:21 | INFO     | KDClient 6 fit round 4 (tier=small)
[2026-07-27 21:00:21] 2026-07-27 21:00:21 | INFO     | KDClient 6 round 4 public KD (epochs=2)
[2026-07-27 21:01:34] 2026-07-27 21:01:34 | INFO     | KDClient 6 round 4 local training (epochs=4)
[2026-07-27 21:02:34] 2026-07-27 21:02:34 | INFO     | KDClient 6 round 4 completed (acc=0.3091, n=180)
[2026-07-27 21:02:34] 2026-07-27 21:02:34 | INFO     | KDClient 7 fit round 4 (tier=medium)
[2026-07-27 21:02:34] 2026-07-27 21:02:34 | INFO     | KDClient 7 round 4 public KD (epochs=2)
[2026-07-27 21:05:08] 2026-07-27 21:05:08 | INFO     | KDClient 7 round 4 local training (epochs=4)
[2026-07-27 21:07:10] 2026-07-27 21:07:10 | INFO     | KDClient 7 round 4 completed (acc=0.1600, n=180)
[2026-07-27 21:07:10] 2026-07-27 21:07:10 | INFO     | KDClient 8 fit round 4 (tier=medium)
[2026-07-27 21:07:10] 2026-07-27 21:07:10 | INFO     | KDClient 8 round 4 public KD (epochs=2)
[2026-07-27 21:10:56] 2026-07-27 21:10:56 | INFO     | KDClient 8 round 4 local training (epochs=4)
[2026-07-27 21:13:18] 2026-07-27 21:13:18 | INFO     | KDClient 8 round 4 completed (acc=0.2473, n=180)
[2026-07-27 21:13:18] 2026-07-27 21:13:18 | INFO     | KDClient 9 fit round 4 (tier=medium)
[2026-07-27 21:13:18] 2026-07-27 21:13:18 | INFO     | KDClient 9 round 4 public KD (epochs=2)
[2026-07-27 21:15:53] 2026-07-27 21:15:53 | INFO     | KDClient 9 round 4 local training (epochs=4)
[2026-07-27 21:18:17] 2026-07-27 21:18:17 | INFO     | KDClient 9 round 4 completed (acc=0.2691, n=180)
[2026-07-27 21:18:17] 2026-07-27 21:18:17 | INFO     | KDClient 10 fit round 4 (tier=medium)
[2026-07-27 21:18:17] 2026-07-27 21:18:17 | INFO     | KDClient 10 round 4 public KD (epochs=2)
[2026-07-27 21:22:07] 2026-07-27 21:22:07 | INFO     | KDClient 10 round 4 local training (epochs=4)
[2026-07-27 21:24:23] 2026-07-27 21:24:23 | INFO     | KDClient 10 round 4 completed (acc=0.2982, n=180)
[2026-07-27 21:24:23] 2026-07-27 21:24:23 | INFO     | KDClient 11 fit round 4 (tier=medium)
[2026-07-27 21:24:23] 2026-07-27 21:24:23 | INFO     | KDClient 11 round 4 public KD (epochs=2)
[2026-07-27 21:27:27] 2026-07-27 21:27:27 | INFO     | KDClient 11 round 4 local training (epochs=4)
[2026-07-27 21:29:56] 2026-07-27 21:29:56 | INFO     | KDClient 11 round 4 completed (acc=0.2109, n=180)
[2026-07-27 21:29:56] 2026-07-27 21:29:56 | INFO     | KDClient 12 fit round 4 (tier=medium)
[2026-07-27 21:29:56] 2026-07-27 21:29:56 | INFO     | KDClient 12 round 4 public KD (epochs=2)
[2026-07-27 21:33:01] 2026-07-27 21:33:01 | INFO     | KDClient 12 round 4 local training (epochs=4)
[2026-07-27 21:35:25] 2026-07-27 21:35:25 | INFO     | KDClient 12 round 4 completed (acc=0.3018, n=180)
[2026-07-27 21:35:25] 2026-07-27 21:35:25 | INFO     | KDClient 13 fit round 4 (tier=medium)
[2026-07-27 21:35:25] 2026-07-27 21:35:25 | INFO     | KDClient 13 round 4 public KD (epochs=2)
[2026-07-27 21:38:06] 2026-07-27 21:38:06 | INFO     | KDClient 13 round 4 local training (epochs=4)
[2026-07-27 21:40:39] 2026-07-27 21:40:39 | INFO     | KDClient 13 round 4 completed (acc=0.2618, n=180)
[2026-07-27 21:40:39] 2026-07-27 21:40:39 | INFO     | KDClient 14 fit round 4 (tier=large)
[2026-07-27 21:40:39] 2026-07-27 21:40:39 | INFO     | KDClient 14 round 4 public KD (epochs=2)
[2026-07-27 21:45:24] 2026-07-27 21:45:24 | INFO     | KDClient 14 round 4 local training (epochs=4)
[2026-07-27 21:49:32] 2026-07-27 21:49:32 | INFO     | KDClient 14 round 4 completed (acc=0.3091, n=180)
[2026-07-27 21:49:32] 2026-07-27 21:49:32 | INFO     | KDClient 15 fit round 4 (tier=large)
[2026-07-27 21:49:32] 2026-07-27 21:49:32 | INFO     | KDClient 15 round 4 public KD (epochs=2)
[2026-07-27 21:54:21] 2026-07-27 21:54:21 | INFO     | KDClient 15 round 4 local training (epochs=4)
[2026-07-27 21:58:58] 2026-07-27 21:58:58 | INFO     | KDClient 15 round 4 completed (acc=0.2982, n=180)
[2026-07-27 21:58:58] 2026-07-27 21:58:58 | INFO     | KDClient 16 fit round 4 (tier=large)
[2026-07-27 21:58:58] 2026-07-27 21:58:58 | INFO     | KDClient 16 round 4 public KD (epochs=2)
[2026-07-27 22:03:59] 2026-07-27 22:03:59 | INFO     | KDClient 16 round 4 local training (epochs=4)
[2026-07-27 22:07:37] 2026-07-27 22:07:37 | INFO     | KDClient 16 round 4 completed (acc=0.3091, n=180)
[2026-07-27 22:07:37] 2026-07-27 22:07:37 | INFO     | KDClient 17 fit round 4 (tier=large)
[2026-07-27 22:07:37] 2026-07-27 22:07:37 | INFO     | KDClient 17 round 4 public KD (epochs=2)
[2026-07-27 22:12:38] 2026-07-27 22:12:38 | INFO     | KDClient 17 round 4 local training (epochs=4)
[2026-07-27 22:17:11] 2026-07-27 22:17:11 | INFO     | KDClient 17 round 4 completed (acc=0.3091, n=180)
[2026-07-27 22:17:11] 2026-07-27 22:17:11 | INFO     | KDClient 18 fit round 4 (tier=large)
[2026-07-27 22:17:11] 2026-07-27 22:17:11 | INFO     | KDClient 18 round 4 public KD (epochs=2)
[2026-07-27 22:22:10] 2026-07-27 22:22:10 | INFO     | KDClient 18 round 4 local training (epochs=4)
[2026-07-27 22:27:30] 2026-07-27 22:27:30 | INFO     | KDClient 18 round 4 completed (acc=0.3091, n=180)
[2026-07-27 22:27:30] 2026-07-27 22:27:30 | INFO     | KDClient 19 fit round 4 (tier=large)
[2026-07-27 22:27:30] 2026-07-27 22:27:30 | INFO     | KDClient 19 round 4 public KD (epochs=2)
[2026-07-27 22:32:16] 2026-07-27 22:32:16 | INFO     | KDClient 19 round 4 local training (epochs=4)
[2026-07-27 22:35:53] 2026-07-27 22:35:53 | INFO     | KDClient 19 round 4 completed (acc=0.3091, n=180)
[2026-07-27 22:35:53]   Round   4/50 | Avg: 0.2878 | Min: 0.1600 | Max: 0.3091
[2026-07-27 22:35:53] 2026-07-27 22:35:53 | INFO     | FEDMD — IID: round 5/50 starting
[2026-07-27 22:35:53] 2026-07-27 22:35:53 | INFO     | KDClient 0 fit round 5 (tier=small)
[2026-07-27 22:35:53] 2026-07-27 22:35:53 | INFO     | KDClient 0 round 5 public KD (epochs=2)
[2026-07-27 22:37:26] 2026-07-27 22:37:26 | INFO     | KDClient 0 round 5 local training (epochs=4)
[2026-07-27 22:38:43] 2026-07-27 22:38:43 | INFO     | KDClient 0 round 5 completed (acc=0.3091, n=180)
[2026-07-27 22:38:43] 2026-07-27 22:38:43 | INFO     | KDClient 1 fit round 5 (tier=small)
[2026-07-27 22:38:43] 2026-07-27 22:38:43 | INFO     | KDClient 1 round 5 public KD (epochs=2)
[2026-07-27 22:40:30] 2026-07-27 22:40:30 | INFO     | KDClient 1 round 5 local training (epochs=4)
[2026-07-27 22:41:42] 2026-07-27 22:41:42 | INFO     | KDClient 1 round 5 completed (acc=0.3091, n=180)
[2026-07-27 22:41:42] 2026-07-27 22:41:42 | INFO     | KDClient 2 fit round 5 (tier=small)
[2026-07-27 22:41:42] 2026-07-27 22:41:42 | INFO     | KDClient 2 round 5 public KD (epochs=2)
[2026-07-27 22:43:09] 2026-07-27 22:43:09 | INFO     | KDClient 2 round 5 local training (epochs=4)
[2026-07-27 22:44:07] 2026-07-27 22:44:07 | INFO     | KDClient 2 round 5 completed (acc=0.3091, n=180)
[2026-07-27 22:44:07] 2026-07-27 22:44:07 | INFO     | KDClient 3 fit round 5 (tier=small)
[2026-07-27 22:44:07] 2026-07-27 22:44:07 | INFO     | KDClient 3 round 5 public KD (epochs=2)
[2026-07-27 22:45:43] 2026-07-27 22:45:43 | INFO     | KDClient 3 round 5 local training (epochs=4)
[2026-07-27 22:47:19] 2026-07-27 22:47:19 | INFO     | KDClient 3 round 5 completed (acc=0.3091, n=180)
[2026-07-27 22:47:19] 2026-07-27 22:47:19 | INFO     | KDClient 4 fit round 5 (tier=small)
[2026-07-27 22:47:19] 2026-07-27 22:47:19 | INFO     | KDClient 4 round 5 public KD (epochs=2)
[2026-07-27 22:49:18] 2026-07-27 22:49:18 | INFO     | KDClient 4 round 5 local training (epochs=4)
[2026-07-27 22:50:35] 2026-07-27 22:50:35 | INFO     | KDClient 4 round 5 completed (acc=0.3091, n=180)
[2026-07-27 22:50:35] 2026-07-27 22:50:35 | INFO     | KDClient 5 fit round 5 (tier=small)
[2026-07-27 22:50:35] 2026-07-27 22:50:35 | INFO     | KDClient 5 round 5 public KD (epochs=2)
[2026-07-27 22:51:59] 2026-07-27 22:51:59 | INFO     | KDClient 5 round 5 local training (epochs=4)
[2026-07-27 22:53:26] 2026-07-27 22:53:26 | INFO     | KDClient 5 round 5 completed (acc=0.3091, n=180)
[2026-07-27 22:53:26] 2026-07-27 22:53:26 | INFO     | KDClient 6 fit round 5 (tier=small)
[2026-07-27 22:53:26] 2026-07-27 22:53:26 | INFO     | KDClient 6 round 5 public KD (epochs=2)
[2026-07-27 22:54:49] 2026-07-27 22:54:49 | INFO     | KDClient 6 round 5 local training (epochs=4)
[2026-07-27 22:56:26] 2026-07-27 22:56:26 | INFO     | KDClient 6 round 5 completed (acc=0.3091, n=180)
[2026-07-27 22:56:26] 2026-07-27 22:56:26 | INFO     | KDClient 7 fit round 5 (tier=medium)
[2026-07-27 22:56:26] 2026-07-27 22:56:26 | INFO     | KDClient 7 round 5 public KD (epochs=2)
[2026-07-27 23:00:05] 2026-07-27 23:00:05 | INFO     | KDClient 7 round 5 local training (epochs=4)
[2026-07-27 23:02:22] 2026-07-27 23:02:22 | INFO     | KDClient 7 round 5 completed (acc=0.1855, n=180)
[2026-07-27 23:02:22] 2026-07-27 23:02:22 | INFO     | KDClient 8 fit round 5 (tier=medium)
[2026-07-27 23:02:22] 2026-07-27 23:02:22 | INFO     | KDClient 8 round 5 public KD (epochs=2)
[2026-07-27 23:05:23] 2026-07-27 23:05:23 | INFO     | KDClient 8 round 5 local training (epochs=4)
[2026-07-27 23:08:03] 2026-07-27 23:08:03 | INFO     | KDClient 8 round 5 completed (acc=0.2945, n=180)
[2026-07-27 23:08:04] 2026-07-27 23:08:04 | INFO     | KDClient 9 fit round 5 (tier=medium)
[2026-07-27 23:08:04] 2026-07-27 23:08:04 | INFO     | KDClient 9 round 5 public KD (epochs=2)
[2026-07-27 23:12:02] 2026-07-27 23:12:02 | INFO     | KDClient 9 round 5 local training (epochs=4)
[2026-07-27 23:14:34] 2026-07-27 23:14:34 | INFO     | KDClient 9 round 5 completed (acc=0.3091, n=180)
[2026-07-27 23:14:34] 2026-07-27 23:14:34 | INFO     | KDClient 10 fit round 5 (tier=medium)
[2026-07-27 23:14:34] 2026-07-27 23:14:34 | INFO     | KDClient 10 round 5 public KD (epochs=2)
[2026-07-27 23:17:34] 2026-07-27 23:17:34 | INFO     | KDClient 10 round 5 local training (epochs=4)
[2026-07-27 23:20:20] 2026-07-27 23:20:20 | INFO     | KDClient 10 round 5 completed (acc=0.1600, n=180)
[2026-07-27 23:20:20] 2026-07-27 23:20:20 | INFO     | KDClient 11 fit round 5 (tier=medium)
[2026-07-27 23:20:20] 2026-07-27 23:20:20 | INFO     | KDClient 11 round 5 public KD (epochs=2)
[2026-07-27 23:23:32] 2026-07-27 23:23:32 | INFO     | KDClient 11 round 5 local training (epochs=4)
[2026-07-27 23:25:44] 2026-07-27 23:25:44 | INFO     | KDClient 11 round 5 completed (acc=0.2509, n=180)
[2026-07-27 23:25:44] 2026-07-27 23:25:44 | INFO     | KDClient 12 fit round 5 (tier=medium)
[2026-07-27 23:25:44] 2026-07-27 23:25:44 | INFO     | KDClient 12 round 5 public KD (epochs=2)
[2026-07-27 23:29:00] 2026-07-27 23:29:00 | INFO     | KDClient 12 round 5 local training (epochs=4)
[2026-07-27 23:31:46] 2026-07-27 23:31:46 | INFO     | KDClient 12 round 5 completed (acc=0.3018, n=180)
[2026-07-27 23:31:46] 2026-07-27 23:31:46 | INFO     | KDClient 13 fit round 5 (tier=medium)
[2026-07-27 23:31:46] 2026-07-27 23:31:46 | INFO     | KDClient 13 round 5 public KD (epochs=2)
[2026-07-27 23:34:53] 2026-07-27 23:34:53 | INFO     | KDClient 13 round 5 local training (epochs=4)
[2026-07-27 23:37:36] 2026-07-27 23:37:36 | INFO     | KDClient 13 round 5 completed (acc=0.3055, n=180)
[2026-07-27 23:37:36] 2026-07-27 23:37:36 | INFO     | KDClient 14 fit round 5 (tier=large)
[2026-07-27 23:37:36] 2026-07-27 23:37:36 | INFO     | KDClient 14 round 5 public KD (epochs=2)
[2026-07-27 23:42:22] 2026-07-27 23:42:22 | INFO     | KDClient 14 round 5 local training (epochs=4)
[2026-07-27 23:47:01] 2026-07-27 23:47:01 | INFO     | KDClient 14 round 5 completed (acc=0.3091, n=180)
[2026-07-27 23:47:01] 2026-07-27 23:47:01 | INFO     | KDClient 15 fit round 5 (tier=large)
[2026-07-27 23:47:01] 2026-07-27 23:47:01 | INFO     | KDClient 15 round 5 public KD (epochs=2)
[2026-07-27 23:51:33] 2026-07-27 23:51:33 | INFO     | KDClient 15 round 5 local training (epochs=4)
[2026-07-27 23:55:33] 2026-07-27 23:55:33 | INFO     | KDClient 15 round 5 completed (acc=0.2764, n=180)
[2026-07-27 23:55:33] 2026-07-27 23:55:33 | INFO     | KDClient 16 fit round 5 (tier=large)
[2026-07-27 23:55:33] 2026-07-27 23:55:33 | INFO     | KDClient 16 round 5 public KD (epochs=2)
[2026-07-28 00:00:02] 2026-07-28 00:00:02 | INFO     | KDClient 16 round 5 local training (epochs=4)
[2026-07-28 00:04:05] 2026-07-28 00:04:05 | INFO     | KDClient 16 round 5 completed (acc=0.3091, n=180)
[2026-07-28 00:04:05] 2026-07-28 00:04:05 | INFO     | KDClient 17 fit round 5 (tier=large)
[2026-07-28 00:04:05] 2026-07-28 00:04:05 | INFO     | KDClient 17 round 5 public KD (epochs=2)
[2026-07-28 00:08:36] 2026-07-28 00:08:36 | INFO     | KDClient 17 round 5 local training (epochs=4)
[2026-07-28 00:12:34] 2026-07-28 00:12:34 | INFO     | KDClient 17 round 5 completed (acc=0.3091, n=180)
[2026-07-28 00:12:34] 2026-07-28 00:12:34 | INFO     | KDClient 18 fit round 5 (tier=large)
[2026-07-28 00:12:34] 2026-07-28 00:12:34 | INFO     | KDClient 18 round 5 public KD (epochs=2)
[2026-07-28 00:17:02] 2026-07-28 00:17:02 | INFO     | KDClient 18 round 5 local training (epochs=4)
[2026-07-28 00:20:51] 2026-07-28 00:20:51 | INFO     | KDClient 18 round 5 completed (acc=0.2618, n=180)
[2026-07-28 00:20:51] 2026-07-28 00:20:51 | INFO     | KDClient 19 fit round 5 (tier=large)
[2026-07-28 00:20:51] 2026-07-28 00:20:51 | INFO     | KDClient 19 round 5 public KD (epochs=2)
[2026-07-28 00:25:09] 2026-07-28 00:25:09 | INFO     | KDClient 19 round 5 local training (epochs=4)
[2026-07-28 00:29:07] 2026-07-28 00:29:07 | INFO     | KDClient 19 round 5 completed (acc=0.3091, n=180)
[2026-07-28 00:29:07]   Round   5/50 | Avg: 0.2873 | Min: 0.1600 | Max: 0.3091
[2026-07-28 00:29:07] 2026-07-28 00:29:07 | INFO     | FEDMD — IID: round 6/50 starting
[2026-07-28 00:29:07] 2026-07-28 00:29:07 | INFO     | KDClient 0 fit round 6 (tier=small)
[2026-07-28 00:29:07] 2026-07-28 00:29:07 | INFO     | KDClient 0 round 6 public KD (epochs=2)
[2026-07-28 00:30:38] 2026-07-28 00:30:38 | INFO     | KDClient 0 round 6 local training (epochs=4)
[2026-07-28 00:31:48] 2026-07-28 00:31:47 | INFO     | KDClient 0 round 6 completed (acc=0.3055, n=180)
[2026-07-28 00:31:48] 2026-07-28 00:31:47 | INFO     | KDClient 1 fit round 6 (tier=small)
[2026-07-28 00:31:48] 2026-07-28 00:31:47 | INFO     | KDClient 1 round 6 public KD (epochs=2)
[2026-07-28 00:33:07] 2026-07-28 00:33:07 | INFO     | KDClient 1 round 6 local training (epochs=4)
[2026-07-28 00:34:23] 2026-07-28 00:34:23 | INFO     | KDClient 1 round 6 completed (acc=0.3091, n=180)
[2026-07-28 00:34:23] 2026-07-28 00:34:23 | INFO     | KDClient 2 fit round 6 (tier=small)
[2026-07-28 00:34:23] 2026-07-28 00:34:23 | INFO     | KDClient 2 round 6 public KD (epochs=2)
[2026-07-28 00:35:43] 2026-07-28 00:35:43 | INFO     | KDClient 2 round 6 local training (epochs=4)
[2026-07-28 00:36:59] 2026-07-28 00:36:58 | INFO     | KDClient 2 round 6 completed (acc=0.3091, n=180)
[2026-07-28 00:36:59] 2026-07-28 00:36:59 | INFO     | KDClient 3 fit round 6 (tier=small)
[2026-07-28 00:36:59] 2026-07-28 00:36:59 | INFO     | KDClient 3 round 6 public KD (epochs=2)
[2026-07-28 00:38:20] 2026-07-28 00:38:20 | INFO     | KDClient 3 round 6 local training (epochs=4)
[2026-07-28 00:39:41] 2026-07-28 00:39:41 | INFO     | KDClient 3 round 6 completed (acc=0.3091, n=180)
[2026-07-28 00:39:41] 2026-07-28 00:39:41 | INFO     | KDClient 4 fit round 6 (tier=small)
[2026-07-28 00:39:41] 2026-07-28 00:39:41 | INFO     | KDClient 4 round 6 public KD (epochs=2)
[2026-07-28 00:40:47] 2026-07-28 00:40:47 | INFO     | KDClient 4 round 6 local training (epochs=4)
[2026-07-28 00:41:58] 2026-07-28 00:41:58 | INFO     | KDClient 4 round 6 completed (acc=0.3091, n=180)
[2026-07-28 00:41:58] 2026-07-28 00:41:58 | INFO     | KDClient 5 fit round 6 (tier=small)
[2026-07-28 00:41:58] 2026-07-28 00:41:58 | INFO     | KDClient 5 round 6 public KD (epochs=2)
[2026-07-28 00:43:24] 2026-07-28 00:43:24 | INFO     | KDClient 5 round 6 local training (epochs=4)
[2026-07-28 00:44:10] 2026-07-28 00:44:10 | INFO     | KDClient 5 round 6 completed (acc=0.3091, n=180)
[2026-07-28 00:44:10] 2026-07-28 00:44:10 | INFO     | KDClient 6 fit round 6 (tier=small)
[2026-07-28 00:44:10] 2026-07-28 00:44:10 | INFO     | KDClient 6 round 6 public KD (epochs=2)
[2026-07-28 00:44:53] 2026-07-28 00:44:53 | INFO     | KDClient 6 round 6 local training (epochs=4)
[2026-07-28 00:45:31] 2026-07-28 00:45:31 | INFO     | KDClient 6 round 6 completed (acc=0.3091, n=180)
[2026-07-28 00:45:31] 2026-07-28 00:45:31 | INFO     | KDClient 7 fit round 6 (tier=medium)
[2026-07-28 00:45:31] 2026-07-28 00:45:31 | INFO     | KDClient 7 round 6 public KD (epochs=2)
[2026-07-28 00:47:40] 2026-07-28 00:47:40 | INFO     | KDClient 7 round 6 local training (epochs=4)
[2026-07-28 00:49:00] 2026-07-28 00:49:00 | INFO     | KDClient 7 round 6 completed (acc=0.3018, n=180)
[2026-07-28 00:49:00] 2026-07-28 00:49:00 | INFO     | KDClient 8 fit round 6 (tier=medium)
[2026-07-28 00:49:00] 2026-07-28 00:49:00 | INFO     | KDClient 8 round 6 public KD (epochs=2)
[2026-07-28 00:51:11] 2026-07-28 00:51:11 | INFO     | KDClient 8 round 6 local training (epochs=4)
[2026-07-28 00:52:24] 2026-07-28 00:52:24 | INFO     | KDClient 8 round 6 completed (acc=0.3091, n=180)
[2026-07-28 00:52:24] 2026-07-28 00:52:24 | INFO     | KDClient 9 fit round 6 (tier=medium)
[2026-07-28 00:52:24] 2026-07-28 00:52:24 | INFO     | KDClient 9 round 6 public KD (epochs=2)
[2026-07-28 00:53:59] 2026-07-28 00:53:59 | INFO     | KDClient 9 round 6 local training (epochs=4)
[2026-07-28 00:55:30] 2026-07-28 00:55:30 | INFO     | KDClient 9 round 6 completed (acc=0.3018, n=180)
[2026-07-28 00:55:30] 2026-07-28 00:55:30 | INFO     | KDClient 10 fit round 6 (tier=medium)
[2026-07-28 00:55:30] 2026-07-28 00:55:30 | INFO     | KDClient 10 round 6 public KD (epochs=2)
[2026-07-28 00:57:02] 2026-07-28 00:57:02 | INFO     | KDClient 10 round 6 local training (epochs=4)
[2026-07-28 00:58:25] 2026-07-28 00:58:25 | INFO     | KDClient 10 round 6 completed (acc=0.2473, n=180)
[2026-07-28 00:58:25] 2026-07-28 00:58:25 | INFO     | KDClient 11 fit round 6 (tier=medium)
[2026-07-28 00:58:25] 2026-07-28 00:58:25 | INFO     | KDClient 11 round 6 public KD (epochs=2)
[2026-07-28 01:00:36] 2026-07-28 01:00:36 | INFO     | KDClient 11 round 6 local training (epochs=4)
[2026-07-28 01:02:03] 2026-07-28 01:02:03 | INFO     | KDClient 11 round 6 completed (acc=0.2691, n=180)
[2026-07-28 01:02:03] 2026-07-28 01:02:03 | INFO     | KDClient 12 fit round 6 (tier=medium)
[2026-07-28 01:02:03] 2026-07-28 01:02:03 | INFO     | KDClient 12 round 6 public KD (epochs=2)
[2026-07-28 01:03:41] 2026-07-28 01:03:41 | INFO     | KDClient 12 round 6 local training (epochs=4)
[2026-07-28 01:05:01] 2026-07-28 01:05:01 | INFO     | KDClient 12 round 6 completed (acc=0.3091, n=180)
[2026-07-28 01:05:01] 2026-07-28 01:05:01 | INFO     | KDClient 13 fit round 6 (tier=medium)
[2026-07-28 01:05:01] 2026-07-28 01:05:01 | INFO     | KDClient 13 round 6 public KD (epochs=2)
[2026-07-28 01:06:38] 2026-07-28 01:06:38 | INFO     | KDClient 13 round 6 local training (epochs=4)
[2026-07-28 01:08:01] 2026-07-28 01:08:01 | INFO     | KDClient 13 round 6 completed (acc=0.3018, n=180)
[2026-07-28 01:08:01] 2026-07-28 01:08:01 | INFO     | KDClient 14 fit round 6 (tier=large)
[2026-07-28 01:08:01] 2026-07-28 01:08:01 | INFO     | KDClient 14 round 6 public KD (epochs=2)
[2026-07-28 01:10:39] 2026-07-28 01:10:39 | INFO     | KDClient 14 round 6 local training (epochs=4)
[2026-07-28 01:12:48] 2026-07-28 01:12:48 | INFO     | KDClient 14 round 6 completed (acc=0.3091, n=180)
[2026-07-28 01:12:48] 2026-07-28 01:12:48 | INFO     | KDClient 15 fit round 6 (tier=large)
[2026-07-28 01:12:48] 2026-07-28 01:12:48 | INFO     | KDClient 15 round 6 public KD (epochs=2)
[2026-07-28 01:16:20] 2026-07-28 01:16:20 | INFO     | KDClient 15 round 6 local training (epochs=4)
[2026-07-28 01:18:37] 2026-07-28 01:18:37 | INFO     | KDClient 15 round 6 completed (acc=0.2873, n=180)
[2026-07-28 01:18:37] 2026-07-28 01:18:37 | INFO     | KDClient 16 fit round 6 (tier=large)
[2026-07-28 01:18:37] 2026-07-28 01:18:37 | INFO     | KDClient 16 round 6 public KD (epochs=2)
[2026-07-28 01:22:19] 2026-07-28 01:22:19 | INFO     | KDClient 16 round 6 local training (epochs=4)
[2026-07-28 01:24:17] 2026-07-28 01:24:17 | INFO     | KDClient 16 round 6 completed (acc=0.3091, n=180)
[2026-07-28 01:24:17] 2026-07-28 01:24:17 | INFO     | KDClient 17 fit round 6 (tier=large)
[2026-07-28 01:24:17] 2026-07-28 01:24:17 | INFO     | KDClient 17 round 6 public KD (epochs=2)
[2026-07-28 01:26:41] 2026-07-28 01:26:41 | INFO     | KDClient 17 round 6 local training (epochs=4)
[2026-07-28 01:28:33] 2026-07-28 01:28:33 | INFO     | KDClient 17 round 6 completed (acc=0.3091, n=180)
[2026-07-28 01:28:33] 2026-07-28 01:28:33 | INFO     | KDClient 18 fit round 6 (tier=large)
[2026-07-28 01:28:33] 2026-07-28 01:28:33 | INFO     | KDClient 18 round 6 public KD (epochs=2)
[2026-07-28 01:31:01] 2026-07-28 01:31:01 | INFO     | KDClient 18 round 6 local training (epochs=4)
[2026-07-28 01:32:55] 2026-07-28 01:32:55 | INFO     | KDClient 18 round 6 completed (acc=0.3055, n=180)
[2026-07-28 01:32:55] 2026-07-28 01:32:55 | INFO     | KDClient 19 fit round 6 (tier=large)
[2026-07-28 01:32:55] 2026-07-28 01:32:55 | INFO     | KDClient 19 round 6 public KD (epochs=2)
[2026-07-28 01:35:13] 2026-07-28 01:35:13 | INFO     | KDClient 19 round 6 local training (epochs=4)
[2026-07-28 01:36:58] 2026-07-28 01:36:58 | INFO     | KDClient 19 round 6 completed (acc=0.3091, n=180)
[2026-07-28 01:36:58]   Round   6/50 | Avg: 0.3015 | Min: 0.2473 | Max: 0.3091
[2026-07-28 01:36:58] 2026-07-28 01:36:58 | INFO     | FEDMD — IID: round 7/50 starting
[2026-07-28 01:36:58] 2026-07-28 01:36:58 | INFO     | KDClient 0 fit round 7 (tier=small)
[2026-07-28 01:36:58] 2026-07-28 01:36:58 | INFO     | KDClient 0 round 7 public KD (epochs=2)
[2026-07-28 01:38:02] 2026-07-28 01:38:02 | INFO     | KDClient 0 round 7 local training (epochs=4)
[2026-07-28 01:38:44] 2026-07-28 01:38:44 | INFO     | KDClient 0 round 7 completed (acc=0.2218, n=180)
[2026-07-28 01:38:44] 2026-07-28 01:38:44 | INFO     | KDClient 1 fit round 7 (tier=small)
[2026-07-28 01:38:44] 2026-07-28 01:38:44 | INFO     | KDClient 1 round 7 public KD (epochs=2)
[2026-07-28 01:39:18] 2026-07-28 01:39:18 | INFO     | KDClient 1 round 7 local training (epochs=4)
[2026-07-28 01:39:53] 2026-07-28 01:39:53 | INFO     | KDClient 1 round 7 completed (acc=0.3091, n=180)
[2026-07-28 01:39:53] 2026-07-28 01:39:53 | INFO     | KDClient 2 fit round 7 (tier=small)
[2026-07-28 01:39:53] 2026-07-28 01:39:53 | INFO     | KDClient 2 round 7 public KD (epochs=2)
[2026-07-28 01:40:33] 2026-07-28 01:40:33 | INFO     | KDClient 2 round 7 local training (epochs=4)
[2026-07-28 01:41:02] 2026-07-28 01:41:02 | INFO     | KDClient 2 round 7 completed (acc=0.3091, n=180)
[2026-07-28 01:41:02] 2026-07-28 01:41:02 | INFO     | KDClient 3 fit round 7 (tier=small)
[2026-07-28 01:41:02] 2026-07-28 01:41:02 | INFO     | KDClient 3 round 7 public KD (epochs=2)
[2026-07-28 01:41:41] 2026-07-28 01:41:41 | INFO     | KDClient 3 round 7 local training (epochs=4)
[2026-07-28 01:42:18] 2026-07-28 01:42:18 | INFO     | KDClient 3 round 7 completed (acc=0.3091, n=180)
[2026-07-28 01:42:18] 2026-07-28 01:42:18 | INFO     | KDClient 4 fit round 7 (tier=small)
[2026-07-28 01:42:18] 2026-07-28 01:42:18 | INFO     | KDClient 4 round 7 public KD (epochs=2)
[2026-07-28 01:43:25] 2026-07-28 01:43:25 | INFO     | KDClient 4 round 7 local training (epochs=4)
[2026-07-28 01:44:01] 2026-07-28 01:44:01 | INFO     | KDClient 4 round 7 completed (acc=0.3091, n=180)
[2026-07-28 01:44:01] 2026-07-28 01:44:01 | INFO     | KDClient 5 fit round 7 (tier=small)
[2026-07-28 01:44:01] 2026-07-28 01:44:01 | INFO     | KDClient 5 round 7 public KD (epochs=2)
[2026-07-28 01:45:05] 2026-07-28 01:45:05 | INFO     | KDClient 5 round 7 local training (epochs=4)
[2026-07-28 01:45:45] 2026-07-28 01:45:45 | INFO     | KDClient 5 round 7 completed (acc=0.3091, n=180)
[2026-07-28 01:45:45] 2026-07-28 01:45:45 | INFO     | KDClient 6 fit round 7 (tier=small)
[2026-07-28 01:45:45] 2026-07-28 01:45:45 | INFO     | KDClient 6 round 7 public KD (epochs=2)
[2026-07-28 01:46:52] 2026-07-28 01:46:52 | INFO     | KDClient 6 round 7 local training (epochs=4)
[2026-07-28 01:47:26] 2026-07-28 01:47:26 | INFO     | KDClient 6 round 7 completed (acc=0.3091, n=180)
[2026-07-28 01:47:26] 2026-07-28 01:47:26 | INFO     | KDClient 7 fit round 7 (tier=medium)
[2026-07-28 01:47:26] 2026-07-28 01:47:26 | INFO     | KDClient 7 round 7 public KD (epochs=2)
[2026-07-28 01:48:57] 2026-07-28 01:48:57 | INFO     | KDClient 7 round 7 local training (epochs=4)
[2026-07-28 01:50:12] 2026-07-28 01:50:12 | INFO     | KDClient 7 round 7 completed (acc=0.3091, n=180)
[2026-07-28 01:50:12] 2026-07-28 01:50:12 | INFO     | KDClient 8 fit round 7 (tier=medium)
[2026-07-28 01:50:12] 2026-07-28 01:50:12 | INFO     | KDClient 8 round 7 public KD (epochs=2)
[2026-07-28 01:51:40] 2026-07-28 01:51:40 | INFO     | KDClient 8 round 7 local training (epochs=4)
[2026-07-28 01:52:48] 2026-07-28 01:52:48 | INFO     | KDClient 8 round 7 completed (acc=0.3091, n=180)
[2026-07-28 01:52:48] 2026-07-28 01:52:48 | INFO     | KDClient 9 fit round 7 (tier=medium)
[2026-07-28 01:52:48] 2026-07-28 01:52:48 | INFO     | KDClient 9 round 7 public KD (epochs=2)
[2026-07-28 01:54:23] 2026-07-28 01:54:23 | INFO     | KDClient 9 round 7 local training (epochs=4)
[2026-07-28 01:55:28] 2026-07-28 01:55:28 | INFO     | KDClient 9 round 7 completed (acc=0.3091, n=180)
[2026-07-28 01:55:28] 2026-07-28 01:55:28 | INFO     | KDClient 10 fit round 7 (tier=medium)
[2026-07-28 01:55:28] 2026-07-28 01:55:28 | INFO     | KDClient 10 round 7 public KD (epochs=2)
[2026-07-28 01:57:01] 2026-07-28 01:57:01 | INFO     | KDClient 10 round 7 local training (epochs=4)
[2026-07-28 01:58:25] 2026-07-28 01:58:25 | INFO     | KDClient 10 round 7 completed (acc=0.2945, n=180)
[2026-07-28 01:58:25] 2026-07-28 01:58:25 | INFO     | KDClient 11 fit round 7 (tier=medium)
[2026-07-28 01:58:25] 2026-07-28 01:58:25 | INFO     | KDClient 11 round 7 public KD (epochs=2)
[2026-07-28 02:01:10] 2026-07-28 02:01:10 | INFO     | KDClient 11 round 7 local training (epochs=4)
[2026-07-28 02:02:43] 2026-07-28 02:02:43 | INFO     | KDClient 11 round 7 completed (acc=0.2800, n=180)
[2026-07-28 02:02:43] 2026-07-28 02:02:43 | INFO     | KDClient 12 fit round 7 (tier=medium)
[2026-07-28 02:02:43] 2026-07-28 02:02:43 | INFO     | KDClient 12 round 7 public KD (epochs=2)
[2026-07-28 02:04:16] 2026-07-28 02:04:16 | INFO     | KDClient 12 round 7 local training (epochs=4)
[2026-07-28 02:05:39] 2026-07-28 02:05:39 | INFO     | KDClient 12 round 7 completed (acc=0.3091, n=180)
[2026-07-28 02:05:39] 2026-07-28 02:05:39 | INFO     | KDClient 13 fit round 7 (tier=medium)
[2026-07-28 02:05:39] 2026-07-28 02:05:39 | INFO     | KDClient 13 round 7 public KD (epochs=2)
[2026-07-28 02:08:24] 2026-07-28 02:08:24 | INFO     | KDClient 13 round 7 local training (epochs=4)
[2026-07-28 02:09:38] 2026-07-28 02:09:38 | INFO     | KDClient 13 round 7 completed (acc=0.3091, n=180)
[2026-07-28 02:09:38] 2026-07-28 02:09:38 | INFO     | KDClient 14 fit round 7 (tier=large)
[2026-07-28 02:09:38] 2026-07-28 02:09:38 | INFO     | KDClient 14 round 7 public KD (epochs=2)
[2026-07-28 02:12:12] 2026-07-28 02:12:12 | INFO     | KDClient 14 round 7 local training (epochs=4)
[2026-07-28 02:14:05] 2026-07-28 02:14:05 | INFO     | KDClient 14 round 7 completed (acc=0.2982, n=180)
[2026-07-28 02:14:05] 2026-07-28 02:14:05 | INFO     | KDClient 15 fit round 7 (tier=large)
[2026-07-28 02:14:05] 2026-07-28 02:14:05 | INFO     | KDClient 15 round 7 public KD (epochs=2)
[2026-07-28 02:16:35] 2026-07-28 02:16:35 | INFO     | KDClient 15 round 7 local training (epochs=4)
[2026-07-28 02:18:20] 2026-07-28 02:18:20 | INFO     | KDClient 15 round 7 completed (acc=0.3055, n=180)
[2026-07-28 02:18:20] 2026-07-28 02:18:20 | INFO     | KDClient 16 fit round 7 (tier=large)
[2026-07-28 02:18:20] 2026-07-28 02:18:20 | INFO     | KDClient 16 round 7 public KD (epochs=2)
[2026-07-28 02:20:36] 2026-07-28 02:20:36 | INFO     | KDClient 16 round 7 local training (epochs=4)
[2026-07-28 02:22:26] 2026-07-28 02:22:26 | INFO     | KDClient 16 round 7 completed (acc=0.3091, n=180)
[2026-07-28 02:22:26] 2026-07-28 02:22:26 | INFO     | KDClient 17 fit round 7 (tier=large)
[2026-07-28 02:22:26] 2026-07-28 02:22:26 | INFO     | KDClient 17 round 7 public KD (epochs=2)
[2026-07-28 02:24:55] 2026-07-28 02:24:55 | INFO     | KDClient 17 round 7 local training (epochs=4)
[2026-07-28 02:26:43] 2026-07-28 02:26:43 | INFO     | KDClient 17 round 7 completed (acc=0.3091, n=180)
[2026-07-28 02:26:43] 2026-07-28 02:26:43 | INFO     | KDClient 18 fit round 7 (tier=large)
[2026-07-28 02:26:43] 2026-07-28 02:26:43 | INFO     | KDClient 18 round 7 public KD (epochs=2)
[2026-07-28 02:29:29] 2026-07-28 02:29:29 | INFO     | KDClient 18 round 7 local training (epochs=4)
[2026-07-28 02:31:20] 2026-07-28 02:31:20 | INFO     | KDClient 18 round 7 completed (acc=0.3055, n=180)
[2026-07-28 02:31:20] 2026-07-28 02:31:20 | INFO     | KDClient 19 fit round 7 (tier=large)
[2026-07-28 02:31:20] 2026-07-28 02:31:20 | INFO     | KDClient 19 round 7 public KD (epochs=2)
[2026-07-28 02:33:31] 2026-07-28 02:33:31 | INFO     | KDClient 19 round 7 local training (epochs=4)
[2026-07-28 02:35:15] 2026-07-28 02:35:15 | INFO     | KDClient 19 round 7 completed (acc=0.3091, n=180)
[2026-07-28 02:35:15]   Round   7/50 | Avg: 0.3016 | Min: 0.2218 | Max: 0.3091
[2026-07-28 02:35:15] 2026-07-28 02:35:15 | INFO     | FEDMD — IID: round 8/50 starting
[2026-07-28 02:35:15] 2026-07-28 02:35:15 | INFO     | KDClient 0 fit round 8 (tier=small)
[2026-07-28 02:35:15] 2026-07-28 02:35:15 | INFO     | KDClient 0 round 8 public KD (epochs=2)
[2026-07-28 02:36:03] 2026-07-28 02:36:03 | INFO     | KDClient 0 round 8 local training (epochs=4)
[2026-07-28 02:36:43] 2026-07-28 02:36:43 | INFO     | KDClient 0 round 8 completed (acc=0.1564, n=180)
[2026-07-28 02:36:43] 2026-07-28 02:36:43 | INFO     | KDClient 1 fit round 8 (tier=small)
[2026-07-28 02:36:43] 2026-07-28 02:36:43 | INFO     | KDClient 1 round 8 public KD (epochs=2)
[2026-07-28 02:37:25] 2026-07-28 02:37:25 | INFO     | KDClient 1 round 8 local training (epochs=4)
[2026-07-28 02:37:56] 2026-07-28 02:37:56 | INFO     | KDClient 1 round 8 completed (acc=0.3091, n=180)
[2026-07-28 02:37:56] 2026-07-28 02:37:56 | INFO     | KDClient 2 fit round 8 (tier=small)
[2026-07-28 02:37:56] 2026-07-28 02:37:56 | INFO     | KDClient 2 round 8 public KD (epochs=2)
[2026-07-28 02:39:00] 2026-07-28 02:39:00 | INFO     | KDClient 2 round 8 local training (epochs=4)
[2026-07-28 02:39:30] 2026-07-28 02:39:30 | INFO     | KDClient 2 round 8 completed (acc=0.3091, n=180)
[2026-07-28 02:39:30] 2026-07-28 02:39:30 | INFO     | KDClient 3 fit round 8 (tier=small)
[2026-07-28 02:39:30] 2026-07-28 02:39:30 | INFO     | KDClient 3 round 8 public KD (epochs=2)
[2026-07-28 02:40:11] 2026-07-28 02:40:11 | INFO     | KDClient 3 round 8 local training (epochs=4)
[2026-07-28 02:40:52] 2026-07-28 02:40:52 | INFO     | KDClient 3 round 8 completed (acc=0.3091, n=180)
[2026-07-28 02:40:52] 2026-07-28 02:40:52 | INFO     | KDClient 4 fit round 8 (tier=small)
[2026-07-28 02:40:52] 2026-07-28 02:40:52 | INFO     | KDClient 4 round 8 public KD (epochs=2)
[2026-07-28 02:41:35] 2026-07-28 02:41:35 | INFO     | KDClient 4 round 8 local training (epochs=4)
[2026-07-28 02:42:10] 2026-07-28 02:42:10 | INFO     | KDClient 4 round 8 completed (acc=0.3055, n=180)
[2026-07-28 02:42:10] 2026-07-28 02:42:10 | INFO     | KDClient 5 fit round 8 (tier=small)
[2026-07-28 02:42:10] 2026-07-28 02:42:10 | INFO     | KDClient 5 round 8 public KD (epochs=2)
[2026-07-28 02:42:59] 2026-07-28 02:42:59 | INFO     | KDClient 5 round 8 local training (epochs=4)
[2026-07-28 02:43:41] 2026-07-28 02:43:41 | INFO     | KDClient 5 round 8 completed (acc=0.3091, n=180)
[2026-07-28 02:43:41] 2026-07-28 02:43:41 | INFO     | KDClient 6 fit round 8 (tier=small)
[2026-07-28 02:43:41] 2026-07-28 02:43:41 | INFO     | KDClient 6 round 8 public KD (epochs=2)
[2026-07-28 02:44:47] 2026-07-28 02:44:47 | INFO     | KDClient 6 round 8 local training (epochs=4)
[2026-07-28 02:45:26] 2026-07-28 02:45:26 | INFO     | KDClient 6 round 8 completed (acc=0.3091, n=180)
[2026-07-28 02:45:26] 2026-07-28 02:45:26 | INFO     | KDClient 7 fit round 8 (tier=medium)
[2026-07-28 02:45:26] 2026-07-28 02:45:26 | INFO     | KDClient 7 round 8 public KD (epochs=2)
[2026-07-28 02:46:57] 2026-07-28 02:46:57 | INFO     | KDClient 7 round 8 local training (epochs=4)
[2026-07-28 02:48:18] 2026-07-28 02:48:18 | INFO     | KDClient 7 round 8 completed (acc=0.2000, n=180)
[2026-07-28 02:48:18] 2026-07-28 02:48:18 | INFO     | KDClient 8 fit round 8 (tier=medium)
[2026-07-28 02:48:18] 2026-07-28 02:48:18 | INFO     | KDClient 8 round 8 public KD (epochs=2)
[2026-07-28 02:50:22] 2026-07-28 02:50:22 | INFO     | KDClient 8 round 8 local training (epochs=4)
[2026-07-28 02:51:44] 2026-07-28 02:51:44 | INFO     | KDClient 8 round 8 completed (acc=0.3091, n=180)
[2026-07-28 02:51:44] 2026-07-28 02:51:44 | INFO     | KDClient 9 fit round 8 (tier=medium)
[2026-07-28 02:51:44] 2026-07-28 02:51:44 | INFO     | KDClient 9 round 8 public KD (epochs=2)
[2026-07-28 02:53:23] 2026-07-28 02:53:23 | INFO     | KDClient 9 round 8 local training (epochs=4)
[2026-07-28 02:54:43] 2026-07-28 02:54:43 | INFO     | KDClient 9 round 8 completed (acc=0.3091, n=180)
[2026-07-28 02:54:43] 2026-07-28 02:54:43 | INFO     | KDClient 10 fit round 8 (tier=medium)
[2026-07-28 02:54:43] 2026-07-28 02:54:43 | INFO     | KDClient 10 round 8 public KD (epochs=2)
[2026-07-28 02:56:20] 2026-07-28 02:56:20 | INFO     | KDClient 10 round 8 local training (epochs=4)
[2026-07-28 02:57:37] 2026-07-28 02:57:37 | INFO     | KDClient 10 round 8 completed (acc=0.3091, n=180)
[2026-07-28 02:57:37] 2026-07-28 02:57:37 | INFO     | KDClient 11 fit round 8 (tier=medium)
[2026-07-28 02:57:37] 2026-07-28 02:57:37 | INFO     | KDClient 11 round 8 public KD (epochs=2)
[2026-07-28 02:59:47] 2026-07-28 02:59:46 | INFO     | KDClient 11 round 8 local training (epochs=4)
[2026-07-28 03:01:16] 2026-07-28 03:01:16 | INFO     | KDClient 11 round 8 completed (acc=0.2655, n=180)
[2026-07-28 03:01:16] 2026-07-28 03:01:16 | INFO     | KDClient 12 fit round 8 (tier=medium)
[2026-07-28 03:01:16] 2026-07-28 03:01:16 | INFO     | KDClient 12 round 8 public KD (epochs=2)
[2026-07-28 03:04:01] 2026-07-28 03:04:01 | INFO     | KDClient 12 round 8 local training (epochs=4)
[2026-07-28 03:06:54] 2026-07-28 03:06:54 | INFO     | KDClient 12 round 8 completed (acc=0.3091, n=180)
[2026-07-28 03:06:54] 2026-07-28 03:06:54 | INFO     | KDClient 13 fit round 8 (tier=medium)
[2026-07-28 03:06:54] 2026-07-28 03:06:54 | INFO     | KDClient 13 round 8 public KD (epochs=2)
[2026-07-28 03:10:58] 2026-07-28 03:10:58 | INFO     | KDClient 13 round 8 local training (epochs=4)
[2026-07-28 03:13:36] 2026-07-28 03:13:36 | INFO     | KDClient 13 round 8 completed (acc=0.3091, n=180)
[2026-07-28 03:13:36] 2026-07-28 03:13:36 | INFO     | KDClient 14 fit round 8 (tier=large)
[2026-07-28 03:13:36] 2026-07-28 03:13:36 | INFO     | KDClient 14 round 8 public KD (epochs=2)
[2026-07-28 03:18:27] 2026-07-28 03:18:27 | INFO     | KDClient 14 round 8 local training (epochs=4)
[2026-07-28 03:22:08] 2026-07-28 03:22:08 | INFO     | KDClient 14 round 8 completed (acc=0.3091, n=180)
[2026-07-28 03:22:08] 2026-07-28 03:22:08 | INFO     | KDClient 15 fit round 8 (tier=large)
[2026-07-28 03:22:08] 2026-07-28 03:22:08 | INFO     | KDClient 15 round 8 public KD (epochs=2)
[2026-07-28 03:28:07] 2026-07-28 03:28:07 | INFO     | KDClient 15 round 8 local training (epochs=4)
[2026-07-28 03:31:32] 2026-07-28 03:31:32 | INFO     | KDClient 15 round 8 completed (acc=0.3091, n=180)
[2026-07-28 03:31:32] 2026-07-28 03:31:32 | INFO     | KDClient 16 fit round 8 (tier=large)
[2026-07-28 03:31:32] 2026-07-28 03:31:32 | INFO     | KDClient 16 round 8 public KD (epochs=2)
[2026-07-28 03:36:07] 2026-07-28 03:36:07 | INFO     | KDClient 16 round 8 local training (epochs=4)
[2026-07-28 03:39:25] 2026-07-28 03:39:25 | INFO     | KDClient 16 round 8 completed (acc=0.3091, n=180)
[2026-07-28 03:39:25] 2026-07-28 03:39:25 | INFO     | KDClient 17 fit round 8 (tier=large)
[2026-07-28 03:39:25] 2026-07-28 03:39:25 | INFO     | KDClient 17 round 8 public KD (epochs=2)
[2026-07-28 03:43:50] 2026-07-28 03:43:50 | INFO     | KDClient 17 round 8 local training (epochs=4)
[2026-07-28 03:47:07] 2026-07-28 03:47:07 | INFO     | KDClient 17 round 8 completed (acc=0.3091, n=180)
[2026-07-28 03:47:07] 2026-07-28 03:47:07 | INFO     | KDClient 18 fit round 8 (tier=large)
[2026-07-28 03:47:07] 2026-07-28 03:47:07 | INFO     | KDClient 18 round 8 public KD (epochs=2)
[2026-07-28 03:51:36] 2026-07-28 03:51:36 | INFO     | KDClient 18 round 8 local training (epochs=4)
[2026-07-28 03:54:54] 2026-07-28 03:54:54 | INFO     | KDClient 18 round 8 completed (acc=0.3091, n=180)
[2026-07-28 03:54:54] 2026-07-28 03:54:54 | INFO     | KDClient 19 fit round 8 (tier=large)
[2026-07-28 03:54:54] 2026-07-28 03:54:54 | INFO     | KDClient 19 round 8 public KD (epochs=2)
[2026-07-28 03:59:19] 2026-07-28 03:59:19 | INFO     | KDClient 19 round 8 local training (epochs=4)
[2026-07-28 04:02:52] 2026-07-28 04:02:52 | INFO     | KDClient 19 round 8 completed (acc=0.3091, n=180)
[2026-07-28 04:02:52]   Round   8/50 | Avg: 0.2936 | Min: 0.1564 | Max: 0.3091
[2026-07-28 04:02:52] 2026-07-28 04:02:52 | INFO     | FEDMD — IID: round 9/50 starting
[2026-07-28 04:02:52] 2026-07-28 04:02:52 | INFO     | KDClient 0 fit round 9 (tier=small)
[2026-07-28 04:02:52] 2026-07-28 04:02:52 | INFO     | KDClient 0 round 9 public KD (epochs=2)
[2026-07-28 04:03:51] 2026-07-28 04:03:51 | INFO     | KDClient 0 round 9 local training (epochs=4)
[2026-07-28 04:04:22] 2026-07-28 04:04:22 | INFO     | KDClient 0 round 9 completed (acc=0.2982, n=180)
[2026-07-28 04:04:22] 2026-07-28 04:04:22 | INFO     | KDClient 1 fit round 9 (tier=small)
[2026-07-28 04:04:22] 2026-07-28 04:04:22 | INFO     | KDClient 1 round 9 public KD (epochs=2)
[2026-07-28 04:05:16] 2026-07-28 04:05:16 | INFO     | KDClient 1 round 9 local training (epochs=4)
[2026-07-28 04:05:51] 2026-07-28 04:05:51 | INFO     | KDClient 1 round 9 completed (acc=0.3091, n=180)
[2026-07-28 04:05:51] 2026-07-28 04:05:51 | INFO     | KDClient 2 fit round 9 (tier=small)
[2026-07-28 04:05:51] 2026-07-28 04:05:51 | INFO     | KDClient 2 round 9 public KD (epochs=2)
[2026-07-28 04:06:31] 2026-07-28 04:06:31 | INFO     | KDClient 2 round 9 local training (epochs=4)
[2026-07-28 04:07:08] 2026-07-28 04:07:07 | INFO     | KDClient 2 round 9 completed (acc=0.3091, n=180)
[2026-07-28 04:07:08] 2026-07-28 04:07:07 | INFO     | KDClient 3 fit round 9 (tier=small)
[2026-07-28 04:07:08] 2026-07-28 04:07:07 | INFO     | KDClient 3 round 9 public KD (epochs=2)
[2026-07-28 04:07:51] 2026-07-28 04:07:51 | INFO     | KDClient 3 round 9 local training (epochs=4)
[2026-07-28 04:08:33] 2026-07-28 04:08:33 | INFO     | KDClient 3 round 9 completed (acc=0.3055, n=180)
[2026-07-28 04:08:33] 2026-07-28 04:08:33 | INFO     | KDClient 4 fit round 9 (tier=small)
[2026-07-28 04:08:33] 2026-07-28 04:08:33 | INFO     | KDClient 4 round 9 public KD (epochs=2)
[2026-07-28 04:09:08] 2026-07-28 04:09:08 | INFO     | KDClient 4 round 9 local training (epochs=4)
[2026-07-28 04:09:50] 2026-07-28 04:09:50 | INFO     | KDClient 4 round 9 completed (acc=0.3091, n=180)
[2026-07-28 04:09:50] 2026-07-28 04:09:50 | INFO     | KDClient 5 fit round 9 (tier=small)
[2026-07-28 04:09:50] 2026-07-28 04:09:50 | INFO     | KDClient 5 round 9 public KD (epochs=2)
[2026-07-28 04:10:55] 2026-07-28 04:10:55 | INFO     | KDClient 5 round 9 local training (epochs=4)
[2026-07-28 04:11:31] 2026-07-28 04:11:31 | INFO     | KDClient 5 round 9 completed (acc=0.2800, n=180)
[2026-07-28 04:11:31] 2026-07-28 04:11:31 | INFO     | KDClient 6 fit round 9 (tier=small)
[2026-07-28 04:11:31] 2026-07-28 04:11:31 | INFO     | KDClient 6 round 9 public KD (epochs=2)
[2026-07-28 04:12:15] 2026-07-28 04:12:15 | INFO     | KDClient 6 round 9 local training (epochs=4)
[2026-07-28 04:12:44] 2026-07-28 04:12:44 | INFO     | KDClient 6 round 9 completed (acc=0.3091, n=180)
[2026-07-28 04:12:44] 2026-07-28 04:12:44 | INFO     | KDClient 7 fit round 9 (tier=medium)
[2026-07-28 04:12:44] 2026-07-28 04:12:44 | INFO     | KDClient 7 round 9 public KD (epochs=2)
[2026-07-28 04:14:15] 2026-07-28 04:14:15 | INFO     | KDClient 7 round 9 local training (epochs=4)
[2026-07-28 04:15:34] 2026-07-28 04:15:34 | INFO     | KDClient 7 round 9 completed (acc=0.3018, n=180)
[2026-07-28 04:15:34] 2026-07-28 04:15:34 | INFO     | KDClient 8 fit round 9 (tier=medium)
[2026-07-28 04:15:34] 2026-07-28 04:15:34 | INFO     | KDClient 8 round 9 public KD (epochs=2)
[2026-07-28 04:17:05] 2026-07-28 04:17:05 | INFO     | KDClient 8 round 9 local training (epochs=4)
[2026-07-28 04:18:31] 2026-07-28 04:18:31 | INFO     | KDClient 8 round 9 completed (acc=0.3091, n=180)
[2026-07-28 04:18:31] 2026-07-28 04:18:31 | INFO     | KDClient 9 fit round 9 (tier=medium)
[2026-07-28 04:18:31] 2026-07-28 04:18:31 | INFO     | KDClient 9 round 9 public KD (epochs=2)
[2026-07-28 04:20:41] 2026-07-28 04:20:41 | INFO     | KDClient 9 round 9 local training (epochs=4)
[2026-07-28 04:22:05] 2026-07-28 04:22:05 | INFO     | KDClient 9 round 9 completed (acc=0.3091, n=180)
[2026-07-28 04:22:05] 2026-07-28 04:22:05 | INFO     | KDClient 10 fit round 9 (tier=medium)
[2026-07-28 04:22:05] 2026-07-28 04:22:05 | INFO     | KDClient 10 round 9 public KD (epochs=2)
[2026-07-28 04:24:19] 2026-07-28 04:24:19 | INFO     | KDClient 10 round 9 local training (epochs=4)
[2026-07-28 04:25:55] 2026-07-28 04:25:54 | INFO     | KDClient 10 round 9 completed (acc=0.3091, n=180)
[2026-07-28 04:25:55] 2026-07-28 04:25:54 | INFO     | KDClient 11 fit round 9 (tier=medium)
[2026-07-28 04:25:55] 2026-07-28 04:25:54 | INFO     | KDClient 11 round 9 public KD (epochs=2)
[2026-07-28 04:28:10] 2026-07-28 04:28:10 | INFO     | KDClient 11 round 9 local training (epochs=4)
[2026-07-28 04:29:37] 2026-07-28 04:29:37 | INFO     | KDClient 11 round 9 completed (acc=0.2982, n=180)
[2026-07-28 04:29:37] 2026-07-28 04:29:37 | INFO     | KDClient 12 fit round 9 (tier=medium)
[2026-07-28 04:29:37] 2026-07-28 04:29:37 | INFO     | KDClient 12 round 9 public KD (epochs=2)
[2026-07-28 04:31:16] 2026-07-28 04:31:16 | INFO     | KDClient 12 round 9 local training (epochs=4)
[2026-07-28 04:32:51] 2026-07-28 04:32:51 | INFO     | KDClient 12 round 9 completed (acc=0.3091, n=180)
[2026-07-28 04:32:51] 2026-07-28 04:32:51 | INFO     | KDClient 13 fit round 9 (tier=medium)
[2026-07-28 04:32:51] 2026-07-28 04:32:51 | INFO     | KDClient 13 round 9 public KD (epochs=2)
[2026-07-28 04:35:01] 2026-07-28 04:35:01 | INFO     | KDClient 13 round 9 local training (epochs=4)
[2026-07-28 04:36:22] 2026-07-28 04:36:22 | INFO     | KDClient 13 round 9 completed (acc=0.3091, n=180)
[2026-07-28 04:36:22] 2026-07-28 04:36:22 | INFO     | KDClient 14 fit round 9 (tier=large)
[2026-07-28 04:36:22] 2026-07-28 04:36:22 | INFO     | KDClient 14 round 9 public KD (epochs=2)
[2026-07-28 04:38:48] 2026-07-28 04:38:48 | INFO     | KDClient 14 round 9 local training (epochs=4)
[2026-07-28 04:41:03] 2026-07-28 04:41:03 | INFO     | KDClient 14 round 9 completed (acc=0.3055, n=180)
[2026-07-28 04:41:03] 2026-07-28 04:41:03 | INFO     | KDClient 15 fit round 9 (tier=large)
[2026-07-28 04:41:03] 2026-07-28 04:41:03 | INFO     | KDClient 15 round 9 public KD (epochs=2)
[2026-07-28 04:43:19] 2026-07-28 04:43:19 | INFO     | KDClient 15 round 9 local training (epochs=4)
[2026-07-28 04:45:06] 2026-07-28 04:45:06 | INFO     | KDClient 15 round 9 completed (acc=0.3091, n=180)
[2026-07-28 04:45:06] 2026-07-28 04:45:06 | INFO     | KDClient 16 fit round 9 (tier=large)
[2026-07-28 04:45:06] 2026-07-28 04:45:06 | INFO     | KDClient 16 round 9 public KD (epochs=2)
[2026-07-28 04:47:36] 2026-07-28 04:47:36 | INFO     | KDClient 16 round 9 local training (epochs=4)
[2026-07-28 04:49:20] 2026-07-28 04:49:20 | INFO     | KDClient 16 round 9 completed (acc=0.3091, n=180)
[2026-07-28 04:49:20] 2026-07-28 04:49:20 | INFO     | KDClient 17 fit round 9 (tier=large)
[2026-07-28 04:49:20] 2026-07-28 04:49:20 | INFO     | KDClient 17 round 9 public KD (epochs=2)
[2026-07-28 04:51:30] 2026-07-28 04:51:30 | INFO     | KDClient 17 round 9 local training (epochs=4)
[2026-07-28 04:53:01] 2026-07-28 04:53:01 | INFO     | KDClient 17 round 9 completed (acc=0.3091, n=180)
[2026-07-28 04:53:01] 2026-07-28 04:53:01 | INFO     | KDClient 18 fit round 9 (tier=large)
[2026-07-28 04:53:01] 2026-07-28 04:53:01 | INFO     | KDClient 18 round 9 public KD (epochs=2)
[2026-07-28 04:55:10] 2026-07-28 04:55:10 | INFO     | KDClient 18 round 9 local training (epochs=4)
[2026-07-28 04:56:52] 2026-07-28 04:56:52 | INFO     | KDClient 18 round 9 completed (acc=0.3091, n=180)
[2026-07-28 04:56:52] 2026-07-28 04:56:52 | INFO     | KDClient 19 fit round 9 (tier=large)
[2026-07-28 04:56:52] 2026-07-28 04:56:52 | INFO     | KDClient 19 round 9 public KD (epochs=2)
[2026-07-28 04:58:59] 2026-07-28 04:58:59 | INFO     | KDClient 19 round 9 local training (epochs=4)
[2026-07-28 05:00:38] 2026-07-28 05:00:38 | INFO     | KDClient 19 round 9 completed (acc=0.3091, n=180)
[2026-07-28 05:00:38]   Round   9/50 | Avg: 0.3058 | Min: 0.2800 | Max: 0.3091
[2026-07-28 05:00:38] 2026-07-28 05:00:38 | INFO     | FEDMD — IID: round 10/50 starting
[2026-07-28 05:00:38] 2026-07-28 05:00:38 | INFO     | KDClient 0 fit round 10 (tier=small)
[2026-07-28 05:00:38] 2026-07-28 05:00:38 | INFO     | KDClient 0 round 10 public KD (epochs=2)
[2026-07-28 05:01:21] 2026-07-28 05:01:21 | INFO     | KDClient 0 round 10 local training (epochs=4)
[2026-07-28 05:02:00] 2026-07-28 05:02:00 | INFO     | KDClient 0 round 10 completed (acc=0.3091, n=180)
[2026-07-28 05:02:00] 2026-07-28 05:02:00 | INFO     | KDClient 1 fit round 10 (tier=small)
[2026-07-28 05:02:00] 2026-07-28 05:02:00 | INFO     | KDClient 1 round 10 public KD (epochs=2)
[2026-07-28 05:02:42] 2026-07-28 05:02:42 | INFO     | KDClient 1 round 10 local training (epochs=4)
[2026-07-28 05:03:18] 2026-07-28 05:03:18 | INFO     | KDClient 1 round 10 completed (acc=0.3018, n=180)
[2026-07-28 05:03:18] 2026-07-28 05:03:18 | INFO     | KDClient 2 fit round 10 (tier=small)
[2026-07-28 05:03:18] 2026-07-28 05:03:18 | INFO     | KDClient 2 round 10 public KD (epochs=2)
[2026-07-28 05:03:55] 2026-07-28 05:03:55 | INFO     | KDClient 2 round 10 local training (epochs=4)
[2026-07-28 05:04:33] 2026-07-28 05:04:33 | INFO     | KDClient 2 round 10 completed (acc=0.3091, n=180)
[2026-07-28 05:04:33] 2026-07-28 05:04:33 | INFO     | KDClient 3 fit round 10 (tier=small)
[2026-07-28 05:04:33] 2026-07-28 05:04:33 | INFO     | KDClient 3 round 10 public KD (epochs=2)
[2026-07-28 05:05:18] 2026-07-28 05:05:18 | INFO     | KDClient 3 round 10 local training (epochs=4)
[2026-07-28 05:05:55] 2026-07-28 05:05:55 | INFO     | KDClient 3 round 10 completed (acc=0.3091, n=180)
[2026-07-28 05:05:55] 2026-07-28 05:05:55 | INFO     | KDClient 4 fit round 10 (tier=small)
[2026-07-28 05:05:55] 2026-07-28 05:05:55 | INFO     | KDClient 4 round 10 public KD (epochs=2)
[2026-07-28 05:06:27] 2026-07-28 05:06:27 | INFO     | KDClient 4 round 10 local training (epochs=4)
[2026-07-28 05:06:59] 2026-07-28 05:06:59 | INFO     | KDClient 4 round 10 completed (acc=0.3091, n=180)
[2026-07-28 05:06:59] 2026-07-28 05:06:59 | INFO     | KDClient 5 fit round 10 (tier=small)
[2026-07-28 05:06:59] 2026-07-28 05:06:59 | INFO     | KDClient 5 round 10 public KD (epochs=2)
[2026-07-28 05:07:37] 2026-07-28 05:07:37 | INFO     | KDClient 5 round 10 local training (epochs=4)
[2026-07-28 05:08:09] 2026-07-28 05:08:09 | INFO     | KDClient 5 round 10 completed (acc=0.3018, n=180)
[2026-07-28 05:08:09] 2026-07-28 05:08:09 | INFO     | KDClient 6 fit round 10 (tier=small)
[2026-07-28 05:08:09] 2026-07-28 05:08:09 | INFO     | KDClient 6 round 10 public KD (epochs=2)
[2026-07-28 05:09:12] 2026-07-28 05:09:12 | INFO     | KDClient 6 round 10 local training (epochs=4)
[2026-07-28 05:09:46] 2026-07-28 05:09:46 | INFO     | KDClient 6 round 10 completed (acc=0.3091, n=180)
[2026-07-28 05:09:46] 2026-07-28 05:09:46 | INFO     | KDClient 7 fit round 10 (tier=medium)
[2026-07-28 05:09:46] 2026-07-28 05:09:46 | INFO     | KDClient 7 round 10 public KD (epochs=2)
[2026-07-28 05:11:58] 2026-07-28 05:11:58 | INFO     | KDClient 7 round 10 local training (epochs=4)
[2026-07-28 05:13:21] 2026-07-28 05:13:21 | INFO     | KDClient 7 round 10 completed (acc=0.3055, n=180)
[2026-07-28 05:13:21] 2026-07-28 05:13:21 | INFO     | KDClient 8 fit round 10 (tier=medium)
[2026-07-28 05:13:21] 2026-07-28 05:13:21 | INFO     | KDClient 8 round 10 public KD (epochs=2)
[2026-07-28 05:15:02] 2026-07-28 05:15:02 | INFO     | KDClient 8 round 10 local training (epochs=4)
[2026-07-28 05:16:27] 2026-07-28 05:16:27 | INFO     | KDClient 8 round 10 completed (acc=0.2982, n=180)
[2026-07-28 05:16:27] 2026-07-28 05:16:27 | INFO     | KDClient 9 fit round 10 (tier=medium)
[2026-07-28 05:16:27] 2026-07-28 05:16:27 | INFO     | KDClient 9 round 10 public KD (epochs=2)
[2026-07-28 05:18:42] 2026-07-28 05:18:42 | INFO     | KDClient 9 round 10 local training (epochs=4)
[2026-07-28 05:19:58] 2026-07-28 05:19:58 | INFO     | KDClient 9 round 10 completed (acc=0.3091, n=180)
[2026-07-28 05:19:58] 2026-07-28 05:19:58 | INFO     | KDClient 10 fit round 10 (tier=medium)
[2026-07-28 05:19:58] 2026-07-28 05:19:58 | INFO     | KDClient 10 round 10 public KD (epochs=2)
[2026-07-28 05:22:12] 2026-07-28 05:22:12 | INFO     | KDClient 10 round 10 local training (epochs=4)
[2026-07-28 05:24:50] 2026-07-28 05:24:50 | INFO     | KDClient 10 round 10 completed (acc=0.2255, n=180)
[2026-07-28 05:24:50] 2026-07-28 05:24:50 | INFO     | KDClient 11 fit round 10 (tier=medium)
[2026-07-28 05:24:50] 2026-07-28 05:24:50 | INFO     | KDClient 11 round 10 public KD (epochs=2)
[2026-07-28 05:29:10] 2026-07-28 05:29:10 | INFO     | KDClient 11 round 10 local training (epochs=4)
[2026-07-28 05:31:23] 2026-07-28 05:31:23 | INFO     | KDClient 11 round 10 completed (acc=0.2873, n=180)
[2026-07-28 05:31:23] 2026-07-28 05:31:23 | INFO     | KDClient 12 fit round 10 (tier=medium)
[2026-07-28 05:31:23] 2026-07-28 05:31:23 | INFO     | KDClient 12 round 10 public KD (epochs=2)
[2026-07-28 05:35:20] 2026-07-28 05:35:20 | INFO     | KDClient 12 round 10 local training (epochs=4)
[2026-07-28 05:37:53] 2026-07-28 05:37:53 | INFO     | KDClient 12 round 10 completed (acc=0.3091, n=180)
[2026-07-28 05:37:53] 2026-07-28 05:37:53 | INFO     | KDClient 13 fit round 10 (tier=medium)
[2026-07-28 05:37:53] 2026-07-28 05:37:53 | INFO     | KDClient 13 round 10 public KD (epochs=2)
[2026-07-28 05:40:37] 2026-07-28 05:40:37 | INFO     | KDClient 13 round 10 local training (epochs=4)
[2026-07-28 05:43:00] 2026-07-28 05:43:00 | INFO     | KDClient 13 round 10 completed (acc=0.3091, n=180)
[2026-07-28 05:43:00] 2026-07-28 05:43:00 | INFO     | KDClient 14 fit round 10 (tier=large)
[2026-07-28 05:43:00] 2026-07-28 05:43:00 | INFO     | KDClient 14 round 10 public KD (epochs=2)
[2026-07-28 05:47:59] 2026-07-28 05:47:59 | INFO     | KDClient 14 round 10 local training (epochs=4)
[2026-07-28 05:52:00] 2026-07-28 05:52:00 | INFO     | KDClient 14 round 10 completed (acc=0.3091, n=180)
[2026-07-28 05:52:00] 2026-07-28 05:52:00 | INFO     | KDClient 15 fit round 10 (tier=large)
[2026-07-28 05:52:00] 2026-07-28 05:52:00 | INFO     | KDClient 15 round 10 public KD (epochs=2)
[2026-07-28 05:56:30] 2026-07-28 05:56:30 | INFO     | KDClient 15 round 10 local training (epochs=4)
[2026-07-28 06:00:46] 2026-07-28 06:00:46 | INFO     | KDClient 15 round 10 completed (acc=0.3091, n=180)
[2026-07-28 06:00:46] 2026-07-28 06:00:46 | INFO     | KDClient 16 fit round 10 (tier=large)
[2026-07-28 06:00:46] 2026-07-28 06:00:46 | INFO     | KDClient 16 round 10 public KD (epochs=2)
[2026-07-28 06:05:04] 2026-07-28 06:05:04 | INFO     | KDClient 16 round 10 local training (epochs=4)
[2026-07-28 06:08:05] 2026-07-28 06:08:05 | INFO     | KDClient 16 round 10 completed (acc=0.3091, n=180)
[2026-07-28 06:08:05] 2026-07-28 06:08:05 | INFO     | KDClient 17 fit round 10 (tier=large)
[2026-07-28 06:08:05] 2026-07-28 06:08:05 | INFO     | KDClient 17 round 10 public KD (epochs=2)
[2026-07-28 06:12:23] 2026-07-28 06:12:23 | INFO     | KDClient 17 round 10 local training (epochs=4)
[2026-07-28 06:15:42] 2026-07-28 06:15:42 | INFO     | KDClient 17 round 10 completed (acc=0.3091, n=180)
[2026-07-28 06:15:42] 2026-07-28 06:15:42 | INFO     | KDClient 18 fit round 10 (tier=large)
[2026-07-28 06:15:42] 2026-07-28 06:15:42 | INFO     | KDClient 18 round 10 public KD (epochs=2)
[2026-07-28 06:20:03] 2026-07-28 06:20:03 | INFO     | KDClient 18 round 10 local training (epochs=4)
[2026-07-28 06:24:05] 2026-07-28 06:24:05 | INFO     | KDClient 18 round 10 completed (acc=0.3091, n=180)
[2026-07-28 06:24:05] 2026-07-28 06:24:05 | INFO     | KDClient 19 fit round 10 (tier=large)
[2026-07-28 06:24:05] 2026-07-28 06:24:05 | INFO     | KDClient 19 round 10 public KD (epochs=2)
[2026-07-28 06:28:16] 2026-07-28 06:28:16 | INFO     | KDClient 19 round 10 local training (epochs=4)
[2026-07-28 06:32:03] 2026-07-28 06:32:03 | INFO     | KDClient 19 round 10 completed (acc=0.3018, n=180)
[2026-07-28 06:32:03]   Round  10/50 | Avg: 0.3020 | Min: 0.2255 | Max: 0.3091
[2026-07-28 06:32:03] 2026-07-28 06:32:03 | INFO     | FEDMD — IID: round 11/50 starting
[2026-07-28 06:32:03] 2026-07-28 06:32:03 | INFO     | KDClient 0 fit round 11 (tier=small)
[2026-07-28 06:32:03] 2026-07-28 06:32:03 | INFO     | KDClient 0 round 11 public KD (epochs=2)
[2026-07-28 06:33:18] 2026-07-28 06:33:18 | INFO     | KDClient 0 round 11 local training (epochs=4)
[2026-07-28 06:34:44] 2026-07-28 06:34:44 | INFO     | KDClient 0 round 11 completed (acc=0.3091, n=180)
[2026-07-28 06:34:44] 2026-07-28 06:34:44 | INFO     | KDClient 1 fit round 11 (tier=small)
[2026-07-28 06:34:44] 2026-07-28 06:34:44 | INFO     | KDClient 1 round 11 public KD (epochs=2)
[2026-07-28 06:36:03] 2026-07-28 06:36:03 | INFO     | KDClient 1 round 11 local training (epochs=4)
[2026-07-28 06:37:03] 2026-07-28 06:37:03 | INFO     | KDClient 1 round 11 completed (acc=0.3091, n=180)
[2026-07-28 06:37:03] 2026-07-28 06:37:03 | INFO     | KDClient 2 fit round 11 (tier=small)
[2026-07-28 06:37:03] 2026-07-28 06:37:03 | INFO     | KDClient 2 round 11 public KD (epochs=2)
[2026-07-28 06:38:30] 2026-07-28 06:38:30 | INFO     | KDClient 2 round 11 local training (epochs=4)
[2026-07-28 06:39:42] 2026-07-28 06:39:42 | INFO     | KDClient 2 round 11 completed (acc=0.3091, n=180)
[2026-07-28 06:39:42] 2026-07-28 06:39:42 | INFO     | KDClient 3 fit round 11 (tier=small)
[2026-07-28 06:39:42] 2026-07-28 06:39:42 | INFO     | KDClient 3 round 11 public KD (epochs=2)
[2026-07-28 06:41:13] 2026-07-28 06:41:13 | INFO     | KDClient 3 round 11 local training (epochs=4)
[2026-07-28 06:42:43] 2026-07-28 06:42:43 | INFO     | KDClient 3 round 11 completed (acc=0.3091, n=180)
[2026-07-28 06:42:43] 2026-07-28 06:42:43 | INFO     | KDClient 4 fit round 11 (tier=small)
[2026-07-28 06:42:43] 2026-07-28 06:42:43 | INFO     | KDClient 4 round 11 public KD (epochs=2)
[2026-07-28 06:44:49] 2026-07-28 06:44:49 | INFO     | KDClient 4 round 11 local training (epochs=4)
[2026-07-28 06:45:57] 2026-07-28 06:45:57 | INFO     | KDClient 4 round 11 completed (acc=0.3091, n=180)
[2026-07-28 06:45:57] 2026-07-28 06:45:57 | INFO     | KDClient 5 fit round 11 (tier=small)
[2026-07-28 06:45:57] 2026-07-28 06:45:57 | INFO     | KDClient 5 round 11 public KD (epochs=2)
[2026-07-28 06:48:10] 2026-07-28 06:48:10 | INFO     | KDClient 5 round 11 local training (epochs=4)
[2026-07-28 06:49:11] 2026-07-28 06:49:11 | INFO     | KDClient 5 round 11 completed (acc=0.3055, n=180)
[2026-07-28 06:49:11] 2026-07-28 06:49:11 | INFO     | KDClient 6 fit round 11 (tier=small)
[2026-07-28 06:49:11] 2026-07-28 06:49:11 | INFO     | KDClient 6 round 11 public KD (epochs=2)
[2026-07-28 06:50:18] 2026-07-28 06:50:18 | INFO     | KDClient 6 round 11 local training (epochs=4)
[2026-07-28 06:51:54] 2026-07-28 06:51:54 | INFO     | KDClient 6 round 11 completed (acc=0.3091, n=180)
[2026-07-28 06:51:54] 2026-07-28 06:51:54 | INFO     | KDClient 7 fit round 11 (tier=medium)
[2026-07-28 06:51:54] 2026-07-28 06:51:54 | INFO     | KDClient 7 round 11 public KD (epochs=2)
[2026-07-28 06:55:32] 2026-07-28 06:55:32 | INFO     | KDClient 7 round 11 local training (epochs=4)
[2026-07-28 06:57:55] 2026-07-28 06:57:55 | INFO     | KDClient 7 round 11 completed (acc=0.3091, n=180)
[2026-07-28 06:57:55] 2026-07-28 06:57:55 | INFO     | KDClient 8 fit round 11 (tier=medium)
[2026-07-28 06:57:55] 2026-07-28 06:57:55 | INFO     | KDClient 8 round 11 public KD (epochs=2)
[2026-07-28 07:01:42] 2026-07-28 07:01:42 | INFO     | KDClient 8 round 11 local training (epochs=4)
[2026-07-28 07:04:32] 2026-07-28 07:04:32 | INFO     | KDClient 8 round 11 completed (acc=0.3091, n=180)
[2026-07-28 07:04:32] 2026-07-28 07:04:32 | INFO     | KDClient 9 fit round 11 (tier=medium)
[2026-07-28 07:04:32] 2026-07-28 07:04:32 | INFO     | KDClient 9 round 11 public KD (epochs=2)
[2026-07-28 07:08:17] 2026-07-28 07:08:17 | INFO     | KDClient 9 round 11 local training (epochs=4)
[2026-07-28 07:10:58] 2026-07-28 07:10:58 | INFO     | KDClient 9 round 11 completed (acc=0.3091, n=180)
[2026-07-28 07:10:58] 2026-07-28 07:10:58 | INFO     | KDClient 10 fit round 11 (tier=medium)
[2026-07-28 07:10:58] 2026-07-28 07:10:58 | INFO     | KDClient 10 round 11 public KD (epochs=2)
[2026-07-28 07:13:37] 2026-07-28 07:13:37 | INFO     | KDClient 10 round 11 local training (epochs=4)
[2026-07-28 07:15:41] 2026-07-28 07:15:41 | INFO     | KDClient 10 round 11 completed (acc=0.2364, n=180)
[2026-07-28 07:15:41] 2026-07-28 07:15:41 | INFO     | KDClient 11 fit round 11 (tier=medium)
[2026-07-28 07:15:41] 2026-07-28 07:15:41 | INFO     | KDClient 11 round 11 public KD (epochs=2)
[2026-07-28 07:18:20] 2026-07-28 07:18:20 | INFO     | KDClient 11 round 11 local training (epochs=4)
[2026-07-28 07:20:22] 2026-07-28 07:20:22 | INFO     | KDClient 11 round 11 completed (acc=0.2836, n=180)
[2026-07-28 07:20:22] 2026-07-28 07:20:22 | INFO     | KDClient 12 fit round 11 (tier=medium)
[2026-07-28 07:20:22] 2026-07-28 07:20:22 | INFO     | KDClient 12 round 11 public KD (epochs=2)
[2026-07-28 07:22:55] 2026-07-28 07:22:55 | INFO     | KDClient 12 round 11 local training (epochs=4)
[2026-07-28 07:25:03] 2026-07-28 07:25:03 | INFO     | KDClient 12 round 11 completed (acc=0.3091, n=180)
[2026-07-28 07:25:03] 2026-07-28 07:25:03 | INFO     | KDClient 13 fit round 11 (tier=medium)
[2026-07-28 07:25:03] 2026-07-28 07:25:03 | INFO     | KDClient 13 round 11 public KD (epochs=2)
[2026-07-28 07:28:59] 2026-07-28 07:28:59 | INFO     | KDClient 13 round 11 local training (epochs=4)
[2026-07-28 07:30:49] 2026-07-28 07:30:49 | INFO     | KDClient 13 round 11 completed (acc=0.3091, n=180)
[2026-07-28 07:30:49] 2026-07-28 07:30:49 | INFO     | KDClient 14 fit round 11 (tier=large)
[2026-07-28 07:30:49] 2026-07-28 07:30:49 | INFO     | KDClient 14 round 11 public KD (epochs=2)
[2026-07-28 07:35:26] 2026-07-28 07:35:26 | INFO     | KDClient 14 round 11 local training (epochs=4)
[2026-07-28 07:38:58] 2026-07-28 07:38:58 | INFO     | KDClient 14 round 11 completed (acc=0.3091, n=180)
[2026-07-28 07:38:58] 2026-07-28 07:38:58 | INFO     | KDClient 15 fit round 11 (tier=large)
[2026-07-28 07:38:58] 2026-07-28 07:38:58 | INFO     | KDClient 15 round 11 public KD (epochs=2)
[2026-07-28 07:43:27] 2026-07-28 07:43:27 | INFO     | KDClient 15 round 11 local training (epochs=4)
[2026-07-28 07:47:13] 2026-07-28 07:47:13 | INFO     | KDClient 15 round 11 completed (acc=0.3091, n=180)
[2026-07-28 07:47:13] 2026-07-28 07:47:13 | INFO     | KDClient 16 fit round 11 (tier=large)
[2026-07-28 07:47:13] 2026-07-28 07:47:13 | INFO     | KDClient 16 round 11 public KD (epochs=2)
[2026-07-28 07:51:57] 2026-07-28 07:51:57 | INFO     | KDClient 16 round 11 local training (epochs=4)
[2026-07-28 07:56:12] 2026-07-28 07:56:12 | INFO     | KDClient 16 round 11 completed (acc=0.3091, n=180)
[2026-07-28 07:56:12] 2026-07-28 07:56:12 | INFO     | KDClient 17 fit round 11 (tier=large)
[2026-07-28 07:56:12] 2026-07-28 07:56:12 | INFO     | KDClient 17 round 11 public KD (epochs=2)
[2026-07-28 08:00:16] 2026-07-28 08:00:16 | INFO     | KDClient 17 round 11 local training (epochs=4)
[2026-07-28 08:03:32] 2026-07-28 08:03:32 | INFO     | KDClient 17 round 11 completed (acc=0.3091, n=180)
[2026-07-28 08:03:32] 2026-07-28 08:03:32 | INFO     | KDClient 18 fit round 11 (tier=large)
[2026-07-28 08:03:32] 2026-07-28 08:03:32 | INFO     | KDClient 18 round 11 public KD (epochs=2)
[2026-07-28 08:07:56] 2026-07-28 08:07:56 | INFO     | KDClient 18 round 11 local training (epochs=4)
[2026-07-28 08:11:14] 2026-07-28 08:11:14 | INFO     | KDClient 18 round 11 completed (acc=0.3091, n=180)
[2026-07-28 08:11:14] 2026-07-28 08:11:14 | INFO     | KDClient 19 fit round 11 (tier=large)
[2026-07-28 08:11:14] 2026-07-28 08:11:14 | INFO     | KDClient 19 round 11 public KD (epochs=2)
[2026-07-28 08:15:39] 2026-07-28 08:15:39 | INFO     | KDClient 19 round 11 local training (epochs=4)
[2026-07-28 08:20:05] 2026-07-28 08:20:05 | INFO     | KDClient 19 round 11 completed (acc=0.3018, n=180)
[2026-07-28 08:20:06]   Round  11/50 | Avg: 0.3036 | Min: 0.2364 | Max: 0.3091
[2026-07-28 08:20:06] 2026-07-28 08:20:06 | INFO     | FEDMD — IID: round 12/50 starting
[2026-07-28 08:20:06] 2026-07-28 08:20:06 | INFO     | KDClient 0 fit round 12 (tier=small)
[2026-07-28 08:20:06] 2026-07-28 08:20:06 | INFO     | KDClient 0 round 12 public KD (epochs=2)
[2026-07-28 08:21:46] 2026-07-28 08:21:46 | INFO     | KDClient 0 round 12 local training (epochs=4)
[2026-07-28 08:23:07] 2026-07-28 08:23:07 | INFO     | KDClient 0 round 12 completed (acc=0.3091, n=180)
[2026-07-28 08:23:07] 2026-07-28 08:23:07 | INFO     | KDClient 1 fit round 12 (tier=small)
[2026-07-28 08:23:07] 2026-07-28 08:23:07 | INFO     | KDClient 1 round 12 public KD (epochs=2)
[2026-07-28 08:24:40] 2026-07-28 08:24:40 | INFO     | KDClient 1 round 12 local training (epochs=4)
[2026-07-28 08:25:48] 2026-07-28 08:25:48 | INFO     | KDClient 1 round 12 completed (acc=0.3091, n=180)
[2026-07-28 08:25:48] 2026-07-28 08:25:48 | INFO     | KDClient 2 fit round 12 (tier=small)
[2026-07-28 08:25:48] 2026-07-28 08:25:48 | INFO     | KDClient 2 round 12 public KD (epochs=2)
[2026-07-28 08:27:20] 2026-07-28 08:27:20 | INFO     | KDClient 2 round 12 local training (epochs=4)
[2026-07-28 08:28:47] 2026-07-28 08:28:47 | INFO     | KDClient 2 round 12 completed (acc=0.3091, n=180)
[2026-07-28 08:28:47] 2026-07-28 08:28:47 | INFO     | KDClient 3 fit round 12 (tier=small)
[2026-07-28 08:28:47] 2026-07-28 08:28:47 | INFO     | KDClient 3 round 12 public KD (epochs=2)
[2026-07-28 08:30:58] 2026-07-28 08:30:58 | INFO     | KDClient 3 round 12 local training (epochs=4)
[2026-07-28 08:32:19] 2026-07-28 08:32:19 | INFO     | KDClient 3 round 12 completed (acc=0.3091, n=180)
[2026-07-28 08:32:19] 2026-07-28 08:32:19 | INFO     | KDClient 4 fit round 12 (tier=small)
[2026-07-28 08:32:19] 2026-07-28 08:32:19 | INFO     | KDClient 4 round 12 public KD (epochs=2)
[2026-07-28 08:33:53] 2026-07-28 08:33:53 | INFO     | KDClient 4 round 12 local training (epochs=4)
[2026-07-28 08:34:56] 2026-07-28 08:34:56 | INFO     | KDClient 4 round 12 completed (acc=0.3091, n=180)
[2026-07-28 08:34:56] 2026-07-28 08:34:56 | INFO     | KDClient 5 fit round 12 (tier=small)
[2026-07-28 08:34:56] 2026-07-28 08:34:56 | INFO     | KDClient 5 round 12 public KD (epochs=2)
[2026-07-28 08:36:27] 2026-07-28 08:36:27 | INFO     | KDClient 5 round 12 local training (epochs=4)
[2026-07-28 08:37:46] 2026-07-28 08:37:46 | INFO     | KDClient 5 round 12 completed (acc=0.3055, n=180)
[2026-07-28 08:37:46] 2026-07-28 08:37:46 | INFO     | KDClient 6 fit round 12 (tier=small)
[2026-07-28 08:37:46] 2026-07-28 08:37:46 | INFO     | KDClient 6 round 12 public KD (epochs=2)
[2026-07-28 08:39:14] 2026-07-28 08:39:14 | INFO     | KDClient 6 round 12 local training (epochs=4)
[2026-07-28 08:40:33] 2026-07-28 08:40:33 | INFO     | KDClient 6 round 12 completed (acc=0.3091, n=180)
[2026-07-28 08:40:33] 2026-07-28 08:40:33 | INFO     | KDClient 7 fit round 12 (tier=medium)
[2026-07-28 08:40:33] 2026-07-28 08:40:33 | INFO     | KDClient 7 round 12 public KD (epochs=2)
[2026-07-28 08:43:33] 2026-07-28 08:43:33 | INFO     | KDClient 7 round 12 local training (epochs=4)
[2026-07-28 08:46:06] 2026-07-28 08:46:06 | INFO     | KDClient 7 round 12 completed (acc=0.3055, n=180)
[2026-07-28 08:46:06] 2026-07-28 08:46:06 | INFO     | KDClient 8 fit round 12 (tier=medium)
[2026-07-28 08:46:06] 2026-07-28 08:46:06 | INFO     | KDClient 8 round 12 public KD (epochs=2)
[2026-07-28 08:49:13] 2026-07-28 08:49:13 | INFO     | KDClient 8 round 12 local training (epochs=4)
[2026-07-28 08:51:29] 2026-07-28 08:51:29 | INFO     | KDClient 8 round 12 completed (acc=0.3091, n=180)
[2026-07-28 08:51:29] 2026-07-28 08:51:29 | INFO     | KDClient 9 fit round 12 (tier=medium)
[2026-07-28 08:51:29] 2026-07-28 08:51:29 | INFO     | KDClient 9 round 12 public KD (epochs=2)
[2026-07-28 08:54:09] 2026-07-28 08:54:09 | INFO     | KDClient 9 round 12 local training (epochs=4)
[2026-07-28 08:56:35] 2026-07-28 08:56:35 | INFO     | KDClient 9 round 12 completed (acc=0.3091, n=180)
[2026-07-28 08:56:35] 2026-07-28 08:56:35 | INFO     | KDClient 10 fit round 12 (tier=medium)
[2026-07-28 08:56:35] 2026-07-28 08:56:35 | INFO     | KDClient 10 round 12 public KD (epochs=2)
[2026-07-28 08:59:37] 2026-07-28 08:59:37 | INFO     | KDClient 10 round 12 local training (epochs=4)
[2026-07-28 09:02:17] 2026-07-28 09:02:17 | INFO     | KDClient 10 round 12 completed (acc=0.2364, n=180)
[2026-07-28 09:02:17] 2026-07-28 09:02:17 | INFO     | KDClient 11 fit round 12 (tier=medium)
[2026-07-28 09:02:17] 2026-07-28 09:02:17 | INFO     | KDClient 11 round 12 public KD (epochs=2)
[2026-07-28 09:05:20] 2026-07-28 09:05:20 | INFO     | KDClient 11 round 12 local training (epochs=4)
[2026-07-28 09:07:49] 2026-07-28 09:07:49 | INFO     | KDClient 11 round 12 completed (acc=0.2655, n=180)
[2026-07-28 09:07:49] 2026-07-28 09:07:49 | INFO     | KDClient 12 fit round 12 (tier=medium)
[2026-07-28 09:07:49] 2026-07-28 09:07:49 | INFO     | KDClient 12 round 12 public KD (epochs=2)
[2026-07-28 09:10:49] 2026-07-28 09:10:49 | INFO     | KDClient 12 round 12 local training (epochs=4)
[2026-07-28 09:13:31] 2026-07-28 09:13:31 | INFO     | KDClient 12 round 12 completed (acc=0.3091, n=180)
[2026-07-28 09:13:31] 2026-07-28 09:13:31 | INFO     | KDClient 13 fit round 12 (tier=medium)
[2026-07-28 09:13:31] 2026-07-28 09:13:31 | INFO     | KDClient 13 round 12 public KD (epochs=2)
[2026-07-28 09:16:28] 2026-07-28 09:16:28 | INFO     | KDClient 13 round 12 local training (epochs=4)
[2026-07-28 09:19:12] 2026-07-28 09:19:12 | INFO     | KDClient 13 round 12 completed (acc=0.3091, n=180)
[2026-07-28 09:19:12] 2026-07-28 09:19:12 | INFO     | KDClient 14 fit round 12 (tier=large)
[2026-07-28 09:19:12] 2026-07-28 09:19:12 | INFO     | KDClient 14 round 12 public KD (epochs=2)
[2026-07-28 09:24:14] 2026-07-28 09:24:14 | INFO     | KDClient 14 round 12 local training (epochs=4)
[2026-07-28 09:28:01] 2026-07-28 09:28:01 | INFO     | KDClient 14 round 12 completed (acc=0.3018, n=180)
[2026-07-28 09:28:01] 2026-07-28 09:28:01 | INFO     | KDClient 15 fit round 12 (tier=large)
[2026-07-28 09:28:01] 2026-07-28 09:28:01 | INFO     | KDClient 15 round 12 public KD (epochs=2)
[2026-07-28 09:33:06] 2026-07-28 09:33:06 | INFO     | KDClient 15 round 12 local training (epochs=4)
[2026-07-28 09:38:35] 2026-07-28 09:38:35 | INFO     | KDClient 15 round 12 completed (acc=0.3091, n=180)
[2026-07-28 09:38:35] 2026-07-28 09:38:35 | INFO     | KDClient 16 fit round 12 (tier=large)
[2026-07-28 09:38:35] 2026-07-28 09:38:35 | INFO     | KDClient 16 round 12 public KD (epochs=2)
[2026-07-28 09:44:09] 2026-07-28 09:44:09 | INFO     | KDClient 16 round 12 local training (epochs=4)
[2026-07-28 09:48:26] 2026-07-28 09:48:26 | INFO     | KDClient 16 round 12 completed (acc=0.3091, n=180)
[2026-07-28 09:48:26] 2026-07-28 09:48:26 | INFO     | KDClient 17 fit round 12 (tier=large)
[2026-07-28 09:48:26] 2026-07-28 09:48:26 | INFO     | KDClient 17 round 12 public KD (epochs=2)
[2026-07-28 09:53:19] 2026-07-28 09:53:19 | INFO     | KDClient 17 round 12 local training (epochs=4)
[2026-07-28 09:56:01] 2026-07-28 09:56:01 | INFO     | KDClient 17 round 12 completed (acc=0.3091, n=180)
[2026-07-28 09:56:01] 2026-07-28 09:56:01 | INFO     | KDClient 18 fit round 12 (tier=large)
[2026-07-28 09:56:01] 2026-07-28 09:56:01 | INFO     | KDClient 18 round 12 public KD (epochs=2)
[2026-07-28 09:58:30] 2026-07-28 09:58:30 | INFO     | KDClient 18 round 12 local training (epochs=4)
[2026-07-28 10:00:34] 2026-07-28 10:00:34 | INFO     | KDClient 18 round 12 completed (acc=0.3091, n=180)
[2026-07-28 10:00:34] 2026-07-28 10:00:34 | INFO     | KDClient 19 fit round 12 (tier=large)
[2026-07-28 10:00:34] 2026-07-28 10:00:34 | INFO     | KDClient 19 round 12 public KD (epochs=2)
[2026-07-28 10:02:54] 2026-07-28 10:02:54 | INFO     | KDClient 19 round 12 local training (epochs=4)
[2026-07-28 10:04:45] 2026-07-28 10:04:45 | INFO     | KDClient 19 round 12 completed (acc=0.3091, n=180)
[2026-07-28 10:04:45]   Round  12/50 | Avg: 0.3025 | Min: 0.2364 | Max: 0.3091
[2026-07-28 10:04:45] 2026-07-28 10:04:45 | INFO     | FEDMD — IID: round 13/50 starting
[2026-07-28 10:04:45] 2026-07-28 10:04:45 | INFO     | KDClient 0 fit round 13 (tier=small)
[2026-07-28 10:04:45] 2026-07-28 10:04:45 | INFO     | KDClient 0 round 13 public KD (epochs=2)
[2026-07-28 10:05:25] 2026-07-28 10:05:25 | INFO     | KDClient 0 round 13 local training (epochs=4)
[2026-07-28 10:05:55] 2026-07-28 10:05:55 | INFO     | KDClient 0 round 13 completed (acc=0.3055, n=180)
[2026-07-28 10:05:55] 2026-07-28 10:05:55 | INFO     | KDClient 1 fit round 13 (tier=small)
[2026-07-28 10:05:55] 2026-07-28 10:05:55 | INFO     | KDClient 1 round 13 public KD (epochs=2)
[2026-07-28 10:06:58] 2026-07-28 10:06:58 | INFO     | KDClient 1 round 13 local training (epochs=4)
[2026-07-28 10:07:32] 2026-07-28 10:07:32 | INFO     | KDClient 1 round 13 completed (acc=0.3091, n=180)
[2026-07-28 10:07:32] 2026-07-28 10:07:32 | INFO     | KDClient 2 fit round 13 (tier=small)
[2026-07-28 10:07:32] 2026-07-28 10:07:32 | INFO     | KDClient 2 round 13 public KD (epochs=2)
[2026-07-28 10:08:11] 2026-07-28 10:08:11 | INFO     | KDClient 2 round 13 local training (epochs=4)
[2026-07-28 10:08:51] 2026-07-28 10:08:51 | INFO     | KDClient 2 round 13 completed (acc=0.3091, n=180)
[2026-07-28 10:08:51] 2026-07-28 10:08:51 | INFO     | KDClient 3 fit round 13 (tier=small)
[2026-07-28 10:08:51] 2026-07-28 10:08:51 | INFO     | KDClient 3 round 13 public KD (epochs=2)
[2026-07-28 10:09:32] 2026-07-28 10:09:32 | INFO     | KDClient 3 round 13 local training (epochs=4)
[2026-07-28 10:10:12] 2026-07-28 10:10:12 | INFO     | KDClient 3 round 13 completed (acc=0.3018, n=180)
[2026-07-28 10:10:12] 2026-07-28 10:10:12 | INFO     | KDClient 4 fit round 13 (tier=small)
[2026-07-28 10:10:12] 2026-07-28 10:10:12 | INFO     | KDClient 4 round 13 public KD (epochs=2)
[2026-07-28 10:10:52] 2026-07-28 10:10:52 | INFO     | KDClient 4 round 13 local training (epochs=4)
[2026-07-28 10:11:39] 2026-07-28 10:11:39 | INFO     | KDClient 4 round 13 completed (acc=0.3091, n=180)
[2026-07-28 10:11:39] 2026-07-28 10:11:39 | INFO     | KDClient 5 fit round 13 (tier=small)
[2026-07-28 10:11:39] 2026-07-28 10:11:39 | INFO     | KDClient 5 round 13 public KD (epochs=2)
[2026-07-28 10:12:44] 2026-07-28 10:12:44 | INFO     | KDClient 5 round 13 local training (epochs=4)
[2026-07-28 10:13:14] 2026-07-28 10:13:14 | INFO     | KDClient 5 round 13 completed (acc=0.3018, n=180)
[2026-07-28 10:13:14] 2026-07-28 10:13:14 | INFO     | KDClient 6 fit round 13 (tier=small)
[2026-07-28 10:13:14] 2026-07-28 10:13:14 | INFO     | KDClient 6 round 13 public KD (epochs=2)
[2026-07-28 10:13:56] 2026-07-28 10:13:56 | INFO     | KDClient 6 round 13 local training (epochs=4)
[2026-07-28 10:14:38] 2026-07-28 10:14:38 | INFO     | KDClient 6 round 13 completed (acc=0.3091, n=180)
[2026-07-28 10:14:38] 2026-07-28 10:14:38 | INFO     | KDClient 7 fit round 13 (tier=medium)
[2026-07-28 10:14:38] 2026-07-28 10:14:38 | INFO     | KDClient 7 round 13 public KD (epochs=2)
[2026-07-28 10:16:20] 2026-07-28 10:16:20 | INFO     | KDClient 7 round 13 local training (epochs=4)
[2026-07-28 10:17:36] 2026-07-28 10:17:36 | INFO     | KDClient 7 round 13 completed (acc=0.3018, n=180)
[2026-07-28 10:17:36] 2026-07-28 10:17:36 | INFO     | KDClient 8 fit round 13 (tier=medium)
[2026-07-28 10:17:36] 2026-07-28 10:17:36 | INFO     | KDClient 8 round 13 public KD (epochs=2)
[2026-07-28 10:19:14] 2026-07-28 10:19:14 | INFO     | KDClient 8 round 13 local training (epochs=4)
[2026-07-28 10:20:30] 2026-07-28 10:20:30 | INFO     | KDClient 8 round 13 completed (acc=0.3018, n=180)
[2026-07-28 10:20:30] 2026-07-28 10:20:30 | INFO     | KDClient 9 fit round 13 (tier=medium)
[2026-07-28 10:20:30] 2026-07-28 10:20:30 | INFO     | KDClient 9 round 13 public KD (epochs=2)
[2026-07-28 10:22:02] 2026-07-28 10:22:02 | INFO     | KDClient 9 round 13 local training (epochs=4)
[2026-07-28 10:23:25] 2026-07-28 10:23:25 | INFO     | KDClient 9 round 13 completed (acc=0.2909, n=180)
[2026-07-28 10:23:25] 2026-07-28 10:23:25 | INFO     | KDClient 10 fit round 13 (tier=medium)
[2026-07-28 10:23:25] 2026-07-28 10:23:25 | INFO     | KDClient 10 round 13 public KD (epochs=2)
[2026-07-28 10:24:54] 2026-07-28 10:24:54 | INFO     | KDClient 10 round 13 local training (epochs=4)
[2026-07-28 10:26:21] 2026-07-28 10:26:21 | INFO     | KDClient 10 round 13 completed (acc=0.2655, n=180)
[2026-07-28 10:26:21] 2026-07-28 10:26:21 | INFO     | KDClient 11 fit round 13 (tier=medium)
[2026-07-28 10:26:21] 2026-07-28 10:26:21 | INFO     | KDClient 11 round 13 public KD (epochs=2)
[2026-07-28 10:27:54] 2026-07-28 10:27:54 | INFO     | KDClient 11 round 13 local training (epochs=4)
[2026-07-28 10:29:07] 2026-07-28 10:29:07 | INFO     | KDClient 11 round 13 completed (acc=0.3091, n=180)
[2026-07-28 10:29:07] 2026-07-28 10:29:07 | INFO     | KDClient 12 fit round 13 (tier=medium)
[2026-07-28 10:29:07] 2026-07-28 10:29:07 | INFO     | KDClient 12 round 13 public KD (epochs=2)
[2026-07-28 10:30:37] 2026-07-28 10:30:37 | INFO     | KDClient 12 round 13 local training (epochs=4)
[2026-07-28 10:31:56] 2026-07-28 10:31:56 | INFO     | KDClient 12 round 13 completed (acc=0.3091, n=180)
[2026-07-28 10:31:56] 2026-07-28 10:31:56 | INFO     | KDClient 13 fit round 13 (tier=medium)
[2026-07-28 10:31:56] 2026-07-28 10:31:56 | INFO     | KDClient 13 round 13 public KD (epochs=2)
[2026-07-28 10:33:26] 2026-07-28 10:33:26 | INFO     | KDClient 13 round 13 local training (epochs=4)
[2026-07-28 10:34:46] 2026-07-28 10:34:46 | INFO     | KDClient 13 round 13 completed (acc=0.3091, n=180)
[2026-07-28 10:34:46] 2026-07-28 10:34:46 | INFO     | KDClient 14 fit round 13 (tier=large)
[2026-07-28 10:34:46] 2026-07-28 10:34:46 | INFO     | KDClient 14 round 13 public KD (epochs=2)
[2026-07-28 10:37:21] 2026-07-28 10:37:21 | INFO     | KDClient 14 round 13 local training (epochs=4)
[2026-07-28 10:39:18] 2026-07-28 10:39:18 | INFO     | KDClient 14 round 13 completed (acc=0.3018, n=180)
[2026-07-28 10:39:18] 2026-07-28 10:39:18 | INFO     | KDClient 15 fit round 13 (tier=large)
[2026-07-28 10:39:18] 2026-07-28 10:39:18 | INFO     | KDClient 15 round 13 public KD (epochs=2)
[2026-07-28 10:42:01] 2026-07-28 10:42:01 | INFO     | KDClient 15 round 13 local training (epochs=4)
[2026-07-28 10:44:01] 2026-07-28 10:44:01 | INFO     | KDClient 15 round 13 completed (acc=0.3091, n=180)
[2026-07-28 10:44:01] 2026-07-28 10:44:01 | INFO     | KDClient 16 fit round 13 (tier=large)
[2026-07-28 10:44:01] 2026-07-28 10:44:01 | INFO     | KDClient 16 round 13 public KD (epochs=2)
[2026-07-28 10:46:34] 2026-07-28 10:46:34 | INFO     | KDClient 16 round 13 local training (epochs=4)
[2026-07-28 10:48:43] 2026-07-28 10:48:43 | INFO     | KDClient 16 round 13 completed (acc=0.3091, n=180)
[2026-07-28 10:48:43] 2026-07-28 10:48:43 | INFO     | KDClient 17 fit round 13 (tier=large)
[2026-07-28 10:48:43] 2026-07-28 10:48:43 | INFO     | KDClient 17 round 13 public KD (epochs=2)
[2026-07-28 10:51:14] 2026-07-28 10:51:14 | INFO     | KDClient 17 round 13 local training (epochs=4)
[2026-07-28 10:53:10] 2026-07-28 10:53:10 | INFO     | KDClient 17 round 13 completed (acc=0.3091, n=180)
[2026-07-28 10:53:10] 2026-07-28 10:53:10 | INFO     | KDClient 18 fit round 13 (tier=large)
[2026-07-28 10:53:10] 2026-07-28 10:53:10 | INFO     | KDClient 18 round 13 public KD (epochs=2)
[2026-07-28 10:55:42] 2026-07-28 10:55:42 | INFO     | KDClient 18 round 13 local training (epochs=4)
[2026-07-28 10:57:53] 2026-07-28 10:57:53 | INFO     | KDClient 18 round 13 completed (acc=0.3091, n=180)
[2026-07-28 10:57:53] 2026-07-28 10:57:53 | INFO     | KDClient 19 fit round 13 (tier=large)
[2026-07-28 10:57:53] 2026-07-28 10:57:53 | INFO     | KDClient 19 round 13 public KD (epochs=2)
[2026-07-28 11:00:07] 2026-07-28 11:00:07 | INFO     | KDClient 19 round 13 local training (epochs=4)
[2026-07-28 11:01:57] 2026-07-28 11:01:57 | INFO     | KDClient 19 round 13 completed (acc=0.3091, n=180)
[2026-07-28 11:01:57]   Round  13/50 | Avg: 0.3040 | Min: 0.2655 | Max: 0.3091
[2026-07-28 11:01:57] 2026-07-28 11:01:57 | INFO     | FEDMD — IID: round 14/50 starting
[2026-07-28 11:01:57] 2026-07-28 11:01:57 | INFO     | KDClient 0 fit round 14 (tier=small)
[2026-07-28 11:01:57] 2026-07-28 11:01:57 | INFO     | KDClient 0 round 14 public KD (epochs=2)
[2026-07-28 11:02:36] 2026-07-28 11:02:36 | INFO     | KDClient 0 round 14 local training (epochs=4)
[2026-07-28 11:03:11] 2026-07-28 11:03:11 | INFO     | KDClient 0 round 14 completed (acc=0.3018, n=180)
[2026-07-28 11:03:11] 2026-07-28 11:03:11 | INFO     | KDClient 1 fit round 14 (tier=small)
[2026-07-28 11:03:11] 2026-07-28 11:03:11 | INFO     | KDClient 1 round 14 public KD (epochs=2)
[2026-07-28 11:03:51] 2026-07-28 11:03:51 | INFO     | KDClient 1 round 14 local training (epochs=4)
[2026-07-28 11:04:27] 2026-07-28 11:04:27 | INFO     | KDClient 1 round 14 completed (acc=0.3091, n=180)
[2026-07-28 11:04:27] 2026-07-28 11:04:27 | INFO     | KDClient 2 fit round 14 (tier=small)
[2026-07-28 11:04:27] 2026-07-28 11:04:27 | INFO     | KDClient 2 round 14 public KD (epochs=2)
[2026-07-28 11:05:10] 2026-07-28 11:05:10 | INFO     | KDClient 2 round 14 local training (epochs=4)
[2026-07-28 11:05:48] 2026-07-28 11:05:48 | INFO     | KDClient 2 round 14 completed (acc=0.3091, n=180)
[2026-07-28 11:05:48] 2026-07-28 11:05:48 | INFO     | KDClient 3 fit round 14 (tier=small)
[2026-07-28 11:05:48] 2026-07-28 11:05:48 | INFO     | KDClient 3 round 14 public KD (epochs=2)
[2026-07-28 11:06:50] 2026-07-28 11:06:50 | INFO     | KDClient 3 round 14 local training (epochs=4)
[2026-07-28 11:07:27] 2026-07-28 11:07:27 | INFO     | KDClient 3 round 14 completed (acc=0.2545, n=180)
[2026-07-28 11:07:27] 2026-07-28 11:07:27 | INFO     | KDClient 4 fit round 14 (tier=small)
[2026-07-28 11:07:27] 2026-07-28 11:07:27 | INFO     | KDClient 4 round 14 public KD (epochs=2)
[2026-07-28 11:08:31] 2026-07-28 11:08:31 | INFO     | KDClient 4 round 14 local training (epochs=4)
[2026-07-28 11:09:05] 2026-07-28 11:09:05 | INFO     | KDClient 4 round 14 completed (acc=0.3091, n=180)
[2026-07-28 11:09:05] 2026-07-28 11:09:05 | INFO     | KDClient 5 fit round 14 (tier=small)
[2026-07-28 11:09:05] 2026-07-28 11:09:05 | INFO     | KDClient 5 round 14 public KD (epochs=2)
[2026-07-28 11:10:04] 2026-07-28 11:10:04 | INFO     | KDClient 5 round 14 local training (epochs=4)
[2026-07-28 11:10:38] 2026-07-28 11:10:38 | INFO     | KDClient 5 round 14 completed (acc=0.3091, n=180)
[2026-07-28 11:10:38] 2026-07-28 11:10:38 | INFO     | KDClient 6 fit round 14 (tier=small)
[2026-07-28 11:10:38] 2026-07-28 11:10:38 | INFO     | KDClient 6 round 14 public KD (epochs=2)
[2026-07-28 11:11:22] 2026-07-28 11:11:22 | INFO     | KDClient 6 round 14 local training (epochs=4)
[2026-07-28 11:11:47] 2026-07-28 11:11:47 | INFO     | KDClient 6 round 14 completed (acc=0.3091, n=180)
[2026-07-28 11:11:47] 2026-07-28 11:11:47 | INFO     | KDClient 7 fit round 14 (tier=medium)
[2026-07-28 11:11:47] 2026-07-28 11:11:47 | INFO     | KDClient 7 round 14 public KD (epochs=2)
[2026-07-28 11:13:50] 2026-07-28 11:13:50 | INFO     | KDClient 7 round 14 local training (epochs=4)
[2026-07-28 11:15:02] 2026-07-28 11:15:02 | INFO     | KDClient 7 round 14 completed (acc=0.3091, n=180)
[2026-07-28 11:15:02] 2026-07-28 11:15:02 | INFO     | KDClient 8 fit round 14 (tier=medium)
[2026-07-28 11:15:02] 2026-07-28 11:15:02 | INFO     | KDClient 8 round 14 public KD (epochs=2)
[2026-07-28 11:17:11] 2026-07-28 11:17:11 | INFO     | KDClient 8 round 14 local training (epochs=4)
[2026-07-28 11:18:32] 2026-07-28 11:18:32 | INFO     | KDClient 8 round 14 completed (acc=0.3091, n=180)
[2026-07-28 11:18:32] 2026-07-28 11:18:32 | INFO     | KDClient 9 fit round 14 (tier=medium)
[2026-07-28 11:18:32] 2026-07-28 11:18:32 | INFO     | KDClient 9 round 14 public KD (epochs=2)
[2026-07-28 11:20:01] 2026-07-28 11:20:01 | INFO     | KDClient 9 round 14 local training (epochs=4)
[2026-07-28 11:21:24] 2026-07-28 11:21:24 | INFO     | KDClient 9 round 14 completed (acc=0.3091, n=180)
[2026-07-28 11:21:24] 2026-07-28 11:21:24 | INFO     | KDClient 10 fit round 14 (tier=medium)
[2026-07-28 11:21:24] 2026-07-28 11:21:24 | INFO     | KDClient 10 round 14 public KD (epochs=2)
[2026-07-28 11:22:54] 2026-07-28 11:22:54 | INFO     | KDClient 10 round 14 local training (epochs=4)
[2026-07-28 11:24:13] 2026-07-28 11:24:13 | INFO     | KDClient 10 round 14 completed (acc=0.2400, n=180)
[2026-07-28 11:24:13] 2026-07-28 11:24:13 | INFO     | KDClient 11 fit round 14 (tier=medium)
[2026-07-28 11:24:13] 2026-07-28 11:24:13 | INFO     | KDClient 11 round 14 public KD (epochs=2)
[2026-07-28 11:25:46] 2026-07-28 11:25:45 | INFO     | KDClient 11 round 14 local training (epochs=4)
[2026-07-28 11:26:55] 2026-07-28 11:26:55 | INFO     | KDClient 11 round 14 completed (acc=0.2727, n=180)
[2026-07-28 11:26:55] 2026-07-28 11:26:55 | INFO     | KDClient 12 fit round 14 (tier=medium)
[2026-07-28 11:26:55] 2026-07-28 11:26:55 | INFO     | KDClient 12 round 14 public KD (epochs=2)
[2026-07-28 11:29:06] 2026-07-28 11:29:06 | INFO     | KDClient 12 round 14 local training (epochs=4)
[2026-07-28 11:30:33] 2026-07-28 11:30:33 | INFO     | KDClient 12 round 14 completed (acc=0.3091, n=180)
[2026-07-28 11:30:33] 2026-07-28 11:30:33 | INFO     | KDClient 13 fit round 14 (tier=medium)
[2026-07-28 11:30:33] 2026-07-28 11:30:33 | INFO     | KDClient 13 round 14 public KD (epochs=2)
[2026-07-28 11:32:47] 2026-07-28 11:32:47 | INFO     | KDClient 13 round 14 local training (epochs=4)
[2026-07-28 11:34:11] 2026-07-28 11:34:11 | INFO     | KDClient 13 round 14 completed (acc=0.3091, n=180)
[2026-07-28 11:34:11] 2026-07-28 11:34:11 | INFO     | KDClient 14 fit round 14 (tier=large)
[2026-07-28 11:34:11] 2026-07-28 11:34:11 | INFO     | KDClient 14 round 14 public KD (epochs=2)
[2026-07-28 11:36:52] 2026-07-28 11:36:52 | INFO     | KDClient 14 round 14 local training (epochs=4)
[2026-07-28 11:38:52] 2026-07-28 11:38:52 | INFO     | KDClient 14 round 14 completed (acc=0.3091, n=180)
[2026-07-28 11:38:52] 2026-07-28 11:38:52 | INFO     | KDClient 15 fit round 14 (tier=large)
[2026-07-28 11:38:52] 2026-07-28 11:38:52 | INFO     | KDClient 15 round 14 public KD (epochs=2)
[2026-07-28 11:41:38] 2026-07-28 11:41:38 | INFO     | KDClient 15 round 14 local training (epochs=4)
[2026-07-28 11:43:32] 2026-07-28 11:43:32 | INFO     | KDClient 15 round 14 completed (acc=0.3091, n=180)
[2026-07-28 11:43:32] 2026-07-28 11:43:32 | INFO     | KDClient 16 fit round 14 (tier=large)
[2026-07-28 11:43:32] 2026-07-28 11:43:32 | INFO     | KDClient 16 round 14 public KD (epochs=2)
[2026-07-28 11:46:03] 2026-07-28 11:46:03 | INFO     | KDClient 16 round 14 local training (epochs=4)
[2026-07-28 11:47:58] 2026-07-28 11:47:58 | INFO     | KDClient 16 round 14 completed (acc=0.3091, n=180)
[2026-07-28 11:47:58] 2026-07-28 11:47:58 | INFO     | KDClient 17 fit round 14 (tier=large)
[2026-07-28 11:47:58] 2026-07-28 11:47:58 | INFO     | KDClient 17 round 14 public KD (epochs=2)
[2026-07-28 11:50:07] 2026-07-28 11:50:07 | INFO     | KDClient 17 round 14 local training (epochs=4)
[2026-07-28 11:51:56] 2026-07-28 11:51:56 | INFO     | KDClient 17 round 14 completed (acc=0.3091, n=180)
[2026-07-28 11:51:56] 2026-07-28 11:51:56 | INFO     | KDClient 18 fit round 14 (tier=large)
[2026-07-28 11:51:56] 2026-07-28 11:51:56 | INFO     | KDClient 18 round 14 public KD (epochs=2)
[2026-07-28 11:54:20] 2026-07-28 11:54:20 | INFO     | KDClient 18 round 14 local training (epochs=4)
[2026-07-28 11:56:33] 2026-07-28 11:56:33 | INFO     | KDClient 18 round 14 completed (acc=0.3091, n=180)
[2026-07-28 11:56:33] 2026-07-28 11:56:33 | INFO     | KDClient 19 fit round 14 (tier=large)
[2026-07-28 11:56:33] 2026-07-28 11:56:33 | INFO     | KDClient 19 round 14 public KD (epochs=2)
[2026-07-28 11:58:50] 2026-07-28 11:58:50 | INFO     | KDClient 19 round 14 local training (epochs=4)
[2026-07-28 12:00:49] 2026-07-28 12:00:49 | INFO     | KDClient 19 round 14 completed (acc=0.3091, n=180)
[2026-07-28 12:00:49]   Round  14/50 | Avg: 0.3007 | Min: 0.2400 | Max: 0.3091
[2026-07-28 12:00:49] 2026-07-28 12:00:49 | INFO     | FEDMD — IID: round 15/50 starting
[2026-07-28 12:00:49] 2026-07-28 12:00:49 | INFO     | KDClient 0 fit round 15 (tier=small)
[2026-07-28 12:00:49] 2026-07-28 12:00:49 | INFO     | KDClient 0 round 15 public KD (epochs=2)
[2026-07-28 12:01:54] 2026-07-28 12:01:54 | INFO     | KDClient 0 round 15 local training (epochs=4)
[2026-07-28 12:02:30] 2026-07-28 12:02:30 | INFO     | KDClient 0 round 15 completed (acc=0.2909, n=180)
[2026-07-28 12:02:30] 2026-07-28 12:02:30 | INFO     | KDClient 1 fit round 15 (tier=small)
[2026-07-28 12:02:30] 2026-07-28 12:02:30 | INFO     | KDClient 1 round 15 public KD (epochs=2)
[2026-07-28 12:03:13] 2026-07-28 12:03:13 | INFO     | KDClient 1 round 15 local training (epochs=4)
[2026-07-28 12:03:40] 2026-07-28 12:03:40 | INFO     | KDClient 1 round 15 completed (acc=0.3091, n=180)
[2026-07-28 12:03:40] 2026-07-28 12:03:40 | INFO     | KDClient 2 fit round 15 (tier=small)
[2026-07-28 12:03:40] 2026-07-28 12:03:40 | INFO     | KDClient 2 round 15 public KD (epochs=2)
[2026-07-28 12:04:45] 2026-07-28 12:04:45 | INFO     | KDClient 2 round 15 local training (epochs=4)
[2026-07-28 12:05:25] 2026-07-28 12:05:25 | INFO     | KDClient 2 round 15 completed (acc=0.3091, n=180)
[2026-07-28 12:05:25] 2026-07-28 12:05:25 | INFO     | KDClient 3 fit round 15 (tier=small)
[2026-07-28 12:05:25] 2026-07-28 12:05:25 | INFO     | KDClient 3 round 15 public KD (epochs=2)
[2026-07-28 12:06:10] 2026-07-28 12:06:10 | INFO     | KDClient 3 round 15 local training (epochs=4)
[2026-07-28 12:06:49] 2026-07-28 12:06:49 | INFO     | KDClient 3 round 15 completed (acc=0.3091, n=180)
[2026-07-28 12:06:49] 2026-07-28 12:06:49 | INFO     | KDClient 4 fit round 15 (tier=small)
[2026-07-28 12:06:49] 2026-07-28 12:06:49 | INFO     | KDClient 4 round 15 public KD (epochs=2)
[2026-07-28 12:07:30] 2026-07-28 12:07:30 | INFO     | KDClient 4 round 15 local training (epochs=4)
[2026-07-28 12:08:08] 2026-07-28 12:08:08 | INFO     | KDClient 4 round 15 completed (acc=0.3091, n=180)
[2026-07-28 12:08:08] 2026-07-28 12:08:08 | INFO     | KDClient 5 fit round 15 (tier=small)
[2026-07-28 12:08:08] 2026-07-28 12:08:08 | INFO     | KDClient 5 round 15 public KD (epochs=2)
[2026-07-28 12:08:50] 2026-07-28 12:08:50 | INFO     | KDClient 5 round 15 local training (epochs=4)
[2026-07-28 12:09:33] 2026-07-28 12:09:33 | INFO     | KDClient 5 round 15 completed (acc=0.3055, n=180)
[2026-07-28 12:09:33] 2026-07-28 12:09:33 | INFO     | KDClient 6 fit round 15 (tier=small)
[2026-07-28 12:09:33] 2026-07-28 12:09:33 | INFO     | KDClient 6 round 15 public KD (epochs=2)
[2026-07-28 12:10:19] 2026-07-28 12:10:19 | INFO     | KDClient 6 round 15 local training (epochs=4)
[2026-07-28 12:10:52] 2026-07-28 12:10:52 | INFO     | KDClient 6 round 15 completed (acc=0.3091, n=180)
[2026-07-28 12:10:52] 2026-07-28 12:10:52 | INFO     | KDClient 7 fit round 15 (tier=medium)
[2026-07-28 12:10:52] 2026-07-28 12:10:52 | INFO     | KDClient 7 round 15 public KD (epochs=2)
[2026-07-28 12:13:37] 2026-07-28 12:13:37 | INFO     | KDClient 7 round 15 local training (epochs=4)
[2026-07-28 12:14:52] 2026-07-28 12:14:52 | INFO     | KDClient 7 round 15 completed (acc=0.3091, n=180)
[2026-07-28 12:14:52] 2026-07-28 12:14:52 | INFO     | KDClient 8 fit round 15 (tier=medium)
[2026-07-28 12:14:52] 2026-07-28 12:14:52 | INFO     | KDClient 8 round 15 public KD (epochs=2)
[2026-07-28 12:17:02] 2026-07-28 12:17:02 | INFO     | KDClient 8 round 15 local training (epochs=4)
[2026-07-28 12:18:25] 2026-07-28 12:18:25 | INFO     | KDClient 8 round 15 completed (acc=0.3091, n=180)
[2026-07-28 12:18:25] 2026-07-28 12:18:25 | INFO     | KDClient 9 fit round 15 (tier=medium)
[2026-07-28 12:18:25] 2026-07-28 12:18:25 | INFO     | KDClient 9 round 15 public KD (epochs=2)
[2026-07-28 12:19:52] 2026-07-28 12:19:52 | INFO     | KDClient 9 round 15 local training (epochs=4)
[2026-07-28 12:21:06] 2026-07-28 12:21:06 | INFO     | KDClient 9 round 15 completed (acc=0.3091, n=180)
[2026-07-28 12:21:06] 2026-07-28 12:21:06 | INFO     | KDClient 10 fit round 15 (tier=medium)
[2026-07-28 12:21:06] 2026-07-28 12:21:06 | INFO     | KDClient 10 round 15 public KD (epochs=2)
[2026-07-28 12:23:20] 2026-07-28 12:23:20 | INFO     | KDClient 10 round 15 local training (epochs=4)
[2026-07-28 12:24:30] 2026-07-28 12:24:30 | INFO     | KDClient 10 round 15 completed (acc=0.3091, n=180)
[2026-07-28 12:24:30] 2026-07-28 12:24:30 | INFO     | KDClient 11 fit round 15 (tier=medium)
[2026-07-28 12:24:30] 2026-07-28 12:24:30 | INFO     | KDClient 11 round 15 public KD (epochs=2)
[2026-07-28 12:26:06] 2026-07-28 12:26:06 | INFO     | KDClient 11 round 15 local training (epochs=4)
[2026-07-28 12:27:31] 2026-07-28 12:27:31 | INFO     | KDClient 11 round 15 completed (acc=0.2436, n=180)
[2026-07-28 12:27:31] 2026-07-28 12:27:31 | INFO     | KDClient 12 fit round 15 (tier=medium)
[2026-07-28 12:27:31] 2026-07-28 12:27:31 | INFO     | KDClient 12 round 15 public KD (epochs=2)
[2026-07-28 12:29:05] 2026-07-28 12:29:05 | INFO     | KDClient 12 round 15 local training (epochs=4)
[2026-07-28 12:30:32] 2026-07-28 12:30:32 | INFO     | KDClient 12 round 15 completed (acc=0.3091, n=180)
[2026-07-28 12:30:32] 2026-07-28 12:30:32 | INFO     | KDClient 13 fit round 15 (tier=medium)
[2026-07-28 12:30:32] 2026-07-28 12:30:32 | INFO     | KDClient 13 round 15 public KD (epochs=2)
[2026-07-28 12:32:10] 2026-07-28 12:32:10 | INFO     | KDClient 13 round 15 local training (epochs=4)
[2026-07-28 12:33:31] 2026-07-28 12:33:31 | INFO     | KDClient 13 round 15 completed (acc=0.3091, n=180)
[2026-07-28 12:33:31] 2026-07-28 12:33:31 | INFO     | KDClient 14 fit round 15 (tier=large)
[2026-07-28 12:33:31] 2026-07-28 12:33:31 | INFO     | KDClient 14 round 15 public KD (epochs=2)
[2026-07-28 12:36:10] 2026-07-28 12:36:10 | INFO     | KDClient 14 round 15 local training (epochs=4)
[2026-07-28 12:38:12] 2026-07-28 12:38:12 | INFO     | KDClient 14 round 15 completed (acc=0.3091, n=180)
[2026-07-28 12:38:12] 2026-07-28 12:38:12 | INFO     | KDClient 15 fit round 15 (tier=large)
[2026-07-28 12:38:12] 2026-07-28 12:38:12 | INFO     | KDClient 15 round 15 public KD (epochs=2)
[2026-07-28 12:40:32] 2026-07-28 12:40:32 | INFO     | KDClient 15 round 15 local training (epochs=4)
[2026-07-28 12:41:53] 2026-07-28 12:41:53 | INFO     | KDClient 15 round 15 completed (acc=0.3091, n=180)
[2026-07-28 12:41:53] 2026-07-28 12:41:53 | INFO     | KDClient 16 fit round 15 (tier=large)
[2026-07-28 12:41:53] 2026-07-28 12:41:53 | INFO     | KDClient 16 round 15 public KD (epochs=2)
[2026-07-28 12:44:16] 2026-07-28 12:44:16 | INFO     | KDClient 16 round 15 local training (epochs=4)
[2026-07-28 12:45:47] 2026-07-28 12:45:47 | INFO     | KDClient 16 round 15 completed (acc=0.3091, n=180)
[2026-07-28 12:45:47] 2026-07-28 12:45:47 | INFO     | KDClient 17 fit round 15 (tier=large)
[2026-07-28 12:45:47] 2026-07-28 12:45:47 | INFO     | KDClient 17 round 15 public KD (epochs=2)
[2026-07-28 12:48:14] 2026-07-28 12:48:14 | INFO     | KDClient 17 round 15 local training (epochs=4)
[2026-07-28 12:49:56] 2026-07-28 12:49:56 | INFO     | KDClient 17 round 15 completed (acc=0.3091, n=180)
[2026-07-28 12:49:56] 2026-07-28 12:49:56 | INFO     | KDClient 18 fit round 15 (tier=large)
[2026-07-28 12:49:56] 2026-07-28 12:49:56 | INFO     | KDClient 18 round 15 public KD (epochs=2)
[2026-07-28 12:51:54] 2026-07-28 12:51:54 | INFO     | KDClient 18 round 15 local training (epochs=4)
[2026-07-28 12:53:19] 2026-07-28 12:53:19 | INFO     | KDClient 18 round 15 completed (acc=0.3091, n=180)
[2026-07-28 12:53:19] 2026-07-28 12:53:19 | INFO     | KDClient 19 fit round 15 (tier=large)
[2026-07-28 12:53:19] 2026-07-28 12:53:19 | INFO     | KDClient 19 round 15 public KD (epochs=2)
[2026-07-28 12:55:07] 2026-07-28 12:55:07 | INFO     | KDClient 19 round 15 local training (epochs=4)
[2026-07-28 12:56:29] 2026-07-28 12:56:29 | INFO     | KDClient 19 round 15 completed (acc=0.3091, n=180)
[2026-07-28 12:56:29]   Round  15/50 | Avg: 0.3047 | Min: 0.2436 | Max: 0.3091
[2026-07-28 12:56:29] 2026-07-28 12:56:29 | INFO     | FEDMD — IID: round 16/50 starting
[2026-07-28 12:56:29] 2026-07-28 12:56:29 | INFO     | KDClient 0 fit round 16 (tier=small)
[2026-07-28 12:56:29] 2026-07-28 12:56:29 | INFO     | KDClient 0 round 16 public KD (epochs=2)
[2026-07-28 12:57:02] 2026-07-28 12:57:02 | INFO     | KDClient 0 round 16 local training (epochs=4)
[2026-07-28 12:57:27] 2026-07-28 12:57:27 | INFO     | KDClient 0 round 16 completed (acc=0.3018, n=180)
[2026-07-28 12:57:27] 2026-07-28 12:57:27 | INFO     | KDClient 1 fit round 16 (tier=small)
[2026-07-28 12:57:27] 2026-07-28 12:57:27 | INFO     | KDClient 1 round 16 public KD (epochs=2)
[2026-07-28 12:57:55] 2026-07-28 12:57:55 | INFO     | KDClient 1 round 16 local training (epochs=4)
[2026-07-28 12:58:18] 2026-07-28 12:58:18 | INFO     | KDClient 1 round 16 completed (acc=0.3055, n=180)
[2026-07-28 12:58:18] 2026-07-28 12:58:18 | INFO     | KDClient 2 fit round 16 (tier=small)
[2026-07-28 12:58:18] 2026-07-28 12:58:18 | INFO     | KDClient 2 round 16 public KD (epochs=2)
[2026-07-28 12:58:52] 2026-07-28 12:58:52 | INFO     | KDClient 2 round 16 local training (epochs=4)
[2026-07-28 12:59:18] 2026-07-28 12:59:18 | INFO     | KDClient 2 round 16 completed (acc=0.3091, n=180)
[2026-07-28 12:59:18] 2026-07-28 12:59:18 | INFO     | KDClient 3 fit round 16 (tier=small)
[2026-07-28 12:59:18] 2026-07-28 12:59:18 | INFO     | KDClient 3 round 16 public KD (epochs=2)
[2026-07-28 12:59:58] 2026-07-28 12:59:58 | INFO     | KDClient 3 round 16 local training (epochs=4)
[2026-07-28 13:00:26] 2026-07-28 13:00:26 | INFO     | KDClient 3 round 16 completed (acc=0.3091, n=180)
[2026-07-28 13:00:26] 2026-07-28 13:00:26 | INFO     | KDClient 4 fit round 16 (tier=small)
[2026-07-28 13:00:26] 2026-07-28 13:00:26 | INFO     | KDClient 4 round 16 public KD (epochs=2)
[2026-07-28 13:01:04] 2026-07-28 13:01:04 | INFO     | KDClient 4 round 16 local training (epochs=4)
[2026-07-28 13:01:28] 2026-07-28 13:01:28 | INFO     | KDClient 4 round 16 completed (acc=0.3091, n=180)
[2026-07-28 13:01:28] 2026-07-28 13:01:28 | INFO     | KDClient 5 fit round 16 (tier=small)
[2026-07-28 13:01:28] 2026-07-28 13:01:28 | INFO     | KDClient 5 round 16 public KD (epochs=2)
[2026-07-28 13:02:06] 2026-07-28 13:02:06 | INFO     | KDClient 5 round 16 local training (epochs=4)
[2026-07-28 13:02:32] 2026-07-28 13:02:32 | INFO     | KDClient 5 round 16 completed (acc=0.3055, n=180)
[2026-07-28 13:02:32] 2026-07-28 13:02:32 | INFO     | KDClient 6 fit round 16 (tier=small)
[2026-07-28 13:02:32] 2026-07-28 13:02:32 | INFO     | KDClient 6 round 16 public KD (epochs=2)
[2026-07-28 13:03:10] 2026-07-28 13:03:10 | INFO     | KDClient 6 round 16 local training (epochs=4)
[2026-07-28 13:03:39] 2026-07-28 13:03:39 | INFO     | KDClient 6 round 16 completed (acc=0.3091, n=180)
[2026-07-28 13:03:39] 2026-07-28 13:03:39 | INFO     | KDClient 7 fit round 16 (tier=medium)
[2026-07-28 13:03:39] 2026-07-28 13:03:39 | INFO     | KDClient 7 round 16 public KD (epochs=2)
[2026-07-28 13:04:57] 2026-07-28 13:04:57 | INFO     | KDClient 7 round 16 local training (epochs=4)
[2026-07-28 13:06:07] 2026-07-28 13:06:07 | INFO     | KDClient 7 round 16 completed (acc=0.3091, n=180)
[2026-07-28 13:06:07] 2026-07-28 13:06:07 | INFO     | KDClient 8 fit round 16 (tier=medium)
[2026-07-28 13:06:07] 2026-07-28 13:06:07 | INFO     | KDClient 8 round 16 public KD (epochs=2)
[2026-07-28 13:08:13] 2026-07-28 13:08:13 | INFO     | KDClient 8 round 16 local training (epochs=4)
[2026-07-28 13:09:21] 2026-07-28 13:09:21 | INFO     | KDClient 8 round 16 completed (acc=0.3091, n=180)
[2026-07-28 13:09:21] 2026-07-28 13:09:21 | INFO     | KDClient 9 fit round 16 (tier=medium)
[2026-07-28 13:09:21] 2026-07-28 13:09:21 | INFO     | KDClient 9 round 16 public KD (epochs=2)
[2026-07-28 13:10:44] 2026-07-28 13:10:44 | INFO     | KDClient 9 round 16 local training (epochs=4)
[2026-07-28 13:12:08] 2026-07-28 13:12:08 | INFO     | KDClient 9 round 16 completed (acc=0.3018, n=180)
[2026-07-28 13:12:08] 2026-07-28 13:12:08 | INFO     | KDClient 10 fit round 16 (tier=medium)
[2026-07-28 13:12:08] 2026-07-28 13:12:08 | INFO     | KDClient 10 round 16 public KD (epochs=2)
[2026-07-28 13:13:36] 2026-07-28 13:13:36 | INFO     | KDClient 10 round 16 local training (epochs=4)
[2026-07-28 13:14:49] 2026-07-28 13:14:49 | INFO     | KDClient 10 round 16 completed (acc=0.3091, n=180)
[2026-07-28 13:14:49] 2026-07-28 13:14:49 | INFO     | KDClient 11 fit round 16 (tier=medium)
[2026-07-28 13:14:49] 2026-07-28 13:14:49 | INFO     | KDClient 11 round 16 public KD (epochs=2)
[2026-07-28 13:16:17] 2026-07-28 13:16:17 | INFO     | KDClient 11 round 16 local training (epochs=4)
[2026-07-28 13:17:36] 2026-07-28 13:17:36 | INFO     | KDClient 11 round 16 completed (acc=0.2727, n=180)
[2026-07-28 13:17:36] 2026-07-28 13:17:36 | INFO     | KDClient 12 fit round 16 (tier=medium)
[2026-07-28 13:17:36] 2026-07-28 13:17:36 | INFO     | KDClient 12 round 16 public KD (epochs=2)
[2026-07-28 13:19:09] 2026-07-28 13:19:09 | INFO     | KDClient 12 round 16 local training (epochs=4)
[2026-07-28 13:20:15] 2026-07-28 13:20:15 | INFO     | KDClient 12 round 16 completed (acc=0.3091, n=180)
[2026-07-28 13:20:15] 2026-07-28 13:20:15 | INFO     | KDClient 13 fit round 16 (tier=medium)
[2026-07-28 13:20:15] 2026-07-28 13:20:15 | INFO     | KDClient 13 round 16 public KD (epochs=2)
[2026-07-28 13:21:52] 2026-07-28 13:21:52 | INFO     | KDClient 13 round 16 local training (epochs=4)
[2026-07-28 13:23:15] 2026-07-28 13:23:15 | INFO     | KDClient 13 round 16 completed (acc=0.3091, n=180)
[2026-07-28 13:23:15] 2026-07-28 13:23:15 | INFO     | KDClient 14 fit round 16 (tier=large)
[2026-07-28 13:23:15] 2026-07-28 13:23:15 | INFO     | KDClient 14 round 16 public KD (epochs=2)
[2026-07-28 13:25:51] 2026-07-28 13:25:51 | INFO     | KDClient 14 round 16 local training (epochs=4)
[2026-07-28 13:27:39] 2026-07-28 13:27:39 | INFO     | KDClient 14 round 16 completed (acc=0.3091, n=180)
[2026-07-28 13:27:39] 2026-07-28 13:27:39 | INFO     | KDClient 15 fit round 16 (tier=large)
[2026-07-28 13:27:39] 2026-07-28 13:27:39 | INFO     | KDClient 15 round 16 public KD (epochs=2)
[2026-07-28 13:30:04] 2026-07-28 13:30:04 | INFO     | KDClient 15 round 16 local training (epochs=4)
[2026-07-28 13:32:17] 2026-07-28 13:32:17 | INFO     | KDClient 15 round 16 completed (acc=0.3091, n=180)
[2026-07-28 13:32:17] 2026-07-28 13:32:17 | INFO     | KDClient 16 fit round 16 (tier=large)
[2026-07-28 13:32:17] 2026-07-28 13:32:17 | INFO     | KDClient 16 round 16 public KD (epochs=2)
[2026-07-28 13:34:46] 2026-07-28 13:34:46 | INFO     | KDClient 16 round 16 local training (epochs=4)
[2026-07-28 13:36:44] 2026-07-28 13:36:44 | INFO     | KDClient 16 round 16 completed (acc=0.3091, n=180)
[2026-07-28 13:36:44] 2026-07-28 13:36:44 | INFO     | KDClient 17 fit round 16 (tier=large)
[2026-07-28 13:36:44] 2026-07-28 13:36:44 | INFO     | KDClient 17 round 16 public KD (epochs=2)
[2026-07-28 13:39:08] 2026-07-28 13:39:07 | INFO     | KDClient 17 round 16 local training (epochs=4)
[2026-07-28 13:40:55] 2026-07-28 13:40:55 | INFO     | KDClient 17 round 16 completed (acc=0.3091, n=180)
[2026-07-28 13:40:55] 2026-07-28 13:40:55 | INFO     | KDClient 18 fit round 16 (tier=large)
[2026-07-28 13:40:55] 2026-07-28 13:40:55 | INFO     | KDClient 18 round 16 public KD (epochs=2)
[2026-07-28 13:43:21] 2026-07-28 13:43:21 | INFO     | KDClient 18 round 16 local training (epochs=4)
[2026-07-28 13:45:02] 2026-07-28 13:45:02 | INFO     | KDClient 18 round 16 completed (acc=0.3091, n=180)
[2026-07-28 13:45:02] 2026-07-28 13:45:02 | INFO     | KDClient 19 fit round 16 (tier=large)
[2026-07-28 13:45:02] 2026-07-28 13:45:02 | INFO     | KDClient 19 round 16 public KD (epochs=2)
[2026-07-28 13:47:30] 2026-07-28 13:47:30 | INFO     | KDClient 19 round 16 local training (epochs=4)
[2026-07-28 13:49:16] 2026-07-28 13:49:16 | INFO     | KDClient 19 round 16 completed (acc=0.3091, n=180)
[2026-07-28 13:49:16]   Round  16/50 | Avg: 0.3062 | Min: 0.2727 | Max: 0.3091
[2026-07-28 13:49:16] 2026-07-28 13:49:16 | INFO     | FEDMD — IID: round 17/50 starting
[2026-07-28 13:49:16] 2026-07-28 13:49:16 | INFO     | KDClient 0 fit round 17 (tier=small)
[2026-07-28 13:49:16] 2026-07-28 13:49:16 | INFO     | KDClient 0 round 17 public KD (epochs=2)
[2026-07-28 13:50:00] 2026-07-28 13:50:00 | INFO     | KDClient 0 round 17 local training (epochs=4)
[2026-07-28 13:50:33] 2026-07-28 13:50:33 | INFO     | KDClient 0 round 17 completed (acc=0.3055, n=180)
[2026-07-28 13:50:33] 2026-07-28 13:50:33 | INFO     | KDClient 1 fit round 17 (tier=small)
[2026-07-28 13:50:33] 2026-07-28 13:50:33 | INFO     | KDClient 1 round 17 public KD (epochs=2)
[2026-07-28 13:51:10] 2026-07-28 13:51:10 | INFO     | KDClient 1 round 17 local training (epochs=4)
[2026-07-28 13:51:45] 2026-07-28 13:51:45 | INFO     | KDClient 1 round 17 completed (acc=0.3055, n=180)
[2026-07-28 13:51:45] 2026-07-28 13:51:45 | INFO     | KDClient 2 fit round 17 (tier=small)
[2026-07-28 13:51:45] 2026-07-28 13:51:45 | INFO     | KDClient 2 round 17 public KD (epochs=2)
[2026-07-28 13:52:29] 2026-07-28 13:52:29 | INFO     | KDClient 2 round 17 local training (epochs=4)
[2026-07-28 13:53:10] 2026-07-28 13:53:10 | INFO     | KDClient 2 round 17 completed (acc=0.3091, n=180)
[2026-07-28 13:53:10] 2026-07-28 13:53:10 | INFO     | KDClient 3 fit round 17 (tier=small)
[2026-07-28 13:53:10] 2026-07-28 13:53:10 | INFO     | KDClient 3 round 17 public KD (epochs=2)
[2026-07-28 13:53:55] 2026-07-28 13:53:55 | INFO     | KDClient 3 round 17 local training (epochs=4)
[2026-07-28 13:54:24] 2026-07-28 13:54:24 | INFO     | KDClient 3 round 17 completed (acc=0.3091, n=180)
[2026-07-28 13:54:24] 2026-07-28 13:54:24 | INFO     | KDClient 4 fit round 17 (tier=small)
[2026-07-28 13:54:24] 2026-07-28 13:54:24 | INFO     | KDClient 4 round 17 public KD (epochs=2)
[2026-07-28 13:55:06] 2026-07-28 13:55:06 | INFO     | KDClient 4 round 17 local training (epochs=4)
[2026-07-28 13:55:43] 2026-07-28 13:55:43 | INFO     | KDClient 4 round 17 completed (acc=0.3091, n=180)
[2026-07-28 13:55:43] 2026-07-28 13:55:43 | INFO     | KDClient 5 fit round 17 (tier=small)
[2026-07-28 13:55:43] 2026-07-28 13:55:43 | INFO     | KDClient 5 round 17 public KD (epochs=2)
[2026-07-28 13:56:31] 2026-07-28 13:56:31 | INFO     | KDClient 5 round 17 local training (epochs=4)
[2026-07-28 13:57:05] 2026-07-28 13:57:05 | INFO     | KDClient 5 round 17 completed (acc=0.3055, n=180)
[2026-07-28 13:57:05] 2026-07-28 13:57:05 | INFO     | KDClient 6 fit round 17 (tier=small)
[2026-07-28 13:57:05] 2026-07-28 13:57:05 | INFO     | KDClient 6 round 17 public KD (epochs=2)
[2026-07-28 13:57:52] 2026-07-28 13:57:52 | INFO     | KDClient 6 round 17 local training (epochs=4)
[2026-07-28 13:58:33] 2026-07-28 13:58:33 | INFO     | KDClient 6 round 17 completed (acc=0.3091, n=180)
[2026-07-28 13:58:33] 2026-07-28 13:58:33 | INFO     | KDClient 7 fit round 17 (tier=medium)
[2026-07-28 13:58:33] 2026-07-28 13:58:33 | INFO     | KDClient 7 round 17 public KD (epochs=2)
[2026-07-28 14:00:07] 2026-07-28 14:00:07 | INFO     | KDClient 7 round 17 local training (epochs=4)
[2026-07-28 14:01:28] 2026-07-28 14:01:28 | INFO     | KDClient 7 round 17 completed (acc=0.3091, n=180)
[2026-07-28 14:01:28] 2026-07-28 14:01:28 | INFO     | KDClient 8 fit round 17 (tier=medium)
[2026-07-28 14:01:28] 2026-07-28 14:01:28 | INFO     | KDClient 8 round 17 public KD (epochs=2)
[2026-07-28 14:03:42] 2026-07-28 14:03:42 | INFO     | KDClient 8 round 17 local training (epochs=4)
[2026-07-28 14:05:13] 2026-07-28 14:05:13 | INFO     | KDClient 8 round 17 completed (acc=0.3091, n=180)
[2026-07-28 14:05:13] 2026-07-28 14:05:13 | INFO     | KDClient 9 fit round 17 (tier=medium)
[2026-07-28 14:05:13] 2026-07-28 14:05:13 | INFO     | KDClient 9 round 17 public KD (epochs=2)
[2026-07-28 14:07:25] 2026-07-28 14:07:25 | INFO     | KDClient 9 round 17 local training (epochs=4)
[2026-07-28 14:08:42] 2026-07-28 14:08:42 | INFO     | KDClient 9 round 17 completed (acc=0.3091, n=180)
[2026-07-28 14:08:42] 2026-07-28 14:08:42 | INFO     | KDClient 10 fit round 17 (tier=medium)
[2026-07-28 14:08:42] 2026-07-28 14:08:42 | INFO     | KDClient 10 round 17 public KD (epochs=2)
[2026-07-28 14:10:56] 2026-07-28 14:10:56 | INFO     | KDClient 10 round 17 local training (epochs=4)
[2026-07-28 14:12:22] 2026-07-28 14:12:22 | INFO     | KDClient 10 round 17 completed (acc=0.3091, n=180)
[2026-07-28 14:12:22] 2026-07-28 14:12:22 | INFO     | KDClient 11 fit round 17 (tier=medium)
[2026-07-28 14:12:22] 2026-07-28 14:12:22 | INFO     | KDClient 11 round 17 public KD (epochs=2)
[2026-07-28 14:14:35] 2026-07-28 14:14:35 | INFO     | KDClient 11 round 17 local training (epochs=4)
[2026-07-28 14:15:51] 2026-07-28 14:15:51 | INFO     | KDClient 11 round 17 completed (acc=0.3091, n=180)
[2026-07-28 14:15:51] 2026-07-28 14:15:51 | INFO     | KDClient 12 fit round 17 (tier=medium)
[2026-07-28 14:15:51] 2026-07-28 14:15:51 | INFO     | KDClient 12 round 17 public KD (epochs=2)
[2026-07-28 14:17:31] 2026-07-28 14:17:31 | INFO     | KDClient 12 round 17 local training (epochs=4)
[2026-07-28 14:18:59] 2026-07-28 14:18:59 | INFO     | KDClient 12 round 17 completed (acc=0.3091, n=180)
[2026-07-28 14:18:59] 2026-07-28 14:18:59 | INFO     | KDClient 13 fit round 17 (tier=medium)
[2026-07-28 14:18:59] 2026-07-28 14:18:59 | INFO     | KDClient 13 round 17 public KD (epochs=2)
[2026-07-28 14:21:13] 2026-07-28 14:21:13 | INFO     | KDClient 13 round 17 local training (epochs=4)
[2026-07-28 14:22:43] 2026-07-28 14:22:43 | INFO     | KDClient 13 round 17 completed (acc=0.3091, n=180)
[2026-07-28 14:22:43] 2026-07-28 14:22:43 | INFO     | KDClient 14 fit round 17 (tier=large)
[2026-07-28 14:22:43] 2026-07-28 14:22:43 | INFO     | KDClient 14 round 17 public KD (epochs=2)
[2026-07-28 14:25:25] 2026-07-28 14:25:25 | INFO     | KDClient 14 round 17 local training (epochs=4)
[2026-07-28 14:27:58] 2026-07-28 14:27:58 | INFO     | KDClient 14 round 17 completed (acc=0.3091, n=180)
[2026-07-28 14:27:58] 2026-07-28 14:27:58 | INFO     | KDClient 15 fit round 17 (tier=large)
[2026-07-28 14:27:58] 2026-07-28 14:27:58 | INFO     | KDClient 15 round 17 public KD (epochs=2)
[2026-07-28 14:30:29] 2026-07-28 14:30:29 | INFO     | KDClient 15 round 17 local training (epochs=4)
[2026-07-28 14:32:49] 2026-07-28 14:32:49 | INFO     | KDClient 15 round 17 completed (acc=0.3091, n=180)
[2026-07-28 14:32:49] 2026-07-28 14:32:49 | INFO     | KDClient 16 fit round 17 (tier=large)
[2026-07-28 14:32:49] 2026-07-28 14:32:49 | INFO     | KDClient 16 round 17 public KD (epochs=2)
[2026-07-28 14:35:19] 2026-07-28 14:35:19 | INFO     | KDClient 16 round 17 local training (epochs=4)
[2026-07-28 14:37:10] 2026-07-28 14:37:10 | INFO     | KDClient 16 round 17 completed (acc=0.3091, n=180)
[2026-07-28 14:37:10] 2026-07-28 14:37:10 | INFO     | KDClient 17 fit round 17 (tier=large)
[2026-07-28 14:37:10] 2026-07-28 14:37:10 | INFO     | KDClient 17 round 17 public KD (epochs=2)
[2026-07-28 14:39:22] 2026-07-28 14:39:22 | INFO     | KDClient 17 round 17 local training (epochs=4)
[2026-07-28 14:41:08] 2026-07-28 14:41:08 | INFO     | KDClient 17 round 17 completed (acc=0.3091, n=180)
[2026-07-28 14:41:08] 2026-07-28 14:41:08 | INFO     | KDClient 18 fit round 17 (tier=large)
[2026-07-28 14:41:08] 2026-07-28 14:41:08 | INFO     | KDClient 18 round 17 public KD (epochs=2)
[2026-07-28 14:43:23] 2026-07-28 14:43:23 | INFO     | KDClient 18 round 17 local training (epochs=4)
[2026-07-28 14:45:08] 2026-07-28 14:45:08 | INFO     | KDClient 18 round 17 completed (acc=0.2327, n=180)
[2026-07-28 14:45:08] 2026-07-28 14:45:08 | INFO     | KDClient 19 fit round 17 (tier=large)
[2026-07-28 14:45:08] 2026-07-28 14:45:08 | INFO     | KDClient 19 round 17 public KD (epochs=2)
[2026-07-28 14:47:21] 2026-07-28 14:47:21 | INFO     | KDClient 19 round 17 local training (epochs=4)
[2026-07-28 14:49:08] 2026-07-28 14:49:08 | INFO     | KDClient 19 round 17 completed (acc=0.3091, n=180)
[2026-07-28 14:49:08]   Round  17/50 | Avg: 0.3047 | Min: 0.2327 | Max: 0.3091
[2026-07-28 14:49:08] 2026-07-28 14:49:08 | INFO     | FEDMD — IID: round 18/50 starting
[2026-07-28 14:49:08] 2026-07-28 14:49:08 | INFO     | KDClient 0 fit round 18 (tier=small)
[2026-07-28 14:49:08] 2026-07-28 14:49:08 | INFO     | KDClient 0 round 18 public KD (epochs=2)
[2026-07-28 14:50:06] 2026-07-28 14:50:06 | INFO     | KDClient 0 round 18 local training (epochs=4)
[2026-07-28 14:50:29] 2026-07-28 14:50:29 | INFO     | KDClient 0 round 18 completed (acc=0.3018, n=180)
[2026-07-28 14:50:29] 2026-07-28 14:50:29 | INFO     | KDClient 1 fit round 18 (tier=small)
[2026-07-28 14:50:29] 2026-07-28 14:50:29 | INFO     | KDClient 1 round 18 public KD (epochs=2)
[2026-07-28 14:51:10] 2026-07-28 14:51:10 | INFO     | KDClient 1 round 18 local training (epochs=4)
[2026-07-28 14:51:48] 2026-07-28 14:51:48 | INFO     | KDClient 1 round 18 completed (acc=0.3091, n=180)
[2026-07-28 14:51:48] 2026-07-28 14:51:48 | INFO     | KDClient 2 fit round 18 (tier=small)
[2026-07-28 14:51:48] 2026-07-28 14:51:48 | INFO     | KDClient 2 round 18 public KD (epochs=2)
[2026-07-28 14:52:55] 2026-07-28 14:52:55 | INFO     | KDClient 2 round 18 local training (epochs=4)
[2026-07-28 14:53:29] 2026-07-28 14:53:29 | INFO     | KDClient 2 round 18 completed (acc=0.3091, n=180)
[2026-07-28 14:53:29] 2026-07-28 14:53:29 | INFO     | KDClient 3 fit round 18 (tier=small)
[2026-07-28 14:53:29] 2026-07-28 14:53:29 | INFO     | KDClient 3 round 18 public KD (epochs=2)
[2026-07-28 14:54:17] 2026-07-28 14:54:17 | INFO     | KDClient 3 round 18 local training (epochs=4)
[2026-07-28 14:54:55] 2026-07-28 14:54:55 | INFO     | KDClient 3 round 18 completed (acc=0.3091, n=180)
[2026-07-28 14:54:55] 2026-07-28 14:54:55 | INFO     | KDClient 4 fit round 18 (tier=small)
[2026-07-28 14:54:55] 2026-07-28 14:54:55 | INFO     | KDClient 4 round 18 public KD (epochs=2)
[2026-07-28 14:55:59] 2026-07-28 14:55:59 | INFO     | KDClient 4 round 18 local training (epochs=4)
[2026-07-28 14:56:41] 2026-07-28 14:56:41 | INFO     | KDClient 4 round 18 completed (acc=0.3091, n=180)
[2026-07-28 14:56:41] 2026-07-28 14:56:41 | INFO     | KDClient 5 fit round 18 (tier=small)
[2026-07-28 14:56:41] 2026-07-28 14:56:41 | INFO     | KDClient 5 round 18 public KD (epochs=2)
[2026-07-28 14:57:48] 2026-07-28 14:57:48 | INFO     | KDClient 5 round 18 local training (epochs=4)
[2026-07-28 14:58:33] 2026-07-28 14:58:33 | INFO     | KDClient 5 round 18 completed (acc=0.3055, n=180)
[2026-07-28 14:58:33] 2026-07-28 14:58:33 | INFO     | KDClient 6 fit round 18 (tier=small)
[2026-07-28 14:58:33] 2026-07-28 14:58:33 | INFO     | KDClient 6 round 18 public KD (epochs=2)
[2026-07-28 14:59:20] 2026-07-28 14:59:20 | INFO     | KDClient 6 round 18 local training (epochs=4)
[2026-07-28 15:00:02] 2026-07-28 15:00:02 | INFO     | KDClient 6 round 18 completed (acc=0.3091, n=180)
[2026-07-28 15:00:02] 2026-07-28 15:00:02 | INFO     | KDClient 7 fit round 18 (tier=medium)
[2026-07-28 15:00:02] 2026-07-28 15:00:02 | INFO     | KDClient 7 round 18 public KD (epochs=2)
[2026-07-28 15:02:13] 2026-07-28 15:02:13 | INFO     | KDClient 7 round 18 local training (epochs=4)
[2026-07-28 15:03:33] 2026-07-28 15:03:33 | INFO     | KDClient 7 round 18 completed (acc=0.3091, n=180)
[2026-07-28 15:03:33] 2026-07-28 15:03:33 | INFO     | KDClient 8 fit round 18 (tier=medium)
[2026-07-28 15:03:33] 2026-07-28 15:03:33 | INFO     | KDClient 8 round 18 public KD (epochs=2)
[2026-07-28 15:05:11] 2026-07-28 15:05:11 | INFO     | KDClient 8 round 18 local training (epochs=4)
[2026-07-28 15:06:36] 2026-07-28 15:06:36 | INFO     | KDClient 8 round 18 completed (acc=0.3091, n=180)
[2026-07-28 15:06:36] 2026-07-28 15:06:36 | INFO     | KDClient 9 fit round 18 (tier=medium)
[2026-07-28 15:06:36] 2026-07-28 15:06:36 | INFO     | KDClient 9 round 18 public KD (epochs=2)
[2026-07-28 15:08:15] 2026-07-28 15:08:15 | INFO     | KDClient 9 round 18 local training (epochs=4)
[2026-07-28 15:09:38] 2026-07-28 15:09:38 | INFO     | KDClient 9 round 18 completed (acc=0.3091, n=180)
[2026-07-28 15:09:38] 2026-07-28 15:09:38 | INFO     | KDClient 10 fit round 18 (tier=medium)
[2026-07-28 15:09:38] 2026-07-28 15:09:38 | INFO     | KDClient 10 round 18 public KD (epochs=2)
[2026-07-28 15:11:22] 2026-07-28 15:11:22 | INFO     | KDClient 10 round 18 local training (epochs=4)
[2026-07-28 15:12:45] 2026-07-28 15:12:45 | INFO     | KDClient 10 round 18 completed (acc=0.2982, n=180)
[2026-07-28 15:12:45] 2026-07-28 15:12:45 | INFO     | KDClient 11 fit round 18 (tier=medium)
[2026-07-28 15:12:45] 2026-07-28 15:12:45 | INFO     | KDClient 11 round 18 public KD (epochs=2)
[2026-07-28 15:14:23] 2026-07-28 15:14:23 | INFO     | KDClient 11 round 18 local training (epochs=4)
[2026-07-28 15:15:44] 2026-07-28 15:15:44 | INFO     | KDClient 11 round 18 completed (acc=0.2982, n=180)
[2026-07-28 15:15:44] 2026-07-28 15:15:44 | INFO     | KDClient 12 fit round 18 (tier=medium)
[2026-07-28 15:15:44] 2026-07-28 15:15:44 | INFO     | KDClient 12 round 18 public KD (epochs=2)
[2026-07-28 15:17:23] 2026-07-28 15:17:23 | INFO     | KDClient 12 round 18 local training (epochs=4)
[2026-07-28 15:18:40] 2026-07-28 15:18:40 | INFO     | KDClient 12 round 18 completed (acc=0.3091, n=180)
[2026-07-28 15:18:40] 2026-07-28 15:18:40 | INFO     | KDClient 13 fit round 18 (tier=medium)
[2026-07-28 15:18:40] 2026-07-28 15:18:40 | INFO     | KDClient 13 round 18 public KD (epochs=2)
[2026-07-28 15:20:50] 2026-07-28 15:20:50 | INFO     | KDClient 13 round 18 local training (epochs=4)
[2026-07-28 15:22:19] 2026-07-28 15:22:19 | INFO     | KDClient 13 round 18 completed (acc=0.3091, n=180)
[2026-07-28 15:22:19] 2026-07-28 15:22:19 | INFO     | KDClient 14 fit round 18 (tier=large)
[2026-07-28 15:22:19] 2026-07-28 15:22:19 | INFO     | KDClient 14 round 18 public KD (epochs=2)
[2026-07-28 15:24:59] 2026-07-28 15:24:59 | INFO     | KDClient 14 round 18 local training (epochs=4)
[2026-07-28 15:26:48] 2026-07-28 15:26:48 | INFO     | KDClient 14 round 18 completed (acc=0.3091, n=180)
[2026-07-28 15:26:48] 2026-07-28 15:26:48 | INFO     | KDClient 15 fit round 18 (tier=large)
[2026-07-28 15:26:48] 2026-07-28 15:26:48 | INFO     | KDClient 15 round 18 public KD (epochs=2)
[2026-07-28 15:29:19] 2026-07-28 15:29:19 | INFO     | KDClient 15 round 18 local training (epochs=4)
[2026-07-28 15:31:06] 2026-07-28 15:31:06 | INFO     | KDClient 15 round 18 completed (acc=0.3091, n=180)
[2026-07-28 15:31:06] 2026-07-28 15:31:06 | INFO     | KDClient 16 fit round 18 (tier=large)
[2026-07-28 15:31:06] 2026-07-28 15:31:06 | INFO     | KDClient 16 round 18 public KD (epochs=2)
[2026-07-28 15:33:34] 2026-07-28 15:33:34 | INFO     | KDClient 16 round 18 local training (epochs=4)
[2026-07-28 15:35:17] 2026-07-28 15:35:17 | INFO     | KDClient 16 round 18 completed (acc=0.3091, n=180)
[2026-07-28 15:35:17] 2026-07-28 15:35:17 | INFO     | KDClient 17 fit round 18 (tier=large)
[2026-07-28 15:35:17] 2026-07-28 15:35:17 | INFO     | KDClient 17 round 18 public KD (epochs=2)
[2026-07-28 15:37:47] 2026-07-28 15:37:47 | INFO     | KDClient 17 round 18 local training (epochs=4)
[2026-07-28 15:39:45] 2026-07-28 15:39:45 | INFO     | KDClient 17 round 18 completed (acc=0.3091, n=180)
[2026-07-28 15:39:45] 2026-07-28 15:39:45 | INFO     | KDClient 18 fit round 18 (tier=large)
[2026-07-28 15:39:45] 2026-07-28 15:39:45 | INFO     | KDClient 18 round 18 public KD (epochs=2)
[2026-07-28 15:42:14] 2026-07-28 15:42:14 | INFO     | KDClient 18 round 18 local training (epochs=4)
[2026-07-28 15:44:10] 2026-07-28 15:44:10 | INFO     | KDClient 18 round 18 completed (acc=0.3091, n=180)
[2026-07-28 15:44:10] 2026-07-28 15:44:10 | INFO     | KDClient 19 fit round 18 (tier=large)
[2026-07-28 15:44:10] 2026-07-28 15:44:10 | INFO     | KDClient 19 round 18 public KD (epochs=2)
[2026-07-28 15:46:42] 2026-07-28 15:46:42 | INFO     | KDClient 19 round 18 local training (epochs=4)
[2026-07-28 15:48:43] 2026-07-28 15:48:43 | INFO     | KDClient 19 round 18 completed (acc=0.3091, n=180)
[2026-07-28 15:48:43]   Round  18/50 | Avg: 0.3075 | Min: 0.2982 | Max: 0.3091
[2026-07-28 15:48:43] 2026-07-28 15:48:43 | INFO     | FEDMD — IID: round 19/50 starting
[2026-07-28 15:48:43] 2026-07-28 15:48:43 | INFO     | KDClient 0 fit round 19 (tier=small)
[2026-07-28 15:48:43] 2026-07-28 15:48:43 | INFO     | KDClient 0 round 19 public KD (epochs=2)
[2026-07-28 15:49:48] 2026-07-28 15:49:47 | INFO     | KDClient 0 round 19 local training (epochs=4)
[2026-07-28 15:50:24] 2026-07-28 15:50:24 | INFO     | KDClient 0 round 19 completed (acc=0.3091, n=180)
[2026-07-28 15:50:24] 2026-07-28 15:50:24 | INFO     | KDClient 1 fit round 19 (tier=small)
[2026-07-28 15:50:24] 2026-07-28 15:50:24 | INFO     | KDClient 1 round 19 public KD (epochs=2)
[2026-07-28 15:51:31] 2026-07-28 15:51:31 | INFO     | KDClient 1 round 19 local training (epochs=4)
[2026-07-28 15:52:07] 2026-07-28 15:52:07 | INFO     | KDClient 1 round 19 completed (acc=0.3091, n=180)
[2026-07-28 15:52:07] 2026-07-28 15:52:07 | INFO     | KDClient 2 fit round 19 (tier=small)
[2026-07-28 15:52:07] 2026-07-28 15:52:07 | INFO     | KDClient 2 round 19 public KD (epochs=2)
[2026-07-28 15:53:04] 2026-07-28 15:53:04 | INFO     | KDClient 2 round 19 local training (epochs=4)
[2026-07-28 15:53:54] 2026-07-28 15:53:54 | INFO     | KDClient 2 round 19 completed (acc=0.3091, n=180)
[2026-07-28 15:53:54] 2026-07-28 15:53:54 | INFO     | KDClient 3 fit round 19 (tier=small)
[2026-07-28 15:53:54] 2026-07-28 15:53:54 | INFO     | KDClient 3 round 19 public KD (epochs=2)
[2026-07-28 15:54:41] 2026-07-28 15:54:41 | INFO     | KDClient 3 round 19 local training (epochs=4)
[2026-07-28 15:55:15] 2026-07-28 15:55:15 | INFO     | KDClient 3 round 19 completed (acc=0.3091, n=180)
[2026-07-28 15:55:15] 2026-07-28 15:55:15 | INFO     | KDClient 4 fit round 19 (tier=small)
[2026-07-28 15:55:15] 2026-07-28 15:55:15 | INFO     | KDClient 4 round 19 public KD (epochs=2)
[2026-07-28 15:56:23] 2026-07-28 15:56:23 | INFO     | KDClient 4 round 19 local training (epochs=4)
[2026-07-28 15:57:09] 2026-07-28 15:57:09 | INFO     | KDClient 4 round 19 completed (acc=0.3091, n=180)
[2026-07-28 15:57:09] 2026-07-28 15:57:09 | INFO     | KDClient 5 fit round 19 (tier=small)
[2026-07-28 15:57:09] 2026-07-28 15:57:09 | INFO     | KDClient 5 round 19 public KD (epochs=2)
[2026-07-28 15:58:15] 2026-07-28 15:58:15 | INFO     | KDClient 5 round 19 local training (epochs=4)
[2026-07-28 15:59:00] 2026-07-28 15:59:00 | INFO     | KDClient 5 round 19 completed (acc=0.3055, n=180)
[2026-07-28 15:59:00] 2026-07-28 15:59:00 | INFO     | KDClient 6 fit round 19 (tier=small)
[2026-07-28 15:59:01] 2026-07-28 15:59:00 | INFO     | KDClient 6 round 19 public KD (epochs=2)
[2026-07-28 16:00:06] 2026-07-28 16:00:06 | INFO     | KDClient 6 round 19 local training (epochs=4)
[2026-07-28 16:00:48] 2026-07-28 16:00:48 | INFO     | KDClient 6 round 19 completed (acc=0.3091, n=180)
[2026-07-28 16:00:48] 2026-07-28 16:00:48 | INFO     | KDClient 7 fit round 19 (tier=medium)
[2026-07-28 16:00:48] 2026-07-28 16:00:48 | INFO     | KDClient 7 round 19 public KD (epochs=2)
[2026-07-28 16:03:03] 2026-07-28 16:03:03 | INFO     | KDClient 7 round 19 local training (epochs=4)
[2026-07-28 16:04:29] 2026-07-28 16:04:29 | INFO     | KDClient 7 round 19 completed (acc=0.3091, n=180)
[2026-07-28 16:04:29] 2026-07-28 16:04:29 | INFO     | KDClient 8 fit round 19 (tier=medium)
[2026-07-28 16:04:29] 2026-07-28 16:04:29 | INFO     | KDClient 8 round 19 public KD (epochs=2)
[2026-07-28 16:06:07] 2026-07-28 16:06:07 | INFO     | KDClient 8 round 19 local training (epochs=4)
[2026-07-28 16:07:42] 2026-07-28 16:07:42 | INFO     | KDClient 8 round 19 completed (acc=0.3091, n=180)
[2026-07-28 16:07:42] 2026-07-28 16:07:42 | INFO     | KDClient 9 fit round 19 (tier=medium)
[2026-07-28 16:07:42] 2026-07-28 16:07:42 | INFO     | KDClient 9 round 19 public KD (epochs=2)
[2026-07-28 16:10:02] 2026-07-28 16:10:02 | INFO     | KDClient 9 round 19 local training (epochs=4)
[2026-07-28 16:11:37] 2026-07-28 16:11:37 | INFO     | KDClient 9 round 19 completed (acc=0.3018, n=180)
[2026-07-28 16:11:37] 2026-07-28 16:11:37 | INFO     | KDClient 10 fit round 19 (tier=medium)
[2026-07-28 16:11:37] 2026-07-28 16:11:37 | INFO     | KDClient 10 round 19 public KD (epochs=2)
[2026-07-28 16:13:52] 2026-07-28 16:13:52 | INFO     | KDClient 10 round 19 local training (epochs=4)
[2026-07-28 16:15:15] 2026-07-28 16:15:15 | INFO     | KDClient 10 round 19 completed (acc=0.3018, n=180)
[2026-07-28 16:15:15] 2026-07-28 16:15:15 | INFO     | KDClient 11 fit round 19 (tier=medium)
[2026-07-28 16:15:15] 2026-07-28 16:15:15 | INFO     | KDClient 11 round 19 public KD (epochs=2)
[2026-07-28 16:17:02] 2026-07-28 16:17:02 | INFO     | KDClient 11 round 19 local training (epochs=4)
[2026-07-28 16:18:29] 2026-07-28 16:18:29 | INFO     | KDClient 11 round 19 completed (acc=0.3091, n=180)
[2026-07-28 16:18:29] 2026-07-28 16:18:29 | INFO     | KDClient 12 fit round 19 (tier=medium)
[2026-07-28 16:18:29] 2026-07-28 16:18:29 | INFO     | KDClient 12 round 19 public KD (epochs=2)
[2026-07-28 16:20:45] 2026-07-28 16:20:45 | INFO     | KDClient 12 round 19 local training (epochs=4)
[2026-07-28 16:22:10] 2026-07-28 16:22:10 | INFO     | KDClient 12 round 19 completed (acc=0.3055, n=180)
[2026-07-28 16:22:10] 2026-07-28 16:22:10 | INFO     | KDClient 13 fit round 19 (tier=medium)
[2026-07-28 16:22:10] 2026-07-28 16:22:10 | INFO     | KDClient 13 round 19 public KD (epochs=2)
[2026-07-28 16:23:50] 2026-07-28 16:23:50 | INFO     | KDClient 13 round 19 local training (epochs=4)
[2026-07-28 16:25:19] 2026-07-28 16:25:19 | INFO     | KDClient 13 round 19 completed (acc=0.3091, n=180)
[2026-07-28 16:25:19] 2026-07-28 16:25:19 | INFO     | KDClient 14 fit round 19 (tier=large)
[2026-07-28 16:25:19] 2026-07-28 16:25:19 | INFO     | KDClient 14 round 19 public KD (epochs=2)
[2026-07-28 16:28:05] 2026-07-28 16:28:05 | INFO     | KDClient 14 round 19 local training (epochs=4)
[2026-07-28 16:30:03] 2026-07-28 16:30:03 | INFO     | KDClient 14 round 19 completed (acc=0.3091, n=180)
[2026-07-28 16:30:03] 2026-07-28 16:30:03 | INFO     | KDClient 15 fit round 19 (tier=large)
[2026-07-28 16:30:03] 2026-07-28 16:30:03 | INFO     | KDClient 15 round 19 public KD (epochs=2)
[2026-07-28 16:32:41] 2026-07-28 16:32:41 | INFO     | KDClient 15 round 19 local training (epochs=4)
[2026-07-28 16:35:24] 2026-07-28 16:35:24 | INFO     | KDClient 15 round 19 completed (acc=0.3091, n=180)
[2026-07-28 16:35:24] 2026-07-28 16:35:24 | INFO     | KDClient 16 fit round 19 (tier=large)
[2026-07-28 16:35:24] 2026-07-28 16:35:24 | INFO     | KDClient 16 round 19 public KD (epochs=2)
[2026-07-28 16:38:14] 2026-07-28 16:38:14 | INFO     | KDClient 16 round 19 local training (epochs=4)
[2026-07-28 16:40:39] 2026-07-28 16:40:39 | INFO     | KDClient 16 round 19 completed (acc=0.3091, n=180)
[2026-07-28 16:40:39] 2026-07-28 16:40:39 | INFO     | KDClient 17 fit round 19 (tier=large)
[2026-07-28 16:40:39] 2026-07-28 16:40:39 | INFO     | KDClient 17 round 19 public KD (epochs=2)
[2026-07-28 16:43:07] 2026-07-28 16:43:07 | INFO     | KDClient 17 round 19 local training (epochs=4)
[2026-07-28 16:45:04] 2026-07-28 16:45:03 | INFO     | KDClient 17 round 19 completed (acc=0.3091, n=180)
[2026-07-28 16:45:04] 2026-07-28 16:45:03 | INFO     | KDClient 18 fit round 19 (tier=large)
[2026-07-28 16:45:04] 2026-07-28 16:45:03 | INFO     | KDClient 18 round 19 public KD (epochs=2)
[2026-07-28 16:47:52] 2026-07-28 16:47:52 | INFO     | KDClient 18 round 19 local training (epochs=4)
[2026-07-28 16:50:03] 2026-07-28 16:50:03 | INFO     | KDClient 18 round 19 completed (acc=0.3091, n=180)
[2026-07-28 16:50:03] 2026-07-28 16:50:03 | INFO     | KDClient 19 fit round 19 (tier=large)
[2026-07-28 16:50:03] 2026-07-28 16:50:03 | INFO     | KDClient 19 round 19 public KD (epochs=2)
[2026-07-28 16:52:49] 2026-07-28 16:52:49 | INFO     | KDClient 19 round 19 local training (epochs=4)
[2026-07-28 16:55:36] 2026-07-28 16:55:36 | INFO     | KDClient 19 round 19 completed (acc=0.3091, n=180)
[2026-07-28 16:55:36]   Round  19/50 | Avg: 0.3080 | Min: 0.3018 | Max: 0.3091
[2026-07-28 16:55:36] 2026-07-28 16:55:36 | INFO     | FEDMD — IID: round 20/50 starting
[2026-07-28 16:55:36] 2026-07-28 16:55:36 | INFO     | KDClient 0 fit round 20 (tier=small)
[2026-07-28 16:55:36] 2026-07-28 16:55:36 | INFO     | KDClient 0 round 20 public KD (epochs=2)
[2026-07-28 16:56:43] 2026-07-28 16:56:43 | INFO     | KDClient 0 round 20 local training (epochs=4)
[2026-07-28 16:57:32] 2026-07-28 16:57:32 | INFO     | KDClient 0 round 20 completed (acc=0.3091, n=180)
[2026-07-28 16:57:32] 2026-07-28 16:57:32 | INFO     | KDClient 1 fit round 20 (tier=small)
[2026-07-28 16:57:32] 2026-07-28 16:57:32 | INFO     | KDClient 1 round 20 public KD (epochs=2)
[2026-07-28 16:58:37] 2026-07-28 16:58:37 | INFO     | KDClient 1 round 20 local training (epochs=4)
[2026-07-28 16:59:21] 2026-07-28 16:59:21 | INFO     | KDClient 1 round 20 completed (acc=0.3091, n=180)
[2026-07-28 16:59:21] 2026-07-28 16:59:21 | INFO     | KDClient 2 fit round 20 (tier=small)
[2026-07-28 16:59:21] 2026-07-28 16:59:21 | INFO     | KDClient 2 round 20 public KD (epochs=2)
[2026-07-28 17:00:09] 2026-07-28 17:00:09 | INFO     | KDClient 2 round 20 local training (epochs=4)
[2026-07-28 17:00:53] 2026-07-28 17:00:53 | INFO     | KDClient 2 round 20 completed (acc=0.3091, n=180)
[2026-07-28 17:00:53] 2026-07-28 17:00:53 | INFO     | KDClient 3 fit round 20 (tier=small)
[2026-07-28 17:00:53] 2026-07-28 17:00:53 | INFO     | KDClient 3 round 20 public KD (epochs=2)
[2026-07-28 17:01:47] 2026-07-28 17:01:47 | INFO     | KDClient 3 round 20 local training (epochs=4)
[2026-07-28 17:02:18] 2026-07-28 17:02:18 | INFO     | KDClient 3 round 20 completed (acc=0.3091, n=180)
[2026-07-28 17:02:18] 2026-07-28 17:02:18 | INFO     | KDClient 4 fit round 20 (tier=small)
[2026-07-28 17:02:19] 2026-07-28 17:02:18 | INFO     | KDClient 4 round 20 public KD (epochs=2)
[2026-07-28 17:02:59] 2026-07-28 17:02:59 | INFO     | KDClient 4 round 20 local training (epochs=4)
[2026-07-28 17:03:42] 2026-07-28 17:03:42 | INFO     | KDClient 4 round 20 completed (acc=0.3091, n=180)
[2026-07-28 17:03:42] 2026-07-28 17:03:42 | INFO     | KDClient 5 fit round 20 (tier=small)
[2026-07-28 17:03:42] 2026-07-28 17:03:42 | INFO     | KDClient 5 round 20 public KD (epochs=2)
[2026-07-28 17:04:34] 2026-07-28 17:04:34 | INFO     | KDClient 5 round 20 local training (epochs=4)
[2026-07-28 17:05:13] 2026-07-28 17:05:13 | INFO     | KDClient 5 round 20 completed (acc=0.3091, n=180)
[2026-07-28 17:05:13] 2026-07-28 17:05:13 | INFO     | KDClient 6 fit round 20 (tier=small)
[2026-07-28 17:05:13] 2026-07-28 17:05:13 | INFO     | KDClient 6 round 20 public KD (epochs=2)
[2026-07-28 17:06:01] 2026-07-28 17:06:00 | INFO     | KDClient 6 round 20 local training (epochs=4)
[2026-07-28 17:06:39] 2026-07-28 17:06:39 | INFO     | KDClient 6 round 20 completed (acc=0.3055, n=180)
[2026-07-28 17:06:39] 2026-07-28 17:06:39 | INFO     | KDClient 7 fit round 20 (tier=medium)
[2026-07-28 17:06:39] 2026-07-28 17:06:39 | INFO     | KDClient 7 round 20 public KD (epochs=2)
[2026-07-28 17:08:23] 2026-07-28 17:08:23 | INFO     | KDClient 7 round 20 local training (epochs=4)
[2026-07-28 17:09:50] 2026-07-28 17:09:50 | INFO     | KDClient 7 round 20 completed (acc=0.3091, n=180)
[2026-07-28 17:09:50] 2026-07-28 17:09:50 | INFO     | KDClient 8 fit round 20 (tier=medium)
[2026-07-28 17:09:50] 2026-07-28 17:09:50 | INFO     | KDClient 8 round 20 public KD (epochs=2)
[2026-07-28 17:11:31] 2026-07-28 17:11:31 | INFO     | KDClient 8 round 20 local training (epochs=4)
[2026-07-28 17:12:54] 2026-07-28 17:12:54 | INFO     | KDClient 8 round 20 completed (acc=0.3091, n=180)
[2026-07-28 17:12:54] 2026-07-28 17:12:54 | INFO     | KDClient 9 fit round 20 (tier=medium)
[2026-07-28 17:12:54] 2026-07-28 17:12:54 | INFO     | KDClient 9 round 20 public KD (epochs=2)
[2026-07-28 17:14:33] 2026-07-28 17:14:33 | INFO     | KDClient 9 round 20 local training (epochs=4)
[2026-07-28 17:16:03] 2026-07-28 17:16:03 | INFO     | KDClient 9 round 20 completed (acc=0.2909, n=180)
[2026-07-28 17:16:03] 2026-07-28 17:16:03 | INFO     | KDClient 10 fit round 20 (tier=medium)
[2026-07-28 17:16:03] 2026-07-28 17:16:03 | INFO     | KDClient 10 round 20 public KD (epochs=2)
[2026-07-28 17:17:48] 2026-07-28 17:17:48 | INFO     | KDClient 10 round 20 local training (epochs=4)
[2026-07-28 17:19:20] 2026-07-28 17:19:20 | INFO     | KDClient 10 round 20 completed (acc=0.3091, n=180)
[2026-07-28 17:19:20] 2026-07-28 17:19:20 | INFO     | KDClient 11 fit round 20 (tier=medium)
[2026-07-28 17:19:20] 2026-07-28 17:19:20 | INFO     | KDClient 11 round 20 public KD (epochs=2)
[2026-07-28 17:21:36] 2026-07-28 17:21:36 | INFO     | KDClient 11 round 20 local training (epochs=4)
[2026-07-28 17:23:05] 2026-07-28 17:23:05 | INFO     | KDClient 11 round 20 completed (acc=0.3091, n=180)
[2026-07-28 17:23:05] 2026-07-28 17:23:05 | INFO     | KDClient 12 fit round 20 (tier=medium)
[2026-07-28 17:23:05] 2026-07-28 17:23:05 | INFO     | KDClient 12 round 20 public KD (epochs=2)
[2026-07-28 17:25:17] 2026-07-28 17:25:17 | INFO     | KDClient 12 round 20 local training (epochs=4)
[2026-07-28 17:26:43] 2026-07-28 17:26:43 | INFO     | KDClient 12 round 20 completed (acc=0.2655, n=180)
[2026-07-28 17:26:43] 2026-07-28 17:26:43 | INFO     | KDClient 13 fit round 20 (tier=medium)
[2026-07-28 17:26:43] 2026-07-28 17:26:43 | INFO     | KDClient 13 round 20 public KD (epochs=2)
[2026-07-28 17:28:15] 2026-07-28 17:28:15 | INFO     | KDClient 13 round 20 local training (epochs=4)
[2026-07-28 17:29:27] 2026-07-28 17:29:27 | INFO     | KDClient 13 round 20 completed (acc=0.3091, n=180)
[2026-07-28 17:29:27] 2026-07-28 17:29:27 | INFO     | KDClient 14 fit round 20 (tier=large)
[2026-07-28 17:29:27] 2026-07-28 17:29:27 | INFO     | KDClient 14 round 20 public KD (epochs=2)
[2026-07-28 17:31:42] 2026-07-28 17:31:42 | INFO     | KDClient 14 round 20 local training (epochs=4)
[2026-07-28 17:33:55] 2026-07-28 17:33:55 | INFO     | KDClient 14 round 20 completed (acc=0.3091, n=180)
[2026-07-28 17:33:55] 2026-07-28 17:33:55 | INFO     | KDClient 15 fit round 20 (tier=large)
[2026-07-28 17:33:55] 2026-07-28 17:33:55 | INFO     | KDClient 15 round 20 public KD (epochs=2)
[2026-07-28 17:36:22] 2026-07-28 17:36:22 | INFO     | KDClient 15 round 20 local training (epochs=4)
[2026-07-28 17:38:36] 2026-07-28 17:38:36 | INFO     | KDClient 15 round 20 completed (acc=0.3091, n=180)
[2026-07-28 17:38:36] 2026-07-28 17:38:36 | INFO     | KDClient 16 fit round 20 (tier=large)
[2026-07-28 17:38:36] 2026-07-28 17:38:36 | INFO     | KDClient 16 round 20 public KD (epochs=2)
[2026-07-28 17:41:21] 2026-07-28 17:41:21 | INFO     | KDClient 16 round 20 local training (epochs=4)
[2026-07-28 17:43:20] 2026-07-28 17:43:20 | INFO     | KDClient 16 round 20 completed (acc=0.3091, n=180)
[2026-07-28 17:43:20] 2026-07-28 17:43:20 | INFO     | KDClient 17 fit round 20 (tier=large)
[2026-07-28 17:43:20] 2026-07-28 17:43:20 | INFO     | KDClient 17 round 20 public KD (epochs=2)
[2026-07-28 17:45:57] 2026-07-28 17:45:57 | INFO     | KDClient 17 round 20 local training (epochs=4)
[2026-07-28 17:48:01] 2026-07-28 17:48:01 | INFO     | KDClient 17 round 20 completed (acc=0.3091, n=180)
[2026-07-28 17:48:01] 2026-07-28 17:48:01 | INFO     | KDClient 18 fit round 20 (tier=large)
[2026-07-28 17:48:01] 2026-07-28 17:48:01 | INFO     | KDClient 18 round 20 public KD (epochs=2)
[2026-07-28 17:50:33] 2026-07-28 17:50:33 | INFO     | KDClient 18 round 20 local training (epochs=4)
[2026-07-28 17:52:57] 2026-07-28 17:52:57 | INFO     | KDClient 18 round 20 completed (acc=0.3091, n=180)
[2026-07-28 17:52:57] 2026-07-28 17:52:57 | INFO     | KDClient 19 fit round 20 (tier=large)
[2026-07-28 17:52:57] 2026-07-28 17:52:57 | INFO     | KDClient 19 round 20 public KD (epochs=2)
[2026-07-28 17:55:33] 2026-07-28 17:55:33 | INFO     | KDClient 19 round 20 local training (epochs=4)
[2026-07-28 17:57:37] 2026-07-28 17:57:37 | INFO     | KDClient 19 round 20 completed (acc=0.3091, n=180)
[2026-07-28 17:57:37]   Round  20/50 | Avg: 0.3058 | Min: 0.2655 | Max: 0.3091
[2026-07-28 17:57:37] 2026-07-28 17:57:37 | INFO     | FEDMD — IID: round 21/50 starting
[2026-07-28 17:57:37] 2026-07-28 17:57:37 | INFO     | KDClient 0 fit round 21 (tier=small)
[2026-07-28 17:57:37] 2026-07-28 17:57:37 | INFO     | KDClient 0 round 21 public KD (epochs=2)
[2026-07-28 17:58:22] 2026-07-28 17:58:22 | INFO     | KDClient 0 round 21 local training (epochs=4)
[2026-07-28 17:59:01] 2026-07-28 17:59:01 | INFO     | KDClient 0 round 21 completed (acc=0.3091, n=180)
[2026-07-28 17:59:01] 2026-07-28 17:59:01 | INFO     | KDClient 1 fit round 21 (tier=small)
[2026-07-28 17:59:01] 2026-07-28 17:59:01 | INFO     | KDClient 1 round 21 public KD (epochs=2)
[2026-07-28 17:59:44] 2026-07-28 17:59:44 | INFO     | KDClient 1 round 21 local training (epochs=4)
[2026-07-28 18:00:24] 2026-07-28 18:00:24 | INFO     | KDClient 1 round 21 completed (acc=0.3091, n=180)
[2026-07-28 18:00:24] 2026-07-28 18:00:24 | INFO     | KDClient 2 fit round 21 (tier=small)
[2026-07-28 18:00:24] 2026-07-28 18:00:24 | INFO     | KDClient 2 round 21 public KD (epochs=2)
[2026-07-28 18:01:01] 2026-07-28 18:01:01 | INFO     | KDClient 2 round 21 local training (epochs=4)
[2026-07-28 18:01:44] 2026-07-28 18:01:44 | INFO     | KDClient 2 round 21 completed (acc=0.3091, n=180)
[2026-07-28 18:01:44] 2026-07-28 18:01:44 | INFO     | KDClient 3 fit round 21 (tier=small)
[2026-07-28 18:01:44] 2026-07-28 18:01:44 | INFO     | KDClient 3 round 21 public KD (epochs=2)
[2026-07-28 18:02:27] 2026-07-28 18:02:27 | INFO     | KDClient 3 round 21 local training (epochs=4)
[2026-07-28 18:02:58] 2026-07-28 18:02:58 | INFO     | KDClient 3 round 21 completed (acc=0.3091, n=180)
[2026-07-28 18:02:58] 2026-07-28 18:02:58 | INFO     | KDClient 4 fit round 21 (tier=small)
[2026-07-28 18:02:58] 2026-07-28 18:02:58 | INFO     | KDClient 4 round 21 public KD (epochs=2)
[2026-07-28 18:03:44] 2026-07-28 18:03:44 | INFO     | KDClient 4 round 21 local training (epochs=4)
[2026-07-28 18:04:15] 2026-07-28 18:04:15 | INFO     | KDClient 4 round 21 completed (acc=0.3091, n=180)
[2026-07-28 18:04:15] 2026-07-28 18:04:15 | INFO     | KDClient 5 fit round 21 (tier=small)
[2026-07-28 18:04:15] 2026-07-28 18:04:15 | INFO     | KDClient 5 round 21 public KD (epochs=2)
[2026-07-28 18:05:02] 2026-07-28 18:05:02 | INFO     | KDClient 5 round 21 local training (epochs=4)
[2026-07-28 18:05:46] 2026-07-28 18:05:46 | INFO     | KDClient 5 round 21 completed (acc=0.3091, n=180)
[2026-07-28 18:05:46] 2026-07-28 18:05:46 | INFO     | KDClient 6 fit round 21 (tier=small)
[2026-07-28 18:05:46] 2026-07-28 18:05:46 | INFO     | KDClient 6 round 21 public KD (epochs=2)
[2026-07-28 18:06:31] 2026-07-28 18:06:31 | INFO     | KDClient 6 round 21 local training (epochs=4)
[2026-07-28 18:07:14] 2026-07-28 18:07:14 | INFO     | KDClient 6 round 21 completed (acc=0.3055, n=180)
[2026-07-28 18:07:14] 2026-07-28 18:07:14 | INFO     | KDClient 7 fit round 21 (tier=medium)
[2026-07-28 18:07:14] 2026-07-28 18:07:14 | INFO     | KDClient 7 round 21 public KD (epochs=2)
[2026-07-28 18:08:53] 2026-07-28 18:08:53 | INFO     | KDClient 7 round 21 local training (epochs=4)
[2026-07-28 18:10:21] 2026-07-28 18:10:21 | INFO     | KDClient 7 round 21 completed (acc=0.3091, n=180)
[2026-07-28 18:10:21] 2026-07-28 18:10:21 | INFO     | KDClient 8 fit round 21 (tier=medium)
[2026-07-28 18:10:21] 2026-07-28 18:10:21 | INFO     | KDClient 8 round 21 public KD (epochs=2)
[2026-07-28 18:12:03] 2026-07-28 18:12:03 | INFO     | KDClient 8 round 21 local training (epochs=4)
[2026-07-28 18:13:41] 2026-07-28 18:13:41 | INFO     | KDClient 8 round 21 completed (acc=0.3091, n=180)
[2026-07-28 18:13:41] 2026-07-28 18:13:41 | INFO     | KDClient 9 fit round 21 (tier=medium)
[2026-07-28 18:13:41] 2026-07-28 18:13:41 | INFO     | KDClient 9 round 21 public KD (epochs=2)
[2026-07-28 18:15:27] 2026-07-28 18:15:27 | INFO     | KDClient 9 round 21 local training (epochs=4)
[2026-07-28 18:16:47] 2026-07-28 18:16:47 | INFO     | KDClient 9 round 21 completed (acc=0.2836, n=180)
[2026-07-28 18:16:47] 2026-07-28 18:16:47 | INFO     | KDClient 10 fit round 21 (tier=medium)
[2026-07-28 18:16:47] 2026-07-28 18:16:47 | INFO     | KDClient 10 round 21 public KD (epochs=2)
[2026-07-28 18:18:36] 2026-07-28 18:18:36 | INFO     | KDClient 10 round 21 local training (epochs=4)
[2026-07-28 18:20:02] 2026-07-28 18:20:02 | INFO     | KDClient 10 round 21 completed (acc=0.3055, n=180)
[2026-07-28 18:20:02] 2026-07-28 18:20:02 | INFO     | KDClient 11 fit round 21 (tier=medium)
[2026-07-28 18:20:02] 2026-07-28 18:20:02 | INFO     | KDClient 11 round 21 public KD (epochs=2)
[2026-07-28 18:22:15] 2026-07-28 18:22:15 | INFO     | KDClient 11 round 21 local training (epochs=4)
[2026-07-28 18:23:36] 2026-07-28 18:23:35 | INFO     | KDClient 11 round 21 completed (acc=0.2945, n=180)
[2026-07-28 18:23:36] 2026-07-28 18:23:35 | INFO     | KDClient 12 fit round 21 (tier=medium)
[2026-07-28 18:23:36] 2026-07-28 18:23:35 | INFO     | KDClient 12 round 21 public KD (epochs=2)
[2026-07-28 18:25:09] 2026-07-28 18:25:09 | INFO     | KDClient 12 round 21 local training (epochs=4)
[2026-07-28 18:26:33] 2026-07-28 18:26:33 | INFO     | KDClient 12 round 21 completed (acc=0.3055, n=180)
[2026-07-28 18:26:33] 2026-07-28 18:26:33 | INFO     | KDClient 13 fit round 21 (tier=medium)
[2026-07-28 18:26:33] 2026-07-28 18:26:33 | INFO     | KDClient 13 round 21 public KD (epochs=2)
[2026-07-28 18:28:38] 2026-07-28 18:28:38 | INFO     | KDClient 13 round 21 local training (epochs=4)
[2026-07-28 18:30:07] 2026-07-28 18:30:07 | INFO     | KDClient 13 round 21 completed (acc=0.3091, n=180)
[2026-07-28 18:30:07] 2026-07-28 18:30:07 | INFO     | KDClient 14 fit round 21 (tier=large)
[2026-07-28 18:30:07] 2026-07-28 18:30:07 | INFO     | KDClient 14 round 21 public KD (epochs=2)
[2026-07-28 18:32:23] 2026-07-28 18:32:23 | INFO     | KDClient 14 round 21 local training (epochs=4)
[2026-07-28 18:34:08] 2026-07-28 18:34:08 | INFO     | KDClient 14 round 21 completed (acc=0.3091, n=180)
[2026-07-28 18:34:08] 2026-07-28 18:34:08 | INFO     | KDClient 15 fit round 21 (tier=large)
[2026-07-28 18:34:08] 2026-07-28 18:34:08 | INFO     | KDClient 15 round 21 public KD (epochs=2)
[2026-07-28 18:36:26] 2026-07-28 18:36:26 | INFO     | KDClient 15 round 21 local training (epochs=4)
[2026-07-28 18:38:27] 2026-07-28 18:38:27 | INFO     | KDClient 15 round 21 completed (acc=0.3091, n=180)
[2026-07-28 18:38:27] 2026-07-28 18:38:27 | INFO     | KDClient 16 fit round 21 (tier=large)
[2026-07-28 18:38:27] 2026-07-28 18:38:27 | INFO     | KDClient 16 round 21 public KD (epochs=2)
[2026-07-28 18:40:52] 2026-07-28 18:40:52 | INFO     | KDClient 16 round 21 local training (epochs=4)
[2026-07-28 18:42:45] 2026-07-28 18:42:45 | INFO     | KDClient 16 round 21 completed (acc=0.3091, n=180)
[2026-07-28 18:42:45] 2026-07-28 18:42:45 | INFO     | KDClient 17 fit round 21 (tier=large)
[2026-07-28 18:42:45] 2026-07-28 18:42:45 | INFO     | KDClient 17 round 21 public KD (epochs=2)
[2026-07-28 18:45:19] 2026-07-28 18:45:19 | INFO     | KDClient 17 round 21 local training (epochs=4)
[2026-07-28 18:47:43] 2026-07-28 18:47:43 | INFO     | KDClient 17 round 21 completed (acc=0.3091, n=180)
[2026-07-28 18:47:43] 2026-07-28 18:47:43 | INFO     | KDClient 18 fit round 21 (tier=large)
[2026-07-28 18:47:43] 2026-07-28 18:47:43 | INFO     | KDClient 18 round 21 public KD (epochs=2)
[2026-07-28 18:50:26] 2026-07-28 18:50:26 | INFO     | KDClient 18 round 21 local training (epochs=4)
[2026-07-28 18:52:52] 2026-07-28 18:52:52 | INFO     | KDClient 18 round 21 completed (acc=0.3091, n=180)
[2026-07-28 18:52:52] 2026-07-28 18:52:52 | INFO     | KDClient 19 fit round 21 (tier=large)
[2026-07-28 18:52:52] 2026-07-28 18:52:52 | INFO     | KDClient 19 round 21 public KD (epochs=2)
[2026-07-28 18:55:30] 2026-07-28 18:55:30 | INFO     | KDClient 19 round 21 local training (epochs=4)
[2026-07-28 18:58:13] 2026-07-28 18:58:13 | INFO     | KDClient 19 round 21 completed (acc=0.3091, n=180)
[2026-07-28 18:58:13]   Round  21/50 | Avg: 0.3065 | Min: 0.2836 | Max: 0.3091
[2026-07-28 18:58:13] 2026-07-28 18:58:13 | INFO     | FEDMD — IID: round 22/50 starting
[2026-07-28 18:58:13] 2026-07-28 18:58:13 | INFO     | KDClient 0 fit round 22 (tier=small)
[2026-07-28 18:58:13] 2026-07-28 18:58:13 | INFO     | KDClient 0 round 22 public KD (epochs=2)
[2026-07-28 18:59:04] 2026-07-28 18:59:04 | INFO     | KDClient 0 round 22 local training (epochs=4)
[2026-07-28 18:59:48] 2026-07-28 18:59:48 | INFO     | KDClient 0 round 22 completed (acc=0.3055, n=180)
[2026-07-28 18:59:48] 2026-07-28 18:59:48 | INFO     | KDClient 1 fit round 22 (tier=small)
[2026-07-28 18:59:48] 2026-07-28 18:59:48 | INFO     | KDClient 1 round 22 public KD (epochs=2)
[2026-07-28 19:00:51] 2026-07-28 19:00:51 | INFO     | KDClient 1 round 22 local training (epochs=4)
[2026-07-28 19:01:28] 2026-07-28 19:01:28 | INFO     | KDClient 1 round 22 completed (acc=0.3091, n=180)
[2026-07-28 19:01:28] 2026-07-28 19:01:28 | INFO     | KDClient 2 fit round 22 (tier=small)
[2026-07-28 19:01:28] 2026-07-28 19:01:28 | INFO     | KDClient 2 round 22 public KD (epochs=2)
[2026-07-28 19:02:35] 2026-07-28 19:02:35 | INFO     | KDClient 2 round 22 local training (epochs=4)
[2026-07-28 19:03:16] 2026-07-28 19:03:16 | INFO     | KDClient 2 round 22 completed (acc=0.3091, n=180)
[2026-07-28 19:03:16] 2026-07-28 19:03:16 | INFO     | KDClient 3 fit round 22 (tier=small)
[2026-07-28 19:03:16] 2026-07-28 19:03:16 | INFO     | KDClient 3 round 22 public KD (epochs=2)
[2026-07-28 19:04:07] 2026-07-28 19:04:07 | INFO     | KDClient 3 round 22 local training (epochs=4)
[2026-07-28 19:04:47] 2026-07-28 19:04:47 | INFO     | KDClient 3 round 22 completed (acc=0.3091, n=180)
[2026-07-28 19:04:47] 2026-07-28 19:04:47 | INFO     | KDClient 4 fit round 22 (tier=small)
[2026-07-28 19:04:47] 2026-07-28 19:04:47 | INFO     | KDClient 4 round 22 public KD (epochs=2)
[2026-07-28 19:05:31] 2026-07-28 19:05:31 | INFO     | KDClient 4 round 22 local training (epochs=4)
[2026-07-28 19:06:18] 2026-07-28 19:06:18 | INFO     | KDClient 4 round 22 completed (acc=0.3091, n=180)
[2026-07-28 19:06:18] 2026-07-28 19:06:18 | INFO     | KDClient 5 fit round 22 (tier=small)
[2026-07-28 19:06:18] 2026-07-28 19:06:18 | INFO     | KDClient 5 round 22 public KD (epochs=2)
[2026-07-28 19:07:42] 2026-07-28 19:07:42 | INFO     | KDClient 5 round 22 local training (epochs=4)
[2026-07-28 19:08:31] 2026-07-28 19:08:30 | INFO     | KDClient 5 round 22 completed (acc=0.3091, n=180)
[2026-07-28 19:08:31] 2026-07-28 19:08:30 | INFO     | KDClient 6 fit round 22 (tier=small)
[2026-07-28 19:08:31] 2026-07-28 19:08:30 | INFO     | KDClient 6 round 22 public KD (epochs=2)
[2026-07-28 19:09:36] 2026-07-28 19:09:36 | INFO     | KDClient 6 round 22 local training (epochs=4)
[2026-07-28 19:10:24] 2026-07-28 19:10:24 | INFO     | KDClient 6 round 22 completed (acc=0.3091, n=180)
[2026-07-28 19:10:24] 2026-07-28 19:10:24 | INFO     | KDClient 7 fit round 22 (tier=medium)
[2026-07-28 19:10:24] 2026-07-28 19:10:24 | INFO     | KDClient 7 round 22 public KD (epochs=2)
[2026-07-28 19:12:07] 2026-07-28 19:12:07 | INFO     | KDClient 7 round 22 local training (epochs=4)
[2026-07-28 19:13:38] 2026-07-28 19:13:38 | INFO     | KDClient 7 round 22 completed (acc=0.3091, n=180)
[2026-07-28 19:13:38] 2026-07-28 19:13:38 | INFO     | KDClient 8 fit round 22 (tier=medium)
[2026-07-28 19:13:38] 2026-07-28 19:13:38 | INFO     | KDClient 8 round 22 public KD (epochs=2)
[2026-07-28 19:15:22] 2026-07-28 19:15:22 | INFO     | KDClient 8 round 22 local training (epochs=4)
[2026-07-28 19:16:54] 2026-07-28 19:16:54 | INFO     | KDClient 8 round 22 completed (acc=0.3091, n=180)
[2026-07-28 19:16:54] 2026-07-28 19:16:54 | INFO     | KDClient 9 fit round 22 (tier=medium)
[2026-07-28 19:16:54] 2026-07-28 19:16:54 | INFO     | KDClient 9 round 22 public KD (epochs=2)
[2026-07-28 19:18:31] 2026-07-28 19:18:31 | INFO     | KDClient 9 round 22 local training (epochs=4)
[2026-07-28 19:20:05] 2026-07-28 19:20:05 | INFO     | KDClient 9 round 22 completed (acc=0.3091, n=180)
[2026-07-28 19:20:05] 2026-07-28 19:20:05 | INFO     | KDClient 10 fit round 22 (tier=medium)
[2026-07-28 19:20:05] 2026-07-28 19:20:05 | INFO     | KDClient 10 round 22 public KD (epochs=2)
[2026-07-28 19:21:38] 2026-07-28 19:21:38 | INFO     | KDClient 10 round 22 local training (epochs=4)
[2026-07-28 19:23:03] 2026-07-28 19:23:03 | INFO     | KDClient 10 round 22 completed (acc=0.3091, n=180)
[2026-07-28 19:23:03] 2026-07-28 19:23:03 | INFO     | KDClient 11 fit round 22 (tier=medium)
[2026-07-28 19:23:03] 2026-07-28 19:23:03 | INFO     | KDClient 11 round 22 public KD (epochs=2)
[2026-07-28 19:24:40] 2026-07-28 19:24:40 | INFO     | KDClient 11 round 22 local training (epochs=4)
[2026-07-28 19:25:57] 2026-07-28 19:25:57 | INFO     | KDClient 11 round 22 completed (acc=0.3055, n=180)
[2026-07-28 19:25:57] 2026-07-28 19:25:57 | INFO     | KDClient 12 fit round 22 (tier=medium)
[2026-07-28 19:25:57] 2026-07-28 19:25:57 | INFO     | KDClient 12 round 22 public KD (epochs=2)
[2026-07-28 19:27:25] 2026-07-28 19:27:25 | INFO     | KDClient 12 round 22 local training (epochs=4)
[2026-07-28 19:29:02] 2026-07-28 19:29:02 | INFO     | KDClient 12 round 22 completed (acc=0.3055, n=180)
[2026-07-28 19:29:02] 2026-07-28 19:29:02 | INFO     | KDClient 13 fit round 22 (tier=medium)
[2026-07-28 19:29:02] 2026-07-28 19:29:02 | INFO     | KDClient 13 round 22 public KD (epochs=2)
[2026-07-28 19:31:09] 2026-07-28 19:31:09 | INFO     | KDClient 13 round 22 local training (epochs=4)
[2026-07-28 19:32:20] 2026-07-28 19:32:20 | INFO     | KDClient 13 round 22 completed (acc=0.2873, n=180)
[2026-07-28 19:32:20] 2026-07-28 19:32:20 | INFO     | KDClient 14 fit round 22 (tier=large)
[2026-07-28 19:32:20] 2026-07-28 19:32:20 | INFO     | KDClient 14 round 22 public KD (epochs=2)
[2026-07-28 19:34:37] 2026-07-28 19:34:37 | INFO     | KDClient 14 round 22 local training (epochs=4)
[2026-07-28 19:36:59] 2026-07-28 19:36:59 | INFO     | KDClient 14 round 22 completed (acc=0.3018, n=180)
[2026-07-28 19:36:59] 2026-07-28 19:36:59 | INFO     | KDClient 15 fit round 22 (tier=large)
[2026-07-28 19:36:59] 2026-07-28 19:36:59 | INFO     | KDClient 15 round 22 public KD (epochs=2)
[2026-07-28 19:39:18] 2026-07-28 19:39:18 | INFO     | KDClient 15 round 22 local training (epochs=4)
[2026-07-28 19:41:14] 2026-07-28 19:41:14 | INFO     | KDClient 15 round 22 completed (acc=0.3091, n=180)
[2026-07-28 19:41:14] 2026-07-28 19:41:14 | INFO     | KDClient 16 fit round 22 (tier=large)
[2026-07-28 19:41:14] 2026-07-28 19:41:14 | INFO     | KDClient 16 round 22 public KD (epochs=2)
[2026-07-28 19:43:36] 2026-07-28 19:43:36 | INFO     | KDClient 16 round 22 local training (epochs=4)
[2026-07-28 19:45:53] 2026-07-28 19:45:53 | INFO     | KDClient 16 round 22 completed (acc=0.3091, n=180)
[2026-07-28 19:45:53] 2026-07-28 19:45:53 | INFO     | KDClient 17 fit round 22 (tier=large)
[2026-07-28 19:45:53] 2026-07-28 19:45:53 | INFO     | KDClient 17 round 22 public KD (epochs=2)
[2026-07-28 19:48:25] 2026-07-28 19:48:25 | INFO     | KDClient 17 round 22 local training (epochs=4)
[2026-07-28 19:50:40] 2026-07-28 19:50:40 | INFO     | KDClient 17 round 22 completed (acc=0.3091, n=180)
[2026-07-28 19:50:40] 2026-07-28 19:50:40 | INFO     | KDClient 18 fit round 22 (tier=large)
[2026-07-28 19:50:40] 2026-07-28 19:50:40 | INFO     | KDClient 18 round 22 public KD (epochs=2)
[2026-07-28 19:53:15] 2026-07-28 19:53:15 | INFO     | KDClient 18 round 22 local training (epochs=4)
[2026-07-28 19:55:35] 2026-07-28 19:55:35 | INFO     | KDClient 18 round 22 completed (acc=0.3091, n=180)
[2026-07-28 19:55:35] 2026-07-28 19:55:35 | INFO     | KDClient 19 fit round 22 (tier=large)
[2026-07-28 19:55:35] 2026-07-28 19:55:35 | INFO     | KDClient 19 round 22 public KD (epochs=2)
[2026-07-28 19:58:11] 2026-07-28 19:58:11 | INFO     | KDClient 19 round 22 local training (epochs=4)
[2026-07-28 20:00:15] 2026-07-28 20:00:15 | INFO     | KDClient 19 round 22 completed (acc=0.3091, n=180)
[2026-07-28 20:00:15]   Round  22/50 | Avg: 0.3071 | Min: 0.2873 | Max: 0.3091
[2026-07-28 20:00:15] 2026-07-28 20:00:15 | INFO     | FEDMD — IID: round 23/50 starting
[2026-07-28 20:00:15] 2026-07-28 20:00:15 | INFO     | KDClient 0 fit round 23 (tier=small)
[2026-07-28 20:00:15] 2026-07-28 20:00:15 | INFO     | KDClient 0 round 23 public KD (epochs=2)
[2026-07-28 20:01:01] 2026-07-28 20:01:01 | INFO     | KDClient 0 round 23 local training (epochs=4)
[2026-07-28 20:01:47] 2026-07-28 20:01:47 | INFO     | KDClient 0 round 23 completed (acc=0.3091, n=180)
[2026-07-28 20:01:47] 2026-07-28 20:01:47 | INFO     | KDClient 1 fit round 23 (tier=small)
[2026-07-28 20:01:47] 2026-07-28 20:01:47 | INFO     | KDClient 1 round 23 public KD (epochs=2)
[2026-07-28 20:02:50] 2026-07-28 20:02:50 | INFO     | KDClient 1 round 23 local training (epochs=4)
[2026-07-28 20:03:41] 2026-07-28 20:03:41 | INFO     | KDClient 1 round 23 completed (acc=0.3055, n=180)
[2026-07-28 20:03:41] 2026-07-28 20:03:41 | INFO     | KDClient 2 fit round 23 (tier=small)
[2026-07-28 20:03:41] 2026-07-28 20:03:41 | INFO     | KDClient 2 round 23 public KD (epochs=2)
[2026-07-28 20:04:25] 2026-07-28 20:04:25 | INFO     | KDClient 2 round 23 local training (epochs=4)
[2026-07-28 20:05:01] 2026-07-28 20:05:01 | INFO     | KDClient 2 round 23 completed (acc=0.3091, n=180)
[2026-07-28 20:05:01] 2026-07-28 20:05:01 | INFO     | KDClient 3 fit round 23 (tier=small)
[2026-07-28 20:05:01] 2026-07-28 20:05:01 | INFO     | KDClient 3 round 23 public KD (epochs=2)
[2026-07-28 20:05:41] 2026-07-28 20:05:41 | INFO     | KDClient 3 round 23 local training (epochs=4)
[2026-07-28 20:06:15] 2026-07-28 20:06:15 | INFO     | KDClient 3 round 23 completed (acc=0.3091, n=180)
[2026-07-28 20:06:15] 2026-07-28 20:06:15 | INFO     | KDClient 4 fit round 23 (tier=small)
[2026-07-28 20:06:15] 2026-07-28 20:06:15 | INFO     | KDClient 4 round 23 public KD (epochs=2)
[2026-07-28 20:07:04] 2026-07-28 20:07:04 | INFO     | KDClient 4 round 23 local training (epochs=4)
[2026-07-28 20:07:42] 2026-07-28 20:07:42 | INFO     | KDClient 4 round 23 completed (acc=0.3091, n=180)
[2026-07-28 20:07:42] 2026-07-28 20:07:42 | INFO     | KDClient 5 fit round 23 (tier=small)
[2026-07-28 20:07:42] 2026-07-28 20:07:42 | INFO     | KDClient 5 round 23 public KD (epochs=2)
[2026-07-28 20:08:30] 2026-07-28 20:08:30 | INFO     | KDClient 5 round 23 local training (epochs=4)
[2026-07-28 20:09:06] 2026-07-28 20:09:06 | INFO     | KDClient 5 round 23 completed (acc=0.3091, n=180)
[2026-07-28 20:09:06] 2026-07-28 20:09:06 | INFO     | KDClient 6 fit round 23 (tier=small)
[2026-07-28 20:09:06] 2026-07-28 20:09:06 | INFO     | KDClient 6 round 23 public KD (epochs=2)
[2026-07-28 20:09:51] 2026-07-28 20:09:51 | INFO     | KDClient 6 round 23 local training (epochs=4)
[2026-07-28 20:10:28] 2026-07-28 20:10:28 | INFO     | KDClient 6 round 23 completed (acc=0.3055, n=180)
[2026-07-28 20:10:28] 2026-07-28 20:10:28 | INFO     | KDClient 7 fit round 23 (tier=medium)
[2026-07-28 20:10:28] 2026-07-28 20:10:28 | INFO     | KDClient 7 round 23 public KD (epochs=2)
[2026-07-28 20:12:38] 2026-07-28 20:12:38 | INFO     | KDClient 7 round 23 local training (epochs=4)
[2026-07-28 20:13:52] 2026-07-28 20:13:52 | INFO     | KDClient 7 round 23 completed (acc=0.3091, n=180)
[2026-07-28 20:13:52] 2026-07-28 20:13:52 | INFO     | KDClient 8 fit round 23 (tier=medium)
[2026-07-28 20:13:52] 2026-07-28 20:13:52 | INFO     | KDClient 8 round 23 public KD (epochs=2)
[2026-07-28 20:16:05] 2026-07-28 20:16:05 | INFO     | KDClient 8 round 23 local training (epochs=4)
[2026-07-28 20:17:39] 2026-07-28 20:17:39 | INFO     | KDClient 8 round 23 completed (acc=0.3091, n=180)
[2026-07-28 20:17:39] 2026-07-28 20:17:39 | INFO     | KDClient 9 fit round 23 (tier=medium)
[2026-07-28 20:17:39] 2026-07-28 20:17:39 | INFO     | KDClient 9 round 23 public KD (epochs=2)
[2026-07-28 20:19:20] 2026-07-28 20:19:20 | INFO     | KDClient 9 round 23 local training (epochs=4)
[2026-07-28 20:20:41] 2026-07-28 20:20:41 | INFO     | KDClient 9 round 23 completed (acc=0.3018, n=180)
[2026-07-28 20:20:41] 2026-07-28 20:20:41 | INFO     | KDClient 10 fit round 23 (tier=medium)
[2026-07-28 20:20:41] 2026-07-28 20:20:41 | INFO     | KDClient 10 round 23 public KD (epochs=2)
[2026-07-28 20:22:19] 2026-07-28 20:22:19 | INFO     | KDClient 10 round 23 local training (epochs=4)
[2026-07-28 20:23:42] 2026-07-28 20:23:42 | INFO     | KDClient 10 round 23 completed (acc=0.3091, n=180)
[2026-07-28 20:23:42] 2026-07-28 20:23:42 | INFO     | KDClient 11 fit round 23 (tier=medium)
[2026-07-28 20:23:42] 2026-07-28 20:23:42 | INFO     | KDClient 11 round 23 public KD (epochs=2)
[2026-07-28 20:25:20] 2026-07-28 20:25:20 | INFO     | KDClient 11 round 23 local training (epochs=4)
[2026-07-28 20:26:42] 2026-07-28 20:26:42 | INFO     | KDClient 11 round 23 completed (acc=0.3091, n=180)
[2026-07-28 20:26:42] 2026-07-28 20:26:42 | INFO     | KDClient 12 fit round 23 (tier=medium)
[2026-07-28 20:26:42] 2026-07-28 20:26:42 | INFO     | KDClient 12 round 23 public KD (epochs=2)
[2026-07-28 20:28:09] 2026-07-28 20:28:09 | INFO     | KDClient 12 round 23 local training (epochs=4)
[2026-07-28 20:29:38] 2026-07-28 20:29:38 | INFO     | KDClient 12 round 23 completed (acc=0.3018, n=180)
[2026-07-28 20:29:38] 2026-07-28 20:29:38 | INFO     | KDClient 13 fit round 23 (tier=medium)
[2026-07-28 20:29:38] 2026-07-28 20:29:38 | INFO     | KDClient 13 round 23 public KD (epochs=2)
[2026-07-28 20:31:08] 2026-07-28 20:31:08 | INFO     | KDClient 13 round 23 local training (epochs=4)
[2026-07-28 20:32:42] 2026-07-28 20:32:42 | INFO     | KDClient 13 round 23 completed (acc=0.3091, n=180)
[2026-07-28 20:32:42] 2026-07-28 20:32:42 | INFO     | KDClient 14 fit round 23 (tier=large)
[2026-07-28 20:32:42] 2026-07-28 20:32:42 | INFO     | KDClient 14 round 23 public KD (epochs=2)
[2026-07-28 20:35:17] 2026-07-28 20:35:17 | INFO     | KDClient 14 round 23 local training (epochs=4)
[2026-07-28 20:37:34] 2026-07-28 20:37:34 | INFO     | KDClient 14 round 23 completed (acc=0.3091, n=180)
[2026-07-28 20:37:34] 2026-07-28 20:37:34 | INFO     | KDClient 15 fit round 23 (tier=large)
[2026-07-28 20:37:34] 2026-07-28 20:37:34 | INFO     | KDClient 15 round 23 public KD (epochs=2)
[2026-07-28 20:40:08] 2026-07-28 20:40:08 | INFO     | KDClient 15 round 23 local training (epochs=4)
[2026-07-28 20:42:19] 2026-07-28 20:42:19 | INFO     | KDClient 15 round 23 completed (acc=0.3091, n=180)
[2026-07-28 20:42:19] 2026-07-28 20:42:19 | INFO     | KDClient 16 fit round 23 (tier=large)
[2026-07-28 20:42:19] 2026-07-28 20:42:19 | INFO     | KDClient 16 round 23 public KD (epochs=2)
[2026-07-28 20:44:57] 2026-07-28 20:44:57 | INFO     | KDClient 16 round 23 local training (epochs=4)
[2026-07-28 20:46:48] 2026-07-28 20:46:48 | INFO     | KDClient 16 round 23 completed (acc=0.3091, n=180)
[2026-07-28 20:46:48] 2026-07-28 20:46:48 | INFO     | KDClient 17 fit round 23 (tier=large)
[2026-07-28 20:46:48] 2026-07-28 20:46:48 | INFO     | KDClient 17 round 23 public KD (epochs=2)
[2026-07-28 20:49:27] 2026-07-28 20:49:27 | INFO     | KDClient 17 round 23 local training (epochs=4)
[2026-07-28 20:51:24] 2026-07-28 20:51:24 | INFO     | KDClient 17 round 23 completed (acc=0.3091, n=180)
[2026-07-28 20:51:24] 2026-07-28 20:51:24 | INFO     | KDClient 18 fit round 23 (tier=large)
[2026-07-28 20:51:24] 2026-07-28 20:51:24 | INFO     | KDClient 18 round 23 public KD (epochs=2)
[2026-07-28 20:54:00] 2026-07-28 20:54:00 | INFO     | KDClient 18 round 23 local training (epochs=4)
[2026-07-28 20:56:39] 2026-07-28 20:56:39 | INFO     | KDClient 18 round 23 completed (acc=0.3091, n=180)
[2026-07-28 20:56:39] 2026-07-28 20:56:39 | INFO     | KDClient 19 fit round 23 (tier=large)
[2026-07-28 20:56:39] 2026-07-28 20:56:39 | INFO     | KDClient 19 round 23 public KD (epochs=2)
[2026-07-28 20:59:22] 2026-07-28 20:59:22 | INFO     | KDClient 19 round 23 local training (epochs=4)
[2026-07-28 21:01:25] 2026-07-28 21:01:25 | INFO     | KDClient 19 round 23 completed (acc=0.3091, n=180)
[2026-07-28 21:01:25]   Round  23/50 | Avg: 0.3080 | Min: 0.3018 | Max: 0.3091
[2026-07-28 21:01:25] 2026-07-28 21:01:25 | INFO     | FEDMD — IID: round 24/50 starting
[2026-07-28 21:01:25] 2026-07-28 21:01:25 | INFO     | KDClient 0 fit round 24 (tier=small)
[2026-07-28 21:01:25] 2026-07-28 21:01:25 | INFO     | KDClient 0 round 24 public KD (epochs=2)
[2026-07-28 21:02:04] 2026-07-28 21:02:04 | INFO     | KDClient 0 round 24 local training (epochs=4)
[2026-07-28 21:02:47] 2026-07-28 21:02:47 | INFO     | KDClient 0 round 24 completed (acc=0.3091, n=180)
[2026-07-28 21:02:47] 2026-07-28 21:02:47 | INFO     | KDClient 1 fit round 24 (tier=small)
[2026-07-28 21:02:47] 2026-07-28 21:02:47 | INFO     | KDClient 1 round 24 public KD (epochs=2)
[2026-07-28 21:03:26] 2026-07-28 21:03:26 | INFO     | KDClient 1 round 24 local training (epochs=4)
[2026-07-28 21:04:08] 2026-07-28 21:04:08 | INFO     | KDClient 1 round 24 completed (acc=0.3091, n=180)
[2026-07-28 21:04:08] 2026-07-28 21:04:08 | INFO     | KDClient 2 fit round 24 (tier=small)
[2026-07-28 21:04:08] 2026-07-28 21:04:08 | INFO     | KDClient 2 round 24 public KD (epochs=2)
[2026-07-28 21:04:55] 2026-07-28 21:04:55 | INFO     | KDClient 2 round 24 local training (epochs=4)
[2026-07-28 21:05:37] 2026-07-28 21:05:37 | INFO     | KDClient 2 round 24 completed (acc=0.3091, n=180)
[2026-07-28 21:05:37] 2026-07-28 21:05:37 | INFO     | KDClient 3 fit round 24 (tier=small)
[2026-07-28 21:05:37] 2026-07-28 21:05:37 | INFO     | KDClient 3 round 24 public KD (epochs=2)
[2026-07-28 21:06:15] 2026-07-28 21:06:15 | INFO     | KDClient 3 round 24 local training (epochs=4)
[2026-07-28 21:06:54] 2026-07-28 21:06:54 | INFO     | KDClient 3 round 24 completed (acc=0.3091, n=180)
[2026-07-28 21:06:54] 2026-07-28 21:06:54 | INFO     | KDClient 4 fit round 24 (tier=small)
[2026-07-28 21:06:54] 2026-07-28 21:06:54 | INFO     | KDClient 4 round 24 public KD (epochs=2)
[2026-07-28 21:07:57] 2026-07-28 21:07:57 | INFO     | KDClient 4 round 24 local training (epochs=4)
[2026-07-28 21:08:28] 2026-07-28 21:08:28 | INFO     | KDClient 4 round 24 completed (acc=0.3091, n=180)
[2026-07-28 21:08:28] 2026-07-28 21:08:28 | INFO     | KDClient 5 fit round 24 (tier=small)
[2026-07-28 21:08:28] 2026-07-28 21:08:28 | INFO     | KDClient 5 round 24 public KD (epochs=2)
[2026-07-28 21:09:06] 2026-07-28 21:09:06 | INFO     | KDClient 5 round 24 local training (epochs=4)
[2026-07-28 21:09:34] 2026-07-28 21:09:34 | INFO     | KDClient 5 round 24 completed (acc=0.3091, n=180)
[2026-07-28 21:09:34] 2026-07-28 21:09:34 | INFO     | KDClient 6 fit round 24 (tier=small)
[2026-07-28 21:09:34] 2026-07-28 21:09:34 | INFO     | KDClient 6 round 24 public KD (epochs=2)
[2026-07-28 21:10:08] 2026-07-28 21:10:08 | INFO     | KDClient 6 round 24 local training (epochs=4)
[2026-07-28 21:10:42] 2026-07-28 21:10:42 | INFO     | KDClient 6 round 24 completed (acc=0.3091, n=180)
[2026-07-28 21:10:42] 2026-07-28 21:10:42 | INFO     | KDClient 7 fit round 24 (tier=medium)
[2026-07-28 21:10:42] 2026-07-28 21:10:42 | INFO     | KDClient 7 round 24 public KD (epochs=2)
[2026-07-28 21:12:16] 2026-07-28 21:12:16 | INFO     | KDClient 7 round 24 local training (epochs=4)
[2026-07-28 21:13:42] 2026-07-28 21:13:42 | INFO     | KDClient 7 round 24 completed (acc=0.3091, n=180)
[2026-07-28 21:13:42] 2026-07-28 21:13:42 | INFO     | KDClient 8 fit round 24 (tier=medium)
[2026-07-28 21:13:42] 2026-07-28 21:13:42 | INFO     | KDClient 8 round 24 public KD (epochs=2)
[2026-07-28 21:15:13] 2026-07-28 21:15:13 | INFO     | KDClient 8 round 24 local training (epochs=4)
[2026-07-28 21:16:36] 2026-07-28 21:16:36 | INFO     | KDClient 8 round 24 completed (acc=0.3091, n=180)
[2026-07-28 21:16:36] 2026-07-28 21:16:36 | INFO     | KDClient 9 fit round 24 (tier=medium)
[2026-07-28 21:16:36] 2026-07-28 21:16:36 | INFO     | KDClient 9 round 24 public KD (epochs=2)
[2026-07-28 21:18:06] 2026-07-28 21:18:06 | INFO     | KDClient 9 round 24 local training (epochs=4)
[2026-07-28 21:19:45] 2026-07-28 21:19:45 | INFO     | KDClient 9 round 24 completed (acc=0.3091, n=180)
[2026-07-28 21:19:45] 2026-07-28 21:19:45 | INFO     | KDClient 10 fit round 24 (tier=medium)
[2026-07-28 21:19:45] 2026-07-28 21:19:45 | INFO     | KDClient 10 round 24 public KD (epochs=2)
[2026-07-28 21:21:26] 2026-07-28 21:21:26 | INFO     | KDClient 10 round 24 local training (epochs=4)
[2026-07-28 21:23:17] 2026-07-28 21:23:17 | INFO     | KDClient 10 round 24 completed (acc=0.3091, n=180)
[2026-07-28 21:23:17] 2026-07-28 21:23:17 | INFO     | KDClient 11 fit round 24 (tier=medium)
[2026-07-28 21:23:17] 2026-07-28 21:23:17 | INFO     | KDClient 11 round 24 public KD (epochs=2)
[2026-07-28 21:24:58] 2026-07-28 21:24:58 | INFO     | KDClient 11 round 24 local training (epochs=4)
[2026-07-28 21:26:20] 2026-07-28 21:26:20 | INFO     | KDClient 11 round 24 completed (acc=0.3018, n=180)
[2026-07-28 21:26:20] 2026-07-28 21:26:20 | INFO     | KDClient 12 fit round 24 (tier=medium)
[2026-07-28 21:26:20] 2026-07-28 21:26:20 | INFO     | KDClient 12 round 24 public KD (epochs=2)
[2026-07-28 21:29:06] 2026-07-28 21:29:06 | INFO     | KDClient 12 round 24 local training (epochs=4)
[2026-07-28 21:30:42] 2026-07-28 21:30:42 | INFO     | KDClient 12 round 24 completed (acc=0.3091, n=180)
[2026-07-28 21:30:42] 2026-07-28 21:30:42 | INFO     | KDClient 13 fit round 24 (tier=medium)
[2026-07-28 21:30:42] 2026-07-28 21:30:42 | INFO     | KDClient 13 round 24 public KD (epochs=2)
[2026-07-28 21:32:17] 2026-07-28 21:32:17 | INFO     | KDClient 13 round 24 local training (epochs=4)
[2026-07-28 21:33:34] 2026-07-28 21:33:34 | INFO     | KDClient 13 round 24 completed (acc=0.3091, n=180)
[2026-07-28 21:33:34] 2026-07-28 21:33:34 | INFO     | KDClient 14 fit round 24 (tier=large)
[2026-07-28 21:33:34] 2026-07-28 21:33:34 | INFO     | KDClient 14 round 24 public KD (epochs=2)
[2026-07-28 21:36:01] 2026-07-28 21:36:01 | INFO     | KDClient 14 round 24 local training (epochs=4)
[2026-07-28 21:38:19] 2026-07-28 21:38:19 | INFO     | KDClient 14 round 24 completed (acc=0.3018, n=180)
[2026-07-28 21:38:19] 2026-07-28 21:38:19 | INFO     | KDClient 15 fit round 24 (tier=large)
[2026-07-28 21:38:19] 2026-07-28 21:38:19 | INFO     | KDClient 15 round 24 public KD (epochs=2)
[2026-07-28 21:40:51] 2026-07-28 21:40:51 | INFO     | KDClient 15 round 24 local training (epochs=4)
[2026-07-28 21:42:57] 2026-07-28 21:42:57 | INFO     | KDClient 15 round 24 completed (acc=0.3091, n=180)
[2026-07-28 21:42:57] 2026-07-28 21:42:57 | INFO     | KDClient 16 fit round 24 (tier=large)
[2026-07-28 21:42:57] 2026-07-28 21:42:57 | INFO     | KDClient 16 round 24 public KD (epochs=2)
[2026-07-28 21:45:23] 2026-07-28 21:45:23 | INFO     | KDClient 16 round 24 local training (epochs=4)
[2026-07-28 21:47:55] 2026-07-28 21:47:55 | INFO     | KDClient 16 round 24 completed (acc=0.3091, n=180)
[2026-07-28 21:47:55] 2026-07-28 21:47:55 | INFO     | KDClient 17 fit round 24 (tier=large)
[2026-07-28 21:47:55] 2026-07-28 21:47:55 | INFO     | KDClient 17 round 24 public KD (epochs=2)
[2026-07-28 21:50:28] 2026-07-28 21:50:27 | INFO     | KDClient 17 round 24 local training (epochs=4)
[2026-07-28 21:52:42] 2026-07-28 21:52:42 | INFO     | KDClient 17 round 24 completed (acc=0.3091, n=180)
[2026-07-28 21:52:42] 2026-07-28 21:52:42 | INFO     | KDClient 18 fit round 24 (tier=large)
[2026-07-28 21:52:42] 2026-07-28 21:52:42 | INFO     | KDClient 18 round 24 public KD (epochs=2)
[2026-07-28 21:55:23] 2026-07-28 21:55:23 | INFO     | KDClient 18 round 24 local training (epochs=4)
[2026-07-28 21:57:45] 2026-07-28 21:57:45 | INFO     | KDClient 18 round 24 completed (acc=0.3091, n=180)
[2026-07-28 21:57:45] 2026-07-28 21:57:45 | INFO     | KDClient 19 fit round 24 (tier=large)
[2026-07-28 21:57:45] 2026-07-28 21:57:45 | INFO     | KDClient 19 round 24 public KD (epochs=2)
[2026-07-28 22:00:26] 2026-07-28 22:00:26 | INFO     | KDClient 19 round 24 local training (epochs=4)
[2026-07-28 22:02:44] 2026-07-28 22:02:44 | INFO     | KDClient 19 round 24 completed (acc=0.3091, n=180)
[2026-07-28 22:02:44]   Round  24/50 | Avg: 0.3084 | Min: 0.3018 | Max: 0.3091
[2026-07-28 22:02:44] 2026-07-28 22:02:44 | INFO     | FEDMD — IID: round 25/50 starting
[2026-07-28 22:02:44] 2026-07-28 22:02:44 | INFO     | KDClient 0 fit round 25 (tier=small)
[2026-07-28 22:02:44] 2026-07-28 22:02:44 | INFO     | KDClient 0 round 25 public KD (epochs=2)
[2026-07-28 22:03:48] 2026-07-28 22:03:48 | INFO     | KDClient 0 round 25 local training (epochs=4)
[2026-07-28 22:04:29] 2026-07-28 22:04:29 | INFO     | KDClient 0 round 25 completed (acc=0.3055, n=180)
[2026-07-28 22:04:29] 2026-07-28 22:04:29 | INFO     | KDClient 1 fit round 25 (tier=small)
[2026-07-28 22:04:29] 2026-07-28 22:04:29 | INFO     | KDClient 1 round 25 public KD (epochs=2)
[2026-07-28 22:05:10] 2026-07-28 22:05:10 | INFO     | KDClient 1 round 25 local training (epochs=4)
[2026-07-28 22:05:53] 2026-07-28 22:05:53 | INFO     | KDClient 1 round 25 completed (acc=0.3091, n=180)
[2026-07-28 22:05:53] 2026-07-28 22:05:53 | INFO     | KDClient 2 fit round 25 (tier=small)
[2026-07-28 22:05:53] 2026-07-28 22:05:53 | INFO     | KDClient 2 round 25 public KD (epochs=2)
[2026-07-28 22:07:00] 2026-07-28 22:06:59 | INFO     | KDClient 2 round 25 local training (epochs=4)
[2026-07-28 22:07:39] 2026-07-28 22:07:39 | INFO     | KDClient 2 round 25 completed (acc=0.3091, n=180)
[2026-07-28 22:07:39] 2026-07-28 22:07:39 | INFO     | KDClient 3 fit round 25 (tier=small)
[2026-07-28 22:07:39] 2026-07-28 22:07:39 | INFO     | KDClient 3 round 25 public KD (epochs=2)
[2026-07-28 22:08:24] 2026-07-28 22:08:24 | INFO     | KDClient 3 round 25 local training (epochs=4)
[2026-07-28 22:09:10] 2026-07-28 22:09:10 | INFO     | KDClient 3 round 25 completed (acc=0.3091, n=180)
[2026-07-28 22:09:10] 2026-07-28 22:09:10 | INFO     | KDClient 4 fit round 25 (tier=small)
[2026-07-28 22:09:10] 2026-07-28 22:09:10 | INFO     | KDClient 4 round 25 public KD (epochs=2)
[2026-07-28 22:09:42] 2026-07-28 22:09:42 | INFO     | KDClient 4 round 25 local training (epochs=4)
[2026-07-28 22:10:01] 2026-07-28 22:10:01 | INFO     | KDClient 4 round 25 completed (acc=0.3091, n=180)
[2026-07-28 22:10:01] 2026-07-28 22:10:01 | INFO     | KDClient 5 fit round 25 (tier=small)
[2026-07-28 22:10:01] 2026-07-28 22:10:01 | INFO     | KDClient 5 round 25 public KD (epochs=2)
[2026-07-28 22:10:43] 2026-07-28 22:10:43 | INFO     | KDClient 5 round 25 local training (epochs=4)
[2026-07-28 22:11:13] 2026-07-28 22:11:13 | INFO     | KDClient 5 round 25 completed (acc=0.3091, n=180)
[2026-07-28 22:11:13] 2026-07-28 22:11:13 | INFO     | KDClient 6 fit round 25 (tier=small)
[2026-07-28 22:11:13] 2026-07-28 22:11:13 | INFO     | KDClient 6 round 25 public KD (epochs=2)
[2026-07-28 22:11:54] 2026-07-28 22:11:54 | INFO     | KDClient 6 round 25 local training (epochs=4)
[2026-07-28 22:12:22] 2026-07-28 22:12:22 | INFO     | KDClient 6 round 25 completed (acc=0.3091, n=180)
[2026-07-28 22:12:22] 2026-07-28 22:12:22 | INFO     | KDClient 7 fit round 25 (tier=medium)
[2026-07-28 22:12:22] 2026-07-28 22:12:22 | INFO     | KDClient 7 round 25 public KD (epochs=2)
[2026-07-28 22:13:41] 2026-07-28 22:13:41 | INFO     | KDClient 7 round 25 local training (epochs=4)
[2026-07-28 22:14:49] 2026-07-28 22:14:49 | INFO     | KDClient 7 round 25 completed (acc=0.3091, n=180)
[2026-07-28 22:14:49] 2026-07-28 22:14:49 | INFO     | KDClient 8 fit round 25 (tier=medium)
[2026-07-28 22:14:49] 2026-07-28 22:14:49 | INFO     | KDClient 8 round 25 public KD (epochs=2)
[2026-07-28 22:16:12] 2026-07-28 22:16:12 | INFO     | KDClient 8 round 25 local training (epochs=4)
[2026-07-28 22:17:34] 2026-07-28 22:17:33 | INFO     | KDClient 8 round 25 completed (acc=0.3091, n=180)
[2026-07-28 22:17:34] 2026-07-28 22:17:33 | INFO     | KDClient 9 fit round 25 (tier=medium)
[2026-07-28 22:17:34] 2026-07-28 22:17:33 | INFO     | KDClient 9 round 25 public KD (epochs=2)
[2026-07-28 22:19:42] 2026-07-28 22:19:42 | INFO     | KDClient 9 round 25 local training (epochs=4)
[2026-07-28 22:20:57] 2026-07-28 22:20:57 | INFO     | KDClient 9 round 25 completed (acc=0.3055, n=180)
[2026-07-28 22:20:57] 2026-07-28 22:20:57 | INFO     | KDClient 10 fit round 25 (tier=medium)
[2026-07-28 22:20:57] 2026-07-28 22:20:57 | INFO     | KDClient 10 round 25 public KD (epochs=2)
[2026-07-28 22:22:29] 2026-07-28 22:22:29 | INFO     | KDClient 10 round 25 local training (epochs=4)
[2026-07-28 22:23:51] 2026-07-28 22:23:51 | INFO     | KDClient 10 round 25 completed (acc=0.3091, n=180)
[2026-07-28 22:23:51] 2026-07-28 22:23:51 | INFO     | KDClient 11 fit round 25 (tier=medium)
[2026-07-28 22:23:51] 2026-07-28 22:23:51 | INFO     | KDClient 11 round 25 public KD (epochs=2)
[2026-07-28 22:25:25] 2026-07-28 22:25:25 | INFO     | KDClient 11 round 25 local training (epochs=4)
[2026-07-28 22:26:54] 2026-07-28 22:26:54 | INFO     | KDClient 11 round 25 completed (acc=0.2800, n=180)
[2026-07-28 22:26:54] 2026-07-28 22:26:54 | INFO     | KDClient 12 fit round 25 (tier=medium)
[2026-07-28 22:26:54] 2026-07-28 22:26:54 | INFO     | KDClient 12 round 25 public KD (epochs=2)
[2026-07-28 22:28:22] 2026-07-28 22:28:22 | INFO     | KDClient 12 round 25 local training (epochs=4)
[2026-07-28 22:29:43] 2026-07-28 22:29:43 | INFO     | KDClient 12 round 25 completed (acc=0.3091, n=180)
[2026-07-28 22:29:43] 2026-07-28 22:29:43 | INFO     | KDClient 13 fit round 25 (tier=medium)
[2026-07-28 22:29:43] 2026-07-28 22:29:43 | INFO     | KDClient 13 round 25 public KD (epochs=2)
[2026-07-28 22:31:17] 2026-07-28 22:31:17 | INFO     | KDClient 13 round 25 local training (epochs=4)
[2026-07-28 22:32:35] 2026-07-28 22:32:35 | INFO     | KDClient 13 round 25 completed (acc=0.3091, n=180)
[2026-07-28 22:32:35] 2026-07-28 22:32:35 | INFO     | KDClient 14 fit round 25 (tier=large)
[2026-07-28 22:32:35] 2026-07-28 22:32:35 | INFO     | KDClient 14 round 25 public KD (epochs=2)
[2026-07-28 22:34:56] 2026-07-28 22:34:56 | INFO     | KDClient 14 round 25 local training (epochs=4)
[2026-07-28 22:36:43] 2026-07-28 22:36:43 | INFO     | KDClient 14 round 25 completed (acc=0.3018, n=180)
[2026-07-28 22:36:43] 2026-07-28 22:36:43 | INFO     | KDClient 15 fit round 25 (tier=large)
[2026-07-28 22:36:43] 2026-07-28 22:36:43 | INFO     | KDClient 15 round 25 public KD (epochs=2)
[2026-07-28 22:39:13] 2026-07-28 22:39:13 | INFO     | KDClient 15 round 25 local training (epochs=4)
[2026-07-28 22:41:08] 2026-07-28 22:41:08 | INFO     | KDClient 15 round 25 completed (acc=0.3091, n=180)
[2026-07-28 22:41:08] 2026-07-28 22:41:08 | INFO     | KDClient 16 fit round 25 (tier=large)
[2026-07-28 22:41:08] 2026-07-28 22:41:08 | INFO     | KDClient 16 round 25 public KD (epochs=2)
[2026-07-28 22:43:27] 2026-07-28 22:43:27 | INFO     | KDClient 16 round 25 local training (epochs=4)
[2026-07-28 22:45:14] 2026-07-28 22:45:14 | INFO     | KDClient 16 round 25 completed (acc=0.3091, n=180)
[2026-07-28 22:45:14] 2026-07-28 22:45:14 | INFO     | KDClient 17 fit round 25 (tier=large)
[2026-07-28 22:45:14] 2026-07-28 22:45:14 | INFO     | KDClient 17 round 25 public KD (epochs=2)
[2026-07-28 22:47:33] 2026-07-28 22:47:33 | INFO     | KDClient 17 round 25 local training (epochs=4)
[2026-07-28 22:50:07] 2026-07-28 22:50:07 | INFO     | KDClient 17 round 25 completed (acc=0.3091, n=180)
[2026-07-28 22:50:07] 2026-07-28 22:50:07 | INFO     | KDClient 18 fit round 25 (tier=large)
[2026-07-28 22:50:07] 2026-07-28 22:50:07 | INFO     | KDClient 18 round 25 public KD (epochs=2)
[2026-07-28 22:52:37] 2026-07-28 22:52:37 | INFO     | KDClient 18 round 25 local training (epochs=4)
[2026-07-28 22:55:02] 2026-07-28 22:55:02 | INFO     | KDClient 18 round 25 completed (acc=0.3091, n=180)
[2026-07-28 22:55:02] 2026-07-28 22:55:02 | INFO     | KDClient 19 fit round 25 (tier=large)
[2026-07-28 22:55:02] 2026-07-28 22:55:02 | INFO     | KDClient 19 round 25 public KD (epochs=2)
[2026-07-28 22:57:43] 2026-07-28 22:57:43 | INFO     | KDClient 19 round 25 local training (epochs=4)
[2026-07-28 22:59:32] 2026-07-28 22:59:32 | INFO     | KDClient 19 round 25 completed (acc=0.3091, n=180)
[2026-07-28 22:59:32]   Round  25/50 | Avg: 0.3069 | Min: 0.2800 | Max: 0.3091
[2026-07-28 22:59:32] 2026-07-28 22:59:32 | INFO     | FEDMD — IID: round 26/50 starting
[2026-07-28 22:59:32] 2026-07-28 22:59:32 | INFO     | KDClient 0 fit round 26 (tier=small)
[2026-07-28 22:59:32] 2026-07-28 22:59:32 | INFO     | KDClient 0 round 26 public KD (epochs=2)
[2026-07-28 23:00:16] 2026-07-28 23:00:16 | INFO     | KDClient 0 round 26 local training (epochs=4)
[2026-07-28 23:00:54] 2026-07-28 23:00:54 | INFO     | KDClient 0 round 26 completed (acc=0.3091, n=180)
[2026-07-28 23:00:54] 2026-07-28 23:00:54 | INFO     | KDClient 1 fit round 26 (tier=small)
[2026-07-28 23:00:54] 2026-07-28 23:00:54 | INFO     | KDClient 1 round 26 public KD (epochs=2)
[2026-07-28 23:01:31] 2026-07-28 23:01:31 | INFO     | KDClient 1 round 26 local training (epochs=4)
[2026-07-28 23:01:59] 2026-07-28 23:01:59 | INFO     | KDClient 1 round 26 completed (acc=0.3055, n=180)
[2026-07-28 23:01:59] 2026-07-28 23:01:59 | INFO     | KDClient 2 fit round 26 (tier=small)
[2026-07-28 23:01:59] 2026-07-28 23:01:59 | INFO     | KDClient 2 round 26 public KD (epochs=2)
[2026-07-28 23:02:38] 2026-07-28 23:02:38 | INFO     | KDClient 2 round 26 local training (epochs=4)
[2026-07-28 23:03:11] 2026-07-28 23:03:11 | INFO     | KDClient 2 round 26 completed (acc=0.3091, n=180)
[2026-07-28 23:03:11] 2026-07-28 23:03:11 | INFO     | KDClient 3 fit round 26 (tier=small)
[2026-07-28 23:03:11] 2026-07-28 23:03:11 | INFO     | KDClient 3 round 26 public KD (epochs=2)
[2026-07-28 23:04:15] 2026-07-28 23:04:15 | INFO     | KDClient 3 round 26 local training (epochs=4)
[2026-07-28 23:05:00] 2026-07-28 23:05:00 | INFO     | KDClient 3 round 26 completed (acc=0.3091, n=180)
[2026-07-28 23:05:00] 2026-07-28 23:05:00 | INFO     | KDClient 4 fit round 26 (tier=small)
[2026-07-28 23:05:00] 2026-07-28 23:05:00 | INFO     | KDClient 4 round 26 public KD (epochs=2)
[2026-07-28 23:05:42] 2026-07-28 23:05:42 | INFO     | KDClient 4 round 26 local training (epochs=4)
[2026-07-28 23:06:26] 2026-07-28 23:06:26 | INFO     | KDClient 4 round 26 completed (acc=0.3091, n=180)
[2026-07-28 23:06:26] 2026-07-28 23:06:26 | INFO     | KDClient 5 fit round 26 (tier=small)
[2026-07-28 23:06:26] 2026-07-28 23:06:26 | INFO     | KDClient 5 round 26 public KD (epochs=2)
[2026-07-28 23:07:26] 2026-07-28 23:07:26 | INFO     | KDClient 5 round 26 local training (epochs=4)
[2026-07-28 23:08:00] 2026-07-28 23:08:00 | INFO     | KDClient 5 round 26 completed (acc=0.3091, n=180)
[2026-07-28 23:08:00] 2026-07-28 23:08:00 | INFO     | KDClient 6 fit round 26 (tier=small)
[2026-07-28 23:08:00] 2026-07-28 23:08:00 | INFO     | KDClient 6 round 26 public KD (epochs=2)
[2026-07-28 23:08:31] 2026-07-28 23:08:31 | INFO     | KDClient 6 round 26 local training (epochs=4)
[2026-07-28 23:08:57] 2026-07-28 23:08:57 | INFO     | KDClient 6 round 26 completed (acc=0.3055, n=180)
[2026-07-28 23:08:57] 2026-07-28 23:08:57 | INFO     | KDClient 7 fit round 26 (tier=medium)
[2026-07-28 23:08:57] 2026-07-28 23:08:57 | INFO     | KDClient 7 round 26 public KD (epochs=2)
[2026-07-28 23:10:23] 2026-07-28 23:10:23 | INFO     | KDClient 7 round 26 local training (epochs=4)
[2026-07-28 23:11:43] 2026-07-28 23:11:43 | INFO     | KDClient 7 round 26 completed (acc=0.3091, n=180)
[2026-07-28 23:11:43] 2026-07-28 23:11:43 | INFO     | KDClient 8 fit round 26 (tier=medium)
[2026-07-28 23:11:43] 2026-07-28 23:11:43 | INFO     | KDClient 8 round 26 public KD (epochs=2)
[2026-07-28 23:13:13] 2026-07-28 23:13:13 | INFO     | KDClient 8 round 26 local training (epochs=4)
[2026-07-28 23:14:23] 2026-07-28 23:14:23 | INFO     | KDClient 8 round 26 completed (acc=0.3091, n=180)
[2026-07-28 23:14:23] 2026-07-28 23:14:23 | INFO     | KDClient 9 fit round 26 (tier=medium)
[2026-07-28 23:14:23] 2026-07-28 23:14:23 | INFO     | KDClient 9 round 26 public KD (epochs=2)
[2026-07-28 23:15:57] 2026-07-28 23:15:57 | INFO     | KDClient 9 round 26 local training (epochs=4)
[2026-07-28 23:17:21] 2026-07-28 23:17:21 | INFO     | KDClient 9 round 26 completed (acc=0.3091, n=180)
[2026-07-28 23:17:21] 2026-07-28 23:17:21 | INFO     | KDClient 10 fit round 26 (tier=medium)
[2026-07-28 23:17:21] 2026-07-28 23:17:21 | INFO     | KDClient 10 round 26 public KD (epochs=2)
[2026-07-28 23:18:57] 2026-07-28 23:18:57 | INFO     | KDClient 10 round 26 local training (epochs=4)
[2026-07-28 23:20:28] 2026-07-28 23:20:28 | INFO     | KDClient 10 round 26 completed (acc=0.2473, n=180)
[2026-07-28 23:20:28] 2026-07-28 23:20:28 | INFO     | KDClient 11 fit round 26 (tier=medium)
[2026-07-28 23:20:28] 2026-07-28 23:20:28 | INFO     | KDClient 11 round 26 public KD (epochs=2)
[2026-07-28 23:22:43] 2026-07-28 23:22:43 | INFO     | KDClient 11 round 26 local training (epochs=4)
[2026-07-28 23:24:02] 2026-07-28 23:24:02 | INFO     | KDClient 11 round 26 completed (acc=0.3091, n=180)
[2026-07-28 23:24:02] 2026-07-28 23:24:02 | INFO     | KDClient 12 fit round 26 (tier=medium)
[2026-07-28 23:24:02] 2026-07-28 23:24:02 | INFO     | KDClient 12 round 26 public KD (epochs=2)
[2026-07-28 23:26:12] 2026-07-28 23:26:12 | INFO     | KDClient 12 round 26 local training (epochs=4)
[2026-07-28 23:27:24] 2026-07-28 23:27:24 | INFO     | KDClient 12 round 26 completed (acc=0.3091, n=180)
[2026-07-28 23:27:24] 2026-07-28 23:27:24 | INFO     | KDClient 13 fit round 26 (tier=medium)
[2026-07-28 23:27:24] 2026-07-28 23:27:24 | INFO     | KDClient 13 round 26 public KD (epochs=2)
[2026-07-28 23:28:48] 2026-07-28 23:28:48 | INFO     | KDClient 13 round 26 local training (epochs=4)
[2026-07-28 23:30:17] 2026-07-28 23:30:17 | INFO     | KDClient 13 round 26 completed (acc=0.3091, n=180)
[2026-07-28 23:30:17] 2026-07-28 23:30:17 | INFO     | KDClient 14 fit round 26 (tier=large)
[2026-07-28 23:30:17] 2026-07-28 23:30:17 | INFO     | KDClient 14 round 26 public KD (epochs=2)
[2026-07-28 23:32:41] 2026-07-28 23:32:41 | INFO     | KDClient 14 round 26 local training (epochs=4)
[2026-07-28 23:34:32] 2026-07-28 23:34:32 | INFO     | KDClient 14 round 26 completed (acc=0.3055, n=180)
[2026-07-28 23:34:32] 2026-07-28 23:34:32 | INFO     | KDClient 15 fit round 26 (tier=large)
[2026-07-28 23:34:32] 2026-07-28 23:34:32 | INFO     | KDClient 15 round 26 public KD (epochs=2)
[2026-07-28 23:36:57] 2026-07-28 23:36:57 | INFO     | KDClient 15 round 26 local training (epochs=4)
[2026-07-28 23:38:51] 2026-07-28 23:38:51 | INFO     | KDClient 15 round 26 completed (acc=0.3091, n=180)
[2026-07-28 23:38:51] 2026-07-28 23:38:51 | INFO     | KDClient 16 fit round 26 (tier=large)
[2026-07-28 23:38:51] 2026-07-28 23:38:51 | INFO     | KDClient 16 round 26 public KD (epochs=2)
[2026-07-28 23:41:14] 2026-07-28 23:41:14 | INFO     | KDClient 16 round 26 local training (epochs=4)
[2026-07-28 23:43:40] 2026-07-28 23:43:40 | INFO     | KDClient 16 round 26 completed (acc=0.3091, n=180)
[2026-07-28 23:43:40] 2026-07-28 23:43:40 | INFO     | KDClient 17 fit round 26 (tier=large)
[2026-07-28 23:43:40] 2026-07-28 23:43:40 | INFO     | KDClient 17 round 26 public KD (epochs=2)
[2026-07-28 23:46:13] 2026-07-28 23:46:13 | INFO     | KDClient 17 round 26 local training (epochs=4)
[2026-07-28 23:48:07] 2026-07-28 23:48:07 | INFO     | KDClient 17 round 26 completed (acc=0.3091, n=180)
[2026-07-28 23:48:07] 2026-07-28 23:48:07 | INFO     | KDClient 18 fit round 26 (tier=large)
[2026-07-28 23:48:07] 2026-07-28 23:48:07 | INFO     | KDClient 18 round 26 public KD (epochs=2)
[2026-07-28 23:50:41] 2026-07-28 23:50:41 | INFO     | KDClient 18 round 26 local training (epochs=4)
[2026-07-28 23:52:38] 2026-07-28 23:52:38 | INFO     | KDClient 18 round 26 completed (acc=0.3091, n=180)
[2026-07-28 23:52:38] 2026-07-28 23:52:38 | INFO     | KDClient 19 fit round 26 (tier=large)
[2026-07-28 23:52:38] 2026-07-28 23:52:38 | INFO     | KDClient 19 round 26 public KD (epochs=2)
[2026-07-28 23:55:07] 2026-07-28 23:55:07 | INFO     | KDClient 19 round 26 local training (epochs=4)
[2026-07-28 23:56:58] 2026-07-28 23:56:58 | INFO     | KDClient 19 round 26 completed (acc=0.3091, n=180)
[2026-07-28 23:56:58]   Round  26/50 | Avg: 0.3055 | Min: 0.2473 | Max: 0.3091
[2026-07-28 23:56:58] 2026-07-28 23:56:58 | INFO     | FEDMD — IID: round 27/50 starting
[2026-07-28 23:56:58] 2026-07-28 23:56:58 | INFO     | KDClient 0 fit round 27 (tier=small)
[2026-07-28 23:56:58] 2026-07-28 23:56:58 | INFO     | KDClient 0 round 27 public KD (epochs=2)
[2026-07-28 23:57:38] 2026-07-28 23:57:38 | INFO     | KDClient 0 round 27 local training (epochs=4)
[2026-07-28 23:58:18] 2026-07-28 23:58:18 | INFO     | KDClient 0 round 27 completed (acc=0.3018, n=180)
[2026-07-28 23:58:18] 2026-07-28 23:58:18 | INFO     | KDClient 1 fit round 27 (tier=small)
[2026-07-28 23:58:18] 2026-07-28 23:58:18 | INFO     | KDClient 1 round 27 public KD (epochs=2)
[2026-07-28 23:59:01] 2026-07-28 23:59:01 | INFO     | KDClient 1 round 27 local training (epochs=4)
[2026-07-28 23:59:41] 2026-07-28 23:59:41 | INFO     | KDClient 1 round 27 completed (acc=0.3055, n=180)
[2026-07-28 23:59:41] 2026-07-28 23:59:41 | INFO     | KDClient 2 fit round 27 (tier=small)
[2026-07-28 23:59:41] 2026-07-28 23:59:41 | INFO     | KDClient 2 round 27 public KD (epochs=2)
[2026-07-29 00:00:26] 2026-07-29 00:00:26 | INFO     | KDClient 2 round 27 local training (epochs=4)
[2026-07-29 00:01:07] 2026-07-29 00:01:07 | INFO     | KDClient 2 round 27 completed (acc=0.3091, n=180)
[2026-07-29 00:01:07] 2026-07-29 00:01:07 | INFO     | KDClient 3 fit round 27 (tier=small)
[2026-07-29 00:01:07] 2026-07-29 00:01:07 | INFO     | KDClient 3 round 27 public KD (epochs=2)
[2026-07-29 00:02:13] 2026-07-29 00:02:13 | INFO     | KDClient 3 round 27 local training (epochs=4)
[2026-07-29 00:02:43] 2026-07-29 00:02:43 | INFO     | KDClient 3 round 27 completed (acc=0.3055, n=180)
[2026-07-29 00:02:43] 2026-07-29 00:02:43 | INFO     | KDClient 4 fit round 27 (tier=small)
[2026-07-29 00:02:43] 2026-07-29 00:02:43 | INFO     | KDClient 4 round 27 public KD (epochs=2)
[2026-07-29 00:03:22] 2026-07-29 00:03:22 | INFO     | KDClient 4 round 27 local training (epochs=4)
[2026-07-29 00:03:52] 2026-07-29 00:03:52 | INFO     | KDClient 4 round 27 completed (acc=0.3091, n=180)
[2026-07-29 00:03:52] 2026-07-29 00:03:52 | INFO     | KDClient 5 fit round 27 (tier=small)
[2026-07-29 00:03:52] 2026-07-29 00:03:52 | INFO     | KDClient 5 round 27 public KD (epochs=2)
[2026-07-29 00:04:57] 2026-07-29 00:04:57 | INFO     | KDClient 5 round 27 local training (epochs=4)
[2026-07-29 00:05:36] 2026-07-29 00:05:36 | INFO     | KDClient 5 round 27 completed (acc=0.3091, n=180)
[2026-07-29 00:05:36] 2026-07-29 00:05:36 | INFO     | KDClient 6 fit round 27 (tier=small)
[2026-07-29 00:05:36] 2026-07-29 00:05:36 | INFO     | KDClient 6 round 27 public KD (epochs=2)
[2026-07-29 00:06:14] 2026-07-29 00:06:14 | INFO     | KDClient 6 round 27 local training (epochs=4)
[2026-07-29 00:06:44] 2026-07-29 00:06:44 | INFO     | KDClient 6 round 27 completed (acc=0.3091, n=180)
[2026-07-29 00:06:44] 2026-07-29 00:06:44 | INFO     | KDClient 7 fit round 27 (tier=medium)
[2026-07-29 00:06:44] 2026-07-29 00:06:44 | INFO     | KDClient 7 round 27 public KD (epochs=2)
[2026-07-29 00:08:16] 2026-07-29 00:08:16 | INFO     | KDClient 7 round 27 local training (epochs=4)
[2026-07-29 00:09:29] 2026-07-29 00:09:29 | INFO     | KDClient 7 round 27 completed (acc=0.3091, n=180)
[2026-07-29 00:09:29] 2026-07-29 00:09:29 | INFO     | KDClient 8 fit round 27 (tier=medium)
[2026-07-29 00:09:29] 2026-07-29 00:09:29 | INFO     | KDClient 8 round 27 public KD (epochs=2)
[2026-07-29 00:10:59] 2026-07-29 00:10:59 | INFO     | KDClient 8 round 27 local training (epochs=4)
[2026-07-29 00:12:13] 2026-07-29 00:12:13 | INFO     | KDClient 8 round 27 completed (acc=0.3091, n=180)
[2026-07-29 00:12:13] 2026-07-29 00:12:13 | INFO     | KDClient 9 fit round 27 (tier=medium)
[2026-07-29 00:12:13] 2026-07-29 00:12:13 | INFO     | KDClient 9 round 27 public KD (epochs=2)
[2026-07-29 00:13:48] 2026-07-29 00:13:48 | INFO     | KDClient 9 round 27 local training (epochs=4)
[2026-07-29 00:15:21] 2026-07-29 00:15:21 | INFO     | KDClient 9 round 27 completed (acc=0.3055, n=180)
[2026-07-29 00:15:21] 2026-07-29 00:15:21 | INFO     | KDClient 10 fit round 27 (tier=medium)
[2026-07-29 00:15:21] 2026-07-29 00:15:21 | INFO     | KDClient 10 round 27 public KD (epochs=2)
[2026-07-29 00:17:36] 2026-07-29 00:17:36 | INFO     | KDClient 10 round 27 local training (epochs=4)
[2026-07-29 00:19:03] 2026-07-29 00:19:03 | INFO     | KDClient 10 round 27 completed (acc=0.3018, n=180)
[2026-07-29 00:19:03] 2026-07-29 00:19:03 | INFO     | KDClient 11 fit round 27 (tier=medium)
[2026-07-29 00:19:03] 2026-07-29 00:19:03 | INFO     | KDClient 11 round 27 public KD (epochs=2)
[2026-07-29 00:20:46] 2026-07-29 00:20:46 | INFO     | KDClient 11 round 27 local training (epochs=4)
[2026-07-29 00:22:03] 2026-07-29 00:22:03 | INFO     | KDClient 11 round 27 completed (acc=0.3091, n=180)
[2026-07-29 00:22:03] 2026-07-29 00:22:03 | INFO     | KDClient 12 fit round 27 (tier=medium)
[2026-07-29 00:22:03] 2026-07-29 00:22:03 | INFO     | KDClient 12 round 27 public KD (epochs=2)
[2026-07-29 00:24:10] 2026-07-29 00:24:10 | INFO     | KDClient 12 round 27 local training (epochs=4)
[2026-07-29 00:25:38] 2026-07-29 00:25:38 | INFO     | KDClient 12 round 27 completed (acc=0.2800, n=180)
[2026-07-29 00:25:38] 2026-07-29 00:25:38 | INFO     | KDClient 13 fit round 27 (tier=medium)
[2026-07-29 00:25:38] 2026-07-29 00:25:38 | INFO     | KDClient 13 round 27 public KD (epochs=2)
[2026-07-29 00:27:09] 2026-07-29 00:27:09 | INFO     | KDClient 13 round 27 local training (epochs=4)
[2026-07-29 00:28:32] 2026-07-29 00:28:32 | INFO     | KDClient 13 round 27 completed (acc=0.3091, n=180)
[2026-07-29 00:28:32] 2026-07-29 00:28:32 | INFO     | KDClient 14 fit round 27 (tier=large)
[2026-07-29 00:28:32] 2026-07-29 00:28:32 | INFO     | KDClient 14 round 27 public KD (epochs=2)
[2026-07-29 00:30:47] 2026-07-29 00:30:47 | INFO     | KDClient 14 round 27 local training (epochs=4)
[2026-07-29 00:32:57] 2026-07-29 00:32:57 | INFO     | KDClient 14 round 27 completed (acc=0.2727, n=180)
[2026-07-29 00:32:57] 2026-07-29 00:32:57 | INFO     | KDClient 15 fit round 27 (tier=large)
[2026-07-29 00:32:57] 2026-07-29 00:32:57 | INFO     | KDClient 15 round 27 public KD (epochs=2)
[2026-07-29 00:35:28] 2026-07-29 00:35:28 | INFO     | KDClient 15 round 27 local training (epochs=4)
[2026-07-29 00:37:27] 2026-07-29 00:37:27 | INFO     | KDClient 15 round 27 completed (acc=0.3091, n=180)
[2026-07-29 00:37:27] 2026-07-29 00:37:27 | INFO     | KDClient 16 fit round 27 (tier=large)
[2026-07-29 00:37:27] 2026-07-29 00:37:27 | INFO     | KDClient 16 round 27 public KD (epochs=2)
[2026-07-29 00:39:52] 2026-07-29 00:39:52 | INFO     | KDClient 16 round 27 local training (epochs=4)
[2026-07-29 00:41:56] 2026-07-29 00:41:56 | INFO     | KDClient 16 round 27 completed (acc=0.3091, n=180)
[2026-07-29 00:41:56] 2026-07-29 00:41:56 | INFO     | KDClient 17 fit round 27 (tier=large)
[2026-07-29 00:41:56] 2026-07-29 00:41:56 | INFO     | KDClient 17 round 27 public KD (epochs=2)
[2026-07-29 00:44:27] 2026-07-29 00:44:27 | INFO     | KDClient 17 round 27 local training (epochs=4)
[2026-07-29 00:46:47] 2026-07-29 00:46:47 | INFO     | KDClient 17 round 27 completed (acc=0.3091, n=180)
[2026-07-29 00:46:47] 2026-07-29 00:46:47 | INFO     | KDClient 18 fit round 27 (tier=large)
[2026-07-29 00:46:47] 2026-07-29 00:46:47 | INFO     | KDClient 18 round 27 public KD (epochs=2)
[2026-07-29 00:49:19] 2026-07-29 00:49:19 | INFO     | KDClient 18 round 27 local training (epochs=4)
[2026-07-29 00:51:30] 2026-07-29 00:51:30 | INFO     | KDClient 18 round 27 completed (acc=0.3091, n=180)
[2026-07-29 00:51:30] 2026-07-29 00:51:30 | INFO     | KDClient 19 fit round 27 (tier=large)
[2026-07-29 00:51:30] 2026-07-29 00:51:30 | INFO     | KDClient 19 round 27 public KD (epochs=2)
[2026-07-29 00:54:01] 2026-07-29 00:54:01 | INFO     | KDClient 19 round 27 local training (epochs=4)
[2026-07-29 00:55:55] 2026-07-29 00:55:55 | INFO     | KDClient 19 round 27 completed (acc=0.3091, n=180)
[2026-07-29 00:55:55]   Round  27/50 | Avg: 0.3045 | Min: 0.2727 | Max: 0.3091
[2026-07-29 00:55:55] 2026-07-29 00:55:55 | INFO     | FEDMD — IID: round 28/50 starting
[2026-07-29 00:55:55] 2026-07-29 00:55:55 | INFO     | KDClient 0 fit round 28 (tier=small)
[2026-07-29 00:55:55] 2026-07-29 00:55:55 | INFO     | KDClient 0 round 28 public KD (epochs=2)
[2026-07-29 00:56:58] 2026-07-29 00:56:58 | INFO     | KDClient 0 round 28 local training (epochs=4)
[2026-07-29 00:57:30] 2026-07-29 00:57:30 | INFO     | KDClient 0 round 28 completed (acc=0.3091, n=180)
[2026-07-29 00:57:30] 2026-07-29 00:57:30 | INFO     | KDClient 1 fit round 28 (tier=small)
[2026-07-29 00:57:30] 2026-07-29 00:57:30 | INFO     | KDClient 1 round 28 public KD (epochs=2)
[2026-07-29 00:58:04] 2026-07-29 00:58:04 | INFO     | KDClient 1 round 28 local training (epochs=4)
[2026-07-29 00:58:32] 2026-07-29 00:58:32 | INFO     | KDClient 1 round 28 completed (acc=0.3055, n=180)
[2026-07-29 00:58:32] 2026-07-29 00:58:32 | INFO     | KDClient 2 fit round 28 (tier=small)
[2026-07-29 00:58:32] 2026-07-29 00:58:32 | INFO     | KDClient 2 round 28 public KD (epochs=2)
[2026-07-29 00:59:15] 2026-07-29 00:59:15 | INFO     | KDClient 2 round 28 local training (epochs=4)
[2026-07-29 00:59:50] 2026-07-29 00:59:50 | INFO     | KDClient 2 round 28 completed (acc=0.3091, n=180)
[2026-07-29 00:59:50] 2026-07-29 00:59:50 | INFO     | KDClient 3 fit round 28 (tier=small)
[2026-07-29 00:59:50] 2026-07-29 00:59:50 | INFO     | KDClient 3 round 28 public KD (epochs=2)
[2026-07-29 01:00:27] 2026-07-29 01:00:27 | INFO     | KDClient 3 round 28 local training (epochs=4)
[2026-07-29 01:00:54] 2026-07-29 01:00:54 | INFO     | KDClient 3 round 28 completed (acc=0.3091, n=180)
[2026-07-29 01:00:54] 2026-07-29 01:00:54 | INFO     | KDClient 4 fit round 28 (tier=small)
[2026-07-29 01:00:54] 2026-07-29 01:00:54 | INFO     | KDClient 4 round 28 public KD (epochs=2)
[2026-07-29 01:01:34] 2026-07-29 01:01:34 | INFO     | KDClient 4 round 28 local training (epochs=4)
[2026-07-29 01:02:07] 2026-07-29 01:02:07 | INFO     | KDClient 4 round 28 completed (acc=0.3091, n=180)
[2026-07-29 01:02:07] 2026-07-29 01:02:07 | INFO     | KDClient 5 fit round 28 (tier=small)
[2026-07-29 01:02:07] 2026-07-29 01:02:07 | INFO     | KDClient 5 round 28 public KD (epochs=2)
[2026-07-29 01:03:10] 2026-07-29 01:03:10 | INFO     | KDClient 5 round 28 local training (epochs=4)
[2026-07-29 01:03:55] 2026-07-29 01:03:55 | INFO     | KDClient 5 round 28 completed (acc=0.3091, n=180)
[2026-07-29 01:03:55] 2026-07-29 01:03:55 | INFO     | KDClient 6 fit round 28 (tier=small)
[2026-07-29 01:03:55] 2026-07-29 01:03:55 | INFO     | KDClient 6 round 28 public KD (epochs=2)
[2026-07-29 01:04:32] 2026-07-29 01:04:32 | INFO     | KDClient 6 round 28 local training (epochs=4)
[2026-07-29 01:05:10] 2026-07-29 01:05:10 | INFO     | KDClient 6 round 28 completed (acc=0.3055, n=180)
[2026-07-29 01:05:10] 2026-07-29 01:05:10 | INFO     | KDClient 7 fit round 28 (tier=medium)
[2026-07-29 01:05:10] 2026-07-29 01:05:10 | INFO     | KDClient 7 round 28 public KD (epochs=2)
[2026-07-29 01:06:43] 2026-07-29 01:06:43 | INFO     | KDClient 7 round 28 local training (epochs=4)
[2026-07-29 01:07:52] 2026-07-29 01:07:52 | INFO     | KDClient 7 round 28 completed (acc=0.2764, n=180)
[2026-07-29 01:07:52] 2026-07-29 01:07:52 | INFO     | KDClient 8 fit round 28 (tier=medium)
[2026-07-29 01:07:52] 2026-07-29 01:07:52 | INFO     | KDClient 8 round 28 public KD (epochs=2)
[2026-07-29 01:09:21] 2026-07-29 01:09:21 | INFO     | KDClient 8 round 28 local training (epochs=4)
[2026-07-29 01:10:44] 2026-07-29 01:10:44 | INFO     | KDClient 8 round 28 completed (acc=0.3091, n=180)
[2026-07-29 01:10:44] 2026-07-29 01:10:44 | INFO     | KDClient 9 fit round 28 (tier=medium)
[2026-07-29 01:10:44] 2026-07-29 01:10:44 | INFO     | KDClient 9 round 28 public KD (epochs=2)
[2026-07-29 01:12:58] 2026-07-29 01:12:58 | INFO     | KDClient 9 round 28 local training (epochs=4)
[2026-07-29 01:14:26] 2026-07-29 01:14:26 | INFO     | KDClient 9 round 28 completed (acc=0.3055, n=180)
[2026-07-29 01:14:26] 2026-07-29 01:14:26 | INFO     | KDClient 10 fit round 28 (tier=medium)
[2026-07-29 01:14:26] 2026-07-29 01:14:26 | INFO     | KDClient 10 round 28 public KD (epochs=2)
[2026-07-29 01:16:40] 2026-07-29 01:16:39 | INFO     | KDClient 10 round 28 local training (epochs=4)
[2026-07-29 01:18:11] 2026-07-29 01:18:11 | INFO     | KDClient 10 round 28 completed (acc=0.2727, n=180)
[2026-07-29 01:18:11] 2026-07-29 01:18:11 | INFO     | KDClient 11 fit round 28 (tier=medium)
[2026-07-29 01:18:11] 2026-07-29 01:18:11 | INFO     | KDClient 11 round 28 public KD (epochs=2)
[2026-07-29 01:20:21] 2026-07-29 01:20:21 | INFO     | KDClient 11 round 28 local training (epochs=4)
[2026-07-29 01:21:42] 2026-07-29 01:21:42 | INFO     | KDClient 11 round 28 completed (acc=0.3091, n=180)
[2026-07-29 01:21:42] 2026-07-29 01:21:42 | INFO     | KDClient 12 fit round 28 (tier=medium)
[2026-07-29 01:21:42] 2026-07-29 01:21:42 | INFO     | KDClient 12 round 28 public KD (epochs=2)
[2026-07-29 01:23:13] 2026-07-29 01:23:13 | INFO     | KDClient 12 round 28 local training (epochs=4)
[2026-07-29 01:24:39] 2026-07-29 01:24:39 | INFO     | KDClient 12 round 28 completed (acc=0.3018, n=180)
[2026-07-29 01:24:39] 2026-07-29 01:24:39 | INFO     | KDClient 13 fit round 28 (tier=medium)
[2026-07-29 01:24:39] 2026-07-29 01:24:39 | INFO     | KDClient 13 round 28 public KD (epochs=2)
[2026-07-29 01:26:10] 2026-07-29 01:26:10 | INFO     | KDClient 13 round 28 local training (epochs=4)
[2026-07-29 01:27:24] 2026-07-29 01:27:24 | INFO     | KDClient 13 round 28 completed (acc=0.3091, n=180)
[2026-07-29 01:27:24] 2026-07-29 01:27:24 | INFO     | KDClient 14 fit round 28 (tier=large)
[2026-07-29 01:27:24] 2026-07-29 01:27:24 | INFO     | KDClient 14 round 28 public KD (epochs=2)
[2026-07-29 01:29:45] 2026-07-29 01:29:45 | INFO     | KDClient 14 round 28 local training (epochs=4)
[2026-07-29 01:31:43] 2026-07-29 01:31:43 | INFO     | KDClient 14 round 28 completed (acc=0.3055, n=180)
[2026-07-29 01:31:43] 2026-07-29 01:31:43 | INFO     | KDClient 15 fit round 28 (tier=large)
[2026-07-29 01:31:43] 2026-07-29 01:31:43 | INFO     | KDClient 15 round 28 public KD (epochs=2)
[2026-07-29 01:33:58] 2026-07-29 01:33:58 | INFO     | KDClient 15 round 28 local training (epochs=4)
[2026-07-29 01:35:54] 2026-07-29 01:35:54 | INFO     | KDClient 15 round 28 completed (acc=0.3091, n=180)
[2026-07-29 01:35:54] 2026-07-29 01:35:54 | INFO     | KDClient 16 fit round 28 (tier=large)
[2026-07-29 01:35:54] 2026-07-29 01:35:54 | INFO     | KDClient 16 round 28 public KD (epochs=2)
[2026-07-29 01:38:16] 2026-07-29 01:38:16 | INFO     | KDClient 16 round 28 local training (epochs=4)
[2026-07-29 01:40:17] 2026-07-29 01:40:17 | INFO     | KDClient 16 round 28 completed (acc=0.3091, n=180)
[2026-07-29 01:40:17] 2026-07-29 01:40:17 | INFO     | KDClient 17 fit round 28 (tier=large)
[2026-07-29 01:40:17] 2026-07-29 01:40:17 | INFO     | KDClient 17 round 28 public KD (epochs=2)
[2026-07-29 01:43:03] 2026-07-29 01:43:03 | INFO     | KDClient 17 round 28 local training (epochs=4)
[2026-07-29 01:44:48] 2026-07-29 01:44:48 | INFO     | KDClient 17 round 28 completed (acc=0.3091, n=180)
[2026-07-29 01:44:48] 2026-07-29 01:44:48 | INFO     | KDClient 18 fit round 28 (tier=large)
[2026-07-29 01:44:48] 2026-07-29 01:44:48 | INFO     | KDClient 18 round 28 public KD (epochs=2)
[2026-07-29 01:47:02] 2026-07-29 01:47:02 | INFO     | KDClient 18 round 28 local training (epochs=4)
[2026-07-29 01:48:57] 2026-07-29 01:48:57 | INFO     | KDClient 18 round 28 completed (acc=0.3091, n=180)
[2026-07-29 01:48:57] 2026-07-29 01:48:57 | INFO     | KDClient 19 fit round 28 (tier=large)
[2026-07-29 01:48:57] 2026-07-29 01:48:57 | INFO     | KDClient 19 round 28 public KD (epochs=2)
[2026-07-29 01:51:28] 2026-07-29 01:51:28 | INFO     | KDClient 19 round 28 local training (epochs=4)
[2026-07-29 01:53:19] 2026-07-29 01:53:19 | INFO     | KDClient 19 round 28 completed (acc=0.3091, n=180)
[2026-07-29 01:53:19]   Round  28/50 | Avg: 0.3045 | Min: 0.2727 | Max: 0.3091
[2026-07-29 01:53:19] 2026-07-29 01:53:19 | INFO     | FEDMD — IID: round 29/50 starting
[2026-07-29 01:53:19] 2026-07-29 01:53:19 | INFO     | KDClient 0 fit round 29 (tier=small)
[2026-07-29 01:53:19] 2026-07-29 01:53:19 | INFO     | KDClient 0 round 29 public KD (epochs=2)
[2026-07-29 01:54:22] 2026-07-29 01:54:22 | INFO     | KDClient 0 round 29 local training (epochs=4)
[2026-07-29 01:55:01] 2026-07-29 01:55:01 | INFO     | KDClient 0 round 29 completed (acc=0.3091, n=180)
[2026-07-29 01:55:01] 2026-07-29 01:55:01 | INFO     | KDClient 1 fit round 29 (tier=small)
[2026-07-29 01:55:01] 2026-07-29 01:55:01 | INFO     | KDClient 1 round 29 public KD (epochs=2)
[2026-07-29 01:55:39] 2026-07-29 01:55:39 | INFO     | KDClient 1 round 29 local training (epochs=4)
[2026-07-29 01:56:08] 2026-07-29 01:56:08 | INFO     | KDClient 1 round 29 completed (acc=0.3055, n=180)
[2026-07-29 01:56:08] 2026-07-29 01:56:08 | INFO     | KDClient 2 fit round 29 (tier=small)
[2026-07-29 01:56:08] 2026-07-29 01:56:08 | INFO     | KDClient 2 round 29 public KD (epochs=2)
[2026-07-29 01:56:48] 2026-07-29 01:56:48 | INFO     | KDClient 2 round 29 local training (epochs=4)
[2026-07-29 01:57:18] 2026-07-29 01:57:18 | INFO     | KDClient 2 round 29 completed (acc=0.3091, n=180)
[2026-07-29 01:57:18] 2026-07-29 01:57:18 | INFO     | KDClient 3 fit round 29 (tier=small)
[2026-07-29 01:57:18] 2026-07-29 01:57:18 | INFO     | KDClient 3 round 29 public KD (epochs=2)
[2026-07-29 01:58:00] 2026-07-29 01:58:00 | INFO     | KDClient 3 round 29 local training (epochs=4)
[2026-07-29 01:58:37] 2026-07-29 01:58:37 | INFO     | KDClient 3 round 29 completed (acc=0.3018, n=180)
[2026-07-29 01:58:37] 2026-07-29 01:58:37 | INFO     | KDClient 4 fit round 29 (tier=small)
[2026-07-29 01:58:37] 2026-07-29 01:58:37 | INFO     | KDClient 4 round 29 public KD (epochs=2)
[2026-07-29 01:59:12] 2026-07-29 01:59:12 | INFO     | KDClient 4 round 29 local training (epochs=4)
[2026-07-29 01:59:49] 2026-07-29 01:59:49 | INFO     | KDClient 4 round 29 completed (acc=0.3091, n=180)
[2026-07-29 01:59:49] 2026-07-29 01:59:49 | INFO     | KDClient 5 fit round 29 (tier=small)
[2026-07-29 01:59:49] 2026-07-29 01:59:49 | INFO     | KDClient 5 round 29 public KD (epochs=2)
[2026-07-29 02:00:26] 2026-07-29 02:00:26 | INFO     | KDClient 5 round 29 local training (epochs=4)
[2026-07-29 02:01:03] 2026-07-29 02:01:03 | INFO     | KDClient 5 round 29 completed (acc=0.3091, n=180)
[2026-07-29 02:01:03] 2026-07-29 02:01:03 | INFO     | KDClient 6 fit round 29 (tier=small)
[2026-07-29 02:01:03] 2026-07-29 02:01:03 | INFO     | KDClient 6 round 29 public KD (epochs=2)
[2026-07-29 02:01:46] 2026-07-29 02:01:46 | INFO     | KDClient 6 round 29 local training (epochs=4)
[2026-07-29 02:02:30] 2026-07-29 02:02:30 | INFO     | KDClient 6 round 29 completed (acc=0.3091, n=180)
[2026-07-29 02:02:30] 2026-07-29 02:02:30 | INFO     | KDClient 7 fit round 29 (tier=medium)
[2026-07-29 02:02:30] 2026-07-29 02:02:30 | INFO     | KDClient 7 round 29 public KD (epochs=2)
[2026-07-29 02:03:59] 2026-07-29 02:03:59 | INFO     | KDClient 7 round 29 local training (epochs=4)
[2026-07-29 02:05:42] 2026-07-29 02:05:42 | INFO     | KDClient 7 round 29 completed (acc=0.3091, n=180)
[2026-07-29 02:05:42] 2026-07-29 02:05:42 | INFO     | KDClient 8 fit round 29 (tier=medium)
[2026-07-29 02:05:42] 2026-07-29 02:05:42 | INFO     | KDClient 8 round 29 public KD (epochs=2)
[2026-07-29 02:07:53] 2026-07-29 02:07:53 | INFO     | KDClient 8 round 29 local training (epochs=4)
[2026-07-29 02:09:19] 2026-07-29 02:09:19 | INFO     | KDClient 8 round 29 completed (acc=0.3091, n=180)
[2026-07-29 02:09:19] 2026-07-29 02:09:19 | INFO     | KDClient 9 fit round 29 (tier=medium)
[2026-07-29 02:09:19] 2026-07-29 02:09:19 | INFO     | KDClient 9 round 29 public KD (epochs=2)
[2026-07-29 02:11:35] 2026-07-29 02:11:35 | INFO     | KDClient 9 round 29 local training (epochs=4)
[2026-07-29 02:13:02] 2026-07-29 02:13:02 | INFO     | KDClient 9 round 29 completed (acc=0.2982, n=180)
[2026-07-29 02:13:02] 2026-07-29 02:13:02 | INFO     | KDClient 10 fit round 29 (tier=medium)
[2026-07-29 02:13:02] 2026-07-29 02:13:02 | INFO     | KDClient 10 round 29 public KD (epochs=2)
[2026-07-29 02:14:41] 2026-07-29 02:14:41 | INFO     | KDClient 10 round 29 local training (epochs=4)
[2026-07-29 02:15:57] 2026-07-29 02:15:57 | INFO     | KDClient 10 round 29 completed (acc=0.3091, n=180)
[2026-07-29 02:15:57] 2026-07-29 02:15:57 | INFO     | KDClient 11 fit round 29 (tier=medium)
[2026-07-29 02:15:57] 2026-07-29 02:15:57 | INFO     | KDClient 11 round 29 public KD (epochs=2)
[2026-07-29 02:17:26] 2026-07-29 02:17:26 | INFO     | KDClient 11 round 29 local training (epochs=4)
[2026-07-29 02:18:47] 2026-07-29 02:18:47 | INFO     | KDClient 11 round 29 completed (acc=0.3091, n=180)
[2026-07-29 02:18:47] 2026-07-29 02:18:47 | INFO     | KDClient 12 fit round 29 (tier=medium)
[2026-07-29 02:18:47] 2026-07-29 02:18:47 | INFO     | KDClient 12 round 29 public KD (epochs=2)
[2026-07-29 02:21:33] 2026-07-29 02:21:33 | INFO     | KDClient 12 round 29 local training (epochs=4)
[2026-07-29 02:22:43] 2026-07-29 02:22:43 | INFO     | KDClient 12 round 29 completed (acc=0.3091, n=180)
[2026-07-29 02:22:43] 2026-07-29 02:22:43 | INFO     | KDClient 13 fit round 29 (tier=medium)
[2026-07-29 02:22:43] 2026-07-29 02:22:43 | INFO     | KDClient 13 round 29 public KD (epochs=2)
[2026-07-29 02:24:48] 2026-07-29 02:24:48 | INFO     | KDClient 13 round 29 local training (epochs=4)
[2026-07-29 02:26:17] 2026-07-29 02:26:17 | INFO     | KDClient 13 round 29 completed (acc=0.3091, n=180)
[2026-07-29 02:26:17] 2026-07-29 02:26:17 | INFO     | KDClient 14 fit round 29 (tier=large)
[2026-07-29 02:26:17] 2026-07-29 02:26:17 | INFO     | KDClient 14 round 29 public KD (epochs=2)
[2026-07-29 02:28:48] 2026-07-29 02:28:48 | INFO     | KDClient 14 round 29 local training (epochs=4)
[2026-07-29 02:31:06] 2026-07-29 02:31:06 | INFO     | KDClient 14 round 29 completed (acc=0.3091, n=180)
[2026-07-29 02:31:06] 2026-07-29 02:31:06 | INFO     | KDClient 15 fit round 29 (tier=large)
[2026-07-29 02:31:06] 2026-07-29 02:31:06 | INFO     | KDClient 15 round 29 public KD (epochs=2)
[2026-07-29 02:33:30] 2026-07-29 02:33:30 | INFO     | KDClient 15 round 29 local training (epochs=4)
[2026-07-29 02:35:48] 2026-07-29 02:35:48 | INFO     | KDClient 15 round 29 completed (acc=0.3091, n=180)
[2026-07-29 02:35:48] 2026-07-29 02:35:48 | INFO     | KDClient 16 fit round 29 (tier=large)
[2026-07-29 02:35:48] 2026-07-29 02:35:48 | INFO     | KDClient 16 round 29 public KD (epochs=2)
[2026-07-29 02:38:20] 2026-07-29 02:38:20 | INFO     | KDClient 16 round 29 local training (epochs=4)
[2026-07-29 02:40:15] 2026-07-29 02:40:15 | INFO     | KDClient 16 round 29 completed (acc=0.3091, n=180)
[2026-07-29 02:40:15] 2026-07-29 02:40:15 | INFO     | KDClient 17 fit round 29 (tier=large)
[2026-07-29 02:40:15] 2026-07-29 02:40:15 | INFO     | KDClient 17 round 29 public KD (epochs=2)
[2026-07-29 02:42:33] 2026-07-29 02:42:33 | INFO     | KDClient 17 round 29 local training (epochs=4)
[2026-07-29 02:44:43] 2026-07-29 02:44:43 | INFO     | KDClient 17 round 29 completed (acc=0.3091, n=180)
[2026-07-29 02:44:43] 2026-07-29 02:44:43 | INFO     | KDClient 18 fit round 29 (tier=large)
[2026-07-29 02:44:43] 2026-07-29 02:44:43 | INFO     | KDClient 18 round 29 public KD (epochs=2)
[2026-07-29 02:47:17] 2026-07-29 02:47:17 | INFO     | KDClient 18 round 29 local training (epochs=4)
[2026-07-29 02:48:57] 2026-07-29 02:48:57 | INFO     | KDClient 18 round 29 completed (acc=0.3091, n=180)
[2026-07-29 02:48:57] 2026-07-29 02:48:57 | INFO     | KDClient 19 fit round 29 (tier=large)
[2026-07-29 02:48:57] 2026-07-29 02:48:57 | INFO     | KDClient 19 round 29 public KD (epochs=2)
[2026-07-29 02:51:14] 2026-07-29 02:51:14 | INFO     | KDClient 19 round 29 local training (epochs=4)
[2026-07-29 02:53:27] 2026-07-29 02:53:27 | INFO     | KDClient 19 round 29 completed (acc=0.3091, n=180)
[2026-07-29 02:53:27]   Round  29/50 | Avg: 0.3080 | Min: 0.2982 | Max: 0.3091
[2026-07-29 02:53:27] 2026-07-29 02:53:27 | INFO     | FEDMD — IID: round 30/50 starting
[2026-07-29 02:53:27] 2026-07-29 02:53:27 | INFO     | KDClient 0 fit round 30 (tier=small)
[2026-07-29 02:53:27] 2026-07-29 02:53:27 | INFO     | KDClient 0 round 30 public KD (epochs=2)
[2026-07-29 02:54:11] 2026-07-29 02:54:10 | INFO     | KDClient 0 round 30 local training (epochs=4)
[2026-07-29 02:54:33] 2026-07-29 02:54:33 | INFO     | KDClient 0 round 30 completed (acc=0.3091, n=180)
[2026-07-29 02:54:33] 2026-07-29 02:54:33 | INFO     | KDClient 1 fit round 30 (tier=small)
[2026-07-29 02:54:33] 2026-07-29 02:54:33 | INFO     | KDClient 1 round 30 public KD (epochs=2)
[2026-07-29 02:55:16] 2026-07-29 02:55:16 | INFO     | KDClient 1 round 30 local training (epochs=4)
[2026-07-29 02:55:58] 2026-07-29 02:55:58 | INFO     | KDClient 1 round 30 completed (acc=0.3018, n=180)
[2026-07-29 02:55:58] 2026-07-29 02:55:58 | INFO     | KDClient 2 fit round 30 (tier=small)
[2026-07-29 02:55:58] 2026-07-29 02:55:58 | INFO     | KDClient 2 round 30 public KD (epochs=2)
[2026-07-29 02:56:32] 2026-07-29 02:56:32 | INFO     | KDClient 2 round 30 local training (epochs=4)
[2026-07-29 02:57:10] 2026-07-29 02:57:10 | INFO     | KDClient 2 round 30 completed (acc=0.3091, n=180)
[2026-07-29 02:57:10] 2026-07-29 02:57:10 | INFO     | KDClient 3 fit round 30 (tier=small)
[2026-07-29 02:57:10] 2026-07-29 02:57:10 | INFO     | KDClient 3 round 30 public KD (epochs=2)
[2026-07-29 02:57:52] 2026-07-29 02:57:52 | INFO     | KDClient 3 round 30 local training (epochs=4)
[2026-07-29 02:58:17] 2026-07-29 02:58:17 | INFO     | KDClient 3 round 30 completed (acc=0.3091, n=180)
[2026-07-29 02:58:17] 2026-07-29 02:58:17 | INFO     | KDClient 4 fit round 30 (tier=small)
[2026-07-29 02:58:17] 2026-07-29 02:58:17 | INFO     | KDClient 4 round 30 public KD (epochs=2)
[2026-07-29 02:59:01] 2026-07-29 02:59:01 | INFO     | KDClient 4 round 30 local training (epochs=4)
[2026-07-29 02:59:37] 2026-07-29 02:59:37 | INFO     | KDClient 4 round 30 completed (acc=0.3055, n=180)
[2026-07-29 02:59:37] 2026-07-29 02:59:37 | INFO     | KDClient 5 fit round 30 (tier=small)
[2026-07-29 02:59:37] 2026-07-29 02:59:37 | INFO     | KDClient 5 round 30 public KD (epochs=2)
[2026-07-29 03:00:12] 2026-07-29 03:00:12 | INFO     | KDClient 5 round 30 local training (epochs=4)
[2026-07-29 03:00:52] 2026-07-29 03:00:52 | INFO     | KDClient 5 round 30 completed (acc=0.3091, n=180)
[2026-07-29 03:00:52] 2026-07-29 03:00:52 | INFO     | KDClient 6 fit round 30 (tier=small)
[2026-07-29 03:00:52] 2026-07-29 03:00:52 | INFO     | KDClient 6 round 30 public KD (epochs=2)
[2026-07-29 03:01:33] 2026-07-29 03:01:33 | INFO     | KDClient 6 round 30 local training (epochs=4)
[2026-07-29 03:02:03] 2026-07-29 03:02:03 | INFO     | KDClient 6 round 30 completed (acc=0.3055, n=180)
[2026-07-29 03:02:03] 2026-07-29 03:02:03 | INFO     | KDClient 7 fit round 30 (tier=medium)
[2026-07-29 03:02:03] 2026-07-29 03:02:03 | INFO     | KDClient 7 round 30 public KD (epochs=2)
[2026-07-29 03:03:43] 2026-07-29 03:03:43 | INFO     | KDClient 7 round 30 local training (epochs=4)
[2026-07-29 03:04:57] 2026-07-29 03:04:57 | INFO     | KDClient 7 round 30 completed (acc=0.3091, n=180)
[2026-07-29 03:04:57] 2026-07-29 03:04:57 | INFO     | KDClient 8 fit round 30 (tier=medium)
[2026-07-29 03:04:57] 2026-07-29 03:04:57 | INFO     | KDClient 8 round 30 public KD (epochs=2)
[2026-07-29 03:06:38] 2026-07-29 03:06:38 | INFO     | KDClient 8 round 30 local training (epochs=4)
[2026-07-29 03:08:07] 2026-07-29 03:08:07 | INFO     | KDClient 8 round 30 completed (acc=0.3091, n=180)
[2026-07-29 03:08:07] 2026-07-29 03:08:07 | INFO     | KDClient 9 fit round 30 (tier=medium)
[2026-07-29 03:08:07] 2026-07-29 03:08:07 | INFO     | KDClient 9 round 30 public KD (epochs=2)
[2026-07-29 03:09:47] 2026-07-29 03:09:47 | INFO     | KDClient 9 round 30 local training (epochs=4)
[2026-07-29 03:11:08] 2026-07-29 03:11:08 | INFO     | KDClient 9 round 30 completed (acc=0.3055, n=180)
[2026-07-29 03:11:08] 2026-07-29 03:11:08 | INFO     | KDClient 10 fit round 30 (tier=medium)
[2026-07-29 03:11:08] 2026-07-29 03:11:08 | INFO     | KDClient 10 round 30 public KD (epochs=2)
[2026-07-29 03:13:23] 2026-07-29 03:13:23 | INFO     | KDClient 10 round 30 local training (epochs=4)
[2026-07-29 03:14:51] 2026-07-29 03:14:51 | INFO     | KDClient 10 round 30 completed (acc=0.3091, n=180)
[2026-07-29 03:14:51] 2026-07-29 03:14:51 | INFO     | KDClient 11 fit round 30 (tier=medium)
[2026-07-29 03:14:51] 2026-07-29 03:14:51 | INFO     | KDClient 11 round 30 public KD (epochs=2)
[2026-07-29 03:16:22] 2026-07-29 03:16:22 | INFO     | KDClient 11 round 30 local training (epochs=4)
[2026-07-29 03:17:50] 2026-07-29 03:17:50 | INFO     | KDClient 11 round 30 completed (acc=0.3091, n=180)
[2026-07-29 03:17:50] 2026-07-29 03:17:50 | INFO     | KDClient 12 fit round 30 (tier=medium)
[2026-07-29 03:17:50] 2026-07-29 03:17:50 | INFO     | KDClient 12 round 30 public KD (epochs=2)
[2026-07-29 03:19:20] 2026-07-29 03:19:20 | INFO     | KDClient 12 round 30 local training (epochs=4)
[2026-07-29 03:20:47] 2026-07-29 03:20:47 | INFO     | KDClient 12 round 30 completed (acc=0.3091, n=180)
[2026-07-29 03:20:47] 2026-07-29 03:20:47 | INFO     | KDClient 13 fit round 30 (tier=medium)
[2026-07-29 03:20:47] 2026-07-29 03:20:47 | INFO     | KDClient 13 round 30 public KD (epochs=2)
[2026-07-29 03:22:57] 2026-07-29 03:22:57 | INFO     | KDClient 13 round 30 local training (epochs=4)
[2026-07-29 03:24:05] 2026-07-29 03:24:05 | INFO     | KDClient 13 round 30 completed (acc=0.3091, n=180)
[2026-07-29 03:24:05] 2026-07-29 03:24:05 | INFO     | KDClient 14 fit round 30 (tier=large)
[2026-07-29 03:24:05] 2026-07-29 03:24:05 | INFO     | KDClient 14 round 30 public KD (epochs=2)
[2026-07-29 03:26:30] 2026-07-29 03:26:30 | INFO     | KDClient 14 round 30 local training (epochs=4)
[2026-07-29 03:28:28] 2026-07-29 03:28:28 | INFO     | KDClient 14 round 30 completed (acc=0.3091, n=180)
[2026-07-29 03:28:28] 2026-07-29 03:28:28 | INFO     | KDClient 15 fit round 30 (tier=large)
[2026-07-29 03:28:28] 2026-07-29 03:28:28 | INFO     | KDClient 15 round 30 public KD (epochs=2)
[2026-07-29 03:31:03] 2026-07-29 03:31:03 | INFO     | KDClient 15 round 30 local training (epochs=4)
[2026-07-29 03:32:55] 2026-07-29 03:32:55 | INFO     | KDClient 15 round 30 completed (acc=0.3091, n=180)
[2026-07-29 03:32:55] 2026-07-29 03:32:55 | INFO     | KDClient 16 fit round 30 (tier=large)
[2026-07-29 03:32:55] 2026-07-29 03:32:55 | INFO     | KDClient 16 round 30 public KD (epochs=2)
[2026-07-29 03:35:30] 2026-07-29 03:35:30 | INFO     | KDClient 16 round 30 local training (epochs=4)
[2026-07-29 03:37:26] 2026-07-29 03:37:26 | INFO     | KDClient 16 round 30 completed (acc=0.3091, n=180)
[2026-07-29 03:37:26] 2026-07-29 03:37:26 | INFO     | KDClient 17 fit round 30 (tier=large)
[2026-07-29 03:37:26] 2026-07-29 03:37:26 | INFO     | KDClient 17 round 30 public KD (epochs=2)
[2026-07-29 03:40:06] 2026-07-29 03:40:06 | INFO     | KDClient 17 round 30 local training (epochs=4)
[2026-07-29 03:41:49] 2026-07-29 03:41:49 | INFO     | KDClient 17 round 30 completed (acc=0.3091, n=180)
[2026-07-29 03:41:49] 2026-07-29 03:41:49 | INFO     | KDClient 18 fit round 30 (tier=large)
[2026-07-29 03:41:49] 2026-07-29 03:41:49 | INFO     | KDClient 18 round 30 public KD (epochs=2)
[2026-07-29 03:44:05] 2026-07-29 03:44:05 | INFO     | KDClient 18 round 30 local training (epochs=4)
[2026-07-29 03:45:57] 2026-07-29 03:45:57 | INFO     | KDClient 18 round 30 completed (acc=0.3091, n=180)
[2026-07-29 03:45:57] 2026-07-29 03:45:57 | INFO     | KDClient 19 fit round 30 (tier=large)
[2026-07-29 03:45:57] 2026-07-29 03:45:57 | INFO     | KDClient 19 round 30 public KD (epochs=2)
[2026-07-29 03:48:00] 2026-07-29 03:48:00 | INFO     | KDClient 19 round 30 local training (epochs=4)
[2026-07-29 03:49:33] 2026-07-29 03:49:33 | INFO     | KDClient 19 round 30 completed (acc=0.3091, n=180)
[2026-07-29 03:49:33]   Round  30/50 | Avg: 0.3082 | Min: 0.3018 | Max: 0.3091
[2026-07-29 03:49:33] 2026-07-29 03:49:33 | INFO     | FEDMD — IID: round 31/50 starting
[2026-07-29 03:49:33] 2026-07-29 03:49:33 | INFO     | KDClient 0 fit round 31 (tier=small)
[2026-07-29 03:49:33] 2026-07-29 03:49:33 | INFO     | KDClient 0 round 31 public KD (epochs=2)
[2026-07-29 03:50:13] 2026-07-29 03:50:13 | INFO     | KDClient 0 round 31 local training (epochs=4)
[2026-07-29 03:50:37] 2026-07-29 03:50:37 | INFO     | KDClient 0 round 31 completed (acc=0.3091, n=180)
[2026-07-29 03:50:37] 2026-07-29 03:50:37 | INFO     | KDClient 1 fit round 31 (tier=small)
[2026-07-29 03:50:37] 2026-07-29 03:50:37 | INFO     | KDClient 1 round 31 public KD (epochs=2)
[2026-07-29 03:51:01] 2026-07-29 03:51:01 | INFO     | KDClient 1 round 31 local training (epochs=4)
[2026-07-29 03:51:26] 2026-07-29 03:51:26 | INFO     | KDClient 1 round 31 completed (acc=0.3091, n=180)
[2026-07-29 03:51:26] 2026-07-29 03:51:26 | INFO     | KDClient 2 fit round 31 (tier=small)
[2026-07-29 03:51:26] 2026-07-29 03:51:26 | INFO     | KDClient 2 round 31 public KD (epochs=2)
[2026-07-29 03:51:52] 2026-07-29 03:51:52 | INFO     | KDClient 2 round 31 local training (epochs=4)
[2026-07-29 03:52:15] 2026-07-29 03:52:15 | INFO     | KDClient 2 round 31 completed (acc=0.3091, n=180)
[2026-07-29 03:52:15] 2026-07-29 03:52:15 | INFO     | KDClient 3 fit round 31 (tier=small)
[2026-07-29 03:52:15] 2026-07-29 03:52:15 | INFO     | KDClient 3 round 31 public KD (epochs=2)
[2026-07-29 03:52:46] 2026-07-29 03:52:46 | INFO     | KDClient 3 round 31 local training (epochs=4)
[2026-07-29 03:53:08] 2026-07-29 03:53:08 | INFO     | KDClient 3 round 31 completed (acc=0.3091, n=180)
[2026-07-29 03:53:08] 2026-07-29 03:53:08 | INFO     | KDClient 4 fit round 31 (tier=small)
[2026-07-29 03:53:08] 2026-07-29 03:53:08 | INFO     | KDClient 4 round 31 public KD (epochs=2)
[2026-07-29 03:53:43] 2026-07-29 03:53:43 | INFO     | KDClient 4 round 31 local training (epochs=4)
[2026-07-29 03:54:10] 2026-07-29 03:54:10 | INFO     | KDClient 4 round 31 completed (acc=0.3091, n=180)
[2026-07-29 03:54:10] 2026-07-29 03:54:10 | INFO     | KDClient 5 fit round 31 (tier=small)
[2026-07-29 03:54:10] 2026-07-29 03:54:10 | INFO     | KDClient 5 round 31 public KD (epochs=2)
[2026-07-29 03:54:45] 2026-07-29 03:54:45 | INFO     | KDClient 5 round 31 local training (epochs=4)
[2026-07-29 03:55:00] 2026-07-29 03:55:00 | INFO     | KDClient 5 round 31 completed (acc=0.3091, n=180)
[2026-07-29 03:55:00] 2026-07-29 03:55:00 | INFO     | KDClient 6 fit round 31 (tier=small)
[2026-07-29 03:55:00] 2026-07-29 03:55:00 | INFO     | KDClient 6 round 31 public KD (epochs=2)
[2026-07-29 03:55:34] 2026-07-29 03:55:34 | INFO     | KDClient 6 round 31 local training (epochs=4)
[2026-07-29 03:56:09] 2026-07-29 03:56:09 | INFO     | KDClient 6 round 31 completed (acc=0.3018, n=180)
[2026-07-29 03:56:09] 2026-07-29 03:56:09 | INFO     | KDClient 7 fit round 31 (tier=medium)
[2026-07-29 03:56:09] 2026-07-29 03:56:09 | INFO     | KDClient 7 round 31 public KD (epochs=2)
[2026-07-29 03:57:33] 2026-07-29 03:57:33 | INFO     | KDClient 7 round 31 local training (epochs=4)
[2026-07-29 03:58:41] 2026-07-29 03:58:41 | INFO     | KDClient 7 round 31 completed (acc=0.3091, n=180)
[2026-07-29 03:58:41] 2026-07-29 03:58:41 | INFO     | KDClient 8 fit round 31 (tier=medium)
[2026-07-29 03:58:41] 2026-07-29 03:58:41 | INFO     | KDClient 8 round 31 public KD (epochs=2)
[2026-07-29 04:01:26] 2026-07-29 04:01:26 | INFO     | KDClient 8 round 31 local training (epochs=4)
[2026-07-29 04:02:45] 2026-07-29 04:02:45 | INFO     | KDClient 8 round 31 completed (acc=0.3091, n=180)
[2026-07-29 04:02:45] 2026-07-29 04:02:45 | INFO     | KDClient 9 fit round 31 (tier=medium)
[2026-07-29 04:02:45] 2026-07-29 04:02:45 | INFO     | KDClient 9 round 31 public KD (epochs=2)
[2026-07-29 04:05:30] 2026-07-29 04:05:30 | INFO     | KDClient 9 round 31 local training (epochs=4)
[2026-07-29 04:06:33] 2026-07-29 04:06:33 | INFO     | KDClient 9 round 31 completed (acc=0.3055, n=180)
[2026-07-29 04:06:34] 2026-07-29 04:06:33 | INFO     | KDClient 10 fit round 31 (tier=medium)
[2026-07-29 04:06:34] 2026-07-29 04:06:33 | INFO     | KDClient 10 round 31 public KD (epochs=2)
[2026-07-29 04:07:54] 2026-07-29 04:07:54 | INFO     | KDClient 10 round 31 local training (epochs=4)
[2026-07-29 04:08:50] 2026-07-29 04:08:50 | INFO     | KDClient 10 round 31 completed (acc=0.3091, n=180)
[2026-07-29 04:08:50] 2026-07-29 04:08:50 | INFO     | KDClient 11 fit round 31 (tier=medium)
[2026-07-29 04:08:50] 2026-07-29 04:08:50 | INFO     | KDClient 11 round 31 public KD (epochs=2)
[2026-07-29 04:10:03] 2026-07-29 04:10:03 | INFO     | KDClient 11 round 31 local training (epochs=4)
[2026-07-29 04:11:03] 2026-07-29 04:11:03 | INFO     | KDClient 11 round 31 completed (acc=0.3091, n=180)
[2026-07-29 04:11:03] 2026-07-29 04:11:03 | INFO     | KDClient 12 fit round 31 (tier=medium)
[2026-07-29 04:11:03] 2026-07-29 04:11:03 | INFO     | KDClient 12 round 31 public KD (epochs=2)
[2026-07-29 04:12:20] 2026-07-29 04:12:20 | INFO     | KDClient 12 round 31 local training (epochs=4)
[2026-07-29 04:13:23] 2026-07-29 04:13:23 | INFO     | KDClient 12 round 31 completed (acc=0.3018, n=180)
[2026-07-29 04:13:23] 2026-07-29 04:13:23 | INFO     | KDClient 13 fit round 31 (tier=medium)
[2026-07-29 04:13:23] 2026-07-29 04:13:23 | INFO     | KDClient 13 round 31 public KD (epochs=2)
[2026-07-29 04:14:35] 2026-07-29 04:14:35 | INFO     | KDClient 13 round 31 local training (epochs=4)
[2026-07-29 04:15:43] 2026-07-29 04:15:43 | INFO     | KDClient 13 round 31 completed (acc=0.3055, n=180)
[2026-07-29 04:15:43] 2026-07-29 04:15:43 | INFO     | KDClient 14 fit round 31 (tier=large)
[2026-07-29 04:15:43] 2026-07-29 04:15:43 | INFO     | KDClient 14 round 31 public KD (epochs=2)
[2026-07-29 04:18:11] 2026-07-29 04:18:11 | INFO     | KDClient 14 round 31 local training (epochs=4)
[2026-07-29 04:20:02] 2026-07-29 04:20:02 | INFO     | KDClient 14 round 31 completed (acc=0.3055, n=180)
[2026-07-29 04:20:02] 2026-07-29 04:20:02 | INFO     | KDClient 15 fit round 31 (tier=large)
[2026-07-29 04:20:02] 2026-07-29 04:20:02 | INFO     | KDClient 15 round 31 public KD (epochs=2)
[2026-07-29 04:22:41] 2026-07-29 04:22:41 | INFO     | KDClient 15 round 31 local training (epochs=4)
[2026-07-29 04:24:32] 2026-07-29 04:24:32 | INFO     | KDClient 15 round 31 completed (acc=0.3091, n=180)
[2026-07-29 04:24:32] 2026-07-29 04:24:32 | INFO     | KDClient 16 fit round 31 (tier=large)
[2026-07-29 04:24:32] 2026-07-29 04:24:32 | INFO     | KDClient 16 round 31 public KD (epochs=2)
[2026-07-29 04:26:43] 2026-07-29 04:26:43 | INFO     | KDClient 16 round 31 local training (epochs=4)
[2026-07-29 04:28:38] 2026-07-29 04:28:38 | INFO     | KDClient 16 round 31 completed (acc=0.3091, n=180)
[2026-07-29 04:28:38] 2026-07-29 04:28:38 | INFO     | KDClient 17 fit round 31 (tier=large)
[2026-07-29 04:28:38] 2026-07-29 04:28:38 | INFO     | KDClient 17 round 31 public KD (epochs=2)
[2026-07-29 04:30:48] 2026-07-29 04:30:48 | INFO     | KDClient 17 round 31 local training (epochs=4)
[2026-07-29 04:32:28] 2026-07-29 04:32:28 | INFO     | KDClient 17 round 31 completed (acc=0.3091, n=180)
[2026-07-29 04:32:28] 2026-07-29 04:32:28 | INFO     | KDClient 18 fit round 31 (tier=large)
[2026-07-29 04:32:28] 2026-07-29 04:32:28 | INFO     | KDClient 18 round 31 public KD (epochs=2)
[2026-07-29 04:34:54] 2026-07-29 04:34:54 | INFO     | KDClient 18 round 31 local training (epochs=4)
[2026-07-29 04:36:30] 2026-07-29 04:36:30 | INFO     | KDClient 18 round 31 completed (acc=0.3091, n=180)
[2026-07-29 04:36:30] 2026-07-29 04:36:30 | INFO     | KDClient 19 fit round 31 (tier=large)
[2026-07-29 04:36:30] 2026-07-29 04:36:30 | INFO     | KDClient 19 round 31 public KD (epochs=2)
[2026-07-29 04:38:43] 2026-07-29 04:38:43 | INFO     | KDClient 19 round 31 local training (epochs=4)
[2026-07-29 04:40:27] 2026-07-29 04:40:27 | INFO     | KDClient 19 round 31 completed (acc=0.3091, n=180)
[2026-07-29 04:40:27]   Round  31/50 | Avg: 0.3078 | Min: 0.3018 | Max: 0.3091
[2026-07-29 04:40:27] 2026-07-29 04:40:27 | INFO     | FEDMD — IID: round 32/50 starting
[2026-07-29 04:40:27] 2026-07-29 04:40:27 | INFO     | KDClient 0 fit round 32 (tier=small)
[2026-07-29 04:40:27] 2026-07-29 04:40:27 | INFO     | KDClient 0 round 32 public KD (epochs=2)
[2026-07-29 04:41:27] 2026-07-29 04:41:27 | INFO     | KDClient 0 round 32 local training (epochs=4)
[2026-07-29 04:42:04] 2026-07-29 04:42:04 | INFO     | KDClient 0 round 32 completed (acc=0.3055, n=180)
[2026-07-29 04:42:04] 2026-07-29 04:42:04 | INFO     | KDClient 1 fit round 32 (tier=small)
[2026-07-29 04:42:04] 2026-07-29 04:42:04 | INFO     | KDClient 1 round 32 public KD (epochs=2)
[2026-07-29 04:43:07] 2026-07-29 04:43:07 | INFO     | KDClient 1 round 32 local training (epochs=4)
[2026-07-29 04:43:41] 2026-07-29 04:43:41 | INFO     | KDClient 1 round 32 completed (acc=0.3055, n=180)
[2026-07-29 04:43:41] 2026-07-29 04:43:41 | INFO     | KDClient 2 fit round 32 (tier=small)
[2026-07-29 04:43:41] 2026-07-29 04:43:41 | INFO     | KDClient 2 round 32 public KD (epochs=2)
[2026-07-29 04:44:49] 2026-07-29 04:44:49 | INFO     | KDClient 2 round 32 local training (epochs=4)
[2026-07-29 04:45:34] 2026-07-29 04:45:34 | INFO     | KDClient 2 round 32 completed (acc=0.3091, n=180)
[2026-07-29 04:45:34] 2026-07-29 04:45:34 | INFO     | KDClient 3 fit round 32 (tier=small)
[2026-07-29 04:45:34] 2026-07-29 04:45:34 | INFO     | KDClient 3 round 32 public KD (epochs=2)
[2026-07-29 04:46:11] 2026-07-29 04:46:11 | INFO     | KDClient 3 round 32 local training (epochs=4)
[2026-07-29 04:46:54] 2026-07-29 04:46:54 | INFO     | KDClient 3 round 32 completed (acc=0.3018, n=180)
[2026-07-29 04:46:54] 2026-07-29 04:46:54 | INFO     | KDClient 4 fit round 32 (tier=small)
[2026-07-29 04:46:54] 2026-07-29 04:46:54 | INFO     | KDClient 4 round 32 public KD (epochs=2)
[2026-07-29 04:47:33] 2026-07-29 04:47:33 | INFO     | KDClient 4 round 32 local training (epochs=4)
[2026-07-29 04:48:08] 2026-07-29 04:48:08 | INFO     | KDClient 4 round 32 completed (acc=0.3091, n=180)
[2026-07-29 04:48:08] 2026-07-29 04:48:08 | INFO     | KDClient 5 fit round 32 (tier=small)
[2026-07-29 04:48:08] 2026-07-29 04:48:08 | INFO     | KDClient 5 round 32 public KD (epochs=2)
[2026-07-29 04:49:15] 2026-07-29 04:49:15 | INFO     | KDClient 5 round 32 local training (epochs=4)
[2026-07-29 04:49:57] 2026-07-29 04:49:57 | INFO     | KDClient 5 round 32 completed (acc=0.3091, n=180)
[2026-07-29 04:49:57] 2026-07-29 04:49:57 | INFO     | KDClient 6 fit round 32 (tier=small)
[2026-07-29 04:49:57] 2026-07-29 04:49:57 | INFO     | KDClient 6 round 32 public KD (epochs=2)
[2026-07-29 04:50:43] 2026-07-29 04:50:43 | INFO     | KDClient 6 round 32 local training (epochs=4)
[2026-07-29 04:51:22] 2026-07-29 04:51:22 | INFO     | KDClient 6 round 32 completed (acc=0.3091, n=180)
[2026-07-29 04:51:22] 2026-07-29 04:51:22 | INFO     | KDClient 7 fit round 32 (tier=medium)
[2026-07-29 04:51:22] 2026-07-29 04:51:22 | INFO     | KDClient 7 round 32 public KD (epochs=2)
[2026-07-29 04:53:06] 2026-07-29 04:53:06 | INFO     | KDClient 7 round 32 local training (epochs=4)
[2026-07-29 04:54:34] 2026-07-29 04:54:34 | INFO     | KDClient 7 round 32 completed (acc=0.3091, n=180)
[2026-07-29 04:54:34] 2026-07-29 04:54:34 | INFO     | KDClient 8 fit round 32 (tier=medium)
[2026-07-29 04:54:34] 2026-07-29 04:54:34 | INFO     | KDClient 8 round 32 public KD (epochs=2)
[2026-07-29 04:56:06] 2026-07-29 04:56:06 | INFO     | KDClient 8 round 32 local training (epochs=4)
[2026-07-29 04:57:27] 2026-07-29 04:57:27 | INFO     | KDClient 8 round 32 completed (acc=0.3091, n=180)
[2026-07-29 04:57:27] 2026-07-29 04:57:27 | INFO     | KDClient 9 fit round 32 (tier=medium)
[2026-07-29 04:57:27] 2026-07-29 04:57:27 | INFO     | KDClient 9 round 32 public KD (epochs=2)
[2026-07-29 04:59:04] 2026-07-29 04:59:04 | INFO     | KDClient 9 round 32 local training (epochs=4)
[2026-07-29 05:00:26] 2026-07-29 05:00:26 | INFO     | KDClient 9 round 32 completed (acc=0.3018, n=180)
[2026-07-29 05:00:26] 2026-07-29 05:00:26 | INFO     | KDClient 10 fit round 32 (tier=medium)
[2026-07-29 05:00:26] 2026-07-29 05:00:26 | INFO     | KDClient 10 round 32 public KD (epochs=2)
[2026-07-29 05:01:59] 2026-07-29 05:01:59 | INFO     | KDClient 10 round 32 local training (epochs=4)
[2026-07-29 05:03:14] 2026-07-29 05:03:14 | INFO     | KDClient 10 round 32 completed (acc=0.3091, n=180)
[2026-07-29 05:03:14] 2026-07-29 05:03:14 | INFO     | KDClient 11 fit round 32 (tier=medium)
[2026-07-29 05:03:14] 2026-07-29 05:03:14 | INFO     | KDClient 11 round 32 public KD (epochs=2)
[2026-07-29 05:05:26] 2026-07-29 05:05:26 | INFO     | KDClient 11 round 32 local training (epochs=4)
[2026-07-29 05:06:41] 2026-07-29 05:06:41 | INFO     | KDClient 11 round 32 completed (acc=0.3091, n=180)
[2026-07-29 05:06:41] 2026-07-29 05:06:41 | INFO     | KDClient 12 fit round 32 (tier=medium)
[2026-07-29 05:06:41] 2026-07-29 05:06:41 | INFO     | KDClient 12 round 32 public KD (epochs=2)
[2026-07-29 05:08:52] 2026-07-29 05:08:52 | INFO     | KDClient 12 round 32 local training (epochs=4)
[2026-07-29 05:10:17] 2026-07-29 05:10:17 | INFO     | KDClient 12 round 32 completed (acc=0.3091, n=180)
[2026-07-29 05:10:17] 2026-07-29 05:10:17 | INFO     | KDClient 13 fit round 32 (tier=medium)
[2026-07-29 05:10:17] 2026-07-29 05:10:17 | INFO     | KDClient 13 round 32 public KD (epochs=2)
[2026-07-29 05:12:01] 2026-07-29 05:12:01 | INFO     | KDClient 13 round 32 local training (epochs=4)
[2026-07-29 05:13:21] 2026-07-29 05:13:21 | INFO     | KDClient 13 round 32 completed (acc=0.3055, n=180)
[2026-07-29 05:13:21] 2026-07-29 05:13:21 | INFO     | KDClient 14 fit round 32 (tier=large)
[2026-07-29 05:13:21] 2026-07-29 05:13:21 | INFO     | KDClient 14 round 32 public KD (epochs=2)
[2026-07-29 05:16:01] 2026-07-29 05:16:01 | INFO     | KDClient 14 round 32 local training (epochs=4)
[2026-07-29 05:18:06] 2026-07-29 05:18:06 | INFO     | KDClient 14 round 32 completed (acc=0.3091, n=180)
[2026-07-29 05:18:06] 2026-07-29 05:18:06 | INFO     | KDClient 15 fit round 32 (tier=large)
[2026-07-29 05:18:06] 2026-07-29 05:18:06 | INFO     | KDClient 15 round 32 public KD (epochs=2)
[2026-07-29 05:20:44] 2026-07-29 05:20:44 | INFO     | KDClient 15 round 32 local training (epochs=4)
[2026-07-29 05:22:48] 2026-07-29 05:22:48 | INFO     | KDClient 15 round 32 completed (acc=0.3091, n=180)
[2026-07-29 05:22:48] 2026-07-29 05:22:48 | INFO     | KDClient 16 fit round 32 (tier=large)
[2026-07-29 05:22:48] 2026-07-29 05:22:48 | INFO     | KDClient 16 round 32 public KD (epochs=2)
[2026-07-29 05:25:22] 2026-07-29 05:25:22 | INFO     | KDClient 16 round 32 local training (epochs=4)
[2026-07-29 05:27:18] 2026-07-29 05:27:18 | INFO     | KDClient 16 round 32 completed (acc=0.2909, n=180)
[2026-07-29 05:27:18] 2026-07-29 05:27:18 | INFO     | KDClient 17 fit round 32 (tier=large)
[2026-07-29 05:27:18] 2026-07-29 05:27:18 | INFO     | KDClient 17 round 32 public KD (epochs=2)
[2026-07-29 05:29:53] 2026-07-29 05:29:53 | INFO     | KDClient 17 round 32 local training (epochs=4)
[2026-07-29 05:31:53] 2026-07-29 05:31:53 | INFO     | KDClient 17 round 32 completed (acc=0.3091, n=180)
[2026-07-29 05:31:53] 2026-07-29 05:31:53 | INFO     | KDClient 18 fit round 32 (tier=large)
[2026-07-29 05:31:53] 2026-07-29 05:31:53 | INFO     | KDClient 18 round 32 public KD (epochs=2)
[2026-07-29 05:34:26] 2026-07-29 05:34:26 | INFO     | KDClient 18 round 32 local training (epochs=4)
[2026-07-29 05:36:16] 2026-07-29 05:36:16 | INFO     | KDClient 18 round 32 completed (acc=0.3091, n=180)
[2026-07-29 05:36:16] 2026-07-29 05:36:16 | INFO     | KDClient 19 fit round 32 (tier=large)
[2026-07-29 05:36:16] 2026-07-29 05:36:16 | INFO     | KDClient 19 round 32 public KD (epochs=2)
[2026-07-29 05:39:02] 2026-07-29 05:39:02 | INFO     | KDClient 19 round 32 local training (epochs=4)
[2026-07-29 05:41:03] 2026-07-29 05:41:03 | INFO     | KDClient 19 round 32 completed (acc=0.3091, n=180)
[2026-07-29 05:41:03]   Round  32/50 | Avg: 0.3069 | Min: 0.2909 | Max: 0.3091
[2026-07-29 05:41:03] 2026-07-29 05:41:03 | INFO     | FEDMD — IID: round 33/50 starting
[2026-07-29 05:41:03] 2026-07-29 05:41:03 | INFO     | KDClient 0 fit round 33 (tier=small)
[2026-07-29 05:41:03] 2026-07-29 05:41:03 | INFO     | KDClient 0 round 33 public KD (epochs=2)
[2026-07-29 05:41:58] 2026-07-29 05:41:58 | INFO     | KDClient 0 round 33 local training (epochs=4)
[2026-07-29 05:42:42] 2026-07-29 05:42:42 | INFO     | KDClient 0 round 33 completed (acc=0.3091, n=180)
[2026-07-29 05:42:42] 2026-07-29 05:42:42 | INFO     | KDClient 1 fit round 33 (tier=small)
[2026-07-29 05:42:42] 2026-07-29 05:42:42 | INFO     | KDClient 1 round 33 public KD (epochs=2)
[2026-07-29 05:43:36] 2026-07-29 05:43:36 | INFO     | KDClient 1 round 33 local training (epochs=4)
[2026-07-29 05:44:17] 2026-07-29 05:44:17 | INFO     | KDClient 1 round 33 completed (acc=0.3091, n=180)
[2026-07-29 05:44:17] 2026-07-29 05:44:17 | INFO     | KDClient 2 fit round 33 (tier=small)
[2026-07-29 05:44:17] 2026-07-29 05:44:17 | INFO     | KDClient 2 round 33 public KD (epochs=2)
[2026-07-29 05:44:58] 2026-07-29 05:44:58 | INFO     | KDClient 2 round 33 local training (epochs=4)
[2026-07-29 05:45:35] 2026-07-29 05:45:35 | INFO     | KDClient 2 round 33 completed (acc=0.3091, n=180)
[2026-07-29 05:45:35] 2026-07-29 05:45:35 | INFO     | KDClient 3 fit round 33 (tier=small)
[2026-07-29 05:45:35] 2026-07-29 05:45:35 | INFO     | KDClient 3 round 33 public KD (epochs=2)
[2026-07-29 05:46:26] 2026-07-29 05:46:26 | INFO     | KDClient 3 round 33 local training (epochs=4)
[2026-07-29 05:47:06] 2026-07-29 05:47:06 | INFO     | KDClient 3 round 33 completed (acc=0.3018, n=180)
[2026-07-29 05:47:06] 2026-07-29 05:47:06 | INFO     | KDClient 4 fit round 33 (tier=small)
[2026-07-29 05:47:06] 2026-07-29 05:47:06 | INFO     | KDClient 4 round 33 public KD (epochs=2)
[2026-07-29 05:47:57] 2026-07-29 05:47:57 | INFO     | KDClient 4 round 33 local training (epochs=4)
[2026-07-29 05:48:40] 2026-07-29 05:48:40 | INFO     | KDClient 4 round 33 completed (acc=0.3091, n=180)
[2026-07-29 05:48:40] 2026-07-29 05:48:40 | INFO     | KDClient 5 fit round 33 (tier=small)
[2026-07-29 05:48:40] 2026-07-29 05:48:40 | INFO     | KDClient 5 round 33 public KD (epochs=2)
[2026-07-29 05:49:27] 2026-07-29 05:49:27 | INFO     | KDClient 5 round 33 local training (epochs=4)
[2026-07-29 05:49:58] 2026-07-29 05:49:58 | INFO     | KDClient 5 round 33 completed (acc=0.3091, n=180)
[2026-07-29 05:49:58] 2026-07-29 05:49:58 | INFO     | KDClient 6 fit round 33 (tier=small)
[2026-07-29 05:49:58] 2026-07-29 05:49:58 | INFO     | KDClient 6 round 33 public KD (epochs=2)
[2026-07-29 05:50:44] 2026-07-29 05:50:44 | INFO     | KDClient 6 round 33 local training (epochs=4)
[2026-07-29 05:51:21] 2026-07-29 05:51:21 | INFO     | KDClient 6 round 33 completed (acc=0.3055, n=180)
[2026-07-29 05:51:21] 2026-07-29 05:51:21 | INFO     | KDClient 7 fit round 33 (tier=medium)
[2026-07-29 05:51:21] 2026-07-29 05:51:21 | INFO     | KDClient 7 round 33 public KD (epochs=2)
[2026-07-29 05:53:13] 2026-07-29 05:53:13 | INFO     | KDClient 7 round 33 local training (epochs=4)
[2026-07-29 05:54:39] 2026-07-29 05:54:39 | INFO     | KDClient 7 round 33 completed (acc=0.2909, n=180)
[2026-07-29 05:54:39] 2026-07-29 05:54:39 | INFO     | KDClient 8 fit round 33 (tier=medium)
[2026-07-29 05:54:39] 2026-07-29 05:54:39 | INFO     | KDClient 8 round 33 public KD (epochs=2)
[2026-07-29 05:56:55] 2026-07-29 05:56:55 | INFO     | KDClient 8 round 33 local training (epochs=4)
[2026-07-29 05:58:19] 2026-07-29 05:58:19 | INFO     | KDClient 8 round 33 completed (acc=0.3091, n=180)
[2026-07-29 05:58:19] 2026-07-29 05:58:19 | INFO     | KDClient 9 fit round 33 (tier=medium)
[2026-07-29 05:58:19] 2026-07-29 05:58:19 | INFO     | KDClient 9 round 33 public KD (epochs=2)
[2026-07-29 06:00:31] 2026-07-29 06:00:31 | INFO     | KDClient 9 round 33 local training (epochs=4)
[2026-07-29 06:01:49] 2026-07-29 06:01:48 | INFO     | KDClient 9 round 33 completed (acc=0.3055, n=180)
[2026-07-29 06:01:49] 2026-07-29 06:01:49 | INFO     | KDClient 10 fit round 33 (tier=medium)
[2026-07-29 06:01:49] 2026-07-29 06:01:49 | INFO     | KDClient 10 round 33 public KD (epochs=2)
[2026-07-29 06:03:26] 2026-07-29 06:03:26 | INFO     | KDClient 10 round 33 local training (epochs=4)
[2026-07-29 06:04:46] 2026-07-29 06:04:46 | INFO     | KDClient 10 round 33 completed (acc=0.3091, n=180)
[2026-07-29 06:04:46] 2026-07-29 06:04:46 | INFO     | KDClient 11 fit round 33 (tier=medium)
[2026-07-29 06:04:46] 2026-07-29 06:04:46 | INFO     | KDClient 11 round 33 public KD (epochs=2)
[2026-07-29 06:06:21] 2026-07-29 06:06:21 | INFO     | KDClient 11 round 33 local training (epochs=4)
[2026-07-29 06:07:38] 2026-07-29 06:07:38 | INFO     | KDClient 11 round 33 completed (acc=0.3091, n=180)
[2026-07-29 06:07:38] 2026-07-29 06:07:38 | INFO     | KDClient 12 fit round 33 (tier=medium)
[2026-07-29 06:07:38] 2026-07-29 06:07:38 | INFO     | KDClient 12 round 33 public KD (epochs=2)
[2026-07-29 06:09:13] 2026-07-29 06:09:13 | INFO     | KDClient 12 round 33 local training (epochs=4)
[2026-07-29 06:10:38] 2026-07-29 06:10:38 | INFO     | KDClient 12 round 33 completed (acc=0.3091, n=180)
[2026-07-29 06:10:38] 2026-07-29 06:10:38 | INFO     | KDClient 13 fit round 33 (tier=medium)
[2026-07-29 06:10:38] 2026-07-29 06:10:38 | INFO     | KDClient 13 round 33 public KD (epochs=2)
[2026-07-29 06:13:24] 2026-07-29 06:13:24 | INFO     | KDClient 13 round 33 local training (epochs=4)
[2026-07-29 06:14:39] 2026-07-29 06:14:39 | INFO     | KDClient 13 round 33 completed (acc=0.3018, n=180)
[2026-07-29 06:14:39] 2026-07-29 06:14:39 | INFO     | KDClient 14 fit round 33 (tier=large)
[2026-07-29 06:14:39] 2026-07-29 06:14:39 | INFO     | KDClient 14 round 33 public KD (epochs=2)
[2026-07-29 06:17:10] 2026-07-29 06:17:10 | INFO     | KDClient 14 round 33 local training (epochs=4)
[2026-07-29 06:19:03] 2026-07-29 06:19:03 | INFO     | KDClient 14 round 33 completed (acc=0.3091, n=180)
[2026-07-29 06:19:03] 2026-07-29 06:19:03 | INFO     | KDClient 15 fit round 33 (tier=large)
[2026-07-29 06:19:03] 2026-07-29 06:19:03 | INFO     | KDClient 15 round 33 public KD (epochs=2)
[2026-07-29 06:21:35] 2026-07-29 06:21:35 | INFO     | KDClient 15 round 33 local training (epochs=4)
[2026-07-29 06:23:28] 2026-07-29 06:23:28 | INFO     | KDClient 15 round 33 completed (acc=0.3091, n=180)
[2026-07-29 06:23:28] 2026-07-29 06:23:28 | INFO     | KDClient 16 fit round 33 (tier=large)
[2026-07-29 06:23:28] 2026-07-29 06:23:28 | INFO     | KDClient 16 round 33 public KD (epochs=2)
[2026-07-29 06:25:54] 2026-07-29 06:25:54 | INFO     | KDClient 16 round 33 local training (epochs=4)
[2026-07-29 06:27:37] 2026-07-29 06:27:37 | INFO     | KDClient 16 round 33 completed (acc=0.2945, n=180)
[2026-07-29 06:27:37] 2026-07-29 06:27:37 | INFO     | KDClient 17 fit round 33 (tier=large)
[2026-07-29 06:27:37] 2026-07-29 06:27:37 | INFO     | KDClient 17 round 33 public KD (epochs=2)
[2026-07-29 06:30:11] 2026-07-29 06:30:11 | INFO     | KDClient 17 round 33 local training (epochs=4)
[2026-07-29 06:32:10] 2026-07-29 06:32:10 | INFO     | KDClient 17 round 33 completed (acc=0.3091, n=180)
[2026-07-29 06:32:10] 2026-07-29 06:32:10 | INFO     | KDClient 18 fit round 33 (tier=large)
[2026-07-29 06:32:10] 2026-07-29 06:32:10 | INFO     | KDClient 18 round 33 public KD (epochs=2)
[2026-07-29 06:34:33] 2026-07-29 06:34:33 | INFO     | KDClient 18 round 33 local training (epochs=4)
[2026-07-29 06:36:32] 2026-07-29 06:36:32 | INFO     | KDClient 18 round 33 completed (acc=0.3091, n=180)
[2026-07-29 06:36:32] 2026-07-29 06:36:32 | INFO     | KDClient 19 fit round 33 (tier=large)
[2026-07-29 06:36:32] 2026-07-29 06:36:32 | INFO     | KDClient 19 round 33 public KD (epochs=2)
[2026-07-29 06:39:15] 2026-07-29 06:39:15 | INFO     | KDClient 19 round 33 local training (epochs=4)
[2026-07-29 06:41:17] 2026-07-29 06:41:17 | INFO     | KDClient 19 round 33 completed (acc=0.3091, n=180)
[2026-07-29 06:41:17]   Round  33/50 | Avg: 0.3064 | Min: 0.2909 | Max: 0.3091
[2026-07-29 06:41:17] 2026-07-29 06:41:17 | INFO     | FEDMD — IID: round 34/50 starting
[2026-07-29 06:41:17] 2026-07-29 06:41:17 | INFO     | KDClient 0 fit round 34 (tier=small)
[2026-07-29 06:41:17] 2026-07-29 06:41:17 | INFO     | KDClient 0 round 34 public KD (epochs=2)
[2026-07-29 06:42:04] 2026-07-29 06:42:04 | INFO     | KDClient 0 round 34 local training (epochs=4)
[2026-07-29 06:42:44] 2026-07-29 06:42:44 | INFO     | KDClient 0 round 34 completed (acc=0.3091, n=180)
[2026-07-29 06:42:44] 2026-07-29 06:42:44 | INFO     | KDClient 1 fit round 34 (tier=small)
[2026-07-29 06:42:44] 2026-07-29 06:42:44 | INFO     | KDClient 1 round 34 public KD (epochs=2)
[2026-07-29 06:43:48] 2026-07-29 06:43:48 | INFO     | KDClient 1 round 34 local training (epochs=4)
[2026-07-29 06:44:35] 2026-07-29 06:44:35 | INFO     | KDClient 1 round 34 completed (acc=0.3055, n=180)
[2026-07-29 06:44:35] 2026-07-29 06:44:35 | INFO     | KDClient 2 fit round 34 (tier=small)
[2026-07-29 06:44:35] 2026-07-29 06:44:35 | INFO     | KDClient 2 round 34 public KD (epochs=2)
[2026-07-29 06:45:40] 2026-07-29 06:45:40 | INFO     | KDClient 2 round 34 local training (epochs=4)
[2026-07-29 06:46:19] 2026-07-29 06:46:19 | INFO     | KDClient 2 round 34 completed (acc=0.3091, n=180)
[2026-07-29 06:46:19] 2026-07-29 06:46:19 | INFO     | KDClient 3 fit round 34 (tier=small)
[2026-07-29 06:46:19] 2026-07-29 06:46:19 | INFO     | KDClient 3 round 34 public KD (epochs=2)
[2026-07-29 06:47:02] 2026-07-29 06:47:02 | INFO     | KDClient 3 round 34 local training (epochs=4)
[2026-07-29 06:47:43] 2026-07-29 06:47:43 | INFO     | KDClient 3 round 34 completed (acc=0.3018, n=180)
[2026-07-29 06:47:43] 2026-07-29 06:47:43 | INFO     | KDClient 4 fit round 34 (tier=small)
[2026-07-29 06:47:43] 2026-07-29 06:47:43 | INFO     | KDClient 4 round 34 public KD (epochs=2)
[2026-07-29 06:48:25] 2026-07-29 06:48:25 | INFO     | KDClient 4 round 34 local training (epochs=4)
[2026-07-29 06:49:05] 2026-07-29 06:49:05 | INFO     | KDClient 4 round 34 completed (acc=0.3091, n=180)
[2026-07-29 06:49:05] 2026-07-29 06:49:05 | INFO     | KDClient 5 fit round 34 (tier=small)
[2026-07-29 06:49:05] 2026-07-29 06:49:05 | INFO     | KDClient 5 round 34 public KD (epochs=2)
[2026-07-29 06:50:11] 2026-07-29 06:50:11 | INFO     | KDClient 5 round 34 local training (epochs=4)
[2026-07-29 06:50:45] 2026-07-29 06:50:45 | INFO     | KDClient 5 round 34 completed (acc=0.3091, n=180)
[2026-07-29 06:50:45] 2026-07-29 06:50:45 | INFO     | KDClient 6 fit round 34 (tier=small)
[2026-07-29 06:50:45] 2026-07-29 06:50:45 | INFO     | KDClient 6 round 34 public KD (epochs=2)
[2026-07-29 06:51:49] 2026-07-29 06:51:49 | INFO     | KDClient 6 round 34 local training (epochs=4)
[2026-07-29 06:52:23] 2026-07-29 06:52:23 | INFO     | KDClient 6 round 34 completed (acc=0.3055, n=180)
[2026-07-29 06:52:23] 2026-07-29 06:52:23 | INFO     | KDClient 7 fit round 34 (tier=medium)
[2026-07-29 06:52:23] 2026-07-29 06:52:23 | INFO     | KDClient 7 round 34 public KD (epochs=2)
[2026-07-29 06:54:09] 2026-07-29 06:54:09 | INFO     | KDClient 7 round 34 local training (epochs=4)
[2026-07-29 06:55:30] 2026-07-29 06:55:30 | INFO     | KDClient 7 round 34 completed (acc=0.3091, n=180)
[2026-07-29 06:55:30] 2026-07-29 06:55:30 | INFO     | KDClient 8 fit round 34 (tier=medium)
[2026-07-29 06:55:30] 2026-07-29 06:55:30 | INFO     | KDClient 8 round 34 public KD (epochs=2)
[2026-07-29 06:57:03] 2026-07-29 06:57:03 | INFO     | KDClient 8 round 34 local training (epochs=4)
[2026-07-29 06:58:22] 2026-07-29 06:58:22 | INFO     | KDClient 8 round 34 completed (acc=0.3091, n=180)
[2026-07-29 06:58:22] 2026-07-29 06:58:22 | INFO     | KDClient 9 fit round 34 (tier=medium)
[2026-07-29 06:58:22] 2026-07-29 06:58:22 | INFO     | KDClient 9 round 34 public KD (epochs=2)
[2026-07-29 07:00:33] 2026-07-29 07:00:33 | INFO     | KDClient 9 round 34 local training (epochs=4)
[2026-07-29 07:01:50] 2026-07-29 07:01:50 | INFO     | KDClient 9 round 34 completed (acc=0.3091, n=180)
[2026-07-29 07:01:50] 2026-07-29 07:01:50 | INFO     | KDClient 10 fit round 34 (tier=medium)
[2026-07-29 07:01:50] 2026-07-29 07:01:50 | INFO     | KDClient 10 round 34 public KD (epochs=2)
[2026-07-29 07:03:27] 2026-07-29 07:03:26 | INFO     | KDClient 10 round 34 local training (epochs=4)
[2026-07-29 07:04:44] 2026-07-29 07:04:44 | INFO     | KDClient 10 round 34 completed (acc=0.2655, n=180)
[2026-07-29 07:04:44] 2026-07-29 07:04:44 | INFO     | KDClient 11 fit round 34 (tier=medium)
[2026-07-29 07:04:44] 2026-07-29 07:04:44 | INFO     | KDClient 11 round 34 public KD (epochs=2)
[2026-07-29 07:06:21] 2026-07-29 07:06:21 | INFO     | KDClient 11 round 34 local training (epochs=4)
[2026-07-29 07:07:46] 2026-07-29 07:07:46 | INFO     | KDClient 11 round 34 completed (acc=0.3091, n=180)
[2026-07-29 07:07:46] 2026-07-29 07:07:46 | INFO     | KDClient 12 fit round 34 (tier=medium)
[2026-07-29 07:07:46] 2026-07-29 07:07:46 | INFO     | KDClient 12 round 34 public KD (epochs=2)
[2026-07-29 07:09:25] 2026-07-29 07:09:24 | INFO     | KDClient 12 round 34 local training (epochs=4)
[2026-07-29 07:10:57] 2026-07-29 07:10:57 | INFO     | KDClient 12 round 34 completed (acc=0.3091, n=180)
[2026-07-29 07:10:57] 2026-07-29 07:10:57 | INFO     | KDClient 13 fit round 34 (tier=medium)
[2026-07-29 07:10:57] 2026-07-29 07:10:57 | INFO     | KDClient 13 round 34 public KD (epochs=2)
[2026-07-29 07:12:36] 2026-07-29 07:12:36 | INFO     | KDClient 13 round 34 local training (epochs=4)
[2026-07-29 07:13:56] 2026-07-29 07:13:56 | INFO     | KDClient 13 round 34 completed (acc=0.2691, n=180)
[2026-07-29 07:13:56] 2026-07-29 07:13:56 | INFO     | KDClient 14 fit round 34 (tier=large)
[2026-07-29 07:13:56] 2026-07-29 07:13:56 | INFO     | KDClient 14 round 34 public KD (epochs=2)
[2026-07-29 07:16:42] 2026-07-29 07:16:42 | INFO     | KDClient 14 round 34 local training (epochs=4)
[2026-07-29 07:18:31] 2026-07-29 07:18:30 | INFO     | KDClient 14 round 34 completed (acc=0.3091, n=180)
[2026-07-29 07:18:31] 2026-07-29 07:18:30 | INFO     | KDClient 15 fit round 34 (tier=large)
[2026-07-29 07:18:31] 2026-07-29 07:18:30 | INFO     | KDClient 15 round 34 public KD (epochs=2)
[2026-07-29 07:20:56] 2026-07-29 07:20:55 | INFO     | KDClient 15 round 34 local training (epochs=4)
[2026-07-29 07:22:54] 2026-07-29 07:22:54 | INFO     | KDClient 15 round 34 completed (acc=0.3091, n=180)
[2026-07-29 07:22:54] 2026-07-29 07:22:54 | INFO     | KDClient 16 fit round 34 (tier=large)
[2026-07-29 07:22:54] 2026-07-29 07:22:54 | INFO     | KDClient 16 round 34 public KD (epochs=2)
[2026-07-29 07:25:16] 2026-07-29 07:25:16 | INFO     | KDClient 16 round 34 local training (epochs=4)
[2026-07-29 07:27:08] 2026-07-29 07:27:08 | INFO     | KDClient 16 round 34 completed (acc=0.3091, n=180)
[2026-07-29 07:27:08] 2026-07-29 07:27:08 | INFO     | KDClient 17 fit round 34 (tier=large)
[2026-07-29 07:27:08] 2026-07-29 07:27:08 | INFO     | KDClient 17 round 34 public KD (epochs=2)
[2026-07-29 07:29:32] 2026-07-29 07:29:32 | INFO     | KDClient 17 round 34 local training (epochs=4)
[2026-07-29 07:31:25] 2026-07-29 07:31:25 | INFO     | KDClient 17 round 34 completed (acc=0.3091, n=180)
[2026-07-29 07:31:25] 2026-07-29 07:31:25 | INFO     | KDClient 18 fit round 34 (tier=large)
[2026-07-29 07:31:25] 2026-07-29 07:31:25 | INFO     | KDClient 18 round 34 public KD (epochs=2)
[2026-07-29 07:33:48] 2026-07-29 07:33:48 | INFO     | KDClient 18 round 34 local training (epochs=4)
[2026-07-29 07:35:50] 2026-07-29 07:35:50 | INFO     | KDClient 18 round 34 completed (acc=0.3091, n=180)
[2026-07-29 07:35:50] 2026-07-29 07:35:50 | INFO     | KDClient 19 fit round 34 (tier=large)
[2026-07-29 07:35:50] 2026-07-29 07:35:50 | INFO     | KDClient 19 round 34 public KD (epochs=2)
[2026-07-29 07:38:25] 2026-07-29 07:38:25 | INFO     | KDClient 19 round 34 local training (epochs=4)
[2026-07-29 07:40:49] 2026-07-29 07:40:49 | INFO     | KDClient 19 round 34 completed (acc=0.3091, n=180)
[2026-07-29 07:40:49]   Round  34/50 | Avg: 0.3042 | Min: 0.2655 | Max: 0.3091
[2026-07-29 07:40:49] 2026-07-29 07:40:49 | INFO     | FEDMD — IID: round 35/50 starting
[2026-07-29 07:40:49] 2026-07-29 07:40:49 | INFO     | KDClient 0 fit round 35 (tier=small)
[2026-07-29 07:40:49] 2026-07-29 07:40:49 | INFO     | KDClient 0 round 35 public KD (epochs=2)
[2026-07-29 07:41:52] 2026-07-29 07:41:52 | INFO     | KDClient 0 round 35 local training (epochs=4)
[2026-07-29 07:42:28] 2026-07-29 07:42:28 | INFO     | KDClient 0 round 35 completed (acc=0.3091, n=180)
[2026-07-29 07:42:28] 2026-07-29 07:42:28 | INFO     | KDClient 1 fit round 35 (tier=small)
[2026-07-29 07:42:28] 2026-07-29 07:42:28 | INFO     | KDClient 1 round 35 public KD (epochs=2)
[2026-07-29 07:43:16] 2026-07-29 07:43:16 | INFO     | KDClient 1 round 35 local training (epochs=4)
[2026-07-29 07:43:57] 2026-07-29 07:43:57 | INFO     | KDClient 1 round 35 completed (acc=0.3091, n=180)
[2026-07-29 07:43:57] 2026-07-29 07:43:57 | INFO     | KDClient 2 fit round 35 (tier=small)
[2026-07-29 07:43:57] 2026-07-29 07:43:57 | INFO     | KDClient 2 round 35 public KD (epochs=2)
[2026-07-29 07:44:42] 2026-07-29 07:44:42 | INFO     | KDClient 2 round 35 local training (epochs=4)
[2026-07-29 07:45:15] 2026-07-29 07:45:15 | INFO     | KDClient 2 round 35 completed (acc=0.3091, n=180)
[2026-07-29 07:45:15] 2026-07-29 07:45:15 | INFO     | KDClient 3 fit round 35 (tier=small)
[2026-07-29 07:45:15] 2026-07-29 07:45:15 | INFO     | KDClient 3 round 35 public KD (epochs=2)
[2026-07-29 07:46:01] 2026-07-29 07:46:01 | INFO     | KDClient 3 round 35 local training (epochs=4)
[2026-07-29 07:46:38] 2026-07-29 07:46:38 | INFO     | KDClient 3 round 35 completed (acc=0.3018, n=180)
[2026-07-29 07:46:38] 2026-07-29 07:46:38 | INFO     | KDClient 4 fit round 35 (tier=small)
[2026-07-29 07:46:38] 2026-07-29 07:46:38 | INFO     | KDClient 4 round 35 public KD (epochs=2)
[2026-07-29 07:47:23] 2026-07-29 07:47:23 | INFO     | KDClient 4 round 35 local training (epochs=4)
[2026-07-29 07:48:02] 2026-07-29 07:48:02 | INFO     | KDClient 4 round 35 completed (acc=0.3091, n=180)
[2026-07-29 07:48:02] 2026-07-29 07:48:02 | INFO     | KDClient 5 fit round 35 (tier=small)
[2026-07-29 07:48:02] 2026-07-29 07:48:02 | INFO     | KDClient 5 round 35 public KD (epochs=2)
[2026-07-29 07:48:46] 2026-07-29 07:48:46 | INFO     | KDClient 5 round 35 local training (epochs=4)
[2026-07-29 07:49:36] 2026-07-29 07:49:36 | INFO     | KDClient 5 round 35 completed (acc=0.3091, n=180)
[2026-07-29 07:49:36] 2026-07-29 07:49:36 | INFO     | KDClient 6 fit round 35 (tier=small)
[2026-07-29 07:49:36] 2026-07-29 07:49:36 | INFO     | KDClient 6 round 35 public KD (epochs=2)
[2026-07-29 07:50:20] 2026-07-29 07:50:20 | INFO     | KDClient 6 round 35 local training (epochs=4)
[2026-07-29 07:50:57] 2026-07-29 07:50:57 | INFO     | KDClient 6 round 35 completed (acc=0.3091, n=180)
[2026-07-29 07:50:57] 2026-07-29 07:50:57 | INFO     | KDClient 7 fit round 35 (tier=medium)
[2026-07-29 07:50:57] 2026-07-29 07:50:57 | INFO     | KDClient 7 round 35 public KD (epochs=2)
[2026-07-29 07:52:38] 2026-07-29 07:52:38 | INFO     | KDClient 7 round 35 local training (epochs=4)
[2026-07-29 07:54:01] 2026-07-29 07:54:01 | INFO     | KDClient 7 round 35 completed (acc=0.3091, n=180)
[2026-07-29 07:54:01] 2026-07-29 07:54:01 | INFO     | KDClient 8 fit round 35 (tier=medium)
[2026-07-29 07:54:01] 2026-07-29 07:54:01 | INFO     | KDClient 8 round 35 public KD (epochs=2)
[2026-07-29 07:55:39] 2026-07-29 07:55:39 | INFO     | KDClient 8 round 35 local training (epochs=4)
[2026-07-29 07:57:04] 2026-07-29 07:57:04 | INFO     | KDClient 8 round 35 completed (acc=0.3091, n=180)
[2026-07-29 07:57:04] 2026-07-29 07:57:04 | INFO     | KDClient 9 fit round 35 (tier=medium)
[2026-07-29 07:57:04] 2026-07-29 07:57:04 | INFO     | KDClient 9 round 35 public KD (epochs=2)
[2026-07-29 07:59:15] 2026-07-29 07:59:15 | INFO     | KDClient 9 round 35 local training (epochs=4)
[2026-07-29 08:00:33] 2026-07-29 08:00:33 | INFO     | KDClient 9 round 35 completed (acc=0.3055, n=180)
[2026-07-29 08:00:33] 2026-07-29 08:00:33 | INFO     | KDClient 10 fit round 35 (tier=medium)
[2026-07-29 08:00:33] 2026-07-29 08:00:33 | INFO     | KDClient 10 round 35 public KD (epochs=2)
[2026-07-29 08:02:46] 2026-07-29 08:02:46 | INFO     | KDClient 10 round 35 local training (epochs=4)
[2026-07-29 08:04:01] 2026-07-29 08:04:01 | INFO     | KDClient 10 round 35 completed (acc=0.3055, n=180)
[2026-07-29 08:04:01] 2026-07-29 08:04:01 | INFO     | KDClient 11 fit round 35 (tier=medium)
[2026-07-29 08:04:01] 2026-07-29 08:04:01 | INFO     | KDClient 11 round 35 public KD (epochs=2)
[2026-07-29 08:05:37] 2026-07-29 08:05:37 | INFO     | KDClient 11 round 35 local training (epochs=4)
[2026-07-29 08:06:49] 2026-07-29 08:06:49 | INFO     | KDClient 11 round 35 completed (acc=0.3091, n=180)
[2026-07-29 08:06:49] 2026-07-29 08:06:49 | INFO     | KDClient 12 fit round 35 (tier=medium)
[2026-07-29 08:06:49] 2026-07-29 08:06:49 | INFO     | KDClient 12 round 35 public KD (epochs=2)
[2026-07-29 08:08:28] 2026-07-29 08:08:28 | INFO     | KDClient 12 round 35 local training (epochs=4)
[2026-07-29 08:09:54] 2026-07-29 08:09:54 | INFO     | KDClient 12 round 35 completed (acc=0.3091, n=180)
[2026-07-29 08:09:54] 2026-07-29 08:09:54 | INFO     | KDClient 13 fit round 35 (tier=medium)
[2026-07-29 08:09:54] 2026-07-29 08:09:54 | INFO     | KDClient 13 round 35 public KD (epochs=2)
[2026-07-29 08:11:28] 2026-07-29 08:11:28 | INFO     | KDClient 13 round 35 local training (epochs=4)
[2026-07-29 08:12:47] 2026-07-29 08:12:46 | INFO     | KDClient 13 round 35 completed (acc=0.2836, n=180)
[2026-07-29 08:12:47] 2026-07-29 08:12:46 | INFO     | KDClient 14 fit round 35 (tier=large)
[2026-07-29 08:12:47] 2026-07-29 08:12:46 | INFO     | KDClient 14 round 35 public KD (epochs=2)
[2026-07-29 08:15:10] 2026-07-29 08:15:10 | INFO     | KDClient 14 round 35 local training (epochs=4)
[2026-07-29 08:17:20] 2026-07-29 08:17:20 | INFO     | KDClient 14 round 35 completed (acc=0.3091, n=180)
[2026-07-29 08:17:20] 2026-07-29 08:17:20 | INFO     | KDClient 15 fit round 35 (tier=large)
[2026-07-29 08:17:20] 2026-07-29 08:17:20 | INFO     | KDClient 15 round 35 public KD (epochs=2)
[2026-07-29 08:19:50] 2026-07-29 08:19:50 | INFO     | KDClient 15 round 35 local training (epochs=4)
[2026-07-29 08:21:40] 2026-07-29 08:21:40 | INFO     | KDClient 15 round 35 completed (acc=0.3091, n=180)
[2026-07-29 08:21:40] 2026-07-29 08:21:40 | INFO     | KDClient 16 fit round 35 (tier=large)
[2026-07-29 08:21:40] 2026-07-29 08:21:40 | INFO     | KDClient 16 round 35 public KD (epochs=2)
[2026-07-29 08:24:07] 2026-07-29 08:24:07 | INFO     | KDClient 16 round 35 local training (epochs=4)
[2026-07-29 08:26:01] 2026-07-29 08:26:01 | INFO     | KDClient 16 round 35 completed (acc=0.3091, n=180)
[2026-07-29 08:26:01] 2026-07-29 08:26:01 | INFO     | KDClient 17 fit round 35 (tier=large)
[2026-07-29 08:26:01] 2026-07-29 08:26:01 | INFO     | KDClient 17 round 35 public KD (epochs=2)
[2026-07-29 08:28:34] 2026-07-29 08:28:34 | INFO     | KDClient 17 round 35 local training (epochs=4)
[2026-07-29 08:30:31] 2026-07-29 08:30:31 | INFO     | KDClient 17 round 35 completed (acc=0.3091, n=180)
[2026-07-29 08:30:31] 2026-07-29 08:30:31 | INFO     | KDClient 18 fit round 35 (tier=large)
[2026-07-29 08:30:31] 2026-07-29 08:30:31 | INFO     | KDClient 18 round 35 public KD (epochs=2)
[2026-07-29 08:32:54] 2026-07-29 08:32:54 | INFO     | KDClient 18 round 35 local training (epochs=4)
[2026-07-29 08:35:07] 2026-07-29 08:35:07 | INFO     | KDClient 18 round 35 completed (acc=0.3091, n=180)
[2026-07-29 08:35:07] 2026-07-29 08:35:07 | INFO     | KDClient 19 fit round 35 (tier=large)
[2026-07-29 08:35:07] 2026-07-29 08:35:07 | INFO     | KDClient 19 round 35 public KD (epochs=2)
[2026-07-29 08:37:41] 2026-07-29 08:37:41 | INFO     | KDClient 19 round 35 local training (epochs=4)
[2026-07-29 08:39:44] 2026-07-29 08:39:44 | INFO     | KDClient 19 round 35 completed (acc=0.3091, n=180)
[2026-07-29 08:39:44]   Round  35/50 | Avg: 0.3071 | Min: 0.2836 | Max: 0.3091
[2026-07-29 08:39:44] 2026-07-29 08:39:44 | INFO     | FEDMD — IID: round 36/50 starting
[2026-07-29 08:39:44] 2026-07-29 08:39:44 | INFO     | KDClient 0 fit round 36 (tier=small)
[2026-07-29 08:39:44] 2026-07-29 08:39:44 | INFO     | KDClient 0 round 36 public KD (epochs=2)
[2026-07-29 08:40:47] 2026-07-29 08:40:47 | INFO     | KDClient 0 round 36 local training (epochs=4)
[2026-07-29 08:41:16] 2026-07-29 08:41:16 | INFO     | KDClient 0 round 36 completed (acc=0.3091, n=180)
[2026-07-29 08:41:16] 2026-07-29 08:41:16 | INFO     | KDClient 1 fit round 36 (tier=small)
[2026-07-29 08:41:16] 2026-07-29 08:41:16 | INFO     | KDClient 1 round 36 public KD (epochs=2)
[2026-07-29 08:41:59] 2026-07-29 08:41:59 | INFO     | KDClient 1 round 36 local training (epochs=4)
[2026-07-29 08:42:43] 2026-07-29 08:42:43 | INFO     | KDClient 1 round 36 completed (acc=0.3091, n=180)
[2026-07-29 08:42:43] 2026-07-29 08:42:43 | INFO     | KDClient 2 fit round 36 (tier=small)
[2026-07-29 08:42:43] 2026-07-29 08:42:43 | INFO     | KDClient 2 round 36 public KD (epochs=2)
[2026-07-29 08:43:46] 2026-07-29 08:43:46 | INFO     | KDClient 2 round 36 local training (epochs=4)
[2026-07-29 08:44:31] 2026-07-29 08:44:31 | INFO     | KDClient 2 round 36 completed (acc=0.3091, n=180)
[2026-07-29 08:44:31] 2026-07-29 08:44:31 | INFO     | KDClient 3 fit round 36 (tier=small)
[2026-07-29 08:44:31] 2026-07-29 08:44:31 | INFO     | KDClient 3 round 36 public KD (epochs=2)
[2026-07-29 08:45:16] 2026-07-29 08:45:16 | INFO     | KDClient 3 round 36 local training (epochs=4)
[2026-07-29 08:45:56] 2026-07-29 08:45:56 | INFO     | KDClient 3 round 36 completed (acc=0.3091, n=180)
[2026-07-29 08:45:56] 2026-07-29 08:45:56 | INFO     | KDClient 4 fit round 36 (tier=small)
[2026-07-29 08:45:56] 2026-07-29 08:45:56 | INFO     | KDClient 4 round 36 public KD (epochs=2)
[2026-07-29 08:46:36] 2026-07-29 08:46:36 | INFO     | KDClient 4 round 36 local training (epochs=4)
[2026-07-29 08:47:15] 2026-07-29 08:47:15 | INFO     | KDClient 4 round 36 completed (acc=0.3055, n=180)
[2026-07-29 08:47:15] 2026-07-29 08:47:15 | INFO     | KDClient 5 fit round 36 (tier=small)
[2026-07-29 08:47:15] 2026-07-29 08:47:15 | INFO     | KDClient 5 round 36 public KD (epochs=2)
[2026-07-29 08:48:39] 2026-07-29 08:48:39 | INFO     | KDClient 5 round 36 local training (epochs=4)
[2026-07-29 08:49:17] 2026-07-29 08:49:17 | INFO     | KDClient 5 round 36 completed (acc=0.3091, n=180)
[2026-07-29 08:49:17] 2026-07-29 08:49:17 | INFO     | KDClient 6 fit round 36 (tier=small)
[2026-07-29 08:49:17] 2026-07-29 08:49:17 | INFO     | KDClient 6 round 36 public KD (epochs=2)
[2026-07-29 08:50:20] 2026-07-29 08:50:20 | INFO     | KDClient 6 round 36 local training (epochs=4)
[2026-07-29 08:50:55] 2026-07-29 08:50:55 | INFO     | KDClient 6 round 36 completed (acc=0.3055, n=180)
[2026-07-29 08:50:55] 2026-07-29 08:50:55 | INFO     | KDClient 7 fit round 36 (tier=medium)
[2026-07-29 08:50:55] 2026-07-29 08:50:55 | INFO     | KDClient 7 round 36 public KD (epochs=2)
[2026-07-29 08:52:28] 2026-07-29 08:52:28 | INFO     | KDClient 7 round 36 local training (epochs=4)
[2026-07-29 08:53:46] 2026-07-29 08:53:45 | INFO     | KDClient 7 round 36 completed (acc=0.3091, n=180)
[2026-07-29 08:53:46] 2026-07-29 08:53:45 | INFO     | KDClient 8 fit round 36 (tier=medium)
[2026-07-29 08:53:46] 2026-07-29 08:53:45 | INFO     | KDClient 8 round 36 public KD (epochs=2)
[2026-07-29 08:55:16] 2026-07-29 08:55:16 | INFO     | KDClient 8 round 36 local training (epochs=4)
[2026-07-29 08:56:30] 2026-07-29 08:56:30 | INFO     | KDClient 8 round 36 completed (acc=0.3091, n=180)
[2026-07-29 08:56:30] 2026-07-29 08:56:30 | INFO     | KDClient 9 fit round 36 (tier=medium)
[2026-07-29 08:56:30] 2026-07-29 08:56:30 | INFO     | KDClient 9 round 36 public KD (epochs=2)
[2026-07-29 08:58:02] 2026-07-29 08:58:02 | INFO     | KDClient 9 round 36 local training (epochs=4)
[2026-07-29 08:59:27] 2026-07-29 08:59:27 | INFO     | KDClient 9 round 36 completed (acc=0.3055, n=180)
[2026-07-29 08:59:27] 2026-07-29 08:59:27 | INFO     | KDClient 10 fit round 36 (tier=medium)
[2026-07-29 08:59:27] 2026-07-29 08:59:27 | INFO     | KDClient 10 round 36 public KD (epochs=2)
[2026-07-29 09:01:36] 2026-07-29 09:01:36 | INFO     | KDClient 10 round 36 local training (epochs=4)
[2026-07-29 09:02:54] 2026-07-29 09:02:54 | INFO     | KDClient 10 round 36 completed (acc=0.3091, n=180)
[2026-07-29 09:02:54] 2026-07-29 09:02:54 | INFO     | KDClient 11 fit round 36 (tier=medium)
[2026-07-29 09:02:54] 2026-07-29 09:02:54 | INFO     | KDClient 11 round 36 public KD (epochs=2)
[2026-07-29 09:05:06] 2026-07-29 09:05:06 | INFO     | KDClient 11 round 36 local training (epochs=4)
[2026-07-29 09:06:20] 2026-07-29 09:06:20 | INFO     | KDClient 11 round 36 completed (acc=0.3091, n=180)
[2026-07-29 09:06:20] 2026-07-29 09:06:20 | INFO     | KDClient 12 fit round 36 (tier=medium)
[2026-07-29 09:06:20] 2026-07-29 09:06:20 | INFO     | KDClient 12 round 36 public KD (epochs=2)
[2026-07-29 09:07:56] 2026-07-29 09:07:56 | INFO     | KDClient 12 round 36 local training (epochs=4)
[2026-07-29 09:09:23] 2026-07-29 09:09:23 | INFO     | KDClient 12 round 36 completed (acc=0.3091, n=180)
[2026-07-29 09:09:23] 2026-07-29 09:09:23 | INFO     | KDClient 13 fit round 36 (tier=medium)
[2026-07-29 09:09:23] 2026-07-29 09:09:23 | INFO     | KDClient 13 round 36 public KD (epochs=2)
[2026-07-29 09:10:51] 2026-07-29 09:10:51 | INFO     | KDClient 13 round 36 local training (epochs=4)
[2026-07-29 09:12:13] 2026-07-29 09:12:13 | INFO     | KDClient 13 round 36 completed (acc=0.3055, n=180)
[2026-07-29 09:12:13] 2026-07-29 09:12:13 | INFO     | KDClient 14 fit round 36 (tier=large)
[2026-07-29 09:12:13] 2026-07-29 09:12:13 | INFO     | KDClient 14 round 36 public KD (epochs=2)
[2026-07-29 09:14:58] 2026-07-29 09:14:58 | INFO     | KDClient 14 round 36 local training (epochs=4)
[2026-07-29 09:16:56] 2026-07-29 09:16:56 | INFO     | KDClient 14 round 36 completed (acc=0.3055, n=180)
[2026-07-29 09:16:56] 2026-07-29 09:16:56 | INFO     | KDClient 15 fit round 36 (tier=large)
[2026-07-29 09:16:56] 2026-07-29 09:16:56 | INFO     | KDClient 15 round 36 public KD (epochs=2)
[2026-07-29 09:19:22] 2026-07-29 09:19:22 | INFO     | KDClient 15 round 36 local training (epochs=4)
[2026-07-29 09:21:27] 2026-07-29 09:21:27 | INFO     | KDClient 15 round 36 completed (acc=0.3091, n=180)
[2026-07-29 09:21:27] 2026-07-29 09:21:27 | INFO     | KDClient 16 fit round 36 (tier=large)
[2026-07-29 09:21:27] 2026-07-29 09:21:27 | INFO     | KDClient 16 round 36 public KD (epochs=2)
[2026-07-29 09:23:56] 2026-07-29 09:23:56 | INFO     | KDClient 16 round 36 local training (epochs=4)
[2026-07-29 09:25:57] 2026-07-29 09:25:56 | INFO     | KDClient 16 round 36 completed (acc=0.3018, n=180)
[2026-07-29 09:25:57] 2026-07-29 09:25:57 | INFO     | KDClient 17 fit round 36 (tier=large)
[2026-07-29 09:25:57] 2026-07-29 09:25:57 | INFO     | KDClient 17 round 36 public KD (epochs=2)
[2026-07-29 09:28:18] 2026-07-29 09:28:18 | INFO     | KDClient 17 round 36 local training (epochs=4)
[2026-07-29 09:30:20] 2026-07-29 09:30:20 | INFO     | KDClient 17 round 36 completed (acc=0.3091, n=180)
[2026-07-29 09:30:20] 2026-07-29 09:30:20 | INFO     | KDClient 18 fit round 36 (tier=large)
[2026-07-29 09:30:20] 2026-07-29 09:30:20 | INFO     | KDClient 18 round 36 public KD (epochs=2)
[2026-07-29 09:32:52] 2026-07-29 09:32:52 | INFO     | KDClient 18 round 36 local training (epochs=4)
[2026-07-29 09:35:03] 2026-07-29 09:35:03 | INFO     | KDClient 18 round 36 completed (acc=0.3091, n=180)
[2026-07-29 09:35:03] 2026-07-29 09:35:03 | INFO     | KDClient 19 fit round 36 (tier=large)
[2026-07-29 09:35:03] 2026-07-29 09:35:03 | INFO     | KDClient 19 round 36 public KD (epochs=2)
[2026-07-29 09:37:40] 2026-07-29 09:37:40 | INFO     | KDClient 19 round 36 local training (epochs=4)
[2026-07-29 09:39:50] 2026-07-29 09:39:50 | INFO     | KDClient 19 round 36 completed (acc=0.3091, n=180)
[2026-07-29 09:39:50]   Round  36/50 | Avg: 0.3078 | Min: 0.3018 | Max: 0.3091
[2026-07-29 09:39:50] 2026-07-29 09:39:50 | INFO     | FEDMD — IID: round 37/50 starting
[2026-07-29 09:39:50] 2026-07-29 09:39:50 | INFO     | KDClient 0 fit round 37 (tier=small)
[2026-07-29 09:39:50] 2026-07-29 09:39:50 | INFO     | KDClient 0 round 37 public KD (epochs=2)
[2026-07-29 09:40:55] 2026-07-29 09:40:55 | INFO     | KDClient 0 round 37 local training (epochs=4)
[2026-07-29 09:41:30] 2026-07-29 09:41:30 | INFO     | KDClient 0 round 37 completed (acc=0.2691, n=180)
[2026-07-29 09:41:30] 2026-07-29 09:41:30 | INFO     | KDClient 1 fit round 37 (tier=small)
[2026-07-29 09:41:30] 2026-07-29 09:41:30 | INFO     | KDClient 1 round 37 public KD (epochs=2)
[2026-07-29 09:42:11] 2026-07-29 09:42:11 | INFO     | KDClient 1 round 37 local training (epochs=4)
[2026-07-29 09:42:40] 2026-07-29 09:42:40 | INFO     | KDClient 1 round 37 completed (acc=0.3091, n=180)
[2026-07-29 09:42:40] 2026-07-29 09:42:40 | INFO     | KDClient 2 fit round 37 (tier=small)
[2026-07-29 09:42:40] 2026-07-29 09:42:40 | INFO     | KDClient 2 round 37 public KD (epochs=2)
[2026-07-29 09:43:27] 2026-07-29 09:43:27 | INFO     | KDClient 2 round 37 local training (epochs=4)
[2026-07-29 09:44:05] 2026-07-29 09:44:05 | INFO     | KDClient 2 round 37 completed (acc=0.3091, n=180)
[2026-07-29 09:44:05] 2026-07-29 09:44:05 | INFO     | KDClient 3 fit round 37 (tier=small)
[2026-07-29 09:44:05] 2026-07-29 09:44:05 | INFO     | KDClient 3 round 37 public KD (epochs=2)
[2026-07-29 09:45:09] 2026-07-29 09:45:09 | INFO     | KDClient 3 round 37 local training (epochs=4)
[2026-07-29 09:45:54] 2026-07-29 09:45:54 | INFO     | KDClient 3 round 37 completed (acc=0.3018, n=180)
[2026-07-29 09:45:54] 2026-07-29 09:45:54 | INFO     | KDClient 4 fit round 37 (tier=small)
[2026-07-29 09:45:54] 2026-07-29 09:45:54 | INFO     | KDClient 4 round 37 public KD (epochs=2)
[2026-07-29 09:46:38] 2026-07-29 09:46:38 | INFO     | KDClient 4 round 37 local training (epochs=4)
[2026-07-29 09:47:14] 2026-07-29 09:47:14 | INFO     | KDClient 4 round 37 completed (acc=0.3091, n=180)
[2026-07-29 09:47:14] 2026-07-29 09:47:14 | INFO     | KDClient 5 fit round 37 (tier=small)
[2026-07-29 09:47:14] 2026-07-29 09:47:14 | INFO     | KDClient 5 round 37 public KD (epochs=2)
[2026-07-29 09:48:03] 2026-07-29 09:48:03 | INFO     | KDClient 5 round 37 local training (epochs=4)
[2026-07-29 09:48:42] 2026-07-29 09:48:42 | INFO     | KDClient 5 round 37 completed (acc=0.3091, n=180)
[2026-07-29 09:48:42] 2026-07-29 09:48:42 | INFO     | KDClient 6 fit round 37 (tier=small)
[2026-07-29 09:48:42] 2026-07-29 09:48:42 | INFO     | KDClient 6 round 37 public KD (epochs=2)
[2026-07-29 09:49:48] 2026-07-29 09:49:48 | INFO     | KDClient 6 round 37 local training (epochs=4)
[2026-07-29 09:50:18] 2026-07-29 09:50:18 | INFO     | KDClient 6 round 37 completed (acc=0.3091, n=180)
[2026-07-29 09:50:18] 2026-07-29 09:50:18 | INFO     | KDClient 7 fit round 37 (tier=medium)
[2026-07-29 09:50:18] 2026-07-29 09:50:18 | INFO     | KDClient 7 round 37 public KD (epochs=2)
[2026-07-29 09:51:44] 2026-07-29 09:51:44 | INFO     | KDClient 7 round 37 local training (epochs=4)
[2026-07-29 09:52:57] 2026-07-29 09:52:57 | INFO     | KDClient 7 round 37 completed (acc=0.3091, n=180)
[2026-07-29 09:52:57] 2026-07-29 09:52:57 | INFO     | KDClient 8 fit round 37 (tier=medium)
[2026-07-29 09:52:57] 2026-07-29 09:52:57 | INFO     | KDClient 8 round 37 public KD (epochs=2)
[2026-07-29 09:54:27] 2026-07-29 09:54:27 | INFO     | KDClient 8 round 37 local training (epochs=4)
[2026-07-29 09:55:49] 2026-07-29 09:55:49 | INFO     | KDClient 8 round 37 completed (acc=0.3091, n=180)
[2026-07-29 09:55:49] 2026-07-29 09:55:49 | INFO     | KDClient 9 fit round 37 (tier=medium)
[2026-07-29 09:55:49] 2026-07-29 09:55:49 | INFO     | KDClient 9 round 37 public KD (epochs=2)
[2026-07-29 09:57:20] 2026-07-29 09:57:20 | INFO     | KDClient 9 round 37 local training (epochs=4)
[2026-07-29 09:58:36] 2026-07-29 09:58:36 | INFO     | KDClient 9 round 37 completed (acc=0.3055, n=180)
[2026-07-29 09:58:36] 2026-07-29 09:58:36 | INFO     | KDClient 10 fit round 37 (tier=medium)
[2026-07-29 09:58:36] 2026-07-29 09:58:36 | INFO     | KDClient 10 round 37 public KD (epochs=2)
[2026-07-29 10:00:02] 2026-07-29 10:00:02 | INFO     | KDClient 10 round 37 local training (epochs=4)
[2026-07-29 10:01:21] 2026-07-29 10:01:21 | INFO     | KDClient 10 round 37 completed (acc=0.3091, n=180)
[2026-07-29 10:01:21] 2026-07-29 10:01:21 | INFO     | KDClient 11 fit round 37 (tier=medium)
[2026-07-29 10:01:21] 2026-07-29 10:01:21 | INFO     | KDClient 11 round 37 public KD (epochs=2)
[2026-07-29 10:02:59] 2026-07-29 10:02:59 | INFO     | KDClient 11 round 37 local training (epochs=4)
[2026-07-29 10:04:22] 2026-07-29 10:04:22 | INFO     | KDClient 11 round 37 completed (acc=0.3091, n=180)
[2026-07-29 10:04:22] 2026-07-29 10:04:22 | INFO     | KDClient 12 fit round 37 (tier=medium)
[2026-07-29 10:04:22] 2026-07-29 10:04:22 | INFO     | KDClient 12 round 37 public KD (epochs=2)
[2026-07-29 10:05:52] 2026-07-29 10:05:52 | INFO     | KDClient 12 round 37 local training (epochs=4)
[2026-07-29 10:07:04] 2026-07-29 10:07:04 | INFO     | KDClient 12 round 37 completed (acc=0.3091, n=180)
[2026-07-29 10:07:04] 2026-07-29 10:07:04 | INFO     | KDClient 13 fit round 37 (tier=medium)
[2026-07-29 10:07:04] 2026-07-29 10:07:04 | INFO     | KDClient 13 round 37 public KD (epochs=2)
[2026-07-29 10:09:15] 2026-07-29 10:09:15 | INFO     | KDClient 13 round 37 local training (epochs=4)
[2026-07-29 10:10:46] 2026-07-29 10:10:46 | INFO     | KDClient 13 round 37 completed (acc=0.3055, n=180)
[2026-07-29 10:10:46] 2026-07-29 10:10:46 | INFO     | KDClient 14 fit round 37 (tier=large)
[2026-07-29 10:10:46] 2026-07-29 10:10:46 | INFO     | KDClient 14 round 37 public KD (epochs=2)
[2026-07-29 10:13:14] 2026-07-29 10:13:14 | INFO     | KDClient 14 round 37 local training (epochs=4)
[2026-07-29 10:15:12] 2026-07-29 10:15:12 | INFO     | KDClient 14 round 37 completed (acc=0.3091, n=180)
[2026-07-29 10:15:12] 2026-07-29 10:15:12 | INFO     | KDClient 15 fit round 37 (tier=large)
[2026-07-29 10:15:12] 2026-07-29 10:15:12 | INFO     | KDClient 15 round 37 public KD (epochs=2)
[2026-07-29 10:17:37] 2026-07-29 10:17:37 | INFO     | KDClient 15 round 37 local training (epochs=4)
[2026-07-29 10:19:36] 2026-07-29 10:19:36 | INFO     | KDClient 15 round 37 completed (acc=0.3091, n=180)
[2026-07-29 10:19:36] 2026-07-29 10:19:36 | INFO     | KDClient 16 fit round 37 (tier=large)
[2026-07-29 10:19:36] 2026-07-29 10:19:36 | INFO     | KDClient 16 round 37 public KD (epochs=2)
[2026-07-29 10:22:01] 2026-07-29 10:22:01 | INFO     | KDClient 16 round 37 local training (epochs=4)
[2026-07-29 10:23:58] 2026-07-29 10:23:58 | INFO     | KDClient 16 round 37 completed (acc=0.3091, n=180)
[2026-07-29 10:23:58] 2026-07-29 10:23:58 | INFO     | KDClient 17 fit round 37 (tier=large)
[2026-07-29 10:23:58] 2026-07-29 10:23:58 | INFO     | KDClient 17 round 37 public KD (epochs=2)
[2026-07-29 10:26:29] 2026-07-29 10:26:29 | INFO     | KDClient 17 round 37 local training (epochs=4)
[2026-07-29 10:28:25] 2026-07-29 10:28:25 | INFO     | KDClient 17 round 37 completed (acc=0.3055, n=180)
[2026-07-29 10:28:25] 2026-07-29 10:28:25 | INFO     | KDClient 18 fit round 37 (tier=large)
[2026-07-29 10:28:25] 2026-07-29 10:28:25 | INFO     | KDClient 18 round 37 public KD (epochs=2)
[2026-07-29 10:31:01] 2026-07-29 10:31:00 | INFO     | KDClient 18 round 37 local training (epochs=4)
[2026-07-29 10:32:59] 2026-07-29 10:32:59 | INFO     | KDClient 18 round 37 completed (acc=0.3091, n=180)
[2026-07-29 10:32:59] 2026-07-29 10:32:59 | INFO     | KDClient 19 fit round 37 (tier=large)
[2026-07-29 10:32:59] 2026-07-29 10:32:59 | INFO     | KDClient 19 round 37 public KD (epochs=2)
[2026-07-29 10:35:34] 2026-07-29 10:35:34 | INFO     | KDClient 19 round 37 local training (epochs=4)
[2026-07-29 10:37:29] 2026-07-29 10:37:29 | INFO     | KDClient 19 round 37 completed (acc=0.3091, n=180)
[2026-07-29 10:37:29]   Round  37/50 | Avg: 0.3062 | Min: 0.2691 | Max: 0.3091
[2026-07-29 10:37:29] 2026-07-29 10:37:29 | INFO     | FEDMD — IID: round 38/50 starting
[2026-07-29 10:37:29] 2026-07-29 10:37:29 | INFO     | KDClient 0 fit round 38 (tier=small)
[2026-07-29 10:37:29] 2026-07-29 10:37:29 | INFO     | KDClient 0 round 38 public KD (epochs=2)
[2026-07-29 10:38:15] 2026-07-29 10:38:14 | INFO     | KDClient 0 round 38 local training (epochs=4)
[2026-07-29 10:38:58] 2026-07-29 10:38:58 | INFO     | KDClient 0 round 38 completed (acc=0.3091, n=180)
[2026-07-29 10:38:58] 2026-07-29 10:38:58 | INFO     | KDClient 1 fit round 38 (tier=small)
[2026-07-29 10:38:58] 2026-07-29 10:38:58 | INFO     | KDClient 1 round 38 public KD (epochs=2)
[2026-07-29 10:39:39] 2026-07-29 10:39:39 | INFO     | KDClient 1 round 38 local training (epochs=4)
[2026-07-29 10:40:19] 2026-07-29 10:40:19 | INFO     | KDClient 1 round 38 completed (acc=0.3091, n=180)
[2026-07-29 10:40:19] 2026-07-29 10:40:19 | INFO     | KDClient 2 fit round 38 (tier=small)
[2026-07-29 10:40:19] 2026-07-29 10:40:19 | INFO     | KDClient 2 round 38 public KD (epochs=2)
[2026-07-29 10:40:56] 2026-07-29 10:40:56 | INFO     | KDClient 2 round 38 local training (epochs=4)
[2026-07-29 10:41:35] 2026-07-29 10:41:34 | INFO     | KDClient 2 round 38 completed (acc=0.3091, n=180)
[2026-07-29 10:41:35] 2026-07-29 10:41:34 | INFO     | KDClient 3 fit round 38 (tier=small)
[2026-07-29 10:41:35] 2026-07-29 10:41:34 | INFO     | KDClient 3 round 38 public KD (epochs=2)
[2026-07-29 10:42:22] 2026-07-29 10:42:22 | INFO     | KDClient 3 round 38 local training (epochs=4)
[2026-07-29 10:43:02] 2026-07-29 10:43:02 | INFO     | KDClient 3 round 38 completed (acc=0.3018, n=180)
[2026-07-29 10:43:02] 2026-07-29 10:43:02 | INFO     | KDClient 4 fit round 38 (tier=small)
[2026-07-29 10:43:02] 2026-07-29 10:43:02 | INFO     | KDClient 4 round 38 public KD (epochs=2)
[2026-07-29 10:44:06] 2026-07-29 10:44:06 | INFO     | KDClient 4 round 38 local training (epochs=4)
[2026-07-29 10:44:45] 2026-07-29 10:44:45 | INFO     | KDClient 4 round 38 completed (acc=0.3091, n=180)
[2026-07-29 10:44:45] 2026-07-29 10:44:45 | INFO     | KDClient 5 fit round 38 (tier=small)
[2026-07-29 10:44:45] 2026-07-29 10:44:45 | INFO     | KDClient 5 round 38 public KD (epochs=2)
[2026-07-29 10:45:26] 2026-07-29 10:45:26 | INFO     | KDClient 5 round 38 local training (epochs=4)
[2026-07-29 10:46:06] 2026-07-29 10:46:06 | INFO     | KDClient 5 round 38 completed (acc=0.3091, n=180)
[2026-07-29 10:46:06] 2026-07-29 10:46:06 | INFO     | KDClient 6 fit round 38 (tier=small)
[2026-07-29 10:46:06] 2026-07-29 10:46:06 | INFO     | KDClient 6 round 38 public KD (epochs=2)
[2026-07-29 10:46:51] 2026-07-29 10:46:51 | INFO     | KDClient 6 round 38 local training (epochs=4)
[2026-07-29 10:47:34] 2026-07-29 10:47:34 | INFO     | KDClient 6 round 38 completed (acc=0.3091, n=180)
[2026-07-29 10:47:34] 2026-07-29 10:47:34 | INFO     | KDClient 7 fit round 38 (tier=medium)
[2026-07-29 10:47:34] 2026-07-29 10:47:34 | INFO     | KDClient 7 round 38 public KD (epochs=2)
[2026-07-29 10:49:06] 2026-07-29 10:49:06 | INFO     | KDClient 7 round 38 local training (epochs=4)
[2026-07-29 10:50:17] 2026-07-29 10:50:17 | INFO     | KDClient 7 round 38 completed (acc=0.3091, n=180)
[2026-07-29 10:50:17] 2026-07-29 10:50:17 | INFO     | KDClient 8 fit round 38 (tier=medium)
[2026-07-29 10:50:17] 2026-07-29 10:50:17 | INFO     | KDClient 8 round 38 public KD (epochs=2)
[2026-07-29 10:51:47] 2026-07-29 10:51:47 | INFO     | KDClient 8 round 38 local training (epochs=4)
[2026-07-29 10:52:58] 2026-07-29 10:52:58 | INFO     | KDClient 8 round 38 completed (acc=0.3091, n=180)
[2026-07-29 10:52:58] 2026-07-29 10:52:58 | INFO     | KDClient 9 fit round 38 (tier=medium)
[2026-07-29 10:52:58] 2026-07-29 10:52:58 | INFO     | KDClient 9 round 38 public KD (epochs=2)
[2026-07-29 10:54:27] 2026-07-29 10:54:27 | INFO     | KDClient 9 round 38 local training (epochs=4)
[2026-07-29 10:55:39] 2026-07-29 10:55:39 | INFO     | KDClient 9 round 38 completed (acc=0.3091, n=180)
[2026-07-29 10:55:39] 2026-07-29 10:55:39 | INFO     | KDClient 10 fit round 38 (tier=medium)
[2026-07-29 10:55:39] 2026-07-29 10:55:39 | INFO     | KDClient 10 round 38 public KD (epochs=2)
[2026-07-29 10:57:09] 2026-07-29 10:57:09 | INFO     | KDClient 10 round 38 local training (epochs=4)
[2026-07-29 10:58:17] 2026-07-29 10:58:17 | INFO     | KDClient 10 round 38 completed (acc=0.2945, n=180)
[2026-07-29 10:58:17] 2026-07-29 10:58:17 | INFO     | KDClient 11 fit round 38 (tier=medium)
[2026-07-29 10:58:17] 2026-07-29 10:58:17 | INFO     | KDClient 11 round 38 public KD (epochs=2)
[2026-07-29 11:00:23] 2026-07-29 11:00:23 | INFO     | KDClient 11 round 38 local training (epochs=4)
[2026-07-29 11:01:49] 2026-07-29 11:01:49 | INFO     | KDClient 11 round 38 completed (acc=0.3091, n=180)
[2026-07-29 11:01:49] 2026-07-29 11:01:49 | INFO     | KDClient 12 fit round 38 (tier=medium)
[2026-07-29 11:01:49] 2026-07-29 11:01:49 | INFO     | KDClient 12 round 38 public KD (epochs=2)
[2026-07-29 11:03:53] 2026-07-29 11:03:53 | INFO     | KDClient 12 round 38 local training (epochs=4)
[2026-07-29 11:04:59] 2026-07-29 11:04:59 | INFO     | KDClient 12 round 38 completed (acc=0.3091, n=180)
[2026-07-29 11:04:59] 2026-07-29 11:04:59 | INFO     | KDClient 13 fit round 38 (tier=medium)
[2026-07-29 11:04:59] 2026-07-29 11:04:59 | INFO     | KDClient 13 round 38 public KD (epochs=2)
[2026-07-29 11:06:23] 2026-07-29 11:06:23 | INFO     | KDClient 13 round 38 local training (epochs=4)
[2026-07-29 11:07:34] 2026-07-29 11:07:34 | INFO     | KDClient 13 round 38 completed (acc=0.3091, n=180)
[2026-07-29 11:07:34] 2026-07-29 11:07:34 | INFO     | KDClient 14 fit round 38 (tier=large)
[2026-07-29 11:07:34] 2026-07-29 11:07:34 | INFO     | KDClient 14 round 38 public KD (epochs=2)
[2026-07-29 11:10:05] 2026-07-29 11:10:05 | INFO     | KDClient 14 round 38 local training (epochs=4)
[2026-07-29 11:11:56] 2026-07-29 11:11:56 | INFO     | KDClient 14 round 38 completed (acc=0.3091, n=180)
[2026-07-29 11:11:56] 2026-07-29 11:11:56 | INFO     | KDClient 15 fit round 38 (tier=large)
[2026-07-29 11:11:56] 2026-07-29 11:11:56 | INFO     | KDClient 15 round 38 public KD (epochs=2)
[2026-07-29 11:14:18] 2026-07-29 11:14:18 | INFO     | KDClient 15 round 38 local training (epochs=4)
[2026-07-29 11:16:21] 2026-07-29 11:16:21 | INFO     | KDClient 15 round 38 completed (acc=0.3091, n=180)
[2026-07-29 11:16:21] 2026-07-29 11:16:21 | INFO     | KDClient 16 fit round 38 (tier=large)
[2026-07-29 11:16:21] 2026-07-29 11:16:21 | INFO     | KDClient 16 round 38 public KD (epochs=2)
[2026-07-29 11:18:41] 2026-07-29 11:18:41 | INFO     | KDClient 16 round 38 local training (epochs=4)
[2026-07-29 11:20:55] 2026-07-29 11:20:55 | INFO     | KDClient 16 round 38 completed (acc=0.3091, n=180)
[2026-07-29 11:20:55] 2026-07-29 11:20:55 | INFO     | KDClient 17 fit round 38 (tier=large)
[2026-07-29 11:20:55] 2026-07-29 11:20:55 | INFO     | KDClient 17 round 38 public KD (epochs=2)
[2026-07-29 11:23:26] 2026-07-29 11:23:26 | INFO     | KDClient 17 round 38 local training (epochs=4)
[2026-07-29 11:25:24] 2026-07-29 11:25:24 | INFO     | KDClient 17 round 38 completed (acc=0.3091, n=180)
[2026-07-29 11:25:24] 2026-07-29 11:25:24 | INFO     | KDClient 18 fit round 38 (tier=large)
[2026-07-29 11:25:24] 2026-07-29 11:25:24 | INFO     | KDClient 18 round 38 public KD (epochs=2)
[2026-07-29 11:27:59] 2026-07-29 11:27:59 | INFO     | KDClient 18 round 38 local training (epochs=4)
[2026-07-29 11:30:17] 2026-07-29 11:30:17 | INFO     | KDClient 18 round 38 completed (acc=0.3091, n=180)
[2026-07-29 11:30:17] 2026-07-29 11:30:17 | INFO     | KDClient 19 fit round 38 (tier=large)
[2026-07-29 11:30:17] 2026-07-29 11:30:17 | INFO     | KDClient 19 round 38 public KD (epochs=2)
[2026-07-29 11:33:59] 2026-07-29 11:33:59 | INFO     | KDClient 19 round 38 local training (epochs=4)
[2026-07-29 11:35:52] 2026-07-29 11:35:52 | INFO     | KDClient 19 round 38 completed (acc=0.3091, n=180)
[2026-07-29 11:35:52]   Round  38/50 | Avg: 0.3080 | Min: 0.2945 | Max: 0.3091
[2026-07-29 11:35:52] 2026-07-29 11:35:52 | INFO     | FEDMD — IID: round 39/50 starting
[2026-07-29 11:35:52] 2026-07-29 11:35:52 | INFO     | KDClient 0 fit round 39 (tier=small)
[2026-07-29 11:35:52] 2026-07-29 11:35:52 | INFO     | KDClient 0 round 39 public KD (epochs=2)
[2026-07-29 11:36:33] 2026-07-29 11:36:33 | INFO     | KDClient 0 round 39 local training (epochs=4)
[2026-07-29 11:37:10] 2026-07-29 11:37:10 | INFO     | KDClient 0 round 39 completed (acc=0.3091, n=180)
[2026-07-29 11:37:10] 2026-07-29 11:37:10 | INFO     | KDClient 1 fit round 39 (tier=small)
[2026-07-29 11:37:10] 2026-07-29 11:37:10 | INFO     | KDClient 1 round 39 public KD (epochs=2)
[2026-07-29 11:37:55] 2026-07-29 11:37:55 | INFO     | KDClient 1 round 39 local training (epochs=4)
[2026-07-29 11:38:37] 2026-07-29 11:38:37 | INFO     | KDClient 1 round 39 completed (acc=0.3091, n=180)
[2026-07-29 11:38:37] 2026-07-29 11:38:37 | INFO     | KDClient 2 fit round 39 (tier=small)
[2026-07-29 11:38:37] 2026-07-29 11:38:37 | INFO     | KDClient 2 round 39 public KD (epochs=2)
[2026-07-29 11:39:19] 2026-07-29 11:39:19 | INFO     | KDClient 2 round 39 local training (epochs=4)
[2026-07-29 11:40:05] 2026-07-29 11:40:05 | INFO     | KDClient 2 round 39 completed (acc=0.3091, n=180)
[2026-07-29 11:40:05] 2026-07-29 11:40:05 | INFO     | KDClient 3 fit round 39 (tier=small)
[2026-07-29 11:40:05] 2026-07-29 11:40:05 | INFO     | KDClient 3 round 39 public KD (epochs=2)
[2026-07-29 11:40:49] 2026-07-29 11:40:49 | INFO     | KDClient 3 round 39 local training (epochs=4)
[2026-07-29 11:41:34] 2026-07-29 11:41:34 | INFO     | KDClient 3 round 39 completed (acc=0.3055, n=180)
[2026-07-29 11:41:34] 2026-07-29 11:41:34 | INFO     | KDClient 4 fit round 39 (tier=small)
[2026-07-29 11:41:34] 2026-07-29 11:41:34 | INFO     | KDClient 4 round 39 public KD (epochs=2)
[2026-07-29 11:42:17] 2026-07-29 11:42:17 | INFO     | KDClient 4 round 39 local training (epochs=4)
[2026-07-29 11:42:53] 2026-07-29 11:42:53 | INFO     | KDClient 4 round 39 completed (acc=0.3091, n=180)
[2026-07-29 11:42:53] 2026-07-29 11:42:53 | INFO     | KDClient 5 fit round 39 (tier=small)
[2026-07-29 11:42:53] 2026-07-29 11:42:53 | INFO     | KDClient 5 round 39 public KD (epochs=2)
[2026-07-29 11:43:31] 2026-07-29 11:43:31 | INFO     | KDClient 5 round 39 local training (epochs=4)
[2026-07-29 11:44:03] 2026-07-29 11:44:03 | INFO     | KDClient 5 round 39 completed (acc=0.3091, n=180)
[2026-07-29 11:44:03] 2026-07-29 11:44:03 | INFO     | KDClient 6 fit round 39 (tier=small)
[2026-07-29 11:44:03] 2026-07-29 11:44:03 | INFO     | KDClient 6 round 39 public KD (epochs=2)
[2026-07-29 11:45:06] 2026-07-29 11:45:06 | INFO     | KDClient 6 round 39 local training (epochs=4)
[2026-07-29 11:45:53] 2026-07-29 11:45:53 | INFO     | KDClient 6 round 39 completed (acc=0.3091, n=180)
[2026-07-29 11:45:53] 2026-07-29 11:45:53 | INFO     | KDClient 7 fit round 39 (tier=medium)
[2026-07-29 11:45:53] 2026-07-29 11:45:53 | INFO     | KDClient 7 round 39 public KD (epochs=2)
[2026-07-29 11:47:34] 2026-07-29 11:47:34 | INFO     | KDClient 7 round 39 local training (epochs=4)
[2026-07-29 11:48:58] 2026-07-29 11:48:58 | INFO     | KDClient 7 round 39 completed (acc=0.3091, n=180)
[2026-07-29 11:48:58] 2026-07-29 11:48:58 | INFO     | KDClient 8 fit round 39 (tier=medium)
[2026-07-29 11:48:58] 2026-07-29 11:48:58 | INFO     | KDClient 8 round 39 public KD (epochs=2)
[2026-07-29 11:51:08] 2026-07-29 11:51:08 | INFO     | KDClient 8 round 39 local training (epochs=4)
[2026-07-29 11:52:20] 2026-07-29 11:52:20 | INFO     | KDClient 8 round 39 completed (acc=0.3091, n=180)
[2026-07-29 11:52:20] 2026-07-29 11:52:20 | INFO     | KDClient 9 fit round 39 (tier=medium)
[2026-07-29 11:52:20] 2026-07-29 11:52:20 | INFO     | KDClient 9 round 39 public KD (epochs=2)
[2026-07-29 11:53:48] 2026-07-29 11:53:48 | INFO     | KDClient 9 round 39 local training (epochs=4)
[2026-07-29 11:55:08] 2026-07-29 11:55:08 | INFO     | KDClient 9 round 39 completed (acc=0.3055, n=180)
[2026-07-29 11:55:08] 2026-07-29 11:55:08 | INFO     | KDClient 10 fit round 39 (tier=medium)
[2026-07-29 11:55:08] 2026-07-29 11:55:08 | INFO     | KDClient 10 round 39 public KD (epochs=2)
[2026-07-29 11:57:14] 2026-07-29 11:57:14 | INFO     | KDClient 10 round 39 local training (epochs=4)
[2026-07-29 11:58:44] 2026-07-29 11:58:44 | INFO     | KDClient 10 round 39 completed (acc=0.3091, n=180)
[2026-07-29 11:58:44] 2026-07-29 11:58:44 | INFO     | KDClient 11 fit round 39 (tier=medium)
[2026-07-29 11:58:44] 2026-07-29 11:58:44 | INFO     | KDClient 11 round 39 public KD (epochs=2)
[2026-07-29 12:00:23] 2026-07-29 12:00:23 | INFO     | KDClient 11 round 39 local training (epochs=4)
[2026-07-29 12:01:48] 2026-07-29 12:01:48 | INFO     | KDClient 11 round 39 completed (acc=0.3091, n=180)
[2026-07-29 12:01:48] 2026-07-29 12:01:48 | INFO     | KDClient 12 fit round 39 (tier=medium)
[2026-07-29 12:01:48] 2026-07-29 12:01:48 | INFO     | KDClient 12 round 39 public KD (epochs=2)
[2026-07-29 12:03:55] 2026-07-29 12:03:55 | INFO     | KDClient 12 round 39 local training (epochs=4)
[2026-07-29 12:05:13] 2026-07-29 12:05:13 | INFO     | KDClient 12 round 39 completed (acc=0.3091, n=180)
[2026-07-29 12:05:13] 2026-07-29 12:05:13 | INFO     | KDClient 13 fit round 39 (tier=medium)
[2026-07-29 12:05:13] 2026-07-29 12:05:13 | INFO     | KDClient 13 round 39 public KD (epochs=2)
[2026-07-29 12:06:55] 2026-07-29 12:06:55 | INFO     | KDClient 13 round 39 local training (epochs=4)
[2026-07-29 12:08:19] 2026-07-29 12:08:19 | INFO     | KDClient 13 round 39 completed (acc=0.3091, n=180)
[2026-07-29 12:08:19] 2026-07-29 12:08:19 | INFO     | KDClient 14 fit round 39 (tier=large)
[2026-07-29 12:08:19] 2026-07-29 12:08:19 | INFO     | KDClient 14 round 39 public KD (epochs=2)
[2026-07-29 12:11:28] 2026-07-29 12:11:28 | INFO     | KDClient 14 round 39 local training (epochs=4)
[2026-07-29 12:14:39] 2026-07-29 12:14:39 | INFO     | KDClient 14 round 39 completed (acc=0.3091, n=180)
[2026-07-29 12:14:39] 2026-07-29 12:14:39 | INFO     | KDClient 15 fit round 39 (tier=large)
[2026-07-29 12:14:39] 2026-07-29 12:14:39 | INFO     | KDClient 15 round 39 public KD (epochs=2)
[2026-07-29 12:17:57] 2026-07-29 12:17:57 | INFO     | KDClient 15 round 39 local training (epochs=4)
[2026-07-29 12:20:28] 2026-07-29 12:20:28 | INFO     | KDClient 15 round 39 completed (acc=0.3091, n=180)
[2026-07-29 12:20:28] 2026-07-29 12:20:28 | INFO     | KDClient 16 fit round 39 (tier=large)
[2026-07-29 12:20:28] 2026-07-29 12:20:28 | INFO     | KDClient 16 round 39 public KD (epochs=2)
[2026-07-29 12:23:17] 2026-07-29 12:23:17 | INFO     | KDClient 16 round 39 local training (epochs=4)
[2026-07-29 12:25:44] 2026-07-29 12:25:44 | INFO     | KDClient 16 round 39 completed (acc=0.3091, n=180)
[2026-07-29 12:25:44] 2026-07-29 12:25:44 | INFO     | KDClient 17 fit round 39 (tier=large)
[2026-07-29 12:25:44] 2026-07-29 12:25:44 | INFO     | KDClient 17 round 39 public KD (epochs=2)
[2026-07-29 12:28:35] 2026-07-29 12:28:35 | INFO     | KDClient 17 round 39 local training (epochs=4)
[2026-07-29 12:30:43] 2026-07-29 12:30:43 | INFO     | KDClient 17 round 39 completed (acc=0.3091, n=180)
[2026-07-29 12:30:43] 2026-07-29 12:30:43 | INFO     | KDClient 18 fit round 39 (tier=large)
[2026-07-29 12:30:43] 2026-07-29 12:30:43 | INFO     | KDClient 18 round 39 public KD (epochs=2)
[2026-07-29 12:34:29] 2026-07-29 12:34:29 | INFO     | KDClient 18 round 39 local training (epochs=4)
[2026-07-29 12:36:33] 2026-07-29 12:36:33 | INFO     | KDClient 18 round 39 completed (acc=0.3091, n=180)
[2026-07-29 12:36:33] 2026-07-29 12:36:33 | INFO     | KDClient 19 fit round 39 (tier=large)
[2026-07-29 12:36:33] 2026-07-29 12:36:33 | INFO     | KDClient 19 round 39 public KD (epochs=2)
[2026-07-29 12:39:25] 2026-07-29 12:39:25 | INFO     | KDClient 19 round 39 local training (epochs=4)
[2026-07-29 12:42:33] 2026-07-29 12:42:33 | INFO     | KDClient 19 round 39 completed (acc=0.3091, n=180)
[2026-07-29 12:42:33]   Round  39/50 | Avg: 0.3087 | Min: 0.3055 | Max: 0.3091
[2026-07-29 12:42:33] 2026-07-29 12:42:33 | INFO     | FEDMD — IID: round 40/50 starting
[2026-07-29 12:42:33] 2026-07-29 12:42:33 | INFO     | KDClient 0 fit round 40 (tier=small)
[2026-07-29 12:42:33] 2026-07-29 12:42:33 | INFO     | KDClient 0 round 40 public KD (epochs=2)
[2026-07-29 12:43:21] 2026-07-29 12:43:21 | INFO     | KDClient 0 round 40 local training (epochs=4)
[2026-07-29 12:44:06] 2026-07-29 12:44:06 | INFO     | KDClient 0 round 40 completed (acc=0.3091, n=180)
[2026-07-29 12:44:06] 2026-07-29 12:44:06 | INFO     | KDClient 1 fit round 40 (tier=small)
[2026-07-29 12:44:06] 2026-07-29 12:44:06 | INFO     | KDClient 1 round 40 public KD (epochs=2)
[2026-07-29 12:44:52] 2026-07-29 12:44:52 | INFO     | KDClient 1 round 40 local training (epochs=4)
[2026-07-29 12:45:28] 2026-07-29 12:45:28 | INFO     | KDClient 1 round 40 completed (acc=0.3091, n=180)
[2026-07-29 12:45:28] 2026-07-29 12:45:28 | INFO     | KDClient 2 fit round 40 (tier=small)
[2026-07-29 12:45:28] 2026-07-29 12:45:28 | INFO     | KDClient 2 round 40 public KD (epochs=2)
[2026-07-29 12:46:14] 2026-07-29 12:46:14 | INFO     | KDClient 2 round 40 local training (epochs=4)
[2026-07-29 12:47:00] 2026-07-29 12:47:00 | INFO     | KDClient 2 round 40 completed (acc=0.3091, n=180)
[2026-07-29 12:47:00] 2026-07-29 12:47:00 | INFO     | KDClient 3 fit round 40 (tier=small)
[2026-07-29 12:47:00] 2026-07-29 12:47:00 | INFO     | KDClient 3 round 40 public KD (epochs=2)
[2026-07-29 12:47:49] 2026-07-29 12:47:49 | INFO     | KDClient 3 round 40 local training (epochs=4)
[2026-07-29 12:48:35] 2026-07-29 12:48:35 | INFO     | KDClient 3 round 40 completed (acc=0.3091, n=180)
[2026-07-29 12:48:35] 2026-07-29 12:48:35 | INFO     | KDClient 4 fit round 40 (tier=small)
[2026-07-29 12:48:35] 2026-07-29 12:48:35 | INFO     | KDClient 4 round 40 public KD (epochs=2)
[2026-07-29 12:49:21] 2026-07-29 12:49:21 | INFO     | KDClient 4 round 40 local training (epochs=4)
[2026-07-29 12:50:03] 2026-07-29 12:50:03 | INFO     | KDClient 4 round 40 completed (acc=0.3091, n=180)
[2026-07-29 12:50:03] 2026-07-29 12:50:03 | INFO     | KDClient 5 fit round 40 (tier=small)
[2026-07-29 12:50:03] 2026-07-29 12:50:03 | INFO     | KDClient 5 round 40 public KD (epochs=2)
[2026-07-29 12:50:43] 2026-07-29 12:50:43 | INFO     | KDClient 5 round 40 local training (epochs=4)
[2026-07-29 12:51:33] 2026-07-29 12:51:33 | INFO     | KDClient 5 round 40 completed (acc=0.3091, n=180)
[2026-07-29 12:51:33] 2026-07-29 12:51:33 | INFO     | KDClient 6 fit round 40 (tier=small)
[2026-07-29 12:51:33] 2026-07-29 12:51:33 | INFO     | KDClient 6 round 40 public KD (epochs=2)
[2026-07-29 12:52:18] 2026-07-29 12:52:18 | INFO     | KDClient 6 round 40 local training (epochs=4)
[2026-07-29 12:52:56] 2026-07-29 12:52:56 | INFO     | KDClient 6 round 40 completed (acc=0.3018, n=180)
[2026-07-29 12:52:56] 2026-07-29 12:52:56 | INFO     | KDClient 7 fit round 40 (tier=medium)
[2026-07-29 12:52:56] 2026-07-29 12:52:56 | INFO     | KDClient 7 round 40 public KD (epochs=2)
[2026-07-29 12:55:11] 2026-07-29 12:55:11 | INFO     | KDClient 7 round 40 local training (epochs=4)
[2026-07-29 12:56:38] 2026-07-29 12:56:38 | INFO     | KDClient 7 round 40 completed (acc=0.3091, n=180)
[2026-07-29 12:56:38] 2026-07-29 12:56:38 | INFO     | KDClient 8 fit round 40 (tier=medium)
[2026-07-29 12:56:38] 2026-07-29 12:56:38 | INFO     | KDClient 8 round 40 public KD (epochs=2)
[2026-07-29 12:58:48] 2026-07-29 12:58:48 | INFO     | KDClient 8 round 40 local training (epochs=4)
[2026-07-29 13:00:24] 2026-07-29 13:00:24 | INFO     | KDClient 8 round 40 completed (acc=0.3091, n=180)
[2026-07-29 13:00:24] 2026-07-29 13:00:24 | INFO     | KDClient 9 fit round 40 (tier=medium)
[2026-07-29 13:00:24] 2026-07-29 13:00:24 | INFO     | KDClient 9 round 40 public KD (epochs=2)
[2026-07-29 13:01:56] 2026-07-29 13:01:56 | INFO     | KDClient 9 round 40 local training (epochs=4)
[2026-07-29 13:03:15] 2026-07-29 13:03:15 | INFO     | KDClient 9 round 40 completed (acc=0.3091, n=180)
[2026-07-29 13:03:15] 2026-07-29 13:03:15 | INFO     | KDClient 10 fit round 40 (tier=medium)
[2026-07-29 13:03:15] 2026-07-29 13:03:15 | INFO     | KDClient 10 round 40 public KD (epochs=2)
[2026-07-29 13:04:50] 2026-07-29 13:04:50 | INFO     | KDClient 10 round 40 local training (epochs=4)
[2026-07-29 13:06:19] 2026-07-29 13:06:19 | INFO     | KDClient 10 round 40 completed (acc=0.3091, n=180)
[2026-07-29 13:06:19] 2026-07-29 13:06:19 | INFO     | KDClient 11 fit round 40 (tier=medium)
[2026-07-29 13:06:19] 2026-07-29 13:06:19 | INFO     | KDClient 11 round 40 public KD (epochs=2)
[2026-07-29 13:07:52] 2026-07-29 13:07:52 | INFO     | KDClient 11 round 40 local training (epochs=4)
[2026-07-29 13:09:24] 2026-07-29 13:09:24 | INFO     | KDClient 11 round 40 completed (acc=0.3091, n=180)
[2026-07-29 13:09:24] 2026-07-29 13:09:24 | INFO     | KDClient 12 fit round 40 (tier=medium)
[2026-07-29 13:09:24] 2026-07-29 13:09:24 | INFO     | KDClient 12 round 40 public KD (epochs=2)
[2026-07-29 13:11:37] 2026-07-29 13:11:37 | INFO     | KDClient 12 round 40 local training (epochs=4)
[2026-07-29 13:12:56] 2026-07-29 13:12:55 | INFO     | KDClient 12 round 40 completed (acc=0.3091, n=180)
[2026-07-29 13:12:56] 2026-07-29 13:12:55 | INFO     | KDClient 13 fit round 40 (tier=medium)
[2026-07-29 13:12:56] 2026-07-29 13:12:55 | INFO     | KDClient 13 round 40 public KD (epochs=2)
[2026-07-29 13:14:38] 2026-07-29 13:14:38 | INFO     | KDClient 13 round 40 local training (epochs=4)
[2026-07-29 13:16:12] 2026-07-29 13:16:12 | INFO     | KDClient 13 round 40 completed (acc=0.2836, n=180)
[2026-07-29 13:16:12] 2026-07-29 13:16:12 | INFO     | KDClient 14 fit round 40 (tier=large)
[2026-07-29 13:16:12] 2026-07-29 13:16:12 | INFO     | KDClient 14 round 40 public KD (epochs=2)
[2026-07-29 13:18:56] 2026-07-29 13:18:56 | INFO     | KDClient 14 round 40 local training (epochs=4)
[2026-07-29 13:20:55] 2026-07-29 13:20:55 | INFO     | KDClient 14 round 40 completed (acc=0.3091, n=180)
[2026-07-29 13:20:55] 2026-07-29 13:20:55 | INFO     | KDClient 15 fit round 40 (tier=large)
[2026-07-29 13:20:55] 2026-07-29 13:20:55 | INFO     | KDClient 15 round 40 public KD (epochs=2)
[2026-07-29 13:23:35] 2026-07-29 13:23:35 | INFO     | KDClient 15 round 40 local training (epochs=4)
[2026-07-29 13:25:51] 2026-07-29 13:25:51 | INFO     | KDClient 15 round 40 completed (acc=0.3091, n=180)
[2026-07-29 13:25:51] 2026-07-29 13:25:51 | INFO     | KDClient 16 fit round 40 (tier=large)
[2026-07-29 13:25:51] 2026-07-29 13:25:51 | INFO     | KDClient 16 round 40 public KD (epochs=2)
[2026-07-29 13:28:40] 2026-07-29 13:28:40 | INFO     | KDClient 16 round 40 local training (epochs=4)
[2026-07-29 13:31:04] 2026-07-29 13:31:04 | INFO     | KDClient 16 round 40 completed (acc=0.3091, n=180)
[2026-07-29 13:31:04] 2026-07-29 13:31:04 | INFO     | KDClient 17 fit round 40 (tier=large)
[2026-07-29 13:31:04] 2026-07-29 13:31:04 | INFO     | KDClient 17 round 40 public KD (epochs=2)
[2026-07-29 13:33:43] 2026-07-29 13:33:43 | INFO     | KDClient 17 round 40 local training (epochs=4)
[2026-07-29 13:35:45] 2026-07-29 13:35:45 | INFO     | KDClient 17 round 40 completed (acc=0.3091, n=180)
[2026-07-29 13:35:45] 2026-07-29 13:35:45 | INFO     | KDClient 18 fit round 40 (tier=large)
[2026-07-29 13:35:45] 2026-07-29 13:35:45 | INFO     | KDClient 18 round 40 public KD (epochs=2)
[2026-07-29 13:38:03] 2026-07-29 13:38:03 | INFO     | KDClient 18 round 40 local training (epochs=4)
[2026-07-29 13:40:16] 2026-07-29 13:40:16 | INFO     | KDClient 18 round 40 completed (acc=0.3091, n=180)
[2026-07-29 13:40:16] 2026-07-29 13:40:16 | INFO     | KDClient 19 fit round 40 (tier=large)
[2026-07-29 13:40:16] 2026-07-29 13:40:16 | INFO     | KDClient 19 round 40 public KD (epochs=2)
[2026-07-29 13:42:40] 2026-07-29 13:42:40 | INFO     | KDClient 19 round 40 local training (epochs=4)
[2026-07-29 13:44:38] 2026-07-29 13:44:38 | INFO     | KDClient 19 round 40 completed (acc=0.3091, n=180)
[2026-07-29 13:44:38]   Round  40/50 | Avg: 0.3075 | Min: 0.2836 | Max: 0.3091
[2026-07-29 13:44:38] 2026-07-29 13:44:38 | INFO     | FEDMD — IID: round 41/50 starting
[2026-07-29 13:44:38] 2026-07-29 13:44:38 | INFO     | KDClient 0 fit round 41 (tier=small)
[2026-07-29 13:44:38] 2026-07-29 13:44:38 | INFO     | KDClient 0 round 41 public KD (epochs=2)
[2026-07-29 13:45:14] 2026-07-29 13:45:14 | INFO     | KDClient 0 round 41 local training (epochs=4)
[2026-07-29 13:45:46] 2026-07-29 13:45:46 | INFO     | KDClient 0 round 41 completed (acc=0.3091, n=180)
[2026-07-29 13:45:46] 2026-07-29 13:45:46 | INFO     | KDClient 1 fit round 41 (tier=small)
[2026-07-29 13:45:46] 2026-07-29 13:45:46 | INFO     | KDClient 1 round 41 public KD (epochs=2)
[2026-07-29 13:46:25] 2026-07-29 13:46:25 | INFO     | KDClient 1 round 41 local training (epochs=4)
[2026-07-29 13:46:54] 2026-07-29 13:46:54 | INFO     | KDClient 1 round 41 completed (acc=0.3091, n=180)
[2026-07-29 13:46:54] 2026-07-29 13:46:54 | INFO     | KDClient 2 fit round 41 (tier=small)
[2026-07-29 13:46:54] 2026-07-29 13:46:54 | INFO     | KDClient 2 round 41 public KD (epochs=2)
[2026-07-29 13:47:34] 2026-07-29 13:47:33 | INFO     | KDClient 2 round 41 local training (epochs=4)
[2026-07-29 13:48:07] 2026-07-29 13:48:07 | INFO     | KDClient 2 round 41 completed (acc=0.3091, n=180)
[2026-07-29 13:48:07] 2026-07-29 13:48:07 | INFO     | KDClient 3 fit round 41 (tier=small)
[2026-07-29 13:48:07] 2026-07-29 13:48:07 | INFO     | KDClient 3 round 41 public KD (epochs=2)
[2026-07-29 13:48:47] 2026-07-29 13:48:47 | INFO     | KDClient 3 round 41 local training (epochs=4)
[2026-07-29 13:49:18] 2026-07-29 13:49:18 | INFO     | KDClient 3 round 41 completed (acc=0.3091, n=180)
[2026-07-29 13:49:18] 2026-07-29 13:49:18 | INFO     | KDClient 4 fit round 41 (tier=small)
[2026-07-29 13:49:18] 2026-07-29 13:49:18 | INFO     | KDClient 4 round 41 public KD (epochs=2)
[2026-07-29 13:49:57] 2026-07-29 13:49:57 | INFO     | KDClient 4 round 41 local training (epochs=4)
[2026-07-29 13:50:29] 2026-07-29 13:50:28 | INFO     | KDClient 4 round 41 completed (acc=0.3091, n=180)
[2026-07-29 13:50:29] 2026-07-29 13:50:29 | INFO     | KDClient 5 fit round 41 (tier=small)
[2026-07-29 13:50:29] 2026-07-29 13:50:29 | INFO     | KDClient 5 round 41 public KD (epochs=2)
[2026-07-29 13:51:11] 2026-07-29 13:51:11 | INFO     | KDClient 5 round 41 local training (epochs=4)
[2026-07-29 13:51:38] 2026-07-29 13:51:38 | INFO     | KDClient 5 round 41 completed (acc=0.3091, n=180)
[2026-07-29 13:51:38] 2026-07-29 13:51:38 | INFO     | KDClient 6 fit round 41 (tier=small)
[2026-07-29 13:51:38] 2026-07-29 13:51:38 | INFO     | KDClient 6 round 41 public KD (epochs=2)
[2026-07-29 13:52:13] 2026-07-29 13:52:13 | INFO     | KDClient 6 round 41 local training (epochs=4)
[2026-07-29 13:52:45] 2026-07-29 13:52:45 | INFO     | KDClient 6 round 41 completed (acc=0.3091, n=180)
[2026-07-29 13:52:45] 2026-07-29 13:52:45 | INFO     | KDClient 7 fit round 41 (tier=medium)
[2026-07-29 13:52:45] 2026-07-29 13:52:45 | INFO     | KDClient 7 round 41 public KD (epochs=2)
[2026-07-29 13:54:07] 2026-07-29 13:54:07 | INFO     | KDClient 7 round 41 local training (epochs=4)
[2026-07-29 13:55:13] 2026-07-29 13:55:13 | INFO     | KDClient 7 round 41 completed (acc=0.2764, n=180)
[2026-07-29 13:55:13] 2026-07-29 13:55:13 | INFO     | KDClient 8 fit round 41 (tier=medium)
[2026-07-29 13:55:13] 2026-07-29 13:55:13 | INFO     | KDClient 8 round 41 public KD (epochs=2)
[2026-07-29 13:56:37] 2026-07-29 13:56:37 | INFO     | KDClient 8 round 41 local training (epochs=4)
[2026-07-29 13:57:45] 2026-07-29 13:57:45 | INFO     | KDClient 8 round 41 completed (acc=0.3091, n=180)
[2026-07-29 13:57:45] 2026-07-29 13:57:45 | INFO     | KDClient 9 fit round 41 (tier=medium)
[2026-07-29 13:57:45] 2026-07-29 13:57:45 | INFO     | KDClient 9 round 41 public KD (epochs=2)
[2026-07-29 13:59:50] 2026-07-29 13:59:50 | INFO     | KDClient 9 round 41 local training (epochs=4)
[2026-07-29 14:01:02] 2026-07-29 14:01:02 | INFO     | KDClient 9 round 41 completed (acc=0.3091, n=180)
[2026-07-29 14:01:02] 2026-07-29 14:01:02 | INFO     | KDClient 10 fit round 41 (tier=medium)
[2026-07-29 14:01:02] 2026-07-29 14:01:02 | INFO     | KDClient 10 round 41 public KD (epochs=2)
[2026-07-29 14:02:27] 2026-07-29 14:02:27 | INFO     | KDClient 10 round 41 local training (epochs=4)
[2026-07-29 14:03:49] 2026-07-29 14:03:49 | INFO     | KDClient 10 round 41 completed (acc=0.3055, n=180)
[2026-07-29 14:03:49] 2026-07-29 14:03:49 | INFO     | KDClient 11 fit round 41 (tier=medium)
[2026-07-29 14:03:49] 2026-07-29 14:03:49 | INFO     | KDClient 11 round 41 public KD (epochs=2)
[2026-07-29 14:05:55] 2026-07-29 14:05:55 | INFO     | KDClient 11 round 41 local training (epochs=4)
[2026-07-29 14:07:08] 2026-07-29 14:07:08 | INFO     | KDClient 11 round 41 completed (acc=0.3091, n=180)
[2026-07-29 14:07:08] 2026-07-29 14:07:08 | INFO     | KDClient 12 fit round 41 (tier=medium)
[2026-07-29 14:07:08] 2026-07-29 14:07:08 | INFO     | KDClient 12 round 41 public KD (epochs=2)
[2026-07-29 14:08:33] 2026-07-29 14:08:33 | INFO     | KDClient 12 round 41 local training (epochs=4)
[2026-07-29 14:09:54] 2026-07-29 14:09:54 | INFO     | KDClient 12 round 41 completed (acc=0.2945, n=180)
[2026-07-29 14:09:54] 2026-07-29 14:09:54 | INFO     | KDClient 13 fit round 41 (tier=medium)
[2026-07-29 14:09:54] 2026-07-29 14:09:54 | INFO     | KDClient 13 round 41 public KD (epochs=2)
[2026-07-29 14:12:06] 2026-07-29 14:12:06 | INFO     | KDClient 13 round 41 local training (epochs=4)
[2026-07-29 14:13:26] 2026-07-29 14:13:26 | INFO     | KDClient 13 round 41 completed (acc=0.3091, n=180)
[2026-07-29 14:13:26] 2026-07-29 14:13:26 | INFO     | KDClient 14 fit round 41 (tier=large)
[2026-07-29 14:13:26] 2026-07-29 14:13:26 | INFO     | KDClient 14 round 41 public KD (epochs=2)
[2026-07-29 14:15:59] 2026-07-29 14:15:59 | INFO     | KDClient 14 round 41 local training (epochs=4)
[2026-07-29 14:17:57] 2026-07-29 14:17:57 | INFO     | KDClient 14 round 41 completed (acc=0.2836, n=180)
[2026-07-29 14:17:57] 2026-07-29 14:17:57 | INFO     | KDClient 15 fit round 41 (tier=large)
[2026-07-29 14:17:57] 2026-07-29 14:17:57 | INFO     | KDClient 15 round 41 public KD (epochs=2)
[2026-07-29 14:20:25] 2026-07-29 14:20:25 | INFO     | KDClient 15 round 41 local training (epochs=4)
[2026-07-29 14:22:19] 2026-07-29 14:22:19 | INFO     | KDClient 15 round 41 completed (acc=0.3091, n=180)
[2026-07-29 14:22:19] 2026-07-29 14:22:19 | INFO     | KDClient 16 fit round 41 (tier=large)
[2026-07-29 14:22:19] 2026-07-29 14:22:19 | INFO     | KDClient 16 round 41 public KD (epochs=2)
[2026-07-29 14:24:55] 2026-07-29 14:24:55 | INFO     | KDClient 16 round 41 local training (epochs=4)
[2026-07-29 14:26:49] 2026-07-29 14:26:49 | INFO     | KDClient 16 round 41 completed (acc=0.3091, n=180)
[2026-07-29 14:26:49] 2026-07-29 14:26:49 | INFO     | KDClient 17 fit round 41 (tier=large)
[2026-07-29 14:26:49] 2026-07-29 14:26:49 | INFO     | KDClient 17 round 41 public KD (epochs=2)
[2026-07-29 14:29:22] 2026-07-29 14:29:22 | INFO     | KDClient 17 round 41 local training (epochs=4)
[2026-07-29 14:31:14] 2026-07-29 14:31:14 | INFO     | KDClient 17 round 41 completed (acc=0.3091, n=180)
[2026-07-29 14:31:14] 2026-07-29 14:31:14 | INFO     | KDClient 18 fit round 41 (tier=large)
[2026-07-29 14:31:14] 2026-07-29 14:31:14 | INFO     | KDClient 18 round 41 public KD (epochs=2)
[2026-07-29 14:33:55] 2026-07-29 14:33:55 | INFO     | KDClient 18 round 41 local training (epochs=4)
[2026-07-29 14:35:53] 2026-07-29 14:35:53 | INFO     | KDClient 18 round 41 completed (acc=0.3091, n=180)
[2026-07-29 14:35:53] 2026-07-29 14:35:53 | INFO     | KDClient 19 fit round 41 (tier=large)
[2026-07-29 14:35:53] 2026-07-29 14:35:53 | INFO     | KDClient 19 round 41 public KD (epochs=2)
[2026-07-29 14:38:28] 2026-07-29 14:38:28 | INFO     | KDClient 19 round 41 local training (epochs=4)
[2026-07-29 14:40:48] 2026-07-29 14:40:48 | INFO     | KDClient 19 round 41 completed (acc=0.3091, n=180)
[2026-07-29 14:40:48]   Round  41/50 | Avg: 0.3053 | Min: 0.2764 | Max: 0.3091
[2026-07-29 14:40:48] 2026-07-29 14:40:48 | INFO     | FEDMD — IID: round 42/50 starting
[2026-07-29 14:40:48] 2026-07-29 14:40:48 | INFO     | KDClient 0 fit round 42 (tier=small)
[2026-07-29 14:40:48] 2026-07-29 14:40:48 | INFO     | KDClient 0 round 42 public KD (epochs=2)
[2026-07-29 14:41:28] 2026-07-29 14:41:28 | INFO     | KDClient 0 round 42 local training (epochs=4)
[2026-07-29 14:42:02] 2026-07-29 14:42:02 | INFO     | KDClient 0 round 42 completed (acc=0.3091, n=180)
[2026-07-29 14:42:02] 2026-07-29 14:42:02 | INFO     | KDClient 1 fit round 42 (tier=small)
[2026-07-29 14:42:02] 2026-07-29 14:42:02 | INFO     | KDClient 1 round 42 public KD (epochs=2)
[2026-07-29 14:42:44] 2026-07-29 14:42:44 | INFO     | KDClient 1 round 42 local training (epochs=4)
[2026-07-29 14:43:18] 2026-07-29 14:43:18 | INFO     | KDClient 1 round 42 completed (acc=0.3091, n=180)
[2026-07-29 14:43:18] 2026-07-29 14:43:18 | INFO     | KDClient 2 fit round 42 (tier=small)
[2026-07-29 14:43:18] 2026-07-29 14:43:18 | INFO     | KDClient 2 round 42 public KD (epochs=2)
[2026-07-29 14:44:22] 2026-07-29 14:44:22 | INFO     | KDClient 2 round 42 local training (epochs=4)
[2026-07-29 14:45:02] 2026-07-29 14:45:02 | INFO     | KDClient 2 round 42 completed (acc=0.3091, n=180)
[2026-07-29 14:45:02] 2026-07-29 14:45:02 | INFO     | KDClient 3 fit round 42 (tier=small)
[2026-07-29 14:45:02] 2026-07-29 14:45:02 | INFO     | KDClient 3 round 42 public KD (epochs=2)
[2026-07-29 14:45:32] 2026-07-29 14:45:32 | INFO     | KDClient 3 round 42 local training (epochs=4)
[2026-07-29 14:46:08] 2026-07-29 14:46:08 | INFO     | KDClient 3 round 42 completed (acc=0.3091, n=180)
[2026-07-29 14:46:08] 2026-07-29 14:46:08 | INFO     | KDClient 4 fit round 42 (tier=small)
[2026-07-29 14:46:08] 2026-07-29 14:46:08 | INFO     | KDClient 4 round 42 public KD (epochs=2)
[2026-07-29 14:46:50] 2026-07-29 14:46:50 | INFO     | KDClient 4 round 42 local training (epochs=4)
[2026-07-29 14:47:32] 2026-07-29 14:47:32 | INFO     | KDClient 4 round 42 completed (acc=0.3091, n=180)
[2026-07-29 14:47:32] 2026-07-29 14:47:32 | INFO     | KDClient 5 fit round 42 (tier=small)
[2026-07-29 14:47:32] 2026-07-29 14:47:32 | INFO     | KDClient 5 round 42 public KD (epochs=2)
[2026-07-29 14:48:35] 2026-07-29 14:48:35 | INFO     | KDClient 5 round 42 local training (epochs=4)
[2026-07-29 14:49:05] 2026-07-29 14:49:05 | INFO     | KDClient 5 round 42 completed (acc=0.3091, n=180)
[2026-07-29 14:49:05] 2026-07-29 14:49:05 | INFO     | KDClient 6 fit round 42 (tier=small)
[2026-07-29 14:49:05] 2026-07-29 14:49:05 | INFO     | KDClient 6 round 42 public KD (epochs=2)
[2026-07-29 14:49:47] 2026-07-29 14:49:47 | INFO     | KDClient 6 round 42 local training (epochs=4)
[2026-07-29 14:50:22] 2026-07-29 14:50:22 | INFO     | KDClient 6 round 42 completed (acc=0.3055, n=180)
[2026-07-29 14:50:22] 2026-07-29 14:50:22 | INFO     | KDClient 7 fit round 42 (tier=medium)
[2026-07-29 14:50:22] 2026-07-29 14:50:22 | INFO     | KDClient 7 round 42 public KD (epochs=2)
[2026-07-29 14:51:45] 2026-07-29 14:51:44 | INFO     | KDClient 7 round 42 local training (epochs=4)
[2026-07-29 14:53:02] 2026-07-29 14:53:02 | INFO     | KDClient 7 round 42 completed (acc=0.3091, n=180)
[2026-07-29 14:53:02] 2026-07-29 14:53:02 | INFO     | KDClient 8 fit round 42 (tier=medium)
[2026-07-29 14:53:02] 2026-07-29 14:53:02 | INFO     | KDClient 8 round 42 public KD (epochs=2)
[2026-07-29 14:55:06] 2026-07-29 14:55:06 | INFO     | KDClient 8 round 42 local training (epochs=4)
[2026-07-29 14:56:25] 2026-07-29 14:56:25 | INFO     | KDClient 8 round 42 completed (acc=0.3055, n=180)
[2026-07-29 14:56:25] 2026-07-29 14:56:25 | INFO     | KDClient 9 fit round 42 (tier=medium)
[2026-07-29 14:56:25] 2026-07-29 14:56:25 | INFO     | KDClient 9 round 42 public KD (epochs=2)
[2026-07-29 14:58:32] 2026-07-29 14:58:32 | INFO     | KDClient 9 round 42 local training (epochs=4)
[2026-07-29 14:59:43] 2026-07-29 14:59:43 | INFO     | KDClient 9 round 42 completed (acc=0.3055, n=180)
[2026-07-29 14:59:43] 2026-07-29 14:59:43 | INFO     | KDClient 10 fit round 42 (tier=medium)
[2026-07-29 14:59:43] 2026-07-29 14:59:43 | INFO     | KDClient 10 round 42 public KD (epochs=2)
[2026-07-29 15:01:12] 2026-07-29 15:01:12 | INFO     | KDClient 10 round 42 local training (epochs=4)
[2026-07-29 15:02:34] 2026-07-29 15:02:34 | INFO     | KDClient 10 round 42 completed (acc=0.3091, n=180)
[2026-07-29 15:02:34] 2026-07-29 15:02:34 | INFO     | KDClient 11 fit round 42 (tier=medium)
[2026-07-29 15:02:34] 2026-07-29 15:02:34 | INFO     | KDClient 11 round 42 public KD (epochs=2)
[2026-07-29 15:04:43] 2026-07-29 15:04:43 | INFO     | KDClient 11 round 42 local training (epochs=4)
[2026-07-29 15:06:02] 2026-07-29 15:06:02 | INFO     | KDClient 11 round 42 completed (acc=0.3091, n=180)
[2026-07-29 15:06:02] 2026-07-29 15:06:02 | INFO     | KDClient 12 fit round 42 (tier=medium)
[2026-07-29 15:06:02] 2026-07-29 15:06:02 | INFO     | KDClient 12 round 42 public KD (epochs=2)
[2026-07-29 15:07:32] 2026-07-29 15:07:32 | INFO     | KDClient 12 round 42 local training (epochs=4)
[2026-07-29 15:08:55] 2026-07-29 15:08:55 | INFO     | KDClient 12 round 42 completed (acc=0.3091, n=180)
[2026-07-29 15:08:55] 2026-07-29 15:08:55 | INFO     | KDClient 13 fit round 42 (tier=medium)
[2026-07-29 15:08:55] 2026-07-29 15:08:55 | INFO     | KDClient 13 round 42 public KD (epochs=2)
[2026-07-29 15:10:33] 2026-07-29 15:10:33 | INFO     | KDClient 13 round 42 local training (epochs=4)
[2026-07-29 15:11:58] 2026-07-29 15:11:57 | INFO     | KDClient 13 round 42 completed (acc=0.3091, n=180)
[2026-07-29 15:11:58] 2026-07-29 15:11:57 | INFO     | KDClient 14 fit round 42 (tier=large)
[2026-07-29 15:11:58] 2026-07-29 15:11:57 | INFO     | KDClient 14 round 42 public KD (epochs=2)
[2026-07-29 15:14:24] 2026-07-29 15:14:24 | INFO     | KDClient 14 round 42 local training (epochs=4)
[2026-07-29 15:17:01] 2026-07-29 15:17:01 | INFO     | KDClient 14 round 42 completed (acc=0.3091, n=180)
[2026-07-29 15:17:01] 2026-07-29 15:17:01 | INFO     | KDClient 15 fit round 42 (tier=large)
[2026-07-29 15:17:01] 2026-07-29 15:17:01 | INFO     | KDClient 15 round 42 public KD (epochs=2)
[2026-07-29 15:19:39] 2026-07-29 15:19:39 | INFO     | KDClient 15 round 42 local training (epochs=4)
[2026-07-29 15:21:39] 2026-07-29 15:21:39 | INFO     | KDClient 15 round 42 completed (acc=0.3091, n=180)
[2026-07-29 15:21:39] 2026-07-29 15:21:39 | INFO     | KDClient 16 fit round 42 (tier=large)
[2026-07-29 15:21:39] 2026-07-29 15:21:39 | INFO     | KDClient 16 round 42 public KD (epochs=2)
[2026-07-29 15:24:15] 2026-07-29 15:24:15 | INFO     | KDClient 16 round 42 local training (epochs=4)
[2026-07-29 15:26:09] 2026-07-29 15:26:09 | INFO     | KDClient 16 round 42 completed (acc=0.3091, n=180)
[2026-07-29 15:26:09] 2026-07-29 15:26:09 | INFO     | KDClient 17 fit round 42 (tier=large)
[2026-07-29 15:26:09] 2026-07-29 15:26:09 | INFO     | KDClient 17 round 42 public KD (epochs=2)
[2026-07-29 15:28:35] 2026-07-29 15:28:35 | INFO     | KDClient 17 round 42 local training (epochs=4)
[2026-07-29 15:31:34] 2026-07-29 15:31:33 | INFO     | KDClient 17 round 42 completed (acc=0.3091, n=180)
[2026-07-29 15:31:34] 2026-07-29 15:31:33 | INFO     | KDClient 18 fit round 42 (tier=large)
[2026-07-29 15:31:34] 2026-07-29 15:31:33 | INFO     | KDClient 18 round 42 public KD (epochs=2)
[2026-07-29 15:34:03] 2026-07-29 15:34:03 | INFO     | KDClient 18 round 42 local training (epochs=4)
[2026-07-29 15:36:22] 2026-07-29 15:36:22 | INFO     | KDClient 18 round 42 completed (acc=0.3091, n=180)
[2026-07-29 15:36:22] 2026-07-29 15:36:22 | INFO     | KDClient 19 fit round 42 (tier=large)
[2026-07-29 15:36:22] 2026-07-29 15:36:22 | INFO     | KDClient 19 round 42 public KD (epochs=2)
[2026-07-29 15:38:47] 2026-07-29 15:38:47 | INFO     | KDClient 19 round 42 local training (epochs=4)
[2026-07-29 15:40:42] 2026-07-29 15:40:42 | INFO     | KDClient 19 round 42 completed (acc=0.3091, n=180)
[2026-07-29 15:40:42]   Round  42/50 | Avg: 0.3085 | Min: 0.3055 | Max: 0.3091
[2026-07-29 15:40:42] 2026-07-29 15:40:42 | INFO     | FEDMD — IID: round 43/50 starting
[2026-07-29 15:40:42] 2026-07-29 15:40:42 | INFO     | KDClient 0 fit round 43 (tier=small)
[2026-07-29 15:40:42] 2026-07-29 15:40:42 | INFO     | KDClient 0 round 43 public KD (epochs=2)
[2026-07-29 15:41:23] 2026-07-29 15:41:23 | INFO     | KDClient 0 round 43 local training (epochs=4)
[2026-07-29 15:41:55] 2026-07-29 15:41:55 | INFO     | KDClient 0 round 43 completed (acc=0.3091, n=180)
[2026-07-29 15:41:55] 2026-07-29 15:41:55 | INFO     | KDClient 1 fit round 43 (tier=small)
[2026-07-29 15:41:55] 2026-07-29 15:41:55 | INFO     | KDClient 1 round 43 public KD (epochs=2)
[2026-07-29 15:42:34] 2026-07-29 15:42:34 | INFO     | KDClient 1 round 43 local training (epochs=4)
[2026-07-29 15:43:10] 2026-07-29 15:43:10 | INFO     | KDClient 1 round 43 completed (acc=0.3055, n=180)
[2026-07-29 15:43:10] 2026-07-29 15:43:10 | INFO     | KDClient 2 fit round 43 (tier=small)
[2026-07-29 15:43:10] 2026-07-29 15:43:10 | INFO     | KDClient 2 round 43 public KD (epochs=2)
[2026-07-29 15:44:08] 2026-07-29 15:44:08 | INFO     | KDClient 2 round 43 local training (epochs=4)
[2026-07-29 15:44:31] 2026-07-29 15:44:31 | INFO     | KDClient 2 round 43 completed (acc=0.3091, n=180)
[2026-07-29 15:44:31] 2026-07-29 15:44:31 | INFO     | KDClient 3 fit round 43 (tier=small)
[2026-07-29 15:44:31] 2026-07-29 15:44:31 | INFO     | KDClient 3 round 43 public KD (epochs=2)
[2026-07-29 15:45:07] 2026-07-29 15:45:07 | INFO     | KDClient 3 round 43 local training (epochs=4)
[2026-07-29 15:45:37] 2026-07-29 15:45:37 | INFO     | KDClient 3 round 43 completed (acc=0.3018, n=180)
[2026-07-29 15:45:37] 2026-07-29 15:45:37 | INFO     | KDClient 4 fit round 43 (tier=small)
[2026-07-29 15:45:37] 2026-07-29 15:45:37 | INFO     | KDClient 4 round 43 public KD (epochs=2)
[2026-07-29 15:46:18] 2026-07-29 15:46:18 | INFO     | KDClient 4 round 43 local training (epochs=4)
[2026-07-29 15:46:47] 2026-07-29 15:46:47 | INFO     | KDClient 4 round 43 completed (acc=0.3091, n=180)
[2026-07-29 15:46:47] 2026-07-29 15:46:47 | INFO     | KDClient 5 fit round 43 (tier=small)
[2026-07-29 15:46:47] 2026-07-29 15:46:47 | INFO     | KDClient 5 round 43 public KD (epochs=2)
[2026-07-29 15:47:17] 2026-07-29 15:47:17 | INFO     | KDClient 5 round 43 local training (epochs=4)
[2026-07-29 15:48:00] 2026-07-29 15:48:00 | INFO     | KDClient 5 round 43 completed (acc=0.3091, n=180)
[2026-07-29 15:48:00] 2026-07-29 15:48:00 | INFO     | KDClient 6 fit round 43 (tier=small)
[2026-07-29 15:48:00] 2026-07-29 15:48:00 | INFO     | KDClient 6 round 43 public KD (epochs=2)
[2026-07-29 15:48:32] 2026-07-29 15:48:32 | INFO     | KDClient 6 round 43 local training (epochs=4)
[2026-07-29 15:49:02] 2026-07-29 15:49:02 | INFO     | KDClient 6 round 43 completed (acc=0.3091, n=180)
[2026-07-29 15:49:02] 2026-07-29 15:49:02 | INFO     | KDClient 7 fit round 43 (tier=medium)
[2026-07-29 15:49:02] 2026-07-29 15:49:02 | INFO     | KDClient 7 round 43 public KD (epochs=2)
[2026-07-29 15:50:23] 2026-07-29 15:50:23 | INFO     | KDClient 7 round 43 local training (epochs=4)
[2026-07-29 15:51:32] 2026-07-29 15:51:32 | INFO     | KDClient 7 round 43 completed (acc=0.3091, n=180)
[2026-07-29 15:51:32] 2026-07-29 15:51:32 | INFO     | KDClient 8 fit round 43 (tier=medium)
[2026-07-29 15:51:32] 2026-07-29 15:51:32 | INFO     | KDClient 8 round 43 public KD (epochs=2)
[2026-07-29 15:53:36] 2026-07-29 15:53:36 | INFO     | KDClient 8 round 43 local training (epochs=4)
[2026-07-29 15:54:43] 2026-07-29 15:54:43 | INFO     | KDClient 8 round 43 completed (acc=0.3091, n=180)
[2026-07-29 15:54:43] 2026-07-29 15:54:43 | INFO     | KDClient 9 fit round 43 (tier=medium)
[2026-07-29 15:54:43] 2026-07-29 15:54:43 | INFO     | KDClient 9 round 43 public KD (epochs=2)
[2026-07-29 15:56:53] 2026-07-29 15:56:53 | INFO     | KDClient 9 round 43 local training (epochs=4)
[2026-07-29 15:58:03] 2026-07-29 15:58:03 | INFO     | KDClient 9 round 43 completed (acc=0.3055, n=180)
[2026-07-29 15:58:03] 2026-07-29 15:58:03 | INFO     | KDClient 10 fit round 43 (tier=medium)
[2026-07-29 15:58:03] 2026-07-29 15:58:03 | INFO     | KDClient 10 round 43 public KD (epochs=2)
[2026-07-29 16:00:11] 2026-07-29 16:00:11 | INFO     | KDClient 10 round 43 local training (epochs=4)
[2026-07-29 16:01:31] 2026-07-29 16:01:31 | INFO     | KDClient 10 round 43 completed (acc=0.3091, n=180)
[2026-07-29 16:01:31] 2026-07-29 16:01:31 | INFO     | KDClient 11 fit round 43 (tier=medium)
[2026-07-29 16:01:31] 2026-07-29 16:01:31 | INFO     | KDClient 11 round 43 public KD (epochs=2)
[2026-07-29 16:03:00] 2026-07-29 16:03:00 | INFO     | KDClient 11 round 43 local training (epochs=4)
[2026-07-29 16:04:17] 2026-07-29 16:04:17 | INFO     | KDClient 11 round 43 completed (acc=0.3091, n=180)
[2026-07-29 16:04:17] 2026-07-29 16:04:17 | INFO     | KDClient 12 fit round 43 (tier=medium)
[2026-07-29 16:04:17] 2026-07-29 16:04:17 | INFO     | KDClient 12 round 43 public KD (epochs=2)
[2026-07-29 16:05:44] 2026-07-29 16:05:44 | INFO     | KDClient 12 round 43 local training (epochs=4)
[2026-07-29 16:07:05] 2026-07-29 16:07:05 | INFO     | KDClient 12 round 43 completed (acc=0.3091, n=180)
[2026-07-29 16:07:05] 2026-07-29 16:07:05 | INFO     | KDClient 13 fit round 43 (tier=medium)
[2026-07-29 16:07:05] 2026-07-29 16:07:05 | INFO     | KDClient 13 round 43 public KD (epochs=2)
[2026-07-29 16:08:43] 2026-07-29 16:08:43 | INFO     | KDClient 13 round 43 local training (epochs=4)
[2026-07-29 16:09:56] 2026-07-29 16:09:56 | INFO     | KDClient 13 round 43 completed (acc=0.3091, n=180)
[2026-07-29 16:09:56] 2026-07-29 16:09:56 | INFO     | KDClient 14 fit round 43 (tier=large)
[2026-07-29 16:09:56] 2026-07-29 16:09:56 | INFO     | KDClient 14 round 43 public KD (epochs=2)
[2026-07-29 16:12:33] 2026-07-29 16:12:33 | INFO     | KDClient 14 round 43 local training (epochs=4)
[2026-07-29 16:14:27] 2026-07-29 16:14:27 | INFO     | KDClient 14 round 43 completed (acc=0.3091, n=180)
[2026-07-29 16:14:27] 2026-07-29 16:14:27 | INFO     | KDClient 15 fit round 43 (tier=large)
[2026-07-29 16:14:27] 2026-07-29 16:14:27 | INFO     | KDClient 15 round 43 public KD (epochs=2)
[2026-07-29 16:17:07] 2026-07-29 16:17:07 | INFO     | KDClient 15 round 43 local training (epochs=4)
[2026-07-29 16:19:19] 2026-07-29 16:19:19 | INFO     | KDClient 15 round 43 completed (acc=0.3091, n=180)
[2026-07-29 16:19:19] 2026-07-29 16:19:19 | INFO     | KDClient 16 fit round 43 (tier=large)
[2026-07-29 16:19:19] 2026-07-29 16:19:19 | INFO     | KDClient 16 round 43 public KD (epochs=2)
[2026-07-29 16:21:54] 2026-07-29 16:21:54 | INFO     | KDClient 16 round 43 local training (epochs=4)
[2026-07-29 16:23:53] 2026-07-29 16:23:53 | INFO     | KDClient 16 round 43 completed (acc=0.3091, n=180)
[2026-07-29 16:23:53] 2026-07-29 16:23:53 | INFO     | KDClient 17 fit round 43 (tier=large)
[2026-07-29 16:23:53] 2026-07-29 16:23:53 | INFO     | KDClient 17 round 43 public KD (epochs=2)
[2026-07-29 16:26:22] 2026-07-29 16:26:22 | INFO     | KDClient 17 round 43 local training (epochs=4)
[2026-07-29 16:28:44] 2026-07-29 16:28:44 | INFO     | KDClient 17 round 43 completed (acc=0.3091, n=180)
[2026-07-29 16:28:44] 2026-07-29 16:28:44 | INFO     | KDClient 18 fit round 43 (tier=large)
[2026-07-29 16:28:44] 2026-07-29 16:28:44 | INFO     | KDClient 18 round 43 public KD (epochs=2)
[2026-07-29 16:31:18] 2026-07-29 16:31:18 | INFO     | KDClient 18 round 43 local training (epochs=4)
[2026-07-29 16:33:15] 2026-07-29 16:33:15 | INFO     | KDClient 18 round 43 completed (acc=0.3091, n=180)
[2026-07-29 16:33:15] 2026-07-29 16:33:15 | INFO     | KDClient 19 fit round 43 (tier=large)
[2026-07-29 16:33:15] 2026-07-29 16:33:15 | INFO     | KDClient 19 round 43 public KD (epochs=2)
[2026-07-29 16:35:34] 2026-07-29 16:35:34 | INFO     | KDClient 19 round 43 local training (epochs=4)
[2026-07-29 16:37:55] 2026-07-29 16:37:55 | INFO     | KDClient 19 round 43 completed (acc=0.3091, n=180)
[2026-07-29 16:37:55]   Round  43/50 | Avg: 0.3084 | Min: 0.3018 | Max: 0.3091
[2026-07-29 16:37:55] 2026-07-29 16:37:55 | INFO     | FEDMD — IID: round 44/50 starting
[2026-07-29 16:37:55] 2026-07-29 16:37:55 | INFO     | KDClient 0 fit round 44 (tier=small)
[2026-07-29 16:37:55] 2026-07-29 16:37:55 | INFO     | KDClient 0 round 44 public KD (epochs=2)
[2026-07-29 16:38:55] 2026-07-29 16:38:55 | INFO     | KDClient 0 round 44 local training (epochs=4)
[2026-07-29 16:39:28] 2026-07-29 16:39:28 | INFO     | KDClient 0 round 44 completed (acc=0.3091, n=180)
[2026-07-29 16:39:28] 2026-07-29 16:39:28 | INFO     | KDClient 1 fit round 44 (tier=small)
[2026-07-29 16:39:28] 2026-07-29 16:39:28 | INFO     | KDClient 1 round 44 public KD (epochs=2)
[2026-07-29 16:40:02] 2026-07-29 16:40:02 | INFO     | KDClient 1 round 44 local training (epochs=4)
[2026-07-29 16:40:30] 2026-07-29 16:40:30 | INFO     | KDClient 1 round 44 completed (acc=0.3091, n=180)
[2026-07-29 16:40:30] 2026-07-29 16:40:30 | INFO     | KDClient 2 fit round 44 (tier=small)
[2026-07-29 16:40:30] 2026-07-29 16:40:30 | INFO     | KDClient 2 round 44 public KD (epochs=2)
[2026-07-29 16:41:07] 2026-07-29 16:41:07 | INFO     | KDClient 2 round 44 local training (epochs=4)
[2026-07-29 16:41:38] 2026-07-29 16:41:38 | INFO     | KDClient 2 round 44 completed (acc=0.3091, n=180)
[2026-07-29 16:41:38] 2026-07-29 16:41:38 | INFO     | KDClient 3 fit round 44 (tier=small)
[2026-07-29 16:41:38] 2026-07-29 16:41:38 | INFO     | KDClient 3 round 44 public KD (epochs=2)
[2026-07-29 16:42:12] 2026-07-29 16:42:12 | INFO     | KDClient 3 round 44 local training (epochs=4)
[2026-07-29 16:42:49] 2026-07-29 16:42:49 | INFO     | KDClient 3 round 44 completed (acc=0.2909, n=180)
[2026-07-29 16:42:49] 2026-07-29 16:42:49 | INFO     | KDClient 4 fit round 44 (tier=small)
[2026-07-29 16:42:49] 2026-07-29 16:42:49 | INFO     | KDClient 4 round 44 public KD (epochs=2)
[2026-07-29 16:43:15] 2026-07-29 16:43:15 | INFO     | KDClient 4 round 44 local training (epochs=4)
[2026-07-29 16:43:42] 2026-07-29 16:43:42 | INFO     | KDClient 4 round 44 completed (acc=0.3091, n=180)
[2026-07-29 16:43:42] 2026-07-29 16:43:42 | INFO     | KDClient 5 fit round 44 (tier=small)
[2026-07-29 16:43:42] 2026-07-29 16:43:42 | INFO     | KDClient 5 round 44 public KD (epochs=2)
[2026-07-29 16:44:24] 2026-07-29 16:44:24 | INFO     | KDClient 5 round 44 local training (epochs=4)
[2026-07-29 16:44:54] 2026-07-29 16:44:54 | INFO     | KDClient 5 round 44 completed (acc=0.3055, n=180)
[2026-07-29 16:44:54] 2026-07-29 16:44:54 | INFO     | KDClient 6 fit round 44 (tier=small)
[2026-07-29 16:44:54] 2026-07-29 16:44:54 | INFO     | KDClient 6 round 44 public KD (epochs=2)
[2026-07-29 16:45:37] 2026-07-29 16:45:37 | INFO     | KDClient 6 round 44 local training (epochs=4)
[2026-07-29 16:46:05] 2026-07-29 16:46:05 | INFO     | KDClient 6 round 44 completed (acc=0.3018, n=180)
[2026-07-29 16:46:05] 2026-07-29 16:46:05 | INFO     | KDClient 7 fit round 44 (tier=medium)
[2026-07-29 16:46:05] 2026-07-29 16:46:05 | INFO     | KDClient 7 round 44 public KD (epochs=2)
[2026-07-29 16:47:29] 2026-07-29 16:47:29 | INFO     | KDClient 7 round 44 local training (epochs=4)
[2026-07-29 16:48:53] 2026-07-29 16:48:53 | INFO     | KDClient 7 round 44 completed (acc=0.3091, n=180)
[2026-07-29 16:48:53] 2026-07-29 16:48:53 | INFO     | KDClient 8 fit round 44 (tier=medium)
[2026-07-29 16:48:53] 2026-07-29 16:48:53 | INFO     | KDClient 8 round 44 public KD (epochs=2)
[2026-07-29 16:50:27] 2026-07-29 16:50:27 | INFO     | KDClient 8 round 44 local training (epochs=4)
[2026-07-29 16:51:50] 2026-07-29 16:51:50 | INFO     | KDClient 8 round 44 completed (acc=0.3091, n=180)
[2026-07-29 16:51:50] 2026-07-29 16:51:50 | INFO     | KDClient 9 fit round 44 (tier=medium)
[2026-07-29 16:51:50] 2026-07-29 16:51:50 | INFO     | KDClient 9 round 44 public KD (epochs=2)
[2026-07-29 16:53:19] 2026-07-29 16:53:19 | INFO     | KDClient 9 round 44 local training (epochs=4)
[2026-07-29 16:54:40] 2026-07-29 16:54:40 | INFO     | KDClient 9 round 44 completed (acc=0.3055, n=180)
[2026-07-29 16:54:40] 2026-07-29 16:54:40 | INFO     | KDClient 10 fit round 44 (tier=medium)
[2026-07-29 16:54:40] 2026-07-29 16:54:40 | INFO     | KDClient 10 round 44 public KD (epochs=2)
[2026-07-29 16:56:07] 2026-07-29 16:56:07 | INFO     | KDClient 10 round 44 local training (epochs=4)
[2026-07-29 16:57:30] 2026-07-29 16:57:30 | INFO     | KDClient 10 round 44 completed (acc=0.3091, n=180)
[2026-07-29 16:57:30] 2026-07-29 16:57:30 | INFO     | KDClient 11 fit round 44 (tier=medium)
[2026-07-29 16:57:30] 2026-07-29 16:57:30 | INFO     | KDClient 11 round 44 public KD (epochs=2)
[2026-07-29 16:58:59] 2026-07-29 16:58:59 | INFO     | KDClient 11 round 44 local training (epochs=4)
[2026-07-29 17:00:21] 2026-07-29 17:00:21 | INFO     | KDClient 11 round 44 completed (acc=0.3091, n=180)
[2026-07-29 17:00:21] 2026-07-29 17:00:21 | INFO     | KDClient 12 fit round 44 (tier=medium)
[2026-07-29 17:00:21] 2026-07-29 17:00:21 | INFO     | KDClient 12 round 44 public KD (epochs=2)
[2026-07-29 17:02:05] 2026-07-29 17:02:05 | INFO     | KDClient 12 round 44 local training (epochs=4)
[2026-07-29 17:03:23] 2026-07-29 17:03:23 | INFO     | KDClient 12 round 44 completed (acc=0.3091, n=180)
[2026-07-29 17:03:23] 2026-07-29 17:03:23 | INFO     | KDClient 13 fit round 44 (tier=medium)
[2026-07-29 17:03:23] 2026-07-29 17:03:23 | INFO     | KDClient 13 round 44 public KD (epochs=2)
[2026-07-29 17:05:01] 2026-07-29 17:05:01 | INFO     | KDClient 13 round 44 local training (epochs=4)
[2026-07-29 17:06:33] 2026-07-29 17:06:33 | INFO     | KDClient 13 round 44 completed (acc=0.3091, n=180)
[2026-07-29 17:06:33] 2026-07-29 17:06:33 | INFO     | KDClient 14 fit round 44 (tier=large)
[2026-07-29 17:06:33] 2026-07-29 17:06:33 | INFO     | KDClient 14 round 44 public KD (epochs=2)
[2026-07-29 17:09:13] 2026-07-29 17:09:13 | INFO     | KDClient 14 round 44 local training (epochs=4)
[2026-07-29 17:12:09] 2026-07-29 17:12:09 | INFO     | KDClient 14 round 44 completed (acc=0.3055, n=180)
[2026-07-29 17:12:09] 2026-07-29 17:12:09 | INFO     | KDClient 15 fit round 44 (tier=large)
[2026-07-29 17:12:09] 2026-07-29 17:12:09 | INFO     | KDClient 15 round 44 public KD (epochs=2)
[2026-07-29 17:14:57] 2026-07-29 17:14:57 | INFO     | KDClient 15 round 44 local training (epochs=4)
[2026-07-29 17:17:29] 2026-07-29 17:17:29 | INFO     | KDClient 15 round 44 completed (acc=0.3091, n=180)
[2026-07-29 17:17:29] 2026-07-29 17:17:29 | INFO     | KDClient 16 fit round 44 (tier=large)
[2026-07-29 17:17:29] 2026-07-29 17:17:29 | INFO     | KDClient 16 round 44 public KD (epochs=2)
[2026-07-29 17:20:13] 2026-07-29 17:20:13 | INFO     | KDClient 16 round 44 local training (epochs=4)
[2026-07-29 17:22:23] 2026-07-29 17:22:23 | INFO     | KDClient 16 round 44 completed (acc=0.3091, n=180)
[2026-07-29 17:22:23] 2026-07-29 17:22:23 | INFO     | KDClient 17 fit round 44 (tier=large)
[2026-07-29 17:22:23] 2026-07-29 17:22:23 | INFO     | KDClient 17 round 44 public KD (epochs=2)
[2026-07-29 17:24:59] 2026-07-29 17:24:59 | INFO     | KDClient 17 round 44 local training (epochs=4)
[2026-07-29 17:27:02] 2026-07-29 17:27:02 | INFO     | KDClient 17 round 44 completed (acc=0.3091, n=180)
[2026-07-29 17:27:02] 2026-07-29 17:27:02 | INFO     | KDClient 18 fit round 44 (tier=large)
[2026-07-29 17:27:02] 2026-07-29 17:27:02 | INFO     | KDClient 18 round 44 public KD (epochs=2)
[2026-07-29 17:29:33] 2026-07-29 17:29:33 | INFO     | KDClient 18 round 44 local training (epochs=4)
[2026-07-29 17:31:28] 2026-07-29 17:31:28 | INFO     | KDClient 18 round 44 completed (acc=0.3091, n=180)
[2026-07-29 17:31:28] 2026-07-29 17:31:28 | INFO     | KDClient 19 fit round 44 (tier=large)
[2026-07-29 17:31:28] 2026-07-29 17:31:28 | INFO     | KDClient 19 round 44 public KD (epochs=2)
[2026-07-29 17:34:05] 2026-07-29 17:34:05 | INFO     | KDClient 19 round 44 local training (epochs=4)
[2026-07-29 17:36:12] 2026-07-29 17:36:12 | INFO     | KDClient 19 round 44 completed (acc=0.3091, n=180)
[2026-07-29 17:36:12]   Round  44/50 | Avg: 0.3073 | Min: 0.2909 | Max: 0.3091
[2026-07-29 17:36:12] 2026-07-29 17:36:12 | INFO     | FEDMD — IID: round 45/50 starting
[2026-07-29 17:36:12] 2026-07-29 17:36:12 | INFO     | KDClient 0 fit round 45 (tier=small)
[2026-07-29 17:36:12] 2026-07-29 17:36:12 | INFO     | KDClient 0 round 45 public KD (epochs=2)
[2026-07-29 17:37:35] 2026-07-29 17:37:35 | INFO     | KDClient 0 round 45 local training (epochs=4)
[2026-07-29 17:38:22] 2026-07-29 17:38:22 | INFO     | KDClient 0 round 45 completed (acc=0.3091, n=180)
[2026-07-29 17:38:22] 2026-07-29 17:38:22 | INFO     | KDClient 1 fit round 45 (tier=small)
[2026-07-29 17:38:22] 2026-07-29 17:38:22 | INFO     | KDClient 1 round 45 public KD (epochs=2)
[2026-07-29 17:39:26] 2026-07-29 17:39:26 | INFO     | KDClient 1 round 45 local training (epochs=4)
[2026-07-29 17:40:06] 2026-07-29 17:40:06 | INFO     | KDClient 1 round 45 completed (acc=0.3091, n=180)
[2026-07-29 17:40:06] 2026-07-29 17:40:06 | INFO     | KDClient 2 fit round 45 (tier=small)
[2026-07-29 17:40:06] 2026-07-29 17:40:06 | INFO     | KDClient 2 round 45 public KD (epochs=2)
[2026-07-29 17:40:58] 2026-07-29 17:40:58 | INFO     | KDClient 2 round 45 local training (epochs=4)
[2026-07-29 17:41:24] 2026-07-29 17:41:24 | INFO     | KDClient 2 round 45 completed (acc=0.3091, n=180)
[2026-07-29 17:41:24] 2026-07-29 17:41:24 | INFO     | KDClient 3 fit round 45 (tier=small)
[2026-07-29 17:41:24] 2026-07-29 17:41:24 | INFO     | KDClient 3 round 45 public KD (epochs=2)
[2026-07-29 17:42:27] 2026-07-29 17:42:27 | INFO     | KDClient 3 round 45 local training (epochs=4)
[2026-07-29 17:43:05] 2026-07-29 17:43:05 | INFO     | KDClient 3 round 45 completed (acc=0.3091, n=180)
[2026-07-29 17:43:05] 2026-07-29 17:43:05 | INFO     | KDClient 4 fit round 45 (tier=small)
[2026-07-29 17:43:05] 2026-07-29 17:43:05 | INFO     | KDClient 4 round 45 public KD (epochs=2)
[2026-07-29 17:44:14] 2026-07-29 17:44:14 | INFO     | KDClient 4 round 45 local training (epochs=4)
[2026-07-29 17:44:51] 2026-07-29 17:44:51 | INFO     | KDClient 4 round 45 completed (acc=0.3091, n=180)
[2026-07-29 17:44:51] 2026-07-29 17:44:51 | INFO     | KDClient 5 fit round 45 (tier=small)
[2026-07-29 17:44:51] 2026-07-29 17:44:51 | INFO     | KDClient 5 round 45 public KD (epochs=2)
[2026-07-29 17:45:34] 2026-07-29 17:45:34 | INFO     | KDClient 5 round 45 local training (epochs=4)
[2026-07-29 17:46:03] 2026-07-29 17:46:03 | INFO     | KDClient 5 round 45 completed (acc=0.3091, n=180)
[2026-07-29 17:46:03] 2026-07-29 17:46:03 | INFO     | KDClient 6 fit round 45 (tier=small)
[2026-07-29 17:46:03] 2026-07-29 17:46:03 | INFO     | KDClient 6 round 45 public KD (epochs=2)
[2026-07-29 17:47:07] 2026-07-29 17:47:07 | INFO     | KDClient 6 round 45 local training (epochs=4)
[2026-07-29 17:47:47] 2026-07-29 17:47:47 | INFO     | KDClient 6 round 45 completed (acc=0.3091, n=180)
[2026-07-29 17:47:47] 2026-07-29 17:47:47 | INFO     | KDClient 7 fit round 45 (tier=medium)
[2026-07-29 17:47:47] 2026-07-29 17:47:47 | INFO     | KDClient 7 round 45 public KD (epochs=2)
[2026-07-29 17:50:02] 2026-07-29 17:50:02 | INFO     | KDClient 7 round 45 local training (epochs=4)
[2026-07-29 17:51:17] 2026-07-29 17:51:17 | INFO     | KDClient 7 round 45 completed (acc=0.3091, n=180)
[2026-07-29 17:51:17] 2026-07-29 17:51:17 | INFO     | KDClient 8 fit round 45 (tier=medium)
[2026-07-29 17:51:17] 2026-07-29 17:51:17 | INFO     | KDClient 8 round 45 public KD (epochs=2)
[2026-07-29 17:52:54] 2026-07-29 17:52:54 | INFO     | KDClient 8 round 45 local training (epochs=4)
[2026-07-29 17:54:28] 2026-07-29 17:54:28 | INFO     | KDClient 8 round 45 completed (acc=0.3091, n=180)
[2026-07-29 17:54:28] 2026-07-29 17:54:28 | INFO     | KDClient 9 fit round 45 (tier=medium)
[2026-07-29 17:54:28] 2026-07-29 17:54:28 | INFO     | KDClient 9 round 45 public KD (epochs=2)
[2026-07-29 17:56:34] 2026-07-29 17:56:34 | INFO     | KDClient 9 round 45 local training (epochs=4)
[2026-07-29 17:58:00] 2026-07-29 17:58:00 | INFO     | KDClient 9 round 45 completed (acc=0.3055, n=180)
[2026-07-29 17:58:00] 2026-07-29 17:58:00 | INFO     | KDClient 10 fit round 45 (tier=medium)
[2026-07-29 17:58:00] 2026-07-29 17:58:00 | INFO     | KDClient 10 round 45 public KD (epochs=2)
[2026-07-29 17:59:38] 2026-07-29 17:59:38 | INFO     | KDClient 10 round 45 local training (epochs=4)
[2026-07-29 18:01:18] 2026-07-29 18:01:18 | INFO     | KDClient 10 round 45 completed (acc=0.3091, n=180)
[2026-07-29 18:01:18] 2026-07-29 18:01:18 | INFO     | KDClient 11 fit round 45 (tier=medium)
[2026-07-29 18:01:18] 2026-07-29 18:01:18 | INFO     | KDClient 11 round 45 public KD (epochs=2)
[2026-07-29 18:03:00] 2026-07-29 18:03:00 | INFO     | KDClient 11 round 45 local training (epochs=4)
[2026-07-29 18:04:12] 2026-07-29 18:04:12 | INFO     | KDClient 11 round 45 completed (acc=0.3091, n=180)
[2026-07-29 18:04:12] 2026-07-29 18:04:12 | INFO     | KDClient 12 fit round 45 (tier=medium)
[2026-07-29 18:04:12] 2026-07-29 18:04:12 | INFO     | KDClient 12 round 45 public KD (epochs=2)
[2026-07-29 18:05:55] 2026-07-29 18:05:55 | INFO     | KDClient 12 round 45 local training (epochs=4)
[2026-07-29 18:07:24] 2026-07-29 18:07:24 | INFO     | KDClient 12 round 45 completed (acc=0.3091, n=180)
[2026-07-29 18:07:24] 2026-07-29 18:07:24 | INFO     | KDClient 13 fit round 45 (tier=medium)
[2026-07-29 18:07:25] 2026-07-29 18:07:24 | INFO     | KDClient 13 round 45 public KD (epochs=2)
[2026-07-29 18:09:35] 2026-07-29 18:09:35 | INFO     | KDClient 13 round 45 local training (epochs=4)
[2026-07-29 18:11:01] 2026-07-29 18:11:01 | INFO     | KDClient 13 round 45 completed (acc=0.3091, n=180)
[2026-07-29 18:11:01] 2026-07-29 18:11:01 | INFO     | KDClient 14 fit round 45 (tier=large)
[2026-07-29 18:11:01] 2026-07-29 18:11:01 | INFO     | KDClient 14 round 45 public KD (epochs=2)
[2026-07-29 18:13:46] 2026-07-29 18:13:46 | INFO     | KDClient 14 round 45 local training (epochs=4)
[2026-07-29 18:15:53] 2026-07-29 18:15:53 | INFO     | KDClient 14 round 45 completed (acc=0.2800, n=180)
[2026-07-29 18:15:53] 2026-07-29 18:15:53 | INFO     | KDClient 15 fit round 45 (tier=large)
[2026-07-29 18:15:53] 2026-07-29 18:15:53 | INFO     | KDClient 15 round 45 public KD (epochs=2)
[2026-07-29 18:19:36] 2026-07-29 18:19:36 | INFO     | KDClient 15 round 45 local training (epochs=4)
[2026-07-29 18:21:51] 2026-07-29 18:21:51 | INFO     | KDClient 15 round 45 completed (acc=0.3091, n=180)
[2026-07-29 18:21:51] 2026-07-29 18:21:51 | INFO     | KDClient 16 fit round 45 (tier=large)
[2026-07-29 18:21:51] 2026-07-29 18:21:51 | INFO     | KDClient 16 round 45 public KD (epochs=2)
[2026-07-29 18:24:41] 2026-07-29 18:24:41 | INFO     | KDClient 16 round 45 local training (epochs=4)
[2026-07-29 18:26:43] 2026-07-29 18:26:43 | INFO     | KDClient 16 round 45 completed (acc=0.3091, n=180)
[2026-07-29 18:26:43] 2026-07-29 18:26:43 | INFO     | KDClient 17 fit round 45 (tier=large)
[2026-07-29 18:26:43] 2026-07-29 18:26:43 | INFO     | KDClient 17 round 45 public KD (epochs=2)
[2026-07-29 18:29:23] 2026-07-29 18:29:23 | INFO     | KDClient 17 round 45 local training (epochs=4)
[2026-07-29 18:31:49] 2026-07-29 18:31:49 | INFO     | KDClient 17 round 45 completed (acc=0.3091, n=180)
[2026-07-29 18:31:49] 2026-07-29 18:31:49 | INFO     | KDClient 18 fit round 45 (tier=large)
[2026-07-29 18:31:49] 2026-07-29 18:31:49 | INFO     | KDClient 18 round 45 public KD (epochs=2)
[2026-07-29 18:34:34] 2026-07-29 18:34:34 | INFO     | KDClient 18 round 45 local training (epochs=4)
[2026-07-29 18:37:39] 2026-07-29 18:37:39 | INFO     | KDClient 18 round 45 completed (acc=0.3091, n=180)
[2026-07-29 18:37:39] 2026-07-29 18:37:39 | INFO     | KDClient 19 fit round 45 (tier=large)
[2026-07-29 18:37:39] 2026-07-29 18:37:39 | INFO     | KDClient 19 round 45 public KD (epochs=2)
[2026-07-29 18:40:26] 2026-07-29 18:40:26 | INFO     | KDClient 19 round 45 local training (epochs=4)
[2026-07-29 18:42:39] 2026-07-29 18:42:39 | INFO     | KDClient 19 round 45 completed (acc=0.3091, n=180)
[2026-07-29 18:42:39]   Round  45/50 | Avg: 0.3075 | Min: 0.2800 | Max: 0.3091
[2026-07-29 18:42:39] 2026-07-29 18:42:39 | INFO     | FEDMD — IID: round 46/50 starting
[2026-07-29 18:42:39] 2026-07-29 18:42:39 | INFO     | KDClient 0 fit round 46 (tier=small)
[2026-07-29 18:42:39] 2026-07-29 18:42:39 | INFO     | KDClient 0 round 46 public KD (epochs=2)
[2026-07-29 18:43:18] 2026-07-29 18:43:18 | INFO     | KDClient 0 round 46 local training (epochs=4)
[2026-07-29 18:44:04] 2026-07-29 18:44:04 | INFO     | KDClient 0 round 46 completed (acc=0.3091, n=180)
[2026-07-29 18:44:04] 2026-07-29 18:44:04 | INFO     | KDClient 1 fit round 46 (tier=small)
[2026-07-29 18:44:04] 2026-07-29 18:44:04 | INFO     | KDClient 1 round 46 public KD (epochs=2)
[2026-07-29 18:44:48] 2026-07-29 18:44:48 | INFO     | KDClient 1 round 46 local training (epochs=4)
[2026-07-29 18:45:16] 2026-07-29 18:45:16 | INFO     | KDClient 1 round 46 completed (acc=0.3091, n=180)
[2026-07-29 18:45:16] 2026-07-29 18:45:16 | INFO     | KDClient 2 fit round 46 (tier=small)
[2026-07-29 18:45:16] 2026-07-29 18:45:16 | INFO     | KDClient 2 round 46 public KD (epochs=2)
[2026-07-29 18:46:05] 2026-07-29 18:46:05 | INFO     | KDClient 2 round 46 local training (epochs=4)
[2026-07-29 18:46:56] 2026-07-29 18:46:56 | INFO     | KDClient 2 round 46 completed (acc=0.3091, n=180)
[2026-07-29 18:46:56] 2026-07-29 18:46:56 | INFO     | KDClient 3 fit round 46 (tier=small)
[2026-07-29 18:46:56] 2026-07-29 18:46:56 | INFO     | KDClient 3 round 46 public KD (epochs=2)
[2026-07-29 18:47:45] 2026-07-29 18:47:45 | INFO     | KDClient 3 round 46 local training (epochs=4)
[2026-07-29 18:48:27] 2026-07-29 18:48:27 | INFO     | KDClient 3 round 46 completed (acc=0.3091, n=180)
[2026-07-29 18:48:27] 2026-07-29 18:48:27 | INFO     | KDClient 4 fit round 46 (tier=small)
[2026-07-29 18:48:27] 2026-07-29 18:48:27 | INFO     | KDClient 4 round 46 public KD (epochs=2)
[2026-07-29 18:49:38] 2026-07-29 18:49:38 | INFO     | KDClient 4 round 46 local training (epochs=4)
[2026-07-29 18:50:17] 2026-07-29 18:50:17 | INFO     | KDClient 4 round 46 completed (acc=0.3091, n=180)
[2026-07-29 18:50:17] 2026-07-29 18:50:17 | INFO     | KDClient 5 fit round 46 (tier=small)
[2026-07-29 18:50:17] 2026-07-29 18:50:17 | INFO     | KDClient 5 round 46 public KD (epochs=2)
[2026-07-29 18:51:24] 2026-07-29 18:51:24 | INFO     | KDClient 5 round 46 local training (epochs=4)
[2026-07-29 18:52:10] 2026-07-29 18:52:10 | INFO     | KDClient 5 round 46 completed (acc=0.3091, n=180)
[2026-07-29 18:52:10] 2026-07-29 18:52:10 | INFO     | KDClient 6 fit round 46 (tier=small)
[2026-07-29 18:52:10] 2026-07-29 18:52:10 | INFO     | KDClient 6 round 46 public KD (epochs=2)
[2026-07-29 18:53:00] 2026-07-29 18:53:00 | INFO     | KDClient 6 round 46 local training (epochs=4)
[2026-07-29 18:53:44] 2026-07-29 18:53:44 | INFO     | KDClient 6 round 46 completed (acc=0.3018, n=180)
[2026-07-29 18:53:44] 2026-07-29 18:53:44 | INFO     | KDClient 7 fit round 46 (tier=medium)
[2026-07-29 18:53:44] 2026-07-29 18:53:44 | INFO     | KDClient 7 round 46 public KD (epochs=2)
[2026-07-29 18:55:58] 2026-07-29 18:55:58 | INFO     | KDClient 7 round 46 local training (epochs=4)
[2026-07-29 18:57:28] 2026-07-29 18:57:28 | INFO     | KDClient 7 round 46 completed (acc=0.2291, n=180)
[2026-07-29 18:57:28] 2026-07-29 18:57:28 | INFO     | KDClient 8 fit round 46 (tier=medium)
[2026-07-29 18:57:28] 2026-07-29 18:57:28 | INFO     | KDClient 8 round 46 public KD (epochs=2)
[2026-07-29 18:59:15] 2026-07-29 18:59:15 | INFO     | KDClient 8 round 46 local training (epochs=4)
[2026-07-29 19:00:53] 2026-07-29 19:00:53 | INFO     | KDClient 8 round 46 completed (acc=0.3091, n=180)
[2026-07-29 19:00:53] 2026-07-29 19:00:53 | INFO     | KDClient 9 fit round 46 (tier=medium)
[2026-07-29 19:00:53] 2026-07-29 19:00:53 | INFO     | KDClient 9 round 46 public KD (epochs=2)
[2026-07-29 19:02:31] 2026-07-29 19:02:31 | INFO     | KDClient 9 round 46 local training (epochs=4)
[2026-07-29 19:04:01] 2026-07-29 19:04:01 | INFO     | KDClient 9 round 46 completed (acc=0.3091, n=180)
[2026-07-29 19:04:01] 2026-07-29 19:04:01 | INFO     | KDClient 10 fit round 46 (tier=medium)
[2026-07-29 19:04:01] 2026-07-29 19:04:01 | INFO     | KDClient 10 round 46 public KD (epochs=2)
[2026-07-29 19:05:42] 2026-07-29 19:05:42 | INFO     | KDClient 10 round 46 local training (epochs=4)
[2026-07-29 19:07:45] 2026-07-29 19:07:45 | INFO     | KDClient 10 round 46 completed (acc=0.3091, n=180)
[2026-07-29 19:07:45] 2026-07-29 19:07:45 | INFO     | KDClient 11 fit round 46 (tier=medium)
[2026-07-29 19:07:45] 2026-07-29 19:07:45 | INFO     | KDClient 11 round 46 public KD (epochs=2)
[2026-07-29 19:10:02] 2026-07-29 19:10:02 | INFO     | KDClient 11 round 46 local training (epochs=4)
[2026-07-29 19:11:23] 2026-07-29 19:11:23 | INFO     | KDClient 11 round 46 completed (acc=0.3091, n=180)
[2026-07-29 19:11:23] 2026-07-29 19:11:23 | INFO     | KDClient 12 fit round 46 (tier=medium)
[2026-07-29 19:11:23] 2026-07-29 19:11:23 | INFO     | KDClient 12 round 46 public KD (epochs=2)
[2026-07-29 19:13:43] 2026-07-29 19:13:43 | INFO     | KDClient 12 round 46 local training (epochs=4)
[2026-07-29 19:15:03] 2026-07-29 19:15:03 | INFO     | KDClient 12 round 46 completed (acc=0.3091, n=180)
[2026-07-29 19:15:03] 2026-07-29 19:15:03 | INFO     | KDClient 13 fit round 46 (tier=medium)
[2026-07-29 19:15:03] 2026-07-29 19:15:03 | INFO     | KDClient 13 round 46 public KD (epochs=2)
[2026-07-29 19:16:40] 2026-07-29 19:16:40 | INFO     | KDClient 13 round 46 local training (epochs=4)
[2026-07-29 19:18:06] 2026-07-29 19:18:06 | INFO     | KDClient 13 round 46 completed (acc=0.3091, n=180)
[2026-07-29 19:18:06] 2026-07-29 19:18:06 | INFO     | KDClient 14 fit round 46 (tier=large)
[2026-07-29 19:18:06] 2026-07-29 19:18:06 | INFO     | KDClient 14 round 46 public KD (epochs=2)
[2026-07-29 19:21:05] 2026-07-29 19:21:05 | INFO     | KDClient 14 round 46 local training (epochs=4)
[2026-07-29 19:23:27] 2026-07-29 19:23:27 | INFO     | KDClient 14 round 46 completed (acc=0.3091, n=180)
[2026-07-29 19:23:27] 2026-07-29 19:23:27 | INFO     | KDClient 15 fit round 46 (tier=large)
[2026-07-29 19:23:27] 2026-07-29 19:23:27 | INFO     | KDClient 15 round 46 public KD (epochs=2)
[2026-07-29 19:26:04] 2026-07-29 19:26:04 | INFO     | KDClient 15 round 46 local training (epochs=4)
[2026-07-29 19:28:01] 2026-07-29 19:28:01 | INFO     | KDClient 15 round 46 completed (acc=0.3091, n=180)
[2026-07-29 19:28:01] 2026-07-29 19:28:01 | INFO     | KDClient 16 fit round 46 (tier=large)
[2026-07-29 19:28:01] 2026-07-29 19:28:01 | INFO     | KDClient 16 round 46 public KD (epochs=2)
[2026-07-29 19:30:15] 2026-07-29 19:30:15 | INFO     | KDClient 16 round 46 local training (epochs=4)
[2026-07-29 19:32:31] 2026-07-29 19:32:31 | INFO     | KDClient 16 round 46 completed (acc=0.3091, n=180)
[2026-07-29 19:32:31] 2026-07-29 19:32:31 | INFO     | KDClient 17 fit round 46 (tier=large)
[2026-07-29 19:32:31] 2026-07-29 19:32:31 | INFO     | KDClient 17 round 46 public KD (epochs=2)
[2026-07-29 19:35:01] 2026-07-29 19:35:01 | INFO     | KDClient 17 round 46 local training (epochs=4)
[2026-07-29 19:37:11] 2026-07-29 19:37:11 | INFO     | KDClient 17 round 46 completed (acc=0.3091, n=180)
[2026-07-29 19:37:11] 2026-07-29 19:37:11 | INFO     | KDClient 18 fit round 46 (tier=large)
[2026-07-29 19:37:11] 2026-07-29 19:37:11 | INFO     | KDClient 18 round 46 public KD (epochs=2)
[2026-07-29 19:39:27] 2026-07-29 19:39:27 | INFO     | KDClient 18 round 46 local training (epochs=4)
[2026-07-29 19:41:20] 2026-07-29 19:41:20 | INFO     | KDClient 18 round 46 completed (acc=0.3091, n=180)
[2026-07-29 19:41:20] 2026-07-29 19:41:20 | INFO     | KDClient 19 fit round 46 (tier=large)
[2026-07-29 19:41:20] 2026-07-29 19:41:20 | INFO     | KDClient 19 round 46 public KD (epochs=2)
[2026-07-29 19:43:37] 2026-07-29 19:43:37 | INFO     | KDClient 19 round 46 local training (epochs=4)
[2026-07-29 19:45:56] 2026-07-29 19:45:56 | INFO     | KDClient 19 round 46 completed (acc=0.3091, n=180)
[2026-07-29 19:45:56]   Round  46/50 | Avg: 0.3047 | Min: 0.2291 | Max: 0.3091
[2026-07-29 19:45:56] 2026-07-29 19:45:56 | INFO     | FEDMD — IID: round 47/50 starting
[2026-07-29 19:45:56] 2026-07-29 19:45:56 | INFO     | KDClient 0 fit round 47 (tier=small)
[2026-07-29 19:45:56] 2026-07-29 19:45:56 | INFO     | KDClient 0 round 47 public KD (epochs=2)
[2026-07-29 19:46:35] 2026-07-29 19:46:35 | INFO     | KDClient 0 round 47 local training (epochs=4)
[2026-07-29 19:47:09] 2026-07-29 19:47:09 | INFO     | KDClient 0 round 47 completed (acc=0.3091, n=180)
[2026-07-29 19:47:09] 2026-07-29 19:47:09 | INFO     | KDClient 1 fit round 47 (tier=small)
[2026-07-29 19:47:09] 2026-07-29 19:47:09 | INFO     | KDClient 1 round 47 public KD (epochs=2)
[2026-07-29 19:47:52] 2026-07-29 19:47:52 | INFO     | KDClient 1 round 47 local training (epochs=4)
[2026-07-29 19:48:33] 2026-07-29 19:48:33 | INFO     | KDClient 1 round 47 completed (acc=0.3055, n=180)
[2026-07-29 19:48:33] 2026-07-29 19:48:33 | INFO     | KDClient 2 fit round 47 (tier=small)
[2026-07-29 19:48:33] 2026-07-29 19:48:33 | INFO     | KDClient 2 round 47 public KD (epochs=2)
[2026-07-29 19:49:11] 2026-07-29 19:49:11 | INFO     | KDClient 2 round 47 local training (epochs=4)
[2026-07-29 19:49:55] 2026-07-29 19:49:55 | INFO     | KDClient 2 round 47 completed (acc=0.3091, n=180)
[2026-07-29 19:49:55] 2026-07-29 19:49:55 | INFO     | KDClient 3 fit round 47 (tier=small)
[2026-07-29 19:49:55] 2026-07-29 19:49:55 | INFO     | KDClient 3 round 47 public KD (epochs=2)
[2026-07-29 19:50:34] 2026-07-29 19:50:34 | INFO     | KDClient 3 round 47 local training (epochs=4)
[2026-07-29 19:51:08] 2026-07-29 19:51:08 | INFO     | KDClient 3 round 47 completed (acc=0.3091, n=180)
[2026-07-29 19:51:08] 2026-07-29 19:51:08 | INFO     | KDClient 4 fit round 47 (tier=small)
[2026-07-29 19:51:08] 2026-07-29 19:51:08 | INFO     | KDClient 4 round 47 public KD (epochs=2)
[2026-07-29 19:51:46] 2026-07-29 19:51:46 | INFO     | KDClient 4 round 47 local training (epochs=4)
[2026-07-29 19:52:22] 2026-07-29 19:52:22 | INFO     | KDClient 4 round 47 completed (acc=0.3055, n=180)
[2026-07-29 19:52:22] 2026-07-29 19:52:22 | INFO     | KDClient 5 fit round 47 (tier=small)
[2026-07-29 19:52:22] 2026-07-29 19:52:22 | INFO     | KDClient 5 round 47 public KD (epochs=2)
[2026-07-29 19:53:01] 2026-07-29 19:53:01 | INFO     | KDClient 5 round 47 local training (epochs=4)
[2026-07-29 19:53:29] 2026-07-29 19:53:29 | INFO     | KDClient 5 round 47 completed (acc=0.3091, n=180)
[2026-07-29 19:53:29] 2026-07-29 19:53:29 | INFO     | KDClient 6 fit round 47 (tier=small)
[2026-07-29 19:53:29] 2026-07-29 19:53:29 | INFO     | KDClient 6 round 47 public KD (epochs=2)
[2026-07-29 19:53:53] 2026-07-29 19:53:53 | INFO     | KDClient 6 round 47 local training (epochs=4)
[2026-07-29 19:54:26] 2026-07-29 19:54:26 | INFO     | KDClient 6 round 47 completed (acc=0.3055, n=180)
[2026-07-29 19:54:26] 2026-07-29 19:54:26 | INFO     | KDClient 7 fit round 47 (tier=medium)
[2026-07-29 19:54:26] 2026-07-29 19:54:26 | INFO     | KDClient 7 round 47 public KD (epochs=2)
[2026-07-29 19:56:02] 2026-07-29 19:56:02 | INFO     | KDClient 7 round 47 local training (epochs=4)
[2026-07-29 19:57:28] 2026-07-29 19:57:28 | INFO     | KDClient 7 round 47 completed (acc=0.3091, n=180)
[2026-07-29 19:57:28] 2026-07-29 19:57:28 | INFO     | KDClient 8 fit round 47 (tier=medium)
[2026-07-29 19:57:28] 2026-07-29 19:57:28 | INFO     | KDClient 8 round 47 public KD (epochs=2)
[2026-07-29 19:59:06] 2026-07-29 19:59:06 | INFO     | KDClient 8 round 47 local training (epochs=4)
[2026-07-29 20:00:31] 2026-07-29 20:00:31 | INFO     | KDClient 8 round 47 completed (acc=0.3091, n=180)
[2026-07-29 20:00:31] 2026-07-29 20:00:31 | INFO     | KDClient 9 fit round 47 (tier=medium)
[2026-07-29 20:00:31] 2026-07-29 20:00:31 | INFO     | KDClient 9 round 47 public KD (epochs=2)
[2026-07-29 20:02:09] 2026-07-29 20:02:09 | INFO     | KDClient 9 round 47 local training (epochs=4)
[2026-07-29 20:03:58] 2026-07-29 20:03:58 | INFO     | KDClient 9 round 47 completed (acc=0.3055, n=180)
[2026-07-29 20:03:58] 2026-07-29 20:03:58 | INFO     | KDClient 10 fit round 47 (tier=medium)
[2026-07-29 20:03:58] 2026-07-29 20:03:58 | INFO     | KDClient 10 round 47 public KD (epochs=2)
[2026-07-29 20:05:37] 2026-07-29 20:05:37 | INFO     | KDClient 10 round 47 local training (epochs=4)
[2026-07-29 20:07:03] 2026-07-29 20:07:03 | INFO     | KDClient 10 round 47 completed (acc=0.3091, n=180)
[2026-07-29 20:07:03] 2026-07-29 20:07:03 | INFO     | KDClient 11 fit round 47 (tier=medium)
[2026-07-29 20:07:03] 2026-07-29 20:07:03 | INFO     | KDClient 11 round 47 public KD (epochs=2)
[2026-07-29 20:08:36] 2026-07-29 20:08:36 | INFO     | KDClient 11 round 47 local training (epochs=4)
[2026-07-29 20:10:06] 2026-07-29 20:10:06 | INFO     | KDClient 11 round 47 completed (acc=0.3091, n=180)
[2026-07-29 20:10:06] 2026-07-29 20:10:06 | INFO     | KDClient 12 fit round 47 (tier=medium)
[2026-07-29 20:10:06] 2026-07-29 20:10:06 | INFO     | KDClient 12 round 47 public KD (epochs=2)
[2026-07-29 20:11:47] 2026-07-29 20:11:47 | INFO     | KDClient 12 round 47 local training (epochs=4)
[2026-07-29 20:13:08] 2026-07-29 20:13:08 | INFO     | KDClient 12 round 47 completed (acc=0.3091, n=180)
[2026-07-29 20:13:08] 2026-07-29 20:13:08 | INFO     | KDClient 13 fit round 47 (tier=medium)
[2026-07-29 20:13:08] 2026-07-29 20:13:08 | INFO     | KDClient 13 round 47 public KD (epochs=2)
[2026-07-29 20:15:15] 2026-07-29 20:15:15 | INFO     | KDClient 13 round 47 local training (epochs=4)
[2026-07-29 20:16:35] 2026-07-29 20:16:35 | INFO     | KDClient 13 round 47 completed (acc=0.2873, n=180)
[2026-07-29 20:16:35] 2026-07-29 20:16:35 | INFO     | KDClient 14 fit round 47 (tier=large)
[2026-07-29 20:16:35] 2026-07-29 20:16:35 | INFO     | KDClient 14 round 47 public KD (epochs=2)
[2026-07-29 20:19:06] 2026-07-29 20:19:06 | INFO     | KDClient 14 round 47 local training (epochs=4)
[2026-07-29 20:21:43] 2026-07-29 20:21:43 | INFO     | KDClient 14 round 47 completed (acc=0.3091, n=180)
[2026-07-29 20:21:43] 2026-07-29 20:21:43 | INFO     | KDClient 15 fit round 47 (tier=large)
[2026-07-29 20:21:43] 2026-07-29 20:21:43 | INFO     | KDClient 15 round 47 public KD (epochs=2)
[2026-07-29 20:24:20] 2026-07-29 20:24:20 | INFO     | KDClient 15 round 47 local training (epochs=4)
[2026-07-29 20:27:00] 2026-07-29 20:27:00 | INFO     | KDClient 15 round 47 completed (acc=0.3091, n=180)
[2026-07-29 20:27:00] 2026-07-29 20:27:00 | INFO     | KDClient 16 fit round 47 (tier=large)
[2026-07-29 20:27:00] 2026-07-29 20:27:00 | INFO     | KDClient 16 round 47 public KD (epochs=2)
[2026-07-29 20:29:21] 2026-07-29 20:29:21 | INFO     | KDClient 16 round 47 local training (epochs=4)
[2026-07-29 20:31:25] 2026-07-29 20:31:25 | INFO     | KDClient 16 round 47 completed (acc=0.3091, n=180)
[2026-07-29 20:31:25] 2026-07-29 20:31:25 | INFO     | KDClient 17 fit round 47 (tier=large)
[2026-07-29 20:31:25] 2026-07-29 20:31:25 | INFO     | KDClient 17 round 47 public KD (epochs=2)
[2026-07-29 20:33:56] 2026-07-29 20:33:56 | INFO     | KDClient 17 round 47 local training (epochs=4)
[2026-07-29 20:35:54] 2026-07-29 20:35:54 | INFO     | KDClient 17 round 47 completed (acc=0.3091, n=180)
[2026-07-29 20:35:54] 2026-07-29 20:35:54 | INFO     | KDClient 18 fit round 47 (tier=large)
[2026-07-29 20:35:54] 2026-07-29 20:35:54 | INFO     | KDClient 18 round 47 public KD (epochs=2)
[2026-07-29 20:38:23] 2026-07-29 20:38:23 | INFO     | KDClient 18 round 47 local training (epochs=4)
[2026-07-29 20:40:35] 2026-07-29 20:40:35 | INFO     | KDClient 18 round 47 completed (acc=0.3091, n=180)
[2026-07-29 20:40:35] 2026-07-29 20:40:35 | INFO     | KDClient 19 fit round 47 (tier=large)
[2026-07-29 20:40:35] 2026-07-29 20:40:35 | INFO     | KDClient 19 round 47 public KD (epochs=2)
[2026-07-29 20:43:10] 2026-07-29 20:43:10 | INFO     | KDClient 19 round 47 local training (epochs=4)
[2026-07-29 20:45:43] 2026-07-29 20:45:43 | INFO     | KDClient 19 round 47 completed (acc=0.3091, n=180)
[2026-07-29 20:45:43]   Round  47/50 | Avg: 0.3073 | Min: 0.2873 | Max: 0.3091
[2026-07-29 20:45:43] 2026-07-29 20:45:43 | INFO     | FEDMD — IID: round 48/50 starting
[2026-07-29 20:45:43] 2026-07-29 20:45:43 | INFO     | KDClient 0 fit round 48 (tier=small)
[2026-07-29 20:45:43] 2026-07-29 20:45:43 | INFO     | KDClient 0 round 48 public KD (epochs=2)
[2026-07-29 20:46:22] 2026-07-29 20:46:22 | INFO     | KDClient 0 round 48 local training (epochs=4)
[2026-07-29 20:47:04] 2026-07-29 20:47:04 | INFO     | KDClient 0 round 48 completed (acc=0.3055, n=180)
[2026-07-29 20:47:04] 2026-07-29 20:47:04 | INFO     | KDClient 1 fit round 48 (tier=small)
[2026-07-29 20:47:04] 2026-07-29 20:47:04 | INFO     | KDClient 1 round 48 public KD (epochs=2)
[2026-07-29 20:47:46] 2026-07-29 20:47:46 | INFO     | KDClient 1 round 48 local training (epochs=4)
[2026-07-29 20:48:21] 2026-07-29 20:48:21 | INFO     | KDClient 1 round 48 completed (acc=0.3091, n=180)
[2026-07-29 20:48:21] 2026-07-29 20:48:21 | INFO     | KDClient 2 fit round 48 (tier=small)
[2026-07-29 20:48:21] 2026-07-29 20:48:21 | INFO     | KDClient 2 round 48 public KD (epochs=2)
[2026-07-29 20:49:27] 2026-07-29 20:49:27 | INFO     | KDClient 2 round 48 local training (epochs=4)
[2026-07-29 20:50:06] 2026-07-29 20:50:06 | INFO     | KDClient 2 round 48 completed (acc=0.3091, n=180)
[2026-07-29 20:50:06] 2026-07-29 20:50:06 | INFO     | KDClient 3 fit round 48 (tier=small)
[2026-07-29 20:50:06] 2026-07-29 20:50:06 | INFO     | KDClient 3 round 48 public KD (epochs=2)
[2026-07-29 20:50:50] 2026-07-29 20:50:50 | INFO     | KDClient 3 round 48 local training (epochs=4)
[2026-07-29 20:51:26] 2026-07-29 20:51:26 | INFO     | KDClient 3 round 48 completed (acc=0.3055, n=180)
[2026-07-29 20:51:26] 2026-07-29 20:51:26 | INFO     | KDClient 4 fit round 48 (tier=small)
[2026-07-29 20:51:26] 2026-07-29 20:51:26 | INFO     | KDClient 4 round 48 public KD (epochs=2)
[2026-07-29 20:52:07] 2026-07-29 20:52:07 | INFO     | KDClient 4 round 48 local training (epochs=4)
[2026-07-29 20:52:53] 2026-07-29 20:52:53 | INFO     | KDClient 4 round 48 completed (acc=0.3091, n=180)
[2026-07-29 20:52:53] 2026-07-29 20:52:53 | INFO     | KDClient 5 fit round 48 (tier=small)
[2026-07-29 20:52:53] 2026-07-29 20:52:53 | INFO     | KDClient 5 round 48 public KD (epochs=2)
[2026-07-29 20:53:31] 2026-07-29 20:53:31 | INFO     | KDClient 5 round 48 local training (epochs=4)
[2026-07-29 20:54:01] 2026-07-29 20:54:01 | INFO     | KDClient 5 round 48 completed (acc=0.3091, n=180)
[2026-07-29 20:54:01] 2026-07-29 20:54:01 | INFO     | KDClient 6 fit round 48 (tier=small)
[2026-07-29 20:54:01] 2026-07-29 20:54:01 | INFO     | KDClient 6 round 48 public KD (epochs=2)
[2026-07-29 20:54:43] 2026-07-29 20:54:43 | INFO     | KDClient 6 round 48 local training (epochs=4)
[2026-07-29 20:55:20] 2026-07-29 20:55:20 | INFO     | KDClient 6 round 48 completed (acc=0.3055, n=180)
[2026-07-29 20:55:20] 2026-07-29 20:55:20 | INFO     | KDClient 7 fit round 48 (tier=medium)
[2026-07-29 20:55:20] 2026-07-29 20:55:20 | INFO     | KDClient 7 round 48 public KD (epochs=2)
[2026-07-29 20:56:54] 2026-07-29 20:56:54 | INFO     | KDClient 7 round 48 local training (epochs=4)
[2026-07-29 20:58:16] 2026-07-29 20:58:16 | INFO     | KDClient 7 round 48 completed (acc=0.3091, n=180)
[2026-07-29 20:58:16] 2026-07-29 20:58:16 | INFO     | KDClient 8 fit round 48 (tier=medium)
[2026-07-29 20:58:16] 2026-07-29 20:58:16 | INFO     | KDClient 8 round 48 public KD (epochs=2)
[2026-07-29 21:00:28] 2026-07-29 21:00:28 | INFO     | KDClient 8 round 48 local training (epochs=4)
[2026-07-29 21:01:39] 2026-07-29 21:01:39 | INFO     | KDClient 8 round 48 completed (acc=0.3091, n=180)
[2026-07-29 21:01:39] 2026-07-29 21:01:39 | INFO     | KDClient 9 fit round 48 (tier=medium)
[2026-07-29 21:01:39] 2026-07-29 21:01:39 | INFO     | KDClient 9 round 48 public KD (epochs=2)
[2026-07-29 21:03:05] 2026-07-29 21:03:05 | INFO     | KDClient 9 round 48 local training (epochs=4)
[2026-07-29 21:04:18] 2026-07-29 21:04:18 | INFO     | KDClient 9 round 48 completed (acc=0.3091, n=180)
[2026-07-29 21:04:18] 2026-07-29 21:04:18 | INFO     | KDClient 10 fit round 48 (tier=medium)
[2026-07-29 21:04:18] 2026-07-29 21:04:18 | INFO     | KDClient 10 round 48 public KD (epochs=2)
[2026-07-29 21:06:26] 2026-07-29 21:06:26 | INFO     | KDClient 10 round 48 local training (epochs=4)
[2026-07-29 21:07:32] 2026-07-29 21:07:32 | INFO     | KDClient 10 round 48 completed (acc=0.2400, n=180)
[2026-07-29 21:07:32] 2026-07-29 21:07:32 | INFO     | KDClient 11 fit round 48 (tier=medium)
[2026-07-29 21:07:32] 2026-07-29 21:07:32 | INFO     | KDClient 11 round 48 public KD (epochs=2)
[2026-07-29 21:09:38] 2026-07-29 21:09:38 | INFO     | KDClient 11 round 48 local training (epochs=4)
[2026-07-29 21:10:48] 2026-07-29 21:10:48 | INFO     | KDClient 11 round 48 completed (acc=0.3091, n=180)
[2026-07-29 21:10:48] 2026-07-29 21:10:48 | INFO     | KDClient 12 fit round 48 (tier=medium)
[2026-07-29 21:10:48] 2026-07-29 21:10:48 | INFO     | KDClient 12 round 48 public KD (epochs=2)
[2026-07-29 21:12:22] 2026-07-29 21:12:22 | INFO     | KDClient 12 round 48 local training (epochs=4)
[2026-07-29 21:13:35] 2026-07-29 21:13:35 | INFO     | KDClient 12 round 48 completed (acc=0.3018, n=180)
[2026-07-29 21:13:35] 2026-07-29 21:13:35 | INFO     | KDClient 13 fit round 48 (tier=medium)
[2026-07-29 21:13:35] 2026-07-29 21:13:35 | INFO     | KDClient 13 round 48 public KD (epochs=2)
[2026-07-29 21:15:08] 2026-07-29 21:15:08 | INFO     | KDClient 13 round 48 local training (epochs=4)
[2026-07-29 21:16:27] 2026-07-29 21:16:27 | INFO     | KDClient 13 round 48 completed (acc=0.3055, n=180)
[2026-07-29 21:16:27] 2026-07-29 21:16:27 | INFO     | KDClient 14 fit round 48 (tier=large)
[2026-07-29 21:16:27] 2026-07-29 21:16:27 | INFO     | KDClient 14 round 48 public KD (epochs=2)
[2026-07-29 21:18:59] 2026-07-29 21:18:59 | INFO     | KDClient 14 round 48 local training (epochs=4)
[2026-07-29 21:20:49] 2026-07-29 21:20:49 | INFO     | KDClient 14 round 48 completed (acc=0.3091, n=180)
[2026-07-29 21:20:49] 2026-07-29 21:20:49 | INFO     | KDClient 15 fit round 48 (tier=large)
[2026-07-29 21:20:49] 2026-07-29 21:20:49 | INFO     | KDClient 15 round 48 public KD (epochs=2)
[2026-07-29 21:23:37] 2026-07-29 21:23:37 | INFO     | KDClient 15 round 48 local training (epochs=4)
[2026-07-29 21:25:19] 2026-07-29 21:25:19 | INFO     | KDClient 15 round 48 completed (acc=0.3091, n=180)
[2026-07-29 21:25:19] 2026-07-29 21:25:19 | INFO     | KDClient 16 fit round 48 (tier=large)
[2026-07-29 21:25:19] 2026-07-29 21:25:19 | INFO     | KDClient 16 round 48 public KD (epochs=2)
[2026-07-29 21:27:42] 2026-07-29 21:27:42 | INFO     | KDClient 16 round 48 local training (epochs=4)
[2026-07-29 21:29:48] 2026-07-29 21:29:48 | INFO     | KDClient 16 round 48 completed (acc=0.3091, n=180)
[2026-07-29 21:29:48] 2026-07-29 21:29:48 | INFO     | KDClient 17 fit round 48 (tier=large)
[2026-07-29 21:29:48] 2026-07-29 21:29:48 | INFO     | KDClient 17 round 48 public KD (epochs=2)
[2026-07-29 21:32:29] 2026-07-29 21:32:29 | INFO     | KDClient 17 round 48 local training (epochs=4)
[2026-07-29 21:35:01] 2026-07-29 21:35:01 | INFO     | KDClient 17 round 48 completed (acc=0.3091, n=180)
[2026-07-29 21:35:01] 2026-07-29 21:35:01 | INFO     | KDClient 18 fit round 48 (tier=large)
[2026-07-29 21:35:01] 2026-07-29 21:35:01 | INFO     | KDClient 18 round 48 public KD (epochs=2)
[2026-07-29 21:37:41] 2026-07-29 21:37:41 | INFO     | KDClient 18 round 48 local training (epochs=4)
[2026-07-29 21:39:43] 2026-07-29 21:39:43 | INFO     | KDClient 18 round 48 completed (acc=0.3091, n=180)
[2026-07-29 21:39:43] 2026-07-29 21:39:43 | INFO     | KDClient 19 fit round 48 (tier=large)
[2026-07-29 21:39:43] 2026-07-29 21:39:43 | INFO     | KDClient 19 round 48 public KD (epochs=2)
[2026-07-29 21:42:33] 2026-07-29 21:42:33 | INFO     | KDClient 19 round 48 local training (epochs=4)
[2026-07-29 21:44:54] 2026-07-29 21:44:54 | INFO     | KDClient 19 round 48 completed (acc=0.3091, n=180)
[2026-07-29 21:44:54]   Round  48/50 | Avg: 0.3045 | Min: 0.2400 | Max: 0.3091
[2026-07-29 21:44:54] 2026-07-29 21:44:54 | INFO     | FEDMD — IID: round 49/50 starting
[2026-07-29 21:44:54] 2026-07-29 21:44:54 | INFO     | KDClient 0 fit round 49 (tier=small)
[2026-07-29 21:44:54] 2026-07-29 21:44:54 | INFO     | KDClient 0 round 49 public KD (epochs=2)
[2026-07-29 21:45:58] 2026-07-29 21:45:58 | INFO     | KDClient 0 round 49 local training (epochs=4)
[2026-07-29 21:46:40] 2026-07-29 21:46:40 | INFO     | KDClient 0 round 49 completed (acc=0.3091, n=180)
[2026-07-29 21:46:40] 2026-07-29 21:46:40 | INFO     | KDClient 1 fit round 49 (tier=small)
[2026-07-29 21:46:40] 2026-07-29 21:46:40 | INFO     | KDClient 1 round 49 public KD (epochs=2)
[2026-07-29 21:47:25] 2026-07-29 21:47:25 | INFO     | KDClient 1 round 49 local training (epochs=4)
[2026-07-29 21:47:53] 2026-07-29 21:47:53 | INFO     | KDClient 1 round 49 completed (acc=0.3091, n=180)
[2026-07-29 21:47:53] 2026-07-29 21:47:53 | INFO     | KDClient 2 fit round 49 (tier=small)
[2026-07-29 21:47:53] 2026-07-29 21:47:53 | INFO     | KDClient 2 round 49 public KD (epochs=2)
[2026-07-29 21:48:36] 2026-07-29 21:48:36 | INFO     | KDClient 2 round 49 local training (epochs=4)
[2026-07-29 21:48:57] 2026-07-29 21:48:57 | INFO     | KDClient 2 round 49 completed (acc=0.3091, n=180)
[2026-07-29 21:48:57] 2026-07-29 21:48:57 | INFO     | KDClient 3 fit round 49 (tier=small)
[2026-07-29 21:48:57] 2026-07-29 21:48:57 | INFO     | KDClient 3 round 49 public KD (epochs=2)
[2026-07-29 21:49:32] 2026-07-29 21:49:32 | INFO     | KDClient 3 round 49 local training (epochs=4)
[2026-07-29 21:50:11] 2026-07-29 21:50:11 | INFO     | KDClient 3 round 49 completed (acc=0.3091, n=180)
[2026-07-29 21:50:11] 2026-07-29 21:50:11 | INFO     | KDClient 4 fit round 49 (tier=small)
[2026-07-29 21:50:11] 2026-07-29 21:50:11 | INFO     | KDClient 4 round 49 public KD (epochs=2)
[2026-07-29 21:50:55] 2026-07-29 21:50:55 | INFO     | KDClient 4 round 49 local training (epochs=4)
[2026-07-29 21:51:35] 2026-07-29 21:51:35 | INFO     | KDClient 4 round 49 completed (acc=0.3091, n=180)
[2026-07-29 21:51:35] 2026-07-29 21:51:35 | INFO     | KDClient 5 fit round 49 (tier=small)
[2026-07-29 21:51:35] 2026-07-29 21:51:35 | INFO     | KDClient 5 round 49 public KD (epochs=2)
[2026-07-29 21:52:14] 2026-07-29 21:52:14 | INFO     | KDClient 5 round 49 local training (epochs=4)
[2026-07-29 21:52:38] 2026-07-29 21:52:38 | INFO     | KDClient 5 round 49 completed (acc=0.3091, n=180)
[2026-07-29 21:52:38] 2026-07-29 21:52:38 | INFO     | KDClient 6 fit round 49 (tier=small)
[2026-07-29 21:52:38] 2026-07-29 21:52:38 | INFO     | KDClient 6 round 49 public KD (epochs=2)
[2026-07-29 21:53:17] 2026-07-29 21:53:17 | INFO     | KDClient 6 round 49 local training (epochs=4)
[2026-07-29 21:53:53] 2026-07-29 21:53:53 | INFO     | KDClient 6 round 49 completed (acc=0.3018, n=180)
[2026-07-29 21:53:53] 2026-07-29 21:53:53 | INFO     | KDClient 7 fit round 49 (tier=medium)
[2026-07-29 21:53:53] 2026-07-29 21:53:53 | INFO     | KDClient 7 round 49 public KD (epochs=2)
[2026-07-29 21:55:32] 2026-07-29 21:55:32 | INFO     | KDClient 7 round 49 local training (epochs=4)
[2026-07-29 21:56:46] 2026-07-29 21:56:46 | INFO     | KDClient 7 round 49 completed (acc=0.3091, n=180)
[2026-07-29 21:56:46] 2026-07-29 21:56:46 | INFO     | KDClient 8 fit round 49 (tier=medium)
[2026-07-29 21:56:46] 2026-07-29 21:56:46 | INFO     | KDClient 8 round 49 public KD (epochs=2)
[2026-07-29 21:58:25] 2026-07-29 21:58:25 | INFO     | KDClient 8 round 49 local training (epochs=4)
[2026-07-29 21:59:48] 2026-07-29 21:59:48 | INFO     | KDClient 8 round 49 completed (acc=0.3091, n=180)
[2026-07-29 21:59:48] 2026-07-29 21:59:48 | INFO     | KDClient 9 fit round 49 (tier=medium)
[2026-07-29 21:59:48] 2026-07-29 21:59:48 | INFO     | KDClient 9 round 49 public KD (epochs=2)
[2026-07-29 22:01:57] 2026-07-29 22:01:57 | INFO     | KDClient 9 round 49 local training (epochs=4)
[2026-07-29 22:03:36] 2026-07-29 22:03:36 | INFO     | KDClient 9 round 49 completed (acc=0.3055, n=180)
[2026-07-29 22:03:36] 2026-07-29 22:03:36 | INFO     | KDClient 10 fit round 49 (tier=medium)
[2026-07-29 22:03:36] 2026-07-29 22:03:36 | INFO     | KDClient 10 round 49 public KD (epochs=2)
[2026-07-29 22:05:06] 2026-07-29 22:05:06 | INFO     | KDClient 10 round 49 local training (epochs=4)
[2026-07-29 22:06:20] 2026-07-29 22:06:20 | INFO     | KDClient 10 round 49 completed (acc=0.3091, n=180)
[2026-07-29 22:06:20] 2026-07-29 22:06:20 | INFO     | KDClient 11 fit round 49 (tier=medium)
[2026-07-29 22:06:20] 2026-07-29 22:06:20 | INFO     | KDClient 11 round 49 public KD (epochs=2)
[2026-07-29 22:08:26] 2026-07-29 22:08:26 | INFO     | KDClient 11 round 49 local training (epochs=4)
[2026-07-29 22:09:43] 2026-07-29 22:09:43 | INFO     | KDClient 11 round 49 completed (acc=0.3091, n=180)
[2026-07-29 22:09:43] 2026-07-29 22:09:43 | INFO     | KDClient 12 fit round 49 (tier=medium)
[2026-07-29 22:09:43] 2026-07-29 22:09:43 | INFO     | KDClient 12 round 49 public KD (epochs=2)
[2026-07-29 22:11:13] 2026-07-29 22:11:13 | INFO     | KDClient 12 round 49 local training (epochs=4)
[2026-07-29 22:12:39] 2026-07-29 22:12:38 | INFO     | KDClient 12 round 49 completed (acc=0.3091, n=180)
[2026-07-29 22:12:39] 2026-07-29 22:12:38 | INFO     | KDClient 13 fit round 49 (tier=medium)
[2026-07-29 22:12:39] 2026-07-29 22:12:38 | INFO     | KDClient 13 round 49 public KD (epochs=2)
[2026-07-29 22:14:15] 2026-07-29 22:14:15 | INFO     | KDClient 13 round 49 local training (epochs=4)
[2026-07-29 22:15:50] 2026-07-29 22:15:50 | INFO     | KDClient 13 round 49 completed (acc=0.3091, n=180)
[2026-07-29 22:15:50] 2026-07-29 22:15:50 | INFO     | KDClient 14 fit round 49 (tier=large)
[2026-07-29 22:15:50] 2026-07-29 22:15:50 | INFO     | KDClient 14 round 49 public KD (epochs=2)
[2026-07-29 22:18:18] 2026-07-29 22:18:18 | INFO     | KDClient 14 round 49 local training (epochs=4)
[2026-07-29 22:20:41] 2026-07-29 22:20:41 | INFO     | KDClient 14 round 49 completed (acc=0.3091, n=180)
[2026-07-29 22:20:41] 2026-07-29 22:20:41 | INFO     | KDClient 15 fit round 49 (tier=large)
[2026-07-29 22:20:41] 2026-07-29 22:20:41 | INFO     | KDClient 15 round 49 public KD (epochs=2)
[2026-07-29 22:23:07] 2026-07-29 22:23:07 | INFO     | KDClient 15 round 49 local training (epochs=4)
[2026-07-29 22:25:35] 2026-07-29 22:25:35 | INFO     | KDClient 15 round 49 completed (acc=0.3091, n=180)
[2026-07-29 22:25:35] 2026-07-29 22:25:35 | INFO     | KDClient 16 fit round 49 (tier=large)
[2026-07-29 22:25:35] 2026-07-29 22:25:35 | INFO     | KDClient 16 round 49 public KD (epochs=2)
[2026-07-29 22:28:10] 2026-07-29 22:28:10 | INFO     | KDClient 16 round 49 local training (epochs=4)
[2026-07-29 22:30:45] 2026-07-29 22:30:45 | INFO     | KDClient 16 round 49 completed (acc=0.3091, n=180)
[2026-07-29 22:30:45] 2026-07-29 22:30:45 | INFO     | KDClient 17 fit round 49 (tier=large)
[2026-07-29 22:30:45] 2026-07-29 22:30:45 | INFO     | KDClient 17 round 49 public KD (epochs=2)
[2026-07-29 22:33:21] 2026-07-29 22:33:21 | INFO     | KDClient 17 round 49 local training (epochs=4)
[2026-07-29 22:35:16] 2026-07-29 22:35:16 | INFO     | KDClient 17 round 49 completed (acc=0.3091, n=180)
[2026-07-29 22:35:16] 2026-07-29 22:35:16 | INFO     | KDClient 18 fit round 49 (tier=large)
[2026-07-29 22:35:16] 2026-07-29 22:35:16 | INFO     | KDClient 18 round 49 public KD (epochs=2)
[2026-07-29 22:37:41] 2026-07-29 22:37:41 | INFO     | KDClient 18 round 49 local training (epochs=4)
[2026-07-29 22:39:46] 2026-07-29 22:39:46 | INFO     | KDClient 18 round 49 completed (acc=0.3091, n=180)
[2026-07-29 22:39:46] 2026-07-29 22:39:46 | INFO     | KDClient 19 fit round 49 (tier=large)
[2026-07-29 22:39:46] 2026-07-29 22:39:46 | INFO     | KDClient 19 round 49 public KD (epochs=2)
[2026-07-29 22:42:10] 2026-07-29 22:42:10 | INFO     | KDClient 19 round 49 local training (epochs=4)
[2026-07-29 22:44:26] 2026-07-29 22:44:26 | INFO     | KDClient 19 round 49 completed (acc=0.3091, n=180)
[2026-07-29 22:44:26]   Round  49/50 | Avg: 0.3085 | Min: 0.3018 | Max: 0.3091
[2026-07-29 22:44:26] 2026-07-29 22:44:26 | INFO     | FEDMD — IID: round 50/50 starting
[2026-07-29 22:44:26] 2026-07-29 22:44:26 | INFO     | KDClient 0 fit round 50 (tier=small)
[2026-07-29 22:44:26] 2026-07-29 22:44:26 | INFO     | KDClient 0 round 50 public KD (epochs=2)
[2026-07-29 22:45:06] 2026-07-29 22:45:06 | INFO     | KDClient 0 round 50 local training (epochs=4)
[2026-07-29 22:45:35] 2026-07-29 22:45:35 | INFO     | KDClient 0 round 50 completed (acc=0.3091, n=180)
[2026-07-29 22:45:35] 2026-07-29 22:45:35 | INFO     | KDClient 1 fit round 50 (tier=small)
[2026-07-29 22:45:35] 2026-07-29 22:45:35 | INFO     | KDClient 1 round 50 public KD (epochs=2)
[2026-07-29 22:46:16] 2026-07-29 22:46:16 | INFO     | KDClient 1 round 50 local training (epochs=4)
[2026-07-29 22:46:51] 2026-07-29 22:46:51 | INFO     | KDClient 1 round 50 completed (acc=0.3091, n=180)
[2026-07-29 22:46:51] 2026-07-29 22:46:51 | INFO     | KDClient 2 fit round 50 (tier=small)
[2026-07-29 22:46:51] 2026-07-29 22:46:51 | INFO     | KDClient 2 round 50 public KD (epochs=2)
[2026-07-29 22:47:33] 2026-07-29 22:47:33 | INFO     | KDClient 2 round 50 local training (epochs=4)
[2026-07-29 22:48:05] 2026-07-29 22:48:05 | INFO     | KDClient 2 round 50 completed (acc=0.3091, n=180)
[2026-07-29 22:48:05] 2026-07-29 22:48:05 | INFO     | KDClient 3 fit round 50 (tier=small)
[2026-07-29 22:48:05] 2026-07-29 22:48:05 | INFO     | KDClient 3 round 50 public KD (epochs=2)
[2026-07-29 22:48:47] 2026-07-29 22:48:47 | INFO     | KDClient 3 round 50 local training (epochs=4)
[2026-07-29 22:49:23] 2026-07-29 22:49:22 | INFO     | KDClient 3 round 50 completed (acc=0.3091, n=180)
[2026-07-29 22:49:23] 2026-07-29 22:49:22 | INFO     | KDClient 4 fit round 50 (tier=small)
[2026-07-29 22:49:23] 2026-07-29 22:49:22 | INFO     | KDClient 4 round 50 public KD (epochs=2)
[2026-07-29 22:49:54] 2026-07-29 22:49:54 | INFO     | KDClient 4 round 50 local training (epochs=4)
[2026-07-29 22:50:29] 2026-07-29 22:50:29 | INFO     | KDClient 4 round 50 completed (acc=0.3091, n=180)
[2026-07-29 22:50:29] 2026-07-29 22:50:29 | INFO     | KDClient 5 fit round 50 (tier=small)
[2026-07-29 22:50:29] 2026-07-29 22:50:29 | INFO     | KDClient 5 round 50 public KD (epochs=2)
[2026-07-29 22:51:10] 2026-07-29 22:51:10 | INFO     | KDClient 5 round 50 local training (epochs=4)
[2026-07-29 22:51:40] 2026-07-29 22:51:40 | INFO     | KDClient 5 round 50 completed (acc=0.3091, n=180)
[2026-07-29 22:51:40] 2026-07-29 22:51:40 | INFO     | KDClient 6 fit round 50 (tier=small)
[2026-07-29 22:51:40] 2026-07-29 22:51:40 | INFO     | KDClient 6 round 50 public KD (epochs=2)
[2026-07-29 22:52:15] 2026-07-29 22:52:15 | INFO     | KDClient 6 round 50 local training (epochs=4)
[2026-07-29 22:52:41] 2026-07-29 22:52:41 | INFO     | KDClient 6 round 50 completed (acc=0.3091, n=180)
[2026-07-29 22:52:41] 2026-07-29 22:52:41 | INFO     | KDClient 7 fit round 50 (tier=medium)
[2026-07-29 22:52:41] 2026-07-29 22:52:41 | INFO     | KDClient 7 round 50 public KD (epochs=2)
[2026-07-29 22:54:05] 2026-07-29 22:54:05 | INFO     | KDClient 7 round 50 local training (epochs=4)
[2026-07-29 22:55:11] 2026-07-29 22:55:11 | INFO     | KDClient 7 round 50 completed (acc=0.3091, n=180)
[2026-07-29 22:55:11] 2026-07-29 22:55:11 | INFO     | KDClient 8 fit round 50 (tier=medium)
[2026-07-29 22:55:11] 2026-07-29 22:55:11 | INFO     | KDClient 8 round 50 public KD (epochs=2)
[2026-07-29 22:56:38] 2026-07-29 22:56:38 | INFO     | KDClient 8 round 50 local training (epochs=4)
[2026-07-29 22:57:55] 2026-07-29 22:57:55 | INFO     | KDClient 8 round 50 completed (acc=0.3091, n=180)
[2026-07-29 22:57:55] 2026-07-29 22:57:55 | INFO     | KDClient 9 fit round 50 (tier=medium)
[2026-07-29 22:57:55] 2026-07-29 22:57:55 | INFO     | KDClient 9 round 50 public KD (epochs=2)
[2026-07-29 22:59:13] 2026-07-29 22:59:13 | INFO     | KDClient 9 round 50 local training (epochs=4)
[2026-07-29 23:00:26] 2026-07-29 23:00:26 | INFO     | KDClient 9 round 50 completed (acc=0.3055, n=180)
[2026-07-29 23:00:26] 2026-07-29 23:00:26 | INFO     | KDClient 10 fit round 50 (tier=medium)
[2026-07-29 23:00:26] 2026-07-29 23:00:26 | INFO     | KDClient 10 round 50 public KD (epochs=2)
[2026-07-29 23:01:49] 2026-07-29 23:01:49 | INFO     | KDClient 10 round 50 local training (epochs=4)
[2026-07-29 23:03:12] 2026-07-29 23:03:12 | INFO     | KDClient 10 round 50 completed (acc=0.3091, n=180)
[2026-07-29 23:03:12] 2026-07-29 23:03:12 | INFO     | KDClient 11 fit round 50 (tier=medium)
[2026-07-29 23:03:12] 2026-07-29 23:03:12 | INFO     | KDClient 11 round 50 public KD (epochs=2)
[2026-07-29 23:05:15] 2026-07-29 23:05:15 | INFO     | KDClient 11 round 50 local training (epochs=4)
[2026-07-29 23:06:25] 2026-07-29 23:06:25 | INFO     | KDClient 11 round 50 completed (acc=0.3091, n=180)
[2026-07-29 23:06:25] 2026-07-29 23:06:25 | INFO     | KDClient 12 fit round 50 (tier=medium)
[2026-07-29 23:06:25] 2026-07-29 23:06:25 | INFO     | KDClient 12 round 50 public KD (epochs=2)
[2026-07-29 23:07:52] 2026-07-29 23:07:52 | INFO     | KDClient 12 round 50 local training (epochs=4)
[2026-07-29 23:09:18] 2026-07-29 23:09:18 | INFO     | KDClient 12 round 50 completed (acc=0.3091, n=180)
[2026-07-29 23:09:18] 2026-07-29 23:09:18 | INFO     | KDClient 13 fit round 50 (tier=medium)
[2026-07-29 23:09:18] 2026-07-29 23:09:18 | INFO     | KDClient 13 round 50 public KD (epochs=2)
[2026-07-29 23:10:56] 2026-07-29 23:10:56 | INFO     | KDClient 13 round 50 local training (epochs=4)
[2026-07-29 23:12:23] 2026-07-29 23:12:23 | INFO     | KDClient 13 round 50 completed (acc=0.3091, n=180)
[2026-07-29 23:12:23] 2026-07-29 23:12:23 | INFO     | KDClient 14 fit round 50 (tier=large)
[2026-07-29 23:12:23] 2026-07-29 23:12:23 | INFO     | KDClient 14 round 50 public KD (epochs=2)
[2026-07-29 23:15:02] 2026-07-29 23:15:02 | INFO     | KDClient 14 round 50 local training (epochs=4)
[2026-07-29 23:17:09] 2026-07-29 23:17:09 | INFO     | KDClient 14 round 50 completed (acc=0.3091, n=180)
[2026-07-29 23:17:09] 2026-07-29 23:17:09 | INFO     | KDClient 15 fit round 50 (tier=large)
[2026-07-29 23:17:09] 2026-07-29 23:17:09 | INFO     | KDClient 15 round 50 public KD (epochs=2)
[2026-07-29 23:19:39] 2026-07-29 23:19:39 | INFO     | KDClient 15 round 50 local training (epochs=4)
[2026-07-29 23:22:10] 2026-07-29 23:22:10 | INFO     | KDClient 15 round 50 completed (acc=0.3091, n=180)
[2026-07-29 23:22:10] 2026-07-29 23:22:10 | INFO     | KDClient 16 fit round 50 (tier=large)
[2026-07-29 23:22:10] 2026-07-29 23:22:10 | INFO     | KDClient 16 round 50 public KD (epochs=2)
[2026-07-29 23:24:34] 2026-07-29 23:24:34 | INFO     | KDClient 16 round 50 local training (epochs=4)
[2026-07-29 23:26:25] 2026-07-29 23:26:25 | INFO     | KDClient 16 round 50 completed (acc=0.3091, n=180)
[2026-07-29 23:26:25] 2026-07-29 23:26:25 | INFO     | KDClient 17 fit round 50 (tier=large)
[2026-07-29 23:26:25] 2026-07-29 23:26:25 | INFO     | KDClient 17 round 50 public KD (epochs=2)
[2026-07-29 23:28:46] 2026-07-29 23:28:46 | INFO     | KDClient 17 round 50 local training (epochs=4)
[2026-07-29 23:30:56] 2026-07-29 23:30:56 | INFO     | KDClient 17 round 50 completed (acc=0.3091, n=180)
[2026-07-29 23:30:56] 2026-07-29 23:30:56 | INFO     | KDClient 18 fit round 50 (tier=large)
[2026-07-29 23:30:56] 2026-07-29 23:30:56 | INFO     | KDClient 18 round 50 public KD (epochs=2)
[2026-07-29 23:33:30] 2026-07-29 23:33:30 | INFO     | KDClient 18 round 50 local training (epochs=4)
[2026-07-29 23:35:26] 2026-07-29 23:35:26 | INFO     | KDClient 18 round 50 completed (acc=0.3091, n=180)
[2026-07-29 23:35:26] 2026-07-29 23:35:26 | INFO     | KDClient 19 fit round 50 (tier=large)
[2026-07-29 23:35:26] 2026-07-29 23:35:26 | INFO     | KDClient 19 round 50 public KD (epochs=2)
[2026-07-29 23:37:54] 2026-07-29 23:37:54 | INFO     | KDClient 19 round 50 local training (epochs=4)
[2026-07-29 23:39:31] 2026-07-29 23:39:31 | INFO     | KDClient 19 round 50 completed (acc=0.3091, n=180)
[2026-07-29 23:39:31]   Round  50/50 | Avg: 0.3089 | Min: 0.3055 | Max: 0.3091
[2026-07-29 23:39:31]   FEDMD — IID done.
[2026-07-29 23:39:31]   Metadata saved to C:/Users/ggad/Desktop/HomeSenseKD/results/phase1\home_har\fedmd\uniform\iid\metadata.json
[2026-07-29 23:39:31] 2026-07-29 23:39:31 | INFO     | run_one_algo: algorithm=fedmd  setting=noniid
[2026-07-29 23:39:31] 2026-07-29 23:39:31 | INFO     | Building 20 client models for algo=fedmd  tiers=['small', 'small', 'small', 'small', 'small', 'small', 'small', 'medium', 'medium', 'medium', 'medium', 'medium', 'medium', 'medium', 'large', 'large', 'large', 'large', 'large', 'large']
[2026-07-29 23:39:43] 2026-07-29 23:39:43 | INFO     | Starting FEDMD — NONIID (50 rounds, 20 clients)
[2026-07-29 23:39:43] 
[2026-07-29 23:39:43] =================================================================
[2026-07-29 23:39:43]   FEDMD — NONIID
[2026-07-29 23:39:43] =================================================================
[2026-07-29 23:39:43] 2026-07-29 23:39:43 | INFO     | FEDMD — NONIID: round 1/50 starting
[2026-07-29 23:39:43] 2026-07-29 23:39:43 | INFO     | KDClient 0 fit round 1 (tier=small)
[2026-07-29 23:39:43] 2026-07-29 23:39:43 | INFO     | KDClient 0 round 1 local training (epochs=4)
[2026-07-29 23:40:16] 2026-07-29 23:40:16 | INFO     | KDClient 0 round 1 completed (acc=0.0000, n=38)
[2026-07-29 23:40:16] 2026-07-29 23:40:16 | INFO     | KDClient 1 fit round 1 (tier=small)
[2026-07-29 23:40:16] 2026-07-29 23:40:16 | INFO     | KDClient 1 round 1 local training (epochs=4)
[2026-07-29 23:40:50] 2026-07-29 23:40:50 | INFO     | KDClient 1 round 1 completed (acc=0.0000, n=47)
[2026-07-29 23:40:50] 2026-07-29 23:40:50 | INFO     | KDClient 2 fit round 1 (tier=small)
[2026-07-29 23:40:50] 2026-07-29 23:40:50 | INFO     | KDClient 2 round 1 local training (epochs=4)
[2026-07-29 23:41:35] 2026-07-29 23:41:35 | INFO     | KDClient 2 round 1 completed (acc=0.0000, n=178)
[2026-07-29 23:41:35] 2026-07-29 23:41:35 | INFO     | KDClient 3 fit round 1 (tier=small)
[2026-07-29 23:41:35] 2026-07-29 23:41:35 | INFO     | KDClient 3 round 1 local training (epochs=4)
[2026-07-29 23:42:17] 2026-07-29 23:42:17 | INFO     | KDClient 3 round 1 completed (acc=0.0000, n=67)
[2026-07-29 23:42:17] 2026-07-29 23:42:17 | INFO     | KDClient 4 fit round 1 (tier=small)
[2026-07-29 23:42:17] 2026-07-29 23:42:17 | INFO     | KDClient 4 round 1 local training (epochs=4)
[2026-07-29 23:42:59] 2026-07-29 23:42:59 | INFO     | KDClient 4 round 1 completed (acc=0.0000, n=33)
[2026-07-29 23:42:59] 2026-07-29 23:42:59 | INFO     | KDClient 5 fit round 1 (tier=small)
[2026-07-29 23:42:59] 2026-07-29 23:42:59 | INFO     | KDClient 5 round 1 local training (epochs=4)
[2026-07-29 23:43:45] 2026-07-29 23:43:45 | INFO     | KDClient 5 round 1 completed (acc=0.3091, n=48)
[2026-07-29 23:43:45] 2026-07-29 23:43:45 | INFO     | KDClient 6 fit round 1 (tier=small)
[2026-07-29 23:43:45] 2026-07-29 23:43:45 | INFO     | KDClient 6 round 1 local training (epochs=4)
[2026-07-29 23:44:20] 2026-07-29 23:44:20 | INFO     | KDClient 6 round 1 completed (acc=0.0000, n=37)
[2026-07-29 23:44:20] 2026-07-29 23:44:20 | INFO     | KDClient 7 fit round 1 (tier=medium)
[2026-07-29 23:44:20] 2026-07-29 23:44:20 | INFO     | KDClient 7 round 1 local training (epochs=4)
[2026-07-29 23:45:48] 2026-07-29 23:45:48 | INFO     | KDClient 7 round 1 completed (acc=0.0000, n=83)
[2026-07-29 23:45:48] 2026-07-29 23:45:48 | INFO     | KDClient 8 fit round 1 (tier=medium)
[2026-07-29 23:45:48] 2026-07-29 23:45:48 | INFO     | KDClient 8 round 1 local training (epochs=4)
[2026-07-29 23:48:32] 2026-07-29 23:48:32 | INFO     | KDClient 8 round 1 completed (acc=0.3091, n=24)
[2026-07-29 23:48:32] 2026-07-29 23:48:32 | INFO     | KDClient 9 fit round 1 (tier=medium)
[2026-07-29 23:48:32] 2026-07-29 23:48:32 | INFO     | KDClient 9 round 1 local training (epochs=4)
[2026-07-29 23:49:55] 2026-07-29 23:49:55 | INFO     | KDClient 9 round 1 completed (acc=0.3091, n=26)
[2026-07-29 23:49:55] 2026-07-29 23:49:55 | INFO     | KDClient 10 fit round 1 (tier=medium)
[2026-07-29 23:49:55] 2026-07-29 23:49:55 | INFO     | KDClient 10 round 1 local training (epochs=4)
[2026-07-29 23:51:11] 2026-07-29 23:51:11 | INFO     | KDClient 10 round 1 completed (acc=0.3091, n=29)
[2026-07-29 23:51:11] 2026-07-29 23:51:11 | INFO     | KDClient 11 fit round 1 (tier=medium)
[2026-07-29 23:51:11] 2026-07-29 23:51:11 | INFO     | KDClient 11 round 1 local training (epochs=4)
[2026-07-29 23:52:38] 2026-07-29 23:52:38 | INFO     | KDClient 11 round 1 completed (acc=0.0000, n=26)
[2026-07-29 23:52:38] 2026-07-29 23:52:38 | INFO     | KDClient 12 fit round 1 (tier=medium)
[2026-07-29 23:52:38] 2026-07-29 23:52:38 | INFO     | KDClient 12 round 1 local training (epochs=4)
[2026-07-29 23:53:55] 2026-07-29 23:53:55 | INFO     | KDClient 12 round 1 completed (acc=0.2982, n=45)
[2026-07-29 23:53:55] 2026-07-29 23:53:55 | INFO     | KDClient 13 fit round 1 (tier=medium)
[2026-07-29 23:53:55] 2026-07-29 23:53:55 | INFO     | KDClient 13 round 1 local training (epochs=4)
[2026-07-29 23:55:13] 2026-07-29 23:55:13 | INFO     | KDClient 13 round 1 completed (acc=0.0000, n=76)
[2026-07-29 23:55:13] 2026-07-29 23:55:13 | INFO     | KDClient 14 fit round 1 (tier=large)
[2026-07-29 23:55:13] 2026-07-29 23:55:13 | INFO     | KDClient 14 round 1 local training (epochs=4)
[2026-07-29 23:58:29] 2026-07-29 23:58:29 | INFO     | KDClient 14 round 1 completed (acc=0.2655, n=139)
[2026-07-29 23:58:29] 2026-07-29 23:58:29 | INFO     | KDClient 15 fit round 1 (tier=large)
[2026-07-29 23:58:29] 2026-07-29 23:58:29 | INFO     | KDClient 15 round 1 local training (epochs=4)
[2026-07-30 00:00:47] 2026-07-30 00:00:47 | INFO     | KDClient 15 round 1 completed (acc=0.3091, n=39)
[2026-07-30 00:00:47] 2026-07-30 00:00:47 | INFO     | KDClient 16 fit round 1 (tier=large)
[2026-07-30 00:00:47] 2026-07-30 00:00:47 | INFO     | KDClient 16 round 1 local training (epochs=4)
[2026-07-30 00:03:13] 2026-07-30 00:03:13 | INFO     | KDClient 16 round 1 completed (acc=0.0000, n=37)
[2026-07-30 00:03:13] 2026-07-30 00:03:13 | INFO     | KDClient 17 fit round 1 (tier=large)
[2026-07-30 00:03:13] 2026-07-30 00:03:13 | INFO     | KDClient 17 round 1 local training (epochs=4)
[2026-07-30 00:05:52] 2026-07-30 00:05:52 | INFO     | KDClient 17 round 1 completed (acc=0.0000, n=35)
[2026-07-30 00:05:52] 2026-07-30 00:05:52 | INFO     | KDClient 18 fit round 1 (tier=large)
[2026-07-30 00:05:52] 2026-07-30 00:05:52 | INFO     | KDClient 18 round 1 local training (epochs=4)
[2026-07-30 00:08:19] 2026-07-30 00:08:19 | INFO     | KDClient 18 round 1 completed (acc=0.0000, n=37)
[2026-07-30 00:08:19] 2026-07-30 00:08:19 | INFO     | KDClient 19 fit round 1 (tier=large)
[2026-07-30 00:08:19] 2026-07-30 00:08:19 | INFO     | KDClient 19 round 1 local training (epochs=4)
[2026-07-30 00:11:00] 2026-07-30 00:11:00 | INFO     | KDClient 19 round 1 completed (acc=0.0000, n=56)
[2026-07-30 00:11:01]   Round   1/50 | Avg: 0.1055 | Min: 0.0000 | Max: 0.3091
[2026-07-30 00:11:01] 2026-07-30 00:11:01 | INFO     | FEDMD — NONIID: round 2/50 starting
[2026-07-30 00:11:01] 2026-07-30 00:11:01 | INFO     | KDClient 0 fit round 2 (tier=small)
[2026-07-30 00:11:01] 2026-07-30 00:11:01 | INFO     | KDClient 0 round 2 public KD (epochs=2)
[2026-07-30 00:12:16] 2026-07-30 00:12:16 | INFO     | KDClient 0 round 2 local training (epochs=4)
[2026-07-30 00:12:41] 2026-07-30 00:12:41 | INFO     | KDClient 0 round 2 completed (acc=0.0000, n=38)
[2026-07-30 00:12:41] 2026-07-30 00:12:41 | INFO     | KDClient 1 fit round 2 (tier=small)
[2026-07-30 00:12:41] 2026-07-30 00:12:41 | INFO     | KDClient 1 round 2 public KD (epochs=2)
[2026-07-30 00:13:37] 2026-07-30 00:13:37 | INFO     | KDClient 1 round 2 local training (epochs=4)
[2026-07-30 00:14:06] 2026-07-30 00:14:06 | INFO     | KDClient 1 round 2 completed (acc=0.0000, n=47)
[2026-07-30 00:14:06] 2026-07-30 00:14:06 | INFO     | KDClient 2 fit round 2 (tier=small)
[2026-07-30 00:14:06] 2026-07-30 00:14:06 | INFO     | KDClient 2 round 2 public KD (epochs=2)
[2026-07-30 00:15:03] 2026-07-30 00:15:03 | INFO     | KDClient 2 round 2 local training (epochs=4)
[2026-07-30 00:15:44] 2026-07-30 00:15:44 | INFO     | KDClient 2 round 2 completed (acc=0.0000, n=178)
[2026-07-30 00:15:44] 2026-07-30 00:15:44 | INFO     | KDClient 3 fit round 2 (tier=small)
[2026-07-30 00:15:44] 2026-07-30 00:15:44 | INFO     | KDClient 3 round 2 public KD (epochs=2)
[2026-07-30 00:16:39] 2026-07-30 00:16:39 | INFO     | KDClient 3 round 2 local training (epochs=4)
[2026-07-30 00:17:07] 2026-07-30 00:17:07 | INFO     | KDClient 3 round 2 completed (acc=0.0000, n=67)
[2026-07-30 00:17:07] 2026-07-30 00:17:07 | INFO     | KDClient 4 fit round 2 (tier=small)
[2026-07-30 00:17:07] 2026-07-30 00:17:07 | INFO     | KDClient 4 round 2 public KD (epochs=2)
[2026-07-30 00:18:19] 2026-07-30 00:18:19 | INFO     | KDClient 4 round 2 local training (epochs=4)
[2026-07-30 00:18:44] 2026-07-30 00:18:44 | INFO     | KDClient 4 round 2 completed (acc=0.0000, n=33)
[2026-07-30 00:18:44] 2026-07-30 00:18:44 | INFO     | KDClient 5 fit round 2 (tier=small)
[2026-07-30 00:18:44] 2026-07-30 00:18:44 | INFO     | KDClient 5 round 2 public KD (epochs=2)
[2026-07-30 00:19:43] 2026-07-30 00:19:43 | INFO     | KDClient 5 round 2 local training (epochs=4)
[2026-07-30 00:20:12] 2026-07-30 00:20:12 | INFO     | KDClient 5 round 2 completed (acc=0.3091, n=48)
[2026-07-30 00:20:12] 2026-07-30 00:20:12 | INFO     | KDClient 6 fit round 2 (tier=small)
[2026-07-30 00:20:12] 2026-07-30 00:20:12 | INFO     | KDClient 6 round 2 public KD (epochs=2)
[2026-07-30 00:21:05] 2026-07-30 00:21:05 | INFO     | KDClient 6 round 2 local training (epochs=4)
[2026-07-30 00:21:31] 2026-07-30 00:21:31 | INFO     | KDClient 6 round 2 completed (acc=0.0000, n=37)
[2026-07-30 00:21:31] 2026-07-30 00:21:31 | INFO     | KDClient 7 fit round 2 (tier=medium)
[2026-07-30 00:21:31] 2026-07-30 00:21:31 | INFO     | KDClient 7 round 2 public KD (epochs=2)
[2026-07-30 00:23:42] 2026-07-30 00:23:42 | INFO     | KDClient 7 round 2 local training (epochs=4)
[2026-07-30 00:24:48] 2026-07-30 00:24:48 | INFO     | KDClient 7 round 2 completed (acc=0.0000, n=83)
[2026-07-30 00:24:48] 2026-07-30 00:24:48 | INFO     | KDClient 8 fit round 2 (tier=medium)
[2026-07-30 00:24:48] 2026-07-30 00:24:48 | INFO     | KDClient 8 round 2 public KD (epochs=2)
[2026-07-30 00:26:42] 2026-07-30 00:26:42 | INFO     | KDClient 8 round 2 local training (epochs=4)
[2026-07-30 00:27:32] 2026-07-30 00:27:32 | INFO     | KDClient 8 round 2 completed (acc=0.3091, n=24)
[2026-07-30 00:27:32] 2026-07-30 00:27:32 | INFO     | KDClient 9 fit round 2 (tier=medium)
[2026-07-30 00:27:32] 2026-07-30 00:27:32 | INFO     | KDClient 9 round 2 public KD (epochs=2)
[2026-07-30 00:29:55] 2026-07-30 00:29:55 | INFO     | KDClient 9 round 2 local training (epochs=4)
[2026-07-30 00:30:53] 2026-07-30 00:30:53 | INFO     | KDClient 9 round 2 completed (acc=0.3091, n=26)
[2026-07-30 00:30:53] 2026-07-30 00:30:53 | INFO     | KDClient 10 fit round 2 (tier=medium)
[2026-07-30 00:30:53] 2026-07-30 00:30:53 | INFO     | KDClient 10 round 2 public KD (epochs=2)
[2026-07-30 00:33:26] 2026-07-30 00:33:26 | INFO     | KDClient 10 round 2 local training (epochs=4)
[2026-07-30 00:34:08] 2026-07-30 00:34:08 | INFO     | KDClient 10 round 2 completed (acc=0.3091, n=29)
[2026-07-30 00:34:08] 2026-07-30 00:34:08 | INFO     | KDClient 11 fit round 2 (tier=medium)
[2026-07-30 00:34:08] 2026-07-30 00:34:08 | INFO     | KDClient 11 round 2 public KD (epochs=2)
[2026-07-30 00:36:17] 2026-07-30 00:36:17 | INFO     | KDClient 11 round 2 local training (epochs=4)
[2026-07-30 00:37:19] 2026-07-30 00:37:19 | INFO     | KDClient 11 round 2 completed (acc=0.0000, n=26)
[2026-07-30 00:37:19] 2026-07-30 00:37:19 | INFO     | KDClient 12 fit round 2 (tier=medium)
[2026-07-30 00:37:19] 2026-07-30 00:37:19 | INFO     | KDClient 12 round 2 public KD (epochs=2)
[2026-07-30 00:40:19] 2026-07-30 00:40:19 | INFO     | KDClient 12 round 2 local training (epochs=4)
[2026-07-30 00:41:12] 2026-07-30 00:41:12 | INFO     | KDClient 12 round 2 completed (acc=0.0182, n=45)
[2026-07-30 00:41:12] 2026-07-30 00:41:12 | INFO     | KDClient 13 fit round 2 (tier=medium)
[2026-07-30 00:41:12] 2026-07-30 00:41:12 | INFO     | KDClient 13 round 2 public KD (epochs=2)
[2026-07-30 00:43:19] 2026-07-30 00:43:19 | INFO     | KDClient 13 round 2 local training (epochs=4)
[2026-07-30 00:44:22] 2026-07-30 00:44:22 | INFO     | KDClient 13 round 2 completed (acc=0.0000, n=76)
[2026-07-30 00:44:22] 2026-07-30 00:44:22 | INFO     | KDClient 14 fit round 2 (tier=large)
[2026-07-30 00:44:22] 2026-07-30 00:44:22 | INFO     | KDClient 14 round 2 public KD (epochs=2)
[2026-07-30 00:47:45] 2026-07-30 00:47:45 | INFO     | KDClient 14 round 2 local training (epochs=4)
[2026-07-30 00:50:02] 2026-07-30 00:50:02 | INFO     | KDClient 14 round 2 completed (acc=0.0000, n=139)
[2026-07-30 00:50:02] 2026-07-30 00:50:02 | INFO     | KDClient 15 fit round 2 (tier=large)
[2026-07-30 00:50:02] 2026-07-30 00:50:02 | INFO     | KDClient 15 round 2 public KD (epochs=2)
[2026-07-30 00:53:48] 2026-07-30 00:53:48 | INFO     | KDClient 15 round 2 local training (epochs=4)
[2026-07-30 00:55:35] 2026-07-30 00:55:35 | INFO     | KDClient 15 round 2 completed (acc=0.3091, n=39)
[2026-07-30 00:55:35] 2026-07-30 00:55:35 | INFO     | KDClient 16 fit round 2 (tier=large)
[2026-07-30 00:55:35] 2026-07-30 00:55:35 | INFO     | KDClient 16 round 2 public KD (epochs=2)
[2026-07-30 00:59:11] 2026-07-30 00:59:11 | INFO     | KDClient 16 round 2 local training (epochs=4)
[2026-07-30 01:00:48] 2026-07-30 01:00:48 | INFO     | KDClient 16 round 2 completed (acc=0.0000, n=37)
[2026-07-30 01:00:48] 2026-07-30 01:00:48 | INFO     | KDClient 17 fit round 2 (tier=large)
[2026-07-30 01:00:48] 2026-07-30 01:00:48 | INFO     | KDClient 17 round 2 public KD (epochs=2)
[2026-07-30 01:04:23] 2026-07-30 01:04:23 | INFO     | KDClient 17 round 2 local training (epochs=4)
[2026-07-30 01:05:51] 2026-07-30 01:05:51 | INFO     | KDClient 17 round 2 completed (acc=0.0000, n=35)
[2026-07-30 01:05:51] 2026-07-30 01:05:51 | INFO     | KDClient 18 fit round 2 (tier=large)
[2026-07-30 01:05:51] 2026-07-30 01:05:51 | INFO     | KDClient 18 round 2 public KD (epochs=2)
[2026-07-30 01:09:16] 2026-07-30 01:09:16 | INFO     | KDClient 18 round 2 local training (epochs=4)
[2026-07-30 01:10:55] 2026-07-30 01:10:55 | INFO     | KDClient 18 round 2 completed (acc=0.0000, n=37)
[2026-07-30 01:10:55] 2026-07-30 01:10:55 | INFO     | KDClient 19 fit round 2 (tier=large)
[2026-07-30 01:10:55] 2026-07-30 01:10:55 | INFO     | KDClient 19 round 2 public KD (epochs=2)
[2026-07-30 01:14:18] 2026-07-30 01:14:18 | INFO     | KDClient 19 round 2 local training (epochs=4)
[2026-07-30 01:15:34] 2026-07-30 01:15:34 | INFO     | KDClient 19 round 2 completed (acc=0.0000, n=56)
[2026-07-30 01:15:34]   Round   2/50 | Avg: 0.0782 | Min: 0.0000 | Max: 0.3091
[2026-07-30 01:15:34] 2026-07-30 01:15:34 | INFO     | FEDMD — NONIID: round 3/50 starting
[2026-07-30 01:15:34] 2026-07-30 01:15:34 | INFO     | KDClient 0 fit round 3 (tier=small)
[2026-07-30 01:15:34] 2026-07-30 01:15:34 | INFO     | KDClient 0 round 3 public KD (epochs=2)
[2026-07-30 01:16:16] 2026-07-30 01:16:16 | INFO     | KDClient 0 round 3 local training (epochs=4)
[2026-07-30 01:16:36] 2026-07-30 01:16:36 | INFO     | KDClient 0 round 3 completed (acc=0.0000, n=38)
[2026-07-30 01:16:36] 2026-07-30 01:16:36 | INFO     | KDClient 1 fit round 3 (tier=small)
[2026-07-30 01:16:36] 2026-07-30 01:16:36 | INFO     | KDClient 1 round 3 public KD (epochs=2)
[2026-07-30 01:17:18] 2026-07-30 01:17:18 | INFO     | KDClient 1 round 3 local training (epochs=4)
[2026-07-30 01:17:46] 2026-07-30 01:17:46 | INFO     | KDClient 1 round 3 completed (acc=0.0000, n=47)
[2026-07-30 01:17:46] 2026-07-30 01:17:46 | INFO     | KDClient 2 fit round 3 (tier=small)
[2026-07-30 01:17:46] 2026-07-30 01:17:46 | INFO     | KDClient 2 round 3 public KD (epochs=2)
[2026-07-30 01:18:29] 2026-07-30 01:18:29 | INFO     | KDClient 2 round 3 local training (epochs=4)
[2026-07-30 01:18:58] 2026-07-30 01:18:58 | INFO     | KDClient 2 round 3 completed (acc=0.0000, n=178)
[2026-07-30 01:18:58] 2026-07-30 01:18:58 | INFO     | KDClient 3 fit round 3 (tier=small)
[2026-07-30 01:18:58] 2026-07-30 01:18:58 | INFO     | KDClient 3 round 3 public KD (epochs=2)
[2026-07-30 01:19:38] 2026-07-30 01:19:38 | INFO     | KDClient 3 round 3 local training (epochs=4)
[2026-07-30 01:20:01] 2026-07-30 01:20:01 | INFO     | KDClient 3 round 3 completed (acc=0.0000, n=67)
[2026-07-30 01:20:01] 2026-07-30 01:20:01 | INFO     | KDClient 4 fit round 3 (tier=small)
[2026-07-30 01:20:01] 2026-07-30 01:20:01 | INFO     | KDClient 4 round 3 public KD (epochs=2)
[2026-07-30 01:20:32] 2026-07-30 01:20:32 | INFO     | KDClient 4 round 3 local training (epochs=4)
[2026-07-30 01:20:57] 2026-07-30 01:20:57 | INFO     | KDClient 4 round 3 completed (acc=0.0000, n=33)
[2026-07-30 01:20:57] 2026-07-30 01:20:57 | INFO     | KDClient 5 fit round 3 (tier=small)
[2026-07-30 01:20:57] 2026-07-30 01:20:57 | INFO     | KDClient 5 round 3 public KD (epochs=2)
[2026-07-30 01:21:37] 2026-07-30 01:21:37 | INFO     | KDClient 5 round 3 local training (epochs=4)
[2026-07-30 01:21:58] 2026-07-30 01:21:58 | INFO     | KDClient 5 round 3 completed (acc=0.3091, n=48)
[2026-07-30 01:21:58] 2026-07-30 01:21:58 | INFO     | KDClient 6 fit round 3 (tier=small)
[2026-07-30 01:21:58] 2026-07-30 01:21:58 | INFO     | KDClient 6 round 3 public KD (epochs=2)
[2026-07-30 01:22:58] 2026-07-30 01:22:58 | INFO     | KDClient 6 round 3 local training (epochs=4)
[2026-07-30 01:23:22] 2026-07-30 01:23:22 | INFO     | KDClient 6 round 3 completed (acc=0.0000, n=37)
[2026-07-30 01:23:22] 2026-07-30 01:23:22 | INFO     | KDClient 7 fit round 3 (tier=medium)
[2026-07-30 01:23:22] 2026-07-30 01:23:22 | INFO     | KDClient 7 round 3 public KD (epochs=2)
[2026-07-30 01:25:30] 2026-07-30 01:25:30 | INFO     | KDClient 7 round 3 local training (epochs=4)
[2026-07-30 01:26:36] 2026-07-30 01:26:36 | INFO     | KDClient 7 round 3 completed (acc=0.0000, n=83)
[2026-07-30 01:26:36] 2026-07-30 01:26:36 | INFO     | KDClient 8 fit round 3 (tier=medium)
[2026-07-30 01:26:36] 2026-07-30 01:26:36 | INFO     | KDClient 8 round 3 public KD (epochs=2)
[2026-07-30 01:28:18] 2026-07-30 01:28:18 | INFO     | KDClient 8 round 3 local training (epochs=4)
[2026-07-30 01:29:08] 2026-07-30 01:29:08 | INFO     | KDClient 8 round 3 completed (acc=0.3091, n=24)
[2026-07-30 01:29:08] 2026-07-30 01:29:08 | INFO     | KDClient 9 fit round 3 (tier=medium)
[2026-07-30 01:29:08] 2026-07-30 01:29:08 | INFO     | KDClient 9 round 3 public KD (epochs=2)
[2026-07-30 01:30:55] 2026-07-30 01:30:55 | INFO     | KDClient 9 round 3 local training (epochs=4)
[2026-07-30 01:31:50] 2026-07-30 01:31:50 | INFO     | KDClient 9 round 3 completed (acc=0.3091, n=26)
[2026-07-30 01:31:50] 2026-07-30 01:31:50 | INFO     | KDClient 10 fit round 3 (tier=medium)
[2026-07-30 01:31:50] 2026-07-30 01:31:50 | INFO     | KDClient 10 round 3 public KD (epochs=2)
[2026-07-30 01:34:03] 2026-07-30 01:34:03 | INFO     | KDClient 10 round 3 local training (epochs=4)
[2026-07-30 01:34:55] 2026-07-30 01:34:55 | INFO     | KDClient 10 round 3 completed (acc=0.3091, n=29)
[2026-07-30 01:34:55] 2026-07-30 01:34:55 | INFO     | KDClient 11 fit round 3 (tier=medium)
[2026-07-30 01:34:55] 2026-07-30 01:34:55 | INFO     | KDClient 11 round 3 public KD (epochs=2)
[2026-07-30 01:36:42] 2026-07-30 01:36:42 | INFO     | KDClient 11 round 3 local training (epochs=4)
[2026-07-30 01:37:43] 2026-07-30 01:37:43 | INFO     | KDClient 11 round 3 completed (acc=0.0000, n=26)
[2026-07-30 01:37:43] 2026-07-30 01:37:43 | INFO     | KDClient 12 fit round 3 (tier=medium)
[2026-07-30 01:37:43] 2026-07-30 01:37:43 | INFO     | KDClient 12 round 3 public KD (epochs=2)
[2026-07-30 01:39:59] 2026-07-30 01:39:59 | INFO     | KDClient 12 round 3 local training (epochs=4)
[2026-07-30 01:41:06] 2026-07-30 01:41:06 | INFO     | KDClient 12 round 3 completed (acc=0.2836, n=45)
[2026-07-30 01:41:06] 2026-07-30 01:41:06 | INFO     | KDClient 13 fit round 3 (tier=medium)
[2026-07-30 01:41:06] 2026-07-30 01:41:06 | INFO     | KDClient 13 round 3 public KD (epochs=2)
[2026-07-30 01:42:59] 2026-07-30 01:42:59 | INFO     | KDClient 13 round 3 local training (epochs=4)
[2026-07-30 01:44:01] 2026-07-30 01:44:01 | INFO     | KDClient 13 round 3 completed (acc=0.0000, n=76)
[2026-07-30 01:44:01] 2026-07-30 01:44:01 | INFO     | KDClient 14 fit round 3 (tier=large)
[2026-07-30 01:44:01] 2026-07-30 01:44:01 | INFO     | KDClient 14 round 3 public KD (epochs=2)
[2026-07-30 01:46:50] 2026-07-30 01:46:50 | INFO     | KDClient 14 round 3 local training (epochs=4)
[2026-07-30 01:48:57] 2026-07-30 01:48:57 | INFO     | KDClient 14 round 3 completed (acc=0.0000, n=139)
[2026-07-30 01:48:57] 2026-07-30 01:48:57 | INFO     | KDClient 15 fit round 3 (tier=large)
[2026-07-30 01:48:57] 2026-07-30 01:48:57 | INFO     | KDClient 15 round 3 public KD (epochs=2)
[2026-07-30 01:51:48] 2026-07-30 01:51:48 | INFO     | KDClient 15 round 3 local training (epochs=4)
[2026-07-30 01:53:37] 2026-07-30 01:53:37 | INFO     | KDClient 15 round 3 completed (acc=0.0000, n=39)
[2026-07-30 01:53:37] 2026-07-30 01:53:37 | INFO     | KDClient 16 fit round 3 (tier=large)
[2026-07-30 01:53:37] 2026-07-30 01:53:37 | INFO     | KDClient 16 round 3 public KD (epochs=2)
[2026-07-30 01:56:27] 2026-07-30 01:56:27 | INFO     | KDClient 16 round 3 local training (epochs=4)
[2026-07-30 01:58:05] 2026-07-30 01:58:05 | INFO     | KDClient 16 round 3 completed (acc=0.0000, n=37)
[2026-07-30 01:58:05] 2026-07-30 01:58:05 | INFO     | KDClient 17 fit round 3 (tier=large)
[2026-07-30 01:58:05] 2026-07-30 01:58:05 | INFO     | KDClient 17 round 3 public KD (epochs=2)
[2026-07-30 02:00:45] 2026-07-30 02:00:45 | INFO     | KDClient 17 round 3 local training (epochs=4)
[2026-07-30 02:02:14] 2026-07-30 02:02:14 | INFO     | KDClient 17 round 3 completed (acc=0.0000, n=35)
[2026-07-30 02:02:14] 2026-07-30 02:02:14 | INFO     | KDClient 18 fit round 3 (tier=large)
[2026-07-30 02:02:14] 2026-07-30 02:02:14 | INFO     | KDClient 18 round 3 public KD (epochs=2)
[2026-07-30 02:04:45] 2026-07-30 02:04:45 | INFO     | KDClient 18 round 3 local training (epochs=4)
[2026-07-30 02:06:04] 2026-07-30 02:06:04 | INFO     | KDClient 18 round 3 completed (acc=0.0000, n=37)
[2026-07-30 02:06:04] 2026-07-30 02:06:04 | INFO     | KDClient 19 fit round 3 (tier=large)
[2026-07-30 02:06:04] 2026-07-30 02:06:04 | INFO     | KDClient 19 round 3 public KD (epochs=2)
[2026-07-30 02:08:37] 2026-07-30 02:08:37 | INFO     | KDClient 19 round 3 local training (epochs=4)
[2026-07-30 02:09:59] 2026-07-30 02:09:59 | INFO     | KDClient 19 round 3 completed (acc=0.0000, n=56)
[2026-07-30 02:09:59]   Round   3/50 | Avg: 0.0760 | Min: 0.0000 | Max: 0.3091
[2026-07-30 02:09:59] 2026-07-30 02:09:59 | INFO     | FEDMD — NONIID: round 4/50 starting
[2026-07-30 02:09:59] 2026-07-30 02:09:59 | INFO     | KDClient 0 fit round 4 (tier=small)
[2026-07-30 02:09:59] 2026-07-30 02:09:59 | INFO     | KDClient 0 round 4 public KD (epochs=2)
[2026-07-30 02:10:35] 2026-07-30 02:10:35 | INFO     | KDClient 0 round 4 local training (epochs=4)
[2026-07-30 02:10:54] 2026-07-30 02:10:54 | INFO     | KDClient 0 round 4 completed (acc=0.3091, n=38)
[2026-07-30 02:10:54] 2026-07-30 02:10:54 | INFO     | KDClient 1 fit round 4 (tier=small)
[2026-07-30 02:10:54] 2026-07-30 02:10:54 | INFO     | KDClient 1 round 4 public KD (epochs=2)
[2026-07-30 02:11:29] 2026-07-30 02:11:29 | INFO     | KDClient 1 round 4 local training (epochs=4)
[2026-07-30 02:11:44] 2026-07-30 02:11:44 | INFO     | KDClient 1 round 4 completed (acc=0.0000, n=47)
[2026-07-30 02:11:44] 2026-07-30 02:11:44 | INFO     | KDClient 2 fit round 4 (tier=small)
[2026-07-30 02:11:44] 2026-07-30 02:11:44 | INFO     | KDClient 2 round 4 public KD (epochs=2)
[2026-07-30 02:12:20] 2026-07-30 02:12:20 | INFO     | KDClient 2 round 4 local training (epochs=4)
[2026-07-30 02:12:44] 2026-07-30 02:12:44 | INFO     | KDClient 2 round 4 completed (acc=0.0000, n=178)
[2026-07-30 02:12:44] 2026-07-30 02:12:44 | INFO     | KDClient 3 fit round 4 (tier=small)
[2026-07-30 02:12:44] 2026-07-30 02:12:44 | INFO     | KDClient 3 round 4 public KD (epochs=2)
[2026-07-30 02:13:26] 2026-07-30 02:13:25 | INFO     | KDClient 3 round 4 local training (epochs=4)
[2026-07-30 02:13:49] 2026-07-30 02:13:49 | INFO     | KDClient 3 round 4 completed (acc=0.0000, n=67)
[2026-07-30 02:13:49] 2026-07-30 02:13:49 | INFO     | KDClient 4 fit round 4 (tier=small)
[2026-07-30 02:13:49] 2026-07-30 02:13:49 | INFO     | KDClient 4 round 4 public KD (epochs=2)
[2026-07-30 02:14:32] 2026-07-30 02:14:32 | INFO     | KDClient 4 round 4 local training (epochs=4)
[2026-07-30 02:14:50] 2026-07-30 02:14:50 | INFO     | KDClient 4 round 4 completed (acc=0.0000, n=33)
[2026-07-30 02:14:50] 2026-07-30 02:14:50 | INFO     | KDClient 5 fit round 4 (tier=small)
[2026-07-30 02:14:50] 2026-07-30 02:14:50 | INFO     | KDClient 5 round 4 public KD (epochs=2)
[2026-07-30 02:15:24] 2026-07-30 02:15:24 | INFO     | KDClient 5 round 4 local training (epochs=4)
[2026-07-30 02:15:44] 2026-07-30 02:15:44 | INFO     | KDClient 5 round 4 completed (acc=0.3091, n=48)
[2026-07-30 02:15:44] 2026-07-30 02:15:44 | INFO     | KDClient 6 fit round 4 (tier=small)
[2026-07-30 02:15:44] 2026-07-30 02:15:44 | INFO     | KDClient 6 round 4 public KD (epochs=2)
[2026-07-30 02:16:28] 2026-07-30 02:16:28 | INFO     | KDClient 6 round 4 local training (epochs=4)
[2026-07-30 02:16:47] 2026-07-30 02:16:47 | INFO     | KDClient 6 round 4 completed (acc=0.0000, n=37)
[2026-07-30 02:16:47] 2026-07-30 02:16:47 | INFO     | KDClient 7 fit round 4 (tier=medium)
[2026-07-30 02:16:47] 2026-07-30 02:16:47 | INFO     | KDClient 7 round 4 public KD (epochs=2)
[2026-07-30 02:18:28] 2026-07-30 02:18:28 | INFO     | KDClient 7 round 4 local training (epochs=4)
[2026-07-30 02:19:33] 2026-07-30 02:19:33 | INFO     | KDClient 7 round 4 completed (acc=0.0000, n=83)
[2026-07-30 02:19:33] 2026-07-30 02:19:33 | INFO     | KDClient 8 fit round 4 (tier=medium)
[2026-07-30 02:19:33] 2026-07-30 02:19:33 | INFO     | KDClient 8 round 4 public KD (epochs=2)
[2026-07-30 02:21:21] 2026-07-30 02:21:21 | INFO     | KDClient 8 round 4 local training (epochs=4)
[2026-07-30 02:22:15] 2026-07-30 02:22:15 | INFO     | KDClient 8 round 4 completed (acc=0.3091, n=24)
[2026-07-30 02:22:15] 2026-07-30 02:22:15 | INFO     | KDClient 9 fit round 4 (tier=medium)
[2026-07-30 02:22:15] 2026-07-30 02:22:15 | INFO     | KDClient 9 round 4 public KD (epochs=2)
[2026-07-30 02:24:02] 2026-07-30 02:24:02 | INFO     | KDClient 9 round 4 local training (epochs=4)
[2026-07-30 02:24:56] 2026-07-30 02:24:56 | INFO     | KDClient 9 round 4 completed (acc=0.3091, n=26)
[2026-07-30 02:24:56] 2026-07-30 02:24:56 | INFO     | KDClient 10 fit round 4 (tier=medium)
[2026-07-30 02:24:56] 2026-07-30 02:24:56 | INFO     | KDClient 10 round 4 public KD (epochs=2)
[2026-07-30 02:27:12] 2026-07-30 02:27:12 | INFO     | KDClient 10 round 4 local training (epochs=4)
[2026-07-30 02:28:11] 2026-07-30 02:28:11 | INFO     | KDClient 10 round 4 completed (acc=0.3091, n=29)
[2026-07-30 02:28:11] 2026-07-30 02:28:11 | INFO     | KDClient 11 fit round 4 (tier=medium)
[2026-07-30 02:28:11] 2026-07-30 02:28:11 | INFO     | KDClient 11 round 4 public KD (epochs=2)
[2026-07-30 02:29:58] 2026-07-30 02:29:58 | INFO     | KDClient 11 round 4 local training (epochs=4)
[2026-07-30 02:30:52] 2026-07-30 02:30:52 | INFO     | KDClient 11 round 4 completed (acc=0.0000, n=26)
[2026-07-30 02:30:52] 2026-07-30 02:30:52 | INFO     | KDClient 12 fit round 4 (tier=medium)
[2026-07-30 02:30:52] 2026-07-30 02:30:52 | INFO     | KDClient 12 round 4 public KD (epochs=2)
[2026-07-30 02:32:43] 2026-07-30 02:32:43 | INFO     | KDClient 12 round 4 local training (epochs=4)
[2026-07-30 02:33:43] 2026-07-30 02:33:43 | INFO     | KDClient 12 round 4 completed (acc=0.3091, n=45)
[2026-07-30 02:33:43] 2026-07-30 02:33:43 | INFO     | KDClient 13 fit round 4 (tier=medium)
[2026-07-30 02:33:43] 2026-07-30 02:33:43 | INFO     | KDClient 13 round 4 public KD (epochs=2)
[2026-07-30 02:35:29] 2026-07-30 02:35:29 | INFO     | KDClient 13 round 4 local training (epochs=4)
[2026-07-30 02:36:33] 2026-07-30 02:36:33 | INFO     | KDClient 13 round 4 completed (acc=0.0000, n=76)
[2026-07-30 02:36:33] 2026-07-30 02:36:33 | INFO     | KDClient 14 fit round 4 (tier=large)
[2026-07-30 02:36:33] 2026-07-30 02:36:33 | INFO     | KDClient 14 round 4 public KD (epochs=2)
[2026-07-30 02:39:15] 2026-07-30 02:39:15 | INFO     | KDClient 14 round 4 local training (epochs=4)
[2026-07-30 02:41:19] 2026-07-30 02:41:19 | INFO     | KDClient 14 round 4 completed (acc=0.0255, n=139)
[2026-07-30 02:41:19] 2026-07-30 02:41:19 | INFO     | KDClient 15 fit round 4 (tier=large)
[2026-07-30 02:41:19] 2026-07-30 02:41:19 | INFO     | KDClient 15 round 4 public KD (epochs=2)
[2026-07-30 02:44:10] 2026-07-30 02:44:10 | INFO     | KDClient 15 round 4 local training (epochs=4)
[2026-07-30 02:45:51] 2026-07-30 02:45:51 | INFO     | KDClient 15 round 4 completed (acc=0.0000, n=39)
[2026-07-30 02:45:51] 2026-07-30 02:45:51 | INFO     | KDClient 16 fit round 4 (tier=large)
[2026-07-30 02:45:51] 2026-07-30 02:45:51 | INFO     | KDClient 16 round 4 public KD (epochs=2)
[2026-07-30 02:48:32] 2026-07-30 02:48:32 | INFO     | KDClient 16 round 4 local training (epochs=4)
[2026-07-30 02:50:07] 2026-07-30 02:50:07 | INFO     | KDClient 16 round 4 completed (acc=0.0000, n=37)
[2026-07-30 02:50:07] 2026-07-30 02:50:07 | INFO     | KDClient 17 fit round 4 (tier=large)
[2026-07-30 02:50:07] 2026-07-30 02:50:07 | INFO     | KDClient 17 round 4 public KD (epochs=2)
[2026-07-30 02:52:29] 2026-07-30 02:52:29 | INFO     | KDClient 17 round 4 local training (epochs=4)
[2026-07-30 02:53:35] 2026-07-30 02:53:35 | INFO     | KDClient 17 round 4 completed (acc=0.0000, n=35)
[2026-07-30 02:53:35] 2026-07-30 02:53:35 | INFO     | KDClient 18 fit round 4 (tier=large)
[2026-07-30 02:53:35] 2026-07-30 02:53:35 | INFO     | KDClient 18 round 4 public KD (epochs=2)
[2026-07-30 02:55:55] 2026-07-30 02:55:55 | INFO     | KDClient 18 round 4 local training (epochs=4)
[2026-07-30 02:57:14] 2026-07-30 02:57:14 | INFO     | KDClient 18 round 4 completed (acc=0.0000, n=37)
[2026-07-30 02:57:14] 2026-07-30 02:57:14 | INFO     | KDClient 19 fit round 4 (tier=large)
[2026-07-30 02:57:14] 2026-07-30 02:57:14 | INFO     | KDClient 19 round 4 public KD (epochs=2)
[2026-07-30 02:59:30] 2026-07-30 02:59:30 | INFO     | KDClient 19 round 4 local training (epochs=4)
[2026-07-30 03:00:41] 2026-07-30 03:00:41 | INFO     | KDClient 19 round 4 completed (acc=0.0000, n=56)
[2026-07-30 03:00:41]   Round   4/50 | Avg: 0.0940 | Min: 0.0000 | Max: 0.3091
[2026-07-30 03:00:41] 2026-07-30 03:00:41 | INFO     | FEDMD — NONIID: round 5/50 starting
[2026-07-30 03:00:41] 2026-07-30 03:00:41 | INFO     | KDClient 0 fit round 5 (tier=small)
[2026-07-30 03:00:41] 2026-07-30 03:00:41 | INFO     | KDClient 0 round 5 public KD (epochs=2)
[2026-07-30 03:01:22] 2026-07-30 03:01:22 | INFO     | KDClient 0 round 5 local training (epochs=4)
[2026-07-30 03:01:43] 2026-07-30 03:01:43 | INFO     | KDClient 0 round 5 completed (acc=0.3091, n=38)
[2026-07-30 03:01:43] 2026-07-30 03:01:43 | INFO     | KDClient 1 fit round 5 (tier=small)
[2026-07-30 03:01:43] 2026-07-30 03:01:43 | INFO     | KDClient 1 round 5 public KD (epochs=2)
[2026-07-30 03:02:24] 2026-07-30 03:02:24 | INFO     | KDClient 1 round 5 local training (epochs=4)
[2026-07-30 03:02:44] 2026-07-30 03:02:44 | INFO     | KDClient 1 round 5 completed (acc=0.0000, n=47)
[2026-07-30 03:02:44] 2026-07-30 03:02:44 | INFO     | KDClient 2 fit round 5 (tier=small)
[2026-07-30 03:02:44] 2026-07-30 03:02:44 | INFO     | KDClient 2 round 5 public KD (epochs=2)
[2026-07-30 03:03:20] 2026-07-30 03:03:20 | INFO     | KDClient 2 round 5 local training (epochs=4)
[2026-07-30 03:03:56] 2026-07-30 03:03:56 | INFO     | KDClient 2 round 5 completed (acc=0.0000, n=178)
[2026-07-30 03:03:56] 2026-07-30 03:03:56 | INFO     | KDClient 3 fit round 5 (tier=small)
[2026-07-30 03:03:56] 2026-07-30 03:03:56 | INFO     | KDClient 3 round 5 public KD (epochs=2)
[2026-07-30 03:04:39] 2026-07-30 03:04:39 | INFO     | KDClient 3 round 5 local training (epochs=4)
[2026-07-30 03:05:04] 2026-07-30 03:05:04 | INFO     | KDClient 3 round 5 completed (acc=0.0000, n=67)
[2026-07-30 03:05:04] 2026-07-30 03:05:04 | INFO     | KDClient 4 fit round 5 (tier=small)
[2026-07-30 03:05:04] 2026-07-30 03:05:04 | INFO     | KDClient 4 round 5 public KD (epochs=2)
[2026-07-30 03:05:44] 2026-07-30 03:05:44 | INFO     | KDClient 4 round 5 local training (epochs=4)
[2026-07-30 03:06:06] 2026-07-30 03:06:06 | INFO     | KDClient 4 round 5 completed (acc=0.0000, n=33)
[2026-07-30 03:06:06] 2026-07-30 03:06:06 | INFO     | KDClient 5 fit round 5 (tier=small)
[2026-07-30 03:06:06] 2026-07-30 03:06:06 | INFO     | KDClient 5 round 5 public KD (epochs=2)
[2026-07-30 03:06:45] 2026-07-30 03:06:45 | INFO     | KDClient 5 round 5 local training (epochs=4)
[2026-07-30 03:07:06] 2026-07-30 03:07:06 | INFO     | KDClient 5 round 5 completed (acc=0.3091, n=48)
[2026-07-30 03:07:06] 2026-07-30 03:07:06 | INFO     | KDClient 6 fit round 5 (tier=small)
[2026-07-30 03:07:06] 2026-07-30 03:07:06 | INFO     | KDClient 6 round 5 public KD (epochs=2)
[2026-07-30 03:07:46] 2026-07-30 03:07:46 | INFO     | KDClient 6 round 5 local training (epochs=4)
[2026-07-30 03:08:07] 2026-07-30 03:08:07 | INFO     | KDClient 6 round 5 completed (acc=0.0000, n=37)
[2026-07-30 03:08:07] 2026-07-30 03:08:07 | INFO     | KDClient 7 fit round 5 (tier=medium)
[2026-07-30 03:08:07] 2026-07-30 03:08:07 | INFO     | KDClient 7 round 5 public KD (epochs=2)
[2026-07-30 03:09:58] 2026-07-30 03:09:58 | INFO     | KDClient 7 round 5 local training (epochs=4)
[2026-07-30 03:11:07] 2026-07-30 03:11:07 | INFO     | KDClient 7 round 5 completed (acc=0.0000, n=83)
[2026-07-30 03:11:07] 2026-07-30 03:11:07 | INFO     | KDClient 8 fit round 5 (tier=medium)
[2026-07-30 03:11:07] 2026-07-30 03:11:07 | INFO     | KDClient 8 round 5 public KD (epochs=2)
[2026-07-30 03:12:53] 2026-07-30 03:12:53 | INFO     | KDClient 8 round 5 local training (epochs=4)
[2026-07-30 03:13:48] 2026-07-30 03:13:48 | INFO     | KDClient 8 round 5 completed (acc=0.3091, n=24)
[2026-07-30 03:13:48] 2026-07-30 03:13:48 | INFO     | KDClient 9 fit round 5 (tier=medium)
[2026-07-30 03:13:48] 2026-07-30 03:13:48 | INFO     | KDClient 9 round 5 public KD (epochs=2)
[2026-07-30 03:15:36] 2026-07-30 03:15:36 | INFO     | KDClient 9 round 5 local training (epochs=4)
[2026-07-30 03:16:35] 2026-07-30 03:16:35 | INFO     | KDClient 9 round 5 completed (acc=0.3091, n=26)
[2026-07-30 03:16:35] 2026-07-30 03:16:35 | INFO     | KDClient 10 fit round 5 (tier=medium)
[2026-07-30 03:16:35] 2026-07-30 03:16:35 | INFO     | KDClient 10 round 5 public KD (epochs=2)
[2026-07-30 03:18:19] 2026-07-30 03:18:19 | INFO     | KDClient 10 round 5 local training (epochs=4)
[2026-07-30 03:19:07] 2026-07-30 03:19:07 | INFO     | KDClient 10 round 5 completed (acc=0.3091, n=29)
[2026-07-30 03:19:07] 2026-07-30 03:19:07 | INFO     | KDClient 11 fit round 5 (tier=medium)
[2026-07-30 03:19:07] 2026-07-30 03:19:07 | INFO     | KDClient 11 round 5 public KD (epochs=2)
[2026-07-30 03:20:54] 2026-07-30 03:20:54 | INFO     | KDClient 11 round 5 local training (epochs=4)
[2026-07-30 03:21:48] 2026-07-30 03:21:48 | INFO     | KDClient 11 round 5 completed (acc=0.0000, n=26)
[2026-07-30 03:21:48] 2026-07-30 03:21:48 | INFO     | KDClient 12 fit round 5 (tier=medium)
[2026-07-30 03:21:48] 2026-07-30 03:21:48 | INFO     | KDClient 12 round 5 public KD (epochs=2)
[2026-07-30 03:24:33] 2026-07-30 03:24:33 | INFO     | KDClient 12 round 5 local training (epochs=4)
[2026-07-30 03:25:32] 2026-07-30 03:25:32 | INFO     | KDClient 12 round 5 completed (acc=0.3018, n=45)
[2026-07-30 03:25:32] 2026-07-30 03:25:32 | INFO     | KDClient 13 fit round 5 (tier=medium)
[2026-07-30 03:25:32] 2026-07-30 03:25:32 | INFO     | KDClient 13 round 5 public KD (epochs=2)
[2026-07-30 03:27:21] 2026-07-30 03:27:21 | INFO     | KDClient 13 round 5 local training (epochs=4)
[2026-07-30 03:28:41] 2026-07-30 03:28:41 | INFO     | KDClient 13 round 5 completed (acc=0.0000, n=76)
[2026-07-30 03:28:41] 2026-07-30 03:28:41 | INFO     | KDClient 14 fit round 5 (tier=large)
[2026-07-30 03:28:41] 2026-07-30 03:28:41 | INFO     | KDClient 14 round 5 public KD (epochs=2)
[2026-07-30 03:32:23] 2026-07-30 03:32:23 | INFO     | KDClient 14 round 5 local training (epochs=4)
[2026-07-30 03:34:58] 2026-07-30 03:34:58 | INFO     | KDClient 14 round 5 completed (acc=0.3091, n=139)
[2026-07-30 03:34:58] 2026-07-30 03:34:58 | INFO     | KDClient 15 fit round 5 (tier=large)
[2026-07-30 03:34:58] 2026-07-30 03:34:58 | INFO     | KDClient 15 round 5 public KD (epochs=2)
[2026-07-30 03:37:39] 2026-07-30 03:37:39 | INFO     | KDClient 15 round 5 local training (epochs=4)
[2026-07-30 03:39:03] 2026-07-30 03:39:03 | INFO     | KDClient 15 round 5 completed (acc=0.0000, n=39)
[2026-07-30 03:39:03] 2026-07-30 03:39:03 | INFO     | KDClient 16 fit round 5 (tier=large)
[2026-07-30 03:39:03] 2026-07-30 03:39:03 | INFO     | KDClient 16 round 5 public KD (epochs=2)
[2026-07-30 03:41:20] 2026-07-30 03:41:20 | INFO     | KDClient 16 round 5 local training (epochs=4)
[2026-07-30 03:42:24] 2026-07-30 03:42:24 | INFO     | KDClient 16 round 5 completed (acc=0.0000, n=37)
[2026-07-30 03:42:24] 2026-07-30 03:42:24 | INFO     | KDClient 17 fit round 5 (tier=large)
[2026-07-30 03:42:24] 2026-07-30 03:42:24 | INFO     | KDClient 17 round 5 public KD (epochs=2)
[2026-07-30 03:44:43] 2026-07-30 03:44:43 | INFO     | KDClient 17 round 5 local training (epochs=4)
[2026-07-30 03:45:57] 2026-07-30 03:45:57 | INFO     | KDClient 17 round 5 completed (acc=0.0000, n=35)
[2026-07-30 03:45:57] 2026-07-30 03:45:57 | INFO     | KDClient 18 fit round 5 (tier=large)
[2026-07-30 03:45:57] 2026-07-30 03:45:57 | INFO     | KDClient 18 round 5 public KD (epochs=2)
[2026-07-30 03:48:17] 2026-07-30 03:48:17 | INFO     | KDClient 18 round 5 local training (epochs=4)
[2026-07-30 03:49:26] 2026-07-30 03:49:26 | INFO     | KDClient 18 round 5 completed (acc=0.0000, n=37)
[2026-07-30 03:49:26] 2026-07-30 03:49:26 | INFO     | KDClient 19 fit round 5 (tier=large)
[2026-07-30 03:49:26] 2026-07-30 03:49:26 | INFO     | KDClient 19 round 5 public KD (epochs=2)
[2026-07-30 03:51:58] 2026-07-30 03:51:58 | INFO     | KDClient 19 round 5 local training (epochs=4)
[2026-07-30 03:53:24] 2026-07-30 03:53:24 | INFO     | KDClient 19 round 5 completed (acc=0.0000, n=56)
[2026-07-30 03:53:24]   Round   5/50 | Avg: 0.1078 | Min: 0.0000 | Max: 0.3091
[2026-07-30 03:53:24] 2026-07-30 03:53:24 | INFO     | FEDMD — NONIID: round 6/50 starting
[2026-07-30 03:53:24] 2026-07-30 03:53:24 | INFO     | KDClient 0 fit round 6 (tier=small)
[2026-07-30 03:53:24] 2026-07-30 03:53:24 | INFO     | KDClient 0 round 6 public KD (epochs=2)
[2026-07-30 03:54:02] 2026-07-30 03:54:02 | INFO     | KDClient 0 round 6 local training (epochs=4)
[2026-07-30 03:54:27] 2026-07-30 03:54:27 | INFO     | KDClient 0 round 6 completed (acc=0.3091, n=38)
[2026-07-30 03:54:27] 2026-07-30 03:54:27 | INFO     | KDClient 1 fit round 6 (tier=small)
[2026-07-30 03:54:27] 2026-07-30 03:54:27 | INFO     | KDClient 1 round 6 public KD (epochs=2)
[2026-07-30 03:55:09] 2026-07-30 03:55:09 | INFO     | KDClient 1 round 6 local training (epochs=4)
[2026-07-30 03:55:32] 2026-07-30 03:55:32 | INFO     | KDClient 1 round 6 completed (acc=0.0000, n=47)
[2026-07-30 03:55:32] 2026-07-30 03:55:32 | INFO     | KDClient 2 fit round 6 (tier=small)
[2026-07-30 03:55:32] 2026-07-30 03:55:32 | INFO     | KDClient 2 round 6 public KD (epochs=2)
[2026-07-30 03:56:15] 2026-07-30 03:56:15 | INFO     | KDClient 2 round 6 local training (epochs=4)
[2026-07-30 03:56:53] 2026-07-30 03:56:53 | INFO     | KDClient 2 round 6 completed (acc=0.0000, n=178)
[2026-07-30 03:56:53] 2026-07-30 03:56:53 | INFO     | KDClient 3 fit round 6 (tier=small)
[2026-07-30 03:56:53] 2026-07-30 03:56:53 | INFO     | KDClient 3 round 6 public KD (epochs=2)
[2026-07-30 03:57:41] 2026-07-30 03:57:41 | INFO     | KDClient 3 round 6 local training (epochs=4)
[2026-07-30 03:58:08] 2026-07-30 03:58:08 | INFO     | KDClient 3 round 6 completed (acc=0.0000, n=67)
[2026-07-30 03:58:08] 2026-07-30 03:58:08 | INFO     | KDClient 4 fit round 6 (tier=small)
[2026-07-30 03:58:08] 2026-07-30 03:58:08 | INFO     | KDClient 4 round 6 public KD (epochs=2)
[2026-07-30 03:59:12] 2026-07-30 03:59:12 | INFO     | KDClient 4 round 6 local training (epochs=4)
[2026-07-30 03:59:30] 2026-07-30 03:59:30 | INFO     | KDClient 4 round 6 completed (acc=0.0000, n=33)
[2026-07-30 03:59:30] 2026-07-30 03:59:30 | INFO     | KDClient 5 fit round 6 (tier=small)
[2026-07-30 03:59:30] 2026-07-30 03:59:30 | INFO     | KDClient 5 round 6 public KD (epochs=2)
[2026-07-30 04:00:11] 2026-07-30 04:00:11 | INFO     | KDClient 5 round 6 local training (epochs=4)
[2026-07-30 04:00:38] 2026-07-30 04:00:38 | INFO     | KDClient 5 round 6 completed (acc=0.3091, n=48)
[2026-07-30 04:00:38] 2026-07-30 04:00:38 | INFO     | KDClient 6 fit round 6 (tier=small)
[2026-07-30 04:00:38] 2026-07-30 04:00:38 | INFO     | KDClient 6 round 6 public KD (epochs=2)
[2026-07-30 04:01:24] 2026-07-30 04:01:24 | INFO     | KDClient 6 round 6 local training (epochs=4)
[2026-07-30 04:01:49] 2026-07-30 04:01:49 | INFO     | KDClient 6 round 6 completed (acc=0.0000, n=37)
[2026-07-30 04:01:49] 2026-07-30 04:01:49 | INFO     | KDClient 7 fit round 6 (tier=medium)
[2026-07-30 04:01:49] 2026-07-30 04:01:49 | INFO     | KDClient 7 round 6 public KD (epochs=2)
[2026-07-30 04:04:05] 2026-07-30 04:04:05 | INFO     | KDClient 7 round 6 local training (epochs=4)
[2026-07-30 04:05:28] 2026-07-30 04:05:28 | INFO     | KDClient 7 round 6 completed (acc=0.0000, n=83)
[2026-07-30 04:05:28] 2026-07-30 04:05:28 | INFO     | KDClient 8 fit round 6 (tier=medium)
[2026-07-30 04:05:28] 2026-07-30 04:05:28 | INFO     | KDClient 8 round 6 public KD (epochs=2)
[2026-07-30 04:07:16] 2026-07-30 04:07:16 | INFO     | KDClient 8 round 6 local training (epochs=4)
[2026-07-30 04:08:09] 2026-07-30 04:08:09 | INFO     | KDClient 8 round 6 completed (acc=0.3091, n=24)
[2026-07-30 04:08:09] 2026-07-30 04:08:09 | INFO     | KDClient 9 fit round 6 (tier=medium)
[2026-07-30 04:08:09] 2026-07-30 04:08:09 | INFO     | KDClient 9 round 6 public KD (epochs=2)
[2026-07-30 04:09:59] 2026-07-30 04:09:59 | INFO     | KDClient 9 round 6 local training (epochs=4)
[2026-07-30 04:10:51] 2026-07-30 04:10:51 | INFO     | KDClient 9 round 6 completed (acc=0.3091, n=26)
[2026-07-30 04:10:51] 2026-07-30 04:10:51 | INFO     | KDClient 10 fit round 6 (tier=medium)
[2026-07-30 04:10:51] 2026-07-30 04:10:51 | INFO     | KDClient 10 round 6 public KD (epochs=2)
[2026-07-30 04:12:40] 2026-07-30 04:12:40 | INFO     | KDClient 10 round 6 local training (epochs=4)
[2026-07-30 04:13:36] 2026-07-30 04:13:36 | INFO     | KDClient 10 round 6 completed (acc=0.2982, n=29)
[2026-07-30 04:13:36] 2026-07-30 04:13:36 | INFO     | KDClient 11 fit round 6 (tier=medium)
[2026-07-30 04:13:36] 2026-07-30 04:13:36 | INFO     | KDClient 11 round 6 public KD (epochs=2)
[2026-07-30 04:15:54] 2026-07-30 04:15:54 | INFO     | KDClient 11 round 6 local training (epochs=4)
[2026-07-30 04:16:52] 2026-07-30 04:16:52 | INFO     | KDClient 11 round 6 completed (acc=0.0000, n=26)
[2026-07-30 04:16:52] 2026-07-30 04:16:52 | INFO     | KDClient 12 fit round 6 (tier=medium)
[2026-07-30 04:16:52] 2026-07-30 04:16:52 | INFO     | KDClient 12 round 6 public KD (epochs=2)
[2026-07-30 04:19:15] 2026-07-30 04:19:15 | INFO     | KDClient 12 round 6 local training (epochs=4)
[2026-07-30 04:20:36] 2026-07-30 04:20:36 | INFO     | KDClient 12 round 6 completed (acc=0.3091, n=45)
[2026-07-30 04:20:36] 2026-07-30 04:20:36 | INFO     | KDClient 13 fit round 6 (tier=medium)
[2026-07-30 04:20:36] 2026-07-30 04:20:36 | INFO     | KDClient 13 round 6 public KD (epochs=2)
[2026-07-30 04:22:58] 2026-07-30 04:22:58 | INFO     | KDClient 13 round 6 local training (epochs=4)
[2026-07-30 04:24:04] 2026-07-30 04:24:04 | INFO     | KDClient 13 round 6 completed (acc=0.0000, n=76)
[2026-07-30 04:24:04] 2026-07-30 04:24:04 | INFO     | KDClient 14 fit round 6 (tier=large)
[2026-07-30 04:24:04] 2026-07-30 04:24:04 | INFO     | KDClient 14 round 6 public KD (epochs=2)
[2026-07-30 04:26:35] 2026-07-30 04:26:35 | INFO     | KDClient 14 round 6 local training (epochs=4)
[2026-07-30 04:28:40] 2026-07-30 04:28:40 | INFO     | KDClient 14 round 6 completed (acc=0.3091, n=139)
[2026-07-30 04:28:40] 2026-07-30 04:28:40 | INFO     | KDClient 15 fit round 6 (tier=large)
[2026-07-30 04:28:40] 2026-07-30 04:28:40 | INFO     | KDClient 15 round 6 public KD (epochs=2)
[2026-07-30 04:30:58] 2026-07-30 04:30:58 | INFO     | KDClient 15 round 6 local training (epochs=4)
[2026-07-30 04:32:09] 2026-07-30 04:32:09 | INFO     | KDClient 15 round 6 completed (acc=0.0000, n=39)
[2026-07-30 04:32:09] 2026-07-30 04:32:09 | INFO     | KDClient 16 fit round 6 (tier=large)
[2026-07-30 04:32:09] 2026-07-30 04:32:09 | INFO     | KDClient 16 round 6 public KD (epochs=2)
[2026-07-30 04:34:39] 2026-07-30 04:34:39 | INFO     | KDClient 16 round 6 local training (epochs=4)
[2026-07-30 04:35:50] 2026-07-30 04:35:50 | INFO     | KDClient 16 round 6 completed (acc=0.0000, n=37)
[2026-07-30 04:35:50] 2026-07-30 04:35:50 | INFO     | KDClient 17 fit round 6 (tier=large)
[2026-07-30 04:35:50] 2026-07-30 04:35:50 | INFO     | KDClient 17 round 6 public KD (epochs=2)
[2026-07-30 04:38:23] 2026-07-30 04:38:23 | INFO     | KDClient 17 round 6 local training (epochs=4)
[2026-07-30 04:39:37] 2026-07-30 04:39:37 | INFO     | KDClient 17 round 6 completed (acc=0.0000, n=35)
[2026-07-30 04:39:37] 2026-07-30 04:39:37 | INFO     | KDClient 18 fit round 6 (tier=large)
[2026-07-30 04:39:37] 2026-07-30 04:39:37 | INFO     | KDClient 18 round 6 public KD (epochs=2)
[2026-07-30 04:42:09] 2026-07-30 04:42:09 | INFO     | KDClient 18 round 6 local training (epochs=4)
[2026-07-30 04:43:47] 2026-07-30 04:43:47 | INFO     | KDClient 18 round 6 completed (acc=0.0000, n=37)
[2026-07-30 04:43:47] 2026-07-30 04:43:47 | INFO     | KDClient 19 fit round 6 (tier=large)
[2026-07-30 04:43:47] 2026-07-30 04:43:47 | INFO     | KDClient 19 round 6 public KD (epochs=2)
[2026-07-30 04:46:22] 2026-07-30 04:46:22 | INFO     | KDClient 19 round 6 local training (epochs=4)
[2026-07-30 04:47:49] 2026-07-30 04:47:49 | INFO     | KDClient 19 round 6 completed (acc=0.0000, n=56)
[2026-07-30 04:47:49]   Round   6/50 | Avg: 0.1076 | Min: 0.0000 | Max: 0.3091
[2026-07-30 04:47:49] 2026-07-30 04:47:49 | INFO     | FEDMD — NONIID: round 7/50 starting
[2026-07-30 04:47:49] 2026-07-30 04:47:49 | INFO     | KDClient 0 fit round 7 (tier=small)
[2026-07-30 04:47:49] 2026-07-30 04:47:49 | INFO     | KDClient 0 round 7 public KD (epochs=2)
[2026-07-30 04:48:29] 2026-07-30 04:48:29 | INFO     | KDClient 0 round 7 local training (epochs=4)
[2026-07-30 04:48:53] 2026-07-30 04:48:53 | INFO     | KDClient 0 round 7 completed (acc=0.3091, n=38)
[2026-07-30 04:48:53] 2026-07-30 04:48:53 | INFO     | KDClient 1 fit round 7 (tier=small)
[2026-07-30 04:48:53] 2026-07-30 04:48:53 | INFO     | KDClient 1 round 7 public KD (epochs=2)
[2026-07-30 04:49:34] 2026-07-30 04:49:34 | INFO     | KDClient 1 round 7 local training (epochs=4)
[2026-07-30 04:49:56] 2026-07-30 04:49:56 | INFO     | KDClient 1 round 7 completed (acc=0.0000, n=47)
[2026-07-30 04:49:56] 2026-07-30 04:49:56 | INFO     | KDClient 2 fit round 7 (tier=small)
[2026-07-30 04:49:56] 2026-07-30 04:49:56 | INFO     | KDClient 2 round 7 public KD (epochs=2)
[2026-07-30 04:50:39] 2026-07-30 04:50:39 | INFO     | KDClient 2 round 7 local training (epochs=4)
[2026-07-30 04:51:23] 2026-07-30 04:51:23 | INFO     | KDClient 2 round 7 completed (acc=0.0000, n=178)
[2026-07-30 04:51:23] 2026-07-30 04:51:23 | INFO     | KDClient 3 fit round 7 (tier=small)
[2026-07-30 04:51:23] 2026-07-30 04:51:23 | INFO     | KDClient 3 round 7 public KD (epochs=2)
[2026-07-30 04:52:27] 2026-07-30 04:52:27 | INFO     | KDClient 3 round 7 local training (epochs=4)
[2026-07-30 04:52:55] 2026-07-30 04:52:55 | INFO     | KDClient 3 round 7 completed (acc=0.0000, n=67)
[2026-07-30 04:52:55] 2026-07-30 04:52:55 | INFO     | KDClient 4 fit round 7 (tier=small)
[2026-07-30 04:52:55] 2026-07-30 04:52:55 | INFO     | KDClient 4 round 7 public KD (epochs=2)
[2026-07-30 04:53:36] 2026-07-30 04:53:36 | INFO     | KDClient 4 round 7 local training (epochs=4)
[2026-07-30 04:53:58] 2026-07-30 04:53:58 | INFO     | KDClient 4 round 7 completed (acc=0.0000, n=33)
[2026-07-30 04:53:58] 2026-07-30 04:53:58 | INFO     | KDClient 5 fit round 7 (tier=small)
[2026-07-30 04:53:58] 2026-07-30 04:53:58 | INFO     | KDClient 5 round 7 public KD (epochs=2)
[2026-07-30 04:54:42] 2026-07-30 04:54:42 | INFO     | KDClient 5 round 7 local training (epochs=4)
[2026-07-30 04:55:08] 2026-07-30 04:55:08 | INFO     | KDClient 5 round 7 completed (acc=0.3091, n=48)
[2026-07-30 04:55:08] 2026-07-30 04:55:08 | INFO     | KDClient 6 fit round 7 (tier=small)
[2026-07-30 04:55:08] 2026-07-30 04:55:08 | INFO     | KDClient 6 round 7 public KD (epochs=2)
[2026-07-30 04:55:55] 2026-07-30 04:55:55 | INFO     | KDClient 6 round 7 local training (epochs=4)
[2026-07-30 04:56:23] 2026-07-30 04:56:23 | INFO     | KDClient 6 round 7 completed (acc=0.0000, n=37)
[2026-07-30 04:56:23] 2026-07-30 04:56:23 | INFO     | KDClient 7 fit round 7 (tier=medium)
[2026-07-30 04:56:23] 2026-07-30 04:56:23 | INFO     | KDClient 7 round 7 public KD (epochs=2)
[2026-07-30 04:58:09] 2026-07-30 04:58:09 | INFO     | KDClient 7 round 7 local training (epochs=4)
[2026-07-30 04:59:16] 2026-07-30 04:59:16 | INFO     | KDClient 7 round 7 completed (acc=0.0000, n=83)
[2026-07-30 04:59:16] 2026-07-30 04:59:16 | INFO     | KDClient 8 fit round 7 (tier=medium)
[2026-07-30 04:59:16] 2026-07-30 04:59:16 | INFO     | KDClient 8 round 7 public KD (epochs=2)
[2026-07-30 05:01:33] 2026-07-30 05:01:33 | INFO     | KDClient 8 round 7 local training (epochs=4)
[2026-07-30 05:02:36] 2026-07-30 05:02:36 | INFO     | KDClient 8 round 7 completed (acc=0.3091, n=24)
[2026-07-30 05:02:36] 2026-07-30 05:02:36 | INFO     | KDClient 9 fit round 7 (tier=medium)
[2026-07-30 05:02:36] 2026-07-30 05:02:36 | INFO     | KDClient 9 round 7 public KD (epochs=2)
[2026-07-30 05:04:23] 2026-07-30 05:04:23 | INFO     | KDClient 9 round 7 local training (epochs=4)
[2026-07-30 05:05:20] 2026-07-30 05:05:20 | INFO     | KDClient 9 round 7 completed (acc=0.3091, n=26)
[2026-07-30 05:05:20] 2026-07-30 05:05:20 | INFO     | KDClient 10 fit round 7 (tier=medium)
[2026-07-30 05:05:20] 2026-07-30 05:05:20 | INFO     | KDClient 10 round 7 public KD (epochs=2)
[2026-07-30 05:07:22] 2026-07-30 05:07:22 | INFO     | KDClient 10 round 7 local training (epochs=4)
[2026-07-30 05:08:17] 2026-07-30 05:08:17 | INFO     | KDClient 10 round 7 completed (acc=0.3091, n=29)
[2026-07-30 05:08:17] 2026-07-30 05:08:17 | INFO     | KDClient 11 fit round 7 (tier=medium)
[2026-07-30 05:08:17] 2026-07-30 05:08:17 | INFO     | KDClient 11 round 7 public KD (epochs=2)
[2026-07-30 05:10:16] 2026-07-30 05:10:16 | INFO     | KDClient 11 round 7 local training (epochs=4)
[2026-07-30 05:11:19] 2026-07-30 05:11:19 | INFO     | KDClient 11 round 7 completed (acc=0.0000, n=26)
[2026-07-30 05:11:19] 2026-07-30 05:11:19 | INFO     | KDClient 12 fit round 7 (tier=medium)
[2026-07-30 05:11:19] 2026-07-30 05:11:19 | INFO     | KDClient 12 round 7 public KD (epochs=2)
[2026-07-30 05:13:36] 2026-07-30 05:13:36 | INFO     | KDClient 12 round 7 local training (epochs=4)
[2026-07-30 05:14:33] 2026-07-30 05:14:33 | INFO     | KDClient 12 round 7 completed (acc=0.3091, n=45)
[2026-07-30 05:14:33] 2026-07-30 05:14:33 | INFO     | KDClient 13 fit round 7 (tier=medium)
[2026-07-30 05:14:33] 2026-07-30 05:14:33 | INFO     | KDClient 13 round 7 public KD (epochs=2)
[2026-07-30 05:16:13] 2026-07-30 05:16:13 | INFO     | KDClient 13 round 7 local training (epochs=4)
[2026-07-30 05:17:13] 2026-07-30 05:17:13 | INFO     | KDClient 13 round 7 completed (acc=0.0000, n=76)
[2026-07-30 05:17:13] 2026-07-30 05:17:13 | INFO     | KDClient 14 fit round 7 (tier=large)
[2026-07-30 05:17:13] 2026-07-30 05:17:13 | INFO     | KDClient 14 round 7 public KD (epochs=2)
[2026-07-30 05:19:39] 2026-07-30 05:19:39 | INFO     | KDClient 14 round 7 local training (epochs=4)
[2026-07-30 05:21:28] 2026-07-30 05:21:28 | INFO     | KDClient 14 round 7 completed (acc=0.3091, n=139)
[2026-07-30 05:21:28] 2026-07-30 05:21:28 | INFO     | KDClient 15 fit round 7 (tier=large)
[2026-07-30 05:21:28] 2026-07-30 05:21:28 | INFO     | KDClient 15 round 7 public KD (epochs=2)
[2026-07-30 05:24:00] 2026-07-30 05:24:00 | INFO     | KDClient 15 round 7 local training (epochs=4)
[2026-07-30 05:25:16] 2026-07-30 05:25:16 | INFO     | KDClient 15 round 7 completed (acc=0.0218, n=39)
[2026-07-30 05:25:16] 2026-07-30 05:25:16 | INFO     | KDClient 16 fit round 7 (tier=large)
[2026-07-30 05:25:16] 2026-07-30 05:25:16 | INFO     | KDClient 16 round 7 public KD (epochs=2)
[2026-07-30 05:27:43] 2026-07-30 05:27:43 | INFO     | KDClient 16 round 7 local training (epochs=4)
[2026-07-30 05:29:23] 2026-07-30 05:29:23 | INFO     | KDClient 16 round 7 completed (acc=0.0000, n=37)
[2026-07-30 05:29:23] 2026-07-30 05:29:23 | INFO     | KDClient 17 fit round 7 (tier=large)
[2026-07-30 05:29:23] 2026-07-30 05:29:23 | INFO     | KDClient 17 round 7 public KD (epochs=2)
[2026-07-30 05:31:55] 2026-07-30 05:31:55 | INFO     | KDClient 17 round 7 local training (epochs=4)
[2026-07-30 05:33:23] 2026-07-30 05:33:23 | INFO     | KDClient 17 round 7 completed (acc=0.0000, n=35)
[2026-07-30 05:33:23] 2026-07-30 05:33:23 | INFO     | KDClient 18 fit round 7 (tier=large)
[2026-07-30 05:33:23] 2026-07-30 05:33:23 | INFO     | KDClient 18 round 7 public KD (epochs=2)
[2026-07-30 05:35:57] 2026-07-30 05:35:57 | INFO     | KDClient 18 round 7 local training (epochs=4)
[2026-07-30 05:37:43] 2026-07-30 05:37:43 | INFO     | KDClient 18 round 7 completed (acc=0.0000, n=37)
[2026-07-30 05:37:43] 2026-07-30 05:37:43 | INFO     | KDClient 19 fit round 7 (tier=large)
[2026-07-30 05:37:43] 2026-07-30 05:37:43 | INFO     | KDClient 19 round 7 public KD (epochs=2)
[2026-07-30 05:40:28] 2026-07-30 05:40:28 | INFO     | KDClient 19 round 7 local training (epochs=4)
[2026-07-30 05:42:08] 2026-07-30 05:42:08 | INFO     | KDClient 19 round 7 completed (acc=0.0000, n=56)
[2026-07-30 05:42:08]   Round   7/50 | Avg: 0.1093 | Min: 0.0000 | Max: 0.3091
[2026-07-30 05:42:08] 2026-07-30 05:42:08 | INFO     | FEDMD — NONIID: round 8/50 starting
[2026-07-30 05:42:08] 2026-07-30 05:42:08 | INFO     | KDClient 0 fit round 8 (tier=small)
[2026-07-30 05:42:08] 2026-07-30 05:42:08 | INFO     | KDClient 0 round 8 public KD (epochs=2)
[2026-07-30 05:43:13] 2026-07-30 05:43:13 | INFO     | KDClient 0 round 8 local training (epochs=4)
[2026-07-30 05:43:39] 2026-07-30 05:43:39 | INFO     | KDClient 0 round 8 completed (acc=0.3091, n=38)
[2026-07-30 05:43:39] 2026-07-30 05:43:39 | INFO     | KDClient 1 fit round 8 (tier=small)
[2026-07-30 05:43:39] 2026-07-30 05:43:39 | INFO     | KDClient 1 round 8 public KD (epochs=2)
[2026-07-30 05:44:45] 2026-07-30 05:44:45 | INFO     | KDClient 1 round 8 local training (epochs=4)
[2026-07-30 05:45:10] 2026-07-30 05:45:10 | INFO     | KDClient 1 round 8 completed (acc=0.0000, n=47)
[2026-07-30 05:45:10] 2026-07-30 05:45:10 | INFO     | KDClient 2 fit round 8 (tier=small)
[2026-07-30 05:45:10] 2026-07-30 05:45:10 | INFO     | KDClient 2 round 8 public KD (epochs=2)
[2026-07-30 05:45:52] 2026-07-30 05:45:52 | INFO     | KDClient 2 round 8 local training (epochs=4)
[2026-07-30 05:46:39] 2026-07-30 05:46:39 | INFO     | KDClient 2 round 8 completed (acc=0.0000, n=178)
[2026-07-30 05:46:39] 2026-07-30 05:46:39 | INFO     | KDClient 3 fit round 8 (tier=small)
[2026-07-30 05:46:39] 2026-07-30 05:46:39 | INFO     | KDClient 3 round 8 public KD (epochs=2)
[2026-07-30 05:47:22] 2026-07-30 05:47:22 | INFO     | KDClient 3 round 8 local training (epochs=4)
[2026-07-30 05:47:48] 2026-07-30 05:47:48 | INFO     | KDClient 3 round 8 completed (acc=0.0000, n=67)
[2026-07-30 05:47:48] 2026-07-30 05:47:48 | INFO     | KDClient 4 fit round 8 (tier=small)
[2026-07-30 05:47:48] 2026-07-30 05:47:48 | INFO     | KDClient 4 round 8 public KD (epochs=2)
[2026-07-30 05:48:54] 2026-07-30 05:48:54 | INFO     | KDClient 4 round 8 local training (epochs=4)
[2026-07-30 05:49:21] 2026-07-30 05:49:21 | INFO     | KDClient 4 round 8 completed (acc=0.0000, n=33)
[2026-07-30 05:49:21] 2026-07-30 05:49:21 | INFO     | KDClient 5 fit round 8 (tier=small)
[2026-07-30 05:49:21] 2026-07-30 05:49:21 | INFO     | KDClient 5 round 8 public KD (epochs=2)
[2026-07-30 05:50:27] 2026-07-30 05:50:27 | INFO     | KDClient 5 round 8 local training (epochs=4)
[2026-07-30 05:50:53] 2026-07-30 05:50:53 | INFO     | KDClient 5 round 8 completed (acc=0.3091, n=48)
[2026-07-30 05:50:53] 2026-07-30 05:50:53 | INFO     | KDClient 6 fit round 8 (tier=small)
[2026-07-30 05:50:53] 2026-07-30 05:50:53 | INFO     | KDClient 6 round 8 public KD (epochs=2)
[2026-07-30 05:51:59] 2026-07-30 05:51:59 | INFO     | KDClient 6 round 8 local training (epochs=4)
[2026-07-30 05:52:23] 2026-07-30 05:52:23 | INFO     | KDClient 6 round 8 completed (acc=0.0000, n=37)
[2026-07-30 05:52:23] 2026-07-30 05:52:23 | INFO     | KDClient 7 fit round 8 (tier=medium)
[2026-07-30 05:52:23] 2026-07-30 05:52:23 | INFO     | KDClient 7 round 8 public KD (epochs=2)
[2026-07-30 05:54:19] 2026-07-30 05:54:19 | INFO     | KDClient 7 round 8 local training (epochs=4)
[2026-07-30 05:55:43] 2026-07-30 05:55:43 | INFO     | KDClient 7 round 8 completed (acc=0.0000, n=83)
[2026-07-30 05:55:43] 2026-07-30 05:55:43 | INFO     | KDClient 8 fit round 8 (tier=medium)
[2026-07-30 05:55:43] 2026-07-30 05:55:43 | INFO     | KDClient 8 round 8 public KD (epochs=2)
[2026-07-30 05:57:43] 2026-07-30 05:57:43 | INFO     | KDClient 8 round 8 local training (epochs=4)
[2026-07-30 05:58:49] 2026-07-30 05:58:49 | INFO     | KDClient 8 round 8 completed (acc=0.3091, n=24)
[2026-07-30 05:58:49] 2026-07-30 05:58:49 | INFO     | KDClient 9 fit round 8 (tier=medium)
[2026-07-30 05:58:49] 2026-07-30 05:58:49 | INFO     | KDClient 9 round 8 public KD (epochs=2)
[2026-07-30 06:00:52] 2026-07-30 06:00:52 | INFO     | KDClient 9 round 8 local training (epochs=4)
[2026-07-30 06:01:57] 2026-07-30 06:01:57 | INFO     | KDClient 9 round 8 completed (acc=0.3091, n=26)
[2026-07-30 06:01:57] 2026-07-30 06:01:57 | INFO     | KDClient 10 fit round 8 (tier=medium)
[2026-07-30 06:01:57] 2026-07-30 06:01:57 | INFO     | KDClient 10 round 8 public KD (epochs=2)
[2026-07-30 06:03:50] 2026-07-30 06:03:50 | INFO     | KDClient 10 round 8 local training (epochs=4)
[2026-07-30 06:04:45] 2026-07-30 06:04:45 | INFO     | KDClient 10 round 8 completed (acc=0.3091, n=29)
[2026-07-30 06:04:45] 2026-07-30 06:04:45 | INFO     | KDClient 11 fit round 8 (tier=medium)
[2026-07-30 06:04:45] 2026-07-30 06:04:45 | INFO     | KDClient 11 round 8 public KD (epochs=2)
[2026-07-30 06:06:24] 2026-07-30 06:06:24 | INFO     | KDClient 11 round 8 local training (epochs=4)
[2026-07-30 06:07:13] 2026-07-30 06:07:13 | INFO     | KDClient 11 round 8 completed (acc=0.0000, n=26)
[2026-07-30 06:07:13] 2026-07-30 06:07:13 | INFO     | KDClient 12 fit round 8 (tier=medium)
[2026-07-30 06:07:13] 2026-07-30 06:07:13 | INFO     | KDClient 12 round 8 public KD (epochs=2)
[2026-07-30 06:09:24] 2026-07-30 06:09:24 | INFO     | KDClient 12 round 8 local training (epochs=4)
[2026-07-30 06:10:19] 2026-07-30 06:10:19 | INFO     | KDClient 12 round 8 completed (acc=0.3091, n=45)
[2026-07-30 06:10:19] 2026-07-30 06:10:19 | INFO     | KDClient 13 fit round 8 (tier=medium)
[2026-07-30 06:10:19] 2026-07-30 06:10:19 | INFO     | KDClient 13 round 8 public KD (epochs=2)
[2026-07-30 06:11:55] 2026-07-30 06:11:55 | INFO     | KDClient 13 round 8 local training (epochs=4)
[2026-07-30 06:12:52] 2026-07-30 06:12:52 | INFO     | KDClient 13 round 8 completed (acc=0.0000, n=76)
[2026-07-30 06:12:52] 2026-07-30 06:12:52 | INFO     | KDClient 14 fit round 8 (tier=large)
[2026-07-30 06:12:52] 2026-07-30 06:12:52 | INFO     | KDClient 14 round 8 public KD (epochs=2)
[2026-07-30 06:15:07] 2026-07-30 06:15:07 | INFO     | KDClient 14 round 8 local training (epochs=4)
[2026-07-30 06:16:40] 2026-07-30 06:16:40 | INFO     | KDClient 14 round 8 completed (acc=0.3091, n=139)
[2026-07-30 06:16:40] 2026-07-30 06:16:40 | INFO     | KDClient 15 fit round 8 (tier=large)
[2026-07-30 06:16:40] 2026-07-30 06:16:40 | INFO     | KDClient 15 round 8 public KD (epochs=2)
[2026-07-30 06:18:56] 2026-07-30 06:18:56 | INFO     | KDClient 15 round 8 local training (epochs=4)
[2026-07-30 06:20:27] 2026-07-30 06:20:27 | INFO     | KDClient 15 round 8 completed (acc=0.3091, n=39)
[2026-07-30 06:20:27] 2026-07-30 06:20:27 | INFO     | KDClient 16 fit round 8 (tier=large)
[2026-07-30 06:20:27] 2026-07-30 06:20:27 | INFO     | KDClient 16 round 8 public KD (epochs=2)
[2026-07-30 06:22:55] 2026-07-30 06:22:55 | INFO     | KDClient 16 round 8 local training (epochs=4)
[2026-07-30 06:24:20] 2026-07-30 06:24:20 | INFO     | KDClient 16 round 8 completed (acc=0.0000, n=37)
[2026-07-30 06:24:20] 2026-07-30 06:24:20 | INFO     | KDClient 17 fit round 8 (tier=large)
[2026-07-30 06:24:20] 2026-07-30 06:24:20 | INFO     | KDClient 17 round 8 public KD (epochs=2)
[2026-07-30 06:26:57] 2026-07-30 06:26:57 | INFO     | KDClient 17 round 8 local training (epochs=4)
[2026-07-30 06:28:33] 2026-07-30 06:28:33 | INFO     | KDClient 17 round 8 completed (acc=0.0000, n=35)
[2026-07-30 06:28:33] 2026-07-30 06:28:33 | INFO     | KDClient 18 fit round 8 (tier=large)
[2026-07-30 06:28:33] 2026-07-30 06:28:33 | INFO     | KDClient 18 round 8 public KD (epochs=2)
[2026-07-30 06:31:11] 2026-07-30 06:31:11 | INFO     | KDClient 18 round 8 local training (epochs=4)
[2026-07-30 06:32:46] 2026-07-30 06:32:46 | INFO     | KDClient 18 round 8 completed (acc=0.0000, n=37)
[2026-07-30 06:32:46] 2026-07-30 06:32:46 | INFO     | KDClient 19 fit round 8 (tier=large)
[2026-07-30 06:32:46] 2026-07-30 06:32:46 | INFO     | KDClient 19 round 8 public KD (epochs=2)
[2026-07-30 06:35:22] 2026-07-30 06:35:22 | INFO     | KDClient 19 round 8 local training (epochs=4)
[2026-07-30 06:37:02] 2026-07-30 06:37:02 | INFO     | KDClient 19 round 8 completed (acc=0.0000, n=56)
[2026-07-30 06:37:02]   Round   8/50 | Avg: 0.1236 | Min: 0.0000 | Max: 0.3091
[2026-07-30 06:37:02] 2026-07-30 06:37:02 | INFO     | FEDMD — NONIID: round 9/50 starting
[2026-07-30 06:37:02] 2026-07-30 06:37:02 | INFO     | KDClient 0 fit round 9 (tier=small)
[2026-07-30 06:37:02] 2026-07-30 06:37:02 | INFO     | KDClient 0 round 9 public KD (epochs=2)
[2026-07-30 06:37:39] 2026-07-30 06:37:39 | INFO     | KDClient 0 round 9 local training (epochs=4)
[2026-07-30 06:38:02] 2026-07-30 06:38:02 | INFO     | KDClient 0 round 9 completed (acc=0.3091, n=38)
[2026-07-30 06:38:02] 2026-07-30 06:38:02 | INFO     | KDClient 1 fit round 9 (tier=small)
[2026-07-30 06:38:02] 2026-07-30 06:38:02 | INFO     | KDClient 1 round 9 public KD (epochs=2)
[2026-07-30 06:38:40] 2026-07-30 06:38:40 | INFO     | KDClient 1 round 9 local training (epochs=4)
[2026-07-30 06:39:09] 2026-07-30 06:39:09 | INFO     | KDClient 1 round 9 completed (acc=0.0000, n=47)
[2026-07-30 06:39:09] 2026-07-30 06:39:09 | INFO     | KDClient 2 fit round 9 (tier=small)
[2026-07-30 06:39:09] 2026-07-30 06:39:09 | INFO     | KDClient 2 round 9 public KD (epochs=2)
[2026-07-30 06:39:55] 2026-07-30 06:39:55 | INFO     | KDClient 2 round 9 local training (epochs=4)
[2026-07-30 06:40:30] 2026-07-30 06:40:30 | INFO     | KDClient 2 round 9 completed (acc=0.0000, n=178)
[2026-07-30 06:40:30] 2026-07-30 06:40:30 | INFO     | KDClient 3 fit round 9 (tier=small)
[2026-07-30 06:40:30] 2026-07-30 06:40:30 | INFO     | KDClient 3 round 9 public KD (epochs=2)
[2026-07-30 06:41:13] 2026-07-30 06:41:13 | INFO     | KDClient 3 round 9 local training (epochs=4)
[2026-07-30 06:41:37] 2026-07-30 06:41:37 | INFO     | KDClient 3 round 9 completed (acc=0.0000, n=67)
[2026-07-30 06:41:37] 2026-07-30 06:41:37 | INFO     | KDClient 4 fit round 9 (tier=small)
[2026-07-30 06:41:37] 2026-07-30 06:41:37 | INFO     | KDClient 4 round 9 public KD (epochs=2)
[2026-07-30 06:42:13] 2026-07-30 06:42:13 | INFO     | KDClient 4 round 9 local training (epochs=4)
[2026-07-30 06:42:34] 2026-07-30 06:42:34 | INFO     | KDClient 4 round 9 completed (acc=0.0000, n=33)
[2026-07-30 06:42:34] 2026-07-30 06:42:34 | INFO     | KDClient 5 fit round 9 (tier=small)
[2026-07-30 06:42:34] 2026-07-30 06:42:34 | INFO     | KDClient 5 round 9 public KD (epochs=2)
[2026-07-30 06:43:15] 2026-07-30 06:43:15 | INFO     | KDClient 5 round 9 local training (epochs=4)
[2026-07-30 06:43:43] 2026-07-30 06:43:43 | INFO     | KDClient 5 round 9 completed (acc=0.3091, n=48)
[2026-07-30 06:43:43] 2026-07-30 06:43:43 | INFO     | KDClient 6 fit round 9 (tier=small)
[2026-07-30 06:43:43] 2026-07-30 06:43:43 | INFO     | KDClient 6 round 9 public KD (epochs=2)
[2026-07-30 06:44:23] 2026-07-30 06:44:23 | INFO     | KDClient 6 round 9 local training (epochs=4)
[2026-07-30 06:44:51] 2026-07-30 06:44:51 | INFO     | KDClient 6 round 9 completed (acc=0.0000, n=37)
[2026-07-30 06:44:51] 2026-07-30 06:44:51 | INFO     | KDClient 7 fit round 9 (tier=medium)
[2026-07-30 06:44:51] 2026-07-30 06:44:51 | INFO     | KDClient 7 round 9 public KD (epochs=2)
[2026-07-30 06:47:11] 2026-07-30 06:47:11 | INFO     | KDClient 7 round 9 local training (epochs=4)
[2026-07-30 06:48:38] 2026-07-30 06:48:38 | INFO     | KDClient 7 round 9 completed (acc=0.0000, n=83)
[2026-07-30 06:48:38] 2026-07-30 06:48:38 | INFO     | KDClient 8 fit round 9 (tier=medium)
[2026-07-30 06:48:38] 2026-07-30 06:48:38 | INFO     | KDClient 8 round 9 public KD (epochs=2)
[2026-07-30 06:51:02] 2026-07-30 06:51:02 | INFO     | KDClient 8 round 9 local training (epochs=4)
[2026-07-30 06:51:58] 2026-07-30 06:51:58 | INFO     | KDClient 8 round 9 completed (acc=0.3091, n=24)
[2026-07-30 06:51:58] 2026-07-30 06:51:58 | INFO     | KDClient 9 fit round 9 (tier=medium)
[2026-07-30 06:51:58] 2026-07-30 06:51:58 | INFO     | KDClient 9 round 9 public KD (epochs=2)
[2026-07-30 06:53:51] 2026-07-30 06:53:51 | INFO     | KDClient 9 round 9 local training (epochs=4)
[2026-07-30 06:54:40] 2026-07-30 06:54:40 | INFO     | KDClient 9 round 9 completed (acc=0.3091, n=26)
[2026-07-30 06:54:40] 2026-07-30 06:54:40 | INFO     | KDClient 10 fit round 9 (tier=medium)
[2026-07-30 06:54:40] 2026-07-30 06:54:40 | INFO     | KDClient 10 round 9 public KD (epochs=2)
[2026-07-30 06:56:18] 2026-07-30 06:56:18 | INFO     | KDClient 10 round 9 local training (epochs=4)
[2026-07-30 06:57:03] 2026-07-30 06:57:03 | INFO     | KDClient 10 round 9 completed (acc=0.3018, n=29)
[2026-07-30 06:57:03] 2026-07-30 06:57:03 | INFO     | KDClient 11 fit round 9 (tier=medium)
[2026-07-30 06:57:03] 2026-07-30 06:57:03 | INFO     | KDClient 11 round 9 public KD (epochs=2)
[2026-07-30 06:58:38] 2026-07-30 06:58:38 | INFO     | KDClient 11 round 9 local training (epochs=4)
[2026-07-30 06:59:28] 2026-07-30 06:59:28 | INFO     | KDClient 11 round 9 completed (acc=0.0000, n=26)
[2026-07-30 06:59:28] 2026-07-30 06:59:28 | INFO     | KDClient 12 fit round 9 (tier=medium)
[2026-07-30 06:59:28] 2026-07-30 06:59:28 | INFO     | KDClient 12 round 9 public KD (epochs=2)
[2026-07-30 07:01:04] 2026-07-30 07:01:04 | INFO     | KDClient 12 round 9 local training (epochs=4)
[2026-07-30 07:01:57] 2026-07-30 07:01:57 | INFO     | KDClient 12 round 9 completed (acc=0.3091, n=45)
[2026-07-30 07:01:57] 2026-07-30 07:01:57 | INFO     | KDClient 13 fit round 9 (tier=medium)
[2026-07-30 07:01:57] 2026-07-30 07:01:57 | INFO     | KDClient 13 round 9 public KD (epochs=2)
[2026-07-30 07:03:29] 2026-07-30 07:03:29 | INFO     | KDClient 13 round 9 local training (epochs=4)
[2026-07-30 07:04:29] 2026-07-30 07:04:29 | INFO     | KDClient 13 round 9 completed (acc=0.0000, n=76)
[2026-07-30 07:04:29] 2026-07-30 07:04:29 | INFO     | KDClient 14 fit round 9 (tier=large)
[2026-07-30 07:04:29] 2026-07-30 07:04:29 | INFO     | KDClient 14 round 9 public KD (epochs=2)
[2026-07-30 07:06:39] 2026-07-30 07:06:39 | INFO     | KDClient 14 round 9 local training (epochs=4)
[2026-07-30 07:08:26] 2026-07-30 07:08:26 | INFO     | KDClient 14 round 9 completed (acc=0.3091, n=139)
[2026-07-30 07:08:26] 2026-07-30 07:08:26 | INFO     | KDClient 15 fit round 9 (tier=large)
[2026-07-30 07:08:26] 2026-07-30 07:08:26 | INFO     | KDClient 15 round 9 public KD (epochs=2)
[2026-07-30 07:11:04] 2026-07-30 07:11:04 | INFO     | KDClient 15 round 9 local training (epochs=4)
[2026-07-30 07:12:35] 2026-07-30 07:12:35 | INFO     | KDClient 15 round 9 completed (acc=0.3091, n=39)
[2026-07-30 07:12:35] 2026-07-30 07:12:35 | INFO     | KDClient 16 fit round 9 (tier=large)
[2026-07-30 07:12:35] 2026-07-30 07:12:35 | INFO     | KDClient 16 round 9 public KD (epochs=2)
[2026-07-30 07:15:10] 2026-07-30 07:15:10 | INFO     | KDClient 16 round 9 local training (epochs=4)
[2026-07-30 07:17:01] 2026-07-30 07:17:01 | INFO     | KDClient 16 round 9 completed (acc=0.0000, n=37)
[2026-07-30 07:17:01] 2026-07-30 07:17:01 | INFO     | KDClient 17 fit round 9 (tier=large)
[2026-07-30 07:17:01] 2026-07-30 07:17:01 | INFO     | KDClient 17 round 9 public KD (epochs=2)
[2026-07-30 07:19:37] 2026-07-30 07:19:37 | INFO     | KDClient 17 round 9 local training (epochs=4)
[2026-07-30 07:21:08] 2026-07-30 07:21:08 | INFO     | KDClient 17 round 9 completed (acc=0.0000, n=35)
[2026-07-30 07:21:08] 2026-07-30 07:21:08 | INFO     | KDClient 18 fit round 9 (tier=large)
[2026-07-30 07:21:08] 2026-07-30 07:21:08 | INFO     | KDClient 18 round 9 public KD (epochs=2)
[2026-07-30 07:23:50] 2026-07-30 07:23:50 | INFO     | KDClient 18 round 9 local training (epochs=4)
[2026-07-30 07:25:13] 2026-07-30 07:25:13 | INFO     | KDClient 18 round 9 completed (acc=0.0000, n=37)
[2026-07-30 07:25:13] 2026-07-30 07:25:13 | INFO     | KDClient 19 fit round 9 (tier=large)
[2026-07-30 07:25:13] 2026-07-30 07:25:13 | INFO     | KDClient 19 round 9 public KD (epochs=2)
[2026-07-30 07:27:53] 2026-07-30 07:27:53 | INFO     | KDClient 19 round 9 local training (epochs=4)
[2026-07-30 07:29:31] 2026-07-30 07:29:31 | INFO     | KDClient 19 round 9 completed (acc=0.0000, n=56)
[2026-07-30 07:29:31]   Round   9/50 | Avg: 0.1233 | Min: 0.0000 | Max: 0.3091
[2026-07-30 07:29:31] 2026-07-30 07:29:31 | INFO     | FEDMD — NONIID: round 10/50 starting
[2026-07-30 07:29:31] 2026-07-30 07:29:31 | INFO     | KDClient 0 fit round 10 (tier=small)
[2026-07-30 07:29:31] 2026-07-30 07:29:31 | INFO     | KDClient 0 round 10 public KD (epochs=2)
[2026-07-30 07:30:08] 2026-07-30 07:30:08 | INFO     | KDClient 0 round 10 local training (epochs=4)
[2026-07-30 07:30:24] 2026-07-30 07:30:24 | INFO     | KDClient 0 round 10 completed (acc=0.3091, n=38)
[2026-07-30 07:30:24] 2026-07-30 07:30:24 | INFO     | KDClient 1 fit round 10 (tier=small)
[2026-07-30 07:30:24] 2026-07-30 07:30:24 | INFO     | KDClient 1 round 10 public KD (epochs=2)
[2026-07-30 07:31:04] 2026-07-30 07:31:04 | INFO     | KDClient 1 round 10 local training (epochs=4)
[2026-07-30 07:31:27] 2026-07-30 07:31:27 | INFO     | KDClient 1 round 10 completed (acc=0.3091, n=47)
[2026-07-30 07:31:27] 2026-07-30 07:31:27 | INFO     | KDClient 2 fit round 10 (tier=small)
[2026-07-30 07:31:27] 2026-07-30 07:31:27 | INFO     | KDClient 2 round 10 public KD (epochs=2)
[2026-07-30 07:32:08] 2026-07-30 07:32:08 | INFO     | KDClient 2 round 10 local training (epochs=4)
[2026-07-30 07:32:45] 2026-07-30 07:32:45 | INFO     | KDClient 2 round 10 completed (acc=0.0000, n=178)
[2026-07-30 07:32:45] 2026-07-30 07:32:45 | INFO     | KDClient 3 fit round 10 (tier=small)
[2026-07-30 07:32:45] 2026-07-30 07:32:45 | INFO     | KDClient 3 round 10 public KD (epochs=2)
[2026-07-30 07:33:25] 2026-07-30 07:33:25 | INFO     | KDClient 3 round 10 local training (epochs=4)
[2026-07-30 07:33:47] 2026-07-30 07:33:47 | INFO     | KDClient 3 round 10 completed (acc=0.0000, n=67)
[2026-07-30 07:33:47] 2026-07-30 07:33:47 | INFO     | KDClient 4 fit round 10 (tier=small)
[2026-07-30 07:33:47] 2026-07-30 07:33:47 | INFO     | KDClient 4 round 10 public KD (epochs=2)
[2026-07-30 07:34:24] 2026-07-30 07:34:24 | INFO     | KDClient 4 round 10 local training (epochs=4)
[2026-07-30 07:34:44] 2026-07-30 07:34:44 | INFO     | KDClient 4 round 10 completed (acc=0.0000, n=33)
[2026-07-30 07:34:44] 2026-07-30 07:34:44 | INFO     | KDClient 5 fit round 10 (tier=small)
[2026-07-30 07:34:44] 2026-07-30 07:34:44 | INFO     | KDClient 5 round 10 public KD (epochs=2)
[2026-07-30 07:35:26] 2026-07-30 07:35:26 | INFO     | KDClient 5 round 10 local training (epochs=4)
[2026-07-30 07:35:46] 2026-07-30 07:35:46 | INFO     | KDClient 5 round 10 completed (acc=0.3091, n=48)
[2026-07-30 07:35:46] 2026-07-30 07:35:46 | INFO     | KDClient 6 fit round 10 (tier=small)
[2026-07-30 07:35:46] 2026-07-30 07:35:46 | INFO     | KDClient 6 round 10 public KD (epochs=2)
[2026-07-30 07:36:48] 2026-07-30 07:36:48 | INFO     | KDClient 6 round 10 local training (epochs=4)
[2026-07-30 07:37:13] 2026-07-30 07:37:13 | INFO     | KDClient 6 round 10 completed (acc=0.0000, n=37)
[2026-07-30 07:37:13] 2026-07-30 07:37:13 | INFO     | KDClient 7 fit round 10 (tier=medium)
[2026-07-30 07:37:13] 2026-07-30 07:37:13 | INFO     | KDClient 7 round 10 public KD (epochs=2)
[2026-07-30 07:39:32] 2026-07-30 07:39:32 | INFO     | KDClient 7 round 10 local training (epochs=4)
[2026-07-30 07:40:36] 2026-07-30 07:40:36 | INFO     | KDClient 7 round 10 completed (acc=0.0000, n=83)
[2026-07-30 07:40:36] 2026-07-30 07:40:36 | INFO     | KDClient 8 fit round 10 (tier=medium)
[2026-07-30 07:40:36] 2026-07-30 07:40:36 | INFO     | KDClient 8 round 10 public KD (epochs=2)
[2026-07-30 07:42:27] 2026-07-30 07:42:27 | INFO     | KDClient 8 round 10 local training (epochs=4)
[2026-07-30 07:43:16] 2026-07-30 07:43:16 | INFO     | KDClient 8 round 10 completed (acc=0.3091, n=24)
[2026-07-30 07:43:16] 2026-07-30 07:43:16 | INFO     | KDClient 9 fit round 10 (tier=medium)
[2026-07-30 07:43:16] 2026-07-30 07:43:16 | INFO     | KDClient 9 round 10 public KD (epochs=2)
[2026-07-30 07:45:26] 2026-07-30 07:45:26 | INFO     | KDClient 9 round 10 local training (epochs=4)
[2026-07-30 07:46:13] 2026-07-30 07:46:13 | INFO     | KDClient 9 round 10 completed (acc=0.3091, n=26)
[2026-07-30 07:46:13] 2026-07-30 07:46:13 | INFO     | KDClient 10 fit round 10 (tier=medium)
[2026-07-30 07:46:13] 2026-07-30 07:46:13 | INFO     | KDClient 10 round 10 public KD (epochs=2)
[2026-07-30 07:48:22] 2026-07-30 07:48:22 | INFO     | KDClient 10 round 10 local training (epochs=4)
[2026-07-30 07:49:11] 2026-07-30 07:49:11 | INFO     | KDClient 10 round 10 completed (acc=0.3055, n=29)
[2026-07-30 07:49:11] 2026-07-30 07:49:11 | INFO     | KDClient 11 fit round 10 (tier=medium)
[2026-07-30 07:49:11] 2026-07-30 07:49:11 | INFO     | KDClient 11 round 10 public KD (epochs=2)
[2026-07-30 07:51:20] 2026-07-30 07:51:20 | INFO     | KDClient 11 round 10 local training (epochs=4)
[2026-07-30 07:52:09] 2026-07-30 07:52:09 | INFO     | KDClient 11 round 10 completed (acc=0.0000, n=26)
[2026-07-30 07:52:09] 2026-07-30 07:52:09 | INFO     | KDClient 12 fit round 10 (tier=medium)
[2026-07-30 07:52:09] 2026-07-30 07:52:09 | INFO     | KDClient 12 round 10 public KD (epochs=2)
[2026-07-30 07:53:43] 2026-07-30 07:53:43 | INFO     | KDClient 12 round 10 local training (epochs=4)
[2026-07-30 07:54:36] 2026-07-30 07:54:36 | INFO     | KDClient 12 round 10 completed (acc=0.3091, n=45)
[2026-07-30 07:54:36] 2026-07-30 07:54:36 | INFO     | KDClient 13 fit round 10 (tier=medium)
[2026-07-30 07:54:36] 2026-07-30 07:54:36 | INFO     | KDClient 13 round 10 public KD (epochs=2)
[2026-07-30 07:56:17] 2026-07-30 07:56:17 | INFO     | KDClient 13 round 10 local training (epochs=4)
[2026-07-30 07:57:16] 2026-07-30 07:57:16 | INFO     | KDClient 13 round 10 completed (acc=0.0109, n=76)
[2026-07-30 07:57:16] 2026-07-30 07:57:16 | INFO     | KDClient 14 fit round 10 (tier=large)
[2026-07-30 07:57:16] 2026-07-30 07:57:16 | INFO     | KDClient 14 round 10 public KD (epochs=2)
[2026-07-30 08:00:00] 2026-07-30 08:00:00 | INFO     | KDClient 14 round 10 local training (epochs=4)
[2026-07-30 08:01:52] 2026-07-30 08:01:52 | INFO     | KDClient 14 round 10 completed (acc=0.3091, n=139)
[2026-07-30 08:01:52] 2026-07-30 08:01:52 | INFO     | KDClient 15 fit round 10 (tier=large)
[2026-07-30 08:01:52] 2026-07-30 08:01:52 | INFO     | KDClient 15 round 10 public KD (epochs=2)
[2026-07-30 08:04:29] 2026-07-30 08:04:29 | INFO     | KDClient 15 round 10 local training (epochs=4)
[2026-07-30 08:06:00] 2026-07-30 08:06:00 | INFO     | KDClient 15 round 10 completed (acc=0.3055, n=39)
[2026-07-30 08:06:00] 2026-07-30 08:06:00 | INFO     | KDClient 16 fit round 10 (tier=large)
[2026-07-30 08:06:00] 2026-07-30 08:06:00 | INFO     | KDClient 16 round 10 public KD (epochs=2)
[2026-07-30 08:08:39] 2026-07-30 08:08:39 | INFO     | KDClient 16 round 10 local training (epochs=4)
[2026-07-30 08:10:19] 2026-07-30 08:10:19 | INFO     | KDClient 16 round 10 completed (acc=0.0000, n=37)
[2026-07-30 08:10:19] 2026-07-30 08:10:19 | INFO     | KDClient 17 fit round 10 (tier=large)
[2026-07-30 08:10:19] 2026-07-30 08:10:19 | INFO     | KDClient 17 round 10 public KD (epochs=2)
[2026-07-30 08:13:02] 2026-07-30 08:13:02 | INFO     | KDClient 17 round 10 local training (epochs=4)
[2026-07-30 08:14:38] 2026-07-30 08:14:38 | INFO     | KDClient 17 round 10 completed (acc=0.0000, n=35)
[2026-07-30 08:14:38] 2026-07-30 08:14:38 | INFO     | KDClient 18 fit round 10 (tier=large)
[2026-07-30 08:14:38] 2026-07-30 08:14:38 | INFO     | KDClient 18 round 10 public KD (epochs=2)
[2026-07-30 08:17:30] 2026-07-30 08:17:30 | INFO     | KDClient 18 round 10 local training (epochs=4)
[2026-07-30 08:19:17] 2026-07-30 08:19:17 | INFO     | KDClient 18 round 10 completed (acc=0.0000, n=37)
[2026-07-30 08:19:17] 2026-07-30 08:19:17 | INFO     | KDClient 19 fit round 10 (tier=large)
[2026-07-30 08:19:17] 2026-07-30 08:19:17 | INFO     | KDClient 19 round 10 public KD (epochs=2)
[2026-07-30 08:22:00] 2026-07-30 08:22:00 | INFO     | KDClient 19 round 10 local training (epochs=4)
[2026-07-30 08:23:30] 2026-07-30 08:23:30 | INFO     | KDClient 19 round 10 completed (acc=0.0000, n=56)
[2026-07-30 08:23:30]   Round  10/50 | Avg: 0.1393 | Min: 0.0000 | Max: 0.3091
[2026-07-30 08:23:30] 2026-07-30 08:23:30 | INFO     | FEDMD — NONIID: round 11/50 starting
[2026-07-30 08:23:30] 2026-07-30 08:23:30 | INFO     | KDClient 0 fit round 11 (tier=small)
[2026-07-30 08:23:30] 2026-07-30 08:23:30 | INFO     | KDClient 0 round 11 public KD (epochs=2)
[2026-07-30 08:24:29] 2026-07-30 08:24:29 | INFO     | KDClient 0 round 11 local training (epochs=4)
[2026-07-30 08:24:55] 2026-07-30 08:24:54 | INFO     | KDClient 0 round 11 completed (acc=0.3091, n=38)
[2026-07-30 08:24:55] 2026-07-30 08:24:55 | INFO     | KDClient 1 fit round 11 (tier=small)
[2026-07-30 08:24:55] 2026-07-30 08:24:55 | INFO     | KDClient 1 round 11 public KD (epochs=2)
[2026-07-30 08:25:24] 2026-07-30 08:25:24 | INFO     | KDClient 1 round 11 local training (epochs=4)
[2026-07-30 08:25:40] 2026-07-30 08:25:40 | INFO     | KDClient 1 round 11 completed (acc=0.3018, n=47)
[2026-07-30 08:25:40] 2026-07-30 08:25:40 | INFO     | KDClient 2 fit round 11 (tier=small)
[2026-07-30 08:25:40] 2026-07-30 08:25:40 | INFO     | KDClient 2 round 11 public KD (epochs=2)
[2026-07-30 08:26:15] 2026-07-30 08:26:15 | INFO     | KDClient 2 round 11 local training (epochs=4)
[2026-07-30 08:26:52] 2026-07-30 08:26:52 | INFO     | KDClient 2 round 11 completed (acc=0.0000, n=178)
[2026-07-30 08:26:52] 2026-07-30 08:26:52 | INFO     | KDClient 3 fit round 11 (tier=small)
[2026-07-30 08:26:52] 2026-07-30 08:26:52 | INFO     | KDClient 3 round 11 public KD (epochs=2)
[2026-07-30 08:27:32] 2026-07-30 08:27:32 | INFO     | KDClient 3 round 11 local training (epochs=4)
[2026-07-30 08:27:57] 2026-07-30 08:27:57 | INFO     | KDClient 3 round 11 completed (acc=0.0000, n=67)
[2026-07-30 08:27:57] 2026-07-30 08:27:57 | INFO     | KDClient 4 fit round 11 (tier=small)
[2026-07-30 08:27:57] 2026-07-30 08:27:57 | INFO     | KDClient 4 round 11 public KD (epochs=2)
[2026-07-30 08:28:34] 2026-07-30 08:28:34 | INFO     | KDClient 4 round 11 local training (epochs=4)
[2026-07-30 08:28:51] 2026-07-30 08:28:51 | INFO     | KDClient 4 round 11 completed (acc=0.0000, n=33)
[2026-07-30 08:28:51] 2026-07-30 08:28:51 | INFO     | KDClient 5 fit round 11 (tier=small)
[2026-07-30 08:28:51] 2026-07-30 08:28:51 | INFO     | KDClient 5 round 11 public KD (epochs=2)
[2026-07-30 08:29:26] 2026-07-30 08:29:26 | INFO     | KDClient 5 round 11 local training (epochs=4)
[2026-07-30 08:29:50] 2026-07-30 08:29:50 | INFO     | KDClient 5 round 11 completed (acc=0.3091, n=48)
[2026-07-30 08:29:51] 2026-07-30 08:29:50 | INFO     | KDClient 6 fit round 11 (tier=small)
[2026-07-30 08:29:51] 2026-07-30 08:29:50 | INFO     | KDClient 6 round 11 public KD (epochs=2)
[2026-07-30 08:30:29] 2026-07-30 08:30:29 | INFO     | KDClient 6 round 11 local training (epochs=4)
[2026-07-30 08:30:52] 2026-07-30 08:30:52 | INFO     | KDClient 6 round 11 completed (acc=0.0000, n=37)
[2026-07-30 08:30:52] 2026-07-30 08:30:52 | INFO     | KDClient 7 fit round 11 (tier=medium)
[2026-07-30 08:30:52] 2026-07-30 08:30:52 | INFO     | KDClient 7 round 11 public KD (epochs=2)
[2026-07-30 08:32:43] 2026-07-30 08:32:43 | INFO     | KDClient 7 round 11 local training (epochs=4)
[2026-07-30 08:33:40] 2026-07-30 08:33:40 | INFO     | KDClient 7 round 11 completed (acc=0.0000, n=83)
[2026-07-30 08:33:40] 2026-07-30 08:33:40 | INFO     | KDClient 8 fit round 11 (tier=medium)
[2026-07-30 08:33:40] 2026-07-30 08:33:40 | INFO     | KDClient 8 round 11 public KD (epochs=2)
[2026-07-30 08:35:12] 2026-07-30 08:35:12 | INFO     | KDClient 8 round 11 local training (epochs=4)
[2026-07-30 08:35:50] 2026-07-30 08:35:50 | INFO     | KDClient 8 round 11 completed (acc=0.3091, n=24)
[2026-07-30 08:35:50] 2026-07-30 08:35:50 | INFO     | KDClient 9 fit round 11 (tier=medium)
[2026-07-30 08:35:50] 2026-07-30 08:35:50 | INFO     | KDClient 9 round 11 public KD (epochs=2)
[2026-07-30 08:37:19] 2026-07-30 08:37:19 | INFO     | KDClient 9 round 11 local training (epochs=4)
[2026-07-30 08:37:59] 2026-07-30 08:37:59 | INFO     | KDClient 9 round 11 completed (acc=0.3091, n=26)
[2026-07-30 08:37:59] 2026-07-30 08:37:59 | INFO     | KDClient 10 fit round 11 (tier=medium)
[2026-07-30 08:37:59] 2026-07-30 08:37:59 | INFO     | KDClient 10 round 11 public KD (epochs=2)
[2026-07-30 08:40:05] 2026-07-30 08:40:05 | INFO     | KDClient 10 round 11 local training (epochs=4)
[2026-07-30 08:40:56] 2026-07-30 08:40:56 | INFO     | KDClient 10 round 11 completed (acc=0.3091, n=29)
[2026-07-30 08:40:56] 2026-07-30 08:40:56 | INFO     | KDClient 11 fit round 11 (tier=medium)
[2026-07-30 08:40:56] 2026-07-30 08:40:56 | INFO     | KDClient 11 round 11 public KD (epochs=2)
[2026-07-30 08:43:04] 2026-07-30 08:43:04 | INFO     | KDClient 11 round 11 local training (epochs=4)
[2026-07-30 08:43:50] 2026-07-30 08:43:50 | INFO     | KDClient 11 round 11 completed (acc=0.0000, n=26)
[2026-07-30 08:43:50] 2026-07-30 08:43:50 | INFO     | KDClient 12 fit round 11 (tier=medium)
[2026-07-30 08:43:50] 2026-07-30 08:43:50 | INFO     | KDClient 12 round 11 public KD (epochs=2)
[2026-07-30 08:46:04] 2026-07-30 08:46:04 | INFO     | KDClient 12 round 11 local training (epochs=4)
[2026-07-30 08:47:01] 2026-07-30 08:47:01 | INFO     | KDClient 12 round 11 completed (acc=0.3091, n=45)
[2026-07-30 08:47:01] 2026-07-30 08:47:01 | INFO     | KDClient 13 fit round 11 (tier=medium)
[2026-07-30 08:47:01] 2026-07-30 08:47:01 | INFO     | KDClient 13 round 11 public KD (epochs=2)
[2026-07-30 08:48:42] 2026-07-30 08:48:42 | INFO     | KDClient 13 round 11 local training (epochs=4)
[2026-07-30 08:49:40] 2026-07-30 08:49:40 | INFO     | KDClient 13 round 11 completed (acc=0.0218, n=76)
[2026-07-30 08:49:40] 2026-07-30 08:49:40 | INFO     | KDClient 14 fit round 11 (tier=large)
[2026-07-30 08:49:40] 2026-07-30 08:49:40 | INFO     | KDClient 14 round 11 public KD (epochs=2)
[2026-07-30 08:52:10] 2026-07-30 08:52:10 | INFO     | KDClient 14 round 11 local training (epochs=4)
[2026-07-30 08:54:10] 2026-07-30 08:54:10 | INFO     | KDClient 14 round 11 completed (acc=0.3091, n=139)
[2026-07-30 08:54:10] 2026-07-30 08:54:10 | INFO     | KDClient 15 fit round 11 (tier=large)
[2026-07-30 08:54:10] 2026-07-30 08:54:10 | INFO     | KDClient 15 round 11 public KD (epochs=2)
[2026-07-30 08:56:50] 2026-07-30 08:56:50 | INFO     | KDClient 15 round 11 local training (epochs=4)
[2026-07-30 08:58:20] 2026-07-30 08:58:20 | INFO     | KDClient 15 round 11 completed (acc=0.3091, n=39)
[2026-07-30 08:58:20] 2026-07-30 08:58:20 | INFO     | KDClient 16 fit round 11 (tier=large)
[2026-07-30 08:58:20] 2026-07-30 08:58:20 | INFO     | KDClient 16 round 11 public KD (epochs=2)
[2026-07-30 09:01:01] 2026-07-30 09:01:01 | INFO     | KDClient 16 round 11 local training (epochs=4)
[2026-07-30 09:02:49] 2026-07-30 09:02:49 | INFO     | KDClient 16 round 11 completed (acc=0.0000, n=37)
[2026-07-30 09:02:49] 2026-07-30 09:02:49 | INFO     | KDClient 17 fit round 11 (tier=large)
[2026-07-30 09:02:49] 2026-07-30 09:02:49 | INFO     | KDClient 17 round 11 public KD (epochs=2)
[2026-07-30 09:05:33] 2026-07-30 09:05:33 | INFO     | KDClient 17 round 11 local training (epochs=4)
[2026-07-30 09:07:04] 2026-07-30 09:07:04 | INFO     | KDClient 17 round 11 completed (acc=0.0000, n=35)
[2026-07-30 09:07:04] 2026-07-30 09:07:04 | INFO     | KDClient 18 fit round 11 (tier=large)
[2026-07-30 09:07:04] 2026-07-30 09:07:04 | INFO     | KDClient 18 round 11 public KD (epochs=2)
[2026-07-30 09:09:49] 2026-07-30 09:09:49 | INFO     | KDClient 18 round 11 local training (epochs=4)
[2026-07-30 09:11:18] 2026-07-30 09:11:18 | INFO     | KDClient 18 round 11 completed (acc=0.0000, n=37)
[2026-07-30 09:11:18] 2026-07-30 09:11:18 | INFO     | KDClient 19 fit round 11 (tier=large)
[2026-07-30 09:11:18] 2026-07-30 09:11:18 | INFO     | KDClient 19 round 11 public KD (epochs=2)
[2026-07-30 09:13:44] 2026-07-30 09:13:44 | INFO     | KDClient 19 round 11 local training (epochs=4)
[2026-07-30 09:15:21] 2026-07-30 09:15:20 | INFO     | KDClient 19 round 11 completed (acc=0.0000, n=56)
[2026-07-30 09:15:21]   Round  11/50 | Avg: 0.1398 | Min: 0.0000 | Max: 0.3091
[2026-07-30 09:15:21] 2026-07-30 09:15:21 | INFO     | FEDMD — NONIID: round 12/50 starting
[2026-07-30 09:15:21] 2026-07-30 09:15:21 | INFO     | KDClient 0 fit round 12 (tier=small)
[2026-07-30 09:15:21] 2026-07-30 09:15:21 | INFO     | KDClient 0 round 12 public KD (epochs=2)
[2026-07-30 09:16:00] 2026-07-30 09:16:00 | INFO     | KDClient 0 round 12 local training (epochs=4)
[2026-07-30 09:16:22] 2026-07-30 09:16:22 | INFO     | KDClient 0 round 12 completed (acc=0.3091, n=38)
[2026-07-30 09:16:22] 2026-07-30 09:16:22 | INFO     | KDClient 1 fit round 12 (tier=small)
[2026-07-30 09:16:22] 2026-07-30 09:16:22 | INFO     | KDClient 1 round 12 public KD (epochs=2)
[2026-07-30 09:16:59] 2026-07-30 09:16:59 | INFO     | KDClient 1 round 12 local training (epochs=4)
[2026-07-30 09:17:25] 2026-07-30 09:17:25 | INFO     | KDClient 1 round 12 completed (acc=0.3091, n=47)
[2026-07-30 09:17:25] 2026-07-30 09:17:25 | INFO     | KDClient 2 fit round 12 (tier=small)
[2026-07-30 09:17:25] 2026-07-30 09:17:25 | INFO     | KDClient 2 round 12 public KD (epochs=2)
[2026-07-30 09:18:06] 2026-07-30 09:18:06 | INFO     | KDClient 2 round 12 local training (epochs=4)
[2026-07-30 09:18:45] 2026-07-30 09:18:45 | INFO     | KDClient 2 round 12 completed (acc=0.0000, n=178)
[2026-07-30 09:18:45] 2026-07-30 09:18:45 | INFO     | KDClient 3 fit round 12 (tier=small)
[2026-07-30 09:18:45] 2026-07-30 09:18:45 | INFO     | KDClient 3 round 12 public KD (epochs=2)
[2026-07-30 09:19:20] 2026-07-30 09:19:20 | INFO     | KDClient 3 round 12 local training (epochs=4)
[2026-07-30 09:19:46] 2026-07-30 09:19:46 | INFO     | KDClient 3 round 12 completed (acc=0.0000, n=67)
[2026-07-30 09:19:46] 2026-07-30 09:19:46 | INFO     | KDClient 4 fit round 12 (tier=small)
[2026-07-30 09:19:46] 2026-07-30 09:19:46 | INFO     | KDClient 4 round 12 public KD (epochs=2)
[2026-07-30 09:20:27] 2026-07-30 09:20:27 | INFO     | KDClient 4 round 12 local training (epochs=4)
[2026-07-30 09:20:55] 2026-07-30 09:20:55 | INFO     | KDClient 4 round 12 completed (acc=0.0000, n=33)
[2026-07-30 09:20:55] 2026-07-30 09:20:55 | INFO     | KDClient 5 fit round 12 (tier=small)
[2026-07-30 09:20:55] 2026-07-30 09:20:55 | INFO     | KDClient 5 round 12 public KD (epochs=2)
[2026-07-30 09:21:34] 2026-07-30 09:21:34 | INFO     | KDClient 5 round 12 local training (epochs=4)
[2026-07-30 09:21:59] 2026-07-30 09:21:59 | INFO     | KDClient 5 round 12 completed (acc=0.3091, n=48)
[2026-07-30 09:21:59] 2026-07-30 09:21:59 | INFO     | KDClient 6 fit round 12 (tier=small)
[2026-07-30 09:21:59] 2026-07-30 09:21:59 | INFO     | KDClient 6 round 12 public KD (epochs=2)
[2026-07-30 09:22:38] 2026-07-30 09:22:38 | INFO     | KDClient 6 round 12 local training (epochs=4)
[2026-07-30 09:23:03] 2026-07-30 09:23:03 | INFO     | KDClient 6 round 12 completed (acc=0.0000, n=37)
[2026-07-30 09:23:03] 2026-07-30 09:23:03 | INFO     | KDClient 7 fit round 12 (tier=medium)
[2026-07-30 09:23:03] 2026-07-30 09:23:03 | INFO     | KDClient 7 round 12 public KD (epochs=2)
[2026-07-30 09:24:39] 2026-07-30 09:24:39 | INFO     | KDClient 7 round 12 local training (epochs=4)
[2026-07-30 09:25:38] 2026-07-30 09:25:38 | INFO     | KDClient 7 round 12 completed (acc=0.0000, n=83)
[2026-07-30 09:25:38] 2026-07-30 09:25:38 | INFO     | KDClient 8 fit round 12 (tier=medium)
[2026-07-30 09:25:38] 2026-07-30 09:25:38 | INFO     | KDClient 8 round 12 public KD (epochs=2)
[2026-07-30 09:27:13] 2026-07-30 09:27:13 | INFO     | KDClient 8 round 12 local training (epochs=4)
[2026-07-30 09:27:56] 2026-07-30 09:27:56 | INFO     | KDClient 8 round 12 completed (acc=0.3091, n=24)
[2026-07-30 09:27:56] 2026-07-30 09:27:56 | INFO     | KDClient 9 fit round 12 (tier=medium)
[2026-07-30 09:27:56] 2026-07-30 09:27:56 | INFO     | KDClient 9 round 12 public KD (epochs=2)
[2026-07-30 09:30:08] 2026-07-30 09:30:08 | INFO     | KDClient 9 round 12 local training (epochs=4)
[2026-07-30 09:31:03] 2026-07-30 09:31:03 | INFO     | KDClient 9 round 12 completed (acc=0.3091, n=26)
[2026-07-30 09:31:03] 2026-07-30 09:31:03 | INFO     | KDClient 10 fit round 12 (tier=medium)
[2026-07-30 09:31:03] 2026-07-30 09:31:03 | INFO     | KDClient 10 round 12 public KD (epochs=2)
[2026-07-30 09:32:46] 2026-07-30 09:32:46 | INFO     | KDClient 10 round 12 local training (epochs=4)
[2026-07-30 09:33:35] 2026-07-30 09:33:35 | INFO     | KDClient 10 round 12 completed (acc=0.3091, n=29)
[2026-07-30 09:33:35] 2026-07-30 09:33:35 | INFO     | KDClient 11 fit round 12 (tier=medium)
[2026-07-30 09:33:35] 2026-07-30 09:33:35 | INFO     | KDClient 11 round 12 public KD (epochs=2)
[2026-07-30 09:35:14] 2026-07-30 09:35:14 | INFO     | KDClient 11 round 12 local training (epochs=4)
[2026-07-30 09:36:03] 2026-07-30 09:36:03 | INFO     | KDClient 11 round 12 completed (acc=0.0000, n=26)
[2026-07-30 09:36:03] 2026-07-30 09:36:03 | INFO     | KDClient 12 fit round 12 (tier=medium)
[2026-07-30 09:36:03] 2026-07-30 09:36:03 | INFO     | KDClient 12 round 12 public KD (epochs=2)
[2026-07-30 09:38:16] 2026-07-30 09:38:16 | INFO     | KDClient 12 round 12 local training (epochs=4)
[2026-07-30 09:39:12] 2026-07-30 09:39:12 | INFO     | KDClient 12 round 12 completed (acc=0.3091, n=45)
[2026-07-30 09:39:12] 2026-07-30 09:39:12 | INFO     | KDClient 13 fit round 12 (tier=medium)
[2026-07-30 09:39:12] 2026-07-30 09:39:12 | INFO     | KDClient 13 round 12 public KD (epochs=2)
[2026-07-30 09:41:25] 2026-07-30 09:41:25 | INFO     | KDClient 13 round 12 local training (epochs=4)
[2026-07-30 09:42:29] 2026-07-30 09:42:29 | INFO     | KDClient 13 round 12 completed (acc=0.1673, n=76)
[2026-07-30 09:42:29] 2026-07-30 09:42:29 | INFO     | KDClient 14 fit round 12 (tier=large)
[2026-07-30 09:42:29] 2026-07-30 09:42:29 | INFO     | KDClient 14 round 12 public KD (epochs=2)
[2026-07-30 09:45:05] 2026-07-30 09:45:05 | INFO     | KDClient 14 round 12 local training (epochs=4)
[2026-07-30 09:46:57] 2026-07-30 09:46:57 | INFO     | KDClient 14 round 12 completed (acc=0.3091, n=139)
[2026-07-30 09:46:57] 2026-07-30 09:46:57 | INFO     | KDClient 15 fit round 12 (tier=large)
[2026-07-30 09:46:57] 2026-07-30 09:46:57 | INFO     | KDClient 15 round 12 public KD (epochs=2)
[2026-07-30 09:49:33] 2026-07-30 09:49:33 | INFO     | KDClient 15 round 12 local training (epochs=4)
[2026-07-30 09:51:24] 2026-07-30 09:51:24 | INFO     | KDClient 15 round 12 completed (acc=0.3091, n=39)
[2026-07-30 09:51:24] 2026-07-30 09:51:24 | INFO     | KDClient 16 fit round 12 (tier=large)
[2026-07-30 09:51:24] 2026-07-30 09:51:24 | INFO     | KDClient 16 round 12 public KD (epochs=2)
[2026-07-30 09:54:10] 2026-07-30 09:54:10 | INFO     | KDClient 16 round 12 local training (epochs=4)
[2026-07-30 09:55:40] 2026-07-30 09:55:40 | INFO     | KDClient 16 round 12 completed (acc=0.0000, n=37)
[2026-07-30 09:55:40] 2026-07-30 09:55:40 | INFO     | KDClient 17 fit round 12 (tier=large)
[2026-07-30 09:55:40] 2026-07-30 09:55:40 | INFO     | KDClient 17 round 12 public KD (epochs=2)
[2026-07-30 09:58:14] 2026-07-30 09:58:14 | INFO     | KDClient 17 round 12 local training (epochs=4)
[2026-07-30 09:59:34] 2026-07-30 09:59:34 | INFO     | KDClient 17 round 12 completed (acc=0.0000, n=35)
[2026-07-30 09:59:34] 2026-07-30 09:59:34 | INFO     | KDClient 18 fit round 12 (tier=large)
[2026-07-30 09:59:34] 2026-07-30 09:59:34 | INFO     | KDClient 18 round 12 public KD (epochs=2)
[2026-07-30 10:02:00] 2026-07-30 10:02:00 | INFO     | KDClient 18 round 12 local training (epochs=4)
[2026-07-30 10:03:27] 2026-07-30 10:03:27 | INFO     | KDClient 18 round 12 completed (acc=0.0000, n=37)
[2026-07-30 10:03:27] 2026-07-30 10:03:27 | INFO     | KDClient 19 fit round 12 (tier=large)
[2026-07-30 10:03:27] 2026-07-30 10:03:27 | INFO     | KDClient 19 round 12 public KD (epochs=2)
[2026-07-30 10:06:12] 2026-07-30 10:06:12 | INFO     | KDClient 19 round 12 local training (epochs=4)
[2026-07-30 10:07:35] 2026-07-30 10:07:35 | INFO     | KDClient 19 round 12 completed (acc=0.0000, n=56)
[2026-07-30 10:07:35]   Round  12/50 | Avg: 0.1475 | Min: 0.0000 | Max: 0.3091
[2026-07-30 10:07:35] 2026-07-30 10:07:35 | INFO     | FEDMD — NONIID: round 13/50 starting
[2026-07-30 10:07:35] 2026-07-30 10:07:35 | INFO     | KDClient 0 fit round 13 (tier=small)
[2026-07-30 10:07:35] 2026-07-30 10:07:35 | INFO     | KDClient 0 round 13 public KD (epochs=2)
[2026-07-30 10:08:37] 2026-07-30 10:08:37 | INFO     | KDClient 0 round 13 local training (epochs=4)
[2026-07-30 10:08:57] 2026-07-30 10:08:57 | INFO     | KDClient 0 round 13 completed (acc=0.3091, n=38)
[2026-07-30 10:08:57] 2026-07-30 10:08:57 | INFO     | KDClient 1 fit round 13 (tier=small)
[2026-07-30 10:08:57] 2026-07-30 10:08:57 | INFO     | KDClient 1 round 13 public KD (epochs=2)
[2026-07-30 10:09:31] 2026-07-30 10:09:31 | INFO     | KDClient 1 round 13 local training (epochs=4)
[2026-07-30 10:09:53] 2026-07-30 10:09:53 | INFO     | KDClient 1 round 13 completed (acc=0.3091, n=47)
[2026-07-30 10:09:53] 2026-07-30 10:09:53 | INFO     | KDClient 2 fit round 13 (tier=small)
[2026-07-30 10:09:53] 2026-07-30 10:09:53 | INFO     | KDClient 2 round 13 public KD (epochs=2)
[2026-07-30 10:10:33] 2026-07-30 10:10:33 | INFO     | KDClient 2 round 13 local training (epochs=4)
[2026-07-30 10:11:11] 2026-07-30 10:11:11 | INFO     | KDClient 2 round 13 completed (acc=0.0000, n=178)
[2026-07-30 10:11:11] 2026-07-30 10:11:11 | INFO     | KDClient 3 fit round 13 (tier=small)
[2026-07-30 10:11:11] 2026-07-30 10:11:11 | INFO     | KDClient 3 round 13 public KD (epochs=2)
[2026-07-30 10:11:51] 2026-07-30 10:11:51 | INFO     | KDClient 3 round 13 local training (epochs=4)
[2026-07-30 10:12:21] 2026-07-30 10:12:21 | INFO     | KDClient 3 round 13 completed (acc=0.0000, n=67)
[2026-07-30 10:12:21] 2026-07-30 10:12:21 | INFO     | KDClient 4 fit round 13 (tier=small)
[2026-07-30 10:12:21] 2026-07-30 10:12:21 | INFO     | KDClient 4 round 13 public KD (epochs=2)
[2026-07-30 10:12:56] 2026-07-30 10:12:56 | INFO     | KDClient 4 round 13 local training (epochs=4)
[2026-07-30 10:13:17] 2026-07-30 10:13:17 | INFO     | KDClient 4 round 13 completed (acc=0.0000, n=33)
[2026-07-30 10:13:17] 2026-07-30 10:13:17 | INFO     | KDClient 5 fit round 13 (tier=small)
[2026-07-30 10:13:17] 2026-07-30 10:13:17 | INFO     | KDClient 5 round 13 public KD (epochs=2)
[2026-07-30 10:13:58] 2026-07-30 10:13:58 | INFO     | KDClient 5 round 13 local training (epochs=4)
[2026-07-30 10:14:23] 2026-07-30 10:14:23 | INFO     | KDClient 5 round 13 completed (acc=0.3091, n=48)
[2026-07-30 10:14:23] 2026-07-30 10:14:23 | INFO     | KDClient 6 fit round 13 (tier=small)
[2026-07-30 10:14:23] 2026-07-30 10:14:23 | INFO     | KDClient 6 round 13 public KD (epochs=2)
[2026-07-30 10:14:55] 2026-07-30 10:14:55 | INFO     | KDClient 6 round 13 local training (epochs=4)
[2026-07-30 10:15:09] 2026-07-30 10:15:09 | INFO     | KDClient 6 round 13 completed (acc=0.0000, n=37)
[2026-07-30 10:15:09] 2026-07-30 10:15:09 | INFO     | KDClient 7 fit round 13 (tier=medium)
[2026-07-30 10:15:09] 2026-07-30 10:15:09 | INFO     | KDClient 7 round 13 public KD (epochs=2)
[2026-07-30 10:16:48] 2026-07-30 10:16:48 | INFO     | KDClient 7 round 13 local training (epochs=4)
[2026-07-30 10:17:47] 2026-07-30 10:17:47 | INFO     | KDClient 7 round 13 completed (acc=0.0000, n=83)
[2026-07-30 10:17:47] 2026-07-30 10:17:47 | INFO     | KDClient 8 fit round 13 (tier=medium)
[2026-07-30 10:17:47] 2026-07-30 10:17:47 | INFO     | KDClient 8 round 13 public KD (epochs=2)
[2026-07-30 10:19:29] 2026-07-30 10:19:29 | INFO     | KDClient 8 round 13 local training (epochs=4)
[2026-07-30 10:20:18] 2026-07-30 10:20:18 | INFO     | KDClient 8 round 13 completed (acc=0.3091, n=24)
[2026-07-30 10:20:18] 2026-07-30 10:20:18 | INFO     | KDClient 9 fit round 13 (tier=medium)
[2026-07-30 10:20:18] 2026-07-30 10:20:18 | INFO     | KDClient 9 round 13 public KD (epochs=2)
[2026-07-30 10:21:59] 2026-07-30 10:21:59 | INFO     | KDClient 9 round 13 local training (epochs=4)
[2026-07-30 10:22:50] 2026-07-30 10:22:50 | INFO     | KDClient 9 round 13 completed (acc=0.3091, n=26)
[2026-07-30 10:22:50] 2026-07-30 10:22:50 | INFO     | KDClient 10 fit round 13 (tier=medium)
[2026-07-30 10:22:50] 2026-07-30 10:22:50 | INFO     | KDClient 10 round 13 public KD (epochs=2)
[2026-07-30 10:24:34] 2026-07-30 10:24:34 | INFO     | KDClient 10 round 13 local training (epochs=4)
[2026-07-30 10:25:29] 2026-07-30 10:25:29 | INFO     | KDClient 10 round 13 completed (acc=0.3091, n=29)
[2026-07-30 10:25:29] 2026-07-30 10:25:29 | INFO     | KDClient 11 fit round 13 (tier=medium)
[2026-07-30 10:25:29] 2026-07-30 10:25:29 | INFO     | KDClient 11 round 13 public KD (epochs=2)
[2026-07-30 10:27:09] 2026-07-30 10:27:09 | INFO     | KDClient 11 round 13 local training (epochs=4)
[2026-07-30 10:27:58] 2026-07-30 10:27:58 | INFO     | KDClient 11 round 13 completed (acc=0.0000, n=26)
[2026-07-30 10:27:58] 2026-07-30 10:27:58 | INFO     | KDClient 12 fit round 13 (tier=medium)
[2026-07-30 10:27:58] 2026-07-30 10:27:58 | INFO     | KDClient 12 round 13 public KD (epochs=2)
[2026-07-30 10:29:41] 2026-07-30 10:29:41 | INFO     | KDClient 12 round 13 local training (epochs=4)
[2026-07-30 10:30:39] 2026-07-30 10:30:39 | INFO     | KDClient 12 round 13 completed (acc=0.3091, n=45)
[2026-07-30 10:30:39] 2026-07-30 10:30:39 | INFO     | KDClient 13 fit round 13 (tier=medium)
[2026-07-30 10:30:39] 2026-07-30 10:30:39 | INFO     | KDClient 13 round 13 public KD (epochs=2)
[2026-07-30 10:32:59] 2026-07-30 10:32:59 | INFO     | KDClient 13 round 13 local training (epochs=4)
[2026-07-30 10:34:02] 2026-07-30 10:34:02 | INFO     | KDClient 13 round 13 completed (acc=0.0364, n=76)
[2026-07-30 10:34:02] 2026-07-30 10:34:02 | INFO     | KDClient 14 fit round 13 (tier=large)
[2026-07-30 10:34:02] 2026-07-30 10:34:02 | INFO     | KDClient 14 round 13 public KD (epochs=2)
[2026-07-30 10:36:44] 2026-07-30 10:36:44 | INFO     | KDClient 14 round 13 local training (epochs=4)
[2026-07-30 10:38:44] 2026-07-30 10:38:44 | INFO     | KDClient 14 round 13 completed (acc=0.3091, n=139)
[2026-07-30 10:38:44] 2026-07-30 10:38:44 | INFO     | KDClient 15 fit round 13 (tier=large)
[2026-07-30 10:38:44] 2026-07-30 10:38:44 | INFO     | KDClient 15 round 13 public KD (epochs=2)
[2026-07-30 10:41:26] 2026-07-30 10:41:26 | INFO     | KDClient 15 round 13 local training (epochs=4)
[2026-07-30 10:42:54] 2026-07-30 10:42:54 | INFO     | KDClient 15 round 13 completed (acc=0.3091, n=39)
[2026-07-30 10:42:54] 2026-07-30 10:42:54 | INFO     | KDClient 16 fit round 13 (tier=large)
[2026-07-30 10:42:54] 2026-07-30 10:42:54 | INFO     | KDClient 16 round 13 public KD (epochs=2)
[2026-07-30 10:45:37] 2026-07-30 10:45:37 | INFO     | KDClient 16 round 13 local training (epochs=4)
[2026-07-30 10:47:17] 2026-07-30 10:47:17 | INFO     | KDClient 16 round 13 completed (acc=0.0000, n=37)
[2026-07-30 10:47:17] 2026-07-30 10:47:17 | INFO     | KDClient 17 fit round 13 (tier=large)
[2026-07-30 10:47:17] 2026-07-30 10:47:17 | INFO     | KDClient 17 round 13 public KD (epochs=2)
[2026-07-30 10:49:40] 2026-07-30 10:49:40 | INFO     | KDClient 17 round 13 local training (epochs=4)
[2026-07-30 10:51:07] 2026-07-30 10:51:07 | INFO     | KDClient 17 round 13 completed (acc=0.0000, n=35)
[2026-07-30 10:51:07] 2026-07-30 10:51:07 | INFO     | KDClient 18 fit round 13 (tier=large)
[2026-07-30 10:51:07] 2026-07-30 10:51:07 | INFO     | KDClient 18 round 13 public KD (epochs=2)
[2026-07-30 10:53:37] 2026-07-30 10:53:37 | INFO     | KDClient 18 round 13 local training (epochs=4)
[2026-07-30 10:55:08] 2026-07-30 10:55:08 | INFO     | KDClient 18 round 13 completed (acc=0.0000, n=37)
[2026-07-30 10:55:08] 2026-07-30 10:55:08 | INFO     | KDClient 19 fit round 13 (tier=large)
[2026-07-30 10:55:08] 2026-07-30 10:55:08 | INFO     | KDClient 19 round 13 public KD (epochs=2)
[2026-07-30 10:57:50] 2026-07-30 10:57:50 | INFO     | KDClient 19 round 13 local training (epochs=4)
[2026-07-30 10:59:27] 2026-07-30 10:59:27 | INFO     | KDClient 19 round 13 completed (acc=0.0000, n=56)
[2026-07-30 10:59:27]   Round  13/50 | Avg: 0.1409 | Min: 0.0000 | Max: 0.3091
[2026-07-30 10:59:27] 2026-07-30 10:59:27 | INFO     | FEDMD — NONIID: round 14/50 starting
[2026-07-30 10:59:27] 2026-07-30 10:59:27 | INFO     | KDClient 0 fit round 14 (tier=small)
[2026-07-30 10:59:27] 2026-07-30 10:59:27 | INFO     | KDClient 0 round 14 public KD (epochs=2)
[2026-07-30 11:00:08] 2026-07-30 11:00:08 | INFO     | KDClient 0 round 14 local training (epochs=4)
[2026-07-30 11:00:31] 2026-07-30 11:00:31 | INFO     | KDClient 0 round 14 completed (acc=0.3091, n=38)
[2026-07-30 11:00:31] 2026-07-30 11:00:31 | INFO     | KDClient 1 fit round 14 (tier=small)
[2026-07-30 11:00:31] 2026-07-30 11:00:31 | INFO     | KDClient 1 round 14 public KD (epochs=2)
[2026-07-30 11:01:11] 2026-07-30 11:01:11 | INFO     | KDClient 1 round 14 local training (epochs=4)
[2026-07-30 11:01:36] 2026-07-30 11:01:36 | INFO     | KDClient 1 round 14 completed (acc=0.3091, n=47)
[2026-07-30 11:01:36] 2026-07-30 11:01:36 | INFO     | KDClient 2 fit round 14 (tier=small)
[2026-07-30 11:01:36] 2026-07-30 11:01:36 | INFO     | KDClient 2 round 14 public KD (epochs=2)
[2026-07-30 11:02:12] 2026-07-30 11:02:12 | INFO     | KDClient 2 round 14 local training (epochs=4)
[2026-07-30 11:02:38] 2026-07-30 11:02:38 | INFO     | KDClient 2 round 14 completed (acc=0.0000, n=178)
[2026-07-30 11:02:38] 2026-07-30 11:02:38 | INFO     | KDClient 3 fit round 14 (tier=small)
[2026-07-30 11:02:38] 2026-07-30 11:02:38 | INFO     | KDClient 3 round 14 public KD (epochs=2)
[2026-07-30 11:03:12] 2026-07-30 11:03:12 | INFO     | KDClient 3 round 14 local training (epochs=4)
[2026-07-30 11:03:29] 2026-07-30 11:03:29 | INFO     | KDClient 3 round 14 completed (acc=0.0000, n=67)
[2026-07-30 11:03:29] 2026-07-30 11:03:29 | INFO     | KDClient 4 fit round 14 (tier=small)
[2026-07-30 11:03:29] 2026-07-30 11:03:29 | INFO     | KDClient 4 round 14 public KD (epochs=2)
[2026-07-30 11:04:07] 2026-07-30 11:04:07 | INFO     | KDClient 4 round 14 local training (epochs=4)
[2026-07-30 11:04:35] 2026-07-30 11:04:35 | INFO     | KDClient 4 round 14 completed (acc=0.0000, n=33)
[2026-07-30 11:04:35] 2026-07-30 11:04:35 | INFO     | KDClient 5 fit round 14 (tier=small)
[2026-07-30 11:04:35] 2026-07-30 11:04:35 | INFO     | KDClient 5 round 14 public KD (epochs=2)
[2026-07-30 11:05:33] 2026-07-30 11:05:33 | INFO     | KDClient 5 round 14 local training (epochs=4)
[2026-07-30 11:05:50] 2026-07-30 11:05:50 | INFO     | KDClient 5 round 14 completed (acc=0.3091, n=48)
[2026-07-30 11:05:50] 2026-07-30 11:05:50 | INFO     | KDClient 6 fit round 14 (tier=small)
[2026-07-30 11:05:50] 2026-07-30 11:05:50 | INFO     | KDClient 6 round 14 public KD (epochs=2)
[2026-07-30 11:06:29] 2026-07-30 11:06:29 | INFO     | KDClient 6 round 14 local training (epochs=4)
[2026-07-30 11:06:48] 2026-07-30 11:06:48 | INFO     | KDClient 6 round 14 completed (acc=0.0000, n=37)
[2026-07-30 11:06:48] 2026-07-30 11:06:48 | INFO     | KDClient 7 fit round 14 (tier=medium)
[2026-07-30 11:06:48] 2026-07-30 11:06:48 | INFO     | KDClient 7 round 14 public KD (epochs=2)
[2026-07-30 11:08:29] 2026-07-30 11:08:29 | INFO     | KDClient 7 round 14 local training (epochs=4)
[2026-07-30 11:09:33] 2026-07-30 11:09:33 | INFO     | KDClient 7 round 14 completed (acc=0.0036, n=83)
[2026-07-30 11:09:33] 2026-07-30 11:09:33 | INFO     | KDClient 8 fit round 14 (tier=medium)
[2026-07-30 11:09:33] 2026-07-30 11:09:33 | INFO     | KDClient 8 round 14 public KD (epochs=2)
[2026-07-30 11:11:47] 2026-07-30 11:11:47 | INFO     | KDClient 8 round 14 local training (epochs=4)
[2026-07-30 11:12:33] 2026-07-30 11:12:33 | INFO     | KDClient 8 round 14 completed (acc=0.3091, n=24)
[2026-07-30 11:12:33] 2026-07-30 11:12:33 | INFO     | KDClient 9 fit round 14 (tier=medium)
[2026-07-30 11:12:33] 2026-07-30 11:12:33 | INFO     | KDClient 9 round 14 public KD (epochs=2)
[2026-07-30 11:14:06] 2026-07-30 11:14:06 | INFO     | KDClient 9 round 14 local training (epochs=4)
[2026-07-30 11:15:01] 2026-07-30 11:15:01 | INFO     | KDClient 9 round 14 completed (acc=0.3091, n=26)
[2026-07-30 11:15:01] 2026-07-30 11:15:01 | INFO     | KDClient 10 fit round 14 (tier=medium)
[2026-07-30 11:15:01] 2026-07-30 11:15:01 | INFO     | KDClient 10 round 14 public KD (epochs=2)
[2026-07-30 11:17:13] 2026-07-30 11:17:13 | INFO     | KDClient 10 round 14 local training (epochs=4)
[2026-07-30 11:18:10] 2026-07-30 11:18:10 | INFO     | KDClient 10 round 14 completed (acc=0.3091, n=29)
[2026-07-30 11:18:10] 2026-07-30 11:18:10 | INFO     | KDClient 11 fit round 14 (tier=medium)
[2026-07-30 11:18:10] 2026-07-30 11:18:10 | INFO     | KDClient 11 round 14 public KD (epochs=2)
[2026-07-30 11:19:58] 2026-07-30 11:19:58 | INFO     | KDClient 11 round 14 local training (epochs=4)
[2026-07-30 11:20:53] 2026-07-30 11:20:53 | INFO     | KDClient 11 round 14 completed (acc=0.0000, n=26)
[2026-07-30 11:20:53] 2026-07-30 11:20:53 | INFO     | KDClient 12 fit round 14 (tier=medium)
[2026-07-30 11:20:53] 2026-07-30 11:20:53 | INFO     | KDClient 12 round 14 public KD (epochs=2)
[2026-07-30 11:22:42] 2026-07-30 11:22:42 | INFO     | KDClient 12 round 14 local training (epochs=4)
[2026-07-30 11:23:43] 2026-07-30 11:23:43 | INFO     | KDClient 12 round 14 completed (acc=0.3091, n=45)
[2026-07-30 11:23:43] 2026-07-30 11:23:43 | INFO     | KDClient 13 fit round 14 (tier=medium)
[2026-07-30 11:23:43] 2026-07-30 11:23:43 | INFO     | KDClient 13 round 14 public KD (epochs=2)
[2026-07-30 11:26:01] 2026-07-30 11:26:01 | INFO     | KDClient 13 round 14 local training (epochs=4)
[2026-07-30 11:27:25] 2026-07-30 11:27:25 | INFO     | KDClient 13 round 14 completed (acc=0.2618, n=76)
[2026-07-30 11:27:25] 2026-07-30 11:27:25 | INFO     | KDClient 14 fit round 14 (tier=large)
[2026-07-30 11:27:25] 2026-07-30 11:27:25 | INFO     | KDClient 14 round 14 public KD (epochs=2)
[2026-07-30 11:30:12] 2026-07-30 11:30:12 | INFO     | KDClient 14 round 14 local training (epochs=4)
[2026-07-30 11:32:09] 2026-07-30 11:32:09 | INFO     | KDClient 14 round 14 completed (acc=0.3091, n=139)
[2026-07-30 11:32:09] 2026-07-30 11:32:09 | INFO     | KDClient 15 fit round 14 (tier=large)
[2026-07-30 11:32:09] 2026-07-30 11:32:09 | INFO     | KDClient 15 round 14 public KD (epochs=2)
[2026-07-30 11:34:39] 2026-07-30 11:34:39 | INFO     | KDClient 15 round 14 local training (epochs=4)
[2026-07-30 11:36:02] 2026-07-30 11:36:02 | INFO     | KDClient 15 round 14 completed (acc=0.3091, n=39)
[2026-07-30 11:36:02] 2026-07-30 11:36:02 | INFO     | KDClient 16 fit round 14 (tier=large)
[2026-07-30 11:36:02] 2026-07-30 11:36:02 | INFO     | KDClient 16 round 14 public KD (epochs=2)
[2026-07-30 11:38:34] 2026-07-30 11:38:34 | INFO     | KDClient 16 round 14 local training (epochs=4)
[2026-07-30 11:40:02] 2026-07-30 11:40:02 | INFO     | KDClient 16 round 14 completed (acc=0.0000, n=37)
[2026-07-30 11:40:02] 2026-07-30 11:40:02 | INFO     | KDClient 17 fit round 14 (tier=large)
[2026-07-30 11:40:02] 2026-07-30 11:40:02 | INFO     | KDClient 17 round 14 public KD (epochs=2)
[2026-07-30 11:42:25] 2026-07-30 11:42:25 | INFO     | KDClient 17 round 14 local training (epochs=4)
[2026-07-30 11:43:48] 2026-07-30 11:43:48 | INFO     | KDClient 17 round 14 completed (acc=0.0000, n=35)
[2026-07-30 11:43:48] 2026-07-30 11:43:48 | INFO     | KDClient 18 fit round 14 (tier=large)
[2026-07-30 11:43:48] 2026-07-30 11:43:48 | INFO     | KDClient 18 round 14 public KD (epochs=2)
[2026-07-30 11:46:28] 2026-07-30 11:46:28 | INFO     | KDClient 18 round 14 local training (epochs=4)
[2026-07-30 11:48:00] 2026-07-30 11:48:00 | INFO     | KDClient 18 round 14 completed (acc=0.0000, n=37)
[2026-07-30 11:48:00] 2026-07-30 11:48:00 | INFO     | KDClient 19 fit round 14 (tier=large)
[2026-07-30 11:48:00] 2026-07-30 11:48:00 | INFO     | KDClient 19 round 14 public KD (epochs=2)
[2026-07-30 11:50:28] 2026-07-30 11:50:28 | INFO     | KDClient 19 round 14 local training (epochs=4)
[2026-07-30 11:51:38] 2026-07-30 11:51:38 | INFO     | KDClient 19 round 14 completed (acc=0.0000, n=56)
[2026-07-30 11:51:38]   Round  14/50 | Avg: 0.1524 | Min: 0.0000 | Max: 0.3091
[2026-07-30 11:51:38] 2026-07-30 11:51:38 | INFO     | FEDMD — NONIID: round 15/50 starting
[2026-07-30 11:51:38] 2026-07-30 11:51:38 | INFO     | KDClient 0 fit round 15 (tier=small)
[2026-07-30 11:51:38] 2026-07-30 11:51:38 | INFO     | KDClient 0 round 15 public KD (epochs=2)
[2026-07-30 11:52:15] 2026-07-30 11:52:15 | INFO     | KDClient 0 round 15 local training (epochs=4)
[2026-07-30 11:52:32] 2026-07-30 11:52:32 | INFO     | KDClient 0 round 15 completed (acc=0.3091, n=38)
[2026-07-30 11:52:32] 2026-07-30 11:52:32 | INFO     | KDClient 1 fit round 15 (tier=small)
[2026-07-30 11:52:32] 2026-07-30 11:52:32 | INFO     | KDClient 1 round 15 public KD (epochs=2)
[2026-07-30 11:53:12] 2026-07-30 11:53:12 | INFO     | KDClient 1 round 15 local training (epochs=4)
[2026-07-30 11:53:35] 2026-07-30 11:53:35 | INFO     | KDClient 1 round 15 completed (acc=0.3091, n=47)
[2026-07-30 11:53:35] 2026-07-30 11:53:35 | INFO     | KDClient 2 fit round 15 (tier=small)
[2026-07-30 11:53:35] 2026-07-30 11:53:35 | INFO     | KDClient 2 round 15 public KD (epochs=2)
[2026-07-30 11:54:10] 2026-07-30 11:54:10 | INFO     | KDClient 2 round 15 local training (epochs=4)
[2026-07-30 11:54:38] 2026-07-30 11:54:38 | INFO     | KDClient 2 round 15 completed (acc=0.0000, n=178)
[2026-07-30 11:54:38] 2026-07-30 11:54:38 | INFO     | KDClient 3 fit round 15 (tier=small)
[2026-07-30 11:54:38] 2026-07-30 11:54:38 | INFO     | KDClient 3 round 15 public KD (epochs=2)
[2026-07-30 11:55:19] 2026-07-30 11:55:19 | INFO     | KDClient 3 round 15 local training (epochs=4)
[2026-07-30 11:55:41] 2026-07-30 11:55:41 | INFO     | KDClient 3 round 15 completed (acc=0.0000, n=67)
[2026-07-30 11:55:41] 2026-07-30 11:55:41 | INFO     | KDClient 4 fit round 15 (tier=small)
[2026-07-30 11:55:41] 2026-07-30 11:55:41 | INFO     | KDClient 4 round 15 public KD (epochs=2)
[2026-07-30 11:56:24] 2026-07-30 11:56:24 | INFO     | KDClient 4 round 15 local training (epochs=4)
[2026-07-30 11:56:45] 2026-07-30 11:56:45 | INFO     | KDClient 4 round 15 completed (acc=0.0000, n=33)
[2026-07-30 11:56:45] 2026-07-30 11:56:45 | INFO     | KDClient 5 fit round 15 (tier=small)
[2026-07-30 11:56:45] 2026-07-30 11:56:45 | INFO     | KDClient 5 round 15 public KD (epochs=2)
[2026-07-30 11:57:16] 2026-07-30 11:57:16 | INFO     | KDClient 5 round 15 local training (epochs=4)
[2026-07-30 11:57:34] 2026-07-30 11:57:34 | INFO     | KDClient 5 round 15 completed (acc=0.3091, n=48)
[2026-07-30 11:57:34] 2026-07-30 11:57:34 | INFO     | KDClient 6 fit round 15 (tier=small)
[2026-07-30 11:57:34] 2026-07-30 11:57:34 | INFO     | KDClient 6 round 15 public KD (epochs=2)
[2026-07-30 11:58:13] 2026-07-30 11:58:13 | INFO     | KDClient 6 round 15 local training (epochs=4)
[2026-07-30 11:58:33] 2026-07-30 11:58:33 | INFO     | KDClient 6 round 15 completed (acc=0.0000, n=37)
[2026-07-30 11:58:33] 2026-07-30 11:58:33 | INFO     | KDClient 7 fit round 15 (tier=medium)
[2026-07-30 11:58:33] 2026-07-30 11:58:33 | INFO     | KDClient 7 round 15 public KD (epochs=2)
[2026-07-30 12:00:18] 2026-07-30 12:00:18 | INFO     | KDClient 7 round 15 local training (epochs=4)
[2026-07-30 12:01:21] 2026-07-30 12:01:21 | INFO     | KDClient 7 round 15 completed (acc=0.0073, n=83)
[2026-07-30 12:01:21] 2026-07-30 12:01:21 | INFO     | KDClient 8 fit round 15 (tier=medium)
[2026-07-30 12:01:21] 2026-07-30 12:01:21 | INFO     | KDClient 8 round 15 public KD (epochs=2)
[2026-07-30 12:03:36] 2026-07-30 12:03:36 | INFO     | KDClient 8 round 15 local training (epochs=4)
[2026-07-30 12:04:29] 2026-07-30 12:04:29 | INFO     | KDClient 8 round 15 completed (acc=0.3091, n=24)
[2026-07-30 12:04:29] 2026-07-30 12:04:29 | INFO     | KDClient 9 fit round 15 (tier=medium)
[2026-07-30 12:04:29] 2026-07-30 12:04:29 | INFO     | KDClient 9 round 15 public KD (epochs=2)
[2026-07-30 12:06:42] 2026-07-30 12:06:42 | INFO     | KDClient 9 round 15 local training (epochs=4)
[2026-07-30 12:07:36] 2026-07-30 12:07:36 | INFO     | KDClient 9 round 15 completed (acc=0.3091, n=26)
[2026-07-30 12:07:36] 2026-07-30 12:07:36 | INFO     | KDClient 10 fit round 15 (tier=medium)
[2026-07-30 12:07:36] 2026-07-30 12:07:36 | INFO     | KDClient 10 round 15 public KD (epochs=2)
[2026-07-30 12:09:17] 2026-07-30 12:09:17 | INFO     | KDClient 10 round 15 local training (epochs=4)
[2026-07-30 12:10:16] 2026-07-30 12:10:16 | INFO     | KDClient 10 round 15 completed (acc=0.3091, n=29)
[2026-07-30 12:10:16] 2026-07-30 12:10:16 | INFO     | KDClient 11 fit round 15 (tier=medium)
[2026-07-30 12:10:16] 2026-07-30 12:10:16 | INFO     | KDClient 11 round 15 public KD (epochs=2)
[2026-07-30 12:12:07] 2026-07-30 12:12:07 | INFO     | KDClient 11 round 15 local training (epochs=4)
[2026-07-30 12:13:00] 2026-07-30 12:13:00 | INFO     | KDClient 11 round 15 completed (acc=0.0000, n=26)
[2026-07-30 12:13:00] 2026-07-30 12:13:00 | INFO     | KDClient 12 fit round 15 (tier=medium)
[2026-07-30 12:13:00] 2026-07-30 12:13:00 | INFO     | KDClient 12 round 15 public KD (epochs=2)
[2026-07-30 12:15:18] 2026-07-30 12:15:18 | INFO     | KDClient 12 round 15 local training (epochs=4)
[2026-07-30 12:16:21] 2026-07-30 12:16:21 | INFO     | KDClient 12 round 15 completed (acc=0.3091, n=45)
[2026-07-30 12:16:21] 2026-07-30 12:16:21 | INFO     | KDClient 13 fit round 15 (tier=medium)
[2026-07-30 12:16:21] 2026-07-30 12:16:21 | INFO     | KDClient 13 round 15 public KD (epochs=2)
[2026-07-30 12:19:06] 2026-07-30 12:19:06 | INFO     | KDClient 13 round 15 local training (epochs=4)
[2026-07-30 12:20:19] 2026-07-30 12:20:19 | INFO     | KDClient 13 round 15 completed (acc=0.2545, n=76)
[2026-07-30 12:20:19] 2026-07-30 12:20:19 | INFO     | KDClient 14 fit round 15 (tier=large)
[2026-07-30 12:20:19] 2026-07-30 12:20:19 | INFO     | KDClient 14 round 15 public KD (epochs=2)
[2026-07-30 12:22:50] 2026-07-30 12:22:50 | INFO     | KDClient 14 round 15 local training (epochs=4)
[2026-07-30 12:24:52] 2026-07-30 12:24:52 | INFO     | KDClient 14 round 15 completed (acc=0.3091, n=139)
[2026-07-30 12:24:52] 2026-07-30 12:24:52 | INFO     | KDClient 15 fit round 15 (tier=large)
[2026-07-30 12:24:52] 2026-07-30 12:24:52 | INFO     | KDClient 15 round 15 public KD (epochs=2)
[2026-07-30 12:27:19] 2026-07-30 12:27:19 | INFO     | KDClient 15 round 15 local training (epochs=4)
[2026-07-30 12:28:35] 2026-07-30 12:28:35 | INFO     | KDClient 15 round 15 completed (acc=0.3091, n=39)
[2026-07-30 12:28:35] 2026-07-30 12:28:35 | INFO     | KDClient 16 fit round 15 (tier=large)
[2026-07-30 12:28:35] 2026-07-30 12:28:35 | INFO     | KDClient 16 round 15 public KD (epochs=2)
[2026-07-30 12:31:02] 2026-07-30 12:31:02 | INFO     | KDClient 16 round 15 local training (epochs=4)
[2026-07-30 12:32:21] 2026-07-30 12:32:21 | INFO     | KDClient 16 round 15 completed (acc=0.0000, n=37)
[2026-07-30 12:32:21] 2026-07-30 12:32:21 | INFO     | KDClient 17 fit round 15 (tier=large)
[2026-07-30 12:32:21] 2026-07-30 12:32:21 | INFO     | KDClient 17 round 15 public KD (epochs=2)
[2026-07-30 12:35:03] 2026-07-30 12:35:03 | INFO     | KDClient 17 round 15 local training (epochs=4)
[2026-07-30 12:36:29] 2026-07-30 12:36:29 | INFO     | KDClient 17 round 15 completed (acc=0.0000, n=35)
[2026-07-30 12:36:29] 2026-07-30 12:36:29 | INFO     | KDClient 18 fit round 15 (tier=large)
[2026-07-30 12:36:29] 2026-07-30 12:36:29 | INFO     | KDClient 18 round 15 public KD (epochs=2)
[2026-07-30 12:39:02] 2026-07-30 12:39:02 | INFO     | KDClient 18 round 15 local training (epochs=4)
[2026-07-30 12:40:23] 2026-07-30 12:40:23 | INFO     | KDClient 18 round 15 completed (acc=0.0000, n=37)
[2026-07-30 12:40:23] 2026-07-30 12:40:23 | INFO     | KDClient 19 fit round 15 (tier=large)
[2026-07-30 12:40:23] 2026-07-30 12:40:23 | INFO     | KDClient 19 round 15 public KD (epochs=2)
[2026-07-30 12:42:55] 2026-07-30 12:42:55 | INFO     | KDClient 19 round 15 local training (epochs=4)
[2026-07-30 12:44:14] 2026-07-30 12:44:14 | INFO     | KDClient 19 round 15 completed (acc=0.0000, n=56)
[2026-07-30 12:44:14]   Round  15/50 | Avg: 0.1522 | Min: 0.0000 | Max: 0.3091
[2026-07-30 12:44:14] 2026-07-30 12:44:14 | INFO     | FEDMD — NONIID: round 16/50 starting
[2026-07-30 12:44:14] 2026-07-30 12:44:14 | INFO     | KDClient 0 fit round 16 (tier=small)
[2026-07-30 12:44:14] 2026-07-30 12:44:14 | INFO     | KDClient 0 round 16 public KD (epochs=2)
[2026-07-30 12:44:54] 2026-07-30 12:44:54 | INFO     | KDClient 0 round 16 local training (epochs=4)
[2026-07-30 12:45:11] 2026-07-30 12:45:11 | INFO     | KDClient 0 round 16 completed (acc=0.3091, n=38)
[2026-07-30 12:45:11] 2026-07-30 12:45:11 | INFO     | KDClient 1 fit round 16 (tier=small)
[2026-07-30 12:45:11] 2026-07-30 12:45:11 | INFO     | KDClient 1 round 16 public KD (epochs=2)
[2026-07-30 12:45:43] 2026-07-30 12:45:43 | INFO     | KDClient 1 round 16 local training (epochs=4)
[2026-07-30 12:46:00] 2026-07-30 12:46:00 | INFO     | KDClient 1 round 16 completed (acc=0.3091, n=47)
[2026-07-30 12:46:00] 2026-07-30 12:46:00 | INFO     | KDClient 2 fit round 16 (tier=small)
[2026-07-30 12:46:00] 2026-07-30 12:46:00 | INFO     | KDClient 2 round 16 public KD (epochs=2)
[2026-07-30 12:46:42] 2026-07-30 12:46:42 | INFO     | KDClient 2 round 16 local training (epochs=4)
[2026-07-30 12:47:16] 2026-07-30 12:47:16 | INFO     | KDClient 2 round 16 completed (acc=0.0000, n=178)
[2026-07-30 12:47:16] 2026-07-30 12:47:16 | INFO     | KDClient 3 fit round 16 (tier=small)
[2026-07-30 12:47:16] 2026-07-30 12:47:16 | INFO     | KDClient 3 round 16 public KD (epochs=2)
[2026-07-30 12:48:16] 2026-07-30 12:48:16 | INFO     | KDClient 3 round 16 local training (epochs=4)
[2026-07-30 12:48:43] 2026-07-30 12:48:43 | INFO     | KDClient 3 round 16 completed (acc=0.0000, n=67)
[2026-07-30 12:48:43] 2026-07-30 12:48:43 | INFO     | KDClient 4 fit round 16 (tier=small)
[2026-07-30 12:48:43] 2026-07-30 12:48:43 | INFO     | KDClient 4 round 16 public KD (epochs=2)
[2026-07-30 12:49:22] 2026-07-30 12:49:22 | INFO     | KDClient 4 round 16 local training (epochs=4)
[2026-07-30 12:49:48] 2026-07-30 12:49:48 | INFO     | KDClient 4 round 16 completed (acc=0.0000, n=33)
[2026-07-30 12:49:48] 2026-07-30 12:49:48 | INFO     | KDClient 5 fit round 16 (tier=small)
[2026-07-30 12:49:48] 2026-07-30 12:49:48 | INFO     | KDClient 5 round 16 public KD (epochs=2)
[2026-07-30 12:50:30] 2026-07-30 12:50:30 | INFO     | KDClient 5 round 16 local training (epochs=4)
[2026-07-30 12:50:54] 2026-07-30 12:50:54 | INFO     | KDClient 5 round 16 completed (acc=0.3091, n=48)
[2026-07-30 12:50:54] 2026-07-30 12:50:54 | INFO     | KDClient 6 fit round 16 (tier=small)
[2026-07-30 12:50:54] 2026-07-30 12:50:54 | INFO     | KDClient 6 round 16 public KD (epochs=2)
[2026-07-30 12:51:25] 2026-07-30 12:51:25 | INFO     | KDClient 6 round 16 local training (epochs=4)
[2026-07-30 12:51:43] 2026-07-30 12:51:43 | INFO     | KDClient 6 round 16 completed (acc=0.0000, n=37)
[2026-07-30 12:51:43] 2026-07-30 12:51:43 | INFO     | KDClient 7 fit round 16 (tier=medium)
[2026-07-30 12:51:43] 2026-07-30 12:51:43 | INFO     | KDClient 7 round 16 public KD (epochs=2)
[2026-07-30 12:53:26] 2026-07-30 12:53:26 | INFO     | KDClient 7 round 16 local training (epochs=4)
[2026-07-30 12:54:28] 2026-07-30 12:54:28 | INFO     | KDClient 7 round 16 completed (acc=0.0073, n=83)
[2026-07-30 12:54:28] 2026-07-30 12:54:28 | INFO     | KDClient 8 fit round 16 (tier=medium)
[2026-07-30 12:54:28] 2026-07-30 12:54:28 | INFO     | KDClient 8 round 16 public KD (epochs=2)
[2026-07-30 12:56:41] 2026-07-30 12:56:41 | INFO     | KDClient 8 round 16 local training (epochs=4)
[2026-07-30 12:57:36] 2026-07-30 12:57:36 | INFO     | KDClient 8 round 16 completed (acc=0.3091, n=24)
[2026-07-30 12:57:36] 2026-07-30 12:57:36 | INFO     | KDClient 9 fit round 16 (tier=medium)
[2026-07-30 12:57:36] 2026-07-30 12:57:36 | INFO     | KDClient 9 round 16 public KD (epochs=2)
[2026-07-30 12:59:51] 2026-07-30 12:59:51 | INFO     | KDClient 9 round 16 local training (epochs=4)
[2026-07-30 13:00:43] 2026-07-30 13:00:43 | INFO     | KDClient 9 round 16 completed (acc=0.3091, n=26)
[2026-07-30 13:00:43] 2026-07-30 13:00:43 | INFO     | KDClient 10 fit round 16 (tier=medium)
[2026-07-30 13:00:43] 2026-07-30 13:00:43 | INFO     | KDClient 10 round 16 public KD (epochs=2)
[2026-07-30 13:03:02] 2026-07-30 13:03:02 | INFO     | KDClient 10 round 16 local training (epochs=4)
[2026-07-30 13:03:56] 2026-07-30 13:03:56 | INFO     | KDClient 10 round 16 completed (acc=0.3091, n=29)
[2026-07-30 13:03:56] 2026-07-30 13:03:56 | INFO     | KDClient 11 fit round 16 (tier=medium)
[2026-07-30 13:03:56] 2026-07-30 13:03:56 | INFO     | KDClient 11 round 16 public KD (epochs=2)
[2026-07-30 13:06:15] 2026-07-30 13:06:15 | INFO     | KDClient 11 round 16 local training (epochs=4)
[2026-07-30 13:07:14] 2026-07-30 13:07:14 | INFO     | KDClient 11 round 16 completed (acc=0.0000, n=26)
[2026-07-30 13:07:14] 2026-07-30 13:07:14 | INFO     | KDClient 12 fit round 16 (tier=medium)
[2026-07-30 13:07:14] 2026-07-30 13:07:14 | INFO     | KDClient 12 round 16 public KD (epochs=2)
[2026-07-30 13:09:11] 2026-07-30 13:09:11 | INFO     | KDClient 12 round 16 local training (epochs=4)
[2026-07-30 13:10:13] 2026-07-30 13:10:13 | INFO     | KDClient 12 round 16 completed (acc=0.3091, n=45)
[2026-07-30 13:10:13] 2026-07-30 13:10:13 | INFO     | KDClient 13 fit round 16 (tier=medium)
[2026-07-30 13:10:13] 2026-07-30 13:10:13 | INFO     | KDClient 13 round 16 public KD (epochs=2)
[2026-07-30 13:11:56] 2026-07-30 13:11:56 | INFO     | KDClient 13 round 16 local training (epochs=4)
[2026-07-30 13:13:02] 2026-07-30 13:13:01 | INFO     | KDClient 13 round 16 completed (acc=0.2945, n=76)
[2026-07-30 13:13:02] 2026-07-30 13:13:01 | INFO     | KDClient 14 fit round 16 (tier=large)
[2026-07-30 13:13:02] 2026-07-30 13:13:01 | INFO     | KDClient 14 round 16 public KD (epochs=2)
[2026-07-30 13:15:40] 2026-07-30 13:15:40 | INFO     | KDClient 14 round 16 local training (epochs=4)
[2026-07-30 13:17:52] 2026-07-30 13:17:52 | INFO     | KDClient 14 round 16 completed (acc=0.3091, n=139)
[2026-07-30 13:17:52] 2026-07-30 13:17:52 | INFO     | KDClient 15 fit round 16 (tier=large)
[2026-07-30 13:17:52] 2026-07-30 13:17:52 | INFO     | KDClient 15 round 16 public KD (epochs=2)
[2026-07-30 13:20:25] 2026-07-30 13:20:25 | INFO     | KDClient 15 round 16 local training (epochs=4)
[2026-07-30 13:21:48] 2026-07-30 13:21:48 | INFO     | KDClient 15 round 16 completed (acc=0.3091, n=39)
[2026-07-30 13:21:48] 2026-07-30 13:21:48 | INFO     | KDClient 16 fit round 16 (tier=large)
[2026-07-30 13:21:48] 2026-07-30 13:21:48 | INFO     | KDClient 16 round 16 public KD (epochs=2)
[2026-07-30 13:24:31] 2026-07-30 13:24:31 | INFO     | KDClient 16 round 16 local training (epochs=4)
[2026-07-30 13:26:28] 2026-07-30 13:26:28 | INFO     | KDClient 16 round 16 completed (acc=0.0000, n=37)
[2026-07-30 13:26:28] 2026-07-30 13:26:28 | INFO     | KDClient 17 fit round 16 (tier=large)
[2026-07-30 13:26:28] 2026-07-30 13:26:28 | INFO     | KDClient 17 round 16 public KD (epochs=2)
[2026-07-30 13:28:44] 2026-07-30 13:28:44 | INFO     | KDClient 17 round 16 local training (epochs=4)
[2026-07-30 13:30:04] 2026-07-30 13:30:04 | INFO     | KDClient 17 round 16 completed (acc=0.0000, n=35)
[2026-07-30 13:30:04] 2026-07-30 13:30:04 | INFO     | KDClient 18 fit round 16 (tier=large)
[2026-07-30 13:30:04] 2026-07-30 13:30:04 | INFO     | KDClient 18 round 16 public KD (epochs=2)
[2026-07-30 13:32:27] 2026-07-30 13:32:27 | INFO     | KDClient 18 round 16 local training (epochs=4)
[2026-07-30 13:33:56] 2026-07-30 13:33:56 | INFO     | KDClient 18 round 16 completed (acc=0.0000, n=37)
[2026-07-30 13:33:56] 2026-07-30 13:33:56 | INFO     | KDClient 19 fit round 16 (tier=large)
[2026-07-30 13:33:56] 2026-07-30 13:33:56 | INFO     | KDClient 19 round 16 public KD (epochs=2)
[2026-07-30 13:36:23] 2026-07-30 13:36:23 | INFO     | KDClient 19 round 16 local training (epochs=4)
[2026-07-30 13:37:55] 2026-07-30 13:37:55 | INFO     | KDClient 19 round 16 completed (acc=0.0000, n=56)
[2026-07-30 13:37:55]   Round  16/50 | Avg: 0.1542 | Min: 0.0000 | Max: 0.3091
[2026-07-30 13:37:55] 2026-07-30 13:37:55 | INFO     | FEDMD — NONIID: round 17/50 starting
[2026-07-30 13:37:55] 2026-07-30 13:37:55 | INFO     | KDClient 0 fit round 17 (tier=small)
[2026-07-30 13:37:55] 2026-07-30 13:37:55 | INFO     | KDClient 0 round 17 public KD (epochs=2)
[2026-07-30 13:38:57] 2026-07-30 13:38:57 | INFO     | KDClient 0 round 17 local training (epochs=4)
[2026-07-30 13:39:17] 2026-07-30 13:39:17 | INFO     | KDClient 0 round 17 completed (acc=0.3091, n=38)
[2026-07-30 13:39:17] 2026-07-30 13:39:17 | INFO     | KDClient 1 fit round 17 (tier=small)
[2026-07-30 13:39:17] 2026-07-30 13:39:17 | INFO     | KDClient 1 round 17 public KD (epochs=2)
[2026-07-30 13:39:52] 2026-07-30 13:39:52 | INFO     | KDClient 1 round 17 local training (epochs=4)
[2026-07-30 13:40:12] 2026-07-30 13:40:12 | INFO     | KDClient 1 round 17 completed (acc=0.3091, n=47)
[2026-07-30 13:40:12] 2026-07-30 13:40:12 | INFO     | KDClient 2 fit round 17 (tier=small)
[2026-07-30 13:40:12] 2026-07-30 13:40:12 | INFO     | KDClient 2 round 17 public KD (epochs=2)
[2026-07-30 13:40:54] 2026-07-30 13:40:54 | INFO     | KDClient 2 round 17 local training (epochs=4)
[2026-07-30 13:41:30] 2026-07-30 13:41:30 | INFO     | KDClient 2 round 17 completed (acc=0.0000, n=178)
[2026-07-30 13:41:30] 2026-07-30 13:41:30 | INFO     | KDClient 3 fit round 17 (tier=small)
[2026-07-30 13:41:30] 2026-07-30 13:41:30 | INFO     | KDClient 3 round 17 public KD (epochs=2)
[2026-07-30 13:42:09] 2026-07-30 13:42:09 | INFO     | KDClient 3 round 17 local training (epochs=4)
[2026-07-30 13:42:29] 2026-07-30 13:42:29 | INFO     | KDClient 3 round 17 completed (acc=0.0000, n=67)
[2026-07-30 13:42:29] 2026-07-30 13:42:29 | INFO     | KDClient 4 fit round 17 (tier=small)
[2026-07-30 13:42:29] 2026-07-30 13:42:29 | INFO     | KDClient 4 round 17 public KD (epochs=2)
[2026-07-30 13:43:03] 2026-07-30 13:43:03 | INFO     | KDClient 4 round 17 local training (epochs=4)
[2026-07-30 13:43:20] 2026-07-30 13:43:20 | INFO     | KDClient 4 round 17 completed (acc=0.0000, n=33)
[2026-07-30 13:43:20] 2026-07-30 13:43:20 | INFO     | KDClient 5 fit round 17 (tier=small)
[2026-07-30 13:43:20] 2026-07-30 13:43:20 | INFO     | KDClient 5 round 17 public KD (epochs=2)
[2026-07-30 13:43:55] 2026-07-30 13:43:55 | INFO     | KDClient 5 round 17 local training (epochs=4)
[2026-07-30 13:44:12] 2026-07-30 13:44:12 | INFO     | KDClient 5 round 17 completed (acc=0.3091, n=48)
[2026-07-30 13:44:12] 2026-07-30 13:44:12 | INFO     | KDClient 6 fit round 17 (tier=small)
[2026-07-30 13:44:12] 2026-07-30 13:44:12 | INFO     | KDClient 6 round 17 public KD (epochs=2)
[2026-07-30 13:44:51] 2026-07-30 13:44:51 | INFO     | KDClient 6 round 17 local training (epochs=4)
[2026-07-30 13:45:06] 2026-07-30 13:45:06 | INFO     | KDClient 6 round 17 completed (acc=0.0000, n=37)
[2026-07-30 13:45:06] 2026-07-30 13:45:06 | INFO     | KDClient 7 fit round 17 (tier=medium)
[2026-07-30 13:45:06] 2026-07-30 13:45:06 | INFO     | KDClient 7 round 17 public KD (epochs=2)
[2026-07-30 13:47:20] 2026-07-30 13:47:20 | INFO     | KDClient 7 round 17 local training (epochs=4)
[2026-07-30 13:48:29] 2026-07-30 13:48:29 | INFO     | KDClient 7 round 17 completed (acc=0.0582, n=83)
[2026-07-30 13:48:29] 2026-07-30 13:48:29 | INFO     | KDClient 8 fit round 17 (tier=medium)
[2026-07-30 13:48:29] 2026-07-30 13:48:29 | INFO     | KDClient 8 round 17 public KD (epochs=2)
[2026-07-30 13:50:15] 2026-07-30 13:50:15 | INFO     | KDClient 8 round 17 local training (epochs=4)
[2026-07-30 13:51:10] 2026-07-30 13:51:10 | INFO     | KDClient 8 round 17 completed (acc=0.3091, n=24)
[2026-07-30 13:51:10] 2026-07-30 13:51:10 | INFO     | KDClient 9 fit round 17 (tier=medium)
[2026-07-30 13:51:10] 2026-07-30 13:51:10 | INFO     | KDClient 9 round 17 public KD (epochs=2)
[2026-07-30 13:53:07] 2026-07-30 13:53:07 | INFO     | KDClient 9 round 17 local training (epochs=4)
[2026-07-30 13:54:00] 2026-07-30 13:54:00 | INFO     | KDClient 9 round 17 completed (acc=0.3091, n=26)
[2026-07-30 13:54:00] 2026-07-30 13:54:00 | INFO     | KDClient 10 fit round 17 (tier=medium)
[2026-07-30 13:54:00] 2026-07-30 13:54:00 | INFO     | KDClient 10 round 17 public KD (epochs=2)
[2026-07-30 13:55:57] 2026-07-30 13:55:57 | INFO     | KDClient 10 round 17 local training (epochs=4)
[2026-07-30 13:56:51] 2026-07-30 13:56:51 | INFO     | KDClient 10 round 17 completed (acc=0.3091, n=29)
[2026-07-30 13:56:51] 2026-07-30 13:56:51 | INFO     | KDClient 11 fit round 17 (tier=medium)
[2026-07-30 13:56:51] 2026-07-30 13:56:51 | INFO     | KDClient 11 round 17 public KD (epochs=2)
[2026-07-30 13:59:08] 2026-07-30 13:59:08 | INFO     | KDClient 11 round 17 local training (epochs=4)
[2026-07-30 14:00:05] 2026-07-30 14:00:05 | INFO     | KDClient 11 round 17 completed (acc=0.0000, n=26)
[2026-07-30 14:00:05] 2026-07-30 14:00:05 | INFO     | KDClient 12 fit round 17 (tier=medium)
[2026-07-30 14:00:05] 2026-07-30 14:00:05 | INFO     | KDClient 12 round 17 public KD (epochs=2)
[2026-07-30 14:01:45] 2026-07-30 14:01:45 | INFO     | KDClient 12 round 17 local training (epochs=4)
[2026-07-30 14:02:40] 2026-07-30 14:02:40 | INFO     | KDClient 12 round 17 completed (acc=0.3091, n=45)
[2026-07-30 14:02:40] 2026-07-30 14:02:40 | INFO     | KDClient 13 fit round 17 (tier=medium)
[2026-07-30 14:02:40] 2026-07-30 14:02:40 | INFO     | KDClient 13 round 17 public KD (epochs=2)
[2026-07-30 14:04:18] 2026-07-30 14:04:18 | INFO     | KDClient 13 round 17 local training (epochs=4)
[2026-07-30 14:05:21] 2026-07-30 14:05:21 | INFO     | KDClient 13 round 17 completed (acc=0.3055, n=76)
[2026-07-30 14:05:21] 2026-07-30 14:05:21 | INFO     | KDClient 14 fit round 17 (tier=large)
[2026-07-30 14:05:21] 2026-07-30 14:05:21 | INFO     | KDClient 14 round 17 public KD (epochs=2)
[2026-07-30 14:07:59] 2026-07-30 14:07:59 | INFO     | KDClient 14 round 17 local training (epochs=4)
[2026-07-30 14:09:53] 2026-07-30 14:09:53 | INFO     | KDClient 14 round 17 completed (acc=0.3091, n=139)
[2026-07-30 14:09:53] 2026-07-30 14:09:53 | INFO     | KDClient 15 fit round 17 (tier=large)
[2026-07-30 14:09:53] 2026-07-30 14:09:53 | INFO     | KDClient 15 round 17 public KD (epochs=2)
[2026-07-30 14:12:31] 2026-07-30 14:12:31 | INFO     | KDClient 15 round 17 local training (epochs=4)
[2026-07-30 14:14:19] 2026-07-30 14:14:19 | INFO     | KDClient 15 round 17 completed (acc=0.3091, n=39)
[2026-07-30 14:14:19] 2026-07-30 14:14:19 | INFO     | KDClient 16 fit round 17 (tier=large)
[2026-07-30 14:14:19] 2026-07-30 14:14:19 | INFO     | KDClient 16 round 17 public KD (epochs=2)
[2026-07-30 14:16:44] 2026-07-30 14:16:44 | INFO     | KDClient 16 round 17 local training (epochs=4)
[2026-07-30 14:17:56] 2026-07-30 14:17:56 | INFO     | KDClient 16 round 17 completed (acc=0.0000, n=37)
[2026-07-30 14:17:56] 2026-07-30 14:17:56 | INFO     | KDClient 17 fit round 17 (tier=large)
[2026-07-30 14:17:56] 2026-07-30 14:17:56 | INFO     | KDClient 17 round 17 public KD (epochs=2)
[2026-07-30 14:20:24] 2026-07-30 14:20:24 | INFO     | KDClient 17 round 17 local training (epochs=4)
[2026-07-30 14:21:44] 2026-07-30 14:21:44 | INFO     | KDClient 17 round 17 completed (acc=0.0000, n=35)
[2026-07-30 14:21:44] 2026-07-30 14:21:44 | INFO     | KDClient 18 fit round 17 (tier=large)
[2026-07-30 14:21:44] 2026-07-30 14:21:44 | INFO     | KDClient 18 round 17 public KD (epochs=2)
[2026-07-30 14:24:21] 2026-07-30 14:24:21 | INFO     | KDClient 18 round 17 local training (epochs=4)
[2026-07-30 14:25:49] 2026-07-30 14:25:49 | INFO     | KDClient 18 round 17 completed (acc=0.0000, n=37)
[2026-07-30 14:25:49] 2026-07-30 14:25:49 | INFO     | KDClient 19 fit round 17 (tier=large)
[2026-07-30 14:25:49] 2026-07-30 14:25:49 | INFO     | KDClient 19 round 17 public KD (epochs=2)
[2026-07-30 14:28:22] 2026-07-30 14:28:22 | INFO     | KDClient 19 round 17 local training (epochs=4)
[2026-07-30 14:29:39] 2026-07-30 14:29:39 | INFO     | KDClient 19 round 17 completed (acc=0.0000, n=56)
[2026-07-30 14:29:39]   Round  17/50 | Avg: 0.1573 | Min: 0.0000 | Max: 0.3091
[2026-07-30 14:29:39] 2026-07-30 14:29:39 | INFO     | FEDMD — NONIID: round 18/50 starting
[2026-07-30 14:29:39] 2026-07-30 14:29:39 | INFO     | KDClient 0 fit round 18 (tier=small)
[2026-07-30 14:29:39] 2026-07-30 14:29:39 | INFO     | KDClient 0 round 18 public KD (epochs=2)
[2026-07-30 14:30:21] 2026-07-30 14:30:21 | INFO     | KDClient 0 round 18 local training (epochs=4)
[2026-07-30 14:30:45] 2026-07-30 14:30:45 | INFO     | KDClient 0 round 18 completed (acc=0.3091, n=38)
[2026-07-30 14:30:45] 2026-07-30 14:30:45 | INFO     | KDClient 1 fit round 18 (tier=small)
[2026-07-30 14:30:45] 2026-07-30 14:30:45 | INFO     | KDClient 1 round 18 public KD (epochs=2)
[2026-07-30 14:31:24] 2026-07-30 14:31:24 | INFO     | KDClient 1 round 18 local training (epochs=4)
[2026-07-30 14:31:43] 2026-07-30 14:31:43 | INFO     | KDClient 1 round 18 completed (acc=0.3091, n=47)
[2026-07-30 14:31:43] 2026-07-30 14:31:43 | INFO     | KDClient 2 fit round 18 (tier=small)
[2026-07-30 14:31:43] 2026-07-30 14:31:43 | INFO     | KDClient 2 round 18 public KD (epochs=2)
[2026-07-30 14:32:23] 2026-07-30 14:32:23 | INFO     | KDClient 2 round 18 local training (epochs=4)
[2026-07-30 14:32:53] 2026-07-30 14:32:53 | INFO     | KDClient 2 round 18 completed (acc=0.0000, n=178)
[2026-07-30 14:32:53] 2026-07-30 14:32:53 | INFO     | KDClient 3 fit round 18 (tier=small)
[2026-07-30 14:32:53] 2026-07-30 14:32:53 | INFO     | KDClient 3 round 18 public KD (epochs=2)
[2026-07-30 14:33:33] 2026-07-30 14:33:33 | INFO     | KDClient 3 round 18 local training (epochs=4)
[2026-07-30 14:33:50] 2026-07-30 14:33:50 | INFO     | KDClient 3 round 18 completed (acc=0.0000, n=67)
[2026-07-30 14:33:50] 2026-07-30 14:33:50 | INFO     | KDClient 4 fit round 18 (tier=small)
[2026-07-30 14:33:50] 2026-07-30 14:33:50 | INFO     | KDClient 4 round 18 public KD (epochs=2)
[2026-07-30 14:34:30] 2026-07-30 14:34:30 | INFO     | KDClient 4 round 18 local training (epochs=4)
[2026-07-30 14:34:55] 2026-07-30 14:34:55 | INFO     | KDClient 4 round 18 completed (acc=0.0000, n=33)
[2026-07-30 14:34:55] 2026-07-30 14:34:55 | INFO     | KDClient 5 fit round 18 (tier=small)
[2026-07-30 14:34:55] 2026-07-30 14:34:55 | INFO     | KDClient 5 round 18 public KD (epochs=2)
[2026-07-30 14:35:35] 2026-07-30 14:35:35 | INFO     | KDClient 5 round 18 local training (epochs=4)
[2026-07-30 14:35:59] 2026-07-30 14:35:59 | INFO     | KDClient 5 round 18 completed (acc=0.3091, n=48)
[2026-07-30 14:35:59] 2026-07-30 14:35:59 | INFO     | KDClient 6 fit round 18 (tier=small)
[2026-07-30 14:35:59] 2026-07-30 14:35:59 | INFO     | KDClient 6 round 18 public KD (epochs=2)
[2026-07-30 14:36:38] 2026-07-30 14:36:38 | INFO     | KDClient 6 round 18 local training (epochs=4)
[2026-07-30 14:37:01] 2026-07-30 14:37:01 | INFO     | KDClient 6 round 18 completed (acc=0.0000, n=37)
[2026-07-30 14:37:01] 2026-07-30 14:37:01 | INFO     | KDClient 7 fit round 18 (tier=medium)
[2026-07-30 14:37:01] 2026-07-30 14:37:01 | INFO     | KDClient 7 round 18 public KD (epochs=2)
[2026-07-30 14:38:50] 2026-07-30 14:38:50 | INFO     | KDClient 7 round 18 local training (epochs=4)
[2026-07-30 14:39:50] 2026-07-30 14:39:50 | INFO     | KDClient 7 round 18 completed (acc=0.0582, n=83)
[2026-07-30 14:39:50] 2026-07-30 14:39:50 | INFO     | KDClient 8 fit round 18 (tier=medium)
[2026-07-30 14:39:50] 2026-07-30 14:39:50 | INFO     | KDClient 8 round 18 public KD (epochs=2)
[2026-07-30 14:41:47] 2026-07-30 14:41:47 | INFO     | KDClient 8 round 18 local training (epochs=4)
[2026-07-30 14:42:43] 2026-07-30 14:42:43 | INFO     | KDClient 8 round 18 completed (acc=0.3091, n=24)
[2026-07-30 14:42:43] 2026-07-30 14:42:43 | INFO     | KDClient 9 fit round 18 (tier=medium)
[2026-07-30 14:42:43] 2026-07-30 14:42:43 | INFO     | KDClient 9 round 18 public KD (epochs=2)
[2026-07-30 14:44:34] 2026-07-30 14:44:34 | INFO     | KDClient 9 round 18 local training (epochs=4)
[2026-07-30 14:45:35] 2026-07-30 14:45:35 | INFO     | KDClient 9 round 18 completed (acc=0.3091, n=26)
[2026-07-30 14:45:35] 2026-07-30 14:45:35 | INFO     | KDClient 10 fit round 18 (tier=medium)
[2026-07-30 14:45:35] 2026-07-30 14:45:35 | INFO     | KDClient 10 round 18 public KD (epochs=2)
[2026-07-30 14:47:54] 2026-07-30 14:47:54 | INFO     | KDClient 10 round 18 local training (epochs=4)
[2026-07-30 14:48:48] 2026-07-30 14:48:48 | INFO     | KDClient 10 round 18 completed (acc=0.3091, n=29)
[2026-07-30 14:48:48] 2026-07-30 14:48:48 | INFO     | KDClient 11 fit round 18 (tier=medium)
[2026-07-30 14:48:48] 2026-07-30 14:48:48 | INFO     | KDClient 11 round 18 public KD (epochs=2)
[2026-07-30 14:50:28] 2026-07-30 14:50:28 | INFO     | KDClient 11 round 18 local training (epochs=4)
[2026-07-30 14:51:24] 2026-07-30 14:51:24 | INFO     | KDClient 11 round 18 completed (acc=0.0000, n=26)
[2026-07-30 14:51:24] 2026-07-30 14:51:24 | INFO     | KDClient 12 fit round 18 (tier=medium)
[2026-07-30 14:51:24] 2026-07-30 14:51:24 | INFO     | KDClient 12 round 18 public KD (epochs=2)
[2026-07-30 14:53:02] 2026-07-30 14:53:02 | INFO     | KDClient 12 round 18 local training (epochs=4)
[2026-07-30 14:53:55] 2026-07-30 14:53:55 | INFO     | KDClient 12 round 18 completed (acc=0.3091, n=45)
[2026-07-30 14:53:55] 2026-07-30 14:53:55 | INFO     | KDClient 13 fit round 18 (tier=medium)
[2026-07-30 14:53:55] 2026-07-30 14:53:55 | INFO     | KDClient 13 round 18 public KD (epochs=2)
[2026-07-30 14:56:03] 2026-07-30 14:56:03 | INFO     | KDClient 13 round 18 local training (epochs=4)
[2026-07-30 14:57:00] 2026-07-30 14:57:00 | INFO     | KDClient 13 round 18 completed (acc=0.3055, n=76)
[2026-07-30 14:57:00] 2026-07-30 14:57:00 | INFO     | KDClient 14 fit round 18 (tier=large)
[2026-07-30 14:57:00] 2026-07-30 14:57:00 | INFO     | KDClient 14 round 18 public KD (epochs=2)
[2026-07-30 14:59:34] 2026-07-30 14:59:34 | INFO     | KDClient 14 round 18 local training (epochs=4)
[2026-07-30 15:01:24] 2026-07-30 15:01:24 | INFO     | KDClient 14 round 18 completed (acc=0.3055, n=139)
[2026-07-30 15:01:24] 2026-07-30 15:01:24 | INFO     | KDClient 15 fit round 18 (tier=large)
[2026-07-30 15:01:24] 2026-07-30 15:01:24 | INFO     | KDClient 15 round 18 public KD (epochs=2)
[2026-07-30 15:03:22] 2026-07-30 15:03:22 | INFO     | KDClient 15 round 18 local training (epochs=4)
[2026-07-30 15:04:24] 2026-07-30 15:04:24 | INFO     | KDClient 15 round 18 completed (acc=0.3091, n=39)
[2026-07-30 15:04:24] 2026-07-30 15:04:24 | INFO     | KDClient 16 fit round 18 (tier=large)
[2026-07-30 15:04:24] 2026-07-30 15:04:24 | INFO     | KDClient 16 round 18 public KD (epochs=2)
[2026-07-30 15:06:27] 2026-07-30 15:06:27 | INFO     | KDClient 16 round 18 local training (epochs=4)
[2026-07-30 15:07:31] 2026-07-30 15:07:31 | INFO     | KDClient 16 round 18 completed (acc=0.0000, n=37)
[2026-07-30 15:07:31] 2026-07-30 15:07:31 | INFO     | KDClient 17 fit round 18 (tier=large)
[2026-07-30 15:07:31] 2026-07-30 15:07:31 | INFO     | KDClient 17 round 18 public KD (epochs=2)
[2026-07-30 15:09:41] 2026-07-30 15:09:41 | INFO     | KDClient 17 round 18 local training (epochs=4)
[2026-07-30 15:10:44] 2026-07-30 15:10:44 | INFO     | KDClient 17 round 18 completed (acc=0.0000, n=35)
[2026-07-30 15:10:44] 2026-07-30 15:10:44 | INFO     | KDClient 18 fit round 18 (tier=large)
[2026-07-30 15:10:44] 2026-07-30 15:10:44 | INFO     | KDClient 18 round 18 public KD (epochs=2)
[2026-07-30 15:12:55] 2026-07-30 15:12:55 | INFO     | KDClient 18 round 18 local training (epochs=4)
[2026-07-30 15:13:57] 2026-07-30 15:13:57 | INFO     | KDClient 18 round 18 completed (acc=0.0000, n=37)
[2026-07-30 15:13:57] 2026-07-30 15:13:57 | INFO     | KDClient 19 fit round 18 (tier=large)
[2026-07-30 15:13:57] 2026-07-30 15:13:57 | INFO     | KDClient 19 round 18 public KD (epochs=2)
[2026-07-30 15:16:03] 2026-07-30 15:16:03 | INFO     | KDClient 19 round 18 local training (epochs=4)
[2026-07-30 15:17:14] 2026-07-30 15:17:14 | INFO     | KDClient 19 round 18 completed (acc=0.0000, n=56)
[2026-07-30 15:17:14]   Round  18/50 | Avg: 0.1571 | Min: 0.0000 | Max: 0.3091
[2026-07-30 15:17:14] 2026-07-30 15:17:14 | INFO     | FEDMD — NONIID: round 19/50 starting
[2026-07-30 15:17:14] 2026-07-30 15:17:14 | INFO     | KDClient 0 fit round 19 (tier=small)
[2026-07-30 15:17:14] 2026-07-30 15:17:14 | INFO     | KDClient 0 round 19 public KD (epochs=2)
[2026-07-30 15:17:39] 2026-07-30 15:17:39 | INFO     | KDClient 0 round 19 local training (epochs=4)
[2026-07-30 15:17:51] 2026-07-30 15:17:51 | INFO     | KDClient 0 round 19 completed (acc=0.3091, n=38)
[2026-07-30 15:17:51] 2026-07-30 15:17:51 | INFO     | KDClient 1 fit round 19 (tier=small)
[2026-07-30 15:17:51] 2026-07-30 15:17:51 | INFO     | KDClient 1 round 19 public KD (epochs=2)
[2026-07-30 15:18:17] 2026-07-30 15:18:17 | INFO     | KDClient 1 round 19 local training (epochs=4)
[2026-07-30 15:18:30] 2026-07-30 15:18:30 | INFO     | KDClient 1 round 19 completed (acc=0.3091, n=47)
[2026-07-30 15:18:30] 2026-07-30 15:18:30 | INFO     | KDClient 2 fit round 19 (tier=small)
[2026-07-30 15:18:30] 2026-07-30 15:18:30 | INFO     | KDClient 2 round 19 public KD (epochs=2)
[2026-07-30 15:19:09] 2026-07-30 15:19:09 | INFO     | KDClient 2 round 19 local training (epochs=4)
[2026-07-30 15:19:40] 2026-07-30 15:19:40 | INFO     | KDClient 2 round 19 completed (acc=0.0000, n=178)
[2026-07-30 15:19:40] 2026-07-30 15:19:40 | INFO     | KDClient 3 fit round 19 (tier=small)
[2026-07-30 15:19:40] 2026-07-30 15:19:40 | INFO     | KDClient 3 round 19 public KD (epochs=2)
[2026-07-30 15:20:27] 2026-07-30 15:20:27 | INFO     | KDClient 3 round 19 local training (epochs=4)
[2026-07-30 15:20:56] 2026-07-30 15:20:56 | INFO     | KDClient 3 round 19 completed (acc=0.0000, n=67)
[2026-07-30 15:20:56] 2026-07-30 15:20:56 | INFO     | KDClient 4 fit round 19 (tier=small)
[2026-07-30 15:20:56] 2026-07-30 15:20:56 | INFO     | KDClient 4 round 19 public KD (epochs=2)
[2026-07-30 15:21:40] 2026-07-30 15:21:40 | INFO     | KDClient 4 round 19 local training (epochs=4)
[2026-07-30 15:22:00] 2026-07-30 15:22:00 | INFO     | KDClient 4 round 19 completed (acc=0.0000, n=33)
[2026-07-30 15:22:00] 2026-07-30 15:22:00 | INFO     | KDClient 5 fit round 19 (tier=small)
[2026-07-30 15:22:00] 2026-07-30 15:22:00 | INFO     | KDClient 5 round 19 public KD (epochs=2)
[2026-07-30 15:22:38] 2026-07-30 15:22:38 | INFO     | KDClient 5 round 19 local training (epochs=4)
[2026-07-30 15:22:56] 2026-07-30 15:22:56 | INFO     | KDClient 5 round 19 completed (acc=0.3091, n=48)
[2026-07-30 15:22:56] 2026-07-30 15:22:56 | INFO     | KDClient 6 fit round 19 (tier=small)
[2026-07-30 15:22:56] 2026-07-30 15:22:56 | INFO     | KDClient 6 round 19 public KD (epochs=2)
[2026-07-30 15:23:39] 2026-07-30 15:23:39 | INFO     | KDClient 6 round 19 local training (epochs=4)
[2026-07-30 15:23:56] 2026-07-30 15:23:56 | INFO     | KDClient 6 round 19 completed (acc=0.0000, n=37)
[2026-07-30 15:23:56] 2026-07-30 15:23:56 | INFO     | KDClient 7 fit round 19 (tier=medium)
[2026-07-30 15:23:56] 2026-07-30 15:23:56 | INFO     | KDClient 7 round 19 public KD (epochs=2)
[2026-07-30 15:25:47] 2026-07-30 15:25:47 | INFO     | KDClient 7 round 19 local training (epochs=4)
[2026-07-30 15:27:02] 2026-07-30 15:27:02 | INFO     | KDClient 7 round 19 completed (acc=0.0691, n=83)
[2026-07-30 15:27:02] 2026-07-30 15:27:02 | INFO     | KDClient 8 fit round 19 (tier=medium)
[2026-07-30 15:27:02] 2026-07-30 15:27:02 | INFO     | KDClient 8 round 19 public KD (epochs=2)
[2026-07-30 15:28:58] 2026-07-30 15:28:58 | INFO     | KDClient 8 round 19 local training (epochs=4)
[2026-07-30 15:29:54] 2026-07-30 15:29:54 | INFO     | KDClient 8 round 19 completed (acc=0.3091, n=24)
[2026-07-30 15:29:54] 2026-07-30 15:29:54 | INFO     | KDClient 9 fit round 19 (tier=medium)
[2026-07-30 15:29:54] 2026-07-30 15:29:54 | INFO     | KDClient 9 round 19 public KD (epochs=2)
[2026-07-30 15:31:42] 2026-07-30 15:31:42 | INFO     | KDClient 9 round 19 local training (epochs=4)
[2026-07-30 15:32:36] 2026-07-30 15:32:36 | INFO     | KDClient 9 round 19 completed (acc=0.3091, n=26)
[2026-07-30 15:32:36] 2026-07-30 15:32:36 | INFO     | KDClient 10 fit round 19 (tier=medium)
[2026-07-30 15:32:36] 2026-07-30 15:32:36 | INFO     | KDClient 10 round 19 public KD (epochs=2)
[2026-07-30 15:34:13] 2026-07-30 15:34:13 | INFO     | KDClient 10 round 19 local training (epochs=4)
[2026-07-30 15:35:01] 2026-07-30 15:35:01 | INFO     | KDClient 10 round 19 completed (acc=0.3091, n=29)
[2026-07-30 15:35:01] 2026-07-30 15:35:01 | INFO     | KDClient 11 fit round 19 (tier=medium)
[2026-07-30 15:35:01] 2026-07-30 15:35:01 | INFO     | KDClient 11 round 19 public KD (epochs=2)
[2026-07-30 15:36:42] 2026-07-30 15:36:42 | INFO     | KDClient 11 round 19 local training (epochs=4)
[2026-07-30 15:37:29] 2026-07-30 15:37:29 | INFO     | KDClient 11 round 19 completed (acc=0.0000, n=26)
[2026-07-30 15:37:29] 2026-07-30 15:37:29 | INFO     | KDClient 12 fit round 19 (tier=medium)
[2026-07-30 15:37:29] 2026-07-30 15:37:29 | INFO     | KDClient 12 round 19 public KD (epochs=2)
[2026-07-30 15:39:12] 2026-07-30 15:39:12 | INFO     | KDClient 12 round 19 local training (epochs=4)
[2026-07-30 15:40:04] 2026-07-30 15:40:04 | INFO     | KDClient 12 round 19 completed (acc=0.3091, n=45)
[2026-07-30 15:40:04] 2026-07-30 15:40:04 | INFO     | KDClient 13 fit round 19 (tier=medium)
[2026-07-30 15:40:04] 2026-07-30 15:40:04 | INFO     | KDClient 13 round 19 public KD (epochs=2)
[2026-07-30 15:41:51] 2026-07-30 15:41:51 | INFO     | KDClient 13 round 19 local training (epochs=4)
[2026-07-30 15:42:55] 2026-07-30 15:42:55 | INFO     | KDClient 13 round 19 completed (acc=0.2545, n=76)
[2026-07-30 15:42:55] 2026-07-30 15:42:55 | INFO     | KDClient 14 fit round 19 (tier=large)
[2026-07-30 15:42:55] 2026-07-30 15:42:55 | INFO     | KDClient 14 round 19 public KD (epochs=2)
[2026-07-30 15:45:35] 2026-07-30 15:45:35 | INFO     | KDClient 14 round 19 local training (epochs=4)
[2026-07-30 15:47:35] 2026-07-30 15:47:35 | INFO     | KDClient 14 round 19 completed (acc=0.3055, n=139)
[2026-07-30 15:47:35] 2026-07-30 15:47:35 | INFO     | KDClient 15 fit round 19 (tier=large)
[2026-07-30 15:47:35] 2026-07-30 15:47:35 | INFO     | KDClient 15 round 19 public KD (epochs=2)
[2026-07-30 15:50:10] 2026-07-30 15:50:10 | INFO     | KDClient 15 round 19 local training (epochs=4)
[2026-07-30 15:51:33] 2026-07-30 15:51:33 | INFO     | KDClient 15 round 19 completed (acc=0.3091, n=39)
[2026-07-30 15:51:33] 2026-07-30 15:51:33 | INFO     | KDClient 16 fit round 19 (tier=large)
[2026-07-30 15:51:33] 2026-07-30 15:51:33 | INFO     | KDClient 16 round 19 public KD (epochs=2)
[2026-07-30 15:54:04] 2026-07-30 15:54:04 | INFO     | KDClient 16 round 19 local training (epochs=4)
[2026-07-30 15:55:25] 2026-07-30 15:55:25 | INFO     | KDClient 16 round 19 completed (acc=0.0000, n=37)
[2026-07-30 15:55:25] 2026-07-30 15:55:25 | INFO     | KDClient 17 fit round 19 (tier=large)
[2026-07-30 15:55:25] 2026-07-30 15:55:25 | INFO     | KDClient 17 round 19 public KD (epochs=2)
[2026-07-30 15:57:56] 2026-07-30 15:57:56 | INFO     | KDClient 17 round 19 local training (epochs=4)
[2026-07-30 15:59:16] 2026-07-30 15:59:16 | INFO     | KDClient 17 round 19 completed (acc=0.0000, n=35)
[2026-07-30 15:59:16] 2026-07-30 15:59:16 | INFO     | KDClient 18 fit round 19 (tier=large)
[2026-07-30 15:59:16] 2026-07-30 15:59:16 | INFO     | KDClient 18 round 19 public KD (epochs=2)
[2026-07-30 16:01:46] 2026-07-30 16:01:46 | INFO     | KDClient 18 round 19 local training (epochs=4)
[2026-07-30 16:02:59] 2026-07-30 16:02:59 | INFO     | KDClient 18 round 19 completed (acc=0.2473, n=37)
[2026-07-30 16:02:59] 2026-07-30 16:02:59 | INFO     | KDClient 19 fit round 19 (tier=large)
[2026-07-30 16:02:59] 2026-07-30 16:02:59 | INFO     | KDClient 19 round 19 public KD (epochs=2)
[2026-07-30 16:05:31] 2026-07-30 16:05:31 | INFO     | KDClient 19 round 19 local training (epochs=4)
[2026-07-30 16:06:57] 2026-07-30 16:06:57 | INFO     | KDClient 19 round 19 completed (acc=0.0000, n=56)
[2026-07-30 16:06:57]   Round  19/50 | Avg: 0.1675 | Min: 0.0000 | Max: 0.3091
[2026-07-30 16:06:57] 2026-07-30 16:06:57 | INFO     | FEDMD — NONIID: round 20/50 starting
[2026-07-30 16:06:57] 2026-07-30 16:06:57 | INFO     | KDClient 0 fit round 20 (tier=small)
[2026-07-30 16:06:57] 2026-07-30 16:06:57 | INFO     | KDClient 0 round 20 public KD (epochs=2)
[2026-07-30 16:07:59] 2026-07-30 16:07:59 | INFO     | KDClient 0 round 20 local training (epochs=4)
[2026-07-30 16:08:24] 2026-07-30 16:08:24 | INFO     | KDClient 0 round 20 completed (acc=0.3091, n=38)
[2026-07-30 16:08:24] 2026-07-30 16:08:24 | INFO     | KDClient 1 fit round 20 (tier=small)
[2026-07-30 16:08:24] 2026-07-30 16:08:24 | INFO     | KDClient 1 round 20 public KD (epochs=2)
[2026-07-30 16:09:29] 2026-07-30 16:09:29 | INFO     | KDClient 1 round 20 local training (epochs=4)
[2026-07-30 16:09:51] 2026-07-30 16:09:51 | INFO     | KDClient 1 round 20 completed (acc=0.3091, n=47)
[2026-07-30 16:09:51] 2026-07-30 16:09:51 | INFO     | KDClient 2 fit round 20 (tier=small)
[2026-07-30 16:09:51] 2026-07-30 16:09:51 | INFO     | KDClient 2 round 20 public KD (epochs=2)
[2026-07-30 16:10:31] 2026-07-30 16:10:31 | INFO     | KDClient 2 round 20 local training (epochs=4)
[2026-07-30 16:11:01] 2026-07-30 16:11:01 | INFO     | KDClient 2 round 20 completed (acc=0.0000, n=178)
[2026-07-30 16:11:01] 2026-07-30 16:11:01 | INFO     | KDClient 3 fit round 20 (tier=small)
[2026-07-30 16:11:01] 2026-07-30 16:11:01 | INFO     | KDClient 3 round 20 public KD (epochs=2)
[2026-07-30 16:11:40] 2026-07-30 16:11:40 | INFO     | KDClient 3 round 20 local training (epochs=4)
[2026-07-30 16:12:00] 2026-07-30 16:12:00 | INFO     | KDClient 3 round 20 completed (acc=0.0000, n=67)
[2026-07-30 16:12:00] 2026-07-30 16:12:00 | INFO     | KDClient 4 fit round 20 (tier=small)
[2026-07-30 16:12:00] 2026-07-30 16:12:00 | INFO     | KDClient 4 round 20 public KD (epochs=2)
[2026-07-30 16:12:43] 2026-07-30 16:12:43 | INFO     | KDClient 4 round 20 local training (epochs=4)
[2026-07-30 16:13:09] 2026-07-30 16:13:09 | INFO     | KDClient 4 round 20 completed (acc=0.0000, n=33)
[2026-07-30 16:13:09] 2026-07-30 16:13:09 | INFO     | KDClient 5 fit round 20 (tier=small)
[2026-07-30 16:13:09] 2026-07-30 16:13:09 | INFO     | KDClient 5 round 20 public KD (epochs=2)
[2026-07-30 16:13:53] 2026-07-30 16:13:53 | INFO     | KDClient 5 round 20 local training (epochs=4)
[2026-07-30 16:14:10] 2026-07-30 16:14:10 | INFO     | KDClient 5 round 20 completed (acc=0.3091, n=48)
[2026-07-30 16:14:10] 2026-07-30 16:14:10 | INFO     | KDClient 6 fit round 20 (tier=small)
[2026-07-30 16:14:10] 2026-07-30 16:14:10 | INFO     | KDClient 6 round 20 public KD (epochs=2)
[2026-07-30 16:14:45] 2026-07-30 16:14:45 | INFO     | KDClient 6 round 20 local training (epochs=4)
[2026-07-30 16:15:13] 2026-07-30 16:15:13 | INFO     | KDClient 6 round 20 completed (acc=0.0000, n=37)
[2026-07-30 16:15:13] 2026-07-30 16:15:13 | INFO     | KDClient 7 fit round 20 (tier=medium)
[2026-07-30 16:15:13] 2026-07-30 16:15:13 | INFO     | KDClient 7 round 20 public KD (epochs=2)
[2026-07-30 16:17:32] 2026-07-30 16:17:32 | INFO     | KDClient 7 round 20 local training (epochs=4)
[2026-07-30 16:19:03] 2026-07-30 16:19:03 | INFO     | KDClient 7 round 20 completed (acc=0.0727, n=83)
[2026-07-30 16:19:03] 2026-07-30 16:19:03 | INFO     | KDClient 8 fit round 20 (tier=medium)
[2026-07-30 16:19:03] 2026-07-30 16:19:03 | INFO     | KDClient 8 round 20 public KD (epochs=2)
[2026-07-30 16:20:49] 2026-07-30 16:20:49 | INFO     | KDClient 8 round 20 local training (epochs=4)
[2026-07-30 16:21:40] 2026-07-30 16:21:40 | INFO     | KDClient 8 round 20 completed (acc=0.3091, n=24)
[2026-07-30 16:21:40] 2026-07-30 16:21:40 | INFO     | KDClient 9 fit round 20 (tier=medium)
[2026-07-30 16:21:40] 2026-07-30 16:21:40 | INFO     | KDClient 9 round 20 public KD (epochs=2)
[2026-07-30 16:23:19] 2026-07-30 16:23:19 | INFO     | KDClient 9 round 20 local training (epochs=4)
[2026-07-30 16:24:06] 2026-07-30 16:24:06 | INFO     | KDClient 9 round 20 completed (acc=0.3091, n=26)
[2026-07-30 16:24:06] 2026-07-30 16:24:06 | INFO     | KDClient 10 fit round 20 (tier=medium)
[2026-07-30 16:24:06] 2026-07-30 16:24:06 | INFO     | KDClient 10 round 20 public KD (epochs=2)
[2026-07-30 16:25:53] 2026-07-30 16:25:53 | INFO     | KDClient 10 round 20 local training (epochs=4)
[2026-07-30 16:26:41] 2026-07-30 16:26:41 | INFO     | KDClient 10 round 20 completed (acc=0.3091, n=29)
[2026-07-30 16:26:41] 2026-07-30 16:26:41 | INFO     | KDClient 11 fit round 20 (tier=medium)
[2026-07-30 16:26:41] 2026-07-30 16:26:41 | INFO     | KDClient 11 round 20 public KD (epochs=2)
[2026-07-30 16:28:20] 2026-07-30 16:28:20 | INFO     | KDClient 11 round 20 local training (epochs=4)
[2026-07-30 16:29:10] 2026-07-30 16:29:10 | INFO     | KDClient 11 round 20 completed (acc=0.0000, n=26)
[2026-07-30 16:29:10] 2026-07-30 16:29:10 | INFO     | KDClient 12 fit round 20 (tier=medium)
[2026-07-30 16:29:10] 2026-07-30 16:29:10 | INFO     | KDClient 12 round 20 public KD (epochs=2)
[2026-07-30 16:31:28] 2026-07-30 16:31:28 | INFO     | KDClient 12 round 20 local training (epochs=4)
[2026-07-30 16:32:24] 2026-07-30 16:32:24 | INFO     | KDClient 12 round 20 completed (acc=0.3091, n=45)
[2026-07-30 16:32:24] 2026-07-30 16:32:24 | INFO     | KDClient 13 fit round 20 (tier=medium)
[2026-07-30 16:32:24] 2026-07-30 16:32:24 | INFO     | KDClient 13 round 20 public KD (epochs=2)
[2026-07-30 16:34:12] 2026-07-30 16:34:12 | INFO     | KDClient 13 round 20 local training (epochs=4)
[2026-07-30 16:35:20] 2026-07-30 16:35:20 | INFO     | KDClient 13 round 20 completed (acc=0.2836, n=76)
[2026-07-30 16:35:20] 2026-07-30 16:35:20 | INFO     | KDClient 14 fit round 20 (tier=large)
[2026-07-30 16:35:20] 2026-07-30 16:35:20 | INFO     | KDClient 14 round 20 public KD (epochs=2)
[2026-07-30 16:38:05] 2026-07-30 16:38:05 | INFO     | KDClient 14 round 20 local training (epochs=4)
[2026-07-30 16:39:57] 2026-07-30 16:39:57 | INFO     | KDClient 14 round 20 completed (acc=0.3091, n=139)
[2026-07-30 16:39:57] 2026-07-30 16:39:57 | INFO     | KDClient 15 fit round 20 (tier=large)
[2026-07-30 16:39:57] 2026-07-30 16:39:57 | INFO     | KDClient 15 round 20 public KD (epochs=2)
[2026-07-30 16:42:27] 2026-07-30 16:42:27 | INFO     | KDClient 15 round 20 local training (epochs=4)
[2026-07-30 16:43:58] 2026-07-30 16:43:58 | INFO     | KDClient 15 round 20 completed (acc=0.3091, n=39)
[2026-07-30 16:43:58] 2026-07-30 16:43:58 | INFO     | KDClient 16 fit round 20 (tier=large)
[2026-07-30 16:43:58] 2026-07-30 16:43:58 | INFO     | KDClient 16 round 20 public KD (epochs=2)
[2026-07-30 16:46:29] 2026-07-30 16:46:29 | INFO     | KDClient 16 round 20 local training (epochs=4)
[2026-07-30 16:47:47] 2026-07-30 16:47:47 | INFO     | KDClient 16 round 20 completed (acc=0.0000, n=37)
[2026-07-30 16:47:47] 2026-07-30 16:47:47 | INFO     | KDClient 17 fit round 20 (tier=large)
[2026-07-30 16:47:47] 2026-07-30 16:47:47 | INFO     | KDClient 17 round 20 public KD (epochs=2)
[2026-07-30 16:50:12] 2026-07-30 16:50:12 | INFO     | KDClient 17 round 20 local training (epochs=4)
[2026-07-30 16:51:36] 2026-07-30 16:51:36 | INFO     | KDClient 17 round 20 completed (acc=0.0000, n=35)
[2026-07-30 16:51:36] 2026-07-30 16:51:36 | INFO     | KDClient 18 fit round 20 (tier=large)
[2026-07-30 16:51:36] 2026-07-30 16:51:36 | INFO     | KDClient 18 round 20 public KD (epochs=2)
[2026-07-30 16:54:07] 2026-07-30 16:54:07 | INFO     | KDClient 18 round 20 local training (epochs=4)
[2026-07-30 16:55:32] 2026-07-30 16:55:32 | INFO     | KDClient 18 round 20 completed (acc=0.1964, n=37)
[2026-07-30 16:55:32] 2026-07-30 16:55:32 | INFO     | KDClient 19 fit round 20 (tier=large)
[2026-07-30 16:55:32] 2026-07-30 16:55:32 | INFO     | KDClient 19 round 20 public KD (epochs=2)
[2026-07-30 16:58:12] 2026-07-30 16:58:12 | INFO     | KDClient 19 round 20 local training (epochs=4)
[2026-07-30 16:59:46] 2026-07-30 16:59:46 | INFO     | KDClient 19 round 20 completed (acc=0.0000, n=56)
[2026-07-30 16:59:46]   Round  20/50 | Avg: 0.1667 | Min: 0.0000 | Max: 0.3091
[2026-07-30 16:59:46] 2026-07-30 16:59:46 | INFO     | FEDMD — NONIID: round 21/50 starting
[2026-07-30 16:59:46] 2026-07-30 16:59:46 | INFO     | KDClient 0 fit round 21 (tier=small)
[2026-07-30 16:59:46] 2026-07-30 16:59:46 | INFO     | KDClient 0 round 21 public KD (epochs=2)
[2026-07-30 17:00:32] 2026-07-30 17:00:32 | INFO     | KDClient 0 round 21 local training (epochs=4)
[2026-07-30 17:00:47] 2026-07-30 17:00:47 | INFO     | KDClient 0 round 21 completed (acc=0.3091, n=38)
[2026-07-30 17:00:47] 2026-07-30 17:00:47 | INFO     | KDClient 1 fit round 21 (tier=small)
[2026-07-30 17:00:47] 2026-07-30 17:00:47 | INFO     | KDClient 1 round 21 public KD (epochs=2)
[2026-07-30 17:01:46] 2026-07-30 17:01:46 | INFO     | KDClient 1 round 21 local training (epochs=4)
[2026-07-30 17:02:10] 2026-07-30 17:02:10 | INFO     | KDClient 1 round 21 completed (acc=0.3091, n=47)
[2026-07-30 17:02:10] 2026-07-30 17:02:10 | INFO     | KDClient 2 fit round 21 (tier=small)
[2026-07-30 17:02:10] 2026-07-30 17:02:10 | INFO     | KDClient 2 round 21 public KD (epochs=2)
[2026-07-30 17:02:50] 2026-07-30 17:02:50 | INFO     | KDClient 2 round 21 local training (epochs=4)
[2026-07-30 17:03:24] 2026-07-30 17:03:24 | INFO     | KDClient 2 round 21 completed (acc=0.0000, n=178)
[2026-07-30 17:03:24] 2026-07-30 17:03:24 | INFO     | KDClient 3 fit round 21 (tier=small)
[2026-07-30 17:03:24] 2026-07-30 17:03:24 | INFO     | KDClient 3 round 21 public KD (epochs=2)
[2026-07-30 17:04:27] 2026-07-30 17:04:27 | INFO     | KDClient 3 round 21 local training (epochs=4)
[2026-07-30 17:04:53] 2026-07-30 17:04:53 | INFO     | KDClient 3 round 21 completed (acc=0.0145, n=67)
[2026-07-30 17:04:53] 2026-07-30 17:04:53 | INFO     | KDClient 4 fit round 21 (tier=small)
[2026-07-30 17:04:53] 2026-07-30 17:04:53 | INFO     | KDClient 4 round 21 public KD (epochs=2)
[2026-07-30 17:05:37] 2026-07-30 17:05:37 | INFO     | KDClient 4 round 21 local training (epochs=4)
[2026-07-30 17:06:04] 2026-07-30 17:06:04 | INFO     | KDClient 4 round 21 completed (acc=0.0000, n=33)
[2026-07-30 17:06:04] 2026-07-30 17:06:04 | INFO     | KDClient 5 fit round 21 (tier=small)
[2026-07-30 17:06:04] 2026-07-30 17:06:04 | INFO     | KDClient 5 round 21 public KD (epochs=2)
[2026-07-30 17:06:46] 2026-07-30 17:06:46 | INFO     | KDClient 5 round 21 local training (epochs=4)
[2026-07-30 17:07:09] 2026-07-30 17:07:09 | INFO     | KDClient 5 round 21 completed (acc=0.3091, n=48)
[2026-07-30 17:07:09] 2026-07-30 17:07:09 | INFO     | KDClient 6 fit round 21 (tier=small)
[2026-07-30 17:07:09] 2026-07-30 17:07:09 | INFO     | KDClient 6 round 21 public KD (epochs=2)
[2026-07-30 17:07:50] 2026-07-30 17:07:50 | INFO     | KDClient 6 round 21 local training (epochs=4)
[2026-07-30 17:08:15] 2026-07-30 17:08:15 | INFO     | KDClient 6 round 21 completed (acc=0.0000, n=37)
[2026-07-30 17:08:15] 2026-07-30 17:08:15 | INFO     | KDClient 7 fit round 21 (tier=medium)
[2026-07-30 17:08:15] 2026-07-30 17:08:15 | INFO     | KDClient 7 round 21 public KD (epochs=2)
[2026-07-30 17:10:30] 2026-07-30 17:10:30 | INFO     | KDClient 7 round 21 local training (epochs=4)
[2026-07-30 17:11:34] 2026-07-30 17:11:34 | INFO     | KDClient 7 round 21 completed (acc=0.0400, n=83)
[2026-07-30 17:11:34] 2026-07-30 17:11:34 | INFO     | KDClient 8 fit round 21 (tier=medium)
[2026-07-30 17:11:34] 2026-07-30 17:11:34 | INFO     | KDClient 8 round 21 public KD (epochs=2)
[2026-07-30 17:13:21] 2026-07-30 17:13:21 | INFO     | KDClient 8 round 21 local training (epochs=4)
[2026-07-30 17:14:08] 2026-07-30 17:14:08 | INFO     | KDClient 8 round 21 completed (acc=0.3091, n=24)
[2026-07-30 17:14:08] 2026-07-30 17:14:08 | INFO     | KDClient 9 fit round 21 (tier=medium)
[2026-07-30 17:14:08] 2026-07-30 17:14:08 | INFO     | KDClient 9 round 21 public KD (epochs=2)
[2026-07-30 17:15:53] 2026-07-30 17:15:53 | INFO     | KDClient 9 round 21 local training (epochs=4)
[2026-07-30 17:16:50] 2026-07-30 17:16:50 | INFO     | KDClient 9 round 21 completed (acc=0.3091, n=26)
[2026-07-30 17:16:50] 2026-07-30 17:16:50 | INFO     | KDClient 10 fit round 21 (tier=medium)
[2026-07-30 17:16:50] 2026-07-30 17:16:50 | INFO     | KDClient 10 round 21 public KD (epochs=2)
[2026-07-30 17:18:32] 2026-07-30 17:18:32 | INFO     | KDClient 10 round 21 local training (epochs=4)
[2026-07-30 17:19:30] 2026-07-30 17:19:30 | INFO     | KDClient 10 round 21 completed (acc=0.3091, n=29)
[2026-07-30 17:19:30] 2026-07-30 17:19:30 | INFO     | KDClient 11 fit round 21 (tier=medium)
[2026-07-30 17:19:30] 2026-07-30 17:19:30 | INFO     | KDClient 11 round 21 public KD (epochs=2)
[2026-07-30 17:21:43] 2026-07-30 17:21:43 | INFO     | KDClient 11 round 21 local training (epochs=4)
[2026-07-30 17:22:45] 2026-07-30 17:22:45 | INFO     | KDClient 11 round 21 completed (acc=0.0000, n=26)
[2026-07-30 17:22:45] 2026-07-30 17:22:45 | INFO     | KDClient 12 fit round 21 (tier=medium)
[2026-07-30 17:22:45] 2026-07-30 17:22:45 | INFO     | KDClient 12 round 21 public KD (epochs=2)
[2026-07-30 17:25:05] 2026-07-30 17:25:05 | INFO     | KDClient 12 round 21 local training (epochs=4)
[2026-07-30 17:26:11] 2026-07-30 17:26:11 | INFO     | KDClient 12 round 21 completed (acc=0.3091, n=45)
[2026-07-30 17:26:11] 2026-07-30 17:26:11 | INFO     | KDClient 13 fit round 21 (tier=medium)
[2026-07-30 17:26:11] 2026-07-30 17:26:11 | INFO     | KDClient 13 round 21 public KD (epochs=2)
[2026-07-30 17:28:09] 2026-07-30 17:28:09 | INFO     | KDClient 13 round 21 local training (epochs=4)
[2026-07-30 17:29:15] 2026-07-30 17:29:15 | INFO     | KDClient 13 round 21 completed (acc=0.2218, n=76)
[2026-07-30 17:29:15] 2026-07-30 17:29:15 | INFO     | KDClient 14 fit round 21 (tier=large)
[2026-07-30 17:29:15] 2026-07-30 17:29:15 | INFO     | KDClient 14 round 21 public KD (epochs=2)
[2026-07-30 17:31:45] 2026-07-30 17:31:45 | INFO     | KDClient 14 round 21 local training (epochs=4)
[2026-07-30 17:33:52] 2026-07-30 17:33:52 | INFO     | KDClient 14 round 21 completed (acc=0.3055, n=139)
[2026-07-30 17:33:52] 2026-07-30 17:33:52 | INFO     | KDClient 15 fit round 21 (tier=large)
[2026-07-30 17:33:52] 2026-07-30 17:33:52 | INFO     | KDClient 15 round 21 public KD (epochs=2)
[2026-07-30 17:36:30] 2026-07-30 17:36:30 | INFO     | KDClient 15 round 21 local training (epochs=4)
[2026-07-30 17:37:46] 2026-07-30 17:37:46 | INFO     | KDClient 15 round 21 completed (acc=0.3091, n=39)
[2026-07-30 17:37:46] 2026-07-30 17:37:46 | INFO     | KDClient 16 fit round 21 (tier=large)
[2026-07-30 17:37:46] 2026-07-30 17:37:46 | INFO     | KDClient 16 round 21 public KD (epochs=2)
[2026-07-30 17:40:17] 2026-07-30 17:40:17 | INFO     | KDClient 16 round 21 local training (epochs=4)
[2026-07-30 17:41:49] 2026-07-30 17:41:49 | INFO     | KDClient 16 round 21 completed (acc=0.0000, n=37)
[2026-07-30 17:41:49] 2026-07-30 17:41:49 | INFO     | KDClient 17 fit round 21 (tier=large)
[2026-07-30 17:41:49] 2026-07-30 17:41:49 | INFO     | KDClient 17 round 21 public KD (epochs=2)
[2026-07-30 17:44:16] 2026-07-30 17:44:16 | INFO     | KDClient 17 round 21 local training (epochs=4)
[2026-07-30 17:45:35] 2026-07-30 17:45:35 | INFO     | KDClient 17 round 21 completed (acc=0.0000, n=35)
[2026-07-30 17:45:35] 2026-07-30 17:45:35 | INFO     | KDClient 18 fit round 21 (tier=large)
[2026-07-30 17:45:35] 2026-07-30 17:45:35 | INFO     | KDClient 18 round 21 public KD (epochs=2)
[2026-07-30 17:48:20] 2026-07-30 17:48:19 | INFO     | KDClient 18 round 21 local training (epochs=4)
[2026-07-30 17:50:07] 2026-07-30 17:50:07 | INFO     | KDClient 18 round 21 completed (acc=0.0000, n=37)
[2026-07-30 17:50:07] 2026-07-30 17:50:07 | INFO     | KDClient 19 fit round 21 (tier=large)
[2026-07-30 17:50:07] 2026-07-30 17:50:07 | INFO     | KDClient 19 round 21 public KD (epochs=2)
[2026-07-30 17:52:53] 2026-07-30 17:52:53 | INFO     | KDClient 19 round 21 local training (epochs=4)
[2026-07-30 17:54:17] 2026-07-30 17:54:17 | INFO     | KDClient 19 round 21 completed (acc=0.0000, n=56)
[2026-07-30 17:54:17]   Round  21/50 | Avg: 0.1527 | Min: 0.0000 | Max: 0.3091
[2026-07-30 17:54:17] 2026-07-30 17:54:17 | INFO     | FEDMD — NONIID: round 22/50 starting
[2026-07-30 17:54:17] 2026-07-30 17:54:17 | INFO     | KDClient 0 fit round 22 (tier=small)
[2026-07-30 17:54:17] 2026-07-30 17:54:17 | INFO     | KDClient 0 round 22 public KD (epochs=2)
[2026-07-30 17:54:55] 2026-07-30 17:54:55 | INFO     | KDClient 0 round 22 local training (epochs=4)
[2026-07-30 17:55:17] 2026-07-30 17:55:17 | INFO     | KDClient 0 round 22 completed (acc=0.3091, n=38)
[2026-07-30 17:55:17] 2026-07-30 17:55:17 | INFO     | KDClient 1 fit round 22 (tier=small)
[2026-07-30 17:55:17] 2026-07-30 17:55:17 | INFO     | KDClient 1 round 22 public KD (epochs=2)
[2026-07-30 17:55:57] 2026-07-30 17:55:57 | INFO     | KDClient 1 round 22 local training (epochs=4)
[2026-07-30 17:56:16] 2026-07-30 17:56:16 | INFO     | KDClient 1 round 22 completed (acc=0.3091, n=47)
[2026-07-30 17:56:16] 2026-07-30 17:56:16 | INFO     | KDClient 2 fit round 22 (tier=small)
[2026-07-30 17:56:16] 2026-07-30 17:56:16 | INFO     | KDClient 2 round 22 public KD (epochs=2)
[2026-07-30 17:56:55] 2026-07-30 17:56:55 | INFO     | KDClient 2 round 22 local training (epochs=4)
[2026-07-30 17:57:22] 2026-07-30 17:57:22 | INFO     | KDClient 2 round 22 completed (acc=0.0000, n=178)
[2026-07-30 17:57:22] 2026-07-30 17:57:22 | INFO     | KDClient 3 fit round 22 (tier=small)
[2026-07-30 17:57:22] 2026-07-30 17:57:22 | INFO     | KDClient 3 round 22 public KD (epochs=2)
[2026-07-30 17:57:54] 2026-07-30 17:57:54 | INFO     | KDClient 3 round 22 local training (epochs=4)
[2026-07-30 17:58:17] 2026-07-30 17:58:17 | INFO     | KDClient 3 round 22 completed (acc=0.2291, n=67)
[2026-07-30 17:58:17] 2026-07-30 17:58:17 | INFO     | KDClient 4 fit round 22 (tier=small)
[2026-07-30 17:58:17] 2026-07-30 17:58:17 | INFO     | KDClient 4 round 22 public KD (epochs=2)
[2026-07-30 17:58:57] 2026-07-30 17:58:57 | INFO     | KDClient 4 round 22 local training (epochs=4)
[2026-07-30 17:59:16] 2026-07-30 17:59:16 | INFO     | KDClient 4 round 22 completed (acc=0.0000, n=33)
[2026-07-30 17:59:16] 2026-07-30 17:59:16 | INFO     | KDClient 5 fit round 22 (tier=small)
[2026-07-30 17:59:16] 2026-07-30 17:59:16 | INFO     | KDClient 5 round 22 public KD (epochs=2)
[2026-07-30 17:59:56] 2026-07-30 17:59:56 | INFO     | KDClient 5 round 22 local training (epochs=4)
[2026-07-30 18:00:18] 2026-07-30 18:00:18 | INFO     | KDClient 5 round 22 completed (acc=0.3091, n=48)
[2026-07-30 18:00:18] 2026-07-30 18:00:18 | INFO     | KDClient 6 fit round 22 (tier=small)
[2026-07-30 18:00:18] 2026-07-30 18:00:18 | INFO     | KDClient 6 round 22 public KD (epochs=2)
[2026-07-30 18:00:54] 2026-07-30 18:00:54 | INFO     | KDClient 6 round 22 local training (epochs=4)
[2026-07-30 18:01:16] 2026-07-30 18:01:16 | INFO     | KDClient 6 round 22 completed (acc=0.0000, n=37)
[2026-07-30 18:01:16] 2026-07-30 18:01:16 | INFO     | KDClient 7 fit round 22 (tier=medium)
[2026-07-30 18:01:16] 2026-07-30 18:01:16 | INFO     | KDClient 7 round 22 public KD (epochs=2)
[2026-07-30 18:03:00] 2026-07-30 18:03:00 | INFO     | KDClient 7 round 22 local training (epochs=4)
[2026-07-30 18:03:56] 2026-07-30 18:03:56 | INFO     | KDClient 7 round 22 completed (acc=0.0364, n=83)
[2026-07-30 18:03:56] 2026-07-30 18:03:56 | INFO     | KDClient 8 fit round 22 (tier=medium)
[2026-07-30 18:03:56] 2026-07-30 18:03:56 | INFO     | KDClient 8 round 22 public KD (epochs=2)
[2026-07-30 18:06:40] 2026-07-30 18:06:40 | INFO     | KDClient 8 round 22 local training (epochs=4)
[2026-07-30 18:07:28] 2026-07-30 18:07:28 | INFO     | KDClient 8 round 22 completed (acc=0.3091, n=24)
[2026-07-30 18:07:28] 2026-07-30 18:07:28 | INFO     | KDClient 9 fit round 22 (tier=medium)
[2026-07-30 18:07:28] 2026-07-30 18:07:28 | INFO     | KDClient 9 round 22 public KD (epochs=2)
[2026-07-30 18:09:40] 2026-07-30 18:09:40 | INFO     | KDClient 9 round 22 local training (epochs=4)
[2026-07-30 18:10:31] 2026-07-30 18:10:31 | INFO     | KDClient 9 round 22 completed (acc=0.3091, n=26)
[2026-07-30 18:10:31] 2026-07-30 18:10:31 | INFO     | KDClient 10 fit round 22 (tier=medium)
[2026-07-30 18:10:31] 2026-07-30 18:10:31 | INFO     | KDClient 10 round 22 public KD (epochs=2)
[2026-07-30 18:12:51] 2026-07-30 18:12:51 | INFO     | KDClient 10 round 22 local training (epochs=4)
[2026-07-30 18:13:55] 2026-07-30 18:13:55 | INFO     | KDClient 10 round 22 completed (acc=0.3091, n=29)
[2026-07-30 18:13:55] 2026-07-30 18:13:55 | INFO     | KDClient 11 fit round 22 (tier=medium)
[2026-07-30 18:13:55] 2026-07-30 18:13:55 | INFO     | KDClient 11 round 22 public KD (epochs=2)
[2026-07-30 18:16:17] 2026-07-30 18:16:17 | INFO     | KDClient 11 round 22 local training (epochs=4)
[2026-07-30 18:17:15] 2026-07-30 18:17:15 | INFO     | KDClient 11 round 22 completed (acc=0.0000, n=26)
[2026-07-30 18:17:15] 2026-07-30 18:17:15 | INFO     | KDClient 12 fit round 22 (tier=medium)
[2026-07-30 18:17:15] 2026-07-30 18:17:15 | INFO     | KDClient 12 round 22 public KD (epochs=2)
[2026-07-30 18:19:34] 2026-07-30 18:19:34 | INFO     | KDClient 12 round 22 local training (epochs=4)
[2026-07-30 18:20:27] 2026-07-30 18:20:27 | INFO     | KDClient 12 round 22 completed (acc=0.3091, n=45)
[2026-07-30 18:20:27] 2026-07-30 18:20:27 | INFO     | KDClient 13 fit round 22 (tier=medium)
[2026-07-30 18:20:27] 2026-07-30 18:20:27 | INFO     | KDClient 13 round 22 public KD (epochs=2)
[2026-07-30 18:22:11] 2026-07-30 18:22:11 | INFO     | KDClient 13 round 22 local training (epochs=4)
[2026-07-30 18:23:13] 2026-07-30 18:23:13 | INFO     | KDClient 13 round 22 completed (acc=0.2618, n=76)
[2026-07-30 18:23:13] 2026-07-30 18:23:13 | INFO     | KDClient 14 fit round 22 (tier=large)
[2026-07-30 18:23:13] 2026-07-30 18:23:13 | INFO     | KDClient 14 round 22 public KD (epochs=2)
[2026-07-30 18:25:51] 2026-07-30 18:25:51 | INFO     | KDClient 14 round 22 local training (epochs=4)
[2026-07-30 18:27:35] 2026-07-30 18:27:35 | INFO     | KDClient 14 round 22 completed (acc=0.2909, n=139)
[2026-07-30 18:27:35] 2026-07-30 18:27:35 | INFO     | KDClient 15 fit round 22 (tier=large)
[2026-07-30 18:27:35] 2026-07-30 18:27:35 | INFO     | KDClient 15 round 22 public KD (epochs=2)
[2026-07-30 18:30:06] 2026-07-30 18:30:06 | INFO     | KDClient 15 round 22 local training (epochs=4)
[2026-07-30 18:31:22] 2026-07-30 18:31:22 | INFO     | KDClient 15 round 22 completed (acc=0.3091, n=39)
[2026-07-30 18:31:22] 2026-07-30 18:31:22 | INFO     | KDClient 16 fit round 22 (tier=large)
[2026-07-30 18:31:22] 2026-07-30 18:31:22 | INFO     | KDClient 16 round 22 public KD (epochs=2)
[2026-07-30 18:34:02] 2026-07-30 18:34:01 | INFO     | KDClient 16 round 22 local training (epochs=4)
[2026-07-30 18:35:41] 2026-07-30 18:35:41 | INFO     | KDClient 16 round 22 completed (acc=0.0000, n=37)
[2026-07-30 18:35:41] 2026-07-30 18:35:41 | INFO     | KDClient 17 fit round 22 (tier=large)
[2026-07-30 18:35:41] 2026-07-30 18:35:41 | INFO     | KDClient 17 round 22 public KD (epochs=2)
[2026-07-30 18:38:20] 2026-07-30 18:38:20 | INFO     | KDClient 17 round 22 local training (epochs=4)
[2026-07-30 18:40:07] 2026-07-30 18:40:07 | INFO     | KDClient 17 round 22 completed (acc=0.0000, n=35)
[2026-07-30 18:40:07] 2026-07-30 18:40:07 | INFO     | KDClient 18 fit round 22 (tier=large)
[2026-07-30 18:40:07] 2026-07-30 18:40:07 | INFO     | KDClient 18 round 22 public KD (epochs=2)
[2026-07-30 18:42:49] 2026-07-30 18:42:49 | INFO     | KDClient 18 round 22 local training (epochs=4)
[2026-07-30 18:44:24] 2026-07-30 18:44:24 | INFO     | KDClient 18 round 22 completed (acc=0.0000, n=37)
[2026-07-30 18:44:24] 2026-07-30 18:44:24 | INFO     | KDClient 19 fit round 22 (tier=large)
[2026-07-30 18:44:24] 2026-07-30 18:44:24 | INFO     | KDClient 19 round 22 public KD (epochs=2)
[2026-07-30 18:46:47] 2026-07-30 18:46:47 | INFO     | KDClient 19 round 22 local training (epochs=4)
[2026-07-30 18:48:18] 2026-07-30 18:48:18 | INFO     | KDClient 19 round 22 completed (acc=0.0000, n=56)
[2026-07-30 18:48:18]   Round  22/50 | Avg: 0.1645 | Min: 0.0000 | Max: 0.3091
[2026-07-30 18:48:18] 2026-07-30 18:48:18 | INFO     | FEDMD — NONIID: round 23/50 starting
[2026-07-30 18:48:18] 2026-07-30 18:48:18 | INFO     | KDClient 0 fit round 23 (tier=small)
[2026-07-30 18:48:18] 2026-07-30 18:48:18 | INFO     | KDClient 0 round 23 public KD (epochs=2)
[2026-07-30 18:48:56] 2026-07-30 18:48:56 | INFO     | KDClient 0 round 23 local training (epochs=4)
[2026-07-30 18:49:14] 2026-07-30 18:49:14 | INFO     | KDClient 0 round 23 completed (acc=0.3091, n=38)
[2026-07-30 18:49:14] 2026-07-30 18:49:14 | INFO     | KDClient 1 fit round 23 (tier=small)
[2026-07-30 18:49:14] 2026-07-30 18:49:14 | INFO     | KDClient 1 round 23 public KD (epochs=2)
[2026-07-30 18:49:41] 2026-07-30 18:49:41 | INFO     | KDClient 1 round 23 local training (epochs=4)
[2026-07-30 18:49:57] 2026-07-30 18:49:57 | INFO     | KDClient 1 round 23 completed (acc=0.3091, n=47)
[2026-07-30 18:49:57] 2026-07-30 18:49:57 | INFO     | KDClient 2 fit round 23 (tier=small)
[2026-07-30 18:49:57] 2026-07-30 18:49:57 | INFO     | KDClient 2 round 23 public KD (epochs=2)
[2026-07-30 18:50:33] 2026-07-30 18:50:33 | INFO     | KDClient 2 round 23 local training (epochs=4)
[2026-07-30 18:51:03] 2026-07-30 18:51:03 | INFO     | KDClient 2 round 23 completed (acc=0.0000, n=178)
[2026-07-30 18:51:03] 2026-07-30 18:51:03 | INFO     | KDClient 3 fit round 23 (tier=small)
[2026-07-30 18:51:03] 2026-07-30 18:51:03 | INFO     | KDClient 3 round 23 public KD (epochs=2)
[2026-07-30 18:51:46] 2026-07-30 18:51:46 | INFO     | KDClient 3 round 23 local training (epochs=4)
[2026-07-30 18:52:10] 2026-07-30 18:52:09 | INFO     | KDClient 3 round 23 completed (acc=0.0509, n=67)
[2026-07-30 18:52:10] 2026-07-30 18:52:09 | INFO     | KDClient 4 fit round 23 (tier=small)
[2026-07-30 18:52:10] 2026-07-30 18:52:09 | INFO     | KDClient 4 round 23 public KD (epochs=2)
[2026-07-30 18:52:50] 2026-07-30 18:52:50 | INFO     | KDClient 4 round 23 local training (epochs=4)
[2026-07-30 18:53:07] 2026-07-30 18:53:07 | INFO     | KDClient 4 round 23 completed (acc=0.0000, n=33)
[2026-07-30 18:53:07] 2026-07-30 18:53:07 | INFO     | KDClient 5 fit round 23 (tier=small)
[2026-07-30 18:53:07] 2026-07-30 18:53:07 | INFO     | KDClient 5 round 23 public KD (epochs=2)
[2026-07-30 18:53:42] 2026-07-30 18:53:42 | INFO     | KDClient 5 round 23 local training (epochs=4)
[2026-07-30 18:54:03] 2026-07-30 18:54:03 | INFO     | KDClient 5 round 23 completed (acc=0.3091, n=48)
[2026-07-30 18:54:03] 2026-07-30 18:54:03 | INFO     | KDClient 6 fit round 23 (tier=small)
[2026-07-30 18:54:03] 2026-07-30 18:54:03 | INFO     | KDClient 6 round 23 public KD (epochs=2)
[2026-07-30 18:54:42] 2026-07-30 18:54:42 | INFO     | KDClient 6 round 23 local training (epochs=4)
[2026-07-30 18:55:02] 2026-07-30 18:55:02 | INFO     | KDClient 6 round 23 completed (acc=0.0000, n=37)
[2026-07-30 18:55:02] 2026-07-30 18:55:02 | INFO     | KDClient 7 fit round 23 (tier=medium)
[2026-07-30 18:55:02] 2026-07-30 18:55:02 | INFO     | KDClient 7 round 23 public KD (epochs=2)
[2026-07-30 18:56:47] 2026-07-30 18:56:47 | INFO     | KDClient 7 round 23 local training (epochs=4)
[2026-07-30 18:57:51] 2026-07-30 18:57:51 | INFO     | KDClient 7 round 23 completed (acc=0.0764, n=83)
[2026-07-30 18:57:51] 2026-07-30 18:57:51 | INFO     | KDClient 8 fit round 23 (tier=medium)
[2026-07-30 18:57:51] 2026-07-30 18:57:51 | INFO     | KDClient 8 round 23 public KD (epochs=2)
[2026-07-30 19:00:35] 2026-07-30 19:00:35 | INFO     | KDClient 8 round 23 local training (epochs=4)
[2026-07-30 19:01:27] 2026-07-30 19:01:27 | INFO     | KDClient 8 round 23 completed (acc=0.3091, n=24)
[2026-07-30 19:01:27] 2026-07-30 19:01:27 | INFO     | KDClient 9 fit round 23 (tier=medium)
[2026-07-30 19:01:27] 2026-07-30 19:01:27 | INFO     | KDClient 9 round 23 public KD (epochs=2)
[2026-07-30 19:03:20] 2026-07-30 19:03:20 | INFO     | KDClient 9 round 23 local training (epochs=4)
[2026-07-30 19:04:21] 2026-07-30 19:04:21 | INFO     | KDClient 9 round 23 completed (acc=0.3091, n=26)
[2026-07-30 19:04:21] 2026-07-30 19:04:21 | INFO     | KDClient 10 fit round 23 (tier=medium)
[2026-07-30 19:04:21] 2026-07-30 19:04:21 | INFO     | KDClient 10 round 23 public KD (epochs=2)
[2026-07-30 19:06:40] 2026-07-30 19:06:40 | INFO     | KDClient 10 round 23 local training (epochs=4)
[2026-07-30 19:07:36] 2026-07-30 19:07:36 | INFO     | KDClient 10 round 23 completed (acc=0.3091, n=29)
[2026-07-30 19:07:36] 2026-07-30 19:07:36 | INFO     | KDClient 11 fit round 23 (tier=medium)
[2026-07-30 19:07:36] 2026-07-30 19:07:36 | INFO     | KDClient 11 round 23 public KD (epochs=2)
[2026-07-30 19:09:27] 2026-07-30 19:09:27 | INFO     | KDClient 11 round 23 local training (epochs=4)
[2026-07-30 19:10:29] 2026-07-30 19:10:29 | INFO     | KDClient 11 round 23 completed (acc=0.0000, n=26)
[2026-07-30 19:10:29] 2026-07-30 19:10:29 | INFO     | KDClient 12 fit round 23 (tier=medium)
[2026-07-30 19:10:29] 2026-07-30 19:10:29 | INFO     | KDClient 12 round 23 public KD (epochs=2)
[2026-07-30 19:12:10] 2026-07-30 19:12:10 | INFO     | KDClient 12 round 23 local training (epochs=4)
[2026-07-30 19:12:58] 2026-07-30 19:12:58 | INFO     | KDClient 12 round 23 completed (acc=0.3091, n=45)
[2026-07-30 19:12:58] 2026-07-30 19:12:58 | INFO     | KDClient 13 fit round 23 (tier=medium)
[2026-07-30 19:12:58] 2026-07-30 19:12:58 | INFO     | KDClient 13 round 23 public KD (epochs=2)
[2026-07-30 19:14:40] 2026-07-30 19:14:40 | INFO     | KDClient 13 round 23 local training (epochs=4)
[2026-07-30 19:15:40] 2026-07-30 19:15:40 | INFO     | KDClient 13 round 23 completed (acc=0.2582, n=76)
[2026-07-30 19:15:40] 2026-07-30 19:15:40 | INFO     | KDClient 14 fit round 23 (tier=large)
[2026-07-30 19:15:40] 2026-07-30 19:15:40 | INFO     | KDClient 14 round 23 public KD (epochs=2)
[2026-07-30 19:18:17] 2026-07-30 19:18:17 | INFO     | KDClient 14 round 23 local training (epochs=4)
[2026-07-30 19:20:03] 2026-07-30 19:20:03 | INFO     | KDClient 14 round 23 completed (acc=0.3055, n=139)
[2026-07-30 19:20:03] 2026-07-30 19:20:03 | INFO     | KDClient 15 fit round 23 (tier=large)
[2026-07-30 19:20:03] 2026-07-30 19:20:03 | INFO     | KDClient 15 round 23 public KD (epochs=2)
[2026-07-30 19:22:31] 2026-07-30 19:22:31 | INFO     | KDClient 15 round 23 local training (epochs=4)
[2026-07-30 19:24:09] 2026-07-30 19:24:09 | INFO     | KDClient 15 round 23 completed (acc=0.3091, n=39)
[2026-07-30 19:24:09] 2026-07-30 19:24:09 | INFO     | KDClient 16 fit round 23 (tier=large)
[2026-07-30 19:24:09] 2026-07-30 19:24:09 | INFO     | KDClient 16 round 23 public KD (epochs=2)
[2026-07-30 19:26:54] 2026-07-30 19:26:54 | INFO     | KDClient 16 round 23 local training (epochs=4)
[2026-07-30 19:28:16] 2026-07-30 19:28:16 | INFO     | KDClient 16 round 23 completed (acc=0.0000, n=37)
[2026-07-30 19:28:16] 2026-07-30 19:28:16 | INFO     | KDClient 17 fit round 23 (tier=large)
[2026-07-30 19:28:16] 2026-07-30 19:28:16 | INFO     | KDClient 17 round 23 public KD (epochs=2)
[2026-07-30 19:31:54] 2026-07-30 19:31:54 | INFO     | KDClient 17 round 23 local training (epochs=4)
[2026-07-30 19:33:17] 2026-07-30 19:33:17 | INFO     | KDClient 17 round 23 completed (acc=0.0000, n=35)
[2026-07-30 19:33:17] 2026-07-30 19:33:17 | INFO     | KDClient 18 fit round 23 (tier=large)
[2026-07-30 19:33:17] 2026-07-30 19:33:17 | INFO     | KDClient 18 round 23 public KD (epochs=2)
[2026-07-30 19:35:53] 2026-07-30 19:35:53 | INFO     | KDClient 18 round 23 local training (epochs=4)
[2026-07-30 19:37:06] 2026-07-30 19:37:06 | INFO     | KDClient 18 round 23 completed (acc=0.0000, n=37)
[2026-07-30 19:37:06] 2026-07-30 19:37:06 | INFO     | KDClient 19 fit round 23 (tier=large)
[2026-07-30 19:37:06] 2026-07-30 19:37:06 | INFO     | KDClient 19 round 23 public KD (epochs=2)
[2026-07-30 19:39:33] 2026-07-30 19:39:33 | INFO     | KDClient 19 round 23 local training (epochs=4)
[2026-07-30 19:40:47] 2026-07-30 19:40:47 | INFO     | KDClient 19 round 23 completed (acc=0.0000, n=56)
[2026-07-30 19:40:47]   Round  23/50 | Avg: 0.1582 | Min: 0.0000 | Max: 0.3091
[2026-07-30 19:40:47] 2026-07-30 19:40:47 | INFO     | FEDMD — NONIID: round 24/50 starting
[2026-07-30 19:40:47] 2026-07-30 19:40:47 | INFO     | KDClient 0 fit round 24 (tier=small)
[2026-07-30 19:40:47] 2026-07-30 19:40:47 | INFO     | KDClient 0 round 24 public KD (epochs=2)
[2026-07-30 19:41:19] 2026-07-30 19:41:19 | INFO     | KDClient 0 round 24 local training (epochs=4)
[2026-07-30 19:41:38] 2026-07-30 19:41:38 | INFO     | KDClient 0 round 24 completed (acc=0.3091, n=38)
[2026-07-30 19:41:38] 2026-07-30 19:41:38 | INFO     | KDClient 1 fit round 24 (tier=small)
[2026-07-30 19:41:38] 2026-07-30 19:41:38 | INFO     | KDClient 1 round 24 public KD (epochs=2)
[2026-07-30 19:42:38] 2026-07-30 19:42:38 | INFO     | KDClient 1 round 24 local training (epochs=4)
[2026-07-30 19:42:55] 2026-07-30 19:42:55 | INFO     | KDClient 1 round 24 completed (acc=0.3091, n=47)
[2026-07-30 19:42:55] 2026-07-30 19:42:55 | INFO     | KDClient 2 fit round 24 (tier=small)
[2026-07-30 19:42:55] 2026-07-30 19:42:55 | INFO     | KDClient 2 round 24 public KD (epochs=2)
[2026-07-30 19:43:30] 2026-07-30 19:43:30 | INFO     | KDClient 2 round 24 local training (epochs=4)
[2026-07-30 19:44:01] 2026-07-30 19:44:01 | INFO     | KDClient 2 round 24 completed (acc=0.0000, n=178)
[2026-07-30 19:44:01] 2026-07-30 19:44:01 | INFO     | KDClient 3 fit round 24 (tier=small)
[2026-07-30 19:44:01] 2026-07-30 19:44:01 | INFO     | KDClient 3 round 24 public KD (epochs=2)
[2026-07-30 19:44:42] 2026-07-30 19:44:42 | INFO     | KDClient 3 round 24 local training (epochs=4)
[2026-07-30 19:45:06] 2026-07-30 19:45:06 | INFO     | KDClient 3 round 24 completed (acc=0.1636, n=67)
[2026-07-30 19:45:06] 2026-07-30 19:45:06 | INFO     | KDClient 4 fit round 24 (tier=small)
[2026-07-30 19:45:06] 2026-07-30 19:45:06 | INFO     | KDClient 4 round 24 public KD (epochs=2)
[2026-07-30 19:45:45] 2026-07-30 19:45:45 | INFO     | KDClient 4 round 24 local training (epochs=4)
[2026-07-30 19:46:09] 2026-07-30 19:46:09 | INFO     | KDClient 4 round 24 completed (acc=0.0000, n=33)
[2026-07-30 19:46:09] 2026-07-30 19:46:09 | INFO     | KDClient 5 fit round 24 (tier=small)
[2026-07-30 19:46:09] 2026-07-30 19:46:09 | INFO     | KDClient 5 round 24 public KD (epochs=2)
[2026-07-30 19:46:53] 2026-07-30 19:46:53 | INFO     | KDClient 5 round 24 local training (epochs=4)
[2026-07-30 19:47:17] 2026-07-30 19:47:17 | INFO     | KDClient 5 round 24 completed (acc=0.3091, n=48)
[2026-07-30 19:47:17] 2026-07-30 19:47:17 | INFO     | KDClient 6 fit round 24 (tier=small)
[2026-07-30 19:47:17] 2026-07-30 19:47:17 | INFO     | KDClient 6 round 24 public KD (epochs=2)
[2026-07-30 19:47:59] 2026-07-30 19:47:59 | INFO     | KDClient 6 round 24 local training (epochs=4)
[2026-07-30 19:48:24] 2026-07-30 19:48:24 | INFO     | KDClient 6 round 24 completed (acc=0.0000, n=37)
[2026-07-30 19:48:24] 2026-07-30 19:48:24 | INFO     | KDClient 7 fit round 24 (tier=medium)
[2026-07-30 19:48:24] 2026-07-30 19:48:24 | INFO     | KDClient 7 round 24 public KD (epochs=2)
[2026-07-30 19:51:09] 2026-07-30 19:51:09 | INFO     | KDClient 7 round 24 local training (epochs=4)
[2026-07-30 19:52:14] 2026-07-30 19:52:14 | INFO     | KDClient 7 round 24 completed (acc=0.0982, n=83)
[2026-07-30 19:52:14] 2026-07-30 19:52:14 | INFO     | KDClient 8 fit round 24 (tier=medium)
[2026-07-30 19:52:14] 2026-07-30 19:52:14 | INFO     | KDClient 8 round 24 public KD (epochs=2)
[2026-07-30 19:54:35] 2026-07-30 19:54:35 | INFO     | KDClient 8 round 24 local training (epochs=4)
[2026-07-30 19:55:33] 2026-07-30 19:55:33 | INFO     | KDClient 8 round 24 completed (acc=0.3091, n=24)
[2026-07-30 19:55:33] 2026-07-30 19:55:33 | INFO     | KDClient 9 fit round 24 (tier=medium)
[2026-07-30 19:55:33] 2026-07-30 19:55:33 | INFO     | KDClient 9 round 24 public KD (epochs=2)
[2026-07-30 19:57:28] 2026-07-30 19:57:28 | INFO     | KDClient 9 round 24 local training (epochs=4)
[2026-07-30 19:58:18] 2026-07-30 19:58:18 | INFO     | KDClient 9 round 24 completed (acc=0.3091, n=26)
[2026-07-30 19:58:18] 2026-07-30 19:58:18 | INFO     | KDClient 10 fit round 24 (tier=medium)
[2026-07-30 19:58:18] 2026-07-30 19:58:18 | INFO     | KDClient 10 round 24 public KD (epochs=2)
[2026-07-30 20:00:08] 2026-07-30 20:00:08 | INFO     | KDClient 10 round 24 local training (epochs=4)
[2026-07-30 20:00:59] 2026-07-30 20:00:59 | INFO     | KDClient 10 round 24 completed (acc=0.3091, n=29)
[2026-07-30 20:00:59] 2026-07-30 20:00:59 | INFO     | KDClient 11 fit round 24 (tier=medium)
[2026-07-30 20:00:59] 2026-07-30 20:00:59 | INFO     | KDClient 11 round 24 public KD (epochs=2)
[2026-07-30 20:02:42] 2026-07-30 20:02:42 | INFO     | KDClient 11 round 24 local training (epochs=4)
[2026-07-30 20:03:34] 2026-07-30 20:03:34 | INFO     | KDClient 11 round 24 completed (acc=0.0000, n=26)
[2026-07-30 20:03:34] 2026-07-30 20:03:34 | INFO     | KDClient 12 fit round 24 (tier=medium)
[2026-07-30 20:03:34] 2026-07-30 20:03:34 | INFO     | KDClient 12 round 24 public KD (epochs=2)
[2026-07-30 20:05:17] 2026-07-30 20:05:17 | INFO     | KDClient 12 round 24 local training (epochs=4)
[2026-07-30 20:06:19] 2026-07-30 20:06:19 | INFO     | KDClient 12 round 24 completed (acc=0.3091, n=45)
[2026-07-30 20:06:19] 2026-07-30 20:06:19 | INFO     | KDClient 13 fit round 24 (tier=medium)
[2026-07-30 20:06:19] 2026-07-30 20:06:19 | INFO     | KDClient 13 round 24 public KD (epochs=2)
[2026-07-30 20:08:34] 2026-07-30 20:08:34 | INFO     | KDClient 13 round 24 local training (epochs=4)
[2026-07-30 20:09:36] 2026-07-30 20:09:36 | INFO     | KDClient 13 round 24 completed (acc=0.2255, n=76)
[2026-07-30 20:09:36] 2026-07-30 20:09:36 | INFO     | KDClient 14 fit round 24 (tier=large)
[2026-07-30 20:09:36] 2026-07-30 20:09:36 | INFO     | KDClient 14 round 24 public KD (epochs=2)
[2026-07-30 20:12:20] 2026-07-30 20:12:20 | INFO     | KDClient 14 round 24 local training (epochs=4)
[2026-07-30 20:14:33] 2026-07-30 20:14:33 | INFO     | KDClient 14 round 24 completed (acc=0.3018, n=139)
[2026-07-30 20:14:33] 2026-07-30 20:14:33 | INFO     | KDClient 15 fit round 24 (tier=large)
[2026-07-30 20:14:33] 2026-07-30 20:14:33 | INFO     | KDClient 15 round 24 public KD (epochs=2)
[2026-07-30 20:17:16] 2026-07-30 20:17:16 | INFO     | KDClient 15 round 24 local training (epochs=4)
[2026-07-30 20:18:33] 2026-07-30 20:18:33 | INFO     | KDClient 15 round 24 completed (acc=0.3091, n=39)
[2026-07-30 20:18:33] 2026-07-30 20:18:33 | INFO     | KDClient 16 fit round 24 (tier=large)
[2026-07-30 20:18:33] 2026-07-30 20:18:33 | INFO     | KDClient 16 round 24 public KD (epochs=2)
[2026-07-30 20:21:19] 2026-07-30 20:21:19 | INFO     | KDClient 16 round 24 local training (epochs=4)
[2026-07-30 20:22:41] 2026-07-30 20:22:41 | INFO     | KDClient 16 round 24 completed (acc=0.0000, n=37)
[2026-07-30 20:22:41] 2026-07-30 20:22:41 | INFO     | KDClient 17 fit round 24 (tier=large)
[2026-07-30 20:22:41] 2026-07-30 20:22:41 | INFO     | KDClient 17 round 24 public KD (epochs=2)
[2026-07-30 20:25:14] 2026-07-30 20:25:14 | INFO     | KDClient 17 round 24 local training (epochs=4)
[2026-07-30 20:26:32] 2026-07-30 20:26:32 | INFO     | KDClient 17 round 24 completed (acc=0.0000, n=35)
[2026-07-30 20:26:32] 2026-07-30 20:26:32 | INFO     | KDClient 18 fit round 24 (tier=large)
[2026-07-30 20:26:32] 2026-07-30 20:26:32 | INFO     | KDClient 18 round 24 public KD (epochs=2)
[2026-07-30 20:29:07] 2026-07-30 20:29:07 | INFO     | KDClient 18 round 24 local training (epochs=4)
[2026-07-30 20:30:23] 2026-07-30 20:30:23 | INFO     | KDClient 18 round 24 completed (acc=0.2655, n=37)
[2026-07-30 20:30:23] 2026-07-30 20:30:23 | INFO     | KDClient 19 fit round 24 (tier=large)
[2026-07-30 20:30:23] 2026-07-30 20:30:23 | INFO     | KDClient 19 round 24 public KD (epochs=2)
[2026-07-30 20:32:55] 2026-07-30 20:32:55 | INFO     | KDClient 19 round 24 local training (epochs=4)
[2026-07-30 20:34:23] 2026-07-30 20:34:23 | INFO     | KDClient 19 round 24 completed (acc=0.0000, n=56)
[2026-07-30 20:34:23]   Round  24/50 | Avg: 0.1764 | Min: 0.0000 | Max: 0.3091
[2026-07-30 20:34:23] 2026-07-30 20:34:23 | INFO     | FEDMD — NONIID: round 25/50 starting
[2026-07-30 20:34:23] 2026-07-30 20:34:23 | INFO     | KDClient 0 fit round 25 (tier=small)
[2026-07-30 20:34:23] 2026-07-30 20:34:23 | INFO     | KDClient 0 round 25 public KD (epochs=2)
[2026-07-30 20:35:03] 2026-07-30 20:35:03 | INFO     | KDClient 0 round 25 local training (epochs=4)
[2026-07-30 20:35:20] 2026-07-30 20:35:20 | INFO     | KDClient 0 round 25 completed (acc=0.3091, n=38)
[2026-07-30 20:35:20] 2026-07-30 20:35:20 | INFO     | KDClient 1 fit round 25 (tier=small)
[2026-07-30 20:35:20] 2026-07-30 20:35:20 | INFO     | KDClient 1 round 25 public KD (epochs=2)
[2026-07-30 20:35:59] 2026-07-30 20:35:59 | INFO     | KDClient 1 round 25 local training (epochs=4)
[2026-07-30 20:36:22] 2026-07-30 20:36:22 | INFO     | KDClient 1 round 25 completed (acc=0.3091, n=47)
[2026-07-30 20:36:22] 2026-07-30 20:36:22 | INFO     | KDClient 2 fit round 25 (tier=small)
[2026-07-30 20:36:22] 2026-07-30 20:36:22 | INFO     | KDClient 2 round 25 public KD (epochs=2)
[2026-07-30 20:37:00] 2026-07-30 20:37:00 | INFO     | KDClient 2 round 25 local training (epochs=4)
[2026-07-30 20:37:28] 2026-07-30 20:37:28 | INFO     | KDClient 2 round 25 completed (acc=0.0000, n=178)
[2026-07-30 20:37:28] 2026-07-30 20:37:28 | INFO     | KDClient 3 fit round 25 (tier=small)
[2026-07-30 20:37:28] 2026-07-30 20:37:28 | INFO     | KDClient 3 round 25 public KD (epochs=2)
[2026-07-30 20:38:31] 2026-07-30 20:38:31 | INFO     | KDClient 3 round 25 local training (epochs=4)
[2026-07-30 20:38:59] 2026-07-30 20:38:59 | INFO     | KDClient 3 round 25 completed (acc=0.1236, n=67)
[2026-07-30 20:38:59] 2026-07-30 20:38:59 | INFO     | KDClient 4 fit round 25 (tier=small)
[2026-07-30 20:38:59] 2026-07-30 20:38:59 | INFO     | KDClient 4 round 25 public KD (epochs=2)
[2026-07-30 20:39:45] 2026-07-30 20:39:45 | INFO     | KDClient 4 round 25 local training (epochs=4)
[2026-07-30 20:40:08] 2026-07-30 20:40:08 | INFO     | KDClient 4 round 25 completed (acc=0.0000, n=33)
[2026-07-30 20:40:08] 2026-07-30 20:40:08 | INFO     | KDClient 5 fit round 25 (tier=small)
[2026-07-30 20:40:08] 2026-07-30 20:40:08 | INFO     | KDClient 5 round 25 public KD (epochs=2)
[2026-07-30 20:40:48] 2026-07-30 20:40:48 | INFO     | KDClient 5 round 25 local training (epochs=4)
[2026-07-30 20:41:14] 2026-07-30 20:41:14 | INFO     | KDClient 5 round 25 completed (acc=0.3091, n=48)
[2026-07-30 20:41:14] 2026-07-30 20:41:14 | INFO     | KDClient 6 fit round 25 (tier=small)
[2026-07-30 20:41:14] 2026-07-30 20:41:14 | INFO     | KDClient 6 round 25 public KD (epochs=2)
[2026-07-30 20:41:57] 2026-07-30 20:41:57 | INFO     | KDClient 6 round 25 local training (epochs=4)
[2026-07-30 20:42:20] 2026-07-30 20:42:20 | INFO     | KDClient 6 round 25 completed (acc=0.0000, n=37)
[2026-07-30 20:42:20] 2026-07-30 20:42:20 | INFO     | KDClient 7 fit round 25 (tier=medium)
[2026-07-30 20:42:20] 2026-07-30 20:42:20 | INFO     | KDClient 7 round 25 public KD (epochs=2)
[2026-07-30 20:44:43] 2026-07-30 20:44:43 | INFO     | KDClient 7 round 25 local training (epochs=4)
[2026-07-30 20:45:58] 2026-07-30 20:45:58 | INFO     | KDClient 7 round 25 completed (acc=0.0145, n=83)
[2026-07-30 20:45:58] 2026-07-30 20:45:58 | INFO     | KDClient 8 fit round 25 (tier=medium)
[2026-07-30 20:45:58] 2026-07-30 20:45:58 | INFO     | KDClient 8 round 25 public KD (epochs=2)
[2026-07-30 20:48:23] 2026-07-30 20:48:23 | INFO     | KDClient 8 round 25 local training (epochs=4)
[2026-07-30 20:49:20] 2026-07-30 20:49:20 | INFO     | KDClient 8 round 25 completed (acc=0.3091, n=24)
[2026-07-30 20:49:20] 2026-07-30 20:49:20 | INFO     | KDClient 9 fit round 25 (tier=medium)
[2026-07-30 20:49:20] 2026-07-30 20:49:20 | INFO     | KDClient 9 round 25 public KD (epochs=2)
[2026-07-30 20:51:15] 2026-07-30 20:51:15 | INFO     | KDClient 9 round 25 local training (epochs=4)
[2026-07-30 20:52:10] 2026-07-30 20:52:10 | INFO     | KDClient 9 round 25 completed (acc=0.3091, n=26)
[2026-07-30 20:52:10] 2026-07-30 20:52:10 | INFO     | KDClient 10 fit round 25 (tier=medium)
[2026-07-30 20:52:10] 2026-07-30 20:52:10 | INFO     | KDClient 10 round 25 public KD (epochs=2)
[2026-07-30 20:53:56] 2026-07-30 20:53:56 | INFO     | KDClient 10 round 25 local training (epochs=4)
[2026-07-30 20:54:50] 2026-07-30 20:54:50 | INFO     | KDClient 10 round 25 completed (acc=0.3091, n=29)
[2026-07-30 20:54:50] 2026-07-30 20:54:50 | INFO     | KDClient 11 fit round 25 (tier=medium)
[2026-07-30 20:54:50] 2026-07-30 20:54:50 | INFO     | KDClient 11 round 25 public KD (epochs=2)
[2026-07-30 20:56:35] 2026-07-30 20:56:35 | INFO     | KDClient 11 round 25 local training (epochs=4)
[2026-07-30 20:57:24] 2026-07-30 20:57:24 | INFO     | KDClient 11 round 25 completed (acc=0.0000, n=26)
[2026-07-30 20:57:24] 2026-07-30 20:57:24 | INFO     | KDClient 12 fit round 25 (tier=medium)
[2026-07-30 20:57:24] 2026-07-30 20:57:24 | INFO     | KDClient 12 round 25 public KD (epochs=2)
[2026-07-30 20:59:39] 2026-07-30 20:59:39 | INFO     | KDClient 12 round 25 local training (epochs=4)
[2026-07-30 21:00:53] 2026-07-30 21:00:53 | INFO     | KDClient 12 round 25 completed (acc=0.3091, n=45)
[2026-07-30 21:00:53] 2026-07-30 21:00:53 | INFO     | KDClient 13 fit round 25 (tier=medium)
[2026-07-30 21:00:53] 2026-07-30 21:00:53 | INFO     | KDClient 13 round 25 public KD (epochs=2)
[2026-07-30 21:03:13] 2026-07-30 21:03:13 | INFO     | KDClient 13 round 25 local training (epochs=4)
[2026-07-30 21:04:19] 2026-07-30 21:04:19 | INFO     | KDClient 13 round 25 completed (acc=0.3091, n=76)
[2026-07-30 21:04:19] 2026-07-30 21:04:19 | INFO     | KDClient 14 fit round 25 (tier=large)
[2026-07-30 21:04:19] 2026-07-30 21:04:19 | INFO     | KDClient 14 round 25 public KD (epochs=2)
[2026-07-30 21:07:02] 2026-07-30 21:07:02 | INFO     | KDClient 14 round 25 local training (epochs=4)
[2026-07-30 21:08:54] 2026-07-30 21:08:54 | INFO     | KDClient 14 round 25 completed (acc=0.3055, n=139)
[2026-07-30 21:08:54] 2026-07-30 21:08:54 | INFO     | KDClient 15 fit round 25 (tier=large)
[2026-07-30 21:08:54] 2026-07-30 21:08:54 | INFO     | KDClient 15 round 25 public KD (epochs=2)
[2026-07-30 21:11:33] 2026-07-30 21:11:33 | INFO     | KDClient 15 round 25 local training (epochs=4)
[2026-07-30 21:12:57] 2026-07-30 21:12:57 | INFO     | KDClient 15 round 25 completed (acc=0.3091, n=39)
[2026-07-30 21:12:57] 2026-07-30 21:12:57 | INFO     | KDClient 16 fit round 25 (tier=large)
[2026-07-30 21:12:57] 2026-07-30 21:12:57 | INFO     | KDClient 16 round 25 public KD (epochs=2)
[2026-07-30 21:15:26] 2026-07-30 21:15:26 | INFO     | KDClient 16 round 25 local training (epochs=4)
[2026-07-30 21:16:44] 2026-07-30 21:16:44 | INFO     | KDClient 16 round 25 completed (acc=0.0000, n=37)
[2026-07-30 21:16:44] 2026-07-30 21:16:44 | INFO     | KDClient 17 fit round 25 (tier=large)
[2026-07-30 21:16:44] 2026-07-30 21:16:44 | INFO     | KDClient 17 round 25 public KD (epochs=2)
[2026-07-30 21:19:24] 2026-07-30 21:19:24 | INFO     | KDClient 17 round 25 local training (epochs=4)
[2026-07-30 21:20:57] 2026-07-30 21:20:57 | INFO     | KDClient 17 round 25 completed (acc=0.0000, n=35)
[2026-07-30 21:20:57] 2026-07-30 21:20:57 | INFO     | KDClient 18 fit round 25 (tier=large)
[2026-07-30 21:20:57] 2026-07-30 21:20:57 | INFO     | KDClient 18 round 25 public KD (epochs=2)
[2026-07-30 21:23:39] 2026-07-30 21:23:39 | INFO     | KDClient 18 round 25 local training (epochs=4)
[2026-07-30 21:24:51] 2026-07-30 21:24:51 | INFO     | KDClient 18 round 25 completed (acc=0.3055, n=37)
[2026-07-30 21:24:51] 2026-07-30 21:24:51 | INFO     | KDClient 19 fit round 25 (tier=large)
[2026-07-30 21:24:51] 2026-07-30 21:24:51 | INFO     | KDClient 19 round 25 public KD (epochs=2)
[2026-07-30 21:27:34] 2026-07-30 21:27:34 | INFO     | KDClient 19 round 25 local training (epochs=4)
[2026-07-30 21:28:56] 2026-07-30 21:28:56 | INFO     | KDClient 19 round 25 completed (acc=0.3055, n=56)
[2026-07-30 21:28:57]   Round  25/50 | Avg: 0.1918 | Min: 0.0000 | Max: 0.3091
[2026-07-30 21:28:57] 2026-07-30 21:28:57 | INFO     | FEDMD — NONIID: round 26/50 starting
[2026-07-30 21:28:57] 2026-07-30 21:28:57 | INFO     | KDClient 0 fit round 26 (tier=small)
[2026-07-30 21:28:57] 2026-07-30 21:28:57 | INFO     | KDClient 0 round 26 public KD (epochs=2)
[2026-07-30 21:29:35] 2026-07-30 21:29:35 | INFO     | KDClient 0 round 26 local training (epochs=4)
[2026-07-30 21:29:52] 2026-07-30 21:29:52 | INFO     | KDClient 0 round 26 completed (acc=0.0145, n=38)
[2026-07-30 21:29:52] 2026-07-30 21:29:52 | INFO     | KDClient 1 fit round 26 (tier=small)
[2026-07-30 21:29:52] 2026-07-30 21:29:52 | INFO     | KDClient 1 round 26 public KD (epochs=2)
[2026-07-30 21:30:36] 2026-07-30 21:30:36 | INFO     | KDClient 1 round 26 local training (epochs=4)
[2026-07-30 21:31:02] 2026-07-30 21:31:02 | INFO     | KDClient 1 round 26 completed (acc=0.3091, n=47)
[2026-07-30 21:31:02] 2026-07-30 21:31:02 | INFO     | KDClient 2 fit round 26 (tier=small)
[2026-07-30 21:31:02] 2026-07-30 21:31:02 | INFO     | KDClient 2 round 26 public KD (epochs=2)
[2026-07-30 21:32:04] 2026-07-30 21:32:04 | INFO     | KDClient 2 round 26 local training (epochs=4)
[2026-07-30 21:32:37] 2026-07-30 21:32:37 | INFO     | KDClient 2 round 26 completed (acc=0.0000, n=178)
[2026-07-30 21:32:37] 2026-07-30 21:32:37 | INFO     | KDClient 3 fit round 26 (tier=small)
[2026-07-30 21:32:37] 2026-07-30 21:32:37 | INFO     | KDClient 3 round 26 public KD (epochs=2)
[2026-07-30 21:33:17] 2026-07-30 21:33:17 | INFO     | KDClient 3 round 26 local training (epochs=4)
[2026-07-30 21:33:41] 2026-07-30 21:33:41 | INFO     | KDClient 3 round 26 completed (acc=0.2109, n=67)
[2026-07-30 21:33:41] 2026-07-30 21:33:41 | INFO     | KDClient 4 fit round 26 (tier=small)
[2026-07-30 21:33:41] 2026-07-30 21:33:41 | INFO     | KDClient 4 round 26 public KD (epochs=2)
[2026-07-30 21:34:45] 2026-07-30 21:34:45 | INFO     | KDClient 4 round 26 local training (epochs=4)
[2026-07-30 21:35:10] 2026-07-30 21:35:10 | INFO     | KDClient 4 round 26 completed (acc=0.0000, n=33)
[2026-07-30 21:35:10] 2026-07-30 21:35:10 | INFO     | KDClient 5 fit round 26 (tier=small)
[2026-07-30 21:35:10] 2026-07-30 21:35:10 | INFO     | KDClient 5 round 26 public KD (epochs=2)
[2026-07-30 21:35:53] 2026-07-30 21:35:53 | INFO     | KDClient 5 round 26 local training (epochs=4)
[2026-07-30 21:36:17] 2026-07-30 21:36:17 | INFO     | KDClient 5 round 26 completed (acc=0.3091, n=48)
[2026-07-30 21:36:17] 2026-07-30 21:36:17 | INFO     | KDClient 6 fit round 26 (tier=small)
[2026-07-30 21:36:17] 2026-07-30 21:36:17 | INFO     | KDClient 6 round 26 public KD (epochs=2)
[2026-07-30 21:36:56] 2026-07-30 21:36:56 | INFO     | KDClient 6 round 26 local training (epochs=4)
[2026-07-30 21:37:24] 2026-07-30 21:37:24 | INFO     | KDClient 6 round 26 completed (acc=0.0000, n=37)
[2026-07-30 21:37:24] 2026-07-30 21:37:24 | INFO     | KDClient 7 fit round 26 (tier=medium)
[2026-07-30 21:37:24] 2026-07-30 21:37:24 | INFO     | KDClient 7 round 26 public KD (epochs=2)
[2026-07-30 21:39:10] 2026-07-30 21:39:10 | INFO     | KDClient 7 round 26 local training (epochs=4)
[2026-07-30 21:40:10] 2026-07-30 21:40:10 | INFO     | KDClient 7 round 26 completed (acc=0.0327, n=83)
[2026-07-30 21:40:10] 2026-07-30 21:40:10 | INFO     | KDClient 8 fit round 26 (tier=medium)
[2026-07-30 21:40:10] 2026-07-30 21:40:10 | INFO     | KDClient 8 round 26 public KD (epochs=2)
[2026-07-30 21:41:53] 2026-07-30 21:41:53 | INFO     | KDClient 8 round 26 local training (epochs=4)
[2026-07-30 21:42:39] 2026-07-30 21:42:39 | INFO     | KDClient 8 round 26 completed (acc=0.3091, n=24)
[2026-07-30 21:42:39] 2026-07-30 21:42:39 | INFO     | KDClient 9 fit round 26 (tier=medium)
[2026-07-30 21:42:39] 2026-07-30 21:42:39 | INFO     | KDClient 9 round 26 public KD (epochs=2)
[2026-07-30 21:44:52] 2026-07-30 21:44:52 | INFO     | KDClient 9 round 26 local training (epochs=4)
[2026-07-30 21:45:42] 2026-07-30 21:45:42 | INFO     | KDClient 9 round 26 completed (acc=0.3091, n=26)
[2026-07-30 21:45:42] 2026-07-30 21:45:42 | INFO     | KDClient 10 fit round 26 (tier=medium)
[2026-07-30 21:45:42] 2026-07-30 21:45:42 | INFO     | KDClient 10 round 26 public KD (epochs=2)
[2026-07-30 21:47:55] 2026-07-30 21:47:55 | INFO     | KDClient 10 round 26 local training (epochs=4)
[2026-07-30 21:48:48] 2026-07-30 21:48:48 | INFO     | KDClient 10 round 26 completed (acc=0.3091, n=29)
[2026-07-30 21:48:48] 2026-07-30 21:48:48 | INFO     | KDClient 11 fit round 26 (tier=medium)
[2026-07-30 21:48:48] 2026-07-30 21:48:48 | INFO     | KDClient 11 round 26 public KD (epochs=2)
[2026-07-30 21:50:34] 2026-07-30 21:50:34 | INFO     | KDClient 11 round 26 local training (epochs=4)
[2026-07-30 21:51:28] 2026-07-30 21:51:28 | INFO     | KDClient 11 round 26 completed (acc=0.0000, n=26)
[2026-07-30 21:51:28] 2026-07-30 21:51:28 | INFO     | KDClient 12 fit round 26 (tier=medium)
[2026-07-30 21:51:28] 2026-07-30 21:51:28 | INFO     | KDClient 12 round 26 public KD (epochs=2)
[2026-07-30 21:53:15] 2026-07-30 21:53:15 | INFO     | KDClient 12 round 26 local training (epochs=4)
[2026-07-30 21:54:10] 2026-07-30 21:54:10 | INFO     | KDClient 12 round 26 completed (acc=0.3091, n=45)
[2026-07-30 21:54:10] 2026-07-30 21:54:10 | INFO     | KDClient 13 fit round 26 (tier=medium)
[2026-07-30 21:54:10] 2026-07-30 21:54:10 | INFO     | KDClient 13 round 26 public KD (epochs=2)
[2026-07-30 21:55:52] 2026-07-30 21:55:52 | INFO     | KDClient 13 round 26 local training (epochs=4)
[2026-07-30 21:56:50] 2026-07-30 21:56:50 | INFO     | KDClient 13 round 26 completed (acc=0.3018, n=76)
[2026-07-30 21:56:50] 2026-07-30 21:56:50 | INFO     | KDClient 14 fit round 26 (tier=large)
[2026-07-30 21:56:50] 2026-07-30 21:56:50 | INFO     | KDClient 14 round 26 public KD (epochs=2)
[2026-07-30 21:59:11] 2026-07-30 21:59:11 | INFO     | KDClient 14 round 26 local training (epochs=4)
[2026-07-30 22:01:23] 2026-07-30 22:01:23 | INFO     | KDClient 14 round 26 completed (acc=0.2945, n=139)
[2026-07-30 22:01:23] 2026-07-30 22:01:23 | INFO     | KDClient 15 fit round 26 (tier=large)
[2026-07-30 22:01:23] 2026-07-30 22:01:23 | INFO     | KDClient 15 round 26 public KD (epochs=2)
[2026-07-30 22:03:59] 2026-07-30 22:03:59 | INFO     | KDClient 15 round 26 local training (epochs=4)
[2026-07-30 22:05:26] 2026-07-30 22:05:26 | INFO     | KDClient 15 round 26 completed (acc=0.3091, n=39)
[2026-07-30 22:05:26] 2026-07-30 22:05:26 | INFO     | KDClient 16 fit round 26 (tier=large)
[2026-07-30 22:05:26] 2026-07-30 22:05:26 | INFO     | KDClient 16 round 26 public KD (epochs=2)
[2026-07-30 22:07:58] 2026-07-30 22:07:58 | INFO     | KDClient 16 round 26 local training (epochs=4)
[2026-07-30 22:09:29] 2026-07-30 22:09:29 | INFO     | KDClient 16 round 26 completed (acc=0.0000, n=37)
[2026-07-30 22:09:29] 2026-07-30 22:09:29 | INFO     | KDClient 17 fit round 26 (tier=large)
[2026-07-30 22:09:29] 2026-07-30 22:09:29 | INFO     | KDClient 17 round 26 public KD (epochs=2)
[2026-07-30 22:12:00] 2026-07-30 22:12:00 | INFO     | KDClient 17 round 26 local training (epochs=4)
[2026-07-30 22:13:22] 2026-07-30 22:13:22 | INFO     | KDClient 17 round 26 completed (acc=0.0109, n=35)
[2026-07-30 22:13:22] 2026-07-30 22:13:22 | INFO     | KDClient 18 fit round 26 (tier=large)
[2026-07-30 22:13:22] 2026-07-30 22:13:22 | INFO     | KDClient 18 round 26 public KD (epochs=2)
[2026-07-30 22:15:52] 2026-07-30 22:15:52 | INFO     | KDClient 18 round 26 local training (epochs=4)
[2026-07-30 22:17:23] 2026-07-30 22:17:23 | INFO     | KDClient 18 round 26 completed (acc=0.3055, n=37)
[2026-07-30 22:17:23] 2026-07-30 22:17:23 | INFO     | KDClient 19 fit round 26 (tier=large)
[2026-07-30 22:17:23] 2026-07-30 22:17:23 | INFO     | KDClient 19 round 26 public KD (epochs=2)
[2026-07-30 22:20:06] 2026-07-30 22:20:06 | INFO     | KDClient 19 round 26 local training (epochs=4)
[2026-07-30 22:21:42] 2026-07-30 22:21:41 | INFO     | KDClient 19 round 26 completed (acc=0.2945, n=56)
[2026-07-30 22:21:42]   Round  26/50 | Avg: 0.1815 | Min: 0.0000 | Max: 0.3091
[2026-07-30 22:21:42] 2026-07-30 22:21:42 | INFO     | FEDMD — NONIID: round 27/50 starting
[2026-07-30 22:21:42] 2026-07-30 22:21:42 | INFO     | KDClient 0 fit round 27 (tier=small)
[2026-07-30 22:21:42] 2026-07-30 22:21:42 | INFO     | KDClient 0 round 27 public KD (epochs=2)
[2026-07-30 22:22:21] 2026-07-30 22:22:21 | INFO     | KDClient 0 round 27 local training (epochs=4)
[2026-07-30 22:22:47] 2026-07-30 22:22:47 | INFO     | KDClient 0 round 27 completed (acc=0.1491, n=38)
[2026-07-30 22:22:47] 2026-07-30 22:22:47 | INFO     | KDClient 1 fit round 27 (tier=small)
[2026-07-30 22:22:47] 2026-07-30 22:22:47 | INFO     | KDClient 1 round 27 public KD (epochs=2)
[2026-07-30 22:23:26] 2026-07-30 22:23:26 | INFO     | KDClient 1 round 27 local training (epochs=4)
[2026-07-30 22:23:54] 2026-07-30 22:23:54 | INFO     | KDClient 1 round 27 completed (acc=0.3091, n=47)
[2026-07-30 22:23:54] 2026-07-30 22:23:54 | INFO     | KDClient 2 fit round 27 (tier=small)
[2026-07-30 22:23:54] 2026-07-30 22:23:54 | INFO     | KDClient 2 round 27 public KD (epochs=2)
[2026-07-30 22:24:34] 2026-07-30 22:24:34 | INFO     | KDClient 2 round 27 local training (epochs=4)
[2026-07-30 22:25:08] 2026-07-30 22:25:08 | INFO     | KDClient 2 round 27 completed (acc=0.0000, n=178)
[2026-07-30 22:25:08] 2026-07-30 22:25:08 | INFO     | KDClient 3 fit round 27 (tier=small)
[2026-07-30 22:25:08] 2026-07-30 22:25:08 | INFO     | KDClient 3 round 27 public KD (epochs=2)
[2026-07-30 22:25:53] 2026-07-30 22:25:53 | INFO     | KDClient 3 round 27 local training (epochs=4)
[2026-07-30 22:26:19] 2026-07-30 22:26:19 | INFO     | KDClient 3 round 27 completed (acc=0.2909, n=67)
[2026-07-30 22:26:19] 2026-07-30 22:26:19 | INFO     | KDClient 4 fit round 27 (tier=small)
[2026-07-30 22:26:19] 2026-07-30 22:26:19 | INFO     | KDClient 4 round 27 public KD (epochs=2)
[2026-07-30 22:26:57] 2026-07-30 22:26:57 | INFO     | KDClient 4 round 27 local training (epochs=4)
[2026-07-30 22:27:15] 2026-07-30 22:27:15 | INFO     | KDClient 4 round 27 completed (acc=0.0000, n=33)
[2026-07-30 22:27:15] 2026-07-30 22:27:15 | INFO     | KDClient 5 fit round 27 (tier=small)
[2026-07-30 22:27:15] 2026-07-30 22:27:15 | INFO     | KDClient 5 round 27 public KD (epochs=2)
[2026-07-30 22:27:59] 2026-07-30 22:27:59 | INFO     | KDClient 5 round 27 local training (epochs=4)
[2026-07-30 22:28:22] 2026-07-30 22:28:22 | INFO     | KDClient 5 round 27 completed (acc=0.3091, n=48)
[2026-07-30 22:28:22] 2026-07-30 22:28:22 | INFO     | KDClient 6 fit round 27 (tier=small)
[2026-07-30 22:28:22] 2026-07-30 22:28:22 | INFO     | KDClient 6 round 27 public KD (epochs=2)
[2026-07-30 22:29:04] 2026-07-30 22:29:04 | INFO     | KDClient 6 round 27 local training (epochs=4)
[2026-07-30 22:29:26] 2026-07-30 22:29:26 | INFO     | KDClient 6 round 27 completed (acc=0.0000, n=37)
[2026-07-30 22:29:26] 2026-07-30 22:29:26 | INFO     | KDClient 7 fit round 27 (tier=medium)
[2026-07-30 22:29:26] 2026-07-30 22:29:26 | INFO     | KDClient 7 round 27 public KD (epochs=2)
[2026-07-30 22:31:37] 2026-07-30 22:31:37 | INFO     | KDClient 7 round 27 local training (epochs=4)
[2026-07-30 22:32:38] 2026-07-30 22:32:38 | INFO     | KDClient 7 round 27 completed (acc=0.0727, n=83)
[2026-07-30 22:32:38] 2026-07-30 22:32:38 | INFO     | KDClient 8 fit round 27 (tier=medium)
[2026-07-30 22:32:38] 2026-07-30 22:32:38 | INFO     | KDClient 8 round 27 public KD (epochs=2)
[2026-07-30 22:34:17] 2026-07-30 22:34:17 | INFO     | KDClient 8 round 27 local training (epochs=4)
[2026-07-30 22:35:07] 2026-07-30 22:35:07 | INFO     | KDClient 8 round 27 completed (acc=0.3091, n=24)
[2026-07-30 22:35:07] 2026-07-30 22:35:07 | INFO     | KDClient 9 fit round 27 (tier=medium)
[2026-07-30 22:35:07] 2026-07-30 22:35:07 | INFO     | KDClient 9 round 27 public KD (epochs=2)
[2026-07-30 22:36:54] 2026-07-30 22:36:54 | INFO     | KDClient 9 round 27 local training (epochs=4)
[2026-07-30 22:37:48] 2026-07-30 22:37:48 | INFO     | KDClient 9 round 27 completed (acc=0.3091, n=26)
[2026-07-30 22:37:48] 2026-07-30 22:37:48 | INFO     | KDClient 10 fit round 27 (tier=medium)
[2026-07-30 22:37:48] 2026-07-30 22:37:48 | INFO     | KDClient 10 round 27 public KD (epochs=2)
[2026-07-30 22:40:02] 2026-07-30 22:40:02 | INFO     | KDClient 10 round 27 local training (epochs=4)
[2026-07-30 22:40:51] 2026-07-30 22:40:51 | INFO     | KDClient 10 round 27 completed (acc=0.3091, n=29)
[2026-07-30 22:40:51] 2026-07-30 22:40:51 | INFO     | KDClient 11 fit round 27 (tier=medium)
[2026-07-30 22:40:51] 2026-07-30 22:40:51 | INFO     | KDClient 11 round 27 public KD (epochs=2)
[2026-07-30 22:43:04] 2026-07-30 22:43:04 | INFO     | KDClient 11 round 27 local training (epochs=4)
[2026-07-30 22:43:47] 2026-07-30 22:43:47 | INFO     | KDClient 11 round 27 completed (acc=0.0000, n=26)
[2026-07-30 22:43:47] 2026-07-30 22:43:47 | INFO     | KDClient 12 fit round 27 (tier=medium)
[2026-07-30 22:43:47] 2026-07-30 22:43:47 | INFO     | KDClient 12 round 27 public KD (epochs=2)
[2026-07-30 22:46:02] 2026-07-30 22:46:02 | INFO     | KDClient 12 round 27 local training (epochs=4)
[2026-07-30 22:46:57] 2026-07-30 22:46:57 | INFO     | KDClient 12 round 27 completed (acc=0.3091, n=45)
[2026-07-30 22:46:57] 2026-07-30 22:46:57 | INFO     | KDClient 13 fit round 27 (tier=medium)
[2026-07-30 22:46:57] 2026-07-30 22:46:57 | INFO     | KDClient 13 round 27 public KD (epochs=2)
[2026-07-30 22:48:35] 2026-07-30 22:48:35 | INFO     | KDClient 13 round 27 local training (epochs=4)
[2026-07-30 22:49:33] 2026-07-30 22:49:33 | INFO     | KDClient 13 round 27 completed (acc=0.3091, n=76)
[2026-07-30 22:49:33] 2026-07-30 22:49:33 | INFO     | KDClient 14 fit round 27 (tier=large)
[2026-07-30 22:49:33] 2026-07-30 22:49:33 | INFO     | KDClient 14 round 27 public KD (epochs=2)
[2026-07-30 22:52:02] 2026-07-30 22:52:02 | INFO     | KDClient 14 round 27 local training (epochs=4)
[2026-07-30 22:53:53] 2026-07-30 22:53:53 | INFO     | KDClient 14 round 27 completed (acc=0.2982, n=139)
[2026-07-30 22:53:53] 2026-07-30 22:53:53 | INFO     | KDClient 15 fit round 27 (tier=large)
[2026-07-30 22:53:53] 2026-07-30 22:53:53 | INFO     | KDClient 15 round 27 public KD (epochs=2)
[2026-07-30 22:56:15] 2026-07-30 22:56:15 | INFO     | KDClient 15 round 27 local training (epochs=4)
[2026-07-30 22:57:54] 2026-07-30 22:57:54 | INFO     | KDClient 15 round 27 completed (acc=0.3091, n=39)
[2026-07-30 22:57:54] 2026-07-30 22:57:54 | INFO     | KDClient 16 fit round 27 (tier=large)
[2026-07-30 22:57:54] 2026-07-30 22:57:54 | INFO     | KDClient 16 round 27 public KD (epochs=2)
[2026-07-30 23:00:31] 2026-07-30 23:00:31 | INFO     | KDClient 16 round 27 local training (epochs=4)
[2026-07-30 23:02:19] 2026-07-30 23:02:19 | INFO     | KDClient 16 round 27 completed (acc=0.0000, n=37)
[2026-07-30 23:02:19] 2026-07-30 23:02:19 | INFO     | KDClient 17 fit round 27 (tier=large)
[2026-07-30 23:02:19] 2026-07-30 23:02:19 | INFO     | KDClient 17 round 27 public KD (epochs=2)
[2026-07-30 23:04:55] 2026-07-30 23:04:55 | INFO     | KDClient 17 round 27 local training (epochs=4)
[2026-07-30 23:06:32] 2026-07-30 23:06:32 | INFO     | KDClient 17 round 27 completed (acc=0.0582, n=35)
[2026-07-30 23:06:32] 2026-07-30 23:06:32 | INFO     | KDClient 18 fit round 27 (tier=large)
[2026-07-30 23:06:32] 2026-07-30 23:06:32 | INFO     | KDClient 18 round 27 public KD (epochs=2)
[2026-07-30 23:09:19] 2026-07-30 23:09:19 | INFO     | KDClient 18 round 27 local training (epochs=4)
[2026-07-30 23:10:40] 2026-07-30 23:10:40 | INFO     | KDClient 18 round 27 completed (acc=0.3018, n=37)
[2026-07-30 23:10:40] 2026-07-30 23:10:40 | INFO     | KDClient 19 fit round 27 (tier=large)
[2026-07-30 23:10:40] 2026-07-30 23:10:40 | INFO     | KDClient 19 round 27 public KD (epochs=2)
[2026-07-30 23:13:19] 2026-07-30 23:13:19 | INFO     | KDClient 19 round 27 local training (epochs=4)
[2026-07-30 23:14:42] 2026-07-30 23:14:42 | INFO     | KDClient 19 round 27 completed (acc=0.2909, n=56)
[2026-07-30 23:14:42]   Round  27/50 | Avg: 0.1967 | Min: 0.0000 | Max: 0.3091
[2026-07-30 23:14:42] 2026-07-30 23:14:42 | INFO     | FEDMD — NONIID: round 28/50 starting
[2026-07-30 23:14:42] 2026-07-30 23:14:42 | INFO     | KDClient 0 fit round 28 (tier=small)
[2026-07-30 23:14:42] 2026-07-30 23:14:42 | INFO     | KDClient 0 round 28 public KD (epochs=2)
[2026-07-30 23:15:22] 2026-07-30 23:15:22 | INFO     | KDClient 0 round 28 local training (epochs=4)
[2026-07-30 23:15:45] 2026-07-30 23:15:45 | INFO     | KDClient 0 round 28 completed (acc=0.3091, n=38)
[2026-07-30 23:15:45] 2026-07-30 23:15:45 | INFO     | KDClient 1 fit round 28 (tier=small)
[2026-07-30 23:15:45] 2026-07-30 23:15:45 | INFO     | KDClient 1 round 28 public KD (epochs=2)
[2026-07-30 23:16:28] 2026-07-30 23:16:28 | INFO     | KDClient 1 round 28 local training (epochs=4)
[2026-07-30 23:16:52] 2026-07-30 23:16:52 | INFO     | KDClient 1 round 28 completed (acc=0.3091, n=47)
[2026-07-30 23:16:52] 2026-07-30 23:16:52 | INFO     | KDClient 2 fit round 28 (tier=small)
[2026-07-30 23:16:52] 2026-07-30 23:16:52 | INFO     | KDClient 2 round 28 public KD (epochs=2)
[2026-07-30 23:17:35] 2026-07-30 23:17:35 | INFO     | KDClient 2 round 28 local training (epochs=4)
[2026-07-30 23:18:06] 2026-07-30 23:18:06 | INFO     | KDClient 2 round 28 completed (acc=0.0000, n=178)
[2026-07-30 23:18:06] 2026-07-30 23:18:06 | INFO     | KDClient 3 fit round 28 (tier=small)
[2026-07-30 23:18:06] 2026-07-30 23:18:06 | INFO     | KDClient 3 round 28 public KD (epochs=2)
[2026-07-30 23:18:42] 2026-07-30 23:18:42 | INFO     | KDClient 3 round 28 local training (epochs=4)
[2026-07-30 23:19:01] 2026-07-30 23:19:01 | INFO     | KDClient 3 round 28 completed (acc=0.2873, n=67)
[2026-07-30 23:19:01] 2026-07-30 23:19:01 | INFO     | KDClient 4 fit round 28 (tier=small)
[2026-07-30 23:19:01] 2026-07-30 23:19:01 | INFO     | KDClient 4 round 28 public KD (epochs=2)
[2026-07-30 23:19:33] 2026-07-30 23:19:33 | INFO     | KDClient 4 round 28 local training (epochs=4)
[2026-07-30 23:19:55] 2026-07-30 23:19:55 | INFO     | KDClient 4 round 28 completed (acc=0.0000, n=33)
[2026-07-30 23:19:55] 2026-07-30 23:19:55 | INFO     | KDClient 5 fit round 28 (tier=small)
[2026-07-30 23:19:55] 2026-07-30 23:19:55 | INFO     | KDClient 5 round 28 public KD (epochs=2)
[2026-07-30 23:20:38] 2026-07-30 23:20:38 | INFO     | KDClient 5 round 28 local training (epochs=4)
[2026-07-30 23:21:00] 2026-07-30 23:21:00 | INFO     | KDClient 5 round 28 completed (acc=0.3091, n=48)
[2026-07-30 23:21:00] 2026-07-30 23:21:00 | INFO     | KDClient 6 fit round 28 (tier=small)
[2026-07-30 23:21:00] 2026-07-30 23:21:00 | INFO     | KDClient 6 round 28 public KD (epochs=2)
[2026-07-30 23:21:40] 2026-07-30 23:21:40 | INFO     | KDClient 6 round 28 local training (epochs=4)
[2026-07-30 23:21:55] 2026-07-30 23:21:55 | INFO     | KDClient 6 round 28 completed (acc=0.0000, n=37)
[2026-07-30 23:21:55] 2026-07-30 23:21:55 | INFO     | KDClient 7 fit round 28 (tier=medium)
[2026-07-30 23:21:55] 2026-07-30 23:21:55 | INFO     | KDClient 7 round 28 public KD (epochs=2)
[2026-07-30 23:23:41] 2026-07-30 23:23:41 | INFO     | KDClient 7 round 28 local training (epochs=4)
[2026-07-30 23:24:42] 2026-07-30 23:24:42 | INFO     | KDClient 7 round 28 completed (acc=0.1564, n=83)
[2026-07-30 23:24:42] 2026-07-30 23:24:42 | INFO     | KDClient 8 fit round 28 (tier=medium)
[2026-07-30 23:24:42] 2026-07-30 23:24:42 | INFO     | KDClient 8 round 28 public KD (epochs=2)
[2026-07-30 23:26:55] 2026-07-30 23:26:55 | INFO     | KDClient 8 round 28 local training (epochs=4)
[2026-07-30 23:27:39] 2026-07-30 23:27:39 | INFO     | KDClient 8 round 28 completed (acc=0.3091, n=24)
[2026-07-30 23:27:39] 2026-07-30 23:27:39 | INFO     | KDClient 9 fit round 28 (tier=medium)
[2026-07-30 23:27:39] 2026-07-30 23:27:39 | INFO     | KDClient 9 round 28 public KD (epochs=2)
[2026-07-30 23:29:15] 2026-07-30 23:29:15 | INFO     | KDClient 9 round 28 local training (epochs=4)
[2026-07-30 23:30:04] 2026-07-30 23:30:04 | INFO     | KDClient 9 round 28 completed (acc=0.3091, n=26)
[2026-07-30 23:30:04] 2026-07-30 23:30:04 | INFO     | KDClient 10 fit round 28 (tier=medium)
[2026-07-30 23:30:04] 2026-07-30 23:30:04 | INFO     | KDClient 10 round 28 public KD (epochs=2)
[2026-07-30 23:31:48] 2026-07-30 23:31:48 | INFO     | KDClient 10 round 28 local training (epochs=4)
[2026-07-30 23:32:44] 2026-07-30 23:32:44 | INFO     | KDClient 10 round 28 completed (acc=0.3091, n=29)
[2026-07-30 23:32:44] 2026-07-30 23:32:44 | INFO     | KDClient 11 fit round 28 (tier=medium)
[2026-07-30 23:32:44] 2026-07-30 23:32:44 | INFO     | KDClient 11 round 28 public KD (epochs=2)
[2026-07-30 23:34:27] 2026-07-30 23:34:27 | INFO     | KDClient 11 round 28 local training (epochs=4)
[2026-07-30 23:35:21] 2026-07-30 23:35:21 | INFO     | KDClient 11 round 28 completed (acc=0.0000, n=26)
[2026-07-30 23:35:21] 2026-07-30 23:35:21 | INFO     | KDClient 12 fit round 28 (tier=medium)
[2026-07-30 23:35:21] 2026-07-30 23:35:21 | INFO     | KDClient 12 round 28 public KD (epochs=2)
[2026-07-30 23:37:01] 2026-07-30 23:37:01 | INFO     | KDClient 12 round 28 local training (epochs=4)
[2026-07-30 23:38:03] 2026-07-30 23:38:03 | INFO     | KDClient 12 round 28 completed (acc=0.3091, n=45)
[2026-07-30 23:38:03] 2026-07-30 23:38:03 | INFO     | KDClient 13 fit round 28 (tier=medium)
[2026-07-30 23:38:03] 2026-07-30 23:38:03 | INFO     | KDClient 13 round 28 public KD (epochs=2)
[2026-07-30 23:39:40] 2026-07-30 23:39:40 | INFO     | KDClient 13 round 28 local training (epochs=4)
[2026-07-30 23:40:39] 2026-07-30 23:40:39 | INFO     | KDClient 13 round 28 completed (acc=0.2909, n=76)
[2026-07-30 23:40:39] 2026-07-30 23:40:39 | INFO     | KDClient 14 fit round 28 (tier=large)
[2026-07-30 23:40:39] 2026-07-30 23:40:39 | INFO     | KDClient 14 round 28 public KD (epochs=2)
[2026-07-30 23:43:07] 2026-07-30 23:43:07 | INFO     | KDClient 14 round 28 local training (epochs=4)
[2026-07-30 23:45:01] 2026-07-30 23:45:01 | INFO     | KDClient 14 round 28 completed (acc=0.3055, n=139)
[2026-07-30 23:45:01] 2026-07-30 23:45:01 | INFO     | KDClient 15 fit round 28 (tier=large)
[2026-07-30 23:45:01] 2026-07-30 23:45:01 | INFO     | KDClient 15 round 28 public KD (epochs=2)
[2026-07-30 23:47:42] 2026-07-30 23:47:42 | INFO     | KDClient 15 round 28 local training (epochs=4)
[2026-07-30 23:49:31] 2026-07-30 23:49:31 | INFO     | KDClient 15 round 28 completed (acc=0.3091, n=39)
[2026-07-30 23:49:31] 2026-07-30 23:49:31 | INFO     | KDClient 16 fit round 28 (tier=large)
[2026-07-30 23:49:31] 2026-07-30 23:49:31 | INFO     | KDClient 16 round 28 public KD (epochs=2)
[2026-07-30 23:52:14] 2026-07-30 23:52:14 | INFO     | KDClient 16 round 28 local training (epochs=4)
[2026-07-30 23:53:39] 2026-07-30 23:53:39 | INFO     | KDClient 16 round 28 completed (acc=0.0000, n=37)
[2026-07-30 23:53:39] 2026-07-30 23:53:39 | INFO     | KDClient 17 fit round 28 (tier=large)
[2026-07-30 23:53:39] 2026-07-30 23:53:39 | INFO     | KDClient 17 round 28 public KD (epochs=2)
[2026-07-30 23:56:18] 2026-07-30 23:56:18 | INFO     | KDClient 17 round 28 local training (epochs=4)
[2026-07-30 23:58:02] 2026-07-30 23:58:02 | INFO     | KDClient 17 round 28 completed (acc=0.2800, n=35)
[2026-07-30 23:58:02] 2026-07-30 23:58:02 | INFO     | KDClient 18 fit round 28 (tier=large)
[2026-07-30 23:58:02] 2026-07-30 23:58:02 | INFO     | KDClient 18 round 28 public KD (epochs=2)
[2026-07-31 00:00:51] 2026-07-31 00:00:51 | INFO     | KDClient 18 round 28 local training (epochs=4)
[2026-07-31 00:02:19] 2026-07-31 00:02:19 | INFO     | KDClient 18 round 28 completed (acc=0.1600, n=37)
[2026-07-31 00:02:19] 2026-07-31 00:02:19 | INFO     | KDClient 19 fit round 28 (tier=large)
[2026-07-31 00:02:19] 2026-07-31 00:02:19 | INFO     | KDClient 19 round 28 public KD (epochs=2)
[2026-07-31 00:04:55] 2026-07-31 00:04:55 | INFO     | KDClient 19 round 28 local training (epochs=4)
[2026-07-31 00:06:36] 2026-07-31 00:06:36 | INFO     | KDClient 19 round 28 completed (acc=0.0000, n=56)
[2026-07-31 00:06:36]   Round  28/50 | Avg: 0.1976 | Min: 0.0000 | Max: 0.3091
[2026-07-31 00:06:36] 2026-07-31 00:06:36 | INFO     | FEDMD — NONIID: round 29/50 starting
[2026-07-31 00:06:36] 2026-07-31 00:06:36 | INFO     | KDClient 0 fit round 29 (tier=small)
[2026-07-31 00:06:36] 2026-07-31 00:06:36 | INFO     | KDClient 0 round 29 public KD (epochs=2)
[2026-07-31 00:07:16] 2026-07-31 00:07:16 | INFO     | KDClient 0 round 29 local training (epochs=4)
[2026-07-31 00:07:41] 2026-07-31 00:07:41 | INFO     | KDClient 0 round 29 completed (acc=0.3091, n=38)
[2026-07-31 00:07:41] 2026-07-31 00:07:41 | INFO     | KDClient 1 fit round 29 (tier=small)
[2026-07-31 00:07:41] 2026-07-31 00:07:41 | INFO     | KDClient 1 round 29 public KD (epochs=2)
[2026-07-31 00:08:18] 2026-07-31 00:08:18 | INFO     | KDClient 1 round 29 local training (epochs=4)
[2026-07-31 00:08:45] 2026-07-31 00:08:45 | INFO     | KDClient 1 round 29 completed (acc=0.3091, n=47)
[2026-07-31 00:08:45] 2026-07-31 00:08:45 | INFO     | KDClient 2 fit round 29 (tier=small)
[2026-07-31 00:08:45] 2026-07-31 00:08:45 | INFO     | KDClient 2 round 29 public KD (epochs=2)
[2026-07-31 00:09:28] 2026-07-31 00:09:28 | INFO     | KDClient 2 round 29 local training (epochs=4)
[2026-07-31 00:10:10] 2026-07-31 00:10:10 | INFO     | KDClient 2 round 29 completed (acc=0.0000, n=178)
[2026-07-31 00:10:10] 2026-07-31 00:10:10 | INFO     | KDClient 3 fit round 29 (tier=small)
[2026-07-31 00:10:10] 2026-07-31 00:10:10 | INFO     | KDClient 3 round 29 public KD (epochs=2)
[2026-07-31 00:10:51] 2026-07-31 00:10:51 | INFO     | KDClient 3 round 29 local training (epochs=4)
[2026-07-31 00:11:15] 2026-07-31 00:11:15 | INFO     | KDClient 3 round 29 completed (acc=0.2473, n=67)
[2026-07-31 00:11:15] 2026-07-31 00:11:15 | INFO     | KDClient 4 fit round 29 (tier=small)
[2026-07-31 00:11:15] 2026-07-31 00:11:15 | INFO     | KDClient 4 round 29 public KD (epochs=2)
[2026-07-31 00:11:58] 2026-07-31 00:11:58 | INFO     | KDClient 4 round 29 local training (epochs=4)
[2026-07-31 00:12:20] 2026-07-31 00:12:20 | INFO     | KDClient 4 round 29 completed (acc=0.0000, n=33)
[2026-07-31 00:12:20] 2026-07-31 00:12:20 | INFO     | KDClient 5 fit round 29 (tier=small)
[2026-07-31 00:12:20] 2026-07-31 00:12:20 | INFO     | KDClient 5 round 29 public KD (epochs=2)
[2026-07-31 00:13:01] 2026-07-31 00:13:01 | INFO     | KDClient 5 round 29 local training (epochs=4)
[2026-07-31 00:13:22] 2026-07-31 00:13:22 | INFO     | KDClient 5 round 29 completed (acc=0.3091, n=48)
[2026-07-31 00:13:22] 2026-07-31 00:13:22 | INFO     | KDClient 6 fit round 29 (tier=small)
[2026-07-31 00:13:22] 2026-07-31 00:13:22 | INFO     | KDClient 6 round 29 public KD (epochs=2)
[2026-07-31 00:14:00] 2026-07-31 00:14:00 | INFO     | KDClient 6 round 29 local training (epochs=4)
[2026-07-31 00:14:19] 2026-07-31 00:14:19 | INFO     | KDClient 6 round 29 completed (acc=0.0000, n=37)
[2026-07-31 00:14:19] 2026-07-31 00:14:19 | INFO     | KDClient 7 fit round 29 (tier=medium)
[2026-07-31 00:14:19] 2026-07-31 00:14:19 | INFO     | KDClient 7 round 29 public KD (epochs=2)
[2026-07-31 00:16:29] 2026-07-31 00:16:29 | INFO     | KDClient 7 round 29 local training (epochs=4)
[2026-07-31 00:17:26] 2026-07-31 00:17:26 | INFO     | KDClient 7 round 29 completed (acc=0.0945, n=83)
[2026-07-31 00:17:26] 2026-07-31 00:17:26 | INFO     | KDClient 8 fit round 29 (tier=medium)
[2026-07-31 00:17:26] 2026-07-31 00:17:26 | INFO     | KDClient 8 round 29 public KD (epochs=2)
[2026-07-31 00:19:03] 2026-07-31 00:19:03 | INFO     | KDClient 8 round 29 local training (epochs=4)
[2026-07-31 00:19:53] 2026-07-31 00:19:53 | INFO     | KDClient 8 round 29 completed (acc=0.3091, n=24)
[2026-07-31 00:19:53] 2026-07-31 00:19:53 | INFO     | KDClient 9 fit round 29 (tier=medium)
[2026-07-31 00:19:53] 2026-07-31 00:19:53 | INFO     | KDClient 9 round 29 public KD (epochs=2)
[2026-07-31 00:21:35] 2026-07-31 00:21:35 | INFO     | KDClient 9 round 29 local training (epochs=4)
[2026-07-31 00:22:23] 2026-07-31 00:22:23 | INFO     | KDClient 9 round 29 completed (acc=0.3091, n=26)
[2026-07-31 00:22:23] 2026-07-31 00:22:23 | INFO     | KDClient 10 fit round 29 (tier=medium)
[2026-07-31 00:22:23] 2026-07-31 00:22:23 | INFO     | KDClient 10 round 29 public KD (epochs=2)
[2026-07-31 00:24:02] 2026-07-31 00:24:02 | INFO     | KDClient 10 round 29 local training (epochs=4)
[2026-07-31 00:24:52] 2026-07-31 00:24:52 | INFO     | KDClient 10 round 29 completed (acc=0.3091, n=29)
[2026-07-31 00:24:52] 2026-07-31 00:24:52 | INFO     | KDClient 11 fit round 29 (tier=medium)
[2026-07-31 00:24:52] 2026-07-31 00:24:52 | INFO     | KDClient 11 round 29 public KD (epochs=2)
[2026-07-31 00:26:35] 2026-07-31 00:26:35 | INFO     | KDClient 11 round 29 local training (epochs=4)
[2026-07-31 00:27:34] 2026-07-31 00:27:34 | INFO     | KDClient 11 round 29 completed (acc=0.0000, n=26)
[2026-07-31 00:27:34] 2026-07-31 00:27:34 | INFO     | KDClient 12 fit round 29 (tier=medium)
[2026-07-31 00:27:34] 2026-07-31 00:27:34 | INFO     | KDClient 12 round 29 public KD (epochs=2)
[2026-07-31 00:29:19] 2026-07-31 00:29:19 | INFO     | KDClient 12 round 29 local training (epochs=4)
[2026-07-31 00:30:17] 2026-07-31 00:30:17 | INFO     | KDClient 12 round 29 completed (acc=0.3091, n=45)
[2026-07-31 00:30:17] 2026-07-31 00:30:17 | INFO     | KDClient 13 fit round 29 (tier=medium)
[2026-07-31 00:30:17] 2026-07-31 00:30:17 | INFO     | KDClient 13 round 29 public KD (epochs=2)
[2026-07-31 00:32:01] 2026-07-31 00:32:01 | INFO     | KDClient 13 round 29 local training (epochs=4)
[2026-07-31 00:33:01] 2026-07-31 00:33:01 | INFO     | KDClient 13 round 29 completed (acc=0.0473, n=76)
[2026-07-31 00:33:01] 2026-07-31 00:33:01 | INFO     | KDClient 14 fit round 29 (tier=large)
[2026-07-31 00:33:01] 2026-07-31 00:33:01 | INFO     | KDClient 14 round 29 public KD (epochs=2)
[2026-07-31 00:35:37] 2026-07-31 00:35:37 | INFO     | KDClient 14 round 29 local training (epochs=4)
[2026-07-31 00:37:34] 2026-07-31 00:37:34 | INFO     | KDClient 14 round 29 completed (acc=0.3091, n=139)
[2026-07-31 00:37:34] 2026-07-31 00:37:34 | INFO     | KDClient 15 fit round 29 (tier=large)
[2026-07-31 00:37:34] 2026-07-31 00:37:34 | INFO     | KDClient 15 round 29 public KD (epochs=2)
[2026-07-31 00:40:07] 2026-07-31 00:40:07 | INFO     | KDClient 15 round 29 local training (epochs=4)
[2026-07-31 00:41:42] 2026-07-31 00:41:42 | INFO     | KDClient 15 round 29 completed (acc=0.3091, n=39)
[2026-07-31 00:41:42] 2026-07-31 00:41:42 | INFO     | KDClient 16 fit round 29 (tier=large)
[2026-07-31 00:41:42] 2026-07-31 00:41:42 | INFO     | KDClient 16 round 29 public KD (epochs=2)
[2026-07-31 00:44:28] 2026-07-31 00:44:28 | INFO     | KDClient 16 round 29 local training (epochs=4)
[2026-07-31 00:45:58] 2026-07-31 00:45:58 | INFO     | KDClient 16 round 29 completed (acc=0.0000, n=37)
[2026-07-31 00:45:58] 2026-07-31 00:45:58 | INFO     | KDClient 17 fit round 29 (tier=large)
[2026-07-31 00:45:58] 2026-07-31 00:45:58 | INFO     | KDClient 17 round 29 public KD (epochs=2)
[2026-07-31 00:49:37] 2026-07-31 00:49:37 | INFO     | KDClient 17 round 29 local training (epochs=4)
[2026-07-31 00:51:07] 2026-07-31 00:51:07 | INFO     | KDClient 17 round 29 completed (acc=0.1964, n=35)
[2026-07-31 00:51:07] 2026-07-31 00:51:07 | INFO     | KDClient 18 fit round 29 (tier=large)
[2026-07-31 00:51:07] 2026-07-31 00:51:07 | INFO     | KDClient 18 round 29 public KD (epochs=2)
[2026-07-31 00:53:44] 2026-07-31 00:53:44 | INFO     | KDClient 18 round 29 local training (epochs=4)
[2026-07-31 00:55:09] 2026-07-31 00:55:09 | INFO     | KDClient 18 round 29 completed (acc=0.3055, n=37)
[2026-07-31 00:55:09] 2026-07-31 00:55:09 | INFO     | KDClient 19 fit round 29 (tier=large)
[2026-07-31 00:55:09] 2026-07-31 00:55:09 | INFO     | KDClient 19 round 29 public KD (epochs=2)
[2026-07-31 00:57:47] 2026-07-31 00:57:47 | INFO     | KDClient 19 round 29 local training (epochs=4)
[2026-07-31 00:59:13] 2026-07-31 00:59:13 | INFO     | KDClient 19 round 29 completed (acc=0.2291, n=56)
[2026-07-31 00:59:13]   Round  29/50 | Avg: 0.1951 | Min: 0.0000 | Max: 0.3091
[2026-07-31 00:59:13] 2026-07-31 00:59:13 | INFO     | FEDMD — NONIID: round 30/50 starting
[2026-07-31 00:59:13] 2026-07-31 00:59:13 | INFO     | KDClient 0 fit round 30 (tier=small)
[2026-07-31 00:59:13] 2026-07-31 00:59:13 | INFO     | KDClient 0 round 30 public KD (epochs=2)
[2026-07-31 00:59:52] 2026-07-31 00:59:52 | INFO     | KDClient 0 round 30 local training (epochs=4)
[2026-07-31 01:00:10] 2026-07-31 01:00:10 | INFO     | KDClient 0 round 30 completed (acc=0.1782, n=38)
[2026-07-31 01:00:10] 2026-07-31 01:00:10 | INFO     | KDClient 1 fit round 30 (tier=small)
[2026-07-31 01:00:10] 2026-07-31 01:00:10 | INFO     | KDClient 1 round 30 public KD (epochs=2)
[2026-07-31 01:00:51] 2026-07-31 01:00:51 | INFO     | KDClient 1 round 30 local training (epochs=4)
[2026-07-31 01:01:12] 2026-07-31 01:01:12 | INFO     | KDClient 1 round 30 completed (acc=0.3091, n=47)
[2026-07-31 01:01:12] 2026-07-31 01:01:12 | INFO     | KDClient 2 fit round 30 (tier=small)
[2026-07-31 01:01:12] 2026-07-31 01:01:12 | INFO     | KDClient 2 round 30 public KD (epochs=2)
[2026-07-31 01:01:54] 2026-07-31 01:01:54 | INFO     | KDClient 2 round 30 local training (epochs=4)
[2026-07-31 01:02:23] 2026-07-31 01:02:23 | INFO     | KDClient 2 round 30 completed (acc=0.0000, n=178)
[2026-07-31 01:02:23] 2026-07-31 01:02:23 | INFO     | KDClient 3 fit round 30 (tier=small)
[2026-07-31 01:02:23] 2026-07-31 01:02:23 | INFO     | KDClient 3 round 30 public KD (epochs=2)
[2026-07-31 01:02:55] 2026-07-31 01:02:55 | INFO     | KDClient 3 round 30 local training (epochs=4)
[2026-07-31 01:03:11] 2026-07-31 01:03:11 | INFO     | KDClient 3 round 30 completed (acc=0.2327, n=67)
[2026-07-31 01:03:11] 2026-07-31 01:03:11 | INFO     | KDClient 4 fit round 30 (tier=small)
[2026-07-31 01:03:11] 2026-07-31 01:03:11 | INFO     | KDClient 4 round 30 public KD (epochs=2)
[2026-07-31 01:03:46] 2026-07-31 01:03:46 | INFO     | KDClient 4 round 30 local training (epochs=4)
[2026-07-31 01:04:04] 2026-07-31 01:04:04 | INFO     | KDClient 4 round 30 completed (acc=0.0000, n=33)
[2026-07-31 01:04:04] 2026-07-31 01:04:04 | INFO     | KDClient 5 fit round 30 (tier=small)
[2026-07-31 01:04:04] 2026-07-31 01:04:04 | INFO     | KDClient 5 round 30 public KD (epochs=2)
[2026-07-31 01:04:45] 2026-07-31 01:04:45 | INFO     | KDClient 5 round 30 local training (epochs=4)
[2026-07-31 01:05:05] 2026-07-31 01:05:05 | INFO     | KDClient 5 round 30 completed (acc=0.3091, n=48)
[2026-07-31 01:05:05] 2026-07-31 01:05:05 | INFO     | KDClient 6 fit round 30 (tier=small)
[2026-07-31 01:05:05] 2026-07-31 01:05:05 | INFO     | KDClient 6 round 30 public KD (epochs=2)
[2026-07-31 01:05:45] 2026-07-31 01:05:45 | INFO     | KDClient 6 round 30 local training (epochs=4)
[2026-07-31 01:06:06] 2026-07-31 01:06:06 | INFO     | KDClient 6 round 30 completed (acc=0.0000, n=37)
[2026-07-31 01:06:06] 2026-07-31 01:06:06 | INFO     | KDClient 7 fit round 30 (tier=medium)
[2026-07-31 01:06:06] 2026-07-31 01:06:06 | INFO     | KDClient 7 round 30 public KD (epochs=2)
[2026-07-31 01:07:48] 2026-07-31 01:07:48 | INFO     | KDClient 7 round 30 local training (epochs=4)
[2026-07-31 01:08:47] 2026-07-31 01:08:47 | INFO     | KDClient 7 round 30 completed (acc=0.1309, n=83)
[2026-07-31 01:08:47] 2026-07-31 01:08:47 | INFO     | KDClient 8 fit round 30 (tier=medium)
[2026-07-31 01:08:47] 2026-07-31 01:08:47 | INFO     | KDClient 8 round 30 public KD (epochs=2)
[2026-07-31 01:10:28] 2026-07-31 01:10:28 | INFO     | KDClient 8 round 30 local training (epochs=4)
[2026-07-31 01:11:25] 2026-07-31 01:11:25 | INFO     | KDClient 8 round 30 completed (acc=0.3091, n=24)
[2026-07-31 01:11:25] 2026-07-31 01:11:25 | INFO     | KDClient 9 fit round 30 (tier=medium)
[2026-07-31 01:11:25] 2026-07-31 01:11:25 | INFO     | KDClient 9 round 30 public KD (epochs=2)
[2026-07-31 01:13:06] 2026-07-31 01:13:06 | INFO     | KDClient 9 round 30 local training (epochs=4)
[2026-07-31 01:14:03] 2026-07-31 01:14:03 | INFO     | KDClient 9 round 30 completed (acc=0.3091, n=26)
[2026-07-31 01:14:03] 2026-07-31 01:14:03 | INFO     | KDClient 10 fit round 30 (tier=medium)
[2026-07-31 01:14:03] 2026-07-31 01:14:03 | INFO     | KDClient 10 round 30 public KD (epochs=2)
[2026-07-31 01:16:17] 2026-07-31 01:16:17 | INFO     | KDClient 10 round 30 local training (epochs=4)
[2026-07-31 01:17:12] 2026-07-31 01:17:12 | INFO     | KDClient 10 round 30 completed (acc=0.3091, n=29)
[2026-07-31 01:17:12] 2026-07-31 01:17:12 | INFO     | KDClient 11 fit round 30 (tier=medium)
[2026-07-31 01:17:12] 2026-07-31 01:17:12 | INFO     | KDClient 11 round 30 public KD (epochs=2)
[2026-07-31 01:19:02] 2026-07-31 01:19:02 | INFO     | KDClient 11 round 30 local training (epochs=4)
[2026-07-31 01:20:05] 2026-07-31 01:20:05 | INFO     | KDClient 11 round 30 completed (acc=0.0000, n=26)
[2026-07-31 01:20:05] 2026-07-31 01:20:05 | INFO     | KDClient 12 fit round 30 (tier=medium)
[2026-07-31 01:20:05] 2026-07-31 01:20:05 | INFO     | KDClient 12 round 30 public KD (epochs=2)
[2026-07-31 01:22:00] 2026-07-31 01:22:00 | INFO     | KDClient 12 round 30 local training (epochs=4)
[2026-07-31 01:22:57] 2026-07-31 01:22:57 | INFO     | KDClient 12 round 30 completed (acc=0.3091, n=45)
[2026-07-31 01:22:57] 2026-07-31 01:22:57 | INFO     | KDClient 13 fit round 30 (tier=medium)
[2026-07-31 01:22:57] 2026-07-31 01:22:57 | INFO     | KDClient 13 round 30 public KD (epochs=2)
[2026-07-31 01:25:42] 2026-07-31 01:25:42 | INFO     | KDClient 13 round 30 local training (epochs=4)
[2026-07-31 01:26:48] 2026-07-31 01:26:48 | INFO     | KDClient 13 round 30 completed (acc=0.2982, n=76)
[2026-07-31 01:26:48] 2026-07-31 01:26:48 | INFO     | KDClient 14 fit round 30 (tier=large)
[2026-07-31 01:26:48] 2026-07-31 01:26:48 | INFO     | KDClient 14 round 30 public KD (epochs=2)
[2026-07-31 01:31:29] 2026-07-31 01:31:29 | INFO     | KDClient 14 round 30 local training (epochs=4)
[2026-07-31 01:36:38] 2026-07-31 01:36:38 | INFO     | KDClient 14 round 30 completed (acc=0.2727, n=139)
[2026-07-31 01:36:38] 2026-07-31 01:36:38 | INFO     | KDClient 15 fit round 30 (tier=large)
[2026-07-31 01:36:38] 2026-07-31 01:36:38 | INFO     | KDClient 15 round 30 public KD (epochs=2)
[2026-07-31 01:42:54] 2026-07-31 01:42:54 | INFO     | KDClient 15 round 30 local training (epochs=4)
[2026-07-31 01:46:03] 2026-07-31 01:46:03 | INFO     | KDClient 15 round 30 completed (acc=0.3091, n=39)
[2026-07-31 01:46:03] 2026-07-31 01:46:03 | INFO     | KDClient 16 fit round 30 (tier=large)
[2026-07-31 01:46:03] 2026-07-31 01:46:03 | INFO     | KDClient 16 round 30 public KD (epochs=2)
[2026-07-31 01:52:05] 2026-07-31 01:52:05 | INFO     | KDClient 16 round 30 local training (epochs=4)
[2026-07-31 01:55:11] 2026-07-31 01:55:11 | INFO     | KDClient 16 round 30 completed (acc=0.0000, n=37)
[2026-07-31 01:55:11] 2026-07-31 01:55:11 | INFO     | KDClient 17 fit round 30 (tier=large)
[2026-07-31 01:55:11] 2026-07-31 01:55:11 | INFO     | KDClient 17 round 30 public KD (epochs=2)
[2026-07-31 02:00:21] 2026-07-31 02:00:21 | INFO     | KDClient 17 round 30 local training (epochs=4)
[2026-07-31 02:03:10] 2026-07-31 02:03:10 | INFO     | KDClient 17 round 30 completed (acc=0.3018, n=35)
[2026-07-31 02:03:10] 2026-07-31 02:03:10 | INFO     | KDClient 18 fit round 30 (tier=large)
[2026-07-31 02:03:10] 2026-07-31 02:03:10 | INFO     | KDClient 18 round 30 public KD (epochs=2)
[2026-07-31 02:08:21] 2026-07-31 02:08:21 | INFO     | KDClient 18 round 30 local training (epochs=4)
[2026-07-31 02:11:10] 2026-07-31 02:11:10 | INFO     | KDClient 18 round 30 completed (acc=0.3018, n=37)
[2026-07-31 02:11:10] 2026-07-31 02:11:10 | INFO     | KDClient 19 fit round 30 (tier=large)
[2026-07-31 02:11:10] 2026-07-31 02:11:10 | INFO     | KDClient 19 round 30 public KD (epochs=2)
[2026-07-31 02:15:44] 2026-07-31 02:15:44 | INFO     | KDClient 19 round 30 local training (epochs=4)
[2026-07-31 02:18:42] 2026-07-31 02:18:42 | INFO     | KDClient 19 round 30 completed (acc=0.3055, n=56)
[2026-07-31 02:18:43]   Round  30/50 | Avg: 0.2093 | Min: 0.0000 | Max: 0.3091
[2026-07-31 02:18:43] 2026-07-31 02:18:43 | INFO     | FEDMD — NONIID: round 31/50 starting
[2026-07-31 02:18:43] 2026-07-31 02:18:43 | INFO     | KDClient 0 fit round 31 (tier=small)
[2026-07-31 02:18:43] 2026-07-31 02:18:43 | INFO     | KDClient 0 round 31 public KD (epochs=2)
[2026-07-31 02:20:04] 2026-07-31 02:20:04 | INFO     | KDClient 0 round 31 local training (epochs=4)
[2026-07-31 02:20:54] 2026-07-31 02:20:54 | INFO     | KDClient 0 round 31 completed (acc=0.3091, n=38)
[2026-07-31 02:20:54] 2026-07-31 02:20:54 | INFO     | KDClient 1 fit round 31 (tier=small)
[2026-07-31 02:20:54] 2026-07-31 02:20:54 | INFO     | KDClient 1 round 31 public KD (epochs=2)
[2026-07-31 02:22:26] 2026-07-31 02:22:26 | INFO     | KDClient 1 round 31 local training (epochs=4)
[2026-07-31 02:23:27] 2026-07-31 02:23:27 | INFO     | KDClient 1 round 31 completed (acc=0.3091, n=47)
[2026-07-31 02:23:27] 2026-07-31 02:23:27 | INFO     | KDClient 2 fit round 31 (tier=small)
[2026-07-31 02:23:27] 2026-07-31 02:23:27 | INFO     | KDClient 2 round 31 public KD (epochs=2)
[2026-07-31 02:24:54] 2026-07-31 02:24:54 | INFO     | KDClient 2 round 31 local training (epochs=4)
[2026-07-31 02:25:54] 2026-07-31 02:25:54 | INFO     | KDClient 2 round 31 completed (acc=0.0000, n=178)
[2026-07-31 02:25:54] 2026-07-31 02:25:54 | INFO     | KDClient 3 fit round 31 (tier=small)
[2026-07-31 02:25:54] 2026-07-31 02:25:54 | INFO     | KDClient 3 round 31 public KD (epochs=2)
[2026-07-31 02:27:28] 2026-07-31 02:27:28 | INFO     | KDClient 3 round 31 local training (epochs=4)
[2026-07-31 02:28:43] 2026-07-31 02:28:43 | INFO     | KDClient 3 round 31 completed (acc=0.3055, n=67)
[2026-07-31 02:28:43] 2026-07-31 02:28:43 | INFO     | KDClient 4 fit round 31 (tier=small)
[2026-07-31 02:28:43] 2026-07-31 02:28:43 | INFO     | KDClient 4 round 31 public KD (epochs=2)
[2026-07-31 02:30:16] 2026-07-31 02:30:16 | INFO     | KDClient 4 round 31 local training (epochs=4)
[2026-07-31 02:31:08] 2026-07-31 02:31:08 | INFO     | KDClient 4 round 31 completed (acc=0.0000, n=33)
[2026-07-31 02:31:08] 2026-07-31 02:31:08 | INFO     | KDClient 5 fit round 31 (tier=small)
[2026-07-31 02:31:08] 2026-07-31 02:31:08 | INFO     | KDClient 5 round 31 public KD (epochs=2)
[2026-07-31 02:32:40] 2026-07-31 02:32:40 | INFO     | KDClient 5 round 31 local training (epochs=4)
[2026-07-31 02:33:41] 2026-07-31 02:33:41 | INFO     | KDClient 5 round 31 completed (acc=0.3091, n=48)
[2026-07-31 02:33:41] 2026-07-31 02:33:41 | INFO     | KDClient 6 fit round 31 (tier=small)
[2026-07-31 02:33:41] 2026-07-31 02:33:41 | INFO     | KDClient 6 round 31 public KD (epochs=2)
[2026-07-31 02:35:18] 2026-07-31 02:35:18 | INFO     | KDClient 6 round 31 local training (epochs=4)
[2026-07-31 02:35:46] 2026-07-31 02:35:46 | INFO     | KDClient 6 round 31 completed (acc=0.0000, n=37)
[2026-07-31 02:35:46] 2026-07-31 02:35:46 | INFO     | KDClient 7 fit round 31 (tier=medium)
[2026-07-31 02:35:46] 2026-07-31 02:35:46 | INFO     | KDClient 7 round 31 public KD (epochs=2)
[2026-07-31 02:39:55] 2026-07-31 02:39:55 | INFO     | KDClient 7 round 31 local training (epochs=4)
[2026-07-31 02:42:03] 2026-07-31 02:42:03 | INFO     | KDClient 7 round 31 completed (acc=0.1564, n=83)
[2026-07-31 02:42:03] 2026-07-31 02:42:03 | INFO     | KDClient 8 fit round 31 (tier=medium)
[2026-07-31 02:42:03] 2026-07-31 02:42:03 | INFO     | KDClient 8 round 31 public KD (epochs=2)
[2026-07-31 02:45:26] 2026-07-31 02:45:26 | INFO     | KDClient 8 round 31 local training (epochs=4)
[2026-07-31 02:47:09] 2026-07-31 02:47:09 | INFO     | KDClient 8 round 31 completed (acc=0.3091, n=24)
[2026-07-31 02:47:09] 2026-07-31 02:47:09 | INFO     | KDClient 9 fit round 31 (tier=medium)
[2026-07-31 02:47:09] 2026-07-31 02:47:09 | INFO     | KDClient 9 round 31 public KD (epochs=2)
[2026-07-31 02:50:51] 2026-07-31 02:50:51 | INFO     | KDClient 9 round 31 local training (epochs=4)
[2026-07-31 02:52:39] 2026-07-31 02:52:39 | INFO     | KDClient 9 round 31 completed (acc=0.3091, n=26)
[2026-07-31 02:52:39] 2026-07-31 02:52:39 | INFO     | KDClient 10 fit round 31 (tier=medium)
[2026-07-31 02:52:39] 2026-07-31 02:52:39 | INFO     | KDClient 10 round 31 public KD (epochs=2)
[2026-07-31 02:56:18] 2026-07-31 02:56:18 | INFO     | KDClient 10 round 31 local training (epochs=4)
[2026-07-31 02:58:13] 2026-07-31 02:58:13 | INFO     | KDClient 10 round 31 completed (acc=0.3091, n=29)
[2026-07-31 02:58:13] 2026-07-31 02:58:13 | INFO     | KDClient 11 fit round 31 (tier=medium)
[2026-07-31 02:58:13] 2026-07-31 02:58:13 | INFO     | KDClient 11 round 31 public KD (epochs=2)
[2026-07-31 03:02:03] 2026-07-31 03:02:03 | INFO     | KDClient 11 round 31 local training (epochs=4)
[2026-07-31 03:03:30] 2026-07-31 03:03:30 | INFO     | KDClient 11 round 31 completed (acc=0.0000, n=26)
[2026-07-31 03:03:30] 2026-07-31 03:03:30 | INFO     | KDClient 12 fit round 31 (tier=medium)
[2026-07-31 03:03:30] 2026-07-31 03:03:30 | INFO     | KDClient 12 round 31 public KD (epochs=2)
[2026-07-31 03:05:24] 2026-07-31 03:05:24 | INFO     | KDClient 12 round 31 local training (epochs=4)
[2026-07-31 03:06:29] 2026-07-31 03:06:29 | INFO     | KDClient 12 round 31 completed (acc=0.3091, n=45)
[2026-07-31 03:06:29] 2026-07-31 03:06:29 | INFO     | KDClient 13 fit round 31 (tier=medium)
[2026-07-31 03:06:29] 2026-07-31 03:06:29 | INFO     | KDClient 13 round 31 public KD (epochs=2)
[2026-07-31 03:08:23] 2026-07-31 03:08:23 | INFO     | KDClient 13 round 31 local training (epochs=4)
[2026-07-31 03:09:30] 2026-07-31 03:09:30 | INFO     | KDClient 13 round 31 completed (acc=0.2691, n=76)
[2026-07-31 03:09:30] 2026-07-31 03:09:30 | INFO     | KDClient 14 fit round 31 (tier=large)
[2026-07-31 03:09:30] 2026-07-31 03:09:30 | INFO     | KDClient 14 round 31 public KD (epochs=2)
[2026-07-31 03:13:18] 2026-07-31 03:13:18 | INFO     | KDClient 14 round 31 local training (epochs=4)
[2026-07-31 03:15:45] 2026-07-31 03:15:45 | INFO     | KDClient 14 round 31 completed (acc=0.2473, n=139)
[2026-07-31 03:15:45] 2026-07-31 03:15:45 | INFO     | KDClient 15 fit round 31 (tier=large)
[2026-07-31 03:15:45] 2026-07-31 03:15:45 | INFO     | KDClient 15 round 31 public KD (epochs=2)
[2026-07-31 03:19:36] 2026-07-31 03:19:36 | INFO     | KDClient 15 round 31 local training (epochs=4)
[2026-07-31 03:21:21] 2026-07-31 03:21:21 | INFO     | KDClient 15 round 31 completed (acc=0.3091, n=39)
[2026-07-31 03:21:21] 2026-07-31 03:21:21 | INFO     | KDClient 16 fit round 31 (tier=large)
[2026-07-31 03:21:21] 2026-07-31 03:21:21 | INFO     | KDClient 16 round 31 public KD (epochs=2)
[2026-07-31 03:24:13] 2026-07-31 03:24:13 | INFO     | KDClient 16 round 31 local training (epochs=4)
[2026-07-31 03:26:01] 2026-07-31 03:26:01 | INFO     | KDClient 16 round 31 completed (acc=0.0000, n=37)
[2026-07-31 03:26:01] 2026-07-31 03:26:01 | INFO     | KDClient 17 fit round 31 (tier=large)
[2026-07-31 03:26:01] 2026-07-31 03:26:01 | INFO     | KDClient 17 round 31 public KD (epochs=2)
[2026-07-31 03:28:39] 2026-07-31 03:28:39 | INFO     | KDClient 17 round 31 local training (epochs=4)
[2026-07-31 03:30:01] 2026-07-31 03:30:01 | INFO     | KDClient 17 round 31 completed (acc=0.1818, n=35)
[2026-07-31 03:30:01] 2026-07-31 03:30:01 | INFO     | KDClient 18 fit round 31 (tier=large)
[2026-07-31 03:30:01] 2026-07-31 03:30:01 | INFO     | KDClient 18 round 31 public KD (epochs=2)
[2026-07-31 03:32:33] 2026-07-31 03:32:33 | INFO     | KDClient 18 round 31 local training (epochs=4)
[2026-07-31 03:33:54] 2026-07-31 03:33:54 | INFO     | KDClient 18 round 31 completed (acc=0.3091, n=37)
[2026-07-31 03:33:54] 2026-07-31 03:33:54 | INFO     | KDClient 19 fit round 31 (tier=large)
[2026-07-31 03:33:54] 2026-07-31 03:33:54 | INFO     | KDClient 19 round 31 public KD (epochs=2)
[2026-07-31 03:36:19] 2026-07-31 03:36:19 | INFO     | KDClient 19 round 31 local training (epochs=4)
[2026-07-31 03:37:59] 2026-07-31 03:37:59 | INFO     | KDClient 19 round 31 completed (acc=0.3018, n=56)
[2026-07-31 03:37:59]   Round  31/50 | Avg: 0.2122 | Min: 0.0000 | Max: 0.3091
[2026-07-31 03:37:59] 2026-07-31 03:37:59 | INFO     | FEDMD — NONIID: round 32/50 starting
[2026-07-31 03:37:59] 2026-07-31 03:37:59 | INFO     | KDClient 0 fit round 32 (tier=small)
[2026-07-31 03:37:59] 2026-07-31 03:37:59 | INFO     | KDClient 0 round 32 public KD (epochs=2)
[2026-07-31 03:38:48] 2026-07-31 03:38:48 | INFO     | KDClient 0 round 32 local training (epochs=4)
[2026-07-31 03:39:15] 2026-07-31 03:39:15 | INFO     | KDClient 0 round 32 completed (acc=0.2945, n=38)
[2026-07-31 03:39:15] 2026-07-31 03:39:15 | INFO     | KDClient 1 fit round 32 (tier=small)
[2026-07-31 03:39:15] 2026-07-31 03:39:15 | INFO     | KDClient 1 round 32 public KD (epochs=2)
[2026-07-31 03:39:49] 2026-07-31 03:39:49 | INFO     | KDClient 1 round 32 local training (epochs=4)
[2026-07-31 03:40:11] 2026-07-31 03:40:11 | INFO     | KDClient 1 round 32 completed (acc=0.3091, n=47)
[2026-07-31 03:40:11] 2026-07-31 03:40:11 | INFO     | KDClient 2 fit round 32 (tier=small)
[2026-07-31 03:40:11] 2026-07-31 03:40:11 | INFO     | KDClient 2 round 32 public KD (epochs=2)
[2026-07-31 03:40:51] 2026-07-31 03:40:51 | INFO     | KDClient 2 round 32 local training (epochs=4)
[2026-07-31 03:41:30] 2026-07-31 03:41:30 | INFO     | KDClient 2 round 32 completed (acc=0.0000, n=178)
[2026-07-31 03:41:30] 2026-07-31 03:41:30 | INFO     | KDClient 3 fit round 32 (tier=small)
[2026-07-31 03:41:30] 2026-07-31 03:41:30 | INFO     | KDClient 3 round 32 public KD (epochs=2)
[2026-07-31 03:42:17] 2026-07-31 03:42:17 | INFO     | KDClient 3 round 32 local training (epochs=4)
[2026-07-31 03:42:42] 2026-07-31 03:42:42 | INFO     | KDClient 3 round 32 completed (acc=0.1709, n=67)
[2026-07-31 03:42:42] 2026-07-31 03:42:42 | INFO     | KDClient 4 fit round 32 (tier=small)
[2026-07-31 03:42:42] 2026-07-31 03:42:42 | INFO     | KDClient 4 round 32 public KD (epochs=2)
[2026-07-31 03:43:24] 2026-07-31 03:43:24 | INFO     | KDClient 4 round 32 local training (epochs=4)
[2026-07-31 03:43:45] 2026-07-31 03:43:45 | INFO     | KDClient 4 round 32 completed (acc=0.0000, n=33)
[2026-07-31 03:43:45] 2026-07-31 03:43:45 | INFO     | KDClient 5 fit round 32 (tier=small)
[2026-07-31 03:43:45] 2026-07-31 03:43:45 | INFO     | KDClient 5 round 32 public KD (epochs=2)
[2026-07-31 03:44:27] 2026-07-31 03:44:27 | INFO     | KDClient 5 round 32 local training (epochs=4)
[2026-07-31 03:44:46] 2026-07-31 03:44:46 | INFO     | KDClient 5 round 32 completed (acc=0.3091, n=48)
[2026-07-31 03:44:46] 2026-07-31 03:44:46 | INFO     | KDClient 6 fit round 32 (tier=small)
[2026-07-31 03:44:46] 2026-07-31 03:44:46 | INFO     | KDClient 6 round 32 public KD (epochs=2)
[2026-07-31 03:45:24] 2026-07-31 03:45:24 | INFO     | KDClient 6 round 32 local training (epochs=4)
[2026-07-31 03:45:45] 2026-07-31 03:45:45 | INFO     | KDClient 6 round 32 completed (acc=0.0000, n=37)
[2026-07-31 03:45:45] 2026-07-31 03:45:45 | INFO     | KDClient 7 fit round 32 (tier=medium)
[2026-07-31 03:45:45] 2026-07-31 03:45:45 | INFO     | KDClient 7 round 32 public KD (epochs=2)
[2026-07-31 03:47:41] 2026-07-31 03:47:41 | INFO     | KDClient 7 round 32 local training (epochs=4)
[2026-07-31 03:48:58] 2026-07-31 03:48:58 | INFO     | KDClient 7 round 32 completed (acc=0.2182, n=83)
[2026-07-31 03:48:58] 2026-07-31 03:48:58 | INFO     | KDClient 8 fit round 32 (tier=medium)
[2026-07-31 03:48:58] 2026-07-31 03:48:58 | INFO     | KDClient 8 round 32 public KD (epochs=2)
[2026-07-31 03:50:51] 2026-07-31 03:50:51 | INFO     | KDClient 8 round 32 local training (epochs=4)
[2026-07-31 03:51:45] 2026-07-31 03:51:45 | INFO     | KDClient 8 round 32 completed (acc=0.3091, n=24)
[2026-07-31 03:51:45] 2026-07-31 03:51:45 | INFO     | KDClient 9 fit round 32 (tier=medium)
[2026-07-31 03:51:45] 2026-07-31 03:51:45 | INFO     | KDClient 9 round 32 public KD (epochs=2)
[2026-07-31 03:53:34] 2026-07-31 03:53:34 | INFO     | KDClient 9 round 32 local training (epochs=4)
[2026-07-31 03:54:29] 2026-07-31 03:54:29 | INFO     | KDClient 9 round 32 completed (acc=0.3091, n=26)
[2026-07-31 03:54:29] 2026-07-31 03:54:29 | INFO     | KDClient 10 fit round 32 (tier=medium)
[2026-07-31 03:54:29] 2026-07-31 03:54:29 | INFO     | KDClient 10 round 32 public KD (epochs=2)
[2026-07-31 03:56:18] 2026-07-31 03:56:18 | INFO     | KDClient 10 round 32 local training (epochs=4)
[2026-07-31 03:57:14] 2026-07-31 03:57:14 | INFO     | KDClient 10 round 32 completed (acc=0.3091, n=29)
[2026-07-31 03:57:14] 2026-07-31 03:57:14 | INFO     | KDClient 11 fit round 32 (tier=medium)
[2026-07-31 03:57:14] 2026-07-31 03:57:14 | INFO     | KDClient 11 round 32 public KD (epochs=2)
[2026-07-31 03:59:07] 2026-07-31 03:59:07 | INFO     | KDClient 11 round 32 local training (epochs=4)
[2026-07-31 04:00:10] 2026-07-31 04:00:10 | INFO     | KDClient 11 round 32 completed (acc=0.0000, n=26)
[2026-07-31 04:00:10] 2026-07-31 04:00:10 | INFO     | KDClient 12 fit round 32 (tier=medium)
[2026-07-31 04:00:10] 2026-07-31 04:00:10 | INFO     | KDClient 12 round 32 public KD (epochs=2)
[2026-07-31 04:02:03] 2026-07-31 04:02:03 | INFO     | KDClient 12 round 32 local training (epochs=4)
[2026-07-31 04:03:09] 2026-07-31 04:03:09 | INFO     | KDClient 12 round 32 completed (acc=0.3091, n=45)
[2026-07-31 04:03:09] 2026-07-31 04:03:09 | INFO     | KDClient 13 fit round 32 (tier=medium)
[2026-07-31 04:03:09] 2026-07-31 04:03:09 | INFO     | KDClient 13 round 32 public KD (epochs=2)
[2026-07-31 04:05:31] 2026-07-31 04:05:31 | INFO     | KDClient 13 round 32 local training (epochs=4)
[2026-07-31 04:06:40] 2026-07-31 04:06:40 | INFO     | KDClient 13 round 32 completed (acc=0.3055, n=76)
[2026-07-31 04:06:40] 2026-07-31 04:06:40 | INFO     | KDClient 14 fit round 32 (tier=large)
[2026-07-31 04:06:40] 2026-07-31 04:06:40 | INFO     | KDClient 14 round 32 public KD (epochs=2)
[2026-07-31 04:09:32] 2026-07-31 04:09:32 | INFO     | KDClient 14 round 32 local training (epochs=4)
[2026-07-31 04:11:22] 2026-07-31 04:11:22 | INFO     | KDClient 14 round 32 completed (acc=0.2945, n=139)
[2026-07-31 04:11:22] 2026-07-31 04:11:22 | INFO     | KDClient 15 fit round 32 (tier=large)
[2026-07-31 04:11:22] 2026-07-31 04:11:22 | INFO     | KDClient 15 round 32 public KD (epochs=2)
[2026-07-31 04:14:12] 2026-07-31 04:14:12 | INFO     | KDClient 15 round 32 local training (epochs=4)
[2026-07-31 04:15:57] 2026-07-31 04:15:57 | INFO     | KDClient 15 round 32 completed (acc=0.3091, n=39)
[2026-07-31 04:15:57] 2026-07-31 04:15:57 | INFO     | KDClient 16 fit round 32 (tier=large)
[2026-07-31 04:15:57] 2026-07-31 04:15:57 | INFO     | KDClient 16 round 32 public KD (epochs=2)
[2026-07-31 04:19:45] 2026-07-31 04:19:45 | INFO     | KDClient 16 round 32 local training (epochs=4)
[2026-07-31 04:21:04] 2026-07-31 04:21:04 | INFO     | KDClient 16 round 32 completed (acc=0.0000, n=37)
[2026-07-31 04:21:04] 2026-07-31 04:21:04 | INFO     | KDClient 17 fit round 32 (tier=large)
[2026-07-31 04:21:04] 2026-07-31 04:21:04 | INFO     | KDClient 17 round 32 public KD (epochs=2)
[2026-07-31 04:23:34] 2026-07-31 04:23:34 | INFO     | KDClient 17 round 32 local training (epochs=4)
[2026-07-31 04:25:17] 2026-07-31 04:25:17 | INFO     | KDClient 17 round 32 completed (acc=0.2764, n=35)
[2026-07-31 04:25:17] 2026-07-31 04:25:17 | INFO     | KDClient 18 fit round 32 (tier=large)
[2026-07-31 04:25:17] 2026-07-31 04:25:17 | INFO     | KDClient 18 round 32 public KD (epochs=2)
[2026-07-31 04:27:58] 2026-07-31 04:27:58 | INFO     | KDClient 18 round 32 local training (epochs=4)
[2026-07-31 04:29:32] 2026-07-31 04:29:32 | INFO     | KDClient 18 round 32 completed (acc=0.3055, n=37)
[2026-07-31 04:29:32] 2026-07-31 04:29:32 | INFO     | KDClient 19 fit round 32 (tier=large)
[2026-07-31 04:29:32] 2026-07-31 04:29:32 | INFO     | KDClient 19 round 32 public KD (epochs=2)
[2026-07-31 04:32:06] 2026-07-31 04:32:06 | INFO     | KDClient 19 round 32 local training (epochs=4)
[2026-07-31 04:33:48] 2026-07-31 04:33:48 | INFO     | KDClient 19 round 32 completed (acc=0.3055, n=56)
[2026-07-31 04:33:48]   Round  32/50 | Avg: 0.2167 | Min: 0.0000 | Max: 0.3091
[2026-07-31 04:33:48] 2026-07-31 04:33:48 | INFO     | FEDMD — NONIID: round 33/50 starting
[2026-07-31 04:33:48] 2026-07-31 04:33:48 | INFO     | KDClient 0 fit round 33 (tier=small)
[2026-07-31 04:33:48] 2026-07-31 04:33:48 | INFO     | KDClient 0 round 33 public KD (epochs=2)
[2026-07-31 04:34:31] 2026-07-31 04:34:31 | INFO     | KDClient 0 round 33 local training (epochs=4)
[2026-07-31 04:34:55] 2026-07-31 04:34:55 | INFO     | KDClient 0 round 33 completed (acc=0.3091, n=38)
[2026-07-31 04:34:55] 2026-07-31 04:34:55 | INFO     | KDClient 1 fit round 33 (tier=small)
[2026-07-31 04:34:55] 2026-07-31 04:34:55 | INFO     | KDClient 1 round 33 public KD (epochs=2)
[2026-07-31 04:35:39] 2026-07-31 04:35:39 | INFO     | KDClient 1 round 33 local training (epochs=4)
[2026-07-31 04:36:06] 2026-07-31 04:36:06 | INFO     | KDClient 1 round 33 completed (acc=0.3091, n=47)
[2026-07-31 04:36:06] 2026-07-31 04:36:06 | INFO     | KDClient 2 fit round 33 (tier=small)
[2026-07-31 04:36:06] 2026-07-31 04:36:06 | INFO     | KDClient 2 round 33 public KD (epochs=2)
[2026-07-31 04:37:05] 2026-07-31 04:37:05 | INFO     | KDClient 2 round 33 local training (epochs=4)
[2026-07-31 04:37:37] 2026-07-31 04:37:37 | INFO     | KDClient 2 round 33 completed (acc=0.0000, n=178)
[2026-07-31 04:37:37] 2026-07-31 04:37:37 | INFO     | KDClient 3 fit round 33 (tier=small)
[2026-07-31 04:37:37] 2026-07-31 04:37:37 | INFO     | KDClient 3 round 33 public KD (epochs=2)
[2026-07-31 04:38:24] 2026-07-31 04:38:24 | INFO     | KDClient 3 round 33 local training (epochs=4)
[2026-07-31 04:38:50] 2026-07-31 04:38:50 | INFO     | KDClient 3 round 33 completed (acc=0.3055, n=67)
[2026-07-31 04:38:50] 2026-07-31 04:38:50 | INFO     | KDClient 4 fit round 33 (tier=small)
[2026-07-31 04:38:50] 2026-07-31 04:38:50 | INFO     | KDClient 4 round 33 public KD (epochs=2)
[2026-07-31 04:39:38] 2026-07-31 04:39:38 | INFO     | KDClient 4 round 33 local training (epochs=4)
[2026-07-31 04:39:59] 2026-07-31 04:39:59 | INFO     | KDClient 4 round 33 completed (acc=0.0000, n=33)
[2026-07-31 04:39:59] 2026-07-31 04:39:59 | INFO     | KDClient 5 fit round 33 (tier=small)
[2026-07-31 04:39:59] 2026-07-31 04:39:59 | INFO     | KDClient 5 round 33 public KD (epochs=2)
[2026-07-31 04:40:57] 2026-07-31 04:40:57 | INFO     | KDClient 5 round 33 local training (epochs=4)
[2026-07-31 04:41:21] 2026-07-31 04:41:21 | INFO     | KDClient 5 round 33 completed (acc=0.3091, n=48)
[2026-07-31 04:41:21] 2026-07-31 04:41:21 | INFO     | KDClient 6 fit round 33 (tier=small)
[2026-07-31 04:41:21] 2026-07-31 04:41:21 | INFO     | KDClient 6 round 33 public KD (epochs=2)
[2026-07-31 04:42:01] 2026-07-31 04:42:01 | INFO     | KDClient 6 round 33 local training (epochs=4)
[2026-07-31 04:42:24] 2026-07-31 04:42:24 | INFO     | KDClient 6 round 33 completed (acc=0.0000, n=37)
[2026-07-31 04:42:24] 2026-07-31 04:42:24 | INFO     | KDClient 7 fit round 33 (tier=medium)
[2026-07-31 04:42:24] 2026-07-31 04:42:24 | INFO     | KDClient 7 round 33 public KD (epochs=2)
[2026-07-31 04:44:39] 2026-07-31 04:44:39 | INFO     | KDClient 7 round 33 local training (epochs=4)
[2026-07-31 04:45:41] 2026-07-31 04:45:41 | INFO     | KDClient 7 round 33 completed (acc=0.1055, n=83)
[2026-07-31 04:45:41] 2026-07-31 04:45:41 | INFO     | KDClient 8 fit round 33 (tier=medium)
[2026-07-31 04:45:41] 2026-07-31 04:45:41 | INFO     | KDClient 8 round 33 public KD (epochs=2)
[2026-07-31 04:47:38] 2026-07-31 04:47:38 | INFO     | KDClient 8 round 33 local training (epochs=4)
[2026-07-31 04:48:37] 2026-07-31 04:48:37 | INFO     | KDClient 8 round 33 completed (acc=0.3055, n=24)
[2026-07-31 04:48:37] 2026-07-31 04:48:37 | INFO     | KDClient 9 fit round 33 (tier=medium)
[2026-07-31 04:48:37] 2026-07-31 04:48:37 | INFO     | KDClient 9 round 33 public KD (epochs=2)
[2026-07-31 04:50:24] 2026-07-31 04:50:24 | INFO     | KDClient 9 round 33 local training (epochs=4)
[2026-07-31 04:51:44] 2026-07-31 04:51:44 | INFO     | KDClient 9 round 33 completed (acc=0.3091, n=26)
[2026-07-31 04:51:44] 2026-07-31 04:51:44 | INFO     | KDClient 10 fit round 33 (tier=medium)
[2026-07-31 04:51:44] 2026-07-31 04:51:44 | INFO     | KDClient 10 round 33 public KD (epochs=2)
[2026-07-31 04:53:37] 2026-07-31 04:53:37 | INFO     | KDClient 10 round 33 local training (epochs=4)
[2026-07-31 04:54:41] 2026-07-31 04:54:41 | INFO     | KDClient 10 round 33 completed (acc=0.3091, n=29)
[2026-07-31 04:54:41] 2026-07-31 04:54:41 | INFO     | KDClient 11 fit round 33 (tier=medium)
[2026-07-31 04:54:41] 2026-07-31 04:54:41 | INFO     | KDClient 11 round 33 public KD (epochs=2)
[2026-07-31 04:56:37] 2026-07-31 04:56:37 | INFO     | KDClient 11 round 33 local training (epochs=4)
[2026-07-31 04:57:39] 2026-07-31 04:57:39 | INFO     | KDClient 11 round 33 completed (acc=0.0000, n=26)
[2026-07-31 04:57:39] 2026-07-31 04:57:39 | INFO     | KDClient 12 fit round 33 (tier=medium)
[2026-07-31 04:57:39] 2026-07-31 04:57:39 | INFO     | KDClient 12 round 33 public KD (epochs=2)
[2026-07-31 04:59:42] 2026-07-31 04:59:42 | INFO     | KDClient 12 round 33 local training (epochs=4)
[2026-07-31 05:00:50] 2026-07-31 05:00:50 | INFO     | KDClient 12 round 33 completed (acc=0.3091, n=45)
[2026-07-31 05:00:50] 2026-07-31 05:00:50 | INFO     | KDClient 13 fit round 33 (tier=medium)
[2026-07-31 05:00:50] 2026-07-31 05:00:50 | INFO     | KDClient 13 round 33 public KD (epochs=2)
[2026-07-31 05:02:44] 2026-07-31 05:02:44 | INFO     | KDClient 13 round 33 local training (epochs=4)
[2026-07-31 05:04:00] 2026-07-31 05:04:00 | INFO     | KDClient 13 round 33 completed (acc=0.3055, n=76)
[2026-07-31 05:04:00] 2026-07-31 05:04:00 | INFO     | KDClient 14 fit round 33 (tier=large)
[2026-07-31 05:04:00] 2026-07-31 05:04:00 | INFO     | KDClient 14 round 33 public KD (epochs=2)
[2026-07-31 05:06:51] 2026-07-31 05:06:51 | INFO     | KDClient 14 round 33 local training (epochs=4)
[2026-07-31 05:08:47] 2026-07-31 05:08:47 | INFO     | KDClient 14 round 33 completed (acc=0.2909, n=139)
[2026-07-31 05:08:47] 2026-07-31 05:08:47 | INFO     | KDClient 15 fit round 33 (tier=large)
[2026-07-31 05:08:47] 2026-07-31 05:08:47 | INFO     | KDClient 15 round 33 public KD (epochs=2)
[2026-07-31 05:12:33] 2026-07-31 05:12:33 | INFO     | KDClient 15 round 33 local training (epochs=4)
[2026-07-31 05:14:20] 2026-07-31 05:14:20 | INFO     | KDClient 15 round 33 completed (acc=0.3091, n=39)
[2026-07-31 05:14:20] 2026-07-31 05:14:20 | INFO     | KDClient 16 fit round 33 (tier=large)
[2026-07-31 05:14:20] 2026-07-31 05:14:20 | INFO     | KDClient 16 round 33 public KD (epochs=2)
[2026-07-31 05:17:17] 2026-07-31 05:17:17 | INFO     | KDClient 16 round 33 local training (epochs=4)
[2026-07-31 05:19:03] 2026-07-31 05:19:03 | INFO     | KDClient 16 round 33 completed (acc=0.0000, n=37)
[2026-07-31 05:19:03] 2026-07-31 05:19:03 | INFO     | KDClient 17 fit round 33 (tier=large)
[2026-07-31 05:19:03] 2026-07-31 05:19:03 | INFO     | KDClient 17 round 33 public KD (epochs=2)
[2026-07-31 05:21:59] 2026-07-31 05:21:59 | INFO     | KDClient 17 round 33 local training (epochs=4)
[2026-07-31 05:23:42] 2026-07-31 05:23:42 | INFO     | KDClient 17 round 33 completed (acc=0.3018, n=35)
[2026-07-31 05:23:42] 2026-07-31 05:23:42 | INFO     | KDClient 18 fit round 33 (tier=large)
[2026-07-31 05:23:42] 2026-07-31 05:23:42 | INFO     | KDClient 18 round 33 public KD (epochs=2)
[2026-07-31 05:26:46] 2026-07-31 05:26:46 | INFO     | KDClient 18 round 33 local training (epochs=4)
[2026-07-31 05:28:27] 2026-07-31 05:28:27 | INFO     | KDClient 18 round 33 completed (acc=0.3055, n=37)
[2026-07-31 05:28:27] 2026-07-31 05:28:27 | INFO     | KDClient 19 fit round 33 (tier=large)
[2026-07-31 05:28:27] 2026-07-31 05:28:27 | INFO     | KDClient 19 round 33 public KD (epochs=2)
[2026-07-31 05:31:34] 2026-07-31 05:31:34 | INFO     | KDClient 19 round 33 local training (epochs=4)
[2026-07-31 05:33:32] 2026-07-31 05:33:32 | INFO     | KDClient 19 round 33 completed (acc=0.3055, n=56)
[2026-07-31 05:33:32]   Round  33/50 | Avg: 0.2195 | Min: 0.0000 | Max: 0.3091
[2026-07-31 05:33:32] 2026-07-31 05:33:32 | INFO     | FEDMD — NONIID: round 34/50 starting
[2026-07-31 05:33:32] 2026-07-31 05:33:32 | INFO     | KDClient 0 fit round 34 (tier=small)
[2026-07-31 05:33:32] 2026-07-31 05:33:32 | INFO     | KDClient 0 round 34 public KD (epochs=2)
[2026-07-31 05:34:23] 2026-07-31 05:34:23 | INFO     | KDClient 0 round 34 local training (epochs=4)
[2026-07-31 05:34:51] 2026-07-31 05:34:51 | INFO     | KDClient 0 round 34 completed (acc=0.3091, n=38)
[2026-07-31 05:34:51] 2026-07-31 05:34:51 | INFO     | KDClient 1 fit round 34 (tier=small)
[2026-07-31 05:34:51] 2026-07-31 05:34:51 | INFO     | KDClient 1 round 34 public KD (epochs=2)
[2026-07-31 05:35:43] 2026-07-31 05:35:43 | INFO     | KDClient 1 round 34 local training (epochs=4)
[2026-07-31 05:36:13] 2026-07-31 05:36:13 | INFO     | KDClient 1 round 34 completed (acc=0.3091, n=47)
[2026-07-31 05:36:13] 2026-07-31 05:36:13 | INFO     | KDClient 2 fit round 34 (tier=small)
[2026-07-31 05:36:13] 2026-07-31 05:36:13 | INFO     | KDClient 2 round 34 public KD (epochs=2)
[2026-07-31 05:37:05] 2026-07-31 05:37:05 | INFO     | KDClient 2 round 34 local training (epochs=4)
[2026-07-31 05:37:50] 2026-07-31 05:37:50 | INFO     | KDClient 2 round 34 completed (acc=0.0000, n=178)
[2026-07-31 05:37:50] 2026-07-31 05:37:50 | INFO     | KDClient 3 fit round 34 (tier=small)
[2026-07-31 05:37:50] 2026-07-31 05:37:50 | INFO     | KDClient 3 round 34 public KD (epochs=2)
[2026-07-31 05:38:45] 2026-07-31 05:38:45 | INFO     | KDClient 3 round 34 local training (epochs=4)
[2026-07-31 05:39:16] 2026-07-31 05:39:16 | INFO     | KDClient 3 round 34 completed (acc=0.3055, n=67)
[2026-07-31 05:39:16] 2026-07-31 05:39:16 | INFO     | KDClient 4 fit round 34 (tier=small)
[2026-07-31 05:39:16] 2026-07-31 05:39:16 | INFO     | KDClient 4 round 34 public KD (epochs=2)
[2026-07-31 05:40:05] 2026-07-31 05:40:05 | INFO     | KDClient 4 round 34 local training (epochs=4)
[2026-07-31 05:40:34] 2026-07-31 05:40:34 | INFO     | KDClient 4 round 34 completed (acc=0.0000, n=33)
[2026-07-31 05:40:34] 2026-07-31 05:40:34 | INFO     | KDClient 5 fit round 34 (tier=small)
[2026-07-31 05:40:34] 2026-07-31 05:40:34 | INFO     | KDClient 5 round 34 public KD (epochs=2)
[2026-07-31 05:41:24] 2026-07-31 05:41:24 | INFO     | KDClient 5 round 34 local training (epochs=4)
[2026-07-31 05:41:57] 2026-07-31 05:41:57 | INFO     | KDClient 5 round 34 completed (acc=0.3091, n=48)
[2026-07-31 05:41:57] 2026-07-31 05:41:57 | INFO     | KDClient 6 fit round 34 (tier=small)
[2026-07-31 05:41:57] 2026-07-31 05:41:57 | INFO     | KDClient 6 round 34 public KD (epochs=2)
[2026-07-31 05:42:46] 2026-07-31 05:42:46 | INFO     | KDClient 6 round 34 local training (epochs=4)
[2026-07-31 05:43:18] 2026-07-31 05:43:18 | INFO     | KDClient 6 round 34 completed (acc=0.0000, n=37)
[2026-07-31 05:43:18] 2026-07-31 05:43:18 | INFO     | KDClient 7 fit round 34 (tier=medium)
[2026-07-31 05:43:18] 2026-07-31 05:43:18 | INFO     | KDClient 7 round 34 public KD (epochs=2)
[2026-07-31 05:45:21] 2026-07-31 05:45:21 | INFO     | KDClient 7 round 34 local training (epochs=4)
[2026-07-31 05:46:55] 2026-07-31 05:46:55 | INFO     | KDClient 7 round 34 completed (acc=0.1855, n=83)
[2026-07-31 05:46:55] 2026-07-31 05:46:55 | INFO     | KDClient 8 fit round 34 (tier=medium)
[2026-07-31 05:46:55] 2026-07-31 05:46:55 | INFO     | KDClient 8 round 34 public KD (epochs=2)
[2026-07-31 05:49:25] 2026-07-31 05:49:25 | INFO     | KDClient 8 round 34 local training (epochs=4)
[2026-07-31 05:50:36] 2026-07-31 05:50:36 | INFO     | KDClient 8 round 34 completed (acc=0.3091, n=24)
[2026-07-31 05:50:36] 2026-07-31 05:50:36 | INFO     | KDClient 9 fit round 34 (tier=medium)
[2026-07-31 05:50:36] 2026-07-31 05:50:36 | INFO     | KDClient 9 round 34 public KD (epochs=2)
[2026-07-31 05:52:50] 2026-07-31 05:52:50 | INFO     | KDClient 9 round 34 local training (epochs=4)
[2026-07-31 05:54:00] 2026-07-31 05:54:00 | INFO     | KDClient 9 round 34 completed (acc=0.3091, n=26)
[2026-07-31 05:54:00] 2026-07-31 05:54:00 | INFO     | KDClient 10 fit round 34 (tier=medium)
[2026-07-31 05:54:00] 2026-07-31 05:54:00 | INFO     | KDClient 10 round 34 public KD (epochs=2)
[2026-07-31 05:56:06] 2026-07-31 05:56:06 | INFO     | KDClient 10 round 34 local training (epochs=4)
[2026-07-31 05:57:18] 2026-07-31 05:57:18 | INFO     | KDClient 10 round 34 completed (acc=0.3091, n=29)
[2026-07-31 05:57:18] 2026-07-31 05:57:18 | INFO     | KDClient 11 fit round 34 (tier=medium)
[2026-07-31 05:57:18] 2026-07-31 05:57:18 | INFO     | KDClient 11 round 34 public KD (epochs=2)
[2026-07-31 05:59:29] 2026-07-31 05:59:29 | INFO     | KDClient 11 round 34 local training (epochs=4)
[2026-07-31 06:00:36] 2026-07-31 06:00:36 | INFO     | KDClient 11 round 34 completed (acc=0.0000, n=26)
[2026-07-31 06:00:36] 2026-07-31 06:00:36 | INFO     | KDClient 12 fit round 34 (tier=medium)
[2026-07-31 06:00:36] 2026-07-31 06:00:36 | INFO     | KDClient 12 round 34 public KD (epochs=2)
[2026-07-31 06:02:45] 2026-07-31 06:02:45 | INFO     | KDClient 12 round 34 local training (epochs=4)
[2026-07-31 06:03:54] 2026-07-31 06:03:54 | INFO     | KDClient 12 round 34 completed (acc=0.3091, n=45)
[2026-07-31 06:03:54] 2026-07-31 06:03:54 | INFO     | KDClient 13 fit round 34 (tier=medium)
[2026-07-31 06:03:54] 2026-07-31 06:03:54 | INFO     | KDClient 13 round 34 public KD (epochs=2)
[2026-07-31 06:05:52] 2026-07-31 06:05:52 | INFO     | KDClient 13 round 34 local training (epochs=4)
[2026-07-31 06:07:12] 2026-07-31 06:07:12 | INFO     | KDClient 13 round 34 completed (acc=0.3055, n=76)
[2026-07-31 06:07:12] 2026-07-31 06:07:12 | INFO     | KDClient 14 fit round 34 (tier=large)
[2026-07-31 06:07:12] 2026-07-31 06:07:12 | INFO     | KDClient 14 round 34 public KD (epochs=2)
[2026-07-31 06:10:02] 2026-07-31 06:10:02 | INFO     | KDClient 14 round 34 local training (epochs=4)
[2026-07-31 06:11:58] 2026-07-31 06:11:58 | INFO     | KDClient 14 round 34 completed (acc=0.3055, n=139)
[2026-07-31 06:11:58] 2026-07-31 06:11:58 | INFO     | KDClient 15 fit round 34 (tier=large)
[2026-07-31 06:11:58] 2026-07-31 06:11:58 | INFO     | KDClient 15 round 34 public KD (epochs=2)
[2026-07-31 06:14:41] 2026-07-31 06:14:41 | INFO     | KDClient 15 round 34 local training (epochs=4)
[2026-07-31 06:16:10] 2026-07-31 06:16:10 | INFO     | KDClient 15 round 34 completed (acc=0.3091, n=39)
[2026-07-31 06:16:10] 2026-07-31 06:16:10 | INFO     | KDClient 16 fit round 34 (tier=large)
[2026-07-31 06:16:10] 2026-07-31 06:16:10 | INFO     | KDClient 16 round 34 public KD (epochs=2)
[2026-07-31 06:18:41] 2026-07-31 06:18:41 | INFO     | KDClient 16 round 34 local training (epochs=4)
[2026-07-31 06:20:13] 2026-07-31 06:20:13 | INFO     | KDClient 16 round 34 completed (acc=0.0000, n=37)
[2026-07-31 06:20:13] 2026-07-31 06:20:13 | INFO     | KDClient 17 fit round 34 (tier=large)
[2026-07-31 06:20:13] 2026-07-31 06:20:13 | INFO     | KDClient 17 round 34 public KD (epochs=2)
[2026-07-31 06:22:53] 2026-07-31 06:22:53 | INFO     | KDClient 17 round 34 local training (epochs=4)
[2026-07-31 06:24:24] 2026-07-31 06:24:24 | INFO     | KDClient 17 round 34 completed (acc=0.2836, n=35)
[2026-07-31 06:24:24] 2026-07-31 06:24:24 | INFO     | KDClient 18 fit round 34 (tier=large)
[2026-07-31 06:24:24] 2026-07-31 06:24:24 | INFO     | KDClient 18 round 34 public KD (epochs=2)
[2026-07-31 06:27:15] 2026-07-31 06:27:15 | INFO     | KDClient 18 round 34 local training (epochs=4)
[2026-07-31 06:28:46] 2026-07-31 06:28:46 | INFO     | KDClient 18 round 34 completed (acc=0.3018, n=37)
[2026-07-31 06:28:46] 2026-07-31 06:28:46 | INFO     | KDClient 19 fit round 34 (tier=large)
[2026-07-31 06:28:46] 2026-07-31 06:28:46 | INFO     | KDClient 19 round 34 public KD (epochs=2)
[2026-07-31 06:31:44] 2026-07-31 06:31:44 | INFO     | KDClient 19 round 34 local training (epochs=4)
[2026-07-31 06:33:24] 2026-07-31 06:33:24 | INFO     | KDClient 19 round 34 completed (acc=0.3091, n=56)
[2026-07-31 06:33:24]   Round  34/50 | Avg: 0.2235 | Min: 0.0000 | Max: 0.3091
[2026-07-31 06:33:24] 2026-07-31 06:33:24 | INFO     | FEDMD — NONIID: round 35/50 starting
[2026-07-31 06:33:24] 2026-07-31 06:33:24 | INFO     | KDClient 0 fit round 35 (tier=small)
[2026-07-31 06:33:24] 2026-07-31 06:33:24 | INFO     | KDClient 0 round 35 public KD (epochs=2)
[2026-07-31 06:34:13] 2026-07-31 06:34:13 | INFO     | KDClient 0 round 35 local training (epochs=4)
[2026-07-31 06:34:43] 2026-07-31 06:34:43 | INFO     | KDClient 0 round 35 completed (acc=0.3091, n=38)
[2026-07-31 06:34:43] 2026-07-31 06:34:43 | INFO     | KDClient 1 fit round 35 (tier=small)
[2026-07-31 06:34:43] 2026-07-31 06:34:43 | INFO     | KDClient 1 round 35 public KD (epochs=2)
[2026-07-31 06:35:50] 2026-07-31 06:35:50 | INFO     | KDClient 1 round 35 local training (epochs=4)
[2026-07-31 06:36:14] 2026-07-31 06:36:14 | INFO     | KDClient 1 round 35 completed (acc=0.3091, n=47)
[2026-07-31 06:36:14] 2026-07-31 06:36:14 | INFO     | KDClient 2 fit round 35 (tier=small)
[2026-07-31 06:36:14] 2026-07-31 06:36:14 | INFO     | KDClient 2 round 35 public KD (epochs=2)
[2026-07-31 06:36:56] 2026-07-31 06:36:56 | INFO     | KDClient 2 round 35 local training (epochs=4)
[2026-07-31 06:37:34] 2026-07-31 06:37:34 | INFO     | KDClient 2 round 35 completed (acc=0.0000, n=178)
[2026-07-31 06:37:34] 2026-07-31 06:37:34 | INFO     | KDClient 3 fit round 35 (tier=small)
[2026-07-31 06:37:34] 2026-07-31 06:37:34 | INFO     | KDClient 3 round 35 public KD (epochs=2)
[2026-07-31 06:38:21] 2026-07-31 06:38:21 | INFO     | KDClient 3 round 35 local training (epochs=4)
[2026-07-31 06:38:50] 2026-07-31 06:38:50 | INFO     | KDClient 3 round 35 completed (acc=0.2727, n=67)
[2026-07-31 06:38:50] 2026-07-31 06:38:50 | INFO     | KDClient 4 fit round 35 (tier=small)
[2026-07-31 06:38:50] 2026-07-31 06:38:50 | INFO     | KDClient 4 round 35 public KD (epochs=2)
[2026-07-31 06:39:38] 2026-07-31 06:39:38 | INFO     | KDClient 4 round 35 local training (epochs=4)
[2026-07-31 06:39:58] 2026-07-31 06:39:58 | INFO     | KDClient 4 round 35 completed (acc=0.0000, n=33)
[2026-07-31 06:39:58] 2026-07-31 06:39:58 | INFO     | KDClient 5 fit round 35 (tier=small)
[2026-07-31 06:39:58] 2026-07-31 06:39:58 | INFO     | KDClient 5 round 35 public KD (epochs=2)
[2026-07-31 06:40:31] 2026-07-31 06:40:31 | INFO     | KDClient 5 round 35 local training (epochs=4)
[2026-07-31 06:40:53] 2026-07-31 06:40:53 | INFO     | KDClient 5 round 35 completed (acc=0.3091, n=48)
[2026-07-31 06:40:53] 2026-07-31 06:40:53 | INFO     | KDClient 6 fit round 35 (tier=small)
[2026-07-31 06:40:53] 2026-07-31 06:40:53 | INFO     | KDClient 6 round 35 public KD (epochs=2)
[2026-07-31 06:41:29] 2026-07-31 06:41:29 | INFO     | KDClient 6 round 35 local training (epochs=4)
[2026-07-31 06:41:50] 2026-07-31 06:41:50 | INFO     | KDClient 6 round 35 completed (acc=0.0000, n=37)
[2026-07-31 06:41:50] 2026-07-31 06:41:50 | INFO     | KDClient 7 fit round 35 (tier=medium)
[2026-07-31 06:41:50] 2026-07-31 06:41:50 | INFO     | KDClient 7 round 35 public KD (epochs=2)
[2026-07-31 06:43:41] 2026-07-31 06:43:41 | INFO     | KDClient 7 round 35 local training (epochs=4)
[2026-07-31 06:45:05] 2026-07-31 06:45:05 | INFO     | KDClient 7 round 35 completed (acc=0.0727, n=83)
[2026-07-31 06:45:05] 2026-07-31 06:45:05 | INFO     | KDClient 8 fit round 35 (tier=medium)
[2026-07-31 06:45:05] 2026-07-31 06:45:05 | INFO     | KDClient 8 round 35 public KD (epochs=2)
[2026-07-31 06:47:26] 2026-07-31 06:47:26 | INFO     | KDClient 8 round 35 local training (epochs=4)
[2026-07-31 06:48:22] 2026-07-31 06:48:22 | INFO     | KDClient 8 round 35 completed (acc=0.3055, n=24)
[2026-07-31 06:48:22] 2026-07-31 06:48:22 | INFO     | KDClient 9 fit round 35 (tier=medium)
[2026-07-31 06:48:22] 2026-07-31 06:48:22 | INFO     | KDClient 9 round 35 public KD (epochs=2)
[2026-07-31 06:50:12] 2026-07-31 06:50:12 | INFO     | KDClient 9 round 35 local training (epochs=4)
[2026-07-31 06:51:10] 2026-07-31 06:51:10 | INFO     | KDClient 9 round 35 completed (acc=0.3091, n=26)
[2026-07-31 06:51:10] 2026-07-31 06:51:10 | INFO     | KDClient 10 fit round 35 (tier=medium)
[2026-07-31 06:51:10] 2026-07-31 06:51:10 | INFO     | KDClient 10 round 35 public KD (epochs=2)
[2026-07-31 06:53:02] 2026-07-31 06:53:02 | INFO     | KDClient 10 round 35 local training (epochs=4)
[2026-07-31 06:54:02] 2026-07-31 06:54:02 | INFO     | KDClient 10 round 35 completed (acc=0.3091, n=29)
[2026-07-31 06:54:02] 2026-07-31 06:54:02 | INFO     | KDClient 11 fit round 35 (tier=medium)
[2026-07-31 06:54:02] 2026-07-31 06:54:02 | INFO     | KDClient 11 round 35 public KD (epochs=2)
[2026-07-31 06:56:22] 2026-07-31 06:56:22 | INFO     | KDClient 11 round 35 local training (epochs=4)
[2026-07-31 06:57:22] 2026-07-31 06:57:22 | INFO     | KDClient 11 round 35 completed (acc=0.0000, n=26)
[2026-07-31 06:57:22] 2026-07-31 06:57:22 | INFO     | KDClient 12 fit round 35 (tier=medium)
[2026-07-31 06:57:22] 2026-07-31 06:57:22 | INFO     | KDClient 12 round 35 public KD (epochs=2)
[2026-07-31 06:59:20] 2026-07-31 06:59:20 | INFO     | KDClient 12 round 35 local training (epochs=4)
[2026-07-31 07:00:29] 2026-07-31 07:00:29 | INFO     | KDClient 12 round 35 completed (acc=0.3091, n=45)
[2026-07-31 07:00:29] 2026-07-31 07:00:29 | INFO     | KDClient 13 fit round 35 (tier=medium)
[2026-07-31 07:00:29] 2026-07-31 07:00:29 | INFO     | KDClient 13 round 35 public KD (epochs=2)
[2026-07-31 07:02:25] 2026-07-31 07:02:25 | INFO     | KDClient 13 round 35 local training (epochs=4)
[2026-07-31 07:03:26] 2026-07-31 07:03:26 | INFO     | KDClient 13 round 35 completed (acc=0.3091, n=76)
[2026-07-31 07:03:26] 2026-07-31 07:03:26 | INFO     | KDClient 14 fit round 35 (tier=large)
[2026-07-31 07:03:26] 2026-07-31 07:03:26 | INFO     | KDClient 14 round 35 public KD (epochs=2)
[2026-07-31 07:05:58] 2026-07-31 07:05:58 | INFO     | KDClient 14 round 35 local training (epochs=4)
[2026-07-31 07:07:53] 2026-07-31 07:07:53 | INFO     | KDClient 14 round 35 completed (acc=0.3055, n=139)
[2026-07-31 07:07:53] 2026-07-31 07:07:53 | INFO     | KDClient 15 fit round 35 (tier=large)
[2026-07-31 07:07:53] 2026-07-31 07:07:53 | INFO     | KDClient 15 round 35 public KD (epochs=2)
[2026-07-31 07:10:25] 2026-07-31 07:10:25 | INFO     | KDClient 15 round 35 local training (epochs=4)
[2026-07-31 07:11:56] 2026-07-31 07:11:56 | INFO     | KDClient 15 round 35 completed (acc=0.3091, n=39)
[2026-07-31 07:11:56] 2026-07-31 07:11:56 | INFO     | KDClient 16 fit round 35 (tier=large)
[2026-07-31 07:11:56] 2026-07-31 07:11:56 | INFO     | KDClient 16 round 35 public KD (epochs=2)
[2026-07-31 07:14:31] 2026-07-31 07:14:31 | INFO     | KDClient 16 round 35 local training (epochs=4)
[2026-07-31 07:15:45] 2026-07-31 07:15:45 | INFO     | KDClient 16 round 35 completed (acc=0.0000, n=37)
[2026-07-31 07:15:45] 2026-07-31 07:15:45 | INFO     | KDClient 17 fit round 35 (tier=large)
[2026-07-31 07:15:45] 2026-07-31 07:15:45 | INFO     | KDClient 17 round 35 public KD (epochs=2)
[2026-07-31 07:18:24] 2026-07-31 07:18:24 | INFO     | KDClient 17 round 35 local training (epochs=4)
[2026-07-31 07:20:12] 2026-07-31 07:20:12 | INFO     | KDClient 17 round 35 completed (acc=0.3018, n=35)
[2026-07-31 07:20:12] 2026-07-31 07:20:12 | INFO     | KDClient 18 fit round 35 (tier=large)
[2026-07-31 07:20:12] 2026-07-31 07:20:12 | INFO     | KDClient 18 round 35 public KD (epochs=2)
[2026-07-31 07:23:00] 2026-07-31 07:23:00 | INFO     | KDClient 18 round 35 local training (epochs=4)
[2026-07-31 07:24:41] 2026-07-31 07:24:41 | INFO     | KDClient 18 round 35 completed (acc=0.2218, n=37)
[2026-07-31 07:24:41] 2026-07-31 07:24:41 | INFO     | KDClient 19 fit round 35 (tier=large)
[2026-07-31 07:24:41] 2026-07-31 07:24:41 | INFO     | KDClient 19 round 35 public KD (epochs=2)
[2026-07-31 07:27:31] 2026-07-31 07:27:31 | INFO     | KDClient 19 round 35 local training (epochs=4)
[2026-07-31 07:29:15] 2026-07-31 07:29:15 | INFO     | KDClient 19 round 35 completed (acc=0.3091, n=56)
[2026-07-31 07:29:15]   Round  35/50 | Avg: 0.2131 | Min: 0.0000 | Max: 0.3091
[2026-07-31 07:29:15] 2026-07-31 07:29:15 | INFO     | FEDMD — NONIID: round 36/50 starting
[2026-07-31 07:29:15] 2026-07-31 07:29:15 | INFO     | KDClient 0 fit round 36 (tier=small)
[2026-07-31 07:29:15] 2026-07-31 07:29:15 | INFO     | KDClient 0 round 36 public KD (epochs=2)
[2026-07-31 07:30:01] 2026-07-31 07:30:01 | INFO     | KDClient 0 round 36 local training (epochs=4)
[2026-07-31 07:30:29] 2026-07-31 07:30:29 | INFO     | KDClient 0 round 36 completed (acc=0.3091, n=38)
[2026-07-31 07:30:29] 2026-07-31 07:30:29 | INFO     | KDClient 1 fit round 36 (tier=small)
[2026-07-31 07:30:29] 2026-07-31 07:30:29 | INFO     | KDClient 1 round 36 public KD (epochs=2)
[2026-07-31 07:31:27] 2026-07-31 07:31:27 | INFO     | KDClient 1 round 36 local training (epochs=4)
[2026-07-31 07:31:55] 2026-07-31 07:31:55 | INFO     | KDClient 1 round 36 completed (acc=0.3091, n=47)
[2026-07-31 07:31:55] 2026-07-31 07:31:55 | INFO     | KDClient 2 fit round 36 (tier=small)
[2026-07-31 07:31:55] 2026-07-31 07:31:55 | INFO     | KDClient 2 round 36 public KD (epochs=2)
[2026-07-31 07:32:38] 2026-07-31 07:32:38 | INFO     | KDClient 2 round 36 local training (epochs=4)
[2026-07-31 07:33:18] 2026-07-31 07:33:18 | INFO     | KDClient 2 round 36 completed (acc=0.0000, n=178)
[2026-07-31 07:33:18] 2026-07-31 07:33:18 | INFO     | KDClient 3 fit round 36 (tier=small)
[2026-07-31 07:33:18] 2026-07-31 07:33:18 | INFO     | KDClient 3 round 36 public KD (epochs=2)
[2026-07-31 07:34:10] 2026-07-31 07:34:10 | INFO     | KDClient 3 round 36 local training (epochs=4)
[2026-07-31 07:34:38] 2026-07-31 07:34:38 | INFO     | KDClient 3 round 36 completed (acc=0.3091, n=67)
[2026-07-31 07:34:38] 2026-07-31 07:34:38 | INFO     | KDClient 4 fit round 36 (tier=small)
[2026-07-31 07:34:38] 2026-07-31 07:34:38 | INFO     | KDClient 4 round 36 public KD (epochs=2)
[2026-07-31 07:35:41] 2026-07-31 07:35:41 | INFO     | KDClient 4 round 36 local training (epochs=4)
[2026-07-31 07:36:04] 2026-07-31 07:36:04 | INFO     | KDClient 4 round 36 completed (acc=0.0000, n=33)
[2026-07-31 07:36:04] 2026-07-31 07:36:04 | INFO     | KDClient 5 fit round 36 (tier=small)
[2026-07-31 07:36:04] 2026-07-31 07:36:04 | INFO     | KDClient 5 round 36 public KD (epochs=2)
[2026-07-31 07:36:54] 2026-07-31 07:36:54 | INFO     | KDClient 5 round 36 local training (epochs=4)
[2026-07-31 07:37:16] 2026-07-31 07:37:16 | INFO     | KDClient 5 round 36 completed (acc=0.3091, n=48)
[2026-07-31 07:37:16] 2026-07-31 07:37:16 | INFO     | KDClient 6 fit round 36 (tier=small)
[2026-07-31 07:37:16] 2026-07-31 07:37:16 | INFO     | KDClient 6 round 36 public KD (epochs=2)
[2026-07-31 07:38:02] 2026-07-31 07:38:02 | INFO     | KDClient 6 round 36 local training (epochs=4)
[2026-07-31 07:38:23] 2026-07-31 07:38:23 | INFO     | KDClient 6 round 36 completed (acc=0.0000, n=37)
[2026-07-31 07:38:23] 2026-07-31 07:38:23 | INFO     | KDClient 7 fit round 36 (tier=medium)
[2026-07-31 07:38:23] 2026-07-31 07:38:23 | INFO     | KDClient 7 round 36 public KD (epochs=2)
[2026-07-31 07:40:22] 2026-07-31 07:40:22 | INFO     | KDClient 7 round 36 local training (epochs=4)
[2026-07-31 07:41:35] 2026-07-31 07:41:35 | INFO     | KDClient 7 round 36 completed (acc=0.1164, n=83)
[2026-07-31 07:41:35] 2026-07-31 07:41:35 | INFO     | KDClient 8 fit round 36 (tier=medium)
[2026-07-31 07:41:35] 2026-07-31 07:41:35 | INFO     | KDClient 8 round 36 public KD (epochs=2)
[2026-07-31 07:43:32] 2026-07-31 07:43:32 | INFO     | KDClient 8 round 36 local training (epochs=4)
[2026-07-31 07:44:29] 2026-07-31 07:44:29 | INFO     | KDClient 8 round 36 completed (acc=0.3091, n=24)
[2026-07-31 07:44:29] 2026-07-31 07:44:29 | INFO     | KDClient 9 fit round 36 (tier=medium)
[2026-07-31 07:44:29] 2026-07-31 07:44:29 | INFO     | KDClient 9 round 36 public KD (epochs=2)
[2026-07-31 07:46:28] 2026-07-31 07:46:28 | INFO     | KDClient 9 round 36 local training (epochs=4)
[2026-07-31 07:47:46] 2026-07-31 07:47:46 | INFO     | KDClient 9 round 36 completed (acc=0.3091, n=26)
[2026-07-31 07:47:46] 2026-07-31 07:47:46 | INFO     | KDClient 10 fit round 36 (tier=medium)
[2026-07-31 07:47:46] 2026-07-31 07:47:46 | INFO     | KDClient 10 round 36 public KD (epochs=2)
[2026-07-31 07:49:45] 2026-07-31 07:49:45 | INFO     | KDClient 10 round 36 local training (epochs=4)
[2026-07-31 07:50:51] 2026-07-31 07:50:51 | INFO     | KDClient 10 round 36 completed (acc=0.3091, n=29)
[2026-07-31 07:50:51] 2026-07-31 07:50:51 | INFO     | KDClient 11 fit round 36 (tier=medium)
[2026-07-31 07:50:51] 2026-07-31 07:50:51 | INFO     | KDClient 11 round 36 public KD (epochs=2)
[2026-07-31 07:52:48] 2026-07-31 07:52:48 | INFO     | KDClient 11 round 36 local training (epochs=4)
[2026-07-31 07:53:57] 2026-07-31 07:53:57 | INFO     | KDClient 11 round 36 completed (acc=0.0000, n=26)
[2026-07-31 07:53:57] 2026-07-31 07:53:57 | INFO     | KDClient 12 fit round 36 (tier=medium)
[2026-07-31 07:53:57] 2026-07-31 07:53:57 | INFO     | KDClient 12 round 36 public KD (epochs=2)
[2026-07-31 07:55:56] 2026-07-31 07:55:56 | INFO     | KDClient 12 round 36 local training (epochs=4)
[2026-07-31 07:56:54] 2026-07-31 07:56:54 | INFO     | KDClient 12 round 36 completed (acc=0.3091, n=45)
[2026-07-31 07:56:54] 2026-07-31 07:56:54 | INFO     | KDClient 13 fit round 36 (tier=medium)
[2026-07-31 07:56:54] 2026-07-31 07:56:54 | INFO     | KDClient 13 round 36 public KD (epochs=2)
[2026-07-31 07:58:41] 2026-07-31 07:58:41 | INFO     | KDClient 13 round 36 local training (epochs=4)
[2026-07-31 07:59:48] 2026-07-31 07:59:48 | INFO     | KDClient 13 round 36 completed (acc=0.2473, n=76)
[2026-07-31 07:59:48] 2026-07-31 07:59:48 | INFO     | KDClient 14 fit round 36 (tier=large)
[2026-07-31 07:59:48] 2026-07-31 07:59:48 | INFO     | KDClient 14 round 36 public KD (epochs=2)
[2026-07-31 08:02:26] 2026-07-31 08:02:26 | INFO     | KDClient 14 round 36 local training (epochs=4)
[2026-07-31 08:04:28] 2026-07-31 08:04:28 | INFO     | KDClient 14 round 36 completed (acc=0.2945, n=139)
[2026-07-31 08:04:28] 2026-07-31 08:04:28 | INFO     | KDClient 15 fit round 36 (tier=large)
[2026-07-31 08:04:28] 2026-07-31 08:04:28 | INFO     | KDClient 15 round 36 public KD (epochs=2)
[2026-07-31 08:07:19] 2026-07-31 08:07:19 | INFO     | KDClient 15 round 36 local training (epochs=4)
[2026-07-31 08:08:52] 2026-07-31 08:08:52 | INFO     | KDClient 15 round 36 completed (acc=0.3091, n=39)
[2026-07-31 08:08:52] 2026-07-31 08:08:52 | INFO     | KDClient 16 fit round 36 (tier=large)
[2026-07-31 08:08:52] 2026-07-31 08:08:52 | INFO     | KDClient 16 round 36 public KD (epochs=2)
[2026-07-31 08:11:23] 2026-07-31 08:11:23 | INFO     | KDClient 16 round 36 local training (epochs=4)
[2026-07-31 08:12:43] 2026-07-31 08:12:43 | INFO     | KDClient 16 round 36 completed (acc=0.0000, n=37)
[2026-07-31 08:12:43] 2026-07-31 08:12:43 | INFO     | KDClient 17 fit round 36 (tier=large)
[2026-07-31 08:12:43] 2026-07-31 08:12:43 | INFO     | KDClient 17 round 36 public KD (epochs=2)
[2026-07-31 08:15:03] 2026-07-31 08:15:03 | INFO     | KDClient 17 round 36 local training (epochs=4)
[2026-07-31 08:16:29] 2026-07-31 08:16:29 | INFO     | KDClient 17 round 36 completed (acc=0.3055, n=35)
[2026-07-31 08:16:29] 2026-07-31 08:16:29 | INFO     | KDClient 18 fit round 36 (tier=large)
[2026-07-31 08:16:29] 2026-07-31 08:16:29 | INFO     | KDClient 18 round 36 public KD (epochs=2)
[2026-07-31 08:19:11] 2026-07-31 08:19:11 | INFO     | KDClient 18 round 36 local training (epochs=4)
[2026-07-31 08:20:48] 2026-07-31 08:20:48 | INFO     | KDClient 18 round 36 completed (acc=0.3055, n=37)
[2026-07-31 08:20:48] 2026-07-31 08:20:48 | INFO     | KDClient 19 fit round 36 (tier=large)
[2026-07-31 08:20:48] 2026-07-31 08:20:48 | INFO     | KDClient 19 round 36 public KD (epochs=2)
[2026-07-31 08:23:27] 2026-07-31 08:23:27 | INFO     | KDClient 19 round 36 local training (epochs=4)
[2026-07-31 08:25:04] 2026-07-31 08:25:04 | INFO     | KDClient 19 round 36 completed (acc=0.0000, n=56)
[2026-07-31 08:25:04]   Round  36/50 | Avg: 0.2025 | Min: 0.0000 | Max: 0.3091
[2026-07-31 08:25:04] 2026-07-31 08:25:04 | INFO     | FEDMD — NONIID: round 37/50 starting
[2026-07-31 08:25:04] 2026-07-31 08:25:04 | INFO     | KDClient 0 fit round 37 (tier=small)
[2026-07-31 08:25:04] 2026-07-31 08:25:04 | INFO     | KDClient 0 round 37 public KD (epochs=2)
[2026-07-31 08:26:04] 2026-07-31 08:26:04 | INFO     | KDClient 0 round 37 local training (epochs=4)
[2026-07-31 08:26:25] 2026-07-31 08:26:25 | INFO     | KDClient 0 round 37 completed (acc=0.3091, n=38)
[2026-07-31 08:26:25] 2026-07-31 08:26:25 | INFO     | KDClient 1 fit round 37 (tier=small)
[2026-07-31 08:26:25] 2026-07-31 08:26:25 | INFO     | KDClient 1 round 37 public KD (epochs=2)
[2026-07-31 08:27:05] 2026-07-31 08:27:05 | INFO     | KDClient 1 round 37 local training (epochs=4)
[2026-07-31 08:27:31] 2026-07-31 08:27:31 | INFO     | KDClient 1 round 37 completed (acc=0.3091, n=47)
[2026-07-31 08:27:31] 2026-07-31 08:27:31 | INFO     | KDClient 2 fit round 37 (tier=small)
[2026-07-31 08:27:31] 2026-07-31 08:27:31 | INFO     | KDClient 2 round 37 public KD (epochs=2)
[2026-07-31 08:28:18] 2026-07-31 08:28:18 | INFO     | KDClient 2 round 37 local training (epochs=4)
[2026-07-31 08:29:04] 2026-07-31 08:29:04 | INFO     | KDClient 2 round 37 completed (acc=0.0000, n=178)
[2026-07-31 08:29:04] 2026-07-31 08:29:04 | INFO     | KDClient 3 fit round 37 (tier=small)
[2026-07-31 08:29:04] 2026-07-31 08:29:04 | INFO     | KDClient 3 round 37 public KD (epochs=2)
[2026-07-31 08:29:50] 2026-07-31 08:29:50 | INFO     | KDClient 3 round 37 local training (epochs=4)
[2026-07-31 08:30:14] 2026-07-31 08:30:14 | INFO     | KDClient 3 round 37 completed (acc=0.2764, n=67)
[2026-07-31 08:30:14] 2026-07-31 08:30:14 | INFO     | KDClient 4 fit round 37 (tier=small)
[2026-07-31 08:30:14] 2026-07-31 08:30:14 | INFO     | KDClient 4 round 37 public KD (epochs=2)
[2026-07-31 08:30:52] 2026-07-31 08:30:52 | INFO     | KDClient 4 round 37 local training (epochs=4)
[2026-07-31 08:31:19] 2026-07-31 08:31:19 | INFO     | KDClient 4 round 37 completed (acc=0.0000, n=33)
[2026-07-31 08:31:19] 2026-07-31 08:31:19 | INFO     | KDClient 5 fit round 37 (tier=small)
[2026-07-31 08:31:19] 2026-07-31 08:31:19 | INFO     | KDClient 5 round 37 public KD (epochs=2)
[2026-07-31 08:32:05] 2026-07-31 08:32:05 | INFO     | KDClient 5 round 37 local training (epochs=4)
[2026-07-31 08:32:28] 2026-07-31 08:32:28 | INFO     | KDClient 5 round 37 completed (acc=0.3091, n=48)
[2026-07-31 08:32:28] 2026-07-31 08:32:28 | INFO     | KDClient 6 fit round 37 (tier=small)
[2026-07-31 08:32:28] 2026-07-31 08:32:28 | INFO     | KDClient 6 round 37 public KD (epochs=2)
[2026-07-31 08:33:15] 2026-07-31 08:33:15 | INFO     | KDClient 6 round 37 local training (epochs=4)
[2026-07-31 08:33:41] 2026-07-31 08:33:41 | INFO     | KDClient 6 round 37 completed (acc=0.0000, n=37)
[2026-07-31 08:33:41] 2026-07-31 08:33:41 | INFO     | KDClient 7 fit round 37 (tier=medium)
[2026-07-31 08:33:41] 2026-07-31 08:33:41 | INFO     | KDClient 7 round 37 public KD (epochs=2)
[2026-07-31 08:35:31] 2026-07-31 08:35:31 | INFO     | KDClient 7 round 37 local training (epochs=4)
[2026-07-31 08:36:36] 2026-07-31 08:36:36 | INFO     | KDClient 7 round 37 completed (acc=0.1745, n=83)
[2026-07-31 08:36:36] 2026-07-31 08:36:36 | INFO     | KDClient 8 fit round 37 (tier=medium)
[2026-07-31 08:36:36] 2026-07-31 08:36:36 | INFO     | KDClient 8 round 37 public KD (epochs=2)
[2026-07-31 08:38:55] 2026-07-31 08:38:55 | INFO     | KDClient 8 round 37 local training (epochs=4)
[2026-07-31 08:40:05] 2026-07-31 08:40:05 | INFO     | KDClient 8 round 37 completed (acc=0.3091, n=24)
[2026-07-31 08:40:05] 2026-07-31 08:40:05 | INFO     | KDClient 9 fit round 37 (tier=medium)
[2026-07-31 08:40:05] 2026-07-31 08:40:05 | INFO     | KDClient 9 round 37 public KD (epochs=2)
[2026-07-31 08:42:13] 2026-07-31 08:42:13 | INFO     | KDClient 9 round 37 local training (epochs=4)
[2026-07-31 08:43:14] 2026-07-31 08:43:14 | INFO     | KDClient 9 round 37 completed (acc=0.3091, n=26)
[2026-07-31 08:43:14] 2026-07-31 08:43:14 | INFO     | KDClient 10 fit round 37 (tier=medium)
[2026-07-31 08:43:14] 2026-07-31 08:43:14 | INFO     | KDClient 10 round 37 public KD (epochs=2)
[2026-07-31 08:45:18] 2026-07-31 08:45:18 | INFO     | KDClient 10 round 37 local training (epochs=4)
[2026-07-31 08:46:19] 2026-07-31 08:46:19 | INFO     | KDClient 10 round 37 completed (acc=0.3091, n=29)
[2026-07-31 08:46:19] 2026-07-31 08:46:19 | INFO     | KDClient 11 fit round 37 (tier=medium)
[2026-07-31 08:46:19] 2026-07-31 08:46:19 | INFO     | KDClient 11 round 37 public KD (epochs=2)
[2026-07-31 08:47:58] 2026-07-31 08:47:58 | INFO     | KDClient 11 round 37 local training (epochs=4)
[2026-07-31 08:48:49] 2026-07-31 08:48:49 | INFO     | KDClient 11 round 37 completed (acc=0.0000, n=26)
[2026-07-31 08:48:49] 2026-07-31 08:48:49 | INFO     | KDClient 12 fit round 37 (tier=medium)
[2026-07-31 08:48:49] 2026-07-31 08:48:49 | INFO     | KDClient 12 round 37 public KD (epochs=2)
[2026-07-31 08:50:29] 2026-07-31 08:50:29 | INFO     | KDClient 12 round 37 local training (epochs=4)
[2026-07-31 08:51:27] 2026-07-31 08:51:27 | INFO     | KDClient 12 round 37 completed (acc=0.3091, n=45)
[2026-07-31 08:51:27] 2026-07-31 08:51:27 | INFO     | KDClient 13 fit round 37 (tier=medium)
[2026-07-31 08:51:27] 2026-07-31 08:51:27 | INFO     | KDClient 13 round 37 public KD (epochs=2)
[2026-07-31 08:53:38] 2026-07-31 08:53:38 | INFO     | KDClient 13 round 37 local training (epochs=4)
[2026-07-31 08:54:35] 2026-07-31 08:54:35 | INFO     | KDClient 13 round 37 completed (acc=0.3055, n=76)
[2026-07-31 08:54:35] 2026-07-31 08:54:35 | INFO     | KDClient 14 fit round 37 (tier=large)
[2026-07-31 08:54:35] 2026-07-31 08:54:35 | INFO     | KDClient 14 round 37 public KD (epochs=2)
[2026-07-31 08:56:57] 2026-07-31 08:56:57 | INFO     | KDClient 14 round 37 local training (epochs=4)
[2026-07-31 08:58:44] 2026-07-31 08:58:44 | INFO     | KDClient 14 round 37 completed (acc=0.3055, n=139)
[2026-07-31 08:58:44] 2026-07-31 08:58:44 | INFO     | KDClient 15 fit round 37 (tier=large)
[2026-07-31 08:58:44] 2026-07-31 08:58:44 | INFO     | KDClient 15 round 37 public KD (epochs=2)
[2026-07-31 09:01:17] 2026-07-31 09:01:17 | INFO     | KDClient 15 round 37 local training (epochs=4)
[2026-07-31 09:02:33] 2026-07-31 09:02:33 | INFO     | KDClient 15 round 37 completed (acc=0.3091, n=39)
[2026-07-31 09:02:33] 2026-07-31 09:02:33 | INFO     | KDClient 16 fit round 37 (tier=large)
[2026-07-31 09:02:33] 2026-07-31 09:02:33 | INFO     | KDClient 16 round 37 public KD (epochs=2)
[2026-07-31 09:05:18] 2026-07-31 09:05:18 | INFO     | KDClient 16 round 37 local training (epochs=4)
[2026-07-31 09:06:52] 2026-07-31 09:06:52 | INFO     | KDClient 16 round 37 completed (acc=0.0000, n=37)
[2026-07-31 09:06:52] 2026-07-31 09:06:52 | INFO     | KDClient 17 fit round 37 (tier=large)
[2026-07-31 09:06:52] 2026-07-31 09:06:52 | INFO     | KDClient 17 round 37 public KD (epochs=2)
[2026-07-31 09:09:34] 2026-07-31 09:09:34 | INFO     | KDClient 17 round 37 local training (epochs=4)
[2026-07-31 09:11:01] 2026-07-31 09:11:01 | INFO     | KDClient 17 round 37 completed (acc=0.3018, n=35)
[2026-07-31 09:11:01] 2026-07-31 09:11:01 | INFO     | KDClient 18 fit round 37 (tier=large)
[2026-07-31 09:11:01] 2026-07-31 09:11:01 | INFO     | KDClient 18 round 37 public KD (epochs=2)
[2026-07-31 09:13:44] 2026-07-31 09:13:44 | INFO     | KDClient 18 round 37 local training (epochs=4)
[2026-07-31 09:15:33] 2026-07-31 09:15:33 | INFO     | KDClient 18 round 37 completed (acc=0.2618, n=37)
[2026-07-31 09:15:33] 2026-07-31 09:15:33 | INFO     | KDClient 19 fit round 37 (tier=large)
[2026-07-31 09:15:33] 2026-07-31 09:15:33 | INFO     | KDClient 19 round 37 public KD (epochs=2)
[2026-07-31 09:18:15] 2026-07-31 09:18:15 | INFO     | KDClient 19 round 37 local training (epochs=4)
[2026-07-31 09:19:52] 2026-07-31 09:19:52 | INFO     | KDClient 19 round 37 completed (acc=0.3091, n=56)
[2026-07-31 09:19:52]   Round  37/50 | Avg: 0.2204 | Min: 0.0000 | Max: 0.3091
[2026-07-31 09:19:52] 2026-07-31 09:19:52 | INFO     | FEDMD — NONIID: round 38/50 starting
[2026-07-31 09:19:52] 2026-07-31 09:19:52 | INFO     | KDClient 0 fit round 38 (tier=small)
[2026-07-31 09:19:52] 2026-07-31 09:19:52 | INFO     | KDClient 0 round 38 public KD (epochs=2)
[2026-07-31 09:20:45] 2026-07-31 09:20:45 | INFO     | KDClient 0 round 38 local training (epochs=4)
[2026-07-31 09:21:07] 2026-07-31 09:21:07 | INFO     | KDClient 0 round 38 completed (acc=0.2545, n=38)
[2026-07-31 09:21:07] 2026-07-31 09:21:07 | INFO     | KDClient 1 fit round 38 (tier=small)
[2026-07-31 09:21:07] 2026-07-31 09:21:07 | INFO     | KDClient 1 round 38 public KD (epochs=2)
[2026-07-31 09:21:51] 2026-07-31 09:21:51 | INFO     | KDClient 1 round 38 local training (epochs=4)
[2026-07-31 09:22:15] 2026-07-31 09:22:15 | INFO     | KDClient 1 round 38 completed (acc=0.3055, n=47)
[2026-07-31 09:22:15] 2026-07-31 09:22:15 | INFO     | KDClient 2 fit round 38 (tier=small)
[2026-07-31 09:22:15] 2026-07-31 09:22:15 | INFO     | KDClient 2 round 38 public KD (epochs=2)
[2026-07-31 09:22:54] 2026-07-31 09:22:54 | INFO     | KDClient 2 round 38 local training (epochs=4)
[2026-07-31 09:23:35] 2026-07-31 09:23:35 | INFO     | KDClient 2 round 38 completed (acc=0.0000, n=178)
[2026-07-31 09:23:35] 2026-07-31 09:23:35 | INFO     | KDClient 3 fit round 38 (tier=small)
[2026-07-31 09:23:35] 2026-07-31 09:23:35 | INFO     | KDClient 3 round 38 public KD (epochs=2)
[2026-07-31 09:24:14] 2026-07-31 09:24:14 | INFO     | KDClient 3 round 38 local training (epochs=4)
[2026-07-31 09:24:40] 2026-07-31 09:24:40 | INFO     | KDClient 3 round 38 completed (acc=0.2982, n=67)
[2026-07-31 09:24:40] 2026-07-31 09:24:40 | INFO     | KDClient 4 fit round 38 (tier=small)
[2026-07-31 09:24:40] 2026-07-31 09:24:40 | INFO     | KDClient 4 round 38 public KD (epochs=2)
[2026-07-31 09:25:23] 2026-07-31 09:25:23 | INFO     | KDClient 4 round 38 local training (epochs=4)
[2026-07-31 09:25:42] 2026-07-31 09:25:42 | INFO     | KDClient 4 round 38 completed (acc=0.0000, n=33)
[2026-07-31 09:25:42] 2026-07-31 09:25:42 | INFO     | KDClient 5 fit round 38 (tier=small)
[2026-07-31 09:25:42] 2026-07-31 09:25:42 | INFO     | KDClient 5 round 38 public KD (epochs=2)
[2026-07-31 09:26:25] 2026-07-31 09:26:25 | INFO     | KDClient 5 round 38 local training (epochs=4)
[2026-07-31 09:26:51] 2026-07-31 09:26:51 | INFO     | KDClient 5 round 38 completed (acc=0.3091, n=48)
[2026-07-31 09:26:51] 2026-07-31 09:26:51 | INFO     | KDClient 6 fit round 38 (tier=small)
[2026-07-31 09:26:51] 2026-07-31 09:26:51 | INFO     | KDClient 6 round 38 public KD (epochs=2)
[2026-07-31 09:27:34] 2026-07-31 09:27:34 | INFO     | KDClient 6 round 38 local training (epochs=4)
[2026-07-31 09:27:57] 2026-07-31 09:27:57 | INFO     | KDClient 6 round 38 completed (acc=0.0000, n=37)
[2026-07-31 09:27:57] 2026-07-31 09:27:57 | INFO     | KDClient 7 fit round 38 (tier=medium)
[2026-07-31 09:27:57] 2026-07-31 09:27:57 | INFO     | KDClient 7 round 38 public KD (epochs=2)
[2026-07-31 09:30:23] 2026-07-31 09:30:23 | INFO     | KDClient 7 round 38 local training (epochs=4)
[2026-07-31 09:32:09] 2026-07-31 09:32:09 | INFO     | KDClient 7 round 38 completed (acc=0.1745, n=83)
[2026-07-31 09:32:09] 2026-07-31 09:32:09 | INFO     | KDClient 8 fit round 38 (tier=medium)
[2026-07-31 09:32:09] 2026-07-31 09:32:09 | INFO     | KDClient 8 round 38 public KD (epochs=2)
[2026-07-31 09:34:09] 2026-07-31 09:34:09 | INFO     | KDClient 8 round 38 local training (epochs=4)
[2026-07-31 09:35:07] 2026-07-31 09:35:07 | INFO     | KDClient 8 round 38 completed (acc=0.3091, n=24)
[2026-07-31 09:35:07] 2026-07-31 09:35:07 | INFO     | KDClient 9 fit round 38 (tier=medium)
[2026-07-31 09:35:07] 2026-07-31 09:35:07 | INFO     | KDClient 9 round 38 public KD (epochs=2)
[2026-07-31 09:37:52] 2026-07-31 09:37:52 | INFO     | KDClient 9 round 38 local training (epochs=4)
[2026-07-31 09:38:45] 2026-07-31 09:38:45 | INFO     | KDClient 9 round 38 completed (acc=0.3091, n=26)
[2026-07-31 09:38:45] 2026-07-31 09:38:45 | INFO     | KDClient 10 fit round 38 (tier=medium)
[2026-07-31 09:38:45] 2026-07-31 09:38:45 | INFO     | KDClient 10 round 38 public KD (epochs=2)
[2026-07-31 09:40:25] 2026-07-31 09:40:25 | INFO     | KDClient 10 round 38 local training (epochs=4)
[2026-07-31 09:41:14] 2026-07-31 09:41:14 | INFO     | KDClient 10 round 38 completed (acc=0.3091, n=29)
[2026-07-31 09:41:14] 2026-07-31 09:41:14 | INFO     | KDClient 11 fit round 38 (tier=medium)
[2026-07-31 09:41:14] 2026-07-31 09:41:14 | INFO     | KDClient 11 round 38 public KD (epochs=2)
[2026-07-31 09:43:25] 2026-07-31 09:43:25 | INFO     | KDClient 11 round 38 local training (epochs=4)
[2026-07-31 09:44:11] 2026-07-31 09:44:11 | INFO     | KDClient 11 round 38 completed (acc=0.0000, n=26)
[2026-07-31 09:44:11] 2026-07-31 09:44:11 | INFO     | KDClient 12 fit round 38 (tier=medium)
[2026-07-31 09:44:11] 2026-07-31 09:44:11 | INFO     | KDClient 12 round 38 public KD (epochs=2)
[2026-07-31 09:45:46] 2026-07-31 09:45:46 | INFO     | KDClient 12 round 38 local training (epochs=4)
[2026-07-31 09:46:38] 2026-07-31 09:46:38 | INFO     | KDClient 12 round 38 completed (acc=0.3091, n=45)
[2026-07-31 09:46:38] 2026-07-31 09:46:38 | INFO     | KDClient 13 fit round 38 (tier=medium)
[2026-07-31 09:46:38] 2026-07-31 09:46:38 | INFO     | KDClient 13 round 38 public KD (epochs=2)
[2026-07-31 09:48:12] 2026-07-31 09:48:12 | INFO     | KDClient 13 round 38 local training (epochs=4)
[2026-07-31 09:49:11] 2026-07-31 09:49:11 | INFO     | KDClient 13 round 38 completed (acc=0.2873, n=76)
[2026-07-31 09:49:11] 2026-07-31 09:49:11 | INFO     | KDClient 14 fit round 38 (tier=large)
[2026-07-31 09:49:11] 2026-07-31 09:49:11 | INFO     | KDClient 14 round 38 public KD (epochs=2)
[2026-07-31 09:51:30] 2026-07-31 09:51:30 | INFO     | KDClient 14 round 38 local training (epochs=4)
[2026-07-31 09:53:11] 2026-07-31 09:53:11 | INFO     | KDClient 14 round 38 completed (acc=0.3018, n=139)
[2026-07-31 09:53:11] 2026-07-31 09:53:11 | INFO     | KDClient 15 fit round 38 (tier=large)
[2026-07-31 09:53:11] 2026-07-31 09:53:11 | INFO     | KDClient 15 round 38 public KD (epochs=2)
[2026-07-31 09:55:48] 2026-07-31 09:55:48 | INFO     | KDClient 15 round 38 local training (epochs=4)
[2026-07-31 09:57:31] 2026-07-31 09:57:31 | INFO     | KDClient 15 round 38 completed (acc=0.3091, n=39)
[2026-07-31 09:57:31] 2026-07-31 09:57:31 | INFO     | KDClient 16 fit round 38 (tier=large)
[2026-07-31 09:57:31] 2026-07-31 09:57:31 | INFO     | KDClient 16 round 38 public KD (epochs=2)
[2026-07-31 10:00:17] 2026-07-31 10:00:17 | INFO     | KDClient 16 round 38 local training (epochs=4)
[2026-07-31 10:02:04] 2026-07-31 10:02:04 | INFO     | KDClient 16 round 38 completed (acc=0.0000, n=37)
[2026-07-31 10:02:04] 2026-07-31 10:02:04 | INFO     | KDClient 17 fit round 38 (tier=large)
[2026-07-31 10:02:04] 2026-07-31 10:02:04 | INFO     | KDClient 17 round 38 public KD (epochs=2)
[2026-07-31 10:04:42] 2026-07-31 10:04:42 | INFO     | KDClient 17 round 38 local training (epochs=4)
[2026-07-31 10:06:15] 2026-07-31 10:06:15 | INFO     | KDClient 17 round 38 completed (acc=0.2800, n=35)
[2026-07-31 10:06:15] 2026-07-31 10:06:15 | INFO     | KDClient 18 fit round 38 (tier=large)
[2026-07-31 10:06:15] 2026-07-31 10:06:15 | INFO     | KDClient 18 round 38 public KD (epochs=2)
[2026-07-31 10:08:54] 2026-07-31 10:08:54 | INFO     | KDClient 18 round 38 local training (epochs=4)
[2026-07-31 10:10:17] 2026-07-31 10:10:17 | INFO     | KDClient 18 round 38 completed (acc=0.2836, n=37)
[2026-07-31 10:10:17] 2026-07-31 10:10:17 | INFO     | KDClient 19 fit round 38 (tier=large)
[2026-07-31 10:10:17] 2026-07-31 10:10:17 | INFO     | KDClient 19 round 38 public KD (epochs=2)
[2026-07-31 10:12:58] 2026-07-31 10:12:58 | INFO     | KDClient 19 round 38 local training (epochs=4)
[2026-07-31 10:14:46] 2026-07-31 10:14:46 | INFO     | KDClient 19 round 38 completed (acc=0.2982, n=56)
[2026-07-31 10:14:46]   Round  38/50 | Avg: 0.2169 | Min: 0.0000 | Max: 0.3091
[2026-07-31 10:14:46] 2026-07-31 10:14:46 | INFO     | FEDMD — NONIID: round 39/50 starting
[2026-07-31 10:14:46] 2026-07-31 10:14:46 | INFO     | KDClient 0 fit round 39 (tier=small)
[2026-07-31 10:14:46] 2026-07-31 10:14:46 | INFO     | KDClient 0 round 39 public KD (epochs=2)
[2026-07-31 10:15:23] 2026-07-31 10:15:23 | INFO     | KDClient 0 round 39 local training (epochs=4)
[2026-07-31 10:15:49] 2026-07-31 10:15:49 | INFO     | KDClient 0 round 39 completed (acc=0.3091, n=38)
[2026-07-31 10:15:49] 2026-07-31 10:15:49 | INFO     | KDClient 1 fit round 39 (tier=small)
[2026-07-31 10:15:49] 2026-07-31 10:15:49 | INFO     | KDClient 1 round 39 public KD (epochs=2)
[2026-07-31 10:16:31] 2026-07-31 10:16:31 | INFO     | KDClient 1 round 39 local training (epochs=4)
[2026-07-31 10:16:57] 2026-07-31 10:16:57 | INFO     | KDClient 1 round 39 completed (acc=0.3091, n=47)
[2026-07-31 10:16:57] 2026-07-31 10:16:57 | INFO     | KDClient 2 fit round 39 (tier=small)
[2026-07-31 10:16:57] 2026-07-31 10:16:57 | INFO     | KDClient 2 round 39 public KD (epochs=2)
[2026-07-31 10:17:35] 2026-07-31 10:17:35 | INFO     | KDClient 2 round 39 local training (epochs=4)
[2026-07-31 10:18:19] 2026-07-31 10:18:19 | INFO     | KDClient 2 round 39 completed (acc=0.0000, n=178)
[2026-07-31 10:18:19] 2026-07-31 10:18:19 | INFO     | KDClient 3 fit round 39 (tier=small)
[2026-07-31 10:18:19] 2026-07-31 10:18:19 | INFO     | KDClient 3 round 39 public KD (epochs=2)
[2026-07-31 10:18:58] 2026-07-31 10:18:58 | INFO     | KDClient 3 round 39 local training (epochs=4)
[2026-07-31 10:19:28] 2026-07-31 10:19:28 | INFO     | KDClient 3 round 39 completed (acc=0.3055, n=67)
[2026-07-31 10:19:28] 2026-07-31 10:19:28 | INFO     | KDClient 4 fit round 39 (tier=small)
[2026-07-31 10:19:28] 2026-07-31 10:19:28 | INFO     | KDClient 4 round 39 public KD (epochs=2)
[2026-07-31 10:20:10] 2026-07-31 10:20:10 | INFO     | KDClient 4 round 39 local training (epochs=4)
[2026-07-31 10:20:39] 2026-07-31 10:20:39 | INFO     | KDClient 4 round 39 completed (acc=0.0000, n=33)
[2026-07-31 10:20:39] 2026-07-31 10:20:39 | INFO     | KDClient 5 fit round 39 (tier=small)
[2026-07-31 10:20:39] 2026-07-31 10:20:39 | INFO     | KDClient 5 round 39 public KD (epochs=2)
[2026-07-31 10:21:21] 2026-07-31 10:21:21 | INFO     | KDClient 5 round 39 local training (epochs=4)
[2026-07-31 10:21:49] 2026-07-31 10:21:49 | INFO     | KDClient 5 round 39 completed (acc=0.3091, n=48)
[2026-07-31 10:21:49] 2026-07-31 10:21:49 | INFO     | KDClient 6 fit round 39 (tier=small)
[2026-07-31 10:21:49] 2026-07-31 10:21:49 | INFO     | KDClient 6 round 39 public KD (epochs=2)
[2026-07-31 10:22:30] 2026-07-31 10:22:30 | INFO     | KDClient 6 round 39 local training (epochs=4)
[2026-07-31 10:22:57] 2026-07-31 10:22:57 | INFO     | KDClient 6 round 39 completed (acc=0.0000, n=37)
[2026-07-31 10:22:57] 2026-07-31 10:22:57 | INFO     | KDClient 7 fit round 39 (tier=medium)
[2026-07-31 10:22:57] 2026-07-31 10:22:57 | INFO     | KDClient 7 round 39 public KD (epochs=2)
[2026-07-31 10:24:54] 2026-07-31 10:24:54 | INFO     | KDClient 7 round 39 local training (epochs=4)
[2026-07-31 10:26:03] 2026-07-31 10:26:03 | INFO     | KDClient 7 round 39 completed (acc=0.1273, n=83)
[2026-07-31 10:26:03] 2026-07-31 10:26:03 | INFO     | KDClient 8 fit round 39 (tier=medium)
[2026-07-31 10:26:03] 2026-07-31 10:26:03 | INFO     | KDClient 8 round 39 public KD (epochs=2)
[2026-07-31 10:27:38] 2026-07-31 10:27:38 | INFO     | KDClient 8 round 39 local training (epochs=4)
[2026-07-31 10:28:33] 2026-07-31 10:28:33 | INFO     | KDClient 8 round 39 completed (acc=0.3091, n=24)
[2026-07-31 10:28:33] 2026-07-31 10:28:33 | INFO     | KDClient 9 fit round 39 (tier=medium)
[2026-07-31 10:28:33] 2026-07-31 10:28:33 | INFO     | KDClient 9 round 39 public KD (epochs=2)
[2026-07-31 10:30:10] 2026-07-31 10:30:10 | INFO     | KDClient 9 round 39 local training (epochs=4)
[2026-07-31 10:30:54] 2026-07-31 10:30:54 | INFO     | KDClient 9 round 39 completed (acc=0.3091, n=26)
[2026-07-31 10:30:54] 2026-07-31 10:30:54 | INFO     | KDClient 10 fit round 39 (tier=medium)
[2026-07-31 10:30:54] 2026-07-31 10:30:54 | INFO     | KDClient 10 round 39 public KD (epochs=2)
[2026-07-31 10:32:33] 2026-07-31 10:32:33 | INFO     | KDClient 10 round 39 local training (epochs=4)
[2026-07-31 10:33:19] 2026-07-31 10:33:19 | INFO     | KDClient 10 round 39 completed (acc=0.3091, n=29)
[2026-07-31 10:33:19] 2026-07-31 10:33:19 | INFO     | KDClient 11 fit round 39 (tier=medium)
[2026-07-31 10:33:19] 2026-07-31 10:33:19 | INFO     | KDClient 11 round 39 public KD (epochs=2)
[2026-07-31 10:34:55] 2026-07-31 10:34:55 | INFO     | KDClient 11 round 39 local training (epochs=4)
[2026-07-31 10:35:46] 2026-07-31 10:35:46 | INFO     | KDClient 11 round 39 completed (acc=0.0000, n=26)
[2026-07-31 10:35:46] 2026-07-31 10:35:46 | INFO     | KDClient 12 fit round 39 (tier=medium)
[2026-07-31 10:35:46] 2026-07-31 10:35:46 | INFO     | KDClient 12 round 39 public KD (epochs=2)
[2026-07-31 10:37:24] 2026-07-31 10:37:24 | INFO     | KDClient 12 round 39 local training (epochs=4)
[2026-07-31 10:38:17] 2026-07-31 10:38:17 | INFO     | KDClient 12 round 39 completed (acc=0.3091, n=45)
[2026-07-31 10:38:17] 2026-07-31 10:38:17 | INFO     | KDClient 13 fit round 39 (tier=medium)
[2026-07-31 10:38:17] 2026-07-31 10:38:17 | INFO     | KDClient 13 round 39 public KD (epochs=2)
[2026-07-31 10:40:28] 2026-07-31 10:40:28 | INFO     | KDClient 13 round 39 local training (epochs=4)
[2026-07-31 10:41:29] 2026-07-31 10:41:29 | INFO     | KDClient 13 round 39 completed (acc=0.3055, n=76)
[2026-07-31 10:41:29] 2026-07-31 10:41:29 | INFO     | KDClient 14 fit round 39 (tier=large)
[2026-07-31 10:41:29] 2026-07-31 10:41:29 | INFO     | KDClient 14 round 39 public KD (epochs=2)
[2026-07-31 10:44:09] 2026-07-31 10:44:09 | INFO     | KDClient 14 round 39 local training (epochs=4)
[2026-07-31 10:46:08] 2026-07-31 10:46:08 | INFO     | KDClient 14 round 39 completed (acc=0.2982, n=139)
[2026-07-31 10:46:08] 2026-07-31 10:46:08 | INFO     | KDClient 15 fit round 39 (tier=large)
[2026-07-31 10:46:08] 2026-07-31 10:46:08 | INFO     | KDClient 15 round 39 public KD (epochs=2)
[2026-07-31 10:48:47] 2026-07-31 10:48:47 | INFO     | KDClient 15 round 39 local training (epochs=4)
[2026-07-31 10:50:23] 2026-07-31 10:50:23 | INFO     | KDClient 15 round 39 completed (acc=0.3091, n=39)
[2026-07-31 10:50:23] 2026-07-31 10:50:23 | INFO     | KDClient 16 fit round 39 (tier=large)
[2026-07-31 10:50:23] 2026-07-31 10:50:23 | INFO     | KDClient 16 round 39 public KD (epochs=2)
[2026-07-31 10:53:02] 2026-07-31 10:53:02 | INFO     | KDClient 16 round 39 local training (epochs=4)
[2026-07-31 10:54:25] 2026-07-31 10:54:25 | INFO     | KDClient 16 round 39 completed (acc=0.0000, n=37)
[2026-07-31 10:54:25] 2026-07-31 10:54:25 | INFO     | KDClient 17 fit round 39 (tier=large)
[2026-07-31 10:54:25] 2026-07-31 10:54:25 | INFO     | KDClient 17 round 39 public KD (epochs=2)
[2026-07-31 10:57:07] 2026-07-31 10:57:07 | INFO     | KDClient 17 round 39 local training (epochs=4)
[2026-07-31 10:58:35] 2026-07-31 10:58:35 | INFO     | KDClient 17 round 39 completed (acc=0.3055, n=35)
[2026-07-31 10:58:35] 2026-07-31 10:58:35 | INFO     | KDClient 18 fit round 39 (tier=large)
[2026-07-31 10:58:35] 2026-07-31 10:58:35 | INFO     | KDClient 18 round 39 public KD (epochs=2)
[2026-07-31 11:01:20] 2026-07-31 11:01:20 | INFO     | KDClient 18 round 39 local training (epochs=4)
[2026-07-31 11:02:55] 2026-07-31 11:02:55 | INFO     | KDClient 18 round 39 completed (acc=0.3055, n=37)
[2026-07-31 11:02:55] 2026-07-31 11:02:55 | INFO     | KDClient 19 fit round 39 (tier=large)
[2026-07-31 11:02:55] 2026-07-31 11:02:55 | INFO     | KDClient 19 round 39 public KD (epochs=2)
[2026-07-31 11:05:41] 2026-07-31 11:05:41 | INFO     | KDClient 19 round 39 local training (epochs=4)
[2026-07-31 11:07:22] 2026-07-31 11:07:22 | INFO     | KDClient 19 round 39 completed (acc=0.3055, n=56)
[2026-07-31 11:07:22]   Round  39/50 | Avg: 0.2213 | Min: 0.0000 | Max: 0.3091
[2026-07-31 11:07:22] 2026-07-31 11:07:22 | INFO     | FEDMD — NONIID: round 40/50 starting
[2026-07-31 11:07:22] 2026-07-31 11:07:22 | INFO     | KDClient 0 fit round 40 (tier=small)
[2026-07-31 11:07:22] 2026-07-31 11:07:22 | INFO     | KDClient 0 round 40 public KD (epochs=2)
[2026-07-31 11:08:05] 2026-07-31 11:08:05 | INFO     | KDClient 0 round 40 local training (epochs=4)
[2026-07-31 11:08:28] 2026-07-31 11:08:28 | INFO     | KDClient 0 round 40 completed (acc=0.2436, n=38)
[2026-07-31 11:08:28] 2026-07-31 11:08:28 | INFO     | KDClient 1 fit round 40 (tier=small)
[2026-07-31 11:08:28] 2026-07-31 11:08:28 | INFO     | KDClient 1 round 40 public KD (epochs=2)
[2026-07-31 11:09:10] 2026-07-31 11:09:10 | INFO     | KDClient 1 round 40 local training (epochs=4)
[2026-07-31 11:09:41] 2026-07-31 11:09:41 | INFO     | KDClient 1 round 40 completed (acc=0.3091, n=47)
[2026-07-31 11:09:41] 2026-07-31 11:09:41 | INFO     | KDClient 2 fit round 40 (tier=small)
[2026-07-31 11:09:41] 2026-07-31 11:09:41 | INFO     | KDClient 2 round 40 public KD (epochs=2)
[2026-07-31 11:10:43] 2026-07-31 11:10:43 | INFO     | KDClient 2 round 40 local training (epochs=4)
[2026-07-31 11:11:14] 2026-07-31 11:11:14 | INFO     | KDClient 2 round 40 completed (acc=0.0000, n=178)
[2026-07-31 11:11:14] 2026-07-31 11:11:14 | INFO     | KDClient 3 fit round 40 (tier=small)
[2026-07-31 11:11:14] 2026-07-31 11:11:14 | INFO     | KDClient 3 round 40 public KD (epochs=2)
[2026-07-31 11:12:16] 2026-07-31 11:12:16 | INFO     | KDClient 3 round 40 local training (epochs=4)
[2026-07-31 11:12:38] 2026-07-31 11:12:38 | INFO     | KDClient 3 round 40 completed (acc=0.2982, n=67)
[2026-07-31 11:12:38] 2026-07-31 11:12:38 | INFO     | KDClient 4 fit round 40 (tier=small)
[2026-07-31 11:12:38] 2026-07-31 11:12:38 | INFO     | KDClient 4 round 40 public KD (epochs=2)
[2026-07-31 11:13:19] 2026-07-31 11:13:19 | INFO     | KDClient 4 round 40 local training (epochs=4)
[2026-07-31 11:13:36] 2026-07-31 11:13:36 | INFO     | KDClient 4 round 40 completed (acc=0.0000, n=33)
[2026-07-31 11:13:36] 2026-07-31 11:13:36 | INFO     | KDClient 5 fit round 40 (tier=small)
[2026-07-31 11:13:36] 2026-07-31 11:13:36 | INFO     | KDClient 5 round 40 public KD (epochs=2)
[2026-07-31 11:14:19] 2026-07-31 11:14:19 | INFO     | KDClient 5 round 40 local training (epochs=4)
[2026-07-31 11:14:39] 2026-07-31 11:14:39 | INFO     | KDClient 5 round 40 completed (acc=0.3091, n=48)
[2026-07-31 11:14:39] 2026-07-31 11:14:39 | INFO     | KDClient 6 fit round 40 (tier=small)
[2026-07-31 11:14:39] 2026-07-31 11:14:39 | INFO     | KDClient 6 round 40 public KD (epochs=2)
[2026-07-31 11:15:08] 2026-07-31 11:15:08 | INFO     | KDClient 6 round 40 local training (epochs=4)
[2026-07-31 11:15:26] 2026-07-31 11:15:26 | INFO     | KDClient 6 round 40 completed (acc=0.0000, n=37)
[2026-07-31 11:15:26] 2026-07-31 11:15:26 | INFO     | KDClient 7 fit round 40 (tier=medium)
[2026-07-31 11:15:26] 2026-07-31 11:15:26 | INFO     | KDClient 7 round 40 public KD (epochs=2)
[2026-07-31 11:17:05] 2026-07-31 11:17:05 | INFO     | KDClient 7 round 40 local training (epochs=4)
[2026-07-31 11:18:05] 2026-07-31 11:18:05 | INFO     | KDClient 7 round 40 completed (acc=0.1055, n=83)
[2026-07-31 11:18:05] 2026-07-31 11:18:05 | INFO     | KDClient 8 fit round 40 (tier=medium)
[2026-07-31 11:18:05] 2026-07-31 11:18:05 | INFO     | KDClient 8 round 40 public KD (epochs=2)
[2026-07-31 11:19:43] 2026-07-31 11:19:43 | INFO     | KDClient 8 round 40 local training (epochs=4)
[2026-07-31 11:20:40] 2026-07-31 11:20:40 | INFO     | KDClient 8 round 40 completed (acc=0.3055, n=24)
[2026-07-31 11:20:40] 2026-07-31 11:20:40 | INFO     | KDClient 9 fit round 40 (tier=medium)
[2026-07-31 11:20:40] 2026-07-31 11:20:40 | INFO     | KDClient 9 round 40 public KD (epochs=2)
[2026-07-31 11:22:18] 2026-07-31 11:22:18 | INFO     | KDClient 9 round 40 local training (epochs=4)
[2026-07-31 11:23:03] 2026-07-31 11:23:03 | INFO     | KDClient 9 round 40 completed (acc=0.3091, n=26)
[2026-07-31 11:23:03] 2026-07-31 11:23:03 | INFO     | KDClient 10 fit round 40 (tier=medium)
[2026-07-31 11:23:03] 2026-07-31 11:23:03 | INFO     | KDClient 10 round 40 public KD (epochs=2)
[2026-07-31 11:24:39] 2026-07-31 11:24:39 | INFO     | KDClient 10 round 40 local training (epochs=4)
[2026-07-31 11:25:34] 2026-07-31 11:25:33 | INFO     | KDClient 10 round 40 completed (acc=0.3091, n=29)
[2026-07-31 11:25:34] 2026-07-31 11:25:34 | INFO     | KDClient 11 fit round 40 (tier=medium)
[2026-07-31 11:25:34] 2026-07-31 11:25:34 | INFO     | KDClient 11 round 40 public KD (epochs=2)
[2026-07-31 11:27:39] 2026-07-31 11:27:39 | INFO     | KDClient 11 round 40 local training (epochs=4)
[2026-07-31 11:28:25] 2026-07-31 11:28:25 | INFO     | KDClient 11 round 40 completed (acc=0.0000, n=26)
[2026-07-31 11:28:25] 2026-07-31 11:28:25 | INFO     | KDClient 12 fit round 40 (tier=medium)
[2026-07-31 11:28:25] 2026-07-31 11:28:25 | INFO     | KDClient 12 round 40 public KD (epochs=2)
[2026-07-31 11:30:01] 2026-07-31 11:30:01 | INFO     | KDClient 12 round 40 local training (epochs=4)
[2026-07-31 11:30:54] 2026-07-31 11:30:54 | INFO     | KDClient 12 round 40 completed (acc=0.3091, n=45)
[2026-07-31 11:30:54] 2026-07-31 11:30:54 | INFO     | KDClient 13 fit round 40 (tier=medium)
[2026-07-31 11:30:54] 2026-07-31 11:30:54 | INFO     | KDClient 13 round 40 public KD (epochs=2)
[2026-07-31 11:32:36] 2026-07-31 11:32:36 | INFO     | KDClient 13 round 40 local training (epochs=4)
[2026-07-31 11:33:32] 2026-07-31 11:33:32 | INFO     | KDClient 13 round 40 completed (acc=0.3055, n=76)
[2026-07-31 11:33:32] 2026-07-31 11:33:32 | INFO     | KDClient 14 fit round 40 (tier=large)
[2026-07-31 11:33:32] 2026-07-31 11:33:32 | INFO     | KDClient 14 round 40 public KD (epochs=2)
[2026-07-31 11:35:59] 2026-07-31 11:35:59 | INFO     | KDClient 14 round 40 local training (epochs=4)
[2026-07-31 11:37:38] 2026-07-31 11:37:38 | INFO     | KDClient 14 round 40 completed (acc=0.2945, n=139)
[2026-07-31 11:37:38] 2026-07-31 11:37:38 | INFO     | KDClient 15 fit round 40 (tier=large)
[2026-07-31 11:37:38] 2026-07-31 11:37:38 | INFO     | KDClient 15 round 40 public KD (epochs=2)
[2026-07-31 11:40:13] 2026-07-31 11:40:13 | INFO     | KDClient 15 round 40 local training (epochs=4)
[2026-07-31 11:41:23] 2026-07-31 11:41:23 | INFO     | KDClient 15 round 40 completed (acc=0.3091, n=39)
[2026-07-31 11:41:23] 2026-07-31 11:41:23 | INFO     | KDClient 16 fit round 40 (tier=large)
[2026-07-31 11:41:23] 2026-07-31 11:41:23 | INFO     | KDClient 16 round 40 public KD (epochs=2)
[2026-07-31 11:43:49] 2026-07-31 11:43:49 | INFO     | KDClient 16 round 40 local training (epochs=4)
[2026-07-31 11:45:05] 2026-07-31 11:45:05 | INFO     | KDClient 16 round 40 completed (acc=0.0000, n=37)
[2026-07-31 11:45:05] 2026-07-31 11:45:05 | INFO     | KDClient 17 fit round 40 (tier=large)
[2026-07-31 11:45:05] 2026-07-31 11:45:05 | INFO     | KDClient 17 round 40 public KD (epochs=2)
[2026-07-31 11:47:20] 2026-07-31 11:47:20 | INFO     | KDClient 17 round 40 local training (epochs=4)
[2026-07-31 11:48:27] 2026-07-31 11:48:27 | INFO     | KDClient 17 round 40 completed (acc=0.3055, n=35)
[2026-07-31 11:48:27] 2026-07-31 11:48:27 | INFO     | KDClient 18 fit round 40 (tier=large)
[2026-07-31 11:48:27] 2026-07-31 11:48:27 | INFO     | KDClient 18 round 40 public KD (epochs=2)
[2026-07-31 11:51:00] 2026-07-31 11:51:00 | INFO     | KDClient 18 round 40 local training (epochs=4)
[2026-07-31 11:52:38] 2026-07-31 11:52:38 | INFO     | KDClient 18 round 40 completed (acc=0.3055, n=37)
[2026-07-31 11:52:38] 2026-07-31 11:52:38 | INFO     | KDClient 19 fit round 40 (tier=large)
[2026-07-31 11:52:38] 2026-07-31 11:52:38 | INFO     | KDClient 19 round 40 public KD (epochs=2)
[2026-07-31 11:55:19] 2026-07-31 11:55:19 | INFO     | KDClient 19 round 40 local training (epochs=4)
[2026-07-31 11:56:49] 2026-07-31 11:56:49 | INFO     | KDClient 19 round 40 completed (acc=0.3091, n=56)
[2026-07-31 11:56:49]   Round  40/50 | Avg: 0.2164 | Min: 0.0000 | Max: 0.3091
[2026-07-31 11:56:49] 2026-07-31 11:56:49 | INFO     | FEDMD — NONIID: round 41/50 starting
[2026-07-31 11:56:49] 2026-07-31 11:56:49 | INFO     | KDClient 0 fit round 41 (tier=small)
[2026-07-31 11:56:49] 2026-07-31 11:56:49 | INFO     | KDClient 0 round 41 public KD (epochs=2)
[2026-07-31 11:57:28] 2026-07-31 11:57:28 | INFO     | KDClient 0 round 41 local training (epochs=4)
[2026-07-31 11:57:47] 2026-07-31 11:57:46 | INFO     | KDClient 0 round 41 completed (acc=0.2327, n=38)
[2026-07-31 11:57:47] 2026-07-31 11:57:46 | INFO     | KDClient 1 fit round 41 (tier=small)
[2026-07-31 11:57:47] 2026-07-31 11:57:46 | INFO     | KDClient 1 round 41 public KD (epochs=2)
[2026-07-31 11:58:28] 2026-07-31 11:58:28 | INFO     | KDClient 1 round 41 local training (epochs=4)
[2026-07-31 11:58:53] 2026-07-31 11:58:53 | INFO     | KDClient 1 round 41 completed (acc=0.3091, n=47)
[2026-07-31 11:58:53] 2026-07-31 11:58:53 | INFO     | KDClient 2 fit round 41 (tier=small)
[2026-07-31 11:58:53] 2026-07-31 11:58:53 | INFO     | KDClient 2 round 41 public KD (epochs=2)
[2026-07-31 11:59:33] 2026-07-31 11:59:33 | INFO     | KDClient 2 round 41 local training (epochs=4)
[2026-07-31 11:59:59] 2026-07-31 11:59:59 | INFO     | KDClient 2 round 41 completed (acc=0.0000, n=178)
[2026-07-31 11:59:59] 2026-07-31 11:59:59 | INFO     | KDClient 3 fit round 41 (tier=small)
[2026-07-31 11:59:59] 2026-07-31 11:59:59 | INFO     | KDClient 3 round 41 public KD (epochs=2)
[2026-07-31 12:00:35] 2026-07-31 12:00:35 | INFO     | KDClient 3 round 41 local training (epochs=4)
[2026-07-31 12:01:02] 2026-07-31 12:01:02 | INFO     | KDClient 3 round 41 completed (acc=0.3018, n=67)
[2026-07-31 12:01:02] 2026-07-31 12:01:02 | INFO     | KDClient 4 fit round 41 (tier=small)
[2026-07-31 12:01:02] 2026-07-31 12:01:02 | INFO     | KDClient 4 round 41 public KD (epochs=2)
[2026-07-31 12:01:46] 2026-07-31 12:01:46 | INFO     | KDClient 4 round 41 local training (epochs=4)
[2026-07-31 12:02:03] 2026-07-31 12:02:03 | INFO     | KDClient 4 round 41 completed (acc=0.0000, n=33)
[2026-07-31 12:02:03] 2026-07-31 12:02:03 | INFO     | KDClient 5 fit round 41 (tier=small)
[2026-07-31 12:02:03] 2026-07-31 12:02:03 | INFO     | KDClient 5 round 41 public KD (epochs=2)
[2026-07-31 12:02:35] 2026-07-31 12:02:35 | INFO     | KDClient 5 round 41 local training (epochs=4)
[2026-07-31 12:02:54] 2026-07-31 12:02:54 | INFO     | KDClient 5 round 41 completed (acc=0.3091, n=48)
[2026-07-31 12:02:54] 2026-07-31 12:02:54 | INFO     | KDClient 6 fit round 41 (tier=small)
[2026-07-31 12:02:54] 2026-07-31 12:02:54 | INFO     | KDClient 6 round 41 public KD (epochs=2)
[2026-07-31 12:03:36] 2026-07-31 12:03:36 | INFO     | KDClient 6 round 41 local training (epochs=4)
[2026-07-31 12:03:53] 2026-07-31 12:03:53 | INFO     | KDClient 6 round 41 completed (acc=0.0000, n=37)
[2026-07-31 12:03:53] 2026-07-31 12:03:53 | INFO     | KDClient 7 fit round 41 (tier=medium)
[2026-07-31 12:03:53] 2026-07-31 12:03:53 | INFO     | KDClient 7 round 41 public KD (epochs=2)
[2026-07-31 12:05:30] 2026-07-31 12:05:30 | INFO     | KDClient 7 round 41 local training (epochs=4)
[2026-07-31 12:06:26] 2026-07-31 12:06:26 | INFO     | KDClient 7 round 41 completed (acc=0.2109, n=83)
[2026-07-31 12:06:26] 2026-07-31 12:06:26 | INFO     | KDClient 8 fit round 41 (tier=medium)
[2026-07-31 12:06:26] 2026-07-31 12:06:26 | INFO     | KDClient 8 round 41 public KD (epochs=2)
[2026-07-31 12:08:39] 2026-07-31 12:08:39 | INFO     | KDClient 8 round 41 local training (epochs=4)
[2026-07-31 12:09:21] 2026-07-31 12:09:21 | INFO     | KDClient 8 round 41 completed (acc=0.3091, n=24)
[2026-07-31 12:09:21] 2026-07-31 12:09:21 | INFO     | KDClient 9 fit round 41 (tier=medium)
[2026-07-31 12:09:21] 2026-07-31 12:09:21 | INFO     | KDClient 9 round 41 public KD (epochs=2)
[2026-07-31 12:11:32] 2026-07-31 12:11:32 | INFO     | KDClient 9 round 41 local training (epochs=4)
[2026-07-31 12:12:23] 2026-07-31 12:12:23 | INFO     | KDClient 9 round 41 completed (acc=0.3091, n=26)
[2026-07-31 12:12:23] 2026-07-31 12:12:23 | INFO     | KDClient 10 fit round 41 (tier=medium)
[2026-07-31 12:12:23] 2026-07-31 12:12:23 | INFO     | KDClient 10 round 41 public KD (epochs=2)
[2026-07-31 12:14:11] 2026-07-31 12:14:11 | INFO     | KDClient 10 round 41 local training (epochs=4)
[2026-07-31 12:15:08] 2026-07-31 12:15:08 | INFO     | KDClient 10 round 41 completed (acc=0.3091, n=29)
[2026-07-31 12:15:08] 2026-07-31 12:15:08 | INFO     | KDClient 11 fit round 41 (tier=medium)
[2026-07-31 12:15:08] 2026-07-31 12:15:08 | INFO     | KDClient 11 round 41 public KD (epochs=2)
[2026-07-31 12:16:59] 2026-07-31 12:16:59 | INFO     | KDClient 11 round 41 local training (epochs=4)
[2026-07-31 12:17:52] 2026-07-31 12:17:52 | INFO     | KDClient 11 round 41 completed (acc=0.0000, n=26)
[2026-07-31 12:17:52] 2026-07-31 12:17:52 | INFO     | KDClient 12 fit round 41 (tier=medium)
[2026-07-31 12:17:52] 2026-07-31 12:17:52 | INFO     | KDClient 12 round 41 public KD (epochs=2)
[2026-07-31 12:19:45] 2026-07-31 12:19:45 | INFO     | KDClient 12 round 41 local training (epochs=4)
[2026-07-31 12:20:45] 2026-07-31 12:20:45 | INFO     | KDClient 12 round 41 completed (acc=0.3091, n=45)
[2026-07-31 12:20:45] 2026-07-31 12:20:45 | INFO     | KDClient 13 fit round 41 (tier=medium)
[2026-07-31 12:20:45] 2026-07-31 12:20:45 | INFO     | KDClient 13 round 41 public KD (epochs=2)
[2026-07-31 12:22:34] 2026-07-31 12:22:34 | INFO     | KDClient 13 round 41 local training (epochs=4)
[2026-07-31 12:23:41] 2026-07-31 12:23:41 | INFO     | KDClient 13 round 41 completed (acc=0.3055, n=76)
[2026-07-31 12:23:41] 2026-07-31 12:23:41 | INFO     | KDClient 14 fit round 41 (tier=large)
[2026-07-31 12:23:41] 2026-07-31 12:23:41 | INFO     | KDClient 14 round 41 public KD (epochs=2)
[2026-07-31 12:26:26] 2026-07-31 12:26:26 | INFO     | KDClient 14 round 41 local training (epochs=4)
[2026-07-31 12:28:25] 2026-07-31 12:28:25 | INFO     | KDClient 14 round 41 completed (acc=0.2800, n=139)
[2026-07-31 12:28:25] 2026-07-31 12:28:25 | INFO     | KDClient 15 fit round 41 (tier=large)
[2026-07-31 12:28:25] 2026-07-31 12:28:25 | INFO     | KDClient 15 round 41 public KD (epochs=2)
[2026-07-31 12:31:06] 2026-07-31 12:31:06 | INFO     | KDClient 15 round 41 local training (epochs=4)
[2026-07-31 12:32:58] 2026-07-31 12:32:58 | INFO     | KDClient 15 round 41 completed (acc=0.3091, n=39)
[2026-07-31 12:32:58] 2026-07-31 12:32:58 | INFO     | KDClient 16 fit round 41 (tier=large)
[2026-07-31 12:32:58] 2026-07-31 12:32:58 | INFO     | KDClient 16 round 41 public KD (epochs=2)
[2026-07-31 12:35:42] 2026-07-31 12:35:42 | INFO     | KDClient 16 round 41 local training (epochs=4)
[2026-07-31 12:37:24] 2026-07-31 12:37:24 | INFO     | KDClient 16 round 41 completed (acc=0.0000, n=37)
[2026-07-31 12:37:24] 2026-07-31 12:37:24 | INFO     | KDClient 17 fit round 41 (tier=large)
[2026-07-31 12:37:24] 2026-07-31 12:37:24 | INFO     | KDClient 17 round 41 public KD (epochs=2)
[2026-07-31 12:40:24] 2026-07-31 12:40:24 | INFO     | KDClient 17 round 41 local training (epochs=4)
[2026-07-31 12:42:11] 2026-07-31 12:42:11 | INFO     | KDClient 17 round 41 completed (acc=0.3055, n=35)
[2026-07-31 12:42:11] 2026-07-31 12:42:11 | INFO     | KDClient 18 fit round 41 (tier=large)
[2026-07-31 12:42:11] 2026-07-31 12:42:11 | INFO     | KDClient 18 round 41 public KD (epochs=2)
[2026-07-31 12:44:58] 2026-07-31 12:44:58 | INFO     | KDClient 18 round 41 local training (epochs=4)
[2026-07-31 12:46:31] 2026-07-31 12:46:31 | INFO     | KDClient 18 round 41 completed (acc=0.2764, n=37)
[2026-07-31 12:46:31] 2026-07-31 12:46:31 | INFO     | KDClient 19 fit round 41 (tier=large)
[2026-07-31 12:46:31] 2026-07-31 12:46:31 | INFO     | KDClient 19 round 41 public KD (epochs=2)
[2026-07-31 12:48:54] 2026-07-31 12:48:54 | INFO     | KDClient 19 round 41 local training (epochs=4)
[2026-07-31 12:50:30] 2026-07-31 12:50:30 | INFO     | KDClient 19 round 41 completed (acc=0.3091, n=56)
[2026-07-31 12:50:30]   Round  41/50 | Avg: 0.2193 | Min: 0.0000 | Max: 0.3091
[2026-07-31 12:50:30] 2026-07-31 12:50:30 | INFO     | FEDMD — NONIID: round 42/50 starting
[2026-07-31 12:50:30] 2026-07-31 12:50:30 | INFO     | KDClient 0 fit round 42 (tier=small)
[2026-07-31 12:50:30] 2026-07-31 12:50:30 | INFO     | KDClient 0 round 42 public KD (epochs=2)
[2026-07-31 12:51:12] 2026-07-31 12:51:12 | INFO     | KDClient 0 round 42 local training (epochs=4)
[2026-07-31 12:51:37] 2026-07-31 12:51:37 | INFO     | KDClient 0 round 42 completed (acc=0.2509, n=38)
[2026-07-31 12:51:37] 2026-07-31 12:51:37 | INFO     | KDClient 1 fit round 42 (tier=small)
[2026-07-31 12:51:37] 2026-07-31 12:51:37 | INFO     | KDClient 1 round 42 public KD (epochs=2)
[2026-07-31 12:52:12] 2026-07-31 12:52:12 | INFO     | KDClient 1 round 42 local training (epochs=4)
[2026-07-31 12:52:29] 2026-07-31 12:52:29 | INFO     | KDClient 1 round 42 completed (acc=0.3091, n=47)
[2026-07-31 12:52:29] 2026-07-31 12:52:29 | INFO     | KDClient 2 fit round 42 (tier=small)
[2026-07-31 12:52:29] 2026-07-31 12:52:29 | INFO     | KDClient 2 round 42 public KD (epochs=2)
[2026-07-31 12:53:08] 2026-07-31 12:53:08 | INFO     | KDClient 2 round 42 local training (epochs=4)
[2026-07-31 12:53:40] 2026-07-31 12:53:40 | INFO     | KDClient 2 round 42 completed (acc=0.0000, n=178)
[2026-07-31 12:53:40] 2026-07-31 12:53:40 | INFO     | KDClient 3 fit round 42 (tier=small)
[2026-07-31 12:53:40] 2026-07-31 12:53:40 | INFO     | KDClient 3 round 42 public KD (epochs=2)
[2026-07-31 12:54:19] 2026-07-31 12:54:19 | INFO     | KDClient 3 round 42 local training (epochs=4)
[2026-07-31 12:54:43] 2026-07-31 12:54:43 | INFO     | KDClient 3 round 42 completed (acc=0.3091, n=67)
[2026-07-31 12:54:43] 2026-07-31 12:54:43 | INFO     | KDClient 4 fit round 42 (tier=small)
[2026-07-31 12:54:43] 2026-07-31 12:54:43 | INFO     | KDClient 4 round 42 public KD (epochs=2)
[2026-07-31 12:55:22] 2026-07-31 12:55:22 | INFO     | KDClient 4 round 42 local training (epochs=4)
[2026-07-31 12:55:47] 2026-07-31 12:55:47 | INFO     | KDClient 4 round 42 completed (acc=0.0000, n=33)
[2026-07-31 12:55:47] 2026-07-31 12:55:47 | INFO     | KDClient 5 fit round 42 (tier=small)
[2026-07-31 12:55:47] 2026-07-31 12:55:47 | INFO     | KDClient 5 round 42 public KD (epochs=2)
[2026-07-31 12:56:28] 2026-07-31 12:56:28 | INFO     | KDClient 5 round 42 local training (epochs=4)
[2026-07-31 12:56:46] 2026-07-31 12:56:46 | INFO     | KDClient 5 round 42 completed (acc=0.3091, n=48)
[2026-07-31 12:56:46] 2026-07-31 12:56:46 | INFO     | KDClient 6 fit round 42 (tier=small)
[2026-07-31 12:56:46] 2026-07-31 12:56:46 | INFO     | KDClient 6 round 42 public KD (epochs=2)
[2026-07-31 12:57:20] 2026-07-31 12:57:20 | INFO     | KDClient 6 round 42 local training (epochs=4)
[2026-07-31 12:57:38] 2026-07-31 12:57:38 | INFO     | KDClient 6 round 42 completed (acc=0.0000, n=37)
[2026-07-31 12:57:38] 2026-07-31 12:57:38 | INFO     | KDClient 7 fit round 42 (tier=medium)
[2026-07-31 12:57:38] 2026-07-31 12:57:38 | INFO     | KDClient 7 round 42 public KD (epochs=2)
[2026-07-31 12:59:45] 2026-07-31 12:59:45 | INFO     | KDClient 7 round 42 local training (epochs=4)
[2026-07-31 13:00:45] 2026-07-31 13:00:45 | INFO     | KDClient 7 round 42 completed (acc=0.1818, n=83)
[2026-07-31 13:00:45] 2026-07-31 13:00:45 | INFO     | KDClient 8 fit round 42 (tier=medium)
[2026-07-31 13:00:45] 2026-07-31 13:00:45 | INFO     | KDClient 8 round 42 public KD (epochs=2)
[2026-07-31 13:02:57] 2026-07-31 13:02:57 | INFO     | KDClient 8 round 42 local training (epochs=4)
[2026-07-31 13:03:50] 2026-07-31 13:03:50 | INFO     | KDClient 8 round 42 completed (acc=0.3091, n=24)
[2026-07-31 13:03:50] 2026-07-31 13:03:50 | INFO     | KDClient 9 fit round 42 (tier=medium)
[2026-07-31 13:03:50] 2026-07-31 13:03:50 | INFO     | KDClient 9 round 42 public KD (epochs=2)
[2026-07-31 13:06:10] 2026-07-31 13:06:10 | INFO     | KDClient 9 round 42 local training (epochs=4)
[2026-07-31 13:07:06] 2026-07-31 13:07:06 | INFO     | KDClient 9 round 42 completed (acc=0.3091, n=26)
[2026-07-31 13:07:06] 2026-07-31 13:07:06 | INFO     | KDClient 10 fit round 42 (tier=medium)
[2026-07-31 13:07:06] 2026-07-31 13:07:06 | INFO     | KDClient 10 round 42 public KD (epochs=2)
[2026-07-31 13:08:57] 2026-07-31 13:08:57 | INFO     | KDClient 10 round 42 local training (epochs=4)
[2026-07-31 13:09:52] 2026-07-31 13:09:52 | INFO     | KDClient 10 round 42 completed (acc=0.3091, n=29)
[2026-07-31 13:09:52] 2026-07-31 13:09:52 | INFO     | KDClient 11 fit round 42 (tier=medium)
[2026-07-31 13:09:52] 2026-07-31 13:09:52 | INFO     | KDClient 11 round 42 public KD (epochs=2)
[2026-07-31 13:12:08] 2026-07-31 13:12:08 | INFO     | KDClient 11 round 42 local training (epochs=4)
[2026-07-31 13:13:10] 2026-07-31 13:13:10 | INFO     | KDClient 11 round 42 completed (acc=0.0000, n=26)
[2026-07-31 13:13:10] 2026-07-31 13:13:10 | INFO     | KDClient 12 fit round 42 (tier=medium)
[2026-07-31 13:13:10] 2026-07-31 13:13:10 | INFO     | KDClient 12 round 42 public KD (epochs=2)
[2026-07-31 13:14:57] 2026-07-31 13:14:57 | INFO     | KDClient 12 round 42 local training (epochs=4)
[2026-07-31 13:15:56] 2026-07-31 13:15:56 | INFO     | KDClient 12 round 42 completed (acc=0.3091, n=45)
[2026-07-31 13:15:56] 2026-07-31 13:15:56 | INFO     | KDClient 13 fit round 42 (tier=medium)
[2026-07-31 13:15:56] 2026-07-31 13:15:56 | INFO     | KDClient 13 round 42 public KD (epochs=2)
[2026-07-31 13:18:42] 2026-07-31 13:18:42 | INFO     | KDClient 13 round 42 local training (epochs=4)
[2026-07-31 13:19:48] 2026-07-31 13:19:48 | INFO     | KDClient 13 round 42 completed (acc=0.3055, n=76)
[2026-07-31 13:19:48] 2026-07-31 13:19:48 | INFO     | KDClient 14 fit round 42 (tier=large)
[2026-07-31 13:19:48] 2026-07-31 13:19:48 | INFO     | KDClient 14 round 42 public KD (epochs=2)
[2026-07-31 13:22:27] 2026-07-31 13:22:27 | INFO     | KDClient 14 round 42 local training (epochs=4)
[2026-07-31 13:24:18] 2026-07-31 13:24:18 | INFO     | KDClient 14 round 42 completed (acc=0.2945, n=139)
[2026-07-31 13:24:18] 2026-07-31 13:24:18 | INFO     | KDClient 15 fit round 42 (tier=large)
[2026-07-31 13:24:18] 2026-07-31 13:24:18 | INFO     | KDClient 15 round 42 public KD (epochs=2)
[2026-07-31 13:26:48] 2026-07-31 13:26:48 | INFO     | KDClient 15 round 42 local training (epochs=4)
[2026-07-31 13:28:12] 2026-07-31 13:28:12 | INFO     | KDClient 15 round 42 completed (acc=0.3091, n=39)
[2026-07-31 13:28:12] 2026-07-31 13:28:12 | INFO     | KDClient 16 fit round 42 (tier=large)
[2026-07-31 13:28:12] 2026-07-31 13:28:12 | INFO     | KDClient 16 round 42 public KD (epochs=2)
[2026-07-31 13:30:47] 2026-07-31 13:30:47 | INFO     | KDClient 16 round 42 local training (epochs=4)
[2026-07-31 13:32:12] 2026-07-31 13:32:12 | INFO     | KDClient 16 round 42 completed (acc=0.0000, n=37)
[2026-07-31 13:32:12] 2026-07-31 13:32:12 | INFO     | KDClient 17 fit round 42 (tier=large)
[2026-07-31 13:32:12] 2026-07-31 13:32:12 | INFO     | KDClient 17 round 42 public KD (epochs=2)
[2026-07-31 13:34:26] 2026-07-31 13:34:26 | INFO     | KDClient 17 round 42 local training (epochs=4)
[2026-07-31 13:35:48] 2026-07-31 13:35:48 | INFO     | KDClient 17 round 42 completed (acc=0.3055, n=35)
[2026-07-31 13:35:48] 2026-07-31 13:35:48 | INFO     | KDClient 18 fit round 42 (tier=large)
[2026-07-31 13:35:48] 2026-07-31 13:35:48 | INFO     | KDClient 18 round 42 public KD (epochs=2)
[2026-07-31 13:38:03] 2026-07-31 13:38:03 | INFO     | KDClient 18 round 42 local training (epochs=4)
[2026-07-31 13:39:30] 2026-07-31 13:39:30 | INFO     | KDClient 18 round 42 completed (acc=0.3055, n=37)
[2026-07-31 13:39:30] 2026-07-31 13:39:30 | INFO     | KDClient 19 fit round 42 (tier=large)
[2026-07-31 13:39:30] 2026-07-31 13:39:30 | INFO     | KDClient 19 round 42 public KD (epochs=2)
[2026-07-31 13:41:44] 2026-07-31 13:41:44 | INFO     | KDClient 19 round 42 local training (epochs=4)
[2026-07-31 13:42:53] 2026-07-31 13:42:53 | INFO     | KDClient 19 round 42 completed (acc=0.3091, n=56)
[2026-07-31 13:42:53]   Round  42/50 | Avg: 0.2213 | Min: 0.0000 | Max: 0.3091
[2026-07-31 13:42:53] 2026-07-31 13:42:53 | INFO     | FEDMD — NONIID: round 43/50 starting
[2026-07-31 13:42:53] 2026-07-31 13:42:53 | INFO     | KDClient 0 fit round 43 (tier=small)
[2026-07-31 13:42:53] 2026-07-31 13:42:53 | INFO     | KDClient 0 round 43 public KD (epochs=2)
[2026-07-31 13:43:25] 2026-07-31 13:43:25 | INFO     | KDClient 0 round 43 local training (epochs=4)
[2026-07-31 13:43:40] 2026-07-31 13:43:40 | INFO     | KDClient 0 round 43 completed (acc=0.3091, n=38)
[2026-07-31 13:43:40] 2026-07-31 13:43:40 | INFO     | KDClient 1 fit round 43 (tier=small)
[2026-07-31 13:43:40] 2026-07-31 13:43:40 | INFO     | KDClient 1 round 43 public KD (epochs=2)
[2026-07-31 13:44:11] 2026-07-31 13:44:11 | INFO     | KDClient 1 round 43 local training (epochs=4)
[2026-07-31 13:44:25] 2026-07-31 13:44:25 | INFO     | KDClient 1 round 43 completed (acc=0.3091, n=47)
[2026-07-31 13:44:25] 2026-07-31 13:44:25 | INFO     | KDClient 2 fit round 43 (tier=small)
[2026-07-31 13:44:25] 2026-07-31 13:44:25 | INFO     | KDClient 2 round 43 public KD (epochs=2)
[2026-07-31 13:44:54] 2026-07-31 13:44:54 | INFO     | KDClient 2 round 43 local training (epochs=4)
[2026-07-31 13:45:18] 2026-07-31 13:45:18 | INFO     | KDClient 2 round 43 completed (acc=0.0000, n=178)
[2026-07-31 13:45:18] 2026-07-31 13:45:18 | INFO     | KDClient 3 fit round 43 (tier=small)
[2026-07-31 13:45:18] 2026-07-31 13:45:18 | INFO     | KDClient 3 round 43 public KD (epochs=2)
[2026-07-31 13:45:49] 2026-07-31 13:45:49 | INFO     | KDClient 3 round 43 local training (epochs=4)
[2026-07-31 13:46:05] 2026-07-31 13:46:05 | INFO     | KDClient 3 round 43 completed (acc=0.3055, n=67)
[2026-07-31 13:46:05] 2026-07-31 13:46:05 | INFO     | KDClient 4 fit round 43 (tier=small)
[2026-07-31 13:46:05] 2026-07-31 13:46:05 | INFO     | KDClient 4 round 43 public KD (epochs=2)
[2026-07-31 13:46:41] 2026-07-31 13:46:41 | INFO     | KDClient 4 round 43 local training (epochs=4)
[2026-07-31 13:46:57] 2026-07-31 13:46:57 | INFO     | KDClient 4 round 43 completed (acc=0.0000, n=33)
[2026-07-31 13:46:57] 2026-07-31 13:46:57 | INFO     | KDClient 5 fit round 43 (tier=small)
[2026-07-31 13:46:57] 2026-07-31 13:46:57 | INFO     | KDClient 5 round 43 public KD (epochs=2)
[2026-07-31 13:47:35] 2026-07-31 13:47:35 | INFO     | KDClient 5 round 43 local training (epochs=4)
[2026-07-31 13:47:54] 2026-07-31 13:47:54 | INFO     | KDClient 5 round 43 completed (acc=0.3091, n=48)
[2026-07-31 13:47:54] 2026-07-31 13:47:54 | INFO     | KDClient 6 fit round 43 (tier=small)
[2026-07-31 13:47:54] 2026-07-31 13:47:54 | INFO     | KDClient 6 round 43 public KD (epochs=2)
[2026-07-31 13:48:35] 2026-07-31 13:48:35 | INFO     | KDClient 6 round 43 local training (epochs=4)
[2026-07-31 13:48:52] 2026-07-31 13:48:52 | INFO     | KDClient 6 round 43 completed (acc=0.0000, n=37)
[2026-07-31 13:48:52] 2026-07-31 13:48:52 | INFO     | KDClient 7 fit round 43 (tier=medium)
[2026-07-31 13:48:52] 2026-07-31 13:48:52 | INFO     | KDClient 7 round 43 public KD (epochs=2)
[2026-07-31 13:51:10] 2026-07-31 13:51:10 | INFO     | KDClient 7 round 43 local training (epochs=4)
[2026-07-31 13:52:14] 2026-07-31 13:52:14 | INFO     | KDClient 7 round 43 completed (acc=0.2291, n=83)
[2026-07-31 13:52:14] 2026-07-31 13:52:14 | INFO     | KDClient 8 fit round 43 (tier=medium)
[2026-07-31 13:52:14] 2026-07-31 13:52:14 | INFO     | KDClient 8 round 43 public KD (epochs=2)
[2026-07-31 13:54:06] 2026-07-31 13:54:06 | INFO     | KDClient 8 round 43 local training (epochs=4)
[2026-07-31 13:54:57] 2026-07-31 13:54:57 | INFO     | KDClient 8 round 43 completed (acc=0.3091, n=24)
[2026-07-31 13:54:57] 2026-07-31 13:54:57 | INFO     | KDClient 9 fit round 43 (tier=medium)
[2026-07-31 13:54:57] 2026-07-31 13:54:57 | INFO     | KDClient 9 round 43 public KD (epochs=2)
[2026-07-31 13:57:08] 2026-07-31 13:57:08 | INFO     | KDClient 9 round 43 local training (epochs=4)
[2026-07-31 13:58:10] 2026-07-31 13:58:10 | INFO     | KDClient 9 round 43 completed (acc=0.3091, n=26)
[2026-07-31 13:58:10] 2026-07-31 13:58:10 | INFO     | KDClient 10 fit round 43 (tier=medium)
[2026-07-31 13:58:10] 2026-07-31 13:58:10 | INFO     | KDClient 10 round 43 public KD (epochs=2)
[2026-07-31 13:59:58] 2026-07-31 13:59:58 | INFO     | KDClient 10 round 43 local training (epochs=4)
[2026-07-31 14:00:49] 2026-07-31 14:00:49 | INFO     | KDClient 10 round 43 completed (acc=0.3091, n=29)
[2026-07-31 14:00:49] 2026-07-31 14:00:49 | INFO     | KDClient 11 fit round 43 (tier=medium)
[2026-07-31 14:00:49] 2026-07-31 14:00:49 | INFO     | KDClient 11 round 43 public KD (epochs=2)
[2026-07-31 14:02:33] 2026-07-31 14:02:33 | INFO     | KDClient 11 round 43 local training (epochs=4)
[2026-07-31 14:03:30] 2026-07-31 14:03:30 | INFO     | KDClient 11 round 43 completed (acc=0.0000, n=26)
[2026-07-31 14:03:30] 2026-07-31 14:03:30 | INFO     | KDClient 12 fit round 43 (tier=medium)
[2026-07-31 14:03:30] 2026-07-31 14:03:30 | INFO     | KDClient 12 round 43 public KD (epochs=2)
[2026-07-31 14:05:12] 2026-07-31 14:05:12 | INFO     | KDClient 12 round 43 local training (epochs=4)
[2026-07-31 14:06:06] 2026-07-31 14:06:06 | INFO     | KDClient 12 round 43 completed (acc=0.3091, n=45)
[2026-07-31 14:06:06] 2026-07-31 14:06:06 | INFO     | KDClient 13 fit round 43 (tier=medium)
[2026-07-31 14:06:06] 2026-07-31 14:06:06 | INFO     | KDClient 13 round 43 public KD (epochs=2)
[2026-07-31 14:08:23] 2026-07-31 14:08:23 | INFO     | KDClient 13 round 43 local training (epochs=4)
[2026-07-31 14:09:29] 2026-07-31 14:09:28 | INFO     | KDClient 13 round 43 completed (acc=0.3055, n=76)
[2026-07-31 14:09:29] 2026-07-31 14:09:28 | INFO     | KDClient 14 fit round 43 (tier=large)
[2026-07-31 14:09:29] 2026-07-31 14:09:29 | INFO     | KDClient 14 round 43 public KD (epochs=2)
[2026-07-31 14:13:14] 2026-07-31 14:13:14 | INFO     | KDClient 14 round 43 local training (epochs=4)
[2026-07-31 14:15:20] 2026-07-31 14:15:20 | INFO     | KDClient 14 round 43 completed (acc=0.3091, n=139)
[2026-07-31 14:15:20] 2026-07-31 14:15:20 | INFO     | KDClient 15 fit round 43 (tier=large)
[2026-07-31 14:15:20] 2026-07-31 14:15:20 | INFO     | KDClient 15 round 43 public KD (epochs=2)
[2026-07-31 14:17:50] 2026-07-31 14:17:50 | INFO     | KDClient 15 round 43 local training (epochs=4)
[2026-07-31 14:19:05] 2026-07-31 14:19:05 | INFO     | KDClient 15 round 43 completed (acc=0.3091, n=39)
[2026-07-31 14:19:05] 2026-07-31 14:19:05 | INFO     | KDClient 16 fit round 43 (tier=large)
[2026-07-31 14:19:05] 2026-07-31 14:19:05 | INFO     | KDClient 16 round 43 public KD (epochs=2)
[2026-07-31 14:21:31] 2026-07-31 14:21:31 | INFO     | KDClient 16 round 43 local training (epochs=4)
[2026-07-31 14:22:48] 2026-07-31 14:22:48 | INFO     | KDClient 16 round 43 completed (acc=0.0000, n=37)
[2026-07-31 14:22:48] 2026-07-31 14:22:48 | INFO     | KDClient 17 fit round 43 (tier=large)
[2026-07-31 14:22:48] 2026-07-31 14:22:48 | INFO     | KDClient 17 round 43 public KD (epochs=2)
[2026-07-31 14:25:18] 2026-07-31 14:25:18 | INFO     | KDClient 17 round 43 local training (epochs=4)
[2026-07-31 14:26:52] 2026-07-31 14:26:52 | INFO     | KDClient 17 round 43 completed (acc=0.3055, n=35)
[2026-07-31 14:26:52] 2026-07-31 14:26:52 | INFO     | KDClient 18 fit round 43 (tier=large)
[2026-07-31 14:26:52] 2026-07-31 14:26:52 | INFO     | KDClient 18 round 43 public KD (epochs=2)
[2026-07-31 14:29:28] 2026-07-31 14:29:28 | INFO     | KDClient 18 round 43 local training (epochs=4)
[2026-07-31 14:31:05] 2026-07-31 14:31:05 | INFO     | KDClient 18 round 43 completed (acc=0.3018, n=37)
[2026-07-31 14:31:05] 2026-07-31 14:31:05 | INFO     | KDClient 19 fit round 43 (tier=large)
[2026-07-31 14:31:05] 2026-07-31 14:31:05 | INFO     | KDClient 19 round 43 public KD (epochs=2)
[2026-07-31 14:33:52] 2026-07-31 14:33:52 | INFO     | KDClient 19 round 43 local training (epochs=4)
[2026-07-31 14:35:24] 2026-07-31 14:35:24 | INFO     | KDClient 19 round 43 completed (acc=0.3091, n=56)
[2026-07-31 14:35:24]   Round  43/50 | Avg: 0.2269 | Min: 0.0000 | Max: 0.3091
[2026-07-31 14:35:24] 2026-07-31 14:35:24 | INFO     | FEDMD — NONIID: round 44/50 starting
[2026-07-31 14:35:24] 2026-07-31 14:35:24 | INFO     | KDClient 0 fit round 44 (tier=small)
[2026-07-31 14:35:24] 2026-07-31 14:35:24 | INFO     | KDClient 0 round 44 public KD (epochs=2)
[2026-07-31 14:36:07] 2026-07-31 14:36:07 | INFO     | KDClient 0 round 44 local training (epochs=4)
[2026-07-31 14:36:32] 2026-07-31 14:36:32 | INFO     | KDClient 0 round 44 completed (acc=0.3091, n=38)
[2026-07-31 14:36:32] 2026-07-31 14:36:32 | INFO     | KDClient 1 fit round 44 (tier=small)
[2026-07-31 14:36:32] 2026-07-31 14:36:32 | INFO     | KDClient 1 round 44 public KD (epochs=2)
[2026-07-31 14:37:16] 2026-07-31 14:37:16 | INFO     | KDClient 1 round 44 local training (epochs=4)
[2026-07-31 14:37:41] 2026-07-31 14:37:41 | INFO     | KDClient 1 round 44 completed (acc=0.3091, n=47)
[2026-07-31 14:37:41] 2026-07-31 14:37:41 | INFO     | KDClient 2 fit round 44 (tier=small)
[2026-07-31 14:37:41] 2026-07-31 14:37:41 | INFO     | KDClient 2 round 44 public KD (epochs=2)
[2026-07-31 14:38:21] 2026-07-31 14:38:21 | INFO     | KDClient 2 round 44 local training (epochs=4)
[2026-07-31 14:38:49] 2026-07-31 14:38:49 | INFO     | KDClient 2 round 44 completed (acc=0.0000, n=178)
[2026-07-31 14:38:49] 2026-07-31 14:38:49 | INFO     | KDClient 3 fit round 44 (tier=small)
[2026-07-31 14:38:49] 2026-07-31 14:38:49 | INFO     | KDClient 3 round 44 public KD (epochs=2)
[2026-07-31 14:39:24] 2026-07-31 14:39:24 | INFO     | KDClient 3 round 44 local training (epochs=4)
[2026-07-31 14:39:49] 2026-07-31 14:39:49 | INFO     | KDClient 3 round 44 completed (acc=0.2982, n=67)
[2026-07-31 14:39:49] 2026-07-31 14:39:49 | INFO     | KDClient 4 fit round 44 (tier=small)
[2026-07-31 14:39:49] 2026-07-31 14:39:49 | INFO     | KDClient 4 round 44 public KD (epochs=2)
[2026-07-31 14:40:34] 2026-07-31 14:40:34 | INFO     | KDClient 4 round 44 local training (epochs=4)
[2026-07-31 14:40:58] 2026-07-31 14:40:58 | INFO     | KDClient 4 round 44 completed (acc=0.0000, n=33)
[2026-07-31 14:40:58] 2026-07-31 14:40:58 | INFO     | KDClient 5 fit round 44 (tier=small)
[2026-07-31 14:40:58] 2026-07-31 14:40:58 | INFO     | KDClient 5 round 44 public KD (epochs=2)
[2026-07-31 14:41:40] 2026-07-31 14:41:40 | INFO     | KDClient 5 round 44 local training (epochs=4)
[2026-07-31 14:42:01] 2026-07-31 14:42:01 | INFO     | KDClient 5 round 44 completed (acc=0.3091, n=48)
[2026-07-31 14:42:01] 2026-07-31 14:42:01 | INFO     | KDClient 6 fit round 44 (tier=small)
[2026-07-31 14:42:01] 2026-07-31 14:42:01 | INFO     | KDClient 6 round 44 public KD (epochs=2)
[2026-07-31 14:42:40] 2026-07-31 14:42:40 | INFO     | KDClient 6 round 44 local training (epochs=4)
[2026-07-31 14:42:56] 2026-07-31 14:42:56 | INFO     | KDClient 6 round 44 completed (acc=0.0000, n=37)
[2026-07-31 14:42:56] 2026-07-31 14:42:56 | INFO     | KDClient 7 fit round 44 (tier=medium)
[2026-07-31 14:42:56] 2026-07-31 14:42:56 | INFO     | KDClient 7 round 44 public KD (epochs=2)
[2026-07-31 14:44:43] 2026-07-31 14:44:43 | INFO     | KDClient 7 round 44 local training (epochs=4)
[2026-07-31 14:45:42] 2026-07-31 14:45:42 | INFO     | KDClient 7 round 44 completed (acc=0.1636, n=83)
[2026-07-31 14:45:42] 2026-07-31 14:45:42 | INFO     | KDClient 8 fit round 44 (tier=medium)
[2026-07-31 14:45:42] 2026-07-31 14:45:42 | INFO     | KDClient 8 round 44 public KD (epochs=2)
[2026-07-31 14:47:59] 2026-07-31 14:47:59 | INFO     | KDClient 8 round 44 local training (epochs=4)
[2026-07-31 14:48:52] 2026-07-31 14:48:52 | INFO     | KDClient 8 round 44 completed (acc=0.3091, n=24)
[2026-07-31 14:48:52] 2026-07-31 14:48:52 | INFO     | KDClient 9 fit round 44 (tier=medium)
[2026-07-31 14:48:52] 2026-07-31 14:48:52 | INFO     | KDClient 9 round 44 public KD (epochs=2)
[2026-07-31 14:50:38] 2026-07-31 14:50:38 | INFO     | KDClient 9 round 44 local training (epochs=4)
[2026-07-31 14:51:25] 2026-07-31 14:51:25 | INFO     | KDClient 9 round 44 completed (acc=0.3091, n=26)
[2026-07-31 14:51:25] 2026-07-31 14:51:25 | INFO     | KDClient 10 fit round 44 (tier=medium)
[2026-07-31 14:51:25] 2026-07-31 14:51:25 | INFO     | KDClient 10 round 44 public KD (epochs=2)
[2026-07-31 14:53:06] 2026-07-31 14:53:06 | INFO     | KDClient 10 round 44 local training (epochs=4)
[2026-07-31 14:53:55] 2026-07-31 14:53:55 | INFO     | KDClient 10 round 44 completed (acc=0.3091, n=29)
[2026-07-31 14:53:55] 2026-07-31 14:53:55 | INFO     | KDClient 11 fit round 44 (tier=medium)
[2026-07-31 14:53:55] 2026-07-31 14:53:55 | INFO     | KDClient 11 round 44 public KD (epochs=2)
[2026-07-31 14:55:41] 2026-07-31 14:55:41 | INFO     | KDClient 11 round 44 local training (epochs=4)
[2026-07-31 14:56:30] 2026-07-31 14:56:30 | INFO     | KDClient 11 round 44 completed (acc=0.0000, n=26)
[2026-07-31 14:56:30] 2026-07-31 14:56:30 | INFO     | KDClient 12 fit round 44 (tier=medium)
[2026-07-31 14:56:30] 2026-07-31 14:56:30 | INFO     | KDClient 12 round 44 public KD (epochs=2)
[2026-07-31 14:58:23] 2026-07-31 14:58:23 | INFO     | KDClient 12 round 44 local training (epochs=4)
[2026-07-31 14:59:37] 2026-07-31 14:59:37 | INFO     | KDClient 12 round 44 completed (acc=0.3091, n=45)
[2026-07-31 14:59:37] 2026-07-31 14:59:37 | INFO     | KDClient 13 fit round 44 (tier=medium)
[2026-07-31 14:59:37] 2026-07-31 14:59:37 | INFO     | KDClient 13 round 44 public KD (epochs=2)
[2026-07-31 15:01:25] 2026-07-31 15:01:25 | INFO     | KDClient 13 round 44 local training (epochs=4)
[2026-07-31 15:02:42] 2026-07-31 15:02:42 | INFO     | KDClient 13 round 44 completed (acc=0.3055, n=76)
[2026-07-31 15:02:42] 2026-07-31 15:02:42 | INFO     | KDClient 14 fit round 44 (tier=large)
[2026-07-31 15:02:42] 2026-07-31 15:02:42 | INFO     | KDClient 14 round 44 public KD (epochs=2)
[2026-07-31 15:05:17] 2026-07-31 15:05:17 | INFO     | KDClient 14 round 44 local training (epochs=4)
