[2026-08-10 15:55:03] ============================================================
[2026-08-10 15:55:03]   JOB START   : mnist_fedprox_uniform
[2026-08-10 15:55:03]   PID         : 801
[2026-08-10 15:55:03]   Log         : /c/Users/ggad/Desktop/HomeSenseKD/logs/phase1/mnist_fedprox_uniform.log
[2026-08-10 15:55:03]   Results dir : /c/Users/ggad/Desktop/HomeSenseKD/results/phase1
[2026-08-10 15:55:03]   Fig dir     : /c/Users/ggad/Desktop/HomeSenseKD/results/phase1/figures
[2026-08-10 15:55:03]   Cmd         : C:\Users\ggad\Desktop\HomeSenseKD\venv/Scripts/python.exe /c/Users/ggad/Desktop/HomeSenseKD/run_fedkd.py \
[2026-08-10 15:55:03]                   --config /c/Users/ggad/Desktop/HomeSenseKD/config/mnist.yaml \
[2026-08-10 15:55:03]                   --algorithm fedprox --heterogeneity uniform \
[2026-08-10 15:55:03]                   --override experiment.results_dir=/c/Users/ggad/Desktop/HomeSenseKD/results/phase1 \
[2026-08-10 15:55:03]                              experiment.fig_dir=/c/Users/ggad/Desktop/HomeSenseKD/results/phase1/figures
[2026-08-10 15:55:03] ============================================================
[2026-08-10 15:55:09] WARNING: All log messages before absl::InitializeLog() is called are written to STDERR
[2026-08-10 15:55:09] I0000 00:00:1786391709.937653   42192 port.cc:153] oneDNN custom operations are on. You may see slightly different numerical results due to floating-point round-off errors from different computation orders. To turn them off, set the environment variable `TF_ENABLE_ONEDNN_OPTS=0`.
[2026-08-10 15:55:40] WARNING: All log messages before absl::InitializeLog() is called are written to STDERR
[2026-08-10 15:55:40] I0000 00:00:1786391740.391913   42192 port.cc:153] oneDNN custom operations are on. You may see slightly different numerical results due to floating-point round-off errors from different computation orders. To turn them off, set the environment variable `TF_ENABLE_ONEDNN_OPTS=0`.
[2026-08-10 15:56:08] 2026-08-10 15:56:08 | INFO     | Experiment started: fedkd_experiment
[2026-08-10 15:56:08] 2026-08-10 15:56:08 | INFO     | Configuration: {"algorithms": ["fedmd", "fedakd", "mks", "fedavg", "fedprox", "local", "central"], "data": {"dataset": "mnist", "dirichlet_alpha": 0.5, "img_size": 28, "in_channels": 1, "n_classes": 10, "n_parties": 20, "n_samples_per_class": 30, "n_stft_bins": 8, "public_dataset": "cifar10", "settings": ["iid", "noniid"], "window_size": 100}, "experiment": {"fig_dir": "C:/Users/ggad/Desktop/HomeSenseKD/results/phase1/figures", "log_dir": "logs", "name": "fedkd_experiment", "results_dir": "C:/Users/ggad/Desktop/HomeSenseKD/results/phase1", "seeds": [42, 123, 456]}, "federated": {"fedprox_mu": 0.01, "kd_epochs": 2, "local_epochs": 3, "n_alignment": 10000, "n_rounds": 40}, "models": {"distributions": {"all_small": [1.0, 0.0, 0.0], "skewed": [0.6, 0.3, 0.1], "uniform": [0.35, 0.35, 0.3]}, "heterogeneity": "uniform"}}
[2026-08-10 15:56:09]   Saved tiers_mnist_uniform.png
[2026-08-10 15:56:09] =================================================================
[2026-08-10 15:56:09]   Dataset    : mnist  (public: cifar10)
[2026-08-10 15:56:09]   Algorithms : ['fedprox']
[2026-08-10 15:56:09]   Heterogen. : uniform  ->  ['small', 'small', 'small', 'small', 'small', 'small']...
[2026-08-10 15:56:09]   Seeds      : [42, 123, 456]
[2026-08-10 15:56:09]   Settings   : ['iid', 'noniid']
[2026-08-10 15:56:09] =================================================================
[2026-08-10 15:56:09] 2026-08-10 15:56:09 | INFO     | run_multiseed: seed=42  algo=fedprox  dataset=mnist  hetero=uniform
[2026-08-10 15:56:09] 
[2026-08-10 15:56:09] [seed=42]  FEDPROX  dataset=mnist  hetero=uniform
[2026-08-10 15:56:09] 2026-08-10 15:56:09 | INFO     | Loading target dataset: 'mnist'  public dataset: 'cifar10'
[2026-08-10 15:56:09] 2026-08-10 15:56:09 | INFO     | Input shape: (28, 28, 1)  is_image: True
[2026-08-10 15:56:32] I0000 00:00:1786391792.653020   42192 cpu_feature_guard.cc:227] This TensorFlow binary is optimized to use available CPU instructions in performance-critical operations.
[2026-08-10 15:56:32] To enable the following instructions: SSE3 SSE4.1 SSE4.2 AVX AVX2 AVX_VNNI FMA, in other operations, rebuild TensorFlow with the appropriate compiler flags.
[2026-08-10 15:56:38] Loading MNIST...
[2026-08-10 15:56:38]   -> 60000 train, 10000 test
[2026-08-10 15:56:38] Loading CIFAR-10...
[2026-08-10 15:56:38]   -> 50000 train, 10000 test
[2026-08-10 15:56:38] 2026-08-10 15:56:38 | INFO     | Dataset loaded: x_train=(60000, 28, 28, 1)  y_train=(60000,)  x_test=(10000, 28, 28, 1)  x_public=(50000, 28, 28, 1)
[2026-08-10 15:56:38] 2026-08-10 15:56:38 | INFO     | Partitioning data: n_classes=10 n_parties=20 iid_spc=30 alpha=0.500
[2026-08-10 15:56:38] 2026-08-10 15:56:38 | INFO     | run_one_algo: algorithm=fedprox  settings=['iid', 'noniid']
[2026-08-10 15:56:38] 2026-08-10 15:56:38 | INFO     | run_one_algo: algorithm=fedprox  setting=iid
[2026-08-10 15:56:38] 2026-08-10 15:56:38 | INFO     | Building 20 client models for algo=fedprox  tiers=['small', 'small', 'small', 'small', 'small', 'small', 'small', 'medium', 'medium', 'medium', 'medium', 'medium', 'medium', 'medium', 'large', 'large', 'large', 'large', 'large', 'large']
[2026-08-10 15:56:38] WARNING:tensorflow:TensorFlow GPU support is not available on native Windows for TensorFlow >= 2.11. Even if CUDA/cuDNN are installed, GPU will not be used. Please use WSL2 or the TensorFlow-DirectML plugin.
[2026-08-10 15:56:42] 2026-08-10 15:56:42 | INFO     | Starting FEDPROX — IID (40 rounds, 20 clients)
[2026-08-10 15:56:42] 
[2026-08-10 15:56:42] =================================================================
[2026-08-10 15:56:42]   FEDPROX — IID
[2026-08-10 15:56:42] =================================================================
[2026-08-10 15:56:42] 2026-08-10 15:56:42 | INFO     | FEDPROX — IID: round 1/40 starting
[2026-08-10 15:56:42] 2026-08-10 15:56:42 | INFO     | WeightClient 0 fit round 1 (fedprox=True)
[2026-08-10 15:56:57] 2026-08-10 15:56:57 | INFO     | WeightClient 0 round 1 completed (acc=0.8056)
[2026-08-10 15:56:57] 2026-08-10 15:56:57 | INFO     | WeightClient 1 fit round 1 (fedprox=True)
[2026-08-10 15:57:20] 2026-08-10 15:57:20 | INFO     | WeightClient 1 round 1 completed (acc=0.8210)
[2026-08-10 15:57:20] 2026-08-10 15:57:20 | INFO     | WeightClient 2 fit round 1 (fedprox=True)
[2026-08-10 15:57:43] 2026-08-10 15:57:43 | INFO     | WeightClient 2 round 1 completed (acc=0.8353)
[2026-08-10 15:57:43] 2026-08-10 15:57:43 | INFO     | WeightClient 3 fit round 1 (fedprox=True)
[2026-08-10 15:58:09] 2026-08-10 15:58:09 | INFO     | WeightClient 3 round 1 completed (acc=0.8032)
[2026-08-10 15:58:09] 2026-08-10 15:58:09 | INFO     | WeightClient 4 fit round 1 (fedprox=True)
[2026-08-10 15:58:31] 2026-08-10 15:58:31 | INFO     | WeightClient 4 round 1 completed (acc=0.8184)
[2026-08-10 15:58:32] 2026-08-10 15:58:31 | INFO     | WeightClient 5 fit round 1 (fedprox=True)
[2026-08-10 15:58:52] 2026-08-10 15:58:52 | INFO     | WeightClient 5 round 1 completed (acc=0.7895)
[2026-08-10 15:58:52] 2026-08-10 15:58:52 | INFO     | WeightClient 6 fit round 1 (fedprox=True)
[2026-08-10 15:59:14] 2026-08-10 15:59:14 | INFO     | WeightClient 6 round 1 completed (acc=0.8201)
[2026-08-10 15:59:14] 2026-08-10 15:59:14 | INFO     | WeightClient 7 fit round 1 (fedprox=True)
[2026-08-10 15:59:42] 2026-08-10 15:59:42 | INFO     | WeightClient 7 round 1 completed (acc=0.8127)
[2026-08-10 15:59:42] 2026-08-10 15:59:42 | INFO     | WeightClient 8 fit round 1 (fedprox=True)
[2026-08-10 16:00:05] 2026-08-10 16:00:05 | INFO     | WeightClient 8 round 1 completed (acc=0.8153)
[2026-08-10 16:00:06] 2026-08-10 16:00:05 | INFO     | WeightClient 9 fit round 1 (fedprox=True)
[2026-08-10 16:00:27] 2026-08-10 16:00:27 | INFO     | WeightClient 9 round 1 completed (acc=0.8257)
[2026-08-10 16:00:27] 2026-08-10 16:00:27 | INFO     | WeightClient 10 fit round 1 (fedprox=True)
[2026-08-10 16:00:48] 2026-08-10 16:00:48 | INFO     | WeightClient 10 round 1 completed (acc=0.8061)
[2026-08-10 16:00:48] 2026-08-10 16:00:48 | INFO     | WeightClient 11 fit round 1 (fedprox=True)
[2026-08-10 16:01:07] 2026-08-10 16:01:07 | INFO     | WeightClient 11 round 1 completed (acc=0.8295)
[2026-08-10 16:01:07] 2026-08-10 16:01:07 | INFO     | WeightClient 12 fit round 1 (fedprox=True)
[2026-08-10 16:01:22] 2026-08-10 16:01:22 | INFO     | WeightClient 12 round 1 completed (acc=0.8122)
[2026-08-10 16:01:22] 2026-08-10 16:01:22 | INFO     | WeightClient 13 fit round 1 (fedprox=True)
[2026-08-10 16:01:41] 2026-08-10 16:01:41 | INFO     | WeightClient 13 round 1 completed (acc=0.8335)
[2026-08-10 16:01:41] 2026-08-10 16:01:41 | INFO     | WeightClient 14 fit round 1 (fedprox=True)
[2026-08-10 16:01:59] 2026-08-10 16:01:59 | INFO     | WeightClient 14 round 1 completed (acc=0.8160)
[2026-08-10 16:01:59] 2026-08-10 16:01:59 | INFO     | WeightClient 15 fit round 1 (fedprox=True)
[2026-08-10 16:02:19] 2026-08-10 16:02:19 | INFO     | WeightClient 15 round 1 completed (acc=0.8193)
[2026-08-10 16:02:19] 2026-08-10 16:02:19 | INFO     | WeightClient 16 fit round 1 (fedprox=True)
[2026-08-10 16:02:35] 2026-08-10 16:02:35 | INFO     | WeightClient 16 round 1 completed (acc=0.8196)
[2026-08-10 16:02:35] 2026-08-10 16:02:35 | INFO     | WeightClient 17 fit round 1 (fedprox=True)
[2026-08-10 16:02:51] 2026-08-10 16:02:51 | INFO     | WeightClient 17 round 1 completed (acc=0.8109)
[2026-08-10 16:02:51] 2026-08-10 16:02:51 | INFO     | WeightClient 18 fit round 1 (fedprox=True)
[2026-08-10 16:03:09] 2026-08-10 16:03:09 | INFO     | WeightClient 18 round 1 completed (acc=0.8071)
[2026-08-10 16:03:09] 2026-08-10 16:03:09 | INFO     | WeightClient 19 fit round 1 (fedprox=True)
[2026-08-10 16:03:30] 2026-08-10 16:03:30 | INFO     | WeightClient 19 round 1 completed (acc=0.8292)
[2026-08-10 16:03:31]   Round   1/40 | Avg: 0.8165 | Min: 0.7895 | Max: 0.8353
[2026-08-10 16:03:31] 2026-08-10 16:03:31 | INFO     | FEDPROX — IID: round 2/40 starting
[2026-08-10 16:03:31] 2026-08-10 16:03:31 | INFO     | WeightClient 0 fit round 2 (fedprox=True)
[2026-08-10 16:04:03] 2026-08-10 16:04:03 | INFO     | WeightClient 0 round 2 completed (acc=0.7671)
[2026-08-10 16:04:03] 2026-08-10 16:04:03 | INFO     | WeightClient 1 fit round 2 (fedprox=True)
[2026-08-10 16:04:25] 2026-08-10 16:04:25 | INFO     | WeightClient 1 round 2 completed (acc=0.7931)
[2026-08-10 16:04:25] 2026-08-10 16:04:25 | INFO     | WeightClient 2 fit round 2 (fedprox=True)
[2026-08-10 16:04:52] 2026-08-10 16:04:52 | INFO     | WeightClient 2 round 2 completed (acc=0.7747)
[2026-08-10 16:04:52] 2026-08-10 16:04:52 | INFO     | WeightClient 3 fit round 2 (fedprox=True)
[2026-08-10 16:05:12] 2026-08-10 16:05:12 | INFO     | WeightClient 3 round 2 completed (acc=0.7595)
[2026-08-10 16:05:12] 2026-08-10 16:05:12 | INFO     | WeightClient 4 fit round 2 (fedprox=True)
[2026-08-10 16:05:37] 2026-08-10 16:05:37 | INFO     | WeightClient 4 round 2 completed (acc=0.7542)
[2026-08-10 16:05:37] 2026-08-10 16:05:37 | INFO     | WeightClient 5 fit round 2 (fedprox=True)
[2026-08-10 16:06:06] 2026-08-10 16:06:06 | INFO     | WeightClient 5 round 2 completed (acc=0.7418)
[2026-08-10 16:06:06] 2026-08-10 16:06:06 | INFO     | WeightClient 6 fit round 2 (fedprox=True)
[2026-08-10 16:06:24] 2026-08-10 16:06:24 | INFO     | WeightClient 6 round 2 completed (acc=0.7696)
[2026-08-10 16:06:24] 2026-08-10 16:06:24 | INFO     | WeightClient 7 fit round 2 (fedprox=True)
[2026-08-10 16:06:48] 2026-08-10 16:06:48 | INFO     | WeightClient 7 round 2 completed (acc=0.7703)
[2026-08-10 16:06:48] 2026-08-10 16:06:48 | INFO     | WeightClient 8 fit round 2 (fedprox=True)
[2026-08-10 16:07:14] 2026-08-10 16:07:14 | INFO     | WeightClient 8 round 2 completed (acc=0.7781)
[2026-08-10 16:07:14] 2026-08-10 16:07:14 | INFO     | WeightClient 9 fit round 2 (fedprox=True)
[2026-08-10 16:07:37] 2026-08-10 16:07:37 | INFO     | WeightClient 9 round 2 completed (acc=0.7778)
[2026-08-10 16:07:37] 2026-08-10 16:07:37 | INFO     | WeightClient 10 fit round 2 (fedprox=True)
[2026-08-10 16:08:03] 2026-08-10 16:08:03 | INFO     | WeightClient 10 round 2 completed (acc=0.7765)
[2026-08-10 16:08:04] 2026-08-10 16:08:03 | INFO     | WeightClient 11 fit round 2 (fedprox=True)
[2026-08-10 16:08:20] 2026-08-10 16:08:20 | INFO     | WeightClient 11 round 2 completed (acc=0.7775)
[2026-08-10 16:08:20] 2026-08-10 16:08:20 | INFO     | WeightClient 12 fit round 2 (fedprox=True)
[2026-08-10 16:08:44] 2026-08-10 16:08:44 | INFO     | WeightClient 12 round 2 completed (acc=0.7750)
[2026-08-10 16:08:44] 2026-08-10 16:08:44 | INFO     | WeightClient 13 fit round 2 (fedprox=True)
[2026-08-10 16:09:07] 2026-08-10 16:09:07 | INFO     | WeightClient 13 round 2 completed (acc=0.7713)
[2026-08-10 16:09:07] 2026-08-10 16:09:07 | INFO     | WeightClient 14 fit round 2 (fedprox=True)
[2026-08-10 16:09:27] 2026-08-10 16:09:27 | INFO     | WeightClient 14 round 2 completed (acc=0.7690)
[2026-08-10 16:09:27] 2026-08-10 16:09:27 | INFO     | WeightClient 15 fit round 2 (fedprox=True)
[2026-08-10 16:09:52] 2026-08-10 16:09:52 | INFO     | WeightClient 15 round 2 completed (acc=0.7795)
[2026-08-10 16:09:52] 2026-08-10 16:09:52 | INFO     | WeightClient 16 fit round 2 (fedprox=True)
[2026-08-10 16:10:14] 2026-08-10 16:10:14 | INFO     | WeightClient 16 round 2 completed (acc=0.7433)
[2026-08-10 16:10:14] 2026-08-10 16:10:14 | INFO     | WeightClient 17 fit round 2 (fedprox=True)
[2026-08-10 16:10:41] 2026-08-10 16:10:41 | INFO     | WeightClient 17 round 2 completed (acc=0.7423)
[2026-08-10 16:10:41] 2026-08-10 16:10:41 | INFO     | WeightClient 18 fit round 2 (fedprox=True)
[2026-08-10 16:11:07] 2026-08-10 16:11:07 | INFO     | WeightClient 18 round 2 completed (acc=0.7413)
[2026-08-10 16:11:07] 2026-08-10 16:11:07 | INFO     | WeightClient 19 fit round 2 (fedprox=True)
[2026-08-10 16:11:29] 2026-08-10 16:11:29 | INFO     | WeightClient 19 round 2 completed (acc=0.7960)
[2026-08-10 16:11:29]   Round   2/40 | Avg: 0.7679 | Min: 0.7413 | Max: 0.7960
[2026-08-10 16:11:29] 2026-08-10 16:11:29 | INFO     | FEDPROX — IID: round 3/40 starting
[2026-08-10 16:11:29] 2026-08-10 16:11:29 | INFO     | WeightClient 0 fit round 3 (fedprox=True)
[2026-08-10 16:11:50] 2026-08-10 16:11:50 | INFO     | WeightClient 0 round 3 completed (acc=0.8165)
[2026-08-10 16:11:50] 2026-08-10 16:11:50 | INFO     | WeightClient 1 fit round 3 (fedprox=True)
[2026-08-10 16:12:19] 2026-08-10 16:12:19 | INFO     | WeightClient 1 round 3 completed (acc=0.8292)
[2026-08-10 16:12:19] 2026-08-10 16:12:19 | INFO     | WeightClient 2 fit round 3 (fedprox=True)
[2026-08-10 16:12:44] 2026-08-10 16:12:44 | INFO     | WeightClient 2 round 3 completed (acc=0.8429)
[2026-08-10 16:12:44] 2026-08-10 16:12:44 | INFO     | WeightClient 3 fit round 3 (fedprox=True)
[2026-08-10 16:13:05] 2026-08-10 16:13:05 | INFO     | WeightClient 3 round 3 completed (acc=0.8292)
[2026-08-10 16:13:05] 2026-08-10 16:13:05 | INFO     | WeightClient 4 fit round 3 (fedprox=True)
[2026-08-10 16:13:28] 2026-08-10 16:13:28 | INFO     | WeightClient 4 round 3 completed (acc=0.8427)
[2026-08-10 16:13:28] 2026-08-10 16:13:28 | INFO     | WeightClient 5 fit round 3 (fedprox=True)
[2026-08-10 16:14:01] 2026-08-10 16:14:01 | INFO     | WeightClient 5 round 3 completed (acc=0.7758)
[2026-08-10 16:14:01] 2026-08-10 16:14:01 | INFO     | WeightClient 6 fit round 3 (fedprox=True)
[2026-08-10 16:14:26] 2026-08-10 16:14:26 | INFO     | WeightClient 6 round 3 completed (acc=0.8174)
[2026-08-10 16:14:26] 2026-08-10 16:14:26 | INFO     | WeightClient 7 fit round 3 (fedprox=True)
[2026-08-10 16:14:47] 2026-08-10 16:14:47 | INFO     | WeightClient 7 round 3 completed (acc=0.8090)
[2026-08-10 16:14:47] 2026-08-10 16:14:47 | INFO     | WeightClient 8 fit round 3 (fedprox=True)
[2026-08-10 16:15:14] 2026-08-10 16:15:14 | INFO     | WeightClient 8 round 3 completed (acc=0.8230)
[2026-08-10 16:15:14] 2026-08-10 16:15:14 | INFO     | WeightClient 9 fit round 3 (fedprox=True)
[2026-08-10 16:15:44] 2026-08-10 16:15:44 | INFO     | WeightClient 9 round 3 completed (acc=0.8358)
[2026-08-10 16:15:44] 2026-08-10 16:15:44 | INFO     | WeightClient 10 fit round 3 (fedprox=True)
[2026-08-10 16:16:15] 2026-08-10 16:16:15 | INFO     | WeightClient 10 round 3 completed (acc=0.8225)
[2026-08-10 16:16:16] 2026-08-10 16:16:16 | INFO     | WeightClient 11 fit round 3 (fedprox=True)
[2026-08-10 16:16:39] 2026-08-10 16:16:39 | INFO     | WeightClient 11 round 3 completed (acc=0.8337)
[2026-08-10 16:16:39] 2026-08-10 16:16:39 | INFO     | WeightClient 12 fit round 3 (fedprox=True)
[2026-08-10 16:17:01] 2026-08-10 16:17:01 | INFO     | WeightClient 12 round 3 completed (acc=0.8111)
[2026-08-10 16:17:01] 2026-08-10 16:17:01 | INFO     | WeightClient 13 fit round 3 (fedprox=True)
[2026-08-10 16:17:26] 2026-08-10 16:17:26 | INFO     | WeightClient 13 round 3 completed (acc=0.8404)
[2026-08-10 16:17:26] 2026-08-10 16:17:26 | INFO     | WeightClient 14 fit round 3 (fedprox=True)
[2026-08-10 16:17:57] 2026-08-10 16:17:57 | INFO     | WeightClient 14 round 3 completed (acc=0.8286)
[2026-08-10 16:17:57] 2026-08-10 16:17:57 | INFO     | WeightClient 15 fit round 3 (fedprox=True)
[2026-08-10 16:18:22] 2026-08-10 16:18:22 | INFO     | WeightClient 15 round 3 completed (acc=0.7850)
[2026-08-10 16:18:22] 2026-08-10 16:18:22 | INFO     | WeightClient 16 fit round 3 (fedprox=True)
[2026-08-10 16:18:46] 2026-08-10 16:18:46 | INFO     | WeightClient 16 round 3 completed (acc=0.8290)
[2026-08-10 16:18:46] 2026-08-10 16:18:46 | INFO     | WeightClient 17 fit round 3 (fedprox=True)
[2026-08-10 16:19:17] 2026-08-10 16:19:17 | INFO     | WeightClient 17 round 3 completed (acc=0.8131)
[2026-08-10 16:19:17] 2026-08-10 16:19:17 | INFO     | WeightClient 18 fit round 3 (fedprox=True)
[2026-08-10 16:19:44] 2026-08-10 16:19:44 | INFO     | WeightClient 18 round 3 completed (acc=0.8339)
[2026-08-10 16:19:44] 2026-08-10 16:19:44 | INFO     | WeightClient 19 fit round 3 (fedprox=True)
[2026-08-10 16:20:07] 2026-08-10 16:20:07 | INFO     | WeightClient 19 round 3 completed (acc=0.8441)
[2026-08-10 16:20:07]   Round   3/40 | Avg: 0.8231 | Min: 0.7758 | Max: 0.8441
[2026-08-10 16:20:07] 2026-08-10 16:20:07 | INFO     | FEDPROX — IID: round 4/40 starting
[2026-08-10 16:20:07] 2026-08-10 16:20:07 | INFO     | WeightClient 0 fit round 4 (fedprox=True)
[2026-08-10 16:20:30] 2026-08-10 16:20:30 | INFO     | WeightClient 0 round 4 completed (acc=0.8323)
[2026-08-10 16:20:30] 2026-08-10 16:20:30 | INFO     | WeightClient 1 fit round 4 (fedprox=True)
[2026-08-10 16:20:50] 2026-08-10 16:20:50 | INFO     | WeightClient 1 round 4 completed (acc=0.8665)
[2026-08-10 16:20:50] 2026-08-10 16:20:50 | INFO     | WeightClient 2 fit round 4 (fedprox=True)
[2026-08-10 16:21:11] 2026-08-10 16:21:11 | INFO     | WeightClient 2 round 4 completed (acc=0.8739)
[2026-08-10 16:21:11] 2026-08-10 16:21:11 | INFO     | WeightClient 3 fit round 4 (fedprox=True)
[2026-08-10 16:21:30] 2026-08-10 16:21:30 | INFO     | WeightClient 3 round 4 completed (acc=0.8632)
[2026-08-10 16:21:30] 2026-08-10 16:21:30 | INFO     | WeightClient 4 fit round 4 (fedprox=True)
[2026-08-10 16:21:49] 2026-08-10 16:21:49 | INFO     | WeightClient 4 round 4 completed (acc=0.8605)
[2026-08-10 16:21:49] 2026-08-10 16:21:49 | INFO     | WeightClient 5 fit round 4 (fedprox=True)
[2026-08-10 16:22:08] 2026-08-10 16:22:08 | INFO     | WeightClient 5 round 4 completed (acc=0.8567)
[2026-08-10 16:22:08] 2026-08-10 16:22:08 | INFO     | WeightClient 6 fit round 4 (fedprox=True)
[2026-08-10 16:22:27] 2026-08-10 16:22:27 | INFO     | WeightClient 6 round 4 completed (acc=0.8625)
[2026-08-10 16:22:27] 2026-08-10 16:22:27 | INFO     | WeightClient 7 fit round 4 (fedprox=True)
[2026-08-10 16:22:45] 2026-08-10 16:22:45 | INFO     | WeightClient 7 round 4 completed (acc=0.8404)
[2026-08-10 16:22:45] 2026-08-10 16:22:45 | INFO     | WeightClient 8 fit round 4 (fedprox=True)
[2026-08-10 16:23:05] 2026-08-10 16:23:05 | INFO     | WeightClient 8 round 4 completed (acc=0.8544)
[2026-08-10 16:23:05] 2026-08-10 16:23:05 | INFO     | WeightClient 9 fit round 4 (fedprox=True)
[2026-08-10 16:23:31] 2026-08-10 16:23:31 | INFO     | WeightClient 9 round 4 completed (acc=0.8332)
[2026-08-10 16:23:31] 2026-08-10 16:23:31 | INFO     | WeightClient 10 fit round 4 (fedprox=True)
[2026-08-10 16:24:00] 2026-08-10 16:24:00 | INFO     | WeightClient 10 round 4 completed (acc=0.8652)
[2026-08-10 16:24:00] 2026-08-10 16:24:00 | INFO     | WeightClient 11 fit round 4 (fedprox=True)
[2026-08-10 16:24:25] 2026-08-10 16:24:25 | INFO     | WeightClient 11 round 4 completed (acc=0.8621)
[2026-08-10 16:24:25] 2026-08-10 16:24:25 | INFO     | WeightClient 12 fit round 4 (fedprox=True)
[2026-08-10 16:24:59] 2026-08-10 16:24:59 | INFO     | WeightClient 12 round 4 completed (acc=0.8557)
[2026-08-10 16:24:59] 2026-08-10 16:24:59 | INFO     | WeightClient 13 fit round 4 (fedprox=True)
[2026-08-10 16:25:30] 2026-08-10 16:25:30 | INFO     | WeightClient 13 round 4 completed (acc=0.8509)
[2026-08-10 16:25:30] 2026-08-10 16:25:30 | INFO     | WeightClient 14 fit round 4 (fedprox=True)
[2026-08-10 16:25:51] 2026-08-10 16:25:51 | INFO     | WeightClient 14 round 4 completed (acc=0.8673)
[2026-08-10 16:25:51] 2026-08-10 16:25:51 | INFO     | WeightClient 15 fit round 4 (fedprox=True)
[2026-08-10 16:26:19] 2026-08-10 16:26:19 | INFO     | WeightClient 15 round 4 completed (acc=0.8544)
[2026-08-10 16:26:19] 2026-08-10 16:26:19 | INFO     | WeightClient 16 fit round 4 (fedprox=True)
[2026-08-10 16:26:45] 2026-08-10 16:26:45 | INFO     | WeightClient 16 round 4 completed (acc=0.8549)
[2026-08-10 16:26:45] 2026-08-10 16:26:45 | INFO     | WeightClient 17 fit round 4 (fedprox=True)
[2026-08-10 16:27:11] 2026-08-10 16:27:11 | INFO     | WeightClient 17 round 4 completed (acc=0.8676)
[2026-08-10 16:27:11] 2026-08-10 16:27:11 | INFO     | WeightClient 18 fit round 4 (fedprox=True)
[2026-08-10 16:27:36] 2026-08-10 16:27:36 | INFO     | WeightClient 18 round 4 completed (acc=0.8506)
[2026-08-10 16:27:36] 2026-08-10 16:27:36 | INFO     | WeightClient 19 fit round 4 (fedprox=True)
[2026-08-10 16:27:59] 2026-08-10 16:27:59 | INFO     | WeightClient 19 round 4 completed (acc=0.8597)
[2026-08-10 16:27:59]   Round   4/40 | Avg: 0.8566 | Min: 0.8323 | Max: 0.8739
[2026-08-10 16:27:59] 2026-08-10 16:27:59 | INFO     | FEDPROX — IID: round 5/40 starting
[2026-08-10 16:27:59] 2026-08-10 16:27:59 | INFO     | WeightClient 0 fit round 5 (fedprox=True)
[2026-08-10 16:28:26] 2026-08-10 16:28:26 | INFO     | WeightClient 0 round 5 completed (acc=0.8527)
[2026-08-10 16:28:26] 2026-08-10 16:28:26 | INFO     | WeightClient 1 fit round 5 (fedprox=True)
[2026-08-10 16:28:52] 2026-08-10 16:28:52 | INFO     | WeightClient 1 round 5 completed (acc=0.8655)
[2026-08-10 16:28:52] 2026-08-10 16:28:52 | INFO     | WeightClient 2 fit round 5 (fedprox=True)
[2026-08-10 16:29:22] 2026-08-10 16:29:22 | INFO     | WeightClient 2 round 5 completed (acc=0.8730)
[2026-08-10 16:29:22] 2026-08-10 16:29:22 | INFO     | WeightClient 3 fit round 5 (fedprox=True)
[2026-08-10 16:29:51] 2026-08-10 16:29:51 | INFO     | WeightClient 3 round 5 completed (acc=0.8715)
[2026-08-10 16:29:51] 2026-08-10 16:29:51 | INFO     | WeightClient 4 fit round 5 (fedprox=True)
[2026-08-10 16:30:13] 2026-08-10 16:30:13 | INFO     | WeightClient 4 round 5 completed (acc=0.8816)
[2026-08-10 16:30:13] 2026-08-10 16:30:13 | INFO     | WeightClient 5 fit round 5 (fedprox=True)
[2026-08-10 16:30:44] 2026-08-10 16:30:44 | INFO     | WeightClient 5 round 5 completed (acc=0.8572)
[2026-08-10 16:30:44] 2026-08-10 16:30:44 | INFO     | WeightClient 6 fit round 5 (fedprox=True)
[2026-08-10 16:31:14] 2026-08-10 16:31:14 | INFO     | WeightClient 6 round 5 completed (acc=0.8762)
[2026-08-10 16:31:14] 2026-08-10 16:31:14 | INFO     | WeightClient 7 fit round 5 (fedprox=True)
[2026-08-10 16:31:31] 2026-08-10 16:31:31 | INFO     | WeightClient 7 round 5 completed (acc=0.8704)
[2026-08-10 16:31:31] 2026-08-10 16:31:31 | INFO     | WeightClient 8 fit round 5 (fedprox=True)
[2026-08-10 16:31:56] 2026-08-10 16:31:56 | INFO     | WeightClient 8 round 5 completed (acc=0.8725)
[2026-08-10 16:31:56] 2026-08-10 16:31:56 | INFO     | WeightClient 9 fit round 5 (fedprox=True)
[2026-08-10 16:32:25] 2026-08-10 16:32:25 | INFO     | WeightClient 9 round 5 completed (acc=0.8643)
[2026-08-10 16:32:25] 2026-08-10 16:32:25 | INFO     | WeightClient 10 fit round 5 (fedprox=True)
[2026-08-10 16:32:49] 2026-08-10 16:32:49 | INFO     | WeightClient 10 round 5 completed (acc=0.8795)
[2026-08-10 16:32:49] 2026-08-10 16:32:49 | INFO     | WeightClient 11 fit round 5 (fedprox=True)
[2026-08-10 16:33:20] 2026-08-10 16:33:20 | INFO     | WeightClient 11 round 5 completed (acc=0.8789)
[2026-08-10 16:33:20] 2026-08-10 16:33:20 | INFO     | WeightClient 12 fit round 5 (fedprox=True)
[2026-08-10 16:33:52] 2026-08-10 16:33:52 | INFO     | WeightClient 12 round 5 completed (acc=0.8767)
[2026-08-10 16:33:52] 2026-08-10 16:33:52 | INFO     | WeightClient 13 fit round 5 (fedprox=True)
[2026-08-10 16:34:08] 2026-08-10 16:34:08 | INFO     | WeightClient 13 round 5 completed (acc=0.8689)
[2026-08-10 16:34:08] 2026-08-10 16:34:08 | INFO     | WeightClient 14 fit round 5 (fedprox=True)
[2026-08-10 16:34:34] 2026-08-10 16:34:34 | INFO     | WeightClient 14 round 5 completed (acc=0.8741)
[2026-08-10 16:34:34] 2026-08-10 16:34:34 | INFO     | WeightClient 15 fit round 5 (fedprox=True)
[2026-08-10 16:35:02] 2026-08-10 16:35:02 | INFO     | WeightClient 15 round 5 completed (acc=0.8622)
[2026-08-10 16:35:02] 2026-08-10 16:35:02 | INFO     | WeightClient 16 fit round 5 (fedprox=True)
[2026-08-10 16:35:32] 2026-08-10 16:35:32 | INFO     | WeightClient 16 round 5 completed (acc=0.8718)
[2026-08-10 16:35:32] 2026-08-10 16:35:32 | INFO     | WeightClient 17 fit round 5 (fedprox=True)
[2026-08-10 16:36:01] 2026-08-10 16:36:01 | INFO     | WeightClient 17 round 5 completed (acc=0.8739)
[2026-08-10 16:36:01] 2026-08-10 16:36:01 | INFO     | WeightClient 18 fit round 5 (fedprox=True)
[2026-08-10 16:36:24] 2026-08-10 16:36:24 | INFO     | WeightClient 18 round 5 completed (acc=0.8794)
[2026-08-10 16:36:24] 2026-08-10 16:36:24 | INFO     | WeightClient 19 fit round 5 (fedprox=True)
[2026-08-10 16:36:48] 2026-08-10 16:36:48 | INFO     | WeightClient 19 round 5 completed (acc=0.8727)
[2026-08-10 16:36:49]   Round   5/40 | Avg: 0.8712 | Min: 0.8527 | Max: 0.8816
[2026-08-10 16:36:49] 2026-08-10 16:36:49 | INFO     | FEDPROX — IID: round 6/40 starting
[2026-08-10 16:36:49] 2026-08-10 16:36:49 | INFO     | WeightClient 0 fit round 6 (fedprox=True)
[2026-08-10 16:37:14] 2026-08-10 16:37:14 | INFO     | WeightClient 0 round 6 completed (acc=0.8751)
[2026-08-10 16:37:14] 2026-08-10 16:37:14 | INFO     | WeightClient 1 fit round 6 (fedprox=True)
[2026-08-10 16:37:40] 2026-08-10 16:37:40 | INFO     | WeightClient 1 round 6 completed (acc=0.8746)
[2026-08-10 16:37:40] 2026-08-10 16:37:40 | INFO     | WeightClient 2 fit round 6 (fedprox=True)
[2026-08-10 16:38:03] 2026-08-10 16:38:03 | INFO     | WeightClient 2 round 6 completed (acc=0.8829)
[2026-08-10 16:38:03] 2026-08-10 16:38:03 | INFO     | WeightClient 3 fit round 6 (fedprox=True)
[2026-08-10 16:38:27] 2026-08-10 16:38:27 | INFO     | WeightClient 3 round 6 completed (acc=0.8725)
[2026-08-10 16:38:28] 2026-08-10 16:38:27 | INFO     | WeightClient 4 fit round 6 (fedprox=True)
[2026-08-10 16:38:56] 2026-08-10 16:38:56 | INFO     | WeightClient 4 round 6 completed (acc=0.8781)
[2026-08-10 16:38:56] 2026-08-10 16:38:56 | INFO     | WeightClient 5 fit round 6 (fedprox=True)
[2026-08-10 16:39:24] 2026-08-10 16:39:24 | INFO     | WeightClient 5 round 6 completed (acc=0.8642)
[2026-08-10 16:39:24] 2026-08-10 16:39:24 | INFO     | WeightClient 6 fit round 6 (fedprox=True)
[2026-08-10 16:39:49] 2026-08-10 16:39:49 | INFO     | WeightClient 6 round 6 completed (acc=0.8852)
[2026-08-10 16:39:49] 2026-08-10 16:39:49 | INFO     | WeightClient 7 fit round 6 (fedprox=True)
[2026-08-10 16:40:16] 2026-08-10 16:40:16 | INFO     | WeightClient 7 round 6 completed (acc=0.8698)
[2026-08-10 16:40:16] 2026-08-10 16:40:16 | INFO     | WeightClient 8 fit round 6 (fedprox=True)
[2026-08-10 16:40:33] 2026-08-10 16:40:33 | INFO     | WeightClient 8 round 6 completed (acc=0.8786)
[2026-08-10 16:40:33] 2026-08-10 16:40:33 | INFO     | WeightClient 9 fit round 6 (fedprox=True)
[2026-08-10 16:40:55] 2026-08-10 16:40:55 | INFO     | WeightClient 9 round 6 completed (acc=0.8750)
[2026-08-10 16:40:55] 2026-08-10 16:40:55 | INFO     | WeightClient 10 fit round 6 (fedprox=True)
[2026-08-10 16:41:19] 2026-08-10 16:41:19 | INFO     | WeightClient 10 round 6 completed (acc=0.8866)
[2026-08-10 16:41:19] 2026-08-10 16:41:19 | INFO     | WeightClient 11 fit round 6 (fedprox=True)
[2026-08-10 16:41:45] 2026-08-10 16:41:45 | INFO     | WeightClient 11 round 6 completed (acc=0.8911)
[2026-08-10 16:41:45] 2026-08-10 16:41:45 | INFO     | WeightClient 12 fit round 6 (fedprox=True)
[2026-08-10 16:42:06] 2026-08-10 16:42:06 | INFO     | WeightClient 12 round 6 completed (acc=0.8835)
[2026-08-10 16:42:06] 2026-08-10 16:42:06 | INFO     | WeightClient 13 fit round 6 (fedprox=True)
[2026-08-10 16:42:28] 2026-08-10 16:42:28 | INFO     | WeightClient 13 round 6 completed (acc=0.8830)
[2026-08-10 16:42:28] 2026-08-10 16:42:28 | INFO     | WeightClient 14 fit round 6 (fedprox=True)
[2026-08-10 16:42:58] 2026-08-10 16:42:58 | INFO     | WeightClient 14 round 6 completed (acc=0.8831)
[2026-08-10 16:42:58] 2026-08-10 16:42:58 | INFO     | WeightClient 15 fit round 6 (fedprox=True)
[2026-08-10 16:43:40] 2026-08-10 16:43:40 | INFO     | WeightClient 15 round 6 completed (acc=0.8769)
[2026-08-10 16:43:40] 2026-08-10 16:43:40 | INFO     | WeightClient 16 fit round 6 (fedprox=True)
[2026-08-10 16:44:04] 2026-08-10 16:44:04 | INFO     | WeightClient 16 round 6 completed (acc=0.8795)
[2026-08-10 16:44:04] 2026-08-10 16:44:04 | INFO     | WeightClient 17 fit round 6 (fedprox=True)
[2026-08-10 16:44:28] 2026-08-10 16:44:28 | INFO     | WeightClient 17 round 6 completed (acc=0.8612)
[2026-08-10 16:44:28] 2026-08-10 16:44:28 | INFO     | WeightClient 18 fit round 6 (fedprox=True)
[2026-08-10 16:44:49] 2026-08-10 16:44:49 | INFO     | WeightClient 18 round 6 completed (acc=0.8860)
[2026-08-10 16:44:49] 2026-08-10 16:44:49 | INFO     | WeightClient 19 fit round 6 (fedprox=True)
[2026-08-10 16:45:13] 2026-08-10 16:45:13 | INFO     | WeightClient 19 round 6 completed (acc=0.8504)
[2026-08-10 16:45:13]   Round   6/40 | Avg: 0.8769 | Min: 0.8504 | Max: 0.8911
[2026-08-10 16:45:13] 2026-08-10 16:45:13 | INFO     | FEDPROX — IID: round 7/40 starting
[2026-08-10 16:45:13] 2026-08-10 16:45:13 | INFO     | WeightClient 0 fit round 7 (fedprox=True)
[2026-08-10 16:45:39] 2026-08-10 16:45:39 | INFO     | WeightClient 0 round 7 completed (acc=0.8821)
[2026-08-10 16:45:39] 2026-08-10 16:45:39 | INFO     | WeightClient 1 fit round 7 (fedprox=True)
[2026-08-10 16:46:08] 2026-08-10 16:46:08 | INFO     | WeightClient 1 round 7 completed (acc=0.8868)
[2026-08-10 16:46:08] 2026-08-10 16:46:08 | INFO     | WeightClient 2 fit round 7 (fedprox=True)
[2026-08-10 16:46:30] 2026-08-10 16:46:30 | INFO     | WeightClient 2 round 7 completed (acc=0.8934)
[2026-08-10 16:46:30] 2026-08-10 16:46:30 | INFO     | WeightClient 3 fit round 7 (fedprox=True)
[2026-08-10 16:46:57] 2026-08-10 16:46:57 | INFO     | WeightClient 3 round 7 completed (acc=0.8634)
[2026-08-10 16:46:57] 2026-08-10 16:46:57 | INFO     | WeightClient 4 fit round 7 (fedprox=True)
[2026-08-10 16:47:26] 2026-08-10 16:47:26 | INFO     | WeightClient 4 round 7 completed (acc=0.8777)
[2026-08-10 16:47:26] 2026-08-10 16:47:26 | INFO     | WeightClient 5 fit round 7 (fedprox=True)
[2026-08-10 16:47:48] 2026-08-10 16:47:48 | INFO     | WeightClient 5 round 7 completed (acc=0.8742)
[2026-08-10 16:47:48] 2026-08-10 16:47:48 | INFO     | WeightClient 6 fit round 7 (fedprox=True)
[2026-08-10 16:48:16] 2026-08-10 16:48:16 | INFO     | WeightClient 6 round 7 completed (acc=0.8881)
[2026-08-10 16:48:16] 2026-08-10 16:48:16 | INFO     | WeightClient 7 fit round 7 (fedprox=True)
[2026-08-10 16:48:36] 2026-08-10 16:48:36 | INFO     | WeightClient 7 round 7 completed (acc=0.8769)
[2026-08-10 16:48:36] 2026-08-10 16:48:36 | INFO     | WeightClient 8 fit round 7 (fedprox=True)
[2026-08-10 16:48:59] 2026-08-10 16:48:59 | INFO     | WeightClient 8 round 7 completed (acc=0.8814)
[2026-08-10 16:48:59] 2026-08-10 16:48:59 | INFO     | WeightClient 9 fit round 7 (fedprox=True)
[2026-08-10 16:49:18] 2026-08-10 16:49:18 | INFO     | WeightClient 9 round 7 completed (acc=0.8905)
[2026-08-10 16:49:18] 2026-08-10 16:49:18 | INFO     | WeightClient 10 fit round 7 (fedprox=True)
[2026-08-10 16:49:35] 2026-08-10 16:49:35 | INFO     | WeightClient 10 round 7 completed (acc=0.8825)
[2026-08-10 16:49:35] 2026-08-10 16:49:35 | INFO     | WeightClient 11 fit round 7 (fedprox=True)
[2026-08-10 16:50:00] 2026-08-10 16:50:00 | INFO     | WeightClient 11 round 7 completed (acc=0.8909)
[2026-08-10 16:50:00] 2026-08-10 16:50:00 | INFO     | WeightClient 12 fit round 7 (fedprox=True)
[2026-08-10 16:50:23] 2026-08-10 16:50:23 | INFO     | WeightClient 12 round 7 completed (acc=0.8496)
[2026-08-10 16:50:23] 2026-08-10 16:50:23 | INFO     | WeightClient 13 fit round 7 (fedprox=True)
[2026-08-10 16:50:43] 2026-08-10 16:50:43 | INFO     | WeightClient 13 round 7 completed (acc=0.8814)
[2026-08-10 16:50:43] 2026-08-10 16:50:43 | INFO     | WeightClient 14 fit round 7 (fedprox=True)
[2026-08-10 16:51:06] 2026-08-10 16:51:06 | INFO     | WeightClient 14 round 7 completed (acc=0.8925)
[2026-08-10 16:51:06] 2026-08-10 16:51:06 | INFO     | WeightClient 15 fit round 7 (fedprox=True)
[2026-08-10 16:51:24] 2026-08-10 16:51:24 | INFO     | WeightClient 15 round 7 completed (acc=0.8782)
[2026-08-10 16:51:24] 2026-08-10 16:51:24 | INFO     | WeightClient 16 fit round 7 (fedprox=True)
[2026-08-10 16:51:52] 2026-08-10 16:51:52 | INFO     | WeightClient 16 round 7 completed (acc=0.8850)
[2026-08-10 16:51:52] 2026-08-10 16:51:52 | INFO     | WeightClient 17 fit round 7 (fedprox=True)
[2026-08-10 16:52:10] 2026-08-10 16:52:10 | INFO     | WeightClient 17 round 7 completed (acc=0.8888)
[2026-08-10 16:52:10] 2026-08-10 16:52:10 | INFO     | WeightClient 18 fit round 7 (fedprox=True)
[2026-08-10 16:52:37] 2026-08-10 16:52:37 | INFO     | WeightClient 18 round 7 completed (acc=0.8901)
[2026-08-10 16:52:37] 2026-08-10 16:52:37 | INFO     | WeightClient 19 fit round 7 (fedprox=True)
[2026-08-10 16:53:05] 2026-08-10 16:53:05 | INFO     | WeightClient 19 round 7 completed (acc=0.8922)
[2026-08-10 16:53:05]   Round   7/40 | Avg: 0.8823 | Min: 0.8496 | Max: 0.8934
[2026-08-10 16:53:05] 2026-08-10 16:53:05 | INFO     | FEDPROX — IID: round 8/40 starting
[2026-08-10 16:53:05] 2026-08-10 16:53:05 | INFO     | WeightClient 0 fit round 8 (fedprox=True)
[2026-08-10 16:53:28] 2026-08-10 16:53:28 | INFO     | WeightClient 0 round 8 completed (acc=0.8858)
[2026-08-10 16:53:28] 2026-08-10 16:53:28 | INFO     | WeightClient 1 fit round 8 (fedprox=True)
[2026-08-10 16:53:52] 2026-08-10 16:53:52 | INFO     | WeightClient 1 round 8 completed (acc=0.8894)
[2026-08-10 16:53:52] 2026-08-10 16:53:52 | INFO     | WeightClient 2 fit round 8 (fedprox=True)
[2026-08-10 16:54:18] 2026-08-10 16:54:18 | INFO     | WeightClient 2 round 8 completed (acc=0.8904)
[2026-08-10 16:54:18] 2026-08-10 16:54:18 | INFO     | WeightClient 3 fit round 8 (fedprox=True)
[2026-08-10 16:54:36] 2026-08-10 16:54:36 | INFO     | WeightClient 3 round 8 completed (acc=0.8903)
[2026-08-10 16:54:36] 2026-08-10 16:54:36 | INFO     | WeightClient 4 fit round 8 (fedprox=True)
[2026-08-10 16:54:54] 2026-08-10 16:54:54 | INFO     | WeightClient 4 round 8 completed (acc=0.8880)
[2026-08-10 16:54:54] 2026-08-10 16:54:54 | INFO     | WeightClient 5 fit round 8 (fedprox=True)
[2026-08-10 16:55:22] 2026-08-10 16:55:22 | INFO     | WeightClient 5 round 8 completed (acc=0.8775)
[2026-08-10 16:55:22] 2026-08-10 16:55:22 | INFO     | WeightClient 6 fit round 8 (fedprox=True)
[2026-08-10 16:55:43] 2026-08-10 16:55:43 | INFO     | WeightClient 6 round 8 completed (acc=0.8911)
[2026-08-10 16:55:43] 2026-08-10 16:55:43 | INFO     | WeightClient 7 fit round 8 (fedprox=True)
[2026-08-10 16:55:59] 2026-08-10 16:55:59 | INFO     | WeightClient 7 round 8 completed (acc=0.8798)
[2026-08-10 16:55:59] 2026-08-10 16:55:59 | INFO     | WeightClient 8 fit round 8 (fedprox=True)
[2026-08-10 16:56:25] 2026-08-10 16:56:24 | INFO     | WeightClient 8 round 8 completed (acc=0.8854)
[2026-08-10 16:56:25] 2026-08-10 16:56:25 | INFO     | WeightClient 9 fit round 8 (fedprox=True)
[2026-08-10 16:56:51] 2026-08-10 16:56:51 | INFO     | WeightClient 9 round 8 completed (acc=0.8866)
[2026-08-10 16:56:51] 2026-08-10 16:56:51 | INFO     | WeightClient 10 fit round 8 (fedprox=True)
[2026-08-10 16:57:11] 2026-08-10 16:57:11 | INFO     | WeightClient 10 round 8 completed (acc=0.8886)
[2026-08-10 16:57:11] 2026-08-10 16:57:11 | INFO     | WeightClient 11 fit round 8 (fedprox=True)
[2026-08-10 16:57:31] 2026-08-10 16:57:31 | INFO     | WeightClient 11 round 8 completed (acc=0.8929)
[2026-08-10 16:57:31] 2026-08-10 16:57:31 | INFO     | WeightClient 12 fit round 8 (fedprox=True)
[2026-08-10 16:58:02] 2026-08-10 16:58:02 | INFO     | WeightClient 12 round 8 completed (acc=0.8864)
[2026-08-10 16:58:02] 2026-08-10 16:58:02 | INFO     | WeightClient 13 fit round 8 (fedprox=True)
[2026-08-10 16:58:16] 2026-08-10 16:58:16 | INFO     | WeightClient 13 round 8 completed (acc=0.8769)
[2026-08-10 16:58:16] 2026-08-10 16:58:16 | INFO     | WeightClient 14 fit round 8 (fedprox=True)
[2026-08-10 16:58:27] 2026-08-10 16:58:27 | INFO     | WeightClient 14 round 8 completed (acc=0.8736)
[2026-08-10 16:58:27] 2026-08-10 16:58:27 | INFO     | WeightClient 15 fit round 8 (fedprox=True)
[2026-08-10 16:58:45] 2026-08-10 16:58:44 | INFO     | WeightClient 15 round 8 completed (acc=0.8785)
[2026-08-10 16:58:45] 2026-08-10 16:58:45 | INFO     | WeightClient 16 fit round 8 (fedprox=True)
[2026-08-10 16:59:08] 2026-08-10 16:59:08 | INFO     | WeightClient 16 round 8 completed (acc=0.8887)
[2026-08-10 16:59:08] 2026-08-10 16:59:08 | INFO     | WeightClient 17 fit round 8 (fedprox=True)
[2026-08-10 16:59:32] 2026-08-10 16:59:32 | INFO     | WeightClient 17 round 8 completed (acc=0.8935)
[2026-08-10 16:59:32] 2026-08-10 16:59:32 | INFO     | WeightClient 18 fit round 8 (fedprox=True)
[2026-08-10 16:59:55] 2026-08-10 16:59:55 | INFO     | WeightClient 18 round 8 completed (acc=0.8915)
[2026-08-10 16:59:55] 2026-08-10 16:59:55 | INFO     | WeightClient 19 fit round 8 (fedprox=True)
[2026-08-10 17:00:13] 2026-08-10 17:00:13 | INFO     | WeightClient 19 round 8 completed (acc=0.8897)
[2026-08-10 17:00:14]   Round   8/40 | Avg: 0.8862 | Min: 0.8736 | Max: 0.8935
[2026-08-10 17:00:14] 2026-08-10 17:00:14 | INFO     | FEDPROX — IID: round 9/40 starting
[2026-08-10 17:00:14] 2026-08-10 17:00:14 | INFO     | WeightClient 0 fit round 9 (fedprox=True)
[2026-08-10 17:00:30] 2026-08-10 17:00:30 | INFO     | WeightClient 0 round 9 completed (acc=0.8927)
[2026-08-10 17:00:30] 2026-08-10 17:00:30 | INFO     | WeightClient 1 fit round 9 (fedprox=True)
[2026-08-10 17:00:50] 2026-08-10 17:00:50 | INFO     | WeightClient 1 round 9 completed (acc=0.8944)
[2026-08-10 17:00:50] 2026-08-10 17:00:50 | INFO     | WeightClient 2 fit round 9 (fedprox=True)
[2026-08-10 17:01:04] 2026-08-10 17:01:04 | INFO     | WeightClient 2 round 9 completed (acc=0.8955)
[2026-08-10 17:01:04] 2026-08-10 17:01:04 | INFO     | WeightClient 3 fit round 9 (fedprox=True)
[2026-08-10 17:01:19] 2026-08-10 17:01:19 | INFO     | WeightClient 3 round 9 completed (acc=0.8935)
[2026-08-10 17:01:19] 2026-08-10 17:01:19 | INFO     | WeightClient 4 fit round 9 (fedprox=True)
[2026-08-10 17:01:35] 2026-08-10 17:01:35 | INFO     | WeightClient 4 round 9 completed (acc=0.8942)
[2026-08-10 17:01:35] 2026-08-10 17:01:35 | INFO     | WeightClient 5 fit round 9 (fedprox=True)
[2026-08-10 17:01:50] 2026-08-10 17:01:50 | INFO     | WeightClient 5 round 9 completed (acc=0.8488)
[2026-08-10 17:01:50] 2026-08-10 17:01:50 | INFO     | WeightClient 6 fit round 9 (fedprox=True)
[2026-08-10 17:02:06] 2026-08-10 17:02:06 | INFO     | WeightClient 6 round 9 completed (acc=0.8929)
[2026-08-10 17:02:06] 2026-08-10 17:02:06 | INFO     | WeightClient 7 fit round 9 (fedprox=True)
[2026-08-10 17:02:21] 2026-08-10 17:02:21 | INFO     | WeightClient 7 round 9 completed (acc=0.8895)
[2026-08-10 17:02:21] 2026-08-10 17:02:21 | INFO     | WeightClient 8 fit round 9 (fedprox=True)
[2026-08-10 17:02:36] 2026-08-10 17:02:36 | INFO     | WeightClient 8 round 9 completed (acc=0.8916)
[2026-08-10 17:02:36] 2026-08-10 17:02:36 | INFO     | WeightClient 9 fit round 9 (fedprox=True)
[2026-08-10 17:03:03] 2026-08-10 17:03:03 | INFO     | WeightClient 9 round 9 completed (acc=0.8922)
[2026-08-10 17:03:03] 2026-08-10 17:03:03 | INFO     | WeightClient 10 fit round 9 (fedprox=True)
[2026-08-10 17:03:24] 2026-08-10 17:03:24 | INFO     | WeightClient 10 round 9 completed (acc=0.9003)
[2026-08-10 17:03:24] 2026-08-10 17:03:24 | INFO     | WeightClient 11 fit round 9 (fedprox=True)
[2026-08-10 17:03:45] 2026-08-10 17:03:45 | INFO     | WeightClient 11 round 9 completed (acc=0.9003)
[2026-08-10 17:03:45] 2026-08-10 17:03:45 | INFO     | WeightClient 12 fit round 9 (fedprox=True)
[2026-08-10 17:04:08] 2026-08-10 17:04:08 | INFO     | WeightClient 12 round 9 completed (acc=0.8960)
[2026-08-10 17:04:08] 2026-08-10 17:04:08 | INFO     | WeightClient 13 fit round 9 (fedprox=True)
[2026-08-10 17:04:27] 2026-08-10 17:04:27 | INFO     | WeightClient 13 round 9 completed (acc=0.8807)
[2026-08-10 17:04:27] 2026-08-10 17:04:27 | INFO     | WeightClient 14 fit round 9 (fedprox=True)
[2026-08-10 17:04:57] 2026-08-10 17:04:57 | INFO     | WeightClient 14 round 9 completed (acc=0.8983)
[2026-08-10 17:04:57] 2026-08-10 17:04:57 | INFO     | WeightClient 15 fit round 9 (fedprox=True)
[2026-08-10 17:05:16] 2026-08-10 17:05:16 | INFO     | WeightClient 15 round 9 completed (acc=0.8953)
[2026-08-10 17:05:16] 2026-08-10 17:05:16 | INFO     | WeightClient 16 fit round 9 (fedprox=True)
[2026-08-10 17:05:36] 2026-08-10 17:05:36 | INFO     | WeightClient 16 round 9 completed (acc=0.8896)
[2026-08-10 17:05:36] 2026-08-10 17:05:36 | INFO     | WeightClient 17 fit round 9 (fedprox=True)
[2026-08-10 17:05:56] 2026-08-10 17:05:56 | INFO     | WeightClient 17 round 9 completed (acc=0.8838)
[2026-08-10 17:05:56] 2026-08-10 17:05:56 | INFO     | WeightClient 18 fit round 9 (fedprox=True)
[2026-08-10 17:06:14] 2026-08-10 17:06:14 | INFO     | WeightClient 18 round 9 completed (acc=0.8767)
[2026-08-10 17:06:14] 2026-08-10 17:06:14 | INFO     | WeightClient 19 fit round 9 (fedprox=True)
[2026-08-10 17:06:39] 2026-08-10 17:06:39 | INFO     | WeightClient 19 round 9 completed (acc=0.8951)
[2026-08-10 17:06:39]   Round   9/40 | Avg: 0.8901 | Min: 0.8488 | Max: 0.9003
[2026-08-10 17:06:39] 2026-08-10 17:06:39 | INFO     | FEDPROX — IID: round 10/40 starting
[2026-08-10 17:06:39] 2026-08-10 17:06:39 | INFO     | WeightClient 0 fit round 10 (fedprox=True)
[2026-08-10 17:06:59] 2026-08-10 17:06:59 | INFO     | WeightClient 0 round 10 completed (acc=0.8928)
[2026-08-10 17:06:59] 2026-08-10 17:06:59 | INFO     | WeightClient 1 fit round 10 (fedprox=True)
[2026-08-10 17:07:23] 2026-08-10 17:07:23 | INFO     | WeightClient 1 round 10 completed (acc=0.8980)
[2026-08-10 17:07:23] 2026-08-10 17:07:23 | INFO     | WeightClient 2 fit round 10 (fedprox=True)
[2026-08-10 17:07:37] 2026-08-10 17:07:37 | INFO     | WeightClient 2 round 10 completed (acc=0.8856)
[2026-08-10 17:07:37] 2026-08-10 17:07:37 | INFO     | WeightClient 3 fit round 10 (fedprox=True)
[2026-08-10 17:07:52] 2026-08-10 17:07:52 | INFO     | WeightClient 3 round 10 completed (acc=0.8966)
[2026-08-10 17:07:52] 2026-08-10 17:07:52 | INFO     | WeightClient 4 fit round 10 (fedprox=True)
[2026-08-10 17:08:12] 2026-08-10 17:08:12 | INFO     | WeightClient 4 round 10 completed (acc=0.8883)
[2026-08-10 17:08:12] 2026-08-10 17:08:12 | INFO     | WeightClient 5 fit round 10 (fedprox=True)
[2026-08-10 17:08:39] 2026-08-10 17:08:39 | INFO     | WeightClient 5 round 10 completed (acc=0.8873)
[2026-08-10 17:08:39] 2026-08-10 17:08:39 | INFO     | WeightClient 6 fit round 10 (fedprox=True)
[2026-08-10 17:08:58] 2026-08-10 17:08:58 | INFO     | WeightClient 6 round 10 completed (acc=0.9028)
[2026-08-10 17:08:58] 2026-08-10 17:08:58 | INFO     | WeightClient 7 fit round 10 (fedprox=True)
[2026-08-10 17:09:21] 2026-08-10 17:09:21 | INFO     | WeightClient 7 round 10 completed (acc=0.8957)
[2026-08-10 17:09:21] 2026-08-10 17:09:21 | INFO     | WeightClient 8 fit round 10 (fedprox=True)
[2026-08-10 17:09:46] 2026-08-10 17:09:46 | INFO     | WeightClient 8 round 10 completed (acc=0.8989)
[2026-08-10 17:09:46] 2026-08-10 17:09:46 | INFO     | WeightClient 9 fit round 10 (fedprox=True)
[2026-08-10 17:10:03] 2026-08-10 17:10:03 | INFO     | WeightClient 9 round 10 completed (acc=0.8892)
[2026-08-10 17:10:03] 2026-08-10 17:10:03 | INFO     | WeightClient 10 fit round 10 (fedprox=True)
[2026-08-10 17:10:24] 2026-08-10 17:10:24 | INFO     | WeightClient 10 round 10 completed (acc=0.9020)
[2026-08-10 17:10:24] 2026-08-10 17:10:24 | INFO     | WeightClient 11 fit round 10 (fedprox=True)
[2026-08-10 17:10:53] 2026-08-10 17:10:53 | INFO     | WeightClient 11 round 10 completed (acc=0.8991)
[2026-08-10 17:10:53] 2026-08-10 17:10:53 | INFO     | WeightClient 12 fit round 10 (fedprox=True)
[2026-08-10 17:11:15] 2026-08-10 17:11:15 | INFO     | WeightClient 12 round 10 completed (acc=0.9037)
[2026-08-10 17:11:15] 2026-08-10 17:11:15 | INFO     | WeightClient 13 fit round 10 (fedprox=True)
[2026-08-10 17:11:33] 2026-08-10 17:11:33 | INFO     | WeightClient 13 round 10 completed (acc=0.8873)
[2026-08-10 17:11:33] 2026-08-10 17:11:33 | INFO     | WeightClient 14 fit round 10 (fedprox=True)
[2026-08-10 17:11:57] 2026-08-10 17:11:57 | INFO     | WeightClient 14 round 10 completed (acc=0.9017)
[2026-08-10 17:11:57] 2026-08-10 17:11:57 | INFO     | WeightClient 15 fit round 10 (fedprox=True)
[2026-08-10 17:12:24] 2026-08-10 17:12:24 | INFO     | WeightClient 15 round 10 completed (acc=0.8974)
[2026-08-10 17:12:24] 2026-08-10 17:12:24 | INFO     | WeightClient 16 fit round 10 (fedprox=True)
[2026-08-10 17:12:42] 2026-08-10 17:12:42 | INFO     | WeightClient 16 round 10 completed (acc=0.8945)
[2026-08-10 17:12:42] 2026-08-10 17:12:42 | INFO     | WeightClient 17 fit round 10 (fedprox=True)
[2026-08-10 17:12:58] 2026-08-10 17:12:58 | INFO     | WeightClient 17 round 10 completed (acc=0.8887)
[2026-08-10 17:12:58] 2026-08-10 17:12:58 | INFO     | WeightClient 18 fit round 10 (fedprox=True)
[2026-08-10 17:13:26] 2026-08-10 17:13:26 | INFO     | WeightClient 18 round 10 completed (acc=0.8992)
[2026-08-10 17:13:26] 2026-08-10 17:13:26 | INFO     | WeightClient 19 fit round 10 (fedprox=True)
[2026-08-10 17:13:49] 2026-08-10 17:13:49 | INFO     | WeightClient 19 round 10 completed (acc=0.8948)
[2026-08-10 17:13:49]   Round  10/40 | Avg: 0.8952 | Min: 0.8856 | Max: 0.9037
[2026-08-10 17:13:49] 2026-08-10 17:13:49 | INFO     | FEDPROX — IID: round 11/40 starting
[2026-08-10 17:13:49] 2026-08-10 17:13:49 | INFO     | WeightClient 0 fit round 11 (fedprox=True)
[2026-08-10 17:14:09] 2026-08-10 17:14:09 | INFO     | WeightClient 0 round 11 completed (acc=0.8987)
[2026-08-10 17:14:09] 2026-08-10 17:14:09 | INFO     | WeightClient 1 fit round 11 (fedprox=True)
[2026-08-10 17:14:41] 2026-08-10 17:14:41 | INFO     | WeightClient 1 round 11 completed (acc=0.8965)
[2026-08-10 17:14:41] 2026-08-10 17:14:41 | INFO     | WeightClient 2 fit round 11 (fedprox=True)
[2026-08-10 17:15:09] 2026-08-10 17:15:09 | INFO     | WeightClient 2 round 11 completed (acc=0.9039)
[2026-08-10 17:15:09] 2026-08-10 17:15:09 | INFO     | WeightClient 3 fit round 11 (fedprox=True)
[2026-08-10 17:15:32] 2026-08-10 17:15:32 | INFO     | WeightClient 3 round 11 completed (acc=0.8824)
[2026-08-10 17:15:32] 2026-08-10 17:15:32 | INFO     | WeightClient 4 fit round 11 (fedprox=True)
[2026-08-10 17:15:58] 2026-08-10 17:15:58 | INFO     | WeightClient 4 round 11 completed (acc=0.9033)
[2026-08-10 17:15:58] 2026-08-10 17:15:58 | INFO     | WeightClient 5 fit round 11 (fedprox=True)
[2026-08-10 17:16:25] 2026-08-10 17:16:25 | INFO     | WeightClient 5 round 11 completed (acc=0.8951)
[2026-08-10 17:16:25] 2026-08-10 17:16:25 | INFO     | WeightClient 6 fit round 11 (fedprox=True)
[2026-08-10 17:16:46] 2026-08-10 17:16:46 | INFO     | WeightClient 6 round 11 completed (acc=0.8976)
[2026-08-10 17:16:46] 2026-08-10 17:16:46 | INFO     | WeightClient 7 fit round 11 (fedprox=True)
[2026-08-10 17:17:08] 2026-08-10 17:17:08 | INFO     | WeightClient 7 round 11 completed (acc=0.8937)
[2026-08-10 17:17:08] 2026-08-10 17:17:08 | INFO     | WeightClient 8 fit round 11 (fedprox=True)
[2026-08-10 17:17:25] 2026-08-10 17:17:25 | INFO     | WeightClient 8 round 11 completed (acc=0.8982)
[2026-08-10 17:17:25] 2026-08-10 17:17:25 | INFO     | WeightClient 9 fit round 11 (fedprox=True)
[2026-08-10 17:17:43] 2026-08-10 17:17:43 | INFO     | WeightClient 9 round 11 completed (acc=0.8953)
[2026-08-10 17:17:43] 2026-08-10 17:17:43 | INFO     | WeightClient 10 fit round 11 (fedprox=True)
[2026-08-10 17:18:00] 2026-08-10 17:18:00 | INFO     | WeightClient 10 round 11 completed (acc=0.8995)
[2026-08-10 17:18:00] 2026-08-10 17:18:00 | INFO     | WeightClient 11 fit round 11 (fedprox=True)
[2026-08-10 17:18:19] 2026-08-10 17:18:19 | INFO     | WeightClient 11 round 11 completed (acc=0.9038)
[2026-08-10 17:18:19] 2026-08-10 17:18:19 | INFO     | WeightClient 12 fit round 11 (fedprox=True)
[2026-08-10 17:18:30] 2026-08-10 17:18:30 | INFO     | WeightClient 12 round 11 completed (acc=0.8939)
[2026-08-10 17:18:30] 2026-08-10 17:18:30 | INFO     | WeightClient 13 fit round 11 (fedprox=True)
[2026-08-10 17:18:44] 2026-08-10 17:18:44 | INFO     | WeightClient 13 round 11 completed (acc=0.8952)
[2026-08-10 17:18:44] 2026-08-10 17:18:44 | INFO     | WeightClient 14 fit round 11 (fedprox=True)
[2026-08-10 17:19:02] 2026-08-10 17:19:02 | INFO     | WeightClient 14 round 11 completed (acc=0.9019)
[2026-08-10 17:19:02] 2026-08-10 17:19:02 | INFO     | WeightClient 15 fit round 11 (fedprox=True)
[2026-08-10 17:19:22] 2026-08-10 17:19:22 | INFO     | WeightClient 15 round 11 completed (acc=0.9023)
[2026-08-10 17:19:22] 2026-08-10 17:19:22 | INFO     | WeightClient 16 fit round 11 (fedprox=True)
[2026-08-10 17:19:42] 2026-08-10 17:19:42 | INFO     | WeightClient 16 round 11 completed (acc=0.8950)
[2026-08-10 17:19:42] 2026-08-10 17:19:42 | INFO     | WeightClient 17 fit round 11 (fedprox=True)
[2026-08-10 17:20:08] 2026-08-10 17:20:08 | INFO     | WeightClient 17 round 11 completed (acc=0.8778)
[2026-08-10 17:20:08] 2026-08-10 17:20:08 | INFO     | WeightClient 18 fit round 11 (fedprox=True)
[2026-08-10 17:20:30] 2026-08-10 17:20:30 | INFO     | WeightClient 18 round 11 completed (acc=0.8902)
[2026-08-10 17:20:30] 2026-08-10 17:20:30 | INFO     | WeightClient 19 fit round 11 (fedprox=True)
[2026-08-10 17:21:00] 2026-08-10 17:21:00 | INFO     | WeightClient 19 round 11 completed (acc=0.8975)
[2026-08-10 17:21:01]   Round  11/40 | Avg: 0.8961 | Min: 0.8778 | Max: 0.9039
[2026-08-10 17:21:01] 2026-08-10 17:21:01 | INFO     | FEDPROX — IID: round 12/40 starting
[2026-08-10 17:21:01] 2026-08-10 17:21:01 | INFO     | WeightClient 0 fit round 12 (fedprox=True)
[2026-08-10 17:21:20] 2026-08-10 17:21:20 | INFO     | WeightClient 0 round 12 completed (acc=0.9056)
[2026-08-10 17:21:20] 2026-08-10 17:21:20 | INFO     | WeightClient 1 fit round 12 (fedprox=True)
[2026-08-10 17:21:48] 2026-08-10 17:21:48 | INFO     | WeightClient 1 round 12 completed (acc=0.8901)
[2026-08-10 17:21:48] 2026-08-10 17:21:48 | INFO     | WeightClient 2 fit round 12 (fedprox=True)
[2026-08-10 17:22:09] 2026-08-10 17:22:09 | INFO     | WeightClient 2 round 12 completed (acc=0.9015)
[2026-08-10 17:22:09] 2026-08-10 17:22:09 | INFO     | WeightClient 3 fit round 12 (fedprox=True)
[2026-08-10 17:22:30] 2026-08-10 17:22:30 | INFO     | WeightClient 3 round 12 completed (acc=0.9009)
[2026-08-10 17:22:30] 2026-08-10 17:22:30 | INFO     | WeightClient 4 fit round 12 (fedprox=True)
[2026-08-10 17:22:48] 2026-08-10 17:22:48 | INFO     | WeightClient 4 round 12 completed (acc=0.9019)
[2026-08-10 17:22:48] 2026-08-10 17:22:48 | INFO     | WeightClient 5 fit round 12 (fedprox=True)
[2026-08-10 17:23:06] 2026-08-10 17:23:06 | INFO     | WeightClient 5 round 12 completed (acc=0.8786)
[2026-08-10 17:23:06] 2026-08-10 17:23:06 | INFO     | WeightClient 6 fit round 12 (fedprox=True)
[2026-08-10 17:23:33] 2026-08-10 17:23:33 | INFO     | WeightClient 6 round 12 completed (acc=0.9030)
[2026-08-10 17:23:33] 2026-08-10 17:23:33 | INFO     | WeightClient 7 fit round 12 (fedprox=True)
[2026-08-10 17:23:50] 2026-08-10 17:23:50 | INFO     | WeightClient 7 round 12 completed (acc=0.9003)
[2026-08-10 17:23:50] 2026-08-10 17:23:50 | INFO     | WeightClient 8 fit round 12 (fedprox=True)
[2026-08-10 17:24:16] 2026-08-10 17:24:16 | INFO     | WeightClient 8 round 12 completed (acc=0.8910)
[2026-08-10 17:24:16] 2026-08-10 17:24:16 | INFO     | WeightClient 9 fit round 12 (fedprox=True)
[2026-08-10 17:24:44] 2026-08-10 17:24:44 | INFO     | WeightClient 9 round 12 completed (acc=0.9065)
[2026-08-10 17:24:44] 2026-08-10 17:24:44 | INFO     | WeightClient 10 fit round 12 (fedprox=True)
[2026-08-10 17:25:07] 2026-08-10 17:25:07 | INFO     | WeightClient 10 round 12 completed (acc=0.9011)
[2026-08-10 17:25:07] 2026-08-10 17:25:07 | INFO     | WeightClient 11 fit round 12 (fedprox=True)
[2026-08-10 17:25:29] 2026-08-10 17:25:29 | INFO     | WeightClient 11 round 12 completed (acc=0.9128)
[2026-08-10 17:25:29] 2026-08-10 17:25:29 | INFO     | WeightClient 12 fit round 12 (fedprox=True)
[2026-08-10 17:25:47] 2026-08-10 17:25:47 | INFO     | WeightClient 12 round 12 completed (acc=0.9048)
[2026-08-10 17:25:47] 2026-08-10 17:25:47 | INFO     | WeightClient 13 fit round 12 (fedprox=True)
[2026-08-10 17:26:02] 2026-08-10 17:26:02 | INFO     | WeightClient 13 round 12 completed (acc=0.8937)
[2026-08-10 17:26:02] 2026-08-10 17:26:02 | INFO     | WeightClient 14 fit round 12 (fedprox=True)
[2026-08-10 17:26:33] 2026-08-10 17:26:33 | INFO     | WeightClient 14 round 12 completed (acc=0.9062)
[2026-08-10 17:26:33] 2026-08-10 17:26:33 | INFO     | WeightClient 15 fit round 12 (fedprox=True)
[2026-08-10 17:26:59] 2026-08-10 17:26:59 | INFO     | WeightClient 15 round 12 completed (acc=0.8964)
[2026-08-10 17:26:59] 2026-08-10 17:26:59 | INFO     | WeightClient 16 fit round 12 (fedprox=True)
[2026-08-10 17:27:25] 2026-08-10 17:27:25 | INFO     | WeightClient 16 round 12 completed (acc=0.8916)
[2026-08-10 17:27:25] 2026-08-10 17:27:25 | INFO     | WeightClient 17 fit round 12 (fedprox=True)
[2026-08-10 17:27:52] 2026-08-10 17:27:52 | INFO     | WeightClient 17 round 12 completed (acc=0.9045)
[2026-08-10 17:27:52] 2026-08-10 17:27:52 | INFO     | WeightClient 18 fit round 12 (fedprox=True)
[2026-08-10 17:28:16] 2026-08-10 17:28:16 | INFO     | WeightClient 18 round 12 completed (acc=0.9024)
[2026-08-10 17:28:16] 2026-08-10 17:28:16 | INFO     | WeightClient 19 fit round 12 (fedprox=True)
[2026-08-10 17:28:38] 2026-08-10 17:28:38 | INFO     | WeightClient 19 round 12 completed (acc=0.9039)
[2026-08-10 17:28:39]   Round  12/40 | Avg: 0.8998 | Min: 0.8786 | Max: 0.9128
[2026-08-10 17:28:39] 2026-08-10 17:28:39 | INFO     | FEDPROX — IID: round 13/40 starting
[2026-08-10 17:28:39] 2026-08-10 17:28:39 | INFO     | WeightClient 0 fit round 13 (fedprox=True)
[2026-08-10 17:29:06] 2026-08-10 17:29:06 | INFO     | WeightClient 0 round 13 completed (acc=0.9017)
[2026-08-10 17:29:06] 2026-08-10 17:29:06 | INFO     | WeightClient 1 fit round 13 (fedprox=True)
[2026-08-10 17:29:31] 2026-08-10 17:29:31 | INFO     | WeightClient 1 round 13 completed (acc=0.9030)
[2026-08-10 17:29:31] 2026-08-10 17:29:31 | INFO     | WeightClient 2 fit round 13 (fedprox=True)
[2026-08-10 17:29:51] 2026-08-10 17:29:51 | INFO     | WeightClient 2 round 13 completed (acc=0.9066)
[2026-08-10 17:29:51] 2026-08-10 17:29:51 | INFO     | WeightClient 3 fit round 13 (fedprox=True)
[2026-08-10 17:30:12] 2026-08-10 17:30:12 | INFO     | WeightClient 3 round 13 completed (acc=0.9056)
[2026-08-10 17:30:13] 2026-08-10 17:30:13 | INFO     | WeightClient 4 fit round 13 (fedprox=True)
[2026-08-10 17:30:44] 2026-08-10 17:30:44 | INFO     | WeightClient 4 round 13 completed (acc=0.9131)
[2026-08-10 17:30:44] 2026-08-10 17:30:44 | INFO     | WeightClient 5 fit round 13 (fedprox=True)
[2026-08-10 17:31:07] 2026-08-10 17:31:07 | INFO     | WeightClient 5 round 13 completed (acc=0.8935)
[2026-08-10 17:31:07] 2026-08-10 17:31:07 | INFO     | WeightClient 6 fit round 13 (fedprox=True)
[2026-08-10 17:31:31] 2026-08-10 17:31:31 | INFO     | WeightClient 6 round 13 completed (acc=0.9021)
[2026-08-10 17:31:31] 2026-08-10 17:31:31 | INFO     | WeightClient 7 fit round 13 (fedprox=True)
[2026-08-10 17:32:01] 2026-08-10 17:32:01 | INFO     | WeightClient 7 round 13 completed (acc=0.9063)
[2026-08-10 17:32:02] 2026-08-10 17:32:02 | INFO     | WeightClient 8 fit round 13 (fedprox=True)
[2026-08-10 17:32:28] 2026-08-10 17:32:28 | INFO     | WeightClient 8 round 13 completed (acc=0.9053)
[2026-08-10 17:32:28] 2026-08-10 17:32:28 | INFO     | WeightClient 9 fit round 13 (fedprox=True)
[2026-08-10 17:32:48] 2026-08-10 17:32:48 | INFO     | WeightClient 9 round 13 completed (acc=0.8863)
[2026-08-10 17:32:48] 2026-08-10 17:32:48 | INFO     | WeightClient 10 fit round 13 (fedprox=True)
[2026-08-10 17:33:19] 2026-08-10 17:33:19 | INFO     | WeightClient 10 round 13 completed (acc=0.9021)
[2026-08-10 17:33:19] 2026-08-10 17:33:19 | INFO     | WeightClient 11 fit round 13 (fedprox=True)
[2026-08-10 17:33:43] 2026-08-10 17:33:42 | INFO     | WeightClient 11 round 13 completed (acc=0.9070)
[2026-08-10 17:33:43] 2026-08-10 17:33:43 | INFO     | WeightClient 12 fit round 13 (fedprox=True)
[2026-08-10 17:34:01] 2026-08-10 17:34:01 | INFO     | WeightClient 12 round 13 completed (acc=0.9056)
[2026-08-10 17:34:01] 2026-08-10 17:34:01 | INFO     | WeightClient 13 fit round 13 (fedprox=True)
[2026-08-10 17:34:19] 2026-08-10 17:34:19 | INFO     | WeightClient 13 round 13 completed (acc=0.8995)
[2026-08-10 17:34:19] 2026-08-10 17:34:19 | INFO     | WeightClient 14 fit round 13 (fedprox=True)
[2026-08-10 17:34:36] 2026-08-10 17:34:36 | INFO     | WeightClient 14 round 13 completed (acc=0.9066)
[2026-08-10 17:34:36] 2026-08-10 17:34:36 | INFO     | WeightClient 15 fit round 13 (fedprox=True)
[2026-08-10 17:34:54] 2026-08-10 17:34:54 | INFO     | WeightClient 15 round 13 completed (acc=0.9006)
[2026-08-10 17:34:54] 2026-08-10 17:34:54 | INFO     | WeightClient 16 fit round 13 (fedprox=True)
[2026-08-10 17:35:27] 2026-08-10 17:35:27 | INFO     | WeightClient 16 round 13 completed (acc=0.9038)
[2026-08-10 17:35:27] 2026-08-10 17:35:27 | INFO     | WeightClient 17 fit round 13 (fedprox=True)
[2026-08-10 17:35:49] 2026-08-10 17:35:49 | INFO     | WeightClient 17 round 13 completed (acc=0.9017)
[2026-08-10 17:35:49] 2026-08-10 17:35:49 | INFO     | WeightClient 18 fit round 13 (fedprox=True)
[2026-08-10 17:36:08] 2026-08-10 17:36:08 | INFO     | WeightClient 18 round 13 completed (acc=0.9060)
[2026-08-10 17:36:08] 2026-08-10 17:36:08 | INFO     | WeightClient 19 fit round 13 (fedprox=True)
[2026-08-10 17:36:32] 2026-08-10 17:36:32 | INFO     | WeightClient 19 round 13 completed (acc=0.9144)
[2026-08-10 17:36:32]   Round  13/40 | Avg: 0.9035 | Min: 0.8863 | Max: 0.9144
[2026-08-10 17:36:32] 2026-08-10 17:36:32 | INFO     | FEDPROX — IID: round 14/40 starting
[2026-08-10 17:36:32] 2026-08-10 17:36:32 | INFO     | WeightClient 0 fit round 14 (fedprox=True)
[2026-08-10 17:36:54] 2026-08-10 17:36:54 | INFO     | WeightClient 0 round 14 completed (acc=0.9091)
[2026-08-10 17:36:54] 2026-08-10 17:36:54 | INFO     | WeightClient 1 fit round 14 (fedprox=True)
[2026-08-10 17:37:16] 2026-08-10 17:37:16 | INFO     | WeightClient 1 round 14 completed (acc=0.9062)
[2026-08-10 17:37:16] 2026-08-10 17:37:16 | INFO     | WeightClient 2 fit round 14 (fedprox=True)
[2026-08-10 17:37:43] 2026-08-10 17:37:43 | INFO     | WeightClient 2 round 14 completed (acc=0.9100)
[2026-08-10 17:37:43] 2026-08-10 17:37:43 | INFO     | WeightClient 3 fit round 14 (fedprox=True)
[2026-08-10 17:38:05] 2026-08-10 17:38:05 | INFO     | WeightClient 3 round 14 completed (acc=0.8999)
[2026-08-10 17:38:05] 2026-08-10 17:38:05 | INFO     | WeightClient 4 fit round 14 (fedprox=True)
[2026-08-10 17:38:34] 2026-08-10 17:38:34 | INFO     | WeightClient 4 round 14 completed (acc=0.9126)
[2026-08-10 17:38:34] 2026-08-10 17:38:34 | INFO     | WeightClient 5 fit round 14 (fedprox=True)
[2026-08-10 17:38:52] 2026-08-10 17:38:52 | INFO     | WeightClient 5 round 14 completed (acc=0.9012)
[2026-08-10 17:38:52] 2026-08-10 17:38:52 | INFO     | WeightClient 6 fit round 14 (fedprox=True)
[2026-08-10 17:39:16] 2026-08-10 17:39:16 | INFO     | WeightClient 6 round 14 completed (acc=0.9115)
[2026-08-10 17:39:16] 2026-08-10 17:39:16 | INFO     | WeightClient 7 fit round 14 (fedprox=True)
[2026-08-10 17:39:52] 2026-08-10 17:39:52 | INFO     | WeightClient 7 round 14 completed (acc=0.8877)
[2026-08-10 17:39:52] 2026-08-10 17:39:52 | INFO     | WeightClient 8 fit round 14 (fedprox=True)
[2026-08-10 17:40:20] 2026-08-10 17:40:20 | INFO     | WeightClient 8 round 14 completed (acc=0.9064)
[2026-08-10 17:40:20] 2026-08-10 17:40:20 | INFO     | WeightClient 9 fit round 14 (fedprox=True)
[2026-08-10 17:40:49] 2026-08-10 17:40:49 | INFO     | WeightClient 9 round 14 completed (acc=0.9061)
[2026-08-10 17:40:49] 2026-08-10 17:40:49 | INFO     | WeightClient 10 fit round 14 (fedprox=True)
[2026-08-10 17:41:18] 2026-08-10 17:41:18 | INFO     | WeightClient 10 round 14 completed (acc=0.9047)
[2026-08-10 17:41:18] 2026-08-10 17:41:18 | INFO     | WeightClient 11 fit round 14 (fedprox=True)
[2026-08-10 17:41:47] 2026-08-10 17:41:47 | INFO     | WeightClient 11 round 14 completed (acc=0.9130)
[2026-08-10 17:41:47] 2026-08-10 17:41:47 | INFO     | WeightClient 12 fit round 14 (fedprox=True)
[2026-08-10 17:42:14] 2026-08-10 17:42:14 | INFO     | WeightClient 12 round 14 completed (acc=0.9018)
[2026-08-10 17:42:14] 2026-08-10 17:42:14 | INFO     | WeightClient 13 fit round 14 (fedprox=True)
[2026-08-10 17:42:50] 2026-08-10 17:42:50 | INFO     | WeightClient 13 round 14 completed (acc=0.9049)
[2026-08-10 17:42:50] 2026-08-10 17:42:50 | INFO     | WeightClient 14 fit round 14 (fedprox=True)
[2026-08-10 17:43:18] 2026-08-10 17:43:18 | INFO     | WeightClient 14 round 14 completed (acc=0.9090)
[2026-08-10 17:43:18] 2026-08-10 17:43:18 | INFO     | WeightClient 15 fit round 14 (fedprox=True)
[2026-08-10 17:43:44] 2026-08-10 17:43:44 | INFO     | WeightClient 15 round 14 completed (acc=0.9074)
[2026-08-10 17:43:44] 2026-08-10 17:43:44 | INFO     | WeightClient 16 fit round 14 (fedprox=True)
[2026-08-10 17:44:06] 2026-08-10 17:44:06 | INFO     | WeightClient 16 round 14 completed (acc=0.9030)
[2026-08-10 17:44:06] 2026-08-10 17:44:06 | INFO     | WeightClient 17 fit round 14 (fedprox=True)
[2026-08-10 17:44:32] 2026-08-10 17:44:32 | INFO     | WeightClient 17 round 14 completed (acc=0.9053)
[2026-08-10 17:44:32] 2026-08-10 17:44:32 | INFO     | WeightClient 18 fit round 14 (fedprox=True)
[2026-08-10 17:45:04] 2026-08-10 17:45:04 | INFO     | WeightClient 18 round 14 completed (acc=0.9064)
[2026-08-10 17:45:04] 2026-08-10 17:45:04 | INFO     | WeightClient 19 fit round 14 (fedprox=True)
[2026-08-10 17:45:40] 2026-08-10 17:45:40 | INFO     | WeightClient 19 round 14 completed (acc=0.9084)
[2026-08-10 17:45:41]   Round  14/40 | Avg: 0.9057 | Min: 0.8877 | Max: 0.9130
[2026-08-10 17:45:41] 2026-08-10 17:45:41 | INFO     | FEDPROX — IID: round 15/40 starting
[2026-08-10 17:45:41] 2026-08-10 17:45:41 | INFO     | WeightClient 0 fit round 15 (fedprox=True)
[2026-08-10 17:46:13] 2026-08-10 17:46:13 | INFO     | WeightClient 0 round 15 completed (acc=0.9049)
[2026-08-10 17:46:13] 2026-08-10 17:46:13 | INFO     | WeightClient 1 fit round 15 (fedprox=True)
[2026-08-10 17:46:48] 2026-08-10 17:46:48 | INFO     | WeightClient 1 round 15 completed (acc=0.9122)
[2026-08-10 17:46:48] 2026-08-10 17:46:48 | INFO     | WeightClient 2 fit round 15 (fedprox=True)
[2026-08-10 17:47:28] 2026-08-10 17:47:28 | INFO     | WeightClient 2 round 15 completed (acc=0.9082)
[2026-08-10 17:47:28] 2026-08-10 17:47:28 | INFO     | WeightClient 3 fit round 15 (fedprox=True)
[2026-08-10 17:48:02] 2026-08-10 17:48:02 | INFO     | WeightClient 3 round 15 completed (acc=0.9083)
[2026-08-10 17:48:02] 2026-08-10 17:48:02 | INFO     | WeightClient 4 fit round 15 (fedprox=True)
[2026-08-10 17:48:32] 2026-08-10 17:48:32 | INFO     | WeightClient 4 round 15 completed (acc=0.9096)
[2026-08-10 17:48:32] 2026-08-10 17:48:32 | INFO     | WeightClient 5 fit round 15 (fedprox=True)
[2026-08-10 17:49:08] 2026-08-10 17:49:08 | INFO     | WeightClient 5 round 15 completed (acc=0.8939)
[2026-08-10 17:49:08] 2026-08-10 17:49:08 | INFO     | WeightClient 6 fit round 15 (fedprox=True)
[2026-08-10 17:49:48] 2026-08-10 17:49:48 | INFO     | WeightClient 6 round 15 completed (acc=0.9050)
[2026-08-10 17:49:48] 2026-08-10 17:49:48 | INFO     | WeightClient 7 fit round 15 (fedprox=True)
[2026-08-10 17:50:20] 2026-08-10 17:50:20 | INFO     | WeightClient 7 round 15 completed (acc=0.9127)
[2026-08-10 17:50:20] 2026-08-10 17:50:20 | INFO     | WeightClient 8 fit round 15 (fedprox=True)
[2026-08-10 17:50:58] 2026-08-10 17:50:58 | INFO     | WeightClient 8 round 15 completed (acc=0.9014)
[2026-08-10 17:50:58] 2026-08-10 17:50:58 | INFO     | WeightClient 9 fit round 15 (fedprox=True)
[2026-08-10 17:52:06] 2026-08-10 17:52:06 | INFO     | WeightClient 9 round 15 completed (acc=0.9062)
[2026-08-10 17:52:06] 2026-08-10 17:52:06 | INFO     | WeightClient 10 fit round 15 (fedprox=True)
[2026-08-10 17:52:48] 2026-08-10 17:52:48 | INFO     | WeightClient 10 round 15 completed (acc=0.8979)
[2026-08-10 17:52:48] 2026-08-10 17:52:48 | INFO     | WeightClient 11 fit round 15 (fedprox=True)
[2026-08-10 17:53:27] 2026-08-10 17:53:27 | INFO     | WeightClient 11 round 15 completed (acc=0.8998)
[2026-08-10 17:53:27] 2026-08-10 17:53:27 | INFO     | WeightClient 12 fit round 15 (fedprox=True)
[2026-08-10 17:54:28] 2026-08-10 17:54:28 | INFO     | WeightClient 12 round 15 completed (acc=0.8927)
[2026-08-10 17:54:28] 2026-08-10 17:54:28 | INFO     | WeightClient 13 fit round 15 (fedprox=True)
[2026-08-10 17:54:50] 2026-08-10 17:54:50 | INFO     | WeightClient 13 round 15 completed (acc=0.9054)
[2026-08-10 17:54:50] 2026-08-10 17:54:50 | INFO     | WeightClient 14 fit round 15 (fedprox=True)
[2026-08-10 17:55:06] 2026-08-10 17:55:06 | INFO     | WeightClient 14 round 15 completed (acc=0.9032)
[2026-08-10 17:55:06] 2026-08-10 17:55:06 | INFO     | WeightClient 15 fit round 15 (fedprox=True)
[2026-08-10 17:55:36] 2026-08-10 17:55:36 | INFO     | WeightClient 15 round 15 completed (acc=0.9158)
[2026-08-10 17:55:36] 2026-08-10 17:55:36 | INFO     | WeightClient 16 fit round 15 (fedprox=True)
[2026-08-10 17:55:51] 2026-08-10 17:55:51 | INFO     | WeightClient 16 round 15 completed (acc=0.8946)
[2026-08-10 17:55:51] 2026-08-10 17:55:51 | INFO     | WeightClient 17 fit round 15 (fedprox=True)
[2026-08-10 17:56:16] 2026-08-10 17:56:16 | INFO     | WeightClient 17 round 15 completed (acc=0.9108)
[2026-08-10 17:56:16] 2026-08-10 17:56:16 | INFO     | WeightClient 18 fit round 15 (fedprox=True)
[2026-08-10 17:56:50] 2026-08-10 17:56:50 | INFO     | WeightClient 18 round 15 completed (acc=0.9043)
[2026-08-10 17:56:50] 2026-08-10 17:56:50 | INFO     | WeightClient 19 fit round 15 (fedprox=True)
[2026-08-10 17:57:15] 2026-08-10 17:57:15 | INFO     | WeightClient 19 round 15 completed (acc=0.9162)
[2026-08-10 17:57:18]   Round  15/40 | Avg: 0.9052 | Min: 0.8927 | Max: 0.9162
[2026-08-10 17:57:18] 2026-08-10 17:57:18 | INFO     | FEDPROX — IID: round 16/40 starting
[2026-08-10 17:57:18] 2026-08-10 17:57:18 | INFO     | WeightClient 0 fit round 16 (fedprox=True)
[2026-08-10 17:57:40] 2026-08-10 17:57:40 | INFO     | WeightClient 0 round 16 completed (acc=0.9138)
[2026-08-10 17:57:40] 2026-08-10 17:57:40 | INFO     | WeightClient 1 fit round 16 (fedprox=True)
[2026-08-10 17:58:02] 2026-08-10 17:58:02 | INFO     | WeightClient 1 round 16 completed (acc=0.9137)
[2026-08-10 17:58:02] 2026-08-10 17:58:02 | INFO     | WeightClient 2 fit round 16 (fedprox=True)
[2026-08-10 17:58:16] 2026-08-10 17:58:16 | INFO     | WeightClient 2 round 16 completed (acc=0.9117)
[2026-08-10 17:58:16] 2026-08-10 17:58:16 | INFO     | WeightClient 3 fit round 16 (fedprox=True)
[2026-08-10 17:58:36] 2026-08-10 17:58:36 | INFO     | WeightClient 3 round 16 completed (acc=0.9036)
[2026-08-10 17:58:36] 2026-08-10 17:58:36 | INFO     | WeightClient 4 fit round 16 (fedprox=True)
[2026-08-10 17:58:56] 2026-08-10 17:58:56 | INFO     | WeightClient 4 round 16 completed (acc=0.9198)
[2026-08-10 17:58:56] 2026-08-10 17:58:56 | INFO     | WeightClient 5 fit round 16 (fedprox=True)
[2026-08-10 17:59:13] 2026-08-10 17:59:13 | INFO     | WeightClient 5 round 16 completed (acc=0.9028)
[2026-08-10 17:59:13] 2026-08-10 17:59:13 | INFO     | WeightClient 6 fit round 16 (fedprox=True)
[2026-08-10 17:59:34] 2026-08-10 17:59:34 | INFO     | WeightClient 6 round 16 completed (acc=0.9104)
[2026-08-10 17:59:34] 2026-08-10 17:59:34 | INFO     | WeightClient 7 fit round 16 (fedprox=True)
[2026-08-10 17:59:56] 2026-08-10 17:59:56 | INFO     | WeightClient 7 round 16 completed (acc=0.9029)
[2026-08-10 17:59:56] 2026-08-10 17:59:56 | INFO     | WeightClient 8 fit round 16 (fedprox=True)
[2026-08-10 18:00:17] 2026-08-10 18:00:17 | INFO     | WeightClient 8 round 16 completed (acc=0.8919)
[2026-08-10 18:00:17] 2026-08-10 18:00:17 | INFO     | WeightClient 9 fit round 16 (fedprox=True)
[2026-08-10 18:00:38] 2026-08-10 18:00:38 | INFO     | WeightClient 9 round 16 completed (acc=0.9039)
[2026-08-10 18:00:38] 2026-08-10 18:00:38 | INFO     | WeightClient 10 fit round 16 (fedprox=True)
[2026-08-10 18:00:56] 2026-08-10 18:00:56 | INFO     | WeightClient 10 round 16 completed (acc=0.9130)
[2026-08-10 18:00:56] 2026-08-10 18:00:56 | INFO     | WeightClient 11 fit round 16 (fedprox=True)
[2026-08-10 18:01:28] 2026-08-10 18:01:28 | INFO     | WeightClient 11 round 16 completed (acc=0.9159)
[2026-08-10 18:01:28] 2026-08-10 18:01:28 | INFO     | WeightClient 12 fit round 16 (fedprox=True)
[2026-08-10 18:01:49] 2026-08-10 18:01:49 | INFO     | WeightClient 12 round 16 completed (acc=0.9118)
[2026-08-10 18:01:49] 2026-08-10 18:01:49 | INFO     | WeightClient 13 fit round 16 (fedprox=True)
[2026-08-10 18:02:19] 2026-08-10 18:02:19 | INFO     | WeightClient 13 round 16 completed (acc=0.9113)
[2026-08-10 18:02:19] 2026-08-10 18:02:19 | INFO     | WeightClient 14 fit round 16 (fedprox=True)
[2026-08-10 18:02:45] 2026-08-10 18:02:45 | INFO     | WeightClient 14 round 16 completed (acc=0.9097)
[2026-08-10 18:02:45] 2026-08-10 18:02:45 | INFO     | WeightClient 15 fit round 16 (fedprox=True)
[2026-08-10 18:03:06] 2026-08-10 18:03:06 | INFO     | WeightClient 15 round 16 completed (acc=0.9131)
[2026-08-10 18:03:06] 2026-08-10 18:03:06 | INFO     | WeightClient 16 fit round 16 (fedprox=True)
[2026-08-10 18:03:37] 2026-08-10 18:03:37 | INFO     | WeightClient 16 round 16 completed (acc=0.9103)
[2026-08-10 18:03:37] 2026-08-10 18:03:37 | INFO     | WeightClient 17 fit round 16 (fedprox=True)
[2026-08-10 18:04:00] 2026-08-10 18:04:00 | INFO     | WeightClient 17 round 16 completed (acc=0.9076)
[2026-08-10 18:04:00] 2026-08-10 18:04:00 | INFO     | WeightClient 18 fit round 16 (fedprox=True)
[2026-08-10 18:04:22] 2026-08-10 18:04:22 | INFO     | WeightClient 18 round 16 completed (acc=0.9131)
[2026-08-10 18:04:22] 2026-08-10 18:04:22 | INFO     | WeightClient 19 fit round 16 (fedprox=True)
[2026-08-10 18:04:52] 2026-08-10 18:04:52 | INFO     | WeightClient 19 round 16 completed (acc=0.9051)
[2026-08-10 18:04:52]   Round  16/40 | Avg: 0.9093 | Min: 0.8919 | Max: 0.9198
[2026-08-10 18:04:52] 2026-08-10 18:04:52 | INFO     | FEDPROX — IID: round 17/40 starting
[2026-08-10 18:04:52] 2026-08-10 18:04:52 | INFO     | WeightClient 0 fit round 17 (fedprox=True)
[2026-08-10 18:05:05] 2026-08-10 18:05:05 | INFO     | WeightClient 0 round 17 completed (acc=0.9098)
[2026-08-10 18:05:05] 2026-08-10 18:05:05 | INFO     | WeightClient 1 fit round 17 (fedprox=True)
[2026-08-10 18:05:23] 2026-08-10 18:05:23 | INFO     | WeightClient 1 round 17 completed (acc=0.9155)
[2026-08-10 18:05:23] 2026-08-10 18:05:23 | INFO     | WeightClient 2 fit round 17 (fedprox=True)
[2026-08-10 18:05:47] 2026-08-10 18:05:47 | INFO     | WeightClient 2 round 17 completed (acc=0.9090)
[2026-08-10 18:05:47] 2026-08-10 18:05:47 | INFO     | WeightClient 3 fit round 17 (fedprox=True)
[2026-08-10 18:06:11] 2026-08-10 18:06:11 | INFO     | WeightClient 3 round 17 completed (acc=0.9097)
[2026-08-10 18:06:11] 2026-08-10 18:06:11 | INFO     | WeightClient 4 fit round 17 (fedprox=True)
[2026-08-10 18:06:30] 2026-08-10 18:06:30 | INFO     | WeightClient 4 round 17 completed (acc=0.9141)
[2026-08-10 18:06:30] 2026-08-10 18:06:30 | INFO     | WeightClient 5 fit round 17 (fedprox=True)
[2026-08-10 18:06:51] 2026-08-10 18:06:51 | INFO     | WeightClient 5 round 17 completed (acc=0.9152)
[2026-08-10 18:06:51] 2026-08-10 18:06:51 | INFO     | WeightClient 6 fit round 17 (fedprox=True)
[2026-08-10 18:07:22] 2026-08-10 18:07:22 | INFO     | WeightClient 6 round 17 completed (acc=0.9147)
[2026-08-10 18:07:22] 2026-08-10 18:07:22 | INFO     | WeightClient 7 fit round 17 (fedprox=True)
[2026-08-10 18:07:45] 2026-08-10 18:07:45 | INFO     | WeightClient 7 round 17 completed (acc=0.9138)
[2026-08-10 18:07:45] 2026-08-10 18:07:45 | INFO     | WeightClient 8 fit round 17 (fedprox=True)
[2026-08-10 18:08:18] 2026-08-10 18:08:18 | INFO     | WeightClient 8 round 17 completed (acc=0.9124)
[2026-08-10 18:08:18] 2026-08-10 18:08:18 | INFO     | WeightClient 9 fit round 17 (fedprox=True)
[2026-08-10 18:08:37] 2026-08-10 18:08:37 | INFO     | WeightClient 9 round 17 completed (acc=0.9145)
[2026-08-10 18:08:37] 2026-08-10 18:08:37 | INFO     | WeightClient 10 fit round 17 (fedprox=True)
[2026-08-10 18:08:55] 2026-08-10 18:08:55 | INFO     | WeightClient 10 round 17 completed (acc=0.9229)
[2026-08-10 18:08:55] 2026-08-10 18:08:55 | INFO     | WeightClient 11 fit round 17 (fedprox=True)
[2026-08-10 18:09:25] 2026-08-10 18:09:25 | INFO     | WeightClient 11 round 17 completed (acc=0.9130)
[2026-08-10 18:09:25] 2026-08-10 18:09:25 | INFO     | WeightClient 12 fit round 17 (fedprox=True)
[2026-08-10 18:09:51] 2026-08-10 18:09:51 | INFO     | WeightClient 12 round 17 completed (acc=0.9163)
[2026-08-10 18:09:51] 2026-08-10 18:09:51 | INFO     | WeightClient 13 fit round 17 (fedprox=True)
[2026-08-10 18:10:17] 2026-08-10 18:10:17 | INFO     | WeightClient 13 round 17 completed (acc=0.9097)
[2026-08-10 18:10:17] 2026-08-10 18:10:17 | INFO     | WeightClient 14 fit round 17 (fedprox=True)
[2026-08-10 18:10:47] 2026-08-10 18:10:47 | INFO     | WeightClient 14 round 17 completed (acc=0.9119)
[2026-08-10 18:10:47] 2026-08-10 18:10:47 | INFO     | WeightClient 15 fit round 17 (fedprox=True)
[2026-08-10 18:11:00] 2026-08-10 18:11:00 | INFO     | WeightClient 15 round 17 completed (acc=0.9092)
[2026-08-10 18:11:00] 2026-08-10 18:11:00 | INFO     | WeightClient 16 fit round 17 (fedprox=True)
[2026-08-10 18:11:26] 2026-08-10 18:11:26 | INFO     | WeightClient 16 round 17 completed (acc=0.9036)
[2026-08-10 18:11:26] 2026-08-10 18:11:26 | INFO     | WeightClient 17 fit round 17 (fedprox=True)
[2026-08-10 18:11:48] 2026-08-10 18:11:48 | INFO     | WeightClient 17 round 17 completed (acc=0.9075)
[2026-08-10 18:11:48] 2026-08-10 18:11:48 | INFO     | WeightClient 18 fit round 17 (fedprox=True)
[2026-08-10 18:12:09] 2026-08-10 18:12:09 | INFO     | WeightClient 18 round 17 completed (acc=0.9175)
[2026-08-10 18:12:09] 2026-08-10 18:12:09 | INFO     | WeightClient 19 fit round 17 (fedprox=True)
[2026-08-10 18:12:40] 2026-08-10 18:12:40 | INFO     | WeightClient 19 round 17 completed (acc=0.9163)
[2026-08-10 18:12:40]   Round  17/40 | Avg: 0.9128 | Min: 0.9036 | Max: 0.9229
[2026-08-10 18:12:40] 2026-08-10 18:12:40 | INFO     | FEDPROX — IID: round 18/40 starting
[2026-08-10 18:12:40] 2026-08-10 18:12:40 | INFO     | WeightClient 0 fit round 18 (fedprox=True)
[2026-08-10 18:13:02] 2026-08-10 18:13:02 | INFO     | WeightClient 0 round 18 completed (acc=0.9147)
[2026-08-10 18:13:02] 2026-08-10 18:13:02 | INFO     | WeightClient 1 fit round 18 (fedprox=True)
[2026-08-10 18:13:24] 2026-08-10 18:13:24 | INFO     | WeightClient 1 round 18 completed (acc=0.9152)
[2026-08-10 18:13:24] 2026-08-10 18:13:24 | INFO     | WeightClient 2 fit round 18 (fedprox=True)
[2026-08-10 18:13:51] 2026-08-10 18:13:51 | INFO     | WeightClient 2 round 18 completed (acc=0.9106)
[2026-08-10 18:13:51] 2026-08-10 18:13:51 | INFO     | WeightClient 3 fit round 18 (fedprox=True)
[2026-08-10 18:14:17] 2026-08-10 18:14:17 | INFO     | WeightClient 3 round 18 completed (acc=0.9164)
[2026-08-10 18:14:17] 2026-08-10 18:14:17 | INFO     | WeightClient 4 fit round 18 (fedprox=True)
[2026-08-10 18:14:38] 2026-08-10 18:14:38 | INFO     | WeightClient 4 round 18 completed (acc=0.9181)
[2026-08-10 18:14:38] 2026-08-10 18:14:38 | INFO     | WeightClient 5 fit round 18 (fedprox=True)
[2026-08-10 18:15:03] 2026-08-10 18:15:03 | INFO     | WeightClient 5 round 18 completed (acc=0.9106)
[2026-08-10 18:15:03] 2026-08-10 18:15:03 | INFO     | WeightClient 6 fit round 18 (fedprox=True)
[2026-08-10 18:15:32] 2026-08-10 18:15:32 | INFO     | WeightClient 6 round 18 completed (acc=0.9140)
[2026-08-10 18:15:32] 2026-08-10 18:15:32 | INFO     | WeightClient 7 fit round 18 (fedprox=True)
[2026-08-10 18:15:52] 2026-08-10 18:15:52 | INFO     | WeightClient 7 round 18 completed (acc=0.9162)
[2026-08-10 18:15:52] 2026-08-10 18:15:52 | INFO     | WeightClient 8 fit round 18 (fedprox=True)
[2026-08-10 18:16:13] 2026-08-10 18:16:13 | INFO     | WeightClient 8 round 18 completed (acc=0.9163)
[2026-08-10 18:16:13] 2026-08-10 18:16:13 | INFO     | WeightClient 9 fit round 18 (fedprox=True)
[2026-08-10 18:16:41] 2026-08-10 18:16:41 | INFO     | WeightClient 9 round 18 completed (acc=0.9177)
[2026-08-10 18:16:41] 2026-08-10 18:16:41 | INFO     | WeightClient 10 fit round 18 (fedprox=True)
[2026-08-10 18:17:04] 2026-08-10 18:17:04 | INFO     | WeightClient 10 round 18 completed (acc=0.9186)
[2026-08-10 18:17:04] 2026-08-10 18:17:04 | INFO     | WeightClient 11 fit round 18 (fedprox=True)
[2026-08-10 18:17:27] 2026-08-10 18:17:27 | INFO     | WeightClient 11 round 18 completed (acc=0.9216)
[2026-08-10 18:17:27] 2026-08-10 18:17:27 | INFO     | WeightClient 12 fit round 18 (fedprox=True)
[2026-08-10 18:17:47] 2026-08-10 18:17:47 | INFO     | WeightClient 12 round 18 completed (acc=0.9177)
[2026-08-10 18:17:47] 2026-08-10 18:17:47 | INFO     | WeightClient 13 fit round 18 (fedprox=True)
[2026-08-10 18:18:04] 2026-08-10 18:18:04 | INFO     | WeightClient 13 round 18 completed (acc=0.9121)
[2026-08-10 18:18:04] 2026-08-10 18:18:04 | INFO     | WeightClient 14 fit round 18 (fedprox=True)
[2026-08-10 18:18:21] 2026-08-10 18:18:21 | INFO     | WeightClient 14 round 18 completed (acc=0.9128)
[2026-08-10 18:18:21] 2026-08-10 18:18:21 | INFO     | WeightClient 15 fit round 18 (fedprox=True)
[2026-08-10 18:18:34] 2026-08-10 18:18:34 | INFO     | WeightClient 15 round 18 completed (acc=0.9143)
[2026-08-10 18:18:34] 2026-08-10 18:18:34 | INFO     | WeightClient 16 fit round 18 (fedprox=True)
[2026-08-10 18:18:51] 2026-08-10 18:18:51 | INFO     | WeightClient 16 round 18 completed (acc=0.9113)
[2026-08-10 18:18:51] 2026-08-10 18:18:51 | INFO     | WeightClient 17 fit round 18 (fedprox=True)
[2026-08-10 18:19:07] 2026-08-10 18:19:07 | INFO     | WeightClient 17 round 18 completed (acc=0.8998)
[2026-08-10 18:19:07] 2026-08-10 18:19:07 | INFO     | WeightClient 18 fit round 18 (fedprox=True)
[2026-08-10 18:19:25] 2026-08-10 18:19:25 | INFO     | WeightClient 18 round 18 completed (acc=0.9183)
[2026-08-10 18:19:25] 2026-08-10 18:19:25 | INFO     | WeightClient 19 fit round 18 (fedprox=True)
[2026-08-10 18:19:43] 2026-08-10 18:19:43 | INFO     | WeightClient 19 round 18 completed (acc=0.9188)
[2026-08-10 18:19:43]   Round  18/40 | Avg: 0.9148 | Min: 0.8998 | Max: 0.9216
[2026-08-10 18:19:43] 2026-08-10 18:19:43 | INFO     | FEDPROX — IID: round 19/40 starting
[2026-08-10 18:19:43] 2026-08-10 18:19:43 | INFO     | WeightClient 0 fit round 19 (fedprox=True)
[2026-08-10 18:20:08] 2026-08-10 18:20:08 | INFO     | WeightClient 0 round 19 completed (acc=0.9133)
[2026-08-10 18:20:08] 2026-08-10 18:20:08 | INFO     | WeightClient 1 fit round 19 (fedprox=True)
[2026-08-10 18:20:30] 2026-08-10 18:20:30 | INFO     | WeightClient 1 round 19 completed (acc=0.9223)
[2026-08-10 18:20:30] 2026-08-10 18:20:30 | INFO     | WeightClient 2 fit round 19 (fedprox=True)
[2026-08-10 18:20:53] 2026-08-10 18:20:53 | INFO     | WeightClient 2 round 19 completed (acc=0.9143)
[2026-08-10 18:20:53] 2026-08-10 18:20:53 | INFO     | WeightClient 3 fit round 19 (fedprox=True)
[2026-08-10 18:21:18] 2026-08-10 18:21:18 | INFO     | WeightClient 3 round 19 completed (acc=0.9103)
[2026-08-10 18:21:18] 2026-08-10 18:21:18 | INFO     | WeightClient 4 fit round 19 (fedprox=True)
[2026-08-10 18:21:43] 2026-08-10 18:21:43 | INFO     | WeightClient 4 round 19 completed (acc=0.9185)
[2026-08-10 18:21:43] 2026-08-10 18:21:43 | INFO     | WeightClient 5 fit round 19 (fedprox=True)
[2026-08-10 18:22:12] 2026-08-10 18:22:12 | INFO     | WeightClient 5 round 19 completed (acc=0.9117)
[2026-08-10 18:22:12] 2026-08-10 18:22:12 | INFO     | WeightClient 6 fit round 19 (fedprox=True)
[2026-08-10 18:22:33] 2026-08-10 18:22:33 | INFO     | WeightClient 6 round 19 completed (acc=0.9154)
[2026-08-10 18:22:33] 2026-08-10 18:22:33 | INFO     | WeightClient 7 fit round 19 (fedprox=True)
[2026-08-10 18:22:55] 2026-08-10 18:22:55 | INFO     | WeightClient 7 round 19 completed (acc=0.9103)
[2026-08-10 18:22:55] 2026-08-10 18:22:55 | INFO     | WeightClient 8 fit round 19 (fedprox=True)
[2026-08-10 18:23:12] 2026-08-10 18:23:12 | INFO     | WeightClient 8 round 19 completed (acc=0.9175)
[2026-08-10 18:23:12] 2026-08-10 18:23:12 | INFO     | WeightClient 9 fit round 19 (fedprox=True)
[2026-08-10 18:23:36] 2026-08-10 18:23:36 | INFO     | WeightClient 9 round 19 completed (acc=0.9181)
[2026-08-10 18:23:36] 2026-08-10 18:23:36 | INFO     | WeightClient 10 fit round 19 (fedprox=True)
[2026-08-10 18:24:03] 2026-08-10 18:24:03 | INFO     | WeightClient 10 round 19 completed (acc=0.9027)
[2026-08-10 18:24:03] 2026-08-10 18:24:03 | INFO     | WeightClient 11 fit round 19 (fedprox=True)
[2026-08-10 18:24:25] 2026-08-10 18:24:25 | INFO     | WeightClient 11 round 19 completed (acc=0.9156)
[2026-08-10 18:24:25] 2026-08-10 18:24:25 | INFO     | WeightClient 12 fit round 19 (fedprox=True)
[2026-08-10 18:24:54] 2026-08-10 18:24:54 | INFO     | WeightClient 12 round 19 completed (acc=0.9020)
[2026-08-10 18:24:54] 2026-08-10 18:24:54 | INFO     | WeightClient 13 fit round 19 (fedprox=True)
[2026-08-10 18:25:15] 2026-08-10 18:25:15 | INFO     | WeightClient 13 round 19 completed (acc=0.9130)
[2026-08-10 18:25:15] 2026-08-10 18:25:15 | INFO     | WeightClient 14 fit round 19 (fedprox=True)
[2026-08-10 18:25:40] 2026-08-10 18:25:40 | INFO     | WeightClient 14 round 19 completed (acc=0.9185)
[2026-08-10 18:25:40] 2026-08-10 18:25:40 | INFO     | WeightClient 15 fit round 19 (fedprox=True)
[2026-08-10 18:26:01] 2026-08-10 18:26:01 | INFO     | WeightClient 15 round 19 completed (acc=0.9201)
[2026-08-10 18:26:01] 2026-08-10 18:26:01 | INFO     | WeightClient 16 fit round 19 (fedprox=True)
[2026-08-10 18:26:20] 2026-08-10 18:26:20 | INFO     | WeightClient 16 round 19 completed (acc=0.9039)
[2026-08-10 18:26:20] 2026-08-10 18:26:20 | INFO     | WeightClient 17 fit round 19 (fedprox=True)
[2026-08-10 18:26:47] 2026-08-10 18:26:47 | INFO     | WeightClient 17 round 19 completed (acc=0.9170)
[2026-08-10 18:26:47] 2026-08-10 18:26:47 | INFO     | WeightClient 18 fit round 19 (fedprox=True)
[2026-08-10 18:27:17] 2026-08-10 18:27:17 | INFO     | WeightClient 18 round 19 completed (acc=0.9210)
[2026-08-10 18:27:17] 2026-08-10 18:27:17 | INFO     | WeightClient 19 fit round 19 (fedprox=True)
[2026-08-10 18:27:42] 2026-08-10 18:27:42 | INFO     | WeightClient 19 round 19 completed (acc=0.9125)
[2026-08-10 18:27:43]   Round  19/40 | Avg: 0.9139 | Min: 0.9020 | Max: 0.9223
[2026-08-10 18:27:43] 2026-08-10 18:27:43 | INFO     | FEDPROX — IID: round 20/40 starting
[2026-08-10 18:27:43] 2026-08-10 18:27:43 | INFO     | WeightClient 0 fit round 20 (fedprox=True)
[2026-08-10 18:28:17] 2026-08-10 18:28:17 | INFO     | WeightClient 0 round 20 completed (acc=0.9152)
[2026-08-10 18:28:17] 2026-08-10 18:28:17 | INFO     | WeightClient 1 fit round 20 (fedprox=True)
[2026-08-10 18:28:45] 2026-08-10 18:28:45 | INFO     | WeightClient 1 round 20 completed (acc=0.9229)
[2026-08-10 18:28:45] 2026-08-10 18:28:45 | INFO     | WeightClient 2 fit round 20 (fedprox=True)
[2026-08-10 18:29:09] 2026-08-10 18:29:09 | INFO     | WeightClient 2 round 20 completed (acc=0.9163)
[2026-08-10 18:29:09] 2026-08-10 18:29:09 | INFO     | WeightClient 3 fit round 20 (fedprox=True)
[2026-08-10 18:29:39] 2026-08-10 18:29:39 | INFO     | WeightClient 3 round 20 completed (acc=0.9175)
[2026-08-10 18:29:39] 2026-08-10 18:29:39 | INFO     | WeightClient 4 fit round 20 (fedprox=True)
[2026-08-10 18:29:55] 2026-08-10 18:29:55 | INFO     | WeightClient 4 round 20 completed (acc=0.9195)
[2026-08-10 18:29:55] 2026-08-10 18:29:55 | INFO     | WeightClient 5 fit round 20 (fedprox=True)
[2026-08-10 18:30:10] 2026-08-10 18:30:10 | INFO     | WeightClient 5 round 20 completed (acc=0.9057)
[2026-08-10 18:30:10] 2026-08-10 18:30:10 | INFO     | WeightClient 6 fit round 20 (fedprox=True)
[2026-08-10 18:30:30] 2026-08-10 18:30:30 | INFO     | WeightClient 6 round 20 completed (acc=0.9131)
[2026-08-10 18:30:30] 2026-08-10 18:30:30 | INFO     | WeightClient 7 fit round 20 (fedprox=True)
[2026-08-10 18:30:54] 2026-08-10 18:30:54 | INFO     | WeightClient 7 round 20 completed (acc=0.9168)
[2026-08-10 18:30:54] 2026-08-10 18:30:54 | INFO     | WeightClient 8 fit round 20 (fedprox=True)
[2026-08-10 18:31:21] 2026-08-10 18:31:21 | INFO     | WeightClient 8 round 20 completed (acc=0.9074)
[2026-08-10 18:31:21] 2026-08-10 18:31:21 | INFO     | WeightClient 9 fit round 20 (fedprox=True)
[2026-08-10 18:31:47] 2026-08-10 18:31:47 | INFO     | WeightClient 9 round 20 completed (acc=0.9166)
[2026-08-10 18:31:47] 2026-08-10 18:31:47 | INFO     | WeightClient 10 fit round 20 (fedprox=True)
[2026-08-10 18:32:11] 2026-08-10 18:32:11 | INFO     | WeightClient 10 round 20 completed (acc=0.9103)
[2026-08-10 18:32:11] 2026-08-10 18:32:11 | INFO     | WeightClient 11 fit round 20 (fedprox=True)
[2026-08-10 18:32:37] 2026-08-10 18:32:37 | INFO     | WeightClient 11 round 20 completed (acc=0.9200)
[2026-08-10 18:32:37] 2026-08-10 18:32:37 | INFO     | WeightClient 12 fit round 20 (fedprox=True)
[2026-08-10 18:32:50] 2026-08-10 18:32:50 | INFO     | WeightClient 12 round 20 completed (acc=0.9144)
[2026-08-10 18:32:50] 2026-08-10 18:32:50 | INFO     | WeightClient 13 fit round 20 (fedprox=True)
[2026-08-10 18:33:15] 2026-08-10 18:33:15 | INFO     | WeightClient 13 round 20 completed (acc=0.9096)
[2026-08-10 18:33:15] 2026-08-10 18:33:15 | INFO     | WeightClient 14 fit round 20 (fedprox=True)
[2026-08-10 18:33:39] 2026-08-10 18:33:39 | INFO     | WeightClient 14 round 20 completed (acc=0.9226)
[2026-08-10 18:33:39] 2026-08-10 18:33:39 | INFO     | WeightClient 15 fit round 20 (fedprox=True)
[2026-08-10 18:34:00] 2026-08-10 18:34:00 | INFO     | WeightClient 15 round 20 completed (acc=0.9215)
[2026-08-10 18:34:00] 2026-08-10 18:34:00 | INFO     | WeightClient 16 fit round 20 (fedprox=True)
[2026-08-10 18:34:29] 2026-08-10 18:34:29 | INFO     | WeightClient 16 round 20 completed (acc=0.9156)
[2026-08-10 18:34:29] 2026-08-10 18:34:29 | INFO     | WeightClient 17 fit round 20 (fedprox=True)
[2026-08-10 18:34:54] 2026-08-10 18:34:54 | INFO     | WeightClient 17 round 20 completed (acc=0.9077)
[2026-08-10 18:34:54] 2026-08-10 18:34:54 | INFO     | WeightClient 18 fit round 20 (fedprox=True)
[2026-08-10 18:35:16] 2026-08-10 18:35:16 | INFO     | WeightClient 18 round 20 completed (acc=0.9136)
[2026-08-10 18:35:16] 2026-08-10 18:35:16 | INFO     | WeightClient 19 fit round 20 (fedprox=True)
[2026-08-10 18:35:37] 2026-08-10 18:35:37 | INFO     | WeightClient 19 round 20 completed (acc=0.9201)
[2026-08-10 18:35:38]   Round  20/40 | Avg: 0.9153 | Min: 0.9057 | Max: 0.9229
[2026-08-10 18:35:38] 2026-08-10 18:35:38 | INFO     | FEDPROX — IID: round 21/40 starting
[2026-08-10 18:35:38] 2026-08-10 18:35:38 | INFO     | WeightClient 0 fit round 21 (fedprox=True)
[2026-08-10 18:35:54] 2026-08-10 18:35:54 | INFO     | WeightClient 0 round 21 completed (acc=0.9194)
[2026-08-10 18:35:54] 2026-08-10 18:35:54 | INFO     | WeightClient 1 fit round 21 (fedprox=True)
[2026-08-10 18:36:11] 2026-08-10 18:36:11 | INFO     | WeightClient 1 round 21 completed (acc=0.9217)
[2026-08-10 18:36:11] 2026-08-10 18:36:11 | INFO     | WeightClient 2 fit round 21 (fedprox=True)
[2026-08-10 18:36:33] 2026-08-10 18:36:33 | INFO     | WeightClient 2 round 21 completed (acc=0.9094)
[2026-08-10 18:36:33] 2026-08-10 18:36:33 | INFO     | WeightClient 3 fit round 21 (fedprox=True)
[2026-08-10 18:36:53] 2026-08-10 18:36:53 | INFO     | WeightClient 3 round 21 completed (acc=0.9227)
[2026-08-10 18:36:53] 2026-08-10 18:36:53 | INFO     | WeightClient 4 fit round 21 (fedprox=True)
[2026-08-10 18:37:13] 2026-08-10 18:37:13 | INFO     | WeightClient 4 round 21 completed (acc=0.9180)
[2026-08-10 18:37:13] 2026-08-10 18:37:13 | INFO     | WeightClient 5 fit round 21 (fedprox=True)
[2026-08-10 18:37:35] 2026-08-10 18:37:35 | INFO     | WeightClient 5 round 21 completed (acc=0.9135)
[2026-08-10 18:37:35] 2026-08-10 18:37:35 | INFO     | WeightClient 6 fit round 21 (fedprox=True)
[2026-08-10 18:37:56] 2026-08-10 18:37:56 | INFO     | WeightClient 6 round 21 completed (acc=0.9214)
[2026-08-10 18:37:56] 2026-08-10 18:37:56 | INFO     | WeightClient 7 fit round 21 (fedprox=True)
[2026-08-10 18:38:20] 2026-08-10 18:38:20 | INFO     | WeightClient 7 round 21 completed (acc=0.9199)
[2026-08-10 18:38:20] 2026-08-10 18:38:20 | INFO     | WeightClient 8 fit round 21 (fedprox=True)
[2026-08-10 18:38:44] 2026-08-10 18:38:44 | INFO     | WeightClient 8 round 21 completed (acc=0.9218)
[2026-08-10 18:38:44] 2026-08-10 18:38:44 | INFO     | WeightClient 9 fit round 21 (fedprox=True)
[2026-08-10 18:39:04] 2026-08-10 18:39:04 | INFO     | WeightClient 9 round 21 completed (acc=0.9171)
[2026-08-10 18:39:04] 2026-08-10 18:39:04 | INFO     | WeightClient 10 fit round 21 (fedprox=True)
[2026-08-10 18:39:33] 2026-08-10 18:39:33 | INFO     | WeightClient 10 round 21 completed (acc=0.9244)
[2026-08-10 18:39:33] 2026-08-10 18:39:33 | INFO     | WeightClient 11 fit round 21 (fedprox=True)
[2026-08-10 18:39:51] 2026-08-10 18:39:51 | INFO     | WeightClient 11 round 21 completed (acc=0.9213)
[2026-08-10 18:39:51] 2026-08-10 18:39:51 | INFO     | WeightClient 12 fit round 21 (fedprox=True)
[2026-08-10 18:40:19] 2026-08-10 18:40:19 | INFO     | WeightClient 12 round 21 completed (acc=0.9213)
[2026-08-10 18:40:19] 2026-08-10 18:40:19 | INFO     | WeightClient 13 fit round 21 (fedprox=True)
[2026-08-10 18:40:49] 2026-08-10 18:40:49 | INFO     | WeightClient 13 round 21 completed (acc=0.9231)
[2026-08-10 18:40:49] 2026-08-10 18:40:49 | INFO     | WeightClient 14 fit round 21 (fedprox=True)
[2026-08-10 18:41:13] 2026-08-10 18:41:13 | INFO     | WeightClient 14 round 21 completed (acc=0.9196)
[2026-08-10 18:41:13] 2026-08-10 18:41:13 | INFO     | WeightClient 15 fit round 21 (fedprox=True)
[2026-08-10 18:41:42] 2026-08-10 18:41:42 | INFO     | WeightClient 15 round 21 completed (acc=0.9173)
[2026-08-10 18:41:42] 2026-08-10 18:41:42 | INFO     | WeightClient 16 fit round 21 (fedprox=True)
[2026-08-10 18:42:05] 2026-08-10 18:42:05 | INFO     | WeightClient 16 round 21 completed (acc=0.9065)
[2026-08-10 18:42:05] 2026-08-10 18:42:05 | INFO     | WeightClient 17 fit round 21 (fedprox=True)
[2026-08-10 18:42:33] 2026-08-10 18:42:33 | INFO     | WeightClient 17 round 21 completed (acc=0.9144)
[2026-08-10 18:42:33] 2026-08-10 18:42:33 | INFO     | WeightClient 18 fit round 21 (fedprox=True)
[2026-08-10 18:43:04] 2026-08-10 18:43:04 | INFO     | WeightClient 18 round 21 completed (acc=0.9159)
[2026-08-10 18:43:04] 2026-08-10 18:43:04 | INFO     | WeightClient 19 fit round 21 (fedprox=True)
[2026-08-10 18:43:36] 2026-08-10 18:43:36 | INFO     | WeightClient 19 round 21 completed (acc=0.9236)
[2026-08-10 18:43:36]   Round  21/40 | Avg: 0.9186 | Min: 0.9065 | Max: 0.9244
[2026-08-10 18:43:36] 2026-08-10 18:43:36 | INFO     | FEDPROX — IID: round 22/40 starting
[2026-08-10 18:43:36] 2026-08-10 18:43:36 | INFO     | WeightClient 0 fit round 22 (fedprox=True)
[2026-08-10 18:44:06] 2026-08-10 18:44:06 | INFO     | WeightClient 0 round 22 completed (acc=0.9179)
[2026-08-10 18:44:06] 2026-08-10 18:44:06 | INFO     | WeightClient 1 fit round 22 (fedprox=True)
[2026-08-10 18:44:25] 2026-08-10 18:44:25 | INFO     | WeightClient 1 round 22 completed (acc=0.9266)
[2026-08-10 18:44:25] 2026-08-10 18:44:25 | INFO     | WeightClient 2 fit round 22 (fedprox=True)
[2026-08-10 18:44:59] 2026-08-10 18:44:59 | INFO     | WeightClient 2 round 22 completed (acc=0.9172)
[2026-08-10 18:44:59] 2026-08-10 18:44:59 | INFO     | WeightClient 3 fit round 22 (fedprox=True)
[2026-08-10 18:45:22] 2026-08-10 18:45:22 | INFO     | WeightClient 3 round 22 completed (acc=0.9201)
[2026-08-10 18:45:22] 2026-08-10 18:45:22 | INFO     | WeightClient 4 fit round 22 (fedprox=True)
[2026-08-10 18:45:43] 2026-08-10 18:45:43 | INFO     | WeightClient 4 round 22 completed (acc=0.9240)
[2026-08-10 18:45:43] 2026-08-10 18:45:43 | INFO     | WeightClient 5 fit round 22 (fedprox=True)
[2026-08-10 18:46:17] 2026-08-10 18:46:17 | INFO     | WeightClient 5 round 22 completed (acc=0.9123)
[2026-08-10 18:46:17] 2026-08-10 18:46:17 | INFO     | WeightClient 6 fit round 22 (fedprox=True)
[2026-08-10 18:46:45] 2026-08-10 18:46:45 | INFO     | WeightClient 6 round 22 completed (acc=0.9285)
[2026-08-10 18:46:45] 2026-08-10 18:46:45 | INFO     | WeightClient 7 fit round 22 (fedprox=True)
[2026-08-10 18:47:08] 2026-08-10 18:47:08 | INFO     | WeightClient 7 round 22 completed (acc=0.9177)
[2026-08-10 18:47:08] 2026-08-10 18:47:08 | INFO     | WeightClient 8 fit round 22 (fedprox=True)
[2026-08-10 18:47:33] 2026-08-10 18:47:33 | INFO     | WeightClient 8 round 22 completed (acc=0.9224)
[2026-08-10 18:47:33] 2026-08-10 18:47:33 | INFO     | WeightClient 9 fit round 22 (fedprox=True)
[2026-08-10 18:47:55] 2026-08-10 18:47:55 | INFO     | WeightClient 9 round 22 completed (acc=0.9229)
[2026-08-10 18:47:56] 2026-08-10 18:47:56 | INFO     | WeightClient 10 fit round 22 (fedprox=True)
[2026-08-10 18:48:15] 2026-08-10 18:48:15 | INFO     | WeightClient 10 round 22 completed (acc=0.9263)
[2026-08-10 18:48:15] 2026-08-10 18:48:15 | INFO     | WeightClient 11 fit round 22 (fedprox=True)
[2026-08-10 18:48:46] 2026-08-10 18:48:46 | INFO     | WeightClient 11 round 22 completed (acc=0.9227)
[2026-08-10 18:48:46] 2026-08-10 18:48:46 | INFO     | WeightClient 12 fit round 22 (fedprox=True)
[2026-08-10 18:49:18] 2026-08-10 18:49:18 | INFO     | WeightClient 12 round 22 completed (acc=0.9183)
[2026-08-10 18:49:18] 2026-08-10 18:49:18 | INFO     | WeightClient 13 fit round 22 (fedprox=True)
[2026-08-10 18:49:41] 2026-08-10 18:49:41 | INFO     | WeightClient 13 round 22 completed (acc=0.9225)
[2026-08-10 18:49:41] 2026-08-10 18:49:41 | INFO     | WeightClient 14 fit round 22 (fedprox=True)
[2026-08-10 18:50:09] 2026-08-10 18:50:09 | INFO     | WeightClient 14 round 22 completed (acc=0.9158)
[2026-08-10 18:50:09] 2026-08-10 18:50:09 | INFO     | WeightClient 15 fit round 22 (fedprox=True)
[2026-08-10 18:50:34] 2026-08-10 18:50:34 | INFO     | WeightClient 15 round 22 completed (acc=0.9235)
[2026-08-10 18:50:34] 2026-08-10 18:50:34 | INFO     | WeightClient 16 fit round 22 (fedprox=True)
[2026-08-10 18:50:55] 2026-08-10 18:50:55 | INFO     | WeightClient 16 round 22 completed (acc=0.9139)
[2026-08-10 18:50:55] 2026-08-10 18:50:55 | INFO     | WeightClient 17 fit round 22 (fedprox=True)
[2026-08-10 18:51:22] 2026-08-10 18:51:22 | INFO     | WeightClient 17 round 22 completed (acc=0.9251)
[2026-08-10 18:51:22] 2026-08-10 18:51:22 | INFO     | WeightClient 18 fit round 22 (fedprox=True)
[2026-08-10 18:51:54] 2026-08-10 18:51:54 | INFO     | WeightClient 18 round 22 completed (acc=0.9198)
[2026-08-10 18:51:54] 2026-08-10 18:51:54 | INFO     | WeightClient 19 fit round 22 (fedprox=True)
[2026-08-10 18:52:21] 2026-08-10 18:52:21 | INFO     | WeightClient 19 round 22 completed (acc=0.9228)
[2026-08-10 18:52:21]   Round  22/40 | Avg: 0.9210 | Min: 0.9123 | Max: 0.9285
[2026-08-10 18:52:21] 2026-08-10 18:52:21 | INFO     | FEDPROX — IID: round 23/40 starting
[2026-08-10 18:52:21] 2026-08-10 18:52:21 | INFO     | WeightClient 0 fit round 23 (fedprox=True)
[2026-08-10 18:52:49] 2026-08-10 18:52:49 | INFO     | WeightClient 0 round 23 completed (acc=0.9227)
[2026-08-10 18:52:49] 2026-08-10 18:52:49 | INFO     | WeightClient 1 fit round 23 (fedprox=True)
[2026-08-10 18:53:30] 2026-08-10 18:53:30 | INFO     | WeightClient 1 round 23 completed (acc=0.9277)
[2026-08-10 18:53:30] 2026-08-10 18:53:30 | INFO     | WeightClient 2 fit round 23 (fedprox=True)
[2026-08-10 18:53:55] 2026-08-10 18:53:55 | INFO     | WeightClient 2 round 23 completed (acc=0.9191)
[2026-08-10 18:53:55] 2026-08-10 18:53:55 | INFO     | WeightClient 3 fit round 23 (fedprox=True)
[2026-08-10 18:54:18] 2026-08-10 18:54:18 | INFO     | WeightClient 3 round 23 completed (acc=0.9221)
[2026-08-10 18:54:18] 2026-08-10 18:54:18 | INFO     | WeightClient 4 fit round 23 (fedprox=True)
[2026-08-10 18:54:45] 2026-08-10 18:54:45 | INFO     | WeightClient 4 round 23 completed (acc=0.9220)
[2026-08-10 18:54:45] 2026-08-10 18:54:45 | INFO     | WeightClient 5 fit round 23 (fedprox=True)
[2026-08-10 18:55:09] 2026-08-10 18:55:09 | INFO     | WeightClient 5 round 23 completed (acc=0.8984)
[2026-08-10 18:55:09] 2026-08-10 18:55:09 | INFO     | WeightClient 6 fit round 23 (fedprox=True)
[2026-08-10 18:55:34] 2026-08-10 18:55:34 | INFO     | WeightClient 6 round 23 completed (acc=0.9242)
[2026-08-10 18:55:34] 2026-08-10 18:55:34 | INFO     | WeightClient 7 fit round 23 (fedprox=True)
[2026-08-10 18:55:56] 2026-08-10 18:55:56 | INFO     | WeightClient 7 round 23 completed (acc=0.9236)
[2026-08-10 18:55:56] 2026-08-10 18:55:56 | INFO     | WeightClient 8 fit round 23 (fedprox=True)
[2026-08-10 18:56:23] 2026-08-10 18:56:23 | INFO     | WeightClient 8 round 23 completed (acc=0.9227)
[2026-08-10 18:56:23] 2026-08-10 18:56:23 | INFO     | WeightClient 9 fit round 23 (fedprox=True)
[2026-08-10 18:56:45] 2026-08-10 18:56:45 | INFO     | WeightClient 9 round 23 completed (acc=0.9216)
[2026-08-10 18:56:45] 2026-08-10 18:56:45 | INFO     | WeightClient 10 fit round 23 (fedprox=True)
[2026-08-10 18:57:08] 2026-08-10 18:57:08 | INFO     | WeightClient 10 round 23 completed (acc=0.9279)
[2026-08-10 18:57:09] 2026-08-10 18:57:09 | INFO     | WeightClient 11 fit round 23 (fedprox=True)
[2026-08-10 18:57:29] 2026-08-10 18:57:29 | INFO     | WeightClient 11 round 23 completed (acc=0.9271)
[2026-08-10 18:57:29] 2026-08-10 18:57:29 | INFO     | WeightClient 12 fit round 23 (fedprox=True)
[2026-08-10 18:57:51] 2026-08-10 18:57:51 | INFO     | WeightClient 12 round 23 completed (acc=0.9208)
[2026-08-10 18:57:51] 2026-08-10 18:57:51 | INFO     | WeightClient 13 fit round 23 (fedprox=True)
[2026-08-10 18:58:12] 2026-08-10 18:58:12 | INFO     | WeightClient 13 round 23 completed (acc=0.9262)
[2026-08-10 18:58:12] 2026-08-10 18:58:12 | INFO     | WeightClient 14 fit round 23 (fedprox=True)
[2026-08-10 18:58:38] 2026-08-10 18:58:38 | INFO     | WeightClient 14 round 23 completed (acc=0.9244)
[2026-08-10 18:58:38] 2026-08-10 18:58:38 | INFO     | WeightClient 15 fit round 23 (fedprox=True)
[2026-08-10 18:59:05] 2026-08-10 18:59:05 | INFO     | WeightClient 15 round 23 completed (acc=0.9257)
[2026-08-10 18:59:05] 2026-08-10 18:59:05 | INFO     | WeightClient 16 fit round 23 (fedprox=True)
[2026-08-10 18:59:37] 2026-08-10 18:59:37 | INFO     | WeightClient 16 round 23 completed (acc=0.9036)
[2026-08-10 18:59:37] 2026-08-10 18:59:37 | INFO     | WeightClient 17 fit round 23 (fedprox=True)
[2026-08-10 19:00:03] 2026-08-10 19:00:02 | INFO     | WeightClient 17 round 23 completed (acc=0.9176)
[2026-08-10 19:00:03] 2026-08-10 19:00:03 | INFO     | WeightClient 18 fit round 23 (fedprox=True)
[2026-08-10 19:00:31] 2026-08-10 19:00:31 | INFO     | WeightClient 18 round 23 completed (acc=0.9254)
[2026-08-10 19:00:31] 2026-08-10 19:00:31 | INFO     | WeightClient 19 fit round 23 (fedprox=True)
[2026-08-10 19:00:56] 2026-08-10 19:00:56 | INFO     | WeightClient 19 round 23 completed (acc=0.9260)
[2026-08-10 19:00:56]   Round  23/40 | Avg: 0.9214 | Min: 0.8984 | Max: 0.9279
[2026-08-10 19:00:56] 2026-08-10 19:00:56 | INFO     | FEDPROX — IID: round 24/40 starting
[2026-08-10 19:00:56] 2026-08-10 19:00:56 | INFO     | WeightClient 0 fit round 24 (fedprox=True)
[2026-08-10 19:01:21] 2026-08-10 19:01:21 | INFO     | WeightClient 0 round 24 completed (acc=0.9236)
[2026-08-10 19:01:21] 2026-08-10 19:01:21 | INFO     | WeightClient 1 fit round 24 (fedprox=True)
[2026-08-10 19:01:54] 2026-08-10 19:01:54 | INFO     | WeightClient 1 round 24 completed (acc=0.9195)
[2026-08-10 19:01:54] 2026-08-10 19:01:54 | INFO     | WeightClient 2 fit round 24 (fedprox=True)
[2026-08-10 19:02:19] 2026-08-10 19:02:19 | INFO     | WeightClient 2 round 24 completed (acc=0.9188)
[2026-08-10 19:02:19] 2026-08-10 19:02:19 | INFO     | WeightClient 3 fit round 24 (fedprox=True)
[2026-08-10 19:02:45] 2026-08-10 19:02:45 | INFO     | WeightClient 3 round 24 completed (acc=0.9212)
[2026-08-10 19:02:45] 2026-08-10 19:02:45 | INFO     | WeightClient 4 fit round 24 (fedprox=True)
[2026-08-10 19:03:08] 2026-08-10 19:03:08 | INFO     | WeightClient 4 round 24 completed (acc=0.9298)
[2026-08-10 19:03:08] 2026-08-10 19:03:08 | INFO     | WeightClient 5 fit round 24 (fedprox=True)
[2026-08-10 19:03:42] 2026-08-10 19:03:42 | INFO     | WeightClient 5 round 24 completed (acc=0.9159)
[2026-08-10 19:03:42] 2026-08-10 19:03:42 | INFO     | WeightClient 6 fit round 24 (fedprox=True)
[2026-08-10 19:04:04] 2026-08-10 19:04:04 | INFO     | WeightClient 6 round 24 completed (acc=0.9303)
[2026-08-10 19:04:04] 2026-08-10 19:04:04 | INFO     | WeightClient 7 fit round 24 (fedprox=True)
[2026-08-10 19:04:34] 2026-08-10 19:04:34 | INFO     | WeightClient 7 round 24 completed (acc=0.9190)
[2026-08-10 19:04:34] 2026-08-10 19:04:34 | INFO     | WeightClient 8 fit round 24 (fedprox=True)
[2026-08-10 19:04:56] 2026-08-10 19:04:56 | INFO     | WeightClient 8 round 24 completed (acc=0.9211)
[2026-08-10 19:04:56] 2026-08-10 19:04:56 | INFO     | WeightClient 9 fit round 24 (fedprox=True)
[2026-08-10 19:05:24] 2026-08-10 19:05:24 | INFO     | WeightClient 9 round 24 completed (acc=0.9259)
[2026-08-10 19:05:24] 2026-08-10 19:05:24 | INFO     | WeightClient 10 fit round 24 (fedprox=True)
[2026-08-10 19:05:55] 2026-08-10 19:05:55 | INFO     | WeightClient 10 round 24 completed (acc=0.9220)
[2026-08-10 19:05:55] 2026-08-10 19:05:55 | INFO     | WeightClient 11 fit round 24 (fedprox=True)
[2026-08-10 19:06:18] 2026-08-10 19:06:18 | INFO     | WeightClient 11 round 24 completed (acc=0.9272)
[2026-08-10 19:06:18] 2026-08-10 19:06:18 | INFO     | WeightClient 12 fit round 24 (fedprox=True)
[2026-08-10 19:06:42] 2026-08-10 19:06:42 | INFO     | WeightClient 12 round 24 completed (acc=0.9239)
[2026-08-10 19:06:42] 2026-08-10 19:06:42 | INFO     | WeightClient 13 fit round 24 (fedprox=True)
[2026-08-10 19:07:11] 2026-08-10 19:07:11 | INFO     | WeightClient 13 round 24 completed (acc=0.9138)
[2026-08-10 19:07:11] 2026-08-10 19:07:11 | INFO     | WeightClient 14 fit round 24 (fedprox=True)
[2026-08-10 19:07:34] 2026-08-10 19:07:34 | INFO     | WeightClient 14 round 24 completed (acc=0.9243)
[2026-08-10 19:07:34] 2026-08-10 19:07:34 | INFO     | WeightClient 15 fit round 24 (fedprox=True)
[2026-08-10 19:07:55] 2026-08-10 19:07:55 | INFO     | WeightClient 15 round 24 completed (acc=0.9187)
[2026-08-10 19:07:55] 2026-08-10 19:07:55 | INFO     | WeightClient 16 fit round 24 (fedprox=True)
[2026-08-10 19:08:25] 2026-08-10 19:08:25 | INFO     | WeightClient 16 round 24 completed (acc=0.9175)
[2026-08-10 19:08:25] 2026-08-10 19:08:25 | INFO     | WeightClient 17 fit round 24 (fedprox=True)
[2026-08-10 19:08:49] 2026-08-10 19:08:49 | INFO     | WeightClient 17 round 24 completed (acc=0.9154)
[2026-08-10 19:08:49] 2026-08-10 19:08:49 | INFO     | WeightClient 18 fit round 24 (fedprox=True)
[2026-08-10 19:09:15] 2026-08-10 19:09:15 | INFO     | WeightClient 18 round 24 completed (acc=0.9208)
[2026-08-10 19:09:15] 2026-08-10 19:09:15 | INFO     | WeightClient 19 fit round 24 (fedprox=True)
[2026-08-10 19:09:48] 2026-08-10 19:09:48 | INFO     | WeightClient 19 round 24 completed (acc=0.9271)
[2026-08-10 19:09:48]   Round  24/40 | Avg: 0.9218 | Min: 0.9138 | Max: 0.9303
[2026-08-10 19:09:48] 2026-08-10 19:09:48 | INFO     | FEDPROX — IID: round 25/40 starting
[2026-08-10 19:09:48] 2026-08-10 19:09:48 | INFO     | WeightClient 0 fit round 25 (fedprox=True)
[2026-08-10 19:10:11] 2026-08-10 19:10:11 | INFO     | WeightClient 0 round 25 completed (acc=0.9327)
[2026-08-10 19:10:11] 2026-08-10 19:10:11 | INFO     | WeightClient 1 fit round 25 (fedprox=True)
[2026-08-10 19:10:36] 2026-08-10 19:10:36 | INFO     | WeightClient 1 round 25 completed (acc=0.9273)
[2026-08-10 19:10:36] 2026-08-10 19:10:36 | INFO     | WeightClient 2 fit round 25 (fedprox=True)
[2026-08-10 19:11:11] 2026-08-10 19:11:11 | INFO     | WeightClient 2 round 25 completed (acc=0.9252)
[2026-08-10 19:11:11] 2026-08-10 19:11:11 | INFO     | WeightClient 3 fit round 25 (fedprox=True)
[2026-08-10 19:11:37] 2026-08-10 19:11:37 | INFO     | WeightClient 3 round 25 completed (acc=0.9167)
[2026-08-10 19:11:37] 2026-08-10 19:11:37 | INFO     | WeightClient 4 fit round 25 (fedprox=True)
[2026-08-10 19:11:59] 2026-08-10 19:11:59 | INFO     | WeightClient 4 round 25 completed (acc=0.9335)
[2026-08-10 19:11:59] 2026-08-10 19:11:59 | INFO     | WeightClient 5 fit round 25 (fedprox=True)
[2026-08-10 19:12:24] 2026-08-10 19:12:24 | INFO     | WeightClient 5 round 25 completed (acc=0.9096)
[2026-08-10 19:12:24] 2026-08-10 19:12:24 | INFO     | WeightClient 6 fit round 25 (fedprox=True)
[2026-08-10 19:12:50] 2026-08-10 19:12:50 | INFO     | WeightClient 6 round 25 completed (acc=0.9232)
[2026-08-10 19:12:50] 2026-08-10 19:12:50 | INFO     | WeightClient 7 fit round 25 (fedprox=True)
[2026-08-10 19:13:14] 2026-08-10 19:13:14 | INFO     | WeightClient 7 round 25 completed (acc=0.9229)
[2026-08-10 19:13:14] 2026-08-10 19:13:14 | INFO     | WeightClient 8 fit round 25 (fedprox=True)
[2026-08-10 19:13:37] 2026-08-10 19:13:37 | INFO     | WeightClient 8 round 25 completed (acc=0.9216)
[2026-08-10 19:13:37] 2026-08-10 19:13:37 | INFO     | WeightClient 9 fit round 25 (fedprox=True)
[2026-08-10 19:13:57] 2026-08-10 19:13:57 | INFO     | WeightClient 9 round 25 completed (acc=0.9294)
[2026-08-10 19:13:57] 2026-08-10 19:13:57 | INFO     | WeightClient 10 fit round 25 (fedprox=True)
[2026-08-10 19:14:18] 2026-08-10 19:14:18 | INFO     | WeightClient 10 round 25 completed (acc=0.9300)
[2026-08-10 19:14:19] 2026-08-10 19:14:19 | INFO     | WeightClient 11 fit round 25 (fedprox=True)
[2026-08-10 19:14:36] 2026-08-10 19:14:36 | INFO     | WeightClient 11 round 25 completed (acc=0.9237)
[2026-08-10 19:14:36] 2026-08-10 19:14:36 | INFO     | WeightClient 12 fit round 25 (fedprox=True)
[2026-08-10 19:14:56] 2026-08-10 19:14:56 | INFO     | WeightClient 12 round 25 completed (acc=0.9285)
[2026-08-10 19:14:56] 2026-08-10 19:14:56 | INFO     | WeightClient 13 fit round 25 (fedprox=True)
[2026-08-10 19:15:17] 2026-08-10 19:15:17 | INFO     | WeightClient 13 round 25 completed (acc=0.9274)
[2026-08-10 19:15:17] 2026-08-10 19:15:17 | INFO     | WeightClient 14 fit round 25 (fedprox=True)
[2026-08-10 19:15:37] 2026-08-10 19:15:37 | INFO     | WeightClient 14 round 25 completed (acc=0.9257)
[2026-08-10 19:15:37] 2026-08-10 19:15:37 | INFO     | WeightClient 15 fit round 25 (fedprox=True)
[2026-08-10 19:15:56] 2026-08-10 19:15:56 | INFO     | WeightClient 15 round 25 completed (acc=0.9304)
[2026-08-10 19:15:56] 2026-08-10 19:15:56 | INFO     | WeightClient 16 fit round 25 (fedprox=True)
[2026-08-10 19:16:17] 2026-08-10 19:16:17 | INFO     | WeightClient 16 round 25 completed (acc=0.9194)
[2026-08-10 19:16:17] 2026-08-10 19:16:17 | INFO     | WeightClient 17 fit round 25 (fedprox=True)
[2026-08-10 19:16:43] 2026-08-10 19:16:43 | INFO     | WeightClient 17 round 25 completed (acc=0.9210)
[2026-08-10 19:16:43] 2026-08-10 19:16:43 | INFO     | WeightClient 18 fit round 25 (fedprox=True)
[2026-08-10 19:17:02] 2026-08-10 19:17:02 | INFO     | WeightClient 18 round 25 completed (acc=0.9235)
[2026-08-10 19:17:02] 2026-08-10 19:17:02 | INFO     | WeightClient 19 fit round 25 (fedprox=True)
[2026-08-10 19:17:32] 2026-08-10 19:17:32 | INFO     | WeightClient 19 round 25 completed (acc=0.9294)
[2026-08-10 19:17:32]   Round  25/40 | Avg: 0.9251 | Min: 0.9096 | Max: 0.9335
[2026-08-10 19:17:32] 2026-08-10 19:17:32 | INFO     | FEDPROX — IID: round 26/40 starting
[2026-08-10 19:17:32] 2026-08-10 19:17:32 | INFO     | WeightClient 0 fit round 26 (fedprox=True)
[2026-08-10 19:17:53] 2026-08-10 19:17:53 | INFO     | WeightClient 0 round 26 completed (acc=0.9285)
[2026-08-10 19:17:53] 2026-08-10 19:17:53 | INFO     | WeightClient 1 fit round 26 (fedprox=True)
[2026-08-10 19:18:18] 2026-08-10 19:18:18 | INFO     | WeightClient 1 round 26 completed (acc=0.9253)
[2026-08-10 19:18:18] 2026-08-10 19:18:18 | INFO     | WeightClient 2 fit round 26 (fedprox=True)
[2026-08-10 19:18:39] 2026-08-10 19:18:39 | INFO     | WeightClient 2 round 26 completed (acc=0.9220)
[2026-08-10 19:18:39] 2026-08-10 19:18:39 | INFO     | WeightClient 3 fit round 26 (fedprox=True)
[2026-08-10 19:19:00] 2026-08-10 19:19:00 | INFO     | WeightClient 3 round 26 completed (acc=0.9127)
[2026-08-10 19:19:00] 2026-08-10 19:19:00 | INFO     | WeightClient 4 fit round 26 (fedprox=True)
[2026-08-10 19:19:28] 2026-08-10 19:19:28 | INFO     | WeightClient 4 round 26 completed (acc=0.9264)
[2026-08-10 19:19:28] 2026-08-10 19:19:28 | INFO     | WeightClient 5 fit round 26 (fedprox=True)
[2026-08-10 19:19:49] 2026-08-10 19:19:49 | INFO     | WeightClient 5 round 26 completed (acc=0.9307)
[2026-08-10 19:19:49] 2026-08-10 19:19:49 | INFO     | WeightClient 6 fit round 26 (fedprox=True)
[2026-08-10 19:20:09] 2026-08-10 19:20:09 | INFO     | WeightClient 6 round 26 completed (acc=0.9300)
[2026-08-10 19:20:09] 2026-08-10 19:20:09 | INFO     | WeightClient 7 fit round 26 (fedprox=True)
[2026-08-10 19:20:38] 2026-08-10 19:20:38 | INFO     | WeightClient 7 round 26 completed (acc=0.9247)
[2026-08-10 19:20:38] 2026-08-10 19:20:38 | INFO     | WeightClient 8 fit round 26 (fedprox=True)
[2026-08-10 19:21:00] 2026-08-10 19:21:00 | INFO     | WeightClient 8 round 26 completed (acc=0.9304)
[2026-08-10 19:21:00] 2026-08-10 19:21:00 | INFO     | WeightClient 9 fit round 26 (fedprox=True)
[2026-08-10 19:21:29] 2026-08-10 19:21:29 | INFO     | WeightClient 9 round 26 completed (acc=0.9277)
[2026-08-10 19:21:29] 2026-08-10 19:21:29 | INFO     | WeightClient 10 fit round 26 (fedprox=True)
[2026-08-10 19:21:51] 2026-08-10 19:21:51 | INFO     | WeightClient 10 round 26 completed (acc=0.9258)
[2026-08-10 19:21:51] 2026-08-10 19:21:51 | INFO     | WeightClient 11 fit round 26 (fedprox=True)
[2026-08-10 19:22:16] 2026-08-10 19:22:16 | INFO     | WeightClient 11 round 26 completed (acc=0.9344)
[2026-08-10 19:22:16] 2026-08-10 19:22:16 | INFO     | WeightClient 12 fit round 26 (fedprox=True)
[2026-08-10 19:22:41] 2026-08-10 19:22:41 | INFO     | WeightClient 12 round 26 completed (acc=0.9249)
[2026-08-10 19:22:41] 2026-08-10 19:22:41 | INFO     | WeightClient 13 fit round 26 (fedprox=True)
[2026-08-10 19:23:02] 2026-08-10 19:23:02 | INFO     | WeightClient 13 round 26 completed (acc=0.9232)
[2026-08-10 19:23:02] 2026-08-10 19:23:02 | INFO     | WeightClient 14 fit round 26 (fedprox=True)
[2026-08-10 19:23:35] 2026-08-10 19:23:35 | INFO     | WeightClient 14 round 26 completed (acc=0.9288)
[2026-08-10 19:23:35] 2026-08-10 19:23:35 | INFO     | WeightClient 15 fit round 26 (fedprox=True)
[2026-08-10 19:24:03] 2026-08-10 19:24:03 | INFO     | WeightClient 15 round 26 completed (acc=0.9237)
[2026-08-10 19:24:03] 2026-08-10 19:24:03 | INFO     | WeightClient 16 fit round 26 (fedprox=True)
[2026-08-10 19:24:25] 2026-08-10 19:24:25 | INFO     | WeightClient 16 round 26 completed (acc=0.9151)
[2026-08-10 19:24:25] 2026-08-10 19:24:25 | INFO     | WeightClient 17 fit round 26 (fedprox=True)
[2026-08-10 19:25:02] 2026-08-10 19:25:02 | INFO     | WeightClient 17 round 26 completed (acc=0.9207)
[2026-08-10 19:25:02] 2026-08-10 19:25:02 | INFO     | WeightClient 18 fit round 26 (fedprox=True)
[2026-08-10 19:25:30] 2026-08-10 19:25:30 | INFO     | WeightClient 18 round 26 completed (acc=0.9231)
[2026-08-10 19:25:30] 2026-08-10 19:25:30 | INFO     | WeightClient 19 fit round 26 (fedprox=True)
[2026-08-10 19:25:53] 2026-08-10 19:25:53 | INFO     | WeightClient 19 round 26 completed (acc=0.9229)
[2026-08-10 19:25:54]   Round  26/40 | Avg: 0.9251 | Min: 0.9127 | Max: 0.9344
[2026-08-10 19:25:54] 2026-08-10 19:25:54 | INFO     | FEDPROX — IID: round 27/40 starting
[2026-08-10 19:25:54] 2026-08-10 19:25:54 | INFO     | WeightClient 0 fit round 27 (fedprox=True)
[2026-08-10 19:26:24] 2026-08-10 19:26:24 | INFO     | WeightClient 0 round 27 completed (acc=0.9249)
[2026-08-10 19:26:24] 2026-08-10 19:26:24 | INFO     | WeightClient 1 fit round 27 (fedprox=True)
[2026-08-10 19:26:49] 2026-08-10 19:26:49 | INFO     | WeightClient 1 round 27 completed (acc=0.9278)
[2026-08-10 19:26:49] 2026-08-10 19:26:49 | INFO     | WeightClient 2 fit round 27 (fedprox=True)
[2026-08-10 19:27:04] 2026-08-10 19:27:04 | INFO     | WeightClient 2 round 27 completed (acc=0.9308)
[2026-08-10 19:27:04] 2026-08-10 19:27:04 | INFO     | WeightClient 3 fit round 27 (fedprox=True)
[2026-08-10 19:27:33] 2026-08-10 19:27:33 | INFO     | WeightClient 3 round 27 completed (acc=0.9273)
[2026-08-10 19:27:34] 2026-08-10 19:27:34 | INFO     | WeightClient 4 fit round 27 (fedprox=True)
[2026-08-10 19:27:55] 2026-08-10 19:27:55 | INFO     | WeightClient 4 round 27 completed (acc=0.9263)
[2026-08-10 19:27:55] 2026-08-10 19:27:55 | INFO     | WeightClient 5 fit round 27 (fedprox=True)
[2026-08-10 19:28:26] 2026-08-10 19:28:26 | INFO     | WeightClient 5 round 27 completed (acc=0.9204)
[2026-08-10 19:28:26] 2026-08-10 19:28:26 | INFO     | WeightClient 6 fit round 27 (fedprox=True)
[2026-08-10 19:28:48] 2026-08-10 19:28:48 | INFO     | WeightClient 6 round 27 completed (acc=0.9267)
[2026-08-10 19:28:48] 2026-08-10 19:28:48 | INFO     | WeightClient 7 fit round 27 (fedprox=True)
[2026-08-10 19:29:13] 2026-08-10 19:29:13 | INFO     | WeightClient 7 round 27 completed (acc=0.9223)
[2026-08-10 19:29:13] 2026-08-10 19:29:13 | INFO     | WeightClient 8 fit round 27 (fedprox=True)
[2026-08-10 19:29:47] 2026-08-10 19:29:47 | INFO     | WeightClient 8 round 27 completed (acc=0.9223)
[2026-08-10 19:29:47] 2026-08-10 19:29:47 | INFO     | WeightClient 9 fit round 27 (fedprox=True)
[2026-08-10 19:30:16] 2026-08-10 19:30:16 | INFO     | WeightClient 9 round 27 completed (acc=0.9333)
[2026-08-10 19:30:16] 2026-08-10 19:30:16 | INFO     | WeightClient 10 fit round 27 (fedprox=True)
[2026-08-10 19:30:42] 2026-08-10 19:30:42 | INFO     | WeightClient 10 round 27 completed (acc=0.9262)
[2026-08-10 19:30:42] 2026-08-10 19:30:42 | INFO     | WeightClient 11 fit round 27 (fedprox=True)
[2026-08-10 19:31:15] 2026-08-10 19:31:15 | INFO     | WeightClient 11 round 27 completed (acc=0.9322)
[2026-08-10 19:31:15] 2026-08-10 19:31:15 | INFO     | WeightClient 12 fit round 27 (fedprox=True)
[2026-08-10 19:31:45] 2026-08-10 19:31:45 | INFO     | WeightClient 12 round 27 completed (acc=0.9267)
[2026-08-10 19:31:45] 2026-08-10 19:31:45 | INFO     | WeightClient 13 fit round 27 (fedprox=True)
[2026-08-10 19:32:10] 2026-08-10 19:32:10 | INFO     | WeightClient 13 round 27 completed (acc=0.9241)
[2026-08-10 19:32:10] 2026-08-10 19:32:10 | INFO     | WeightClient 14 fit round 27 (fedprox=True)
[2026-08-10 19:32:29] 2026-08-10 19:32:29 | INFO     | WeightClient 14 round 27 completed (acc=0.9249)
[2026-08-10 19:32:29] 2026-08-10 19:32:29 | INFO     | WeightClient 15 fit round 27 (fedprox=True)
[2026-08-10 19:32:49] 2026-08-10 19:32:49 | INFO     | WeightClient 15 round 27 completed (acc=0.9185)
[2026-08-10 19:32:49] 2026-08-10 19:32:49 | INFO     | WeightClient 16 fit round 27 (fedprox=True)
[2026-08-10 19:33:10] 2026-08-10 19:33:10 | INFO     | WeightClient 16 round 27 completed (acc=0.9218)
[2026-08-10 19:33:10] 2026-08-10 19:33:10 | INFO     | WeightClient 17 fit round 27 (fedprox=True)
[2026-08-10 19:33:28] 2026-08-10 19:33:28 | INFO     | WeightClient 17 round 27 completed (acc=0.9237)
[2026-08-10 19:33:28] 2026-08-10 19:33:28 | INFO     | WeightClient 18 fit round 27 (fedprox=True)
[2026-08-10 19:33:47] 2026-08-10 19:33:47 | INFO     | WeightClient 18 round 27 completed (acc=0.9246)
[2026-08-10 19:33:47] 2026-08-10 19:33:47 | INFO     | WeightClient 19 fit round 27 (fedprox=True)
[2026-08-10 19:34:08] 2026-08-10 19:34:08 | INFO     | WeightClient 19 round 27 completed (acc=0.9226)
[2026-08-10 19:34:08]   Round  27/40 | Avg: 0.9254 | Min: 0.9185 | Max: 0.9333
[2026-08-10 19:34:08] 2026-08-10 19:34:08 | INFO     | FEDPROX — IID: round 28/40 starting
[2026-08-10 19:34:08] 2026-08-10 19:34:08 | INFO     | WeightClient 0 fit round 28 (fedprox=True)
[2026-08-10 19:34:28] 2026-08-10 19:34:28 | INFO     | WeightClient 0 round 28 completed (acc=0.9254)
[2026-08-10 19:34:28] 2026-08-10 19:34:28 | INFO     | WeightClient 1 fit round 28 (fedprox=True)
[2026-08-10 19:34:49] 2026-08-10 19:34:49 | INFO     | WeightClient 1 round 28 completed (acc=0.9285)
[2026-08-10 19:34:49] 2026-08-10 19:34:49 | INFO     | WeightClient 2 fit round 28 (fedprox=True)
[2026-08-10 19:35:18] 2026-08-10 19:35:18 | INFO     | WeightClient 2 round 28 completed (acc=0.9279)
[2026-08-10 19:35:18] 2026-08-10 19:35:18 | INFO     | WeightClient 3 fit round 28 (fedprox=True)
[2026-08-10 19:35:42] 2026-08-10 19:35:42 | INFO     | WeightClient 3 round 28 completed (acc=0.9293)
[2026-08-10 19:35:42] 2026-08-10 19:35:42 | INFO     | WeightClient 4 fit round 28 (fedprox=True)
[2026-08-10 19:36:10] 2026-08-10 19:36:10 | INFO     | WeightClient 4 round 28 completed (acc=0.9278)
[2026-08-10 19:36:10] 2026-08-10 19:36:10 | INFO     | WeightClient 5 fit round 28 (fedprox=True)
[2026-08-10 19:36:38] 2026-08-10 19:36:38 | INFO     | WeightClient 5 round 28 completed (acc=0.9170)
[2026-08-10 19:36:38] 2026-08-10 19:36:38 | INFO     | WeightClient 6 fit round 28 (fedprox=True)
[2026-08-10 19:37:06] 2026-08-10 19:37:06 | INFO     | WeightClient 6 round 28 completed (acc=0.9198)
[2026-08-10 19:37:06] 2026-08-10 19:37:06 | INFO     | WeightClient 7 fit round 28 (fedprox=True)
[2026-08-10 19:37:32] 2026-08-10 19:37:32 | INFO     | WeightClient 7 round 28 completed (acc=0.9251)
[2026-08-10 19:37:32] 2026-08-10 19:37:32 | INFO     | WeightClient 8 fit round 28 (fedprox=True)
[2026-08-10 19:37:53] 2026-08-10 19:37:53 | INFO     | WeightClient 8 round 28 completed (acc=0.9301)
[2026-08-10 19:37:53] 2026-08-10 19:37:53 | INFO     | WeightClient 9 fit round 28 (fedprox=True)
[2026-08-10 19:38:16] 2026-08-10 19:38:16 | INFO     | WeightClient 9 round 28 completed (acc=0.9289)
[2026-08-10 19:38:16] 2026-08-10 19:38:16 | INFO     | WeightClient 10 fit round 28 (fedprox=True)
[2026-08-10 19:38:39] 2026-08-10 19:38:39 | INFO     | WeightClient 10 round 28 completed (acc=0.9299)
[2026-08-10 19:38:39] 2026-08-10 19:38:39 | INFO     | WeightClient 11 fit round 28 (fedprox=True)
[2026-08-10 19:39:00] 2026-08-10 19:39:00 | INFO     | WeightClient 11 round 28 completed (acc=0.9368)
[2026-08-10 19:39:00] 2026-08-10 19:39:00 | INFO     | WeightClient 12 fit round 28 (fedprox=True)
[2026-08-10 19:39:33] 2026-08-10 19:39:33 | INFO     | WeightClient 12 round 28 completed (acc=0.9274)
[2026-08-10 19:39:33] 2026-08-10 19:39:33 | INFO     | WeightClient 13 fit round 28 (fedprox=True)
[2026-08-10 19:39:56] 2026-08-10 19:39:56 | INFO     | WeightClient 13 round 28 completed (acc=0.9207)
[2026-08-10 19:39:56] 2026-08-10 19:39:56 | INFO     | WeightClient 14 fit round 28 (fedprox=True)
[2026-08-10 19:40:29] 2026-08-10 19:40:29 | INFO     | WeightClient 14 round 28 completed (acc=0.9326)
[2026-08-10 19:40:29] 2026-08-10 19:40:29 | INFO     | WeightClient 15 fit round 28 (fedprox=True)
[2026-08-10 19:40:55] 2026-08-10 19:40:55 | INFO     | WeightClient 15 round 28 completed (acc=0.9329)
[2026-08-10 19:40:55] 2026-08-10 19:40:55 | INFO     | WeightClient 16 fit round 28 (fedprox=True)
[2026-08-10 19:41:23] 2026-08-10 19:41:23 | INFO     | WeightClient 16 round 28 completed (acc=0.9233)
[2026-08-10 19:41:23] 2026-08-10 19:41:23 | INFO     | WeightClient 17 fit round 28 (fedprox=True)
[2026-08-10 19:41:48] 2026-08-10 19:41:48 | INFO     | WeightClient 17 round 28 completed (acc=0.9266)
[2026-08-10 19:41:48] 2026-08-10 19:41:48 | INFO     | WeightClient 18 fit round 28 (fedprox=True)
[2026-08-10 19:42:13] 2026-08-10 19:42:13 | INFO     | WeightClient 18 round 28 completed (acc=0.9277)
[2026-08-10 19:42:13] 2026-08-10 19:42:13 | INFO     | WeightClient 19 fit round 28 (fedprox=True)
[2026-08-10 19:42:48] 2026-08-10 19:42:48 | INFO     | WeightClient 19 round 28 completed (acc=0.9330)
[2026-08-10 19:42:48]   Round  28/40 | Avg: 0.9275 | Min: 0.9170 | Max: 0.9368
[2026-08-10 19:42:48] 2026-08-10 19:42:48 | INFO     | FEDPROX — IID: round 29/40 starting
[2026-08-10 19:42:48] 2026-08-10 19:42:48 | INFO     | WeightClient 0 fit round 29 (fedprox=True)
[2026-08-10 19:43:14] 2026-08-10 19:43:14 | INFO     | WeightClient 0 round 29 completed (acc=0.9309)
[2026-08-10 19:43:14] 2026-08-10 19:43:14 | INFO     | WeightClient 1 fit round 29 (fedprox=True)
[2026-08-10 19:43:37] 2026-08-10 19:43:37 | INFO     | WeightClient 1 round 29 completed (acc=0.9297)
[2026-08-10 19:43:37] 2026-08-10 19:43:37 | INFO     | WeightClient 2 fit round 29 (fedprox=True)
[2026-08-10 19:44:13] 2026-08-10 19:44:13 | INFO     | WeightClient 2 round 29 completed (acc=0.9211)
[2026-08-10 19:44:13] 2026-08-10 19:44:13 | INFO     | WeightClient 3 fit round 29 (fedprox=True)
[2026-08-10 19:44:41] 2026-08-10 19:44:41 | INFO     | WeightClient 3 round 29 completed (acc=0.9244)
[2026-08-10 19:44:41] 2026-08-10 19:44:41 | INFO     | WeightClient 4 fit round 29 (fedprox=True)
[2026-08-10 19:45:05] 2026-08-10 19:45:05 | INFO     | WeightClient 4 round 29 completed (acc=0.9273)
[2026-08-10 19:45:05] 2026-08-10 19:45:05 | INFO     | WeightClient 5 fit round 29 (fedprox=True)
[2026-08-10 19:45:36] 2026-08-10 19:45:36 | INFO     | WeightClient 5 round 29 completed (acc=0.9246)
[2026-08-10 19:45:36] 2026-08-10 19:45:36 | INFO     | WeightClient 6 fit round 29 (fedprox=True)
[2026-08-10 19:46:09] 2026-08-10 19:46:09 | INFO     | WeightClient 6 round 29 completed (acc=0.9349)
[2026-08-10 19:46:09] 2026-08-10 19:46:09 | INFO     | WeightClient 7 fit round 29 (fedprox=True)
[2026-08-10 19:46:33] 2026-08-10 19:46:33 | INFO     | WeightClient 7 round 29 completed (acc=0.9182)
[2026-08-10 19:46:33] 2026-08-10 19:46:33 | INFO     | WeightClient 8 fit round 29 (fedprox=True)
[2026-08-10 19:47:00] 2026-08-10 19:47:00 | INFO     | WeightClient 8 round 29 completed (acc=0.9320)
[2026-08-10 19:47:00] 2026-08-10 19:47:00 | INFO     | WeightClient 9 fit round 29 (fedprox=True)
[2026-08-10 19:47:29] 2026-08-10 19:47:29 | INFO     | WeightClient 9 round 29 completed (acc=0.9270)
[2026-08-10 19:47:29] 2026-08-10 19:47:29 | INFO     | WeightClient 10 fit round 29 (fedprox=True)
[2026-08-10 19:47:53] 2026-08-10 19:47:53 | INFO     | WeightClient 10 round 29 completed (acc=0.9277)
[2026-08-10 19:47:53] 2026-08-10 19:47:53 | INFO     | WeightClient 11 fit round 29 (fedprox=True)
[2026-08-10 19:48:16] 2026-08-10 19:48:16 | INFO     | WeightClient 11 round 29 completed (acc=0.9372)
[2026-08-10 19:48:16] 2026-08-10 19:48:16 | INFO     | WeightClient 12 fit round 29 (fedprox=True)
[2026-08-10 19:48:50] 2026-08-10 19:48:50 | INFO     | WeightClient 12 round 29 completed (acc=0.9168)
[2026-08-10 19:48:50] 2026-08-10 19:48:50 | INFO     | WeightClient 13 fit round 29 (fedprox=True)
[2026-08-10 19:49:16] 2026-08-10 19:49:16 | INFO     | WeightClient 13 round 29 completed (acc=0.9195)
[2026-08-10 19:49:16] 2026-08-10 19:49:16 | INFO     | WeightClient 14 fit round 29 (fedprox=True)
[2026-08-10 19:49:40] 2026-08-10 19:49:40 | INFO     | WeightClient 14 round 29 completed (acc=0.9278)
[2026-08-10 19:49:40] 2026-08-10 19:49:40 | INFO     | WeightClient 15 fit round 29 (fedprox=True)
[2026-08-10 19:50:23] 2026-08-10 19:50:23 | INFO     | WeightClient 15 round 29 completed (acc=0.9269)
[2026-08-10 19:50:23] 2026-08-10 19:50:23 | INFO     | WeightClient 16 fit round 29 (fedprox=True)
[2026-08-10 19:50:48] 2026-08-10 19:50:48 | INFO     | WeightClient 16 round 29 completed (acc=0.9285)
[2026-08-10 19:50:48] 2026-08-10 19:50:48 | INFO     | WeightClient 17 fit round 29 (fedprox=True)
[2026-08-10 19:51:11] 2026-08-10 19:51:11 | INFO     | WeightClient 17 round 29 completed (acc=0.9256)
[2026-08-10 19:51:11] 2026-08-10 19:51:11 | INFO     | WeightClient 18 fit round 29 (fedprox=True)
[2026-08-10 19:51:32] 2026-08-10 19:51:32 | INFO     | WeightClient 18 round 29 completed (acc=0.9306)
[2026-08-10 19:51:32] 2026-08-10 19:51:32 | INFO     | WeightClient 19 fit round 29 (fedprox=True)
[2026-08-10 19:51:52] 2026-08-10 19:51:52 | INFO     | WeightClient 19 round 29 completed (acc=0.9340)
[2026-08-10 19:51:53]   Round  29/40 | Avg: 0.9272 | Min: 0.9168 | Max: 0.9372
[2026-08-10 19:51:53] 2026-08-10 19:51:53 | INFO     | FEDPROX — IID: round 30/40 starting
[2026-08-10 19:51:53] 2026-08-10 19:51:53 | INFO     | WeightClient 0 fit round 30 (fedprox=True)
[2026-08-10 19:52:13] 2026-08-10 19:52:13 | INFO     | WeightClient 0 round 30 completed (acc=0.9279)
[2026-08-10 19:52:13] 2026-08-10 19:52:13 | INFO     | WeightClient 1 fit round 30 (fedprox=True)
[2026-08-10 19:52:33] 2026-08-10 19:52:33 | INFO     | WeightClient 1 round 30 completed (acc=0.9256)
[2026-08-10 19:52:33] 2026-08-10 19:52:33 | INFO     | WeightClient 2 fit round 30 (fedprox=True)
[2026-08-10 19:52:52] 2026-08-10 19:52:52 | INFO     | WeightClient 2 round 30 completed (acc=0.9235)
[2026-08-10 19:52:52] 2026-08-10 19:52:52 | INFO     | WeightClient 3 fit round 30 (fedprox=True)
[2026-08-10 19:53:09] 2026-08-10 19:53:09 | INFO     | WeightClient 3 round 30 completed (acc=0.9260)
[2026-08-10 19:53:09] 2026-08-10 19:53:09 | INFO     | WeightClient 4 fit round 30 (fedprox=True)
[2026-08-10 19:53:32] 2026-08-10 19:53:32 | INFO     | WeightClient 4 round 30 completed (acc=0.9362)
[2026-08-10 19:53:33] 2026-08-10 19:53:32 | INFO     | WeightClient 5 fit round 30 (fedprox=True)
[2026-08-10 19:53:54] 2026-08-10 19:53:54 | INFO     | WeightClient 5 round 30 completed (acc=0.9207)
[2026-08-10 19:53:54] 2026-08-10 19:53:54 | INFO     | WeightClient 6 fit round 30 (fedprox=True)
[2026-08-10 19:54:20] 2026-08-10 19:54:20 | INFO     | WeightClient 6 round 30 completed (acc=0.9242)
[2026-08-10 19:54:20] 2026-08-10 19:54:20 | INFO     | WeightClient 7 fit round 30 (fedprox=True)
[2026-08-10 19:54:52] 2026-08-10 19:54:52 | INFO     | WeightClient 7 round 30 completed (acc=0.9278)
[2026-08-10 19:54:52] 2026-08-10 19:54:52 | INFO     | WeightClient 8 fit round 30 (fedprox=True)
[2026-08-10 19:55:18] 2026-08-10 19:55:18 | INFO     | WeightClient 8 round 30 completed (acc=0.9325)
[2026-08-10 19:55:18] 2026-08-10 19:55:18 | INFO     | WeightClient 9 fit round 30 (fedprox=True)
[2026-08-10 19:55:49] 2026-08-10 19:55:49 | INFO     | WeightClient 9 round 30 completed (acc=0.9310)
[2026-08-10 19:55:49] 2026-08-10 19:55:49 | INFO     | WeightClient 10 fit round 30 (fedprox=True)
[2026-08-10 19:56:16] 2026-08-10 19:56:16 | INFO     | WeightClient 10 round 30 completed (acc=0.9358)
[2026-08-10 19:56:16] 2026-08-10 19:56:16 | INFO     | WeightClient 11 fit round 30 (fedprox=True)
[2026-08-10 19:56:44] 2026-08-10 19:56:44 | INFO     | WeightClient 11 round 30 completed (acc=0.9290)
[2026-08-10 19:56:44] 2026-08-10 19:56:44 | INFO     | WeightClient 12 fit round 30 (fedprox=True)
[2026-08-10 19:57:17] 2026-08-10 19:57:17 | INFO     | WeightClient 12 round 30 completed (acc=0.9224)
[2026-08-10 19:57:17] 2026-08-10 19:57:17 | INFO     | WeightClient 13 fit round 30 (fedprox=True)
[2026-08-10 19:57:46] 2026-08-10 19:57:46 | INFO     | WeightClient 13 round 30 completed (acc=0.9328)
[2026-08-10 19:57:46] 2026-08-10 19:57:46 | INFO     | WeightClient 14 fit round 30 (fedprox=True)
[2026-08-10 19:58:17] 2026-08-10 19:58:17 | INFO     | WeightClient 14 round 30 completed (acc=0.9229)
[2026-08-10 19:58:17] 2026-08-10 19:58:17 | INFO     | WeightClient 15 fit round 30 (fedprox=True)
[2026-08-10 19:58:44] 2026-08-10 19:58:44 | INFO     | WeightClient 15 round 30 completed (acc=0.9280)
[2026-08-10 19:58:44] 2026-08-10 19:58:44 | INFO     | WeightClient 16 fit round 30 (fedprox=True)
[2026-08-10 19:59:09] 2026-08-10 19:59:09 | INFO     | WeightClient 16 round 30 completed (acc=0.9193)
[2026-08-10 19:59:09] 2026-08-10 19:59:09 | INFO     | WeightClient 17 fit round 30 (fedprox=True)
[2026-08-10 19:59:41] 2026-08-10 19:59:41 | INFO     | WeightClient 17 round 30 completed (acc=0.9312)
[2026-08-10 19:59:41] 2026-08-10 19:59:41 | INFO     | WeightClient 18 fit round 30 (fedprox=True)
[2026-08-10 20:00:01] 2026-08-10 20:00:01 | INFO     | WeightClient 18 round 30 completed (acc=0.9243)
[2026-08-10 20:00:01] 2026-08-10 20:00:01 | INFO     | WeightClient 19 fit round 30 (fedprox=True)
[2026-08-10 20:00:23] 2026-08-10 20:00:23 | INFO     | WeightClient 19 round 30 completed (acc=0.9358)
[2026-08-10 20:00:24]   Round  30/40 | Avg: 0.9278 | Min: 0.9193 | Max: 0.9362
[2026-08-10 20:00:24] 2026-08-10 20:00:24 | INFO     | FEDPROX — IID: round 31/40 starting
[2026-08-10 20:00:24] 2026-08-10 20:00:24 | INFO     | WeightClient 0 fit round 31 (fedprox=True)
[2026-08-10 20:00:53] 2026-08-10 20:00:53 | INFO     | WeightClient 0 round 31 completed (acc=0.9330)
[2026-08-10 20:00:53] 2026-08-10 20:00:53 | INFO     | WeightClient 1 fit round 31 (fedprox=True)
[2026-08-10 20:01:19] 2026-08-10 20:01:19 | INFO     | WeightClient 1 round 31 completed (acc=0.9319)
[2026-08-10 20:01:19] 2026-08-10 20:01:19 | INFO     | WeightClient 2 fit round 31 (fedprox=True)
[2026-08-10 20:01:46] 2026-08-10 20:01:46 | INFO     | WeightClient 2 round 31 completed (acc=0.9236)
[2026-08-10 20:01:46] 2026-08-10 20:01:46 | INFO     | WeightClient 3 fit round 31 (fedprox=True)
[2026-08-10 20:02:08] 2026-08-10 20:02:08 | INFO     | WeightClient 3 round 31 completed (acc=0.9238)
[2026-08-10 20:02:08] 2026-08-10 20:02:08 | INFO     | WeightClient 4 fit round 31 (fedprox=True)
[2026-08-10 20:02:34] 2026-08-10 20:02:34 | INFO     | WeightClient 4 round 31 completed (acc=0.9202)
[2026-08-10 20:02:34] 2026-08-10 20:02:34 | INFO     | WeightClient 5 fit round 31 (fedprox=True)
[2026-08-10 20:03:01] 2026-08-10 20:03:01 | INFO     | WeightClient 5 round 31 completed (acc=0.9243)
[2026-08-10 20:03:01] 2026-08-10 20:03:01 | INFO     | WeightClient 6 fit round 31 (fedprox=True)
[2026-08-10 20:03:29] 2026-08-10 20:03:29 | INFO     | WeightClient 6 round 31 completed (acc=0.9168)
[2026-08-10 20:03:29] 2026-08-10 20:03:29 | INFO     | WeightClient 7 fit round 31 (fedprox=True)
[2026-08-10 20:03:59] 2026-08-10 20:03:59 | INFO     | WeightClient 7 round 31 completed (acc=0.9301)
[2026-08-10 20:03:59] 2026-08-10 20:03:59 | INFO     | WeightClient 8 fit round 31 (fedprox=True)
[2026-08-10 20:04:27] 2026-08-10 20:04:27 | INFO     | WeightClient 8 round 31 completed (acc=0.9251)
[2026-08-10 20:04:27] 2026-08-10 20:04:27 | INFO     | WeightClient 9 fit round 31 (fedprox=True)
[2026-08-10 20:04:51] 2026-08-10 20:04:51 | INFO     | WeightClient 9 round 31 completed (acc=0.9299)
[2026-08-10 20:04:51] 2026-08-10 20:04:51 | INFO     | WeightClient 10 fit round 31 (fedprox=True)
[2026-08-10 20:05:20] 2026-08-10 20:05:20 | INFO     | WeightClient 10 round 31 completed (acc=0.9338)
[2026-08-10 20:05:20] 2026-08-10 20:05:20 | INFO     | WeightClient 11 fit round 31 (fedprox=True)
[2026-08-10 20:05:49] 2026-08-10 20:05:49 | INFO     | WeightClient 11 round 31 completed (acc=0.9294)
[2026-08-10 20:05:49] 2026-08-10 20:05:49 | INFO     | WeightClient 12 fit round 31 (fedprox=True)
[2026-08-10 20:06:17] 2026-08-10 20:06:17 | INFO     | WeightClient 12 round 31 completed (acc=0.9129)
[2026-08-10 20:06:18] 2026-08-10 20:06:18 | INFO     | WeightClient 13 fit round 31 (fedprox=True)
[2026-08-10 20:06:46] 2026-08-10 20:06:46 | INFO     | WeightClient 13 round 31 completed (acc=0.9325)
[2026-08-10 20:06:46] 2026-08-10 20:06:46 | INFO     | WeightClient 14 fit round 31 (fedprox=True)
[2026-08-10 20:07:13] 2026-08-10 20:07:13 | INFO     | WeightClient 14 round 31 completed (acc=0.9377)
[2026-08-10 20:07:13] 2026-08-10 20:07:13 | INFO     | WeightClient 15 fit round 31 (fedprox=True)
[2026-08-10 20:07:35] 2026-08-10 20:07:35 | INFO     | WeightClient 15 round 31 completed (acc=0.9292)
[2026-08-10 20:07:35] 2026-08-10 20:07:35 | INFO     | WeightClient 16 fit round 31 (fedprox=True)
[2026-08-10 20:08:02] 2026-08-10 20:08:02 | INFO     | WeightClient 16 round 31 completed (acc=0.9204)
[2026-08-10 20:08:02] 2026-08-10 20:08:02 | INFO     | WeightClient 17 fit round 31 (fedprox=True)
[2026-08-10 20:08:30] 2026-08-10 20:08:30 | INFO     | WeightClient 17 round 31 completed (acc=0.9279)
[2026-08-10 20:08:30] 2026-08-10 20:08:30 | INFO     | WeightClient 18 fit round 31 (fedprox=True)
[2026-08-10 20:08:52] 2026-08-10 20:08:52 | INFO     | WeightClient 18 round 31 completed (acc=0.9313)
[2026-08-10 20:08:52] 2026-08-10 20:08:52 | INFO     | WeightClient 19 fit round 31 (fedprox=True)
[2026-08-10 20:09:18] 2026-08-10 20:09:18 | INFO     | WeightClient 19 round 31 completed (acc=0.9280)
[2026-08-10 20:09:18]   Round  31/40 | Avg: 0.9271 | Min: 0.9129 | Max: 0.9377
[2026-08-10 20:09:18] 2026-08-10 20:09:18 | INFO     | FEDPROX — IID: round 32/40 starting
[2026-08-10 20:09:18] 2026-08-10 20:09:18 | INFO     | WeightClient 0 fit round 32 (fedprox=True)
[2026-08-10 20:09:48] 2026-08-10 20:09:48 | INFO     | WeightClient 0 round 32 completed (acc=0.9265)
[2026-08-10 20:09:48] 2026-08-10 20:09:48 | INFO     | WeightClient 1 fit round 32 (fedprox=True)
[2026-08-10 20:10:09] 2026-08-10 20:10:09 | INFO     | WeightClient 1 round 32 completed (acc=0.9268)
[2026-08-10 20:10:09] 2026-08-10 20:10:09 | INFO     | WeightClient 2 fit round 32 (fedprox=True)
[2026-08-10 20:10:32] 2026-08-10 20:10:32 | INFO     | WeightClient 2 round 32 completed (acc=0.9332)
[2026-08-10 20:10:32] 2026-08-10 20:10:32 | INFO     | WeightClient 3 fit round 32 (fedprox=True)
[2026-08-10 20:10:50] 2026-08-10 20:10:50 | INFO     | WeightClient 3 round 32 completed (acc=0.9352)
[2026-08-10 20:10:50] 2026-08-10 20:10:50 | INFO     | WeightClient 4 fit round 32 (fedprox=True)
[2026-08-10 20:11:08] 2026-08-10 20:11:08 | INFO     | WeightClient 4 round 32 completed (acc=0.9362)
[2026-08-10 20:11:08] 2026-08-10 20:11:08 | INFO     | WeightClient 5 fit round 32 (fedprox=True)
[2026-08-10 20:11:27] 2026-08-10 20:11:27 | INFO     | WeightClient 5 round 32 completed (acc=0.9113)
[2026-08-10 20:11:27] 2026-08-10 20:11:27 | INFO     | WeightClient 6 fit round 32 (fedprox=True)
[2026-08-10 20:11:45] 2026-08-10 20:11:45 | INFO     | WeightClient 6 round 32 completed (acc=0.9373)
[2026-08-10 20:11:45] 2026-08-10 20:11:45 | INFO     | WeightClient 7 fit round 32 (fedprox=True)
[2026-08-10 20:12:05] 2026-08-10 20:12:05 | INFO     | WeightClient 7 round 32 completed (acc=0.9342)
[2026-08-10 20:12:05] 2026-08-10 20:12:05 | INFO     | WeightClient 8 fit round 32 (fedprox=True)
[2026-08-10 20:12:25] 2026-08-10 20:12:25 | INFO     | WeightClient 8 round 32 completed (acc=0.9302)
[2026-08-10 20:12:25] 2026-08-10 20:12:25 | INFO     | WeightClient 9 fit round 32 (fedprox=True)
[2026-08-10 20:12:44] 2026-08-10 20:12:44 | INFO     | WeightClient 9 round 32 completed (acc=0.9239)
[2026-08-10 20:12:44] 2026-08-10 20:12:44 | INFO     | WeightClient 10 fit round 32 (fedprox=True)
[2026-08-10 20:13:03] 2026-08-10 20:13:03 | INFO     | WeightClient 10 round 32 completed (acc=0.9321)
[2026-08-10 20:13:03] 2026-08-10 20:13:03 | INFO     | WeightClient 11 fit round 32 (fedprox=True)
[2026-08-10 20:13:31] 2026-08-10 20:13:31 | INFO     | WeightClient 11 round 32 completed (acc=0.9295)
[2026-08-10 20:13:31] 2026-08-10 20:13:31 | INFO     | WeightClient 12 fit round 32 (fedprox=True)
[2026-08-10 20:13:51] 2026-08-10 20:13:51 | INFO     | WeightClient 12 round 32 completed (acc=0.9299)
[2026-08-10 20:13:51] 2026-08-10 20:13:51 | INFO     | WeightClient 13 fit round 32 (fedprox=True)
[2026-08-10 20:14:14] 2026-08-10 20:14:14 | INFO     | WeightClient 13 round 32 completed (acc=0.9294)
[2026-08-10 20:14:14] 2026-08-10 20:14:14 | INFO     | WeightClient 14 fit round 32 (fedprox=True)
[2026-08-10 20:14:38] 2026-08-10 20:14:38 | INFO     | WeightClient 14 round 32 completed (acc=0.9278)
[2026-08-10 20:14:38] 2026-08-10 20:14:38 | INFO     | WeightClient 15 fit round 32 (fedprox=True)
[2026-08-10 20:15:00] 2026-08-10 20:15:00 | INFO     | WeightClient 15 round 32 completed (acc=0.9312)
[2026-08-10 20:15:00] 2026-08-10 20:15:00 | INFO     | WeightClient 16 fit round 32 (fedprox=True)
[2026-08-10 20:15:33] 2026-08-10 20:15:33 | INFO     | WeightClient 16 round 32 completed (acc=0.9241)
[2026-08-10 20:15:33] 2026-08-10 20:15:33 | INFO     | WeightClient 17 fit round 32 (fedprox=True)
[2026-08-10 20:15:55] 2026-08-10 20:15:55 | INFO     | WeightClient 17 round 32 completed (acc=0.9307)
[2026-08-10 20:15:55] 2026-08-10 20:15:55 | INFO     | WeightClient 18 fit round 32 (fedprox=True)
[2026-08-10 20:16:22] 2026-08-10 20:16:22 | INFO     | WeightClient 18 round 32 completed (acc=0.9378)
[2026-08-10 20:16:22] 2026-08-10 20:16:22 | INFO     | WeightClient 19 fit round 32 (fedprox=True)
[2026-08-10 20:16:40] 2026-08-10 20:16:40 | INFO     | WeightClient 19 round 32 completed (acc=0.9330)
[2026-08-10 20:16:40]   Round  32/40 | Avg: 0.9300 | Min: 0.9113 | Max: 0.9378
[2026-08-10 20:16:40] 2026-08-10 20:16:40 | INFO     | FEDPROX — IID: round 33/40 starting
[2026-08-10 20:16:40] 2026-08-10 20:16:40 | INFO     | WeightClient 0 fit round 33 (fedprox=True)
[2026-08-10 20:17:01] 2026-08-10 20:17:01 | INFO     | WeightClient 0 round 33 completed (acc=0.9188)
[2026-08-10 20:17:01] 2026-08-10 20:17:01 | INFO     | WeightClient 1 fit round 33 (fedprox=True)
[2026-08-10 20:17:27] 2026-08-10 20:17:27 | INFO     | WeightClient 1 round 33 completed (acc=0.9288)
[2026-08-10 20:17:27] 2026-08-10 20:17:27 | INFO     | WeightClient 2 fit round 33 (fedprox=True)
[2026-08-10 20:17:49] 2026-08-10 20:17:49 | INFO     | WeightClient 2 round 33 completed (acc=0.9328)
[2026-08-10 20:17:49] 2026-08-10 20:17:49 | INFO     | WeightClient 3 fit round 33 (fedprox=True)
[2026-08-10 20:18:09] 2026-08-10 20:18:09 | INFO     | WeightClient 3 round 33 completed (acc=0.9235)
[2026-08-10 20:18:09] 2026-08-10 20:18:09 | INFO     | WeightClient 4 fit round 33 (fedprox=True)
[2026-08-10 20:18:40] 2026-08-10 20:18:40 | INFO     | WeightClient 4 round 33 completed (acc=0.9332)
[2026-08-10 20:18:40] 2026-08-10 20:18:40 | INFO     | WeightClient 5 fit round 33 (fedprox=True)
[2026-08-10 20:18:57] 2026-08-10 20:18:57 | INFO     | WeightClient 5 round 33 completed (acc=0.9238)
[2026-08-10 20:18:57] 2026-08-10 20:18:57 | INFO     | WeightClient 6 fit round 33 (fedprox=True)
[2026-08-10 20:19:22] 2026-08-10 20:19:22 | INFO     | WeightClient 6 round 33 completed (acc=0.9319)
[2026-08-10 20:19:22] 2026-08-10 20:19:22 | INFO     | WeightClient 7 fit round 33 (fedprox=True)
[2026-08-10 20:19:46] 2026-08-10 20:19:46 | INFO     | WeightClient 7 round 33 completed (acc=0.9331)
[2026-08-10 20:19:46] 2026-08-10 20:19:46 | INFO     | WeightClient 8 fit round 33 (fedprox=True)
[2026-08-10 20:20:09] 2026-08-10 20:20:09 | INFO     | WeightClient 8 round 33 completed (acc=0.9347)
[2026-08-10 20:20:09] 2026-08-10 20:20:09 | INFO     | WeightClient 9 fit round 33 (fedprox=True)
[2026-08-10 20:20:40] 2026-08-10 20:20:40 | INFO     | WeightClient 9 round 33 completed (acc=0.9329)
[2026-08-10 20:20:40] 2026-08-10 20:20:40 | INFO     | WeightClient 10 fit round 33 (fedprox=True)
[2026-08-10 20:21:08] 2026-08-10 20:21:08 | INFO     | WeightClient 10 round 33 completed (acc=0.9350)
[2026-08-10 20:21:08] 2026-08-10 20:21:08 | INFO     | WeightClient 11 fit round 33 (fedprox=True)
[2026-08-10 20:21:32] 2026-08-10 20:21:32 | INFO     | WeightClient 11 round 33 completed (acc=0.9377)
[2026-08-10 20:21:32] 2026-08-10 20:21:32 | INFO     | WeightClient 12 fit round 33 (fedprox=True)
[2026-08-10 20:22:06] 2026-08-10 20:22:06 | INFO     | WeightClient 12 round 33 completed (acc=0.9310)
[2026-08-10 20:22:06] 2026-08-10 20:22:06 | INFO     | WeightClient 13 fit round 33 (fedprox=True)
[2026-08-10 20:22:28] 2026-08-10 20:22:28 | INFO     | WeightClient 13 round 33 completed (acc=0.9343)
[2026-08-10 20:22:28] 2026-08-10 20:22:28 | INFO     | WeightClient 14 fit round 33 (fedprox=True)
[2026-08-10 20:22:51] 2026-08-10 20:22:51 | INFO     | WeightClient 14 round 33 completed (acc=0.9332)
[2026-08-10 20:22:51] 2026-08-10 20:22:51 | INFO     | WeightClient 15 fit round 33 (fedprox=True)
[2026-08-10 20:23:25] 2026-08-10 20:23:25 | INFO     | WeightClient 15 round 33 completed (acc=0.9363)
[2026-08-10 20:23:25] 2026-08-10 20:23:25 | INFO     | WeightClient 16 fit round 33 (fedprox=True)
[2026-08-10 20:23:54] 2026-08-10 20:23:54 | INFO     | WeightClient 16 round 33 completed (acc=0.9241)
[2026-08-10 20:23:54] 2026-08-10 20:23:54 | INFO     | WeightClient 17 fit round 33 (fedprox=True)
[2026-08-10 20:24:13] 2026-08-10 20:24:13 | INFO     | WeightClient 17 round 33 completed (acc=0.9327)
[2026-08-10 20:24:13] 2026-08-10 20:24:13 | INFO     | WeightClient 18 fit round 33 (fedprox=True)
[2026-08-10 20:24:40] 2026-08-10 20:24:40 | INFO     | WeightClient 18 round 33 completed (acc=0.9290)
[2026-08-10 20:24:40] 2026-08-10 20:24:40 | INFO     | WeightClient 19 fit round 33 (fedprox=True)
[2026-08-10 20:25:09] 2026-08-10 20:25:09 | INFO     | WeightClient 19 round 33 completed (acc=0.9278)
[2026-08-10 20:25:09]   Round  33/40 | Avg: 0.9307 | Min: 0.9188 | Max: 0.9377
[2026-08-10 20:25:09] 2026-08-10 20:25:09 | INFO     | FEDPROX — IID: round 34/40 starting
[2026-08-10 20:25:09] 2026-08-10 20:25:09 | INFO     | WeightClient 0 fit round 34 (fedprox=True)
[2026-08-10 20:25:33] 2026-08-10 20:25:33 | INFO     | WeightClient 0 round 34 completed (acc=0.9299)
[2026-08-10 20:25:33] 2026-08-10 20:25:33 | INFO     | WeightClient 1 fit round 34 (fedprox=True)
[2026-08-10 20:25:56] 2026-08-10 20:25:56 | INFO     | WeightClient 1 round 34 completed (acc=0.9340)
[2026-08-10 20:25:56] 2026-08-10 20:25:56 | INFO     | WeightClient 2 fit round 34 (fedprox=True)
[2026-08-10 20:26:29] 2026-08-10 20:26:29 | INFO     | WeightClient 2 round 34 completed (acc=0.9355)
[2026-08-10 20:26:29] 2026-08-10 20:26:29 | INFO     | WeightClient 3 fit round 34 (fedprox=True)
[2026-08-10 20:26:55] 2026-08-10 20:26:55 | INFO     | WeightClient 3 round 34 completed (acc=0.9320)
[2026-08-10 20:26:55] 2026-08-10 20:26:55 | INFO     | WeightClient 4 fit round 34 (fedprox=True)
[2026-08-10 20:27:12] 2026-08-10 20:27:12 | INFO     | WeightClient 4 round 34 completed (acc=0.9331)
[2026-08-10 20:27:12] 2026-08-10 20:27:12 | INFO     | WeightClient 5 fit round 34 (fedprox=True)
[2026-08-10 20:27:34] 2026-08-10 20:27:34 | INFO     | WeightClient 5 round 34 completed (acc=0.9245)
[2026-08-10 20:27:34] 2026-08-10 20:27:34 | INFO     | WeightClient 6 fit round 34 (fedprox=True)
[2026-08-10 20:28:06] 2026-08-10 20:28:06 | INFO     | WeightClient 6 round 34 completed (acc=0.9262)
[2026-08-10 20:28:06] 2026-08-10 20:28:06 | INFO     | WeightClient 7 fit round 34 (fedprox=True)
[2026-08-10 20:28:35] 2026-08-10 20:28:35 | INFO     | WeightClient 7 round 34 completed (acc=0.9268)
[2026-08-10 20:28:35] 2026-08-10 20:28:35 | INFO     | WeightClient 8 fit round 34 (fedprox=True)
[2026-08-10 20:29:00] 2026-08-10 20:29:00 | INFO     | WeightClient 8 round 34 completed (acc=0.9370)
[2026-08-10 20:29:00] 2026-08-10 20:29:00 | INFO     | WeightClient 9 fit round 34 (fedprox=True)
[2026-08-10 20:29:21] 2026-08-10 20:29:21 | INFO     | WeightClient 9 round 34 completed (acc=0.9250)
[2026-08-10 20:29:21] 2026-08-10 20:29:21 | INFO     | WeightClient 10 fit round 34 (fedprox=True)
[2026-08-10 20:29:41] 2026-08-10 20:29:41 | INFO     | WeightClient 10 round 34 completed (acc=0.9364)
[2026-08-10 20:29:41] 2026-08-10 20:29:41 | INFO     | WeightClient 11 fit round 34 (fedprox=True)
[2026-08-10 20:30:00] 2026-08-10 20:30:00 | INFO     | WeightClient 11 round 34 completed (acc=0.9312)
[2026-08-10 20:30:00] 2026-08-10 20:30:00 | INFO     | WeightClient 12 fit round 34 (fedprox=True)
[2026-08-10 20:30:18] 2026-08-10 20:30:18 | INFO     | WeightClient 12 round 34 completed (acc=0.9311)
[2026-08-10 20:30:18] 2026-08-10 20:30:18 | INFO     | WeightClient 13 fit round 34 (fedprox=True)
[2026-08-10 20:30:36] 2026-08-10 20:30:36 | INFO     | WeightClient 13 round 34 completed (acc=0.9333)
[2026-08-10 20:30:36] 2026-08-10 20:30:36 | INFO     | WeightClient 14 fit round 34 (fedprox=True)
[2026-08-10 20:30:57] 2026-08-10 20:30:57 | INFO     | WeightClient 14 round 34 completed (acc=0.9256)
[2026-08-10 20:30:57] 2026-08-10 20:30:57 | INFO     | WeightClient 15 fit round 34 (fedprox=True)
[2026-08-10 20:31:18] 2026-08-10 20:31:18 | INFO     | WeightClient 15 round 34 completed (acc=0.9331)
[2026-08-10 20:31:18] 2026-08-10 20:31:18 | INFO     | WeightClient 16 fit round 34 (fedprox=True)
[2026-08-10 20:31:47] 2026-08-10 20:31:47 | INFO     | WeightClient 16 round 34 completed (acc=0.9316)
[2026-08-10 20:31:47] 2026-08-10 20:31:47 | INFO     | WeightClient 17 fit round 34 (fedprox=True)
[2026-08-10 20:32:16] 2026-08-10 20:32:16 | INFO     | WeightClient 17 round 34 completed (acc=0.9341)
[2026-08-10 20:32:16] 2026-08-10 20:32:16 | INFO     | WeightClient 18 fit round 34 (fedprox=True)
[2026-08-10 20:32:50] 2026-08-10 20:32:50 | INFO     | WeightClient 18 round 34 completed (acc=0.9330)
[2026-08-10 20:32:50] 2026-08-10 20:32:50 | INFO     | WeightClient 19 fit round 34 (fedprox=True)
[2026-08-10 20:33:17] 2026-08-10 20:33:17 | INFO     | WeightClient 19 round 34 completed (acc=0.9299)
[2026-08-10 20:33:17]   Round  34/40 | Avg: 0.9312 | Min: 0.9245 | Max: 0.9370
[2026-08-10 20:33:17] 2026-08-10 20:33:17 | INFO     | FEDPROX — IID: round 35/40 starting
[2026-08-10 20:33:17] 2026-08-10 20:33:17 | INFO     | WeightClient 0 fit round 35 (fedprox=True)
[2026-08-10 20:33:49] 2026-08-10 20:33:49 | INFO     | WeightClient 0 round 35 completed (acc=0.9316)
[2026-08-10 20:33:49] 2026-08-10 20:33:49 | INFO     | WeightClient 1 fit round 35 (fedprox=True)
[2026-08-10 20:34:13] 2026-08-10 20:34:13 | INFO     | WeightClient 1 round 35 completed (acc=0.9354)
[2026-08-10 20:34:13] 2026-08-10 20:34:13 | INFO     | WeightClient 2 fit round 35 (fedprox=True)
[2026-08-10 20:34:33] 2026-08-10 20:34:33 | INFO     | WeightClient 2 round 35 completed (acc=0.9257)
[2026-08-10 20:34:33] 2026-08-10 20:34:33 | INFO     | WeightClient 3 fit round 35 (fedprox=True)
[2026-08-10 20:35:05] 2026-08-10 20:35:05 | INFO     | WeightClient 3 round 35 completed (acc=0.9340)
[2026-08-10 20:35:05] 2026-08-10 20:35:05 | INFO     | WeightClient 4 fit round 35 (fedprox=True)
[2026-08-10 20:35:24] 2026-08-10 20:35:24 | INFO     | WeightClient 4 round 35 completed (acc=0.9277)
[2026-08-10 20:35:24] 2026-08-10 20:35:24 | INFO     | WeightClient 5 fit round 35 (fedprox=True)
[2026-08-10 20:35:54] 2026-08-10 20:35:54 | INFO     | WeightClient 5 round 35 completed (acc=0.9331)
[2026-08-10 20:35:54] 2026-08-10 20:35:54 | INFO     | WeightClient 6 fit round 35 (fedprox=True)
[2026-08-10 20:36:19] 2026-08-10 20:36:19 | INFO     | WeightClient 6 round 35 completed (acc=0.9313)
[2026-08-10 20:36:19] 2026-08-10 20:36:19 | INFO     | WeightClient 7 fit round 35 (fedprox=True)
[2026-08-10 20:36:39] 2026-08-10 20:36:39 | INFO     | WeightClient 7 round 35 completed (acc=0.9230)
[2026-08-10 20:36:39] 2026-08-10 20:36:39 | INFO     | WeightClient 8 fit round 35 (fedprox=True)
[2026-08-10 20:37:11] 2026-08-10 20:37:11 | INFO     | WeightClient 8 round 35 completed (acc=0.9410)
[2026-08-10 20:37:11] 2026-08-10 20:37:11 | INFO     | WeightClient 9 fit round 35 (fedprox=True)
[2026-08-10 20:37:36] 2026-08-10 20:37:36 | INFO     | WeightClient 9 round 35 completed (acc=0.9224)
[2026-08-10 20:37:36] 2026-08-10 20:37:36 | INFO     | WeightClient 10 fit round 35 (fedprox=True)
[2026-08-10 20:38:03] 2026-08-10 20:38:03 | INFO     | WeightClient 10 round 35 completed (acc=0.9252)
[2026-08-10 20:38:03] 2026-08-10 20:38:03 | INFO     | WeightClient 11 fit round 35 (fedprox=True)
[2026-08-10 20:38:27] 2026-08-10 20:38:27 | INFO     | WeightClient 11 round 35 completed (acc=0.9374)
[2026-08-10 20:38:27] 2026-08-10 20:38:27 | INFO     | WeightClient 12 fit round 35 (fedprox=True)
[2026-08-10 20:38:56] 2026-08-10 20:38:56 | INFO     | WeightClient 12 round 35 completed (acc=0.9305)
[2026-08-10 20:38:56] 2026-08-10 20:38:56 | INFO     | WeightClient 13 fit round 35 (fedprox=True)
[2026-08-10 20:39:24] 2026-08-10 20:39:24 | INFO     | WeightClient 13 round 35 completed (acc=0.9288)
[2026-08-10 20:39:24] 2026-08-10 20:39:24 | INFO     | WeightClient 14 fit round 35 (fedprox=True)
[2026-08-10 20:39:48] 2026-08-10 20:39:48 | INFO     | WeightClient 14 round 35 completed (acc=0.9272)
[2026-08-10 20:39:48] 2026-08-10 20:39:48 | INFO     | WeightClient 15 fit round 35 (fedprox=True)
[2026-08-10 20:40:13] 2026-08-10 20:40:13 | INFO     | WeightClient 15 round 35 completed (acc=0.9300)
[2026-08-10 20:40:13] 2026-08-10 20:40:13 | INFO     | WeightClient 16 fit round 35 (fedprox=True)
[2026-08-10 20:40:38] 2026-08-10 20:40:38 | INFO     | WeightClient 16 round 35 completed (acc=0.9245)
[2026-08-10 20:40:38] 2026-08-10 20:40:38 | INFO     | WeightClient 17 fit round 35 (fedprox=True)
[2026-08-10 20:40:54] 2026-08-10 20:40:54 | INFO     | WeightClient 17 round 35 completed (acc=0.9325)
[2026-08-10 20:40:54] 2026-08-10 20:40:54 | INFO     | WeightClient 18 fit round 35 (fedprox=True)
[2026-08-10 20:41:18] 2026-08-10 20:41:18 | INFO     | WeightClient 18 round 35 completed (acc=0.9373)
[2026-08-10 20:41:18] 2026-08-10 20:41:18 | INFO     | WeightClient 19 fit round 35 (fedprox=True)
[2026-08-10 20:41:34] 2026-08-10 20:41:34 | INFO     | WeightClient 19 round 35 completed (acc=0.9321)
[2026-08-10 20:41:34]   Round  35/40 | Avg: 0.9305 | Min: 0.9224 | Max: 0.9410
[2026-08-10 20:41:34] 2026-08-10 20:41:34 | INFO     | FEDPROX — IID: round 36/40 starting
[2026-08-10 20:41:34] 2026-08-10 20:41:34 | INFO     | WeightClient 0 fit round 36 (fedprox=True)
[2026-08-10 20:42:03] 2026-08-10 20:42:03 | INFO     | WeightClient 0 round 36 completed (acc=0.9333)
[2026-08-10 20:42:03] 2026-08-10 20:42:03 | INFO     | WeightClient 1 fit round 36 (fedprox=True)
[2026-08-10 20:42:31] 2026-08-10 20:42:31 | INFO     | WeightClient 1 round 36 completed (acc=0.9360)
[2026-08-10 20:42:31] 2026-08-10 20:42:31 | INFO     | WeightClient 2 fit round 36 (fedprox=True)
[2026-08-10 20:43:03] 2026-08-10 20:43:03 | INFO     | WeightClient 2 round 36 completed (acc=0.9337)
[2026-08-10 20:43:03] 2026-08-10 20:43:03 | INFO     | WeightClient 3 fit round 36 (fedprox=True)
[2026-08-10 20:43:23] 2026-08-10 20:43:23 | INFO     | WeightClient 3 round 36 completed (acc=0.9225)
[2026-08-10 20:43:23] 2026-08-10 20:43:23 | INFO     | WeightClient 4 fit round 36 (fedprox=True)
[2026-08-10 20:43:44] 2026-08-10 20:43:44 | INFO     | WeightClient 4 round 36 completed (acc=0.9367)
[2026-08-10 20:43:44] 2026-08-10 20:43:44 | INFO     | WeightClient 5 fit round 36 (fedprox=True)
[2026-08-10 20:44:06] 2026-08-10 20:44:06 | INFO     | WeightClient 5 round 36 completed (acc=0.9236)
[2026-08-10 20:44:06] 2026-08-10 20:44:06 | INFO     | WeightClient 6 fit round 36 (fedprox=True)
[2026-08-10 20:44:35] 2026-08-10 20:44:35 | INFO     | WeightClient 6 round 36 completed (acc=0.9282)
[2026-08-10 20:44:35] 2026-08-10 20:44:35 | INFO     | WeightClient 7 fit round 36 (fedprox=True)
[2026-08-10 20:44:59] 2026-08-10 20:44:59 | INFO     | WeightClient 7 round 36 completed (acc=0.9326)
[2026-08-10 20:44:59] 2026-08-10 20:44:59 | INFO     | WeightClient 8 fit round 36 (fedprox=True)
[2026-08-10 20:45:24] 2026-08-10 20:45:24 | INFO     | WeightClient 8 round 36 completed (acc=0.9346)
[2026-08-10 20:45:24] 2026-08-10 20:45:24 | INFO     | WeightClient 9 fit round 36 (fedprox=True)
[2026-08-10 20:45:54] 2026-08-10 20:45:54 | INFO     | WeightClient 9 round 36 completed (acc=0.9384)
[2026-08-10 20:45:54] 2026-08-10 20:45:54 | INFO     | WeightClient 10 fit round 36 (fedprox=True)
[2026-08-10 20:46:13] 2026-08-10 20:46:13 | INFO     | WeightClient 10 round 36 completed (acc=0.9258)
[2026-08-10 20:46:13] 2026-08-10 20:46:13 | INFO     | WeightClient 11 fit round 36 (fedprox=True)
[2026-08-10 20:46:29] 2026-08-10 20:46:29 | INFO     | WeightClient 11 round 36 completed (acc=0.9382)
[2026-08-10 20:46:29] 2026-08-10 20:46:29 | INFO     | WeightClient 12 fit round 36 (fedprox=True)
[2026-08-10 20:47:01] 2026-08-10 20:47:01 | INFO     | WeightClient 12 round 36 completed (acc=0.9367)
[2026-08-10 20:47:01] 2026-08-10 20:47:01 | INFO     | WeightClient 13 fit round 36 (fedprox=True)
[2026-08-10 20:47:30] 2026-08-10 20:47:30 | INFO     | WeightClient 13 round 36 completed (acc=0.9345)
[2026-08-10 20:47:30] 2026-08-10 20:47:30 | INFO     | WeightClient 14 fit round 36 (fedprox=True)
[2026-08-10 20:48:01] 2026-08-10 20:48:01 | INFO     | WeightClient 14 round 36 completed (acc=0.9335)
[2026-08-10 20:48:01] 2026-08-10 20:48:01 | INFO     | WeightClient 15 fit round 36 (fedprox=True)
[2026-08-10 20:48:17] 2026-08-10 20:48:17 | INFO     | WeightClient 15 round 36 completed (acc=0.9374)
[2026-08-10 20:48:17] 2026-08-10 20:48:17 | INFO     | WeightClient 16 fit round 36 (fedprox=True)
[2026-08-10 20:48:34] 2026-08-10 20:48:34 | INFO     | WeightClient 16 round 36 completed (acc=0.9245)
[2026-08-10 20:48:34] 2026-08-10 20:48:34 | INFO     | WeightClient 17 fit round 36 (fedprox=True)
[2026-08-10 20:48:56] 2026-08-10 20:48:56 | INFO     | WeightClient 17 round 36 completed (acc=0.9222)
[2026-08-10 20:48:56] 2026-08-10 20:48:56 | INFO     | WeightClient 18 fit round 36 (fedprox=True)
[2026-08-10 20:49:19] 2026-08-10 20:49:19 | INFO     | WeightClient 18 round 36 completed (acc=0.9327)
[2026-08-10 20:49:19] 2026-08-10 20:49:19 | INFO     | WeightClient 19 fit round 36 (fedprox=True)
[2026-08-10 20:49:41] 2026-08-10 20:49:41 | INFO     | WeightClient 19 round 36 completed (acc=0.9387)
[2026-08-10 20:49:41]   Round  36/40 | Avg: 0.9322 | Min: 0.9222 | Max: 0.9387
[2026-08-10 20:49:41] 2026-08-10 20:49:41 | INFO     | FEDPROX — IID: round 37/40 starting
[2026-08-10 20:49:41] 2026-08-10 20:49:41 | INFO     | WeightClient 0 fit round 37 (fedprox=True)
[2026-08-10 20:50:03] 2026-08-10 20:50:03 | INFO     | WeightClient 0 round 37 completed (acc=0.9303)
[2026-08-10 20:50:03] 2026-08-10 20:50:03 | INFO     | WeightClient 1 fit round 37 (fedprox=True)
[2026-08-10 20:50:20] 2026-08-10 20:50:20 | INFO     | WeightClient 1 round 37 completed (acc=0.9379)
[2026-08-10 20:50:20] 2026-08-10 20:50:20 | INFO     | WeightClient 2 fit round 37 (fedprox=True)
[2026-08-10 20:50:39] 2026-08-10 20:50:39 | INFO     | WeightClient 2 round 37 completed (acc=0.9375)
[2026-08-10 20:50:39] 2026-08-10 20:50:39 | INFO     | WeightClient 3 fit round 37 (fedprox=True)
[2026-08-10 20:50:58] 2026-08-10 20:50:58 | INFO     | WeightClient 3 round 37 completed (acc=0.9358)
[2026-08-10 20:50:58] 2026-08-10 20:50:58 | INFO     | WeightClient 4 fit round 37 (fedprox=True)
[2026-08-10 20:51:19] 2026-08-10 20:51:19 | INFO     | WeightClient 4 round 37 completed (acc=0.9359)
[2026-08-10 20:51:19] 2026-08-10 20:51:19 | INFO     | WeightClient 5 fit round 37 (fedprox=True)
[2026-08-10 20:51:47] 2026-08-10 20:51:47 | INFO     | WeightClient 5 round 37 completed (acc=0.9104)
[2026-08-10 20:51:47] 2026-08-10 20:51:47 | INFO     | WeightClient 6 fit round 37 (fedprox=True)
[2026-08-10 20:52:07] 2026-08-10 20:52:07 | INFO     | WeightClient 6 round 37 completed (acc=0.9352)
[2026-08-10 20:52:07] 2026-08-10 20:52:07 | INFO     | WeightClient 7 fit round 37 (fedprox=True)
[2026-08-10 20:52:29] 2026-08-10 20:52:29 | INFO     | WeightClient 7 round 37 completed (acc=0.9239)
[2026-08-10 20:52:29] 2026-08-10 20:52:29 | INFO     | WeightClient 8 fit round 37 (fedprox=True)
[2026-08-10 20:52:57] 2026-08-10 20:52:57 | INFO     | WeightClient 8 round 37 completed (acc=0.9183)
[2026-08-10 20:52:57] 2026-08-10 20:52:57 | INFO     | WeightClient 9 fit round 37 (fedprox=True)
[2026-08-10 20:53:19] 2026-08-10 20:53:19 | INFO     | WeightClient 9 round 37 completed (acc=0.9384)
[2026-08-10 20:53:19] 2026-08-10 20:53:19 | INFO     | WeightClient 10 fit round 37 (fedprox=True)
[2026-08-10 20:53:38] 2026-08-10 20:53:38 | INFO     | WeightClient 10 round 37 completed (acc=0.9327)
[2026-08-10 20:53:38] 2026-08-10 20:53:38 | INFO     | WeightClient 11 fit round 37 (fedprox=True)
[2026-08-10 20:54:03] 2026-08-10 20:54:03 | INFO     | WeightClient 11 round 37 completed (acc=0.9303)
[2026-08-10 20:54:03] 2026-08-10 20:54:03 | INFO     | WeightClient 12 fit round 37 (fedprox=True)
[2026-08-10 20:54:24] 2026-08-10 20:54:24 | INFO     | WeightClient 12 round 37 completed (acc=0.9284)
[2026-08-10 20:54:24] 2026-08-10 20:54:24 | INFO     | WeightClient 13 fit round 37 (fedprox=True)
[2026-08-10 20:54:50] 2026-08-10 20:54:50 | INFO     | WeightClient 13 round 37 completed (acc=0.9364)
[2026-08-10 20:54:50] 2026-08-10 20:54:50 | INFO     | WeightClient 14 fit round 37 (fedprox=True)
[2026-08-10 20:55:21] 2026-08-10 20:55:21 | INFO     | WeightClient 14 round 37 completed (acc=0.9388)
[2026-08-10 20:55:21] 2026-08-10 20:55:21 | INFO     | WeightClient 15 fit round 37 (fedprox=True)
[2026-08-10 20:55:48] 2026-08-10 20:55:48 | INFO     | WeightClient 15 round 37 completed (acc=0.9384)
[2026-08-10 20:55:48] 2026-08-10 20:55:48 | INFO     | WeightClient 16 fit round 37 (fedprox=True)
[2026-08-10 20:56:19] 2026-08-10 20:56:19 | INFO     | WeightClient 16 round 37 completed (acc=0.9267)
[2026-08-10 20:56:19] 2026-08-10 20:56:19 | INFO     | WeightClient 17 fit round 37 (fedprox=True)
[2026-08-10 20:56:45] 2026-08-10 20:56:45 | INFO     | WeightClient 17 round 37 completed (acc=0.9384)
[2026-08-10 20:56:45] 2026-08-10 20:56:45 | INFO     | WeightClient 18 fit round 37 (fedprox=True)
[2026-08-10 20:57:16] 2026-08-10 20:57:16 | INFO     | WeightClient 18 round 37 completed (acc=0.9279)
[2026-08-10 20:57:16] 2026-08-10 20:57:16 | INFO     | WeightClient 19 fit round 37 (fedprox=True)
[2026-08-10 20:57:42] 2026-08-10 20:57:42 | INFO     | WeightClient 19 round 37 completed (acc=0.9362)
[2026-08-10 20:57:43]   Round  37/40 | Avg: 0.9319 | Min: 0.9104 | Max: 0.9388
[2026-08-10 20:57:43] 2026-08-10 20:57:43 | INFO     | FEDPROX — IID: round 38/40 starting
[2026-08-10 20:57:43] 2026-08-10 20:57:43 | INFO     | WeightClient 0 fit round 38 (fedprox=True)
[2026-08-10 20:58:14] 2026-08-10 20:58:14 | INFO     | WeightClient 0 round 38 completed (acc=0.9330)
[2026-08-10 20:58:14] 2026-08-10 20:58:14 | INFO     | WeightClient 1 fit round 38 (fedprox=True)
[2026-08-10 20:58:45] 2026-08-10 20:58:45 | INFO     | WeightClient 1 round 38 completed (acc=0.9349)
[2026-08-10 20:58:45] 2026-08-10 20:58:45 | INFO     | WeightClient 2 fit round 38 (fedprox=True)
[2026-08-10 20:59:08] 2026-08-10 20:59:08 | INFO     | WeightClient 2 round 38 completed (acc=0.9331)
[2026-08-10 20:59:08] 2026-08-10 20:59:08 | INFO     | WeightClient 3 fit round 38 (fedprox=True)
[2026-08-10 20:59:38] 2026-08-10 20:59:38 | INFO     | WeightClient 3 round 38 completed (acc=0.9373)
[2026-08-10 20:59:38] 2026-08-10 20:59:38 | INFO     | WeightClient 4 fit round 38 (fedprox=True)
[2026-08-10 21:00:02] 2026-08-10 21:00:02 | INFO     | WeightClient 4 round 38 completed (acc=0.9369)
[2026-08-10 21:00:02] 2026-08-10 21:00:02 | INFO     | WeightClient 5 fit round 38 (fedprox=True)
[2026-08-10 21:00:36] 2026-08-10 21:00:36 | INFO     | WeightClient 5 round 38 completed (acc=0.9342)
[2026-08-10 21:00:36] 2026-08-10 21:00:36 | INFO     | WeightClient 6 fit round 38 (fedprox=True)
[2026-08-10 21:00:59] 2026-08-10 21:00:59 | INFO     | WeightClient 6 round 38 completed (acc=0.9357)
[2026-08-10 21:00:59] 2026-08-10 21:00:59 | INFO     | WeightClient 7 fit round 38 (fedprox=True)
[2026-08-10 21:01:27] 2026-08-10 21:01:27 | INFO     | WeightClient 7 round 38 completed (acc=0.9328)
[2026-08-10 21:01:27] 2026-08-10 21:01:27 | INFO     | WeightClient 8 fit round 38 (fedprox=True)
[2026-08-10 21:01:58] 2026-08-10 21:01:58 | INFO     | WeightClient 8 round 38 completed (acc=0.9371)
[2026-08-10 21:01:58] 2026-08-10 21:01:58 | INFO     | WeightClient 9 fit round 38 (fedprox=True)
[2026-08-10 21:02:26] 2026-08-10 21:02:26 | INFO     | WeightClient 9 round 38 completed (acc=0.9307)
[2026-08-10 21:02:26] 2026-08-10 21:02:26 | INFO     | WeightClient 10 fit round 38 (fedprox=True)
[2026-08-10 21:02:50] 2026-08-10 21:02:50 | INFO     | WeightClient 10 round 38 completed (acc=0.9374)
[2026-08-10 21:02:50] 2026-08-10 21:02:50 | INFO     | WeightClient 11 fit round 38 (fedprox=True)
[2026-08-10 21:03:17] 2026-08-10 21:03:17 | INFO     | WeightClient 11 round 38 completed (acc=0.9372)
[2026-08-10 21:03:17] 2026-08-10 21:03:17 | INFO     | WeightClient 12 fit round 38 (fedprox=True)
[2026-08-10 21:03:37] 2026-08-10 21:03:37 | INFO     | WeightClient 12 round 38 completed (acc=0.9382)
[2026-08-10 21:03:37] 2026-08-10 21:03:37 | INFO     | WeightClient 13 fit round 38 (fedprox=True)
[2026-08-10 21:04:00] 2026-08-10 21:04:00 | INFO     | WeightClient 13 round 38 completed (acc=0.9281)
[2026-08-10 21:04:00] 2026-08-10 21:04:00 | INFO     | WeightClient 14 fit round 38 (fedprox=True)
[2026-08-10 21:04:34] 2026-08-10 21:04:34 | INFO     | WeightClient 14 round 38 completed (acc=0.9360)
[2026-08-10 21:04:34] 2026-08-10 21:04:34 | INFO     | WeightClient 15 fit round 38 (fedprox=True)
[2026-08-10 21:05:01] 2026-08-10 21:05:01 | INFO     | WeightClient 15 round 38 completed (acc=0.9363)
[2026-08-10 21:05:01] 2026-08-10 21:05:01 | INFO     | WeightClient 16 fit round 38 (fedprox=True)
[2026-08-10 21:05:33] 2026-08-10 21:05:33 | INFO     | WeightClient 16 round 38 completed (acc=0.9241)
[2026-08-10 21:05:33] 2026-08-10 21:05:33 | INFO     | WeightClient 17 fit round 38 (fedprox=True)
[2026-08-10 21:06:01] 2026-08-10 21:06:01 | INFO     | WeightClient 17 round 38 completed (acc=0.9295)
[2026-08-10 21:06:01] 2026-08-10 21:06:01 | INFO     | WeightClient 18 fit round 38 (fedprox=True)
[2026-08-10 21:06:22] 2026-08-10 21:06:22 | INFO     | WeightClient 18 round 38 completed (acc=0.9326)
[2026-08-10 21:06:22] 2026-08-10 21:06:22 | INFO     | WeightClient 19 fit round 38 (fedprox=True)
[2026-08-10 21:06:48] 2026-08-10 21:06:48 | INFO     | WeightClient 19 round 38 completed (acc=0.9346)
[2026-08-10 21:06:48]   Round  38/40 | Avg: 0.9340 | Min: 0.9241 | Max: 0.9382
[2026-08-10 21:06:48] 2026-08-10 21:06:48 | INFO     | FEDPROX — IID: round 39/40 starting
[2026-08-10 21:06:48] 2026-08-10 21:06:48 | INFO     | WeightClient 0 fit round 39 (fedprox=True)
[2026-08-10 21:07:22] 2026-08-10 21:07:22 | INFO     | WeightClient 0 round 39 completed (acc=0.9339)
[2026-08-10 21:07:22] 2026-08-10 21:07:22 | INFO     | WeightClient 1 fit round 39 (fedprox=True)
[2026-08-10 21:07:47] 2026-08-10 21:07:47 | INFO     | WeightClient 1 round 39 completed (acc=0.9334)
[2026-08-10 21:07:47] 2026-08-10 21:07:47 | INFO     | WeightClient 2 fit round 39 (fedprox=True)
[2026-08-10 21:08:09] 2026-08-10 21:08:09 | INFO     | WeightClient 2 round 39 completed (acc=0.9344)
[2026-08-10 21:08:09] 2026-08-10 21:08:09 | INFO     | WeightClient 3 fit round 39 (fedprox=True)
[2026-08-10 21:08:42] 2026-08-10 21:08:42 | INFO     | WeightClient 3 round 39 completed (acc=0.9399)
[2026-08-10 21:08:42] 2026-08-10 21:08:42 | INFO     | WeightClient 4 fit round 39 (fedprox=True)
[2026-08-10 21:09:08] 2026-08-10 21:09:08 | INFO     | WeightClient 4 round 39 completed (acc=0.9388)
[2026-08-10 21:09:08] 2026-08-10 21:09:08 | INFO     | WeightClient 5 fit round 39 (fedprox=True)
[2026-08-10 21:09:30] 2026-08-10 21:09:30 | INFO     | WeightClient 5 round 39 completed (acc=0.9346)
[2026-08-10 21:09:30] 2026-08-10 21:09:30 | INFO     | WeightClient 6 fit round 39 (fedprox=True)
[2026-08-10 21:09:52] 2026-08-10 21:09:52 | INFO     | WeightClient 6 round 39 completed (acc=0.9380)
[2026-08-10 21:09:52] 2026-08-10 21:09:52 | INFO     | WeightClient 7 fit round 39 (fedprox=True)
[2026-08-10 21:10:11] 2026-08-10 21:10:11 | INFO     | WeightClient 7 round 39 completed (acc=0.9350)
[2026-08-10 21:10:11] 2026-08-10 21:10:11 | INFO     | WeightClient 8 fit round 39 (fedprox=True)
[2026-08-10 21:10:31] 2026-08-10 21:10:31 | INFO     | WeightClient 8 round 39 completed (acc=0.9290)
[2026-08-10 21:10:31] 2026-08-10 21:10:31 | INFO     | WeightClient 9 fit round 39 (fedprox=True)
[2026-08-10 21:10:49] 2026-08-10 21:10:49 | INFO     | WeightClient 9 round 39 completed (acc=0.9363)
[2026-08-10 21:10:49] 2026-08-10 21:10:49 | INFO     | WeightClient 10 fit round 39 (fedprox=True)
[2026-08-10 21:11:08] 2026-08-10 21:11:08 | INFO     | WeightClient 10 round 39 completed (acc=0.9417)
[2026-08-10 21:11:08] 2026-08-10 21:11:08 | INFO     | WeightClient 11 fit round 39 (fedprox=True)
[2026-08-10 21:11:26] 2026-08-10 21:11:26 | INFO     | WeightClient 11 round 39 completed (acc=0.9406)
[2026-08-10 21:11:26] 2026-08-10 21:11:26 | INFO     | WeightClient 12 fit round 39 (fedprox=True)
[2026-08-10 21:11:44] 2026-08-10 21:11:44 | INFO     | WeightClient 12 round 39 completed (acc=0.9348)
[2026-08-10 21:11:44] 2026-08-10 21:11:44 | INFO     | WeightClient 13 fit round 39 (fedprox=True)
[2026-08-10 21:12:04] 2026-08-10 21:12:04 | INFO     | WeightClient 13 round 39 completed (acc=0.9323)
[2026-08-10 21:12:04] 2026-08-10 21:12:04 | INFO     | WeightClient 14 fit round 39 (fedprox=True)
[2026-08-10 21:12:27] 2026-08-10 21:12:27 | INFO     | WeightClient 14 round 39 completed (acc=0.9390)
[2026-08-10 21:12:27] 2026-08-10 21:12:27 | INFO     | WeightClient 15 fit round 39 (fedprox=True)
[2026-08-10 21:12:54] 2026-08-10 21:12:54 | INFO     | WeightClient 15 round 39 completed (acc=0.9294)
[2026-08-10 21:12:54] 2026-08-10 21:12:54 | INFO     | WeightClient 16 fit round 39 (fedprox=True)
[2026-08-10 21:13:20] 2026-08-10 21:13:20 | INFO     | WeightClient 16 round 39 completed (acc=0.9275)
[2026-08-10 21:13:20] 2026-08-10 21:13:20 | INFO     | WeightClient 17 fit round 39 (fedprox=True)
[2026-08-10 21:13:47] 2026-08-10 21:13:47 | INFO     | WeightClient 17 round 39 completed (acc=0.9337)
[2026-08-10 21:13:47] 2026-08-10 21:13:47 | INFO     | WeightClient 18 fit round 39 (fedprox=True)
[2026-08-10 21:14:07] 2026-08-10 21:14:07 | INFO     | WeightClient 18 round 39 completed (acc=0.9360)
[2026-08-10 21:14:08] 2026-08-10 21:14:07 | INFO     | WeightClient 19 fit round 39 (fedprox=True)
[2026-08-10 21:14:38] 2026-08-10 21:14:38 | INFO     | WeightClient 19 round 39 completed (acc=0.9351)
[2026-08-10 21:14:39]   Round  39/40 | Avg: 0.9352 | Min: 0.9275 | Max: 0.9417
[2026-08-10 21:14:39] 2026-08-10 21:14:39 | INFO     | FEDPROX — IID: round 40/40 starting
[2026-08-10 21:14:39] 2026-08-10 21:14:39 | INFO     | WeightClient 0 fit round 40 (fedprox=True)
[2026-08-10 21:15:03] 2026-08-10 21:15:03 | INFO     | WeightClient 0 round 40 completed (acc=0.9328)
[2026-08-10 21:15:03] 2026-08-10 21:15:03 | INFO     | WeightClient 1 fit round 40 (fedprox=True)
[2026-08-10 21:15:28] 2026-08-10 21:15:28 | INFO     | WeightClient 1 round 40 completed (acc=0.9388)
[2026-08-10 21:15:28] 2026-08-10 21:15:28 | INFO     | WeightClient 2 fit round 40 (fedprox=True)
[2026-08-10 21:15:56] 2026-08-10 21:15:56 | INFO     | WeightClient 2 round 40 completed (acc=0.9327)
[2026-08-10 21:15:56] 2026-08-10 21:15:56 | INFO     | WeightClient 3 fit round 40 (fedprox=True)
[2026-08-10 21:16:21] 2026-08-10 21:16:21 | INFO     | WeightClient 3 round 40 completed (acc=0.9322)
[2026-08-10 21:16:21] 2026-08-10 21:16:21 | INFO     | WeightClient 4 fit round 40 (fedprox=True)
[2026-08-10 21:16:43] 2026-08-10 21:16:43 | INFO     | WeightClient 4 round 40 completed (acc=0.9372)
[2026-08-10 21:16:43] 2026-08-10 21:16:43 | INFO     | WeightClient 5 fit round 40 (fedprox=True)
[2026-08-10 21:17:07] 2026-08-10 21:17:07 | INFO     | WeightClient 5 round 40 completed (acc=0.9218)
[2026-08-10 21:17:07] 2026-08-10 21:17:07 | INFO     | WeightClient 6 fit round 40 (fedprox=True)
[2026-08-10 21:17:28] 2026-08-10 21:17:28 | INFO     | WeightClient 6 round 40 completed (acc=0.9341)
[2026-08-10 21:17:28] 2026-08-10 21:17:28 | INFO     | WeightClient 7 fit round 40 (fedprox=True)
[2026-08-10 21:17:49] 2026-08-10 21:17:49 | INFO     | WeightClient 7 round 40 completed (acc=0.9278)
[2026-08-10 21:17:49] 2026-08-10 21:17:49 | INFO     | WeightClient 8 fit round 40 (fedprox=True)
[2026-08-10 21:18:13] 2026-08-10 21:18:13 | INFO     | WeightClient 8 round 40 completed (acc=0.9404)
[2026-08-10 21:18:13] 2026-08-10 21:18:13 | INFO     | WeightClient 9 fit round 40 (fedprox=True)
[2026-08-10 21:18:38] 2026-08-10 21:18:38 | INFO     | WeightClient 9 round 40 completed (acc=0.9355)
[2026-08-10 21:18:38] 2026-08-10 21:18:38 | INFO     | WeightClient 10 fit round 40 (fedprox=True)
[2026-08-10 21:19:02] 2026-08-10 21:19:02 | INFO     | WeightClient 10 round 40 completed (acc=0.9292)
[2026-08-10 21:19:02] 2026-08-10 21:19:02 | INFO     | WeightClient 11 fit round 40 (fedprox=True)
[2026-08-10 21:19:25] 2026-08-10 21:19:25 | INFO     | WeightClient 11 round 40 completed (acc=0.9449)
[2026-08-10 21:19:25] 2026-08-10 21:19:25 | INFO     | WeightClient 12 fit round 40 (fedprox=True)
[2026-08-10 21:19:59] 2026-08-10 21:19:58 | INFO     | WeightClient 12 round 40 completed (acc=0.9281)
[2026-08-10 21:19:59] 2026-08-10 21:19:59 | INFO     | WeightClient 13 fit round 40 (fedprox=True)
[2026-08-10 21:20:26] 2026-08-10 21:20:26 | INFO     | WeightClient 13 round 40 completed (acc=0.9301)
[2026-08-10 21:20:26] 2026-08-10 21:20:26 | INFO     | WeightClient 14 fit round 40 (fedprox=True)
[2026-08-10 21:20:46] 2026-08-10 21:20:46 | INFO     | WeightClient 14 round 40 completed (acc=0.9350)
[2026-08-10 21:20:46] 2026-08-10 21:20:46 | INFO     | WeightClient 15 fit round 40 (fedprox=True)
[2026-08-10 21:21:14] 2026-08-10 21:21:14 | INFO     | WeightClient 15 round 40 completed (acc=0.9375)
[2026-08-10 21:21:14] 2026-08-10 21:21:14 | INFO     | WeightClient 16 fit round 40 (fedprox=True)
[2026-08-10 21:21:43] 2026-08-10 21:21:43 | INFO     | WeightClient 16 round 40 completed (acc=0.9357)
[2026-08-10 21:21:43] 2026-08-10 21:21:43 | INFO     | WeightClient 17 fit round 40 (fedprox=True)
[2026-08-10 21:22:09] 2026-08-10 21:22:09 | INFO     | WeightClient 17 round 40 completed (acc=0.9338)
[2026-08-10 21:22:09] 2026-08-10 21:22:09 | INFO     | WeightClient 18 fit round 40 (fedprox=True)
[2026-08-10 21:22:36] 2026-08-10 21:22:36 | INFO     | WeightClient 18 round 40 completed (acc=0.9375)
[2026-08-10 21:22:36] 2026-08-10 21:22:36 | INFO     | WeightClient 19 fit round 40 (fedprox=True)
[2026-08-10 21:23:06] 2026-08-10 21:23:06 | INFO     | WeightClient 19 round 40 completed (acc=0.9342)
[2026-08-10 21:23:07]   Round  40/40 | Avg: 0.9340 | Min: 0.9218 | Max: 0.9449
[2026-08-10 21:23:07]   FEDPROX — IID done.
[2026-08-10 21:23:07]   Metadata saved to C:/Users/ggad/Desktop/HomeSenseKD/results/phase1\mnist\fedprox\uniform\iid\metadata.json
[2026-08-10 21:23:07] 2026-08-10 21:23:07 | INFO     | run_one_algo: algorithm=fedprox  setting=noniid
[2026-08-10 21:23:07] 2026-08-10 21:23:07 | INFO     | Building 20 client models for algo=fedprox  tiers=['small', 'small', 'small', 'small', 'small', 'small', 'small', 'medium', 'medium', 'medium', 'medium', 'medium', 'medium', 'medium', 'large', 'large', 'large', 'large', 'large', 'large']
[2026-08-10 21:23:15] 2026-08-10 21:23:15 | INFO     | Starting FEDPROX — NONIID (40 rounds, 20 clients)
[2026-08-10 21:23:15] 
[2026-08-10 21:23:15] =================================================================
[2026-08-10 21:23:15]   FEDPROX — NONIID
[2026-08-10 21:23:15] =================================================================
[2026-08-10 21:23:15] 2026-08-10 21:23:15 | INFO     | FEDPROX — NONIID: round 1/40 starting
[2026-08-10 21:23:15] 2026-08-10 21:23:15 | INFO     | WeightClient 0 fit round 1 (fedprox=True)
[2026-08-10 21:23:42] 2026-08-10 21:23:42 | INFO     | WeightClient 0 round 1 completed (acc=0.7972)
[2026-08-10 21:23:42] 2026-08-10 21:23:42 | INFO     | WeightClient 1 fit round 1 (fedprox=True)
[2026-08-10 21:24:26] 2026-08-10 21:24:26 | INFO     | WeightClient 1 round 1 completed (acc=0.7028)
[2026-08-10 21:24:26] 2026-08-10 21:24:26 | INFO     | WeightClient 2 fit round 1 (fedprox=True)
[2026-08-10 21:25:00] 2026-08-10 21:25:00 | INFO     | WeightClient 2 round 1 completed (acc=0.7148)
[2026-08-10 21:25:00] 2026-08-10 21:25:00 | INFO     | WeightClient 3 fit round 1 (fedprox=True)
[2026-08-10 21:25:34] 2026-08-10 21:25:34 | INFO     | WeightClient 3 round 1 completed (acc=0.7602)
[2026-08-10 21:25:34] 2026-08-10 21:25:34 | INFO     | WeightClient 4 fit round 1 (fedprox=True)
[2026-08-10 21:25:58] 2026-08-10 21:25:58 | INFO     | WeightClient 4 round 1 completed (acc=0.8624)
[2026-08-10 21:25:58] 2026-08-10 21:25:58 | INFO     | WeightClient 5 fit round 1 (fedprox=True)
[2026-08-10 21:26:29] 2026-08-10 21:26:29 | INFO     | WeightClient 5 round 1 completed (acc=0.7657)
[2026-08-10 21:26:29] 2026-08-10 21:26:29 | INFO     | WeightClient 6 fit round 1 (fedprox=True)
[2026-08-10 21:26:54] 2026-08-10 21:26:54 | INFO     | WeightClient 6 round 1 completed (acc=0.6894)
[2026-08-10 21:26:54] 2026-08-10 21:26:54 | INFO     | WeightClient 7 fit round 1 (fedprox=True)
[2026-08-10 21:27:26] 2026-08-10 21:27:26 | INFO     | WeightClient 7 round 1 completed (acc=0.7815)
[2026-08-10 21:27:26] 2026-08-10 21:27:26 | INFO     | WeightClient 8 fit round 1 (fedprox=True)
[2026-08-10 21:28:01] 2026-08-10 21:28:01 | INFO     | WeightClient 8 round 1 completed (acc=0.6590)
[2026-08-10 21:28:01] 2026-08-10 21:28:01 | INFO     | WeightClient 9 fit round 1 (fedprox=True)
[2026-08-10 21:28:29] 2026-08-10 21:28:29 | INFO     | WeightClient 9 round 1 completed (acc=0.6802)
[2026-08-10 21:28:29] 2026-08-10 21:28:29 | INFO     | WeightClient 10 fit round 1 (fedprox=True)
[2026-08-10 21:28:54] 2026-08-10 21:28:54 | INFO     | WeightClient 10 round 1 completed (acc=0.7064)
[2026-08-10 21:28:54] 2026-08-10 21:28:54 | INFO     | WeightClient 11 fit round 1 (fedprox=True)
[2026-08-10 21:29:17] 2026-08-10 21:29:16 | INFO     | WeightClient 11 round 1 completed (acc=0.5740)
[2026-08-10 21:29:17] 2026-08-10 21:29:17 | INFO     | WeightClient 12 fit round 1 (fedprox=True)
[2026-08-10 21:29:38] 2026-08-10 21:29:38 | INFO     | WeightClient 12 round 1 completed (acc=0.7218)
[2026-08-10 21:29:38] 2026-08-10 21:29:38 | INFO     | WeightClient 13 fit round 1 (fedprox=True)
[2026-08-10 21:30:06] 2026-08-10 21:30:06 | INFO     | WeightClient 13 round 1 completed (acc=0.8083)
[2026-08-10 21:30:06] 2026-08-10 21:30:06 | INFO     | WeightClient 14 fit round 1 (fedprox=True)
[2026-08-10 21:30:30] 2026-08-10 21:30:30 | INFO     | WeightClient 14 round 1 completed (acc=0.7931)
[2026-08-10 21:30:30] 2026-08-10 21:30:30 | INFO     | WeightClient 15 fit round 1 (fedprox=True)
[2026-08-10 21:31:01] 2026-08-10 21:31:01 | INFO     | WeightClient 15 round 1 completed (acc=0.9255)
[2026-08-10 21:31:01] 2026-08-10 21:31:01 | INFO     | WeightClient 16 fit round 1 (fedprox=True)
[2026-08-10 21:31:25] 2026-08-10 21:31:25 | INFO     | WeightClient 16 round 1 completed (acc=0.8964)
[2026-08-10 21:31:25] 2026-08-10 21:31:25 | INFO     | WeightClient 17 fit round 1 (fedprox=True)
[2026-08-10 21:31:53] 2026-08-10 21:31:53 | INFO     | WeightClient 17 round 1 completed (acc=0.7630)
[2026-08-10 21:31:53] 2026-08-10 21:31:53 | INFO     | WeightClient 18 fit round 1 (fedprox=True)
[2026-08-10 21:32:25] 2026-08-10 21:32:24 | INFO     | WeightClient 18 round 1 completed (acc=0.6583)
[2026-08-10 21:32:25] 2026-08-10 21:32:25 | INFO     | WeightClient 19 fit round 1 (fedprox=True)
[2026-08-10 21:32:55] 2026-08-10 21:32:55 | INFO     | WeightClient 19 round 1 completed (acc=0.8137)
[2026-08-10 21:32:55]   Round   1/40 | Avg: 0.7537 | Min: 0.5740 | Max: 0.9255
[2026-08-10 21:32:55] 2026-08-10 21:32:55 | INFO     | FEDPROX — NONIID: round 2/40 starting
[2026-08-10 21:32:55] 2026-08-10 21:32:55 | INFO     | WeightClient 0 fit round 2 (fedprox=True)
[2026-08-10 21:34:39] 2026-08-10 21:34:39 | INFO     | WeightClient 0 round 2 completed (acc=0.5774)
[2026-08-10 21:34:39] 2026-08-10 21:34:39 | INFO     | WeightClient 1 fit round 2 (fedprox=True)
[2026-08-10 21:36:07] 2026-08-10 21:36:07 | INFO     | WeightClient 1 round 2 completed (acc=0.6760)
[2026-08-10 21:36:07] 2026-08-10 21:36:07 | INFO     | WeightClient 2 fit round 2 (fedprox=True)
[2026-08-10 21:37:01] 2026-08-10 21:37:01 | INFO     | WeightClient 2 round 2 completed (acc=0.7090)
[2026-08-10 21:37:01] 2026-08-10 21:37:01 | INFO     | WeightClient 3 fit round 2 (fedprox=True)
[2026-08-10 21:40:07] 2026-08-10 21:40:07 | INFO     | WeightClient 3 round 2 completed (acc=0.6237)
[2026-08-10 21:40:07] 2026-08-10 21:40:07 | INFO     | WeightClient 4 fit round 2 (fedprox=True)
[2026-08-10 21:43:44] 2026-08-10 21:43:44 | INFO     | WeightClient 4 round 2 completed (acc=0.7946)
[2026-08-10 21:43:44] 2026-08-10 21:43:44 | INFO     | WeightClient 5 fit round 2 (fedprox=True)
[2026-08-10 21:45:09] 2026-08-10 21:45:09 | INFO     | WeightClient 5 round 2 completed (acc=0.6931)
[2026-08-10 21:45:09] 2026-08-10 21:45:09 | INFO     | WeightClient 6 fit round 2 (fedprox=True)
[2026-08-10 21:46:04] 2026-08-10 21:46:04 | INFO     | WeightClient 6 round 2 completed (acc=0.6418)
[2026-08-10 21:46:04] 2026-08-10 21:46:04 | INFO     | WeightClient 7 fit round 2 (fedprox=True)
[2026-08-10 21:47:53] 2026-08-10 21:47:53 | INFO     | WeightClient 7 round 2 completed (acc=0.6733)
[2026-08-10 21:47:53] 2026-08-10 21:47:53 | INFO     | WeightClient 8 fit round 2 (fedprox=True)
[2026-08-10 21:49:36] 2026-08-10 21:49:36 | INFO     | WeightClient 8 round 2 completed (acc=0.6122)
[2026-08-10 21:49:36] 2026-08-10 21:49:36 | INFO     | WeightClient 9 fit round 2 (fedprox=True)
[2026-08-10 21:51:21] 2026-08-10 21:51:21 | INFO     | WeightClient 9 round 2 completed (acc=0.4889)
[2026-08-10 21:51:21] 2026-08-10 21:51:21 | INFO     | WeightClient 10 fit round 2 (fedprox=True)
[2026-08-10 21:53:06] 2026-08-10 21:53:06 | INFO     | WeightClient 10 round 2 completed (acc=0.6797)
[2026-08-10 21:53:06] 2026-08-10 21:53:06 | INFO     | WeightClient 11 fit round 2 (fedprox=True)
[2026-08-10 21:55:04] 2026-08-10 21:55:04 | INFO     | WeightClient 11 round 2 completed (acc=0.4867)
[2026-08-10 21:55:04] 2026-08-10 21:55:04 | INFO     | WeightClient 12 fit round 2 (fedprox=True)
[2026-08-10 21:56:53] 2026-08-10 21:56:53 | INFO     | WeightClient 12 round 2 completed (acc=0.6949)
[2026-08-10 21:56:53] 2026-08-10 21:56:53 | INFO     | WeightClient 13 fit round 2 (fedprox=True)
[2026-08-10 21:59:33] 2026-08-10 21:59:33 | INFO     | WeightClient 13 round 2 completed (acc=0.7528)
[2026-08-10 21:59:33] 2026-08-10 21:59:33 | INFO     | WeightClient 14 fit round 2 (fedprox=True)
[2026-08-10 22:01:09] 2026-08-10 22:01:09 | INFO     | WeightClient 14 round 2 completed (acc=0.7023)
[2026-08-10 22:01:09] 2026-08-10 22:01:09 | INFO     | WeightClient 15 fit round 2 (fedprox=True)
[2026-08-10 22:04:05] 2026-08-10 22:04:05 | INFO     | WeightClient 15 round 2 completed (acc=0.8569)
[2026-08-10 22:04:05] 2026-08-10 22:04:05 | INFO     | WeightClient 16 fit round 2 (fedprox=True)
[2026-08-10 22:07:24] 2026-08-10 22:07:24 | INFO     | WeightClient 16 round 2 completed (acc=0.7732)
[2026-08-10 22:07:24] 2026-08-10 22:07:24 | INFO     | WeightClient 17 fit round 2 (fedprox=True)
[2026-08-10 22:08:59] 2026-08-10 22:08:59 | INFO     | WeightClient 17 round 2 completed (acc=0.6832)
[2026-08-10 22:08:59] 2026-08-10 22:08:59 | INFO     | WeightClient 18 fit round 2 (fedprox=True)
[2026-08-10 22:09:44] 2026-08-10 22:09:44 | INFO     | WeightClient 18 round 2 completed (acc=0.5986)
[2026-08-10 22:09:44] 2026-08-10 22:09:44 | INFO     | WeightClient 19 fit round 2 (fedprox=True)
[2026-08-10 22:11:36] 2026-08-10 22:11:36 | INFO     | WeightClient 19 round 2 completed (acc=0.6916)
[2026-08-10 22:11:36]   Round   2/40 | Avg: 0.6705 | Min: 0.4867 | Max: 0.8569
[2026-08-10 22:11:36] 2026-08-10 22:11:36 | INFO     | FEDPROX — NONIID: round 3/40 starting
[2026-08-10 22:11:36] 2026-08-10 22:11:36 | INFO     | WeightClient 0 fit round 3 (fedprox=True)
[2026-08-10 22:13:21] 2026-08-10 22:13:21 | INFO     | WeightClient 0 round 3 completed (acc=0.6181)
[2026-08-10 22:13:21] 2026-08-10 22:13:21 | INFO     | WeightClient 1 fit round 3 (fedprox=True)
[2026-08-10 22:14:50] 2026-08-10 22:14:50 | INFO     | WeightClient 1 round 3 completed (acc=0.7659)
[2026-08-10 22:14:50] 2026-08-10 22:14:50 | INFO     | WeightClient 2 fit round 3 (fedprox=True)
[2026-08-10 22:16:07] 2026-08-10 22:16:07 | INFO     | WeightClient 2 round 3 completed (acc=0.7234)
[2026-08-10 22:16:07] 2026-08-10 22:16:07 | INFO     | WeightClient 3 fit round 3 (fedprox=True)
[2026-08-10 22:18:43] 2026-08-10 22:18:43 | INFO     | WeightClient 3 round 3 completed (acc=0.6939)
[2026-08-10 22:18:43] 2026-08-10 22:18:43 | INFO     | WeightClient 4 fit round 3 (fedprox=True)
[2026-08-10 22:21:38] 2026-08-10 22:21:38 | INFO     | WeightClient 4 round 3 completed (acc=0.8256)
[2026-08-10 22:21:38] 2026-08-10 22:21:38 | INFO     | WeightClient 5 fit round 3 (fedprox=True)
[2026-08-10 22:23:01] 2026-08-10 22:23:01 | INFO     | WeightClient 5 round 3 completed (acc=0.8352)
[2026-08-10 22:23:01] 2026-08-10 22:23:01 | INFO     | WeightClient 6 fit round 3 (fedprox=True)
[2026-08-10 22:23:56] 2026-08-10 22:23:56 | INFO     | WeightClient 6 round 3 completed (acc=0.7388)
[2026-08-10 22:23:56] 2026-08-10 22:23:56 | INFO     | WeightClient 7 fit round 3 (fedprox=True)
[2026-08-10 22:24:59] 2026-08-10 22:24:59 | INFO     | WeightClient 7 round 3 completed (acc=0.7972)
[2026-08-10 22:24:59] 2026-08-10 22:24:59 | INFO     | WeightClient 8 fit round 3 (fedprox=True)
[2026-08-10 22:26:37] 2026-08-10 22:26:37 | INFO     | WeightClient 8 round 3 completed (acc=0.6795)
[2026-08-10 22:26:37] 2026-08-10 22:26:37 | INFO     | WeightClient 9 fit round 3 (fedprox=True)
[2026-08-10 22:28:21] 2026-08-10 22:28:21 | INFO     | WeightClient 9 round 3 completed (acc=0.6494)
[2026-08-10 22:28:21] 2026-08-10 22:28:21 | INFO     | WeightClient 10 fit round 3 (fedprox=True)
[2026-08-10 22:29:51] 2026-08-10 22:29:51 | INFO     | WeightClient 10 round 3 completed (acc=0.6979)
[2026-08-10 22:29:51] 2026-08-10 22:29:51 | INFO     | WeightClient 11 fit round 3 (fedprox=True)
[2026-08-10 22:31:49] 2026-08-10 22:31:49 | INFO     | WeightClient 11 round 3 completed (acc=0.5456)
[2026-08-10 22:31:49] 2026-08-10 22:31:49 | INFO     | WeightClient 12 fit round 3 (fedprox=True)
[2026-08-10 22:33:47] 2026-08-10 22:33:47 | INFO     | WeightClient 12 round 3 completed (acc=0.7484)
[2026-08-10 22:33:47] 2026-08-10 22:33:47 | INFO     | WeightClient 13 fit round 3 (fedprox=True)
[2026-08-10 22:36:21] 2026-08-10 22:36:21 | INFO     | WeightClient 13 round 3 completed (acc=0.7767)
[2026-08-10 22:36:21] 2026-08-10 22:36:21 | INFO     | WeightClient 14 fit round 3 (fedprox=True)
[2026-08-10 22:37:51] 2026-08-10 22:37:51 | INFO     | WeightClient 14 round 3 completed (acc=0.7461)
[2026-08-10 22:37:51] 2026-08-10 22:37:51 | INFO     | WeightClient 15 fit round 3 (fedprox=True)
[2026-08-10 22:40:54] 2026-08-10 22:40:54 | INFO     | WeightClient 15 round 3 completed (acc=0.8868)
[2026-08-10 22:40:54] 2026-08-10 22:40:54 | INFO     | WeightClient 16 fit round 3 (fedprox=True)
[2026-08-10 22:43:02] 2026-08-10 22:43:02 | INFO     | WeightClient 16 round 3 completed (acc=0.8684)
[2026-08-10 22:43:02] 2026-08-10 22:43:02 | INFO     | WeightClient 17 fit round 3 (fedprox=True)
[2026-08-10 22:45:00] 2026-08-10 22:45:00 | INFO     | WeightClient 17 round 3 completed (acc=0.7786)
[2026-08-10 22:45:00] 2026-08-10 22:45:00 | INFO     | WeightClient 18 fit round 3 (fedprox=True)
[2026-08-10 22:46:08] 2026-08-10 22:46:08 | INFO     | WeightClient 18 round 3 completed (acc=0.7523)
[2026-08-10 22:46:08] 2026-08-10 22:46:08 | INFO     | WeightClient 19 fit round 3 (fedprox=True)
[2026-08-10 22:47:43] 2026-08-10 22:47:43 | INFO     | WeightClient 19 round 3 completed (acc=0.7598)
[2026-08-10 22:47:43]   Round   3/40 | Avg: 0.7444 | Min: 0.5456 | Max: 0.8868
[2026-08-10 22:47:43] 2026-08-10 22:47:43 | INFO     | FEDPROX — NONIID: round 4/40 starting
[2026-08-10 22:47:43] 2026-08-10 22:47:43 | INFO     | WeightClient 0 fit round 4 (fedprox=True)
[2026-08-10 22:49:20] 2026-08-10 22:49:20 | INFO     | WeightClient 0 round 4 completed (acc=0.7907)
[2026-08-10 22:49:20] 2026-08-10 22:49:20 | INFO     | WeightClient 1 fit round 4 (fedprox=True)
[2026-08-10 22:50:29] 2026-08-10 22:50:29 | INFO     | WeightClient 1 round 4 completed (acc=0.8166)
[2026-08-10 22:50:29] 2026-08-10 22:50:29 | INFO     | WeightClient 2 fit round 4 (fedprox=True)
[2026-08-10 22:51:31] 2026-08-10 22:51:31 | INFO     | WeightClient 2 round 4 completed (acc=0.8554)
[2026-08-10 22:51:31] 2026-08-10 22:51:31 | INFO     | WeightClient 3 fit round 4 (fedprox=True)
[2026-08-10 22:53:52] 2026-08-10 22:53:52 | INFO     | WeightClient 3 round 4 completed (acc=0.7933)
[2026-08-10 22:53:52] 2026-08-10 22:53:52 | INFO     | WeightClient 4 fit round 4 (fedprox=True)
[2026-08-10 22:56:57] 2026-08-10 22:56:57 | INFO     | WeightClient 4 round 4 completed (acc=0.8360)
[2026-08-10 22:56:57] 2026-08-10 22:56:57 | INFO     | WeightClient 5 fit round 4 (fedprox=True)
[2026-08-10 22:58:15] 2026-08-10 22:58:15 | INFO     | WeightClient 5 round 4 completed (acc=0.8922)
[2026-08-10 22:58:15] 2026-08-10 22:58:15 | INFO     | WeightClient 6 fit round 4 (fedprox=True)
[2026-08-10 22:59:02] 2026-08-10 22:59:02 | INFO     | WeightClient 6 round 4 completed (acc=0.7979)
[2026-08-10 22:59:02] 2026-08-10 22:59:02 | INFO     | WeightClient 7 fit round 4 (fedprox=True)
[2026-08-10 23:00:14] 2026-08-10 23:00:14 | INFO     | WeightClient 7 round 4 completed (acc=0.7959)
[2026-08-10 23:00:14] 2026-08-10 23:00:14 | INFO     | WeightClient 8 fit round 4 (fedprox=True)
[2026-08-10 23:02:00] 2026-08-10 23:02:00 | INFO     | WeightClient 8 round 4 completed (acc=0.7092)
[2026-08-10 23:02:00] 2026-08-10 23:02:00 | INFO     | WeightClient 9 fit round 4 (fedprox=True)
[2026-08-10 23:03:47] 2026-08-10 23:03:47 | INFO     | WeightClient 9 round 4 completed (acc=0.7399)
[2026-08-10 23:03:47] 2026-08-10 23:03:47 | INFO     | WeightClient 10 fit round 4 (fedprox=True)
[2026-08-10 23:04:52] 2026-08-10 23:04:52 | INFO     | WeightClient 10 round 4 completed (acc=0.7060)
[2026-08-10 23:04:52] 2026-08-10 23:04:52 | INFO     | WeightClient 11 fit round 4 (fedprox=True)
[2026-08-10 23:06:10] 2026-08-10 23:06:10 | INFO     | WeightClient 11 round 4 completed (acc=0.6711)
[2026-08-10 23:06:10] 2026-08-10 23:06:10 | INFO     | WeightClient 12 fit round 4 (fedprox=True)
[2026-08-10 23:07:49] 2026-08-10 23:07:49 | INFO     | WeightClient 12 round 4 completed (acc=0.8384)
[2026-08-10 23:07:49] 2026-08-10 23:07:49 | INFO     | WeightClient 13 fit round 4 (fedprox=True)
[2026-08-10 23:09:57] 2026-08-10 23:09:57 | INFO     | WeightClient 13 round 4 completed (acc=0.8453)
[2026-08-10 23:09:57] 2026-08-10 23:09:57 | INFO     | WeightClient 14 fit round 4 (fedprox=True)
[2026-08-10 23:11:19] 2026-08-10 23:11:19 | INFO     | WeightClient 14 round 4 completed (acc=0.7815)
[2026-08-10 23:11:19] 2026-08-10 23:11:19 | INFO     | WeightClient 15 fit round 4 (fedprox=True)
[2026-08-10 23:14:09] 2026-08-10 23:14:08 | INFO     | WeightClient 15 round 4 completed (acc=0.8489)
[2026-08-10 23:14:09] 2026-08-10 23:14:08 | INFO     | WeightClient 16 fit round 4 (fedprox=True)
[2026-08-10 23:16:34] 2026-08-10 23:16:34 | INFO     | WeightClient 16 round 4 completed (acc=0.8660)
[2026-08-10 23:16:34] 2026-08-10 23:16:34 | INFO     | WeightClient 17 fit round 4 (fedprox=True)
[2026-08-10 23:18:19] 2026-08-10 23:18:19 | INFO     | WeightClient 17 round 4 completed (acc=0.7851)
[2026-08-10 23:18:19] 2026-08-10 23:18:19 | INFO     | WeightClient 18 fit round 4 (fedprox=True)
[2026-08-10 23:18:59] 2026-08-10 23:18:59 | INFO     | WeightClient 18 round 4 completed (acc=0.8258)
[2026-08-10 23:18:59] 2026-08-10 23:18:59 | INFO     | WeightClient 19 fit round 4 (fedprox=True)
[2026-08-10 23:20:56] 2026-08-10 23:20:56 | INFO     | WeightClient 19 round 4 completed (acc=0.7892)
[2026-08-10 23:20:57]   Round   4/40 | Avg: 0.7992 | Min: 0.6711 | Max: 0.8922
[2026-08-10 23:20:57] 2026-08-10 23:20:57 | INFO     | FEDPROX — NONIID: round 5/40 starting
[2026-08-10 23:20:57] 2026-08-10 23:20:57 | INFO     | WeightClient 0 fit round 5 (fedprox=True)
[2026-08-10 23:22:30] 2026-08-10 23:22:30 | INFO     | WeightClient 0 round 5 completed (acc=0.8402)
[2026-08-10 23:22:30] 2026-08-10 23:22:30 | INFO     | WeightClient 1 fit round 5 (fedprox=True)
[2026-08-10 23:23:56] 2026-08-10 23:23:56 | INFO     | WeightClient 1 round 5 completed (acc=0.8311)
[2026-08-10 23:23:56] 2026-08-10 23:23:56 | INFO     | WeightClient 2 fit round 5 (fedprox=True)
[2026-08-10 23:25:10] 2026-08-10 23:25:10 | INFO     | WeightClient 2 round 5 completed (acc=0.8850)
[2026-08-10 23:25:10] 2026-08-10 23:25:10 | INFO     | WeightClient 3 fit round 5 (fedprox=True)
[2026-08-10 23:28:26] 2026-08-10 23:28:26 | INFO     | WeightClient 3 round 5 completed (acc=0.8151)
[2026-08-10 23:28:26] 2026-08-10 23:28:26 | INFO     | WeightClient 4 fit round 5 (fedprox=True)
[2026-08-10 23:31:50] 2026-08-10 23:31:50 | INFO     | WeightClient 4 round 5 completed (acc=0.8433)
[2026-08-10 23:31:50] 2026-08-10 23:31:50 | INFO     | WeightClient 5 fit round 5 (fedprox=True)
[2026-08-10 23:33:07] 2026-08-10 23:33:07 | INFO     | WeightClient 5 round 5 completed (acc=0.9080)
[2026-08-10 23:33:07] 2026-08-10 23:33:07 | INFO     | WeightClient 6 fit round 5 (fedprox=True)
[2026-08-10 23:33:47] 2026-08-10 23:33:47 | INFO     | WeightClient 6 round 5 completed (acc=0.8100)
[2026-08-10 23:33:47] 2026-08-10 23:33:47 | INFO     | WeightClient 7 fit round 5 (fedprox=True)
[2026-08-10 23:34:41] 2026-08-10 23:34:40 | INFO     | WeightClient 7 round 5 completed (acc=0.8109)
[2026-08-10 23:34:41] 2026-08-10 23:34:41 | INFO     | WeightClient 8 fit round 5 (fedprox=True)
[2026-08-10 23:36:20] 2026-08-10 23:36:20 | INFO     | WeightClient 8 round 5 completed (acc=0.7388)
[2026-08-10 23:36:20] 2026-08-10 23:36:20 | INFO     | WeightClient 9 fit round 5 (fedprox=True)
[2026-08-10 23:37:39] 2026-08-10 23:37:39 | INFO     | WeightClient 9 round 5 completed (acc=0.7285)
[2026-08-10 23:37:39] 2026-08-10 23:37:39 | INFO     | WeightClient 10 fit round 5 (fedprox=True)
[2026-08-10 23:39:06] 2026-08-10 23:39:06 | INFO     | WeightClient 10 round 5 completed (acc=0.7323)
[2026-08-10 23:39:06] 2026-08-10 23:39:06 | INFO     | WeightClient 11 fit round 5 (fedprox=True)
[2026-08-10 23:40:57] 2026-08-10 23:40:57 | INFO     | WeightClient 11 round 5 completed (acc=0.7575)
[2026-08-10 23:40:57] 2026-08-10 23:40:57 | INFO     | WeightClient 12 fit round 5 (fedprox=True)
[2026-08-10 23:42:38] 2026-08-10 23:42:38 | INFO     | WeightClient 12 round 5 completed (acc=0.8195)
[2026-08-10 23:42:38] 2026-08-10 23:42:38 | INFO     | WeightClient 13 fit round 5 (fedprox=True)
[2026-08-10 23:45:14] 2026-08-10 23:45:14 | INFO     | WeightClient 13 round 5 completed (acc=0.8545)
[2026-08-10 23:45:14] 2026-08-10 23:45:14 | INFO     | WeightClient 14 fit round 5 (fedprox=True)
[2026-08-10 23:46:43] 2026-08-10 23:46:43 | INFO     | WeightClient 14 round 5 completed (acc=0.7978)
[2026-08-10 23:46:43] 2026-08-10 23:46:43 | INFO     | WeightClient 15 fit round 5 (fedprox=True)
[2026-08-10 23:49:21] 2026-08-10 23:49:21 | INFO     | WeightClient 15 round 5 completed (acc=0.8859)
[2026-08-10 23:49:21] 2026-08-10 23:49:21 | INFO     | WeightClient 16 fit round 5 (fedprox=True)
[2026-08-10 23:51:21] 2026-08-10 23:51:21 | INFO     | WeightClient 16 round 5 completed (acc=0.8835)
[2026-08-10 23:51:21] 2026-08-10 23:51:21 | INFO     | WeightClient 17 fit round 5 (fedprox=True)
[2026-08-10 23:53:31] 2026-08-10 23:53:31 | INFO     | WeightClient 17 round 5 completed (acc=0.8187)
[2026-08-10 23:53:31] 2026-08-10 23:53:31 | INFO     | WeightClient 18 fit round 5 (fedprox=True)
[2026-08-10 23:54:22] 2026-08-10 23:54:22 | INFO     | WeightClient 18 round 5 completed (acc=0.8485)
[2026-08-10 23:54:22] 2026-08-10 23:54:22 | INFO     | WeightClient 19 fit round 5 (fedprox=True)
[2026-08-10 23:56:18] 2026-08-10 23:56:18 | INFO     | WeightClient 19 round 5 completed (acc=0.8158)
[2026-08-10 23:56:18]   Round   5/40 | Avg: 0.8212 | Min: 0.7285 | Max: 0.9080
[2026-08-10 23:56:18] 2026-08-10 23:56:18 | INFO     | FEDPROX — NONIID: round 6/40 starting
[2026-08-10 23:56:18] 2026-08-10 23:56:18 | INFO     | WeightClient 0 fit round 6 (fedprox=True)
[2026-08-10 23:58:02] 2026-08-10 23:58:02 | INFO     | WeightClient 0 round 6 completed (acc=0.7376)
[2026-08-10 23:58:02] 2026-08-10 23:58:02 | INFO     | WeightClient 1 fit round 6 (fedprox=True)
[2026-08-10 23:59:44] 2026-08-10 23:59:44 | INFO     | WeightClient 1 round 6 completed (acc=0.8245)
[2026-08-10 23:59:44] 2026-08-10 23:59:44 | INFO     | WeightClient 2 fit round 6 (fedprox=True)
[2026-08-11 00:00:49] 2026-08-11 00:00:49 | INFO     | WeightClient 2 round 6 completed (acc=0.8582)
[2026-08-11 00:00:49] 2026-08-11 00:00:49 | INFO     | WeightClient 3 fit round 6 (fedprox=True)
[2026-08-11 00:03:17] 2026-08-11 00:03:17 | INFO     | WeightClient 3 round 6 completed (acc=0.8057)
[2026-08-11 00:03:17] 2026-08-11 00:03:17 | INFO     | WeightClient 4 fit round 6 (fedprox=True)
[2026-08-11 00:05:55] 2026-08-11 00:05:55 | INFO     | WeightClient 4 round 6 completed (acc=0.8355)
[2026-08-11 00:05:55] 2026-08-11 00:05:55 | INFO     | WeightClient 5 fit round 6 (fedprox=True)
[2026-08-11 00:07:04] 2026-08-11 00:07:04 | INFO     | WeightClient 5 round 6 completed (acc=0.8947)
[2026-08-11 00:07:04] 2026-08-11 00:07:04 | INFO     | WeightClient 6 fit round 6 (fedprox=True)
[2026-08-11 00:07:39] 2026-08-11 00:07:39 | INFO     | WeightClient 6 round 6 completed (acc=0.8722)
[2026-08-11 00:07:39] 2026-08-11 00:07:39 | INFO     | WeightClient 7 fit round 6 (fedprox=True)
[2026-08-11 00:08:39] 2026-08-11 00:08:39 | INFO     | WeightClient 7 round 6 completed (acc=0.8395)
[2026-08-11 00:08:39] 2026-08-11 00:08:39 | INFO     | WeightClient 8 fit round 6 (fedprox=True)
[2026-08-11 00:09:56] 2026-08-11 00:09:56 | INFO     | WeightClient 8 round 6 completed (acc=0.7659)
[2026-08-11 00:09:56] 2026-08-11 00:09:56 | INFO     | WeightClient 9 fit round 6 (fedprox=True)
[2026-08-11 00:11:55] 2026-08-11 00:11:55 | INFO     | WeightClient 9 round 6 completed (acc=0.7499)
[2026-08-11 00:11:55] 2026-08-11 00:11:55 | INFO     | WeightClient 10 fit round 6 (fedprox=True)
[2026-08-11 00:13:19] 2026-08-11 00:13:19 | INFO     | WeightClient 10 round 6 completed (acc=0.7938)
[2026-08-11 00:13:19] 2026-08-11 00:13:19 | INFO     | WeightClient 11 fit round 6 (fedprox=True)
[2026-08-11 00:14:54] 2026-08-11 00:14:54 | INFO     | WeightClient 11 round 6 completed (acc=0.7490)
[2026-08-11 00:14:54] 2026-08-11 00:14:54 | INFO     | WeightClient 12 fit round 6 (fedprox=True)
[2026-08-11 00:16:34] 2026-08-11 00:16:34 | INFO     | WeightClient 12 round 6 completed (acc=0.8803)
[2026-08-11 00:16:34] 2026-08-11 00:16:34 | INFO     | WeightClient 13 fit round 6 (fedprox=True)
[2026-08-11 00:18:57] 2026-08-11 00:18:57 | INFO     | WeightClient 13 round 6 completed (acc=0.8615)
[2026-08-11 00:18:57] 2026-08-11 00:18:57 | INFO     | WeightClient 14 fit round 6 (fedprox=True)
[2026-08-11 00:20:31] 2026-08-11 00:20:31 | INFO     | WeightClient 14 round 6 completed (acc=0.8237)
[2026-08-11 00:20:31] 2026-08-11 00:20:31 | INFO     | WeightClient 15 fit round 6 (fedprox=True)
[2026-08-11 00:22:51] 2026-08-11 00:22:51 | INFO     | WeightClient 15 round 6 completed (acc=0.9217)
[2026-08-11 00:22:51] 2026-08-11 00:22:51 | INFO     | WeightClient 16 fit round 6 (fedprox=True)
[2026-08-11 00:24:42] 2026-08-11 00:24:42 | INFO     | WeightClient 16 round 6 completed (acc=0.8996)
[2026-08-11 00:24:42] 2026-08-11 00:24:42 | INFO     | WeightClient 17 fit round 6 (fedprox=True)
[2026-08-11 00:26:27] 2026-08-11 00:26:27 | INFO     | WeightClient 17 round 6 completed (acc=0.7758)
[2026-08-11 00:26:27] 2026-08-11 00:26:27 | INFO     | WeightClient 18 fit round 6 (fedprox=True)
[2026-08-11 00:27:17] 2026-08-11 00:27:17 | INFO     | WeightClient 18 round 6 completed (acc=0.8787)
[2026-08-11 00:27:17] 2026-08-11 00:27:17 | INFO     | WeightClient 19 fit round 6 (fedprox=True)
[2026-08-11 00:29:06] 2026-08-11 00:29:06 | INFO     | WeightClient 19 round 6 completed (acc=0.8414)
[2026-08-11 00:29:06]   Round   6/40 | Avg: 0.8305 | Min: 0.7376 | Max: 0.9217
[2026-08-11 00:29:06] 2026-08-11 00:29:06 | INFO     | FEDPROX — NONIID: round 7/40 starting
[2026-08-11 00:29:06] 2026-08-11 00:29:06 | INFO     | WeightClient 0 fit round 7 (fedprox=True)
[2026-08-11 00:30:45] 2026-08-11 00:30:45 | INFO     | WeightClient 0 round 7 completed (acc=0.8668)
[2026-08-11 00:30:46] 2026-08-11 00:30:46 | INFO     | WeightClient 1 fit round 7 (fedprox=True)
[2026-08-11 00:32:16] 2026-08-11 00:32:16 | INFO     | WeightClient 1 round 7 completed (acc=0.8680)
[2026-08-11 00:32:16] 2026-08-11 00:32:16 | INFO     | WeightClient 2 fit round 7 (fedprox=True)
[2026-08-11 00:33:25] 2026-08-11 00:33:25 | INFO     | WeightClient 2 round 7 completed (acc=0.8592)
[2026-08-11 00:33:25] 2026-08-11 00:33:25 | INFO     | WeightClient 3 fit round 7 (fedprox=True)
[2026-08-11 00:35:47] 2026-08-11 00:35:47 | INFO     | WeightClient 3 round 7 completed (acc=0.8801)
[2026-08-11 00:35:47] 2026-08-11 00:35:47 | INFO     | WeightClient 4 fit round 7 (fedprox=True)
[2026-08-11 00:38:23] 2026-08-11 00:38:23 | INFO     | WeightClient 4 round 7 completed (acc=0.8525)
[2026-08-11 00:38:23] 2026-08-11 00:38:23 | INFO     | WeightClient 5 fit round 7 (fedprox=True)
[2026-08-11 00:39:54] 2026-08-11 00:39:54 | INFO     | WeightClient 5 round 7 completed (acc=0.9196)
[2026-08-11 00:39:54] 2026-08-11 00:39:54 | INFO     | WeightClient 6 fit round 7 (fedprox=True)
[2026-08-11 00:40:20] 2026-08-11 00:40:20 | INFO     | WeightClient 6 round 7 completed (acc=0.8660)
[2026-08-11 00:40:20] 2026-08-11 00:40:20 | INFO     | WeightClient 7 fit round 7 (fedprox=True)
[2026-08-11 00:41:07] 2026-08-11 00:41:07 | INFO     | WeightClient 7 round 7 completed (acc=0.8599)
[2026-08-11 00:41:07] 2026-08-11 00:41:07 | INFO     | WeightClient 8 fit round 7 (fedprox=True)
[2026-08-11 00:42:30] 2026-08-11 00:42:30 | INFO     | WeightClient 8 round 7 completed (acc=0.7977)
[2026-08-11 00:42:30] 2026-08-11 00:42:30 | INFO     | WeightClient 9 fit round 7 (fedprox=True)
[2026-08-11 00:44:29] 2026-08-11 00:44:29 | INFO     | WeightClient 9 round 7 completed (acc=0.7835)
[2026-08-11 00:44:29] 2026-08-11 00:44:29 | INFO     | WeightClient 10 fit round 7 (fedprox=True)
[2026-08-11 00:46:11] 2026-08-11 00:46:11 | INFO     | WeightClient 10 round 7 completed (acc=0.7885)
[2026-08-11 00:46:11] 2026-08-11 00:46:11 | INFO     | WeightClient 11 fit round 7 (fedprox=True)
[2026-08-11 00:47:33] 2026-08-11 00:47:33 | INFO     | WeightClient 11 round 7 completed (acc=0.8089)
[2026-08-11 00:47:33] 2026-08-11 00:47:33 | INFO     | WeightClient 12 fit round 7 (fedprox=True)
[2026-08-11 00:49:15] 2026-08-11 00:49:15 | INFO     | WeightClient 12 round 7 completed (acc=0.8362)
[2026-08-11 00:49:15] 2026-08-11 00:49:15 | INFO     | WeightClient 13 fit round 7 (fedprox=True)
[2026-08-11 00:51:51] 2026-08-11 00:51:51 | INFO     | WeightClient 13 round 7 completed (acc=0.8692)
[2026-08-11 00:51:51] 2026-08-11 00:51:51 | INFO     | WeightClient 14 fit round 7 (fedprox=True)
[2026-08-11 00:53:11] 2026-08-11 00:53:11 | INFO     | WeightClient 14 round 7 completed (acc=0.8548)
[2026-08-11 00:53:11] 2026-08-11 00:53:11 | INFO     | WeightClient 15 fit round 7 (fedprox=True)
[2026-08-11 00:55:36] 2026-08-11 00:55:36 | INFO     | WeightClient 15 round 7 completed (acc=0.9245)
[2026-08-11 00:55:36] 2026-08-11 00:55:36 | INFO     | WeightClient 16 fit round 7 (fedprox=True)
[2026-08-11 00:58:28] 2026-08-11 00:58:28 | INFO     | WeightClient 16 round 7 completed (acc=0.9096)
[2026-08-11 00:58:28] 2026-08-11 00:58:28 | INFO     | WeightClient 17 fit round 7 (fedprox=True)
[2026-08-11 01:00:06] 2026-08-11 01:00:06 | INFO     | WeightClient 17 round 7 completed (acc=0.8793)
[2026-08-11 01:00:06] 2026-08-11 01:00:06 | INFO     | WeightClient 18 fit round 7 (fedprox=True)
[2026-08-11 01:00:53] 2026-08-11 01:00:53 | INFO     | WeightClient 18 round 7 completed (acc=0.8408)
[2026-08-11 01:00:53] 2026-08-11 01:00:53 | INFO     | WeightClient 19 fit round 7 (fedprox=True)
[2026-08-11 01:02:42] 2026-08-11 01:02:42 | INFO     | WeightClient 19 round 7 completed (acc=0.8664)
[2026-08-11 01:02:42]   Round   7/40 | Avg: 0.8566 | Min: 0.7835 | Max: 0.9245
[2026-08-11 01:02:42] 2026-08-11 01:02:42 | INFO     | FEDPROX — NONIID: round 8/40 starting
[2026-08-11 01:02:42] 2026-08-11 01:02:42 | INFO     | WeightClient 0 fit round 8 (fedprox=True)
[2026-08-11 01:04:14] 2026-08-11 01:04:14 | INFO     | WeightClient 0 round 8 completed (acc=0.9062)
[2026-08-11 01:04:14] 2026-08-11 01:04:14 | INFO     | WeightClient 1 fit round 8 (fedprox=True)
[2026-08-11 01:05:28] 2026-08-11 01:05:28 | INFO     | WeightClient 1 round 8 completed (acc=0.8834)
[2026-08-11 01:05:28] 2026-08-11 01:05:28 | INFO     | WeightClient 2 fit round 8 (fedprox=True)
[2026-08-11 01:06:31] 2026-08-11 01:06:31 | INFO     | WeightClient 2 round 8 completed (acc=0.9150)
[2026-08-11 01:06:31] 2026-08-11 01:06:31 | INFO     | WeightClient 3 fit round 8 (fedprox=True)
[2026-08-11 01:08:49] 2026-08-11 01:08:49 | INFO     | WeightClient 3 round 8 completed (acc=0.8564)
[2026-08-11 01:08:49] 2026-08-11 01:08:49 | INFO     | WeightClient 4 fit round 8 (fedprox=True)
[2026-08-11 01:11:19] 2026-08-11 01:11:19 | INFO     | WeightClient 4 round 8 completed (acc=0.8677)
[2026-08-11 01:11:19] 2026-08-11 01:11:19 | INFO     | WeightClient 5 fit round 8 (fedprox=True)
[2026-08-11 01:12:48] 2026-08-11 01:12:48 | INFO     | WeightClient 5 round 8 completed (acc=0.9389)
[2026-08-11 01:12:48] 2026-08-11 01:12:48 | INFO     | WeightClient 6 fit round 8 (fedprox=True)
[2026-08-11 01:13:48] 2026-08-11 01:13:48 | INFO     | WeightClient 6 round 8 completed (acc=0.8961)
[2026-08-11 01:13:48] 2026-08-11 01:13:48 | INFO     | WeightClient 7 fit round 8 (fedprox=True)
[2026-08-11 01:14:53] 2026-08-11 01:14:53 | INFO     | WeightClient 7 round 8 completed (acc=0.8534)
[2026-08-11 01:14:53] 2026-08-11 01:14:53 | INFO     | WeightClient 8 fit round 8 (fedprox=True)
[2026-08-11 01:16:03] 2026-08-11 01:16:03 | INFO     | WeightClient 8 round 8 completed (acc=0.8396)
[2026-08-11 01:16:03] 2026-08-11 01:16:03 | INFO     | WeightClient 9 fit round 8 (fedprox=True)
[2026-08-11 01:17:48] 2026-08-11 01:17:48 | INFO     | WeightClient 9 round 8 completed (acc=0.7839)
[2026-08-11 01:17:48] 2026-08-11 01:17:48 | INFO     | WeightClient 10 fit round 8 (fedprox=True)
[2026-08-11 01:18:58] 2026-08-11 01:18:58 | INFO     | WeightClient 10 round 8 completed (acc=0.7819)
[2026-08-11 01:18:58] 2026-08-11 01:18:58 | INFO     | WeightClient 11 fit round 8 (fedprox=True)
[2026-08-11 01:20:35] 2026-08-11 01:20:35 | INFO     | WeightClient 11 round 8 completed (acc=0.8299)
[2026-08-11 01:20:35] 2026-08-11 01:20:35 | INFO     | WeightClient 12 fit round 8 (fedprox=True)
[2026-08-11 01:22:35] 2026-08-11 01:22:35 | INFO     | WeightClient 12 round 8 completed (acc=0.8590)
[2026-08-11 01:22:35] 2026-08-11 01:22:35 | INFO     | WeightClient 13 fit round 8 (fedprox=True)
[2026-08-11 01:25:36] 2026-08-11 01:25:36 | INFO     | WeightClient 13 round 8 completed (acc=0.8876)
[2026-08-11 01:25:36] 2026-08-11 01:25:36 | INFO     | WeightClient 14 fit round 8 (fedprox=True)
[2026-08-11 01:27:10] 2026-08-11 01:27:10 | INFO     | WeightClient 14 round 8 completed (acc=0.8630)
[2026-08-11 01:27:10] 2026-08-11 01:27:10 | INFO     | WeightClient 15 fit round 8 (fedprox=True)
[2026-08-11 01:30:06] 2026-08-11 01:30:06 | INFO     | WeightClient 15 round 8 completed (acc=0.9350)
[2026-08-11 01:30:06] 2026-08-11 01:30:06 | INFO     | WeightClient 16 fit round 8 (fedprox=True)
[2026-08-11 01:33:56] 2026-08-11 01:33:56 | INFO     | WeightClient 16 round 8 completed (acc=0.9146)
[2026-08-11 01:33:56] 2026-08-11 01:33:56 | INFO     | WeightClient 17 fit round 8 (fedprox=True)
[2026-08-11 01:35:38] 2026-08-11 01:35:38 | INFO     | WeightClient 17 round 8 completed (acc=0.9014)
[2026-08-11 01:35:38] 2026-08-11 01:35:38 | INFO     | WeightClient 18 fit round 8 (fedprox=True)
[2026-08-11 01:36:27] 2026-08-11 01:36:27 | INFO     | WeightClient 18 round 8 completed (acc=0.8681)
[2026-08-11 01:36:27] 2026-08-11 01:36:27 | INFO     | WeightClient 19 fit round 8 (fedprox=True)
[2026-08-11 01:38:26] 2026-08-11 01:38:26 | INFO     | WeightClient 19 round 8 completed (acc=0.9014)
[2026-08-11 01:38:26]   Round   8/40 | Avg: 0.8741 | Min: 0.7819 | Max: 0.9389
[2026-08-11 01:38:26] 2026-08-11 01:38:26 | INFO     | FEDPROX — NONIID: round 9/40 starting
[2026-08-11 01:38:26] 2026-08-11 01:38:26 | INFO     | WeightClient 0 fit round 9 (fedprox=True)
[2026-08-11 01:40:05] 2026-08-11 01:40:05 | INFO     | WeightClient 0 round 9 completed (acc=0.8916)
[2026-08-11 01:40:05] 2026-08-11 01:40:05 | INFO     | WeightClient 1 fit round 9 (fedprox=True)
[2026-08-11 01:41:46] 2026-08-11 01:41:46 | INFO     | WeightClient 1 round 9 completed (acc=0.8811)
[2026-08-11 01:41:46] 2026-08-11 01:41:46 | INFO     | WeightClient 2 fit round 9 (fedprox=True)
[2026-08-11 01:42:44] 2026-08-11 01:42:44 | INFO     | WeightClient 2 round 9 completed (acc=0.9286)
[2026-08-11 01:42:44] 2026-08-11 01:42:44 | INFO     | WeightClient 3 fit round 9 (fedprox=True)
[2026-08-11 01:45:23] 2026-08-11 01:45:23 | INFO     | WeightClient 3 round 9 completed (acc=0.8811)
[2026-08-11 01:45:23] 2026-08-11 01:45:23 | INFO     | WeightClient 4 fit round 9 (fedprox=True)
[2026-08-11 01:48:22] 2026-08-11 01:48:22 | INFO     | WeightClient 4 round 9 completed (acc=0.8700)
[2026-08-11 01:48:22] 2026-08-11 01:48:22 | INFO     | WeightClient 5 fit round 9 (fedprox=True)
[2026-08-11 01:49:49] 2026-08-11 01:49:49 | INFO     | WeightClient 5 round 9 completed (acc=0.9385)
[2026-08-11 01:49:49] 2026-08-11 01:49:49 | INFO     | WeightClient 6 fit round 9 (fedprox=True)
[2026-08-11 01:50:47] 2026-08-11 01:50:47 | INFO     | WeightClient 6 round 9 completed (acc=0.8931)
[2026-08-11 01:50:47] 2026-08-11 01:50:47 | INFO     | WeightClient 7 fit round 9 (fedprox=True)
[2026-08-11 01:52:21] 2026-08-11 01:52:21 | INFO     | WeightClient 7 round 9 completed (acc=0.8791)
[2026-08-11 01:52:21] 2026-08-11 01:52:21 | INFO     | WeightClient 8 fit round 9 (fedprox=True)
[2026-08-11 01:54:36] 2026-08-11 01:54:36 | INFO     | WeightClient 8 round 9 completed (acc=0.8601)
[2026-08-11 01:54:36] 2026-08-11 01:54:36 | INFO     | WeightClient 9 fit round 9 (fedprox=True)
[2026-08-11 01:56:27] 2026-08-11 01:56:27 | INFO     | WeightClient 9 round 9 completed (acc=0.8062)
[2026-08-11 01:56:27] 2026-08-11 01:56:27 | INFO     | WeightClient 10 fit round 9 (fedprox=True)
[2026-08-11 01:57:38] 2026-08-11 01:57:38 | INFO     | WeightClient 10 round 9 completed (acc=0.7929)
[2026-08-11 01:57:38] 2026-08-11 01:57:38 | INFO     | WeightClient 11 fit round 9 (fedprox=True)
[2026-08-11 01:59:28] 2026-08-11 01:59:28 | INFO     | WeightClient 11 round 9 completed (acc=0.8352)
[2026-08-11 01:59:28] 2026-08-11 01:59:28 | INFO     | WeightClient 12 fit round 9 (fedprox=True)
[2026-08-11 02:01:04] 2026-08-11 02:01:04 | INFO     | WeightClient 12 round 9 completed (acc=0.8569)
[2026-08-11 02:01:04] 2026-08-11 02:01:04 | INFO     | WeightClient 13 fit round 9 (fedprox=True)
[2026-08-11 02:04:18] 2026-08-11 02:04:18 | INFO     | WeightClient 13 round 9 completed (acc=0.9067)
[2026-08-11 02:04:18] 2026-08-11 02:04:18 | INFO     | WeightClient 14 fit round 9 (fedprox=True)
[2026-08-11 02:05:54] 2026-08-11 02:05:54 | INFO     | WeightClient 14 round 9 completed (acc=0.8394)
[2026-08-11 02:05:54] 2026-08-11 02:05:54 | INFO     | WeightClient 15 fit round 9 (fedprox=True)
[2026-08-11 02:08:30] 2026-08-11 02:08:30 | INFO     | WeightClient 15 round 9 completed (acc=0.9467)
[2026-08-11 02:08:30] 2026-08-11 02:08:30 | INFO     | WeightClient 16 fit round 9 (fedprox=True)
[2026-08-11 02:11:04] 2026-08-11 02:11:04 | INFO     | WeightClient 16 round 9 completed (acc=0.9323)
[2026-08-11 02:11:04] 2026-08-11 02:11:04 | INFO     | WeightClient 17 fit round 9 (fedprox=True)
[2026-08-11 02:13:02] 2026-08-11 02:13:02 | INFO     | WeightClient 17 round 9 completed (acc=0.8797)
[2026-08-11 02:13:02] 2026-08-11 02:13:02 | INFO     | WeightClient 18 fit round 9 (fedprox=True)
[2026-08-11 02:14:04] 2026-08-11 02:14:04 | INFO     | WeightClient 18 round 9 completed (acc=0.9076)
[2026-08-11 02:14:04] 2026-08-11 02:14:04 | INFO     | WeightClient 19 fit round 9 (fedprox=True)
[2026-08-11 02:15:54] 2026-08-11 02:15:54 | INFO     | WeightClient 19 round 9 completed (acc=0.9079)
[2026-08-11 02:15:54]   Round   9/40 | Avg: 0.8817 | Min: 0.7929 | Max: 0.9467
[2026-08-11 02:15:54] 2026-08-11 02:15:54 | INFO     | FEDPROX — NONIID: round 10/40 starting
[2026-08-11 02:15:54] 2026-08-11 02:15:54 | INFO     | WeightClient 0 fit round 10 (fedprox=True)
[2026-08-11 02:17:22] 2026-08-11 02:17:22 | INFO     | WeightClient 0 round 10 completed (acc=0.8999)
[2026-08-11 02:17:22] 2026-08-11 02:17:22 | INFO     | WeightClient 1 fit round 10 (fedprox=True)
[2026-08-11 02:18:49] 2026-08-11 02:18:49 | INFO     | WeightClient 1 round 10 completed (acc=0.9016)
[2026-08-11 02:18:49] 2026-08-11 02:18:49 | INFO     | WeightClient 2 fit round 10 (fedprox=True)
[2026-08-11 02:20:09] 2026-08-11 02:20:09 | INFO     | WeightClient 2 round 10 completed (acc=0.9355)
[2026-08-11 02:20:09] 2026-08-11 02:20:09 | INFO     | WeightClient 3 fit round 10 (fedprox=True)
[2026-08-11 02:23:02] 2026-08-11 02:23:02 | INFO     | WeightClient 3 round 10 completed (acc=0.8730)
[2026-08-11 02:23:02] 2026-08-11 02:23:02 | INFO     | WeightClient 4 fit round 10 (fedprox=True)
[2026-08-11 02:26:18] 2026-08-11 02:26:18 | INFO     | WeightClient 4 round 10 completed (acc=0.8841)
[2026-08-11 02:26:18] 2026-08-11 02:26:18 | INFO     | WeightClient 5 fit round 10 (fedprox=True)
[2026-08-11 02:27:57] 2026-08-11 02:27:57 | INFO     | WeightClient 5 round 10 completed (acc=0.9472)
[2026-08-11 02:27:57] 2026-08-11 02:27:57 | INFO     | WeightClient 6 fit round 10 (fedprox=True)
[2026-08-11 02:29:07] 2026-08-11 02:29:07 | INFO     | WeightClient 6 round 10 completed (acc=0.9118)
[2026-08-11 02:29:07] 2026-08-11 02:29:07 | INFO     | WeightClient 7 fit round 10 (fedprox=True)
[2026-08-11 02:30:49] 2026-08-11 02:30:49 | INFO     | WeightClient 7 round 10 completed (acc=0.8937)
[2026-08-11 02:30:49] 2026-08-11 02:30:49 | INFO     | WeightClient 8 fit round 10 (fedprox=True)
[2026-08-11 02:32:34] 2026-08-11 02:32:34 | INFO     | WeightClient 8 round 10 completed (acc=0.8239)
[2026-08-11 02:32:34] 2026-08-11 02:32:34 | INFO     | WeightClient 9 fit round 10 (fedprox=True)
[2026-08-11 02:34:39] 2026-08-11 02:34:39 | INFO     | WeightClient 9 round 10 completed (acc=0.8289)
[2026-08-11 02:34:39] 2026-08-11 02:34:39 | INFO     | WeightClient 10 fit round 10 (fedprox=True)
[2026-08-11 02:36:10] 2026-08-11 02:36:10 | INFO     | WeightClient 10 round 10 completed (acc=0.8146)
[2026-08-11 02:36:10] 2026-08-11 02:36:10 | INFO     | WeightClient 11 fit round 10 (fedprox=True)
[2026-08-11 02:38:00] 2026-08-11 02:38:00 | INFO     | WeightClient 11 round 10 completed (acc=0.8745)
[2026-08-11 02:38:00] 2026-08-11 02:38:00 | INFO     | WeightClient 12 fit round 10 (fedprox=True)
[2026-08-11 02:39:34] 2026-08-11 02:39:34 | INFO     | WeightClient 12 round 10 completed (acc=0.8980)
[2026-08-11 02:39:34] 2026-08-11 02:39:34 | INFO     | WeightClient 13 fit round 10 (fedprox=True)
[2026-08-11 02:42:10] 2026-08-11 02:42:10 | INFO     | WeightClient 13 round 10 completed (acc=0.9351)
[2026-08-11 02:42:10] 2026-08-11 02:42:10 | INFO     | WeightClient 14 fit round 10 (fedprox=True)
[2026-08-11 02:43:48] 2026-08-11 02:43:48 | INFO     | WeightClient 14 round 10 completed (acc=0.8889)
[2026-08-11 02:43:48] 2026-08-11 02:43:48 | INFO     | WeightClient 15 fit round 10 (fedprox=True)
[2026-08-11 02:46:40] 2026-08-11 02:46:40 | INFO     | WeightClient 15 round 10 completed (acc=0.9482)
[2026-08-11 02:46:40] 2026-08-11 02:46:40 | INFO     | WeightClient 16 fit round 10 (fedprox=True)
[2026-08-11 02:49:39] 2026-08-11 02:49:39 | INFO     | WeightClient 16 round 10 completed (acc=0.9427)
[2026-08-11 02:49:39] 2026-08-11 02:49:39 | INFO     | WeightClient 17 fit round 10 (fedprox=True)
[2026-08-11 02:51:59] 2026-08-11 02:51:59 | INFO     | WeightClient 17 round 10 completed (acc=0.9011)
[2026-08-11 02:51:59] 2026-08-11 02:51:59 | INFO     | WeightClient 18 fit round 10 (fedprox=True)
[2026-08-11 02:53:00] 2026-08-11 02:53:00 | INFO     | WeightClient 18 round 10 completed (acc=0.9100)
[2026-08-11 02:53:00] 2026-08-11 02:53:00 | INFO     | WeightClient 19 fit round 10 (fedprox=True)
[2026-08-11 02:55:26] 2026-08-11 02:55:26 | INFO     | WeightClient 19 round 10 completed (acc=0.8934)
[2026-08-11 02:55:26]   Round  10/40 | Avg: 0.8953 | Min: 0.8146 | Max: 0.9482
[2026-08-11 02:55:26] 2026-08-11 02:55:26 | INFO     | FEDPROX — NONIID: round 11/40 starting
[2026-08-11 02:55:26] 2026-08-11 02:55:26 | INFO     | WeightClient 0 fit round 11 (fedprox=True)
[2026-08-11 02:57:30] 2026-08-11 02:57:30 | INFO     | WeightClient 0 round 11 completed (acc=0.8291)
[2026-08-11 02:57:30] 2026-08-11 02:57:30 | INFO     | WeightClient 1 fit round 11 (fedprox=True)
[2026-08-11 02:59:02] 2026-08-11 02:59:02 | INFO     | WeightClient 1 round 11 completed (acc=0.9115)
[2026-08-11 02:59:02] 2026-08-11 02:59:02 | INFO     | WeightClient 2 fit round 11 (fedprox=True)
[2026-08-11 03:00:04] 2026-08-11 03:00:04 | INFO     | WeightClient 2 round 11 completed (acc=0.9367)
[2026-08-11 03:00:04] 2026-08-11 03:00:04 | INFO     | WeightClient 3 fit round 11 (fedprox=True)
[2026-08-11 03:02:07] 2026-08-11 03:02:07 | INFO     | WeightClient 3 round 11 completed (acc=0.9028)
[2026-08-11 03:02:07] 2026-08-11 03:02:07 | INFO     | WeightClient 4 fit round 11 (fedprox=True)
[2026-08-11 03:04:56] 2026-08-11 03:04:56 | INFO     | WeightClient 4 round 11 completed (acc=0.8825)
[2026-08-11 03:04:56] 2026-08-11 03:04:56 | INFO     | WeightClient 5 fit round 11 (fedprox=True)
[2026-08-11 03:06:19] 2026-08-11 03:06:19 | INFO     | WeightClient 5 round 11 completed (acc=0.9425)
[2026-08-11 03:06:19] 2026-08-11 03:06:19 | INFO     | WeightClient 6 fit round 11 (fedprox=True)
[2026-08-11 03:07:11] 2026-08-11 03:07:11 | INFO     | WeightClient 6 round 11 completed (acc=0.9245)
[2026-08-11 03:07:11] 2026-08-11 03:07:11 | INFO     | WeightClient 7 fit round 11 (fedprox=True)
[2026-08-11 03:08:26] 2026-08-11 03:08:26 | INFO     | WeightClient 7 round 11 completed (acc=0.8726)
[2026-08-11 03:08:26] 2026-08-11 03:08:26 | INFO     | WeightClient 8 fit round 11 (fedprox=True)
[2026-08-11 03:10:03] 2026-08-11 03:10:03 | INFO     | WeightClient 8 round 11 completed (acc=0.8617)
[2026-08-11 03:10:03] 2026-08-11 03:10:03 | INFO     | WeightClient 9 fit round 11 (fedprox=True)
[2026-08-11 03:11:39] 2026-08-11 03:11:39 | INFO     | WeightClient 9 round 11 completed (acc=0.8287)
[2026-08-11 03:11:39] 2026-08-11 03:11:39 | INFO     | WeightClient 10 fit round 11 (fedprox=True)
[2026-08-11 03:12:59] 2026-08-11 03:12:59 | INFO     | WeightClient 10 round 11 completed (acc=0.8424)
[2026-08-11 03:12:59] 2026-08-11 03:12:59 | INFO     | WeightClient 11 fit round 11 (fedprox=True)
[2026-08-11 03:14:52] 2026-08-11 03:14:52 | INFO     | WeightClient 11 round 11 completed (acc=0.8876)
[2026-08-11 03:14:52] 2026-08-11 03:14:52 | INFO     | WeightClient 12 fit round 11 (fedprox=True)
[2026-08-11 03:16:57] 2026-08-11 03:16:57 | INFO     | WeightClient 12 round 11 completed (acc=0.9218)
[2026-08-11 03:16:57] 2026-08-11 03:16:57 | INFO     | WeightClient 13 fit round 11 (fedprox=True)
[2026-08-11 03:20:05] 2026-08-11 03:20:05 | INFO     | WeightClient 13 round 11 completed (acc=0.9346)
[2026-08-11 03:20:05] 2026-08-11 03:20:05 | INFO     | WeightClient 14 fit round 11 (fedprox=True)
[2026-08-11 03:21:10] 2026-08-11 03:21:10 | INFO     | WeightClient 14 round 11 completed (acc=0.9081)
[2026-08-11 03:21:10] 2026-08-11 03:21:10 | INFO     | WeightClient 15 fit round 11 (fedprox=True)
[2026-08-11 03:23:21] 2026-08-11 03:23:21 | INFO     | WeightClient 15 round 11 completed (acc=0.9492)
[2026-08-11 03:23:21] 2026-08-11 03:23:21 | INFO     | WeightClient 16 fit round 11 (fedprox=True)
[2026-08-11 03:25:47] 2026-08-11 03:25:47 | INFO     | WeightClient 16 round 11 completed (acc=0.9404)
[2026-08-11 03:25:47] 2026-08-11 03:25:47 | INFO     | WeightClient 17 fit round 11 (fedprox=True)
[2026-08-11 03:27:55] 2026-08-11 03:27:55 | INFO     | WeightClient 17 round 11 completed (acc=0.9309)
[2026-08-11 03:27:55] 2026-08-11 03:27:55 | INFO     | WeightClient 18 fit round 11 (fedprox=True)
[2026-08-11 03:28:56] 2026-08-11 03:28:56 | INFO     | WeightClient 18 round 11 completed (acc=0.9310)
[2026-08-11 03:28:56] 2026-08-11 03:28:56 | INFO     | WeightClient 19 fit round 11 (fedprox=True)
[2026-08-11 03:30:41] 2026-08-11 03:30:41 | INFO     | WeightClient 19 round 11 completed (acc=0.9260)
[2026-08-11 03:30:41]   Round  11/40 | Avg: 0.9032 | Min: 0.8287 | Max: 0.9492
[2026-08-11 03:30:41] 2026-08-11 03:30:41 | INFO     | FEDPROX — NONIID: round 12/40 starting
[2026-08-11 03:30:41] 2026-08-11 03:30:41 | INFO     | WeightClient 0 fit round 12 (fedprox=True)
[2026-08-11 03:32:23] 2026-08-11 03:32:23 | INFO     | WeightClient 0 round 12 completed (acc=0.8859)
[2026-08-11 03:32:23] 2026-08-11 03:32:23 | INFO     | WeightClient 1 fit round 12 (fedprox=True)
[2026-08-11 03:34:00] 2026-08-11 03:34:00 | INFO     | WeightClient 1 round 12 completed (acc=0.9107)
[2026-08-11 03:34:00] 2026-08-11 03:34:00 | INFO     | WeightClient 2 fit round 12 (fedprox=True)
[2026-08-11 03:35:05] 2026-08-11 03:35:05 | INFO     | WeightClient 2 round 12 completed (acc=0.9294)
[2026-08-11 03:35:05] 2026-08-11 03:35:05 | INFO     | WeightClient 3 fit round 12 (fedprox=True)
[2026-08-11 03:37:39] 2026-08-11 03:37:39 | INFO     | WeightClient 3 round 12 completed (acc=0.9220)
[2026-08-11 03:37:39] 2026-08-11 03:37:39 | INFO     | WeightClient 4 fit round 12 (fedprox=True)
[2026-08-11 03:40:09] 2026-08-11 03:40:09 | INFO     | WeightClient 4 round 12 completed (acc=0.8745)
[2026-08-11 03:40:09] 2026-08-11 03:40:09 | INFO     | WeightClient 5 fit round 12 (fedprox=True)
[2026-08-11 03:41:12] 2026-08-11 03:41:12 | INFO     | WeightClient 5 round 12 completed (acc=0.9457)
[2026-08-11 03:41:12] 2026-08-11 03:41:12 | INFO     | WeightClient 6 fit round 12 (fedprox=True)
[2026-08-11 03:42:07] 2026-08-11 03:42:07 | INFO     | WeightClient 6 round 12 completed (acc=0.9230)
[2026-08-11 03:42:08] 2026-08-11 03:42:07 | INFO     | WeightClient 7 fit round 12 (fedprox=True)
[2026-08-11 03:43:37] 2026-08-11 03:43:37 | INFO     | WeightClient 7 round 12 completed (acc=0.8911)
[2026-08-11 03:43:37] 2026-08-11 03:43:37 | INFO     | WeightClient 8 fit round 12 (fedprox=True)
[2026-08-11 03:45:28] 2026-08-11 03:45:28 | INFO     | WeightClient 8 round 12 completed (acc=0.9086)
[2026-08-11 03:45:28] 2026-08-11 03:45:28 | INFO     | WeightClient 9 fit round 12 (fedprox=True)
[2026-08-11 03:47:22] 2026-08-11 03:47:22 | INFO     | WeightClient 9 round 12 completed (acc=0.8511)
[2026-08-11 03:47:22] 2026-08-11 03:47:22 | INFO     | WeightClient 10 fit round 12 (fedprox=True)
[2026-08-11 03:49:32] 2026-08-11 03:49:32 | INFO     | WeightClient 10 round 12 completed (acc=0.8491)
[2026-08-11 03:49:32] 2026-08-11 03:49:32 | INFO     | WeightClient 11 fit round 12 (fedprox=True)
[2026-08-11 03:51:23] 2026-08-11 03:51:23 | INFO     | WeightClient 11 round 12 completed (acc=0.8438)
[2026-08-11 03:51:23] 2026-08-11 03:51:23 | INFO     | WeightClient 12 fit round 12 (fedprox=True)
[2026-08-11 03:53:40] 2026-08-11 03:53:40 | INFO     | WeightClient 12 round 12 completed (acc=0.9389)
[2026-08-11 03:53:40] 2026-08-11 03:53:40 | INFO     | WeightClient 13 fit round 12 (fedprox=True)
[2026-08-11 03:56:39] 2026-08-11 03:56:39 | INFO     | WeightClient 13 round 12 completed (acc=0.9180)
[2026-08-11 03:56:39] 2026-08-11 03:56:39 | INFO     | WeightClient 14 fit round 12 (fedprox=True)
[2026-08-11 03:58:00] 2026-08-11 03:58:00 | INFO     | WeightClient 14 round 12 completed (acc=0.9020)
[2026-08-11 03:58:00] 2026-08-11 03:58:00 | INFO     | WeightClient 15 fit round 12 (fedprox=True)
[2026-08-11 04:00:42] 2026-08-11 04:00:42 | INFO     | WeightClient 15 round 12 completed (acc=0.9482)
[2026-08-11 04:00:42] 2026-08-11 04:00:42 | INFO     | WeightClient 16 fit round 12 (fedprox=True)
[2026-08-11 04:03:23] 2026-08-11 04:03:23 | INFO     | WeightClient 16 round 12 completed (acc=0.9320)
[2026-08-11 04:03:23] 2026-08-11 04:03:23 | INFO     | WeightClient 17 fit round 12 (fedprox=True)
[2026-08-11 04:05:16] 2026-08-11 04:05:16 | INFO     | WeightClient 17 round 12 completed (acc=0.9122)
[2026-08-11 04:05:16] 2026-08-11 04:05:16 | INFO     | WeightClient 18 fit round 12 (fedprox=True)
[2026-08-11 04:06:07] 2026-08-11 04:06:07 | INFO     | WeightClient 18 round 12 completed (acc=0.9395)
[2026-08-11 04:06:07] 2026-08-11 04:06:07 | INFO     | WeightClient 19 fit round 12 (fedprox=True)
[2026-08-11 04:07:39] 2026-08-11 04:07:39 | INFO     | WeightClient 19 round 12 completed (acc=0.9209)
[2026-08-11 04:07:39]   Round  12/40 | Avg: 0.9073 | Min: 0.8438 | Max: 0.9482
[2026-08-11 04:07:39] 2026-08-11 04:07:39 | INFO     | FEDPROX — NONIID: round 13/40 starting
[2026-08-11 04:07:39] 2026-08-11 04:07:39 | INFO     | WeightClient 0 fit round 13 (fedprox=True)
[2026-08-11 04:09:20] 2026-08-11 04:09:20 | INFO     | WeightClient 0 round 13 completed (acc=0.9131)
[2026-08-11 04:09:20] 2026-08-11 04:09:20 | INFO     | WeightClient 1 fit round 13 (fedprox=True)
[2026-08-11 04:11:05] 2026-08-11 04:11:05 | INFO     | WeightClient 1 round 13 completed (acc=0.9338)
[2026-08-11 04:11:05] 2026-08-11 04:11:05 | INFO     | WeightClient 2 fit round 13 (fedprox=True)
[2026-08-11 04:12:39] 2026-08-11 04:12:39 | INFO     | WeightClient 2 round 13 completed (acc=0.9394)
[2026-08-11 04:12:39] 2026-08-11 04:12:39 | INFO     | WeightClient 3 fit round 13 (fedprox=True)
[2026-08-11 04:15:45] 2026-08-11 04:15:45 | INFO     | WeightClient 3 round 13 completed (acc=0.9373)
[2026-08-11 04:15:45] 2026-08-11 04:15:45 | INFO     | WeightClient 4 fit round 13 (fedprox=True)
[2026-08-11 04:19:09] 2026-08-11 04:19:09 | INFO     | WeightClient 4 round 13 completed (acc=0.8960)
[2026-08-11 04:19:09] 2026-08-11 04:19:09 | INFO     | WeightClient 5 fit round 13 (fedprox=True)
[2026-08-11 04:20:39] 2026-08-11 04:20:39 | INFO     | WeightClient 5 round 13 completed (acc=0.9489)
[2026-08-11 04:20:39] 2026-08-11 04:20:39 | INFO     | WeightClient 6 fit round 13 (fedprox=True)
[2026-08-11 04:21:44] 2026-08-11 04:21:44 | INFO     | WeightClient 6 round 13 completed (acc=0.9458)
[2026-08-11 04:21:45] 2026-08-11 04:21:44 | INFO     | WeightClient 7 fit round 13 (fedprox=True)
[2026-08-11 04:23:27] 2026-08-11 04:23:27 | INFO     | WeightClient 7 round 13 completed (acc=0.8877)
[2026-08-11 04:23:27] 2026-08-11 04:23:27 | INFO     | WeightClient 8 fit round 13 (fedprox=True)
[2026-08-11 04:25:19] 2026-08-11 04:25:19 | INFO     | WeightClient 8 round 13 completed (acc=0.9160)
[2026-08-11 04:25:19] 2026-08-11 04:25:19 | INFO     | WeightClient 9 fit round 13 (fedprox=True)
[2026-08-11 04:27:20] 2026-08-11 04:27:20 | INFO     | WeightClient 9 round 13 completed (acc=0.8751)
[2026-08-11 04:27:20] 2026-08-11 04:27:20 | INFO     | WeightClient 10 fit round 13 (fedprox=True)
[2026-08-11 04:29:01] 2026-08-11 04:29:01 | INFO     | WeightClient 10 round 13 completed (acc=0.8542)
[2026-08-11 04:29:01] 2026-08-11 04:29:01 | INFO     | WeightClient 11 fit round 13 (fedprox=True)
[2026-08-11 04:30:31] 2026-08-11 04:30:31 | INFO     | WeightClient 11 round 13 completed (acc=0.8933)
[2026-08-11 04:30:31] 2026-08-11 04:30:31 | INFO     | WeightClient 12 fit round 13 (fedprox=True)
[2026-08-11 04:32:30] 2026-08-11 04:32:30 | INFO     | WeightClient 12 round 13 completed (acc=0.8905)
[2026-08-11 04:32:30] 2026-08-11 04:32:30 | INFO     | WeightClient 13 fit round 13 (fedprox=True)
[2026-08-11 04:34:48] 2026-08-11 04:34:48 | INFO     | WeightClient 13 round 13 completed (acc=0.9204)
[2026-08-11 04:34:48] 2026-08-11 04:34:48 | INFO     | WeightClient 14 fit round 13 (fedprox=True)
[2026-08-11 04:36:17] 2026-08-11 04:36:17 | INFO     | WeightClient 14 round 13 completed (acc=0.9091)
[2026-08-11 04:36:17] 2026-08-11 04:36:17 | INFO     | WeightClient 15 fit round 13 (fedprox=True)
[2026-08-11 04:39:24] 2026-08-11 04:39:24 | INFO     | WeightClient 15 round 13 completed (acc=0.9618)
[2026-08-11 04:39:24] 2026-08-11 04:39:24 | INFO     | WeightClient 16 fit round 13 (fedprox=True)
[2026-08-11 04:42:17] 2026-08-11 04:42:17 | INFO     | WeightClient 16 round 13 completed (acc=0.9384)
[2026-08-11 04:42:17] 2026-08-11 04:42:17 | INFO     | WeightClient 17 fit round 13 (fedprox=True)
[2026-08-11 04:44:32] 2026-08-11 04:44:32 | INFO     | WeightClient 17 round 13 completed (acc=0.9300)
[2026-08-11 04:44:33] 2026-08-11 04:44:33 | INFO     | WeightClient 18 fit round 13 (fedprox=True)
[2026-08-11 04:45:45] 2026-08-11 04:45:45 | INFO     | WeightClient 18 round 13 completed (acc=0.9099)
[2026-08-11 04:45:45] 2026-08-11 04:45:45 | INFO     | WeightClient 19 fit round 13 (fedprox=True)
[2026-08-11 04:49:21] 2026-08-11 04:49:21 | INFO     | WeightClient 19 round 13 completed (acc=0.9390)
[2026-08-11 04:49:22]   Round  13/40 | Avg: 0.9170 | Min: 0.8542 | Max: 0.9618
[2026-08-11 04:49:22] 2026-08-11 04:49:22 | INFO     | FEDPROX — NONIID: round 14/40 starting
[2026-08-11 04:49:22] 2026-08-11 04:49:22 | INFO     | WeightClient 0 fit round 14 (fedprox=True)
[2026-08-11 04:51:16] 2026-08-11 04:51:16 | INFO     | WeightClient 0 round 14 completed (acc=0.9164)
[2026-08-11 04:51:16] 2026-08-11 04:51:16 | INFO     | WeightClient 1 fit round 14 (fedprox=True)
[2026-08-11 04:53:02] 2026-08-11 04:53:02 | INFO     | WeightClient 1 round 14 completed (acc=0.9349)
[2026-08-11 04:53:02] 2026-08-11 04:53:02 | INFO     | WeightClient 2 fit round 14 (fedprox=True)
[2026-08-11 04:54:21] 2026-08-11 04:54:21 | INFO     | WeightClient 2 round 14 completed (acc=0.9410)
[2026-08-11 04:54:21] 2026-08-11 04:54:21 | INFO     | WeightClient 3 fit round 14 (fedprox=True)
[2026-08-11 04:57:06] 2026-08-11 04:57:06 | INFO     | WeightClient 3 round 14 completed (acc=0.9009)
[2026-08-11 04:57:06] 2026-08-11 04:57:06 | INFO     | WeightClient 4 fit round 14 (fedprox=True)
[2026-08-11 05:00:07] 2026-08-11 05:00:07 | INFO     | WeightClient 4 round 14 completed (acc=0.9143)
[2026-08-11 05:00:07] 2026-08-11 05:00:07 | INFO     | WeightClient 5 fit round 14 (fedprox=True)
[2026-08-11 05:01:41] 2026-08-11 05:01:41 | INFO     | WeightClient 5 round 14 completed (acc=0.9644)
[2026-08-11 05:01:41] 2026-08-11 05:01:41 | INFO     | WeightClient 6 fit round 14 (fedprox=True)
[2026-08-11 05:02:38] 2026-08-11 05:02:38 | INFO     | WeightClient 6 round 14 completed (acc=0.9465)
[2026-08-11 05:02:38] 2026-08-11 05:02:38 | INFO     | WeightClient 7 fit round 14 (fedprox=True)
[2026-08-11 05:04:37] 2026-08-11 05:04:37 | INFO     | WeightClient 7 round 14 completed (acc=0.8822)
[2026-08-11 05:04:37] 2026-08-11 05:04:37 | INFO     | WeightClient 8 fit round 14 (fedprox=True)
[2026-08-11 05:06:26] 2026-08-11 05:06:26 | INFO     | WeightClient 8 round 14 completed (acc=0.9010)
[2026-08-11 05:06:26] 2026-08-11 05:06:26 | INFO     | WeightClient 9 fit round 14 (fedprox=True)
[2026-08-11 05:08:28] 2026-08-11 05:08:28 | INFO     | WeightClient 9 round 14 completed (acc=0.8714)
[2026-08-11 05:08:28] 2026-08-11 05:08:28 | INFO     | WeightClient 10 fit round 14 (fedprox=True)
[2026-08-11 05:09:52] 2026-08-11 05:09:52 | INFO     | WeightClient 10 round 14 completed (acc=0.8661)
[2026-08-11 05:09:52] 2026-08-11 05:09:52 | INFO     | WeightClient 11 fit round 14 (fedprox=True)
[2026-08-11 05:11:44] 2026-08-11 05:11:44 | INFO     | WeightClient 11 round 14 completed (acc=0.8992)
[2026-08-11 05:11:44] 2026-08-11 05:11:44 | INFO     | WeightClient 12 fit round 14 (fedprox=True)
[2026-08-11 05:13:22] 2026-08-11 05:13:22 | INFO     | WeightClient 12 round 14 completed (acc=0.8965)
[2026-08-11 05:13:22] 2026-08-11 05:13:22 | INFO     | WeightClient 13 fit round 14 (fedprox=True)
[2026-08-11 05:15:59] 2026-08-11 05:15:59 | INFO     | WeightClient 13 round 14 completed (acc=0.9353)
[2026-08-11 05:15:59] 2026-08-11 05:15:59 | INFO     | WeightClient 14 fit round 14 (fedprox=True)
[2026-08-11 05:17:27] 2026-08-11 05:17:27 | INFO     | WeightClient 14 round 14 completed (acc=0.9313)
[2026-08-11 05:17:27] 2026-08-11 05:17:27 | INFO     | WeightClient 15 fit round 14 (fedprox=True)
[2026-08-11 05:20:15] 2026-08-11 05:20:15 | INFO     | WeightClient 15 round 14 completed (acc=0.9639)
[2026-08-11 05:20:15] 2026-08-11 05:20:15 | INFO     | WeightClient 16 fit round 14 (fedprox=True)
[2026-08-11 05:22:44] 2026-08-11 05:22:44 | INFO     | WeightClient 16 round 14 completed (acc=0.9464)
[2026-08-11 05:22:44] 2026-08-11 05:22:44 | INFO     | WeightClient 17 fit round 14 (fedprox=True)
[2026-08-11 05:24:42] 2026-08-11 05:24:42 | INFO     | WeightClient 17 round 14 completed (acc=0.9145)
[2026-08-11 05:24:42] 2026-08-11 05:24:42 | INFO     | WeightClient 18 fit round 14 (fedprox=True)
[2026-08-11 05:25:31] 2026-08-11 05:25:31 | INFO     | WeightClient 18 round 14 completed (acc=0.9542)
[2026-08-11 05:25:31] 2026-08-11 05:25:31 | INFO     | WeightClient 19 fit round 14 (fedprox=True)
[2026-08-11 05:27:27] 2026-08-11 05:27:27 | INFO     | WeightClient 19 round 14 completed (acc=0.9163)
[2026-08-11 05:27:27]   Round  14/40 | Avg: 0.9198 | Min: 0.8661 | Max: 0.9644
[2026-08-11 05:27:27] 2026-08-11 05:27:27 | INFO     | FEDPROX — NONIID: round 15/40 starting
[2026-08-11 05:27:27] 2026-08-11 05:27:27 | INFO     | WeightClient 0 fit round 15 (fedprox=True)
[2026-08-11 05:29:21] 2026-08-11 05:29:21 | INFO     | WeightClient 0 round 15 completed (acc=0.9447)
[2026-08-11 05:29:21] 2026-08-11 05:29:21 | INFO     | WeightClient 1 fit round 15 (fedprox=True)
[2026-08-11 05:31:02] 2026-08-11 05:31:02 | INFO     | WeightClient 1 round 15 completed (acc=0.9130)
[2026-08-11 05:31:02] 2026-08-11 05:31:02 | INFO     | WeightClient 2 fit round 15 (fedprox=True)
[2026-08-11 05:32:09] 2026-08-11 05:32:09 | INFO     | WeightClient 2 round 15 completed (acc=0.9609)
[2026-08-11 05:32:09] 2026-08-11 05:32:09 | INFO     | WeightClient 3 fit round 15 (fedprox=True)
[2026-08-11 05:35:08] 2026-08-11 05:35:08 | INFO     | WeightClient 3 round 15 completed (acc=0.9293)
[2026-08-11 05:35:08] 2026-08-11 05:35:08 | INFO     | WeightClient 4 fit round 15 (fedprox=True)
[2026-08-11 05:38:31] 2026-08-11 05:38:31 | INFO     | WeightClient 4 round 15 completed (acc=0.8989)
[2026-08-11 05:38:31] 2026-08-11 05:38:31 | INFO     | WeightClient 5 fit round 15 (fedprox=True)
[2026-08-11 05:39:41] 2026-08-11 05:39:41 | INFO     | WeightClient 5 round 15 completed (acc=0.9526)
[2026-08-11 05:39:41] 2026-08-11 05:39:41 | INFO     | WeightClient 6 fit round 15 (fedprox=True)
[2026-08-11 05:40:40] 2026-08-11 05:40:40 | INFO     | WeightClient 6 round 15 completed (acc=0.9399)
[2026-08-11 05:40:40] 2026-08-11 05:40:40 | INFO     | WeightClient 7 fit round 15 (fedprox=True)
[2026-08-11 05:42:19] 2026-08-11 05:42:19 | INFO     | WeightClient 7 round 15 completed (acc=0.9320)
[2026-08-11 05:42:19] 2026-08-11 05:42:19 | INFO     | WeightClient 8 fit round 15 (fedprox=True)
[2026-08-11 05:44:15] 2026-08-11 05:44:15 | INFO     | WeightClient 8 round 15 completed (acc=0.9280)
[2026-08-11 05:44:15] 2026-08-11 05:44:15 | INFO     | WeightClient 9 fit round 15 (fedprox=True)
[2026-08-11 05:46:21] 2026-08-11 05:46:21 | INFO     | WeightClient 9 round 15 completed (acc=0.8709)
[2026-08-11 05:46:21] 2026-08-11 05:46:21 | INFO     | WeightClient 10 fit round 15 (fedprox=True)
[2026-08-11 05:47:38] 2026-08-11 05:47:38 | INFO     | WeightClient 10 round 15 completed (acc=0.8922)
[2026-08-11 05:47:38] 2026-08-11 05:47:38 | INFO     | WeightClient 11 fit round 15 (fedprox=True)
[2026-08-11 05:49:11] 2026-08-11 05:49:11 | INFO     | WeightClient 11 round 15 completed (acc=0.9225)
[2026-08-11 05:49:11] 2026-08-11 05:49:11 | INFO     | WeightClient 12 fit round 15 (fedprox=True)
[2026-08-11 05:50:52] 2026-08-11 05:50:52 | INFO     | WeightClient 12 round 15 completed (acc=0.9212)
[2026-08-11 05:50:52] 2026-08-11 05:50:52 | INFO     | WeightClient 13 fit round 15 (fedprox=True)
[2026-08-11 05:53:21] 2026-08-11 05:53:21 | INFO     | WeightClient 13 round 15 completed (acc=0.9043)
[2026-08-11 05:53:21] 2026-08-11 05:53:21 | INFO     | WeightClient 14 fit round 15 (fedprox=True)
[2026-08-11 05:55:09] 2026-08-11 05:55:09 | INFO     | WeightClient 14 round 15 completed (acc=0.9124)
[2026-08-11 05:55:09] 2026-08-11 05:55:09 | INFO     | WeightClient 15 fit round 15 (fedprox=True)
[2026-08-11 05:58:44] 2026-08-11 05:58:44 | INFO     | WeightClient 15 round 15 completed (acc=0.9553)
[2026-08-11 05:58:44] 2026-08-11 05:58:44 | INFO     | WeightClient 16 fit round 15 (fedprox=True)
[2026-08-11 06:01:04] 2026-08-11 06:01:04 | INFO     | WeightClient 16 round 15 completed (acc=0.9458)
[2026-08-11 06:01:04] 2026-08-11 06:01:04 | INFO     | WeightClient 17 fit round 15 (fedprox=True)
[2026-08-11 06:03:10] 2026-08-11 06:03:10 | INFO     | WeightClient 17 round 15 completed (acc=0.9426)
[2026-08-11 06:03:10] 2026-08-11 06:03:10 | INFO     | WeightClient 18 fit round 15 (fedprox=True)
[2026-08-11 06:04:03] 2026-08-11 06:04:03 | INFO     | WeightClient 18 round 15 completed (acc=0.9501)
[2026-08-11 06:04:03] 2026-08-11 06:04:03 | INFO     | WeightClient 19 fit round 15 (fedprox=True)
[2026-08-11 06:05:52] 2026-08-11 06:05:52 | INFO     | WeightClient 19 round 15 completed (acc=0.9338)
[2026-08-11 06:05:53]   Round  15/40 | Avg: 0.9275 | Min: 0.8709 | Max: 0.9609
[2026-08-11 06:05:53] 2026-08-11 06:05:53 | INFO     | FEDPROX — NONIID: round 16/40 starting
[2026-08-11 06:05:53] 2026-08-11 06:05:53 | INFO     | WeightClient 0 fit round 16 (fedprox=True)
[2026-08-11 06:07:29] 2026-08-11 06:07:29 | INFO     | WeightClient 0 round 16 completed (acc=0.9151)
[2026-08-11 06:07:29] 2026-08-11 06:07:29 | INFO     | WeightClient 1 fit round 16 (fedprox=True)
[2026-08-11 06:08:54] 2026-08-11 06:08:54 | INFO     | WeightClient 1 round 16 completed (acc=0.9326)
[2026-08-11 06:08:54] 2026-08-11 06:08:54 | INFO     | WeightClient 2 fit round 16 (fedprox=True)
[2026-08-11 06:10:06] 2026-08-11 06:10:06 | INFO     | WeightClient 2 round 16 completed (acc=0.9629)
[2026-08-11 06:10:06] 2026-08-11 06:10:06 | INFO     | WeightClient 3 fit round 16 (fedprox=True)
[2026-08-11 06:12:42] 2026-08-11 06:12:42 | INFO     | WeightClient 3 round 16 completed (acc=0.9506)
[2026-08-11 06:12:42] 2026-08-11 06:12:42 | INFO     | WeightClient 4 fit round 16 (fedprox=True)
[2026-08-11 06:15:48] 2026-08-11 06:15:48 | INFO     | WeightClient 4 round 16 completed (acc=0.9125)
[2026-08-11 06:15:48] 2026-08-11 06:15:48 | INFO     | WeightClient 5 fit round 16 (fedprox=True)
[2026-08-11 06:17:08] 2026-08-11 06:17:08 | INFO     | WeightClient 5 round 16 completed (acc=0.9673)
[2026-08-11 06:17:08] 2026-08-11 06:17:08 | INFO     | WeightClient 6 fit round 16 (fedprox=True)
[2026-08-11 06:17:59] 2026-08-11 06:17:59 | INFO     | WeightClient 6 round 16 completed (acc=0.9287)
[2026-08-11 06:17:59] 2026-08-11 06:17:59 | INFO     | WeightClient 7 fit round 16 (fedprox=True)
[2026-08-11 06:19:50] 2026-08-11 06:19:50 | INFO     | WeightClient 7 round 16 completed (acc=0.9218)
[2026-08-11 06:19:50] 2026-08-11 06:19:50 | INFO     | WeightClient 8 fit round 16 (fedprox=True)
[2026-08-11 06:21:56] 2026-08-11 06:21:56 | INFO     | WeightClient 8 round 16 completed (acc=0.9211)
[2026-08-11 06:21:56] 2026-08-11 06:21:56 | INFO     | WeightClient 9 fit round 16 (fedprox=True)
[2026-08-11 06:23:51] 2026-08-11 06:23:51 | INFO     | WeightClient 9 round 16 completed (acc=0.8821)
[2026-08-11 06:23:51] 2026-08-11 06:23:51 | INFO     | WeightClient 10 fit round 16 (fedprox=True)
[2026-08-11 06:25:13] 2026-08-11 06:25:13 | INFO     | WeightClient 10 round 16 completed (acc=0.8671)
[2026-08-11 06:25:13] 2026-08-11 06:25:13 | INFO     | WeightClient 11 fit round 16 (fedprox=True)
[2026-08-11 06:27:15] 2026-08-11 06:27:15 | INFO     | WeightClient 11 round 16 completed (acc=0.9107)
[2026-08-11 06:27:15] 2026-08-11 06:27:15 | INFO     | WeightClient 12 fit round 16 (fedprox=True)
[2026-08-11 06:28:53] 2026-08-11 06:28:53 | INFO     | WeightClient 12 round 16 completed (acc=0.9402)
[2026-08-11 06:28:53] 2026-08-11 06:28:53 | INFO     | WeightClient 13 fit round 16 (fedprox=True)
[2026-08-11 06:31:33] 2026-08-11 06:31:33 | INFO     | WeightClient 13 round 16 completed (acc=0.9357)
[2026-08-11 06:31:33] 2026-08-11 06:31:33 | INFO     | WeightClient 14 fit round 16 (fedprox=True)
[2026-08-11 06:33:05] 2026-08-11 06:33:05 | INFO     | WeightClient 14 round 16 completed (acc=0.9350)
[2026-08-11 06:33:05] 2026-08-11 06:33:05 | INFO     | WeightClient 15 fit round 16 (fedprox=True)
[2026-08-11 06:36:49] 2026-08-11 06:36:49 | INFO     | WeightClient 15 round 16 completed (acc=0.9607)
[2026-08-11 06:36:49] 2026-08-11 06:36:49 | INFO     | WeightClient 16 fit round 16 (fedprox=True)
[2026-08-11 06:39:33] 2026-08-11 06:39:33 | INFO     | WeightClient 16 round 16 completed (acc=0.9558)
[2026-08-11 06:39:33] 2026-08-11 06:39:33 | INFO     | WeightClient 17 fit round 16 (fedprox=True)
[2026-08-11 06:41:37] 2026-08-11 06:41:37 | INFO     | WeightClient 17 round 16 completed (acc=0.9421)
[2026-08-11 06:41:37] 2026-08-11 06:41:37 | INFO     | WeightClient 18 fit round 16 (fedprox=True)
[2026-08-11 06:42:31] 2026-08-11 06:42:31 | INFO     | WeightClient 18 round 16 completed (acc=0.9492)
[2026-08-11 06:42:31] 2026-08-11 06:42:31 | INFO     | WeightClient 19 fit round 16 (fedprox=True)
[2026-08-11 06:43:58] 2026-08-11 06:43:58 | INFO     | WeightClient 19 round 16 completed (acc=0.9537)
[2026-08-11 06:43:58]   Round  16/40 | Avg: 0.9322 | Min: 0.8671 | Max: 0.9673
[2026-08-11 06:43:58] 2026-08-11 06:43:58 | INFO     | FEDPROX — NONIID: round 17/40 starting
[2026-08-11 06:43:58] 2026-08-11 06:43:58 | INFO     | WeightClient 0 fit round 17 (fedprox=True)
[2026-08-11 06:45:21] 2026-08-11 06:45:21 | INFO     | WeightClient 0 round 17 completed (acc=0.9446)
[2026-08-11 06:45:21] 2026-08-11 06:45:21 | INFO     | WeightClient 1 fit round 17 (fedprox=True)
[2026-08-11 06:46:54] 2026-08-11 06:46:54 | INFO     | WeightClient 1 round 17 completed (acc=0.9184)
[2026-08-11 06:46:54] 2026-08-11 06:46:54 | INFO     | WeightClient 2 fit round 17 (fedprox=True)
[2026-08-11 06:48:03] 2026-08-11 06:48:03 | INFO     | WeightClient 2 round 17 completed (acc=0.9557)
[2026-08-11 06:48:03] 2026-08-11 06:48:03 | INFO     | WeightClient 3 fit round 17 (fedprox=True)
[2026-08-11 06:50:25] 2026-08-11 06:50:25 | INFO     | WeightClient 3 round 17 completed (acc=0.9391)
[2026-08-11 06:50:25] 2026-08-11 06:50:25 | INFO     | WeightClient 4 fit round 17 (fedprox=True)
[2026-08-11 06:53:13] 2026-08-11 06:53:13 | INFO     | WeightClient 4 round 17 completed (acc=0.9149)
[2026-08-11 06:53:13] 2026-08-11 06:53:13 | INFO     | WeightClient 5 fit round 17 (fedprox=True)
[2026-08-11 06:54:48] 2026-08-11 06:54:48 | INFO     | WeightClient 5 round 17 completed (acc=0.9627)
[2026-08-11 06:54:48] 2026-08-11 06:54:48 | INFO     | WeightClient 6 fit round 17 (fedprox=True)
[2026-08-11 06:55:43] 2026-08-11 06:55:43 | INFO     | WeightClient 6 round 17 completed (acc=0.9580)
[2026-08-11 06:55:43] 2026-08-11 06:55:43 | INFO     | WeightClient 7 fit round 17 (fedprox=True)
[2026-08-11 06:57:10] 2026-08-11 06:57:10 | INFO     | WeightClient 7 round 17 completed (acc=0.9148)
[2026-08-11 06:57:10] 2026-08-11 06:57:10 | INFO     | WeightClient 8 fit round 17 (fedprox=True)
[2026-08-11 06:58:36] 2026-08-11 06:58:36 | INFO     | WeightClient 8 round 17 completed (acc=0.9325)
[2026-08-11 06:58:36] 2026-08-11 06:58:36 | INFO     | WeightClient 9 fit round 17 (fedprox=True)
[2026-08-11 07:00:32] 2026-08-11 07:00:32 | INFO     | WeightClient 9 round 17 completed (acc=0.8950)
[2026-08-11 07:00:32] 2026-08-11 07:00:32 | INFO     | WeightClient 10 fit round 17 (fedprox=True)
[2026-08-11 07:02:02] 2026-08-11 07:02:02 | INFO     | WeightClient 10 round 17 completed (acc=0.8898)
[2026-08-11 07:02:02] 2026-08-11 07:02:02 | INFO     | WeightClient 11 fit round 17 (fedprox=True)
[2026-08-11 07:03:45] 2026-08-11 07:03:45 | INFO     | WeightClient 11 round 17 completed (acc=0.9095)
[2026-08-11 07:03:45] 2026-08-11 07:03:45 | INFO     | WeightClient 12 fit round 17 (fedprox=True)
[2026-08-11 07:04:59] 2026-08-11 07:04:59 | INFO     | WeightClient 12 round 17 completed (acc=0.9244)
[2026-08-11 07:04:59] 2026-08-11 07:04:59 | INFO     | WeightClient 13 fit round 17 (fedprox=True)
[2026-08-11 07:08:06] 2026-08-11 07:08:06 | INFO     | WeightClient 13 round 17 completed (acc=0.9443)
[2026-08-11 07:08:06] 2026-08-11 07:08:06 | INFO     | WeightClient 14 fit round 17 (fedprox=True)
[2026-08-11 07:09:43] 2026-08-11 07:09:43 | INFO     | WeightClient 14 round 17 completed (acc=0.9467)
[2026-08-11 07:09:43] 2026-08-11 07:09:43 | INFO     | WeightClient 15 fit round 17 (fedprox=True)
[2026-08-11 07:12:18] 2026-08-11 07:12:18 | INFO     | WeightClient 15 round 17 completed (acc=0.9578)
[2026-08-11 07:12:18] 2026-08-11 07:12:18 | INFO     | WeightClient 16 fit round 17 (fedprox=True)
[2026-08-11 07:14:42] 2026-08-11 07:14:42 | INFO     | WeightClient 16 round 17 completed (acc=0.9599)
[2026-08-11 07:14:42] 2026-08-11 07:14:42 | INFO     | WeightClient 17 fit round 17 (fedprox=True)
[2026-08-11 07:16:54] 2026-08-11 07:16:54 | INFO     | WeightClient 17 round 17 completed (acc=0.9595)
[2026-08-11 07:16:54] 2026-08-11 07:16:54 | INFO     | WeightClient 18 fit round 17 (fedprox=True)
[2026-08-11 07:18:08] 2026-08-11 07:18:08 | INFO     | WeightClient 18 round 17 completed (acc=0.9507)
[2026-08-11 07:18:08] 2026-08-11 07:18:08 | INFO     | WeightClient 19 fit round 17 (fedprox=True)
[2026-08-11 07:20:00] 2026-08-11 07:20:00 | INFO     | WeightClient 19 round 17 completed (acc=0.9376)
[2026-08-11 07:20:01]   Round  17/40 | Avg: 0.9358 | Min: 0.8898 | Max: 0.9627
[2026-08-11 07:20:01] 2026-08-11 07:20:01 | INFO     | FEDPROX — NONIID: round 18/40 starting
[2026-08-11 07:20:01] 2026-08-11 07:20:01 | INFO     | WeightClient 0 fit round 18 (fedprox=True)
[2026-08-11 07:21:51] 2026-08-11 07:21:51 | INFO     | WeightClient 0 round 18 completed (acc=0.9485)
[2026-08-11 07:21:51] 2026-08-11 07:21:51 | INFO     | WeightClient 1 fit round 18 (fedprox=True)
[2026-08-11 07:23:17] 2026-08-11 07:23:17 | INFO     | WeightClient 1 round 18 completed (acc=0.9446)
[2026-08-11 07:23:17] 2026-08-11 07:23:17 | INFO     | WeightClient 2 fit round 18 (fedprox=True)
[2026-08-11 07:24:19] 2026-08-11 07:24:19 | INFO     | WeightClient 2 round 18 completed (acc=0.9424)
[2026-08-11 07:24:19] 2026-08-11 07:24:19 | INFO     | WeightClient 3 fit round 18 (fedprox=True)
[2026-08-11 07:26:38] 2026-08-11 07:26:38 | INFO     | WeightClient 3 round 18 completed (acc=0.9376)
[2026-08-11 07:26:38] 2026-08-11 07:26:38 | INFO     | WeightClient 4 fit round 18 (fedprox=True)
[2026-08-11 07:29:19] 2026-08-11 07:29:19 | INFO     | WeightClient 4 round 18 completed (acc=0.9110)
[2026-08-11 07:29:19] 2026-08-11 07:29:19 | INFO     | WeightClient 5 fit round 18 (fedprox=True)
[2026-08-11 07:30:43] 2026-08-11 07:30:43 | INFO     | WeightClient 5 round 18 completed (acc=0.9723)
[2026-08-11 07:30:43] 2026-08-11 07:30:43 | INFO     | WeightClient 6 fit round 18 (fedprox=True)
[2026-08-11 07:31:37] 2026-08-11 07:31:37 | INFO     | WeightClient 6 round 18 completed (acc=0.9292)
[2026-08-11 07:31:37] 2026-08-11 07:31:37 | INFO     | WeightClient 7 fit round 18 (fedprox=True)
[2026-08-11 07:32:51] 2026-08-11 07:32:51 | INFO     | WeightClient 7 round 18 completed (acc=0.9297)
[2026-08-11 07:32:51] 2026-08-11 07:32:51 | INFO     | WeightClient 8 fit round 18 (fedprox=True)
[2026-08-11 07:34:06] 2026-08-11 07:34:06 | INFO     | WeightClient 8 round 18 completed (acc=0.9400)
[2026-08-11 07:34:06] 2026-08-11 07:34:06 | INFO     | WeightClient 9 fit round 18 (fedprox=True)
[2026-08-11 07:36:06] 2026-08-11 07:36:06 | INFO     | WeightClient 9 round 18 completed (acc=0.9018)
[2026-08-11 07:36:06] 2026-08-11 07:36:06 | INFO     | WeightClient 10 fit round 18 (fedprox=True)
[2026-08-11 07:37:43] 2026-08-11 07:37:43 | INFO     | WeightClient 10 round 18 completed (acc=0.8779)
[2026-08-11 07:37:43] 2026-08-11 07:37:43 | INFO     | WeightClient 11 fit round 18 (fedprox=True)
[2026-08-11 07:39:18] 2026-08-11 07:39:18 | INFO     | WeightClient 11 round 18 completed (acc=0.9398)
[2026-08-11 07:39:18] 2026-08-11 07:39:18 | INFO     | WeightClient 12 fit round 18 (fedprox=True)
[2026-08-11 07:41:12] 2026-08-11 07:41:12 | INFO     | WeightClient 12 round 18 completed (acc=0.9468)
[2026-08-11 07:41:12] 2026-08-11 07:41:12 | INFO     | WeightClient 13 fit round 18 (fedprox=True)
[2026-08-11 07:43:33] 2026-08-11 07:43:32 | INFO     | WeightClient 13 round 18 completed (acc=0.9342)
[2026-08-11 07:43:33] 2026-08-11 07:43:33 | INFO     | WeightClient 14 fit round 18 (fedprox=True)
[2026-08-11 07:44:52] 2026-08-11 07:44:52 | INFO     | WeightClient 14 round 18 completed (acc=0.9174)
[2026-08-11 07:44:52] 2026-08-11 07:44:52 | INFO     | WeightClient 15 fit round 18 (fedprox=True)
[2026-08-11 07:47:36] 2026-08-11 07:47:36 | INFO     | WeightClient 15 round 18 completed (acc=0.9720)
[2026-08-11 07:47:36] 2026-08-11 07:47:36 | INFO     | WeightClient 16 fit round 18 (fedprox=True)
[2026-08-11 07:50:19] 2026-08-11 07:50:19 | INFO     | WeightClient 16 round 18 completed (acc=0.9523)
[2026-08-11 07:50:19] 2026-08-11 07:50:19 | INFO     | WeightClient 17 fit round 18 (fedprox=True)
[2026-08-11 07:52:32] 2026-08-11 07:52:32 | INFO     | WeightClient 17 round 18 completed (acc=0.9528)
[2026-08-11 07:52:32] 2026-08-11 07:52:32 | INFO     | WeightClient 18 fit round 18 (fedprox=True)
[2026-08-11 07:53:23] 2026-08-11 07:53:23 | INFO     | WeightClient 18 round 18 completed (acc=0.9520)
[2026-08-11 07:53:23] 2026-08-11 07:53:23 | INFO     | WeightClient 19 fit round 18 (fedprox=True)
[2026-08-11 07:55:45] 2026-08-11 07:55:45 | INFO     | WeightClient 19 round 18 completed (acc=0.9485)
[2026-08-11 07:55:45]   Round  18/40 | Avg: 0.9375 | Min: 0.8779 | Max: 0.9723
[2026-08-11 07:55:45] 2026-08-11 07:55:45 | INFO     | FEDPROX — NONIID: round 19/40 starting
[2026-08-11 07:55:45] 2026-08-11 07:55:45 | INFO     | WeightClient 0 fit round 19 (fedprox=True)
[2026-08-11 07:57:45] 2026-08-11 07:57:45 | INFO     | WeightClient 0 round 19 completed (acc=0.9474)
[2026-08-11 07:57:45] 2026-08-11 07:57:45 | INFO     | WeightClient 1 fit round 19 (fedprox=True)
[2026-08-11 07:59:02] 2026-08-11 07:59:02 | INFO     | WeightClient 1 round 19 completed (acc=0.9281)
[2026-08-11 07:59:02] 2026-08-11 07:59:02 | INFO     | WeightClient 2 fit round 19 (fedprox=True)
[2026-08-11 08:00:04] 2026-08-11 08:00:04 | INFO     | WeightClient 2 round 19 completed (acc=0.9628)
[2026-08-11 08:00:04] 2026-08-11 08:00:04 | INFO     | WeightClient 3 fit round 19 (fedprox=True)
[2026-08-11 08:03:07] 2026-08-11 08:03:07 | INFO     | WeightClient 3 round 19 completed (acc=0.9538)
[2026-08-11 08:03:07] 2026-08-11 08:03:07 | INFO     | WeightClient 4 fit round 19 (fedprox=True)
[2026-08-11 08:05:36] 2026-08-11 08:05:36 | INFO     | WeightClient 4 round 19 completed (acc=0.9395)
[2026-08-11 08:05:36] 2026-08-11 08:05:36 | INFO     | WeightClient 5 fit round 19 (fedprox=True)
[2026-08-11 08:07:04] 2026-08-11 08:07:03 | INFO     | WeightClient 5 round 19 completed (acc=0.9615)
[2026-08-11 08:07:04] 2026-08-11 08:07:04 | INFO     | WeightClient 6 fit round 19 (fedprox=True)
[2026-08-11 08:07:59] 2026-08-11 08:07:59 | INFO     | WeightClient 6 round 19 completed (acc=0.9547)
[2026-08-11 08:07:59] 2026-08-11 08:07:59 | INFO     | WeightClient 7 fit round 19 (fedprox=True)
[2026-08-11 08:09:15] 2026-08-11 08:09:15 | INFO     | WeightClient 7 round 19 completed (acc=0.9280)
[2026-08-11 08:09:15] 2026-08-11 08:09:15 | INFO     | WeightClient 8 fit round 19 (fedprox=True)
[2026-08-11 08:10:54] 2026-08-11 08:10:54 | INFO     | WeightClient 8 round 19 completed (acc=0.9496)
[2026-08-11 08:10:54] 2026-08-11 08:10:54 | INFO     | WeightClient 9 fit round 19 (fedprox=True)
[2026-08-11 08:12:43] 2026-08-11 08:12:43 | INFO     | WeightClient 9 round 19 completed (acc=0.8937)
[2026-08-11 08:12:43] 2026-08-11 08:12:43 | INFO     | WeightClient 10 fit round 19 (fedprox=True)
[2026-08-11 08:13:55] 2026-08-11 08:13:54 | INFO     | WeightClient 10 round 19 completed (acc=0.9236)
[2026-08-11 08:13:55] 2026-08-11 08:13:55 | INFO     | WeightClient 11 fit round 19 (fedprox=True)
[2026-08-11 08:15:26] 2026-08-11 08:15:26 | INFO     | WeightClient 11 round 19 completed (acc=0.9379)
[2026-08-11 08:15:26] 2026-08-11 08:15:26 | INFO     | WeightClient 12 fit round 19 (fedprox=True)
[2026-08-11 08:17:15] 2026-08-11 08:17:15 | INFO     | WeightClient 12 round 19 completed (acc=0.9147)
[2026-08-11 08:17:15] 2026-08-11 08:17:15 | INFO     | WeightClient 13 fit round 19 (fedprox=True)
[2026-08-11 08:19:36] 2026-08-11 08:19:36 | INFO     | WeightClient 13 round 19 completed (acc=0.9529)
[2026-08-11 08:19:36] 2026-08-11 08:19:36 | INFO     | WeightClient 14 fit round 19 (fedprox=True)
[2026-08-11 08:21:08] 2026-08-11 08:21:08 | INFO     | WeightClient 14 round 19 completed (acc=0.9416)
[2026-08-11 08:21:08] 2026-08-11 08:21:08 | INFO     | WeightClient 15 fit round 19 (fedprox=True)
[2026-08-11 08:23:44] 2026-08-11 08:23:44 | INFO     | WeightClient 15 round 19 completed (acc=0.9634)
[2026-08-11 08:23:44] 2026-08-11 08:23:44 | INFO     | WeightClient 16 fit round 19 (fedprox=True)
[2026-08-11 08:25:51] 2026-08-11 08:25:51 | INFO     | WeightClient 16 round 19 completed (acc=0.9686)
[2026-08-11 08:25:51] 2026-08-11 08:25:51 | INFO     | WeightClient 17 fit round 19 (fedprox=True)
[2026-08-11 08:27:51] 2026-08-11 08:27:51 | INFO     | WeightClient 17 round 19 completed (acc=0.9585)
[2026-08-11 08:27:51] 2026-08-11 08:27:51 | INFO     | WeightClient 18 fit round 19 (fedprox=True)
[2026-08-11 08:28:45] 2026-08-11 08:28:45 | INFO     | WeightClient 18 round 19 completed (acc=0.9490)
[2026-08-11 08:28:45] 2026-08-11 08:28:45 | INFO     | WeightClient 19 fit round 19 (fedprox=True)
[2026-08-11 08:30:33] 2026-08-11 08:30:33 | INFO     | WeightClient 19 round 19 completed (acc=0.9565)
[2026-08-11 08:30:33]   Round  19/40 | Avg: 0.9443 | Min: 0.8937 | Max: 0.9686
[2026-08-11 08:30:33] 2026-08-11 08:30:33 | INFO     | FEDPROX — NONIID: round 20/40 starting
[2026-08-11 08:30:33] 2026-08-11 08:30:33 | INFO     | WeightClient 0 fit round 20 (fedprox=True)
[2026-08-11 08:32:06] 2026-08-11 08:32:06 | INFO     | WeightClient 0 round 20 completed (acc=0.9333)
[2026-08-11 08:32:06] 2026-08-11 08:32:06 | INFO     | WeightClient 1 fit round 20 (fedprox=True)
[2026-08-11 08:33:35] 2026-08-11 08:33:35 | INFO     | WeightClient 1 round 20 completed (acc=0.9576)
[2026-08-11 08:33:35] 2026-08-11 08:33:35 | INFO     | WeightClient 2 fit round 20 (fedprox=True)
[2026-08-11 08:34:37] 2026-08-11 08:34:37 | INFO     | WeightClient 2 round 20 completed (acc=0.9674)
[2026-08-11 08:34:37] 2026-08-11 08:34:37 | INFO     | WeightClient 3 fit round 20 (fedprox=True)
[2026-08-11 08:37:43] 2026-08-11 08:37:43 | INFO     | WeightClient 3 round 20 completed (acc=0.9464)
[2026-08-11 08:37:43] 2026-08-11 08:37:43 | INFO     | WeightClient 4 fit round 20 (fedprox=True)
[2026-08-11 08:40:28] 2026-08-11 08:40:28 | INFO     | WeightClient 4 round 20 completed (acc=0.9160)
[2026-08-11 08:40:28] 2026-08-11 08:40:28 | INFO     | WeightClient 5 fit round 20 (fedprox=True)
[2026-08-11 08:41:51] 2026-08-11 08:41:51 | INFO     | WeightClient 5 round 20 completed (acc=0.9668)
[2026-08-11 08:41:51] 2026-08-11 08:41:51 | INFO     | WeightClient 6 fit round 20 (fedprox=True)
[2026-08-11 08:42:45] 2026-08-11 08:42:45 | INFO     | WeightClient 6 round 20 completed (acc=0.9468)
[2026-08-11 08:42:45] 2026-08-11 08:42:45 | INFO     | WeightClient 7 fit round 20 (fedprox=True)
[2026-08-11 08:44:07] 2026-08-11 08:44:07 | INFO     | WeightClient 7 round 20 completed (acc=0.9241)
[2026-08-11 08:44:07] 2026-08-11 08:44:07 | INFO     | WeightClient 8 fit round 20 (fedprox=True)
[2026-08-11 08:45:36] 2026-08-11 08:45:36 | INFO     | WeightClient 8 round 20 completed (acc=0.9498)
[2026-08-11 08:45:36] 2026-08-11 08:45:36 | INFO     | WeightClient 9 fit round 20 (fedprox=True)
[2026-08-11 08:47:28] 2026-08-11 08:47:28 | INFO     | WeightClient 9 round 20 completed (acc=0.8988)
[2026-08-11 08:47:28] 2026-08-11 08:47:28 | INFO     | WeightClient 10 fit round 20 (fedprox=True)
[2026-08-11 08:48:49] 2026-08-11 08:48:49 | INFO     | WeightClient 10 round 20 completed (acc=0.9223)
[2026-08-11 08:48:49] 2026-08-11 08:48:49 | INFO     | WeightClient 11 fit round 20 (fedprox=True)
[2026-08-11 08:50:24] 2026-08-11 08:50:24 | INFO     | WeightClient 11 round 20 completed (acc=0.9316)
[2026-08-11 08:50:24] 2026-08-11 08:50:24 | INFO     | WeightClient 12 fit round 20 (fedprox=True)
[2026-08-11 08:52:10] 2026-08-11 08:52:10 | INFO     | WeightClient 12 round 20 completed (acc=0.9144)
[2026-08-11 08:52:10] 2026-08-11 08:52:10 | INFO     | WeightClient 13 fit round 20 (fedprox=True)
[2026-08-11 08:54:29] 2026-08-11 08:54:29 | INFO     | WeightClient 13 round 20 completed (acc=0.9554)
[2026-08-11 08:54:29] 2026-08-11 08:54:29 | INFO     | WeightClient 14 fit round 20 (fedprox=True)
[2026-08-11 08:55:48] 2026-08-11 08:55:48 | INFO     | WeightClient 14 round 20 completed (acc=0.9493)
[2026-08-11 08:55:48] 2026-08-11 08:55:48 | INFO     | WeightClient 15 fit round 20 (fedprox=True)
[2026-08-11 08:59:11] 2026-08-11 08:59:11 | INFO     | WeightClient 15 round 20 completed (acc=0.9729)
[2026-08-11 08:59:11] 2026-08-11 08:59:11 | INFO     | WeightClient 16 fit round 20 (fedprox=True)
[2026-08-11 09:01:48] 2026-08-11 09:01:48 | INFO     | WeightClient 16 round 20 completed (acc=0.9642)
[2026-08-11 09:01:48] 2026-08-11 09:01:48 | INFO     | WeightClient 17 fit round 20 (fedprox=True)
[2026-08-11 09:03:58] 2026-08-11 09:03:58 | INFO     | WeightClient 17 round 20 completed (acc=0.9630)
[2026-08-11 09:03:58] 2026-08-11 09:03:58 | INFO     | WeightClient 18 fit round 20 (fedprox=True)
[2026-08-11 09:04:59] 2026-08-11 09:04:59 | INFO     | WeightClient 18 round 20 completed (acc=0.9675)
[2026-08-11 09:04:59] 2026-08-11 09:04:59 | INFO     | WeightClient 19 fit round 20 (fedprox=True)
[2026-08-11 09:06:43] 2026-08-11 09:06:43 | INFO     | WeightClient 19 round 20 completed (acc=0.9559)
[2026-08-11 09:06:43]   Round  20/40 | Avg: 0.9452 | Min: 0.8988 | Max: 0.9729
[2026-08-11 09:06:43] 2026-08-11 09:06:43 | INFO     | FEDPROX — NONIID: round 21/40 starting
[2026-08-11 09:06:43] 2026-08-11 09:06:43 | INFO     | WeightClient 0 fit round 21 (fedprox=True)
[2026-08-11 09:08:11] 2026-08-11 09:08:11 | INFO     | WeightClient 0 round 21 completed (acc=0.9403)
[2026-08-11 09:08:11] 2026-08-11 09:08:11 | INFO     | WeightClient 1 fit round 21 (fedprox=True)
[2026-08-11 09:09:51] 2026-08-11 09:09:51 | INFO     | WeightClient 1 round 21 completed (acc=0.9542)
[2026-08-11 09:09:51] 2026-08-11 09:09:51 | INFO     | WeightClient 2 fit round 21 (fedprox=True)
[2026-08-11 09:10:53] 2026-08-11 09:10:53 | INFO     | WeightClient 2 round 21 completed (acc=0.9675)
[2026-08-11 09:10:53] 2026-08-11 09:10:53 | INFO     | WeightClient 3 fit round 21 (fedprox=True)
[2026-08-11 09:13:31] 2026-08-11 09:13:31 | INFO     | WeightClient 3 round 21 completed (acc=0.9563)
[2026-08-11 09:13:31] 2026-08-11 09:13:31 | INFO     | WeightClient 4 fit round 21 (fedprox=True)
[2026-08-11 09:15:48] 2026-08-11 09:15:48 | INFO     | WeightClient 4 round 21 completed (acc=0.9156)
[2026-08-11 09:15:48] 2026-08-11 09:15:48 | INFO     | WeightClient 5 fit round 21 (fedprox=True)
[2026-08-11 09:17:02] 2026-08-11 09:17:02 | INFO     | WeightClient 5 round 21 completed (acc=0.9650)
[2026-08-11 09:17:02] 2026-08-11 09:17:02 | INFO     | WeightClient 6 fit round 21 (fedprox=True)
[2026-08-11 09:18:01] 2026-08-11 09:18:01 | INFO     | WeightClient 6 round 21 completed (acc=0.9608)
[2026-08-11 09:18:01] 2026-08-11 09:18:01 | INFO     | WeightClient 7 fit round 21 (fedprox=True)
[2026-08-11 09:19:21] 2026-08-11 09:19:21 | INFO     | WeightClient 7 round 21 completed (acc=0.9419)
[2026-08-11 09:19:21] 2026-08-11 09:19:21 | INFO     | WeightClient 8 fit round 21 (fedprox=True)
[2026-08-11 09:21:00] 2026-08-11 09:21:00 | INFO     | WeightClient 8 round 21 completed (acc=0.9500)
[2026-08-11 09:21:00] 2026-08-11 09:21:00 | INFO     | WeightClient 9 fit round 21 (fedprox=True)
[2026-08-11 09:23:09] 2026-08-11 09:23:09 | INFO     | WeightClient 9 round 21 completed (acc=0.9058)
[2026-08-11 09:23:09] 2026-08-11 09:23:09 | INFO     | WeightClient 10 fit round 21 (fedprox=True)
[2026-08-11 09:24:26] 2026-08-11 09:24:26 | INFO     | WeightClient 10 round 21 completed (acc=0.9016)
[2026-08-11 09:24:26] 2026-08-11 09:24:26 | INFO     | WeightClient 11 fit round 21 (fedprox=True)
[2026-08-11 09:26:07] 2026-08-11 09:26:07 | INFO     | WeightClient 11 round 21 completed (acc=0.9477)
[2026-08-11 09:26:07] 2026-08-11 09:26:07 | INFO     | WeightClient 12 fit round 21 (fedprox=True)
[2026-08-11 09:27:50] 2026-08-11 09:27:50 | INFO     | WeightClient 12 round 21 completed (acc=0.9403)
[2026-08-11 09:27:50] 2026-08-11 09:27:50 | INFO     | WeightClient 13 fit round 21 (fedprox=True)
[2026-08-11 09:30:17] 2026-08-11 09:30:17 | INFO     | WeightClient 13 round 21 completed (acc=0.9666)
[2026-08-11 09:30:17] 2026-08-11 09:30:17 | INFO     | WeightClient 14 fit round 21 (fedprox=True)
[2026-08-11 09:32:10] 2026-08-11 09:32:10 | INFO     | WeightClient 14 round 21 completed (acc=0.9345)
[2026-08-11 09:32:10] 2026-08-11 09:32:10 | INFO     | WeightClient 15 fit round 21 (fedprox=True)
[2026-08-11 09:34:29] 2026-08-11 09:34:29 | INFO     | WeightClient 15 round 21 completed (acc=0.9762)
[2026-08-11 09:34:29] 2026-08-11 09:34:29 | INFO     | WeightClient 16 fit round 21 (fedprox=True)
[2026-08-11 09:36:58] 2026-08-11 09:36:58 | INFO     | WeightClient 16 round 21 completed (acc=0.9673)
[2026-08-11 09:36:58] 2026-08-11 09:36:58 | INFO     | WeightClient 17 fit round 21 (fedprox=True)
[2026-08-11 09:38:53] 2026-08-11 09:38:53 | INFO     | WeightClient 17 round 21 completed (acc=0.9444)
[2026-08-11 09:38:53] 2026-08-11 09:38:53 | INFO     | WeightClient 18 fit round 21 (fedprox=True)
[2026-08-11 09:39:40] 2026-08-11 09:39:40 | INFO     | WeightClient 18 round 21 completed (acc=0.9643)
[2026-08-11 09:39:40] 2026-08-11 09:39:40 | INFO     | WeightClient 19 fit round 21 (fedprox=True)
[2026-08-11 09:41:28] 2026-08-11 09:41:28 | INFO     | WeightClient 19 round 21 completed (acc=0.9558)
[2026-08-11 09:41:28]   Round  21/40 | Avg: 0.9478 | Min: 0.9016 | Max: 0.9762
[2026-08-11 09:41:28] 2026-08-11 09:41:28 | INFO     | FEDPROX — NONIID: round 22/40 starting
[2026-08-11 09:41:28] 2026-08-11 09:41:28 | INFO     | WeightClient 0 fit round 22 (fedprox=True)
[2026-08-11 09:42:47] 2026-08-11 09:42:47 | INFO     | WeightClient 0 round 22 completed (acc=0.9426)
[2026-08-11 09:42:47] 2026-08-11 09:42:47 | INFO     | WeightClient 1 fit round 22 (fedprox=True)
[2026-08-11 09:44:26] 2026-08-11 09:44:26 | INFO     | WeightClient 1 round 22 completed (acc=0.9522)
[2026-08-11 09:44:26] 2026-08-11 09:44:26 | INFO     | WeightClient 2 fit round 22 (fedprox=True)
[2026-08-11 09:45:34] 2026-08-11 09:45:34 | INFO     | WeightClient 2 round 22 completed (acc=0.9682)
[2026-08-11 09:45:34] 2026-08-11 09:45:34 | INFO     | WeightClient 3 fit round 22 (fedprox=True)
[2026-08-11 09:47:55] 2026-08-11 09:47:55 | INFO     | WeightClient 3 round 22 completed (acc=0.9338)
[2026-08-11 09:47:55] 2026-08-11 09:47:55 | INFO     | WeightClient 4 fit round 22 (fedprox=True)
[2026-08-11 09:50:42] 2026-08-11 09:50:42 | INFO     | WeightClient 4 round 22 completed (acc=0.9404)
[2026-08-11 09:50:42] 2026-08-11 09:50:42 | INFO     | WeightClient 5 fit round 22 (fedprox=True)
[2026-08-11 09:52:02] 2026-08-11 09:52:02 | INFO     | WeightClient 5 round 22 completed (acc=0.9746)
[2026-08-11 09:52:02] 2026-08-11 09:52:02 | INFO     | WeightClient 6 fit round 22 (fedprox=True)
[2026-08-11 09:52:47] 2026-08-11 09:52:47 | INFO     | WeightClient 6 round 22 completed (acc=0.9675)
[2026-08-11 09:52:47] 2026-08-11 09:52:47 | INFO     | WeightClient 7 fit round 22 (fedprox=True)
[2026-08-11 09:53:58] 2026-08-11 09:53:58 | INFO     | WeightClient 7 round 22 completed (acc=0.9286)
[2026-08-11 09:53:58] 2026-08-11 09:53:58 | INFO     | WeightClient 8 fit round 22 (fedprox=True)
[2026-08-11 09:55:33] 2026-08-11 09:55:33 | INFO     | WeightClient 8 round 22 completed (acc=0.9461)
[2026-08-11 09:55:33] 2026-08-11 09:55:33 | INFO     | WeightClient 9 fit round 22 (fedprox=True)
[2026-08-11 09:57:36] 2026-08-11 09:57:36 | INFO     | WeightClient 9 round 22 completed (acc=0.9258)
[2026-08-11 09:57:36] 2026-08-11 09:57:36 | INFO     | WeightClient 10 fit round 22 (fedprox=True)
[2026-08-11 09:59:10] 2026-08-11 09:59:10 | INFO     | WeightClient 10 round 22 completed (acc=0.8925)
[2026-08-11 09:59:10] 2026-08-11 09:59:10 | INFO     | WeightClient 11 fit round 22 (fedprox=True)
[2026-08-11 10:01:06] 2026-08-11 10:01:06 | INFO     | WeightClient 11 round 22 completed (acc=0.9635)
[2026-08-11 10:01:06] 2026-08-11 10:01:06 | INFO     | WeightClient 12 fit round 22 (fedprox=True)
[2026-08-11 10:02:35] 2026-08-11 10:02:35 | INFO     | WeightClient 12 round 22 completed (acc=0.9482)
[2026-08-11 10:02:35] 2026-08-11 10:02:35 | INFO     | WeightClient 13 fit round 22 (fedprox=True)
[2026-08-11 10:04:51] 2026-08-11 10:04:51 | INFO     | WeightClient 13 round 22 completed (acc=0.9626)
[2026-08-11 10:04:51] 2026-08-11 10:04:51 | INFO     | WeightClient 14 fit round 22 (fedprox=True)
[2026-08-11 10:06:11] 2026-08-11 10:06:11 | INFO     | WeightClient 14 round 22 completed (acc=0.9407)
[2026-08-11 10:06:11] 2026-08-11 10:06:11 | INFO     | WeightClient 15 fit round 22 (fedprox=True)
[2026-08-11 10:08:33] 2026-08-11 10:08:33 | INFO     | WeightClient 15 round 22 completed (acc=0.9730)
[2026-08-11 10:08:33] 2026-08-11 10:08:33 | INFO     | WeightClient 16 fit round 22 (fedprox=True)
[2026-08-11 10:11:06] 2026-08-11 10:11:06 | INFO     | WeightClient 16 round 22 completed (acc=0.9682)
[2026-08-11 10:11:06] 2026-08-11 10:11:06 | INFO     | WeightClient 17 fit round 22 (fedprox=True)
[2026-08-11 10:13:07] 2026-08-11 10:13:07 | INFO     | WeightClient 17 round 22 completed (acc=0.9487)
[2026-08-11 10:13:07] 2026-08-11 10:13:07 | INFO     | WeightClient 18 fit round 22 (fedprox=True)
[2026-08-11 10:14:13] 2026-08-11 10:14:13 | INFO     | WeightClient 18 round 22 completed (acc=0.9601)
[2026-08-11 10:14:13] 2026-08-11 10:14:13 | INFO     | WeightClient 19 fit round 22 (fedprox=True)
[2026-08-11 10:16:13] 2026-08-11 10:16:13 | INFO     | WeightClient 19 round 22 completed (acc=0.9422)
[2026-08-11 10:16:14]   Round  22/40 | Avg: 0.9490 | Min: 0.8925 | Max: 0.9746
[2026-08-11 10:16:14] 2026-08-11 10:16:14 | INFO     | FEDPROX — NONIID: round 23/40 starting
[2026-08-11 10:16:14] 2026-08-11 10:16:14 | INFO     | WeightClient 0 fit round 23 (fedprox=True)
[2026-08-11 10:17:58] 2026-08-11 10:17:58 | INFO     | WeightClient 0 round 23 completed (acc=0.9537)
[2026-08-11 10:17:58] 2026-08-11 10:17:58 | INFO     | WeightClient 1 fit round 23 (fedprox=True)
[2026-08-11 10:19:43] 2026-08-11 10:19:43 | INFO     | WeightClient 1 round 23 completed (acc=0.9331)
[2026-08-11 10:19:43] 2026-08-11 10:19:43 | INFO     | WeightClient 2 fit round 23 (fedprox=True)
[2026-08-11 10:20:59] 2026-08-11 10:20:59 | INFO     | WeightClient 2 round 23 completed (acc=0.9688)
[2026-08-11 10:20:59] 2026-08-11 10:20:59 | INFO     | WeightClient 3 fit round 23 (fedprox=True)
[2026-08-11 10:23:22] 2026-08-11 10:23:22 | INFO     | WeightClient 3 round 23 completed (acc=0.9207)
[2026-08-11 10:23:23] 2026-08-11 10:23:22 | INFO     | WeightClient 4 fit round 23 (fedprox=True)
[2026-08-11 10:27:12] 2026-08-11 10:27:12 | INFO     | WeightClient 4 round 23 completed (acc=0.9389)
[2026-08-11 10:27:12] 2026-08-11 10:27:12 | INFO     | WeightClient 5 fit round 23 (fedprox=True)
[2026-08-11 10:28:53] 2026-08-11 10:28:53 | INFO     | WeightClient 5 round 23 completed (acc=0.9766)
[2026-08-11 10:28:53] 2026-08-11 10:28:53 | INFO     | WeightClient 6 fit round 23 (fedprox=True)
[2026-08-11 10:29:55] 2026-08-11 10:29:55 | INFO     | WeightClient 6 round 23 completed (acc=0.9589)
[2026-08-11 10:29:55] 2026-08-11 10:29:55 | INFO     | WeightClient 7 fit round 23 (fedprox=True)
[2026-08-11 10:31:13] 2026-08-11 10:31:13 | INFO     | WeightClient 7 round 23 completed (acc=0.9189)
[2026-08-11 10:31:13] 2026-08-11 10:31:13 | INFO     | WeightClient 8 fit round 23 (fedprox=True)
[2026-08-11 10:32:37] 2026-08-11 10:32:37 | INFO     | WeightClient 8 round 23 completed (acc=0.9512)
[2026-08-11 10:32:37] 2026-08-11 10:32:37 | INFO     | WeightClient 9 fit round 23 (fedprox=True)
[2026-08-11 10:34:38] 2026-08-11 10:34:38 | INFO     | WeightClient 9 round 23 completed (acc=0.9061)
[2026-08-11 10:34:38] 2026-08-11 10:34:38 | INFO     | WeightClient 10 fit round 23 (fedprox=True)
[2026-08-11 10:36:06] 2026-08-11 10:36:06 | INFO     | WeightClient 10 round 23 completed (acc=0.9226)
[2026-08-11 10:36:06] 2026-08-11 10:36:06 | INFO     | WeightClient 11 fit round 23 (fedprox=True)
[2026-08-11 10:37:46] 2026-08-11 10:37:46 | INFO     | WeightClient 11 round 23 completed (acc=0.9392)
[2026-08-11 10:37:46] 2026-08-11 10:37:46 | INFO     | WeightClient 12 fit round 23 (fedprox=True)
[2026-08-11 10:39:38] 2026-08-11 10:39:38 | INFO     | WeightClient 12 round 23 completed (acc=0.9560)
[2026-08-11 10:39:38] 2026-08-11 10:39:38 | INFO     | WeightClient 13 fit round 23 (fedprox=True)
[2026-08-11 10:42:45] 2026-08-11 10:42:45 | INFO     | WeightClient 13 round 23 completed (acc=0.9655)
[2026-08-11 10:42:45] 2026-08-11 10:42:45 | INFO     | WeightClient 14 fit round 23 (fedprox=True)
[2026-08-11 10:44:09] 2026-08-11 10:44:09 | INFO     | WeightClient 14 round 23 completed (acc=0.9459)
[2026-08-11 10:44:09] 2026-08-11 10:44:09 | INFO     | WeightClient 15 fit round 23 (fedprox=True)
[2026-08-11 10:47:32] 2026-08-11 10:47:32 | INFO     | WeightClient 15 round 23 completed (acc=0.9737)
[2026-08-11 10:47:32] 2026-08-11 10:47:32 | INFO     | WeightClient 16 fit round 23 (fedprox=True)
[2026-08-11 10:50:12] 2026-08-11 10:50:12 | INFO     | WeightClient 16 round 23 completed (acc=0.9706)
[2026-08-11 10:50:12] 2026-08-11 10:50:12 | INFO     | WeightClient 17 fit round 23 (fedprox=True)
[2026-08-11 10:52:33] 2026-08-11 10:52:33 | INFO     | WeightClient 17 round 23 completed (acc=0.9651)
[2026-08-11 10:52:33] 2026-08-11 10:52:33 | INFO     | WeightClient 18 fit round 23 (fedprox=True)
[2026-08-11 10:53:25] 2026-08-11 10:53:25 | INFO     | WeightClient 18 round 23 completed (acc=0.9658)
[2026-08-11 10:53:25] 2026-08-11 10:53:25 | INFO     | WeightClient 19 fit round 23 (fedprox=True)
[2026-08-11 10:55:06] 2026-08-11 10:55:06 | INFO     | WeightClient 19 round 23 completed (acc=0.9626)
[2026-08-11 10:55:06]   Round  23/40 | Avg: 0.9497 | Min: 0.9061 | Max: 0.9766
[2026-08-11 10:55:06] 2026-08-11 10:55:06 | INFO     | FEDPROX — NONIID: round 24/40 starting
[2026-08-11 10:55:06] 2026-08-11 10:55:06 | INFO     | WeightClient 0 fit round 24 (fedprox=True)
[2026-08-11 10:56:57] 2026-08-11 10:56:57 | INFO     | WeightClient 0 round 24 completed (acc=0.9562)
[2026-08-11 10:56:57] 2026-08-11 10:56:57 | INFO     | WeightClient 1 fit round 24 (fedprox=True)
[2026-08-11 10:58:32] 2026-08-11 10:58:32 | INFO     | WeightClient 1 round 24 completed (acc=0.9343)
[2026-08-11 10:58:32] 2026-08-11 10:58:32 | INFO     | WeightClient 2 fit round 24 (fedprox=True)
[2026-08-11 10:59:37] 2026-08-11 10:59:37 | INFO     | WeightClient 2 round 24 completed (acc=0.9569)
[2026-08-11 10:59:37] 2026-08-11 10:59:37 | INFO     | WeightClient 3 fit round 24 (fedprox=True)
[2026-08-11 11:03:22] 2026-08-11 11:03:22 | INFO     | WeightClient 3 round 24 completed (acc=0.9438)
[2026-08-11 11:03:22] 2026-08-11 11:03:22 | INFO     | WeightClient 4 fit round 24 (fedprox=True)
[2026-08-11 11:08:10] 2026-08-11 11:08:10 | INFO     | WeightClient 4 round 24 completed (acc=0.9528)
[2026-08-11 11:08:10] 2026-08-11 11:08:10 | INFO     | WeightClient 5 fit round 24 (fedprox=True)
[2026-08-11 11:10:11] 2026-08-11 11:10:11 | INFO     | WeightClient 5 round 24 completed (acc=0.9687)
[2026-08-11 11:10:11] 2026-08-11 11:10:11 | INFO     | WeightClient 6 fit round 24 (fedprox=True)
[2026-08-11 11:11:42] 2026-08-11 11:11:42 | INFO     | WeightClient 6 round 24 completed (acc=0.9699)
[2026-08-11 11:11:42] 2026-08-11 11:11:42 | INFO     | WeightClient 7 fit round 24 (fedprox=True)
[2026-08-11 11:13:46] 2026-08-11 11:13:46 | INFO     | WeightClient 7 round 24 completed (acc=0.9563)
[2026-08-11 11:13:46] 2026-08-11 11:13:46 | INFO     | WeightClient 8 fit round 24 (fedprox=True)
[2026-08-11 11:16:16] 2026-08-11 11:16:16 | INFO     | WeightClient 8 round 24 completed (acc=0.9567)
[2026-08-11 11:16:17] 2026-08-11 11:16:16 | INFO     | WeightClient 9 fit round 24 (fedprox=True)
[2026-08-11 11:19:25] 2026-08-11 11:19:25 | INFO     | WeightClient 9 round 24 completed (acc=0.9281)
[2026-08-11 11:19:25] 2026-08-11 11:19:25 | INFO     | WeightClient 10 fit round 24 (fedprox=True)
[2026-08-11 11:21:38] 2026-08-11 11:21:38 | INFO     | WeightClient 10 round 24 completed (acc=0.9265)
[2026-08-11 11:21:38] 2026-08-11 11:21:38 | INFO     | WeightClient 11 fit round 24 (fedprox=True)
[2026-08-11 11:24:38] 2026-08-11 11:24:38 | INFO     | WeightClient 11 round 24 completed (acc=0.9472)
[2026-08-11 11:24:38] 2026-08-11 11:24:38 | INFO     | WeightClient 12 fit round 24 (fedprox=True)
[2026-08-11 11:27:27] 2026-08-11 11:27:27 | INFO     | WeightClient 12 round 24 completed (acc=0.9643)
[2026-08-11 11:27:27] 2026-08-11 11:27:27 | INFO     | WeightClient 13 fit round 24 (fedprox=True)
[2026-08-11 11:32:37] 2026-08-11 11:32:37 | INFO     | WeightClient 13 round 24 completed (acc=0.9504)
[2026-08-11 11:32:37] 2026-08-11 11:32:37 | INFO     | WeightClient 14 fit round 24 (fedprox=True)
[2026-08-11 11:34:57] 2026-08-11 11:34:57 | INFO     | WeightClient 14 round 24 completed (acc=0.9593)
[2026-08-11 11:34:57] 2026-08-11 11:34:57 | INFO     | WeightClient 15 fit round 24 (fedprox=True)
[2026-08-11 11:38:55] 2026-08-11 11:38:55 | INFO     | WeightClient 15 round 24 completed (acc=0.9703)
[2026-08-11 11:38:55] 2026-08-11 11:38:55 | INFO     | WeightClient 16 fit round 24 (fedprox=True)
[2026-08-11 11:43:15] 2026-08-11 11:43:15 | INFO     | WeightClient 16 round 24 completed (acc=0.9717)
[2026-08-11 11:43:15] 2026-08-11 11:43:15 | INFO     | WeightClient 17 fit round 24 (fedprox=True)
[2026-08-11 11:46:51] 2026-08-11 11:46:51 | INFO     | WeightClient 17 round 24 completed (acc=0.9559)
[2026-08-11 11:46:51] 2026-08-11 11:46:51 | INFO     | WeightClient 18 fit round 24 (fedprox=True)
[2026-08-11 11:48:13] 2026-08-11 11:48:13 | INFO     | WeightClient 18 round 24 completed (acc=0.9720)
[2026-08-11 11:48:13] 2026-08-11 11:48:13 | INFO     | WeightClient 19 fit round 24 (fedprox=True)
[2026-08-11 11:51:37] 2026-08-11 11:51:37 | INFO     | WeightClient 19 round 24 completed (acc=0.9564)
[2026-08-11 11:51:38]   Round  24/40 | Avg: 0.9549 | Min: 0.9265 | Max: 0.9720
[2026-08-11 11:51:38] 2026-08-11 11:51:38 | INFO     | FEDPROX — NONIID: round 25/40 starting
[2026-08-11 11:51:38] 2026-08-11 11:51:38 | INFO     | WeightClient 0 fit round 25 (fedprox=True)
[2026-08-11 11:53:57] 2026-08-11 11:53:57 | INFO     | WeightClient 0 round 25 completed (acc=0.9617)
[2026-08-11 11:53:57] 2026-08-11 11:53:57 | INFO     | WeightClient 1 fit round 25 (fedprox=True)
[2026-08-11 11:56:11] 2026-08-11 11:56:11 | INFO     | WeightClient 1 round 25 completed (acc=0.9601)
[2026-08-11 11:56:11] 2026-08-11 11:56:11 | INFO     | WeightClient 2 fit round 25 (fedprox=True)
[2026-08-11 11:58:24] 2026-08-11 11:58:24 | INFO     | WeightClient 2 round 25 completed (acc=0.9704)
[2026-08-11 11:58:24] 2026-08-11 11:58:24 | INFO     | WeightClient 3 fit round 25 (fedprox=True)
[2026-08-11 12:02:19] 2026-08-11 12:02:19 | INFO     | WeightClient 3 round 25 completed (acc=0.9585)
[2026-08-11 12:02:19] 2026-08-11 12:02:19 | INFO     | WeightClient 4 fit round 25 (fedprox=True)
[2026-08-11 12:05:21] 2026-08-11 12:05:21 | INFO     | WeightClient 4 round 25 completed (acc=0.9418)
[2026-08-11 12:05:21] 2026-08-11 12:05:21 | INFO     | WeightClient 5 fit round 25 (fedprox=True)
[2026-08-11 12:07:00] 2026-08-11 12:07:00 | INFO     | WeightClient 5 round 25 completed (acc=0.9752)
[2026-08-11 12:07:00] 2026-08-11 12:07:00 | INFO     | WeightClient 6 fit round 25 (fedprox=True)
[2026-08-11 12:07:53] 2026-08-11 12:07:53 | INFO     | WeightClient 6 round 25 completed (acc=0.9569)
[2026-08-11 12:07:53] 2026-08-11 12:07:53 | INFO     | WeightClient 7 fit round 25 (fedprox=True)
[2026-08-11 12:09:00] 2026-08-11 12:09:00 | INFO     | WeightClient 7 round 25 completed (acc=0.9445)
[2026-08-11 12:09:00] 2026-08-11 12:09:00 | INFO     | WeightClient 8 fit round 25 (fedprox=True)
[2026-08-11 12:10:28] 2026-08-11 12:10:28 | INFO     | WeightClient 8 round 25 completed (acc=0.9550)
[2026-08-11 12:10:28] 2026-08-11 12:10:28 | INFO     | WeightClient 9 fit round 25 (fedprox=True)
[2026-08-11 12:11:57] 2026-08-11 12:11:57 | INFO     | WeightClient 9 round 25 completed (acc=0.9196)
[2026-08-11 12:11:57] 2026-08-11 12:11:57 | INFO     | WeightClient 10 fit round 25 (fedprox=True)
[2026-08-11 12:13:21] 2026-08-11 12:13:21 | INFO     | WeightClient 10 round 25 completed (acc=0.9087)
[2026-08-11 12:13:21] 2026-08-11 12:13:21 | INFO     | WeightClient 11 fit round 25 (fedprox=True)
[2026-08-11 12:15:04] 2026-08-11 12:15:04 | INFO     | WeightClient 11 round 25 completed (acc=0.9409)
[2026-08-11 12:15:04] 2026-08-11 12:15:04 | INFO     | WeightClient 12 fit round 25 (fedprox=True)
[2026-08-11 12:16:54] 2026-08-11 12:16:54 | INFO     | WeightClient 12 round 25 completed (acc=0.9574)
[2026-08-11 12:16:54] 2026-08-11 12:16:54 | INFO     | WeightClient 13 fit round 25 (fedprox=True)
[2026-08-11 12:20:05] 2026-08-11 12:20:05 | INFO     | WeightClient 13 round 25 completed (acc=0.9664)
[2026-08-11 12:20:05] 2026-08-11 12:20:05 | INFO     | WeightClient 14 fit round 25 (fedprox=True)
[2026-08-11 12:21:25] 2026-08-11 12:21:25 | INFO     | WeightClient 14 round 25 completed (acc=0.9547)
[2026-08-11 12:21:25] 2026-08-11 12:21:25 | INFO     | WeightClient 15 fit round 25 (fedprox=True)
[2026-08-11 12:23:44] 2026-08-11 12:23:44 | INFO     | WeightClient 15 round 25 completed (acc=0.9719)
[2026-08-11 12:23:44] 2026-08-11 12:23:44 | INFO     | WeightClient 16 fit round 25 (fedprox=True)
[2026-08-11 12:26:59] 2026-08-11 12:26:59 | INFO     | WeightClient 16 round 25 completed (acc=0.9647)
[2026-08-11 12:26:59] 2026-08-11 12:26:59 | INFO     | WeightClient 17 fit round 25 (fedprox=True)
[2026-08-11 12:29:23] 2026-08-11 12:29:23 | INFO     | WeightClient 17 round 25 completed (acc=0.9279)
[2026-08-11 12:29:23] 2026-08-11 12:29:23 | INFO     | WeightClient 18 fit round 25 (fedprox=True)
[2026-08-11 12:30:26] 2026-08-11 12:30:26 | INFO     | WeightClient 18 round 25 completed (acc=0.9688)
[2026-08-11 12:30:26] 2026-08-11 12:30:26 | INFO     | WeightClient 19 fit round 25 (fedprox=True)
[2026-08-11 12:32:21] 2026-08-11 12:32:21 | INFO     | WeightClient 19 round 25 completed (acc=0.9602)
[2026-08-11 12:32:21]   Round  25/40 | Avg: 0.9533 | Min: 0.9087 | Max: 0.9752
[2026-08-11 12:32:21] 2026-08-11 12:32:21 | INFO     | FEDPROX — NONIID: round 26/40 starting
[2026-08-11 12:32:21] 2026-08-11 12:32:21 | INFO     | WeightClient 0 fit round 26 (fedprox=True)
[2026-08-11 12:33:34] 2026-08-11 12:33:34 | INFO     | WeightClient 0 round 26 completed (acc=0.9459)
[2026-08-11 12:33:34] 2026-08-11 12:33:34 | INFO     | WeightClient 1 fit round 26 (fedprox=True)
[2026-08-11 12:34:54] 2026-08-11 12:34:54 | INFO     | WeightClient 1 round 26 completed (acc=0.9573)
[2026-08-11 12:34:54] 2026-08-11 12:34:54 | INFO     | WeightClient 2 fit round 26 (fedprox=True)
[2026-08-11 12:35:56] 2026-08-11 12:35:56 | INFO     | WeightClient 2 round 26 completed (acc=0.9667)
[2026-08-11 12:35:56] 2026-08-11 12:35:56 | INFO     | WeightClient 3 fit round 26 (fedprox=True)
[2026-08-11 12:39:20] 2026-08-11 12:39:20 | INFO     | WeightClient 3 round 26 completed (acc=0.9559)
[2026-08-11 12:39:20] 2026-08-11 12:39:20 | INFO     | WeightClient 4 fit round 26 (fedprox=True)
[2026-08-11 12:41:54] 2026-08-11 12:41:54 | INFO     | WeightClient 4 round 26 completed (acc=0.9514)
[2026-08-11 12:41:54] 2026-08-11 12:41:54 | INFO     | WeightClient 5 fit round 26 (fedprox=True)
[2026-08-11 12:43:09] 2026-08-11 12:43:09 | INFO     | WeightClient 5 round 26 completed (acc=0.9719)
[2026-08-11 12:43:09] 2026-08-11 12:43:09 | INFO     | WeightClient 6 fit round 26 (fedprox=True)
[2026-08-11 12:44:06] 2026-08-11 12:44:06 | INFO     | WeightClient 6 round 26 completed (acc=0.9712)
[2026-08-11 12:44:06] 2026-08-11 12:44:06 | INFO     | WeightClient 7 fit round 26 (fedprox=True)
[2026-08-11 12:45:42] 2026-08-11 12:45:42 | INFO     | WeightClient 7 round 26 completed (acc=0.9536)
[2026-08-11 12:45:42] 2026-08-11 12:45:42 | INFO     | WeightClient 8 fit round 26 (fedprox=True)
[2026-08-11 12:47:23] 2026-08-11 12:47:23 | INFO     | WeightClient 8 round 26 completed (acc=0.9572)
[2026-08-11 12:47:23] 2026-08-11 12:47:23 | INFO     | WeightClient 9 fit round 26 (fedprox=True)
[2026-08-11 12:49:20] 2026-08-11 12:49:20 | INFO     | WeightClient 9 round 26 completed (acc=0.9329)
[2026-08-11 12:49:20] 2026-08-11 12:49:20 | INFO     | WeightClient 10 fit round 26 (fedprox=True)
[2026-08-11 12:51:14] 2026-08-11 12:51:14 | INFO     | WeightClient 10 round 26 completed (acc=0.9215)
[2026-08-11 12:51:14] 2026-08-11 12:51:14 | INFO     | WeightClient 11 fit round 26 (fedprox=True)
[2026-08-11 12:52:44] 2026-08-11 12:52:44 | INFO     | WeightClient 11 round 26 completed (acc=0.9300)
[2026-08-11 12:52:44] 2026-08-11 12:52:44 | INFO     | WeightClient 12 fit round 26 (fedprox=True)
[2026-08-11 12:54:27] 2026-08-11 12:54:27 | INFO     | WeightClient 12 round 26 completed (acc=0.9567)
[2026-08-11 12:54:27] 2026-08-11 12:54:27 | INFO     | WeightClient 13 fit round 26 (fedprox=True)
[2026-08-11 12:56:59] 2026-08-11 12:56:59 | INFO     | WeightClient 13 round 26 completed (acc=0.9660)
[2026-08-11 12:56:59] 2026-08-11 12:56:59 | INFO     | WeightClient 14 fit round 26 (fedprox=True)
[2026-08-11 12:58:08] 2026-08-11 12:58:08 | INFO     | WeightClient 14 round 26 completed (acc=0.9620)
[2026-08-11 12:58:08] 2026-08-11 12:58:08 | INFO     | WeightClient 15 fit round 26 (fedprox=True)
[2026-08-11 13:00:58] 2026-08-11 13:00:58 | INFO     | WeightClient 15 round 26 completed (acc=0.9725)
[2026-08-11 13:00:58] 2026-08-11 13:00:58 | INFO     | WeightClient 16 fit round 26 (fedprox=True)
[2026-08-11 13:03:25] 2026-08-11 13:03:25 | INFO     | WeightClient 16 round 26 completed (acc=0.9719)
[2026-08-11 13:03:25] 2026-08-11 13:03:25 | INFO     | WeightClient 17 fit round 26 (fedprox=True)
[2026-08-11 13:05:41] 2026-08-11 13:05:41 | INFO     | WeightClient 17 round 26 completed (acc=0.9691)
[2026-08-11 13:05:41] 2026-08-11 13:05:41 | INFO     | WeightClient 18 fit round 26 (fedprox=True)
[2026-08-11 13:06:46] 2026-08-11 13:06:46 | INFO     | WeightClient 18 round 26 completed (acc=0.9679)
[2026-08-11 13:06:46] 2026-08-11 13:06:46 | INFO     | WeightClient 19 fit round 26 (fedprox=True)
[2026-08-11 13:09:00] 2026-08-11 13:09:00 | INFO     | WeightClient 19 round 26 completed (acc=0.9585)
[2026-08-11 13:09:01]   Round  26/40 | Avg: 0.9570 | Min: 0.9215 | Max: 0.9725
[2026-08-11 13:09:01] 2026-08-11 13:09:01 | INFO     | FEDPROX — NONIID: round 27/40 starting
[2026-08-11 13:09:01] 2026-08-11 13:09:01 | INFO     | WeightClient 0 fit round 27 (fedprox=True)
[2026-08-11 13:10:37] 2026-08-11 13:10:37 | INFO     | WeightClient 0 round 27 completed (acc=0.9488)
[2026-08-11 13:10:37] 2026-08-11 13:10:37 | INFO     | WeightClient 1 fit round 27 (fedprox=True)
[2026-08-11 13:11:49] 2026-08-11 13:11:49 | INFO     | WeightClient 1 round 27 completed (acc=0.9547)
[2026-08-11 13:11:49] 2026-08-11 13:11:49 | INFO     | WeightClient 2 fit round 27 (fedprox=True)
[2026-08-11 13:12:56] 2026-08-11 13:12:56 | INFO     | WeightClient 2 round 27 completed (acc=0.9720)
[2026-08-11 13:12:56] 2026-08-11 13:12:56 | INFO     | WeightClient 3 fit round 27 (fedprox=True)
[2026-08-11 13:15:22] 2026-08-11 13:15:22 | INFO     | WeightClient 3 round 27 completed (acc=0.9620)
[2026-08-11 13:15:22] 2026-08-11 13:15:22 | INFO     | WeightClient 4 fit round 27 (fedprox=True)
[2026-08-11 13:18:26] 2026-08-11 13:18:26 | INFO     | WeightClient 4 round 27 completed (acc=0.9391)
[2026-08-11 13:18:26] 2026-08-11 13:18:26 | INFO     | WeightClient 5 fit round 27 (fedprox=True)
[2026-08-11 13:20:25] 2026-08-11 13:20:25 | INFO     | WeightClient 5 round 27 completed (acc=0.9720)
[2026-08-11 13:20:25] 2026-08-11 13:20:25 | INFO     | WeightClient 6 fit round 27 (fedprox=True)
[2026-08-11 13:21:16] 2026-08-11 13:21:16 | INFO     | WeightClient 6 round 27 completed (acc=0.9694)
[2026-08-11 13:21:16] 2026-08-11 13:21:16 | INFO     | WeightClient 7 fit round 27 (fedprox=True)
[2026-08-11 13:22:28] 2026-08-11 13:22:28 | INFO     | WeightClient 7 round 27 completed (acc=0.9314)
[2026-08-11 13:22:28] 2026-08-11 13:22:28 | INFO     | WeightClient 8 fit round 27 (fedprox=True)
[2026-08-11 13:23:54] 2026-08-11 13:23:54 | INFO     | WeightClient 8 round 27 completed (acc=0.9561)
[2026-08-11 13:23:54] 2026-08-11 13:23:54 | INFO     | WeightClient 9 fit round 27 (fedprox=True)
[2026-08-11 13:25:51] 2026-08-11 13:25:51 | INFO     | WeightClient 9 round 27 completed (acc=0.9151)
[2026-08-11 13:25:51] 2026-08-11 13:25:51 | INFO     | WeightClient 10 fit round 27 (fedprox=True)
[2026-08-11 13:27:15] 2026-08-11 13:27:15 | INFO     | WeightClient 10 round 27 completed (acc=0.9443)
[2026-08-11 13:27:15] 2026-08-11 13:27:15 | INFO     | WeightClient 11 fit round 27 (fedprox=True)
[2026-08-11 13:28:50] 2026-08-11 13:28:49 | INFO     | WeightClient 11 round 27 completed (acc=0.9593)
[2026-08-11 13:28:50] 2026-08-11 13:28:50 | INFO     | WeightClient 12 fit round 27 (fedprox=True)
[2026-08-11 13:30:44] 2026-08-11 13:30:44 | INFO     | WeightClient 12 round 27 completed (acc=0.9340)
[2026-08-11 13:30:44] 2026-08-11 13:30:44 | INFO     | WeightClient 13 fit round 27 (fedprox=True)
[2026-08-11 13:33:35] 2026-08-11 13:33:35 | INFO     | WeightClient 13 round 27 completed (acc=0.9452)
[2026-08-11 13:33:35] 2026-08-11 13:33:35 | INFO     | WeightClient 14 fit round 27 (fedprox=True)
[2026-08-11 13:35:36] 2026-08-11 13:35:36 | INFO     | WeightClient 14 round 27 completed (acc=0.9556)
[2026-08-11 13:35:36] 2026-08-11 13:35:36 | INFO     | WeightClient 15 fit round 27 (fedprox=True)
[2026-08-11 13:38:28] 2026-08-11 13:38:28 | INFO     | WeightClient 15 round 27 completed (acc=0.9728)
[2026-08-11 13:38:28] 2026-08-11 13:38:28 | INFO     | WeightClient 16 fit round 27 (fedprox=True)
[2026-08-11 13:41:57] 2026-08-11 13:41:57 | INFO     | WeightClient 16 round 27 completed (acc=0.9728)
[2026-08-11 13:41:57] 2026-08-11 13:41:57 | INFO     | WeightClient 17 fit round 27 (fedprox=True)
[2026-08-11 13:44:14] 2026-08-11 13:44:14 | INFO     | WeightClient 17 round 27 completed (acc=0.9672)
[2026-08-11 13:44:14] 2026-08-11 13:44:14 | INFO     | WeightClient 18 fit round 27 (fedprox=True)
[2026-08-11 13:45:16] 2026-08-11 13:45:16 | INFO     | WeightClient 18 round 27 completed (acc=0.9693)
[2026-08-11 13:45:16] 2026-08-11 13:45:16 | INFO     | WeightClient 19 fit round 27 (fedprox=True)
[2026-08-11 13:47:18] 2026-08-11 13:47:18 | INFO     | WeightClient 19 round 27 completed (acc=0.9599)
[2026-08-11 13:47:19]   Round  27/40 | Avg: 0.9551 | Min: 0.9151 | Max: 0.9728
[2026-08-11 13:47:19] 2026-08-11 13:47:19 | INFO     | FEDPROX — NONIID: round 28/40 starting
[2026-08-11 13:47:19] 2026-08-11 13:47:19 | INFO     | WeightClient 0 fit round 28 (fedprox=True)
[2026-08-11 13:49:02] 2026-08-11 13:49:02 | INFO     | WeightClient 0 round 28 completed (acc=0.9632)
[2026-08-11 13:49:02] 2026-08-11 13:49:02 | INFO     | WeightClient 1 fit round 28 (fedprox=True)
[2026-08-11 13:50:27] 2026-08-11 13:50:27 | INFO     | WeightClient 1 round 28 completed (acc=0.9592)
[2026-08-11 13:50:27] 2026-08-11 13:50:27 | INFO     | WeightClient 2 fit round 28 (fedprox=True)
[2026-08-11 13:52:01] 2026-08-11 13:52:01 | INFO     | WeightClient 2 round 28 completed (acc=0.9787)
[2026-08-11 13:52:01] 2026-08-11 13:52:01 | INFO     | WeightClient 3 fit round 28 (fedprox=True)
[2026-08-11 13:55:42] 2026-08-11 13:55:42 | INFO     | WeightClient 3 round 28 completed (acc=0.9556)
[2026-08-11 13:55:42] 2026-08-11 13:55:42 | INFO     | WeightClient 4 fit round 28 (fedprox=True)
[2026-08-11 13:59:09] 2026-08-11 13:59:09 | INFO     | WeightClient 4 round 28 completed (acc=0.9477)
[2026-08-11 13:59:09] 2026-08-11 13:59:09 | INFO     | WeightClient 5 fit round 28 (fedprox=True)
[2026-08-11 14:00:46] 2026-08-11 14:00:46 | INFO     | WeightClient 5 round 28 completed (acc=0.9779)
[2026-08-11 14:00:46] 2026-08-11 14:00:46 | INFO     | WeightClient 6 fit round 28 (fedprox=True)
[2026-08-11 14:01:46] 2026-08-11 14:01:46 | INFO     | WeightClient 6 round 28 completed (acc=0.9640)
[2026-08-11 14:01:46] 2026-08-11 14:01:46 | INFO     | WeightClient 7 fit round 28 (fedprox=True)
[2026-08-11 14:03:11] 2026-08-11 14:03:11 | INFO     | WeightClient 7 round 28 completed (acc=0.9446)
[2026-08-11 14:03:11] 2026-08-11 14:03:11 | INFO     | WeightClient 8 fit round 28 (fedprox=True)
[2026-08-11 14:05:03] 2026-08-11 14:05:03 | INFO     | WeightClient 8 round 28 completed (acc=0.9474)
[2026-08-11 14:05:03] 2026-08-11 14:05:03 | INFO     | WeightClient 9 fit round 28 (fedprox=True)
[2026-08-11 14:07:11] 2026-08-11 14:07:11 | INFO     | WeightClient 9 round 28 completed (acc=0.9457)
[2026-08-11 14:07:11] 2026-08-11 14:07:11 | INFO     | WeightClient 10 fit round 28 (fedprox=True)
[2026-08-11 14:09:01] 2026-08-11 14:09:01 | INFO     | WeightClient 10 round 28 completed (acc=0.8999)
[2026-08-11 14:09:01] 2026-08-11 14:09:01 | INFO     | WeightClient 11 fit round 28 (fedprox=True)
[2026-08-11 14:10:47] 2026-08-11 14:10:47 | INFO     | WeightClient 11 round 28 completed (acc=0.9617)
[2026-08-11 14:10:47] 2026-08-11 14:10:47 | INFO     | WeightClient 12 fit round 28 (fedprox=True)
[2026-08-11 14:12:27] 2026-08-11 14:12:27 | INFO     | WeightClient 12 round 28 completed (acc=0.9310)
[2026-08-11 14:12:27] 2026-08-11 14:12:27 | INFO     | WeightClient 13 fit round 28 (fedprox=True)
[2026-08-11 14:14:48] 2026-08-11 14:14:48 | INFO     | WeightClient 13 round 28 completed (acc=0.9636)
[2026-08-11 14:14:48] 2026-08-11 14:14:48 | INFO     | WeightClient 14 fit round 28 (fedprox=True)
[2026-08-11 14:16:34] 2026-08-11 14:16:34 | INFO     | WeightClient 14 round 28 completed (acc=0.9649)
[2026-08-11 14:16:34] 2026-08-11 14:16:34 | INFO     | WeightClient 15 fit round 28 (fedprox=True)
[2026-08-11 14:19:56] 2026-08-11 14:19:56 | INFO     | WeightClient 15 round 28 completed (acc=0.9791)
[2026-08-11 14:19:56] 2026-08-11 14:19:56 | INFO     | WeightClient 16 fit round 28 (fedprox=True)
[2026-08-11 14:22:38] 2026-08-11 14:22:38 | INFO     | WeightClient 16 round 28 completed (acc=0.9763)
[2026-08-11 14:22:38] 2026-08-11 14:22:38 | INFO     | WeightClient 17 fit round 28 (fedprox=True)
[2026-08-11 14:24:47] 2026-08-11 14:24:47 | INFO     | WeightClient 17 round 28 completed (acc=0.9674)
[2026-08-11 14:24:47] 2026-08-11 14:24:47 | INFO     | WeightClient 18 fit round 28 (fedprox=True)
[2026-08-11 14:25:46] 2026-08-11 14:25:46 | INFO     | WeightClient 18 round 28 completed (acc=0.9708)
[2026-08-11 14:25:46] 2026-08-11 14:25:46 | INFO     | WeightClient 19 fit round 28 (fedprox=True)
[2026-08-11 14:27:40] 2026-08-11 14:27:40 | INFO     | WeightClient 19 round 28 completed (acc=0.9639)
[2026-08-11 14:27:41]   Round  28/40 | Avg: 0.9581 | Min: 0.8999 | Max: 0.9791
[2026-08-11 14:27:41] 2026-08-11 14:27:41 | INFO     | FEDPROX — NONIID: round 29/40 starting
[2026-08-11 14:27:41] 2026-08-11 14:27:41 | INFO     | WeightClient 0 fit round 29 (fedprox=True)
[2026-08-11 14:31:00] 2026-08-11 14:31:00 | INFO     | WeightClient 0 round 29 completed (acc=0.9596)
[2026-08-11 14:31:00] 2026-08-11 14:31:00 | INFO     | WeightClient 1 fit round 29 (fedprox=True)
[2026-08-11 14:34:25] 2026-08-11 14:34:25 | INFO     | WeightClient 1 round 29 completed (acc=0.9574)
[2026-08-11 14:34:25] 2026-08-11 14:34:25 | INFO     | WeightClient 2 fit round 29 (fedprox=True)
[2026-08-11 14:36:21] 2026-08-11 14:36:21 | INFO     | WeightClient 2 round 29 completed (acc=0.9681)
[2026-08-11 14:36:21] 2026-08-11 14:36:21 | INFO     | WeightClient 3 fit round 29 (fedprox=True)
[2026-08-11 14:42:02] 2026-08-11 14:42:02 | INFO     | WeightClient 3 round 29 completed (acc=0.9471)
[2026-08-11 14:42:02] 2026-08-11 14:42:02 | INFO     | WeightClient 4 fit round 29 (fedprox=True)
[2026-08-11 14:46:20] 2026-08-11 14:46:20 | INFO     | WeightClient 4 round 29 completed (acc=0.9584)
[2026-08-11 14:46:20] 2026-08-11 14:46:20 | INFO     | WeightClient 5 fit round 29 (fedprox=True)
[2026-08-11 14:47:51] 2026-08-11 14:47:51 | INFO     | WeightClient 5 round 29 completed (acc=0.9751)
[2026-08-11 14:47:51] 2026-08-11 14:47:51 | INFO     | WeightClient 6 fit round 29 (fedprox=True)
[2026-08-11 14:48:58] 2026-08-11 14:48:58 | INFO     | WeightClient 6 round 29 completed (acc=0.9571)
[2026-08-11 14:48:58] 2026-08-11 14:48:58 | INFO     | WeightClient 7 fit round 29 (fedprox=True)
[2026-08-11 14:50:58] 2026-08-11 14:50:58 | INFO     | WeightClient 7 round 29 completed (acc=0.9619)
[2026-08-11 14:50:58] 2026-08-11 14:50:58 | INFO     | WeightClient 8 fit round 29 (fedprox=True)
[2026-08-11 14:53:15] 2026-08-11 14:53:15 | INFO     | WeightClient 8 round 29 completed (acc=0.9416)
[2026-08-11 14:53:15] 2026-08-11 14:53:15 | INFO     | WeightClient 9 fit round 29 (fedprox=True)
[2026-08-11 14:56:00] 2026-08-11 14:56:00 | INFO     | WeightClient 9 round 29 completed (acc=0.9210)
[2026-08-11 14:56:00] 2026-08-11 14:56:00 | INFO     | WeightClient 10 fit round 29 (fedprox=True)
[2026-08-11 14:58:11] 2026-08-11 14:58:11 | INFO     | WeightClient 10 round 29 completed (acc=0.8911)
[2026-08-11 14:58:11] 2026-08-11 14:58:11 | INFO     | WeightClient 11 fit round 29 (fedprox=True)
[2026-08-11 15:00:00] 2026-08-11 15:00:00 | INFO     | WeightClient 11 round 29 completed (acc=0.9522)
[2026-08-11 15:00:00] 2026-08-11 15:00:00 | INFO     | WeightClient 12 fit round 29 (fedprox=True)
[2026-08-11 15:02:07] 2026-08-11 15:02:07 | INFO     | WeightClient 12 round 29 completed (acc=0.9451)
[2026-08-11 15:02:07] 2026-08-11 15:02:07 | INFO     | WeightClient 13 fit round 29 (fedprox=True)
[2026-08-11 15:04:40] 2026-08-11 15:04:40 | INFO     | WeightClient 13 round 29 completed (acc=0.9689)
[2026-08-11 15:04:40] 2026-08-11 15:04:40 | INFO     | WeightClient 14 fit round 29 (fedprox=True)
[2026-08-11 15:06:18] 2026-08-11 15:06:18 | INFO     | WeightClient 14 round 29 completed (acc=0.9570)
[2026-08-11 15:06:18] 2026-08-11 15:06:18 | INFO     | WeightClient 15 fit round 29 (fedprox=True)
[2026-08-11 15:09:34] 2026-08-11 15:09:34 | INFO     | WeightClient 15 round 29 completed (acc=0.9726)
[2026-08-11 15:09:34] 2026-08-11 15:09:34 | INFO     | WeightClient 16 fit round 29 (fedprox=True)
[2026-08-11 15:13:19] 2026-08-11 15:13:19 | INFO     | WeightClient 16 round 29 completed (acc=0.9675)
[2026-08-11 15:13:19] 2026-08-11 15:13:19 | INFO     | WeightClient 17 fit round 29 (fedprox=True)
[2026-08-11 15:16:27] 2026-08-11 15:16:27 | INFO     | WeightClient 17 round 29 completed (acc=0.9555)
[2026-08-11 15:16:27] 2026-08-11 15:16:27 | INFO     | WeightClient 18 fit round 29 (fedprox=True)
[2026-08-11 15:17:36] 2026-08-11 15:17:36 | INFO     | WeightClient 18 round 29 completed (acc=0.9731)
[2026-08-11 15:17:36] 2026-08-11 15:17:36 | INFO     | WeightClient 19 fit round 29 (fedprox=True)
[2026-08-11 15:19:18] 2026-08-11 15:19:18 | INFO     | WeightClient 19 round 29 completed (acc=0.9383)
[2026-08-11 15:19:18]   Round  29/40 | Avg: 0.9534 | Min: 0.8911 | Max: 0.9751
[2026-08-11 15:19:18] 2026-08-11 15:19:18 | INFO     | FEDPROX — NONIID: round 30/40 starting
[2026-08-11 15:19:18] 2026-08-11 15:19:18 | INFO     | WeightClient 0 fit round 30 (fedprox=True)
[2026-08-11 15:21:14] 2026-08-11 15:21:14 | INFO     | WeightClient 0 round 30 completed (acc=0.9583)
[2026-08-11 15:21:14] 2026-08-11 15:21:14 | INFO     | WeightClient 1 fit round 30 (fedprox=True)
[2026-08-11 15:22:53] 2026-08-11 15:22:53 | INFO     | WeightClient 1 round 30 completed (acc=0.9618)
[2026-08-11 15:22:53] 2026-08-11 15:22:53 | INFO     | WeightClient 2 fit round 30 (fedprox=True)
[2026-08-11 15:24:19] 2026-08-11 15:24:19 | INFO     | WeightClient 2 round 30 completed (acc=0.9678)
[2026-08-11 15:24:19] 2026-08-11 15:24:19 | INFO     | WeightClient 3 fit round 30 (fedprox=True)
[2026-08-11 15:27:25] 2026-08-11 15:27:25 | INFO     | WeightClient 3 round 30 completed (acc=0.9640)
[2026-08-11 15:27:25] 2026-08-11 15:27:25 | INFO     | WeightClient 4 fit round 30 (fedprox=True)
[2026-08-11 15:30:30] 2026-08-11 15:30:30 | INFO     | WeightClient 4 round 30 completed (acc=0.9627)
[2026-08-11 15:30:30] 2026-08-11 15:30:30 | INFO     | WeightClient 5 fit round 30 (fedprox=True)
[2026-08-11 15:31:51] 2026-08-11 15:31:51 | INFO     | WeightClient 5 round 30 completed (acc=0.9779)
[2026-08-11 15:31:51] 2026-08-11 15:31:51 | INFO     | WeightClient 6 fit round 30 (fedprox=True)
[2026-08-11 15:32:56] 2026-08-11 15:32:56 | INFO     | WeightClient 6 round 30 completed (acc=0.9716)
[2026-08-11 15:32:56] 2026-08-11 15:32:56 | INFO     | WeightClient 7 fit round 30 (fedprox=True)
[2026-08-11 15:34:25] 2026-08-11 15:34:25 | INFO     | WeightClient 7 round 30 completed (acc=0.9495)
[2026-08-11 15:34:25] 2026-08-11 15:34:25 | INFO     | WeightClient 8 fit round 30 (fedprox=True)
[2026-08-11 15:36:50] 2026-08-11 15:36:50 | INFO     | WeightClient 8 round 30 completed (acc=0.9634)
[2026-08-11 15:36:50] 2026-08-11 15:36:50 | INFO     | WeightClient 9 fit round 30 (fedprox=True)
[2026-08-11 15:39:21] 2026-08-11 15:39:21 | INFO     | WeightClient 9 round 30 completed (acc=0.9412)
[2026-08-11 15:39:21] 2026-08-11 15:39:21 | INFO     | WeightClient 10 fit round 30 (fedprox=True)
[2026-08-11 15:41:35] 2026-08-11 15:41:35 | INFO     | WeightClient 10 round 30 completed (acc=0.9338)
[2026-08-11 15:41:35] 2026-08-11 15:41:35 | INFO     | WeightClient 11 fit round 30 (fedprox=True)
[2026-08-11 15:43:41] 2026-08-11 15:43:41 | INFO     | WeightClient 11 round 30 completed (acc=0.9605)
[2026-08-11 15:43:41] 2026-08-11 15:43:41 | INFO     | WeightClient 12 fit round 30 (fedprox=True)
[2026-08-11 15:46:03] 2026-08-11 15:46:03 | INFO     | WeightClient 12 round 30 completed (acc=0.9638)
[2026-08-11 15:46:03] 2026-08-11 15:46:03 | INFO     | WeightClient 13 fit round 30 (fedprox=True)
[2026-08-11 15:49:17] 2026-08-11 15:49:17 | INFO     | WeightClient 13 round 30 completed (acc=0.9664)
[2026-08-11 15:49:17] 2026-08-11 15:49:17 | INFO     | WeightClient 14 fit round 30 (fedprox=True)
[2026-08-11 15:50:49] 2026-08-11 15:50:49 | INFO     | WeightClient 14 round 30 completed (acc=0.9605)
[2026-08-11 15:50:49] 2026-08-11 15:50:49 | INFO     | WeightClient 15 fit round 30 (fedprox=True)
[2026-08-11 15:53:58] 2026-08-11 15:53:58 | INFO     | WeightClient 15 round 30 completed (acc=0.9723)
[2026-08-11 15:53:58] 2026-08-11 15:53:58 | INFO     | WeightClient 16 fit round 30 (fedprox=True)
[2026-08-11 15:58:02] 2026-08-11 15:58:02 | INFO     | WeightClient 16 round 30 completed (acc=0.9746)
[2026-08-11 15:58:02] 2026-08-11 15:58:02 | INFO     | WeightClient 17 fit round 30 (fedprox=True)
[2026-08-11 16:01:07] 2026-08-11 16:01:07 | INFO     | WeightClient 17 round 30 completed (acc=0.9666)
[2026-08-11 16:01:07] 2026-08-11 16:01:07 | INFO     | WeightClient 18 fit round 30 (fedprox=True)
[2026-08-11 16:02:33] 2026-08-11 16:02:33 | INFO     | WeightClient 18 round 30 completed (acc=0.9565)
[2026-08-11 16:02:33] 2026-08-11 16:02:33 | INFO     | WeightClient 19 fit round 30 (fedprox=True)
[2026-08-11 16:05:47] 2026-08-11 16:05:47 | INFO     | WeightClient 19 round 30 completed (acc=0.9664)
[2026-08-11 16:05:47]   Round  30/40 | Avg: 0.9620 | Min: 0.9338 | Max: 0.9779
[2026-08-11 16:05:47] 2026-08-11 16:05:47 | INFO     | FEDPROX — NONIID: round 31/40 starting
[2026-08-11 16:05:47] 2026-08-11 16:05:47 | INFO     | WeightClient 0 fit round 31 (fedprox=True)
[2026-08-11 16:07:52] 2026-08-11 16:07:52 | INFO     | WeightClient 0 round 31 completed (acc=0.9605)
[2026-08-11 16:07:52] 2026-08-11 16:07:52 | INFO     | WeightClient 1 fit round 31 (fedprox=True)
[2026-08-11 16:09:37] 2026-08-11 16:09:37 | INFO     | WeightClient 1 round 31 completed (acc=0.9645)
[2026-08-11 16:09:37] 2026-08-11 16:09:37 | INFO     | WeightClient 2 fit round 31 (fedprox=True)
[2026-08-11 16:11:02] 2026-08-11 16:11:02 | INFO     | WeightClient 2 round 31 completed (acc=0.9647)
[2026-08-11 16:11:02] 2026-08-11 16:11:02 | INFO     | WeightClient 3 fit round 31 (fedprox=True)
[2026-08-11 16:14:35] 2026-08-11 16:14:35 | INFO     | WeightClient 3 round 31 completed (acc=0.9626)
[2026-08-11 16:14:35] 2026-08-11 16:14:35 | INFO     | WeightClient 4 fit round 31 (fedprox=True)
[2026-08-11 16:18:17] 2026-08-11 16:18:17 | INFO     | WeightClient 4 round 31 completed (acc=0.9630)
[2026-08-11 16:18:17] 2026-08-11 16:18:17 | INFO     | WeightClient 5 fit round 31 (fedprox=True)
[2026-08-11 16:20:04] 2026-08-11 16:20:04 | INFO     | WeightClient 5 round 31 completed (acc=0.9791)
[2026-08-11 16:20:04] 2026-08-11 16:20:04 | INFO     | WeightClient 6 fit round 31 (fedprox=True)
[2026-08-11 16:21:12] 2026-08-11 16:21:12 | INFO     | WeightClient 6 round 31 completed (acc=0.9701)
[2026-08-11 16:21:12] 2026-08-11 16:21:12 | INFO     | WeightClient 7 fit round 31 (fedprox=True)
[2026-08-11 16:22:45] 2026-08-11 16:22:45 | INFO     | WeightClient 7 round 31 completed (acc=0.9558)
[2026-08-11 16:22:45] 2026-08-11 16:22:45 | INFO     | WeightClient 8 fit round 31 (fedprox=True)
[2026-08-11 16:24:54] 2026-08-11 16:24:54 | INFO     | WeightClient 8 round 31 completed (acc=0.9594)
[2026-08-11 16:24:54] 2026-08-11 16:24:54 | INFO     | WeightClient 9 fit round 31 (fedprox=True)
[2026-08-11 16:27:02] 2026-08-11 16:27:02 | INFO     | WeightClient 9 round 31 completed (acc=0.9476)
[2026-08-11 16:27:02] 2026-08-11 16:27:02 | INFO     | WeightClient 10 fit round 31 (fedprox=True)
[2026-08-11 16:28:46] 2026-08-11 16:28:46 | INFO     | WeightClient 10 round 31 completed (acc=0.9278)
[2026-08-11 16:28:46] 2026-08-11 16:28:46 | INFO     | WeightClient 11 fit round 31 (fedprox=True)
[2026-08-11 16:30:48] 2026-08-11 16:30:48 | INFO     | WeightClient 11 round 31 completed (acc=0.9610)
[2026-08-11 16:30:48] 2026-08-11 16:30:48 | INFO     | WeightClient 12 fit round 31 (fedprox=True)
[2026-08-11 16:33:15] 2026-08-11 16:33:15 | INFO     | WeightClient 12 round 31 completed (acc=0.9355)
[2026-08-11 16:33:15] 2026-08-11 16:33:15 | INFO     | WeightClient 13 fit round 31 (fedprox=True)
[2026-08-11 16:36:56] 2026-08-11 16:36:56 | INFO     | WeightClient 13 round 31 completed (acc=0.9668)
[2026-08-11 16:36:56] 2026-08-11 16:36:56 | INFO     | WeightClient 14 fit round 31 (fedprox=True)
[2026-08-11 16:38:51] 2026-08-11 16:38:51 | INFO     | WeightClient 14 round 31 completed (acc=0.9539)
[2026-08-11 16:38:51] 2026-08-11 16:38:51 | INFO     | WeightClient 15 fit round 31 (fedprox=True)
[2026-08-11 16:42:29] 2026-08-11 16:42:29 | INFO     | WeightClient 15 round 31 completed (acc=0.9712)
[2026-08-11 16:42:29] 2026-08-11 16:42:29 | INFO     | WeightClient 16 fit round 31 (fedprox=True)
[2026-08-11 16:45:43] 2026-08-11 16:45:43 | INFO     | WeightClient 16 round 31 completed (acc=0.9716)
[2026-08-11 16:45:43] 2026-08-11 16:45:43 | INFO     | WeightClient 17 fit round 31 (fedprox=True)
[2026-08-11 16:48:42] 2026-08-11 16:48:42 | INFO     | WeightClient 17 round 31 completed (acc=0.9567)
[2026-08-11 16:48:42] 2026-08-11 16:48:42 | INFO     | WeightClient 18 fit round 31 (fedprox=True)
[2026-08-11 16:50:22] 2026-08-11 16:50:22 | INFO     | WeightClient 18 round 31 completed (acc=0.9723)
[2026-08-11 16:50:22] 2026-08-11 16:50:22 | INFO     | WeightClient 19 fit round 31 (fedprox=True)
[2026-08-11 16:53:20] 2026-08-11 16:53:20 | INFO     | WeightClient 19 round 31 completed (acc=0.9719)
[2026-08-11 16:53:20]   Round  31/40 | Avg: 0.9608 | Min: 0.9278 | Max: 0.9791
[2026-08-11 16:53:20] 2026-08-11 16:53:20 | INFO     | FEDPROX — NONIID: round 32/40 starting
[2026-08-11 16:53:20] 2026-08-11 16:53:20 | INFO     | WeightClient 0 fit round 32 (fedprox=True)
[2026-08-11 16:55:54] 2026-08-11 16:55:54 | INFO     | WeightClient 0 round 32 completed (acc=0.9587)
[2026-08-11 16:55:54] 2026-08-11 16:55:54 | INFO     | WeightClient 1 fit round 32 (fedprox=True)
[2026-08-11 16:58:06] 2026-08-11 16:58:06 | INFO     | WeightClient 1 round 32 completed (acc=0.9610)
[2026-08-11 16:58:06] 2026-08-11 16:58:06 | INFO     | WeightClient 2 fit round 32 (fedprox=True)
[2026-08-11 16:59:36] 2026-08-11 16:59:36 | INFO     | WeightClient 2 round 32 completed (acc=0.9760)
[2026-08-11 16:59:36] 2026-08-11 16:59:36 | INFO     | WeightClient 3 fit round 32 (fedprox=True)
[2026-08-11 17:03:26] 2026-08-11 17:03:26 | INFO     | WeightClient 3 round 32 completed (acc=0.9592)
[2026-08-11 17:03:26] 2026-08-11 17:03:26 | INFO     | WeightClient 4 fit round 32 (fedprox=True)
[2026-08-11 17:07:07] 2026-08-11 17:07:07 | INFO     | WeightClient 4 round 32 completed (acc=0.9691)
[2026-08-11 17:07:07] 2026-08-11 17:07:07 | INFO     | WeightClient 5 fit round 32 (fedprox=True)
[2026-08-11 17:09:10] 2026-08-11 17:09:10 | INFO     | WeightClient 5 round 32 completed (acc=0.9782)
[2026-08-11 17:09:10] 2026-08-11 17:09:10 | INFO     | WeightClient 6 fit round 32 (fedprox=True)
[2026-08-11 17:10:29] 2026-08-11 17:10:29 | INFO     | WeightClient 6 round 32 completed (acc=0.9623)
[2026-08-11 17:10:29] 2026-08-11 17:10:29 | INFO     | WeightClient 7 fit round 32 (fedprox=True)
[2026-08-11 17:12:34] 2026-08-11 17:12:34 | INFO     | WeightClient 7 round 32 completed (acc=0.9600)
[2026-08-11 17:12:34] 2026-08-11 17:12:34 | INFO     | WeightClient 8 fit round 32 (fedprox=True)
[2026-08-11 17:15:07] 2026-08-11 17:15:07 | INFO     | WeightClient 8 round 32 completed (acc=0.9623)
[2026-08-11 17:15:07] 2026-08-11 17:15:07 | INFO     | WeightClient 9 fit round 32 (fedprox=True)
[2026-08-11 17:17:47] 2026-08-11 17:17:47 | INFO     | WeightClient 9 round 32 completed (acc=0.9200)
[2026-08-11 17:17:47] 2026-08-11 17:17:47 | INFO     | WeightClient 10 fit round 32 (fedprox=True)
[2026-08-11 17:19:48] 2026-08-11 17:19:48 | INFO     | WeightClient 10 round 32 completed (acc=0.9125)
[2026-08-11 17:19:48] 2026-08-11 17:19:48 | INFO     | WeightClient 11 fit round 32 (fedprox=True)
[2026-08-11 17:22:12] 2026-08-11 17:22:12 | INFO     | WeightClient 11 round 32 completed (acc=0.9567)
[2026-08-11 17:22:12] 2026-08-11 17:22:12 | INFO     | WeightClient 12 fit round 32 (fedprox=True)
[2026-08-11 17:24:35] 2026-08-11 17:24:35 | INFO     | WeightClient 12 round 32 completed (acc=0.9451)
[2026-08-11 17:24:35] 2026-08-11 17:24:35 | INFO     | WeightClient 13 fit round 32 (fedprox=True)
[2026-08-11 17:28:47] 2026-08-11 17:28:47 | INFO     | WeightClient 13 round 32 completed (acc=0.9677)
[2026-08-11 17:28:47] 2026-08-11 17:28:47 | INFO     | WeightClient 14 fit round 32 (fedprox=True)
[2026-08-11 17:30:56] 2026-08-11 17:30:56 | INFO     | WeightClient 14 round 32 completed (acc=0.9644)
[2026-08-11 17:30:56] 2026-08-11 17:30:56 | INFO     | WeightClient 15 fit round 32 (fedprox=True)
[2026-08-11 17:34:45] 2026-08-11 17:34:45 | INFO     | WeightClient 15 round 32 completed (acc=0.9723)
[2026-08-11 17:34:45] 2026-08-11 17:34:45 | INFO     | WeightClient 16 fit round 32 (fedprox=True)
[2026-08-11 17:38:27] 2026-08-11 17:38:27 | INFO     | WeightClient 16 round 32 completed (acc=0.9736)
[2026-08-11 17:38:27] 2026-08-11 17:38:27 | INFO     | WeightClient 17 fit round 32 (fedprox=True)
[2026-08-11 17:41:24] 2026-08-11 17:41:24 | INFO     | WeightClient 17 round 32 completed (acc=0.9643)
[2026-08-11 17:41:24] 2026-08-11 17:41:24 | INFO     | WeightClient 18 fit round 32 (fedprox=True)
[2026-08-11 17:42:44] 2026-08-11 17:42:44 | INFO     | WeightClient 18 round 32 completed (acc=0.9757)
[2026-08-11 17:42:44] 2026-08-11 17:42:44 | INFO     | WeightClient 19 fit round 32 (fedprox=True)
[2026-08-11 17:45:59] 2026-08-11 17:45:59 | INFO     | WeightClient 19 round 32 completed (acc=0.9683)
[2026-08-11 17:46:00]   Round  32/40 | Avg: 0.9604 | Min: 0.9125 | Max: 0.9782
[2026-08-11 17:46:00] 2026-08-11 17:46:00 | INFO     | FEDPROX — NONIID: round 33/40 starting
[2026-08-11 17:46:00] 2026-08-11 17:46:00 | INFO     | WeightClient 0 fit round 33 (fedprox=True)
[2026-08-11 17:48:28] 2026-08-11 17:48:28 | INFO     | WeightClient 0 round 33 completed (acc=0.9425)
[2026-08-11 17:48:28] 2026-08-11 17:48:28 | INFO     | WeightClient 1 fit round 33 (fedprox=True)
[2026-08-11 17:50:47] 2026-08-11 17:50:47 | INFO     | WeightClient 1 round 33 completed (acc=0.9638)
[2026-08-11 17:50:47] 2026-08-11 17:50:47 | INFO     | WeightClient 2 fit round 33 (fedprox=True)
[2026-08-11 17:52:44] 2026-08-11 17:52:44 | INFO     | WeightClient 2 round 33 completed (acc=0.9774)
[2026-08-11 17:52:44] 2026-08-11 17:52:44 | INFO     | WeightClient 3 fit round 33 (fedprox=True)
[2026-08-11 17:56:47] 2026-08-11 17:56:47 | INFO     | WeightClient 3 round 33 completed (acc=0.9572)
[2026-08-11 17:56:47] 2026-08-11 17:56:47 | INFO     | WeightClient 4 fit round 33 (fedprox=True)
[2026-08-11 18:00:56] 2026-08-11 18:00:56 | INFO     | WeightClient 4 round 33 completed (acc=0.9623)
[2026-08-11 18:00:56] 2026-08-11 18:00:56 | INFO     | WeightClient 5 fit round 33 (fedprox=True)
[2026-08-11 18:02:44] 2026-08-11 18:02:44 | INFO     | WeightClient 5 round 33 completed (acc=0.9762)
[2026-08-11 18:02:44] 2026-08-11 18:02:44 | INFO     | WeightClient 6 fit round 33 (fedprox=True)
[2026-08-11 18:03:55] 2026-08-11 18:03:55 | INFO     | WeightClient 6 round 33 completed (acc=0.9690)
[2026-08-11 18:03:55] 2026-08-11 18:03:55 | INFO     | WeightClient 7 fit round 33 (fedprox=True)
[2026-08-11 18:05:51] 2026-08-11 18:05:51 | INFO     | WeightClient 7 round 33 completed (acc=0.9570)
[2026-08-11 18:05:51] 2026-08-11 18:05:51 | INFO     | WeightClient 8 fit round 33 (fedprox=True)
[2026-08-11 18:08:18] 2026-08-11 18:08:18 | INFO     | WeightClient 8 round 33 completed (acc=0.9576)
[2026-08-11 18:08:18] 2026-08-11 18:08:18 | INFO     | WeightClient 9 fit round 33 (fedprox=True)
[2026-08-11 18:11:25] 2026-08-11 18:11:25 | INFO     | WeightClient 9 round 33 completed (acc=0.9339)
[2026-08-11 18:11:25] 2026-08-11 18:11:25 | INFO     | WeightClient 10 fit round 33 (fedprox=True)
[2026-08-11 18:13:11] 2026-08-11 18:13:11 | INFO     | WeightClient 10 round 33 completed (acc=0.9459)
[2026-08-11 18:13:11] 2026-08-11 18:13:11 | INFO     | WeightClient 11 fit round 33 (fedprox=True)
[2026-08-11 18:15:30] 2026-08-11 18:15:30 | INFO     | WeightClient 11 round 33 completed (acc=0.9599)
[2026-08-11 18:15:30] 2026-08-11 18:15:30 | INFO     | WeightClient 12 fit round 33 (fedprox=True)
[2026-08-11 18:18:03] 2026-08-11 18:18:03 | INFO     | WeightClient 12 round 33 completed (acc=0.9568)
[2026-08-11 18:18:03] 2026-08-11 18:18:03 | INFO     | WeightClient 13 fit round 33 (fedprox=True)
[2026-08-11 18:21:48] 2026-08-11 18:21:48 | INFO     | WeightClient 13 round 33 completed (acc=0.9662)
[2026-08-11 18:21:48] 2026-08-11 18:21:48 | INFO     | WeightClient 14 fit round 33 (fedprox=True)
[2026-08-11 18:23:59] 2026-08-11 18:23:58 | INFO     | WeightClient 14 round 33 completed (acc=0.9572)
[2026-08-11 18:23:59] 2026-08-11 18:23:59 | INFO     | WeightClient 15 fit round 33 (fedprox=True)
[2026-08-11 18:28:53] 2026-08-11 18:28:53 | INFO     | WeightClient 15 round 33 completed (acc=0.9692)
[2026-08-11 18:28:53] 2026-08-11 18:28:53 | INFO     | WeightClient 16 fit round 33 (fedprox=True)
[2026-08-11 18:33:30] 2026-08-11 18:33:30 | INFO     | WeightClient 16 round 33 completed (acc=0.9673)
[2026-08-11 18:33:30] 2026-08-11 18:33:30 | INFO     | WeightClient 17 fit round 33 (fedprox=True)
[2026-08-11 18:37:32] 2026-08-11 18:37:32 | INFO     | WeightClient 17 round 33 completed (acc=0.9671)
[2026-08-11 18:37:32] 2026-08-11 18:37:32 | INFO     | WeightClient 18 fit round 33 (fedprox=True)
[2026-08-11 18:39:21] 2026-08-11 18:39:21 | INFO     | WeightClient 18 round 33 completed (acc=0.9705)
[2026-08-11 18:39:21] 2026-08-11 18:39:21 | INFO     | WeightClient 19 fit round 33 (fedprox=True)
[2026-08-11 18:42:43] 2026-08-11 18:42:43 | INFO     | WeightClient 19 round 33 completed (acc=0.9692)
[2026-08-11 18:42:45]   Round  33/40 | Avg: 0.9613 | Min: 0.9339 | Max: 0.9774
[2026-08-11 18:42:45] 2026-08-11 18:42:45 | INFO     | FEDPROX — NONIID: round 34/40 starting
[2026-08-11 18:42:45] 2026-08-11 18:42:45 | INFO     | WeightClient 0 fit round 34 (fedprox=True)
[2026-08-11 18:45:35] 2026-08-11 18:45:35 | INFO     | WeightClient 0 round 34 completed (acc=0.9703)
[2026-08-11 18:45:35] 2026-08-11 18:45:35 | INFO     | WeightClient 1 fit round 34 (fedprox=True)
[2026-08-11 18:48:20] 2026-08-11 18:48:20 | INFO     | WeightClient 1 round 34 completed (acc=0.9667)
[2026-08-11 18:48:20] 2026-08-11 18:48:20 | INFO     | WeightClient 2 fit round 34 (fedprox=True)
[2026-08-11 18:50:28] 2026-08-11 18:50:28 | INFO     | WeightClient 2 round 34 completed (acc=0.9746)
[2026-08-11 18:50:28] 2026-08-11 18:50:28 | INFO     | WeightClient 3 fit round 34 (fedprox=True)
[2026-08-11 18:55:08] 2026-08-11 18:55:08 | INFO     | WeightClient 3 round 34 completed (acc=0.9647)
[2026-08-11 18:55:08] 2026-08-11 18:55:08 | INFO     | WeightClient 4 fit round 34 (fedprox=True)
[2026-08-11 19:00:11] 2026-08-11 19:00:11 | INFO     | WeightClient 4 round 34 completed (acc=0.9665)
[2026-08-11 19:00:11] 2026-08-11 19:00:11 | INFO     | WeightClient 5 fit round 34 (fedprox=True)
[2026-08-11 19:02:17] 2026-08-11 19:02:17 | INFO     | WeightClient 5 round 34 completed (acc=0.9779)
[2026-08-11 19:02:18] 2026-08-11 19:02:18 | INFO     | WeightClient 6 fit round 34 (fedprox=True)
[2026-08-11 19:03:42] 2026-08-11 19:03:42 | INFO     | WeightClient 6 round 34 completed (acc=0.9704)
[2026-08-11 19:03:42] 2026-08-11 19:03:42 | INFO     | WeightClient 7 fit round 34 (fedprox=True)
[2026-08-11 19:07:27] 2026-08-11 19:07:27 | INFO     | WeightClient 7 round 34 completed (acc=0.9670)
[2026-08-11 19:07:27] 2026-08-11 19:07:27 | INFO     | WeightClient 8 fit round 34 (fedprox=True)
[2026-08-11 19:11:15] 2026-08-11 19:11:15 | INFO     | WeightClient 8 round 34 completed (acc=0.9711)
[2026-08-11 19:11:15] 2026-08-11 19:11:15 | INFO     | WeightClient 9 fit round 34 (fedprox=True)
[2026-08-11 19:14:52] 2026-08-11 19:14:52 | INFO     | WeightClient 9 round 34 completed (acc=0.9278)
[2026-08-11 19:14:52] 2026-08-11 19:14:52 | INFO     | WeightClient 10 fit round 34 (fedprox=True)
[2026-08-11 19:17:19] 2026-08-11 19:17:19 | INFO     | WeightClient 10 round 34 completed (acc=0.9391)
[2026-08-11 19:17:19] 2026-08-11 19:17:19 | INFO     | WeightClient 11 fit round 34 (fedprox=True)
[2026-08-11 19:20:54] 2026-08-11 19:20:54 | INFO     | WeightClient 11 round 34 completed (acc=0.9652)
[2026-08-11 19:20:54] 2026-08-11 19:20:54 | INFO     | WeightClient 12 fit round 34 (fedprox=True)
[2026-08-11 19:24:50] 2026-08-11 19:24:50 | INFO     | WeightClient 12 round 34 completed (acc=0.9714)
[2026-08-11 19:24:50] 2026-08-11 19:24:50 | INFO     | WeightClient 13 fit round 34 (fedprox=True)
[2026-08-11 19:30:55] 2026-08-11 19:30:55 | INFO     | WeightClient 13 round 34 completed (acc=0.9657)
[2026-08-11 19:30:55] 2026-08-11 19:30:55 | INFO     | WeightClient 14 fit round 34 (fedprox=True)
[2026-08-11 19:34:06] 2026-08-11 19:34:06 | INFO     | WeightClient 14 round 34 completed (acc=0.9666)
[2026-08-11 19:34:07] 2026-08-11 19:34:06 | INFO     | WeightClient 15 fit round 34 (fedprox=True)
[2026-08-11 19:38:42] 2026-08-11 19:38:42 | INFO     | WeightClient 15 round 34 completed (acc=0.9764)
[2026-08-11 19:38:42] 2026-08-11 19:38:42 | INFO     | WeightClient 16 fit round 34 (fedprox=True)
[2026-08-11 19:42:29] 2026-08-11 19:42:29 | INFO     | WeightClient 16 round 34 completed (acc=0.9740)
[2026-08-11 19:42:29] 2026-08-11 19:42:29 | INFO     | WeightClient 17 fit round 34 (fedprox=True)
[2026-08-11 19:46:21] 2026-08-11 19:46:21 | INFO     | WeightClient 17 round 34 completed (acc=0.9748)
[2026-08-11 19:46:21] 2026-08-11 19:46:21 | INFO     | WeightClient 18 fit round 34 (fedprox=True)
[2026-08-11 19:47:49] 2026-08-11 19:47:49 | INFO     | WeightClient 18 round 34 completed (acc=0.9657)
[2026-08-11 19:47:49] 2026-08-11 19:47:49 | INFO     | WeightClient 19 fit round 34 (fedprox=True)
[2026-08-11 19:51:02] 2026-08-11 19:51:02 | INFO     | WeightClient 19 round 34 completed (acc=0.9670)
[2026-08-11 19:51:03]   Round  34/40 | Avg: 0.9661 | Min: 0.9278 | Max: 0.9779
[2026-08-11 19:51:03] 2026-08-11 19:51:03 | INFO     | FEDPROX — NONIID: round 35/40 starting
[2026-08-11 19:51:03] 2026-08-11 19:51:03 | INFO     | WeightClient 0 fit round 35 (fedprox=True)
[2026-08-11 19:53:28] 2026-08-11 19:53:28 | INFO     | WeightClient 0 round 35 completed (acc=0.9584)
[2026-08-11 19:53:28] 2026-08-11 19:53:28 | INFO     | WeightClient 1 fit round 35 (fedprox=True)
[2026-08-11 19:56:40] 2026-08-11 19:56:40 | INFO     | WeightClient 1 round 35 completed (acc=0.9672)
[2026-08-11 19:56:40] 2026-08-11 19:56:40 | INFO     | WeightClient 2 fit round 35 (fedprox=True)
[2026-08-11 19:58:23] 2026-08-11 19:58:23 | INFO     | WeightClient 2 round 35 completed (acc=0.9772)
[2026-08-11 19:58:23] 2026-08-11 19:58:23 | INFO     | WeightClient 3 fit round 35 (fedprox=True)
[2026-08-11 20:02:42] 2026-08-11 20:02:42 | INFO     | WeightClient 3 round 35 completed (acc=0.9619)
[2026-08-11 20:02:42] 2026-08-11 20:02:42 | INFO     | WeightClient 4 fit round 35 (fedprox=True)
[2026-08-11 20:08:54] 2026-08-11 20:08:54 | INFO     | WeightClient 4 round 35 completed (acc=0.9694)
[2026-08-11 20:08:54] 2026-08-11 20:08:54 | INFO     | WeightClient 5 fit round 35 (fedprox=True)
[2026-08-11 20:12:54] 2026-08-11 20:12:54 | INFO     | WeightClient 5 round 35 completed (acc=0.9658)
[2026-08-11 20:12:54] 2026-08-11 20:12:54 | INFO     | WeightClient 6 fit round 35 (fedprox=True)
[2026-08-11 20:15:14] 2026-08-11 20:15:14 | INFO     | WeightClient 6 round 35 completed (acc=0.9669)
[2026-08-11 20:15:14] 2026-08-11 20:15:14 | INFO     | WeightClient 7 fit round 35 (fedprox=True)
[2026-08-11 20:17:48] 2026-08-11 20:17:48 | INFO     | WeightClient 7 round 35 completed (acc=0.9576)
[2026-08-11 20:17:48] 2026-08-11 20:17:48 | INFO     | WeightClient 8 fit round 35 (fedprox=True)
[2026-08-11 20:21:17] 2026-08-11 20:21:17 | INFO     | WeightClient 8 round 35 completed (acc=0.9678)
[2026-08-11 20:21:17] 2026-08-11 20:21:17 | INFO     | WeightClient 9 fit round 35 (fedprox=True)
[2026-08-11 20:24:37] 2026-08-11 20:24:37 | INFO     | WeightClient 9 round 35 completed (acc=0.9610)
[2026-08-11 20:24:37] 2026-08-11 20:24:37 | INFO     | WeightClient 10 fit round 35 (fedprox=True)
[2026-08-11 20:26:57] 2026-08-11 20:26:57 | INFO     | WeightClient 10 round 35 completed (acc=0.9539)
[2026-08-11 20:26:57] 2026-08-11 20:26:57 | INFO     | WeightClient 11 fit round 35 (fedprox=True)
[2026-08-11 20:29:53] 2026-08-11 20:29:53 | INFO     | WeightClient 11 round 35 completed (acc=0.9708)
[2026-08-11 20:29:53] 2026-08-11 20:29:53 | INFO     | WeightClient 12 fit round 35 (fedprox=True)
[2026-08-11 20:33:17] 2026-08-11 20:33:17 | INFO     | WeightClient 12 round 35 completed (acc=0.9520)
[2026-08-11 20:33:17] 2026-08-11 20:33:17 | INFO     | WeightClient 13 fit round 35 (fedprox=True)
[2026-08-11 20:37:34] 2026-08-11 20:37:34 | INFO     | WeightClient 13 round 35 completed (acc=0.9726)
[2026-08-11 20:37:34] 2026-08-11 20:37:34 | INFO     | WeightClient 14 fit round 35 (fedprox=True)
[2026-08-11 20:40:17] 2026-08-11 20:40:17 | INFO     | WeightClient 14 round 35 completed (acc=0.9606)
[2026-08-11 20:40:17] 2026-08-11 20:40:17 | INFO     | WeightClient 15 fit round 35 (fedprox=True)
[2026-08-11 20:45:22] 2026-08-11 20:45:22 | INFO     | WeightClient 15 round 35 completed (acc=0.9795)
[2026-08-11 20:45:22] 2026-08-11 20:45:22 | INFO     | WeightClient 16 fit round 35 (fedprox=True)
[2026-08-11 20:50:26] 2026-08-11 20:50:26 | INFO     | WeightClient 16 round 35 completed (acc=0.9769)
[2026-08-11 20:50:26] 2026-08-11 20:50:26 | INFO     | WeightClient 17 fit round 35 (fedprox=True)
[2026-08-11 20:54:06] 2026-08-11 20:54:06 | INFO     | WeightClient 17 round 35 completed (acc=0.9733)
[2026-08-11 20:54:06] 2026-08-11 20:54:06 | INFO     | WeightClient 18 fit round 35 (fedprox=True)
[2026-08-11 20:55:48] 2026-08-11 20:55:48 | INFO     | WeightClient 18 round 35 completed (acc=0.9732)
[2026-08-11 20:55:48] 2026-08-11 20:55:48 | INFO     | WeightClient 19 fit round 35 (fedprox=True)
[2026-08-11 20:59:18] 2026-08-11 20:59:18 | INFO     | WeightClient 19 round 35 completed (acc=0.9738)
[2026-08-11 20:59:19]   Round  35/40 | Avg: 0.9670 | Min: 0.9520 | Max: 0.9795
[2026-08-11 20:59:19] 2026-08-11 20:59:19 | INFO     | FEDPROX — NONIID: round 36/40 starting
[2026-08-11 20:59:19] 2026-08-11 20:59:19 | INFO     | WeightClient 0 fit round 36 (fedprox=True)
[2026-08-11 21:02:26] 2026-08-11 21:02:26 | INFO     | WeightClient 0 round 36 completed (acc=0.9614)
[2026-08-11 21:02:26] 2026-08-11 21:02:26 | INFO     | WeightClient 1 fit round 36 (fedprox=True)
[2026-08-11 21:05:03] 2026-08-11 21:05:03 | INFO     | WeightClient 1 round 36 completed (acc=0.9685)
[2026-08-11 21:05:03] 2026-08-11 21:05:03 | INFO     | WeightClient 2 fit round 36 (fedprox=True)
[2026-08-11 21:07:01] 2026-08-11 21:07:01 | INFO     | WeightClient 2 round 36 completed (acc=0.9753)
[2026-08-11 21:07:01] 2026-08-11 21:07:01 | INFO     | WeightClient 3 fit round 36 (fedprox=True)
[2026-08-11 21:10:43] 2026-08-11 21:10:43 | INFO     | WeightClient 3 round 36 completed (acc=0.9647)
[2026-08-11 21:10:43] 2026-08-11 21:10:43 | INFO     | WeightClient 4 fit round 36 (fedprox=True)
[2026-08-11 21:15:03] 2026-08-11 21:15:03 | INFO     | WeightClient 4 round 36 completed (acc=0.9673)
[2026-08-11 21:15:03] 2026-08-11 21:15:03 | INFO     | WeightClient 5 fit round 36 (fedprox=True)
[2026-08-11 21:17:19] 2026-08-11 21:17:19 | INFO     | WeightClient 5 round 36 completed (acc=0.9707)
[2026-08-11 21:17:19] 2026-08-11 21:17:19 | INFO     | WeightClient 6 fit round 36 (fedprox=True)
[2026-08-11 21:18:56] 2026-08-11 21:18:56 | INFO     | WeightClient 6 round 36 completed (acc=0.9740)
[2026-08-11 21:18:56] 2026-08-11 21:18:56 | INFO     | WeightClient 7 fit round 36 (fedprox=True)
[2026-08-11 21:21:22] 2026-08-11 21:21:22 | INFO     | WeightClient 7 round 36 completed (acc=0.9619)
[2026-08-11 21:21:22] 2026-08-11 21:21:22 | INFO     | WeightClient 8 fit round 36 (fedprox=True)
[2026-08-11 21:24:06] 2026-08-11 21:24:06 | INFO     | WeightClient 8 round 36 completed (acc=0.9687)
[2026-08-11 21:24:06] 2026-08-11 21:24:06 | INFO     | WeightClient 9 fit round 36 (fedprox=True)
[2026-08-11 21:26:52] 2026-08-11 21:26:52 | INFO     | WeightClient 9 round 36 completed (acc=0.9473)
[2026-08-11 21:26:52] 2026-08-11 21:26:52 | INFO     | WeightClient 10 fit round 36 (fedprox=True)
[2026-08-11 21:29:08] 2026-08-11 21:29:08 | INFO     | WeightClient 10 round 36 completed (acc=0.9556)
[2026-08-11 21:29:08] 2026-08-11 21:29:08 | INFO     | WeightClient 11 fit round 36 (fedprox=True)
[2026-08-11 21:31:45] 2026-08-11 21:31:45 | INFO     | WeightClient 11 round 36 completed (acc=0.9591)
[2026-08-11 21:31:45] 2026-08-11 21:31:45 | INFO     | WeightClient 12 fit round 36 (fedprox=True)
[2026-08-11 21:34:34] 2026-08-11 21:34:34 | INFO     | WeightClient 12 round 36 completed (acc=0.9612)
[2026-08-11 21:34:34] 2026-08-11 21:34:34 | INFO     | WeightClient 13 fit round 36 (fedprox=True)
[2026-08-11 21:38:47] 2026-08-11 21:38:47 | INFO     | WeightClient 13 round 36 completed (acc=0.9675)
[2026-08-11 21:38:47] 2026-08-11 21:38:47 | INFO     | WeightClient 14 fit round 36 (fedprox=True)
[2026-08-11 21:41:04] 2026-08-11 21:41:04 | INFO     | WeightClient 14 round 36 completed (acc=0.9761)
[2026-08-11 21:41:04] 2026-08-11 21:41:04 | INFO     | WeightClient 15 fit round 36 (fedprox=True)
[2026-08-11 21:46:13] 2026-08-11 21:46:13 | INFO     | WeightClient 15 round 36 completed (acc=0.9617)
[2026-08-11 21:46:13] 2026-08-11 21:46:13 | INFO     | WeightClient 16 fit round 36 (fedprox=True)
[2026-08-11 21:50:04] 2026-08-11 21:50:04 | INFO     | WeightClient 16 round 36 completed (acc=0.9767)
[2026-08-11 21:50:04] 2026-08-11 21:50:04 | INFO     | WeightClient 17 fit round 36 (fedprox=True)
[2026-08-11 21:53:12] 2026-08-11 21:53:12 | INFO     | WeightClient 17 round 36 completed (acc=0.9651)
[2026-08-11 21:53:12] 2026-08-11 21:53:12 | INFO     | WeightClient 18 fit round 36 (fedprox=True)
[2026-08-11 21:54:45] 2026-08-11 21:54:45 | INFO     | WeightClient 18 round 36 completed (acc=0.9765)
[2026-08-11 21:54:45] 2026-08-11 21:54:45 | INFO     | WeightClient 19 fit round 36 (fedprox=True)
[2026-08-11 21:57:54] 2026-08-11 21:57:54 | INFO     | WeightClient 19 round 36 completed (acc=0.9758)
[2026-08-11 21:57:54]   Round  36/40 | Avg: 0.9668 | Min: 0.9473 | Max: 0.9767
[2026-08-11 21:57:54] 2026-08-11 21:57:54 | INFO     | FEDPROX — NONIID: round 37/40 starting
[2026-08-11 21:57:54] 2026-08-11 21:57:54 | INFO     | WeightClient 0 fit round 37 (fedprox=True)
[2026-08-11 22:00:32] 2026-08-11 22:00:32 | INFO     | WeightClient 0 round 37 completed (acc=0.9605)
[2026-08-11 22:00:32] 2026-08-11 22:00:32 | INFO     | WeightClient 1 fit round 37 (fedprox=True)
[2026-08-11 22:03:04] 2026-08-11 22:03:04 | INFO     | WeightClient 1 round 37 completed (acc=0.9631)
[2026-08-11 22:03:04] 2026-08-11 22:03:04 | INFO     | WeightClient 2 fit round 37 (fedprox=True)
[2026-08-11 22:05:06] 2026-08-11 22:05:06 | INFO     | WeightClient 2 round 37 completed (acc=0.9786)
[2026-08-11 22:05:06] 2026-08-11 22:05:06 | INFO     | WeightClient 3 fit round 37 (fedprox=True)
[2026-08-11 22:08:43] 2026-08-11 22:08:43 | INFO     | WeightClient 3 round 37 completed (acc=0.9607)
[2026-08-11 22:08:43] 2026-08-11 22:08:43 | INFO     | WeightClient 4 fit round 37 (fedprox=True)
[2026-08-11 22:13:39] 2026-08-11 22:13:39 | INFO     | WeightClient 4 round 37 completed (acc=0.9696)
[2026-08-11 22:13:39] 2026-08-11 22:13:39 | INFO     | WeightClient 5 fit round 37 (fedprox=True)
[2026-08-11 22:15:47] 2026-08-11 22:15:47 | INFO     | WeightClient 5 round 37 completed (acc=0.9768)
[2026-08-11 22:15:47] 2026-08-11 22:15:47 | INFO     | WeightClient 6 fit round 37 (fedprox=True)
[2026-08-11 22:17:05] 2026-08-11 22:17:05 | INFO     | WeightClient 6 round 37 completed (acc=0.9751)
[2026-08-11 22:17:06] 2026-08-11 22:17:06 | INFO     | WeightClient 7 fit round 37 (fedprox=True)
[2026-08-11 22:19:20] 2026-08-11 22:19:20 | INFO     | WeightClient 7 round 37 completed (acc=0.9588)
[2026-08-11 22:19:20] 2026-08-11 22:19:20 | INFO     | WeightClient 8 fit round 37 (fedprox=True)
[2026-08-11 22:21:51] 2026-08-11 22:21:51 | INFO     | WeightClient 8 round 37 completed (acc=0.9730)
[2026-08-11 22:21:51] 2026-08-11 22:21:51 | INFO     | WeightClient 9 fit round 37 (fedprox=True)
[2026-08-11 22:24:45] 2026-08-11 22:24:45 | INFO     | WeightClient 9 round 37 completed (acc=0.9389)
[2026-08-11 22:24:45] 2026-08-11 22:24:45 | INFO     | WeightClient 10 fit round 37 (fedprox=True)
[2026-08-11 22:26:50] 2026-08-11 22:26:50 | INFO     | WeightClient 10 round 37 completed (acc=0.9507)
[2026-08-11 22:26:50] 2026-08-11 22:26:50 | INFO     | WeightClient 11 fit round 37 (fedprox=True)
[2026-08-11 22:29:20] 2026-08-11 22:29:20 | INFO     | WeightClient 11 round 37 completed (acc=0.9704)
[2026-08-11 22:29:20] 2026-08-11 22:29:20 | INFO     | WeightClient 12 fit round 37 (fedprox=True)
[2026-08-11 22:31:53] 2026-08-11 22:31:53 | INFO     | WeightClient 12 round 37 completed (acc=0.9709)
[2026-08-11 22:31:53] 2026-08-11 22:31:53 | INFO     | WeightClient 13 fit round 37 (fedprox=True)
[2026-08-11 22:35:48] 2026-08-11 22:35:48 | INFO     | WeightClient 13 round 37 completed (acc=0.9697)
[2026-08-11 22:35:48] 2026-08-11 22:35:48 | INFO     | WeightClient 14 fit round 37 (fedprox=True)
[2026-08-11 22:38:03] 2026-08-11 22:38:03 | INFO     | WeightClient 14 round 37 completed (acc=0.9721)
[2026-08-11 22:38:03] 2026-08-11 22:38:03 | INFO     | WeightClient 15 fit round 37 (fedprox=True)
[2026-08-11 22:42:28] 2026-08-11 22:42:28 | INFO     | WeightClient 15 round 37 completed (acc=0.9799)
[2026-08-11 22:42:28] 2026-08-11 22:42:28 | INFO     | WeightClient 16 fit round 37 (fedprox=True)
[2026-08-11 22:46:59] 2026-08-11 22:46:59 | INFO     | WeightClient 16 round 37 completed (acc=0.9750)
[2026-08-11 22:46:59] 2026-08-11 22:46:59 | INFO     | WeightClient 17 fit round 37 (fedprox=True)
[2026-08-11 22:50:33] 2026-08-11 22:50:33 | INFO     | WeightClient 17 round 37 completed (acc=0.9776)
[2026-08-11 22:50:33] 2026-08-11 22:50:33 | INFO     | WeightClient 18 fit round 37 (fedprox=True)
[2026-08-11 22:52:03] 2026-08-11 22:52:03 | INFO     | WeightClient 18 round 37 completed (acc=0.9800)
[2026-08-11 22:52:03] 2026-08-11 22:52:03 | INFO     | WeightClient 19 fit round 37 (fedprox=True)
[2026-08-11 22:55:19] 2026-08-11 22:55:19 | INFO     | WeightClient 19 round 37 completed (acc=0.9609)
[2026-08-11 22:55:19]   Round  37/40 | Avg: 0.9681 | Min: 0.9389 | Max: 0.9800
[2026-08-11 22:55:19] 2026-08-11 22:55:19 | INFO     | FEDPROX — NONIID: round 38/40 starting
[2026-08-11 22:55:20] 2026-08-11 22:55:20 | INFO     | WeightClient 0 fit round 38 (fedprox=True)
[2026-08-11 22:58:06] 2026-08-11 22:58:06 | INFO     | WeightClient 0 round 38 completed (acc=0.9661)
[2026-08-11 22:58:06] 2026-08-11 22:58:06 | INFO     | WeightClient 1 fit round 38 (fedprox=True)
[2026-08-11 23:00:25] 2026-08-11 23:00:25 | INFO     | WeightClient 1 round 38 completed (acc=0.9660)
[2026-08-11 23:00:25] 2026-08-11 23:00:25 | INFO     | WeightClient 2 fit round 38 (fedprox=True)
[2026-08-11 23:02:14] 2026-08-11 23:02:14 | INFO     | WeightClient 2 round 38 completed (acc=0.9775)
[2026-08-11 23:02:14] 2026-08-11 23:02:14 | INFO     | WeightClient 3 fit round 38 (fedprox=True)
[2026-08-11 23:06:25] 2026-08-11 23:06:25 | INFO     | WeightClient 3 round 38 completed (acc=0.9625)
[2026-08-11 23:06:25] 2026-08-11 23:06:25 | INFO     | WeightClient 4 fit round 38 (fedprox=True)
[2026-08-11 23:09:35] 2026-08-11 23:09:35 | INFO     | WeightClient 4 round 38 completed (acc=0.9518)
[2026-08-11 23:09:35] 2026-08-11 23:09:35 | INFO     | WeightClient 5 fit round 38 (fedprox=True)
[2026-08-11 23:11:38] 2026-08-11 23:11:38 | INFO     | WeightClient 5 round 38 completed (acc=0.9818)
[2026-08-11 23:11:38] 2026-08-11 23:11:38 | INFO     | WeightClient 6 fit round 38 (fedprox=True)
[2026-08-11 23:13:00] 2026-08-11 23:13:00 | INFO     | WeightClient 6 round 38 completed (acc=0.9724)
[2026-08-11 23:13:00] 2026-08-11 23:13:00 | INFO     | WeightClient 7 fit round 38 (fedprox=True)
[2026-08-11 23:14:39] 2026-08-11 23:14:39 | INFO     | WeightClient 7 round 38 completed (acc=0.9649)
[2026-08-11 23:14:39] 2026-08-11 23:14:39 | INFO     | WeightClient 8 fit round 38 (fedprox=True)
[2026-08-11 23:17:00] 2026-08-11 23:17:00 | INFO     | WeightClient 8 round 38 completed (acc=0.9731)
[2026-08-11 23:17:00] 2026-08-11 23:17:00 | INFO     | WeightClient 9 fit round 38 (fedprox=True)
[2026-08-11 23:19:26] 2026-08-11 23:19:26 | INFO     | WeightClient 9 round 38 completed (acc=0.9513)
[2026-08-11 23:19:26] 2026-08-11 23:19:26 | INFO     | WeightClient 10 fit round 38 (fedprox=True)
[2026-08-11 23:21:30] 2026-08-11 23:21:30 | INFO     | WeightClient 10 round 38 completed (acc=0.9407)
[2026-08-11 23:21:30] 2026-08-11 23:21:30 | INFO     | WeightClient 11 fit round 38 (fedprox=True)
[2026-08-11 23:24:37] 2026-08-11 23:24:37 | INFO     | WeightClient 11 round 38 completed (acc=0.9682)
[2026-08-11 23:24:37] 2026-08-11 23:24:37 | INFO     | WeightClient 12 fit round 38 (fedprox=True)
[2026-08-11 23:27:14] 2026-08-11 23:27:14 | INFO     | WeightClient 12 round 38 completed (acc=0.9658)
[2026-08-11 23:27:14] 2026-08-11 23:27:14 | INFO     | WeightClient 13 fit round 38 (fedprox=True)
[2026-08-11 23:31:02] 2026-08-11 23:31:02 | INFO     | WeightClient 13 round 38 completed (acc=0.9733)
[2026-08-11 23:31:02] 2026-08-11 23:31:02 | INFO     | WeightClient 14 fit round 38 (fedprox=True)
[2026-08-11 23:32:49] 2026-08-11 23:32:49 | INFO     | WeightClient 14 round 38 completed (acc=0.9731)
[2026-08-11 23:32:49] 2026-08-11 23:32:49 | INFO     | WeightClient 15 fit round 38 (fedprox=True)
[2026-08-11 23:36:37] 2026-08-11 23:36:37 | INFO     | WeightClient 15 round 38 completed (acc=0.9816)
[2026-08-11 23:36:37] 2026-08-11 23:36:37 | INFO     | WeightClient 16 fit round 38 (fedprox=True)
[2026-08-11 23:40:38] 2026-08-11 23:40:38 | INFO     | WeightClient 16 round 38 completed (acc=0.9603)
[2026-08-11 23:40:38] 2026-08-11 23:40:38 | INFO     | WeightClient 17 fit round 38 (fedprox=True)
[2026-08-11 23:42:55] 2026-08-11 23:42:55 | INFO     | WeightClient 17 round 38 completed (acc=0.9781)
[2026-08-11 23:42:55] 2026-08-11 23:42:55 | INFO     | WeightClient 18 fit round 38 (fedprox=True)
[2026-08-11 23:43:57] 2026-08-11 23:43:57 | INFO     | WeightClient 18 round 38 completed (acc=0.9743)
[2026-08-11 23:43:57] 2026-08-11 23:43:57 | INFO     | WeightClient 19 fit round 38 (fedprox=True)
[2026-08-11 23:46:10] 2026-08-11 23:46:10 | INFO     | WeightClient 19 round 38 completed (acc=0.9639)
[2026-08-11 23:46:10]   Round  38/40 | Avg: 0.9673 | Min: 0.9407 | Max: 0.9818
[2026-08-11 23:46:10] 2026-08-11 23:46:10 | INFO     | FEDPROX — NONIID: round 39/40 starting
[2026-08-11 23:46:10] 2026-08-11 23:46:10 | INFO     | WeightClient 0 fit round 39 (fedprox=True)
[2026-08-11 23:48:20] 2026-08-11 23:48:20 | INFO     | WeightClient 0 round 39 completed (acc=0.9660)
[2026-08-11 23:48:20] 2026-08-11 23:48:20 | INFO     | WeightClient 1 fit round 39 (fedprox=True)
[2026-08-11 23:50:16] 2026-08-11 23:50:16 | INFO     | WeightClient 1 round 39 completed (acc=0.9767)
[2026-08-11 23:50:16] 2026-08-11 23:50:16 | INFO     | WeightClient 2 fit round 39 (fedprox=True)
[2026-08-11 23:51:46] 2026-08-11 23:51:46 | INFO     | WeightClient 2 round 39 completed (acc=0.9723)
[2026-08-11 23:51:46] 2026-08-11 23:51:46 | INFO     | WeightClient 3 fit round 39 (fedprox=True)
[2026-08-11 23:55:00] 2026-08-11 23:55:00 | INFO     | WeightClient 3 round 39 completed (acc=0.9692)
[2026-08-11 23:55:00] 2026-08-11 23:55:00 | INFO     | WeightClient 4 fit round 39 (fedprox=True)
[2026-08-11 23:58:23] 2026-08-11 23:58:23 | INFO     | WeightClient 4 round 39 completed (acc=0.9742)
[2026-08-11 23:58:23] 2026-08-11 23:58:23 | INFO     | WeightClient 5 fit round 39 (fedprox=True)
[2026-08-12 00:00:07] 2026-08-12 00:00:07 | INFO     | WeightClient 5 round 39 completed (acc=0.9806)
[2026-08-12 00:00:07] 2026-08-12 00:00:07 | INFO     | WeightClient 6 fit round 39 (fedprox=True)
[2026-08-12 00:01:02] 2026-08-12 00:01:02 | INFO     | WeightClient 6 round 39 completed (acc=0.9770)
[2026-08-12 00:01:02] 2026-08-12 00:01:02 | INFO     | WeightClient 7 fit round 39 (fedprox=True)
[2026-08-12 00:02:39] 2026-08-12 00:02:39 | INFO     | WeightClient 7 round 39 completed (acc=0.9732)
[2026-08-12 00:02:39] 2026-08-12 00:02:39 | INFO     | WeightClient 8 fit round 39 (fedprox=True)
[2026-08-12 00:04:22] 2026-08-12 00:04:22 | INFO     | WeightClient 8 round 39 completed (acc=0.9676)
[2026-08-12 00:04:22] 2026-08-12 00:04:22 | INFO     | WeightClient 9 fit round 39 (fedprox=True)
[2026-08-12 00:06:25] 2026-08-12 00:06:25 | INFO     | WeightClient 9 round 39 completed (acc=0.9388)
[2026-08-12 00:06:25] 2026-08-12 00:06:25 | INFO     | WeightClient 10 fit round 39 (fedprox=True)
[2026-08-12 00:08:06] 2026-08-12 00:08:06 | INFO     | WeightClient 10 round 39 completed (acc=0.9626)
[2026-08-12 00:08:06] 2026-08-12 00:08:06 | INFO     | WeightClient 11 fit round 39 (fedprox=True)
[2026-08-12 00:10:02] 2026-08-12 00:10:02 | INFO     | WeightClient 11 round 39 completed (acc=0.9609)
[2026-08-12 00:10:02] 2026-08-12 00:10:02 | INFO     | WeightClient 12 fit round 39 (fedprox=True)
[2026-08-12 00:12:27] 2026-08-12 00:12:27 | INFO     | WeightClient 12 round 39 completed (acc=0.9584)
[2026-08-12 00:12:27] 2026-08-12 00:12:27 | INFO     | WeightClient 13 fit round 39 (fedprox=True)
[2026-08-12 00:15:28] 2026-08-12 00:15:28 | INFO     | WeightClient 13 round 39 completed (acc=0.9619)
[2026-08-12 00:15:28] 2026-08-12 00:15:28 | INFO     | WeightClient 14 fit round 39 (fedprox=True)
[2026-08-12 00:17:15] 2026-08-12 00:17:15 | INFO     | WeightClient 14 round 39 completed (acc=0.9695)
[2026-08-12 00:17:15] 2026-08-12 00:17:15 | INFO     | WeightClient 15 fit round 39 (fedprox=True)
[2026-08-12 00:20:28] 2026-08-12 00:20:28 | INFO     | WeightClient 15 round 39 completed (acc=0.9792)
[2026-08-12 00:20:28] 2026-08-12 00:20:28 | INFO     | WeightClient 16 fit round 39 (fedprox=True)
[2026-08-12 00:23:39] 2026-08-12 00:23:39 | INFO     | WeightClient 16 round 39 completed (acc=0.9677)
[2026-08-12 00:23:39] 2026-08-12 00:23:39 | INFO     | WeightClient 17 fit round 39 (fedprox=True)
[2026-08-12 00:26:42] 2026-08-12 00:26:42 | INFO     | WeightClient 17 round 39 completed (acc=0.9705)
[2026-08-12 00:26:42] 2026-08-12 00:26:42 | INFO     | WeightClient 18 fit round 39 (fedprox=True)
[2026-08-12 00:27:53] 2026-08-12 00:27:52 | INFO     | WeightClient 18 round 39 completed (acc=0.9702)
[2026-08-12 00:27:53] 2026-08-12 00:27:53 | INFO     | WeightClient 19 fit round 39 (fedprox=True)
[2026-08-12 00:30:06] 2026-08-12 00:30:06 | INFO     | WeightClient 19 round 39 completed (acc=0.9680)
[2026-08-12 00:30:06]   Round  39/40 | Avg: 0.9682 | Min: 0.9388 | Max: 0.9806
[2026-08-12 00:30:06] 2026-08-12 00:30:06 | INFO     | FEDPROX — NONIID: round 40/40 starting
[2026-08-12 00:30:06] 2026-08-12 00:30:06 | INFO     | WeightClient 0 fit round 40 (fedprox=True)
[2026-08-12 00:31:55] 2026-08-12 00:31:55 | INFO     | WeightClient 0 round 40 completed (acc=0.9703)
[2026-08-12 00:31:55] 2026-08-12 00:31:55 | INFO     | WeightClient 1 fit round 40 (fedprox=True)
[2026-08-12 00:33:48] 2026-08-12 00:33:48 | INFO     | WeightClient 1 round 40 completed (acc=0.9707)
[2026-08-12 00:33:48] 2026-08-12 00:33:48 | INFO     | WeightClient 2 fit round 40 (fedprox=True)
[2026-08-12 00:35:16] 2026-08-12 00:35:16 | INFO     | WeightClient 2 round 40 completed (acc=0.9777)
[2026-08-12 00:35:16] 2026-08-12 00:35:16 | INFO     | WeightClient 3 fit round 40 (fedprox=True)
[2026-08-12 00:38:42] 2026-08-12 00:38:42 | INFO     | WeightClient 3 round 40 completed (acc=0.9680)
[2026-08-12 00:38:42] 2026-08-12 00:38:42 | INFO     | WeightClient 4 fit round 40 (fedprox=True)
[2026-08-12 00:42:24] 2026-08-12 00:42:24 | INFO     | WeightClient 4 round 40 completed (acc=0.9740)
[2026-08-12 00:42:24] 2026-08-12 00:42:24 | INFO     | WeightClient 5 fit round 40 (fedprox=True)
[2026-08-12 00:44:16] 2026-08-12 00:44:16 | INFO     | WeightClient 5 round 40 completed (acc=0.9798)
[2026-08-12 00:44:16] 2026-08-12 00:44:16 | INFO     | WeightClient 6 fit round 40 (fedprox=True)
[2026-08-12 00:45:24] 2026-08-12 00:45:24 | INFO     | WeightClient 6 round 40 completed (acc=0.9755)
[2026-08-12 00:45:24] 2026-08-12 00:45:24 | INFO     | WeightClient 7 fit round 40 (fedprox=True)
[2026-08-12 00:46:51] 2026-08-12 00:46:51 | INFO     | WeightClient 7 round 40 completed (acc=0.9548)
[2026-08-12 00:46:51] 2026-08-12 00:46:51 | INFO     | WeightClient 8 fit round 40 (fedprox=True)
[2026-08-12 00:48:55] 2026-08-12 00:48:55 | INFO     | WeightClient 8 round 40 completed (acc=0.9705)
[2026-08-12 00:48:55] 2026-08-12 00:48:55 | INFO     | WeightClient 9 fit round 40 (fedprox=True)
[2026-08-12 00:51:18] 2026-08-12 00:51:18 | INFO     | WeightClient 9 round 40 completed (acc=0.9504)
[2026-08-12 00:51:18] 2026-08-12 00:51:18 | INFO     | WeightClient 10 fit round 40 (fedprox=True)
[2026-08-12 00:53:01] 2026-08-12 00:53:01 | INFO     | WeightClient 10 round 40 completed (acc=0.9542)
[2026-08-12 00:53:01] 2026-08-12 00:53:01 | INFO     | WeightClient 11 fit round 40 (fedprox=True)
[2026-08-12 00:55:22] 2026-08-12 00:55:22 | INFO     | WeightClient 11 round 40 completed (acc=0.9736)
[2026-08-12 00:55:22] 2026-08-12 00:55:22 | INFO     | WeightClient 12 fit round 40 (fedprox=True)
[2026-08-12 00:57:48] 2026-08-12 00:57:48 | INFO     | WeightClient 12 round 40 completed (acc=0.9750)
[2026-08-12 00:57:48] 2026-08-12 00:57:48 | INFO     | WeightClient 13 fit round 40 (fedprox=True)
[2026-08-12 01:01:38] 2026-08-12 01:01:38 | INFO     | WeightClient 13 round 40 completed (acc=0.9733)
[2026-08-12 01:01:38] 2026-08-12 01:01:38 | INFO     | WeightClient 14 fit round 40 (fedprox=True)
[2026-08-12 01:03:27] 2026-08-12 01:03:27 | INFO     | WeightClient 14 round 40 completed (acc=0.9703)
[2026-08-12 01:03:27] 2026-08-12 01:03:27 | INFO     | WeightClient 15 fit round 40 (fedprox=True)
[2026-08-12 01:06:45] 2026-08-12 01:06:45 | INFO     | WeightClient 15 round 40 completed (acc=0.9780)
[2026-08-12 01:06:45] 2026-08-12 01:06:45 | INFO     | WeightClient 16 fit round 40 (fedprox=True)
[2026-08-12 01:10:39] 2026-08-12 01:10:39 | INFO     | WeightClient 16 round 40 completed (acc=0.9774)
[2026-08-12 01:10:39] 2026-08-12 01:10:39 | INFO     | WeightClient 17 fit round 40 (fedprox=True)
[2026-08-12 01:13:34] 2026-08-12 01:13:34 | INFO     | WeightClient 17 round 40 completed (acc=0.9781)
[2026-08-12 01:13:34] 2026-08-12 01:13:34 | INFO     | WeightClient 18 fit round 40 (fedprox=True)
[2026-08-12 01:15:07] 2026-08-12 01:15:07 | INFO     | WeightClient 18 round 40 completed (acc=0.9767)
[2026-08-12 01:15:07] 2026-08-12 01:15:07 | INFO     | WeightClient 19 fit round 40 (fedprox=True)
[2026-08-12 01:17:51] 2026-08-12 01:17:51 | INFO     | WeightClient 19 round 40 completed (acc=0.9774)
[2026-08-12 01:17:58]   Round  40/40 | Avg: 0.9713 | Min: 0.9504 | Max: 0.9798
[2026-08-12 01:17:58]   FEDPROX — NONIID done.
[2026-08-12 01:17:58]   Metadata saved to C:/Users/ggad/Desktop/HomeSenseKD/results/phase1\mnist\fedprox\uniform\noniid\metadata.json
[2026-08-12 01:17:58] 2026-08-12 01:17:58 | INFO     | run_multiseed: seed=123  algo=fedprox  dataset=mnist  hetero=uniform
[2026-08-12 01:17:58] 
[2026-08-12 01:17:58] [seed=123]  FEDPROX  dataset=mnist  hetero=uniform
[2026-08-12 01:17:58] 2026-08-12 01:17:58 | INFO     | Loading target dataset: 'mnist'  public dataset: 'cifar10'
[2026-08-12 01:17:58] 2026-08-12 01:17:58 | INFO     | Input shape: (28, 28, 1)  is_image: True
[2026-08-12 01:18:42] Loading MNIST...
[2026-08-12 01:18:42]   -> 60000 train, 10000 test
[2026-08-12 01:18:42] Loading CIFAR-10...
[2026-08-12 01:18:42]   -> 50000 train, 10000 test
[2026-08-12 01:18:42] 2026-08-12 01:18:42 | INFO     | Dataset loaded: x_train=(60000, 28, 28, 1)  y_train=(60000,)  x_test=(10000, 28, 28, 1)  x_public=(50000, 28, 28, 1)
[2026-08-12 01:18:43] 2026-08-12 01:18:43 | INFO     | Partitioning data: n_classes=10 n_parties=20 iid_spc=30 alpha=0.500
[2026-08-12 01:18:44] 2026-08-12 01:18:44 | INFO     | run_one_algo: algorithm=fedprox  settings=['iid', 'noniid']
[2026-08-12 01:18:44] 2026-08-12 01:18:44 | INFO     | run_one_algo: algorithm=fedprox  setting=iid
[2026-08-12 01:18:44] 2026-08-12 01:18:44 | INFO     | Building 20 client models for algo=fedprox  tiers=['small', 'small', 'small', 'small', 'small', 'small', 'small', 'medium', 'medium', 'medium', 'medium', 'medium', 'medium', 'medium', 'large', 'large', 'large', 'large', 'large', 'large']
[2026-08-12 01:18:53] 2026-08-12 01:18:53 | INFO     | Starting FEDPROX — IID (40 rounds, 20 clients)
[2026-08-12 01:18:53] 
[2026-08-12 01:18:53] =================================================================
[2026-08-12 01:18:53]   FEDPROX — IID
[2026-08-12 01:18:53] =================================================================
[2026-08-12 01:18:53] 2026-08-12 01:18:53 | INFO     | FEDPROX — IID: round 1/40 starting
[2026-08-12 01:18:53] 2026-08-12 01:18:53 | INFO     | WeightClient 0 fit round 1 (fedprox=True)
[2026-08-12 01:19:36] 2026-08-12 01:19:36 | INFO     | WeightClient 0 round 1 completed (acc=0.8372)
[2026-08-12 01:19:36] 2026-08-12 01:19:36 | INFO     | WeightClient 1 fit round 1 (fedprox=True)
[2026-08-12 01:20:09] 2026-08-12 01:20:09 | INFO     | WeightClient 1 round 1 completed (acc=0.8483)
[2026-08-12 01:20:09] 2026-08-12 01:20:09 | INFO     | WeightClient 2 fit round 1 (fedprox=True)
[2026-08-12 01:20:43] 2026-08-12 01:20:43 | INFO     | WeightClient 2 round 1 completed (acc=0.8274)
[2026-08-12 01:20:43] 2026-08-12 01:20:43 | INFO     | WeightClient 3 fit round 1 (fedprox=True)
[2026-08-12 01:21:16] 2026-08-12 01:21:16 | INFO     | WeightClient 3 round 1 completed (acc=0.8104)
[2026-08-12 01:21:16] 2026-08-12 01:21:16 | INFO     | WeightClient 4 fit round 1 (fedprox=True)
[2026-08-12 01:21:49] 2026-08-12 01:21:49 | INFO     | WeightClient 4 round 1 completed (acc=0.8167)
[2026-08-12 01:21:49] 2026-08-12 01:21:49 | INFO     | WeightClient 5 fit round 1 (fedprox=True)
[2026-08-12 01:22:20] 2026-08-12 01:22:20 | INFO     | WeightClient 5 round 1 completed (acc=0.8185)
[2026-08-12 01:22:20] 2026-08-12 01:22:20 | INFO     | WeightClient 6 fit round 1 (fedprox=True)
[2026-08-12 01:23:05] 2026-08-12 01:23:05 | INFO     | WeightClient 6 round 1 completed (acc=0.8202)
[2026-08-12 01:23:05] 2026-08-12 01:23:05 | INFO     | WeightClient 7 fit round 1 (fedprox=True)
[2026-08-12 01:23:39] 2026-08-12 01:23:39 | INFO     | WeightClient 7 round 1 completed (acc=0.8147)
[2026-08-12 01:23:39] 2026-08-12 01:23:39 | INFO     | WeightClient 8 fit round 1 (fedprox=True)
[2026-08-12 01:24:16] 2026-08-12 01:24:16 | INFO     | WeightClient 8 round 1 completed (acc=0.8214)
[2026-08-12 01:24:16] 2026-08-12 01:24:16 | INFO     | WeightClient 9 fit round 1 (fedprox=True)
[2026-08-12 01:24:45] 2026-08-12 01:24:45 | INFO     | WeightClient 9 round 1 completed (acc=0.8563)
[2026-08-12 01:24:45] 2026-08-12 01:24:45 | INFO     | WeightClient 10 fit round 1 (fedprox=True)
[2026-08-12 01:25:18] 2026-08-12 01:25:18 | INFO     | WeightClient 10 round 1 completed (acc=0.8263)
[2026-08-12 01:25:18] 2026-08-12 01:25:18 | INFO     | WeightClient 11 fit round 1 (fedprox=True)
[2026-08-12 01:25:50] 2026-08-12 01:25:50 | INFO     | WeightClient 11 round 1 completed (acc=0.8202)
[2026-08-12 01:25:50] 2026-08-12 01:25:50 | INFO     | WeightClient 12 fit round 1 (fedprox=True)
[2026-08-12 01:26:23] 2026-08-12 01:26:23 | INFO     | WeightClient 12 round 1 completed (acc=0.8244)
[2026-08-12 01:26:23] 2026-08-12 01:26:23 | INFO     | WeightClient 13 fit round 1 (fedprox=True)
[2026-08-12 01:26:49] 2026-08-12 01:26:49 | INFO     | WeightClient 13 round 1 completed (acc=0.8224)
[2026-08-12 01:26:49] 2026-08-12 01:26:49 | INFO     | WeightClient 14 fit round 1 (fedprox=True)
[2026-08-12 01:27:21] 2026-08-12 01:27:21 | INFO     | WeightClient 14 round 1 completed (acc=0.8251)
[2026-08-12 01:27:21] 2026-08-12 01:27:21 | INFO     | WeightClient 15 fit round 1 (fedprox=True)
[2026-08-12 01:27:56] 2026-08-12 01:27:56 | INFO     | WeightClient 15 round 1 completed (acc=0.8215)
[2026-08-12 01:27:56] 2026-08-12 01:27:56 | INFO     | WeightClient 16 fit round 1 (fedprox=True)
[2026-08-12 01:28:33] 2026-08-12 01:28:33 | INFO     | WeightClient 16 round 1 completed (acc=0.8183)
[2026-08-12 01:28:33] 2026-08-12 01:28:33 | INFO     | WeightClient 17 fit round 1 (fedprox=True)
[2026-08-12 01:28:58] 2026-08-12 01:28:58 | INFO     | WeightClient 17 round 1 completed (acc=0.8286)
[2026-08-12 01:28:58] 2026-08-12 01:28:58 | INFO     | WeightClient 18 fit round 1 (fedprox=True)
[2026-08-12 01:29:29] 2026-08-12 01:29:29 | INFO     | WeightClient 18 round 1 completed (acc=0.8360)
[2026-08-12 01:29:29] 2026-08-12 01:29:29 | INFO     | WeightClient 19 fit round 1 (fedprox=True)
[2026-08-12 01:29:59] 2026-08-12 01:29:59 | INFO     | WeightClient 19 round 1 completed (acc=0.7937)
[2026-08-12 01:29:59]   Round   1/40 | Avg: 0.8244 | Min: 0.7937 | Max: 0.8563
[2026-08-12 01:29:59] 2026-08-12 01:29:59 | INFO     | FEDPROX — IID: round 2/40 starting
[2026-08-12 01:29:59] 2026-08-12 01:29:59 | INFO     | WeightClient 0 fit round 2 (fedprox=True)
[2026-08-12 01:30:31] 2026-08-12 01:30:31 | INFO     | WeightClient 0 round 2 completed (acc=0.7878)
[2026-08-12 01:30:31] 2026-08-12 01:30:31 | INFO     | WeightClient 1 fit round 2 (fedprox=True)
[2026-08-12 01:31:05] 2026-08-12 01:31:05 | INFO     | WeightClient 1 round 2 completed (acc=0.7944)
[2026-08-12 01:31:05] 2026-08-12 01:31:05 | INFO     | WeightClient 2 fit round 2 (fedprox=True)
[2026-08-12 01:31:35] 2026-08-12 01:31:35 | INFO     | WeightClient 2 round 2 completed (acc=0.7810)
[2026-08-12 01:31:35] 2026-08-12 01:31:35 | INFO     | WeightClient 3 fit round 2 (fedprox=True)
[2026-08-12 01:32:05] 2026-08-12 01:32:05 | INFO     | WeightClient 3 round 2 completed (acc=0.7595)
[2026-08-12 01:32:05] 2026-08-12 01:32:05 | INFO     | WeightClient 4 fit round 2 (fedprox=True)
[2026-08-12 01:32:38] 2026-08-12 01:32:38 | INFO     | WeightClient 4 round 2 completed (acc=0.7702)
[2026-08-12 01:32:38] 2026-08-12 01:32:38 | INFO     | WeightClient 5 fit round 2 (fedprox=True)
[2026-08-12 01:33:19] 2026-08-12 01:33:19 | INFO     | WeightClient 5 round 2 completed (acc=0.7899)
[2026-08-12 01:33:19] 2026-08-12 01:33:19 | INFO     | WeightClient 6 fit round 2 (fedprox=True)
[2026-08-12 01:33:52] 2026-08-12 01:33:52 | INFO     | WeightClient 6 round 2 completed (acc=0.7689)
[2026-08-12 01:33:52] 2026-08-12 01:33:52 | INFO     | WeightClient 7 fit round 2 (fedprox=True)
[2026-08-12 01:34:27] 2026-08-12 01:34:27 | INFO     | WeightClient 7 round 2 completed (acc=0.7740)
[2026-08-12 01:34:27] 2026-08-12 01:34:27 | INFO     | WeightClient 8 fit round 2 (fedprox=True)
[2026-08-12 01:35:15] 2026-08-12 01:35:15 | INFO     | WeightClient 8 round 2 completed (acc=0.7838)
[2026-08-12 01:35:15] 2026-08-12 01:35:15 | INFO     | WeightClient 9 fit round 2 (fedprox=True)
[2026-08-12 01:35:41] 2026-08-12 01:35:41 | INFO     | WeightClient 9 round 2 completed (acc=0.7894)
[2026-08-12 01:35:41] 2026-08-12 01:35:41 | INFO     | WeightClient 10 fit round 2 (fedprox=True)
[2026-08-12 01:36:12] 2026-08-12 01:36:12 | INFO     | WeightClient 10 round 2 completed (acc=0.7623)
[2026-08-12 01:36:12] 2026-08-12 01:36:12 | INFO     | WeightClient 11 fit round 2 (fedprox=True)
[2026-08-12 01:37:01] 2026-08-12 01:37:01 | INFO     | WeightClient 11 round 2 completed (acc=0.7671)
[2026-08-12 01:37:01] 2026-08-12 01:37:01 | INFO     | WeightClient 12 fit round 2 (fedprox=True)
[2026-08-12 01:37:37] 2026-08-12 01:37:37 | INFO     | WeightClient 12 round 2 completed (acc=0.7809)
[2026-08-12 01:37:37] 2026-08-12 01:37:37 | INFO     | WeightClient 13 fit round 2 (fedprox=True)
[2026-08-12 01:38:12] 2026-08-12 01:38:12 | INFO     | WeightClient 13 round 2 completed (acc=0.7624)
[2026-08-12 01:38:12] 2026-08-12 01:38:12 | INFO     | WeightClient 14 fit round 2 (fedprox=True)
[2026-08-12 01:38:51] 2026-08-12 01:38:51 | INFO     | WeightClient 14 round 2 completed (acc=0.7748)
[2026-08-12 01:38:51] 2026-08-12 01:38:51 | INFO     | WeightClient 15 fit round 2 (fedprox=True)
[2026-08-12 01:39:25] 2026-08-12 01:39:25 | INFO     | WeightClient 15 round 2 completed (acc=0.7820)
[2026-08-12 01:39:25] 2026-08-12 01:39:25 | INFO     | WeightClient 16 fit round 2 (fedprox=True)
[2026-08-12 01:39:53] 2026-08-12 01:39:53 | INFO     | WeightClient 16 round 2 completed (acc=0.7316)
[2026-08-12 01:39:53] 2026-08-12 01:39:53 | INFO     | WeightClient 17 fit round 2 (fedprox=True)
[2026-08-12 01:40:16] 2026-08-12 01:40:16 | INFO     | WeightClient 17 round 2 completed (acc=0.7932)
[2026-08-12 01:40:16] 2026-08-12 01:40:16 | INFO     | WeightClient 18 fit round 2 (fedprox=True)
[2026-08-12 01:40:39] 2026-08-12 01:40:39 | INFO     | WeightClient 18 round 2 completed (acc=0.7777)
[2026-08-12 01:40:39] 2026-08-12 01:40:39 | INFO     | WeightClient 19 fit round 2 (fedprox=True)
[2026-08-12 01:41:23] 2026-08-12 01:41:23 | INFO     | WeightClient 19 round 2 completed (acc=0.7483)
[2026-08-12 01:41:24]   Round   2/40 | Avg: 0.7740 | Min: 0.7316 | Max: 0.7944
[2026-08-12 01:41:24] 2026-08-12 01:41:23 | INFO     | FEDPROX — IID: round 3/40 starting
[2026-08-12 01:41:24] 2026-08-12 01:41:24 | INFO     | WeightClient 0 fit round 3 (fedprox=True)
[2026-08-12 01:42:00] 2026-08-12 01:42:00 | INFO     | WeightClient 0 round 3 completed (acc=0.8282)
[2026-08-12 01:42:00] 2026-08-12 01:42:00 | INFO     | WeightClient 1 fit round 3 (fedprox=True)
[2026-08-12 01:42:48] 2026-08-12 01:42:48 | INFO     | WeightClient 1 round 3 completed (acc=0.8375)
[2026-08-12 01:42:48] 2026-08-12 01:42:48 | INFO     | WeightClient 2 fit round 3 (fedprox=True)
[2026-08-12 01:43:23] 2026-08-12 01:43:23 | INFO     | WeightClient 2 round 3 completed (acc=0.8246)
[2026-08-12 01:43:23] 2026-08-12 01:43:23 | INFO     | WeightClient 3 fit round 3 (fedprox=True)
[2026-08-12 01:43:48] 2026-08-12 01:43:48 | INFO     | WeightClient 3 round 3 completed (acc=0.8089)
[2026-08-12 01:43:48] 2026-08-12 01:43:48 | INFO     | WeightClient 4 fit round 3 (fedprox=True)
[2026-08-12 01:44:21] 2026-08-12 01:44:21 | INFO     | WeightClient 4 round 3 completed (acc=0.7910)
[2026-08-12 01:44:21] 2026-08-12 01:44:21 | INFO     | WeightClient 5 fit round 3 (fedprox=True)
[2026-08-12 01:44:57] 2026-08-12 01:44:57 | INFO     | WeightClient 5 round 3 completed (acc=0.8189)
[2026-08-12 01:44:57] 2026-08-12 01:44:57 | INFO     | WeightClient 6 fit round 3 (fedprox=True)
[2026-08-12 01:45:34] 2026-08-12 01:45:34 | INFO     | WeightClient 6 round 3 completed (acc=0.8351)
[2026-08-12 01:45:34] 2026-08-12 01:45:34 | INFO     | WeightClient 7 fit round 3 (fedprox=True)
[2026-08-12 01:46:07] 2026-08-12 01:46:07 | INFO     | WeightClient 7 round 3 completed (acc=0.8207)
[2026-08-12 01:46:07] 2026-08-12 01:46:07 | INFO     | WeightClient 8 fit round 3 (fedprox=True)
[2026-08-12 01:46:34] 2026-08-12 01:46:34 | INFO     | WeightClient 8 round 3 completed (acc=0.8189)
[2026-08-12 01:46:34] 2026-08-12 01:46:34 | INFO     | WeightClient 9 fit round 3 (fedprox=True)
[2026-08-12 01:47:05] 2026-08-12 01:47:05 | INFO     | WeightClient 9 round 3 completed (acc=0.8088)
[2026-08-12 01:47:05] 2026-08-12 01:47:05 | INFO     | WeightClient 10 fit round 3 (fedprox=True)
[2026-08-12 01:47:48] 2026-08-12 01:47:48 | INFO     | WeightClient 10 round 3 completed (acc=0.8051)
[2026-08-12 01:47:48] 2026-08-12 01:47:48 | INFO     | WeightClient 11 fit round 3 (fedprox=True)
[2026-08-12 01:48:23] 2026-08-12 01:48:23 | INFO     | WeightClient 11 round 3 completed (acc=0.8164)
[2026-08-12 01:48:23] 2026-08-12 01:48:23 | INFO     | WeightClient 12 fit round 3 (fedprox=True)
[2026-08-12 01:48:58] 2026-08-12 01:48:58 | INFO     | WeightClient 12 round 3 completed (acc=0.8140)
[2026-08-12 01:48:58] 2026-08-12 01:48:58 | INFO     | WeightClient 13 fit round 3 (fedprox=True)
[2026-08-12 01:49:40] 2026-08-12 01:49:40 | INFO     | WeightClient 13 round 3 completed (acc=0.8150)
[2026-08-12 01:49:40] 2026-08-12 01:49:40 | INFO     | WeightClient 14 fit round 3 (fedprox=True)
[2026-08-12 01:50:24] 2026-08-12 01:50:24 | INFO     | WeightClient 14 round 3 completed (acc=0.8035)
[2026-08-12 01:50:24] 2026-08-12 01:50:24 | INFO     | WeightClient 15 fit round 3 (fedprox=True)
[2026-08-12 01:50:55] 2026-08-12 01:50:55 | INFO     | WeightClient 15 round 3 completed (acc=0.8360)
[2026-08-12 01:50:55] 2026-08-12 01:50:55 | INFO     | WeightClient 16 fit round 3 (fedprox=True)
[2026-08-12 01:51:31] 2026-08-12 01:51:31 | INFO     | WeightClient 16 round 3 completed (acc=0.8320)
[2026-08-12 01:51:31] 2026-08-12 01:51:31 | INFO     | WeightClient 17 fit round 3 (fedprox=True)
[2026-08-12 01:52:15] 2026-08-12 01:52:15 | INFO     | WeightClient 17 round 3 completed (acc=0.8164)
[2026-08-12 01:52:15] 2026-08-12 01:52:15 | INFO     | WeightClient 18 fit round 3 (fedprox=True)
[2026-08-12 01:52:50] 2026-08-12 01:52:50 | INFO     | WeightClient 18 round 3 completed (acc=0.8302)
[2026-08-12 01:52:50] 2026-08-12 01:52:50 | INFO     | WeightClient 19 fit round 3 (fedprox=True)
[2026-08-12 01:53:26] 2026-08-12 01:53:26 | INFO     | WeightClient 19 round 3 completed (acc=0.8153)
[2026-08-12 01:53:27]   Round   3/40 | Avg: 0.8188 | Min: 0.7910 | Max: 0.8375
[2026-08-12 01:53:27] 2026-08-12 01:53:27 | INFO     | FEDPROX — IID: round 4/40 starting
[2026-08-12 01:53:27] 2026-08-12 01:53:27 | INFO     | WeightClient 0 fit round 4 (fedprox=True)
[2026-08-12 01:54:03] 2026-08-12 01:54:03 | INFO     | WeightClient 0 round 4 completed (acc=0.8558)
[2026-08-12 01:54:03] 2026-08-12 01:54:03 | INFO     | WeightClient 1 fit round 4 (fedprox=True)
[2026-08-12 01:54:45] 2026-08-12 01:54:45 | INFO     | WeightClient 1 round 4 completed (acc=0.8638)
[2026-08-12 01:54:45] 2026-08-12 01:54:45 | INFO     | WeightClient 2 fit round 4 (fedprox=True)
[2026-08-12 01:55:50] 2026-08-12 01:55:50 | INFO     | WeightClient 2 round 4 completed (acc=0.8676)
[2026-08-12 01:55:50] 2026-08-12 01:55:50 | INFO     | WeightClient 3 fit round 4 (fedprox=True)
[2026-08-12 01:56:41] 2026-08-12 01:56:41 | INFO     | WeightClient 3 round 4 completed (acc=0.8563)
[2026-08-12 01:56:42] 2026-08-12 01:56:42 | INFO     | WeightClient 4 fit round 4 (fedprox=True)
[2026-08-12 01:57:28] 2026-08-12 01:57:28 | INFO     | WeightClient 4 round 4 completed (acc=0.8530)
[2026-08-12 01:57:28] 2026-08-12 01:57:28 | INFO     | WeightClient 5 fit round 4 (fedprox=True)
[2026-08-12 01:58:14] 2026-08-12 01:58:14 | INFO     | WeightClient 5 round 4 completed (acc=0.8534)
[2026-08-12 01:58:14] 2026-08-12 01:58:14 | INFO     | WeightClient 6 fit round 4 (fedprox=True)
[2026-08-12 01:59:06] 2026-08-12 01:59:06 | INFO     | WeightClient 6 round 4 completed (acc=0.8627)
[2026-08-12 01:59:06] 2026-08-12 01:59:06 | INFO     | WeightClient 7 fit round 4 (fedprox=True)
[2026-08-12 01:59:49] 2026-08-12 01:59:49 | INFO     | WeightClient 7 round 4 completed (acc=0.8636)
[2026-08-12 01:59:49] 2026-08-12 01:59:49 | INFO     | WeightClient 8 fit round 4 (fedprox=True)
[2026-08-12 02:00:33] 2026-08-12 02:00:33 | INFO     | WeightClient 8 round 4 completed (acc=0.8552)
[2026-08-12 02:00:33] 2026-08-12 02:00:33 | INFO     | WeightClient 9 fit round 4 (fedprox=True)
[2026-08-12 02:01:08] 2026-08-12 02:01:08 | INFO     | WeightClient 9 round 4 completed (acc=0.8764)
[2026-08-12 02:01:08] 2026-08-12 02:01:08 | INFO     | WeightClient 10 fit round 4 (fedprox=True)
[2026-08-12 02:01:45] 2026-08-12 02:01:45 | INFO     | WeightClient 10 round 4 completed (acc=0.8675)
[2026-08-12 02:01:45] 2026-08-12 02:01:45 | INFO     | WeightClient 11 fit round 4 (fedprox=True)
[2026-08-12 02:02:22] 2026-08-12 02:02:22 | INFO     | WeightClient 11 round 4 completed (acc=0.8477)
[2026-08-12 02:02:22] 2026-08-12 02:02:22 | INFO     | WeightClient 12 fit round 4 (fedprox=True)
[2026-08-12 02:02:57] 2026-08-12 02:02:57 | INFO     | WeightClient 12 round 4 completed (acc=0.8556)
[2026-08-12 02:02:57] 2026-08-12 02:02:57 | INFO     | WeightClient 13 fit round 4 (fedprox=True)
[2026-08-12 02:03:31] 2026-08-12 02:03:31 | INFO     | WeightClient 13 round 4 completed (acc=0.8471)
[2026-08-12 02:03:31] 2026-08-12 02:03:31 | INFO     | WeightClient 14 fit round 4 (fedprox=True)
[2026-08-12 02:04:03] 2026-08-12 02:04:03 | INFO     | WeightClient 14 round 4 completed (acc=0.8409)
[2026-08-12 02:04:03] 2026-08-12 02:04:03 | INFO     | WeightClient 15 fit round 4 (fedprox=True)
[2026-08-12 02:04:32] 2026-08-12 02:04:32 | INFO     | WeightClient 15 round 4 completed (acc=0.8680)
[2026-08-12 02:04:32] 2026-08-12 02:04:32 | INFO     | WeightClient 16 fit round 4 (fedprox=True)
[2026-08-12 02:05:05] 2026-08-12 02:05:05 | INFO     | WeightClient 16 round 4 completed (acc=0.8625)
[2026-08-12 02:05:05] 2026-08-12 02:05:05 | INFO     | WeightClient 17 fit round 4 (fedprox=True)
[2026-08-12 02:05:32] 2026-08-12 02:05:32 | INFO     | WeightClient 17 round 4 completed (acc=0.8360)
[2026-08-12 02:05:32] 2026-08-12 02:05:32 | INFO     | WeightClient 18 fit round 4 (fedprox=True)
[2026-08-12 02:06:07] 2026-08-12 02:06:07 | INFO     | WeightClient 18 round 4 completed (acc=0.8718)
[2026-08-12 02:06:07] 2026-08-12 02:06:07 | INFO     | WeightClient 19 fit round 4 (fedprox=True)
[2026-08-12 02:06:32] 2026-08-12 02:06:32 | INFO     | WeightClient 19 round 4 completed (acc=0.8336)
[2026-08-12 02:06:33]   Round   4/40 | Avg: 0.8569 | Min: 0.8336 | Max: 0.8764
[2026-08-12 02:06:33] 2026-08-12 02:06:33 | INFO     | FEDPROX — IID: round 5/40 starting
[2026-08-12 02:06:33] 2026-08-12 02:06:33 | INFO     | WeightClient 0 fit round 5 (fedprox=True)
[2026-08-12 02:07:03] 2026-08-12 02:07:03 | INFO     | WeightClient 0 round 5 completed (acc=0.8836)
[2026-08-12 02:07:03] 2026-08-12 02:07:03 | INFO     | WeightClient 1 fit round 5 (fedprox=True)
[2026-08-12 02:07:37] 2026-08-12 02:07:37 | INFO     | WeightClient 1 round 5 completed (acc=0.8829)
[2026-08-12 02:07:37] 2026-08-12 02:07:37 | INFO     | WeightClient 2 fit round 5 (fedprox=True)
[2026-08-12 02:08:05] 2026-08-12 02:08:05 | INFO     | WeightClient 2 round 5 completed (acc=0.8759)
[2026-08-12 02:08:05] 2026-08-12 02:08:05 | INFO     | WeightClient 3 fit round 5 (fedprox=True)
[2026-08-12 02:08:45] 2026-08-12 02:08:45 | INFO     | WeightClient 3 round 5 completed (acc=0.8692)
[2026-08-12 02:08:45] 2026-08-12 02:08:45 | INFO     | WeightClient 4 fit round 5 (fedprox=True)
[2026-08-12 02:09:20] 2026-08-12 02:09:20 | INFO     | WeightClient 4 round 5 completed (acc=0.8688)
[2026-08-12 02:09:20] 2026-08-12 02:09:20 | INFO     | WeightClient 5 fit round 5 (fedprox=True)
[2026-08-12 02:09:54] 2026-08-12 02:09:54 | INFO     | WeightClient 5 round 5 completed (acc=0.8691)
[2026-08-12 02:09:54] 2026-08-12 02:09:54 | INFO     | WeightClient 6 fit round 5 (fedprox=True)
[2026-08-12 02:10:32] 2026-08-12 02:10:32 | INFO     | WeightClient 6 round 5 completed (acc=0.8606)
[2026-08-12 02:10:32] 2026-08-12 02:10:32 | INFO     | WeightClient 7 fit round 5 (fedprox=True)
[2026-08-12 02:11:06] 2026-08-12 02:11:06 | INFO     | WeightClient 7 round 5 completed (acc=0.8702)
[2026-08-12 02:11:06] 2026-08-12 02:11:06 | INFO     | WeightClient 8 fit round 5 (fedprox=True)
[2026-08-12 02:11:38] 2026-08-12 02:11:38 | INFO     | WeightClient 8 round 5 completed (acc=0.8772)
[2026-08-12 02:11:38] 2026-08-12 02:11:38 | INFO     | WeightClient 9 fit round 5 (fedprox=True)
[2026-08-12 02:12:09] 2026-08-12 02:12:09 | INFO     | WeightClient 9 round 5 completed (acc=0.8545)
[2026-08-12 02:12:09] 2026-08-12 02:12:09 | INFO     | WeightClient 10 fit round 5 (fedprox=True)
[2026-08-12 02:12:53] 2026-08-12 02:12:53 | INFO     | WeightClient 10 round 5 completed (acc=0.8665)
[2026-08-12 02:12:53] 2026-08-12 02:12:53 | INFO     | WeightClient 11 fit round 5 (fedprox=True)
[2026-08-12 02:13:26] 2026-08-12 02:13:26 | INFO     | WeightClient 11 round 5 completed (acc=0.8761)
[2026-08-12 02:13:26] 2026-08-12 02:13:26 | INFO     | WeightClient 12 fit round 5 (fedprox=True)
[2026-08-12 02:14:15] 2026-08-12 02:14:15 | INFO     | WeightClient 12 round 5 completed (acc=0.8763)
[2026-08-12 02:14:15] 2026-08-12 02:14:15 | INFO     | WeightClient 13 fit round 5 (fedprox=True)
[2026-08-12 02:14:46] 2026-08-12 02:14:46 | INFO     | WeightClient 13 round 5 completed (acc=0.8696)
[2026-08-12 02:14:46] 2026-08-12 02:14:46 | INFO     | WeightClient 14 fit round 5 (fedprox=True)
[2026-08-12 02:15:19] 2026-08-12 02:15:19 | INFO     | WeightClient 14 round 5 completed (acc=0.8711)
[2026-08-12 02:15:19] 2026-08-12 02:15:19 | INFO     | WeightClient 15 fit round 5 (fedprox=True)
[2026-08-12 02:16:00] 2026-08-12 02:16:00 | INFO     | WeightClient 15 round 5 completed (acc=0.8784)
[2026-08-12 02:16:00] 2026-08-12 02:16:00 | INFO     | WeightClient 16 fit round 5 (fedprox=True)
[2026-08-12 02:16:32] 2026-08-12 02:16:32 | INFO     | WeightClient 16 round 5 completed (acc=0.8651)
[2026-08-12 02:16:32] 2026-08-12 02:16:32 | INFO     | WeightClient 17 fit round 5 (fedprox=True)
[2026-08-12 02:17:16] 2026-08-12 02:17:16 | INFO     | WeightClient 17 round 5 completed (acc=0.8732)
[2026-08-12 02:17:16] 2026-08-12 02:17:16 | INFO     | WeightClient 18 fit round 5 (fedprox=True)
[2026-08-12 02:17:50] 2026-08-12 02:17:50 | INFO     | WeightClient 18 round 5 completed (acc=0.8683)
[2026-08-12 02:17:50] 2026-08-12 02:17:50 | INFO     | WeightClient 19 fit round 5 (fedprox=True)
[2026-08-12 02:18:23] 2026-08-12 02:18:23 | INFO     | WeightClient 19 round 5 completed (acc=0.8700)
[2026-08-12 02:18:24]   Round   5/40 | Avg: 0.8713 | Min: 0.8545 | Max: 0.8836
[2026-08-12 02:18:24] 2026-08-12 02:18:24 | INFO     | FEDPROX — IID: round 6/40 starting
[2026-08-12 02:18:24] 2026-08-12 02:18:24 | INFO     | WeightClient 0 fit round 6 (fedprox=True)
[2026-08-12 02:18:54] 2026-08-12 02:18:54 | INFO     | WeightClient 0 round 6 completed (acc=0.8787)
[2026-08-12 02:18:54] 2026-08-12 02:18:54 | INFO     | WeightClient 1 fit round 6 (fedprox=True)
[2026-08-12 02:19:27] 2026-08-12 02:19:27 | INFO     | WeightClient 1 round 6 completed (acc=0.8862)
[2026-08-12 02:19:27] 2026-08-12 02:19:27 | INFO     | WeightClient 2 fit round 6 (fedprox=True)
[2026-08-12 02:20:02] 2026-08-12 02:20:02 | INFO     | WeightClient 2 round 6 completed (acc=0.8860)
[2026-08-12 02:20:02] 2026-08-12 02:20:02 | INFO     | WeightClient 3 fit round 6 (fedprox=True)
[2026-08-12 02:20:43] 2026-08-12 02:20:43 | INFO     | WeightClient 3 round 6 completed (acc=0.8818)
[2026-08-12 02:20:43] 2026-08-12 02:20:43 | INFO     | WeightClient 4 fit round 6 (fedprox=True)
[2026-08-12 02:21:16] 2026-08-12 02:21:16 | INFO     | WeightClient 4 round 6 completed (acc=0.8775)
[2026-08-12 02:21:16] 2026-08-12 02:21:16 | INFO     | WeightClient 5 fit round 6 (fedprox=True)
[2026-08-12 02:21:45] 2026-08-12 02:21:45 | INFO     | WeightClient 5 round 6 completed (acc=0.8814)
[2026-08-12 02:21:45] 2026-08-12 02:21:45 | INFO     | WeightClient 6 fit round 6 (fedprox=True)
[2026-08-12 02:22:28] 2026-08-12 02:22:28 | INFO     | WeightClient 6 round 6 completed (acc=0.8776)
[2026-08-12 02:22:28] 2026-08-12 02:22:28 | INFO     | WeightClient 7 fit round 6 (fedprox=True)
[2026-08-12 02:23:11] 2026-08-12 02:23:11 | INFO     | WeightClient 7 round 6 completed (acc=0.8683)
[2026-08-12 02:23:11] 2026-08-12 02:23:11 | INFO     | WeightClient 8 fit round 6 (fedprox=True)
[2026-08-12 02:23:39] 2026-08-12 02:23:39 | INFO     | WeightClient 8 round 6 completed (acc=0.8873)
[2026-08-12 02:23:39] 2026-08-12 02:23:39 | INFO     | WeightClient 9 fit round 6 (fedprox=True)
[2026-08-12 02:24:08] 2026-08-12 02:24:08 | INFO     | WeightClient 9 round 6 completed (acc=0.8802)
[2026-08-12 02:24:08] 2026-08-12 02:24:08 | INFO     | WeightClient 10 fit round 6 (fedprox=True)
[2026-08-12 02:24:51] 2026-08-12 02:24:51 | INFO     | WeightClient 10 round 6 completed (acc=0.8801)
[2026-08-12 02:24:51] 2026-08-12 02:24:51 | INFO     | WeightClient 11 fit round 6 (fedprox=True)
[2026-08-12 02:25:26] 2026-08-12 02:25:26 | INFO     | WeightClient 11 round 6 completed (acc=0.8693)
[2026-08-12 02:25:26] 2026-08-12 02:25:26 | INFO     | WeightClient 12 fit round 6 (fedprox=True)
[2026-08-12 02:25:53] 2026-08-12 02:25:53 | INFO     | WeightClient 12 round 6 completed (acc=0.8793)
[2026-08-12 02:25:53] 2026-08-12 02:25:53 | INFO     | WeightClient 13 fit round 6 (fedprox=True)
[2026-08-12 02:26:23] 2026-08-12 02:26:23 | INFO     | WeightClient 13 round 6 completed (acc=0.8837)
[2026-08-12 02:26:23] 2026-08-12 02:26:23 | INFO     | WeightClient 14 fit round 6 (fedprox=True)
[2026-08-12 02:26:57] 2026-08-12 02:26:57 | INFO     | WeightClient 14 round 6 completed (acc=0.8878)
[2026-08-12 02:26:57] 2026-08-12 02:26:57 | INFO     | WeightClient 15 fit round 6 (fedprox=True)
[2026-08-12 02:27:33] 2026-08-12 02:27:33 | INFO     | WeightClient 15 round 6 completed (acc=0.8773)
[2026-08-12 02:27:33] 2026-08-12 02:27:33 | INFO     | WeightClient 16 fit round 6 (fedprox=True)
[2026-08-12 02:28:03] 2026-08-12 02:28:03 | INFO     | WeightClient 16 round 6 completed (acc=0.8821)
[2026-08-12 02:28:03] 2026-08-12 02:28:03 | INFO     | WeightClient 17 fit round 6 (fedprox=True)
[2026-08-12 02:28:33] 2026-08-12 02:28:33 | INFO     | WeightClient 17 round 6 completed (acc=0.8829)
[2026-08-12 02:28:33] 2026-08-12 02:28:33 | INFO     | WeightClient 18 fit round 6 (fedprox=True)
[2026-08-12 02:29:01] 2026-08-12 02:29:01 | INFO     | WeightClient 18 round 6 completed (acc=0.8781)
[2026-08-12 02:29:01] 2026-08-12 02:29:01 | INFO     | WeightClient 19 fit round 6 (fedprox=True)
[2026-08-12 02:29:40] 2026-08-12 02:29:40 | INFO     | WeightClient 19 round 6 completed (acc=0.8706)
[2026-08-12 02:29:40]   Round   6/40 | Avg: 0.8798 | Min: 0.8683 | Max: 0.8878
[2026-08-12 02:29:40] 2026-08-12 02:29:40 | INFO     | FEDPROX — IID: round 7/40 starting
[2026-08-12 02:29:40] 2026-08-12 02:29:40 | INFO     | WeightClient 0 fit round 7 (fedprox=True)
[2026-08-12 02:30:18] 2026-08-12 02:30:18 | INFO     | WeightClient 0 round 7 completed (acc=0.8779)
[2026-08-12 02:30:18] 2026-08-12 02:30:18 | INFO     | WeightClient 1 fit round 7 (fedprox=True)
[2026-08-12 02:30:54] 2026-08-12 02:30:54 | INFO     | WeightClient 1 round 7 completed (acc=0.8829)
[2026-08-12 02:30:54] 2026-08-12 02:30:54 | INFO     | WeightClient 2 fit round 7 (fedprox=True)
[2026-08-12 02:31:25] 2026-08-12 02:31:25 | INFO     | WeightClient 2 round 7 completed (acc=0.8845)
[2026-08-12 02:31:25] 2026-08-12 02:31:25 | INFO     | WeightClient 3 fit round 7 (fedprox=True)
[2026-08-12 02:31:58] 2026-08-12 02:31:58 | INFO     | WeightClient 3 round 7 completed (acc=0.8838)
[2026-08-12 02:31:58] 2026-08-12 02:31:58 | INFO     | WeightClient 4 fit round 7 (fedprox=True)
[2026-08-12 02:32:28] 2026-08-12 02:32:28 | INFO     | WeightClient 4 round 7 completed (acc=0.8806)
[2026-08-12 02:32:28] 2026-08-12 02:32:28 | INFO     | WeightClient 5 fit round 7 (fedprox=True)
[2026-08-12 02:33:03] 2026-08-12 02:33:03 | INFO     | WeightClient 5 round 7 completed (acc=0.8884)
[2026-08-12 02:33:03] 2026-08-12 02:33:03 | INFO     | WeightClient 6 fit round 7 (fedprox=True)
[2026-08-12 02:33:38] 2026-08-12 02:33:38 | INFO     | WeightClient 6 round 7 completed (acc=0.8762)
[2026-08-12 02:33:38] 2026-08-12 02:33:38 | INFO     | WeightClient 7 fit round 7 (fedprox=True)
[2026-08-12 02:34:06] 2026-08-12 02:34:06 | INFO     | WeightClient 7 round 7 completed (acc=0.8904)
[2026-08-12 02:34:06] 2026-08-12 02:34:06 | INFO     | WeightClient 8 fit round 7 (fedprox=True)
[2026-08-12 02:34:39] 2026-08-12 02:34:39 | INFO     | WeightClient 8 round 7 completed (acc=0.8935)
[2026-08-12 02:34:39] 2026-08-12 02:34:39 | INFO     | WeightClient 9 fit round 7 (fedprox=True)
[2026-08-12 02:35:08] 2026-08-12 02:35:08 | INFO     | WeightClient 9 round 7 completed (acc=0.8895)
[2026-08-12 02:35:08] 2026-08-12 02:35:08 | INFO     | WeightClient 10 fit round 7 (fedprox=True)
[2026-08-12 02:35:37] 2026-08-12 02:35:37 | INFO     | WeightClient 10 round 7 completed (acc=0.8873)
[2026-08-12 02:35:37] 2026-08-12 02:35:37 | INFO     | WeightClient 11 fit round 7 (fedprox=True)
[2026-08-12 02:36:08] 2026-08-12 02:36:08 | INFO     | WeightClient 11 round 7 completed (acc=0.8804)
[2026-08-12 02:36:08] 2026-08-12 02:36:08 | INFO     | WeightClient 12 fit round 7 (fedprox=True)
[2026-08-12 02:36:45] 2026-08-12 02:36:45 | INFO     | WeightClient 12 round 7 completed (acc=0.8837)
[2026-08-12 02:36:45] 2026-08-12 02:36:45 | INFO     | WeightClient 13 fit round 7 (fedprox=True)
[2026-08-12 02:37:19] 2026-08-12 02:37:19 | INFO     | WeightClient 13 round 7 completed (acc=0.8843)
[2026-08-12 02:37:19] 2026-08-12 02:37:19 | INFO     | WeightClient 14 fit round 7 (fedprox=True)
[2026-08-12 02:37:42] 2026-08-12 02:37:42 | INFO     | WeightClient 14 round 7 completed (acc=0.8970)
[2026-08-12 02:37:42] 2026-08-12 02:37:42 | INFO     | WeightClient 15 fit round 7 (fedprox=True)
[2026-08-12 02:38:20] 2026-08-12 02:38:20 | INFO     | WeightClient 15 round 7 completed (acc=0.8830)
[2026-08-12 02:38:20] 2026-08-12 02:38:20 | INFO     | WeightClient 16 fit round 7 (fedprox=True)
[2026-08-12 02:38:59] 2026-08-12 02:38:59 | INFO     | WeightClient 16 round 7 completed (acc=0.8778)
[2026-08-12 02:38:59] 2026-08-12 02:38:59 | INFO     | WeightClient 17 fit round 7 (fedprox=True)
[2026-08-12 02:39:30] 2026-08-12 02:39:30 | INFO     | WeightClient 17 round 7 completed (acc=0.8814)
[2026-08-12 02:39:30] 2026-08-12 02:39:30 | INFO     | WeightClient 18 fit round 7 (fedprox=True)
[2026-08-12 02:40:11] 2026-08-12 02:40:10 | INFO     | WeightClient 18 round 7 completed (acc=0.8842)
[2026-08-12 02:40:11] 2026-08-12 02:40:11 | INFO     | WeightClient 19 fit round 7 (fedprox=True)
[2026-08-12 02:40:38] 2026-08-12 02:40:38 | INFO     | WeightClient 19 round 7 completed (acc=0.8645)
[2026-08-12 02:40:39]   Round   7/40 | Avg: 0.8836 | Min: 0.8645 | Max: 0.8970
[2026-08-12 02:40:39] 2026-08-12 02:40:39 | INFO     | FEDPROX — IID: round 8/40 starting
[2026-08-12 02:40:39] 2026-08-12 02:40:39 | INFO     | WeightClient 0 fit round 8 (fedprox=True)
[2026-08-12 02:41:10] 2026-08-12 02:41:10 | INFO     | WeightClient 0 round 8 completed (acc=0.8912)
[2026-08-12 02:41:10] 2026-08-12 02:41:10 | INFO     | WeightClient 1 fit round 8 (fedprox=True)
[2026-08-12 02:41:43] 2026-08-12 02:41:43 | INFO     | WeightClient 1 round 8 completed (acc=0.8898)
[2026-08-12 02:41:43] 2026-08-12 02:41:43 | INFO     | WeightClient 2 fit round 8 (fedprox=True)
[2026-08-12 02:42:17] 2026-08-12 02:42:17 | INFO     | WeightClient 2 round 8 completed (acc=0.8921)
[2026-08-12 02:42:17] 2026-08-12 02:42:17 | INFO     | WeightClient 3 fit round 8 (fedprox=True)
[2026-08-12 02:42:58] 2026-08-12 02:42:58 | INFO     | WeightClient 3 round 8 completed (acc=0.8734)
[2026-08-12 02:42:58] 2026-08-12 02:42:58 | INFO     | WeightClient 4 fit round 8 (fedprox=True)
[2026-08-12 02:43:36] 2026-08-12 02:43:36 | INFO     | WeightClient 4 round 8 completed (acc=0.8957)
[2026-08-12 02:43:36] 2026-08-12 02:43:36 | INFO     | WeightClient 5 fit round 8 (fedprox=True)
[2026-08-12 02:44:12] 2026-08-12 02:44:12 | INFO     | WeightClient 5 round 8 completed (acc=0.8778)
[2026-08-12 02:44:12] 2026-08-12 02:44:12 | INFO     | WeightClient 6 fit round 8 (fedprox=True)
[2026-08-12 02:44:57] 2026-08-12 02:44:57 | INFO     | WeightClient 6 round 8 completed (acc=0.8899)
[2026-08-12 02:44:57] 2026-08-12 02:44:57 | INFO     | WeightClient 7 fit round 8 (fedprox=True)
[2026-08-12 02:45:30] 2026-08-12 02:45:30 | INFO     | WeightClient 7 round 8 completed (acc=0.8932)
[2026-08-12 02:45:30] 2026-08-12 02:45:30 | INFO     | WeightClient 8 fit round 8 (fedprox=True)
[2026-08-12 02:46:07] 2026-08-12 02:46:07 | INFO     | WeightClient 8 round 8 completed (acc=0.8896)
[2026-08-12 02:46:07] 2026-08-12 02:46:07 | INFO     | WeightClient 9 fit round 8 (fedprox=True)
[2026-08-12 02:46:56] 2026-08-12 02:46:56 | INFO     | WeightClient 9 round 8 completed (acc=0.8903)
[2026-08-12 02:46:56] 2026-08-12 02:46:56 | INFO     | WeightClient 10 fit round 8 (fedprox=True)
[2026-08-12 02:47:30] 2026-08-12 02:47:30 | INFO     | WeightClient 10 round 8 completed (acc=0.8853)
[2026-08-12 02:47:30] 2026-08-12 02:47:30 | INFO     | WeightClient 11 fit round 8 (fedprox=True)
[2026-08-12 02:48:05] 2026-08-12 02:48:05 | INFO     | WeightClient 11 round 8 completed (acc=0.8932)
[2026-08-12 02:48:05] 2026-08-12 02:48:05 | INFO     | WeightClient 12 fit round 8 (fedprox=True)
[2026-08-12 02:48:50] 2026-08-12 02:48:50 | INFO     | WeightClient 12 round 8 completed (acc=0.8874)
[2026-08-12 02:48:50] 2026-08-12 02:48:50 | INFO     | WeightClient 13 fit round 8 (fedprox=True)
[2026-08-12 02:49:27] 2026-08-12 02:49:27 | INFO     | WeightClient 13 round 8 completed (acc=0.8807)
[2026-08-12 02:49:27] 2026-08-12 02:49:27 | INFO     | WeightClient 14 fit round 8 (fedprox=True)
[2026-08-12 02:50:01] 2026-08-12 02:50:01 | INFO     | WeightClient 14 round 8 completed (acc=0.8766)
[2026-08-12 02:50:01] 2026-08-12 02:50:01 | INFO     | WeightClient 15 fit round 8 (fedprox=True)
[2026-08-12 02:50:42] 2026-08-12 02:50:42 | INFO     | WeightClient 15 round 8 completed (acc=0.8879)
[2026-08-12 02:50:42] 2026-08-12 02:50:42 | INFO     | WeightClient 16 fit round 8 (fedprox=True)
[2026-08-12 02:51:22] 2026-08-12 02:51:22 | INFO     | WeightClient 16 round 8 completed (acc=0.8896)
[2026-08-12 02:51:22] 2026-08-12 02:51:22 | INFO     | WeightClient 17 fit round 8 (fedprox=True)
[2026-08-12 02:51:55] 2026-08-12 02:51:55 | INFO     | WeightClient 17 round 8 completed (acc=0.8861)
[2026-08-12 02:51:55] 2026-08-12 02:51:55 | INFO     | WeightClient 18 fit round 8 (fedprox=True)
[2026-08-12 02:52:35] 2026-08-12 02:52:35 | INFO     | WeightClient 18 round 8 completed (acc=0.8933)
[2026-08-12 02:52:35] 2026-08-12 02:52:35 | INFO     | WeightClient 19 fit round 8 (fedprox=True)
[2026-08-12 02:53:13] 2026-08-12 02:53:13 | INFO     | WeightClient 19 round 8 completed (acc=0.8869)
[2026-08-12 02:53:14]   Round   8/40 | Avg: 0.8875 | Min: 0.8734 | Max: 0.8957
[2026-08-12 02:53:14] 2026-08-12 02:53:14 | INFO     | FEDPROX — IID: round 9/40 starting
[2026-08-12 02:53:14] 2026-08-12 02:53:14 | INFO     | WeightClient 0 fit round 9 (fedprox=True)
[2026-08-12 02:53:45] 2026-08-12 02:53:45 | INFO     | WeightClient 0 round 9 completed (acc=0.9003)
[2026-08-12 02:53:45] 2026-08-12 02:53:45 | INFO     | WeightClient 1 fit round 9 (fedprox=True)
[2026-08-12 02:54:13] 2026-08-12 02:54:13 | INFO     | WeightClient 1 round 9 completed (acc=0.8965)
[2026-08-12 02:54:13] 2026-08-12 02:54:13 | INFO     | WeightClient 2 fit round 9 (fedprox=True)
[2026-08-12 02:54:44] 2026-08-12 02:54:44 | INFO     | WeightClient 2 round 9 completed (acc=0.8946)
[2026-08-12 02:54:44] 2026-08-12 02:54:44 | INFO     | WeightClient 3 fit round 9 (fedprox=True)
[2026-08-12 02:55:08] 2026-08-12 02:55:08 | INFO     | WeightClient 3 round 9 completed (acc=0.8897)
[2026-08-12 02:55:08] 2026-08-12 02:55:08 | INFO     | WeightClient 4 fit round 9 (fedprox=True)
[2026-08-12 02:55:37] 2026-08-12 02:55:37 | INFO     | WeightClient 4 round 9 completed (acc=0.8998)
[2026-08-12 02:55:37] 2026-08-12 02:55:37 | INFO     | WeightClient 5 fit round 9 (fedprox=True)
[2026-08-12 02:56:14] 2026-08-12 02:56:14 | INFO     | WeightClient 5 round 9 completed (acc=0.8964)
[2026-08-12 02:56:14] 2026-08-12 02:56:14 | INFO     | WeightClient 6 fit round 9 (fedprox=True)
[2026-08-12 02:56:53] 2026-08-12 02:56:53 | INFO     | WeightClient 6 round 9 completed (acc=0.8933)
[2026-08-12 02:56:53] 2026-08-12 02:56:53 | INFO     | WeightClient 7 fit round 9 (fedprox=True)
[2026-08-12 02:57:34] 2026-08-12 02:57:34 | INFO     | WeightClient 7 round 9 completed (acc=0.8829)
[2026-08-12 02:57:34] 2026-08-12 02:57:34 | INFO     | WeightClient 8 fit round 9 (fedprox=True)
[2026-08-12 02:58:08] 2026-08-12 02:58:08 | INFO     | WeightClient 8 round 9 completed (acc=0.8912)
[2026-08-12 02:58:08] 2026-08-12 02:58:08 | INFO     | WeightClient 9 fit round 9 (fedprox=True)
[2026-08-12 02:58:46] 2026-08-12 02:58:46 | INFO     | WeightClient 9 round 9 completed (acc=0.8913)
[2026-08-12 02:58:46] 2026-08-12 02:58:46 | INFO     | WeightClient 10 fit round 9 (fedprox=True)
[2026-08-12 02:59:23] 2026-08-12 02:59:23 | INFO     | WeightClient 10 round 9 completed (acc=0.8949)
[2026-08-12 02:59:23] 2026-08-12 02:59:23 | INFO     | WeightClient 11 fit round 9 (fedprox=True)
[2026-08-12 02:59:58] 2026-08-12 02:59:58 | INFO     | WeightClient 11 round 9 completed (acc=0.8898)
[2026-08-12 02:59:58] 2026-08-12 02:59:58 | INFO     | WeightClient 12 fit round 9 (fedprox=True)
[2026-08-12 03:00:34] 2026-08-12 03:00:34 | INFO     | WeightClient 12 round 9 completed (acc=0.8782)
[2026-08-12 03:00:34] 2026-08-12 03:00:34 | INFO     | WeightClient 13 fit round 9 (fedprox=True)
[2026-08-12 03:01:17] 2026-08-12 03:01:17 | INFO     | WeightClient 13 round 9 completed (acc=0.8836)
[2026-08-12 03:01:17] 2026-08-12 03:01:17 | INFO     | WeightClient 14 fit round 9 (fedprox=True)
[2026-08-12 03:01:49] 2026-08-12 03:01:49 | INFO     | WeightClient 14 round 9 completed (acc=0.8969)
[2026-08-12 03:01:49] 2026-08-12 03:01:49 | INFO     | WeightClient 15 fit round 9 (fedprox=True)
[2026-08-12 03:02:16] 2026-08-12 03:02:16 | INFO     | WeightClient 15 round 9 completed (acc=0.8963)
[2026-08-12 03:02:16] 2026-08-12 03:02:16 | INFO     | WeightClient 16 fit round 9 (fedprox=True)
[2026-08-12 03:02:51] 2026-08-12 03:02:51 | INFO     | WeightClient 16 round 9 completed (acc=0.8986)
[2026-08-12 03:02:51] 2026-08-12 03:02:51 | INFO     | WeightClient 17 fit round 9 (fedprox=True)
[2026-08-12 03:03:22] 2026-08-12 03:03:22 | INFO     | WeightClient 17 round 9 completed (acc=0.8885)
[2026-08-12 03:03:22] 2026-08-12 03:03:22 | INFO     | WeightClient 18 fit round 9 (fedprox=True)
[2026-08-12 03:03:54] 2026-08-12 03:03:54 | INFO     | WeightClient 18 round 9 completed (acc=0.8985)
[2026-08-12 03:03:54] 2026-08-12 03:03:54 | INFO     | WeightClient 19 fit round 9 (fedprox=True)
[2026-08-12 03:04:28] 2026-08-12 03:04:28 | INFO     | WeightClient 19 round 9 completed (acc=0.8882)
[2026-08-12 03:04:29]   Round   9/40 | Avg: 0.8925 | Min: 0.8782 | Max: 0.9003
[2026-08-12 03:04:29] 2026-08-12 03:04:29 | INFO     | FEDPROX — IID: round 10/40 starting
[2026-08-12 03:04:29] 2026-08-12 03:04:29 | INFO     | WeightClient 0 fit round 10 (fedprox=True)
[2026-08-12 03:04:57] 2026-08-12 03:04:57 | INFO     | WeightClient 0 round 10 completed (acc=0.8935)
[2026-08-12 03:04:58] 2026-08-12 03:04:58 | INFO     | WeightClient 1 fit round 10 (fedprox=True)
[2026-08-12 03:05:27] 2026-08-12 03:05:27 | INFO     | WeightClient 1 round 10 completed (acc=0.9045)
[2026-08-12 03:05:27] 2026-08-12 03:05:27 | INFO     | WeightClient 2 fit round 10 (fedprox=True)
[2026-08-12 03:06:01] 2026-08-12 03:06:01 | INFO     | WeightClient 2 round 10 completed (acc=0.8892)
[2026-08-12 03:06:01] 2026-08-12 03:06:01 | INFO     | WeightClient 3 fit round 10 (fedprox=True)
[2026-08-12 03:06:40] 2026-08-12 03:06:40 | INFO     | WeightClient 3 round 10 completed (acc=0.8983)
[2026-08-12 03:06:40] 2026-08-12 03:06:40 | INFO     | WeightClient 4 fit round 10 (fedprox=True)
[2026-08-12 03:07:12] 2026-08-12 03:07:12 | INFO     | WeightClient 4 round 10 completed (acc=0.9001)
[2026-08-12 03:07:12] 2026-08-12 03:07:12 | INFO     | WeightClient 5 fit round 10 (fedprox=True)
[2026-08-12 03:07:40] 2026-08-12 03:07:40 | INFO     | WeightClient 5 round 10 completed (acc=0.8974)
[2026-08-12 03:07:40] 2026-08-12 03:07:40 | INFO     | WeightClient 6 fit round 10 (fedprox=True)
[2026-08-12 03:08:17] 2026-08-12 03:08:17 | INFO     | WeightClient 6 round 10 completed (acc=0.8910)
[2026-08-12 03:08:17] 2026-08-12 03:08:17 | INFO     | WeightClient 7 fit round 10 (fedprox=True)
[2026-08-12 03:08:48] 2026-08-12 03:08:48 | INFO     | WeightClient 7 round 10 completed (acc=0.8951)
[2026-08-12 03:08:48] 2026-08-12 03:08:48 | INFO     | WeightClient 8 fit round 10 (fedprox=True)
[2026-08-12 03:09:21] 2026-08-12 03:09:21 | INFO     | WeightClient 8 round 10 completed (acc=0.8945)
[2026-08-12 03:09:21] 2026-08-12 03:09:21 | INFO     | WeightClient 9 fit round 10 (fedprox=True)
[2026-08-12 03:09:55] 2026-08-12 03:09:55 | INFO     | WeightClient 9 round 10 completed (acc=0.8901)
[2026-08-12 03:09:55] 2026-08-12 03:09:55 | INFO     | WeightClient 10 fit round 10 (fedprox=True)
[2026-08-12 03:10:23] 2026-08-12 03:10:23 | INFO     | WeightClient 10 round 10 completed (acc=0.8966)
[2026-08-12 03:10:23] 2026-08-12 03:10:23 | INFO     | WeightClient 11 fit round 10 (fedprox=True)
[2026-08-12 03:10:56] 2026-08-12 03:10:56 | INFO     | WeightClient 11 round 10 completed (acc=0.8998)
[2026-08-12 03:10:56] 2026-08-12 03:10:56 | INFO     | WeightClient 12 fit round 10 (fedprox=True)
[2026-08-12 03:11:20] 2026-08-12 03:11:20 | INFO     | WeightClient 12 round 10 completed (acc=0.8939)
[2026-08-12 03:11:20] 2026-08-12 03:11:20 | INFO     | WeightClient 13 fit round 10 (fedprox=True)
[2026-08-12 03:11:55] 2026-08-12 03:11:55 | INFO     | WeightClient 13 round 10 completed (acc=0.8960)
[2026-08-12 03:11:55] 2026-08-12 03:11:55 | INFO     | WeightClient 14 fit round 10 (fedprox=True)
[2026-08-12 03:12:26] 2026-08-12 03:12:26 | INFO     | WeightClient 14 round 10 completed (acc=0.8936)
[2026-08-12 03:12:26] 2026-08-12 03:12:26 | INFO     | WeightClient 15 fit round 10 (fedprox=True)
[2026-08-12 03:13:03] 2026-08-12 03:13:03 | INFO     | WeightClient 15 round 10 completed (acc=0.9000)
[2026-08-12 03:13:03] 2026-08-12 03:13:03 | INFO     | WeightClient 16 fit round 10 (fedprox=True)
[2026-08-12 03:13:35] 2026-08-12 03:13:35 | INFO     | WeightClient 16 round 10 completed (acc=0.8930)
[2026-08-12 03:13:35] 2026-08-12 03:13:35 | INFO     | WeightClient 17 fit round 10 (fedprox=True)
[2026-08-12 03:14:06] 2026-08-12 03:14:06 | INFO     | WeightClient 17 round 10 completed (acc=0.8925)
[2026-08-12 03:14:06] 2026-08-12 03:14:06 | INFO     | WeightClient 18 fit round 10 (fedprox=True)
[2026-08-12 03:14:48] 2026-08-12 03:14:48 | INFO     | WeightClient 18 round 10 completed (acc=0.9012)
[2026-08-12 03:14:48] 2026-08-12 03:14:48 | INFO     | WeightClient 19 fit round 10 (fedprox=True)
[2026-08-12 03:15:26] 2026-08-12 03:15:26 | INFO     | WeightClient 19 round 10 completed (acc=0.8968)
[2026-08-12 03:15:27]   Round  10/40 | Avg: 0.8959 | Min: 0.8892 | Max: 0.9045
[2026-08-12 03:15:27] 2026-08-12 03:15:27 | INFO     | FEDPROX — IID: round 11/40 starting
[2026-08-12 03:15:27] 2026-08-12 03:15:27 | INFO     | WeightClient 0 fit round 11 (fedprox=True)
[2026-08-12 03:15:59] 2026-08-12 03:15:59 | INFO     | WeightClient 0 round 11 completed (acc=0.8969)
[2026-08-12 03:15:59] 2026-08-12 03:15:59 | INFO     | WeightClient 1 fit round 11 (fedprox=True)
[2026-08-12 03:16:44] 2026-08-12 03:16:44 | INFO     | WeightClient 1 round 11 completed (acc=0.8974)
[2026-08-12 03:16:44] 2026-08-12 03:16:44 | INFO     | WeightClient 2 fit round 11 (fedprox=True)
[2026-08-12 03:17:21] 2026-08-12 03:17:21 | INFO     | WeightClient 2 round 11 completed (acc=0.8931)
[2026-08-12 03:17:21] 2026-08-12 03:17:21 | INFO     | WeightClient 3 fit round 11 (fedprox=True)
[2026-08-12 03:18:02] 2026-08-12 03:18:02 | INFO     | WeightClient 3 round 11 completed (acc=0.9014)
[2026-08-12 03:18:02] 2026-08-12 03:18:02 | INFO     | WeightClient 4 fit round 11 (fedprox=True)
[2026-08-12 03:18:38] 2026-08-12 03:18:38 | INFO     | WeightClient 4 round 11 completed (acc=0.8990)
[2026-08-12 03:18:38] 2026-08-12 03:18:38 | INFO     | WeightClient 5 fit round 11 (fedprox=True)
[2026-08-12 03:19:18] 2026-08-12 03:19:18 | INFO     | WeightClient 5 round 11 completed (acc=0.9052)
[2026-08-12 03:19:18] 2026-08-12 03:19:18 | INFO     | WeightClient 6 fit round 11 (fedprox=True)
[2026-08-12 03:20:03] 2026-08-12 03:20:03 | INFO     | WeightClient 6 round 11 completed (acc=0.9024)
[2026-08-12 03:20:03] 2026-08-12 03:20:03 | INFO     | WeightClient 7 fit round 11 (fedprox=True)
[2026-08-12 03:20:47] 2026-08-12 03:20:47 | INFO     | WeightClient 7 round 11 completed (acc=0.9018)
[2026-08-12 03:20:47] 2026-08-12 03:20:47 | INFO     | WeightClient 8 fit round 11 (fedprox=True)
[2026-08-12 03:21:22] 2026-08-12 03:21:22 | INFO     | WeightClient 8 round 11 completed (acc=0.8998)
[2026-08-12 03:21:22] 2026-08-12 03:21:22 | INFO     | WeightClient 9 fit round 11 (fedprox=True)
[2026-08-12 03:22:01] 2026-08-12 03:22:01 | INFO     | WeightClient 9 round 11 completed (acc=0.9090)
[2026-08-12 03:22:01] 2026-08-12 03:22:01 | INFO     | WeightClient 10 fit round 11 (fedprox=True)
[2026-08-12 03:22:43] 2026-08-12 03:22:43 | INFO     | WeightClient 10 round 11 completed (acc=0.9018)
[2026-08-12 03:22:43] 2026-08-12 03:22:43 | INFO     | WeightClient 11 fit round 11 (fedprox=True)
[2026-08-12 03:23:17] 2026-08-12 03:23:17 | INFO     | WeightClient 11 round 11 completed (acc=0.8787)
[2026-08-12 03:23:17] 2026-08-12 03:23:17 | INFO     | WeightClient 12 fit round 11 (fedprox=True)
[2026-08-12 03:23:49] 2026-08-12 03:23:49 | INFO     | WeightClient 12 round 11 completed (acc=0.8887)
[2026-08-12 03:23:49] 2026-08-12 03:23:49 | INFO     | WeightClient 13 fit round 11 (fedprox=True)
[2026-08-12 03:24:24] 2026-08-12 03:24:24 | INFO     | WeightClient 13 round 11 completed (acc=0.8977)
[2026-08-12 03:24:24] 2026-08-12 03:24:24 | INFO     | WeightClient 14 fit round 11 (fedprox=True)
[2026-08-12 03:24:52] 2026-08-12 03:24:52 | INFO     | WeightClient 14 round 11 completed (acc=0.8998)
[2026-08-12 03:24:52] 2026-08-12 03:24:52 | INFO     | WeightClient 15 fit round 11 (fedprox=True)
[2026-08-12 03:25:26] 2026-08-12 03:25:26 | INFO     | WeightClient 15 round 11 completed (acc=0.9110)
[2026-08-12 03:25:26] 2026-08-12 03:25:26 | INFO     | WeightClient 16 fit round 11 (fedprox=True)
[2026-08-12 03:25:55] 2026-08-12 03:25:55 | INFO     | WeightClient 16 round 11 completed (acc=0.9031)
[2026-08-12 03:25:55] 2026-08-12 03:25:55 | INFO     | WeightClient 17 fit round 11 (fedprox=True)
[2026-08-12 03:26:33] 2026-08-12 03:26:33 | INFO     | WeightClient 17 round 11 completed (acc=0.8866)
[2026-08-12 03:26:33] 2026-08-12 03:26:33 | INFO     | WeightClient 18 fit round 11 (fedprox=True)
[2026-08-12 03:27:15] 2026-08-12 03:27:15 | INFO     | WeightClient 18 round 11 completed (acc=0.9007)
[2026-08-12 03:27:15] 2026-08-12 03:27:15 | INFO     | WeightClient 19 fit round 11 (fedprox=True)
[2026-08-12 03:27:51] 2026-08-12 03:27:51 | INFO     | WeightClient 19 round 11 completed (acc=0.8959)
[2026-08-12 03:27:51]   Round  11/40 | Avg: 0.8985 | Min: 0.8787 | Max: 0.9110
[2026-08-12 03:27:51] 2026-08-12 03:27:51 | INFO     | FEDPROX — IID: round 12/40 starting
[2026-08-12 03:27:51] 2026-08-12 03:27:51 | INFO     | WeightClient 0 fit round 12 (fedprox=True)
[2026-08-12 03:28:19] 2026-08-12 03:28:19 | INFO     | WeightClient 0 round 12 completed (acc=0.9082)
[2026-08-12 03:28:19] 2026-08-12 03:28:19 | INFO     | WeightClient 1 fit round 12 (fedprox=True)
[2026-08-12 03:28:55] 2026-08-12 03:28:55 | INFO     | WeightClient 1 round 12 completed (acc=0.9117)
[2026-08-12 03:28:55] 2026-08-12 03:28:55 | INFO     | WeightClient 2 fit round 12 (fedprox=True)
[2026-08-12 03:29:29] 2026-08-12 03:29:29 | INFO     | WeightClient 2 round 12 completed (acc=0.9059)
[2026-08-12 03:29:29] 2026-08-12 03:29:29 | INFO     | WeightClient 3 fit round 12 (fedprox=True)
[2026-08-12 03:30:19] 2026-08-12 03:30:19 | INFO     | WeightClient 3 round 12 completed (acc=0.8997)
[2026-08-12 03:30:19] 2026-08-12 03:30:19 | INFO     | WeightClient 4 fit round 12 (fedprox=True)
[2026-08-12 03:30:55] 2026-08-12 03:30:55 | INFO     | WeightClient 4 round 12 completed (acc=0.9044)
[2026-08-12 03:30:55] 2026-08-12 03:30:55 | INFO     | WeightClient 5 fit round 12 (fedprox=True)
[2026-08-12 03:31:29] 2026-08-12 03:31:29 | INFO     | WeightClient 5 round 12 completed (acc=0.9120)
[2026-08-12 03:31:29] 2026-08-12 03:31:29 | INFO     | WeightClient 6 fit round 12 (fedprox=True)
[2026-08-12 03:32:17] 2026-08-12 03:32:17 | INFO     | WeightClient 6 round 12 completed (acc=0.8964)
[2026-08-12 03:32:17] 2026-08-12 03:32:17 | INFO     | WeightClient 7 fit round 12 (fedprox=True)
[2026-08-12 03:32:55] 2026-08-12 03:32:55 | INFO     | WeightClient 7 round 12 completed (acc=0.9008)
[2026-08-12 03:32:55] 2026-08-12 03:32:55 | INFO     | WeightClient 8 fit round 12 (fedprox=True)
[2026-08-12 03:33:29] 2026-08-12 03:33:29 | INFO     | WeightClient 8 round 12 completed (acc=0.9039)
[2026-08-12 03:33:29] 2026-08-12 03:33:29 | INFO     | WeightClient 9 fit round 12 (fedprox=True)
[2026-08-12 03:34:04] 2026-08-12 03:34:04 | INFO     | WeightClient 9 round 12 completed (acc=0.9048)
[2026-08-12 03:34:04] 2026-08-12 03:34:04 | INFO     | WeightClient 10 fit round 12 (fedprox=True)
[2026-08-12 03:34:41] 2026-08-12 03:34:41 | INFO     | WeightClient 10 round 12 completed (acc=0.9022)
[2026-08-12 03:34:41] 2026-08-12 03:34:41 | INFO     | WeightClient 11 fit round 12 (fedprox=True)
[2026-08-12 03:35:14] 2026-08-12 03:35:14 | INFO     | WeightClient 11 round 12 completed (acc=0.9052)
[2026-08-12 03:35:14] 2026-08-12 03:35:14 | INFO     | WeightClient 12 fit round 12 (fedprox=True)
[2026-08-12 03:35:49] 2026-08-12 03:35:49 | INFO     | WeightClient 12 round 12 completed (acc=0.9015)
[2026-08-12 03:35:49] 2026-08-12 03:35:49 | INFO     | WeightClient 13 fit round 12 (fedprox=True)
[2026-08-12 03:36:27] 2026-08-12 03:36:27 | INFO     | WeightClient 13 round 12 completed (acc=0.9003)
[2026-08-12 03:36:27] 2026-08-12 03:36:27 | INFO     | WeightClient 14 fit round 12 (fedprox=True)
[2026-08-12 03:37:01] 2026-08-12 03:37:01 | INFO     | WeightClient 14 round 12 completed (acc=0.9016)
[2026-08-12 03:37:01] 2026-08-12 03:37:01 | INFO     | WeightClient 15 fit round 12 (fedprox=True)
[2026-08-12 03:37:28] 2026-08-12 03:37:28 | INFO     | WeightClient 15 round 12 completed (acc=0.9029)
[2026-08-12 03:37:28] 2026-08-12 03:37:28 | INFO     | WeightClient 16 fit round 12 (fedprox=True)
[2026-08-12 03:37:54] 2026-08-12 03:37:54 | INFO     | WeightClient 16 round 12 completed (acc=0.9056)
[2026-08-12 03:37:54] 2026-08-12 03:37:54 | INFO     | WeightClient 17 fit round 12 (fedprox=True)
[2026-08-12 03:38:20] 2026-08-12 03:38:20 | INFO     | WeightClient 17 round 12 completed (acc=0.9007)
[2026-08-12 03:38:20] 2026-08-12 03:38:20 | INFO     | WeightClient 18 fit round 12 (fedprox=True)
[2026-08-12 03:38:54] 2026-08-12 03:38:54 | INFO     | WeightClient 18 round 12 completed (acc=0.9050)
[2026-08-12 03:38:54] 2026-08-12 03:38:54 | INFO     | WeightClient 19 fit round 12 (fedprox=True)
[2026-08-12 03:39:28] 2026-08-12 03:39:28 | INFO     | WeightClient 19 round 12 completed (acc=0.8793)
[2026-08-12 03:39:29]   Round  12/40 | Avg: 0.9026 | Min: 0.8793 | Max: 0.9120
[2026-08-12 03:39:29] 2026-08-12 03:39:29 | INFO     | FEDPROX — IID: round 13/40 starting
[2026-08-12 03:39:29] 2026-08-12 03:39:29 | INFO     | WeightClient 0 fit round 13 (fedprox=True)
[2026-08-12 03:39:59] 2026-08-12 03:39:59 | INFO     | WeightClient 0 round 13 completed (acc=0.9101)
[2026-08-12 03:39:59] 2026-08-12 03:39:59 | INFO     | WeightClient 1 fit round 13 (fedprox=True)
[2026-08-12 03:40:37] 2026-08-12 03:40:37 | INFO     | WeightClient 1 round 13 completed (acc=0.9100)
[2026-08-12 03:40:37] 2026-08-12 03:40:37 | INFO     | WeightClient 2 fit round 13 (fedprox=True)
[2026-08-12 03:41:06] 2026-08-12 03:41:06 | INFO     | WeightClient 2 round 13 completed (acc=0.9001)
[2026-08-12 03:41:06] 2026-08-12 03:41:06 | INFO     | WeightClient 3 fit round 13 (fedprox=True)
[2026-08-12 03:41:40] 2026-08-12 03:41:40 | INFO     | WeightClient 3 round 13 completed (acc=0.9079)
[2026-08-12 03:41:40] 2026-08-12 03:41:40 | INFO     | WeightClient 4 fit round 13 (fedprox=True)
[2026-08-12 03:42:22] 2026-08-12 03:42:22 | INFO     | WeightClient 4 round 13 completed (acc=0.9102)
[2026-08-12 03:42:22] 2026-08-12 03:42:22 | INFO     | WeightClient 5 fit round 13 (fedprox=True)
[2026-08-12 03:43:02] 2026-08-12 03:43:02 | INFO     | WeightClient 5 round 13 completed (acc=0.9098)
[2026-08-12 03:43:02] 2026-08-12 03:43:02 | INFO     | WeightClient 6 fit round 13 (fedprox=True)
[2026-08-12 03:43:37] 2026-08-12 03:43:37 | INFO     | WeightClient 6 round 13 completed (acc=0.9066)
[2026-08-12 03:43:37] 2026-08-12 03:43:37 | INFO     | WeightClient 7 fit round 13 (fedprox=True)
[2026-08-12 03:44:11] 2026-08-12 03:44:11 | INFO     | WeightClient 7 round 13 completed (acc=0.9005)
[2026-08-12 03:44:11] 2026-08-12 03:44:11 | INFO     | WeightClient 8 fit round 13 (fedprox=True)
[2026-08-12 03:44:50] 2026-08-12 03:44:50 | INFO     | WeightClient 8 round 13 completed (acc=0.9088)
[2026-08-12 03:44:50] 2026-08-12 03:44:50 | INFO     | WeightClient 9 fit round 13 (fedprox=True)
[2026-08-12 03:45:27] 2026-08-12 03:45:27 | INFO     | WeightClient 9 round 13 completed (acc=0.9016)
[2026-08-12 03:45:27] 2026-08-12 03:45:27 | INFO     | WeightClient 10 fit round 13 (fedprox=True)
[2026-08-12 03:46:04] 2026-08-12 03:46:04 | INFO     | WeightClient 10 round 13 completed (acc=0.8914)
[2026-08-12 03:46:04] 2026-08-12 03:46:04 | INFO     | WeightClient 11 fit round 13 (fedprox=True)
[2026-08-12 03:46:41] 2026-08-12 03:46:41 | INFO     | WeightClient 11 round 13 completed (acc=0.9043)
[2026-08-12 03:46:41] 2026-08-12 03:46:41 | INFO     | WeightClient 12 fit round 13 (fedprox=True)
[2026-08-12 03:47:17] 2026-08-12 03:47:17 | INFO     | WeightClient 12 round 13 completed (acc=0.8993)
[2026-08-12 03:47:17] 2026-08-12 03:47:17 | INFO     | WeightClient 13 fit round 13 (fedprox=True)
[2026-08-12 03:47:52] 2026-08-12 03:47:52 | INFO     | WeightClient 13 round 13 completed (acc=0.9023)
[2026-08-12 03:47:52] 2026-08-12 03:47:52 | INFO     | WeightClient 14 fit round 13 (fedprox=True)
[2026-08-12 03:48:28] 2026-08-12 03:48:28 | INFO     | WeightClient 14 round 13 completed (acc=0.9052)
[2026-08-12 03:48:28] 2026-08-12 03:48:28 | INFO     | WeightClient 15 fit round 13 (fedprox=True)
[2026-08-12 03:49:00] 2026-08-12 03:49:00 | INFO     | WeightClient 15 round 13 completed (acc=0.9018)
[2026-08-12 03:49:00] 2026-08-12 03:49:00 | INFO     | WeightClient 16 fit round 13 (fedprox=True)
[2026-08-12 03:49:38] 2026-08-12 03:49:38 | INFO     | WeightClient 16 round 13 completed (acc=0.9081)
[2026-08-12 03:49:38] 2026-08-12 03:49:38 | INFO     | WeightClient 17 fit round 13 (fedprox=True)
[2026-08-12 03:50:11] 2026-08-12 03:50:11 | INFO     | WeightClient 17 round 13 completed (acc=0.9038)
[2026-08-12 03:50:11] 2026-08-12 03:50:11 | INFO     | WeightClient 18 fit round 13 (fedprox=True)
[2026-08-12 03:50:46] 2026-08-12 03:50:46 | INFO     | WeightClient 18 round 13 completed (acc=0.9086)
[2026-08-12 03:50:46] 2026-08-12 03:50:46 | INFO     | WeightClient 19 fit round 13 (fedprox=True)
[2026-08-12 03:51:28] 2026-08-12 03:51:28 | INFO     | WeightClient 19 round 13 completed (acc=0.9093)
[2026-08-12 03:51:29]   Round  13/40 | Avg: 0.9050 | Min: 0.8914 | Max: 0.9102
[2026-08-12 03:51:29] 2026-08-12 03:51:29 | INFO     | FEDPROX — IID: round 14/40 starting
[2026-08-12 03:51:29] 2026-08-12 03:51:29 | INFO     | WeightClient 0 fit round 14 (fedprox=True)
[2026-08-12 03:52:05] 2026-08-12 03:52:05 | INFO     | WeightClient 0 round 14 completed (acc=0.9102)
[2026-08-12 03:52:05] 2026-08-12 03:52:05 | INFO     | WeightClient 1 fit round 14 (fedprox=True)
[2026-08-12 03:52:34] 2026-08-12 03:52:34 | INFO     | WeightClient 1 round 14 completed (acc=0.9163)
[2026-08-12 03:52:34] 2026-08-12 03:52:34 | INFO     | WeightClient 2 fit round 14 (fedprox=True)
[2026-08-12 03:53:04] 2026-08-12 03:53:04 | INFO     | WeightClient 2 round 14 completed (acc=0.9150)
[2026-08-12 03:53:04] 2026-08-12 03:53:04 | INFO     | WeightClient 3 fit round 14 (fedprox=True)
[2026-08-12 03:53:43] 2026-08-12 03:53:43 | INFO     | WeightClient 3 round 14 completed (acc=0.9063)
[2026-08-12 03:53:43] 2026-08-12 03:53:43 | INFO     | WeightClient 4 fit round 14 (fedprox=True)
[2026-08-12 03:54:25] 2026-08-12 03:54:25 | INFO     | WeightClient 4 round 14 completed (acc=0.8992)
[2026-08-12 03:54:25] 2026-08-12 03:54:25 | INFO     | WeightClient 5 fit round 14 (fedprox=True)
[2026-08-12 03:54:58] 2026-08-12 03:54:58 | INFO     | WeightClient 5 round 14 completed (acc=0.9062)
[2026-08-12 03:54:58] 2026-08-12 03:54:58 | INFO     | WeightClient 6 fit round 14 (fedprox=True)
[2026-08-12 03:55:33] 2026-08-12 03:55:33 | INFO     | WeightClient 6 round 14 completed (acc=0.9069)
[2026-08-12 03:55:33] 2026-08-12 03:55:33 | INFO     | WeightClient 7 fit round 14 (fedprox=True)
[2026-08-12 03:56:08] 2026-08-12 03:56:08 | INFO     | WeightClient 7 round 14 completed (acc=0.8988)
[2026-08-12 03:56:08] 2026-08-12 03:56:08 | INFO     | WeightClient 8 fit round 14 (fedprox=True)
[2026-08-12 03:56:55] 2026-08-12 03:56:55 | INFO     | WeightClient 8 round 14 completed (acc=0.9099)
[2026-08-12 03:56:55] 2026-08-12 03:56:55 | INFO     | WeightClient 9 fit round 14 (fedprox=True)
[2026-08-12 03:57:29] 2026-08-12 03:57:29 | INFO     | WeightClient 9 round 14 completed (acc=0.9104)
[2026-08-12 03:57:29] 2026-08-12 03:57:29 | INFO     | WeightClient 10 fit round 14 (fedprox=True)
[2026-08-12 03:57:55] 2026-08-12 03:57:55 | INFO     | WeightClient 10 round 14 completed (acc=0.9021)
[2026-08-12 03:57:55] 2026-08-12 03:57:55 | INFO     | WeightClient 11 fit round 14 (fedprox=True)
[2026-08-12 03:58:28] 2026-08-12 03:58:28 | INFO     | WeightClient 11 round 14 completed (acc=0.9024)
[2026-08-12 03:58:28] 2026-08-12 03:58:28 | INFO     | WeightClient 12 fit round 14 (fedprox=True)
[2026-08-12 03:59:19] 2026-08-12 03:59:19 | INFO     | WeightClient 12 round 14 completed (acc=0.9009)
[2026-08-12 03:59:19] 2026-08-12 03:59:19 | INFO     | WeightClient 13 fit round 14 (fedprox=True)
[2026-08-12 03:59:57] 2026-08-12 03:59:57 | INFO     | WeightClient 13 round 14 completed (acc=0.9123)
[2026-08-12 03:59:57] 2026-08-12 03:59:57 | INFO     | WeightClient 14 fit round 14 (fedprox=True)
[2026-08-12 04:00:29] 2026-08-12 04:00:29 | INFO     | WeightClient 14 round 14 completed (acc=0.9106)
[2026-08-12 04:00:29] 2026-08-12 04:00:29 | INFO     | WeightClient 15 fit round 14 (fedprox=True)
[2026-08-12 04:01:00] 2026-08-12 04:01:00 | INFO     | WeightClient 15 round 14 completed (acc=0.9120)
[2026-08-12 04:01:00] 2026-08-12 04:01:00 | INFO     | WeightClient 16 fit round 14 (fedprox=True)
[2026-08-12 04:01:42] 2026-08-12 04:01:42 | INFO     | WeightClient 16 round 14 completed (acc=0.9013)
[2026-08-12 04:01:42] 2026-08-12 04:01:42 | INFO     | WeightClient 17 fit round 14 (fedprox=True)
[2026-08-12 04:02:22] 2026-08-12 04:02:22 | INFO     | WeightClient 17 round 14 completed (acc=0.9074)
[2026-08-12 04:02:22] 2026-08-12 04:02:22 | INFO     | WeightClient 18 fit round 14 (fedprox=True)
[2026-08-12 04:02:58] 2026-08-12 04:02:58 | INFO     | WeightClient 18 round 14 completed (acc=0.8959)
[2026-08-12 04:02:58] 2026-08-12 04:02:58 | INFO     | WeightClient 19 fit round 14 (fedprox=True)
[2026-08-12 04:03:29] 2026-08-12 04:03:29 | INFO     | WeightClient 19 round 14 completed (acc=0.9018)
[2026-08-12 04:03:29]   Round  14/40 | Avg: 0.9063 | Min: 0.8959 | Max: 0.9163
[2026-08-12 04:03:29] 2026-08-12 04:03:29 | INFO     | FEDPROX — IID: round 15/40 starting
[2026-08-12 04:03:29] 2026-08-12 04:03:29 | INFO     | WeightClient 0 fit round 15 (fedprox=True)
[2026-08-12 04:04:11] 2026-08-12 04:04:11 | INFO     | WeightClient 0 round 15 completed (acc=0.9109)
[2026-08-12 04:04:11] 2026-08-12 04:04:11 | INFO     | WeightClient 1 fit round 15 (fedprox=True)
[2026-08-12 04:04:56] 2026-08-12 04:04:56 | INFO     | WeightClient 1 round 15 completed (acc=0.9066)
[2026-08-12 04:04:56] 2026-08-12 04:04:56 | INFO     | WeightClient 2 fit round 15 (fedprox=True)
[2026-08-12 04:05:23] 2026-08-12 04:05:23 | INFO     | WeightClient 2 round 15 completed (acc=0.9029)
[2026-08-12 04:05:23] 2026-08-12 04:05:23 | INFO     | WeightClient 3 fit round 15 (fedprox=True)
[2026-08-12 04:05:44] 2026-08-12 04:05:44 | INFO     | WeightClient 3 round 15 completed (acc=0.9134)
[2026-08-12 04:05:44] 2026-08-12 04:05:44 | INFO     | WeightClient 4 fit round 15 (fedprox=True)
[2026-08-12 04:06:12] 2026-08-12 04:06:12 | INFO     | WeightClient 4 round 15 completed (acc=0.9048)
[2026-08-12 04:06:12] 2026-08-12 04:06:12 | INFO     | WeightClient 5 fit round 15 (fedprox=True)
[2026-08-12 04:06:44] 2026-08-12 04:06:44 | INFO     | WeightClient 5 round 15 completed (acc=0.9177)
[2026-08-12 04:06:44] 2026-08-12 04:06:44 | INFO     | WeightClient 6 fit round 15 (fedprox=True)
[2026-08-12 04:07:08] 2026-08-12 04:07:08 | INFO     | WeightClient 6 round 15 completed (acc=0.9089)
[2026-08-12 04:07:08] 2026-08-12 04:07:08 | INFO     | WeightClient 7 fit round 15 (fedprox=True)
[2026-08-12 04:07:36] 2026-08-12 04:07:36 | INFO     | WeightClient 7 round 15 completed (acc=0.8980)
[2026-08-12 04:07:36] 2026-08-12 04:07:36 | INFO     | WeightClient 8 fit round 15 (fedprox=True)
[2026-08-12 04:08:05] 2026-08-12 04:08:05 | INFO     | WeightClient 8 round 15 completed (acc=0.9139)
[2026-08-12 04:08:06] 2026-08-12 04:08:05 | INFO     | WeightClient 9 fit round 15 (fedprox=True)
[2026-08-12 04:08:35] 2026-08-12 04:08:35 | INFO     | WeightClient 9 round 15 completed (acc=0.9106)
[2026-08-12 04:08:35] 2026-08-12 04:08:35 | INFO     | WeightClient 10 fit round 15 (fedprox=True)
[2026-08-12 04:09:01] 2026-08-12 04:09:01 | INFO     | WeightClient 10 round 15 completed (acc=0.9057)
[2026-08-12 04:09:01] 2026-08-12 04:09:01 | INFO     | WeightClient 11 fit round 15 (fedprox=True)
[2026-08-12 04:09:38] 2026-08-12 04:09:38 | INFO     | WeightClient 11 round 15 completed (acc=0.9090)
[2026-08-12 04:09:38] 2026-08-12 04:09:38 | INFO     | WeightClient 12 fit round 15 (fedprox=True)
[2026-08-12 04:10:08] 2026-08-12 04:10:08 | INFO     | WeightClient 12 round 15 completed (acc=0.9106)
[2026-08-12 04:10:08] 2026-08-12 04:10:08 | INFO     | WeightClient 13 fit round 15 (fedprox=True)
[2026-08-12 04:10:44] 2026-08-12 04:10:44 | INFO     | WeightClient 13 round 15 completed (acc=0.9106)
[2026-08-12 04:10:44] 2026-08-12 04:10:44 | INFO     | WeightClient 14 fit round 15 (fedprox=True)
[2026-08-12 04:11:29] 2026-08-12 04:11:29 | INFO     | WeightClient 14 round 15 completed (acc=0.9037)
[2026-08-12 04:11:29] 2026-08-12 04:11:29 | INFO     | WeightClient 15 fit round 15 (fedprox=True)
[2026-08-12 04:12:00] 2026-08-12 04:12:00 | INFO     | WeightClient 15 round 15 completed (acc=0.9013)
[2026-08-12 04:12:00] 2026-08-12 04:12:00 | INFO     | WeightClient 16 fit round 15 (fedprox=True)
[2026-08-12 04:12:36] 2026-08-12 04:12:36 | INFO     | WeightClient 16 round 15 completed (acc=0.9172)
[2026-08-12 04:12:36] 2026-08-12 04:12:36 | INFO     | WeightClient 17 fit round 15 (fedprox=True)
[2026-08-12 04:13:22] 2026-08-12 04:13:22 | INFO     | WeightClient 17 round 15 completed (acc=0.9060)
[2026-08-12 04:13:22] 2026-08-12 04:13:22 | INFO     | WeightClient 18 fit round 15 (fedprox=True)
[2026-08-12 04:14:02] 2026-08-12 04:14:02 | INFO     | WeightClient 18 round 15 completed (acc=0.9030)
[2026-08-12 04:14:02] 2026-08-12 04:14:02 | INFO     | WeightClient 19 fit round 15 (fedprox=True)
[2026-08-12 04:14:39] 2026-08-12 04:14:39 | INFO     | WeightClient 19 round 15 completed (acc=0.9135)
[2026-08-12 04:14:39]   Round  15/40 | Avg: 0.9084 | Min: 0.8980 | Max: 0.9177
[2026-08-12 04:14:39] 2026-08-12 04:14:39 | INFO     | FEDPROX — IID: round 16/40 starting
[2026-08-12 04:14:39] 2026-08-12 04:14:39 | INFO     | WeightClient 0 fit round 16 (fedprox=True)
[2026-08-12 04:15:24] 2026-08-12 04:15:24 | INFO     | WeightClient 0 round 16 completed (acc=0.9181)
[2026-08-12 04:15:24] 2026-08-12 04:15:24 | INFO     | WeightClient 1 fit round 16 (fedprox=True)
[2026-08-12 04:15:57] 2026-08-12 04:15:57 | INFO     | WeightClient 1 round 16 completed (acc=0.9128)
[2026-08-12 04:15:57] 2026-08-12 04:15:57 | INFO     | WeightClient 2 fit round 16 (fedprox=True)
[2026-08-12 04:16:39] 2026-08-12 04:16:39 | INFO     | WeightClient 2 round 16 completed (acc=0.9146)
[2026-08-12 04:16:39] 2026-08-12 04:16:39 | INFO     | WeightClient 3 fit round 16 (fedprox=True)
[2026-08-12 04:17:31] 2026-08-12 04:17:31 | INFO     | WeightClient 3 round 16 completed (acc=0.9154)
[2026-08-12 04:17:31] 2026-08-12 04:17:31 | INFO     | WeightClient 4 fit round 16 (fedprox=True)
[2026-08-12 04:18:06] 2026-08-12 04:18:06 | INFO     | WeightClient 4 round 16 completed (acc=0.9052)
[2026-08-12 04:18:06] 2026-08-12 04:18:06 | INFO     | WeightClient 5 fit round 16 (fedprox=True)
[2026-08-12 04:18:48] 2026-08-12 04:18:48 | INFO     | WeightClient 5 round 16 completed (acc=0.9169)
[2026-08-12 04:18:48] 2026-08-12 04:18:48 | INFO     | WeightClient 6 fit round 16 (fedprox=True)
[2026-08-12 04:19:22] 2026-08-12 04:19:22 | INFO     | WeightClient 6 round 16 completed (acc=0.9162)
[2026-08-12 04:19:22] 2026-08-12 04:19:22 | INFO     | WeightClient 7 fit round 16 (fedprox=True)
[2026-08-12 04:19:45] 2026-08-12 04:19:45 | INFO     | WeightClient 7 round 16 completed (acc=0.9131)
[2026-08-12 04:19:45] 2026-08-12 04:19:45 | INFO     | WeightClient 8 fit round 16 (fedprox=True)
[2026-08-12 04:20:24] 2026-08-12 04:20:24 | INFO     | WeightClient 8 round 16 completed (acc=0.9140)
[2026-08-12 04:20:24] 2026-08-12 04:20:24 | INFO     | WeightClient 9 fit round 16 (fedprox=True)
[2026-08-12 04:20:59] 2026-08-12 04:20:59 | INFO     | WeightClient 9 round 16 completed (acc=0.9214)
[2026-08-12 04:20:59] 2026-08-12 04:20:59 | INFO     | WeightClient 10 fit round 16 (fedprox=True)
[2026-08-12 04:21:34] 2026-08-12 04:21:34 | INFO     | WeightClient 10 round 16 completed (acc=0.9131)
[2026-08-12 04:21:34] 2026-08-12 04:21:34 | INFO     | WeightClient 11 fit round 16 (fedprox=True)
[2026-08-12 04:22:12] 2026-08-12 04:22:12 | INFO     | WeightClient 11 round 16 completed (acc=0.9164)
[2026-08-12 04:22:12] 2026-08-12 04:22:12 | INFO     | WeightClient 12 fit round 16 (fedprox=True)
[2026-08-12 04:22:47] 2026-08-12 04:22:47 | INFO     | WeightClient 12 round 16 completed (acc=0.9058)
[2026-08-12 04:22:47] 2026-08-12 04:22:47 | INFO     | WeightClient 13 fit round 16 (fedprox=True)
[2026-08-12 04:23:22] 2026-08-12 04:23:22 | INFO     | WeightClient 13 round 16 completed (acc=0.9067)
[2026-08-12 04:23:22] 2026-08-12 04:23:22 | INFO     | WeightClient 14 fit round 16 (fedprox=True)
[2026-08-12 04:24:02] 2026-08-12 04:24:02 | INFO     | WeightClient 14 round 16 completed (acc=0.9175)
[2026-08-12 04:24:02] 2026-08-12 04:24:02 | INFO     | WeightClient 15 fit round 16 (fedprox=True)
[2026-08-12 04:24:38] 2026-08-12 04:24:38 | INFO     | WeightClient 15 round 16 completed (acc=0.9071)
[2026-08-12 04:24:39] 2026-08-12 04:24:38 | INFO     | WeightClient 16 fit round 16 (fedprox=True)
[2026-08-12 04:25:15] 2026-08-12 04:25:15 | INFO     | WeightClient 16 round 16 completed (acc=0.9092)
[2026-08-12 04:25:15] 2026-08-12 04:25:15 | INFO     | WeightClient 17 fit round 16 (fedprox=True)
[2026-08-12 04:25:57] 2026-08-12 04:25:57 | INFO     | WeightClient 17 round 16 completed (acc=0.9113)
[2026-08-12 04:25:57] 2026-08-12 04:25:57 | INFO     | WeightClient 18 fit round 16 (fedprox=True)
[2026-08-12 04:26:44] 2026-08-12 04:26:44 | INFO     | WeightClient 18 round 16 completed (acc=0.9129)
[2026-08-12 04:26:44] 2026-08-12 04:26:44 | INFO     | WeightClient 19 fit round 16 (fedprox=True)
[2026-08-12 04:27:11] 2026-08-12 04:27:11 | INFO     | WeightClient 19 round 16 completed (acc=0.9070)
[2026-08-12 04:27:12]   Round  16/40 | Avg: 0.9127 | Min: 0.9052 | Max: 0.9214
[2026-08-12 04:27:12] 2026-08-12 04:27:12 | INFO     | FEDPROX — IID: round 17/40 starting
[2026-08-12 04:27:12] 2026-08-12 04:27:12 | INFO     | WeightClient 0 fit round 17 (fedprox=True)
[2026-08-12 04:27:48] 2026-08-12 04:27:48 | INFO     | WeightClient 0 round 17 completed (acc=0.9196)
[2026-08-12 04:27:48] 2026-08-12 04:27:48 | INFO     | WeightClient 1 fit round 17 (fedprox=True)
[2026-08-12 04:28:25] 2026-08-12 04:28:25 | INFO     | WeightClient 1 round 17 completed (acc=0.9163)
[2026-08-12 04:28:25] 2026-08-12 04:28:25 | INFO     | WeightClient 2 fit round 17 (fedprox=True)
[2026-08-12 04:29:15] 2026-08-12 04:29:15 | INFO     | WeightClient 2 round 17 completed (acc=0.9107)
[2026-08-12 04:29:15] 2026-08-12 04:29:15 | INFO     | WeightClient 3 fit round 17 (fedprox=True)
[2026-08-12 04:29:50] 2026-08-12 04:29:50 | INFO     | WeightClient 3 round 17 completed (acc=0.9109)
[2026-08-12 04:29:50] 2026-08-12 04:29:50 | INFO     | WeightClient 4 fit round 17 (fedprox=True)
[2026-08-12 04:30:27] 2026-08-12 04:30:27 | INFO     | WeightClient 4 round 17 completed (acc=0.9046)
[2026-08-12 04:30:27] 2026-08-12 04:30:27 | INFO     | WeightClient 5 fit round 17 (fedprox=True)
[2026-08-12 04:30:55] 2026-08-12 04:30:55 | INFO     | WeightClient 5 round 17 completed (acc=0.9182)
[2026-08-12 04:30:55] 2026-08-12 04:30:55 | INFO     | WeightClient 6 fit round 17 (fedprox=True)
[2026-08-12 04:31:40] 2026-08-12 04:31:40 | INFO     | WeightClient 6 round 17 completed (acc=0.9121)
[2026-08-12 04:31:40] 2026-08-12 04:31:40 | INFO     | WeightClient 7 fit round 17 (fedprox=True)
[2026-08-12 04:32:22] 2026-08-12 04:32:22 | INFO     | WeightClient 7 round 17 completed (acc=0.9177)
[2026-08-12 04:32:22] 2026-08-12 04:32:22 | INFO     | WeightClient 8 fit round 17 (fedprox=True)
[2026-08-12 04:33:00] 2026-08-12 04:33:00 | INFO     | WeightClient 8 round 17 completed (acc=0.9109)
[2026-08-12 04:33:00] 2026-08-12 04:33:00 | INFO     | WeightClient 9 fit round 17 (fedprox=True)
[2026-08-12 04:33:39] 2026-08-12 04:33:39 | INFO     | WeightClient 9 round 17 completed (acc=0.9229)
[2026-08-12 04:33:39] 2026-08-12 04:33:39 | INFO     | WeightClient 10 fit round 17 (fedprox=True)
[2026-08-12 04:34:31] 2026-08-12 04:34:31 | INFO     | WeightClient 10 round 17 completed (acc=0.9169)
[2026-08-12 04:34:31] 2026-08-12 04:34:31 | INFO     | WeightClient 11 fit round 17 (fedprox=True)
[2026-08-12 04:35:09] 2026-08-12 04:35:09 | INFO     | WeightClient 11 round 17 completed (acc=0.9055)
[2026-08-12 04:35:09] 2026-08-12 04:35:09 | INFO     | WeightClient 12 fit round 17 (fedprox=True)
[2026-08-12 04:35:45] 2026-08-12 04:35:45 | INFO     | WeightClient 12 round 17 completed (acc=0.9152)
[2026-08-12 04:35:45] 2026-08-12 04:35:45 | INFO     | WeightClient 13 fit round 17 (fedprox=True)
[2026-08-12 04:36:23] 2026-08-12 04:36:23 | INFO     | WeightClient 13 round 17 completed (acc=0.9155)
[2026-08-12 04:36:23] 2026-08-12 04:36:23 | INFO     | WeightClient 14 fit round 17 (fedprox=True)
[2026-08-12 04:37:08] 2026-08-12 04:37:08 | INFO     | WeightClient 14 round 17 completed (acc=0.9116)
[2026-08-12 04:37:08] 2026-08-12 04:37:08 | INFO     | WeightClient 15 fit round 17 (fedprox=True)
[2026-08-12 04:37:53] 2026-08-12 04:37:53 | INFO     | WeightClient 15 round 17 completed (acc=0.9146)
[2026-08-12 04:37:53] 2026-08-12 04:37:53 | INFO     | WeightClient 16 fit round 17 (fedprox=True)
[2026-08-12 04:38:21] 2026-08-12 04:38:21 | INFO     | WeightClient 16 round 17 completed (acc=0.9099)
[2026-08-12 04:38:21] 2026-08-12 04:38:21 | INFO     | WeightClient 17 fit round 17 (fedprox=True)
[2026-08-12 04:38:49] 2026-08-12 04:38:49 | INFO     | WeightClient 17 round 17 completed (acc=0.9089)
[2026-08-12 04:38:49] 2026-08-12 04:38:49 | INFO     | WeightClient 18 fit round 17 (fedprox=True)
[2026-08-12 04:39:19] 2026-08-12 04:39:19 | INFO     | WeightClient 18 round 17 completed (acc=0.9192)
[2026-08-12 04:39:19] 2026-08-12 04:39:19 | INFO     | WeightClient 19 fit round 17 (fedprox=True)
[2026-08-12 04:39:52] 2026-08-12 04:39:52 | INFO     | WeightClient 19 round 17 completed (acc=0.9221)
[2026-08-12 04:39:53]   Round  17/40 | Avg: 0.9142 | Min: 0.9046 | Max: 0.9229
[2026-08-12 04:39:53] 2026-08-12 04:39:53 | INFO     | FEDPROX — IID: round 18/40 starting
[2026-08-12 04:39:53] 2026-08-12 04:39:53 | INFO     | WeightClient 0 fit round 18 (fedprox=True)
[2026-08-12 04:40:27] 2026-08-12 04:40:27 | INFO     | WeightClient 0 round 18 completed (acc=0.9209)
[2026-08-12 04:40:27] 2026-08-12 04:40:27 | INFO     | WeightClient 1 fit round 18 (fedprox=True)
[2026-08-12 04:41:00] 2026-08-12 04:41:00 | INFO     | WeightClient 1 round 18 completed (acc=0.9249)
[2026-08-12 04:41:00] 2026-08-12 04:41:00 | INFO     | WeightClient 2 fit round 18 (fedprox=True)
[2026-08-12 04:41:33] 2026-08-12 04:41:33 | INFO     | WeightClient 2 round 18 completed (acc=0.9223)
[2026-08-12 04:41:33] 2026-08-12 04:41:33 | INFO     | WeightClient 3 fit round 18 (fedprox=True)
[2026-08-12 04:42:06] 2026-08-12 04:42:06 | INFO     | WeightClient 3 round 18 completed (acc=0.9174)
[2026-08-12 04:42:06] 2026-08-12 04:42:06 | INFO     | WeightClient 4 fit round 18 (fedprox=True)
[2026-08-12 04:42:45] 2026-08-12 04:42:45 | INFO     | WeightClient 4 round 18 completed (acc=0.9099)
[2026-08-12 04:42:45] 2026-08-12 04:42:45 | INFO     | WeightClient 5 fit round 18 (fedprox=True)
[2026-08-12 04:43:19] 2026-08-12 04:43:19 | INFO     | WeightClient 5 round 18 completed (acc=0.9196)
[2026-08-12 04:43:19] 2026-08-12 04:43:19 | INFO     | WeightClient 6 fit round 18 (fedprox=True)
[2026-08-12 04:43:50] 2026-08-12 04:43:50 | INFO     | WeightClient 6 round 18 completed (acc=0.9163)
[2026-08-12 04:43:50] 2026-08-12 04:43:50 | INFO     | WeightClient 7 fit round 18 (fedprox=True)
[2026-08-12 04:44:29] 2026-08-12 04:44:29 | INFO     | WeightClient 7 round 18 completed (acc=0.9170)
[2026-08-12 04:44:29] 2026-08-12 04:44:29 | INFO     | WeightClient 8 fit round 18 (fedprox=True)
[2026-08-12 04:44:56] 2026-08-12 04:44:56 | INFO     | WeightClient 8 round 18 completed (acc=0.9220)
[2026-08-12 04:44:56] 2026-08-12 04:44:56 | INFO     | WeightClient 9 fit round 18 (fedprox=True)
[2026-08-12 04:45:28] 2026-08-12 04:45:28 | INFO     | WeightClient 9 round 18 completed (acc=0.9115)
[2026-08-12 04:45:28] 2026-08-12 04:45:28 | INFO     | WeightClient 10 fit round 18 (fedprox=True)
[2026-08-12 04:46:14] 2026-08-12 04:46:14 | INFO     | WeightClient 10 round 18 completed (acc=0.9128)
[2026-08-12 04:46:14] 2026-08-12 04:46:14 | INFO     | WeightClient 11 fit round 18 (fedprox=True)
[2026-08-12 04:46:54] 2026-08-12 04:46:54 | INFO     | WeightClient 11 round 18 completed (acc=0.9047)
[2026-08-12 04:46:54] 2026-08-12 04:46:54 | INFO     | WeightClient 12 fit round 18 (fedprox=True)
[2026-08-12 04:47:35] 2026-08-12 04:47:35 | INFO     | WeightClient 12 round 18 completed (acc=0.9035)
[2026-08-12 04:47:35] 2026-08-12 04:47:35 | INFO     | WeightClient 13 fit round 18 (fedprox=True)
[2026-08-12 04:48:16] 2026-08-12 04:48:16 | INFO     | WeightClient 13 round 18 completed (acc=0.9169)
[2026-08-12 04:48:16] 2026-08-12 04:48:16 | INFO     | WeightClient 14 fit round 18 (fedprox=True)
[2026-08-12 04:48:44] 2026-08-12 04:48:44 | INFO     | WeightClient 14 round 18 completed (acc=0.9204)
[2026-08-12 04:48:44] 2026-08-12 04:48:44 | INFO     | WeightClient 15 fit round 18 (fedprox=True)
[2026-08-12 04:49:07] 2026-08-12 04:49:07 | INFO     | WeightClient 15 round 18 completed (acc=0.9220)
[2026-08-12 04:49:07] 2026-08-12 04:49:07 | INFO     | WeightClient 16 fit round 18 (fedprox=True)
[2026-08-12 04:49:45] 2026-08-12 04:49:45 | INFO     | WeightClient 16 round 18 completed (acc=0.9112)
[2026-08-12 04:49:45] 2026-08-12 04:49:45 | INFO     | WeightClient 17 fit round 18 (fedprox=True)
[2026-08-12 04:50:21] 2026-08-12 04:50:21 | INFO     | WeightClient 17 round 18 completed (acc=0.9182)
[2026-08-12 04:50:21] 2026-08-12 04:50:21 | INFO     | WeightClient 18 fit round 18 (fedprox=True)
[2026-08-12 04:51:07] 2026-08-12 04:51:07 | INFO     | WeightClient 18 round 18 completed (acc=0.9230)
[2026-08-12 04:51:07] 2026-08-12 04:51:07 | INFO     | WeightClient 19 fit round 18 (fedprox=True)
[2026-08-12 04:51:37] 2026-08-12 04:51:37 | INFO     | WeightClient 19 round 18 completed (acc=0.9125)
[2026-08-12 04:51:38]   Round  18/40 | Avg: 0.9163 | Min: 0.9035 | Max: 0.9249
[2026-08-12 04:51:38] 2026-08-12 04:51:38 | INFO     | FEDPROX — IID: round 19/40 starting
[2026-08-12 04:51:38] 2026-08-12 04:51:38 | INFO     | WeightClient 0 fit round 19 (fedprox=True)
[2026-08-12 04:52:14] 2026-08-12 04:52:14 | INFO     | WeightClient 0 round 19 completed (acc=0.9239)
[2026-08-12 04:52:14] 2026-08-12 04:52:14 | INFO     | WeightClient 1 fit round 19 (fedprox=True)
[2026-08-12 04:52:46] 2026-08-12 04:52:46 | INFO     | WeightClient 1 round 19 completed (acc=0.9151)
[2026-08-12 04:52:46] 2026-08-12 04:52:46 | INFO     | WeightClient 2 fit round 19 (fedprox=True)
[2026-08-12 04:53:12] 2026-08-12 04:53:12 | INFO     | WeightClient 2 round 19 completed (acc=0.9196)
[2026-08-12 04:53:12] 2026-08-12 04:53:12 | INFO     | WeightClient 3 fit round 19 (fedprox=True)
[2026-08-12 04:53:53] 2026-08-12 04:53:53 | INFO     | WeightClient 3 round 19 completed (acc=0.9184)
[2026-08-12 04:53:53] 2026-08-12 04:53:53 | INFO     | WeightClient 4 fit round 19 (fedprox=True)
[2026-08-12 04:54:37] 2026-08-12 04:54:37 | INFO     | WeightClient 4 round 19 completed (acc=0.9181)
[2026-08-12 04:54:37] 2026-08-12 04:54:37 | INFO     | WeightClient 5 fit round 19 (fedprox=True)
[2026-08-12 04:55:07] 2026-08-12 04:55:07 | INFO     | WeightClient 5 round 19 completed (acc=0.9147)
[2026-08-12 04:55:07] 2026-08-12 04:55:07 | INFO     | WeightClient 6 fit round 19 (fedprox=True)
[2026-08-12 04:55:48] 2026-08-12 04:55:48 | INFO     | WeightClient 6 round 19 completed (acc=0.9126)
[2026-08-12 04:55:48] 2026-08-12 04:55:48 | INFO     | WeightClient 7 fit round 19 (fedprox=True)
[2026-08-12 04:56:26] 2026-08-12 04:56:26 | INFO     | WeightClient 7 round 19 completed (acc=0.9102)
[2026-08-12 04:56:26] 2026-08-12 04:56:26 | INFO     | WeightClient 8 fit round 19 (fedprox=True)
[2026-08-12 04:57:00] 2026-08-12 04:57:00 | INFO     | WeightClient 8 round 19 completed (acc=0.9242)
[2026-08-12 04:57:00] 2026-08-12 04:57:00 | INFO     | WeightClient 9 fit round 19 (fedprox=True)
[2026-08-12 04:57:36] 2026-08-12 04:57:36 | INFO     | WeightClient 9 round 19 completed (acc=0.9182)
[2026-08-12 04:57:36] 2026-08-12 04:57:36 | INFO     | WeightClient 10 fit round 19 (fedprox=True)
[2026-08-12 04:58:15] 2026-08-12 04:58:15 | INFO     | WeightClient 10 round 19 completed (acc=0.9193)
[2026-08-12 04:58:15] 2026-08-12 04:58:15 | INFO     | WeightClient 11 fit round 19 (fedprox=True)
[2026-08-12 04:58:55] 2026-08-12 04:58:55 | INFO     | WeightClient 11 round 19 completed (acc=0.9196)
[2026-08-12 04:58:55] 2026-08-12 04:58:55 | INFO     | WeightClient 12 fit round 19 (fedprox=True)
[2026-08-12 04:59:29] 2026-08-12 04:59:29 | INFO     | WeightClient 12 round 19 completed (acc=0.9141)
[2026-08-12 04:59:29] 2026-08-12 04:59:29 | INFO     | WeightClient 13 fit round 19 (fedprox=True)
[2026-08-12 04:59:57] 2026-08-12 04:59:57 | INFO     | WeightClient 13 round 19 completed (acc=0.9223)
[2026-08-12 04:59:57] 2026-08-12 04:59:57 | INFO     | WeightClient 14 fit round 19 (fedprox=True)
[2026-08-12 05:00:37] 2026-08-12 05:00:37 | INFO     | WeightClient 14 round 19 completed (acc=0.9187)
[2026-08-12 05:00:37] 2026-08-12 05:00:37 | INFO     | WeightClient 15 fit round 19 (fedprox=True)
[2026-08-12 05:01:21] 2026-08-12 05:01:21 | INFO     | WeightClient 15 round 19 completed (acc=0.9195)
[2026-08-12 05:01:21] 2026-08-12 05:01:21 | INFO     | WeightClient 16 fit round 19 (fedprox=True)
[2026-08-12 05:01:58] 2026-08-12 05:01:58 | INFO     | WeightClient 16 round 19 completed (acc=0.9149)
[2026-08-12 05:01:58] 2026-08-12 05:01:58 | INFO     | WeightClient 17 fit round 19 (fedprox=True)
[2026-08-12 05:02:41] 2026-08-12 05:02:41 | INFO     | WeightClient 17 round 19 completed (acc=0.9222)
[2026-08-12 05:02:41] 2026-08-12 05:02:41 | INFO     | WeightClient 18 fit round 19 (fedprox=True)
[2026-08-12 05:03:19] 2026-08-12 05:03:19 | INFO     | WeightClient 18 round 19 completed (acc=0.9232)
[2026-08-12 05:03:19] 2026-08-12 05:03:19 | INFO     | WeightClient 19 fit round 19 (fedprox=True)
[2026-08-12 05:04:06] 2026-08-12 05:04:06 | INFO     | WeightClient 19 round 19 completed (acc=0.9221)
[2026-08-12 05:04:06]   Round  19/40 | Avg: 0.9185 | Min: 0.9102 | Max: 0.9242
[2026-08-12 05:04:06] 2026-08-12 05:04:06 | INFO     | FEDPROX — IID: round 20/40 starting
[2026-08-12 05:04:06] 2026-08-12 05:04:06 | INFO     | WeightClient 0 fit round 20 (fedprox=True)
[2026-08-12 05:04:41] 2026-08-12 05:04:41 | INFO     | WeightClient 0 round 20 completed (acc=0.9233)
[2026-08-12 05:04:41] 2026-08-12 05:04:41 | INFO     | WeightClient 1 fit round 20 (fedprox=True)
[2026-08-12 05:05:17] 2026-08-12 05:05:17 | INFO     | WeightClient 1 round 20 completed (acc=0.9255)
[2026-08-12 05:05:17] 2026-08-12 05:05:17 | INFO     | WeightClient 2 fit round 20 (fedprox=True)
[2026-08-12 05:05:56] 2026-08-12 05:05:56 | INFO     | WeightClient 2 round 20 completed (acc=0.9057)
[2026-08-12 05:05:56] 2026-08-12 05:05:56 | INFO     | WeightClient 3 fit round 20 (fedprox=True)
[2026-08-12 05:06:41] 2026-08-12 05:06:41 | INFO     | WeightClient 3 round 20 completed (acc=0.8974)
[2026-08-12 05:06:41] 2026-08-12 05:06:41 | INFO     | WeightClient 4 fit round 20 (fedprox=True)
[2026-08-12 05:07:06] 2026-08-12 05:07:06 | INFO     | WeightClient 4 round 20 completed (acc=0.9145)
[2026-08-12 05:07:06] 2026-08-12 05:07:06 | INFO     | WeightClient 5 fit round 20 (fedprox=True)
[2026-08-12 05:07:37] 2026-08-12 05:07:37 | INFO     | WeightClient 5 round 20 completed (acc=0.9163)
[2026-08-12 05:07:37] 2026-08-12 05:07:37 | INFO     | WeightClient 6 fit round 20 (fedprox=True)
[2026-08-12 05:08:07] 2026-08-12 05:08:07 | INFO     | WeightClient 6 round 20 completed (acc=0.9181)
[2026-08-12 05:08:07] 2026-08-12 05:08:07 | INFO     | WeightClient 7 fit round 20 (fedprox=True)
[2026-08-12 05:08:42] 2026-08-12 05:08:42 | INFO     | WeightClient 7 round 20 completed (acc=0.9152)
[2026-08-12 05:08:42] 2026-08-12 05:08:42 | INFO     | WeightClient 8 fit round 20 (fedprox=True)
[2026-08-12 05:09:23] 2026-08-12 05:09:23 | INFO     | WeightClient 8 round 20 completed (acc=0.9206)
[2026-08-12 05:09:23] 2026-08-12 05:09:23 | INFO     | WeightClient 9 fit round 20 (fedprox=True)
[2026-08-12 05:09:59] 2026-08-12 05:09:59 | INFO     | WeightClient 9 round 20 completed (acc=0.9245)
[2026-08-12 05:09:59] 2026-08-12 05:09:59 | INFO     | WeightClient 10 fit round 20 (fedprox=True)
[2026-08-12 05:10:33] 2026-08-12 05:10:33 | INFO     | WeightClient 10 round 20 completed (acc=0.9160)
[2026-08-12 05:10:33] 2026-08-12 05:10:33 | INFO     | WeightClient 11 fit round 20 (fedprox=True)
[2026-08-12 05:11:03] 2026-08-12 05:11:03 | INFO     | WeightClient 11 round 20 completed (acc=0.9193)
[2026-08-12 05:11:03] 2026-08-12 05:11:03 | INFO     | WeightClient 12 fit round 20 (fedprox=True)
[2026-08-12 05:11:32] 2026-08-12 05:11:32 | INFO     | WeightClient 12 round 20 completed (acc=0.9164)
[2026-08-12 05:11:32] 2026-08-12 05:11:32 | INFO     | WeightClient 13 fit round 20 (fedprox=True)
[2026-08-12 05:12:05] 2026-08-12 05:12:05 | INFO     | WeightClient 13 round 20 completed (acc=0.9194)
[2026-08-12 05:12:05] 2026-08-12 05:12:05 | INFO     | WeightClient 14 fit round 20 (fedprox=True)
[2026-08-12 05:12:39] 2026-08-12 05:12:39 | INFO     | WeightClient 14 round 20 completed (acc=0.9203)
[2026-08-12 05:12:39] 2026-08-12 05:12:39 | INFO     | WeightClient 15 fit round 20 (fedprox=True)
[2026-08-12 05:13:08] 2026-08-12 05:13:08 | INFO     | WeightClient 15 round 20 completed (acc=0.9221)
[2026-08-12 05:13:08] 2026-08-12 05:13:08 | INFO     | WeightClient 16 fit round 20 (fedprox=True)
[2026-08-12 05:13:38] 2026-08-12 05:13:38 | INFO     | WeightClient 16 round 20 completed (acc=0.9183)
[2026-08-12 05:13:38] 2026-08-12 05:13:38 | INFO     | WeightClient 17 fit round 20 (fedprox=True)
[2026-08-12 05:14:12] 2026-08-12 05:14:12 | INFO     | WeightClient 17 round 20 completed (acc=0.9213)
[2026-08-12 05:14:12] 2026-08-12 05:14:12 | INFO     | WeightClient 18 fit round 20 (fedprox=True)
[2026-08-12 05:14:46] 2026-08-12 05:14:46 | INFO     | WeightClient 18 round 20 completed (acc=0.9160)
[2026-08-12 05:14:46] 2026-08-12 05:14:46 | INFO     | WeightClient 19 fit round 20 (fedprox=True)
[2026-08-12 05:15:26] 2026-08-12 05:15:26 | INFO     | WeightClient 19 round 20 completed (acc=0.9281)
[2026-08-12 05:15:27]   Round  20/40 | Avg: 0.9179 | Min: 0.8974 | Max: 0.9281
[2026-08-12 05:15:27] 2026-08-12 05:15:27 | INFO     | FEDPROX — IID: round 21/40 starting
[2026-08-12 05:15:27] 2026-08-12 05:15:27 | INFO     | WeightClient 0 fit round 21 (fedprox=True)
[2026-08-12 05:16:01] 2026-08-12 05:16:01 | INFO     | WeightClient 0 round 21 completed (acc=0.9275)
[2026-08-12 05:16:01] 2026-08-12 05:16:01 | INFO     | WeightClient 1 fit round 21 (fedprox=True)
[2026-08-12 05:16:35] 2026-08-12 05:16:35 | INFO     | WeightClient 1 round 21 completed (acc=0.9233)
[2026-08-12 05:16:35] 2026-08-12 05:16:35 | INFO     | WeightClient 2 fit round 21 (fedprox=True)
[2026-08-12 05:17:12] 2026-08-12 05:17:12 | INFO     | WeightClient 2 round 21 completed (acc=0.9240)
[2026-08-12 05:17:12] 2026-08-12 05:17:12 | INFO     | WeightClient 3 fit round 21 (fedprox=True)
[2026-08-12 05:17:50] 2026-08-12 05:17:50 | INFO     | WeightClient 3 round 21 completed (acc=0.9181)
[2026-08-12 05:17:50] 2026-08-12 05:17:50 | INFO     | WeightClient 4 fit round 21 (fedprox=True)
[2026-08-12 05:18:23] 2026-08-12 05:18:23 | INFO     | WeightClient 4 round 21 completed (acc=0.9175)
[2026-08-12 05:18:23] 2026-08-12 05:18:23 | INFO     | WeightClient 5 fit round 21 (fedprox=True)
[2026-08-12 05:19:00] 2026-08-12 05:19:00 | INFO     | WeightClient 5 round 21 completed (acc=0.9227)
[2026-08-12 05:19:00] 2026-08-12 05:19:00 | INFO     | WeightClient 6 fit round 21 (fedprox=True)
[2026-08-12 05:19:38] 2026-08-12 05:19:38 | INFO     | WeightClient 6 round 21 completed (acc=0.9210)
[2026-08-12 05:19:38] 2026-08-12 05:19:38 | INFO     | WeightClient 7 fit round 21 (fedprox=True)
[2026-08-12 05:20:10] 2026-08-12 05:20:10 | INFO     | WeightClient 7 round 21 completed (acc=0.9198)
[2026-08-12 05:20:10] 2026-08-12 05:20:10 | INFO     | WeightClient 8 fit round 21 (fedprox=True)
[2026-08-12 05:20:43] 2026-08-12 05:20:43 | INFO     | WeightClient 8 round 21 completed (acc=0.9267)
[2026-08-12 05:20:43] 2026-08-12 05:20:43 | INFO     | WeightClient 9 fit round 21 (fedprox=True)
[2026-08-12 05:21:18] 2026-08-12 05:21:18 | INFO     | WeightClient 9 round 21 completed (acc=0.9244)
[2026-08-12 05:21:18] 2026-08-12 05:21:18 | INFO     | WeightClient 10 fit round 21 (fedprox=True)
[2026-08-12 05:21:43] 2026-08-12 05:21:43 | INFO     | WeightClient 10 round 21 completed (acc=0.9217)
[2026-08-12 05:21:43] 2026-08-12 05:21:43 | INFO     | WeightClient 11 fit round 21 (fedprox=True)
[2026-08-12 05:22:12] 2026-08-12 05:22:12 | INFO     | WeightClient 11 round 21 completed (acc=0.9178)
[2026-08-12 05:22:12] 2026-08-12 05:22:12 | INFO     | WeightClient 12 fit round 21 (fedprox=True)
[2026-08-12 05:22:47] 2026-08-12 05:22:47 | INFO     | WeightClient 12 round 21 completed (acc=0.9143)
[2026-08-12 05:22:47] 2026-08-12 05:22:47 | INFO     | WeightClient 13 fit round 21 (fedprox=True)
[2026-08-12 05:23:19] 2026-08-12 05:23:19 | INFO     | WeightClient 13 round 21 completed (acc=0.9273)
[2026-08-12 05:23:19] 2026-08-12 05:23:19 | INFO     | WeightClient 14 fit round 21 (fedprox=True)
[2026-08-12 05:23:55] 2026-08-12 05:23:55 | INFO     | WeightClient 14 round 21 completed (acc=0.9138)
[2026-08-12 05:23:55] 2026-08-12 05:23:55 | INFO     | WeightClient 15 fit round 21 (fedprox=True)
[2026-08-12 05:24:35] 2026-08-12 05:24:35 | INFO     | WeightClient 15 round 21 completed (acc=0.9164)
[2026-08-12 05:24:35] 2026-08-12 05:24:35 | INFO     | WeightClient 16 fit round 21 (fedprox=True)
[2026-08-12 05:25:08] 2026-08-12 05:25:08 | INFO     | WeightClient 16 round 21 completed (acc=0.9151)
[2026-08-12 05:25:08] 2026-08-12 05:25:08 | INFO     | WeightClient 17 fit round 21 (fedprox=True)
[2026-08-12 05:25:51] 2026-08-12 05:25:51 | INFO     | WeightClient 17 round 21 completed (acc=0.9150)
[2026-08-12 05:25:51] 2026-08-12 05:25:51 | INFO     | WeightClient 18 fit round 21 (fedprox=True)
[2026-08-12 05:26:22] 2026-08-12 05:26:22 | INFO     | WeightClient 18 round 21 completed (acc=0.9181)
[2026-08-12 05:26:22] 2026-08-12 05:26:22 | INFO     | WeightClient 19 fit round 21 (fedprox=True)
[2026-08-12 05:27:05] 2026-08-12 05:27:05 | INFO     | WeightClient 19 round 21 completed (acc=0.9185)
[2026-08-12 05:27:05]   Round  21/40 | Avg: 0.9202 | Min: 0.9138 | Max: 0.9275
[2026-08-12 05:27:05] 2026-08-12 05:27:05 | INFO     | FEDPROX — IID: round 22/40 starting
[2026-08-12 05:27:06] 2026-08-12 05:27:06 | INFO     | WeightClient 0 fit round 22 (fedprox=True)
[2026-08-12 05:27:50] 2026-08-12 05:27:50 | INFO     | WeightClient 0 round 22 completed (acc=0.9256)
[2026-08-12 05:27:50] 2026-08-12 05:27:50 | INFO     | WeightClient 1 fit round 22 (fedprox=True)
[2026-08-12 05:28:27] 2026-08-12 05:28:27 | INFO     | WeightClient 1 round 22 completed (acc=0.9278)
[2026-08-12 05:28:27] 2026-08-12 05:28:27 | INFO     | WeightClient 2 fit round 22 (fedprox=True)
[2026-08-12 05:29:03] 2026-08-12 05:29:03 | INFO     | WeightClient 2 round 22 completed (acc=0.9075)
[2026-08-12 05:29:03] 2026-08-12 05:29:03 | INFO     | WeightClient 3 fit round 22 (fedprox=True)
[2026-08-12 05:29:40] 2026-08-12 05:29:40 | INFO     | WeightClient 3 round 22 completed (acc=0.9227)
[2026-08-12 05:29:40] 2026-08-12 05:29:40 | INFO     | WeightClient 4 fit round 22 (fedprox=True)
[2026-08-12 05:30:30] 2026-08-12 05:30:30 | INFO     | WeightClient 4 round 22 completed (acc=0.9213)
[2026-08-12 05:30:30] 2026-08-12 05:30:30 | INFO     | WeightClient 5 fit round 22 (fedprox=True)
[2026-08-12 05:31:07] 2026-08-12 05:31:07 | INFO     | WeightClient 5 round 22 completed (acc=0.9196)
[2026-08-12 05:31:07] 2026-08-12 05:31:07 | INFO     | WeightClient 6 fit round 22 (fedprox=True)
[2026-08-12 05:31:40] 2026-08-12 05:31:40 | INFO     | WeightClient 6 round 22 completed (acc=0.9218)
[2026-08-12 05:31:40] 2026-08-12 05:31:40 | INFO     | WeightClient 7 fit round 22 (fedprox=True)
[2026-08-12 05:32:16] 2026-08-12 05:32:16 | INFO     | WeightClient 7 round 22 completed (acc=0.9232)
[2026-08-12 05:32:16] 2026-08-12 05:32:16 | INFO     | WeightClient 8 fit round 22 (fedprox=True)
[2026-08-12 05:33:01] 2026-08-12 05:33:01 | INFO     | WeightClient 8 round 22 completed (acc=0.9267)
[2026-08-12 05:33:01] 2026-08-12 05:33:01 | INFO     | WeightClient 9 fit round 22 (fedprox=True)
[2026-08-12 05:33:36] 2026-08-12 05:33:36 | INFO     | WeightClient 9 round 22 completed (acc=0.9226)
[2026-08-12 05:33:36] 2026-08-12 05:33:36 | INFO     | WeightClient 10 fit round 22 (fedprox=True)
[2026-08-12 05:34:06] 2026-08-12 05:34:06 | INFO     | WeightClient 10 round 22 completed (acc=0.9147)
[2026-08-12 05:34:06] 2026-08-12 05:34:06 | INFO     | WeightClient 11 fit round 22 (fedprox=True)
[2026-08-12 05:34:41] 2026-08-12 05:34:41 | INFO     | WeightClient 11 round 22 completed (acc=0.9272)
[2026-08-12 05:34:41] 2026-08-12 05:34:41 | INFO     | WeightClient 12 fit round 22 (fedprox=True)
[2026-08-12 05:35:15] 2026-08-12 05:35:15 | INFO     | WeightClient 12 round 22 completed (acc=0.9190)
[2026-08-12 05:35:15] 2026-08-12 05:35:15 | INFO     | WeightClient 13 fit round 22 (fedprox=True)
[2026-08-12 05:35:48] 2026-08-12 05:35:48 | INFO     | WeightClient 13 round 22 completed (acc=0.9254)
[2026-08-12 05:35:48] 2026-08-12 05:35:48 | INFO     | WeightClient 14 fit round 22 (fedprox=True)
[2026-08-12 05:36:19] 2026-08-12 05:36:19 | INFO     | WeightClient 14 round 22 completed (acc=0.9248)
[2026-08-12 05:36:19] 2026-08-12 05:36:19 | INFO     | WeightClient 15 fit round 22 (fedprox=True)
[2026-08-12 05:36:42] 2026-08-12 05:36:42 | INFO     | WeightClient 15 round 22 completed (acc=0.9225)
[2026-08-12 05:36:42] 2026-08-12 05:36:42 | INFO     | WeightClient 16 fit round 22 (fedprox=True)
[2026-08-12 05:37:16] 2026-08-12 05:37:16 | INFO     | WeightClient 16 round 22 completed (acc=0.9176)
[2026-08-12 05:37:16] 2026-08-12 05:37:16 | INFO     | WeightClient 17 fit round 22 (fedprox=True)
[2026-08-12 05:37:51] 2026-08-12 05:37:51 | INFO     | WeightClient 17 round 22 completed (acc=0.9211)
[2026-08-12 05:37:52] 2026-08-12 05:37:51 | INFO     | WeightClient 18 fit round 22 (fedprox=True)
[2026-08-12 05:38:23] 2026-08-12 05:38:23 | INFO     | WeightClient 18 round 22 completed (acc=0.9216)
[2026-08-12 05:38:23] 2026-08-12 05:38:23 | INFO     | WeightClient 19 fit round 22 (fedprox=True)
[2026-08-12 05:38:58] 2026-08-12 05:38:58 | INFO     | WeightClient 19 round 22 completed (acc=0.9183)
[2026-08-12 05:38:59]   Round  22/40 | Avg: 0.9215 | Min: 0.9075 | Max: 0.9278
[2026-08-12 05:38:59] 2026-08-12 05:38:59 | INFO     | FEDPROX — IID: round 23/40 starting
[2026-08-12 05:38:59] 2026-08-12 05:38:59 | INFO     | WeightClient 0 fit round 23 (fedprox=True)
[2026-08-12 05:39:36] 2026-08-12 05:39:36 | INFO     | WeightClient 0 round 23 completed (acc=0.9257)
[2026-08-12 05:39:36] 2026-08-12 05:39:36 | INFO     | WeightClient 1 fit round 23 (fedprox=True)
[2026-08-12 05:40:02] 2026-08-12 05:40:02 | INFO     | WeightClient 1 round 23 completed (acc=0.9312)
[2026-08-12 05:40:02] 2026-08-12 05:40:02 | INFO     | WeightClient 2 fit round 23 (fedprox=True)
[2026-08-12 05:40:37] 2026-08-12 05:40:37 | INFO     | WeightClient 2 round 23 completed (acc=0.9209)
[2026-08-12 05:40:37] 2026-08-12 05:40:37 | INFO     | WeightClient 3 fit round 23 (fedprox=True)
[2026-08-12 05:41:09] 2026-08-12 05:41:09 | INFO     | WeightClient 3 round 23 completed (acc=0.9256)
[2026-08-12 05:41:09] 2026-08-12 05:41:09 | INFO     | WeightClient 4 fit round 23 (fedprox=True)
[2026-08-12 05:41:44] 2026-08-12 05:41:44 | INFO     | WeightClient 4 round 23 completed (acc=0.9217)
[2026-08-12 05:41:44] 2026-08-12 05:41:44 | INFO     | WeightClient 5 fit round 23 (fedprox=True)
[2026-08-12 05:42:16] 2026-08-12 05:42:16 | INFO     | WeightClient 5 round 23 completed (acc=0.9270)
[2026-08-12 05:42:16] 2026-08-12 05:42:16 | INFO     | WeightClient 6 fit round 23 (fedprox=True)
[2026-08-12 05:42:49] 2026-08-12 05:42:49 | INFO     | WeightClient 6 round 23 completed (acc=0.9255)
[2026-08-12 05:42:49] 2026-08-12 05:42:49 | INFO     | WeightClient 7 fit round 23 (fedprox=True)
[2026-08-12 05:43:18] 2026-08-12 05:43:18 | INFO     | WeightClient 7 round 23 completed (acc=0.9172)
[2026-08-12 05:43:18] 2026-08-12 05:43:18 | INFO     | WeightClient 8 fit round 23 (fedprox=True)
[2026-08-12 05:43:53] 2026-08-12 05:43:53 | INFO     | WeightClient 8 round 23 completed (acc=0.9238)
[2026-08-12 05:43:53] 2026-08-12 05:43:53 | INFO     | WeightClient 9 fit round 23 (fedprox=True)
[2026-08-12 05:44:21] 2026-08-12 05:44:21 | INFO     | WeightClient 9 round 23 completed (acc=0.9263)
[2026-08-12 05:44:21] 2026-08-12 05:44:21 | INFO     | WeightClient 10 fit round 23 (fedprox=True)
[2026-08-12 05:44:52] 2026-08-12 05:44:52 | INFO     | WeightClient 10 round 23 completed (acc=0.9200)
[2026-08-12 05:44:52] 2026-08-12 05:44:52 | INFO     | WeightClient 11 fit round 23 (fedprox=True)
[2026-08-12 05:45:27] 2026-08-12 05:45:27 | INFO     | WeightClient 11 round 23 completed (acc=0.9108)
[2026-08-12 05:45:27] 2026-08-12 05:45:27 | INFO     | WeightClient 12 fit round 23 (fedprox=True)
[2026-08-12 05:46:06] 2026-08-12 05:46:06 | INFO     | WeightClient 12 round 23 completed (acc=0.9204)
[2026-08-12 05:46:06] 2026-08-12 05:46:06 | INFO     | WeightClient 13 fit round 23 (fedprox=True)
[2026-08-12 05:46:34] 2026-08-12 05:46:34 | INFO     | WeightClient 13 round 23 completed (acc=0.9152)
[2026-08-12 05:46:34] 2026-08-12 05:46:34 | INFO     | WeightClient 14 fit round 23 (fedprox=True)
[2026-08-12 05:47:06] 2026-08-12 05:47:06 | INFO     | WeightClient 14 round 23 completed (acc=0.9161)
[2026-08-12 05:47:06] 2026-08-12 05:47:06 | INFO     | WeightClient 15 fit round 23 (fedprox=True)
[2026-08-12 05:47:39] 2026-08-12 05:47:39 | INFO     | WeightClient 15 round 23 completed (acc=0.9240)
[2026-08-12 05:47:39] 2026-08-12 05:47:39 | INFO     | WeightClient 16 fit round 23 (fedprox=True)
[2026-08-12 05:48:12] 2026-08-12 05:48:12 | INFO     | WeightClient 16 round 23 completed (acc=0.9185)
[2026-08-12 05:48:13] 2026-08-12 05:48:13 | INFO     | WeightClient 17 fit round 23 (fedprox=True)
[2026-08-12 05:48:53] 2026-08-12 05:48:53 | INFO     | WeightClient 17 round 23 completed (acc=0.9206)
[2026-08-12 05:48:53] 2026-08-12 05:48:53 | INFO     | WeightClient 18 fit round 23 (fedprox=True)
[2026-08-12 05:49:13] 2026-08-12 05:49:13 | INFO     | WeightClient 18 round 23 completed (acc=0.9267)
[2026-08-12 05:49:13] 2026-08-12 05:49:13 | INFO     | WeightClient 19 fit round 23 (fedprox=True)
[2026-08-12 05:49:41] 2026-08-12 05:49:41 | INFO     | WeightClient 19 round 23 completed (acc=0.9251)
[2026-08-12 05:49:42]   Round  23/40 | Avg: 0.9221 | Min: 0.9108 | Max: 0.9312
[2026-08-12 05:49:42] 2026-08-12 05:49:42 | INFO     | FEDPROX — IID: round 24/40 starting
[2026-08-12 05:49:42] 2026-08-12 05:49:42 | INFO     | WeightClient 0 fit round 24 (fedprox=True)
[2026-08-12 05:50:15] 2026-08-12 05:50:15 | INFO     | WeightClient 0 round 24 completed (acc=0.9302)
[2026-08-12 05:50:15] 2026-08-12 05:50:15 | INFO     | WeightClient 1 fit round 24 (fedprox=True)
[2026-08-12 05:50:49] 2026-08-12 05:50:49 | INFO     | WeightClient 1 round 24 completed (acc=0.9240)
[2026-08-12 05:50:49] 2026-08-12 05:50:49 | INFO     | WeightClient 2 fit round 24 (fedprox=True)
[2026-08-12 05:51:20] 2026-08-12 05:51:20 | INFO     | WeightClient 2 round 24 completed (acc=0.9150)
[2026-08-12 05:51:20] 2026-08-12 05:51:20 | INFO     | WeightClient 3 fit round 24 (fedprox=True)
[2026-08-12 05:52:01] 2026-08-12 05:52:01 | INFO     | WeightClient 3 round 24 completed (acc=0.9210)
[2026-08-12 05:52:01] 2026-08-12 05:52:01 | INFO     | WeightClient 4 fit round 24 (fedprox=True)
[2026-08-12 05:52:32] 2026-08-12 05:52:32 | INFO     | WeightClient 4 round 24 completed (acc=0.9095)
[2026-08-12 05:52:32] 2026-08-12 05:52:32 | INFO     | WeightClient 5 fit round 24 (fedprox=True)
[2026-08-12 05:53:03] 2026-08-12 05:53:03 | INFO     | WeightClient 5 round 24 completed (acc=0.9242)
[2026-08-12 05:53:03] 2026-08-12 05:53:03 | INFO     | WeightClient 6 fit round 24 (fedprox=True)
[2026-08-12 05:53:43] 2026-08-12 05:53:43 | INFO     | WeightClient 6 round 24 completed (acc=0.9287)
[2026-08-12 05:53:43] 2026-08-12 05:53:43 | INFO     | WeightClient 7 fit round 24 (fedprox=True)
[2026-08-12 05:54:15] 2026-08-12 05:54:15 | INFO     | WeightClient 7 round 24 completed (acc=0.9175)
[2026-08-12 05:54:15] 2026-08-12 05:54:15 | INFO     | WeightClient 8 fit round 24 (fedprox=True)
[2026-08-12 05:54:57] 2026-08-12 05:54:57 | INFO     | WeightClient 8 round 24 completed (acc=0.9210)
[2026-08-12 05:54:57] 2026-08-12 05:54:57 | INFO     | WeightClient 9 fit round 24 (fedprox=True)
[2026-08-12 05:55:28] 2026-08-12 05:55:28 | INFO     | WeightClient 9 round 24 completed (acc=0.9236)
[2026-08-12 05:55:28] 2026-08-12 05:55:28 | INFO     | WeightClient 10 fit round 24 (fedprox=True)
[2026-08-12 05:56:02] 2026-08-12 05:56:02 | INFO     | WeightClient 10 round 24 completed (acc=0.9199)
[2026-08-12 05:56:02] 2026-08-12 05:56:02 | INFO     | WeightClient 11 fit round 24 (fedprox=True)
[2026-08-12 05:56:46] 2026-08-12 05:56:46 | INFO     | WeightClient 11 round 24 completed (acc=0.9304)
[2026-08-12 05:56:46] 2026-08-12 05:56:46 | INFO     | WeightClient 12 fit round 24 (fedprox=True)
[2026-08-12 05:57:18] 2026-08-12 05:57:18 | INFO     | WeightClient 12 round 24 completed (acc=0.9262)
[2026-08-12 05:57:18] 2026-08-12 05:57:18 | INFO     | WeightClient 13 fit round 24 (fedprox=True)
[2026-08-12 05:57:57] 2026-08-12 05:57:57 | INFO     | WeightClient 13 round 24 completed (acc=0.9214)
[2026-08-12 05:57:57] 2026-08-12 05:57:57 | INFO     | WeightClient 14 fit round 24 (fedprox=True)
[2026-08-12 05:58:32] 2026-08-12 05:58:32 | INFO     | WeightClient 14 round 24 completed (acc=0.9282)
[2026-08-12 05:58:32] 2026-08-12 05:58:32 | INFO     | WeightClient 15 fit round 24 (fedprox=True)
[2026-08-12 05:59:03] 2026-08-12 05:59:03 | INFO     | WeightClient 15 round 24 completed (acc=0.9144)
[2026-08-12 05:59:03] 2026-08-12 05:59:03 | INFO     | WeightClient 16 fit round 24 (fedprox=True)
[2026-08-12 05:59:38] 2026-08-12 05:59:38 | INFO     | WeightClient 16 round 24 completed (acc=0.9198)
[2026-08-12 05:59:38] 2026-08-12 05:59:38 | INFO     | WeightClient 17 fit round 24 (fedprox=True)
[2026-08-12 06:00:37] 2026-08-12 06:00:37 | INFO     | WeightClient 17 round 24 completed (acc=0.9254)
[2026-08-12 06:00:37] 2026-08-12 06:00:37 | INFO     | WeightClient 18 fit round 24 (fedprox=True)
[2026-08-12 06:01:16] 2026-08-12 06:01:16 | INFO     | WeightClient 18 round 24 completed (acc=0.9312)
[2026-08-12 06:01:16] 2026-08-12 06:01:16 | INFO     | WeightClient 19 fit round 24 (fedprox=True)
[2026-08-12 06:01:50] 2026-08-12 06:01:50 | INFO     | WeightClient 19 round 24 completed (acc=0.9249)
[2026-08-12 06:01:50]   Round  24/40 | Avg: 0.9228 | Min: 0.9095 | Max: 0.9312
[2026-08-12 06:01:50] 2026-08-12 06:01:50 | INFO     | FEDPROX — IID: round 25/40 starting
[2026-08-12 06:01:50] 2026-08-12 06:01:50 | INFO     | WeightClient 0 fit round 25 (fedprox=True)
[2026-08-12 06:02:31] 2026-08-12 06:02:30 | INFO     | WeightClient 0 round 25 completed (acc=0.9229)
[2026-08-12 06:02:31] 2026-08-12 06:02:31 | INFO     | WeightClient 1 fit round 25 (fedprox=True)
[2026-08-12 06:03:09] 2026-08-12 06:03:09 | INFO     | WeightClient 1 round 25 completed (acc=0.9249)
[2026-08-12 06:03:09] 2026-08-12 06:03:09 | INFO     | WeightClient 2 fit round 25 (fedprox=True)
[2026-08-12 06:03:39] 2026-08-12 06:03:39 | INFO     | WeightClient 2 round 25 completed (acc=0.9316)
[2026-08-12 06:03:39] 2026-08-12 06:03:39 | INFO     | WeightClient 3 fit round 25 (fedprox=True)
[2026-08-12 06:04:11] 2026-08-12 06:04:11 | INFO     | WeightClient 3 round 25 completed (acc=0.9258)
[2026-08-12 06:04:11] 2026-08-12 06:04:11 | INFO     | WeightClient 4 fit round 25 (fedprox=True)
[2026-08-12 06:04:46] 2026-08-12 06:04:46 | INFO     | WeightClient 4 round 25 completed (acc=0.9280)
[2026-08-12 06:04:46] 2026-08-12 06:04:46 | INFO     | WeightClient 5 fit round 25 (fedprox=True)
[2026-08-12 06:05:22] 2026-08-12 06:05:22 | INFO     | WeightClient 5 round 25 completed (acc=0.9278)
[2026-08-12 06:05:22] 2026-08-12 06:05:22 | INFO     | WeightClient 6 fit round 25 (fedprox=True)
[2026-08-12 06:05:51] 2026-08-12 06:05:51 | INFO     | WeightClient 6 round 25 completed (acc=0.9297)
[2026-08-12 06:05:51] 2026-08-12 06:05:51 | INFO     | WeightClient 7 fit round 25 (fedprox=True)
[2026-08-12 06:06:24] 2026-08-12 06:06:24 | INFO     | WeightClient 7 round 25 completed (acc=0.9081)
[2026-08-12 06:06:24] 2026-08-12 06:06:24 | INFO     | WeightClient 8 fit round 25 (fedprox=True)
[2026-08-12 06:06:58] 2026-08-12 06:06:58 | INFO     | WeightClient 8 round 25 completed (acc=0.9256)
[2026-08-12 06:06:58] 2026-08-12 06:06:58 | INFO     | WeightClient 9 fit round 25 (fedprox=True)
[2026-08-12 06:07:35] 2026-08-12 06:07:35 | INFO     | WeightClient 9 round 25 completed (acc=0.9247)
[2026-08-12 06:07:35] 2026-08-12 06:07:35 | INFO     | WeightClient 10 fit round 25 (fedprox=True)
[2026-08-12 06:08:12] 2026-08-12 06:08:12 | INFO     | WeightClient 10 round 25 completed (acc=0.9216)
[2026-08-12 06:08:12] 2026-08-12 06:08:12 | INFO     | WeightClient 11 fit round 25 (fedprox=True)
[2026-08-12 06:08:41] 2026-08-12 06:08:41 | INFO     | WeightClient 11 round 25 completed (acc=0.9202)
[2026-08-12 06:08:41] 2026-08-12 06:08:41 | INFO     | WeightClient 12 fit round 25 (fedprox=True)
[2026-08-12 06:09:16] 2026-08-12 06:09:16 | INFO     | WeightClient 12 round 25 completed (acc=0.9308)
[2026-08-12 06:09:16] 2026-08-12 06:09:16 | INFO     | WeightClient 13 fit round 25 (fedprox=True)
[2026-08-12 06:09:51] 2026-08-12 06:09:51 | INFO     | WeightClient 13 round 25 completed (acc=0.9148)
[2026-08-12 06:09:51] 2026-08-12 06:09:51 | INFO     | WeightClient 14 fit round 25 (fedprox=True)
[2026-08-12 06:10:29] 2026-08-12 06:10:29 | INFO     | WeightClient 14 round 25 completed (acc=0.9275)
[2026-08-12 06:10:29] 2026-08-12 06:10:29 | INFO     | WeightClient 15 fit round 25 (fedprox=True)
[2026-08-12 06:11:05] 2026-08-12 06:11:05 | INFO     | WeightClient 15 round 25 completed (acc=0.9217)
[2026-08-12 06:11:05] 2026-08-12 06:11:05 | INFO     | WeightClient 16 fit round 25 (fedprox=True)
[2026-08-12 06:11:42] 2026-08-12 06:11:42 | INFO     | WeightClient 16 round 25 completed (acc=0.9246)
[2026-08-12 06:11:42] 2026-08-12 06:11:42 | INFO     | WeightClient 17 fit round 25 (fedprox=True)
[2026-08-12 06:12:32] 2026-08-12 06:12:32 | INFO     | WeightClient 17 round 25 completed (acc=0.9274)
[2026-08-12 06:12:32] 2026-08-12 06:12:32 | INFO     | WeightClient 18 fit round 25 (fedprox=True)
[2026-08-12 06:13:15] 2026-08-12 06:13:15 | INFO     | WeightClient 18 round 25 completed (acc=0.9307)
[2026-08-12 06:13:15] 2026-08-12 06:13:15 | INFO     | WeightClient 19 fit round 25 (fedprox=True)
[2026-08-12 06:13:36] 2026-08-12 06:13:36 | INFO     | WeightClient 19 round 25 completed (acc=0.9221)
[2026-08-12 06:13:36]   Round  25/40 | Avg: 0.9245 | Min: 0.9081 | Max: 0.9316
[2026-08-12 06:13:36] 2026-08-12 06:13:36 | INFO     | FEDPROX — IID: round 26/40 starting
[2026-08-12 06:13:36] 2026-08-12 06:13:36 | INFO     | WeightClient 0 fit round 26 (fedprox=True)
[2026-08-12 06:14:04] 2026-08-12 06:14:04 | INFO     | WeightClient 0 round 26 completed (acc=0.9296)
[2026-08-12 06:14:04] 2026-08-12 06:14:04 | INFO     | WeightClient 1 fit round 26 (fedprox=True)
[2026-08-12 06:14:38] 2026-08-12 06:14:38 | INFO     | WeightClient 1 round 26 completed (acc=0.9301)
[2026-08-12 06:14:38] 2026-08-12 06:14:38 | INFO     | WeightClient 2 fit round 26 (fedprox=True)
[2026-08-12 06:15:06] 2026-08-12 06:15:06 | INFO     | WeightClient 2 round 26 completed (acc=0.9187)
[2026-08-12 06:15:06] 2026-08-12 06:15:06 | INFO     | WeightClient 3 fit round 26 (fedprox=True)
[2026-08-12 06:15:39] 2026-08-12 06:15:39 | INFO     | WeightClient 3 round 26 completed (acc=0.9248)
[2026-08-12 06:15:39] 2026-08-12 06:15:39 | INFO     | WeightClient 4 fit round 26 (fedprox=True)
[2026-08-12 06:16:20] 2026-08-12 06:16:20 | INFO     | WeightClient 4 round 26 completed (acc=0.9243)
[2026-08-12 06:16:20] 2026-08-12 06:16:20 | INFO     | WeightClient 5 fit round 26 (fedprox=True)
[2026-08-12 06:16:52] 2026-08-12 06:16:52 | INFO     | WeightClient 5 round 26 completed (acc=0.9343)
[2026-08-12 06:16:52] 2026-08-12 06:16:52 | INFO     | WeightClient 6 fit round 26 (fedprox=True)
[2026-08-12 06:17:25] 2026-08-12 06:17:25 | INFO     | WeightClient 6 round 26 completed (acc=0.9273)
[2026-08-12 06:17:25] 2026-08-12 06:17:25 | INFO     | WeightClient 7 fit round 26 (fedprox=True)
[2026-08-12 06:18:00] 2026-08-12 06:17:59 | INFO     | WeightClient 7 round 26 completed (acc=0.9183)
[2026-08-12 06:18:00] 2026-08-12 06:18:00 | INFO     | WeightClient 8 fit round 26 (fedprox=True)
[2026-08-12 06:18:30] 2026-08-12 06:18:30 | INFO     | WeightClient 8 round 26 completed (acc=0.9312)
[2026-08-12 06:18:30] 2026-08-12 06:18:30 | INFO     | WeightClient 9 fit round 26 (fedprox=True)
[2026-08-12 06:19:01] 2026-08-12 06:19:01 | INFO     | WeightClient 9 round 26 completed (acc=0.9316)
[2026-08-12 06:19:01] 2026-08-12 06:19:01 | INFO     | WeightClient 10 fit round 26 (fedprox=True)
[2026-08-12 06:19:43] 2026-08-12 06:19:43 | INFO     | WeightClient 10 round 26 completed (acc=0.9267)
[2026-08-12 06:19:43] 2026-08-12 06:19:43 | INFO     | WeightClient 11 fit round 26 (fedprox=True)
[2026-08-12 06:20:16] 2026-08-12 06:20:16 | INFO     | WeightClient 11 round 26 completed (acc=0.9263)
[2026-08-12 06:20:16] 2026-08-12 06:20:16 | INFO     | WeightClient 12 fit round 26 (fedprox=True)
[2026-08-12 06:20:53] 2026-08-12 06:20:53 | INFO     | WeightClient 12 round 26 completed (acc=0.9296)
[2026-08-12 06:20:53] 2026-08-12 06:20:53 | INFO     | WeightClient 13 fit round 26 (fedprox=True)
[2026-08-12 06:21:30] 2026-08-12 06:21:30 | INFO     | WeightClient 13 round 26 completed (acc=0.9263)
[2026-08-12 06:21:30] 2026-08-12 06:21:30 | INFO     | WeightClient 14 fit round 26 (fedprox=True)
[2026-08-12 06:22:04] 2026-08-12 06:22:04 | INFO     | WeightClient 14 round 26 completed (acc=0.9291)
[2026-08-12 06:22:04] 2026-08-12 06:22:04 | INFO     | WeightClient 15 fit round 26 (fedprox=True)
[2026-08-12 06:22:42] 2026-08-12 06:22:42 | INFO     | WeightClient 15 round 26 completed (acc=0.9263)
[2026-08-12 06:22:42] 2026-08-12 06:22:42 | INFO     | WeightClient 16 fit round 26 (fedprox=True)
[2026-08-12 06:23:08] 2026-08-12 06:23:08 | INFO     | WeightClient 16 round 26 completed (acc=0.9268)
[2026-08-12 06:23:08] 2026-08-12 06:23:08 | INFO     | WeightClient 17 fit round 26 (fedprox=True)
[2026-08-12 06:23:42] 2026-08-12 06:23:42 | INFO     | WeightClient 17 round 26 completed (acc=0.9226)
[2026-08-12 06:23:42] 2026-08-12 06:23:42 | INFO     | WeightClient 18 fit round 26 (fedprox=True)
[2026-08-12 06:24:10] 2026-08-12 06:24:10 | INFO     | WeightClient 18 round 26 completed (acc=0.9259)
[2026-08-12 06:24:10] 2026-08-12 06:24:10 | INFO     | WeightClient 19 fit round 26 (fedprox=True)
[2026-08-12 06:24:45] 2026-08-12 06:24:45 | INFO     | WeightClient 19 round 26 completed (acc=0.9255)
[2026-08-12 06:24:46]   Round  26/40 | Avg: 0.9268 | Min: 0.9183 | Max: 0.9343
[2026-08-12 06:24:46] 2026-08-12 06:24:46 | INFO     | FEDPROX — IID: round 27/40 starting
[2026-08-12 06:24:46] 2026-08-12 06:24:46 | INFO     | WeightClient 0 fit round 27 (fedprox=True)
[2026-08-12 06:25:20] 2026-08-12 06:25:20 | INFO     | WeightClient 0 round 27 completed (acc=0.9370)
[2026-08-12 06:25:20] 2026-08-12 06:25:20 | INFO     | WeightClient 1 fit round 27 (fedprox=True)
[2026-08-12 06:25:46] 2026-08-12 06:25:46 | INFO     | WeightClient 1 round 27 completed (acc=0.9286)
[2026-08-12 06:25:46] 2026-08-12 06:25:46 | INFO     | WeightClient 2 fit round 27 (fedprox=True)
[2026-08-12 06:26:26] 2026-08-12 06:26:26 | INFO     | WeightClient 2 round 27 completed (acc=0.9305)
[2026-08-12 06:26:26] 2026-08-12 06:26:26 | INFO     | WeightClient 3 fit round 27 (fedprox=True)
[2026-08-12 06:27:12] 2026-08-12 06:27:12 | INFO     | WeightClient 3 round 27 completed (acc=0.9300)
[2026-08-12 06:27:12] 2026-08-12 06:27:12 | INFO     | WeightClient 4 fit round 27 (fedprox=True)
[2026-08-12 06:27:49] 2026-08-12 06:27:49 | INFO     | WeightClient 4 round 27 completed (acc=0.9305)
[2026-08-12 06:27:49] 2026-08-12 06:27:49 | INFO     | WeightClient 5 fit round 27 (fedprox=True)
[2026-08-12 06:28:18] 2026-08-12 06:28:18 | INFO     | WeightClient 5 round 27 completed (acc=0.9255)
[2026-08-12 06:28:18] 2026-08-12 06:28:18 | INFO     | WeightClient 6 fit round 27 (fedprox=True)
[2026-08-12 06:29:08] 2026-08-12 06:29:08 | INFO     | WeightClient 6 round 27 completed (acc=0.9103)
[2026-08-12 06:29:08] 2026-08-12 06:29:08 | INFO     | WeightClient 7 fit round 27 (fedprox=True)
[2026-08-12 06:29:36] 2026-08-12 06:29:36 | INFO     | WeightClient 7 round 27 completed (acc=0.9193)
[2026-08-12 06:29:36] 2026-08-12 06:29:36 | INFO     | WeightClient 8 fit round 27 (fedprox=True)
[2026-08-12 06:30:14] 2026-08-12 06:30:14 | INFO     | WeightClient 8 round 27 completed (acc=0.9242)
[2026-08-12 06:30:14] 2026-08-12 06:30:14 | INFO     | WeightClient 9 fit round 27 (fedprox=True)
[2026-08-12 06:30:57] 2026-08-12 06:30:57 | INFO     | WeightClient 9 round 27 completed (acc=0.9241)
[2026-08-12 06:30:57] 2026-08-12 06:30:57 | INFO     | WeightClient 10 fit round 27 (fedprox=True)
[2026-08-12 06:31:32] 2026-08-12 06:31:32 | INFO     | WeightClient 10 round 27 completed (acc=0.9243)
[2026-08-12 06:31:32] 2026-08-12 06:31:32 | INFO     | WeightClient 11 fit round 27 (fedprox=True)
[2026-08-12 06:32:12] 2026-08-12 06:32:12 | INFO     | WeightClient 11 round 27 completed (acc=0.9335)
[2026-08-12 06:32:12] 2026-08-12 06:32:12 | INFO     | WeightClient 12 fit round 27 (fedprox=True)
[2026-08-12 06:32:48] 2026-08-12 06:32:48 | INFO     | WeightClient 12 round 27 completed (acc=0.9230)
[2026-08-12 06:32:48] 2026-08-12 06:32:48 | INFO     | WeightClient 13 fit round 27 (fedprox=True)
[2026-08-12 06:33:14] 2026-08-12 06:33:14 | INFO     | WeightClient 13 round 27 completed (acc=0.9345)
[2026-08-12 06:33:14] 2026-08-12 06:33:14 | INFO     | WeightClient 14 fit round 27 (fedprox=True)
[2026-08-12 06:33:44] 2026-08-12 06:33:44 | INFO     | WeightClient 14 round 27 completed (acc=0.9220)
[2026-08-12 06:33:44] 2026-08-12 06:33:44 | INFO     | WeightClient 15 fit round 27 (fedprox=True)
[2026-08-12 06:34:18] 2026-08-12 06:34:18 | INFO     | WeightClient 15 round 27 completed (acc=0.9283)
[2026-08-12 06:34:18] 2026-08-12 06:34:18 | INFO     | WeightClient 16 fit round 27 (fedprox=True)
[2026-08-12 06:34:55] 2026-08-12 06:34:55 | INFO     | WeightClient 16 round 27 completed (acc=0.9236)
[2026-08-12 06:34:55] 2026-08-12 06:34:55 | INFO     | WeightClient 17 fit round 27 (fedprox=True)
[2026-08-12 06:35:25] 2026-08-12 06:35:25 | INFO     | WeightClient 17 round 27 completed (acc=0.9233)
[2026-08-12 06:35:25] 2026-08-12 06:35:25 | INFO     | WeightClient 18 fit round 27 (fedprox=True)
[2026-08-12 06:35:56] 2026-08-12 06:35:56 | INFO     | WeightClient 18 round 27 completed (acc=0.9297)
[2026-08-12 06:35:56] 2026-08-12 06:35:56 | INFO     | WeightClient 19 fit round 27 (fedprox=True)
[2026-08-12 06:36:27] 2026-08-12 06:36:27 | INFO     | WeightClient 19 round 27 completed (acc=0.9230)
[2026-08-12 06:36:28]   Round  27/40 | Avg: 0.9263 | Min: 0.9103 | Max: 0.9370
[2026-08-12 06:36:28] 2026-08-12 06:36:28 | INFO     | FEDPROX — IID: round 28/40 starting
[2026-08-12 06:36:28] 2026-08-12 06:36:28 | INFO     | WeightClient 0 fit round 28 (fedprox=True)
[2026-08-12 06:36:59] 2026-08-12 06:36:59 | INFO     | WeightClient 0 round 28 completed (acc=0.9357)
[2026-08-12 06:36:59] 2026-08-12 06:36:59 | INFO     | WeightClient 1 fit round 28 (fedprox=True)
[2026-08-12 06:37:28] 2026-08-12 06:37:28 | INFO     | WeightClient 1 round 28 completed (acc=0.9328)
[2026-08-12 06:37:28] 2026-08-12 06:37:28 | INFO     | WeightClient 2 fit round 28 (fedprox=True)
[2026-08-12 06:38:02] 2026-08-12 06:38:02 | INFO     | WeightClient 2 round 28 completed (acc=0.9278)
[2026-08-12 06:38:02] 2026-08-12 06:38:02 | INFO     | WeightClient 3 fit round 28 (fedprox=True)
[2026-08-12 06:38:37] 2026-08-12 06:38:37 | INFO     | WeightClient 3 round 28 completed (acc=0.9261)
[2026-08-12 06:38:37] 2026-08-12 06:38:37 | INFO     | WeightClient 4 fit round 28 (fedprox=True)
[2026-08-12 06:39:26] 2026-08-12 06:39:26 | INFO     | WeightClient 4 round 28 completed (acc=0.9163)
[2026-08-12 06:39:26] 2026-08-12 06:39:26 | INFO     | WeightClient 5 fit round 28 (fedprox=True)
[2026-08-12 06:39:54] 2026-08-12 06:39:54 | INFO     | WeightClient 5 round 28 completed (acc=0.9294)
[2026-08-12 06:39:54] 2026-08-12 06:39:54 | INFO     | WeightClient 6 fit round 28 (fedprox=True)
[2026-08-12 06:40:23] 2026-08-12 06:40:23 | INFO     | WeightClient 6 round 28 completed (acc=0.9351)
[2026-08-12 06:40:23] 2026-08-12 06:40:23 | INFO     | WeightClient 7 fit round 28 (fedprox=True)
[2026-08-12 06:40:59] 2026-08-12 06:40:59 | INFO     | WeightClient 7 round 28 completed (acc=0.9198)
[2026-08-12 06:40:59] 2026-08-12 06:40:59 | INFO     | WeightClient 8 fit round 28 (fedprox=True)
[2026-08-12 06:41:43] 2026-08-12 06:41:43 | INFO     | WeightClient 8 round 28 completed (acc=0.9296)
[2026-08-12 06:41:43] 2026-08-12 06:41:43 | INFO     | WeightClient 9 fit round 28 (fedprox=True)
[2026-08-12 06:42:21] 2026-08-12 06:42:21 | INFO     | WeightClient 9 round 28 completed (acc=0.9286)
[2026-08-12 06:42:21] 2026-08-12 06:42:21 | INFO     | WeightClient 10 fit round 28 (fedprox=True)
[2026-08-12 06:43:02] 2026-08-12 06:43:02 | INFO     | WeightClient 10 round 28 completed (acc=0.9205)
[2026-08-12 06:43:02] 2026-08-12 06:43:02 | INFO     | WeightClient 11 fit round 28 (fedprox=True)
[2026-08-12 06:43:29] 2026-08-12 06:43:29 | INFO     | WeightClient 11 round 28 completed (acc=0.9276)
[2026-08-12 06:43:29] 2026-08-12 06:43:29 | INFO     | WeightClient 12 fit round 28 (fedprox=True)
[2026-08-12 06:44:13] 2026-08-12 06:44:13 | INFO     | WeightClient 12 round 28 completed (acc=0.9257)
[2026-08-12 06:44:13] 2026-08-12 06:44:13 | INFO     | WeightClient 13 fit round 28 (fedprox=True)
[2026-08-12 06:44:44] 2026-08-12 06:44:44 | INFO     | WeightClient 13 round 28 completed (acc=0.9353)
[2026-08-12 06:44:44] 2026-08-12 06:44:44 | INFO     | WeightClient 14 fit round 28 (fedprox=True)
[2026-08-12 06:45:20] 2026-08-12 06:45:20 | INFO     | WeightClient 14 round 28 completed (acc=0.9285)
[2026-08-12 06:45:20] 2026-08-12 06:45:20 | INFO     | WeightClient 15 fit round 28 (fedprox=True)
[2026-08-12 06:45:44] 2026-08-12 06:45:44 | INFO     | WeightClient 15 round 28 completed (acc=0.9182)
[2026-08-12 06:45:44] 2026-08-12 06:45:44 | INFO     | WeightClient 16 fit round 28 (fedprox=True)
[2026-08-12 06:46:16] 2026-08-12 06:46:16 | INFO     | WeightClient 16 round 28 completed (acc=0.9291)
[2026-08-12 06:46:16] 2026-08-12 06:46:16 | INFO     | WeightClient 17 fit round 28 (fedprox=True)
[2026-08-12 06:46:52] 2026-08-12 06:46:52 | INFO     | WeightClient 17 round 28 completed (acc=0.9296)
[2026-08-12 06:46:52] 2026-08-12 06:46:52 | INFO     | WeightClient 18 fit round 28 (fedprox=True)
[2026-08-12 06:47:27] 2026-08-12 06:47:27 | INFO     | WeightClient 18 round 28 completed (acc=0.9256)
[2026-08-12 06:47:27] 2026-08-12 06:47:27 | INFO     | WeightClient 19 fit round 28 (fedprox=True)
[2026-08-12 06:47:57] 2026-08-12 06:47:57 | INFO     | WeightClient 19 round 28 completed (acc=0.9292)
[2026-08-12 06:47:58]   Round  28/40 | Avg: 0.9275 | Min: 0.9163 | Max: 0.9357
[2026-08-12 06:47:58] 2026-08-12 06:47:58 | INFO     | FEDPROX — IID: round 29/40 starting
[2026-08-12 06:47:58] 2026-08-12 06:47:58 | INFO     | WeightClient 0 fit round 29 (fedprox=True)
[2026-08-12 06:48:27] 2026-08-12 06:48:27 | INFO     | WeightClient 0 round 29 completed (acc=0.9348)
[2026-08-12 06:48:27] 2026-08-12 06:48:27 | INFO     | WeightClient 1 fit round 29 (fedprox=True)
[2026-08-12 06:48:58] 2026-08-12 06:48:58 | INFO     | WeightClient 1 round 29 completed (acc=0.9296)
[2026-08-12 06:48:58] 2026-08-12 06:48:58 | INFO     | WeightClient 2 fit round 29 (fedprox=True)
[2026-08-12 06:49:26] 2026-08-12 06:49:26 | INFO     | WeightClient 2 round 29 completed (acc=0.9288)
[2026-08-12 06:49:26] 2026-08-12 06:49:26 | INFO     | WeightClient 3 fit round 29 (fedprox=True)
[2026-08-12 06:49:56] 2026-08-12 06:49:56 | INFO     | WeightClient 3 round 29 completed (acc=0.9274)
[2026-08-12 06:49:56] 2026-08-12 06:49:56 | INFO     | WeightClient 4 fit round 29 (fedprox=True)
[2026-08-12 06:50:24] 2026-08-12 06:50:24 | INFO     | WeightClient 4 round 29 completed (acc=0.9342)
[2026-08-12 06:50:24] 2026-08-12 06:50:24 | INFO     | WeightClient 5 fit round 29 (fedprox=True)
[2026-08-12 06:51:01] 2026-08-12 06:51:01 | INFO     | WeightClient 5 round 29 completed (acc=0.9330)
[2026-08-12 06:51:01] 2026-08-12 06:51:01 | INFO     | WeightClient 6 fit round 29 (fedprox=True)
[2026-08-12 06:51:48] 2026-08-12 06:51:48 | INFO     | WeightClient 6 round 29 completed (acc=0.9341)
[2026-08-12 06:51:48] 2026-08-12 06:51:48 | INFO     | WeightClient 7 fit round 29 (fedprox=True)
[2026-08-12 06:52:20] 2026-08-12 06:52:20 | INFO     | WeightClient 7 round 29 completed (acc=0.9286)
[2026-08-12 06:52:20] 2026-08-12 06:52:20 | INFO     | WeightClient 8 fit round 29 (fedprox=True)
[2026-08-12 06:52:53] 2026-08-12 06:52:53 | INFO     | WeightClient 8 round 29 completed (acc=0.9304)
[2026-08-12 06:52:53] 2026-08-12 06:52:53 | INFO     | WeightClient 9 fit round 29 (fedprox=True)
[2026-08-12 06:53:31] 2026-08-12 06:53:31 | INFO     | WeightClient 9 round 29 completed (acc=0.9342)
[2026-08-12 06:53:31] 2026-08-12 06:53:31 | INFO     | WeightClient 10 fit round 29 (fedprox=True)
[2026-08-12 06:54:05] 2026-08-12 06:54:05 | INFO     | WeightClient 10 round 29 completed (acc=0.9317)
[2026-08-12 06:54:05] 2026-08-12 06:54:05 | INFO     | WeightClient 11 fit round 29 (fedprox=True)
[2026-08-12 06:54:44] 2026-08-12 06:54:44 | INFO     | WeightClient 11 round 29 completed (acc=0.9326)
[2026-08-12 06:54:44] 2026-08-12 06:54:44 | INFO     | WeightClient 12 fit round 29 (fedprox=True)
[2026-08-12 06:55:14] 2026-08-12 06:55:14 | INFO     | WeightClient 12 round 29 completed (acc=0.9295)
[2026-08-12 06:55:14] 2026-08-12 06:55:14 | INFO     | WeightClient 13 fit round 29 (fedprox=True)
[2026-08-12 06:55:49] 2026-08-12 06:55:49 | INFO     | WeightClient 13 round 29 completed (acc=0.9348)
[2026-08-12 06:55:49] 2026-08-12 06:55:49 | INFO     | WeightClient 14 fit round 29 (fedprox=True)
[2026-08-12 06:56:29] 2026-08-12 06:56:29 | INFO     | WeightClient 14 round 29 completed (acc=0.9152)
[2026-08-12 06:56:29] 2026-08-12 06:56:29 | INFO     | WeightClient 15 fit round 29 (fedprox=True)
[2026-08-12 06:57:06] 2026-08-12 06:57:06 | INFO     | WeightClient 15 round 29 completed (acc=0.9281)
[2026-08-12 06:57:07] 2026-08-12 06:57:06 | INFO     | WeightClient 16 fit round 29 (fedprox=True)
[2026-08-12 06:57:58] 2026-08-12 06:57:58 | INFO     | WeightClient 16 round 29 completed (acc=0.9321)
[2026-08-12 06:57:58] 2026-08-12 06:57:58 | INFO     | WeightClient 17 fit round 29 (fedprox=True)
[2026-08-12 06:58:34] 2026-08-12 06:58:34 | INFO     | WeightClient 17 round 29 completed (acc=0.9351)
[2026-08-12 06:58:34] 2026-08-12 06:58:34 | INFO     | WeightClient 18 fit round 29 (fedprox=True)
[2026-08-12 06:59:12] 2026-08-12 06:59:12 | INFO     | WeightClient 18 round 29 completed (acc=0.9346)
[2026-08-12 06:59:12] 2026-08-12 06:59:12 | INFO     | WeightClient 19 fit round 29 (fedprox=True)
[2026-08-12 06:59:54] 2026-08-12 06:59:54 | INFO     | WeightClient 19 round 29 completed (acc=0.9329)
[2026-08-12 06:59:54]   Round  29/40 | Avg: 0.9311 | Min: 0.9152 | Max: 0.9351
[2026-08-12 06:59:54] 2026-08-12 06:59:54 | INFO     | FEDPROX — IID: round 30/40 starting
[2026-08-12 06:59:54] 2026-08-12 06:59:54 | INFO     | WeightClient 0 fit round 30 (fedprox=True)
[2026-08-12 07:00:27] 2026-08-12 07:00:27 | INFO     | WeightClient 0 round 30 completed (acc=0.9347)
[2026-08-12 07:00:27] 2026-08-12 07:00:27 | INFO     | WeightClient 1 fit round 30 (fedprox=True)
[2026-08-12 07:01:11] 2026-08-12 07:01:11 | INFO     | WeightClient 1 round 30 completed (acc=0.9347)
[2026-08-12 07:01:11] 2026-08-12 07:01:11 | INFO     | WeightClient 2 fit round 30 (fedprox=True)
[2026-08-12 07:01:47] 2026-08-12 07:01:47 | INFO     | WeightClient 2 round 30 completed (acc=0.9309)
[2026-08-12 07:01:47] 2026-08-12 07:01:47 | INFO     | WeightClient 3 fit round 30 (fedprox=True)
[2026-08-12 07:02:28] 2026-08-12 07:02:28 | INFO     | WeightClient 3 round 30 completed (acc=0.9269)
[2026-08-12 07:02:28] 2026-08-12 07:02:28 | INFO     | WeightClient 4 fit round 30 (fedprox=True)
[2026-08-12 07:03:05] 2026-08-12 07:03:05 | INFO     | WeightClient 4 round 30 completed (acc=0.9295)
[2026-08-12 07:03:05] 2026-08-12 07:03:05 | INFO     | WeightClient 5 fit round 30 (fedprox=True)
[2026-08-12 07:03:36] 2026-08-12 07:03:36 | INFO     | WeightClient 5 round 30 completed (acc=0.9293)
[2026-08-12 07:03:36] 2026-08-12 07:03:36 | INFO     | WeightClient 6 fit round 30 (fedprox=True)
[2026-08-12 07:04:08] 2026-08-12 07:04:08 | INFO     | WeightClient 6 round 30 completed (acc=0.9337)
[2026-08-12 07:04:08] 2026-08-12 07:04:08 | INFO     | WeightClient 7 fit round 30 (fedprox=True)
[2026-08-12 07:04:40] 2026-08-12 07:04:40 | INFO     | WeightClient 7 round 30 completed (acc=0.9350)
[2026-08-12 07:04:40] 2026-08-12 07:04:40 | INFO     | WeightClient 8 fit round 30 (fedprox=True)
[2026-08-12 07:05:16] 2026-08-12 07:05:16 | INFO     | WeightClient 8 round 30 completed (acc=0.9340)
[2026-08-12 07:05:16] 2026-08-12 07:05:16 | INFO     | WeightClient 9 fit round 30 (fedprox=True)
[2026-08-12 07:05:51] 2026-08-12 07:05:51 | INFO     | WeightClient 9 round 30 completed (acc=0.9371)
[2026-08-12 07:05:51] 2026-08-12 07:05:51 | INFO     | WeightClient 10 fit round 30 (fedprox=True)
[2026-08-12 07:06:24] 2026-08-12 07:06:24 | INFO     | WeightClient 10 round 30 completed (acc=0.9278)
[2026-08-12 07:06:24] 2026-08-12 07:06:24 | INFO     | WeightClient 11 fit round 30 (fedprox=True)
[2026-08-12 07:06:57] 2026-08-12 07:06:57 | INFO     | WeightClient 11 round 30 completed (acc=0.9333)
[2026-08-12 07:06:57] 2026-08-12 07:06:57 | INFO     | WeightClient 12 fit round 30 (fedprox=True)
[2026-08-12 07:07:42] 2026-08-12 07:07:42 | INFO     | WeightClient 12 round 30 completed (acc=0.9326)
[2026-08-12 07:07:42] 2026-08-12 07:07:42 | INFO     | WeightClient 13 fit round 30 (fedprox=True)
[2026-08-12 07:08:16] 2026-08-12 07:08:16 | INFO     | WeightClient 13 round 30 completed (acc=0.9239)
[2026-08-12 07:08:16] 2026-08-12 07:08:16 | INFO     | WeightClient 14 fit round 30 (fedprox=True)
[2026-08-12 07:08:50] 2026-08-12 07:08:50 | INFO     | WeightClient 14 round 30 completed (acc=0.9235)
[2026-08-12 07:08:50] 2026-08-12 07:08:50 | INFO     | WeightClient 15 fit round 30 (fedprox=True)
[2026-08-12 07:09:36] 2026-08-12 07:09:36 | INFO     | WeightClient 15 round 30 completed (acc=0.9357)
[2026-08-12 07:09:36] 2026-08-12 07:09:36 | INFO     | WeightClient 16 fit round 30 (fedprox=True)
[2026-08-12 07:10:13] 2026-08-12 07:10:13 | INFO     | WeightClient 16 round 30 completed (acc=0.9277)
[2026-08-12 07:10:13] 2026-08-12 07:10:13 | INFO     | WeightClient 17 fit round 30 (fedprox=True)
[2026-08-12 07:10:48] 2026-08-12 07:10:48 | INFO     | WeightClient 17 round 30 completed (acc=0.9249)
[2026-08-12 07:10:48] 2026-08-12 07:10:48 | INFO     | WeightClient 18 fit round 30 (fedprox=True)
[2026-08-12 07:11:22] 2026-08-12 07:11:22 | INFO     | WeightClient 18 round 30 completed (acc=0.9272)
[2026-08-12 07:11:22] 2026-08-12 07:11:22 | INFO     | WeightClient 19 fit round 30 (fedprox=True)
[2026-08-12 07:12:07] 2026-08-12 07:12:07 | INFO     | WeightClient 19 round 30 completed (acc=0.9315)
[2026-08-12 07:12:07]   Round  30/40 | Avg: 0.9307 | Min: 0.9235 | Max: 0.9371
[2026-08-12 07:12:07] 2026-08-12 07:12:07 | INFO     | FEDPROX — IID: round 31/40 starting
[2026-08-12 07:12:07] 2026-08-12 07:12:07 | INFO     | WeightClient 0 fit round 31 (fedprox=True)
[2026-08-12 07:12:49] 2026-08-12 07:12:49 | INFO     | WeightClient 0 round 31 completed (acc=0.9356)
[2026-08-12 07:12:49] 2026-08-12 07:12:49 | INFO     | WeightClient 1 fit round 31 (fedprox=True)
[2026-08-12 07:13:22] 2026-08-12 07:13:22 | INFO     | WeightClient 1 round 31 completed (acc=0.9321)
[2026-08-12 07:13:22] 2026-08-12 07:13:22 | INFO     | WeightClient 2 fit round 31 (fedprox=True)
[2026-08-12 07:13:52] 2026-08-12 07:13:52 | INFO     | WeightClient 2 round 31 completed (acc=0.9336)
[2026-08-12 07:13:52] 2026-08-12 07:13:52 | INFO     | WeightClient 3 fit round 31 (fedprox=True)
[2026-08-12 07:14:25] 2026-08-12 07:14:25 | INFO     | WeightClient 3 round 31 completed (acc=0.9273)
[2026-08-12 07:14:25] 2026-08-12 07:14:25 | INFO     | WeightClient 4 fit round 31 (fedprox=True)
[2026-08-12 07:15:16] 2026-08-12 07:15:16 | INFO     | WeightClient 4 round 31 completed (acc=0.9297)
[2026-08-12 07:15:16] 2026-08-12 07:15:16 | INFO     | WeightClient 5 fit round 31 (fedprox=True)
[2026-08-12 07:15:53] 2026-08-12 07:15:53 | INFO     | WeightClient 5 round 31 completed (acc=0.9315)
[2026-08-12 07:15:53] 2026-08-12 07:15:53 | INFO     | WeightClient 6 fit round 31 (fedprox=True)
[2026-08-12 07:16:35] 2026-08-12 07:16:35 | INFO     | WeightClient 6 round 31 completed (acc=0.9286)
[2026-08-12 07:16:35] 2026-08-12 07:16:35 | INFO     | WeightClient 7 fit round 31 (fedprox=True)
[2026-08-12 07:17:05] 2026-08-12 07:17:05 | INFO     | WeightClient 7 round 31 completed (acc=0.9342)
[2026-08-12 07:17:06] 2026-08-12 07:17:05 | INFO     | WeightClient 8 fit round 31 (fedprox=True)
[2026-08-12 07:17:39] 2026-08-12 07:17:39 | INFO     | WeightClient 8 round 31 completed (acc=0.9312)
[2026-08-12 07:17:39] 2026-08-12 07:17:39 | INFO     | WeightClient 9 fit round 31 (fedprox=True)
[2026-08-12 07:18:10] 2026-08-12 07:18:10 | INFO     | WeightClient 9 round 31 completed (acc=0.9309)
[2026-08-12 07:18:10] 2026-08-12 07:18:10 | INFO     | WeightClient 10 fit round 31 (fedprox=True)
[2026-08-12 07:18:36] 2026-08-12 07:18:36 | INFO     | WeightClient 10 round 31 completed (acc=0.9238)
[2026-08-12 07:18:36] 2026-08-12 07:18:36 | INFO     | WeightClient 11 fit round 31 (fedprox=True)
[2026-08-12 07:19:04] 2026-08-12 07:19:04 | INFO     | WeightClient 11 round 31 completed (acc=0.8987)
[2026-08-12 07:19:04] 2026-08-12 07:19:04 | INFO     | WeightClient 12 fit round 31 (fedprox=True)
[2026-08-12 07:19:31] 2026-08-12 07:19:31 | INFO     | WeightClient 12 round 31 completed (acc=0.9268)
[2026-08-12 07:19:31] 2026-08-12 07:19:31 | INFO     | WeightClient 13 fit round 31 (fedprox=True)
[2026-08-12 07:19:57] 2026-08-12 07:19:57 | INFO     | WeightClient 13 round 31 completed (acc=0.9295)
[2026-08-12 07:19:57] 2026-08-12 07:19:57 | INFO     | WeightClient 14 fit round 31 (fedprox=True)
[2026-08-12 07:20:26] 2026-08-12 07:20:26 | INFO     | WeightClient 14 round 31 completed (acc=0.9235)
[2026-08-12 07:20:26] 2026-08-12 07:20:26 | INFO     | WeightClient 15 fit round 31 (fedprox=True)
[2026-08-12 07:20:59] 2026-08-12 07:20:59 | INFO     | WeightClient 15 round 31 completed (acc=0.9350)
[2026-08-12 07:20:59] 2026-08-12 07:20:59 | INFO     | WeightClient 16 fit round 31 (fedprox=True)
[2026-08-12 07:21:37] 2026-08-12 07:21:37 | INFO     | WeightClient 16 round 31 completed (acc=0.9137)
[2026-08-12 07:21:37] 2026-08-12 07:21:37 | INFO     | WeightClient 17 fit round 31 (fedprox=True)
[2026-08-12 07:22:14] 2026-08-12 07:22:14 | INFO     | WeightClient 17 round 31 completed (acc=0.9351)
[2026-08-12 07:22:14] 2026-08-12 07:22:14 | INFO     | WeightClient 18 fit round 31 (fedprox=True)
[2026-08-12 07:22:42] 2026-08-12 07:22:42 | INFO     | WeightClient 18 round 31 completed (acc=0.9277)
[2026-08-12 07:22:42] 2026-08-12 07:22:42 | INFO     | WeightClient 19 fit round 31 (fedprox=True)
[2026-08-12 07:23:06] 2026-08-12 07:23:06 | INFO     | WeightClient 19 round 31 completed (acc=0.9261)
[2026-08-12 07:23:06]   Round  31/40 | Avg: 0.9277 | Min: 0.8987 | Max: 0.9356
[2026-08-12 07:23:06] 2026-08-12 07:23:06 | INFO     | FEDPROX — IID: round 32/40 starting
[2026-08-12 07:23:06] 2026-08-12 07:23:06 | INFO     | WeightClient 0 fit round 32 (fedprox=True)
[2026-08-12 07:23:39] 2026-08-12 07:23:39 | INFO     | WeightClient 0 round 32 completed (acc=0.9345)
[2026-08-12 07:23:39] 2026-08-12 07:23:39 | INFO     | WeightClient 1 fit round 32 (fedprox=True)
[2026-08-12 07:24:17] 2026-08-12 07:24:17 | INFO     | WeightClient 1 round 32 completed (acc=0.9352)
[2026-08-12 07:24:17] 2026-08-12 07:24:17 | INFO     | WeightClient 2 fit round 32 (fedprox=True)
[2026-08-12 07:24:53] 2026-08-12 07:24:53 | INFO     | WeightClient 2 round 32 completed (acc=0.9315)
[2026-08-12 07:24:53] 2026-08-12 07:24:53 | INFO     | WeightClient 3 fit round 32 (fedprox=True)
[2026-08-12 07:25:35] 2026-08-12 07:25:35 | INFO     | WeightClient 3 round 32 completed (acc=0.9212)
[2026-08-12 07:25:35] 2026-08-12 07:25:35 | INFO     | WeightClient 4 fit round 32 (fedprox=True)
[2026-08-12 07:26:10] 2026-08-12 07:26:10 | INFO     | WeightClient 4 round 32 completed (acc=0.9283)
[2026-08-12 07:26:10] 2026-08-12 07:26:10 | INFO     | WeightClient 5 fit round 32 (fedprox=True)
[2026-08-12 07:26:46] 2026-08-12 07:26:46 | INFO     | WeightClient 5 round 32 completed (acc=0.9244)
[2026-08-12 07:26:46] 2026-08-12 07:26:46 | INFO     | WeightClient 6 fit round 32 (fedprox=True)
[2026-08-12 07:27:16] 2026-08-12 07:27:16 | INFO     | WeightClient 6 round 32 completed (acc=0.9184)
[2026-08-12 07:27:16] 2026-08-12 07:27:16 | INFO     | WeightClient 7 fit round 32 (fedprox=True)
[2026-08-12 07:27:50] 2026-08-12 07:27:50 | INFO     | WeightClient 7 round 32 completed (acc=0.9333)
[2026-08-12 07:27:50] 2026-08-12 07:27:50 | INFO     | WeightClient 8 fit round 32 (fedprox=True)
[2026-08-12 07:28:31] 2026-08-12 07:28:31 | INFO     | WeightClient 8 round 32 completed (acc=0.9331)
[2026-08-12 07:28:31] 2026-08-12 07:28:31 | INFO     | WeightClient 9 fit round 32 (fedprox=True)
[2026-08-12 07:29:08] 2026-08-12 07:29:08 | INFO     | WeightClient 9 round 32 completed (acc=0.9267)
[2026-08-12 07:29:08] 2026-08-12 07:29:08 | INFO     | WeightClient 10 fit round 32 (fedprox=True)
[2026-08-12 07:29:45] 2026-08-12 07:29:45 | INFO     | WeightClient 10 round 32 completed (acc=0.9295)
[2026-08-12 07:29:45] 2026-08-12 07:29:45 | INFO     | WeightClient 11 fit round 32 (fedprox=True)
[2026-08-12 07:30:16] 2026-08-12 07:30:16 | INFO     | WeightClient 11 round 32 completed (acc=0.9177)
[2026-08-12 07:30:16] 2026-08-12 07:30:16 | INFO     | WeightClient 12 fit round 32 (fedprox=True)
[2026-08-12 07:30:50] 2026-08-12 07:30:50 | INFO     | WeightClient 12 round 32 completed (acc=0.9297)
[2026-08-12 07:30:50] 2026-08-12 07:30:50 | INFO     | WeightClient 13 fit round 32 (fedprox=True)
[2026-08-12 07:31:34] 2026-08-12 07:31:34 | INFO     | WeightClient 13 round 32 completed (acc=0.9357)
[2026-08-12 07:31:34] 2026-08-12 07:31:34 | INFO     | WeightClient 14 fit round 32 (fedprox=True)
[2026-08-12 07:32:12] 2026-08-12 07:32:12 | INFO     | WeightClient 14 round 32 completed (acc=0.9343)
[2026-08-12 07:32:12] 2026-08-12 07:32:12 | INFO     | WeightClient 15 fit round 32 (fedprox=True)
[2026-08-12 07:32:47] 2026-08-12 07:32:47 | INFO     | WeightClient 15 round 32 completed (acc=0.9249)
[2026-08-12 07:32:47] 2026-08-12 07:32:47 | INFO     | WeightClient 16 fit round 32 (fedprox=True)
[2026-08-12 07:33:21] 2026-08-12 07:33:21 | INFO     | WeightClient 16 round 32 completed (acc=0.9335)
[2026-08-12 07:33:21] 2026-08-12 07:33:21 | INFO     | WeightClient 17 fit round 32 (fedprox=True)
[2026-08-12 07:33:54] 2026-08-12 07:33:54 | INFO     | WeightClient 17 round 32 completed (acc=0.9328)
[2026-08-12 07:33:54] 2026-08-12 07:33:54 | INFO     | WeightClient 18 fit round 32 (fedprox=True)
[2026-08-12 07:34:22] 2026-08-12 07:34:22 | INFO     | WeightClient 18 round 32 completed (acc=0.9345)
[2026-08-12 07:34:22] 2026-08-12 07:34:22 | INFO     | WeightClient 19 fit round 32 (fedprox=True)
[2026-08-12 07:34:54] 2026-08-12 07:34:54 | INFO     | WeightClient 19 round 32 completed (acc=0.9217)
[2026-08-12 07:34:55]   Round  32/40 | Avg: 0.9290 | Min: 0.9177 | Max: 0.9357
[2026-08-12 07:34:55] 2026-08-12 07:34:55 | INFO     | FEDPROX — IID: round 33/40 starting
[2026-08-12 07:34:55] 2026-08-12 07:34:55 | INFO     | WeightClient 0 fit round 33 (fedprox=True)
[2026-08-12 07:35:30] 2026-08-12 07:35:30 | INFO     | WeightClient 0 round 33 completed (acc=0.9343)
[2026-08-12 07:35:30] 2026-08-12 07:35:30 | INFO     | WeightClient 1 fit round 33 (fedprox=True)
[2026-08-12 07:36:10] 2026-08-12 07:36:10 | INFO     | WeightClient 1 round 33 completed (acc=0.9149)
[2026-08-12 07:36:10] 2026-08-12 07:36:10 | INFO     | WeightClient 2 fit round 33 (fedprox=True)
[2026-08-12 07:36:33] 2026-08-12 07:36:33 | INFO     | WeightClient 2 round 33 completed (acc=0.9339)
[2026-08-12 07:36:33] 2026-08-12 07:36:33 | INFO     | WeightClient 3 fit round 33 (fedprox=True)
[2026-08-12 07:36:59] 2026-08-12 07:36:59 | INFO     | WeightClient 3 round 33 completed (acc=0.9365)
[2026-08-12 07:36:59] 2026-08-12 07:36:59 | INFO     | WeightClient 4 fit round 33 (fedprox=True)
[2026-08-12 07:37:29] 2026-08-12 07:37:29 | INFO     | WeightClient 4 round 33 completed (acc=0.9284)
[2026-08-12 07:37:29] 2026-08-12 07:37:29 | INFO     | WeightClient 5 fit round 33 (fedprox=True)
[2026-08-12 07:38:08] 2026-08-12 07:38:08 | INFO     | WeightClient 5 round 33 completed (acc=0.9369)
[2026-08-12 07:38:08] 2026-08-12 07:38:08 | INFO     | WeightClient 6 fit round 33 (fedprox=True)
[2026-08-12 07:38:47] 2026-08-12 07:38:47 | INFO     | WeightClient 6 round 33 completed (acc=0.9291)
[2026-08-12 07:38:47] 2026-08-12 07:38:47 | INFO     | WeightClient 7 fit round 33 (fedprox=True)
[2026-08-12 07:39:21] 2026-08-12 07:39:21 | INFO     | WeightClient 7 round 33 completed (acc=0.9239)
[2026-08-12 07:39:21] 2026-08-12 07:39:21 | INFO     | WeightClient 8 fit round 33 (fedprox=True)
[2026-08-12 07:39:54] 2026-08-12 07:39:54 | INFO     | WeightClient 8 round 33 completed (acc=0.9381)
[2026-08-12 07:39:54] 2026-08-12 07:39:54 | INFO     | WeightClient 9 fit round 33 (fedprox=True)
[2026-08-12 07:40:26] 2026-08-12 07:40:26 | INFO     | WeightClient 9 round 33 completed (acc=0.9359)
[2026-08-12 07:40:26] 2026-08-12 07:40:26 | INFO     | WeightClient 10 fit round 33 (fedprox=True)
[2026-08-12 07:41:12] 2026-08-12 07:41:12 | INFO     | WeightClient 10 round 33 completed (acc=0.9269)
[2026-08-12 07:41:12] 2026-08-12 07:41:12 | INFO     | WeightClient 11 fit round 33 (fedprox=True)
[2026-08-12 07:41:43] 2026-08-12 07:41:43 | INFO     | WeightClient 11 round 33 completed (acc=0.9300)
[2026-08-12 07:41:43] 2026-08-12 07:41:43 | INFO     | WeightClient 12 fit round 33 (fedprox=True)
[2026-08-12 07:42:16] 2026-08-12 07:42:16 | INFO     | WeightClient 12 round 33 completed (acc=0.9293)
[2026-08-12 07:42:16] 2026-08-12 07:42:16 | INFO     | WeightClient 13 fit round 33 (fedprox=True)
[2026-08-12 07:42:52] 2026-08-12 07:42:52 | INFO     | WeightClient 13 round 33 completed (acc=0.9378)
[2026-08-12 07:42:52] 2026-08-12 07:42:52 | INFO     | WeightClient 14 fit round 33 (fedprox=True)
[2026-08-12 07:43:29] 2026-08-12 07:43:29 | INFO     | WeightClient 14 round 33 completed (acc=0.9300)
[2026-08-12 07:43:29] 2026-08-12 07:43:29 | INFO     | WeightClient 15 fit round 33 (fedprox=True)
[2026-08-12 07:44:05] 2026-08-12 07:44:05 | INFO     | WeightClient 15 round 33 completed (acc=0.9296)
[2026-08-12 07:44:05] 2026-08-12 07:44:05 | INFO     | WeightClient 16 fit round 33 (fedprox=True)
[2026-08-12 07:44:38] 2026-08-12 07:44:38 | INFO     | WeightClient 16 round 33 completed (acc=0.9283)
[2026-08-12 07:44:38] 2026-08-12 07:44:38 | INFO     | WeightClient 17 fit round 33 (fedprox=True)
[2026-08-12 07:45:09] 2026-08-12 07:45:09 | INFO     | WeightClient 17 round 33 completed (acc=0.9321)
[2026-08-12 07:45:09] 2026-08-12 07:45:09 | INFO     | WeightClient 18 fit round 33 (fedprox=True)
[2026-08-12 07:45:43] 2026-08-12 07:45:43 | INFO     | WeightClient 18 round 33 completed (acc=0.9278)
[2026-08-12 07:45:43] 2026-08-12 07:45:43 | INFO     | WeightClient 19 fit round 33 (fedprox=True)
[2026-08-12 07:46:17] 2026-08-12 07:46:17 | INFO     | WeightClient 19 round 33 completed (acc=0.9221)
[2026-08-12 07:46:17]   Round  33/40 | Avg: 0.9303 | Min: 0.9149 | Max: 0.9381
[2026-08-12 07:46:17] 2026-08-12 07:46:17 | INFO     | FEDPROX — IID: round 34/40 starting
[2026-08-12 07:46:17] 2026-08-12 07:46:17 | INFO     | WeightClient 0 fit round 34 (fedprox=True)
[2026-08-12 07:46:54] 2026-08-12 07:46:54 | INFO     | WeightClient 0 round 34 completed (acc=0.9338)
[2026-08-12 07:46:54] 2026-08-12 07:46:54 | INFO     | WeightClient 1 fit round 34 (fedprox=True)
[2026-08-12 07:47:20] 2026-08-12 07:47:20 | INFO     | WeightClient 1 round 34 completed (acc=0.9357)
[2026-08-12 07:47:20] 2026-08-12 07:47:20 | INFO     | WeightClient 2 fit round 34 (fedprox=True)
[2026-08-12 07:47:54] 2026-08-12 07:47:54 | INFO     | WeightClient 2 round 34 completed (acc=0.9345)
[2026-08-12 07:47:54] 2026-08-12 07:47:54 | INFO     | WeightClient 3 fit round 34 (fedprox=True)
[2026-08-12 07:48:25] 2026-08-12 07:48:25 | INFO     | WeightClient 3 round 34 completed (acc=0.9334)
[2026-08-12 07:48:25] 2026-08-12 07:48:25 | INFO     | WeightClient 4 fit round 34 (fedprox=True)
[2026-08-12 07:48:51] 2026-08-12 07:48:51 | INFO     | WeightClient 4 round 34 completed (acc=0.9337)
[2026-08-12 07:48:51] 2026-08-12 07:48:51 | INFO     | WeightClient 5 fit round 34 (fedprox=True)
[2026-08-12 07:49:20] 2026-08-12 07:49:20 | INFO     | WeightClient 5 round 34 completed (acc=0.9254)
[2026-08-12 07:49:20] 2026-08-12 07:49:20 | INFO     | WeightClient 6 fit round 34 (fedprox=True)
[2026-08-12 07:49:46] 2026-08-12 07:49:46 | INFO     | WeightClient 6 round 34 completed (acc=0.9353)
[2026-08-12 07:49:46] 2026-08-12 07:49:46 | INFO     | WeightClient 7 fit round 34 (fedprox=True)
[2026-08-12 07:50:18] 2026-08-12 07:50:18 | INFO     | WeightClient 7 round 34 completed (acc=0.9369)
[2026-08-12 07:50:18] 2026-08-12 07:50:18 | INFO     | WeightClient 8 fit round 34 (fedprox=True)
[2026-08-12 07:50:47] 2026-08-12 07:50:47 | INFO     | WeightClient 8 round 34 completed (acc=0.9373)
[2026-08-12 07:50:47] 2026-08-12 07:50:47 | INFO     | WeightClient 9 fit round 34 (fedprox=True)
[2026-08-12 07:51:24] 2026-08-12 07:51:24 | INFO     | WeightClient 9 round 34 completed (acc=0.9262)
[2026-08-12 07:51:24] 2026-08-12 07:51:24 | INFO     | WeightClient 10 fit round 34 (fedprox=True)
[2026-08-12 07:52:01] 2026-08-12 07:52:01 | INFO     | WeightClient 10 round 34 completed (acc=0.9272)
[2026-08-12 07:52:01] 2026-08-12 07:52:01 | INFO     | WeightClient 11 fit round 34 (fedprox=True)
[2026-08-12 07:52:38] 2026-08-12 07:52:38 | INFO     | WeightClient 11 round 34 completed (acc=0.9304)
[2026-08-12 07:52:38] 2026-08-12 07:52:38 | INFO     | WeightClient 12 fit round 34 (fedprox=True)
[2026-08-12 07:52:56] 2026-08-12 07:52:56 | INFO     | WeightClient 12 round 34 completed (acc=0.9203)
[2026-08-12 07:52:56] 2026-08-12 07:52:56 | INFO     | WeightClient 13 fit round 34 (fedprox=True)
[2026-08-12 07:53:23] 2026-08-12 07:53:23 | INFO     | WeightClient 13 round 34 completed (acc=0.9356)
[2026-08-12 07:53:23] 2026-08-12 07:53:23 | INFO     | WeightClient 14 fit round 34 (fedprox=True)
[2026-08-12 07:54:00] 2026-08-12 07:54:00 | INFO     | WeightClient 14 round 34 completed (acc=0.9253)
[2026-08-12 07:54:00] 2026-08-12 07:54:00 | INFO     | WeightClient 15 fit round 34 (fedprox=True)
[2026-08-12 07:54:30] 2026-08-12 07:54:30 | INFO     | WeightClient 15 round 34 completed (acc=0.9326)
[2026-08-12 07:54:30] 2026-08-12 07:54:30 | INFO     | WeightClient 16 fit round 34 (fedprox=True)
[2026-08-12 07:55:01] 2026-08-12 07:55:01 | INFO     | WeightClient 16 round 34 completed (acc=0.9334)
[2026-08-12 07:55:01] 2026-08-12 07:55:01 | INFO     | WeightClient 17 fit round 34 (fedprox=True)
[2026-08-12 07:55:42] 2026-08-12 07:55:42 | INFO     | WeightClient 17 round 34 completed (acc=0.9306)
[2026-08-12 07:55:42] 2026-08-12 07:55:42 | INFO     | WeightClient 18 fit round 34 (fedprox=True)
[2026-08-12 07:56:07] 2026-08-12 07:56:07 | INFO     | WeightClient 18 round 34 completed (acc=0.9264)
[2026-08-12 07:56:07] 2026-08-12 07:56:07 | INFO     | WeightClient 19 fit round 34 (fedprox=True)
[2026-08-12 07:56:47] 2026-08-12 07:56:47 | INFO     | WeightClient 19 round 34 completed (acc=0.9373)
[2026-08-12 07:56:47]   Round  34/40 | Avg: 0.9316 | Min: 0.9203 | Max: 0.9373
[2026-08-12 07:56:47] 2026-08-12 07:56:47 | INFO     | FEDPROX — IID: round 35/40 starting
[2026-08-12 07:56:47] 2026-08-12 07:56:47 | INFO     | WeightClient 0 fit round 35 (fedprox=True)
[2026-08-12 07:57:21] 2026-08-12 07:57:21 | INFO     | WeightClient 0 round 35 completed (acc=0.9369)
[2026-08-12 07:57:21] 2026-08-12 07:57:21 | INFO     | WeightClient 1 fit round 35 (fedprox=True)
[2026-08-12 07:57:51] 2026-08-12 07:57:51 | INFO     | WeightClient 1 round 35 completed (acc=0.9362)
[2026-08-12 07:57:51] 2026-08-12 07:57:51 | INFO     | WeightClient 2 fit round 35 (fedprox=True)
[2026-08-12 07:58:21] 2026-08-12 07:58:21 | INFO     | WeightClient 2 round 35 completed (acc=0.9185)
[2026-08-12 07:58:21] 2026-08-12 07:58:21 | INFO     | WeightClient 3 fit round 35 (fedprox=True)
[2026-08-12 07:58:52] 2026-08-12 07:58:52 | INFO     | WeightClient 3 round 35 completed (acc=0.9314)
[2026-08-12 07:58:52] 2026-08-12 07:58:52 | INFO     | WeightClient 4 fit round 35 (fedprox=True)
[2026-08-12 07:59:16] 2026-08-12 07:59:16 | INFO     | WeightClient 4 round 35 completed (acc=0.9342)
[2026-08-12 07:59:16] 2026-08-12 07:59:16 | INFO     | WeightClient 5 fit round 35 (fedprox=True)
[2026-08-12 07:59:40] 2026-08-12 07:59:40 | INFO     | WeightClient 5 round 35 completed (acc=0.9342)
[2026-08-12 07:59:40] 2026-08-12 07:59:40 | INFO     | WeightClient 6 fit round 35 (fedprox=True)
[2026-08-12 08:00:23] 2026-08-12 08:00:23 | INFO     | WeightClient 6 round 35 completed (acc=0.9327)
[2026-08-12 08:00:23] 2026-08-12 08:00:23 | INFO     | WeightClient 7 fit round 35 (fedprox=True)
[2026-08-12 08:01:04] 2026-08-12 08:01:04 | INFO     | WeightClient 7 round 35 completed (acc=0.9267)
[2026-08-12 08:01:04] 2026-08-12 08:01:04 | INFO     | WeightClient 8 fit round 35 (fedprox=True)
[2026-08-12 08:01:35] 2026-08-12 08:01:35 | INFO     | WeightClient 8 round 35 completed (acc=0.9366)
[2026-08-12 08:01:35] 2026-08-12 08:01:35 | INFO     | WeightClient 9 fit round 35 (fedprox=True)
[2026-08-12 08:02:02] 2026-08-12 08:02:02 | INFO     | WeightClient 9 round 35 completed (acc=0.9251)
[2026-08-12 08:02:02] 2026-08-12 08:02:02 | INFO     | WeightClient 10 fit round 35 (fedprox=True)
[2026-08-12 08:02:33] 2026-08-12 08:02:33 | INFO     | WeightClient 10 round 35 completed (acc=0.9302)
[2026-08-12 08:02:33] 2026-08-12 08:02:33 | INFO     | WeightClient 11 fit round 35 (fedprox=True)
[2026-08-12 08:03:01] 2026-08-12 08:03:01 | INFO     | WeightClient 11 round 35 completed (acc=0.9307)
[2026-08-12 08:03:01] 2026-08-12 08:03:01 | INFO     | WeightClient 12 fit round 35 (fedprox=True)
[2026-08-12 08:03:29] 2026-08-12 08:03:29 | INFO     | WeightClient 12 round 35 completed (acc=0.9197)
[2026-08-12 08:03:29] 2026-08-12 08:03:29 | INFO     | WeightClient 13 fit round 35 (fedprox=True)
[2026-08-12 08:04:06] 2026-08-12 08:04:06 | INFO     | WeightClient 13 round 35 completed (acc=0.9375)
[2026-08-12 08:04:06] 2026-08-12 08:04:06 | INFO     | WeightClient 14 fit round 35 (fedprox=True)
[2026-08-12 08:04:42] 2026-08-12 08:04:42 | INFO     | WeightClient 14 round 35 completed (acc=0.9326)
[2026-08-12 08:04:42] 2026-08-12 08:04:42 | INFO     | WeightClient 15 fit round 35 (fedprox=True)
[2026-08-12 08:05:16] 2026-08-12 08:05:16 | INFO     | WeightClient 15 round 35 completed (acc=0.9321)
[2026-08-12 08:05:16] 2026-08-12 08:05:16 | INFO     | WeightClient 16 fit round 35 (fedprox=True)
[2026-08-12 08:05:39] 2026-08-12 08:05:39 | INFO     | WeightClient 16 round 35 completed (acc=0.9349)
[2026-08-12 08:05:39] 2026-08-12 08:05:39 | INFO     | WeightClient 17 fit round 35 (fedprox=True)
[2026-08-12 08:06:12] 2026-08-12 08:06:12 | INFO     | WeightClient 17 round 35 completed (acc=0.9347)
[2026-08-12 08:06:12] 2026-08-12 08:06:12 | INFO     | WeightClient 18 fit round 35 (fedprox=True)
[2026-08-12 08:06:44] 2026-08-12 08:06:44 | INFO     | WeightClient 18 round 35 completed (acc=0.9306)
[2026-08-12 08:06:44] 2026-08-12 08:06:44 | INFO     | WeightClient 19 fit round 35 (fedprox=True)
[2026-08-12 08:07:07] 2026-08-12 08:07:07 | INFO     | WeightClient 19 round 35 completed (acc=0.9325)
[2026-08-12 08:07:08]   Round  35/40 | Avg: 0.9314 | Min: 0.9185 | Max: 0.9375
[2026-08-12 08:07:08] 2026-08-12 08:07:08 | INFO     | FEDPROX — IID: round 36/40 starting
[2026-08-12 08:07:08] 2026-08-12 08:07:08 | INFO     | WeightClient 0 fit round 36 (fedprox=True)
[2026-08-12 08:07:29] 2026-08-12 08:07:29 | INFO     | WeightClient 0 round 36 completed (acc=0.9229)
[2026-08-12 08:07:29] 2026-08-12 08:07:29 | INFO     | WeightClient 1 fit round 36 (fedprox=True)
[2026-08-12 08:08:03] 2026-08-12 08:08:03 | INFO     | WeightClient 1 round 36 completed (acc=0.9343)
[2026-08-12 08:08:03] 2026-08-12 08:08:03 | INFO     | WeightClient 2 fit round 36 (fedprox=True)
[2026-08-12 08:08:41] 2026-08-12 08:08:41 | INFO     | WeightClient 2 round 36 completed (acc=0.9347)
[2026-08-12 08:08:41] 2026-08-12 08:08:41 | INFO     | WeightClient 3 fit round 36 (fedprox=True)
[2026-08-12 08:09:17] 2026-08-12 08:09:17 | INFO     | WeightClient 3 round 36 completed (acc=0.9320)
[2026-08-12 08:09:17] 2026-08-12 08:09:17 | INFO     | WeightClient 4 fit round 36 (fedprox=True)
[2026-08-12 08:09:44] 2026-08-12 08:09:44 | INFO     | WeightClient 4 round 36 completed (acc=0.9379)
[2026-08-12 08:09:44] 2026-08-12 08:09:44 | INFO     | WeightClient 5 fit round 36 (fedprox=True)
[2026-08-12 08:10:17] 2026-08-12 08:10:17 | INFO     | WeightClient 5 round 36 completed (acc=0.9345)
[2026-08-12 08:10:17] 2026-08-12 08:10:17 | INFO     | WeightClient 6 fit round 36 (fedprox=True)
[2026-08-12 08:10:53] 2026-08-12 08:10:53 | INFO     | WeightClient 6 round 36 completed (acc=0.9372)
[2026-08-12 08:10:53] 2026-08-12 08:10:53 | INFO     | WeightClient 7 fit round 36 (fedprox=True)
[2026-08-12 08:11:27] 2026-08-12 08:11:27 | INFO     | WeightClient 7 round 36 completed (acc=0.9237)
[2026-08-12 08:11:27] 2026-08-12 08:11:27 | INFO     | WeightClient 8 fit round 36 (fedprox=True)
[2026-08-12 08:11:57] 2026-08-12 08:11:57 | INFO     | WeightClient 8 round 36 completed (acc=0.9366)
[2026-08-12 08:11:57] 2026-08-12 08:11:57 | INFO     | WeightClient 9 fit round 36 (fedprox=True)
[2026-08-12 08:12:32] 2026-08-12 08:12:32 | INFO     | WeightClient 9 round 36 completed (acc=0.9322)
[2026-08-12 08:12:32] 2026-08-12 08:12:32 | INFO     | WeightClient 10 fit round 36 (fedprox=True)
[2026-08-12 08:13:09] 2026-08-12 08:13:09 | INFO     | WeightClient 10 round 36 completed (acc=0.9292)
[2026-08-12 08:13:09] 2026-08-12 08:13:09 | INFO     | WeightClient 11 fit round 36 (fedprox=True)
[2026-08-12 08:13:52] 2026-08-12 08:13:52 | INFO     | WeightClient 11 round 36 completed (acc=0.9351)
[2026-08-12 08:13:52] 2026-08-12 08:13:52 | INFO     | WeightClient 12 fit round 36 (fedprox=True)
[2026-08-12 08:14:26] 2026-08-12 08:14:26 | INFO     | WeightClient 12 round 36 completed (acc=0.9292)
[2026-08-12 08:14:26] 2026-08-12 08:14:26 | INFO     | WeightClient 13 fit round 36 (fedprox=True)
[2026-08-12 08:14:59] 2026-08-12 08:14:59 | INFO     | WeightClient 13 round 36 completed (acc=0.9406)
[2026-08-12 08:14:59] 2026-08-12 08:14:59 | INFO     | WeightClient 14 fit round 36 (fedprox=True)
[2026-08-12 08:15:34] 2026-08-12 08:15:34 | INFO     | WeightClient 14 round 36 completed (acc=0.9349)
[2026-08-12 08:15:34] 2026-08-12 08:15:34 | INFO     | WeightClient 15 fit round 36 (fedprox=True)
[2026-08-12 08:16:10] 2026-08-12 08:16:10 | INFO     | WeightClient 15 round 36 completed (acc=0.9278)
[2026-08-12 08:16:10] 2026-08-12 08:16:10 | INFO     | WeightClient 16 fit round 36 (fedprox=True)
[2026-08-12 08:16:46] 2026-08-12 08:16:46 | INFO     | WeightClient 16 round 36 completed (acc=0.9255)
[2026-08-12 08:16:46] 2026-08-12 08:16:46 | INFO     | WeightClient 17 fit round 36 (fedprox=True)
[2026-08-12 08:17:15] 2026-08-12 08:17:15 | INFO     | WeightClient 17 round 36 completed (acc=0.9386)
[2026-08-12 08:17:15] 2026-08-12 08:17:15 | INFO     | WeightClient 18 fit round 36 (fedprox=True)
[2026-08-12 08:17:46] 2026-08-12 08:17:46 | INFO     | WeightClient 18 round 36 completed (acc=0.9341)
[2026-08-12 08:17:46] 2026-08-12 08:17:46 | INFO     | WeightClient 19 fit round 36 (fedprox=True)
[2026-08-12 08:18:16] 2026-08-12 08:18:16 | INFO     | WeightClient 19 round 36 completed (acc=0.9323)
[2026-08-12 08:18:16]   Round  36/40 | Avg: 0.9327 | Min: 0.9229 | Max: 0.9406
[2026-08-12 08:18:16] 2026-08-12 08:18:16 | INFO     | FEDPROX — IID: round 37/40 starting
[2026-08-12 08:18:16] 2026-08-12 08:18:16 | INFO     | WeightClient 0 fit round 37 (fedprox=True)
[2026-08-12 08:18:42] 2026-08-12 08:18:42 | INFO     | WeightClient 0 round 37 completed (acc=0.9286)
[2026-08-12 08:18:43] 2026-08-12 08:18:42 | INFO     | WeightClient 1 fit round 37 (fedprox=True)
[2026-08-12 08:19:03] 2026-08-12 08:19:03 | INFO     | WeightClient 1 round 37 completed (acc=0.9200)
[2026-08-12 08:19:03] 2026-08-12 08:19:03 | INFO     | WeightClient 2 fit round 37 (fedprox=True)
[2026-08-12 08:19:32] 2026-08-12 08:19:32 | INFO     | WeightClient 2 round 37 completed (acc=0.9393)
[2026-08-12 08:19:32] 2026-08-12 08:19:32 | INFO     | WeightClient 3 fit round 37 (fedprox=True)
[2026-08-12 08:20:02] 2026-08-12 08:20:02 | INFO     | WeightClient 3 round 37 completed (acc=0.9272)
[2026-08-12 08:20:02] 2026-08-12 08:20:02 | INFO     | WeightClient 4 fit round 37 (fedprox=True)
[2026-08-12 08:20:35] 2026-08-12 08:20:35 | INFO     | WeightClient 4 round 37 completed (acc=0.9336)
[2026-08-12 08:20:35] 2026-08-12 08:20:35 | INFO     | WeightClient 5 fit round 37 (fedprox=True)
[2026-08-12 08:21:02] 2026-08-12 08:21:02 | INFO     | WeightClient 5 round 37 completed (acc=0.9340)
[2026-08-12 08:21:02] 2026-08-12 08:21:02 | INFO     | WeightClient 6 fit round 37 (fedprox=True)
[2026-08-12 08:21:24] 2026-08-12 08:21:24 | INFO     | WeightClient 6 round 37 completed (acc=0.9355)
[2026-08-12 08:21:24] 2026-08-12 08:21:24 | INFO     | WeightClient 7 fit round 37 (fedprox=True)
[2026-08-12 08:22:00] 2026-08-12 08:22:00 | INFO     | WeightClient 7 round 37 completed (acc=0.9293)
[2026-08-12 08:22:00] 2026-08-12 08:22:00 | INFO     | WeightClient 8 fit round 37 (fedprox=True)
[2026-08-12 08:22:33] 2026-08-12 08:22:33 | INFO     | WeightClient 8 round 37 completed (acc=0.9374)
[2026-08-12 08:22:33] 2026-08-12 08:22:33 | INFO     | WeightClient 9 fit round 37 (fedprox=True)
[2026-08-12 08:23:12] 2026-08-12 08:23:12 | INFO     | WeightClient 9 round 37 completed (acc=0.9381)
[2026-08-12 08:23:12] 2026-08-12 08:23:12 | INFO     | WeightClient 10 fit round 37 (fedprox=True)
[2026-08-12 08:23:44] 2026-08-12 08:23:44 | INFO     | WeightClient 10 round 37 completed (acc=0.9297)
[2026-08-12 08:23:44] 2026-08-12 08:23:44 | INFO     | WeightClient 11 fit round 37 (fedprox=True)
[2026-08-12 08:24:04] 2026-08-12 08:24:04 | INFO     | WeightClient 11 round 37 completed (acc=0.9350)
[2026-08-12 08:24:04] 2026-08-12 08:24:04 | INFO     | WeightClient 12 fit round 37 (fedprox=True)
[2026-08-12 08:24:39] 2026-08-12 08:24:39 | INFO     | WeightClient 12 round 37 completed (acc=0.9379)
[2026-08-12 08:24:39] 2026-08-12 08:24:39 | INFO     | WeightClient 13 fit round 37 (fedprox=True)
[2026-08-12 08:25:09] 2026-08-12 08:25:09 | INFO     | WeightClient 13 round 37 completed (acc=0.9374)
[2026-08-12 08:25:09] 2026-08-12 08:25:09 | INFO     | WeightClient 14 fit round 37 (fedprox=True)
[2026-08-12 08:25:41] 2026-08-12 08:25:41 | INFO     | WeightClient 14 round 37 completed (acc=0.9292)
[2026-08-12 08:25:41] 2026-08-12 08:25:41 | INFO     | WeightClient 15 fit round 37 (fedprox=True)
[2026-08-12 08:26:18] 2026-08-12 08:26:18 | INFO     | WeightClient 15 round 37 completed (acc=0.9364)
[2026-08-12 08:26:18] 2026-08-12 08:26:18 | INFO     | WeightClient 16 fit round 37 (fedprox=True)
[2026-08-12 08:26:43] 2026-08-12 08:26:43 | INFO     | WeightClient 16 round 37 completed (acc=0.9364)
[2026-08-12 08:26:43] 2026-08-12 08:26:43 | INFO     | WeightClient 17 fit round 37 (fedprox=True)
[2026-08-12 08:27:12] 2026-08-12 08:27:12 | INFO     | WeightClient 17 round 37 completed (acc=0.9385)
[2026-08-12 08:27:12] 2026-08-12 08:27:12 | INFO     | WeightClient 18 fit round 37 (fedprox=True)
[2026-08-12 08:27:44] 2026-08-12 08:27:44 | INFO     | WeightClient 18 round 37 completed (acc=0.9355)
[2026-08-12 08:27:44] 2026-08-12 08:27:44 | INFO     | WeightClient 19 fit round 37 (fedprox=True)
[2026-08-12 08:28:17] 2026-08-12 08:28:17 | INFO     | WeightClient 19 round 37 completed (acc=0.9263)
[2026-08-12 08:28:17]   Round  37/40 | Avg: 0.9333 | Min: 0.9200 | Max: 0.9393
[2026-08-12 08:28:17] 2026-08-12 08:28:17 | INFO     | FEDPROX — IID: round 38/40 starting
[2026-08-12 08:28:17] 2026-08-12 08:28:17 | INFO     | WeightClient 0 fit round 38 (fedprox=True)
[2026-08-12 08:28:48] 2026-08-12 08:28:48 | INFO     | WeightClient 0 round 38 completed (acc=0.9325)
[2026-08-12 08:28:48] 2026-08-12 08:28:48 | INFO     | WeightClient 1 fit round 38 (fedprox=True)
[2026-08-12 08:29:20] 2026-08-12 08:29:20 | INFO     | WeightClient 1 round 38 completed (acc=0.9377)
[2026-08-12 08:29:20] 2026-08-12 08:29:20 | INFO     | WeightClient 2 fit round 38 (fedprox=True)
[2026-08-12 08:29:48] 2026-08-12 08:29:48 | INFO     | WeightClient 2 round 38 completed (acc=0.9371)
[2026-08-12 08:29:48] 2026-08-12 08:29:48 | INFO     | WeightClient 3 fit round 38 (fedprox=True)
[2026-08-12 08:30:20] 2026-08-12 08:30:20 | INFO     | WeightClient 3 round 38 completed (acc=0.9328)
[2026-08-12 08:30:21] 2026-08-12 08:30:21 | INFO     | WeightClient 4 fit round 38 (fedprox=True)
[2026-08-12 08:30:45] 2026-08-12 08:30:45 | INFO     | WeightClient 4 round 38 completed (acc=0.9342)
[2026-08-12 08:30:45] 2026-08-12 08:30:45 | INFO     | WeightClient 5 fit round 38 (fedprox=True)
[2026-08-12 08:31:11] 2026-08-12 08:31:11 | INFO     | WeightClient 5 round 38 completed (acc=0.9313)
[2026-08-12 08:31:11] 2026-08-12 08:31:11 | INFO     | WeightClient 6 fit round 38 (fedprox=True)
[2026-08-12 08:31:46] 2026-08-12 08:31:46 | INFO     | WeightClient 6 round 38 completed (acc=0.9365)
[2026-08-12 08:31:46] 2026-08-12 08:31:46 | INFO     | WeightClient 7 fit round 38 (fedprox=True)
[2026-08-12 08:32:19] 2026-08-12 08:32:19 | INFO     | WeightClient 7 round 38 completed (acc=0.9402)
[2026-08-12 08:32:19] 2026-08-12 08:32:19 | INFO     | WeightClient 8 fit round 38 (fedprox=True)
[2026-08-12 08:32:50] 2026-08-12 08:32:50 | INFO     | WeightClient 8 round 38 completed (acc=0.9304)
[2026-08-12 08:32:50] 2026-08-12 08:32:50 | INFO     | WeightClient 9 fit round 38 (fedprox=True)
[2026-08-12 08:33:28] 2026-08-12 08:33:28 | INFO     | WeightClient 9 round 38 completed (acc=0.9372)
[2026-08-12 08:33:28] 2026-08-12 08:33:28 | INFO     | WeightClient 10 fit round 38 (fedprox=True)
[2026-08-12 08:34:02] 2026-08-12 08:34:02 | INFO     | WeightClient 10 round 38 completed (acc=0.9343)
[2026-08-12 08:34:02] 2026-08-12 08:34:02 | INFO     | WeightClient 11 fit round 38 (fedprox=True)
[2026-08-12 08:34:45] 2026-08-12 08:34:45 | INFO     | WeightClient 11 round 38 completed (acc=0.9291)
[2026-08-12 08:34:45] 2026-08-12 08:34:45 | INFO     | WeightClient 12 fit round 38 (fedprox=True)
[2026-08-12 08:35:04] 2026-08-12 08:35:04 | INFO     | WeightClient 12 round 38 completed (acc=0.9351)
[2026-08-12 08:35:04] 2026-08-12 08:35:04 | INFO     | WeightClient 13 fit round 38 (fedprox=True)
[2026-08-12 08:35:32] 2026-08-12 08:35:32 | INFO     | WeightClient 13 round 38 completed (acc=0.9408)
[2026-08-12 08:35:32] 2026-08-12 08:35:32 | INFO     | WeightClient 14 fit round 38 (fedprox=True)
[2026-08-12 08:36:01] 2026-08-12 08:36:01 | INFO     | WeightClient 14 round 38 completed (acc=0.9406)
[2026-08-12 08:36:01] 2026-08-12 08:36:01 | INFO     | WeightClient 15 fit round 38 (fedprox=True)
[2026-08-12 08:36:44] 2026-08-12 08:36:44 | INFO     | WeightClient 15 round 38 completed (acc=0.9371)
[2026-08-12 08:36:44] 2026-08-12 08:36:44 | INFO     | WeightClient 16 fit round 38 (fedprox=True)
[2026-08-12 08:37:20] 2026-08-12 08:37:20 | INFO     | WeightClient 16 round 38 completed (acc=0.9331)
[2026-08-12 08:37:20] 2026-08-12 08:37:20 | INFO     | WeightClient 17 fit round 38 (fedprox=True)
[2026-08-12 08:37:48] 2026-08-12 08:37:48 | INFO     | WeightClient 17 round 38 completed (acc=0.9369)
[2026-08-12 08:37:48] 2026-08-12 08:37:48 | INFO     | WeightClient 18 fit round 38 (fedprox=True)
[2026-08-12 08:38:16] 2026-08-12 08:38:16 | INFO     | WeightClient 18 round 38 completed (acc=0.9385)
[2026-08-12 08:38:16] 2026-08-12 08:38:16 | INFO     | WeightClient 19 fit round 38 (fedprox=True)
[2026-08-12 08:38:48] 2026-08-12 08:38:48 | INFO     | WeightClient 19 round 38 completed (acc=0.9294)
[2026-08-12 08:38:49]   Round  38/40 | Avg: 0.9352 | Min: 0.9291 | Max: 0.9408
[2026-08-12 08:38:49] 2026-08-12 08:38:49 | INFO     | FEDPROX — IID: round 39/40 starting
[2026-08-12 08:38:49] 2026-08-12 08:38:49 | INFO     | WeightClient 0 fit round 39 (fedprox=True)
[2026-08-12 08:39:30] 2026-08-12 08:39:30 | INFO     | WeightClient 0 round 39 completed (acc=0.9411)
[2026-08-12 08:39:30] 2026-08-12 08:39:30 | INFO     | WeightClient 1 fit round 39 (fedprox=True)
[2026-08-12 08:40:07] 2026-08-12 08:40:07 | INFO     | WeightClient 1 round 39 completed (acc=0.9378)
[2026-08-12 08:40:07] 2026-08-12 08:40:07 | INFO     | WeightClient 2 fit round 39 (fedprox=True)
[2026-08-12 08:40:37] 2026-08-12 08:40:37 | INFO     | WeightClient 2 round 39 completed (acc=0.9371)
[2026-08-12 08:40:37] 2026-08-12 08:40:37 | INFO     | WeightClient 3 fit round 39 (fedprox=True)
[2026-08-12 08:41:10] 2026-08-12 08:41:10 | INFO     | WeightClient 3 round 39 completed (acc=0.9264)
[2026-08-12 08:41:10] 2026-08-12 08:41:10 | INFO     | WeightClient 4 fit round 39 (fedprox=True)
[2026-08-12 08:41:50] 2026-08-12 08:41:50 | INFO     | WeightClient 4 round 39 completed (acc=0.9362)
[2026-08-12 08:41:50] 2026-08-12 08:41:50 | INFO     | WeightClient 5 fit round 39 (fedprox=True)
[2026-08-12 08:42:21] 2026-08-12 08:42:21 | INFO     | WeightClient 5 round 39 completed (acc=0.9300)
[2026-08-12 08:42:21] 2026-08-12 08:42:21 | INFO     | WeightClient 6 fit round 39 (fedprox=True)
[2026-08-12 08:42:52] 2026-08-12 08:42:52 | INFO     | WeightClient 6 round 39 completed (acc=0.9293)
[2026-08-12 08:42:52] 2026-08-12 08:42:52 | INFO     | WeightClient 7 fit round 39 (fedprox=True)
[2026-08-12 08:43:27] 2026-08-12 08:43:27 | INFO     | WeightClient 7 round 39 completed (acc=0.9394)
[2026-08-12 08:43:27] 2026-08-12 08:43:27 | INFO     | WeightClient 8 fit round 39 (fedprox=True)
[2026-08-12 08:43:58] 2026-08-12 08:43:58 | INFO     | WeightClient 8 round 39 completed (acc=0.9427)
[2026-08-12 08:43:58] 2026-08-12 08:43:58 | INFO     | WeightClient 9 fit round 39 (fedprox=True)
[2026-08-12 08:44:29] 2026-08-12 08:44:29 | INFO     | WeightClient 9 round 39 completed (acc=0.9269)
[2026-08-12 08:44:29] 2026-08-12 08:44:29 | INFO     | WeightClient 10 fit round 39 (fedprox=True)
[2026-08-12 08:44:51] 2026-08-12 08:44:51 | INFO     | WeightClient 10 round 39 completed (acc=0.9311)
[2026-08-12 08:44:51] 2026-08-12 08:44:51 | INFO     | WeightClient 11 fit round 39 (fedprox=True)
[2026-08-12 08:45:20] 2026-08-12 08:45:20 | INFO     | WeightClient 11 round 39 completed (acc=0.9334)
[2026-08-12 08:45:20] 2026-08-12 08:45:20 | INFO     | WeightClient 12 fit round 39 (fedprox=True)
[2026-08-12 08:45:49] 2026-08-12 08:45:49 | INFO     | WeightClient 12 round 39 completed (acc=0.9340)
[2026-08-12 08:45:49] 2026-08-12 08:45:49 | INFO     | WeightClient 13 fit round 39 (fedprox=True)
[2026-08-12 08:46:20] 2026-08-12 08:46:20 | INFO     | WeightClient 13 round 39 completed (acc=0.9290)
[2026-08-12 08:46:20] 2026-08-12 08:46:20 | INFO     | WeightClient 14 fit round 39 (fedprox=True)
[2026-08-12 08:46:49] 2026-08-12 08:46:49 | INFO     | WeightClient 14 round 39 completed (acc=0.9380)
[2026-08-12 08:46:49] 2026-08-12 08:46:49 | INFO     | WeightClient 15 fit round 39 (fedprox=True)
[2026-08-12 08:47:25] 2026-08-12 08:47:25 | INFO     | WeightClient 15 round 39 completed (acc=0.9374)
[2026-08-12 08:47:25] 2026-08-12 08:47:25 | INFO     | WeightClient 16 fit round 39 (fedprox=True)
[2026-08-12 08:47:52] 2026-08-12 08:47:52 | INFO     | WeightClient 16 round 39 completed (acc=0.9344)
[2026-08-12 08:47:52] 2026-08-12 08:47:52 | INFO     | WeightClient 17 fit round 39 (fedprox=True)
[2026-08-12 08:48:22] 2026-08-12 08:48:22 | INFO     | WeightClient 17 round 39 completed (acc=0.9358)
[2026-08-12 08:48:22] 2026-08-12 08:48:22 | INFO     | WeightClient 18 fit round 39 (fedprox=True)
[2026-08-12 08:48:51] 2026-08-12 08:48:51 | INFO     | WeightClient 18 round 39 completed (acc=0.9334)
[2026-08-12 08:48:51] 2026-08-12 08:48:51 | INFO     | WeightClient 19 fit round 39 (fedprox=True)
[2026-08-12 08:49:24] 2026-08-12 08:49:24 | INFO     | WeightClient 19 round 39 completed (acc=0.9274)
[2026-08-12 08:49:25]   Round  39/40 | Avg: 0.9340 | Min: 0.9264 | Max: 0.9427
[2026-08-12 08:49:25] 2026-08-12 08:49:25 | INFO     | FEDPROX — IID: round 40/40 starting
[2026-08-12 08:49:25] 2026-08-12 08:49:25 | INFO     | WeightClient 0 fit round 40 (fedprox=True)
[2026-08-12 08:50:04] 2026-08-12 08:50:04 | INFO     | WeightClient 0 round 40 completed (acc=0.9391)
[2026-08-12 08:50:04] 2026-08-12 08:50:04 | INFO     | WeightClient 1 fit round 40 (fedprox=True)
[2026-08-12 08:50:29] 2026-08-12 08:50:29 | INFO     | WeightClient 1 round 40 completed (acc=0.9422)
[2026-08-12 08:50:29] 2026-08-12 08:50:29 | INFO     | WeightClient 2 fit round 40 (fedprox=True)
[2026-08-12 08:50:59] 2026-08-12 08:50:59 | INFO     | WeightClient 2 round 40 completed (acc=0.9288)
[2026-08-12 08:50:59] 2026-08-12 08:50:59 | INFO     | WeightClient 3 fit round 40 (fedprox=True)
[2026-08-12 08:51:32] 2026-08-12 08:51:32 | INFO     | WeightClient 3 round 40 completed (acc=0.9398)
[2026-08-12 08:51:32] 2026-08-12 08:51:32 | INFO     | WeightClient 4 fit round 40 (fedprox=True)
[2026-08-12 08:51:59] 2026-08-12 08:51:59 | INFO     | WeightClient 4 round 40 completed (acc=0.9319)
[2026-08-12 08:51:59] 2026-08-12 08:51:59 | INFO     | WeightClient 5 fit round 40 (fedprox=True)
[2026-08-12 08:52:34] 2026-08-12 08:52:34 | INFO     | WeightClient 5 round 40 completed (acc=0.9368)
[2026-08-12 08:52:34] 2026-08-12 08:52:34 | INFO     | WeightClient 6 fit round 40 (fedprox=True)
[2026-08-12 08:53:11] 2026-08-12 08:53:11 | INFO     | WeightClient 6 round 40 completed (acc=0.9327)
[2026-08-12 08:53:11] 2026-08-12 08:53:11 | INFO     | WeightClient 7 fit round 40 (fedprox=True)
[2026-08-12 08:53:50] 2026-08-12 08:53:50 | INFO     | WeightClient 7 round 40 completed (acc=0.9155)
[2026-08-12 08:53:50] 2026-08-12 08:53:50 | INFO     | WeightClient 8 fit round 40 (fedprox=True)
[2026-08-12 08:54:35] 2026-08-12 08:54:35 | INFO     | WeightClient 8 round 40 completed (acc=0.9391)
[2026-08-12 08:54:35] 2026-08-12 08:54:35 | INFO     | WeightClient 9 fit round 40 (fedprox=True)
[2026-08-12 08:55:20] 2026-08-12 08:55:20 | INFO     | WeightClient 9 round 40 completed (acc=0.9368)
[2026-08-12 08:55:20] 2026-08-12 08:55:20 | INFO     | WeightClient 10 fit round 40 (fedprox=True)
[2026-08-12 08:55:55] 2026-08-12 08:55:55 | INFO     | WeightClient 10 round 40 completed (acc=0.9349)
[2026-08-12 08:55:55] 2026-08-12 08:55:55 | INFO     | WeightClient 11 fit round 40 (fedprox=True)
[2026-08-12 08:56:36] 2026-08-12 08:56:36 | INFO     | WeightClient 11 round 40 completed (acc=0.9387)
[2026-08-12 08:56:36] 2026-08-12 08:56:36 | INFO     | WeightClient 12 fit round 40 (fedprox=True)
[2026-08-12 08:57:07] 2026-08-12 08:57:07 | INFO     | WeightClient 12 round 40 completed (acc=0.9371)
[2026-08-12 08:57:07] 2026-08-12 08:57:07 | INFO     | WeightClient 13 fit round 40 (fedprox=True)
[2026-08-12 08:57:45] 2026-08-12 08:57:45 | INFO     | WeightClient 13 round 40 completed (acc=0.9394)
[2026-08-12 08:57:45] 2026-08-12 08:57:45 | INFO     | WeightClient 14 fit round 40 (fedprox=True)
[2026-08-12 08:58:22] 2026-08-12 08:58:22 | INFO     | WeightClient 14 round 40 completed (acc=0.9353)
[2026-08-12 08:58:22] 2026-08-12 08:58:22 | INFO     | WeightClient 15 fit round 40 (fedprox=True)
[2026-08-12 08:58:55] 2026-08-12 08:58:55 | INFO     | WeightClient 15 round 40 completed (acc=0.9331)
[2026-08-12 08:58:55] 2026-08-12 08:58:55 | INFO     | WeightClient 16 fit round 40 (fedprox=True)
[2026-08-12 08:59:39] 2026-08-12 08:59:39 | INFO     | WeightClient 16 round 40 completed (acc=0.9347)
[2026-08-12 08:59:39] 2026-08-12 08:59:39 | INFO     | WeightClient 17 fit round 40 (fedprox=True)
[2026-08-12 09:00:09] 2026-08-12 09:00:09 | INFO     | WeightClient 17 round 40 completed (acc=0.9366)
[2026-08-12 09:00:09] 2026-08-12 09:00:09 | INFO     | WeightClient 18 fit round 40 (fedprox=True)
[2026-08-12 09:00:45] 2026-08-12 09:00:45 | INFO     | WeightClient 18 round 40 completed (acc=0.9411)
[2026-08-12 09:00:45] 2026-08-12 09:00:45 | INFO     | WeightClient 19 fit round 40 (fedprox=True)
[2026-08-12 09:01:23] 2026-08-12 09:01:23 | INFO     | WeightClient 19 round 40 completed (acc=0.9397)
[2026-08-12 09:01:24]   Round  40/40 | Avg: 0.9357 | Min: 0.9155 | Max: 0.9422
[2026-08-12 09:01:24]   FEDPROX — IID done.
[2026-08-12 09:01:24]   Metadata saved to C:/Users/ggad/Desktop/HomeSenseKD/results/phase1\mnist\fedprox\uniform\iid\metadata.json
[2026-08-12 09:01:24] 2026-08-12 09:01:24 | INFO     | run_one_algo: algorithm=fedprox  setting=noniid
[2026-08-12 09:01:24] 2026-08-12 09:01:24 | INFO     | Building 20 client models for algo=fedprox  tiers=['small', 'small', 'small', 'small', 'small', 'small', 'small', 'medium', 'medium', 'medium', 'medium', 'medium', 'medium', 'medium', 'large', 'large', 'large', 'large', 'large', 'large']
[2026-08-12 09:01:29] 2026-08-12 09:01:29 | INFO     | Starting FEDPROX — NONIID (40 rounds, 20 clients)
[2026-08-12 09:01:29] 
[2026-08-12 09:01:29] =================================================================
[2026-08-12 09:01:29]   FEDPROX — NONIID
[2026-08-12 09:01:29] =================================================================
[2026-08-12 09:01:29] 2026-08-12 09:01:29 | INFO     | FEDPROX — NONIID: round 1/40 starting
[2026-08-12 09:01:29] 2026-08-12 09:01:29 | INFO     | WeightClient 0 fit round 1 (fedprox=True)
[2026-08-12 09:02:02] 2026-08-12 09:02:02 | INFO     | WeightClient 0 round 1 completed (acc=0.7559)
[2026-08-12 09:02:02] 2026-08-12 09:02:02 | INFO     | WeightClient 1 fit round 1 (fedprox=True)
[2026-08-12 09:03:06] 2026-08-12 09:03:06 | INFO     | WeightClient 1 round 1 completed (acc=0.8246)
[2026-08-12 09:03:06] 2026-08-12 09:03:06 | INFO     | WeightClient 2 fit round 1 (fedprox=True)
[2026-08-12 09:03:59] 2026-08-12 09:03:59 | INFO     | WeightClient 2 round 1 completed (acc=0.5636)
[2026-08-12 09:03:59] 2026-08-12 09:03:59 | INFO     | WeightClient 3 fit round 1 (fedprox=True)
[2026-08-12 09:04:51] 2026-08-12 09:04:51 | INFO     | WeightClient 3 round 1 completed (acc=0.9324)
[2026-08-12 09:04:51] 2026-08-12 09:04:51 | INFO     | WeightClient 4 fit round 1 (fedprox=True)
[2026-08-12 09:05:33] 2026-08-12 09:05:33 | INFO     | WeightClient 4 round 1 completed (acc=0.8397)
[2026-08-12 09:05:33] 2026-08-12 09:05:33 | INFO     | WeightClient 5 fit round 1 (fedprox=True)
[2026-08-12 09:06:38] 2026-08-12 09:06:38 | INFO     | WeightClient 5 round 1 completed (acc=0.7024)
[2026-08-12 09:06:38] 2026-08-12 09:06:38 | INFO     | WeightClient 6 fit round 1 (fedprox=True)
[2026-08-12 09:07:25] 2026-08-12 09:07:25 | INFO     | WeightClient 6 round 1 completed (acc=0.7515)
[2026-08-12 09:07:25] 2026-08-12 09:07:25 | INFO     | WeightClient 7 fit round 1 (fedprox=True)
[2026-08-12 09:08:10] 2026-08-12 09:08:10 | INFO     | WeightClient 7 round 1 completed (acc=0.6915)
[2026-08-12 09:08:10] 2026-08-12 09:08:10 | INFO     | WeightClient 8 fit round 1 (fedprox=True)
[2026-08-12 09:08:55] 2026-08-12 09:08:55 | INFO     | WeightClient 8 round 1 completed (acc=0.7353)
[2026-08-12 09:08:55] 2026-08-12 09:08:55 | INFO     | WeightClient 9 fit round 1 (fedprox=True)
[2026-08-12 09:09:45] 2026-08-12 09:09:45 | INFO     | WeightClient 9 round 1 completed (acc=0.8499)
[2026-08-12 09:09:45] 2026-08-12 09:09:45 | INFO     | WeightClient 10 fit round 1 (fedprox=True)
[2026-08-12 09:10:40] 2026-08-12 09:10:40 | INFO     | WeightClient 10 round 1 completed (acc=0.8912)
[2026-08-12 09:10:40] 2026-08-12 09:10:40 | INFO     | WeightClient 11 fit round 1 (fedprox=True)
[2026-08-12 09:11:37] 2026-08-12 09:11:37 | INFO     | WeightClient 11 round 1 completed (acc=0.8335)
[2026-08-12 09:11:37] 2026-08-12 09:11:37 | INFO     | WeightClient 12 fit round 1 (fedprox=True)
[2026-08-12 09:12:31] 2026-08-12 09:12:31 | INFO     | WeightClient 12 round 1 completed (acc=0.8053)
[2026-08-12 09:12:31] 2026-08-12 09:12:31 | INFO     | WeightClient 13 fit round 1 (fedprox=True)
[2026-08-12 09:13:09] 2026-08-12 09:13:09 | INFO     | WeightClient 13 round 1 completed (acc=0.8008)
[2026-08-12 09:13:09] 2026-08-12 09:13:09 | INFO     | WeightClient 14 fit round 1 (fedprox=True)
[2026-08-12 09:13:56] 2026-08-12 09:13:56 | INFO     | WeightClient 14 round 1 completed (acc=0.6332)
[2026-08-12 09:13:56] 2026-08-12 09:13:56 | INFO     | WeightClient 15 fit round 1 (fedprox=True)
[2026-08-12 09:15:05] 2026-08-12 09:15:05 | INFO     | WeightClient 15 round 1 completed (acc=0.7302)
[2026-08-12 09:15:05] 2026-08-12 09:15:05 | INFO     | WeightClient 16 fit round 1 (fedprox=True)
[2026-08-12 09:15:47] 2026-08-12 09:15:47 | INFO     | WeightClient 16 round 1 completed (acc=0.6233)
[2026-08-12 09:15:47] 2026-08-12 09:15:47 | INFO     | WeightClient 17 fit round 1 (fedprox=True)
[2026-08-12 09:16:44] 2026-08-12 09:16:44 | INFO     | WeightClient 17 round 1 completed (acc=0.7314)
[2026-08-12 09:16:44] 2026-08-12 09:16:44 | INFO     | WeightClient 18 fit round 1 (fedprox=True)
[2026-08-12 09:17:21] 2026-08-12 09:17:21 | INFO     | WeightClient 18 round 1 completed (acc=0.5840)
[2026-08-12 09:17:21] 2026-08-12 09:17:21 | INFO     | WeightClient 19 fit round 1 (fedprox=True)
[2026-08-12 09:18:05] 2026-08-12 09:18:05 | INFO     | WeightClient 19 round 1 completed (acc=0.7931)
[2026-08-12 09:18:06]   Round   1/40 | Avg: 0.7536 | Min: 0.5636 | Max: 0.9324
[2026-08-12 09:18:06] 2026-08-12 09:18:06 | INFO     | FEDPROX — NONIID: round 2/40 starting
[2026-08-12 09:18:07] 2026-08-12 09:18:07 | INFO     | WeightClient 0 fit round 2 (fedprox=True)
[2026-08-12 09:20:44] 2026-08-12 09:20:44 | INFO     | WeightClient 0 round 2 completed (acc=0.6667)
[2026-08-12 09:20:44] 2026-08-12 09:20:44 | INFO     | WeightClient 1 fit round 2 (fedprox=True)
[2026-08-12 09:24:43] 2026-08-12 09:24:43 | INFO     | WeightClient 1 round 2 completed (acc=0.7638)
[2026-08-12 09:24:43] 2026-08-12 09:24:43 | INFO     | WeightClient 2 fit round 2 (fedprox=True)
[2026-08-12 09:29:25] 2026-08-12 09:29:25 | INFO     | WeightClient 2 round 2 completed (acc=0.5312)
[2026-08-12 09:29:25] 2026-08-12 09:29:25 | INFO     | WeightClient 3 fit round 2 (fedprox=True)
[2026-08-12 09:33:58] 2026-08-12 09:33:58 | INFO     | WeightClient 3 round 2 completed (acc=0.8684)
[2026-08-12 09:33:58] 2026-08-12 09:33:58 | INFO     | WeightClient 4 fit round 2 (fedprox=True)
[2026-08-12 09:39:40] 2026-08-12 09:39:39 | INFO     | WeightClient 4 round 2 completed (acc=0.7863)
[2026-08-12 09:39:40] 2026-08-12 09:39:40 | INFO     | WeightClient 5 fit round 2 (fedprox=True)
[2026-08-12 09:41:35] 2026-08-12 09:41:35 | INFO     | WeightClient 5 round 2 completed (acc=0.6211)
[2026-08-12 09:41:35] 2026-08-12 09:41:35 | INFO     | WeightClient 6 fit round 2 (fedprox=True)
[2026-08-12 09:44:25] 2026-08-12 09:44:25 | INFO     | WeightClient 6 round 2 completed (acc=0.7202)
[2026-08-12 09:44:25] 2026-08-12 09:44:25 | INFO     | WeightClient 7 fit round 2 (fedprox=True)
[2026-08-12 09:46:49] 2026-08-12 09:46:49 | INFO     | WeightClient 7 round 2 completed (acc=0.6479)
[2026-08-12 09:46:49] 2026-08-12 09:46:49 | INFO     | WeightClient 8 fit round 2 (fedprox=True)
[2026-08-12 09:50:46] 2026-08-12 09:50:46 | INFO     | WeightClient 8 round 2 completed (acc=0.7418)
[2026-08-12 09:50:46] 2026-08-12 09:50:46 | INFO     | WeightClient 9 fit round 2 (fedprox=True)
[2026-08-12 09:54:33] 2026-08-12 09:54:33 | INFO     | WeightClient 9 round 2 completed (acc=0.8075)
[2026-08-12 09:54:33] 2026-08-12 09:54:33 | INFO     | WeightClient 10 fit round 2 (fedprox=True)
[2026-08-12 09:58:03] 2026-08-12 09:58:03 | INFO     | WeightClient 10 round 2 completed (acc=0.7788)
[2026-08-12 09:58:03] 2026-08-12 09:58:03 | INFO     | WeightClient 11 fit round 2 (fedprox=True)
[2026-08-12 10:02:00] 2026-08-12 10:02:00 | INFO     | WeightClient 11 round 2 completed (acc=0.7704)
[2026-08-12 10:02:00] 2026-08-12 10:02:00 | INFO     | WeightClient 12 fit round 2 (fedprox=True)
[2026-08-12 10:07:25] 2026-08-12 10:07:25 | INFO     | WeightClient 12 round 2 completed (acc=0.7223)
[2026-08-12 10:07:25] 2026-08-12 10:07:25 | INFO     | WeightClient 13 fit round 2 (fedprox=True)
[2026-08-12 10:10:52] 2026-08-12 10:10:52 | INFO     | WeightClient 13 round 2 completed (acc=0.6009)
[2026-08-12 10:10:52] 2026-08-12 10:10:52 | INFO     | WeightClient 14 fit round 2 (fedprox=True)
[2026-08-12 10:12:08] 2026-08-12 10:12:08 | INFO     | WeightClient 14 round 2 completed (acc=0.5669)
[2026-08-12 10:12:08] 2026-08-12 10:12:08 | INFO     | WeightClient 15 fit round 2 (fedprox=True)
[2026-08-12 10:15:47] 2026-08-12 10:15:47 | INFO     | WeightClient 15 round 2 completed (acc=0.6137)
[2026-08-12 10:15:47] 2026-08-12 10:15:47 | INFO     | WeightClient 16 fit round 2 (fedprox=True)
[2026-08-12 10:17:36] 2026-08-12 10:17:36 | INFO     | WeightClient 16 round 2 completed (acc=0.5564)
[2026-08-12 10:17:36] 2026-08-12 10:17:36 | INFO     | WeightClient 17 fit round 2 (fedprox=True)
[2026-08-12 10:19:30] 2026-08-12 10:19:30 | INFO     | WeightClient 17 round 2 completed (acc=0.6424)
[2026-08-12 10:19:30] 2026-08-12 10:19:30 | INFO     | WeightClient 18 fit round 2 (fedprox=True)
[2026-08-12 10:20:55] 2026-08-12 10:20:55 | INFO     | WeightClient 18 round 2 completed (acc=0.4583)
[2026-08-12 10:20:55] 2026-08-12 10:20:55 | INFO     | WeightClient 19 fit round 2 (fedprox=True)
[2026-08-12 10:24:32] 2026-08-12 10:24:32 | INFO     | WeightClient 19 round 2 completed (acc=0.7284)
[2026-08-12 10:24:33]   Round   2/40 | Avg: 0.6797 | Min: 0.4583 | Max: 0.8684
[2026-08-12 10:24:33] 2026-08-12 10:24:33 | INFO     | FEDPROX — NONIID: round 3/40 starting
[2026-08-12 10:24:33] 2026-08-12 10:24:33 | INFO     | WeightClient 0 fit round 3 (fedprox=True)
[2026-08-12 10:27:52] 2026-08-12 10:27:52 | INFO     | WeightClient 0 round 3 completed (acc=0.7578)
[2026-08-12 10:27:52] 2026-08-12 10:27:52 | INFO     | WeightClient 1 fit round 3 (fedprox=True)
[2026-08-12 10:31:10] 2026-08-12 10:31:10 | INFO     | WeightClient 1 round 3 completed (acc=0.7961)
[2026-08-12 10:31:10] 2026-08-12 10:31:10 | INFO     | WeightClient 2 fit round 3 (fedprox=True)
[2026-08-12 10:34:54] 2026-08-12 10:34:54 | INFO     | WeightClient 2 round 3 completed (acc=0.5969)
[2026-08-12 10:34:54] 2026-08-12 10:34:54 | INFO     | WeightClient 3 fit round 3 (fedprox=True)
[2026-08-12 10:39:21] 2026-08-12 10:39:21 | INFO     | WeightClient 3 round 3 completed (acc=0.8646)
[2026-08-12 10:39:21] 2026-08-12 10:39:21 | INFO     | WeightClient 4 fit round 3 (fedprox=True)
[2026-08-12 10:43:41] 2026-08-12 10:43:41 | INFO     | WeightClient 4 round 3 completed (acc=0.7845)
[2026-08-12 10:43:41] 2026-08-12 10:43:41 | INFO     | WeightClient 5 fit round 3 (fedprox=True)
[2026-08-12 10:45:22] 2026-08-12 10:45:22 | INFO     | WeightClient 5 round 3 completed (acc=0.7563)
[2026-08-12 10:45:22] 2026-08-12 10:45:22 | INFO     | WeightClient 6 fit round 3 (fedprox=True)
[2026-08-12 10:47:53] 2026-08-12 10:47:53 | INFO     | WeightClient 6 round 3 completed (acc=0.7981)
[2026-08-12 10:47:53] 2026-08-12 10:47:53 | INFO     | WeightClient 7 fit round 3 (fedprox=True)
[2026-08-12 10:49:41] 2026-08-12 10:49:41 | INFO     | WeightClient 7 round 3 completed (acc=0.6826)
[2026-08-12 10:49:41] 2026-08-12 10:49:41 | INFO     | WeightClient 8 fit round 3 (fedprox=True)
[2026-08-12 10:53:11] 2026-08-12 10:53:11 | INFO     | WeightClient 8 round 3 completed (acc=0.7976)
[2026-08-12 10:53:11] 2026-08-12 10:53:11 | INFO     | WeightClient 9 fit round 3 (fedprox=True)
[2026-08-12 10:56:39] 2026-08-12 10:56:39 | INFO     | WeightClient 9 round 3 completed (acc=0.8326)
[2026-08-12 10:56:39] 2026-08-12 10:56:39 | INFO     | WeightClient 10 fit round 3 (fedprox=True)
[2026-08-12 10:59:54] 2026-08-12 10:59:54 | INFO     | WeightClient 10 round 3 completed (acc=0.8069)
[2026-08-12 10:59:54] 2026-08-12 10:59:54 | INFO     | WeightClient 11 fit round 3 (fedprox=True)
[2026-08-12 11:03:04] 2026-08-12 11:03:04 | INFO     | WeightClient 11 round 3 completed (acc=0.7983)
[2026-08-12 11:03:04] 2026-08-12 11:03:04 | INFO     | WeightClient 12 fit round 3 (fedprox=True)
[2026-08-12 11:05:46] 2026-08-12 11:05:46 | INFO     | WeightClient 12 round 3 completed (acc=0.7920)
[2026-08-12 11:05:46] 2026-08-12 11:05:46 | INFO     | WeightClient 13 fit round 3 (fedprox=True)
[2026-08-12 11:08:19] 2026-08-12 11:08:19 | INFO     | WeightClient 13 round 3 completed (acc=0.7685)
[2026-08-12 11:08:19] 2026-08-12 11:08:19 | INFO     | WeightClient 14 fit round 3 (fedprox=True)
[2026-08-12 11:09:24] 2026-08-12 11:09:24 | INFO     | WeightClient 14 round 3 completed (acc=0.7127)
[2026-08-12 11:09:24] 2026-08-12 11:09:24 | INFO     | WeightClient 15 fit round 3 (fedprox=True)
[2026-08-12 11:12:14] 2026-08-12 11:12:14 | INFO     | WeightClient 15 round 3 completed (acc=0.7502)
[2026-08-12 11:12:14] 2026-08-12 11:12:14 | INFO     | WeightClient 16 fit round 3 (fedprox=True)
[2026-08-12 11:13:08] 2026-08-12 11:13:08 | INFO     | WeightClient 16 round 3 completed (acc=0.6820)
[2026-08-12 11:13:08] 2026-08-12 11:13:08 | INFO     | WeightClient 17 fit round 3 (fedprox=True)
[2026-08-12 11:14:30] 2026-08-12 11:14:30 | INFO     | WeightClient 17 round 3 completed (acc=0.7525)
[2026-08-12 11:14:30] 2026-08-12 11:14:30 | INFO     | WeightClient 18 fit round 3 (fedprox=True)
[2026-08-12 11:15:40] 2026-08-12 11:15:40 | INFO     | WeightClient 18 round 3 completed (acc=0.7177)
[2026-08-12 11:15:40] 2026-08-12 11:15:40 | INFO     | WeightClient 19 fit round 3 (fedprox=True)
[2026-08-12 11:17:39] 2026-08-12 11:17:39 | INFO     | WeightClient 19 round 3 completed (acc=0.7893)
[2026-08-12 11:17:39]   Round   3/40 | Avg: 0.7619 | Min: 0.5969 | Max: 0.8646
[2026-08-12 11:17:39] 2026-08-12 11:17:39 | INFO     | FEDPROX — NONIID: round 4/40 starting
[2026-08-12 11:17:39] 2026-08-12 11:17:39 | INFO     | WeightClient 0 fit round 4 (fedprox=True)
[2026-08-12 11:19:57] 2026-08-12 11:19:57 | INFO     | WeightClient 0 round 4 completed (acc=0.8070)
[2026-08-12 11:19:57] 2026-08-12 11:19:57 | INFO     | WeightClient 1 fit round 4 (fedprox=True)
[2026-08-12 11:22:51] 2026-08-12 11:22:51 | INFO     | WeightClient 1 round 4 completed (acc=0.8294)
[2026-08-12 11:22:51] 2026-08-12 11:22:51 | INFO     | WeightClient 2 fit round 4 (fedprox=True)
[2026-08-12 11:26:14] 2026-08-12 11:26:14 | INFO     | WeightClient 2 round 4 completed (acc=0.6137)
[2026-08-12 11:26:14] 2026-08-12 11:26:14 | INFO     | WeightClient 3 fit round 4 (fedprox=True)
[2026-08-12 11:30:13] 2026-08-12 11:30:13 | INFO     | WeightClient 3 round 4 completed (acc=0.9060)
[2026-08-12 11:30:13] 2026-08-12 11:30:13 | INFO     | WeightClient 4 fit round 4 (fedprox=True)
[2026-08-12 11:33:33] 2026-08-12 11:33:32 | INFO     | WeightClient 4 round 4 completed (acc=0.8339)
[2026-08-12 11:33:33] 2026-08-12 11:33:33 | INFO     | WeightClient 5 fit round 4 (fedprox=True)
[2026-08-12 11:34:41] 2026-08-12 11:34:41 | INFO     | WeightClient 5 round 4 completed (acc=0.7832)
[2026-08-12 11:34:41] 2026-08-12 11:34:41 | INFO     | WeightClient 6 fit round 4 (fedprox=True)
[2026-08-12 11:37:10] 2026-08-12 11:37:10 | INFO     | WeightClient 6 round 4 completed (acc=0.7670)
[2026-08-12 11:37:10] 2026-08-12 11:37:10 | INFO     | WeightClient 7 fit round 4 (fedprox=True)
[2026-08-12 11:38:46] 2026-08-12 11:38:46 | INFO     | WeightClient 7 round 4 completed (acc=0.7680)
[2026-08-12 11:38:46] 2026-08-12 11:38:46 | INFO     | WeightClient 8 fit round 4 (fedprox=True)
[2026-08-12 11:41:36] 2026-08-12 11:41:36 | INFO     | WeightClient 8 round 4 completed (acc=0.8773)
[2026-08-12 11:41:36] 2026-08-12 11:41:36 | INFO     | WeightClient 9 fit round 4 (fedprox=True)
[2026-08-12 11:44:19] 2026-08-12 11:44:19 | INFO     | WeightClient 9 round 4 completed (acc=0.8298)
[2026-08-12 11:44:19] 2026-08-12 11:44:19 | INFO     | WeightClient 10 fit round 4 (fedprox=True)
[2026-08-12 11:47:12] 2026-08-12 11:47:12 | INFO     | WeightClient 10 round 4 completed (acc=0.8870)
[2026-08-12 11:47:12] 2026-08-12 11:47:12 | INFO     | WeightClient 11 fit round 4 (fedprox=True)
[2026-08-12 11:50:13] 2026-08-12 11:50:13 | INFO     | WeightClient 11 round 4 completed (acc=0.8355)
[2026-08-12 11:50:13] 2026-08-12 11:50:13 | INFO     | WeightClient 12 fit round 4 (fedprox=True)
[2026-08-12 11:52:49] 2026-08-12 11:52:49 | INFO     | WeightClient 12 round 4 completed (acc=0.8435)
[2026-08-12 11:52:49] 2026-08-12 11:52:49 | INFO     | WeightClient 13 fit round 4 (fedprox=True)
[2026-08-12 11:55:41] 2026-08-12 11:55:41 | INFO     | WeightClient 13 round 4 completed (acc=0.7703)
[2026-08-12 11:55:41] 2026-08-12 11:55:41 | INFO     | WeightClient 14 fit round 4 (fedprox=True)
[2026-08-12 11:57:01] 2026-08-12 11:57:01 | INFO     | WeightClient 14 round 4 completed (acc=0.7825)
[2026-08-12 11:57:01] 2026-08-12 11:57:01 | INFO     | WeightClient 15 fit round 4 (fedprox=True)
[2026-08-12 12:00:04] 2026-08-12 12:00:04 | INFO     | WeightClient 15 round 4 completed (acc=0.7414)
[2026-08-12 12:00:04] 2026-08-12 12:00:04 | INFO     | WeightClient 16 fit round 4 (fedprox=True)
[2026-08-12 12:01:11] 2026-08-12 12:01:11 | INFO     | WeightClient 16 round 4 completed (acc=0.6968)
[2026-08-12 12:01:12] 2026-08-12 12:01:11 | INFO     | WeightClient 17 fit round 4 (fedprox=True)
[2026-08-12 12:02:58] 2026-08-12 12:02:58 | INFO     | WeightClient 17 round 4 completed (acc=0.7864)
[2026-08-12 12:02:58] 2026-08-12 12:02:58 | INFO     | WeightClient 18 fit round 4 (fedprox=True)
[2026-08-12 12:03:55] 2026-08-12 12:03:55 | INFO     | WeightClient 18 round 4 completed (acc=0.8070)
[2026-08-12 12:03:55] 2026-08-12 12:03:55 | INFO     | WeightClient 19 fit round 4 (fedprox=True)
[2026-08-12 12:05:57] 2026-08-12 12:05:57 | INFO     | WeightClient 19 round 4 completed (acc=0.8275)
[2026-08-12 12:05:58]   Round   4/40 | Avg: 0.7997 | Min: 0.6137 | Max: 0.9060
[2026-08-12 12:05:58] 2026-08-12 12:05:58 | INFO     | FEDPROX — NONIID: round 5/40 starting
[2026-08-12 12:05:58] 2026-08-12 12:05:58 | INFO     | WeightClient 0 fit round 5 (fedprox=True)
[2026-08-12 12:08:13] 2026-08-12 12:08:13 | INFO     | WeightClient 0 round 5 completed (acc=0.8231)
[2026-08-12 12:08:13] 2026-08-12 12:08:13 | INFO     | WeightClient 1 fit round 5 (fedprox=True)
[2026-08-12 12:11:03] 2026-08-12 12:11:03 | INFO     | WeightClient 1 round 5 completed (acc=0.8027)
[2026-08-12 12:11:03] 2026-08-12 12:11:03 | INFO     | WeightClient 2 fit round 5 (fedprox=True)
[2026-08-12 12:13:38] 2026-08-12 12:13:38 | INFO     | WeightClient 2 round 5 completed (acc=0.6944)
[2026-08-12 12:13:38] 2026-08-12 12:13:38 | INFO     | WeightClient 3 fit round 5 (fedprox=True)
[2026-08-12 12:16:53] 2026-08-12 12:16:53 | INFO     | WeightClient 3 round 5 completed (acc=0.9259)
[2026-08-12 12:16:53] 2026-08-12 12:16:53 | INFO     | WeightClient 4 fit round 5 (fedprox=True)
[2026-08-12 12:20:06] 2026-08-12 12:20:06 | INFO     | WeightClient 4 round 5 completed (acc=0.8329)
[2026-08-12 12:20:06] 2026-08-12 12:20:06 | INFO     | WeightClient 5 fit round 5 (fedprox=True)
[2026-08-12 12:21:44] 2026-08-12 12:21:44 | INFO     | WeightClient 5 round 5 completed (acc=0.8462)
[2026-08-12 12:21:44] 2026-08-12 12:21:44 | INFO     | WeightClient 6 fit round 5 (fedprox=True)
[2026-08-12 12:24:16] 2026-08-12 12:24:16 | INFO     | WeightClient 6 round 5 completed (acc=0.8469)
[2026-08-12 12:24:16] 2026-08-12 12:24:16 | INFO     | WeightClient 7 fit round 5 (fedprox=True)
[2026-08-12 12:25:59] 2026-08-12 12:25:59 | INFO     | WeightClient 7 round 5 completed (acc=0.7346)
[2026-08-12 12:25:59] 2026-08-12 12:25:59 | INFO     | WeightClient 8 fit round 5 (fedprox=True)
[2026-08-12 12:29:03] 2026-08-12 12:29:03 | INFO     | WeightClient 8 round 5 completed (acc=0.8885)
[2026-08-12 12:29:03] 2026-08-12 12:29:03 | INFO     | WeightClient 9 fit round 5 (fedprox=True)
[2026-08-12 12:31:38] 2026-08-12 12:31:38 | INFO     | WeightClient 9 round 5 completed (acc=0.9052)
[2026-08-12 12:31:38] 2026-08-12 12:31:38 | INFO     | WeightClient 10 fit round 5 (fedprox=True)
[2026-08-12 12:34:05] 2026-08-12 12:34:05 | INFO     | WeightClient 10 round 5 completed (acc=0.8933)
[2026-08-12 12:34:05] 2026-08-12 12:34:05 | INFO     | WeightClient 11 fit round 5 (fedprox=True)
[2026-08-12 12:37:28] 2026-08-12 12:37:28 | INFO     | WeightClient 11 round 5 completed (acc=0.8810)
[2026-08-12 12:37:28] 2026-08-12 12:37:28 | INFO     | WeightClient 12 fit round 5 (fedprox=True)
[2026-08-12 12:40:49] 2026-08-12 12:40:49 | INFO     | WeightClient 12 round 5 completed (acc=0.8171)
[2026-08-12 12:40:49] 2026-08-12 12:40:49 | INFO     | WeightClient 13 fit round 5 (fedprox=True)
[2026-08-12 12:44:02] 2026-08-12 12:44:02 | INFO     | WeightClient 13 round 5 completed (acc=0.7852)
[2026-08-12 12:44:02] 2026-08-12 12:44:02 | INFO     | WeightClient 14 fit round 5 (fedprox=True)
[2026-08-12 12:45:13] 2026-08-12 12:45:13 | INFO     | WeightClient 14 round 5 completed (acc=0.8492)
[2026-08-12 12:45:13] 2026-08-12 12:45:13 | INFO     | WeightClient 15 fit round 5 (fedprox=True)
[2026-08-12 12:48:21] 2026-08-12 12:48:21 | INFO     | WeightClient 15 round 5 completed (acc=0.7319)
[2026-08-12 12:48:21] 2026-08-12 12:48:21 | INFO     | WeightClient 16 fit round 5 (fedprox=True)
[2026-08-12 12:49:50] 2026-08-12 12:49:50 | INFO     | WeightClient 16 round 5 completed (acc=0.7393)
[2026-08-12 12:49:50] 2026-08-12 12:49:50 | INFO     | WeightClient 17 fit round 5 (fedprox=True)
[2026-08-12 12:51:44] 2026-08-12 12:51:44 | INFO     | WeightClient 17 round 5 completed (acc=0.8401)
[2026-08-12 12:51:44] 2026-08-12 12:51:44 | INFO     | WeightClient 18 fit round 5 (fedprox=True)
[2026-08-12 12:52:46] 2026-08-12 12:52:46 | INFO     | WeightClient 18 round 5 completed (acc=0.8488)
[2026-08-12 12:52:46] 2026-08-12 12:52:46 | INFO     | WeightClient 19 fit round 5 (fedprox=True)
[2026-08-12 12:54:46] 2026-08-12 12:54:46 | INFO     | WeightClient 19 round 5 completed (acc=0.8173)
[2026-08-12 12:54:46]   Round   5/40 | Avg: 0.8252 | Min: 0.6944 | Max: 0.9259
[2026-08-12 12:54:46] 2026-08-12 12:54:46 | INFO     | FEDPROX — NONIID: round 6/40 starting
[2026-08-12 12:54:46] 2026-08-12 12:54:46 | INFO     | WeightClient 0 fit round 6 (fedprox=True)
[2026-08-12 12:57:09] 2026-08-12 12:57:09 | INFO     | WeightClient 0 round 6 completed (acc=0.8409)
[2026-08-12 12:57:09] 2026-08-12 12:57:09 | INFO     | WeightClient 1 fit round 6 (fedprox=True)
[2026-08-12 13:00:10] 2026-08-12 13:00:10 | INFO     | WeightClient 1 round 6 completed (acc=0.8594)
[2026-08-12 13:00:10] 2026-08-12 13:00:10 | INFO     | WeightClient 2 fit round 6 (fedprox=True)
[2026-08-12 13:03:41] 2026-08-12 13:03:41 | INFO     | WeightClient 2 round 6 completed (acc=0.7741)
[2026-08-12 13:03:41] 2026-08-12 13:03:41 | INFO     | WeightClient 3 fit round 6 (fedprox=True)
[2026-08-12 13:06:41] 2026-08-12 13:06:41 | INFO     | WeightClient 3 round 6 completed (acc=0.9260)
[2026-08-12 13:06:41] 2026-08-12 13:06:41 | INFO     | WeightClient 4 fit round 6 (fedprox=True)
[2026-08-12 13:09:55] 2026-08-12 13:09:55 | INFO     | WeightClient 4 round 6 completed (acc=0.8483)
[2026-08-12 13:09:55] 2026-08-12 13:09:55 | INFO     | WeightClient 5 fit round 6 (fedprox=True)
[2026-08-12 13:11:32] 2026-08-12 13:11:32 | INFO     | WeightClient 5 round 6 completed (acc=0.8747)
[2026-08-12 13:11:32] 2026-08-12 13:11:32 | INFO     | WeightClient 6 fit round 6 (fedprox=True)
[2026-08-12 13:14:06] 2026-08-12 13:14:06 | INFO     | WeightClient 6 round 6 completed (acc=0.8945)
[2026-08-12 13:14:06] 2026-08-12 13:14:06 | INFO     | WeightClient 7 fit round 6 (fedprox=True)
[2026-08-12 13:15:45] 2026-08-12 13:15:45 | INFO     | WeightClient 7 round 6 completed (acc=0.8263)
[2026-08-12 13:15:45] 2026-08-12 13:15:45 | INFO     | WeightClient 8 fit round 6 (fedprox=True)
[2026-08-12 13:18:56] 2026-08-12 13:18:56 | INFO     | WeightClient 8 round 6 completed (acc=0.9089)
[2026-08-12 13:18:56] 2026-08-12 13:18:56 | INFO     | WeightClient 9 fit round 6 (fedprox=True)
[2026-08-12 13:22:00] 2026-08-12 13:22:00 | INFO     | WeightClient 9 round 6 completed (acc=0.8820)
[2026-08-12 13:22:00] 2026-08-12 13:22:00 | INFO     | WeightClient 10 fit round 6 (fedprox=True)
[2026-08-12 13:25:09] 2026-08-12 13:25:09 | INFO     | WeightClient 10 round 6 completed (acc=0.9167)
[2026-08-12 13:25:09] 2026-08-12 13:25:09 | INFO     | WeightClient 11 fit round 6 (fedprox=True)
[2026-08-12 13:28:35] 2026-08-12 13:28:35 | INFO     | WeightClient 11 round 6 completed (acc=0.8929)
[2026-08-12 13:28:35] 2026-08-12 13:28:35 | INFO     | WeightClient 12 fit round 6 (fedprox=True)
[2026-08-12 13:31:38] 2026-08-12 13:31:38 | INFO     | WeightClient 12 round 6 completed (acc=0.8516)
[2026-08-12 13:31:38] 2026-08-12 13:31:38 | INFO     | WeightClient 13 fit round 6 (fedprox=True)
[2026-08-12 13:34:08] 2026-08-12 13:34:08 | INFO     | WeightClient 13 round 6 completed (acc=0.8334)
[2026-08-12 13:34:08] 2026-08-12 13:34:08 | INFO     | WeightClient 14 fit round 6 (fedprox=True)
[2026-08-12 13:35:04] 2026-08-12 13:35:04 | INFO     | WeightClient 14 round 6 completed (acc=0.7893)
[2026-08-12 13:35:04] 2026-08-12 13:35:04 | INFO     | WeightClient 15 fit round 6 (fedprox=True)
[2026-08-12 13:37:54] 2026-08-12 13:37:54 | INFO     | WeightClient 15 round 6 completed (acc=0.8707)
[2026-08-12 13:37:54] 2026-08-12 13:37:54 | INFO     | WeightClient 16 fit round 6 (fedprox=True)
[2026-08-12 13:39:11] 2026-08-12 13:39:11 | INFO     | WeightClient 16 round 6 completed (acc=0.7933)
[2026-08-12 13:39:11] 2026-08-12 13:39:11 | INFO     | WeightClient 17 fit round 6 (fedprox=True)
[2026-08-12 13:41:11] 2026-08-12 13:41:11 | INFO     | WeightClient 17 round 6 completed (acc=0.8478)
[2026-08-12 13:41:11] 2026-08-12 13:41:11 | INFO     | WeightClient 18 fit round 6 (fedprox=True)
[2026-08-12 13:42:21] 2026-08-12 13:42:21 | INFO     | WeightClient 18 round 6 completed (acc=0.8678)
[2026-08-12 13:42:21] 2026-08-12 13:42:21 | INFO     | WeightClient 19 fit round 6 (fedprox=True)
[2026-08-12 13:44:39] 2026-08-12 13:44:39 | INFO     | WeightClient 19 round 6 completed (acc=0.8400)
[2026-08-12 13:44:39]   Round   6/40 | Avg: 0.8569 | Min: 0.7741 | Max: 0.9260
[2026-08-12 13:44:39] 2026-08-12 13:44:39 | INFO     | FEDPROX — NONIID: round 7/40 starting
[2026-08-12 13:44:39] 2026-08-12 13:44:39 | INFO     | WeightClient 0 fit round 7 (fedprox=True)
[2026-08-12 13:46:55] 2026-08-12 13:46:55 | INFO     | WeightClient 0 round 7 completed (acc=0.8893)
[2026-08-12 13:46:55] 2026-08-12 13:46:55 | INFO     | WeightClient 1 fit round 7 (fedprox=True)
[2026-08-12 13:49:30] 2026-08-12 13:49:30 | INFO     | WeightClient 1 round 7 completed (acc=0.8712)
[2026-08-12 13:49:30] 2026-08-12 13:49:30 | INFO     | WeightClient 2 fit round 7 (fedprox=True)
[2026-08-12 13:52:52] 2026-08-12 13:52:52 | INFO     | WeightClient 2 round 7 completed (acc=0.8657)
[2026-08-12 13:52:52] 2026-08-12 13:52:52 | INFO     | WeightClient 3 fit round 7 (fedprox=True)
[2026-08-12 13:56:09] 2026-08-12 13:56:09 | INFO     | WeightClient 3 round 7 completed (acc=0.9448)
[2026-08-12 13:56:09] 2026-08-12 13:56:09 | INFO     | WeightClient 4 fit round 7 (fedprox=True)
[2026-08-12 13:59:29] 2026-08-12 13:59:29 | INFO     | WeightClient 4 round 7 completed (acc=0.8877)
[2026-08-12 13:59:29] 2026-08-12 13:59:29 | INFO     | WeightClient 5 fit round 7 (fedprox=True)
[2026-08-12 14:01:03] 2026-08-12 14:01:03 | INFO     | WeightClient 5 round 7 completed (acc=0.9131)
[2026-08-12 14:01:03] 2026-08-12 14:01:03 | INFO     | WeightClient 6 fit round 7 (fedprox=True)
[2026-08-12 14:03:19] 2026-08-12 14:03:19 | INFO     | WeightClient 6 round 7 completed (acc=0.8948)
[2026-08-12 14:03:19] 2026-08-12 14:03:19 | INFO     | WeightClient 7 fit round 7 (fedprox=True)
[2026-08-12 14:05:15] 2026-08-12 14:05:15 | INFO     | WeightClient 7 round 7 completed (acc=0.8210)
[2026-08-12 14:05:15] 2026-08-12 14:05:15 | INFO     | WeightClient 8 fit round 7 (fedprox=True)
[2026-08-12 14:08:54] 2026-08-12 14:08:54 | INFO     | WeightClient 8 round 7 completed (acc=0.8991)
[2026-08-12 14:08:54] 2026-08-12 14:08:54 | INFO     | WeightClient 9 fit round 7 (fedprox=True)
[2026-08-12 14:12:12] 2026-08-12 14:12:12 | INFO     | WeightClient 9 round 7 completed (acc=0.9122)
[2026-08-12 14:12:12] 2026-08-12 14:12:12 | INFO     | WeightClient 10 fit round 7 (fedprox=True)
[2026-08-12 14:15:08] 2026-08-12 14:15:08 | INFO     | WeightClient 10 round 7 completed (acc=0.9307)
[2026-08-12 14:15:08] 2026-08-12 14:15:08 | INFO     | WeightClient 11 fit round 7 (fedprox=True)
[2026-08-12 14:18:53] 2026-08-12 14:18:53 | INFO     | WeightClient 11 round 7 completed (acc=0.8833)
[2026-08-12 14:18:53] 2026-08-12 14:18:53 | INFO     | WeightClient 12 fit round 7 (fedprox=True)
[2026-08-12 14:22:02] 2026-08-12 14:22:02 | INFO     | WeightClient 12 round 7 completed (acc=0.8623)
[2026-08-12 14:22:02] 2026-08-12 14:22:02 | INFO     | WeightClient 13 fit round 7 (fedprox=True)
[2026-08-12 14:25:44] 2026-08-12 14:25:44 | INFO     | WeightClient 13 round 7 completed (acc=0.8679)
[2026-08-12 14:25:44] 2026-08-12 14:25:44 | INFO     | WeightClient 14 fit round 7 (fedprox=True)
[2026-08-12 14:26:53] 2026-08-12 14:26:53 | INFO     | WeightClient 14 round 7 completed (acc=0.9085)
[2026-08-12 14:26:53] 2026-08-12 14:26:53 | INFO     | WeightClient 15 fit round 7 (fedprox=True)
[2026-08-12 14:29:01] 2026-08-12 14:29:01 | INFO     | WeightClient 15 round 7 completed (acc=0.8538)
[2026-08-12 14:29:01] 2026-08-12 14:29:01 | INFO     | WeightClient 16 fit round 7 (fedprox=True)
[2026-08-12 14:30:43] 2026-08-12 14:30:43 | INFO     | WeightClient 16 round 7 completed (acc=0.8089)
[2026-08-12 14:30:43] 2026-08-12 14:30:43 | INFO     | WeightClient 17 fit round 7 (fedprox=True)
[2026-08-12 14:32:23] 2026-08-12 14:32:23 | INFO     | WeightClient 17 round 7 completed (acc=0.8666)
[2026-08-12 14:32:23] 2026-08-12 14:32:23 | INFO     | WeightClient 18 fit round 7 (fedprox=True)
[2026-08-12 14:33:27] 2026-08-12 14:33:27 | INFO     | WeightClient 18 round 7 completed (acc=0.8751)
[2026-08-12 14:33:27] 2026-08-12 14:33:27 | INFO     | WeightClient 19 fit round 7 (fedprox=True)
[2026-08-12 14:35:41] 2026-08-12 14:35:41 | INFO     | WeightClient 19 round 7 completed (acc=0.8677)
[2026-08-12 14:35:41]   Round   7/40 | Avg: 0.8812 | Min: 0.8089 | Max: 0.9448
[2026-08-12 14:35:41] 2026-08-12 14:35:41 | INFO     | FEDPROX — NONIID: round 8/40 starting
[2026-08-12 14:35:41] 2026-08-12 14:35:41 | INFO     | WeightClient 0 fit round 8 (fedprox=True)
[2026-08-12 14:38:04] 2026-08-12 14:38:04 | INFO     | WeightClient 0 round 8 completed (acc=0.8224)
[2026-08-12 14:38:04] 2026-08-12 14:38:04 | INFO     | WeightClient 1 fit round 8 (fedprox=True)
[2026-08-12 14:39:54] 2026-08-12 14:39:54 | INFO     | WeightClient 1 round 8 completed (acc=0.8920)
[2026-08-12 14:39:54] 2026-08-12 14:39:54 | INFO     | WeightClient 2 fit round 8 (fedprox=True)
[2026-08-12 14:43:41] 2026-08-12 14:43:41 | INFO     | WeightClient 2 round 8 completed (acc=0.8283)
[2026-08-12 14:43:41] 2026-08-12 14:43:41 | INFO     | WeightClient 3 fit round 8 (fedprox=True)
[2026-08-12 14:46:51] 2026-08-12 14:46:51 | INFO     | WeightClient 3 round 8 completed (acc=0.9458)
[2026-08-12 14:46:51] 2026-08-12 14:46:51 | INFO     | WeightClient 4 fit round 8 (fedprox=True)
[2026-08-12 14:50:05] 2026-08-12 14:50:05 | INFO     | WeightClient 4 round 8 completed (acc=0.8950)
[2026-08-12 14:50:05] 2026-08-12 14:50:05 | INFO     | WeightClient 5 fit round 8 (fedprox=True)
[2026-08-12 14:51:59] 2026-08-12 14:51:59 | INFO     | WeightClient 5 round 8 completed (acc=0.8988)
[2026-08-12 14:51:59] 2026-08-12 14:51:59 | INFO     | WeightClient 6 fit round 8 (fedprox=True)
[2026-08-12 14:54:49] 2026-08-12 14:54:49 | INFO     | WeightClient 6 round 8 completed (acc=0.9093)
[2026-08-12 14:54:49] 2026-08-12 14:54:49 | INFO     | WeightClient 7 fit round 8 (fedprox=True)
[2026-08-12 14:56:45] 2026-08-12 14:56:45 | INFO     | WeightClient 7 round 8 completed (acc=0.8470)
[2026-08-12 14:56:45] 2026-08-12 14:56:45 | INFO     | WeightClient 8 fit round 8 (fedprox=True)
[2026-08-12 14:59:51] 2026-08-12 14:59:51 | INFO     | WeightClient 8 round 8 completed (acc=0.8984)
[2026-08-12 14:59:51] 2026-08-12 14:59:51 | INFO     | WeightClient 9 fit round 8 (fedprox=True)
[2026-08-12 15:02:38] 2026-08-12 15:02:38 | INFO     | WeightClient 9 round 8 completed (acc=0.9285)
[2026-08-12 15:02:38] 2026-08-12 15:02:38 | INFO     | WeightClient 10 fit round 8 (fedprox=True)
[2026-08-12 15:05:11] 2026-08-12 15:05:11 | INFO     | WeightClient 10 round 8 completed (acc=0.9291)
[2026-08-12 15:05:11] 2026-08-12 15:05:11 | INFO     | WeightClient 11 fit round 8 (fedprox=True)
[2026-08-12 15:08:33] 2026-08-12 15:08:33 | INFO     | WeightClient 11 round 8 completed (acc=0.8862)
[2026-08-12 15:08:33] 2026-08-12 15:08:33 | INFO     | WeightClient 12 fit round 8 (fedprox=True)
[2026-08-12 15:11:57] 2026-08-12 15:11:57 | INFO     | WeightClient 12 round 8 completed (acc=0.8838)
[2026-08-12 15:11:57] 2026-08-12 15:11:57 | INFO     | WeightClient 13 fit round 8 (fedprox=True)
[2026-08-12 15:14:58] 2026-08-12 15:14:58 | INFO     | WeightClient 13 round 8 completed (acc=0.8866)
[2026-08-12 15:14:58] 2026-08-12 15:14:58 | INFO     | WeightClient 14 fit round 8 (fedprox=True)
[2026-08-12 15:16:12] 2026-08-12 15:16:12 | INFO     | WeightClient 14 round 8 completed (acc=0.8934)
[2026-08-12 15:16:12] 2026-08-12 15:16:12 | INFO     | WeightClient 15 fit round 8 (fedprox=True)
[2026-08-12 15:19:39] 2026-08-12 15:19:39 | INFO     | WeightClient 15 round 8 completed (acc=0.8086)
[2026-08-12 15:19:40] 2026-08-12 15:19:40 | INFO     | WeightClient 16 fit round 8 (fedprox=True)
[2026-08-12 15:21:01] 2026-08-12 15:21:01 | INFO     | WeightClient 16 round 8 completed (acc=0.8569)
[2026-08-12 15:21:01] 2026-08-12 15:21:01 | INFO     | WeightClient 17 fit round 8 (fedprox=True)
[2026-08-12 15:22:46] 2026-08-12 15:22:45 | INFO     | WeightClient 17 round 8 completed (acc=0.8522)
[2026-08-12 15:22:46] 2026-08-12 15:22:45 | INFO     | WeightClient 18 fit round 8 (fedprox=True)
[2026-08-12 15:23:26] 2026-08-12 15:23:26 | INFO     | WeightClient 18 round 8 completed (acc=0.9105)
[2026-08-12 15:23:26] 2026-08-12 15:23:26 | INFO     | WeightClient 19 fit round 8 (fedprox=True)
[2026-08-12 15:25:36] 2026-08-12 15:25:36 | INFO     | WeightClient 19 round 8 completed (acc=0.8848)
[2026-08-12 15:25:36]   Round   8/40 | Avg: 0.8829 | Min: 0.8086 | Max: 0.9458
[2026-08-12 15:25:36] 2026-08-12 15:25:36 | INFO     | FEDPROX — NONIID: round 9/40 starting
[2026-08-12 15:25:36] 2026-08-12 15:25:36 | INFO     | WeightClient 0 fit round 9 (fedprox=True)
[2026-08-12 15:27:35] 2026-08-12 15:27:35 | INFO     | WeightClient 0 round 9 completed (acc=0.8924)
[2026-08-12 15:27:35] 2026-08-12 15:27:35 | INFO     | WeightClient 1 fit round 9 (fedprox=True)
[2026-08-12 15:30:43] 2026-08-12 15:30:43 | INFO     | WeightClient 1 round 9 completed (acc=0.8709)
[2026-08-12 15:30:43] 2026-08-12 15:30:43 | INFO     | WeightClient 2 fit round 9 (fedprox=True)
[2026-08-12 15:34:30] 2026-08-12 15:34:30 | INFO     | WeightClient 2 round 9 completed (acc=0.8411)
[2026-08-12 15:34:30] 2026-08-12 15:34:30 | INFO     | WeightClient 3 fit round 9 (fedprox=True)
[2026-08-12 15:37:39] 2026-08-12 15:37:39 | INFO     | WeightClient 3 round 9 completed (acc=0.9426)
[2026-08-12 15:37:39] 2026-08-12 15:37:39 | INFO     | WeightClient 4 fit round 9 (fedprox=True)
[2026-08-12 15:40:52] 2026-08-12 15:40:52 | INFO     | WeightClient 4 round 9 completed (acc=0.9200)
[2026-08-12 15:40:52] 2026-08-12 15:40:52 | INFO     | WeightClient 5 fit round 9 (fedprox=True)
[2026-08-12 15:42:18] 2026-08-12 15:42:18 | INFO     | WeightClient 5 round 9 completed (acc=0.8995)
[2026-08-12 15:42:18] 2026-08-12 15:42:18 | INFO     | WeightClient 6 fit round 9 (fedprox=True)
[2026-08-12 15:45:07] 2026-08-12 15:45:07 | INFO     | WeightClient 6 round 9 completed (acc=0.9255)
[2026-08-12 15:45:07] 2026-08-12 15:45:07 | INFO     | WeightClient 7 fit round 9 (fedprox=True)
[2026-08-12 15:46:48] 2026-08-12 15:46:48 | INFO     | WeightClient 7 round 9 completed (acc=0.8833)
[2026-08-12 15:46:48] 2026-08-12 15:46:48 | INFO     | WeightClient 8 fit round 9 (fedprox=True)
[2026-08-12 15:50:28] 2026-08-12 15:50:28 | INFO     | WeightClient 8 round 9 completed (acc=0.8879)
[2026-08-12 15:50:28] 2026-08-12 15:50:28 | INFO     | WeightClient 9 fit round 9 (fedprox=True)
[2026-08-12 15:53:09] 2026-08-12 15:53:09 | INFO     | WeightClient 9 round 9 completed (acc=0.9302)
[2026-08-12 15:53:09] 2026-08-12 15:53:09 | INFO     | WeightClient 10 fit round 9 (fedprox=True)
[2026-08-12 15:55:29] 2026-08-12 15:55:29 | INFO     | WeightClient 10 round 9 completed (acc=0.9469)
[2026-08-12 15:55:29] 2026-08-12 15:55:29 | INFO     | WeightClient 11 fit round 9 (fedprox=True)
[2026-08-12 15:58:51] 2026-08-12 15:58:51 | INFO     | WeightClient 11 round 9 completed (acc=0.9012)
[2026-08-12 15:58:51] 2026-08-12 15:58:51 | INFO     | WeightClient 12 fit round 9 (fedprox=True)
[2026-08-12 16:02:00] 2026-08-12 16:02:00 | INFO     | WeightClient 12 round 9 completed (acc=0.8896)
[2026-08-12 16:02:00] 2026-08-12 16:02:00 | INFO     | WeightClient 13 fit round 9 (fedprox=True)
[2026-08-12 16:04:27] 2026-08-12 16:04:27 | INFO     | WeightClient 13 round 9 completed (acc=0.9123)
[2026-08-12 16:04:27] 2026-08-12 16:04:27 | INFO     | WeightClient 14 fit round 9 (fedprox=True)
[2026-08-12 16:05:10] 2026-08-12 16:05:10 | INFO     | WeightClient 14 round 9 completed (acc=0.8898)
[2026-08-12 16:05:10] 2026-08-12 16:05:10 | INFO     | WeightClient 15 fit round 9 (fedprox=True)
[2026-08-12 16:07:03] 2026-08-12 16:07:03 | INFO     | WeightClient 15 round 9 completed (acc=0.8777)
[2026-08-12 16:07:03] 2026-08-12 16:07:03 | INFO     | WeightClient 16 fit round 9 (fedprox=True)
[2026-08-12 16:08:05] 2026-08-12 16:08:05 | INFO     | WeightClient 16 round 9 completed (acc=0.8165)
[2026-08-12 16:08:05] 2026-08-12 16:08:05 | INFO     | WeightClient 17 fit round 9 (fedprox=True)
[2026-08-12 16:09:38] 2026-08-12 16:09:38 | INFO     | WeightClient 17 round 9 completed (acc=0.8502)
[2026-08-12 16:09:38] 2026-08-12 16:09:38 | INFO     | WeightClient 18 fit round 9 (fedprox=True)
[2026-08-12 16:10:40] 2026-08-12 16:10:40 | INFO     | WeightClient 18 round 9 completed (acc=0.9243)
[2026-08-12 16:10:40] 2026-08-12 16:10:40 | INFO     | WeightClient 19 fit round 9 (fedprox=True)
[2026-08-12 16:12:34] 2026-08-12 16:12:34 | INFO     | WeightClient 19 round 9 completed (acc=0.8751)
[2026-08-12 16:12:35]   Round   9/40 | Avg: 0.8938 | Min: 0.8165 | Max: 0.9469
[2026-08-12 16:12:35] 2026-08-12 16:12:35 | INFO     | FEDPROX — NONIID: round 10/40 starting
[2026-08-12 16:12:35] 2026-08-12 16:12:35 | INFO     | WeightClient 0 fit round 10 (fedprox=True)
[2026-08-12 16:14:20] 2026-08-12 16:14:20 | INFO     | WeightClient 0 round 10 completed (acc=0.8700)
[2026-08-12 16:14:20] 2026-08-12 16:14:20 | INFO     | WeightClient 1 fit round 10 (fedprox=True)
[2026-08-12 16:16:38] 2026-08-12 16:16:38 | INFO     | WeightClient 1 round 10 completed (acc=0.8807)
[2026-08-12 16:16:38] 2026-08-12 16:16:38 | INFO     | WeightClient 2 fit round 10 (fedprox=True)
[2026-08-12 16:19:04] 2026-08-12 16:19:04 | INFO     | WeightClient 2 round 10 completed (acc=0.8216)
[2026-08-12 16:19:04] 2026-08-12 16:19:04 | INFO     | WeightClient 3 fit round 10 (fedprox=True)
[2026-08-12 16:21:46] 2026-08-12 16:21:46 | INFO     | WeightClient 3 round 10 completed (acc=0.9551)
[2026-08-12 16:21:46] 2026-08-12 16:21:46 | INFO     | WeightClient 4 fit round 10 (fedprox=True)
[2026-08-12 16:25:13] 2026-08-12 16:25:13 | INFO     | WeightClient 4 round 10 completed (acc=0.8619)
[2026-08-12 16:25:13] 2026-08-12 16:25:13 | INFO     | WeightClient 5 fit round 10 (fedprox=True)
[2026-08-12 16:26:18] 2026-08-12 16:26:18 | INFO     | WeightClient 5 round 10 completed (acc=0.9117)
[2026-08-12 16:26:18] 2026-08-12 16:26:18 | INFO     | WeightClient 6 fit round 10 (fedprox=True)
[2026-08-12 16:28:33] 2026-08-12 16:28:33 | INFO     | WeightClient 6 round 10 completed (acc=0.9250)
[2026-08-12 16:28:34] 2026-08-12 16:28:34 | INFO     | WeightClient 7 fit round 10 (fedprox=True)
[2026-08-12 16:29:52] 2026-08-12 16:29:52 | INFO     | WeightClient 7 round 10 completed (acc=0.8976)
[2026-08-12 16:29:52] 2026-08-12 16:29:52 | INFO     | WeightClient 8 fit round 10 (fedprox=True)
[2026-08-12 16:32:16] 2026-08-12 16:32:16 | INFO     | WeightClient 8 round 10 completed (acc=0.9188)
[2026-08-12 16:32:16] 2026-08-12 16:32:16 | INFO     | WeightClient 9 fit round 10 (fedprox=True)
[2026-08-12 16:34:37] 2026-08-12 16:34:37 | INFO     | WeightClient 9 round 10 completed (acc=0.9299)
[2026-08-12 16:34:37] 2026-08-12 16:34:37 | INFO     | WeightClient 10 fit round 10 (fedprox=True)
[2026-08-12 16:37:21] 2026-08-12 16:37:21 | INFO     | WeightClient 10 round 10 completed (acc=0.9406)
[2026-08-12 16:37:21] 2026-08-12 16:37:21 | INFO     | WeightClient 11 fit round 10 (fedprox=True)
[2026-08-12 16:40:59] 2026-08-12 16:40:59 | INFO     | WeightClient 11 round 10 completed (acc=0.9121)
[2026-08-12 16:40:59] 2026-08-12 16:40:59 | INFO     | WeightClient 12 fit round 10 (fedprox=True)
[2026-08-12 16:43:56] 2026-08-12 16:43:56 | INFO     | WeightClient 12 round 10 completed (acc=0.9036)
[2026-08-12 16:43:56] 2026-08-12 16:43:56 | INFO     | WeightClient 13 fit round 10 (fedprox=True)
[2026-08-12 16:46:38] 2026-08-12 16:46:38 | INFO     | WeightClient 13 round 10 completed (acc=0.8832)
[2026-08-12 16:46:38] 2026-08-12 16:46:38 | INFO     | WeightClient 14 fit round 10 (fedprox=True)
[2026-08-12 16:47:38] 2026-08-12 16:47:38 | INFO     | WeightClient 14 round 10 completed (acc=0.9169)
[2026-08-12 16:47:38] 2026-08-12 16:47:38 | INFO     | WeightClient 15 fit round 10 (fedprox=True)
[2026-08-12 16:50:02] 2026-08-12 16:50:02 | INFO     | WeightClient 15 round 10 completed (acc=0.8758)
[2026-08-12 16:50:02] 2026-08-12 16:50:02 | INFO     | WeightClient 16 fit round 10 (fedprox=True)
[2026-08-12 16:51:05] 2026-08-12 16:51:05 | INFO     | WeightClient 16 round 10 completed (acc=0.8838)
[2026-08-12 16:51:05] 2026-08-12 16:51:05 | INFO     | WeightClient 17 fit round 10 (fedprox=True)
[2026-08-12 16:53:20] 2026-08-12 16:53:20 | INFO     | WeightClient 17 round 10 completed (acc=0.8667)
[2026-08-12 16:53:20] 2026-08-12 16:53:20 | INFO     | WeightClient 18 fit round 10 (fedprox=True)
[2026-08-12 16:54:24] 2026-08-12 16:54:24 | INFO     | WeightClient 18 round 10 completed (acc=0.9285)
[2026-08-12 16:54:24] 2026-08-12 16:54:24 | INFO     | WeightClient 19 fit round 10 (fedprox=True)
[2026-08-12 16:56:51] 2026-08-12 16:56:51 | INFO     | WeightClient 19 round 10 completed (acc=0.8816)
[2026-08-12 16:56:52]   Round  10/40 | Avg: 0.8983 | Min: 0.8216 | Max: 0.9551
[2026-08-12 16:56:52] 2026-08-12 16:56:52 | INFO     | FEDPROX — NONIID: round 11/40 starting
[2026-08-12 16:56:52] 2026-08-12 16:56:52 | INFO     | WeightClient 0 fit round 11 (fedprox=True)
[2026-08-12 16:58:50] 2026-08-12 16:58:50 | INFO     | WeightClient 0 round 11 completed (acc=0.9070)
[2026-08-12 16:58:50] 2026-08-12 16:58:50 | INFO     | WeightClient 1 fit round 11 (fedprox=True)
[2026-08-12 17:00:59] 2026-08-12 17:00:59 | INFO     | WeightClient 1 round 11 completed (acc=0.9086)
[2026-08-12 17:00:59] 2026-08-12 17:00:59 | INFO     | WeightClient 2 fit round 11 (fedprox=True)
[2026-08-12 17:04:04] 2026-08-12 17:04:04 | INFO     | WeightClient 2 round 11 completed (acc=0.7805)
[2026-08-12 17:04:04] 2026-08-12 17:04:04 | INFO     | WeightClient 3 fit round 11 (fedprox=True)
[2026-08-12 17:07:28] 2026-08-12 17:07:28 | INFO     | WeightClient 3 round 11 completed (acc=0.9602)
[2026-08-12 17:07:28] 2026-08-12 17:07:28 | INFO     | WeightClient 4 fit round 11 (fedprox=True)
[2026-08-12 17:10:24] 2026-08-12 17:10:24 | INFO     | WeightClient 4 round 11 completed (acc=0.9176)
[2026-08-12 17:10:24] 2026-08-12 17:10:24 | INFO     | WeightClient 5 fit round 11 (fedprox=True)
[2026-08-12 17:11:55] 2026-08-12 17:11:55 | INFO     | WeightClient 5 round 11 completed (acc=0.9283)
[2026-08-12 17:11:55] 2026-08-12 17:11:55 | INFO     | WeightClient 6 fit round 11 (fedprox=True)
[2026-08-12 17:14:26] 2026-08-12 17:14:26 | INFO     | WeightClient 6 round 11 completed (acc=0.9143)
[2026-08-12 17:14:26] 2026-08-12 17:14:26 | INFO     | WeightClient 7 fit round 11 (fedprox=True)
[2026-08-12 17:16:28] 2026-08-12 17:16:28 | INFO     | WeightClient 7 round 11 completed (acc=0.8568)
[2026-08-12 17:16:28] 2026-08-12 17:16:28 | INFO     | WeightClient 8 fit round 11 (fedprox=True)
[2026-08-12 17:19:22] 2026-08-12 17:19:22 | INFO     | WeightClient 8 round 11 completed (acc=0.9238)
[2026-08-12 17:19:22] 2026-08-12 17:19:22 | INFO     | WeightClient 9 fit round 11 (fedprox=True)
[2026-08-12 17:22:07] 2026-08-12 17:22:07 | INFO     | WeightClient 9 round 11 completed (acc=0.9418)
[2026-08-12 17:22:07] 2026-08-12 17:22:07 | INFO     | WeightClient 10 fit round 11 (fedprox=True)
[2026-08-12 17:24:46] 2026-08-12 17:24:46 | INFO     | WeightClient 10 round 11 completed (acc=0.9528)
[2026-08-12 17:24:47] 2026-08-12 17:24:46 | INFO     | WeightClient 11 fit round 11 (fedprox=True)
[2026-08-12 17:27:37] 2026-08-12 17:27:37 | INFO     | WeightClient 11 round 11 completed (acc=0.9397)
[2026-08-12 17:27:37] 2026-08-12 17:27:37 | INFO     | WeightClient 12 fit round 11 (fedprox=True)
[2026-08-12 17:31:13] 2026-08-12 17:31:13 | INFO     | WeightClient 12 round 11 completed (acc=0.9040)
[2026-08-12 17:31:13] 2026-08-12 17:31:13 | INFO     | WeightClient 13 fit round 11 (fedprox=True)
[2026-08-12 17:34:36] 2026-08-12 17:34:36 | INFO     | WeightClient 13 round 11 completed (acc=0.9072)
[2026-08-12 17:34:36] 2026-08-12 17:34:36 | INFO     | WeightClient 14 fit round 11 (fedprox=True)
[2026-08-12 17:35:53] 2026-08-12 17:35:53 | INFO     | WeightClient 14 round 11 completed (acc=0.9077)
[2026-08-12 17:35:53] 2026-08-12 17:35:53 | INFO     | WeightClient 15 fit round 11 (fedprox=True)
[2026-08-12 17:38:22] 2026-08-12 17:38:22 | INFO     | WeightClient 15 round 11 completed (acc=0.8971)
[2026-08-12 17:38:22] 2026-08-12 17:38:22 | INFO     | WeightClient 16 fit round 11 (fedprox=True)
[2026-08-12 17:39:39] 2026-08-12 17:39:39 | INFO     | WeightClient 16 round 11 completed (acc=0.8704)
[2026-08-12 17:39:39] 2026-08-12 17:39:39 | INFO     | WeightClient 17 fit round 11 (fedprox=True)
[2026-08-12 17:41:31] 2026-08-12 17:41:31 | INFO     | WeightClient 17 round 11 completed (acc=0.8887)
[2026-08-12 17:41:31] 2026-08-12 17:41:31 | INFO     | WeightClient 18 fit round 11 (fedprox=True)
[2026-08-12 17:42:35] 2026-08-12 17:42:35 | INFO     | WeightClient 18 round 11 completed (acc=0.9189)
[2026-08-12 17:42:35] 2026-08-12 17:42:35 | INFO     | WeightClient 19 fit round 11 (fedprox=True)
[2026-08-12 17:44:10] 2026-08-12 17:44:10 | INFO     | WeightClient 19 round 11 completed (acc=0.8808)
[2026-08-12 17:44:10]   Round  11/40 | Avg: 0.9053 | Min: 0.7805 | Max: 0.9602
[2026-08-12 17:44:10] 2026-08-12 17:44:10 | INFO     | FEDPROX — NONIID: round 12/40 starting
[2026-08-12 17:44:10] 2026-08-12 17:44:10 | INFO     | WeightClient 0 fit round 12 (fedprox=True)
[2026-08-12 17:46:22] 2026-08-12 17:46:22 | INFO     | WeightClient 0 round 12 completed (acc=0.8919)
[2026-08-12 17:46:22] 2026-08-12 17:46:22 | INFO     | WeightClient 1 fit round 12 (fedprox=True)
[2026-08-12 17:49:11] 2026-08-12 17:49:11 | INFO     | WeightClient 1 round 12 completed (acc=0.9219)
[2026-08-12 17:49:11] 2026-08-12 17:49:11 | INFO     | WeightClient 2 fit round 12 (fedprox=True)
[2026-08-12 17:52:07] 2026-08-12 17:52:07 | INFO     | WeightClient 2 round 12 completed (acc=0.8674)
[2026-08-12 17:52:07] 2026-08-12 17:52:07 | INFO     | WeightClient 3 fit round 12 (fedprox=True)
[2026-08-12 17:55:21] 2026-08-12 17:55:21 | INFO     | WeightClient 3 round 12 completed (acc=0.9574)
[2026-08-12 17:55:21] 2026-08-12 17:55:21 | INFO     | WeightClient 4 fit round 12 (fedprox=True)
[2026-08-12 17:58:04] 2026-08-12 17:58:04 | INFO     | WeightClient 4 round 12 completed (acc=0.9116)
[2026-08-12 17:58:04] 2026-08-12 17:58:04 | INFO     | WeightClient 5 fit round 12 (fedprox=True)
[2026-08-12 17:59:19] 2026-08-12 17:59:19 | INFO     | WeightClient 5 round 12 completed (acc=0.9341)
[2026-08-12 17:59:19] 2026-08-12 17:59:19 | INFO     | WeightClient 6 fit round 12 (fedprox=True)
[2026-08-12 18:01:33] 2026-08-12 18:01:33 | INFO     | WeightClient 6 round 12 completed (acc=0.9238)
[2026-08-12 18:01:33] 2026-08-12 18:01:33 | INFO     | WeightClient 7 fit round 12 (fedprox=True)
[2026-08-12 18:03:17] 2026-08-12 18:03:17 | INFO     | WeightClient 7 round 12 completed (acc=0.8859)
[2026-08-12 18:03:17] 2026-08-12 18:03:17 | INFO     | WeightClient 8 fit round 12 (fedprox=True)
[2026-08-12 18:06:27] 2026-08-12 18:06:27 | INFO     | WeightClient 8 round 12 completed (acc=0.9307)
[2026-08-12 18:06:27] 2026-08-12 18:06:27 | INFO     | WeightClient 9 fit round 12 (fedprox=True)
[2026-08-12 18:08:46] 2026-08-12 18:08:46 | INFO     | WeightClient 9 round 12 completed (acc=0.9215)
[2026-08-12 18:08:46] 2026-08-12 18:08:46 | INFO     | WeightClient 10 fit round 12 (fedprox=True)
[2026-08-12 18:12:38] 2026-08-12 18:12:38 | INFO     | WeightClient 10 round 12 completed (acc=0.9295)
[2026-08-12 18:12:38] 2026-08-12 18:12:38 | INFO     | WeightClient 11 fit round 12 (fedprox=True)
[2026-08-12 18:16:00] 2026-08-12 18:16:00 | INFO     | WeightClient 11 round 12 completed (acc=0.9160)
[2026-08-12 18:16:00] 2026-08-12 18:16:00 | INFO     | WeightClient 12 fit round 12 (fedprox=True)
[2026-08-12 18:19:29] 2026-08-12 18:19:29 | INFO     | WeightClient 12 round 12 completed (acc=0.8896)
[2026-08-12 18:19:29] 2026-08-12 18:19:29 | INFO     | WeightClient 13 fit round 12 (fedprox=True)
[2026-08-12 18:22:14] 2026-08-12 18:22:14 | INFO     | WeightClient 13 round 12 completed (acc=0.9014)
[2026-08-12 18:22:14] 2026-08-12 18:22:14 | INFO     | WeightClient 14 fit round 12 (fedprox=True)
[2026-08-12 18:23:28] 2026-08-12 18:23:28 | INFO     | WeightClient 14 round 12 completed (acc=0.9378)
[2026-08-12 18:23:28] 2026-08-12 18:23:28 | INFO     | WeightClient 15 fit round 12 (fedprox=True)
[2026-08-12 18:25:51] 2026-08-12 18:25:51 | INFO     | WeightClient 15 round 12 completed (acc=0.9293)
[2026-08-12 18:25:51] 2026-08-12 18:25:51 | INFO     | WeightClient 16 fit round 12 (fedprox=True)
[2026-08-12 18:27:05] 2026-08-12 18:27:05 | INFO     | WeightClient 16 round 12 completed (acc=0.8942)
[2026-08-12 18:27:05] 2026-08-12 18:27:05 | INFO     | WeightClient 17 fit round 12 (fedprox=True)
[2026-08-12 18:28:54] 2026-08-12 18:28:54 | INFO     | WeightClient 17 round 12 completed (acc=0.9034)
[2026-08-12 18:28:54] 2026-08-12 18:28:54 | INFO     | WeightClient 18 fit round 12 (fedprox=True)
[2026-08-12 18:30:04] 2026-08-12 18:30:04 | INFO     | WeightClient 18 round 12 completed (acc=0.9501)
[2026-08-12 18:30:04] 2026-08-12 18:30:04 | INFO     | WeightClient 19 fit round 12 (fedprox=True)
[2026-08-12 18:32:03] 2026-08-12 18:32:03 | INFO     | WeightClient 19 round 12 completed (acc=0.8947)
[2026-08-12 18:32:04]   Round  12/40 | Avg: 0.9146 | Min: 0.8674 | Max: 0.9574
[2026-08-12 18:32:04] 2026-08-12 18:32:04 | INFO     | FEDPROX — NONIID: round 13/40 starting
[2026-08-12 18:32:04] 2026-08-12 18:32:04 | INFO     | WeightClient 0 fit round 13 (fedprox=True)
[2026-08-12 18:34:01] 2026-08-12 18:34:01 | INFO     | WeightClient 0 round 13 completed (acc=0.9164)
[2026-08-12 18:34:01] 2026-08-12 18:34:01 | INFO     | WeightClient 1 fit round 13 (fedprox=True)
[2026-08-12 18:36:33] 2026-08-12 18:36:33 | INFO     | WeightClient 1 round 13 completed (acc=0.9388)
[2026-08-12 18:36:33] 2026-08-12 18:36:33 | INFO     | WeightClient 2 fit round 13 (fedprox=True)
[2026-08-12 18:39:17] 2026-08-12 18:39:17 | INFO     | WeightClient 2 round 13 completed (acc=0.8404)
[2026-08-12 18:39:17] 2026-08-12 18:39:17 | INFO     | WeightClient 3 fit round 13 (fedprox=True)
[2026-08-12 18:42:12] 2026-08-12 18:42:12 | INFO     | WeightClient 3 round 13 completed (acc=0.9621)
[2026-08-12 18:42:12] 2026-08-12 18:42:12 | INFO     | WeightClient 4 fit round 13 (fedprox=True)
[2026-08-12 18:45:05] 2026-08-12 18:45:05 | INFO     | WeightClient 4 round 13 completed (acc=0.8799)
[2026-08-12 18:45:05] 2026-08-12 18:45:05 | INFO     | WeightClient 5 fit round 13 (fedprox=True)
[2026-08-12 18:46:17] 2026-08-12 18:46:17 | INFO     | WeightClient 5 round 13 completed (acc=0.9426)
[2026-08-12 18:46:17] 2026-08-12 18:46:17 | INFO     | WeightClient 6 fit round 13 (fedprox=True)
[2026-08-12 18:48:29] 2026-08-12 18:48:29 | INFO     | WeightClient 6 round 13 completed (acc=0.9412)
[2026-08-12 18:48:29] 2026-08-12 18:48:29 | INFO     | WeightClient 7 fit round 13 (fedprox=True)
[2026-08-12 18:50:00] 2026-08-12 18:50:00 | INFO     | WeightClient 7 round 13 completed (acc=0.8939)
[2026-08-12 18:50:00] 2026-08-12 18:50:00 | INFO     | WeightClient 8 fit round 13 (fedprox=True)
[2026-08-12 18:53:21] 2026-08-12 18:53:21 | INFO     | WeightClient 8 round 13 completed (acc=0.9343)
[2026-08-12 18:53:21] 2026-08-12 18:53:21 | INFO     | WeightClient 9 fit round 13 (fedprox=True)
[2026-08-12 18:55:40] 2026-08-12 18:55:40 | INFO     | WeightClient 9 round 13 completed (acc=0.9416)
[2026-08-12 18:55:40] 2026-08-12 18:55:40 | INFO     | WeightClient 10 fit round 13 (fedprox=True)
[2026-08-12 18:58:26] 2026-08-12 18:58:26 | INFO     | WeightClient 10 round 13 completed (acc=0.9514)
[2026-08-12 18:58:26] 2026-08-12 18:58:26 | INFO     | WeightClient 11 fit round 13 (fedprox=True)
[2026-08-12 19:02:30] 2026-08-12 19:02:30 | INFO     | WeightClient 11 round 13 completed (acc=0.9143)
[2026-08-12 19:02:30] 2026-08-12 19:02:30 | INFO     | WeightClient 12 fit round 13 (fedprox=True)
[2026-08-12 19:05:39] 2026-08-12 19:05:39 | INFO     | WeightClient 12 round 13 completed (acc=0.9300)
[2026-08-12 19:05:39] 2026-08-12 19:05:39 | INFO     | WeightClient 13 fit round 13 (fedprox=True)
[2026-08-12 19:08:39] 2026-08-12 19:08:39 | INFO     | WeightClient 13 round 13 completed (acc=0.9460)
[2026-08-12 19:08:39] 2026-08-12 19:08:39 | INFO     | WeightClient 14 fit round 13 (fedprox=True)
[2026-08-12 19:09:52] 2026-08-12 19:09:52 | INFO     | WeightClient 14 round 13 completed (acc=0.9171)
[2026-08-12 19:09:52] 2026-08-12 19:09:52 | INFO     | WeightClient 15 fit round 13 (fedprox=True)
[2026-08-12 19:12:17] 2026-08-12 19:12:17 | INFO     | WeightClient 15 round 13 completed (acc=0.8872)
[2026-08-12 19:12:17] 2026-08-12 19:12:17 | INFO     | WeightClient 16 fit round 13 (fedprox=True)
[2026-08-12 19:13:29] 2026-08-12 19:13:29 | INFO     | WeightClient 16 round 13 completed (acc=0.8800)
[2026-08-12 19:13:29] 2026-08-12 19:13:29 | INFO     | WeightClient 17 fit round 13 (fedprox=True)
[2026-08-12 19:15:20] 2026-08-12 19:15:20 | INFO     | WeightClient 17 round 13 completed (acc=0.8843)
[2026-08-12 19:15:21] 2026-08-12 19:15:21 | INFO     | WeightClient 18 fit round 13 (fedprox=True)
[2026-08-12 19:16:21] 2026-08-12 19:16:21 | INFO     | WeightClient 18 round 13 completed (acc=0.9498)
[2026-08-12 19:16:21] 2026-08-12 19:16:21 | INFO     | WeightClient 19 fit round 13 (fedprox=True)
[2026-08-12 19:18:30] 2026-08-12 19:18:30 | INFO     | WeightClient 19 round 13 completed (acc=0.9231)
[2026-08-12 19:18:31]   Round  13/40 | Avg: 0.9187 | Min: 0.8404 | Max: 0.9621
[2026-08-12 19:18:31] 2026-08-12 19:18:31 | INFO     | FEDPROX — NONIID: round 14/40 starting
[2026-08-12 19:18:31] 2026-08-12 19:18:31 | INFO     | WeightClient 0 fit round 14 (fedprox=True)
[2026-08-12 19:20:30] 2026-08-12 19:20:30 | INFO     | WeightClient 0 round 14 completed (acc=0.9198)
[2026-08-12 19:20:31] 2026-08-12 19:20:30 | INFO     | WeightClient 1 fit round 14 (fedprox=True)
[2026-08-12 19:23:08] 2026-08-12 19:23:08 | INFO     | WeightClient 1 round 14 completed (acc=0.9299)
[2026-08-12 19:23:08] 2026-08-12 19:23:08 | INFO     | WeightClient 2 fit round 14 (fedprox=True)
[2026-08-12 19:25:34] 2026-08-12 19:25:34 | INFO     | WeightClient 2 round 14 completed (acc=0.8450)
[2026-08-12 19:25:34] 2026-08-12 19:25:34 | INFO     | WeightClient 3 fit round 14 (fedprox=True)
[2026-08-12 19:28:19] 2026-08-12 19:28:19 | INFO     | WeightClient 3 round 14 completed (acc=0.9622)
[2026-08-12 19:28:19] 2026-08-12 19:28:19 | INFO     | WeightClient 4 fit round 14 (fedprox=True)
[2026-08-12 19:30:52] 2026-08-12 19:30:52 | INFO     | WeightClient 4 round 14 completed (acc=0.9047)
[2026-08-12 19:30:52] 2026-08-12 19:30:52 | INFO     | WeightClient 5 fit round 14 (fedprox=True)
[2026-08-12 19:32:06] 2026-08-12 19:32:06 | INFO     | WeightClient 5 round 14 completed (acc=0.9554)
[2026-08-12 19:32:06] 2026-08-12 19:32:06 | INFO     | WeightClient 6 fit round 14 (fedprox=True)
[2026-08-12 19:35:14] 2026-08-12 19:35:14 | INFO     | WeightClient 6 round 14 completed (acc=0.9346)
[2026-08-12 19:35:14] 2026-08-12 19:35:14 | INFO     | WeightClient 7 fit round 14 (fedprox=True)
[2026-08-12 19:37:14] 2026-08-12 19:37:14 | INFO     | WeightClient 7 round 14 completed (acc=0.8932)
[2026-08-12 19:37:14] 2026-08-12 19:37:14 | INFO     | WeightClient 8 fit round 14 (fedprox=True)
[2026-08-12 19:40:17] 2026-08-12 19:40:17 | INFO     | WeightClient 8 round 14 completed (acc=0.9309)
[2026-08-12 19:40:17] 2026-08-12 19:40:17 | INFO     | WeightClient 9 fit round 14 (fedprox=True)
[2026-08-12 19:43:04] 2026-08-12 19:43:04 | INFO     | WeightClient 9 round 14 completed (acc=0.9482)
[2026-08-12 19:43:04] 2026-08-12 19:43:04 | INFO     | WeightClient 10 fit round 14 (fedprox=True)
[2026-08-12 19:45:42] 2026-08-12 19:45:42 | INFO     | WeightClient 10 round 14 completed (acc=0.9420)
[2026-08-12 19:45:42] 2026-08-12 19:45:42 | INFO     | WeightClient 11 fit round 14 (fedprox=True)
[2026-08-12 19:48:21] 2026-08-12 19:48:21 | INFO     | WeightClient 11 round 14 completed (acc=0.9428)
[2026-08-12 19:48:21] 2026-08-12 19:48:21 | INFO     | WeightClient 12 fit round 14 (fedprox=True)
[2026-08-12 19:50:34] 2026-08-12 19:50:34 | INFO     | WeightClient 12 round 14 completed (acc=0.9293)
[2026-08-12 19:50:34] 2026-08-12 19:50:34 | INFO     | WeightClient 13 fit round 14 (fedprox=True)
[2026-08-12 19:52:57] 2026-08-12 19:52:57 | INFO     | WeightClient 13 round 14 completed (acc=0.9552)
[2026-08-12 19:52:57] 2026-08-12 19:52:57 | INFO     | WeightClient 14 fit round 14 (fedprox=True)
[2026-08-12 19:53:51] 2026-08-12 19:53:51 | INFO     | WeightClient 14 round 14 completed (acc=0.9277)
[2026-08-12 19:53:51] 2026-08-12 19:53:51 | INFO     | WeightClient 15 fit round 14 (fedprox=True)
[2026-08-12 19:55:52] 2026-08-12 19:55:52 | INFO     | WeightClient 15 round 14 completed (acc=0.9253)
[2026-08-12 19:55:52] 2026-08-12 19:55:52 | INFO     | WeightClient 16 fit round 14 (fedprox=True)
[2026-08-12 19:57:03] 2026-08-12 19:57:03 | INFO     | WeightClient 16 round 14 completed (acc=0.9150)
[2026-08-12 19:57:03] 2026-08-12 19:57:03 | INFO     | WeightClient 17 fit round 14 (fedprox=True)
[2026-08-12 19:58:59] 2026-08-12 19:58:59 | INFO     | WeightClient 17 round 14 completed (acc=0.9126)
[2026-08-12 19:58:59] 2026-08-12 19:58:59 | INFO     | WeightClient 18 fit round 14 (fedprox=True)
[2026-08-12 20:00:03] 2026-08-12 20:00:03 | INFO     | WeightClient 18 round 14 completed (acc=0.9482)
[2026-08-12 20:00:03] 2026-08-12 20:00:03 | INFO     | WeightClient 19 fit round 14 (fedprox=True)
[2026-08-12 20:01:57] 2026-08-12 20:01:57 | INFO     | WeightClient 19 round 14 completed (acc=0.9241)
[2026-08-12 20:01:58]   Round  14/40 | Avg: 0.9273 | Min: 0.8450 | Max: 0.9622
[2026-08-12 20:01:58] 2026-08-12 20:01:58 | INFO     | FEDPROX — NONIID: round 15/40 starting
[2026-08-12 20:01:58] 2026-08-12 20:01:58 | INFO     | WeightClient 0 fit round 15 (fedprox=True)
[2026-08-12 20:03:42] 2026-08-12 20:03:42 | INFO     | WeightClient 0 round 15 completed (acc=0.9334)
[2026-08-12 20:03:42] 2026-08-12 20:03:42 | INFO     | WeightClient 1 fit round 15 (fedprox=True)
[2026-08-12 20:06:20] 2026-08-12 20:06:20 | INFO     | WeightClient 1 round 15 completed (acc=0.9245)
[2026-08-12 20:06:20] 2026-08-12 20:06:20 | INFO     | WeightClient 2 fit round 15 (fedprox=True)
[2026-08-12 20:09:24] 2026-08-12 20:09:24 | INFO     | WeightClient 2 round 15 completed (acc=0.8974)
[2026-08-12 20:09:24] 2026-08-12 20:09:24 | INFO     | WeightClient 3 fit round 15 (fedprox=True)
[2026-08-12 20:12:19] 2026-08-12 20:12:19 | INFO     | WeightClient 3 round 15 completed (acc=0.9584)
[2026-08-12 20:12:19] 2026-08-12 20:12:19 | INFO     | WeightClient 4 fit round 15 (fedprox=True)
[2026-08-12 20:14:55] 2026-08-12 20:14:55 | INFO     | WeightClient 4 round 15 completed (acc=0.9017)
[2026-08-12 20:14:55] 2026-08-12 20:14:55 | INFO     | WeightClient 5 fit round 15 (fedprox=True)
[2026-08-12 20:16:45] 2026-08-12 20:16:45 | INFO     | WeightClient 5 round 15 completed (acc=0.9538)
[2026-08-12 20:16:45] 2026-08-12 20:16:45 | INFO     | WeightClient 6 fit round 15 (fedprox=True)
[2026-08-12 20:18:24] 2026-08-12 20:18:24 | INFO     | WeightClient 6 round 15 completed (acc=0.9424)
[2026-08-12 20:18:24] 2026-08-12 20:18:24 | INFO     | WeightClient 7 fit round 15 (fedprox=True)
[2026-08-12 20:20:04] 2026-08-12 20:20:04 | INFO     | WeightClient 7 round 15 completed (acc=0.9286)
[2026-08-12 20:20:04] 2026-08-12 20:20:04 | INFO     | WeightClient 8 fit round 15 (fedprox=True)
[2026-08-12 20:23:11] 2026-08-12 20:23:11 | INFO     | WeightClient 8 round 15 completed (acc=0.9583)
[2026-08-12 20:23:11] 2026-08-12 20:23:11 | INFO     | WeightClient 9 fit round 15 (fedprox=True)
[2026-08-12 20:26:32] 2026-08-12 20:26:32 | INFO     | WeightClient 9 round 15 completed (acc=0.9464)
[2026-08-12 20:26:32] 2026-08-12 20:26:32 | INFO     | WeightClient 10 fit round 15 (fedprox=True)
[2026-08-12 20:29:04] 2026-08-12 20:29:04 | INFO     | WeightClient 10 round 15 completed (acc=0.9650)
[2026-08-12 20:29:04] 2026-08-12 20:29:04 | INFO     | WeightClient 11 fit round 15 (fedprox=True)
[2026-08-12 20:32:29] 2026-08-12 20:32:29 | INFO     | WeightClient 11 round 15 completed (acc=0.9422)
[2026-08-12 20:32:29] 2026-08-12 20:32:29 | INFO     | WeightClient 12 fit round 15 (fedprox=True)
[2026-08-12 20:35:19] 2026-08-12 20:35:19 | INFO     | WeightClient 12 round 15 completed (acc=0.9370)
[2026-08-12 20:35:19] 2026-08-12 20:35:19 | INFO     | WeightClient 13 fit round 15 (fedprox=True)
[2026-08-12 20:38:08] 2026-08-12 20:38:08 | INFO     | WeightClient 13 round 15 completed (acc=0.9460)
[2026-08-12 20:38:08] 2026-08-12 20:38:08 | INFO     | WeightClient 14 fit round 15 (fedprox=True)
[2026-08-12 20:38:59] 2026-08-12 20:38:59 | INFO     | WeightClient 14 round 15 completed (acc=0.9438)
[2026-08-12 20:38:59] 2026-08-12 20:38:59 | INFO     | WeightClient 15 fit round 15 (fedprox=True)
[2026-08-12 20:42:00] 2026-08-12 20:42:00 | INFO     | WeightClient 15 round 15 completed (acc=0.9250)
[2026-08-12 20:42:00] 2026-08-12 20:42:00 | INFO     | WeightClient 16 fit round 15 (fedprox=True)
[2026-08-12 20:43:04] 2026-08-12 20:43:04 | INFO     | WeightClient 16 round 15 completed (acc=0.8864)
[2026-08-12 20:43:04] 2026-08-12 20:43:04 | INFO     | WeightClient 17 fit round 15 (fedprox=True)
[2026-08-12 20:44:55] 2026-08-12 20:44:55 | INFO     | WeightClient 17 round 15 completed (acc=0.9092)
[2026-08-12 20:44:55] 2026-08-12 20:44:55 | INFO     | WeightClient 18 fit round 15 (fedprox=True)
[2026-08-12 20:46:03] 2026-08-12 20:46:03 | INFO     | WeightClient 18 round 15 completed (acc=0.9491)
[2026-08-12 20:46:03] 2026-08-12 20:46:03 | INFO     | WeightClient 19 fit round 15 (fedprox=True)
[2026-08-12 20:48:41] 2026-08-12 20:48:41 | INFO     | WeightClient 19 round 15 completed (acc=0.9175)
[2026-08-12 20:48:42]   Round  15/40 | Avg: 0.9333 | Min: 0.8864 | Max: 0.9650
[2026-08-12 20:48:42] 2026-08-12 20:48:42 | INFO     | FEDPROX — NONIID: round 16/40 starting
[2026-08-12 20:48:42] 2026-08-12 20:48:42 | INFO     | WeightClient 0 fit round 16 (fedprox=True)
[2026-08-12 20:50:58] 2026-08-12 20:50:58 | INFO     | WeightClient 0 round 16 completed (acc=0.9390)
[2026-08-12 20:50:58] 2026-08-12 20:50:58 | INFO     | WeightClient 1 fit round 16 (fedprox=True)
[2026-08-12 20:54:02] 2026-08-12 20:54:02 | INFO     | WeightClient 1 round 16 completed (acc=0.9198)
[2026-08-12 20:54:02] 2026-08-12 20:54:02 | INFO     | WeightClient 2 fit round 16 (fedprox=True)
[2026-08-12 20:57:03] 2026-08-12 20:57:03 | INFO     | WeightClient 2 round 16 completed (acc=0.8923)
[2026-08-12 20:57:03] 2026-08-12 20:57:03 | INFO     | WeightClient 3 fit round 16 (fedprox=True)
[2026-08-12 21:00:35] 2026-08-12 21:00:35 | INFO     | WeightClient 3 round 16 completed (acc=0.9644)
[2026-08-12 21:00:35] 2026-08-12 21:00:35 | INFO     | WeightClient 4 fit round 16 (fedprox=True)
[2026-08-12 21:03:37] 2026-08-12 21:03:37 | INFO     | WeightClient 4 round 16 completed (acc=0.9006)
[2026-08-12 21:03:37] 2026-08-12 21:03:37 | INFO     | WeightClient 5 fit round 16 (fedprox=True)
[2026-08-12 21:04:54] 2026-08-12 21:04:54 | INFO     | WeightClient 5 round 16 completed (acc=0.9596)
[2026-08-12 21:04:54] 2026-08-12 21:04:54 | INFO     | WeightClient 6 fit round 16 (fedprox=True)
[2026-08-12 21:08:12] 2026-08-12 21:08:12 | INFO     | WeightClient 6 round 16 completed (acc=0.9383)
[2026-08-12 21:08:12] 2026-08-12 21:08:12 | INFO     | WeightClient 7 fit round 16 (fedprox=True)
[2026-08-12 21:09:51] 2026-08-12 21:09:50 | INFO     | WeightClient 7 round 16 completed (acc=0.9240)
[2026-08-12 21:09:51] 2026-08-12 21:09:51 | INFO     | WeightClient 8 fit round 16 (fedprox=True)
[2026-08-12 21:13:06] 2026-08-12 21:13:06 | INFO     | WeightClient 8 round 16 completed (acc=0.9519)
[2026-08-12 21:13:06] 2026-08-12 21:13:06 | INFO     | WeightClient 9 fit round 16 (fedprox=True)
[2026-08-12 21:15:35] 2026-08-12 21:15:35 | INFO     | WeightClient 9 round 16 completed (acc=0.9512)
[2026-08-12 21:15:35] 2026-08-12 21:15:35 | INFO     | WeightClient 10 fit round 16 (fedprox=True)
[2026-08-12 21:18:48] 2026-08-12 21:18:48 | INFO     | WeightClient 10 round 16 completed (acc=0.9571)
[2026-08-12 21:18:48] 2026-08-12 21:18:48 | INFO     | WeightClient 11 fit round 16 (fedprox=True)
[2026-08-12 21:22:20] 2026-08-12 21:22:20 | INFO     | WeightClient 11 round 16 completed (acc=0.9298)
[2026-08-12 21:22:20] 2026-08-12 21:22:20 | INFO     | WeightClient 12 fit round 16 (fedprox=True)
[2026-08-12 21:25:21] 2026-08-12 21:25:21 | INFO     | WeightClient 12 round 16 completed (acc=0.9314)
[2026-08-12 21:25:21] 2026-08-12 21:25:21 | INFO     | WeightClient 13 fit round 16 (fedprox=True)
[2026-08-12 21:27:40] 2026-08-12 21:27:40 | INFO     | WeightClient 13 round 16 completed (acc=0.9456)
[2026-08-12 21:27:40] 2026-08-12 21:27:40 | INFO     | WeightClient 14 fit round 16 (fedprox=True)
[2026-08-12 21:28:38] 2026-08-12 21:28:38 | INFO     | WeightClient 14 round 16 completed (acc=0.9469)
[2026-08-12 21:28:38] 2026-08-12 21:28:38 | INFO     | WeightClient 15 fit round 16 (fedprox=True)
[2026-08-12 21:30:58] 2026-08-12 21:30:58 | INFO     | WeightClient 15 round 16 completed (acc=0.9190)
[2026-08-12 21:30:58] 2026-08-12 21:30:58 | INFO     | WeightClient 16 fit round 16 (fedprox=True)
[2026-08-12 21:32:19] 2026-08-12 21:32:19 | INFO     | WeightClient 16 round 16 completed (acc=0.9026)
[2026-08-12 21:32:19] 2026-08-12 21:32:19 | INFO     | WeightClient 17 fit round 16 (fedprox=True)
[2026-08-12 21:34:14] 2026-08-12 21:34:14 | INFO     | WeightClient 17 round 16 completed (acc=0.9179)
[2026-08-12 21:34:14] 2026-08-12 21:34:14 | INFO     | WeightClient 18 fit round 16 (fedprox=True)
[2026-08-12 21:35:14] 2026-08-12 21:35:14 | INFO     | WeightClient 18 round 16 completed (acc=0.9580)
[2026-08-12 21:35:14] 2026-08-12 21:35:14 | INFO     | WeightClient 19 fit round 16 (fedprox=True)
[2026-08-12 21:37:30] 2026-08-12 21:37:30 | INFO     | WeightClient 19 round 16 completed (acc=0.9118)
[2026-08-12 21:37:30]   Round  16/40 | Avg: 0.9331 | Min: 0.8923 | Max: 0.9644
[2026-08-12 21:37:30] 2026-08-12 21:37:30 | INFO     | FEDPROX — NONIID: round 17/40 starting
[2026-08-12 21:37:30] 2026-08-12 21:37:30 | INFO     | WeightClient 0 fit round 17 (fedprox=True)
[2026-08-12 21:39:36] 2026-08-12 21:39:36 | INFO     | WeightClient 0 round 17 completed (acc=0.9444)
[2026-08-12 21:39:36] 2026-08-12 21:39:36 | INFO     | WeightClient 1 fit round 17 (fedprox=True)
[2026-08-12 21:42:54] 2026-08-12 21:42:54 | INFO     | WeightClient 1 round 17 completed (acc=0.9420)
[2026-08-12 21:42:54] 2026-08-12 21:42:54 | INFO     | WeightClient 2 fit round 17 (fedprox=True)
[2026-08-12 21:45:30] 2026-08-12 21:45:30 | INFO     | WeightClient 2 round 17 completed (acc=0.8843)
[2026-08-12 21:45:30] 2026-08-12 21:45:30 | INFO     | WeightClient 3 fit round 17 (fedprox=True)
[2026-08-12 21:49:32] 2026-08-12 21:49:32 | INFO     | WeightClient 3 round 17 completed (acc=0.9666)
[2026-08-12 21:49:32] 2026-08-12 21:49:32 | INFO     | WeightClient 4 fit round 17 (fedprox=True)
[2026-08-12 21:52:56] 2026-08-12 21:52:56 | INFO     | WeightClient 4 round 17 completed (acc=0.9213)
[2026-08-12 21:52:56] 2026-08-12 21:52:56 | INFO     | WeightClient 5 fit round 17 (fedprox=True)
[2026-08-12 21:54:20] 2026-08-12 21:54:20 | INFO     | WeightClient 5 round 17 completed (acc=0.9562)
[2026-08-12 21:54:20] 2026-08-12 21:54:20 | INFO     | WeightClient 6 fit round 17 (fedprox=True)
[2026-08-12 21:56:39] 2026-08-12 21:56:39 | INFO     | WeightClient 6 round 17 completed (acc=0.9386)
[2026-08-12 21:56:39] 2026-08-12 21:56:39 | INFO     | WeightClient 7 fit round 17 (fedprox=True)
[2026-08-12 21:58:31] 2026-08-12 21:58:31 | INFO     | WeightClient 7 round 17 completed (acc=0.9199)
[2026-08-12 21:58:31] 2026-08-12 21:58:31 | INFO     | WeightClient 8 fit round 17 (fedprox=True)
[2026-08-12 22:01:13] 2026-08-12 22:01:13 | INFO     | WeightClient 8 round 17 completed (acc=0.9530)
[2026-08-12 22:01:13] 2026-08-12 22:01:13 | INFO     | WeightClient 9 fit round 17 (fedprox=True)
[2026-08-12 22:04:20] 2026-08-12 22:04:20 | INFO     | WeightClient 9 round 17 completed (acc=0.9583)
[2026-08-12 22:04:20] 2026-08-12 22:04:20 | INFO     | WeightClient 10 fit round 17 (fedprox=True)
[2026-08-12 22:07:15] 2026-08-12 22:07:15 | INFO     | WeightClient 10 round 17 completed (acc=0.9450)
[2026-08-12 22:07:15] 2026-08-12 22:07:15 | INFO     | WeightClient 11 fit round 17 (fedprox=True)
[2026-08-12 22:10:13] 2026-08-12 22:10:13 | INFO     | WeightClient 11 round 17 completed (acc=0.9541)
[2026-08-12 22:10:13] 2026-08-12 22:10:13 | INFO     | WeightClient 12 fit round 17 (fedprox=True)
[2026-08-12 22:13:42] 2026-08-12 22:13:42 | INFO     | WeightClient 12 round 17 completed (acc=0.9350)
[2026-08-12 22:13:42] 2026-08-12 22:13:42 | INFO     | WeightClient 13 fit round 17 (fedprox=True)
[2026-08-12 22:16:29] 2026-08-12 22:16:29 | INFO     | WeightClient 13 round 17 completed (acc=0.9553)
[2026-08-12 22:16:29] 2026-08-12 22:16:29 | INFO     | WeightClient 14 fit round 17 (fedprox=True)
[2026-08-12 22:17:33] 2026-08-12 22:17:33 | INFO     | WeightClient 14 round 17 completed (acc=0.9513)
[2026-08-12 22:17:33] 2026-08-12 22:17:33 | INFO     | WeightClient 15 fit round 17 (fedprox=True)
[2026-08-12 22:20:14] 2026-08-12 22:20:14 | INFO     | WeightClient 15 round 17 completed (acc=0.9339)
[2026-08-12 22:20:14] 2026-08-12 22:20:14 | INFO     | WeightClient 16 fit round 17 (fedprox=True)
[2026-08-12 22:21:26] 2026-08-12 22:21:26 | INFO     | WeightClient 16 round 17 completed (acc=0.9144)
[2026-08-12 22:21:26] 2026-08-12 22:21:26 | INFO     | WeightClient 17 fit round 17 (fedprox=True)
[2026-08-12 22:23:26] 2026-08-12 22:23:26 | INFO     | WeightClient 17 round 17 completed (acc=0.9060)
[2026-08-12 22:23:26] 2026-08-12 22:23:26 | INFO     | WeightClient 18 fit round 17 (fedprox=True)
[2026-08-12 22:24:37] 2026-08-12 22:24:37 | INFO     | WeightClient 18 round 17 completed (acc=0.9605)
[2026-08-12 22:24:37] 2026-08-12 22:24:37 | INFO     | WeightClient 19 fit round 17 (fedprox=True)
[2026-08-12 22:26:36] 2026-08-12 22:26:36 | INFO     | WeightClient 19 round 17 completed (acc=0.9291)
[2026-08-12 22:26:36]   Round  17/40 | Avg: 0.9385 | Min: 0.8843 | Max: 0.9666
[2026-08-12 22:26:36] 2026-08-12 22:26:36 | INFO     | FEDPROX — NONIID: round 18/40 starting
[2026-08-12 22:26:36] 2026-08-12 22:26:36 | INFO     | WeightClient 0 fit round 18 (fedprox=True)
[2026-08-12 22:28:46] 2026-08-12 22:28:46 | INFO     | WeightClient 0 round 18 completed (acc=0.9263)
[2026-08-12 22:28:46] 2026-08-12 22:28:46 | INFO     | WeightClient 1 fit round 18 (fedprox=True)
[2026-08-12 22:31:22] 2026-08-12 22:31:22 | INFO     | WeightClient 1 round 18 completed (acc=0.9460)
[2026-08-12 22:31:22] 2026-08-12 22:31:22 | INFO     | WeightClient 2 fit round 18 (fedprox=True)
[2026-08-12 22:34:00] 2026-08-12 22:34:00 | INFO     | WeightClient 2 round 18 completed (acc=0.9287)
[2026-08-12 22:34:00] 2026-08-12 22:34:00 | INFO     | WeightClient 3 fit round 18 (fedprox=True)
[2026-08-12 22:37:41] 2026-08-12 22:37:41 | INFO     | WeightClient 3 round 18 completed (acc=0.9711)
[2026-08-12 22:37:41] 2026-08-12 22:37:41 | INFO     | WeightClient 4 fit round 18 (fedprox=True)
[2026-08-12 22:40:54] 2026-08-12 22:40:54 | INFO     | WeightClient 4 round 18 completed (acc=0.9396)
[2026-08-12 22:40:54] 2026-08-12 22:40:54 | INFO     | WeightClient 5 fit round 18 (fedprox=True)
[2026-08-12 22:42:47] 2026-08-12 22:42:47 | INFO     | WeightClient 5 round 18 completed (acc=0.9635)
[2026-08-12 22:42:47] 2026-08-12 22:42:47 | INFO     | WeightClient 6 fit round 18 (fedprox=True)
[2026-08-12 22:45:20] 2026-08-12 22:45:20 | INFO     | WeightClient 6 round 18 completed (acc=0.9496)
[2026-08-12 22:45:20] 2026-08-12 22:45:20 | INFO     | WeightClient 7 fit round 18 (fedprox=True)
[2026-08-12 22:46:57] 2026-08-12 22:46:57 | INFO     | WeightClient 7 round 18 completed (acc=0.9154)
[2026-08-12 22:46:57] 2026-08-12 22:46:57 | INFO     | WeightClient 8 fit round 18 (fedprox=True)
[2026-08-12 22:50:24] 2026-08-12 22:50:24 | INFO     | WeightClient 8 round 18 completed (acc=0.9515)
[2026-08-12 22:50:24] 2026-08-12 22:50:24 | INFO     | WeightClient 9 fit round 18 (fedprox=True)
[2026-08-12 22:53:35] 2026-08-12 22:53:35 | INFO     | WeightClient 9 round 18 completed (acc=0.9651)
[2026-08-12 22:53:35] 2026-08-12 22:53:35 | INFO     | WeightClient 10 fit round 18 (fedprox=True)
[2026-08-12 22:56:26] 2026-08-12 22:56:26 | INFO     | WeightClient 10 round 18 completed (acc=0.9617)
[2026-08-12 22:56:26] 2026-08-12 22:56:26 | INFO     | WeightClient 11 fit round 18 (fedprox=True)
[2026-08-12 22:59:56] 2026-08-12 22:59:56 | INFO     | WeightClient 11 round 18 completed (acc=0.9541)
[2026-08-12 22:59:56] 2026-08-12 22:59:56 | INFO     | WeightClient 12 fit round 18 (fedprox=True)
[2026-08-12 23:02:54] 2026-08-12 23:02:54 | INFO     | WeightClient 12 round 18 completed (acc=0.9432)
[2026-08-12 23:02:54] 2026-08-12 23:02:54 | INFO     | WeightClient 13 fit round 18 (fedprox=True)
[2026-08-12 23:05:09] 2026-08-12 23:05:09 | INFO     | WeightClient 13 round 18 completed (acc=0.9654)
[2026-08-12 23:05:09] 2026-08-12 23:05:09 | INFO     | WeightClient 14 fit round 18 (fedprox=True)
[2026-08-12 23:06:21] 2026-08-12 23:06:21 | INFO     | WeightClient 14 round 18 completed (acc=0.9475)
[2026-08-12 23:06:21] 2026-08-12 23:06:21 | INFO     | WeightClient 15 fit round 18 (fedprox=True)
[2026-08-12 23:08:46] 2026-08-12 23:08:46 | INFO     | WeightClient 15 round 18 completed (acc=0.9349)
[2026-08-12 23:08:46] 2026-08-12 23:08:46 | INFO     | WeightClient 16 fit round 18 (fedprox=True)
[2026-08-12 23:09:50] 2026-08-12 23:09:50 | INFO     | WeightClient 16 round 18 completed (acc=0.9116)
[2026-08-12 23:09:50] 2026-08-12 23:09:50 | INFO     | WeightClient 17 fit round 18 (fedprox=True)
[2026-08-12 23:11:55] 2026-08-12 23:11:55 | INFO     | WeightClient 17 round 18 completed (acc=0.9455)
[2026-08-12 23:11:55] 2026-08-12 23:11:55 | INFO     | WeightClient 18 fit round 18 (fedprox=True)
[2026-08-12 23:13:08] 2026-08-12 23:13:08 | INFO     | WeightClient 18 round 18 completed (acc=0.9618)
[2026-08-12 23:13:08] 2026-08-12 23:13:08 | INFO     | WeightClient 19 fit round 18 (fedprox=True)
[2026-08-12 23:15:29] 2026-08-12 23:15:29 | INFO     | WeightClient 19 round 18 completed (acc=0.9071)
[2026-08-12 23:15:30]   Round  18/40 | Avg: 0.9445 | Min: 0.9071 | Max: 0.9711
[2026-08-12 23:15:30] 2026-08-12 23:15:30 | INFO     | FEDPROX — NONIID: round 19/40 starting
[2026-08-12 23:15:30] 2026-08-12 23:15:30 | INFO     | WeightClient 0 fit round 19 (fedprox=True)
[2026-08-12 23:17:39] 2026-08-12 23:17:39 | INFO     | WeightClient 0 round 19 completed (acc=0.9421)
[2026-08-12 23:17:39] 2026-08-12 23:17:39 | INFO     | WeightClient 1 fit round 19 (fedprox=True)
[2026-08-12 23:20:26] 2026-08-12 23:20:26 | INFO     | WeightClient 1 round 19 completed (acc=0.9526)
[2026-08-12 23:20:26] 2026-08-12 23:20:26 | INFO     | WeightClient 2 fit round 19 (fedprox=True)
[2026-08-12 23:23:02] 2026-08-12 23:23:02 | INFO     | WeightClient 2 round 19 completed (acc=0.8926)
[2026-08-12 23:23:02] 2026-08-12 23:23:02 | INFO     | WeightClient 3 fit round 19 (fedprox=True)
[2026-08-12 23:25:40] 2026-08-12 23:25:40 | INFO     | WeightClient 3 round 19 completed (acc=0.9709)
[2026-08-12 23:25:40] 2026-08-12 23:25:40 | INFO     | WeightClient 4 fit round 19 (fedprox=True)
[2026-08-12 23:29:31] 2026-08-12 23:29:31 | INFO     | WeightClient 4 round 19 completed (acc=0.9056)
[2026-08-12 23:29:31] 2026-08-12 23:29:31 | INFO     | WeightClient 5 fit round 19 (fedprox=True)
[2026-08-12 23:30:50] 2026-08-12 23:30:50 | INFO     | WeightClient 5 round 19 completed (acc=0.9632)
[2026-08-12 23:30:50] 2026-08-12 23:30:50 | INFO     | WeightClient 6 fit round 19 (fedprox=True)
[2026-08-12 23:33:10] 2026-08-12 23:33:10 | INFO     | WeightClient 6 round 19 completed (acc=0.9382)
[2026-08-12 23:33:10] 2026-08-12 23:33:10 | INFO     | WeightClient 7 fit round 19 (fedprox=True)
[2026-08-12 23:35:13] 2026-08-12 23:35:13 | INFO     | WeightClient 7 round 19 completed (acc=0.9502)
[2026-08-12 23:35:13] 2026-08-12 23:35:13 | INFO     | WeightClient 8 fit round 19 (fedprox=True)
[2026-08-12 23:37:55] 2026-08-12 23:37:55 | INFO     | WeightClient 8 round 19 completed (acc=0.9496)
[2026-08-12 23:37:55] 2026-08-12 23:37:55 | INFO     | WeightClient 9 fit round 19 (fedprox=True)
[2026-08-12 23:40:14] 2026-08-12 23:40:14 | INFO     | WeightClient 9 round 19 completed (acc=0.9616)
[2026-08-12 23:40:14] 2026-08-12 23:40:14 | INFO     | WeightClient 10 fit round 19 (fedprox=True)
[2026-08-12 23:42:50] 2026-08-12 23:42:50 | INFO     | WeightClient 10 round 19 completed (acc=0.9601)
[2026-08-12 23:42:50] 2026-08-12 23:42:50 | INFO     | WeightClient 11 fit round 19 (fedprox=True)
[2026-08-12 23:45:45] 2026-08-12 23:45:45 | INFO     | WeightClient 11 round 19 completed (acc=0.9466)
[2026-08-12 23:45:45] 2026-08-12 23:45:45 | INFO     | WeightClient 12 fit round 19 (fedprox=True)
[2026-08-12 23:49:17] 2026-08-12 23:49:17 | INFO     | WeightClient 12 round 19 completed (acc=0.9302)
[2026-08-12 23:49:17] 2026-08-12 23:49:17 | INFO     | WeightClient 13 fit round 19 (fedprox=True)
[2026-08-12 23:52:11] 2026-08-12 23:52:11 | INFO     | WeightClient 13 round 19 completed (acc=0.9590)
[2026-08-12 23:52:11] 2026-08-12 23:52:11 | INFO     | WeightClient 14 fit round 19 (fedprox=True)
[2026-08-12 23:53:25] 2026-08-12 23:53:25 | INFO     | WeightClient 14 round 19 completed (acc=0.9484)
[2026-08-12 23:53:25] 2026-08-12 23:53:25 | INFO     | WeightClient 15 fit round 19 (fedprox=True)
[2026-08-12 23:55:48] 2026-08-12 23:55:48 | INFO     | WeightClient 15 round 19 completed (acc=0.9433)
[2026-08-12 23:55:48] 2026-08-12 23:55:48 | INFO     | WeightClient 16 fit round 19 (fedprox=True)
[2026-08-12 23:57:02] 2026-08-12 23:57:02 | INFO     | WeightClient 16 round 19 completed (acc=0.9061)
[2026-08-12 23:57:02] 2026-08-12 23:57:02 | INFO     | WeightClient 17 fit round 19 (fedprox=True)
[2026-08-12 23:58:37] 2026-08-12 23:58:37 | INFO     | WeightClient 17 round 19 completed (acc=0.9408)
[2026-08-12 23:58:37] 2026-08-12 23:58:37 | INFO     | WeightClient 18 fit round 19 (fedprox=True)
[2026-08-12 23:59:34] 2026-08-12 23:59:34 | INFO     | WeightClient 18 round 19 completed (acc=0.9524)
[2026-08-12 23:59:34] 2026-08-12 23:59:34 | INFO     | WeightClient 19 fit round 19 (fedprox=True)
[2026-08-13 00:01:53] 2026-08-13 00:01:53 | INFO     | WeightClient 19 round 19 completed (acc=0.9305)
[2026-08-13 00:01:53]   Round  19/40 | Avg: 0.9422 | Min: 0.8926 | Max: 0.9709
[2026-08-13 00:01:53] 2026-08-13 00:01:53 | INFO     | FEDPROX — NONIID: round 20/40 starting
[2026-08-13 00:01:53] 2026-08-13 00:01:53 | INFO     | WeightClient 0 fit round 20 (fedprox=True)
[2026-08-13 00:04:06] 2026-08-13 00:04:06 | INFO     | WeightClient 0 round 20 completed (acc=0.9483)
[2026-08-13 00:04:06] 2026-08-13 00:04:06 | INFO     | WeightClient 1 fit round 20 (fedprox=True)
[2026-08-13 00:06:53] 2026-08-13 00:06:53 | INFO     | WeightClient 1 round 20 completed (acc=0.9589)
[2026-08-13 00:06:53] 2026-08-13 00:06:53 | INFO     | WeightClient 2 fit round 20 (fedprox=True)
[2026-08-13 00:09:30] 2026-08-13 00:09:30 | INFO     | WeightClient 2 round 20 completed (acc=0.9194)
[2026-08-13 00:09:30] 2026-08-13 00:09:30 | INFO     | WeightClient 3 fit round 20 (fedprox=True)
[2026-08-13 00:12:45] 2026-08-13 00:12:45 | INFO     | WeightClient 3 round 20 completed (acc=0.9646)
[2026-08-13 00:12:45] 2026-08-13 00:12:45 | INFO     | WeightClient 4 fit round 20 (fedprox=True)
[2026-08-13 00:16:34] 2026-08-13 00:16:34 | INFO     | WeightClient 4 round 20 completed (acc=0.9398)
[2026-08-13 00:16:34] 2026-08-13 00:16:34 | INFO     | WeightClient 5 fit round 20 (fedprox=True)
[2026-08-13 00:17:43] 2026-08-13 00:17:43 | INFO     | WeightClient 5 round 20 completed (acc=0.9646)
[2026-08-13 00:17:43] 2026-08-13 00:17:43 | INFO     | WeightClient 6 fit round 20 (fedprox=True)
[2026-08-13 00:19:51] 2026-08-13 00:19:51 | INFO     | WeightClient 6 round 20 completed (acc=0.9544)
[2026-08-13 00:19:51] 2026-08-13 00:19:51 | INFO     | WeightClient 7 fit round 20 (fedprox=True)
[2026-08-13 00:21:14] 2026-08-13 00:21:14 | INFO     | WeightClient 7 round 20 completed (acc=0.9355)
[2026-08-13 00:21:14] 2026-08-13 00:21:14 | INFO     | WeightClient 8 fit round 20 (fedprox=True)
[2026-08-13 00:24:44] 2026-08-13 00:24:44 | INFO     | WeightClient 8 round 20 completed (acc=0.9580)
[2026-08-13 00:24:44] 2026-08-13 00:24:44 | INFO     | WeightClient 9 fit round 20 (fedprox=True)
[2026-08-13 00:27:53] 2026-08-13 00:27:53 | INFO     | WeightClient 9 round 20 completed (acc=0.9696)
[2026-08-13 00:27:53] 2026-08-13 00:27:53 | INFO     | WeightClient 10 fit round 20 (fedprox=True)
[2026-08-13 00:30:28] 2026-08-13 00:30:28 | INFO     | WeightClient 10 round 20 completed (acc=0.9670)
[2026-08-13 00:30:28] 2026-08-13 00:30:28 | INFO     | WeightClient 11 fit round 20 (fedprox=True)
[2026-08-13 00:33:52] 2026-08-13 00:33:52 | INFO     | WeightClient 11 round 20 completed (acc=0.9397)
[2026-08-13 00:33:52] 2026-08-13 00:33:52 | INFO     | WeightClient 12 fit round 20 (fedprox=True)
[2026-08-13 00:36:31] 2026-08-13 00:36:31 | INFO     | WeightClient 12 round 20 completed (acc=0.9432)
[2026-08-13 00:36:31] 2026-08-13 00:36:31 | INFO     | WeightClient 13 fit round 20 (fedprox=True)
[2026-08-13 00:39:08] 2026-08-13 00:39:08 | INFO     | WeightClient 13 round 20 completed (acc=0.9447)
[2026-08-13 00:39:08] 2026-08-13 00:39:08 | INFO     | WeightClient 14 fit round 20 (fedprox=True)
[2026-08-13 00:40:29] 2026-08-13 00:40:29 | INFO     | WeightClient 14 round 20 completed (acc=0.9462)
[2026-08-13 00:40:29] 2026-08-13 00:40:29 | INFO     | WeightClient 15 fit round 20 (fedprox=True)
[2026-08-13 00:43:45] 2026-08-13 00:43:45 | INFO     | WeightClient 15 round 20 completed (acc=0.9351)
[2026-08-13 00:43:45] 2026-08-13 00:43:45 | INFO     | WeightClient 16 fit round 20 (fedprox=True)
[2026-08-13 00:45:02] 2026-08-13 00:45:02 | INFO     | WeightClient 16 round 20 completed (acc=0.9139)
[2026-08-13 00:45:02] 2026-08-13 00:45:02 | INFO     | WeightClient 17 fit round 20 (fedprox=True)
[2026-08-13 00:46:44] 2026-08-13 00:46:44 | INFO     | WeightClient 17 round 20 completed (acc=0.9137)
[2026-08-13 00:46:44] 2026-08-13 00:46:44 | INFO     | WeightClient 18 fit round 20 (fedprox=True)
[2026-08-13 00:47:42] 2026-08-13 00:47:42 | INFO     | WeightClient 18 round 20 completed (acc=0.9585)
[2026-08-13 00:47:42] 2026-08-13 00:47:42 | INFO     | WeightClient 19 fit round 20 (fedprox=True)
[2026-08-13 00:49:45] 2026-08-13 00:49:45 | INFO     | WeightClient 19 round 20 completed (acc=0.9410)
[2026-08-13 00:49:45]   Round  20/40 | Avg: 0.9458 | Min: 0.9137 | Max: 0.9696
[2026-08-13 00:49:45] 2026-08-13 00:49:45 | INFO     | FEDPROX — NONIID: round 21/40 starting
[2026-08-13 00:49:45] 2026-08-13 00:49:45 | INFO     | WeightClient 0 fit round 21 (fedprox=True)
[2026-08-13 00:51:41] 2026-08-13 00:51:41 | INFO     | WeightClient 0 round 21 completed (acc=0.9359)
[2026-08-13 00:51:41] 2026-08-13 00:51:41 | INFO     | WeightClient 1 fit round 21 (fedprox=True)
[2026-08-13 00:54:00] 2026-08-13 00:54:00 | INFO     | WeightClient 1 round 21 completed (acc=0.9524)
[2026-08-13 00:54:00] 2026-08-13 00:54:00 | INFO     | WeightClient 2 fit round 21 (fedprox=True)
[2026-08-13 00:57:23] 2026-08-13 00:57:23 | INFO     | WeightClient 2 round 21 completed (acc=0.8926)
[2026-08-13 00:57:23] 2026-08-13 00:57:23 | INFO     | WeightClient 3 fit round 21 (fedprox=True)
[2026-08-13 01:00:40] 2026-08-13 01:00:40 | INFO     | WeightClient 3 round 21 completed (acc=0.9706)
[2026-08-13 01:00:40] 2026-08-13 01:00:40 | INFO     | WeightClient 4 fit round 21 (fedprox=True)
[2026-08-13 01:03:24] 2026-08-13 01:03:24 | INFO     | WeightClient 4 round 21 completed (acc=0.9236)
[2026-08-13 01:03:24] 2026-08-13 01:03:24 | INFO     | WeightClient 5 fit round 21 (fedprox=True)
[2026-08-13 01:04:40] 2026-08-13 01:04:40 | INFO     | WeightClient 5 round 21 completed (acc=0.9674)
[2026-08-13 01:04:40] 2026-08-13 01:04:40 | INFO     | WeightClient 6 fit round 21 (fedprox=True)
[2026-08-13 01:07:04] 2026-08-13 01:07:04 | INFO     | WeightClient 6 round 21 completed (acc=0.9631)
[2026-08-13 01:07:04] 2026-08-13 01:07:04 | INFO     | WeightClient 7 fit round 21 (fedprox=True)
[2026-08-13 01:08:27] 2026-08-13 01:08:27 | INFO     | WeightClient 7 round 21 completed (acc=0.9360)
[2026-08-13 01:08:27] 2026-08-13 01:08:27 | INFO     | WeightClient 8 fit round 21 (fedprox=True)
[2026-08-13 01:11:27] 2026-08-13 01:11:27 | INFO     | WeightClient 8 round 21 completed (acc=0.9488)
[2026-08-13 01:11:27] 2026-08-13 01:11:27 | INFO     | WeightClient 9 fit round 21 (fedprox=True)
[2026-08-13 01:13:39] 2026-08-13 01:13:39 | INFO     | WeightClient 9 round 21 completed (acc=0.9610)
[2026-08-13 01:13:39] 2026-08-13 01:13:39 | INFO     | WeightClient 10 fit round 21 (fedprox=True)
[2026-08-13 01:17:02] 2026-08-13 01:17:02 | INFO     | WeightClient 10 round 21 completed (acc=0.9624)
[2026-08-13 01:17:02] 2026-08-13 01:17:02 | INFO     | WeightClient 11 fit round 21 (fedprox=True)
[2026-08-13 01:21:09] 2026-08-13 01:21:09 | INFO     | WeightClient 11 round 21 completed (acc=0.9521)
[2026-08-13 01:21:09] 2026-08-13 01:21:09 | INFO     | WeightClient 12 fit round 21 (fedprox=True)
[2026-08-13 01:24:04] 2026-08-13 01:24:04 | INFO     | WeightClient 12 round 21 completed (acc=0.9333)
[2026-08-13 01:24:04] 2026-08-13 01:24:04 | INFO     | WeightClient 13 fit round 21 (fedprox=True)
[2026-08-13 01:26:37] 2026-08-13 01:26:37 | INFO     | WeightClient 13 round 21 completed (acc=0.9259)
[2026-08-13 01:26:37] 2026-08-13 01:26:37 | INFO     | WeightClient 14 fit round 21 (fedprox=True)
[2026-08-13 01:27:53] 2026-08-13 01:27:53 | INFO     | WeightClient 14 round 21 completed (acc=0.9645)
[2026-08-13 01:27:54] 2026-08-13 01:27:53 | INFO     | WeightClient 15 fit round 21 (fedprox=True)
[2026-08-13 01:30:30] 2026-08-13 01:30:30 | INFO     | WeightClient 15 round 21 completed (acc=0.9371)
[2026-08-13 01:30:30] 2026-08-13 01:30:30 | INFO     | WeightClient 16 fit round 21 (fedprox=True)
[2026-08-13 01:31:51] 2026-08-13 01:31:51 | INFO     | WeightClient 16 round 21 completed (acc=0.9297)
[2026-08-13 01:31:51] 2026-08-13 01:31:51 | INFO     | WeightClient 17 fit round 21 (fedprox=True)
[2026-08-13 01:33:53] 2026-08-13 01:33:53 | INFO     | WeightClient 17 round 21 completed (acc=0.9131)
[2026-08-13 01:33:53] 2026-08-13 01:33:53 | INFO     | WeightClient 18 fit round 21 (fedprox=True)
[2026-08-13 01:34:41] 2026-08-13 01:34:41 | INFO     | WeightClient 18 round 21 completed (acc=0.9667)
[2026-08-13 01:34:41] 2026-08-13 01:34:41 | INFO     | WeightClient 19 fit round 21 (fedprox=True)
[2026-08-13 01:36:41] 2026-08-13 01:36:41 | INFO     | WeightClient 19 round 21 completed (acc=0.9166)
[2026-08-13 01:36:41]   Round  21/40 | Avg: 0.9426 | Min: 0.8926 | Max: 0.9706
[2026-08-13 01:36:41] 2026-08-13 01:36:41 | INFO     | FEDPROX — NONIID: round 22/40 starting
[2026-08-13 01:36:41] 2026-08-13 01:36:41 | INFO     | WeightClient 0 fit round 22 (fedprox=True)
[2026-08-13 01:38:34] 2026-08-13 01:38:34 | INFO     | WeightClient 0 round 22 completed (acc=0.9544)
[2026-08-13 01:38:34] 2026-08-13 01:38:34 | INFO     | WeightClient 1 fit round 22 (fedprox=True)
[2026-08-13 01:41:00] 2026-08-13 01:41:00 | INFO     | WeightClient 1 round 22 completed (acc=0.9597)
[2026-08-13 01:41:00] 2026-08-13 01:41:00 | INFO     | WeightClient 2 fit round 22 (fedprox=True)
[2026-08-13 01:44:53] 2026-08-13 01:44:53 | INFO     | WeightClient 2 round 22 completed (acc=0.9140)
[2026-08-13 01:44:54] 2026-08-13 01:44:53 | INFO     | WeightClient 3 fit round 22 (fedprox=True)
[2026-08-13 01:48:03] 2026-08-13 01:48:03 | INFO     | WeightClient 3 round 22 completed (acc=0.9719)
[2026-08-13 01:48:03] 2026-08-13 01:48:03 | INFO     | WeightClient 4 fit round 22 (fedprox=True)
[2026-08-13 01:50:49] 2026-08-13 01:50:49 | INFO     | WeightClient 4 round 22 completed (acc=0.9355)
[2026-08-13 01:50:49] 2026-08-13 01:50:49 | INFO     | WeightClient 5 fit round 22 (fedprox=True)
[2026-08-13 01:51:57] 2026-08-13 01:51:57 | INFO     | WeightClient 5 round 22 completed (acc=0.9721)
[2026-08-13 01:51:57] 2026-08-13 01:51:57 | INFO     | WeightClient 6 fit round 22 (fedprox=True)
[2026-08-13 01:54:12] 2026-08-13 01:54:12 | INFO     | WeightClient 6 round 22 completed (acc=0.9581)
[2026-08-13 01:54:12] 2026-08-13 01:54:12 | INFO     | WeightClient 7 fit round 22 (fedprox=True)
[2026-08-13 01:55:48] 2026-08-13 01:55:48 | INFO     | WeightClient 7 round 22 completed (acc=0.9381)
[2026-08-13 01:55:49] 2026-08-13 01:55:48 | INFO     | WeightClient 8 fit round 22 (fedprox=True)
[2026-08-13 01:58:47] 2026-08-13 01:58:47 | INFO     | WeightClient 8 round 22 completed (acc=0.9605)
[2026-08-13 01:58:47] 2026-08-13 01:58:47 | INFO     | WeightClient 9 fit round 22 (fedprox=True)
[2026-08-13 02:01:25] 2026-08-13 02:01:25 | INFO     | WeightClient 9 round 22 completed (acc=0.9658)
[2026-08-13 02:01:25] 2026-08-13 02:01:25 | INFO     | WeightClient 10 fit round 22 (fedprox=True)
[2026-08-13 02:04:18] 2026-08-13 02:04:18 | INFO     | WeightClient 10 round 22 completed (acc=0.9652)
[2026-08-13 02:04:18] 2026-08-13 02:04:18 | INFO     | WeightClient 11 fit round 22 (fedprox=True)
[2026-08-13 02:07:15] 2026-08-13 02:07:15 | INFO     | WeightClient 11 round 22 completed (acc=0.9506)
[2026-08-13 02:07:15] 2026-08-13 02:07:15 | INFO     | WeightClient 12 fit round 22 (fedprox=True)
[2026-08-13 02:10:39] 2026-08-13 02:10:39 | INFO     | WeightClient 12 round 22 completed (acc=0.9482)
[2026-08-13 02:10:39] 2026-08-13 02:10:39 | INFO     | WeightClient 13 fit round 22 (fedprox=True)
[2026-08-13 02:14:43] 2026-08-13 02:14:43 | INFO     | WeightClient 13 round 22 completed (acc=0.9635)
[2026-08-13 02:14:43] 2026-08-13 02:14:43 | INFO     | WeightClient 14 fit round 22 (fedprox=True)
[2026-08-13 02:15:41] 2026-08-13 02:15:41 | INFO     | WeightClient 14 round 22 completed (acc=0.9506)
[2026-08-13 02:15:41] 2026-08-13 02:15:41 | INFO     | WeightClient 15 fit round 22 (fedprox=True)
[2026-08-13 02:18:33] 2026-08-13 02:18:33 | INFO     | WeightClient 15 round 22 completed (acc=0.9327)
[2026-08-13 02:18:33] 2026-08-13 02:18:33 | INFO     | WeightClient 16 fit round 22 (fedprox=True)
[2026-08-13 02:19:50] 2026-08-13 02:19:50 | INFO     | WeightClient 16 round 22 completed (acc=0.9504)
[2026-08-13 02:19:50] 2026-08-13 02:19:50 | INFO     | WeightClient 17 fit round 22 (fedprox=True)
[2026-08-13 02:21:38] 2026-08-13 02:21:38 | INFO     | WeightClient 17 round 22 completed (acc=0.9141)
[2026-08-13 02:21:38] 2026-08-13 02:21:38 | INFO     | WeightClient 18 fit round 22 (fedprox=True)
[2026-08-13 02:22:32] 2026-08-13 02:22:32 | INFO     | WeightClient 18 round 22 completed (acc=0.9667)
[2026-08-13 02:22:32] 2026-08-13 02:22:32 | INFO     | WeightClient 19 fit round 22 (fedprox=True)
[2026-08-13 02:24:30] 2026-08-13 02:24:30 | INFO     | WeightClient 19 round 22 completed (acc=0.9251)
[2026-08-13 02:24:30]   Round  22/40 | Avg: 0.9499 | Min: 0.9140 | Max: 0.9721
[2026-08-13 02:24:30] 2026-08-13 02:24:30 | INFO     | FEDPROX — NONIID: round 23/40 starting
[2026-08-13 02:24:30] 2026-08-13 02:24:30 | INFO     | WeightClient 0 fit round 23 (fedprox=True)
[2026-08-13 02:26:28] 2026-08-13 02:26:28 | INFO     | WeightClient 0 round 23 completed (acc=0.9518)
[2026-08-13 02:26:28] 2026-08-13 02:26:28 | INFO     | WeightClient 1 fit round 23 (fedprox=True)
[2026-08-13 02:29:48] 2026-08-13 02:29:48 | INFO     | WeightClient 1 round 23 completed (acc=0.9514)
[2026-08-13 02:29:48] 2026-08-13 02:29:48 | INFO     | WeightClient 2 fit round 23 (fedprox=True)
[2026-08-13 02:33:44] 2026-08-13 02:33:44 | INFO     | WeightClient 2 round 23 completed (acc=0.9417)
[2026-08-13 02:33:44] 2026-08-13 02:33:44 | INFO     | WeightClient 3 fit round 23 (fedprox=True)
[2026-08-13 02:36:58] 2026-08-13 02:36:58 | INFO     | WeightClient 3 round 23 completed (acc=0.9704)
[2026-08-13 02:36:58] 2026-08-13 02:36:58 | INFO     | WeightClient 4 fit round 23 (fedprox=True)
[2026-08-13 02:40:26] 2026-08-13 02:40:26 | INFO     | WeightClient 4 round 23 completed (acc=0.9272)
[2026-08-13 02:40:26] 2026-08-13 02:40:26 | INFO     | WeightClient 5 fit round 23 (fedprox=True)
[2026-08-13 02:41:40] 2026-08-13 02:41:40 | INFO     | WeightClient 5 round 23 completed (acc=0.9688)
[2026-08-13 02:41:40] 2026-08-13 02:41:40 | INFO     | WeightClient 6 fit round 23 (fedprox=True)
[2026-08-13 02:43:54] 2026-08-13 02:43:54 | INFO     | WeightClient 6 round 23 completed (acc=0.9567)
[2026-08-13 02:43:54] 2026-08-13 02:43:54 | INFO     | WeightClient 7 fit round 23 (fedprox=True)
[2026-08-13 02:45:39] 2026-08-13 02:45:39 | INFO     | WeightClient 7 round 23 completed (acc=0.9376)
[2026-08-13 02:45:39] 2026-08-13 02:45:39 | INFO     | WeightClient 8 fit round 23 (fedprox=True)
[2026-08-13 02:48:28] 2026-08-13 02:48:28 | INFO     | WeightClient 8 round 23 completed (acc=0.9631)
[2026-08-13 02:48:28] 2026-08-13 02:48:28 | INFO     | WeightClient 9 fit round 23 (fedprox=True)
[2026-08-13 02:51:05] 2026-08-13 02:51:05 | INFO     | WeightClient 9 round 23 completed (acc=0.9652)
[2026-08-13 02:51:05] 2026-08-13 02:51:05 | INFO     | WeightClient 10 fit round 23 (fedprox=True)
[2026-08-13 02:54:29] 2026-08-13 02:54:29 | INFO     | WeightClient 10 round 23 completed (acc=0.9615)
[2026-08-13 02:54:29] 2026-08-13 02:54:29 | INFO     | WeightClient 11 fit round 23 (fedprox=True)
[2026-08-13 02:57:10] 2026-08-13 02:57:10 | INFO     | WeightClient 11 round 23 completed (acc=0.9592)
[2026-08-13 02:57:10] 2026-08-13 02:57:10 | INFO     | WeightClient 12 fit round 23 (fedprox=True)
[2026-08-13 02:59:45] 2026-08-13 02:59:45 | INFO     | WeightClient 12 round 23 completed (acc=0.9550)
[2026-08-13 02:59:45] 2026-08-13 02:59:45 | INFO     | WeightClient 13 fit round 23 (fedprox=True)
[2026-08-13 03:02:28] 2026-08-13 03:02:28 | INFO     | WeightClient 13 round 23 completed (acc=0.9530)
[2026-08-13 03:02:28] 2026-08-13 03:02:28 | INFO     | WeightClient 14 fit round 23 (fedprox=True)
[2026-08-13 03:03:41] 2026-08-13 03:03:41 | INFO     | WeightClient 14 round 23 completed (acc=0.9521)
[2026-08-13 03:03:41] 2026-08-13 03:03:41 | INFO     | WeightClient 15 fit round 23 (fedprox=True)
[2026-08-13 03:06:19] 2026-08-13 03:06:19 | INFO     | WeightClient 15 round 23 completed (acc=0.9418)
[2026-08-13 03:06:19] 2026-08-13 03:06:19 | INFO     | WeightClient 16 fit round 23 (fedprox=True)
[2026-08-13 03:07:38] 2026-08-13 03:07:38 | INFO     | WeightClient 16 round 23 completed (acc=0.9325)
[2026-08-13 03:07:38] 2026-08-13 03:07:38 | INFO     | WeightClient 17 fit round 23 (fedprox=True)
[2026-08-13 03:09:27] 2026-08-13 03:09:27 | INFO     | WeightClient 17 round 23 completed (acc=0.8921)
[2026-08-13 03:09:27] 2026-08-13 03:09:27 | INFO     | WeightClient 18 fit round 23 (fedprox=True)
[2026-08-13 03:10:19] 2026-08-13 03:10:19 | INFO     | WeightClient 18 round 23 completed (acc=0.9616)
[2026-08-13 03:10:19] 2026-08-13 03:10:19 | INFO     | WeightClient 19 fit round 23 (fedprox=True)
[2026-08-13 03:11:55] 2026-08-13 03:11:55 | INFO     | WeightClient 19 round 23 completed (acc=0.9541)
[2026-08-13 03:11:55]   Round  23/40 | Avg: 0.9498 | Min: 0.8921 | Max: 0.9704
[2026-08-13 03:11:55] 2026-08-13 03:11:55 | INFO     | FEDPROX — NONIID: round 24/40 starting
[2026-08-13 03:11:55] 2026-08-13 03:11:55 | INFO     | WeightClient 0 fit round 24 (fedprox=True)
[2026-08-13 03:14:08] 2026-08-13 03:14:08 | INFO     | WeightClient 0 round 24 completed (acc=0.9653)
[2026-08-13 03:14:08] 2026-08-13 03:14:08 | INFO     | WeightClient 1 fit round 24 (fedprox=True)
[2026-08-13 03:16:36] 2026-08-13 03:16:36 | INFO     | WeightClient 1 round 24 completed (acc=0.9550)
[2026-08-13 03:16:36] 2026-08-13 03:16:36 | INFO     | WeightClient 2 fit round 24 (fedprox=True)
[2026-08-13 03:18:59] 2026-08-13 03:18:59 | INFO     | WeightClient 2 round 24 completed (acc=0.9381)
[2026-08-13 03:18:59] 2026-08-13 03:18:59 | INFO     | WeightClient 3 fit round 24 (fedprox=True)
[2026-08-13 03:22:01] 2026-08-13 03:22:01 | INFO     | WeightClient 3 round 24 completed (acc=0.9738)
[2026-08-13 03:22:01] 2026-08-13 03:22:01 | INFO     | WeightClient 4 fit round 24 (fedprox=True)
[2026-08-13 03:25:08] 2026-08-13 03:25:08 | INFO     | WeightClient 4 round 24 completed (acc=0.9440)
[2026-08-13 03:25:08] 2026-08-13 03:25:08 | INFO     | WeightClient 5 fit round 24 (fedprox=True)
[2026-08-13 03:26:31] 2026-08-13 03:26:31 | INFO     | WeightClient 5 round 24 completed (acc=0.9691)
[2026-08-13 03:26:31] 2026-08-13 03:26:31 | INFO     | WeightClient 6 fit round 24 (fedprox=True)
[2026-08-13 03:28:35] 2026-08-13 03:28:35 | INFO     | WeightClient 6 round 24 completed (acc=0.9586)
[2026-08-13 03:28:35] 2026-08-13 03:28:35 | INFO     | WeightClient 7 fit round 24 (fedprox=True)
[2026-08-13 03:30:08] 2026-08-13 03:30:08 | INFO     | WeightClient 7 round 24 completed (acc=0.9502)
[2026-08-13 03:30:08] 2026-08-13 03:30:08 | INFO     | WeightClient 8 fit round 24 (fedprox=True)
[2026-08-13 03:33:00] 2026-08-13 03:33:00 | INFO     | WeightClient 8 round 24 completed (acc=0.9583)
[2026-08-13 03:33:00] 2026-08-13 03:33:00 | INFO     | WeightClient 9 fit round 24 (fedprox=True)
[2026-08-13 03:35:43] 2026-08-13 03:35:43 | INFO     | WeightClient 9 round 24 completed (acc=0.9595)
[2026-08-13 03:35:43] 2026-08-13 03:35:43 | INFO     | WeightClient 10 fit round 24 (fedprox=True)
[2026-08-13 03:38:18] 2026-08-13 03:38:18 | INFO     | WeightClient 10 round 24 completed (acc=0.9693)
[2026-08-13 03:38:18] 2026-08-13 03:38:18 | INFO     | WeightClient 11 fit round 24 (fedprox=True)
[2026-08-13 03:41:34] 2026-08-13 03:41:34 | INFO     | WeightClient 11 round 24 completed (acc=0.9562)
[2026-08-13 03:41:34] 2026-08-13 03:41:34 | INFO     | WeightClient 12 fit round 24 (fedprox=True)
[2026-08-13 03:44:37] 2026-08-13 03:44:37 | INFO     | WeightClient 12 round 24 completed (acc=0.9521)
[2026-08-13 03:44:37] 2026-08-13 03:44:37 | INFO     | WeightClient 13 fit round 24 (fedprox=True)
[2026-08-13 03:47:58] 2026-08-13 03:47:58 | INFO     | WeightClient 13 round 24 completed (acc=0.9580)
[2026-08-13 03:47:58] 2026-08-13 03:47:58 | INFO     | WeightClient 14 fit round 24 (fedprox=True)
[2026-08-13 03:48:52] 2026-08-13 03:48:51 | INFO     | WeightClient 14 round 24 completed (acc=0.9643)
[2026-08-13 03:48:52] 2026-08-13 03:48:52 | INFO     | WeightClient 15 fit round 24 (fedprox=True)
[2026-08-13 03:51:04] 2026-08-13 03:51:04 | INFO     | WeightClient 15 round 24 completed (acc=0.9623)
[2026-08-13 03:51:04] 2026-08-13 03:51:04 | INFO     | WeightClient 16 fit round 24 (fedprox=True)
[2026-08-13 03:52:13] 2026-08-13 03:52:13 | INFO     | WeightClient 16 round 24 completed (acc=0.9292)
[2026-08-13 03:52:13] 2026-08-13 03:52:13 | INFO     | WeightClient 17 fit round 24 (fedprox=True)
[2026-08-13 03:54:06] 2026-08-13 03:54:06 | INFO     | WeightClient 17 round 24 completed (acc=0.9550)
[2026-08-13 03:54:06] 2026-08-13 03:54:06 | INFO     | WeightClient 18 fit round 24 (fedprox=True)
[2026-08-13 03:55:06] 2026-08-13 03:55:06 | INFO     | WeightClient 18 round 24 completed (acc=0.9701)
[2026-08-13 03:55:06] 2026-08-13 03:55:06 | INFO     | WeightClient 19 fit round 24 (fedprox=True)
[2026-08-13 03:57:13] 2026-08-13 03:57:13 | INFO     | WeightClient 19 round 24 completed (acc=0.9492)
[2026-08-13 03:57:14]   Round  24/40 | Avg: 0.9569 | Min: 0.9292 | Max: 0.9738
[2026-08-13 03:57:14] 2026-08-13 03:57:14 | INFO     | FEDPROX — NONIID: round 25/40 starting
[2026-08-13 03:57:14] 2026-08-13 03:57:14 | INFO     | WeightClient 0 fit round 25 (fedprox=True)
[2026-08-13 03:59:11] 2026-08-13 03:59:11 | INFO     | WeightClient 0 round 25 completed (acc=0.9600)
[2026-08-13 03:59:11] 2026-08-13 03:59:11 | INFO     | WeightClient 1 fit round 25 (fedprox=True)
