[2026-08-09 00:14:40] ============================================================
[2026-08-09 00:14:40]   JOB START   : mnist_fedakd_uniform
[2026-08-09 00:14:40]   PID         : 717
[2026-08-09 00:14:40]   Log         : /c/Users/ggad/Desktop/HomeSenseKD/logs/phase1/mnist_fedakd_uniform.log
[2026-08-09 00:14:40]   Results dir : /c/Users/ggad/Desktop/HomeSenseKD/results/phase1
[2026-08-09 00:14:40]   Fig dir     : /c/Users/ggad/Desktop/HomeSenseKD/results/phase1/figures
[2026-08-09 00:14:40]   Cmd         : C:\Users\ggad\Desktop\HomeSenseKD\venv/Scripts/python.exe /c/Users/ggad/Desktop/HomeSenseKD/run_fedkd.py \
[2026-08-09 00:14:40]                   --config /c/Users/ggad/Desktop/HomeSenseKD/config/mnist.yaml \
[2026-08-09 00:14:40]                   --algorithm fedakd --heterogeneity uniform \
[2026-08-09 00:14:40]                   --override experiment.results_dir=/c/Users/ggad/Desktop/HomeSenseKD/results/phase1 \
[2026-08-09 00:14:40]                              experiment.fig_dir=/c/Users/ggad/Desktop/HomeSenseKD/results/phase1/figures
[2026-08-09 00:14:40] ============================================================
[2026-08-09 00:15:06] WARNING: All log messages before absl::InitializeLog() is called are written to STDERR
[2026-08-09 00:15:06] I0000 00:00:1786248906.951440   18676 port.cc:153] oneDNN custom operations are on. You may see slightly different numerical results due to floating-point round-off errors from different computation orders. To turn them off, set the environment variable `TF_ENABLE_ONEDNN_OPTS=0`.
[2026-08-09 00:16:14] WARNING: All log messages before absl::InitializeLog() is called are written to STDERR
[2026-08-09 00:16:14] I0000 00:00:1786248974.487184   18676 port.cc:153] oneDNN custom operations are on. You may see slightly different numerical results due to floating-point round-off errors from different computation orders. To turn them off, set the environment variable `TF_ENABLE_ONEDNN_OPTS=0`.
[2026-08-09 00:17:26] 2026-08-09 00:17:26 | INFO     | Experiment started: fedkd_experiment
[2026-08-09 00:17:26] 2026-08-09 00:17:26 | INFO     | Configuration: {"algorithms": ["fedmd", "fedakd", "mks", "fedavg", "fedprox", "local", "central"], "data": {"dataset": "mnist", "dirichlet_alpha": 0.5, "img_size": 28, "in_channels": 1, "n_classes": 10, "n_parties": 20, "n_samples_per_class": 30, "n_stft_bins": 8, "public_dataset": "cifar10", "settings": ["iid", "noniid"], "window_size": 100}, "experiment": {"fig_dir": "C:/Users/ggad/Desktop/HomeSenseKD/results/phase1/figures", "log_dir": "logs", "name": "fedkd_experiment", "results_dir": "C:/Users/ggad/Desktop/HomeSenseKD/results/phase1", "seeds": [42, 123, 456]}, "federated": {"fedprox_mu": 0.01, "kd_epochs": 2, "local_epochs": 3, "n_alignment": 10000, "n_rounds": 40}, "models": {"distributions": {"all_small": [1.0, 0.0, 0.0], "skewed": [0.6, 0.3, 0.1], "uniform": [0.35, 0.35, 0.3]}, "heterogeneity": "uniform"}}
[2026-08-09 00:17:27]   Saved tiers_mnist_uniform.png
[2026-08-09 00:17:27] =================================================================
[2026-08-09 00:17:27]   Dataset    : mnist  (public: cifar10)
[2026-08-09 00:17:27]   Algorithms : ['fedakd']
[2026-08-09 00:17:27]   Heterogen. : uniform  ->  ['small', 'small', 'small', 'small', 'small', 'small']...
[2026-08-09 00:17:27]   Seeds      : [42, 123, 456]
[2026-08-09 00:17:27]   Settings   : ['iid', 'noniid']
[2026-08-09 00:17:27] =================================================================
[2026-08-09 00:17:27] 2026-08-09 00:17:27 | INFO     | run_multiseed: seed=42  algo=fedakd  dataset=mnist  hetero=uniform
[2026-08-09 00:17:27] 
[2026-08-09 00:17:27] [seed=42]  FEDAKD  dataset=mnist  hetero=uniform
[2026-08-09 00:17:27] 2026-08-09 00:17:27 | INFO     | Loading target dataset: 'mnist'  public dataset: 'cifar10'
[2026-08-09 00:17:27] 2026-08-09 00:17:27 | INFO     | Input shape: (28, 28, 1)  is_image: True
[2026-08-09 00:17:52] I0000 00:00:1786249072.450342   18676 cpu_feature_guard.cc:227] This TensorFlow binary is optimized to use available CPU instructions in performance-critical operations.
[2026-08-09 00:17:52] To enable the following instructions: SSE3 SSE4.1 SSE4.2 AVX AVX2 AVX_VNNI FMA, in other operations, rebuild TensorFlow with the appropriate compiler flags.
[2026-08-09 00:17:57] Loading MNIST...
[2026-08-09 00:17:57]   -> 60000 train, 10000 test
[2026-08-09 00:17:57] Loading CIFAR-10...
[2026-08-09 00:17:57]   -> 50000 train, 10000 test
[2026-08-09 00:17:57] 2026-08-09 00:17:57 | INFO     | Dataset loaded: x_train=(60000, 28, 28, 1)  y_train=(60000,)  x_test=(10000, 28, 28, 1)  x_public=(50000, 28, 28, 1)
[2026-08-09 00:17:57] 2026-08-09 00:17:57 | INFO     | Partitioning data: n_classes=10 n_parties=20 iid_spc=30 alpha=0.500
[2026-08-09 00:17:57] 2026-08-09 00:17:57 | INFO     | run_one_algo: algorithm=fedakd  settings=['iid', 'noniid']
[2026-08-09 00:17:57] 2026-08-09 00:17:57 | INFO     | run_one_algo: algorithm=fedakd  setting=iid
[2026-08-09 00:17:57] 2026-08-09 00:17:57 | INFO     | Building 20 client models for algo=fedakd  tiers=['small', 'small', 'small', 'small', 'small', 'small', 'small', 'medium', 'medium', 'medium', 'medium', 'medium', 'medium', 'medium', 'large', 'large', 'large', 'large', 'large', 'large']
[2026-08-09 00:17:57] WARNING:tensorflow:TensorFlow GPU support is not available on native Windows for TensorFlow >= 2.11. Even if CUDA/cuDNN are installed, GPU will not be used. Please use WSL2 or the TensorFlow-DirectML plugin.
[2026-08-09 00:18:04] 2026-08-09 00:18:04 | INFO     | Starting FEDAKD — IID (40 rounds, 20 clients)
[2026-08-09 00:18:04] 
[2026-08-09 00:18:04] =================================================================
[2026-08-09 00:18:04]   FEDAKD — IID
[2026-08-09 00:18:04] =================================================================
[2026-08-09 00:18:04] 2026-08-09 00:18:04 | INFO     | FEDAKD — IID: round 1/40 starting
[2026-08-09 00:18:04] 2026-08-09 00:18:04 | INFO     | KDClient 0 fit round 1 (tier=small)
[2026-08-09 00:18:04] 2026-08-09 00:18:04 | INFO     | KDClient 0 round 1 local training (epochs=3)
[2026-08-09 00:18:29] 2026-08-09 00:18:29 | INFO     | KDClient 0 round 1 completed (acc=0.8097, n=300)
[2026-08-09 00:18:29] 2026-08-09 00:18:29 | INFO     | KDClient 1 fit round 1 (tier=small)
[2026-08-09 00:18:29] 2026-08-09 00:18:29 | INFO     | KDClient 1 round 1 local training (epochs=3)
[2026-08-09 00:19:00] 2026-08-09 00:19:00 | INFO     | KDClient 1 round 1 completed (acc=0.8176, n=300)
[2026-08-09 00:19:00] 2026-08-09 00:19:00 | INFO     | KDClient 2 fit round 1 (tier=small)
[2026-08-09 00:19:00] 2026-08-09 00:19:00 | INFO     | KDClient 2 round 1 local training (epochs=3)
[2026-08-09 00:19:29] 2026-08-09 00:19:29 | INFO     | KDClient 2 round 1 completed (acc=0.8217, n=300)
[2026-08-09 00:19:29] 2026-08-09 00:19:29 | INFO     | KDClient 3 fit round 1 (tier=small)
[2026-08-09 00:19:29] 2026-08-09 00:19:29 | INFO     | KDClient 3 round 1 local training (epochs=3)
[2026-08-09 00:19:58] 2026-08-09 00:19:58 | INFO     | KDClient 3 round 1 completed (acc=0.8149, n=300)
[2026-08-09 00:19:58] 2026-08-09 00:19:58 | INFO     | KDClient 4 fit round 1 (tier=small)
[2026-08-09 00:19:58] 2026-08-09 00:19:58 | INFO     | KDClient 4 round 1 local training (epochs=3)
[2026-08-09 00:20:25] 2026-08-09 00:20:25 | INFO     | KDClient 4 round 1 completed (acc=0.8389, n=300)
[2026-08-09 00:20:25] 2026-08-09 00:20:25 | INFO     | KDClient 5 fit round 1 (tier=small)
[2026-08-09 00:20:25] 2026-08-09 00:20:25 | INFO     | KDClient 5 round 1 local training (epochs=3)
[2026-08-09 00:20:49] 2026-08-09 00:20:49 | INFO     | KDClient 5 round 1 completed (acc=0.8031, n=300)
[2026-08-09 00:20:49] 2026-08-09 00:20:49 | INFO     | KDClient 6 fit round 1 (tier=small)
[2026-08-09 00:20:49] 2026-08-09 00:20:49 | INFO     | KDClient 6 round 1 local training (epochs=3)
[2026-08-09 00:21:04] 2026-08-09 00:21:04 | INFO     | KDClient 6 round 1 completed (acc=0.8147, n=300)
[2026-08-09 00:21:04] 2026-08-09 00:21:04 | INFO     | KDClient 7 fit round 1 (tier=medium)
[2026-08-09 00:21:04] 2026-08-09 00:21:04 | INFO     | KDClient 7 round 1 local training (epochs=3)
[2026-08-09 00:21:34] 2026-08-09 00:21:34 | INFO     | KDClient 7 round 1 completed (acc=0.8328, n=300)
[2026-08-09 00:21:34] 2026-08-09 00:21:34 | INFO     | KDClient 8 fit round 1 (tier=medium)
[2026-08-09 00:21:34] 2026-08-09 00:21:34 | INFO     | KDClient 8 round 1 local training (epochs=3)
[2026-08-09 00:22:10] 2026-08-09 00:22:10 | INFO     | KDClient 8 round 1 completed (acc=0.7745, n=300)
[2026-08-09 00:22:10] 2026-08-09 00:22:10 | INFO     | KDClient 9 fit round 1 (tier=medium)
[2026-08-09 00:22:10] 2026-08-09 00:22:10 | INFO     | KDClient 9 round 1 local training (epochs=3)
[2026-08-09 00:22:56] 2026-08-09 00:22:56 | INFO     | KDClient 9 round 1 completed (acc=0.8202, n=300)
[2026-08-09 00:22:56] 2026-08-09 00:22:56 | INFO     | KDClient 10 fit round 1 (tier=medium)
[2026-08-09 00:22:56] 2026-08-09 00:22:56 | INFO     | KDClient 10 round 1 local training (epochs=3)
[2026-08-09 00:23:47] 2026-08-09 00:23:47 | INFO     | KDClient 10 round 1 completed (acc=0.8214, n=300)
[2026-08-09 00:23:47] 2026-08-09 00:23:47 | INFO     | KDClient 11 fit round 1 (tier=medium)
[2026-08-09 00:23:47] 2026-08-09 00:23:47 | INFO     | KDClient 11 round 1 local training (epochs=3)
[2026-08-09 00:24:46] 2026-08-09 00:24:46 | INFO     | KDClient 11 round 1 completed (acc=0.7880, n=300)
[2026-08-09 00:24:46] 2026-08-09 00:24:46 | INFO     | KDClient 12 fit round 1 (tier=medium)
[2026-08-09 00:24:46] 2026-08-09 00:24:46 | INFO     | KDClient 12 round 1 local training (epochs=3)
[2026-08-09 00:25:35] 2026-08-09 00:25:35 | INFO     | KDClient 12 round 1 completed (acc=0.8064, n=300)
[2026-08-09 00:25:35] 2026-08-09 00:25:35 | INFO     | KDClient 13 fit round 1 (tier=medium)
[2026-08-09 00:25:35] 2026-08-09 00:25:35 | INFO     | KDClient 13 round 1 local training (epochs=3)
[2026-08-09 00:26:25] 2026-08-09 00:26:25 | INFO     | KDClient 13 round 1 completed (acc=0.7833, n=300)
[2026-08-09 00:26:25] 2026-08-09 00:26:25 | INFO     | KDClient 14 fit round 1 (tier=large)
[2026-08-09 00:26:25] 2026-08-09 00:26:25 | INFO     | KDClient 14 round 1 local training (epochs=3)
[2026-08-09 00:27:27] 2026-08-09 00:27:27 | INFO     | KDClient 14 round 1 completed (acc=0.7771, n=300)
[2026-08-09 00:27:27] 2026-08-09 00:27:27 | INFO     | KDClient 15 fit round 1 (tier=large)
[2026-08-09 00:27:27] 2026-08-09 00:27:27 | INFO     | KDClient 15 round 1 local training (epochs=3)
[2026-08-09 00:28:49] 2026-08-09 00:28:49 | INFO     | KDClient 15 round 1 completed (acc=0.7473, n=300)
[2026-08-09 00:28:49] 2026-08-09 00:28:49 | INFO     | KDClient 16 fit round 1 (tier=large)
[2026-08-09 00:28:49] 2026-08-09 00:28:49 | INFO     | KDClient 16 round 1 local training (epochs=3)
[2026-08-09 00:30:01] 2026-08-09 00:30:01 | INFO     | KDClient 16 round 1 completed (acc=0.7469, n=300)
[2026-08-09 00:30:01] 2026-08-09 00:30:01 | INFO     | KDClient 17 fit round 1 (tier=large)
[2026-08-09 00:30:01] 2026-08-09 00:30:01 | INFO     | KDClient 17 round 1 local training (epochs=3)
[2026-08-09 00:31:05] 2026-08-09 00:31:05 | INFO     | KDClient 17 round 1 completed (acc=0.7674, n=300)
[2026-08-09 00:31:05] 2026-08-09 00:31:05 | INFO     | KDClient 18 fit round 1 (tier=large)
[2026-08-09 00:31:05] 2026-08-09 00:31:05 | INFO     | KDClient 18 round 1 local training (epochs=3)
[2026-08-09 00:31:57] 2026-08-09 00:31:57 | INFO     | KDClient 18 round 1 completed (acc=0.7429, n=300)
[2026-08-09 00:31:57] 2026-08-09 00:31:57 | INFO     | KDClient 19 fit round 1 (tier=large)
[2026-08-09 00:31:57] 2026-08-09 00:31:57 | INFO     | KDClient 19 round 1 local training (epochs=3)
[2026-08-09 00:33:23] 2026-08-09 00:33:23 | INFO     | KDClient 19 round 1 completed (acc=0.7291, n=300)
[2026-08-09 00:33:23]   Round   1/40 | Avg: 0.7929 | Min: 0.7291 | Max: 0.8389
[2026-08-09 00:33:23] 2026-08-09 00:33:23 | INFO     | FEDAKD — IID: round 2/40 starting
[2026-08-09 00:33:23] 2026-08-09 00:33:23 | INFO     | KDClient 0 fit round 2 (tier=small)
[2026-08-09 00:33:23] 2026-08-09 00:33:23 | INFO     | KDClient 0 round 2 public KD (epochs=2)
[2026-08-09 00:33:41] 2026-08-09 00:33:41 | INFO     | KDClient 0 round 2 local training (epochs=3)
[2026-08-09 00:33:57] 2026-08-09 00:33:57 | INFO     | KDClient 0 round 2 completed (acc=0.8222, n=300)
[2026-08-09 00:33:57] 2026-08-09 00:33:57 | INFO     | KDClient 1 fit round 2 (tier=small)
[2026-08-09 00:33:57] 2026-08-09 00:33:57 | INFO     | KDClient 1 round 2 public KD (epochs=2)
[2026-08-09 00:34:15] 2026-08-09 00:34:15 | INFO     | KDClient 1 round 2 local training (epochs=3)
[2026-08-09 00:34:27] 2026-08-09 00:34:27 | INFO     | KDClient 1 round 2 completed (acc=0.8420, n=300)
[2026-08-09 00:34:27] 2026-08-09 00:34:27 | INFO     | KDClient 2 fit round 2 (tier=small)
[2026-08-09 00:34:27] 2026-08-09 00:34:27 | INFO     | KDClient 2 round 2 public KD (epochs=2)
[2026-08-09 00:34:47] 2026-08-09 00:34:47 | INFO     | KDClient 2 round 2 local training (epochs=3)
[2026-08-09 00:35:07] 2026-08-09 00:35:07 | INFO     | KDClient 2 round 2 completed (acc=0.8461, n=300)
[2026-08-09 00:35:07] 2026-08-09 00:35:07 | INFO     | KDClient 3 fit round 2 (tier=small)
[2026-08-09 00:35:07] 2026-08-09 00:35:07 | INFO     | KDClient 3 round 2 public KD (epochs=2)
[2026-08-09 00:35:32] 2026-08-09 00:35:32 | INFO     | KDClient 3 round 2 local training (epochs=3)
[2026-08-09 00:35:52] 2026-08-09 00:35:52 | INFO     | KDClient 3 round 2 completed (acc=0.8356, n=300)
[2026-08-09 00:35:52] 2026-08-09 00:35:52 | INFO     | KDClient 4 fit round 2 (tier=small)
[2026-08-09 00:35:52] 2026-08-09 00:35:52 | INFO     | KDClient 4 round 2 public KD (epochs=2)
[2026-08-09 00:36:14] 2026-08-09 00:36:14 | INFO     | KDClient 4 round 2 local training (epochs=3)
[2026-08-09 00:36:40] 2026-08-09 00:36:40 | INFO     | KDClient 4 round 2 completed (acc=0.8377, n=300)
[2026-08-09 00:36:40] 2026-08-09 00:36:40 | INFO     | KDClient 5 fit round 2 (tier=small)
[2026-08-09 00:36:40] 2026-08-09 00:36:40 | INFO     | KDClient 5 round 2 public KD (epochs=2)
[2026-08-09 00:36:57] 2026-08-09 00:36:57 | INFO     | KDClient 5 round 2 local training (epochs=3)
[2026-08-09 00:37:16] 2026-08-09 00:37:16 | INFO     | KDClient 5 round 2 completed (acc=0.8096, n=300)
[2026-08-09 00:37:16] 2026-08-09 00:37:16 | INFO     | KDClient 6 fit round 2 (tier=small)
[2026-08-09 00:37:16] 2026-08-09 00:37:16 | INFO     | KDClient 6 round 2 public KD (epochs=2)
[2026-08-09 00:37:32] 2026-08-09 00:37:32 | INFO     | KDClient 6 round 2 local training (epochs=3)
[2026-08-09 00:37:46] 2026-08-09 00:37:46 | INFO     | KDClient 6 round 2 completed (acc=0.8475, n=300)
[2026-08-09 00:37:46] 2026-08-09 00:37:46 | INFO     | KDClient 7 fit round 2 (tier=medium)
[2026-08-09 00:37:46] 2026-08-09 00:37:46 | INFO     | KDClient 7 round 2 public KD (epochs=2)
[2026-08-09 00:38:28] 2026-08-09 00:38:28 | INFO     | KDClient 7 round 2 local training (epochs=3)
[2026-08-09 00:39:03] 2026-08-09 00:39:03 | INFO     | KDClient 7 round 2 completed (acc=0.8691, n=300)
[2026-08-09 00:39:03] 2026-08-09 00:39:03 | INFO     | KDClient 8 fit round 2 (tier=medium)
[2026-08-09 00:39:03] 2026-08-09 00:39:03 | INFO     | KDClient 8 round 2 public KD (epochs=2)
[2026-08-09 00:39:45] 2026-08-09 00:39:45 | INFO     | KDClient 8 round 2 local training (epochs=3)
[2026-08-09 00:40:33] 2026-08-09 00:40:33 | INFO     | KDClient 8 round 2 completed (acc=0.8926, n=300)
[2026-08-09 00:40:33] 2026-08-09 00:40:33 | INFO     | KDClient 9 fit round 2 (tier=medium)
[2026-08-09 00:40:33] 2026-08-09 00:40:33 | INFO     | KDClient 9 round 2 public KD (epochs=2)
[2026-08-09 00:41:24] 2026-08-09 00:41:24 | INFO     | KDClient 9 round 2 local training (epochs=3)
[2026-08-09 00:42:10] 2026-08-09 00:42:10 | INFO     | KDClient 9 round 2 completed (acc=0.8513, n=300)
[2026-08-09 00:42:10] 2026-08-09 00:42:10 | INFO     | KDClient 10 fit round 2 (tier=medium)
[2026-08-09 00:42:10] 2026-08-09 00:42:10 | INFO     | KDClient 10 round 2 public KD (epochs=2)
[2026-08-09 00:42:55] 2026-08-09 00:42:55 | INFO     | KDClient 10 round 2 local training (epochs=3)
[2026-08-09 00:43:43] 2026-08-09 00:43:43 | INFO     | KDClient 10 round 2 completed (acc=0.8575, n=300)
[2026-08-09 00:43:43] 2026-08-09 00:43:43 | INFO     | KDClient 11 fit round 2 (tier=medium)
[2026-08-09 00:43:43] 2026-08-09 00:43:43 | INFO     | KDClient 11 round 2 public KD (epochs=2)
[2026-08-09 00:44:36] 2026-08-09 00:44:36 | INFO     | KDClient 11 round 2 local training (epochs=3)
[2026-08-09 00:45:26] 2026-08-09 00:45:26 | INFO     | KDClient 11 round 2 completed (acc=0.8949, n=300)
[2026-08-09 00:45:26] 2026-08-09 00:45:26 | INFO     | KDClient 12 fit round 2 (tier=medium)
[2026-08-09 00:45:26] 2026-08-09 00:45:26 | INFO     | KDClient 12 round 2 public KD (epochs=2)
[2026-08-09 00:46:15] 2026-08-09 00:46:15 | INFO     | KDClient 12 round 2 local training (epochs=3)
[2026-08-09 00:47:04] 2026-08-09 00:47:04 | INFO     | KDClient 12 round 2 completed (acc=0.8373, n=300)
[2026-08-09 00:47:04] 2026-08-09 00:47:04 | INFO     | KDClient 13 fit round 2 (tier=medium)
[2026-08-09 00:47:04] 2026-08-09 00:47:04 | INFO     | KDClient 13 round 2 public KD (epochs=2)
[2026-08-09 00:47:43] 2026-08-09 00:47:43 | INFO     | KDClient 13 round 2 local training (epochs=3)
[2026-08-09 00:48:15] 2026-08-09 00:48:15 | INFO     | KDClient 13 round 2 completed (acc=0.8663, n=300)
[2026-08-09 00:48:15] 2026-08-09 00:48:15 | INFO     | KDClient 14 fit round 2 (tier=large)
[2026-08-09 00:48:15] 2026-08-09 00:48:15 | INFO     | KDClient 14 round 2 public KD (epochs=2)
[2026-08-09 00:49:06] 2026-08-09 00:49:06 | INFO     | KDClient 14 round 2 local training (epochs=3)
[2026-08-09 00:49:58] 2026-08-09 00:49:58 | INFO     | KDClient 14 round 2 completed (acc=0.8534, n=300)
[2026-08-09 00:49:58] 2026-08-09 00:49:58 | INFO     | KDClient 15 fit round 2 (tier=large)
[2026-08-09 00:49:58] 2026-08-09 00:49:58 | INFO     | KDClient 15 round 2 public KD (epochs=2)
[2026-08-09 00:51:14] 2026-08-09 00:51:14 | INFO     | KDClient 15 round 2 local training (epochs=3)
[2026-08-09 00:52:11] 2026-08-09 00:52:11 | INFO     | KDClient 15 round 2 completed (acc=0.8727, n=300)
[2026-08-09 00:52:11] 2026-08-09 00:52:11 | INFO     | KDClient 16 fit round 2 (tier=large)
[2026-08-09 00:52:11] 2026-08-09 00:52:11 | INFO     | KDClient 16 round 2 public KD (epochs=2)
[2026-08-09 00:53:38] 2026-08-09 00:53:38 | INFO     | KDClient 16 round 2 local training (epochs=3)
[2026-08-09 00:54:42] 2026-08-09 00:54:42 | INFO     | KDClient 16 round 2 completed (acc=0.8730, n=300)
[2026-08-09 00:54:42] 2026-08-09 00:54:42 | INFO     | KDClient 17 fit round 2 (tier=large)
[2026-08-09 00:54:42] 2026-08-09 00:54:42 | INFO     | KDClient 17 round 2 public KD (epochs=2)
[2026-08-09 00:55:51] 2026-08-09 00:55:51 | INFO     | KDClient 17 round 2 local training (epochs=3)
[2026-08-09 00:57:06] 2026-08-09 00:57:06 | INFO     | KDClient 17 round 2 completed (acc=0.8622, n=300)
[2026-08-09 00:57:06] 2026-08-09 00:57:06 | INFO     | KDClient 18 fit round 2 (tier=large)
[2026-08-09 00:57:06] 2026-08-09 00:57:06 | INFO     | KDClient 18 round 2 public KD (epochs=2)
[2026-08-09 00:58:25] 2026-08-09 00:58:25 | INFO     | KDClient 18 round 2 local training (epochs=3)
[2026-08-09 00:59:15] 2026-08-09 00:59:15 | INFO     | KDClient 18 round 2 completed (acc=0.8536, n=300)
[2026-08-09 00:59:15] 2026-08-09 00:59:15 | INFO     | KDClient 19 fit round 2 (tier=large)
[2026-08-09 00:59:15] 2026-08-09 00:59:15 | INFO     | KDClient 19 round 2 public KD (epochs=2)
[2026-08-09 01:00:06] 2026-08-09 01:00:06 | INFO     | KDClient 19 round 2 local training (epochs=3)
[2026-08-09 01:00:51] 2026-08-09 01:00:51 | INFO     | KDClient 19 round 2 completed (acc=0.8264, n=300)
[2026-08-09 01:00:51]   Round   2/40 | Avg: 0.8526 | Min: 0.8096 | Max: 0.8949
[2026-08-09 01:00:51] 2026-08-09 01:00:51 | INFO     | FEDAKD — IID: round 3/40 starting
[2026-08-09 01:00:51] 2026-08-09 01:00:51 | INFO     | KDClient 0 fit round 3 (tier=small)
[2026-08-09 01:00:51] 2026-08-09 01:00:51 | INFO     | KDClient 0 round 3 public KD (epochs=2)
[2026-08-09 01:01:01] 2026-08-09 01:01:01 | INFO     | KDClient 0 round 3 local training (epochs=3)
[2026-08-09 01:01:16] 2026-08-09 01:01:16 | INFO     | KDClient 0 round 3 completed (acc=0.8273, n=300)
[2026-08-09 01:01:16] 2026-08-09 01:01:16 | INFO     | KDClient 1 fit round 3 (tier=small)
[2026-08-09 01:01:16] 2026-08-09 01:01:16 | INFO     | KDClient 1 round 3 public KD (epochs=2)
[2026-08-09 01:01:27] 2026-08-09 01:01:27 | INFO     | KDClient 1 round 3 local training (epochs=3)
[2026-08-09 01:01:45] 2026-08-09 01:01:45 | INFO     | KDClient 1 round 3 completed (acc=0.8309, n=300)
[2026-08-09 01:01:45] 2026-08-09 01:01:45 | INFO     | KDClient 2 fit round 3 (tier=small)
[2026-08-09 01:01:45] 2026-08-09 01:01:45 | INFO     | KDClient 2 round 3 public KD (epochs=2)
[2026-08-09 01:01:57] 2026-08-09 01:01:57 | INFO     | KDClient 2 round 3 local training (epochs=3)
[2026-08-09 01:02:12] 2026-08-09 01:02:12 | INFO     | KDClient 2 round 3 completed (acc=0.8499, n=300)
[2026-08-09 01:02:12] 2026-08-09 01:02:12 | INFO     | KDClient 3 fit round 3 (tier=small)
[2026-08-09 01:02:12] 2026-08-09 01:02:12 | INFO     | KDClient 3 round 3 public KD (epochs=2)
[2026-08-09 01:02:24] 2026-08-09 01:02:24 | INFO     | KDClient 3 round 3 local training (epochs=3)
[2026-08-09 01:02:39] 2026-08-09 01:02:39 | INFO     | KDClient 3 round 3 completed (acc=0.8308, n=300)
[2026-08-09 01:02:39] 2026-08-09 01:02:39 | INFO     | KDClient 4 fit round 3 (tier=small)
[2026-08-09 01:02:39] 2026-08-09 01:02:39 | INFO     | KDClient 4 round 3 public KD (epochs=2)
[2026-08-09 01:02:51] 2026-08-09 01:02:51 | INFO     | KDClient 4 round 3 local training (epochs=3)
[2026-08-09 01:03:13] 2026-08-09 01:03:13 | INFO     | KDClient 4 round 3 completed (acc=0.8357, n=300)
[2026-08-09 01:03:13] 2026-08-09 01:03:13 | INFO     | KDClient 5 fit round 3 (tier=small)
[2026-08-09 01:03:13] 2026-08-09 01:03:13 | INFO     | KDClient 5 round 3 public KD (epochs=2)
[2026-08-09 01:03:25] 2026-08-09 01:03:25 | INFO     | KDClient 5 round 3 local training (epochs=3)
[2026-08-09 01:03:40] 2026-08-09 01:03:40 | INFO     | KDClient 5 round 3 completed (acc=0.8053, n=300)
[2026-08-09 01:03:40] 2026-08-09 01:03:40 | INFO     | KDClient 6 fit round 3 (tier=small)
[2026-08-09 01:03:40] 2026-08-09 01:03:40 | INFO     | KDClient 6 round 3 public KD (epochs=2)
[2026-08-09 01:03:50] 2026-08-09 01:03:50 | INFO     | KDClient 6 round 3 local training (epochs=3)
[2026-08-09 01:04:07] 2026-08-09 01:04:07 | INFO     | KDClient 6 round 3 completed (acc=0.8462, n=300)
[2026-08-09 01:04:07] 2026-08-09 01:04:07 | INFO     | KDClient 7 fit round 3 (tier=medium)
[2026-08-09 01:04:07] 2026-08-09 01:04:07 | INFO     | KDClient 7 round 3 public KD (epochs=2)
[2026-08-09 01:04:39] 2026-08-09 01:04:39 | INFO     | KDClient 7 round 3 local training (epochs=3)
[2026-08-09 01:05:27] 2026-08-09 01:05:27 | INFO     | KDClient 7 round 3 completed (acc=0.8749, n=300)
[2026-08-09 01:05:27] 2026-08-09 01:05:27 | INFO     | KDClient 8 fit round 3 (tier=medium)
[2026-08-09 01:05:27] 2026-08-09 01:05:27 | INFO     | KDClient 8 round 3 public KD (epochs=2)
[2026-08-09 01:06:04] 2026-08-09 01:06:04 | INFO     | KDClient 8 round 3 local training (epochs=3)
[2026-08-09 01:06:36] 2026-08-09 01:06:36 | INFO     | KDClient 8 round 3 completed (acc=0.8900, n=300)
[2026-08-09 01:06:36] 2026-08-09 01:06:36 | INFO     | KDClient 9 fit round 3 (tier=medium)
[2026-08-09 01:06:36] 2026-08-09 01:06:36 | INFO     | KDClient 9 round 3 public KD (epochs=2)
[2026-08-09 01:07:07] 2026-08-09 01:07:07 | INFO     | KDClient 9 round 3 local training (epochs=3)
[2026-08-09 01:07:39] 2026-08-09 01:07:39 | INFO     | KDClient 9 round 3 completed (acc=0.8929, n=300)
[2026-08-09 01:07:39] 2026-08-09 01:07:39 | INFO     | KDClient 10 fit round 3 (tier=medium)
[2026-08-09 01:07:39] 2026-08-09 01:07:39 | INFO     | KDClient 10 round 3 public KD (epochs=2)
[2026-08-09 01:08:17] 2026-08-09 01:08:17 | INFO     | KDClient 10 round 3 local training (epochs=3)
[2026-08-09 01:08:56] 2026-08-09 01:08:56 | INFO     | KDClient 10 round 3 completed (acc=0.8767, n=300)
[2026-08-09 01:08:56] 2026-08-09 01:08:56 | INFO     | KDClient 11 fit round 3 (tier=medium)
[2026-08-09 01:08:56] 2026-08-09 01:08:56 | INFO     | KDClient 11 round 3 public KD (epochs=2)
[2026-08-09 01:09:32] 2026-08-09 01:09:32 | INFO     | KDClient 11 round 3 local training (epochs=3)
[2026-08-09 01:10:15] 2026-08-09 01:10:15 | INFO     | KDClient 11 round 3 completed (acc=0.8872, n=300)
[2026-08-09 01:10:15] 2026-08-09 01:10:15 | INFO     | KDClient 12 fit round 3 (tier=medium)
[2026-08-09 01:10:15] 2026-08-09 01:10:15 | INFO     | KDClient 12 round 3 public KD (epochs=2)
[2026-08-09 01:10:49] 2026-08-09 01:10:49 | INFO     | KDClient 12 round 3 local training (epochs=3)
[2026-08-09 01:11:17] 2026-08-09 01:11:17 | INFO     | KDClient 12 round 3 completed (acc=0.8686, n=300)
[2026-08-09 01:11:17] 2026-08-09 01:11:17 | INFO     | KDClient 13 fit round 3 (tier=medium)
[2026-08-09 01:11:17] 2026-08-09 01:11:17 | INFO     | KDClient 13 round 3 public KD (epochs=2)
[2026-08-09 01:11:50] 2026-08-09 01:11:50 | INFO     | KDClient 13 round 3 local training (epochs=3)
[2026-08-09 01:12:21] 2026-08-09 01:12:21 | INFO     | KDClient 13 round 3 completed (acc=0.8893, n=300)
[2026-08-09 01:12:21] 2026-08-09 01:12:21 | INFO     | KDClient 14 fit round 3 (tier=large)
[2026-08-09 01:12:21] 2026-08-09 01:12:21 | INFO     | KDClient 14 round 3 public KD (epochs=2)
[2026-08-09 01:13:11] 2026-08-09 01:13:11 | INFO     | KDClient 14 round 3 local training (epochs=3)
[2026-08-09 01:14:02] 2026-08-09 01:14:02 | INFO     | KDClient 14 round 3 completed (acc=0.8702, n=300)
[2026-08-09 01:14:02] 2026-08-09 01:14:02 | INFO     | KDClient 15 fit round 3 (tier=large)
[2026-08-09 01:14:02] 2026-08-09 01:14:02 | INFO     | KDClient 15 round 3 public KD (epochs=2)
[2026-08-09 01:15:08] 2026-08-09 01:15:08 | INFO     | KDClient 15 round 3 local training (epochs=3)
[2026-08-09 01:16:08] 2026-08-09 01:16:08 | INFO     | KDClient 15 round 3 completed (acc=0.8698, n=300)
[2026-08-09 01:16:08] 2026-08-09 01:16:08 | INFO     | KDClient 16 fit round 3 (tier=large)
[2026-08-09 01:16:08] 2026-08-09 01:16:08 | INFO     | KDClient 16 round 3 public KD (epochs=2)
[2026-08-09 01:16:52] 2026-08-09 01:16:52 | INFO     | KDClient 16 round 3 local training (epochs=3)
[2026-08-09 01:17:38] 2026-08-09 01:17:38 | INFO     | KDClient 16 round 3 completed (acc=0.8939, n=300)
[2026-08-09 01:17:38] 2026-08-09 01:17:38 | INFO     | KDClient 17 fit round 3 (tier=large)
[2026-08-09 01:17:38] 2026-08-09 01:17:38 | INFO     | KDClient 17 round 3 public KD (epochs=2)
[2026-08-09 01:18:25] 2026-08-09 01:18:25 | INFO     | KDClient 17 round 3 local training (epochs=3)
[2026-08-09 01:19:16] 2026-08-09 01:19:16 | INFO     | KDClient 17 round 3 completed (acc=0.8738, n=300)
[2026-08-09 01:19:16] 2026-08-09 01:19:16 | INFO     | KDClient 18 fit round 3 (tier=large)
[2026-08-09 01:19:16] 2026-08-09 01:19:16 | INFO     | KDClient 18 round 3 public KD (epochs=2)
[2026-08-09 01:20:18] 2026-08-09 01:20:18 | INFO     | KDClient 18 round 3 local training (epochs=3)
[2026-08-09 01:21:12] 2026-08-09 01:21:12 | INFO     | KDClient 18 round 3 completed (acc=0.8968, n=300)
[2026-08-09 01:21:12] 2026-08-09 01:21:12 | INFO     | KDClient 19 fit round 3 (tier=large)
[2026-08-09 01:21:12] 2026-08-09 01:21:12 | INFO     | KDClient 19 round 3 public KD (epochs=2)
[2026-08-09 01:21:58] 2026-08-09 01:21:58 | INFO     | KDClient 19 round 3 local training (epochs=3)
[2026-08-09 01:22:45] 2026-08-09 01:22:45 | INFO     | KDClient 19 round 3 completed (acc=0.8857, n=300)
[2026-08-09 01:22:45]   Round   3/40 | Avg: 0.8648 | Min: 0.8053 | Max: 0.8968
[2026-08-09 01:22:45] 2026-08-09 01:22:45 | INFO     | FEDAKD — IID: round 4/40 starting
[2026-08-09 01:22:45] 2026-08-09 01:22:45 | INFO     | KDClient 0 fit round 4 (tier=small)
[2026-08-09 01:22:45] 2026-08-09 01:22:45 | INFO     | KDClient 0 round 4 public KD (epochs=2)
[2026-08-09 01:22:56] 2026-08-09 01:22:56 | INFO     | KDClient 0 round 4 local training (epochs=3)
[2026-08-09 01:23:16] 2026-08-09 01:23:16 | INFO     | KDClient 0 round 4 completed (acc=0.8470, n=300)
[2026-08-09 01:23:16] 2026-08-09 01:23:16 | INFO     | KDClient 1 fit round 4 (tier=small)
[2026-08-09 01:23:16] 2026-08-09 01:23:16 | INFO     | KDClient 1 round 4 public KD (epochs=2)
[2026-08-09 01:23:26] 2026-08-09 01:23:26 | INFO     | KDClient 1 round 4 local training (epochs=3)
[2026-08-09 01:23:52] 2026-08-09 01:23:52 | INFO     | KDClient 1 round 4 completed (acc=0.8510, n=300)
[2026-08-09 01:23:52] 2026-08-09 01:23:52 | INFO     | KDClient 2 fit round 4 (tier=small)
[2026-08-09 01:23:52] 2026-08-09 01:23:52 | INFO     | KDClient 2 round 4 public KD (epochs=2)
[2026-08-09 01:24:11] 2026-08-09 01:24:11 | INFO     | KDClient 2 round 4 local training (epochs=3)
[2026-08-09 01:24:41] 2026-08-09 01:24:41 | INFO     | KDClient 2 round 4 completed (acc=0.8621, n=300)
[2026-08-09 01:24:41] 2026-08-09 01:24:41 | INFO     | KDClient 3 fit round 4 (tier=small)
[2026-08-09 01:24:41] 2026-08-09 01:24:41 | INFO     | KDClient 3 round 4 public KD (epochs=2)
[2026-08-09 01:24:58] 2026-08-09 01:24:57 | INFO     | KDClient 3 round 4 local training (epochs=3)
[2026-08-09 01:25:25] 2026-08-09 01:25:25 | INFO     | KDClient 3 round 4 completed (acc=0.8374, n=300)
[2026-08-09 01:25:25] 2026-08-09 01:25:25 | INFO     | KDClient 4 fit round 4 (tier=small)
[2026-08-09 01:25:25] 2026-08-09 01:25:25 | INFO     | KDClient 4 round 4 public KD (epochs=2)
[2026-08-09 01:25:43] 2026-08-09 01:25:43 | INFO     | KDClient 4 round 4 local training (epochs=3)
[2026-08-09 01:25:58] 2026-08-09 01:25:58 | INFO     | KDClient 4 round 4 completed (acc=0.8464, n=300)
[2026-08-09 01:25:58] 2026-08-09 01:25:58 | INFO     | KDClient 5 fit round 4 (tier=small)
[2026-08-09 01:25:58] 2026-08-09 01:25:58 | INFO     | KDClient 5 round 4 public KD (epochs=2)
[2026-08-09 01:26:16] 2026-08-09 01:26:16 | INFO     | KDClient 5 round 4 local training (epochs=3)
[2026-08-09 01:26:36] 2026-08-09 01:26:36 | INFO     | KDClient 5 round 4 completed (acc=0.8340, n=300)
[2026-08-09 01:26:36] 2026-08-09 01:26:36 | INFO     | KDClient 6 fit round 4 (tier=small)
[2026-08-09 01:26:36] 2026-08-09 01:26:36 | INFO     | KDClient 6 round 4 public KD (epochs=2)
[2026-08-09 01:26:54] 2026-08-09 01:26:54 | INFO     | KDClient 6 round 4 local training (epochs=3)
[2026-08-09 01:27:15] 2026-08-09 01:27:15 | INFO     | KDClient 6 round 4 completed (acc=0.8543, n=300)
[2026-08-09 01:27:15] 2026-08-09 01:27:15 | INFO     | KDClient 7 fit round 4 (tier=medium)
[2026-08-09 01:27:15] 2026-08-09 01:27:15 | INFO     | KDClient 7 round 4 public KD (epochs=2)
[2026-08-09 01:27:58] 2026-08-09 01:27:58 | INFO     | KDClient 7 round 4 local training (epochs=3)
[2026-08-09 01:28:43] 2026-08-09 01:28:43 | INFO     | KDClient 7 round 4 completed (acc=0.8958, n=300)
[2026-08-09 01:28:43] 2026-08-09 01:28:43 | INFO     | KDClient 8 fit round 4 (tier=medium)
[2026-08-09 01:28:43] 2026-08-09 01:28:43 | INFO     | KDClient 8 round 4 public KD (epochs=2)
[2026-08-09 01:29:28] 2026-08-09 01:29:28 | INFO     | KDClient 8 round 4 local training (epochs=3)
[2026-08-09 01:30:16] 2026-08-09 01:30:16 | INFO     | KDClient 8 round 4 completed (acc=0.9044, n=300)
[2026-08-09 01:30:16] 2026-08-09 01:30:16 | INFO     | KDClient 9 fit round 4 (tier=medium)
[2026-08-09 01:30:16] 2026-08-09 01:30:16 | INFO     | KDClient 9 round 4 public KD (epochs=2)
[2026-08-09 01:31:15] 2026-08-09 01:31:15 | INFO     | KDClient 9 round 4 local training (epochs=3)
[2026-08-09 01:32:06] 2026-08-09 01:32:06 | INFO     | KDClient 9 round 4 completed (acc=0.8960, n=300)
[2026-08-09 01:32:06] 2026-08-09 01:32:06 | INFO     | KDClient 10 fit round 4 (tier=medium)
[2026-08-09 01:32:06] 2026-08-09 01:32:06 | INFO     | KDClient 10 round 4 public KD (epochs=2)
[2026-08-09 01:32:42] 2026-08-09 01:32:42 | INFO     | KDClient 10 round 4 local training (epochs=3)
[2026-08-09 01:33:21] 2026-08-09 01:33:21 | INFO     | KDClient 10 round 4 completed (acc=0.9021, n=300)
[2026-08-09 01:33:21] 2026-08-09 01:33:21 | INFO     | KDClient 11 fit round 4 (tier=medium)
[2026-08-09 01:33:21] 2026-08-09 01:33:21 | INFO     | KDClient 11 round 4 public KD (epochs=2)
[2026-08-09 01:33:55] 2026-08-09 01:33:55 | INFO     | KDClient 11 round 4 local training (epochs=3)
[2026-08-09 01:34:32] 2026-08-09 01:34:32 | INFO     | KDClient 11 round 4 completed (acc=0.9088, n=300)
[2026-08-09 01:34:32] 2026-08-09 01:34:32 | INFO     | KDClient 12 fit round 4 (tier=medium)
[2026-08-09 01:34:32] 2026-08-09 01:34:32 | INFO     | KDClient 12 round 4 public KD (epochs=2)
[2026-08-09 01:35:08] 2026-08-09 01:35:08 | INFO     | KDClient 12 round 4 local training (epochs=3)
[2026-08-09 01:35:51] 2026-08-09 01:35:51 | INFO     | KDClient 12 round 4 completed (acc=0.9025, n=300)
[2026-08-09 01:35:51] 2026-08-09 01:35:51 | INFO     | KDClient 13 fit round 4 (tier=medium)
[2026-08-09 01:35:51] 2026-08-09 01:35:51 | INFO     | KDClient 13 round 4 public KD (epochs=2)
[2026-08-09 01:36:26] 2026-08-09 01:36:26 | INFO     | KDClient 13 round 4 local training (epochs=3)
[2026-08-09 01:37:04] 2026-08-09 01:37:04 | INFO     | KDClient 13 round 4 completed (acc=0.9036, n=300)
[2026-08-09 01:37:04] 2026-08-09 01:37:04 | INFO     | KDClient 14 fit round 4 (tier=large)
[2026-08-09 01:37:04] 2026-08-09 01:37:04 | INFO     | KDClient 14 round 4 public KD (epochs=2)
[2026-08-09 01:37:52] 2026-08-09 01:37:52 | INFO     | KDClient 14 round 4 local training (epochs=3)
[2026-08-09 01:38:42] 2026-08-09 01:38:42 | INFO     | KDClient 14 round 4 completed (acc=0.9037, n=300)
[2026-08-09 01:38:42] 2026-08-09 01:38:42 | INFO     | KDClient 15 fit round 4 (tier=large)
[2026-08-09 01:38:42] 2026-08-09 01:38:42 | INFO     | KDClient 15 round 4 public KD (epochs=2)
[2026-08-09 01:39:27] 2026-08-09 01:39:27 | INFO     | KDClient 15 round 4 local training (epochs=3)
[2026-08-09 01:40:18] 2026-08-09 01:40:18 | INFO     | KDClient 15 round 4 completed (acc=0.9009, n=300)
[2026-08-09 01:40:18] 2026-08-09 01:40:18 | INFO     | KDClient 16 fit round 4 (tier=large)
[2026-08-09 01:40:18] 2026-08-09 01:40:18 | INFO     | KDClient 16 round 4 public KD (epochs=2)
[2026-08-09 01:41:09] 2026-08-09 01:41:09 | INFO     | KDClient 16 round 4 local training (epochs=3)
[2026-08-09 01:41:58] 2026-08-09 01:41:58 | INFO     | KDClient 16 round 4 completed (acc=0.9043, n=300)
[2026-08-09 01:41:58] 2026-08-09 01:41:58 | INFO     | KDClient 17 fit round 4 (tier=large)
[2026-08-09 01:41:58] 2026-08-09 01:41:58 | INFO     | KDClient 17 round 4 public KD (epochs=2)
[2026-08-09 01:42:47] 2026-08-09 01:42:47 | INFO     | KDClient 17 round 4 local training (epochs=3)
[2026-08-09 01:43:50] 2026-08-09 01:43:50 | INFO     | KDClient 17 round 4 completed (acc=0.8854, n=300)
[2026-08-09 01:43:50] 2026-08-09 01:43:50 | INFO     | KDClient 18 fit round 4 (tier=large)
[2026-08-09 01:43:50] 2026-08-09 01:43:50 | INFO     | KDClient 18 round 4 public KD (epochs=2)
[2026-08-09 01:44:42] 2026-08-09 01:44:42 | INFO     | KDClient 18 round 4 local training (epochs=3)
[2026-08-09 01:45:34] 2026-08-09 01:45:34 | INFO     | KDClient 18 round 4 completed (acc=0.9163, n=300)
[2026-08-09 01:45:34] 2026-08-09 01:45:34 | INFO     | KDClient 19 fit round 4 (tier=large)
[2026-08-09 01:45:34] 2026-08-09 01:45:34 | INFO     | KDClient 19 round 4 public KD (epochs=2)
[2026-08-09 01:46:43] 2026-08-09 01:46:43 | INFO     | KDClient 19 round 4 local training (epochs=3)
[2026-08-09 01:47:31] 2026-08-09 01:47:31 | INFO     | KDClient 19 round 4 completed (acc=0.8982, n=300)
[2026-08-09 01:47:31]   Round   4/40 | Avg: 0.8827 | Min: 0.8340 | Max: 0.9163
[2026-08-09 01:47:31] 2026-08-09 01:47:31 | INFO     | FEDAKD — IID: round 5/40 starting
[2026-08-09 01:47:31] 2026-08-09 01:47:31 | INFO     | KDClient 0 fit round 5 (tier=small)
[2026-08-09 01:47:31] 2026-08-09 01:47:31 | INFO     | KDClient 0 round 5 public KD (epochs=2)
[2026-08-09 01:47:41] 2026-08-09 01:47:41 | INFO     | KDClient 0 round 5 local training (epochs=3)
[2026-08-09 01:47:56] 2026-08-09 01:47:56 | INFO     | KDClient 0 round 5 completed (acc=0.8600, n=300)
[2026-08-09 01:47:56] 2026-08-09 01:47:56 | INFO     | KDClient 1 fit round 5 (tier=small)
[2026-08-09 01:47:56] 2026-08-09 01:47:56 | INFO     | KDClient 1 round 5 public KD (epochs=2)
[2026-08-09 01:48:06] 2026-08-09 01:48:06 | INFO     | KDClient 1 round 5 local training (epochs=3)
[2026-08-09 01:48:20] 2026-08-09 01:48:20 | INFO     | KDClient 1 round 5 completed (acc=0.8622, n=300)
[2026-08-09 01:48:20] 2026-08-09 01:48:20 | INFO     | KDClient 2 fit round 5 (tier=small)
[2026-08-09 01:48:20] 2026-08-09 01:48:20 | INFO     | KDClient 2 round 5 public KD (epochs=2)
[2026-08-09 01:48:30] 2026-08-09 01:48:30 | INFO     | KDClient 2 round 5 local training (epochs=3)
[2026-08-09 01:48:44] 2026-08-09 01:48:44 | INFO     | KDClient 2 round 5 completed (acc=0.8735, n=300)
[2026-08-09 01:48:44] 2026-08-09 01:48:44 | INFO     | KDClient 3 fit round 5 (tier=small)
[2026-08-09 01:48:44] 2026-08-09 01:48:44 | INFO     | KDClient 3 round 5 public KD (epochs=2)
[2026-08-09 01:48:55] 2026-08-09 01:48:55 | INFO     | KDClient 3 round 5 local training (epochs=3)
[2026-08-09 01:49:09] 2026-08-09 01:49:09 | INFO     | KDClient 3 round 5 completed (acc=0.8645, n=300)
[2026-08-09 01:49:09] 2026-08-09 01:49:09 | INFO     | KDClient 4 fit round 5 (tier=small)
[2026-08-09 01:49:09] 2026-08-09 01:49:09 | INFO     | KDClient 4 round 5 public KD (epochs=2)
[2026-08-09 01:49:25] 2026-08-09 01:49:25 | INFO     | KDClient 4 round 5 local training (epochs=3)
[2026-08-09 01:49:40] 2026-08-09 01:49:40 | INFO     | KDClient 4 round 5 completed (acc=0.8578, n=300)
[2026-08-09 01:49:40] 2026-08-09 01:49:40 | INFO     | KDClient 5 fit round 5 (tier=small)
[2026-08-09 01:49:40] 2026-08-09 01:49:40 | INFO     | KDClient 5 round 5 public KD (epochs=2)
[2026-08-09 01:49:50] 2026-08-09 01:49:50 | INFO     | KDClient 5 round 5 local training (epochs=3)
[2026-08-09 01:50:06] 2026-08-09 01:50:06 | INFO     | KDClient 5 round 5 completed (acc=0.8399, n=300)
[2026-08-09 01:50:06] 2026-08-09 01:50:06 | INFO     | KDClient 6 fit round 5 (tier=small)
[2026-08-09 01:50:06] 2026-08-09 01:50:06 | INFO     | KDClient 6 round 5 public KD (epochs=2)
[2026-08-09 01:50:17] 2026-08-09 01:50:17 | INFO     | KDClient 6 round 5 local training (epochs=3)
[2026-08-09 01:50:41] 2026-08-09 01:50:41 | INFO     | KDClient 6 round 5 completed (acc=0.8614, n=300)
[2026-08-09 01:50:41] 2026-08-09 01:50:41 | INFO     | KDClient 7 fit round 5 (tier=medium)
[2026-08-09 01:50:41] 2026-08-09 01:50:41 | INFO     | KDClient 7 round 5 public KD (epochs=2)
[2026-08-09 01:51:24] 2026-08-09 01:51:24 | INFO     | KDClient 7 round 5 local training (epochs=3)
[2026-08-09 01:52:18] 2026-08-09 01:52:18 | INFO     | KDClient 7 round 5 completed (acc=0.8900, n=300)
[2026-08-09 01:52:18] 2026-08-09 01:52:18 | INFO     | KDClient 8 fit round 5 (tier=medium)
[2026-08-09 01:52:18] 2026-08-09 01:52:18 | INFO     | KDClient 8 round 5 public KD (epochs=2)
[2026-08-09 01:52:59] 2026-08-09 01:52:59 | INFO     | KDClient 8 round 5 local training (epochs=3)
[2026-08-09 01:53:54] 2026-08-09 01:53:54 | INFO     | KDClient 8 round 5 completed (acc=0.9118, n=300)
[2026-08-09 01:53:54] 2026-08-09 01:53:54 | INFO     | KDClient 9 fit round 5 (tier=medium)
[2026-08-09 01:53:54] 2026-08-09 01:53:54 | INFO     | KDClient 9 round 5 public KD (epochs=2)
[2026-08-09 01:54:35] 2026-08-09 01:54:35 | INFO     | KDClient 9 round 5 local training (epochs=3)
[2026-08-09 01:55:21] 2026-08-09 01:55:21 | INFO     | KDClient 9 round 5 completed (acc=0.9060, n=300)
[2026-08-09 01:55:21] 2026-08-09 01:55:21 | INFO     | KDClient 10 fit round 5 (tier=medium)
[2026-08-09 01:55:21] 2026-08-09 01:55:21 | INFO     | KDClient 10 round 5 public KD (epochs=2)
[2026-08-09 01:55:55] 2026-08-09 01:55:55 | INFO     | KDClient 10 round 5 local training (epochs=3)
[2026-08-09 01:56:40] 2026-08-09 01:56:40 | INFO     | KDClient 10 round 5 completed (acc=0.9026, n=300)
[2026-08-09 01:56:40] 2026-08-09 01:56:40 | INFO     | KDClient 11 fit round 5 (tier=medium)
[2026-08-09 01:56:40] 2026-08-09 01:56:40 | INFO     | KDClient 11 round 5 public KD (epochs=2)
[2026-08-09 01:57:20] 2026-08-09 01:57:20 | INFO     | KDClient 11 round 5 local training (epochs=3)
[2026-08-09 01:58:00] 2026-08-09 01:58:00 | INFO     | KDClient 11 round 5 completed (acc=0.9222, n=300)
[2026-08-09 01:58:00] 2026-08-09 01:58:00 | INFO     | KDClient 12 fit round 5 (tier=medium)
[2026-08-09 01:58:00] 2026-08-09 01:58:00 | INFO     | KDClient 12 round 5 public KD (epochs=2)
[2026-08-09 01:58:31] 2026-08-09 01:58:31 | INFO     | KDClient 12 round 5 local training (epochs=3)
[2026-08-09 01:59:05] 2026-08-09 01:59:05 | INFO     | KDClient 12 round 5 completed (acc=0.9018, n=300)
[2026-08-09 01:59:05] 2026-08-09 01:59:05 | INFO     | KDClient 13 fit round 5 (tier=medium)
[2026-08-09 01:59:05] 2026-08-09 01:59:05 | INFO     | KDClient 13 round 5 public KD (epochs=2)
[2026-08-09 01:59:42] 2026-08-09 01:59:42 | INFO     | KDClient 13 round 5 local training (epochs=3)
[2026-08-09 02:00:19] 2026-08-09 02:00:19 | INFO     | KDClient 13 round 5 completed (acc=0.9151, n=300)
[2026-08-09 02:00:19] 2026-08-09 02:00:19 | INFO     | KDClient 14 fit round 5 (tier=large)
[2026-08-09 02:00:19] 2026-08-09 02:00:19 | INFO     | KDClient 14 round 5 public KD (epochs=2)
[2026-08-09 02:01:08] 2026-08-09 02:01:08 | INFO     | KDClient 14 round 5 local training (epochs=3)
[2026-08-09 02:02:18] 2026-08-09 02:02:18 | INFO     | KDClient 14 round 5 completed (acc=0.9191, n=300)
[2026-08-09 02:02:18] 2026-08-09 02:02:18 | INFO     | KDClient 15 fit round 5 (tier=large)
[2026-08-09 02:02:18] 2026-08-09 02:02:18 | INFO     | KDClient 15 round 5 public KD (epochs=2)
[2026-08-09 02:03:30] 2026-08-09 02:03:30 | INFO     | KDClient 15 round 5 local training (epochs=3)
[2026-08-09 02:04:42] 2026-08-09 02:04:42 | INFO     | KDClient 15 round 5 completed (acc=0.9078, n=300)
[2026-08-09 02:04:42] 2026-08-09 02:04:42 | INFO     | KDClient 16 fit round 5 (tier=large)
[2026-08-09 02:04:42] 2026-08-09 02:04:42 | INFO     | KDClient 16 round 5 public KD (epochs=2)
[2026-08-09 02:05:37] 2026-08-09 02:05:37 | INFO     | KDClient 16 round 5 local training (epochs=3)
[2026-08-09 02:06:44] 2026-08-09 02:06:44 | INFO     | KDClient 16 round 5 completed (acc=0.9090, n=300)
[2026-08-09 02:06:44] 2026-08-09 02:06:44 | INFO     | KDClient 17 fit round 5 (tier=large)
[2026-08-09 02:06:44] 2026-08-09 02:06:44 | INFO     | KDClient 17 round 5 public KD (epochs=2)
[2026-08-09 02:07:35] 2026-08-09 02:07:35 | INFO     | KDClient 17 round 5 local training (epochs=3)
[2026-08-09 02:08:24] 2026-08-09 02:08:24 | INFO     | KDClient 17 round 5 completed (acc=0.9085, n=300)
[2026-08-09 02:08:24] 2026-08-09 02:08:24 | INFO     | KDClient 18 fit round 5 (tier=large)
[2026-08-09 02:08:24] 2026-08-09 02:08:24 | INFO     | KDClient 18 round 5 public KD (epochs=2)
[2026-08-09 02:09:08] 2026-08-09 02:09:08 | INFO     | KDClient 18 round 5 local training (epochs=3)
[2026-08-09 02:09:57] 2026-08-09 02:09:57 | INFO     | KDClient 18 round 5 completed (acc=0.9208, n=300)
[2026-08-09 02:09:57] 2026-08-09 02:09:57 | INFO     | KDClient 19 fit round 5 (tier=large)
[2026-08-09 02:09:57] 2026-08-09 02:09:57 | INFO     | KDClient 19 round 5 public KD (epochs=2)
[2026-08-09 02:10:41] 2026-08-09 02:10:41 | INFO     | KDClient 19 round 5 local training (epochs=3)
[2026-08-09 02:11:39] 2026-08-09 02:11:39 | INFO     | KDClient 19 round 5 completed (acc=0.9120, n=300)
[2026-08-09 02:11:39]   Round   5/40 | Avg: 0.8923 | Min: 0.8399 | Max: 0.9222
[2026-08-09 02:11:39] 2026-08-09 02:11:39 | INFO     | FEDAKD — IID: round 6/40 starting
[2026-08-09 02:11:39] 2026-08-09 02:11:39 | INFO     | KDClient 0 fit round 6 (tier=small)
[2026-08-09 02:11:39] 2026-08-09 02:11:39 | INFO     | KDClient 0 round 6 public KD (epochs=2)
[2026-08-09 02:11:49] 2026-08-09 02:11:49 | INFO     | KDClient 0 round 6 local training (epochs=3)
[2026-08-09 02:12:02] 2026-08-09 02:12:02 | INFO     | KDClient 0 round 6 completed (acc=0.8617, n=300)
[2026-08-09 02:12:02] 2026-08-09 02:12:02 | INFO     | KDClient 1 fit round 6 (tier=small)
[2026-08-09 02:12:02] 2026-08-09 02:12:02 | INFO     | KDClient 1 round 6 public KD (epochs=2)
[2026-08-09 02:12:13] 2026-08-09 02:12:13 | INFO     | KDClient 1 round 6 local training (epochs=3)
[2026-08-09 02:12:26] 2026-08-09 02:12:25 | INFO     | KDClient 1 round 6 completed (acc=0.8706, n=300)
[2026-08-09 02:12:26] 2026-08-09 02:12:25 | INFO     | KDClient 2 fit round 6 (tier=small)
[2026-08-09 02:12:26] 2026-08-09 02:12:25 | INFO     | KDClient 2 round 6 public KD (epochs=2)
[2026-08-09 02:12:35] 2026-08-09 02:12:35 | INFO     | KDClient 2 round 6 local training (epochs=3)
[2026-08-09 02:12:49] 2026-08-09 02:12:49 | INFO     | KDClient 2 round 6 completed (acc=0.8783, n=300)
[2026-08-09 02:12:49] 2026-08-09 02:12:49 | INFO     | KDClient 3 fit round 6 (tier=small)
[2026-08-09 02:12:49] 2026-08-09 02:12:49 | INFO     | KDClient 3 round 6 public KD (epochs=2)
[2026-08-09 02:12:57] 2026-08-09 02:12:57 | INFO     | KDClient 3 round 6 local training (epochs=3)
[2026-08-09 02:13:13] 2026-08-09 02:13:13 | INFO     | KDClient 3 round 6 completed (acc=0.8669, n=300)
[2026-08-09 02:13:13] 2026-08-09 02:13:13 | INFO     | KDClient 4 fit round 6 (tier=small)
[2026-08-09 02:13:13] 2026-08-09 02:13:13 | INFO     | KDClient 4 round 6 public KD (epochs=2)
[2026-08-09 02:13:23] 2026-08-09 02:13:23 | INFO     | KDClient 4 round 6 local training (epochs=3)
[2026-08-09 02:13:38] 2026-08-09 02:13:38 | INFO     | KDClient 4 round 6 completed (acc=0.8462, n=300)
[2026-08-09 02:13:38] 2026-08-09 02:13:38 | INFO     | KDClient 5 fit round 6 (tier=small)
[2026-08-09 02:13:38] 2026-08-09 02:13:38 | INFO     | KDClient 5 round 6 public KD (epochs=2)
[2026-08-09 02:13:48] 2026-08-09 02:13:48 | INFO     | KDClient 5 round 6 local training (epochs=3)
[2026-08-09 02:14:01] 2026-08-09 02:14:01 | INFO     | KDClient 5 round 6 completed (acc=0.8554, n=300)
[2026-08-09 02:14:01] 2026-08-09 02:14:01 | INFO     | KDClient 6 fit round 6 (tier=small)
[2026-08-09 02:14:01] 2026-08-09 02:14:01 | INFO     | KDClient 6 round 6 public KD (epochs=2)
[2026-08-09 02:14:11] 2026-08-09 02:14:11 | INFO     | KDClient 6 round 6 local training (epochs=3)
[2026-08-09 02:14:24] 2026-08-09 02:14:24 | INFO     | KDClient 6 round 6 completed (acc=0.8753, n=300)
[2026-08-09 02:14:24] 2026-08-09 02:14:24 | INFO     | KDClient 7 fit round 6 (tier=medium)
[2026-08-09 02:14:24] 2026-08-09 02:14:24 | INFO     | KDClient 7 round 6 public KD (epochs=2)
[2026-08-09 02:14:57] 2026-08-09 02:14:57 | INFO     | KDClient 7 round 6 local training (epochs=3)
[2026-08-09 02:15:32] 2026-08-09 02:15:32 | INFO     | KDClient 7 round 6 completed (acc=0.9101, n=300)
[2026-08-09 02:15:32] 2026-08-09 02:15:32 | INFO     | KDClient 8 fit round 6 (tier=medium)
[2026-08-09 02:15:32] 2026-08-09 02:15:32 | INFO     | KDClient 8 round 6 public KD (epochs=2)
[2026-08-09 02:16:03] 2026-08-09 02:16:03 | INFO     | KDClient 8 round 6 local training (epochs=3)
[2026-08-09 02:16:42] 2026-08-09 02:16:42 | INFO     | KDClient 8 round 6 completed (acc=0.9060, n=300)
[2026-08-09 02:16:42] 2026-08-09 02:16:42 | INFO     | KDClient 9 fit round 6 (tier=medium)
[2026-08-09 02:16:42] 2026-08-09 02:16:42 | INFO     | KDClient 9 round 6 public KD (epochs=2)
[2026-08-09 02:17:11] 2026-08-09 02:17:11 | INFO     | KDClient 9 round 6 local training (epochs=3)
[2026-08-09 02:17:49] 2026-08-09 02:17:49 | INFO     | KDClient 9 round 6 completed (acc=0.9092, n=300)
[2026-08-09 02:17:49] 2026-08-09 02:17:49 | INFO     | KDClient 10 fit round 6 (tier=medium)
[2026-08-09 02:17:49] 2026-08-09 02:17:49 | INFO     | KDClient 10 round 6 public KD (epochs=2)
[2026-08-09 02:18:23] 2026-08-09 02:18:23 | INFO     | KDClient 10 round 6 local training (epochs=3)
[2026-08-09 02:19:10] 2026-08-09 02:19:10 | INFO     | KDClient 10 round 6 completed (acc=0.9064, n=300)
[2026-08-09 02:19:10] 2026-08-09 02:19:10 | INFO     | KDClient 11 fit round 6 (tier=medium)
[2026-08-09 02:19:10] 2026-08-09 02:19:10 | INFO     | KDClient 11 round 6 public KD (epochs=2)
[2026-08-09 02:19:44] 2026-08-09 02:19:44 | INFO     | KDClient 11 round 6 local training (epochs=3)
[2026-08-09 02:20:20] 2026-08-09 02:20:20 | INFO     | KDClient 11 round 6 completed (acc=0.9194, n=300)
[2026-08-09 02:20:20] 2026-08-09 02:20:20 | INFO     | KDClient 12 fit round 6 (tier=medium)
[2026-08-09 02:20:20] 2026-08-09 02:20:20 | INFO     | KDClient 12 round 6 public KD (epochs=2)
[2026-08-09 02:20:56] 2026-08-09 02:20:56 | INFO     | KDClient 12 round 6 local training (epochs=3)
[2026-08-09 02:21:24] 2026-08-09 02:21:24 | INFO     | KDClient 12 round 6 completed (acc=0.9087, n=300)
[2026-08-09 02:21:24] 2026-08-09 02:21:24 | INFO     | KDClient 13 fit round 6 (tier=medium)
[2026-08-09 02:21:24] 2026-08-09 02:21:24 | INFO     | KDClient 13 round 6 public KD (epochs=2)
[2026-08-09 02:21:56] 2026-08-09 02:21:56 | INFO     | KDClient 13 round 6 local training (epochs=3)
[2026-08-09 02:22:26] 2026-08-09 02:22:26 | INFO     | KDClient 13 round 6 completed (acc=0.9139, n=300)
[2026-08-09 02:22:26] 2026-08-09 02:22:26 | INFO     | KDClient 14 fit round 6 (tier=large)
[2026-08-09 02:22:26] 2026-08-09 02:22:26 | INFO     | KDClient 14 round 6 public KD (epochs=2)
[2026-08-09 02:23:18] 2026-08-09 02:23:18 | INFO     | KDClient 14 round 6 local training (epochs=3)
[2026-08-09 02:24:09] 2026-08-09 02:24:09 | INFO     | KDClient 14 round 6 completed (acc=0.9206, n=300)
[2026-08-09 02:24:09] 2026-08-09 02:24:09 | INFO     | KDClient 15 fit round 6 (tier=large)
[2026-08-09 02:24:09] 2026-08-09 02:24:09 | INFO     | KDClient 15 round 6 public KD (epochs=2)
[2026-08-09 02:24:55] 2026-08-09 02:24:55 | INFO     | KDClient 15 round 6 local training (epochs=3)
[2026-08-09 02:25:40] 2026-08-09 02:25:40 | INFO     | KDClient 15 round 6 completed (acc=0.9163, n=300)
[2026-08-09 02:25:40] 2026-08-09 02:25:40 | INFO     | KDClient 16 fit round 6 (tier=large)
[2026-08-09 02:25:40] 2026-08-09 02:25:40 | INFO     | KDClient 16 round 6 public KD (epochs=2)
[2026-08-09 02:26:25] 2026-08-09 02:26:25 | INFO     | KDClient 16 round 6 local training (epochs=3)
[2026-08-09 02:27:14] 2026-08-09 02:27:14 | INFO     | KDClient 16 round 6 completed (acc=0.9092, n=300)
[2026-08-09 02:27:14] 2026-08-09 02:27:14 | INFO     | KDClient 17 fit round 6 (tier=large)
[2026-08-09 02:27:14] 2026-08-09 02:27:14 | INFO     | KDClient 17 round 6 public KD (epochs=2)
[2026-08-09 02:28:04] 2026-08-09 02:28:04 | INFO     | KDClient 17 round 6 local training (epochs=3)
[2026-08-09 02:29:11] 2026-08-09 02:29:11 | INFO     | KDClient 17 round 6 completed (acc=0.9105, n=300)
[2026-08-09 02:29:11] 2026-08-09 02:29:11 | INFO     | KDClient 18 fit round 6 (tier=large)
[2026-08-09 02:29:11] 2026-08-09 02:29:11 | INFO     | KDClient 18 round 6 public KD (epochs=2)
[2026-08-09 02:29:59] 2026-08-09 02:29:59 | INFO     | KDClient 18 round 6 local training (epochs=3)
[2026-08-09 02:30:49] 2026-08-09 02:30:49 | INFO     | KDClient 18 round 6 completed (acc=0.9197, n=300)
[2026-08-09 02:30:49] 2026-08-09 02:30:49 | INFO     | KDClient 19 fit round 6 (tier=large)
[2026-08-09 02:30:49] 2026-08-09 02:30:49 | INFO     | KDClient 19 round 6 public KD (epochs=2)
[2026-08-09 02:31:44] 2026-08-09 02:31:44 | INFO     | KDClient 19 round 6 local training (epochs=3)
[2026-08-09 02:33:03] 2026-08-09 02:33:03 | INFO     | KDClient 19 round 6 completed (acc=0.9173, n=300)
[2026-08-09 02:33:04]   Round   6/40 | Avg: 0.8961 | Min: 0.8462 | Max: 0.9206
[2026-08-09 02:33:04] 2026-08-09 02:33:04 | INFO     | FEDAKD — IID: round 7/40 starting
[2026-08-09 02:33:04] 2026-08-09 02:33:04 | INFO     | KDClient 0 fit round 7 (tier=small)
[2026-08-09 02:33:04] 2026-08-09 02:33:04 | INFO     | KDClient 0 round 7 public KD (epochs=2)
[2026-08-09 02:33:22] 2026-08-09 02:33:22 | INFO     | KDClient 0 round 7 local training (epochs=3)
[2026-08-09 02:33:49] 2026-08-09 02:33:49 | INFO     | KDClient 0 round 7 completed (acc=0.8539, n=300)
[2026-08-09 02:33:49] 2026-08-09 02:33:49 | INFO     | KDClient 1 fit round 7 (tier=small)
[2026-08-09 02:33:49] 2026-08-09 02:33:49 | INFO     | KDClient 1 round 7 public KD (epochs=2)
[2026-08-09 02:34:06] 2026-08-09 02:34:06 | INFO     | KDClient 1 round 7 local training (epochs=3)
[2026-08-09 02:34:27] 2026-08-09 02:34:27 | INFO     | KDClient 1 round 7 completed (acc=0.8628, n=300)
[2026-08-09 02:34:27] 2026-08-09 02:34:27 | INFO     | KDClient 2 fit round 7 (tier=small)
[2026-08-09 02:34:27] 2026-08-09 02:34:27 | INFO     | KDClient 2 round 7 public KD (epochs=2)
[2026-08-09 02:34:41] 2026-08-09 02:34:41 | INFO     | KDClient 2 round 7 local training (epochs=3)
[2026-08-09 02:35:03] 2026-08-09 02:35:02 | INFO     | KDClient 2 round 7 completed (acc=0.8930, n=300)
[2026-08-09 02:35:03] 2026-08-09 02:35:02 | INFO     | KDClient 3 fit round 7 (tier=small)
[2026-08-09 02:35:03] 2026-08-09 02:35:02 | INFO     | KDClient 3 round 7 public KD (epochs=2)
[2026-08-09 02:35:16] 2026-08-09 02:35:16 | INFO     | KDClient 3 round 7 local training (epochs=3)
[2026-08-09 02:35:41] 2026-08-09 02:35:41 | INFO     | KDClient 3 round 7 completed (acc=0.8623, n=300)
[2026-08-09 02:35:41] 2026-08-09 02:35:41 | INFO     | KDClient 4 fit round 7 (tier=small)
[2026-08-09 02:35:41] 2026-08-09 02:35:41 | INFO     | KDClient 4 round 7 public KD (epochs=2)
[2026-08-09 02:35:54] 2026-08-09 02:35:54 | INFO     | KDClient 4 round 7 local training (epochs=3)
[2026-08-09 02:36:20] 2026-08-09 02:36:20 | INFO     | KDClient 4 round 7 completed (acc=0.8586, n=300)
[2026-08-09 02:36:20] 2026-08-09 02:36:20 | INFO     | KDClient 5 fit round 7 (tier=small)
[2026-08-09 02:36:20] 2026-08-09 02:36:20 | INFO     | KDClient 5 round 7 public KD (epochs=2)
[2026-08-09 02:36:38] 2026-08-09 02:36:38 | INFO     | KDClient 5 round 7 local training (epochs=3)
[2026-08-09 02:36:58] 2026-08-09 02:36:58 | INFO     | KDClient 5 round 7 completed (acc=0.8387, n=300)
[2026-08-09 02:36:58] 2026-08-09 02:36:58 | INFO     | KDClient 6 fit round 7 (tier=small)
[2026-08-09 02:36:58] 2026-08-09 02:36:58 | INFO     | KDClient 6 round 7 public KD (epochs=2)
[2026-08-09 02:37:16] 2026-08-09 02:37:16 | INFO     | KDClient 6 round 7 local training (epochs=3)
[2026-08-09 02:37:46] 2026-08-09 02:37:46 | INFO     | KDClient 6 round 7 completed (acc=0.8762, n=300)
[2026-08-09 02:37:46] 2026-08-09 02:37:46 | INFO     | KDClient 7 fit round 7 (tier=medium)
[2026-08-09 02:37:46] 2026-08-09 02:37:46 | INFO     | KDClient 7 round 7 public KD (epochs=2)
[2026-08-09 02:38:27] 2026-08-09 02:38:27 | INFO     | KDClient 7 round 7 local training (epochs=3)
[2026-08-09 02:39:07] 2026-08-09 02:39:07 | INFO     | KDClient 7 round 7 completed (acc=0.9113, n=300)
[2026-08-09 02:39:07] 2026-08-09 02:39:07 | INFO     | KDClient 8 fit round 7 (tier=medium)
[2026-08-09 02:39:07] 2026-08-09 02:39:07 | INFO     | KDClient 8 round 7 public KD (epochs=2)
[2026-08-09 02:40:11] 2026-08-09 02:40:11 | INFO     | KDClient 8 round 7 local training (epochs=3)
[2026-08-09 02:40:59] 2026-08-09 02:40:59 | INFO     | KDClient 8 round 7 completed (acc=0.9055, n=300)
[2026-08-09 02:40:59] 2026-08-09 02:40:59 | INFO     | KDClient 9 fit round 7 (tier=medium)
[2026-08-09 02:40:59] 2026-08-09 02:40:59 | INFO     | KDClient 9 round 7 public KD (epochs=2)
[2026-08-09 02:41:58] 2026-08-09 02:41:58 | INFO     | KDClient 9 round 7 local training (epochs=3)
[2026-08-09 02:42:38] 2026-08-09 02:42:38 | INFO     | KDClient 9 round 7 completed (acc=0.9078, n=300)
[2026-08-09 02:42:38] 2026-08-09 02:42:38 | INFO     | KDClient 10 fit round 7 (tier=medium)
[2026-08-09 02:42:38] 2026-08-09 02:42:38 | INFO     | KDClient 10 round 7 public KD (epochs=2)
[2026-08-09 02:43:20] 2026-08-09 02:43:20 | INFO     | KDClient 10 round 7 local training (epochs=3)
[2026-08-09 02:43:58] 2026-08-09 02:43:58 | INFO     | KDClient 10 round 7 completed (acc=0.9163, n=300)
[2026-08-09 02:43:58] 2026-08-09 02:43:58 | INFO     | KDClient 11 fit round 7 (tier=medium)
[2026-08-09 02:43:58] 2026-08-09 02:43:58 | INFO     | KDClient 11 round 7 public KD (epochs=2)
[2026-08-09 02:44:36] 2026-08-09 02:44:36 | INFO     | KDClient 11 round 7 local training (epochs=3)
[2026-08-09 02:45:18] 2026-08-09 02:45:18 | INFO     | KDClient 11 round 7 completed (acc=0.9199, n=300)
[2026-08-09 02:45:18] 2026-08-09 02:45:18 | INFO     | KDClient 12 fit round 7 (tier=medium)
[2026-08-09 02:45:18] 2026-08-09 02:45:18 | INFO     | KDClient 12 round 7 public KD (epochs=2)
[2026-08-09 02:45:57] 2026-08-09 02:45:57 | INFO     | KDClient 12 round 7 local training (epochs=3)
[2026-08-09 02:46:36] 2026-08-09 02:46:36 | INFO     | KDClient 12 round 7 completed (acc=0.9129, n=300)
[2026-08-09 02:46:36] 2026-08-09 02:46:36 | INFO     | KDClient 13 fit round 7 (tier=medium)
[2026-08-09 02:46:36] 2026-08-09 02:46:36 | INFO     | KDClient 13 round 7 public KD (epochs=2)
[2026-08-09 02:47:11] 2026-08-09 02:47:11 | INFO     | KDClient 13 round 7 local training (epochs=3)
[2026-08-09 02:47:51] 2026-08-09 02:47:51 | INFO     | KDClient 13 round 7 completed (acc=0.9137, n=300)
[2026-08-09 02:47:51] 2026-08-09 02:47:51 | INFO     | KDClient 14 fit round 7 (tier=large)
[2026-08-09 02:47:51] 2026-08-09 02:47:51 | INFO     | KDClient 14 round 7 public KD (epochs=2)
[2026-08-09 02:48:59] 2026-08-09 02:48:59 | INFO     | KDClient 14 round 7 local training (epochs=3)
[2026-08-09 02:49:59] 2026-08-09 02:49:59 | INFO     | KDClient 14 round 7 completed (acc=0.9187, n=300)
[2026-08-09 02:49:59] 2026-08-09 02:49:59 | INFO     | KDClient 15 fit round 7 (tier=large)
[2026-08-09 02:49:59] 2026-08-09 02:49:59 | INFO     | KDClient 15 round 7 public KD (epochs=2)
[2026-08-09 02:51:07] 2026-08-09 02:51:07 | INFO     | KDClient 15 round 7 local training (epochs=3)
[2026-08-09 02:52:10] 2026-08-09 02:52:10 | INFO     | KDClient 15 round 7 completed (acc=0.9166, n=300)
[2026-08-09 02:52:10] 2026-08-09 02:52:10 | INFO     | KDClient 16 fit round 7 (tier=large)
[2026-08-09 02:52:10] 2026-08-09 02:52:10 | INFO     | KDClient 16 round 7 public KD (epochs=2)
[2026-08-09 02:53:20] 2026-08-09 02:53:20 | INFO     | KDClient 16 round 7 local training (epochs=3)
[2026-08-09 02:54:17] 2026-08-09 02:54:17 | INFO     | KDClient 16 round 7 completed (acc=0.9179, n=300)
[2026-08-09 02:54:17] 2026-08-09 02:54:17 | INFO     | KDClient 17 fit round 7 (tier=large)
[2026-08-09 02:54:17] 2026-08-09 02:54:17 | INFO     | KDClient 17 round 7 public KD (epochs=2)
[2026-08-09 02:55:26] 2026-08-09 02:55:26 | INFO     | KDClient 17 round 7 local training (epochs=3)
[2026-08-09 02:56:10] 2026-08-09 02:56:10 | INFO     | KDClient 17 round 7 completed (acc=0.9038, n=300)
[2026-08-09 02:56:10] 2026-08-09 02:56:10 | INFO     | KDClient 18 fit round 7 (tier=large)
[2026-08-09 02:56:10] 2026-08-09 02:56:10 | INFO     | KDClient 18 round 7 public KD (epochs=2)
[2026-08-09 02:57:19] 2026-08-09 02:57:19 | INFO     | KDClient 18 round 7 local training (epochs=3)
[2026-08-09 02:58:18] 2026-08-09 02:58:18 | INFO     | KDClient 18 round 7 completed (acc=0.9236, n=300)
[2026-08-09 02:58:18] 2026-08-09 02:58:18 | INFO     | KDClient 19 fit round 7 (tier=large)
[2026-08-09 02:58:18] 2026-08-09 02:58:18 | INFO     | KDClient 19 round 7 public KD (epochs=2)
[2026-08-09 02:59:06] 2026-08-09 02:59:06 | INFO     | KDClient 19 round 7 local training (epochs=3)
[2026-08-09 03:00:05] 2026-08-09 03:00:05 | INFO     | KDClient 19 round 7 completed (acc=0.9159, n=300)
[2026-08-09 03:00:05]   Round   7/40 | Avg: 0.8965 | Min: 0.8387 | Max: 0.9236
[2026-08-09 03:00:05] 2026-08-09 03:00:05 | INFO     | FEDAKD — IID: round 8/40 starting
[2026-08-09 03:00:05] 2026-08-09 03:00:05 | INFO     | KDClient 0 fit round 8 (tier=small)
[2026-08-09 03:00:05] 2026-08-09 03:00:05 | INFO     | KDClient 0 round 8 public KD (epochs=2)
[2026-08-09 03:00:23] 2026-08-09 03:00:23 | INFO     | KDClient 0 round 8 local training (epochs=3)
[2026-08-09 03:00:44] 2026-08-09 03:00:44 | INFO     | KDClient 0 round 8 completed (acc=0.8654, n=300)
[2026-08-09 03:00:44] 2026-08-09 03:00:44 | INFO     | KDClient 1 fit round 8 (tier=small)
[2026-08-09 03:00:44] 2026-08-09 03:00:44 | INFO     | KDClient 1 round 8 public KD (epochs=2)
[2026-08-09 03:00:58] 2026-08-09 03:00:58 | INFO     | KDClient 1 round 8 local training (epochs=3)
[2026-08-09 03:01:18] 2026-08-09 03:01:17 | INFO     | KDClient 1 round 8 completed (acc=0.8689, n=300)
[2026-08-09 03:01:18] 2026-08-09 03:01:17 | INFO     | KDClient 2 fit round 8 (tier=small)
[2026-08-09 03:01:18] 2026-08-09 03:01:17 | INFO     | KDClient 2 round 8 public KD (epochs=2)
[2026-08-09 03:01:31] 2026-08-09 03:01:31 | INFO     | KDClient 2 round 8 local training (epochs=3)
[2026-08-09 03:01:50] 2026-08-09 03:01:50 | INFO     | KDClient 2 round 8 completed (acc=0.8946, n=300)
[2026-08-09 03:01:50] 2026-08-09 03:01:50 | INFO     | KDClient 3 fit round 8 (tier=small)
[2026-08-09 03:01:50] 2026-08-09 03:01:50 | INFO     | KDClient 3 round 8 public KD (epochs=2)
[2026-08-09 03:02:07] 2026-08-09 03:02:07 | INFO     | KDClient 3 round 8 local training (epochs=3)
[2026-08-09 03:02:27] 2026-08-09 03:02:27 | INFO     | KDClient 3 round 8 completed (acc=0.8777, n=300)
[2026-08-09 03:02:27] 2026-08-09 03:02:27 | INFO     | KDClient 4 fit round 8 (tier=small)
[2026-08-09 03:02:27] 2026-08-09 03:02:27 | INFO     | KDClient 4 round 8 public KD (epochs=2)
[2026-08-09 03:02:48] 2026-08-09 03:02:48 | INFO     | KDClient 4 round 8 local training (epochs=3)
[2026-08-09 03:03:14] 2026-08-09 03:03:14 | INFO     | KDClient 4 round 8 completed (acc=0.8730, n=300)
[2026-08-09 03:03:14] 2026-08-09 03:03:14 | INFO     | KDClient 5 fit round 8 (tier=small)
[2026-08-09 03:03:14] 2026-08-09 03:03:14 | INFO     | KDClient 5 round 8 public KD (epochs=2)
[2026-08-09 03:03:32] 2026-08-09 03:03:32 | INFO     | KDClient 5 round 8 local training (epochs=3)
[2026-08-09 03:03:44] 2026-08-09 03:03:44 | INFO     | KDClient 5 round 8 completed (acc=0.8577, n=300)
[2026-08-09 03:03:44] 2026-08-09 03:03:44 | INFO     | KDClient 6 fit round 8 (tier=small)
[2026-08-09 03:03:44] 2026-08-09 03:03:44 | INFO     | KDClient 6 round 8 public KD (epochs=2)
[2026-08-09 03:03:55] 2026-08-09 03:03:55 | INFO     | KDClient 6 round 8 local training (epochs=3)
[2026-08-09 03:04:17] 2026-08-09 03:04:17 | INFO     | KDClient 6 round 8 completed (acc=0.8871, n=300)
[2026-08-09 03:04:17] 2026-08-09 03:04:17 | INFO     | KDClient 7 fit round 8 (tier=medium)
[2026-08-09 03:04:17] 2026-08-09 03:04:17 | INFO     | KDClient 7 round 8 public KD (epochs=2)
[2026-08-09 03:04:58] 2026-08-09 03:04:58 | INFO     | KDClient 7 round 8 local training (epochs=3)
[2026-08-09 03:05:45] 2026-08-09 03:05:45 | INFO     | KDClient 7 round 8 completed (acc=0.9074, n=300)
[2026-08-09 03:05:45] 2026-08-09 03:05:45 | INFO     | KDClient 8 fit round 8 (tier=medium)
[2026-08-09 03:05:45] 2026-08-09 03:05:45 | INFO     | KDClient 8 round 8 public KD (epochs=2)
[2026-08-09 03:06:25] 2026-08-09 03:06:25 | INFO     | KDClient 8 round 8 local training (epochs=3)
[2026-08-09 03:07:00] 2026-08-09 03:07:00 | INFO     | KDClient 8 round 8 completed (acc=0.9066, n=300)
[2026-08-09 03:07:00] 2026-08-09 03:07:00 | INFO     | KDClient 9 fit round 8 (tier=medium)
[2026-08-09 03:07:00] 2026-08-09 03:07:00 | INFO     | KDClient 9 round 8 public KD (epochs=2)
[2026-08-09 03:07:38] 2026-08-09 03:07:38 | INFO     | KDClient 9 round 8 local training (epochs=3)
[2026-08-09 03:08:13] 2026-08-09 03:08:13 | INFO     | KDClient 9 round 8 completed (acc=0.9103, n=300)
[2026-08-09 03:08:13] 2026-08-09 03:08:13 | INFO     | KDClient 10 fit round 8 (tier=medium)
[2026-08-09 03:08:13] 2026-08-09 03:08:13 | INFO     | KDClient 10 round 8 public KD (epochs=2)
[2026-08-09 03:08:46] 2026-08-09 03:08:46 | INFO     | KDClient 10 round 8 local training (epochs=3)
[2026-08-09 03:09:18] 2026-08-09 03:09:18 | INFO     | KDClient 10 round 8 completed (acc=0.9176, n=300)
[2026-08-09 03:09:18] 2026-08-09 03:09:18 | INFO     | KDClient 11 fit round 8 (tier=medium)
[2026-08-09 03:09:18] 2026-08-09 03:09:18 | INFO     | KDClient 11 round 8 public KD (epochs=2)
[2026-08-09 03:09:52] 2026-08-09 03:09:52 | INFO     | KDClient 11 round 8 local training (epochs=3)
[2026-08-09 03:10:36] 2026-08-09 03:10:36 | INFO     | KDClient 11 round 8 completed (acc=0.9202, n=300)
[2026-08-09 03:10:36] 2026-08-09 03:10:36 | INFO     | KDClient 12 fit round 8 (tier=medium)
[2026-08-09 03:10:36] 2026-08-09 03:10:36 | INFO     | KDClient 12 round 8 public KD (epochs=2)
[2026-08-09 03:11:14] 2026-08-09 03:11:14 | INFO     | KDClient 12 round 8 local training (epochs=3)
[2026-08-09 03:12:13] 2026-08-09 03:12:13 | INFO     | KDClient 12 round 8 completed (acc=0.9126, n=300)
[2026-08-09 03:12:13] 2026-08-09 03:12:13 | INFO     | KDClient 13 fit round 8 (tier=medium)
[2026-08-09 03:12:13] 2026-08-09 03:12:13 | INFO     | KDClient 13 round 8 public KD (epochs=2)
[2026-08-09 03:12:53] 2026-08-09 03:12:53 | INFO     | KDClient 13 round 8 local training (epochs=3)
[2026-08-09 03:13:36] 2026-08-09 03:13:36 | INFO     | KDClient 13 round 8 completed (acc=0.9220, n=300)
[2026-08-09 03:13:36] 2026-08-09 03:13:36 | INFO     | KDClient 14 fit round 8 (tier=large)
[2026-08-09 03:13:36] 2026-08-09 03:13:36 | INFO     | KDClient 14 round 8 public KD (epochs=2)
[2026-08-09 03:14:33] 2026-08-09 03:14:33 | INFO     | KDClient 14 round 8 local training (epochs=3)
[2026-08-09 03:15:43] 2026-08-09 03:15:43 | INFO     | KDClient 14 round 8 completed (acc=0.9234, n=300)
[2026-08-09 03:15:43] 2026-08-09 03:15:43 | INFO     | KDClient 15 fit round 8 (tier=large)
[2026-08-09 03:15:43] 2026-08-09 03:15:43 | INFO     | KDClient 15 round 8 public KD (epochs=2)
[2026-08-09 03:16:53] 2026-08-09 03:16:53 | INFO     | KDClient 15 round 8 local training (epochs=3)
[2026-08-09 03:18:01] 2026-08-09 03:18:01 | INFO     | KDClient 15 round 8 completed (acc=0.9213, n=300)
[2026-08-09 03:18:01] 2026-08-09 03:18:01 | INFO     | KDClient 16 fit round 8 (tier=large)
[2026-08-09 03:18:01] 2026-08-09 03:18:01 | INFO     | KDClient 16 round 8 public KD (epochs=2)
[2026-08-09 03:18:39] 2026-08-09 03:18:39 | INFO     | KDClient 16 round 8 local training (epochs=3)
[2026-08-09 03:19:20] 2026-08-09 03:19:20 | INFO     | KDClient 16 round 8 completed (acc=0.9114, n=300)
[2026-08-09 03:19:20] 2026-08-09 03:19:20 | INFO     | KDClient 17 fit round 8 (tier=large)
[2026-08-09 03:19:20] 2026-08-09 03:19:20 | INFO     | KDClient 17 round 8 public KD (epochs=2)
[2026-08-09 03:20:25] 2026-08-09 03:20:25 | INFO     | KDClient 17 round 8 local training (epochs=3)
[2026-08-09 03:21:26] 2026-08-09 03:21:26 | INFO     | KDClient 17 round 8 completed (acc=0.9145, n=300)
[2026-08-09 03:21:26] 2026-08-09 03:21:26 | INFO     | KDClient 18 fit round 8 (tier=large)
[2026-08-09 03:21:26] 2026-08-09 03:21:26 | INFO     | KDClient 18 round 8 public KD (epochs=2)
[2026-08-09 03:22:14] 2026-08-09 03:22:14 | INFO     | KDClient 18 round 8 local training (epochs=3)
[2026-08-09 03:23:02] 2026-08-09 03:23:02 | INFO     | KDClient 18 round 8 completed (acc=0.9294, n=300)
[2026-08-09 03:23:02] 2026-08-09 03:23:02 | INFO     | KDClient 19 fit round 8 (tier=large)
[2026-08-09 03:23:02] 2026-08-09 03:23:02 | INFO     | KDClient 19 round 8 public KD (epochs=2)
[2026-08-09 03:23:52] 2026-08-09 03:23:52 | INFO     | KDClient 19 round 8 local training (epochs=3)
[2026-08-09 03:24:38] 2026-08-09 03:24:38 | INFO     | KDClient 19 round 8 completed (acc=0.9200, n=300)
[2026-08-09 03:24:38]   Round   8/40 | Avg: 0.9021 | Min: 0.8577 | Max: 0.9294
[2026-08-09 03:24:38] 2026-08-09 03:24:38 | INFO     | FEDAKD — IID: round 9/40 starting
[2026-08-09 03:24:38] 2026-08-09 03:24:38 | INFO     | KDClient 0 fit round 9 (tier=small)
[2026-08-09 03:24:38] 2026-08-09 03:24:38 | INFO     | KDClient 0 round 9 public KD (epochs=2)
[2026-08-09 03:24:48] 2026-08-09 03:24:48 | INFO     | KDClient 0 round 9 local training (epochs=3)
[2026-08-09 03:25:01] 2026-08-09 03:25:01 | INFO     | KDClient 0 round 9 completed (acc=0.8738, n=300)
[2026-08-09 03:25:01] 2026-08-09 03:25:01 | INFO     | KDClient 1 fit round 9 (tier=small)
[2026-08-09 03:25:01] 2026-08-09 03:25:01 | INFO     | KDClient 1 round 9 public KD (epochs=2)
[2026-08-09 03:25:12] 2026-08-09 03:25:12 | INFO     | KDClient 1 round 9 local training (epochs=3)
[2026-08-09 03:25:29] 2026-08-09 03:25:29 | INFO     | KDClient 1 round 9 completed (acc=0.8829, n=300)
[2026-08-09 03:25:29] 2026-08-09 03:25:29 | INFO     | KDClient 2 fit round 9 (tier=small)
[2026-08-09 03:25:29] 2026-08-09 03:25:29 | INFO     | KDClient 2 round 9 public KD (epochs=2)
[2026-08-09 03:25:39] 2026-08-09 03:25:39 | INFO     | KDClient 2 round 9 local training (epochs=3)
[2026-08-09 03:25:53] 2026-08-09 03:25:53 | INFO     | KDClient 2 round 9 completed (acc=0.8928, n=300)
[2026-08-09 03:25:53] 2026-08-09 03:25:53 | INFO     | KDClient 3 fit round 9 (tier=small)
[2026-08-09 03:25:53] 2026-08-09 03:25:53 | INFO     | KDClient 3 round 9 public KD (epochs=2)
[2026-08-09 03:26:04] 2026-08-09 03:26:04 | INFO     | KDClient 3 round 9 local training (epochs=3)
[2026-08-09 03:26:17] 2026-08-09 03:26:17 | INFO     | KDClient 3 round 9 completed (acc=0.8736, n=300)
[2026-08-09 03:26:17] 2026-08-09 03:26:17 | INFO     | KDClient 4 fit round 9 (tier=small)
[2026-08-09 03:26:17] 2026-08-09 03:26:17 | INFO     | KDClient 4 round 9 public KD (epochs=2)
[2026-08-09 03:26:28] 2026-08-09 03:26:28 | INFO     | KDClient 4 round 9 local training (epochs=3)
[2026-08-09 03:26:42] 2026-08-09 03:26:42 | INFO     | KDClient 4 round 9 completed (acc=0.8798, n=300)
[2026-08-09 03:26:42] 2026-08-09 03:26:42 | INFO     | KDClient 5 fit round 9 (tier=small)
[2026-08-09 03:26:42] 2026-08-09 03:26:42 | INFO     | KDClient 5 round 9 public KD (epochs=2)
[2026-08-09 03:26:51] 2026-08-09 03:26:51 | INFO     | KDClient 5 round 9 local training (epochs=3)
[2026-08-09 03:27:03] 2026-08-09 03:27:03 | INFO     | KDClient 5 round 9 completed (acc=0.8644, n=300)
[2026-08-09 03:27:03] 2026-08-09 03:27:03 | INFO     | KDClient 6 fit round 9 (tier=small)
[2026-08-09 03:27:03] 2026-08-09 03:27:03 | INFO     | KDClient 6 round 9 public KD (epochs=2)
[2026-08-09 03:27:14] 2026-08-09 03:27:14 | INFO     | KDClient 6 round 9 local training (epochs=3)
[2026-08-09 03:27:29] 2026-08-09 03:27:29 | INFO     | KDClient 6 round 9 completed (acc=0.8930, n=300)
[2026-08-09 03:27:29] 2026-08-09 03:27:29 | INFO     | KDClient 7 fit round 9 (tier=medium)
[2026-08-09 03:27:29] 2026-08-09 03:27:29 | INFO     | KDClient 7 round 9 public KD (epochs=2)
[2026-08-09 03:28:06] 2026-08-09 03:28:06 | INFO     | KDClient 7 round 9 local training (epochs=3)
[2026-08-09 03:28:40] 2026-08-09 03:28:40 | INFO     | KDClient 7 round 9 completed (acc=0.9143, n=300)
[2026-08-09 03:28:40] 2026-08-09 03:28:40 | INFO     | KDClient 8 fit round 9 (tier=medium)
[2026-08-09 03:28:40] 2026-08-09 03:28:40 | INFO     | KDClient 8 round 9 public KD (epochs=2)
[2026-08-09 03:29:12] 2026-08-09 03:29:12 | INFO     | KDClient 8 round 9 local training (epochs=3)
[2026-08-09 03:29:42] 2026-08-09 03:29:42 | INFO     | KDClient 8 round 9 completed (acc=0.9059, n=300)
[2026-08-09 03:29:42] 2026-08-09 03:29:42 | INFO     | KDClient 9 fit round 9 (tier=medium)
[2026-08-09 03:29:42] 2026-08-09 03:29:42 | INFO     | KDClient 9 round 9 public KD (epochs=2)
[2026-08-09 03:30:20] 2026-08-09 03:30:20 | INFO     | KDClient 9 round 9 local training (epochs=3)
[2026-08-09 03:30:57] 2026-08-09 03:30:57 | INFO     | KDClient 9 round 9 completed (acc=0.9122, n=300)
[2026-08-09 03:30:57] 2026-08-09 03:30:57 | INFO     | KDClient 10 fit round 9 (tier=medium)
[2026-08-09 03:30:57] 2026-08-09 03:30:57 | INFO     | KDClient 10 round 9 public KD (epochs=2)
[2026-08-09 03:31:35] 2026-08-09 03:31:35 | INFO     | KDClient 10 round 9 local training (epochs=3)
[2026-08-09 03:32:18] 2026-08-09 03:32:18 | INFO     | KDClient 10 round 9 completed (acc=0.9149, n=300)
[2026-08-09 03:32:18] 2026-08-09 03:32:18 | INFO     | KDClient 11 fit round 9 (tier=medium)
[2026-08-09 03:32:18] 2026-08-09 03:32:18 | INFO     | KDClient 11 round 9 public KD (epochs=2)
[2026-08-09 03:32:56] 2026-08-09 03:32:56 | INFO     | KDClient 11 round 9 local training (epochs=3)
[2026-08-09 03:33:29] 2026-08-09 03:33:29 | INFO     | KDClient 11 round 9 completed (acc=0.9275, n=300)
[2026-08-09 03:33:29] 2026-08-09 03:33:29 | INFO     | KDClient 12 fit round 9 (tier=medium)
[2026-08-09 03:33:29] 2026-08-09 03:33:29 | INFO     | KDClient 12 round 9 public KD (epochs=2)
[2026-08-09 03:34:01] 2026-08-09 03:34:01 | INFO     | KDClient 12 round 9 local training (epochs=3)
[2026-08-09 03:34:31] 2026-08-09 03:34:31 | INFO     | KDClient 12 round 9 completed (acc=0.9163, n=300)
[2026-08-09 03:34:31] 2026-08-09 03:34:31 | INFO     | KDClient 13 fit round 9 (tier=medium)
[2026-08-09 03:34:31] 2026-08-09 03:34:31 | INFO     | KDClient 13 round 9 public KD (epochs=2)
[2026-08-09 03:35:03] 2026-08-09 03:35:03 | INFO     | KDClient 13 round 9 local training (epochs=3)
[2026-08-09 03:35:35] 2026-08-09 03:35:35 | INFO     | KDClient 13 round 9 completed (acc=0.9214, n=300)
[2026-08-09 03:35:35] 2026-08-09 03:35:35 | INFO     | KDClient 14 fit round 9 (tier=large)
[2026-08-09 03:35:35] 2026-08-09 03:35:35 | INFO     | KDClient 14 round 9 public KD (epochs=2)
[2026-08-09 03:36:42] 2026-08-09 03:36:42 | INFO     | KDClient 14 round 9 local training (epochs=3)
[2026-08-09 03:37:45] 2026-08-09 03:37:45 | INFO     | KDClient 14 round 9 completed (acc=0.9299, n=300)
[2026-08-09 03:37:45] 2026-08-09 03:37:45 | INFO     | KDClient 15 fit round 9 (tier=large)
[2026-08-09 03:37:45] 2026-08-09 03:37:45 | INFO     | KDClient 15 round 9 public KD (epochs=2)
[2026-08-09 03:38:51] 2026-08-09 03:38:51 | INFO     | KDClient 15 round 9 local training (epochs=3)
[2026-08-09 03:39:38] 2026-08-09 03:39:38 | INFO     | KDClient 15 round 9 completed (acc=0.9171, n=300)
[2026-08-09 03:39:38] 2026-08-09 03:39:38 | INFO     | KDClient 16 fit round 9 (tier=large)
[2026-08-09 03:39:38] 2026-08-09 03:39:38 | INFO     | KDClient 16 round 9 public KD (epochs=2)
[2026-08-09 03:40:24] 2026-08-09 03:40:24 | INFO     | KDClient 16 round 9 local training (epochs=3)
[2026-08-09 03:41:27] 2026-08-09 03:41:27 | INFO     | KDClient 16 round 9 completed (acc=0.9244, n=300)
[2026-08-09 03:41:27] 2026-08-09 03:41:27 | INFO     | KDClient 17 fit round 9 (tier=large)
[2026-08-09 03:41:27] 2026-08-09 03:41:27 | INFO     | KDClient 17 round 9 public KD (epochs=2)
[2026-08-09 03:42:36] 2026-08-09 03:42:36 | INFO     | KDClient 17 round 9 local training (epochs=3)
[2026-08-09 03:43:41] 2026-08-09 03:43:41 | INFO     | KDClient 17 round 9 completed (acc=0.9191, n=300)
[2026-08-09 03:43:41] 2026-08-09 03:43:41 | INFO     | KDClient 18 fit round 9 (tier=large)
[2026-08-09 03:43:41] 2026-08-09 03:43:41 | INFO     | KDClient 18 round 9 public KD (epochs=2)
[2026-08-09 03:44:28] 2026-08-09 03:44:28 | INFO     | KDClient 18 round 9 local training (epochs=3)
[2026-08-09 03:45:10] 2026-08-09 03:45:10 | INFO     | KDClient 18 round 9 completed (acc=0.9189, n=300)
[2026-08-09 03:45:10] 2026-08-09 03:45:10 | INFO     | KDClient 19 fit round 9 (tier=large)
[2026-08-09 03:45:10] 2026-08-09 03:45:10 | INFO     | KDClient 19 round 9 public KD (epochs=2)
[2026-08-09 03:46:03] 2026-08-09 03:46:03 | INFO     | KDClient 19 round 9 local training (epochs=3)
[2026-08-09 03:47:04] 2026-08-09 03:47:04 | INFO     | KDClient 19 round 9 completed (acc=0.9212, n=300)
[2026-08-09 03:47:04]   Round   9/40 | Avg: 0.9052 | Min: 0.8644 | Max: 0.9299
[2026-08-09 03:47:04] 2026-08-09 03:47:04 | INFO     | FEDAKD — IID: round 10/40 starting
[2026-08-09 03:47:04] 2026-08-09 03:47:04 | INFO     | KDClient 0 fit round 10 (tier=small)
[2026-08-09 03:47:04] 2026-08-09 03:47:04 | INFO     | KDClient 0 round 10 public KD (epochs=2)
[2026-08-09 03:47:22] 2026-08-09 03:47:22 | INFO     | KDClient 0 round 10 local training (epochs=3)
[2026-08-09 03:47:43] 2026-08-09 03:47:43 | INFO     | KDClient 0 round 10 completed (acc=0.8815, n=300)
[2026-08-09 03:47:43] 2026-08-09 03:47:43 | INFO     | KDClient 1 fit round 10 (tier=small)
[2026-08-09 03:47:43] 2026-08-09 03:47:43 | INFO     | KDClient 1 round 10 public KD (epochs=2)
[2026-08-09 03:47:58] 2026-08-09 03:47:58 | INFO     | KDClient 1 round 10 local training (epochs=3)
[2026-08-09 03:48:21] 2026-08-09 03:48:21 | INFO     | KDClient 1 round 10 completed (acc=0.8837, n=300)
[2026-08-09 03:48:21] 2026-08-09 03:48:21 | INFO     | KDClient 2 fit round 10 (tier=small)
[2026-08-09 03:48:21] 2026-08-09 03:48:21 | INFO     | KDClient 2 round 10 public KD (epochs=2)
[2026-08-09 03:48:35] 2026-08-09 03:48:35 | INFO     | KDClient 2 round 10 local training (epochs=3)
[2026-08-09 03:48:58] 2026-08-09 03:48:58 | INFO     | KDClient 2 round 10 completed (acc=0.8943, n=300)
[2026-08-09 03:48:58] 2026-08-09 03:48:58 | INFO     | KDClient 3 fit round 10 (tier=small)
[2026-08-09 03:48:58] 2026-08-09 03:48:58 | INFO     | KDClient 3 round 10 public KD (epochs=2)
[2026-08-09 03:49:10] 2026-08-09 03:49:10 | INFO     | KDClient 3 round 10 local training (epochs=3)
[2026-08-09 03:49:40] 2026-08-09 03:49:40 | INFO     | KDClient 3 round 10 completed (acc=0.8706, n=300)
[2026-08-09 03:49:40] 2026-08-09 03:49:40 | INFO     | KDClient 4 fit round 10 (tier=small)
[2026-08-09 03:49:40] 2026-08-09 03:49:40 | INFO     | KDClient 4 round 10 public KD (epochs=2)
[2026-08-09 03:49:53] 2026-08-09 03:49:53 | INFO     | KDClient 4 round 10 local training (epochs=3)
[2026-08-09 03:50:11] 2026-08-09 03:50:11 | INFO     | KDClient 4 round 10 completed (acc=0.8858, n=300)
[2026-08-09 03:50:11] 2026-08-09 03:50:11 | INFO     | KDClient 5 fit round 10 (tier=small)
[2026-08-09 03:50:11] 2026-08-09 03:50:11 | INFO     | KDClient 5 round 10 public KD (epochs=2)
[2026-08-09 03:50:23] 2026-08-09 03:50:23 | INFO     | KDClient 5 round 10 local training (epochs=3)
[2026-08-09 03:50:47] 2026-08-09 03:50:47 | INFO     | KDClient 5 round 10 completed (acc=0.8676, n=300)
[2026-08-09 03:50:47] 2026-08-09 03:50:47 | INFO     | KDClient 6 fit round 10 (tier=small)
[2026-08-09 03:50:47] 2026-08-09 03:50:47 | INFO     | KDClient 6 round 10 public KD (epochs=2)
[2026-08-09 03:51:04] 2026-08-09 03:51:04 | INFO     | KDClient 6 round 10 local training (epochs=3)
[2026-08-09 03:51:27] 2026-08-09 03:51:27 | INFO     | KDClient 6 round 10 completed (acc=0.8960, n=300)
[2026-08-09 03:51:27] 2026-08-09 03:51:27 | INFO     | KDClient 7 fit round 10 (tier=medium)
[2026-08-09 03:51:27] 2026-08-09 03:51:27 | INFO     | KDClient 7 round 10 public KD (epochs=2)
[2026-08-09 03:52:07] 2026-08-09 03:52:07 | INFO     | KDClient 7 round 10 local training (epochs=3)
[2026-08-09 03:52:53] 2026-08-09 03:52:53 | INFO     | KDClient 7 round 10 completed (acc=0.9174, n=300)
[2026-08-09 03:52:53] 2026-08-09 03:52:53 | INFO     | KDClient 8 fit round 10 (tier=medium)
[2026-08-09 03:52:53] 2026-08-09 03:52:53 | INFO     | KDClient 8 round 10 public KD (epochs=2)
[2026-08-09 03:53:38] 2026-08-09 03:53:38 | INFO     | KDClient 8 round 10 local training (epochs=3)
[2026-08-09 03:54:23] 2026-08-09 03:54:23 | INFO     | KDClient 8 round 10 completed (acc=0.9171, n=300)
[2026-08-09 03:54:23] 2026-08-09 03:54:23 | INFO     | KDClient 9 fit round 10 (tier=medium)
[2026-08-09 03:54:23] 2026-08-09 03:54:23 | INFO     | KDClient 9 round 10 public KD (epochs=2)
[2026-08-09 03:55:00] 2026-08-09 03:55:00 | INFO     | KDClient 9 round 10 local training (epochs=3)
[2026-08-09 03:55:47] 2026-08-09 03:55:47 | INFO     | KDClient 9 round 10 completed (acc=0.9160, n=300)
[2026-08-09 03:55:47] 2026-08-09 03:55:47 | INFO     | KDClient 10 fit round 10 (tier=medium)
[2026-08-09 03:55:47] 2026-08-09 03:55:47 | INFO     | KDClient 10 round 10 public KD (epochs=2)
[2026-08-09 03:56:27] 2026-08-09 03:56:27 | INFO     | KDClient 10 round 10 local training (epochs=3)
[2026-08-09 03:57:12] 2026-08-09 03:57:12 | INFO     | KDClient 10 round 10 completed (acc=0.9225, n=300)
[2026-08-09 03:57:12] 2026-08-09 03:57:12 | INFO     | KDClient 11 fit round 10 (tier=medium)
[2026-08-09 03:57:12] 2026-08-09 03:57:12 | INFO     | KDClient 11 round 10 public KD (epochs=2)
[2026-08-09 03:57:52] 2026-08-09 03:57:52 | INFO     | KDClient 11 round 10 local training (epochs=3)
[2026-08-09 03:58:32] 2026-08-09 03:58:32 | INFO     | KDClient 11 round 10 completed (acc=0.9263, n=300)
[2026-08-09 03:58:32] 2026-08-09 03:58:32 | INFO     | KDClient 12 fit round 10 (tier=medium)
[2026-08-09 03:58:32] 2026-08-09 03:58:32 | INFO     | KDClient 12 round 10 public KD (epochs=2)
[2026-08-09 03:59:12] 2026-08-09 03:59:12 | INFO     | KDClient 12 round 10 local training (epochs=3)
[2026-08-09 03:59:57] 2026-08-09 03:59:57 | INFO     | KDClient 12 round 10 completed (acc=0.9193, n=300)
[2026-08-09 03:59:57] 2026-08-09 03:59:57 | INFO     | KDClient 13 fit round 10 (tier=medium)
[2026-08-09 03:59:57] 2026-08-09 03:59:57 | INFO     | KDClient 13 round 10 public KD (epochs=2)
[2026-08-09 04:00:36] 2026-08-09 04:00:36 | INFO     | KDClient 13 round 10 local training (epochs=3)
[2026-08-09 04:01:13] 2026-08-09 04:01:13 | INFO     | KDClient 13 round 10 completed (acc=0.9248, n=300)
[2026-08-09 04:01:13] 2026-08-09 04:01:13 | INFO     | KDClient 14 fit round 10 (tier=large)
[2026-08-09 04:01:13] 2026-08-09 04:01:13 | INFO     | KDClient 14 round 10 public KD (epochs=2)
[2026-08-09 04:02:20] 2026-08-09 04:02:20 | INFO     | KDClient 14 round 10 local training (epochs=3)
[2026-08-09 04:03:28] 2026-08-09 04:03:28 | INFO     | KDClient 14 round 10 completed (acc=0.9293, n=300)
[2026-08-09 04:03:28] 2026-08-09 04:03:28 | INFO     | KDClient 15 fit round 10 (tier=large)
[2026-08-09 04:03:28] 2026-08-09 04:03:28 | INFO     | KDClient 15 round 10 public KD (epochs=2)
[2026-08-09 04:04:51] 2026-08-09 04:04:51 | INFO     | KDClient 15 round 10 local training (epochs=3)
[2026-08-09 04:05:47] 2026-08-09 04:05:47 | INFO     | KDClient 15 round 10 completed (acc=0.9209, n=300)
[2026-08-09 04:05:47] 2026-08-09 04:05:47 | INFO     | KDClient 16 fit round 10 (tier=large)
[2026-08-09 04:05:47] 2026-08-09 04:05:47 | INFO     | KDClient 16 round 10 public KD (epochs=2)
[2026-08-09 04:06:55] 2026-08-09 04:06:55 | INFO     | KDClient 16 round 10 local training (epochs=3)
[2026-08-09 04:07:57] 2026-08-09 04:07:57 | INFO     | KDClient 16 round 10 completed (acc=0.9291, n=300)
[2026-08-09 04:07:57] 2026-08-09 04:07:57 | INFO     | KDClient 17 fit round 10 (tier=large)
[2026-08-09 04:07:57] 2026-08-09 04:07:57 | INFO     | KDClient 17 round 10 public KD (epochs=2)
[2026-08-09 04:08:59] 2026-08-09 04:08:59 | INFO     | KDClient 17 round 10 local training (epochs=3)
[2026-08-09 04:10:06] 2026-08-09 04:10:06 | INFO     | KDClient 17 round 10 completed (acc=0.9195, n=300)
[2026-08-09 04:10:06] 2026-08-09 04:10:06 | INFO     | KDClient 18 fit round 10 (tier=large)
[2026-08-09 04:10:06] 2026-08-09 04:10:06 | INFO     | KDClient 18 round 10 public KD (epochs=2)
[2026-08-09 04:11:14] 2026-08-09 04:11:14 | INFO     | KDClient 18 round 10 local training (epochs=3)
[2026-08-09 04:12:02] 2026-08-09 04:12:02 | INFO     | KDClient 18 round 10 completed (acc=0.9251, n=300)
[2026-08-09 04:12:02] 2026-08-09 04:12:02 | INFO     | KDClient 19 fit round 10 (tier=large)
[2026-08-09 04:12:02] 2026-08-09 04:12:02 | INFO     | KDClient 19 round 10 public KD (epochs=2)
[2026-08-09 04:13:14] 2026-08-09 04:13:14 | INFO     | KDClient 19 round 10 local training (epochs=3)
[2026-08-09 04:14:29] 2026-08-09 04:14:29 | INFO     | KDClient 19 round 10 completed (acc=0.9272, n=300)
[2026-08-09 04:14:29]   Round  10/40 | Avg: 0.9087 | Min: 0.8676 | Max: 0.9293
[2026-08-09 04:14:29] 2026-08-09 04:14:29 | INFO     | FEDAKD — IID: round 11/40 starting
[2026-08-09 04:14:29] 2026-08-09 04:14:29 | INFO     | KDClient 0 fit round 11 (tier=small)
[2026-08-09 04:14:29] 2026-08-09 04:14:29 | INFO     | KDClient 0 round 11 public KD (epochs=2)
[2026-08-09 04:14:46] 2026-08-09 04:14:46 | INFO     | KDClient 0 round 11 local training (epochs=3)
[2026-08-09 04:15:06] 2026-08-09 04:15:05 | INFO     | KDClient 0 round 11 completed (acc=0.8761, n=300)
[2026-08-09 04:15:06] 2026-08-09 04:15:05 | INFO     | KDClient 1 fit round 11 (tier=small)
[2026-08-09 04:15:06] 2026-08-09 04:15:05 | INFO     | KDClient 1 round 11 public KD (epochs=2)
[2026-08-09 04:15:17] 2026-08-09 04:15:17 | INFO     | KDClient 1 round 11 local training (epochs=3)
[2026-08-09 04:15:32] 2026-08-09 04:15:32 | INFO     | KDClient 1 round 11 completed (acc=0.8871, n=300)
[2026-08-09 04:15:32] 2026-08-09 04:15:32 | INFO     | KDClient 2 fit round 11 (tier=small)
[2026-08-09 04:15:32] 2026-08-09 04:15:32 | INFO     | KDClient 2 round 11 public KD (epochs=2)
[2026-08-09 04:15:42] 2026-08-09 04:15:41 | INFO     | KDClient 2 round 11 local training (epochs=3)
[2026-08-09 04:15:53] 2026-08-09 04:15:53 | INFO     | KDClient 2 round 11 completed (acc=0.9053, n=300)
[2026-08-09 04:15:53] 2026-08-09 04:15:53 | INFO     | KDClient 3 fit round 11 (tier=small)
[2026-08-09 04:15:53] 2026-08-09 04:15:53 | INFO     | KDClient 3 round 11 public KD (epochs=2)
[2026-08-09 04:16:04] 2026-08-09 04:16:04 | INFO     | KDClient 3 round 11 local training (epochs=3)
[2026-08-09 04:16:18] 2026-08-09 04:16:18 | INFO     | KDClient 3 round 11 completed (acc=0.8758, n=300)
[2026-08-09 04:16:18] 2026-08-09 04:16:18 | INFO     | KDClient 4 fit round 11 (tier=small)
[2026-08-09 04:16:18] 2026-08-09 04:16:18 | INFO     | KDClient 4 round 11 public KD (epochs=2)
[2026-08-09 04:16:34] 2026-08-09 04:16:34 | INFO     | KDClient 4 round 11 local training (epochs=3)
[2026-08-09 04:16:48] 2026-08-09 04:16:48 | INFO     | KDClient 4 round 11 completed (acc=0.8902, n=300)
[2026-08-09 04:16:48] 2026-08-09 04:16:48 | INFO     | KDClient 5 fit round 11 (tier=small)
[2026-08-09 04:16:48] 2026-08-09 04:16:48 | INFO     | KDClient 5 round 11 public KD (epochs=2)
[2026-08-09 04:16:58] 2026-08-09 04:16:58 | INFO     | KDClient 5 round 11 local training (epochs=3)
[2026-08-09 04:17:11] 2026-08-09 04:17:11 | INFO     | KDClient 5 round 11 completed (acc=0.8702, n=300)
[2026-08-09 04:17:11] 2026-08-09 04:17:11 | INFO     | KDClient 6 fit round 11 (tier=small)
[2026-08-09 04:17:11] 2026-08-09 04:17:11 | INFO     | KDClient 6 round 11 public KD (epochs=2)
[2026-08-09 04:17:21] 2026-08-09 04:17:21 | INFO     | KDClient 6 round 11 local training (epochs=3)
[2026-08-09 04:17:38] 2026-08-09 04:17:38 | INFO     | KDClient 6 round 11 completed (acc=0.8982, n=300)
[2026-08-09 04:17:38] 2026-08-09 04:17:38 | INFO     | KDClient 7 fit round 11 (tier=medium)
[2026-08-09 04:17:38] 2026-08-09 04:17:38 | INFO     | KDClient 7 round 11 public KD (epochs=2)
[2026-08-09 04:18:08] 2026-08-09 04:18:08 | INFO     | KDClient 7 round 11 local training (epochs=3)
[2026-08-09 04:18:48] 2026-08-09 04:18:48 | INFO     | KDClient 7 round 11 completed (acc=0.9199, n=300)
[2026-08-09 04:18:48] 2026-08-09 04:18:48 | INFO     | KDClient 8 fit round 11 (tier=medium)
[2026-08-09 04:18:48] 2026-08-09 04:18:48 | INFO     | KDClient 8 round 11 public KD (epochs=2)
[2026-08-09 04:19:30] 2026-08-09 04:19:30 | INFO     | KDClient 8 round 11 local training (epochs=3)
[2026-08-09 04:20:18] 2026-08-09 04:20:18 | INFO     | KDClient 8 round 11 completed (acc=0.9122, n=300)
[2026-08-09 04:20:18] 2026-08-09 04:20:18 | INFO     | KDClient 9 fit round 11 (tier=medium)
[2026-08-09 04:20:18] 2026-08-09 04:20:18 | INFO     | KDClient 9 round 11 public KD (epochs=2)
[2026-08-09 04:20:58] 2026-08-09 04:20:58 | INFO     | KDClient 9 round 11 local training (epochs=3)
[2026-08-09 04:21:35] 2026-08-09 04:21:35 | INFO     | KDClient 9 round 11 completed (acc=0.9128, n=300)
[2026-08-09 04:21:35] 2026-08-09 04:21:35 | INFO     | KDClient 10 fit round 11 (tier=medium)
[2026-08-09 04:21:35] 2026-08-09 04:21:35 | INFO     | KDClient 10 round 11 public KD (epochs=2)
[2026-08-09 04:22:14] 2026-08-09 04:22:14 | INFO     | KDClient 10 round 11 local training (epochs=3)
[2026-08-09 04:22:55] 2026-08-09 04:22:55 | INFO     | KDClient 10 round 11 completed (acc=0.9221, n=300)
[2026-08-09 04:22:55] 2026-08-09 04:22:55 | INFO     | KDClient 11 fit round 11 (tier=medium)
[2026-08-09 04:22:55] 2026-08-09 04:22:55 | INFO     | KDClient 11 round 11 public KD (epochs=2)
[2026-08-09 04:23:37] 2026-08-09 04:23:37 | INFO     | KDClient 11 round 11 local training (epochs=3)
[2026-08-09 04:24:24] 2026-08-09 04:24:23 | INFO     | KDClient 11 round 11 completed (acc=0.9305, n=300)
[2026-08-09 04:24:24] 2026-08-09 04:24:24 | INFO     | KDClient 12 fit round 11 (tier=medium)
[2026-08-09 04:24:24] 2026-08-09 04:24:24 | INFO     | KDClient 12 round 11 public KD (epochs=2)
[2026-08-09 04:25:04] 2026-08-09 04:25:04 | INFO     | KDClient 12 round 11 local training (epochs=3)
[2026-08-09 04:25:45] 2026-08-09 04:25:45 | INFO     | KDClient 12 round 11 completed (acc=0.9198, n=300)
[2026-08-09 04:25:45] 2026-08-09 04:25:45 | INFO     | KDClient 13 fit round 11 (tier=medium)
[2026-08-09 04:25:45] 2026-08-09 04:25:45 | INFO     | KDClient 13 round 11 public KD (epochs=2)
[2026-08-09 04:26:23] 2026-08-09 04:26:23 | INFO     | KDClient 13 round 11 local training (epochs=3)
[2026-08-09 04:27:07] 2026-08-09 04:27:07 | INFO     | KDClient 13 round 11 completed (acc=0.9278, n=300)
[2026-08-09 04:27:07] 2026-08-09 04:27:07 | INFO     | KDClient 14 fit round 11 (tier=large)
[2026-08-09 04:27:07] 2026-08-09 04:27:07 | INFO     | KDClient 14 round 11 public KD (epochs=2)
[2026-08-09 04:27:57] 2026-08-09 04:27:57 | INFO     | KDClient 14 round 11 local training (epochs=3)
[2026-08-09 04:28:48] 2026-08-09 04:28:48 | INFO     | KDClient 14 round 11 completed (acc=0.9257, n=300)
[2026-08-09 04:28:48] 2026-08-09 04:28:48 | INFO     | KDClient 15 fit round 11 (tier=large)
[2026-08-09 04:28:48] 2026-08-09 04:28:48 | INFO     | KDClient 15 round 11 public KD (epochs=2)
[2026-08-09 04:29:35] 2026-08-09 04:29:35 | INFO     | KDClient 15 round 11 local training (epochs=3)
[2026-08-09 04:30:24] 2026-08-09 04:30:24 | INFO     | KDClient 15 round 11 completed (acc=0.9199, n=300)
[2026-08-09 04:30:24] 2026-08-09 04:30:24 | INFO     | KDClient 16 fit round 11 (tier=large)
[2026-08-09 04:30:24] 2026-08-09 04:30:24 | INFO     | KDClient 16 round 11 public KD (epochs=2)
[2026-08-09 04:31:13] 2026-08-09 04:31:13 | INFO     | KDClient 16 round 11 local training (epochs=3)
[2026-08-09 04:32:06] 2026-08-09 04:32:05 | INFO     | KDClient 16 round 11 completed (acc=0.9240, n=300)
[2026-08-09 04:32:06] 2026-08-09 04:32:05 | INFO     | KDClient 17 fit round 11 (tier=large)
[2026-08-09 04:32:06] 2026-08-09 04:32:05 | INFO     | KDClient 17 round 11 public KD (epochs=2)
[2026-08-09 04:32:56] 2026-08-09 04:32:56 | INFO     | KDClient 17 round 11 local training (epochs=3)
[2026-08-09 04:33:37] 2026-08-09 04:33:37 | INFO     | KDClient 17 round 11 completed (acc=0.9258, n=300)
[2026-08-09 04:33:37] 2026-08-09 04:33:37 | INFO     | KDClient 18 fit round 11 (tier=large)
[2026-08-09 04:33:37] 2026-08-09 04:33:37 | INFO     | KDClient 18 round 11 public KD (epochs=2)
[2026-08-09 04:34:25] 2026-08-09 04:34:25 | INFO     | KDClient 18 round 11 local training (epochs=3)
[2026-08-09 04:35:17] 2026-08-09 04:35:17 | INFO     | KDClient 18 round 11 completed (acc=0.9251, n=300)
[2026-08-09 04:35:17] 2026-08-09 04:35:17 | INFO     | KDClient 19 fit round 11 (tier=large)
[2026-08-09 04:35:17] 2026-08-09 04:35:17 | INFO     | KDClient 19 round 11 public KD (epochs=2)
[2026-08-09 04:36:22] 2026-08-09 04:36:22 | INFO     | KDClient 19 round 11 local training (epochs=3)
[2026-08-09 04:37:08] 2026-08-09 04:37:08 | INFO     | KDClient 19 round 11 completed (acc=0.9240, n=300)
[2026-08-09 04:37:08]   Round  11/40 | Avg: 0.9096 | Min: 0.8702 | Max: 0.9305
[2026-08-09 04:37:08] 2026-08-09 04:37:08 | INFO     | FEDAKD — IID: round 12/40 starting
[2026-08-09 04:37:08] 2026-08-09 04:37:08 | INFO     | KDClient 0 fit round 12 (tier=small)
[2026-08-09 04:37:08] 2026-08-09 04:37:08 | INFO     | KDClient 0 round 12 public KD (epochs=2)
[2026-08-09 04:37:18] 2026-08-09 04:37:18 | INFO     | KDClient 0 round 12 local training (epochs=3)
[2026-08-09 04:37:32] 2026-08-09 04:37:32 | INFO     | KDClient 0 round 12 completed (acc=0.8716, n=300)
[2026-08-09 04:37:32] 2026-08-09 04:37:32 | INFO     | KDClient 1 fit round 12 (tier=small)
[2026-08-09 04:37:32] 2026-08-09 04:37:32 | INFO     | KDClient 1 round 12 public KD (epochs=2)
[2026-08-09 04:37:43] 2026-08-09 04:37:43 | INFO     | KDClient 1 round 12 local training (epochs=3)
[2026-08-09 04:37:59] 2026-08-09 04:37:59 | INFO     | KDClient 1 round 12 completed (acc=0.8857, n=300)
[2026-08-09 04:37:59] 2026-08-09 04:37:59 | INFO     | KDClient 2 fit round 12 (tier=small)
[2026-08-09 04:37:59] 2026-08-09 04:37:59 | INFO     | KDClient 2 round 12 public KD (epochs=2)
[2026-08-09 04:38:10] 2026-08-09 04:38:10 | INFO     | KDClient 2 round 12 local training (epochs=3)
[2026-08-09 04:38:24] 2026-08-09 04:38:24 | INFO     | KDClient 2 round 12 completed (acc=0.9033, n=300)
[2026-08-09 04:38:24] 2026-08-09 04:38:24 | INFO     | KDClient 3 fit round 12 (tier=small)
[2026-08-09 04:38:24] 2026-08-09 04:38:24 | INFO     | KDClient 3 round 12 public KD (epochs=2)
[2026-08-09 04:38:36] 2026-08-09 04:38:36 | INFO     | KDClient 3 round 12 local training (epochs=3)
[2026-08-09 04:38:50] 2026-08-09 04:38:50 | INFO     | KDClient 3 round 12 completed (acc=0.8794, n=300)
[2026-08-09 04:38:50] 2026-08-09 04:38:50 | INFO     | KDClient 4 fit round 12 (tier=small)
[2026-08-09 04:38:50] 2026-08-09 04:38:50 | INFO     | KDClient 4 round 12 public KD (epochs=2)
[2026-08-09 04:39:01] 2026-08-09 04:39:01 | INFO     | KDClient 4 round 12 local training (epochs=3)
[2026-08-09 04:39:15] 2026-08-09 04:39:15 | INFO     | KDClient 4 round 12 completed (acc=0.8887, n=300)
[2026-08-09 04:39:15] 2026-08-09 04:39:15 | INFO     | KDClient 5 fit round 12 (tier=small)
[2026-08-09 04:39:15] 2026-08-09 04:39:15 | INFO     | KDClient 5 round 12 public KD (epochs=2)
[2026-08-09 04:39:25] 2026-08-09 04:39:25 | INFO     | KDClient 5 round 12 local training (epochs=3)
[2026-08-09 04:39:42] 2026-08-09 04:39:42 | INFO     | KDClient 5 round 12 completed (acc=0.8700, n=300)
[2026-08-09 04:39:42] 2026-08-09 04:39:42 | INFO     | KDClient 6 fit round 12 (tier=small)
[2026-08-09 04:39:42] 2026-08-09 04:39:42 | INFO     | KDClient 6 round 12 public KD (epochs=2)
[2026-08-09 04:39:52] 2026-08-09 04:39:52 | INFO     | KDClient 6 round 12 local training (epochs=3)
[2026-08-09 04:40:10] 2026-08-09 04:40:10 | INFO     | KDClient 6 round 12 completed (acc=0.9014, n=300)
[2026-08-09 04:40:10] 2026-08-09 04:40:10 | INFO     | KDClient 7 fit round 12 (tier=medium)
[2026-08-09 04:40:10] 2026-08-09 04:40:10 | INFO     | KDClient 7 round 12 public KD (epochs=2)
[2026-08-09 04:40:45] 2026-08-09 04:40:45 | INFO     | KDClient 7 round 12 local training (epochs=3)
[2026-08-09 04:41:17] 2026-08-09 04:41:17 | INFO     | KDClient 7 round 12 completed (acc=0.9238, n=300)
[2026-08-09 04:41:17] 2026-08-09 04:41:17 | INFO     | KDClient 8 fit round 12 (tier=medium)
[2026-08-09 04:41:17] 2026-08-09 04:41:17 | INFO     | KDClient 8 round 12 public KD (epochs=2)
[2026-08-09 04:41:50] 2026-08-09 04:41:50 | INFO     | KDClient 8 round 12 local training (epochs=3)
[2026-08-09 04:42:26] 2026-08-09 04:42:26 | INFO     | KDClient 8 round 12 completed (acc=0.9177, n=300)
[2026-08-09 04:42:26] 2026-08-09 04:42:26 | INFO     | KDClient 9 fit round 12 (tier=medium)
[2026-08-09 04:42:26] 2026-08-09 04:42:26 | INFO     | KDClient 9 round 12 public KD (epochs=2)
[2026-08-09 04:43:01] 2026-08-09 04:43:01 | INFO     | KDClient 9 round 12 local training (epochs=3)
[2026-08-09 04:43:38] 2026-08-09 04:43:38 | INFO     | KDClient 9 round 12 completed (acc=0.9189, n=300)
[2026-08-09 04:43:38] 2026-08-09 04:43:38 | INFO     | KDClient 10 fit round 12 (tier=medium)
[2026-08-09 04:43:38] 2026-08-09 04:43:38 | INFO     | KDClient 10 round 12 public KD (epochs=2)
[2026-08-09 04:44:12] 2026-08-09 04:44:12 | INFO     | KDClient 10 round 12 local training (epochs=3)
[2026-08-09 04:44:45] 2026-08-09 04:44:45 | INFO     | KDClient 10 round 12 completed (acc=0.9122, n=300)
[2026-08-09 04:44:45] 2026-08-09 04:44:45 | INFO     | KDClient 11 fit round 12 (tier=medium)
[2026-08-09 04:44:45] 2026-08-09 04:44:45 | INFO     | KDClient 11 round 12 public KD (epochs=2)
[2026-08-09 04:45:22] 2026-08-09 04:45:22 | INFO     | KDClient 11 round 12 local training (epochs=3)
[2026-08-09 04:46:01] 2026-08-09 04:46:01 | INFO     | KDClient 11 round 12 completed (acc=0.9250, n=300)
[2026-08-09 04:46:01] 2026-08-09 04:46:01 | INFO     | KDClient 12 fit round 12 (tier=medium)
[2026-08-09 04:46:01] 2026-08-09 04:46:01 | INFO     | KDClient 12 round 12 public KD (epochs=2)
[2026-08-09 04:46:34] 2026-08-09 04:46:34 | INFO     | KDClient 12 round 12 local training (epochs=3)
[2026-08-09 04:47:12] 2026-08-09 04:47:12 | INFO     | KDClient 12 round 12 completed (acc=0.9266, n=300)
[2026-08-09 04:47:12] 2026-08-09 04:47:12 | INFO     | KDClient 13 fit round 12 (tier=medium)
[2026-08-09 04:47:12] 2026-08-09 04:47:12 | INFO     | KDClient 13 round 12 public KD (epochs=2)
[2026-08-09 04:47:47] 2026-08-09 04:47:47 | INFO     | KDClient 13 round 12 local training (epochs=3)
[2026-08-09 04:48:26] 2026-08-09 04:48:25 | INFO     | KDClient 13 round 12 completed (acc=0.9218, n=300)
[2026-08-09 04:48:26] 2026-08-09 04:48:25 | INFO     | KDClient 14 fit round 12 (tier=large)
[2026-08-09 04:48:26] 2026-08-09 04:48:25 | INFO     | KDClient 14 round 12 public KD (epochs=2)
[2026-08-09 04:49:16] 2026-08-09 04:49:16 | INFO     | KDClient 14 round 12 local training (epochs=3)
[2026-08-09 04:50:07] 2026-08-09 04:50:07 | INFO     | KDClient 14 round 12 completed (acc=0.9261, n=300)
[2026-08-09 04:50:07] 2026-08-09 04:50:07 | INFO     | KDClient 15 fit round 12 (tier=large)
[2026-08-09 04:50:07] 2026-08-09 04:50:07 | INFO     | KDClient 15 round 12 public KD (epochs=2)
[2026-08-09 04:51:00] 2026-08-09 04:51:00 | INFO     | KDClient 15 round 12 local training (epochs=3)
[2026-08-09 04:52:21] 2026-08-09 04:52:21 | INFO     | KDClient 15 round 12 completed (acc=0.9217, n=300)
[2026-08-09 04:52:21] 2026-08-09 04:52:21 | INFO     | KDClient 16 fit round 12 (tier=large)
[2026-08-09 04:52:21] 2026-08-09 04:52:21 | INFO     | KDClient 16 round 12 public KD (epochs=2)
[2026-08-09 04:53:26] 2026-08-09 04:53:26 | INFO     | KDClient 16 round 12 local training (epochs=3)
[2026-08-09 04:54:11] 2026-08-09 04:54:11 | INFO     | KDClient 16 round 12 completed (acc=0.9287, n=300)
[2026-08-09 04:54:11] 2026-08-09 04:54:11 | INFO     | KDClient 17 fit round 12 (tier=large)
[2026-08-09 04:54:11] 2026-08-09 04:54:11 | INFO     | KDClient 17 round 12 public KD (epochs=2)
[2026-08-09 04:55:00] 2026-08-09 04:55:00 | INFO     | KDClient 17 round 12 local training (epochs=3)
[2026-08-09 04:55:56] 2026-08-09 04:55:56 | INFO     | KDClient 17 round 12 completed (acc=0.9246, n=300)
[2026-08-09 04:55:56] 2026-08-09 04:55:56 | INFO     | KDClient 18 fit round 12 (tier=large)
[2026-08-09 04:55:56] 2026-08-09 04:55:56 | INFO     | KDClient 18 round 12 public KD (epochs=2)
[2026-08-09 04:57:06] 2026-08-09 04:57:06 | INFO     | KDClient 18 round 12 local training (epochs=3)
[2026-08-09 04:58:27] 2026-08-09 04:58:27 | INFO     | KDClient 18 round 12 completed (acc=0.9222, n=300)
[2026-08-09 04:58:27] 2026-08-09 04:58:27 | INFO     | KDClient 19 fit round 12 (tier=large)
[2026-08-09 04:58:27] 2026-08-09 04:58:27 | INFO     | KDClient 19 round 12 public KD (epochs=2)
[2026-08-09 04:59:18] 2026-08-09 04:59:18 | INFO     | KDClient 19 round 12 local training (epochs=3)
[2026-08-09 05:00:11] 2026-08-09 05:00:11 | INFO     | KDClient 19 round 12 completed (acc=0.9229, n=300)
[2026-08-09 05:00:11]   Round  12/40 | Avg: 0.9096 | Min: 0.8700 | Max: 0.9287
[2026-08-09 05:00:11] 2026-08-09 05:00:11 | INFO     | FEDAKD — IID: round 13/40 starting
[2026-08-09 05:00:11] 2026-08-09 05:00:11 | INFO     | KDClient 0 fit round 13 (tier=small)
[2026-08-09 05:00:11] 2026-08-09 05:00:11 | INFO     | KDClient 0 round 13 public KD (epochs=2)
[2026-08-09 05:00:21] 2026-08-09 05:00:21 | INFO     | KDClient 0 round 13 local training (epochs=3)
[2026-08-09 05:00:44] 2026-08-09 05:00:44 | INFO     | KDClient 0 round 13 completed (acc=0.8682, n=300)
[2026-08-09 05:00:44] 2026-08-09 05:00:44 | INFO     | KDClient 1 fit round 13 (tier=small)
[2026-08-09 05:00:44] 2026-08-09 05:00:44 | INFO     | KDClient 1 round 13 public KD (epochs=2)
[2026-08-09 05:00:59] 2026-08-09 05:00:59 | INFO     | KDClient 1 round 13 local training (epochs=3)
[2026-08-09 05:01:20] 2026-08-09 05:01:20 | INFO     | KDClient 1 round 13 completed (acc=0.8893, n=300)
[2026-08-09 05:01:20] 2026-08-09 05:01:20 | INFO     | KDClient 2 fit round 13 (tier=small)
[2026-08-09 05:01:20] 2026-08-09 05:01:20 | INFO     | KDClient 2 round 13 public KD (epochs=2)
[2026-08-09 05:01:42] 2026-08-09 05:01:42 | INFO     | KDClient 2 round 13 local training (epochs=3)
[2026-08-09 05:02:05] 2026-08-09 05:02:05 | INFO     | KDClient 2 round 13 completed (acc=0.9077, n=300)
[2026-08-09 05:02:05] 2026-08-09 05:02:05 | INFO     | KDClient 3 fit round 13 (tier=small)
[2026-08-09 05:02:05] 2026-08-09 05:02:05 | INFO     | KDClient 3 round 13 public KD (epochs=2)
[2026-08-09 05:02:18] 2026-08-09 05:02:18 | INFO     | KDClient 3 round 13 local training (epochs=3)
[2026-08-09 05:02:42] 2026-08-09 05:02:42 | INFO     | KDClient 3 round 13 completed (acc=0.8701, n=300)
[2026-08-09 05:02:42] 2026-08-09 05:02:42 | INFO     | KDClient 4 fit round 13 (tier=small)
[2026-08-09 05:02:42] 2026-08-09 05:02:42 | INFO     | KDClient 4 round 13 public KD (epochs=2)
[2026-08-09 05:03:09] 2026-08-09 05:03:09 | INFO     | KDClient 4 round 13 local training (epochs=3)
[2026-08-09 05:04:07] 2026-08-09 05:04:07 | INFO     | KDClient 4 round 13 completed (acc=0.8930, n=300)
[2026-08-09 05:04:07] 2026-08-09 05:04:07 | INFO     | KDClient 5 fit round 13 (tier=small)
[2026-08-09 05:04:07] 2026-08-09 05:04:07 | INFO     | KDClient 5 round 13 public KD (epochs=2)
[2026-08-09 05:04:29] 2026-08-09 05:04:29 | INFO     | KDClient 5 round 13 local training (epochs=3)
[2026-08-09 05:04:59] 2026-08-09 05:04:59 | INFO     | KDClient 5 round 13 completed (acc=0.8786, n=300)
[2026-08-09 05:04:59] 2026-08-09 05:04:59 | INFO     | KDClient 6 fit round 13 (tier=small)
[2026-08-09 05:04:59] 2026-08-09 05:04:59 | INFO     | KDClient 6 round 13 public KD (epochs=2)
[2026-08-09 05:05:17] 2026-08-09 05:05:17 | INFO     | KDClient 6 round 13 local training (epochs=3)
[2026-08-09 05:05:50] 2026-08-09 05:05:50 | INFO     | KDClient 6 round 13 completed (acc=0.8997, n=300)
[2026-08-09 05:05:50] 2026-08-09 05:05:50 | INFO     | KDClient 7 fit round 13 (tier=medium)
[2026-08-09 05:05:50] 2026-08-09 05:05:50 | INFO     | KDClient 7 round 13 public KD (epochs=2)
[2026-08-09 05:06:45] 2026-08-09 05:06:45 | INFO     | KDClient 7 round 13 local training (epochs=3)
[2026-08-09 05:08:27] 2026-08-09 05:08:27 | INFO     | KDClient 7 round 13 completed (acc=0.9220, n=300)
[2026-08-09 05:08:27] 2026-08-09 05:08:27 | INFO     | KDClient 8 fit round 13 (tier=medium)
[2026-08-09 05:08:27] 2026-08-09 05:08:27 | INFO     | KDClient 8 round 13 public KD (epochs=2)
[2026-08-09 05:09:24] 2026-08-09 05:09:24 | INFO     | KDClient 8 round 13 local training (epochs=3)
[2026-08-09 05:10:53] 2026-08-09 05:10:53 | INFO     | KDClient 8 round 13 completed (acc=0.9148, n=300)
[2026-08-09 05:10:53] 2026-08-09 05:10:53 | INFO     | KDClient 9 fit round 13 (tier=medium)
[2026-08-09 05:10:53] 2026-08-09 05:10:53 | INFO     | KDClient 9 round 13 public KD (epochs=2)
[2026-08-09 05:11:58] 2026-08-09 05:11:58 | INFO     | KDClient 9 round 13 local training (epochs=3)
[2026-08-09 05:12:39] 2026-08-09 05:12:39 | INFO     | KDClient 9 round 13 completed (acc=0.9201, n=300)
[2026-08-09 05:12:39] 2026-08-09 05:12:39 | INFO     | KDClient 10 fit round 13 (tier=medium)
[2026-08-09 05:12:39] 2026-08-09 05:12:39 | INFO     | KDClient 10 round 13 public KD (epochs=2)
[2026-08-09 05:13:35] 2026-08-09 05:13:35 | INFO     | KDClient 10 round 13 local training (epochs=3)
[2026-08-09 05:14:29] 2026-08-09 05:14:29 | INFO     | KDClient 10 round 13 completed (acc=0.9208, n=300)
[2026-08-09 05:14:29] 2026-08-09 05:14:29 | INFO     | KDClient 11 fit round 13 (tier=medium)
[2026-08-09 05:14:29] 2026-08-09 05:14:29 | INFO     | KDClient 11 round 13 public KD (epochs=2)
[2026-08-09 05:15:15] 2026-08-09 05:15:15 | INFO     | KDClient 11 round 13 local training (epochs=3)
[2026-08-09 05:16:25] 2026-08-09 05:16:25 | INFO     | KDClient 11 round 13 completed (acc=0.9299, n=300)
[2026-08-09 05:16:25] 2026-08-09 05:16:25 | INFO     | KDClient 12 fit round 13 (tier=medium)
[2026-08-09 05:16:25] 2026-08-09 05:16:25 | INFO     | KDClient 12 round 13 public KD (epochs=2)
[2026-08-09 05:17:27] 2026-08-09 05:17:27 | INFO     | KDClient 12 round 13 local training (epochs=3)
[2026-08-09 05:18:09] 2026-08-09 05:18:09 | INFO     | KDClient 12 round 13 completed (acc=0.9224, n=300)
[2026-08-09 05:18:09] 2026-08-09 05:18:09 | INFO     | KDClient 13 fit round 13 (tier=medium)
[2026-08-09 05:18:09] 2026-08-09 05:18:09 | INFO     | KDClient 13 round 13 public KD (epochs=2)
[2026-08-09 05:19:02] 2026-08-09 05:19:02 | INFO     | KDClient 13 round 13 local training (epochs=3)
[2026-08-09 05:19:59] 2026-08-09 05:19:59 | INFO     | KDClient 13 round 13 completed (acc=0.9273, n=300)
[2026-08-09 05:19:59] 2026-08-09 05:19:59 | INFO     | KDClient 14 fit round 13 (tier=large)
[2026-08-09 05:19:59] 2026-08-09 05:19:59 | INFO     | KDClient 14 round 13 public KD (epochs=2)
[2026-08-09 05:21:15] 2026-08-09 05:21:15 | INFO     | KDClient 14 round 13 local training (epochs=3)
[2026-08-09 05:22:32] 2026-08-09 05:22:32 | INFO     | KDClient 14 round 13 completed (acc=0.9236, n=300)
[2026-08-09 05:22:32] 2026-08-09 05:22:32 | INFO     | KDClient 15 fit round 13 (tier=large)
[2026-08-09 05:22:32] 2026-08-09 05:22:32 | INFO     | KDClient 15 round 13 public KD (epochs=2)
[2026-08-09 05:23:58] 2026-08-09 05:23:58 | INFO     | KDClient 15 round 13 local training (epochs=3)
[2026-08-09 05:25:32] 2026-08-09 05:25:32 | INFO     | KDClient 15 round 13 completed (acc=0.9171, n=300)
[2026-08-09 05:25:32] 2026-08-09 05:25:32 | INFO     | KDClient 16 fit round 13 (tier=large)
[2026-08-09 05:25:32] 2026-08-09 05:25:32 | INFO     | KDClient 16 round 13 public KD (epochs=2)
[2026-08-09 05:26:41] 2026-08-09 05:26:41 | INFO     | KDClient 16 round 13 local training (epochs=3)
[2026-08-09 05:28:25] 2026-08-09 05:28:25 | INFO     | KDClient 16 round 13 completed (acc=0.9298, n=300)
[2026-08-09 05:28:25] 2026-08-09 05:28:25 | INFO     | KDClient 17 fit round 13 (tier=large)
[2026-08-09 05:28:25] 2026-08-09 05:28:25 | INFO     | KDClient 17 round 13 public KD (epochs=2)
[2026-08-09 05:29:35] 2026-08-09 05:29:35 | INFO     | KDClient 17 round 13 local training (epochs=3)
[2026-08-09 05:30:58] 2026-08-09 05:30:58 | INFO     | KDClient 17 round 13 completed (acc=0.9233, n=300)
[2026-08-09 05:30:58] 2026-08-09 05:30:58 | INFO     | KDClient 18 fit round 13 (tier=large)
[2026-08-09 05:30:58] 2026-08-09 05:30:58 | INFO     | KDClient 18 round 13 public KD (epochs=2)
[2026-08-09 05:32:16] 2026-08-09 05:32:16 | INFO     | KDClient 18 round 13 local training (epochs=3)
[2026-08-09 05:33:46] 2026-08-09 05:33:46 | INFO     | KDClient 18 round 13 completed (acc=0.9290, n=300)
[2026-08-09 05:33:46] 2026-08-09 05:33:46 | INFO     | KDClient 19 fit round 13 (tier=large)
[2026-08-09 05:33:46] 2026-08-09 05:33:46 | INFO     | KDClient 19 round 13 public KD (epochs=2)
[2026-08-09 05:35:03] 2026-08-09 05:35:03 | INFO     | KDClient 19 round 13 local training (epochs=3)
[2026-08-09 05:36:34] 2026-08-09 05:36:34 | INFO     | KDClient 19 round 13 completed (acc=0.9301, n=300)
[2026-08-09 05:36:35]   Round  13/40 | Avg: 0.9108 | Min: 0.8682 | Max: 0.9301
[2026-08-09 05:36:35] 2026-08-09 05:36:35 | INFO     | FEDAKD — IID: round 14/40 starting
[2026-08-09 05:36:35] 2026-08-09 05:36:35 | INFO     | KDClient 0 fit round 14 (tier=small)
[2026-08-09 05:36:35] 2026-08-09 05:36:35 | INFO     | KDClient 0 round 14 public KD (epochs=2)
[2026-08-09 05:36:50] 2026-08-09 05:36:50 | INFO     | KDClient 0 round 14 local training (epochs=3)
[2026-08-09 05:37:08] 2026-08-09 05:37:08 | INFO     | KDClient 0 round 14 completed (acc=0.8729, n=300)
[2026-08-09 05:37:08] 2026-08-09 05:37:08 | INFO     | KDClient 1 fit round 14 (tier=small)
[2026-08-09 05:37:08] 2026-08-09 05:37:08 | INFO     | KDClient 1 round 14 public KD (epochs=2)
[2026-08-09 05:37:25] 2026-08-09 05:37:25 | INFO     | KDClient 1 round 14 local training (epochs=3)
[2026-08-09 05:37:43] 2026-08-09 05:37:43 | INFO     | KDClient 1 round 14 completed (acc=0.8920, n=300)
[2026-08-09 05:37:43] 2026-08-09 05:37:43 | INFO     | KDClient 2 fit round 14 (tier=small)
[2026-08-09 05:37:43] 2026-08-09 05:37:43 | INFO     | KDClient 2 round 14 public KD (epochs=2)
[2026-08-09 05:37:56] 2026-08-09 05:37:56 | INFO     | KDClient 2 round 14 local training (epochs=3)
[2026-08-09 05:38:15] 2026-08-09 05:38:15 | INFO     | KDClient 2 round 14 completed (acc=0.9039, n=300)
[2026-08-09 05:38:15] 2026-08-09 05:38:15 | INFO     | KDClient 3 fit round 14 (tier=small)
[2026-08-09 05:38:15] 2026-08-09 05:38:15 | INFO     | KDClient 3 round 14 public KD (epochs=2)
[2026-08-09 05:38:28] 2026-08-09 05:38:28 | INFO     | KDClient 3 round 14 local training (epochs=3)
[2026-08-09 05:38:42] 2026-08-09 05:38:42 | INFO     | KDClient 3 round 14 completed (acc=0.8785, n=300)
[2026-08-09 05:38:42] 2026-08-09 05:38:42 | INFO     | KDClient 4 fit round 14 (tier=small)
[2026-08-09 05:38:42] 2026-08-09 05:38:42 | INFO     | KDClient 4 round 14 public KD (epochs=2)
[2026-08-09 05:38:54] 2026-08-09 05:38:54 | INFO     | KDClient 4 round 14 local training (epochs=3)
[2026-08-09 05:39:10] 2026-08-09 05:39:10 | INFO     | KDClient 4 round 14 completed (acc=0.8928, n=300)
[2026-08-09 05:39:10] 2026-08-09 05:39:10 | INFO     | KDClient 5 fit round 14 (tier=small)
[2026-08-09 05:39:10] 2026-08-09 05:39:10 | INFO     | KDClient 5 round 14 public KD (epochs=2)
[2026-08-09 05:39:24] 2026-08-09 05:39:24 | INFO     | KDClient 5 round 14 local training (epochs=3)
[2026-08-09 05:39:45] 2026-08-09 05:39:45 | INFO     | KDClient 5 round 14 completed (acc=0.8771, n=300)
[2026-08-09 05:39:45] 2026-08-09 05:39:45 | INFO     | KDClient 6 fit round 14 (tier=small)
[2026-08-09 05:39:45] 2026-08-09 05:39:45 | INFO     | KDClient 6 round 14 public KD (epochs=2)
[2026-08-09 05:39:55] 2026-08-09 05:39:55 | INFO     | KDClient 6 round 14 local training (epochs=3)
[2026-08-09 05:40:06] 2026-08-09 05:40:06 | INFO     | KDClient 6 round 14 completed (acc=0.9001, n=300)
[2026-08-09 05:40:06] 2026-08-09 05:40:06 | INFO     | KDClient 7 fit round 14 (tier=medium)
[2026-08-09 05:40:06] 2026-08-09 05:40:06 | INFO     | KDClient 7 round 14 public KD (epochs=2)
[2026-08-09 05:40:55] 2026-08-09 05:40:55 | INFO     | KDClient 7 round 14 local training (epochs=3)
[2026-08-09 05:41:53] 2026-08-09 05:41:53 | INFO     | KDClient 7 round 14 completed (acc=0.9187, n=300)
[2026-08-09 05:41:53] 2026-08-09 05:41:53 | INFO     | KDClient 8 fit round 14 (tier=medium)
[2026-08-09 05:41:53] 2026-08-09 05:41:53 | INFO     | KDClient 8 round 14 public KD (epochs=2)
[2026-08-09 05:42:41] 2026-08-09 05:42:41 | INFO     | KDClient 8 round 14 local training (epochs=3)
[2026-08-09 05:43:26] 2026-08-09 05:43:26 | INFO     | KDClient 8 round 14 completed (acc=0.9139, n=300)
[2026-08-09 05:43:26] 2026-08-09 05:43:26 | INFO     | KDClient 9 fit round 14 (tier=medium)
[2026-08-09 05:43:26] 2026-08-09 05:43:26 | INFO     | KDClient 9 round 14 public KD (epochs=2)
[2026-08-09 05:44:10] 2026-08-09 05:44:10 | INFO     | KDClient 9 round 14 local training (epochs=3)
[2026-08-09 05:44:49] 2026-08-09 05:44:49 | INFO     | KDClient 9 round 14 completed (acc=0.9188, n=300)
[2026-08-09 05:44:49] 2026-08-09 05:44:49 | INFO     | KDClient 10 fit round 14 (tier=medium)
[2026-08-09 05:44:49] 2026-08-09 05:44:49 | INFO     | KDClient 10 round 14 public KD (epochs=2)
[2026-08-09 05:45:55] 2026-08-09 05:45:55 | INFO     | KDClient 10 round 14 local training (epochs=3)
[2026-08-09 05:46:44] 2026-08-09 05:46:44 | INFO     | KDClient 10 round 14 completed (acc=0.9191, n=300)
[2026-08-09 05:46:44] 2026-08-09 05:46:44 | INFO     | KDClient 11 fit round 14 (tier=medium)
[2026-08-09 05:46:44] 2026-08-09 05:46:44 | INFO     | KDClient 11 round 14 public KD (epochs=2)
[2026-08-09 05:47:28] 2026-08-09 05:47:28 | INFO     | KDClient 11 round 14 local training (epochs=3)
[2026-08-09 05:48:07] 2026-08-09 05:48:07 | INFO     | KDClient 11 round 14 completed (acc=0.9304, n=300)
[2026-08-09 05:48:07] 2026-08-09 05:48:07 | INFO     | KDClient 12 fit round 14 (tier=medium)
[2026-08-09 05:48:07] 2026-08-09 05:48:07 | INFO     | KDClient 12 round 14 public KD (epochs=2)
[2026-08-09 05:48:54] 2026-08-09 05:48:54 | INFO     | KDClient 12 round 14 local training (epochs=3)
[2026-08-09 05:49:34] 2026-08-09 05:49:34 | INFO     | KDClient 12 round 14 completed (acc=0.9215, n=300)
[2026-08-09 05:49:34] 2026-08-09 05:49:34 | INFO     | KDClient 13 fit round 14 (tier=medium)
[2026-08-09 05:49:34] 2026-08-09 05:49:34 | INFO     | KDClient 13 round 14 public KD (epochs=2)
[2026-08-09 05:50:16] 2026-08-09 05:50:16 | INFO     | KDClient 13 round 14 local training (epochs=3)
[2026-08-09 05:51:01] 2026-08-09 05:51:01 | INFO     | KDClient 13 round 14 completed (acc=0.9304, n=300)
[2026-08-09 05:51:01] 2026-08-09 05:51:01 | INFO     | KDClient 14 fit round 14 (tier=large)
[2026-08-09 05:51:01] 2026-08-09 05:51:01 | INFO     | KDClient 14 round 14 public KD (epochs=2)
[2026-08-09 05:52:09] 2026-08-09 05:52:09 | INFO     | KDClient 14 round 14 local training (epochs=3)
[2026-08-09 05:53:28] 2026-08-09 05:53:28 | INFO     | KDClient 14 round 14 completed (acc=0.9232, n=300)
[2026-08-09 05:53:28] 2026-08-09 05:53:28 | INFO     | KDClient 15 fit round 14 (tier=large)
[2026-08-09 05:53:28] 2026-08-09 05:53:28 | INFO     | KDClient 15 round 14 public KD (epochs=2)
[2026-08-09 05:54:41] 2026-08-09 05:54:41 | INFO     | KDClient 15 round 14 local training (epochs=3)
[2026-08-09 05:55:49] 2026-08-09 05:55:49 | INFO     | KDClient 15 round 14 completed (acc=0.9200, n=300)
[2026-08-09 05:55:49] 2026-08-09 05:55:49 | INFO     | KDClient 16 fit round 14 (tier=large)
[2026-08-09 05:55:49] 2026-08-09 05:55:49 | INFO     | KDClient 16 round 14 public KD (epochs=2)
[2026-08-09 05:56:53] 2026-08-09 05:56:53 | INFO     | KDClient 16 round 14 local training (epochs=3)
[2026-08-09 05:58:18] 2026-08-09 05:58:18 | INFO     | KDClient 16 round 14 completed (acc=0.9214, n=300)
[2026-08-09 05:58:18] 2026-08-09 05:58:18 | INFO     | KDClient 17 fit round 14 (tier=large)
[2026-08-09 05:58:18] 2026-08-09 05:58:18 | INFO     | KDClient 17 round 14 public KD (epochs=2)
[2026-08-09 05:59:36] 2026-08-09 05:59:36 | INFO     | KDClient 17 round 14 local training (epochs=3)
[2026-08-09 06:00:33] 2026-08-09 06:00:33 | INFO     | KDClient 17 round 14 completed (acc=0.9280, n=300)
[2026-08-09 06:00:33] 2026-08-09 06:00:33 | INFO     | KDClient 18 fit round 14 (tier=large)
[2026-08-09 06:00:33] 2026-08-09 06:00:33 | INFO     | KDClient 18 round 14 public KD (epochs=2)
[2026-08-09 06:01:40] 2026-08-09 06:01:40 | INFO     | KDClient 18 round 14 local training (epochs=3)
[2026-08-09 06:02:49] 2026-08-09 06:02:49 | INFO     | KDClient 18 round 14 completed (acc=0.9265, n=300)
[2026-08-09 06:02:49] 2026-08-09 06:02:49 | INFO     | KDClient 19 fit round 14 (tier=large)
[2026-08-09 06:02:49] 2026-08-09 06:02:49 | INFO     | KDClient 19 round 14 public KD (epochs=2)
[2026-08-09 06:04:12] 2026-08-09 06:04:12 | INFO     | KDClient 19 round 14 local training (epochs=3)
[2026-08-09 06:05:43] 2026-08-09 06:05:43 | INFO     | KDClient 19 round 14 completed (acc=0.9287, n=300)
[2026-08-09 06:05:43]   Round  14/40 | Avg: 0.9109 | Min: 0.8729 | Max: 0.9304
[2026-08-09 06:05:43] 2026-08-09 06:05:43 | INFO     | FEDAKD — IID: round 15/40 starting
[2026-08-09 06:05:43] 2026-08-09 06:05:43 | INFO     | KDClient 0 fit round 15 (tier=small)
[2026-08-09 06:05:43] 2026-08-09 06:05:43 | INFO     | KDClient 0 round 15 public KD (epochs=2)
[2026-08-09 06:05:56] 2026-08-09 06:05:56 | INFO     | KDClient 0 round 15 local training (epochs=3)
[2026-08-09 06:06:18] 2026-08-09 06:06:18 | INFO     | KDClient 0 round 15 completed (acc=0.8772, n=300)
[2026-08-09 06:06:18] 2026-08-09 06:06:18 | INFO     | KDClient 1 fit round 15 (tier=small)
[2026-08-09 06:06:18] 2026-08-09 06:06:18 | INFO     | KDClient 1 round 15 public KD (epochs=2)
[2026-08-09 06:06:32] 2026-08-09 06:06:32 | INFO     | KDClient 1 round 15 local training (epochs=3)
[2026-08-09 06:06:57] 2026-08-09 06:06:57 | INFO     | KDClient 1 round 15 completed (acc=0.8931, n=300)
[2026-08-09 06:06:57] 2026-08-09 06:06:57 | INFO     | KDClient 2 fit round 15 (tier=small)
[2026-08-09 06:06:57] 2026-08-09 06:06:57 | INFO     | KDClient 2 round 15 public KD (epochs=2)
[2026-08-09 06:07:12] 2026-08-09 06:07:12 | INFO     | KDClient 2 round 15 local training (epochs=3)
[2026-08-09 06:07:27] 2026-08-09 06:07:27 | INFO     | KDClient 2 round 15 completed (acc=0.9113, n=300)
[2026-08-09 06:07:27] 2026-08-09 06:07:27 | INFO     | KDClient 3 fit round 15 (tier=small)
[2026-08-09 06:07:27] 2026-08-09 06:07:27 | INFO     | KDClient 3 round 15 public KD (epochs=2)
[2026-08-09 06:07:41] 2026-08-09 06:07:41 | INFO     | KDClient 3 round 15 local training (epochs=3)
[2026-08-09 06:08:06] 2026-08-09 06:08:06 | INFO     | KDClient 3 round 15 completed (acc=0.8826, n=300)
[2026-08-09 06:08:06] 2026-08-09 06:08:06 | INFO     | KDClient 4 fit round 15 (tier=small)
[2026-08-09 06:08:06] 2026-08-09 06:08:06 | INFO     | KDClient 4 round 15 public KD (epochs=2)
[2026-08-09 06:08:24] 2026-08-09 06:08:24 | INFO     | KDClient 4 round 15 local training (epochs=3)
[2026-08-09 06:08:44] 2026-08-09 06:08:44 | INFO     | KDClient 4 round 15 completed (acc=0.9012, n=300)
[2026-08-09 06:08:44] 2026-08-09 06:08:44 | INFO     | KDClient 5 fit round 15 (tier=small)
[2026-08-09 06:08:44] 2026-08-09 06:08:44 | INFO     | KDClient 5 round 15 public KD (epochs=2)
[2026-08-09 06:08:59] 2026-08-09 06:08:59 | INFO     | KDClient 5 round 15 local training (epochs=3)
[2026-08-09 06:09:23] 2026-08-09 06:09:23 | INFO     | KDClient 5 round 15 completed (acc=0.8781, n=300)
[2026-08-09 06:09:23] 2026-08-09 06:09:23 | INFO     | KDClient 6 fit round 15 (tier=small)
[2026-08-09 06:09:23] 2026-08-09 06:09:23 | INFO     | KDClient 6 round 15 public KD (epochs=2)
[2026-08-09 06:09:39] 2026-08-09 06:09:39 | INFO     | KDClient 6 round 15 local training (epochs=3)
[2026-08-09 06:10:03] 2026-08-09 06:10:03 | INFO     | KDClient 6 round 15 completed (acc=0.8999, n=300)
[2026-08-09 06:10:03] 2026-08-09 06:10:03 | INFO     | KDClient 7 fit round 15 (tier=medium)
[2026-08-09 06:10:03] 2026-08-09 06:10:03 | INFO     | KDClient 7 round 15 public KD (epochs=2)
[2026-08-09 06:11:10] 2026-08-09 06:11:10 | INFO     | KDClient 7 round 15 local training (epochs=3)
[2026-08-09 06:11:57] 2026-08-09 06:11:57 | INFO     | KDClient 7 round 15 completed (acc=0.9162, n=300)
[2026-08-09 06:11:57] 2026-08-09 06:11:57 | INFO     | KDClient 8 fit round 15 (tier=medium)
[2026-08-09 06:11:57] 2026-08-09 06:11:57 | INFO     | KDClient 8 round 15 public KD (epochs=2)
[2026-08-09 06:12:31] 2026-08-09 06:12:31 | INFO     | KDClient 8 round 15 local training (epochs=3)
[2026-08-09 06:13:21] 2026-08-09 06:13:21 | INFO     | KDClient 8 round 15 completed (acc=0.9187, n=300)
[2026-08-09 06:13:21] 2026-08-09 06:13:21 | INFO     | KDClient 9 fit round 15 (tier=medium)
[2026-08-09 06:13:21] 2026-08-09 06:13:21 | INFO     | KDClient 9 round 15 public KD (epochs=2)
[2026-08-09 06:14:11] 2026-08-09 06:14:11 | INFO     | KDClient 9 round 15 local training (epochs=3)
[2026-08-09 06:15:02] 2026-08-09 06:15:02 | INFO     | KDClient 9 round 15 completed (acc=0.9174, n=300)
[2026-08-09 06:15:02] 2026-08-09 06:15:02 | INFO     | KDClient 10 fit round 15 (tier=medium)
[2026-08-09 06:15:02] 2026-08-09 06:15:02 | INFO     | KDClient 10 round 15 public KD (epochs=2)
[2026-08-09 06:16:08] 2026-08-09 06:16:08 | INFO     | KDClient 10 round 15 local training (epochs=3)
[2026-08-09 06:16:55] 2026-08-09 06:16:55 | INFO     | KDClient 10 round 15 completed (acc=0.9236, n=300)
[2026-08-09 06:16:55] 2026-08-09 06:16:55 | INFO     | KDClient 11 fit round 15 (tier=medium)
[2026-08-09 06:16:55] 2026-08-09 06:16:55 | INFO     | KDClient 11 round 15 public KD (epochs=2)
[2026-08-09 06:17:44] 2026-08-09 06:17:44 | INFO     | KDClient 11 round 15 local training (epochs=3)
[2026-08-09 06:18:47] 2026-08-09 06:18:47 | INFO     | KDClient 11 round 15 completed (acc=0.9336, n=300)
[2026-08-09 06:18:47] 2026-08-09 06:18:47 | INFO     | KDClient 12 fit round 15 (tier=medium)
[2026-08-09 06:18:47] 2026-08-09 06:18:47 | INFO     | KDClient 12 round 15 public KD (epochs=2)
[2026-08-09 06:19:40] 2026-08-09 06:19:40 | INFO     | KDClient 12 round 15 local training (epochs=3)
[2026-08-09 06:20:50] 2026-08-09 06:20:49 | INFO     | KDClient 12 round 15 completed (acc=0.9250, n=300)
[2026-08-09 06:20:50] 2026-08-09 06:20:49 | INFO     | KDClient 13 fit round 15 (tier=medium)
[2026-08-09 06:20:50] 2026-08-09 06:20:49 | INFO     | KDClient 13 round 15 public KD (epochs=2)
[2026-08-09 06:21:46] 2026-08-09 06:21:46 | INFO     | KDClient 13 round 15 local training (epochs=3)
[2026-08-09 06:22:38] 2026-08-09 06:22:38 | INFO     | KDClient 13 round 15 completed (acc=0.9269, n=300)
[2026-08-09 06:22:38] 2026-08-09 06:22:38 | INFO     | KDClient 14 fit round 15 (tier=large)
[2026-08-09 06:22:38] 2026-08-09 06:22:38 | INFO     | KDClient 14 round 15 public KD (epochs=2)
[2026-08-09 06:23:56] 2026-08-09 06:23:56 | INFO     | KDClient 14 round 15 local training (epochs=3)
[2026-08-09 06:25:17] 2026-08-09 06:25:17 | INFO     | KDClient 14 round 15 completed (acc=0.9280, n=300)
[2026-08-09 06:25:17] 2026-08-09 06:25:17 | INFO     | KDClient 15 fit round 15 (tier=large)
[2026-08-09 06:25:17] 2026-08-09 06:25:17 | INFO     | KDClient 15 round 15 public KD (epochs=2)
[2026-08-09 06:26:37] 2026-08-09 06:26:37 | INFO     | KDClient 15 round 15 local training (epochs=3)
[2026-08-09 06:28:00] 2026-08-09 06:28:00 | INFO     | KDClient 15 round 15 completed (acc=0.9209, n=300)
[2026-08-09 06:28:00] 2026-08-09 06:28:00 | INFO     | KDClient 16 fit round 15 (tier=large)
[2026-08-09 06:28:00] 2026-08-09 06:28:00 | INFO     | KDClient 16 round 15 public KD (epochs=2)
[2026-08-09 06:29:09] 2026-08-09 06:29:09 | INFO     | KDClient 16 round 15 local training (epochs=3)
[2026-08-09 06:30:27] 2026-08-09 06:30:27 | INFO     | KDClient 16 round 15 completed (acc=0.9301, n=300)
[2026-08-09 06:30:27] 2026-08-09 06:30:27 | INFO     | KDClient 17 fit round 15 (tier=large)
[2026-08-09 06:30:27] 2026-08-09 06:30:27 | INFO     | KDClient 17 round 15 public KD (epochs=2)
[2026-08-09 06:31:51] 2026-08-09 06:31:51 | INFO     | KDClient 17 round 15 local training (epochs=3)
[2026-08-09 06:33:18] 2026-08-09 06:33:18 | INFO     | KDClient 17 round 15 completed (acc=0.9189, n=300)
[2026-08-09 06:33:18] 2026-08-09 06:33:18 | INFO     | KDClient 18 fit round 15 (tier=large)
[2026-08-09 06:33:18] 2026-08-09 06:33:18 | INFO     | KDClient 18 round 15 public KD (epochs=2)
[2026-08-09 06:34:32] 2026-08-09 06:34:32 | INFO     | KDClient 18 round 15 local training (epochs=3)
[2026-08-09 06:36:01] 2026-08-09 06:36:01 | INFO     | KDClient 18 round 15 completed (acc=0.9253, n=300)
[2026-08-09 06:36:01] 2026-08-09 06:36:01 | INFO     | KDClient 19 fit round 15 (tier=large)
[2026-08-09 06:36:01] 2026-08-09 06:36:01 | INFO     | KDClient 19 round 15 public KD (epochs=2)
[2026-08-09 06:37:26] 2026-08-09 06:37:26 | INFO     | KDClient 19 round 15 local training (epochs=3)
[2026-08-09 06:38:46] 2026-08-09 06:38:46 | INFO     | KDClient 19 round 15 completed (acc=0.9193, n=300)
[2026-08-09 06:38:46]   Round  15/40 | Avg: 0.9124 | Min: 0.8772 | Max: 0.9336
[2026-08-09 06:38:46] 2026-08-09 06:38:46 | INFO     | FEDAKD — IID: round 16/40 starting
[2026-08-09 06:38:46] 2026-08-09 06:38:46 | INFO     | KDClient 0 fit round 16 (tier=small)
[2026-08-09 06:38:46] 2026-08-09 06:38:46 | INFO     | KDClient 0 round 16 public KD (epochs=2)
[2026-08-09 06:39:03] 2026-08-09 06:39:03 | INFO     | KDClient 0 round 16 local training (epochs=3)
[2026-08-09 06:39:22] 2026-08-09 06:39:22 | INFO     | KDClient 0 round 16 completed (acc=0.8824, n=300)
[2026-08-09 06:39:22] 2026-08-09 06:39:22 | INFO     | KDClient 1 fit round 16 (tier=small)
[2026-08-09 06:39:22] 2026-08-09 06:39:22 | INFO     | KDClient 1 round 16 public KD (epochs=2)
[2026-08-09 06:39:38] 2026-08-09 06:39:38 | INFO     | KDClient 1 round 16 local training (epochs=3)
[2026-08-09 06:39:57] 2026-08-09 06:39:57 | INFO     | KDClient 1 round 16 completed (acc=0.8907, n=300)
[2026-08-09 06:39:57] 2026-08-09 06:39:57 | INFO     | KDClient 2 fit round 16 (tier=small)
[2026-08-09 06:39:57] 2026-08-09 06:39:57 | INFO     | KDClient 2 round 16 public KD (epochs=2)
[2026-08-09 06:40:16] 2026-08-09 06:40:16 | INFO     | KDClient 2 round 16 local training (epochs=3)
[2026-08-09 06:40:44] 2026-08-09 06:40:44 | INFO     | KDClient 2 round 16 completed (acc=0.9148, n=300)
[2026-08-09 06:40:44] 2026-08-09 06:40:44 | INFO     | KDClient 3 fit round 16 (tier=small)
[2026-08-09 06:40:44] 2026-08-09 06:40:44 | INFO     | KDClient 3 round 16 public KD (epochs=2)
[2026-08-09 06:41:00] 2026-08-09 06:41:00 | INFO     | KDClient 3 round 16 local training (epochs=3)
[2026-08-09 06:41:25] 2026-08-09 06:41:25 | INFO     | KDClient 3 round 16 completed (acc=0.8874, n=300)
[2026-08-09 06:41:25] 2026-08-09 06:41:25 | INFO     | KDClient 4 fit round 16 (tier=small)
[2026-08-09 06:41:25] 2026-08-09 06:41:25 | INFO     | KDClient 4 round 16 public KD (epochs=2)
[2026-08-09 06:41:40] 2026-08-09 06:41:40 | INFO     | KDClient 4 round 16 local training (epochs=3)
[2026-08-09 06:42:06] 2026-08-09 06:42:06 | INFO     | KDClient 4 round 16 completed (acc=0.8980, n=300)
[2026-08-09 06:42:06] 2026-08-09 06:42:06 | INFO     | KDClient 5 fit round 16 (tier=small)
[2026-08-09 06:42:06] 2026-08-09 06:42:06 | INFO     | KDClient 5 round 16 public KD (epochs=2)
[2026-08-09 06:42:24] 2026-08-09 06:42:24 | INFO     | KDClient 5 round 16 local training (epochs=3)
[2026-08-09 06:42:51] 2026-08-09 06:42:50 | INFO     | KDClient 5 round 16 completed (acc=0.8791, n=300)
[2026-08-09 06:42:51] 2026-08-09 06:42:50 | INFO     | KDClient 6 fit round 16 (tier=small)
[2026-08-09 06:42:51] 2026-08-09 06:42:50 | INFO     | KDClient 6 round 16 public KD (epochs=2)
[2026-08-09 06:43:23] 2026-08-09 06:43:23 | INFO     | KDClient 6 round 16 local training (epochs=3)
[2026-08-09 06:43:50] 2026-08-09 06:43:50 | INFO     | KDClient 6 round 16 completed (acc=0.8971, n=300)
[2026-08-09 06:43:50] 2026-08-09 06:43:50 | INFO     | KDClient 7 fit round 16 (tier=medium)
[2026-08-09 06:43:50] 2026-08-09 06:43:50 | INFO     | KDClient 7 round 16 public KD (epochs=2)
[2026-08-09 06:44:41] 2026-08-09 06:44:41 | INFO     | KDClient 7 round 16 local training (epochs=3)
[2026-08-09 06:45:45] 2026-08-09 06:45:45 | INFO     | KDClient 7 round 16 completed (acc=0.9237, n=300)
[2026-08-09 06:45:45] 2026-08-09 06:45:45 | INFO     | KDClient 8 fit round 16 (tier=medium)
[2026-08-09 06:45:45] 2026-08-09 06:45:45 | INFO     | KDClient 8 round 16 public KD (epochs=2)
[2026-08-09 06:46:52] 2026-08-09 06:46:52 | INFO     | KDClient 8 round 16 local training (epochs=3)
[2026-08-09 06:47:37] 2026-08-09 06:47:37 | INFO     | KDClient 8 round 16 completed (acc=0.9184, n=300)
[2026-08-09 06:47:37] 2026-08-09 06:47:37 | INFO     | KDClient 9 fit round 16 (tier=medium)
[2026-08-09 06:47:37] 2026-08-09 06:47:37 | INFO     | KDClient 9 round 16 public KD (epochs=2)
[2026-08-09 06:48:20] 2026-08-09 06:48:20 | INFO     | KDClient 9 round 16 local training (epochs=3)
[2026-08-09 06:49:03] 2026-08-09 06:49:03 | INFO     | KDClient 9 round 16 completed (acc=0.9192, n=300)
[2026-08-09 06:49:03] 2026-08-09 06:49:03 | INFO     | KDClient 10 fit round 16 (tier=medium)
[2026-08-09 06:49:03] 2026-08-09 06:49:03 | INFO     | KDClient 10 round 16 public KD (epochs=2)
[2026-08-09 06:49:41] 2026-08-09 06:49:41 | INFO     | KDClient 10 round 16 local training (epochs=3)
[2026-08-09 06:50:34] 2026-08-09 06:50:34 | INFO     | KDClient 10 round 16 completed (acc=0.9203, n=300)
[2026-08-09 06:50:34] 2026-08-09 06:50:34 | INFO     | KDClient 11 fit round 16 (tier=medium)
[2026-08-09 06:50:34] 2026-08-09 06:50:34 | INFO     | KDClient 11 round 16 public KD (epochs=2)
[2026-08-09 06:51:19] 2026-08-09 06:51:19 | INFO     | KDClient 11 round 16 local training (epochs=3)
[2026-08-09 06:52:19] 2026-08-09 06:52:19 | INFO     | KDClient 11 round 16 completed (acc=0.9320, n=300)
[2026-08-09 06:52:19] 2026-08-09 06:52:19 | INFO     | KDClient 12 fit round 16 (tier=medium)
[2026-08-09 06:52:19] 2026-08-09 06:52:19 | INFO     | KDClient 12 round 16 public KD (epochs=2)
[2026-08-09 06:52:59] 2026-08-09 06:52:59 | INFO     | KDClient 12 round 16 local training (epochs=3)
[2026-08-09 06:53:44] 2026-08-09 06:53:44 | INFO     | KDClient 12 round 16 completed (acc=0.9236, n=300)
[2026-08-09 06:53:44] 2026-08-09 06:53:44 | INFO     | KDClient 13 fit round 16 (tier=medium)
[2026-08-09 06:53:44] 2026-08-09 06:53:44 | INFO     | KDClient 13 round 16 public KD (epochs=2)
[2026-08-09 06:54:28] 2026-08-09 06:54:28 | INFO     | KDClient 13 round 16 local training (epochs=3)
[2026-08-09 06:55:15] 2026-08-09 06:55:15 | INFO     | KDClient 13 round 16 completed (acc=0.9291, n=300)
[2026-08-09 06:55:15] 2026-08-09 06:55:15 | INFO     | KDClient 14 fit round 16 (tier=large)
[2026-08-09 06:55:15] 2026-08-09 06:55:15 | INFO     | KDClient 14 round 16 public KD (epochs=2)
[2026-08-09 06:56:33] 2026-08-09 06:56:33 | INFO     | KDClient 14 round 16 local training (epochs=3)
[2026-08-09 06:57:32] 2026-08-09 06:57:32 | INFO     | KDClient 14 round 16 completed (acc=0.9262, n=300)
[2026-08-09 06:57:32] 2026-08-09 06:57:32 | INFO     | KDClient 15 fit round 16 (tier=large)
[2026-08-09 06:57:32] 2026-08-09 06:57:32 | INFO     | KDClient 15 round 16 public KD (epochs=2)
[2026-08-09 06:58:36] 2026-08-09 06:58:36 | INFO     | KDClient 15 round 16 local training (epochs=3)
[2026-08-09 07:00:10] 2026-08-09 07:00:10 | INFO     | KDClient 15 round 16 completed (acc=0.9230, n=300)
[2026-08-09 07:00:10] 2026-08-09 07:00:10 | INFO     | KDClient 16 fit round 16 (tier=large)
[2026-08-09 07:00:10] 2026-08-09 07:00:10 | INFO     | KDClient 16 round 16 public KD (epochs=2)
[2026-08-09 07:01:15] 2026-08-09 07:01:15 | INFO     | KDClient 16 round 16 local training (epochs=3)
[2026-08-09 07:02:15] 2026-08-09 07:02:15 | INFO     | KDClient 16 round 16 completed (acc=0.9139, n=300)
[2026-08-09 07:02:15] 2026-08-09 07:02:15 | INFO     | KDClient 17 fit round 16 (tier=large)
[2026-08-09 07:02:15] 2026-08-09 07:02:15 | INFO     | KDClient 17 round 16 public KD (epochs=2)
[2026-08-09 07:03:24] 2026-08-09 07:03:24 | INFO     | KDClient 17 round 16 local training (epochs=3)
[2026-08-09 07:04:57] 2026-08-09 07:04:56 | INFO     | KDClient 17 round 16 completed (acc=0.9304, n=300)
[2026-08-09 07:04:57] 2026-08-09 07:04:57 | INFO     | KDClient 18 fit round 16 (tier=large)
[2026-08-09 07:04:57] 2026-08-09 07:04:57 | INFO     | KDClient 18 round 16 public KD (epochs=2)
[2026-08-09 07:06:04] 2026-08-09 07:06:04 | INFO     | KDClient 18 round 16 local training (epochs=3)
[2026-08-09 07:07:25] 2026-08-09 07:07:25 | INFO     | KDClient 18 round 16 completed (acc=0.9309, n=300)
[2026-08-09 07:07:25] 2026-08-09 07:07:25 | INFO     | KDClient 19 fit round 16 (tier=large)
[2026-08-09 07:07:25] 2026-08-09 07:07:25 | INFO     | KDClient 19 round 16 public KD (epochs=2)
[2026-08-09 07:08:34] 2026-08-09 07:08:34 | INFO     | KDClient 19 round 16 local training (epochs=3)
[2026-08-09 07:09:47] 2026-08-09 07:09:47 | INFO     | KDClient 19 round 16 completed (acc=0.9252, n=300)
[2026-08-09 07:09:48]   Round  16/40 | Avg: 0.9133 | Min: 0.8791 | Max: 0.9320
[2026-08-09 07:09:48] 2026-08-09 07:09:48 | INFO     | FEDAKD — IID: round 17/40 starting
[2026-08-09 07:09:48] 2026-08-09 07:09:48 | INFO     | KDClient 0 fit round 17 (tier=small)
[2026-08-09 07:09:48] 2026-08-09 07:09:48 | INFO     | KDClient 0 round 17 public KD (epochs=2)
[2026-08-09 07:09:59] 2026-08-09 07:09:59 | INFO     | KDClient 0 round 17 local training (epochs=3)
[2026-08-09 07:10:16] 2026-08-09 07:10:16 | INFO     | KDClient 0 round 17 completed (acc=0.8671, n=300)
[2026-08-09 07:10:16] 2026-08-09 07:10:16 | INFO     | KDClient 1 fit round 17 (tier=small)
[2026-08-09 07:10:16] 2026-08-09 07:10:16 | INFO     | KDClient 1 round 17 public KD (epochs=2)
[2026-08-09 07:10:28] 2026-08-09 07:10:28 | INFO     | KDClient 1 round 17 local training (epochs=3)
[2026-08-09 07:10:52] 2026-08-09 07:10:52 | INFO     | KDClient 1 round 17 completed (acc=0.8914, n=300)
[2026-08-09 07:10:52] 2026-08-09 07:10:52 | INFO     | KDClient 2 fit round 17 (tier=small)
[2026-08-09 07:10:52] 2026-08-09 07:10:52 | INFO     | KDClient 2 round 17 public KD (epochs=2)
[2026-08-09 07:11:07] 2026-08-09 07:11:07 | INFO     | KDClient 2 round 17 local training (epochs=3)
[2026-08-09 07:11:25] 2026-08-09 07:11:25 | INFO     | KDClient 2 round 17 completed (acc=0.9062, n=300)
[2026-08-09 07:11:25] 2026-08-09 07:11:25 | INFO     | KDClient 3 fit round 17 (tier=small)
[2026-08-09 07:11:25] 2026-08-09 07:11:25 | INFO     | KDClient 3 round 17 public KD (epochs=2)
[2026-08-09 07:11:40] 2026-08-09 07:11:40 | INFO     | KDClient 3 round 17 local training (epochs=3)
[2026-08-09 07:12:01] 2026-08-09 07:12:01 | INFO     | KDClient 3 round 17 completed (acc=0.8714, n=300)
[2026-08-09 07:12:01] 2026-08-09 07:12:01 | INFO     | KDClient 4 fit round 17 (tier=small)
[2026-08-09 07:12:01] 2026-08-09 07:12:01 | INFO     | KDClient 4 round 17 public KD (epochs=2)
[2026-08-09 07:12:16] 2026-08-09 07:12:16 | INFO     | KDClient 4 round 17 local training (epochs=3)
[2026-08-09 07:12:40] 2026-08-09 07:12:40 | INFO     | KDClient 4 round 17 completed (acc=0.9055, n=300)
[2026-08-09 07:12:40] 2026-08-09 07:12:40 | INFO     | KDClient 5 fit round 17 (tier=small)
[2026-08-09 07:12:40] 2026-08-09 07:12:40 | INFO     | KDClient 5 round 17 public KD (epochs=2)
[2026-08-09 07:12:54] 2026-08-09 07:12:54 | INFO     | KDClient 5 round 17 local training (epochs=3)
[2026-08-09 07:13:16] 2026-08-09 07:13:15 | INFO     | KDClient 5 round 17 completed (acc=0.8791, n=300)
[2026-08-09 07:13:16] 2026-08-09 07:13:16 | INFO     | KDClient 6 fit round 17 (tier=small)
[2026-08-09 07:13:16] 2026-08-09 07:13:16 | INFO     | KDClient 6 round 17 public KD (epochs=2)
[2026-08-09 07:13:30] 2026-08-09 07:13:30 | INFO     | KDClient 6 round 17 local training (epochs=3)
[2026-08-09 07:13:51] 2026-08-09 07:13:51 | INFO     | KDClient 6 round 17 completed (acc=0.9023, n=300)
[2026-08-09 07:13:51] 2026-08-09 07:13:51 | INFO     | KDClient 7 fit round 17 (tier=medium)
[2026-08-09 07:13:51] 2026-08-09 07:13:51 | INFO     | KDClient 7 round 17 public KD (epochs=2)
[2026-08-09 07:14:42] 2026-08-09 07:14:42 | INFO     | KDClient 7 round 17 local training (epochs=3)
[2026-08-09 07:15:16] 2026-08-09 07:15:16 | INFO     | KDClient 7 round 17 completed (acc=0.9266, n=300)
[2026-08-09 07:15:16] 2026-08-09 07:15:16 | INFO     | KDClient 8 fit round 17 (tier=medium)
[2026-08-09 07:15:16] 2026-08-09 07:15:16 | INFO     | KDClient 8 round 17 public KD (epochs=2)
[2026-08-09 07:16:06] 2026-08-09 07:16:06 | INFO     | KDClient 8 round 17 local training (epochs=3)
[2026-08-09 07:16:52] 2026-08-09 07:16:52 | INFO     | KDClient 8 round 17 completed (acc=0.9048, n=300)
[2026-08-09 07:16:52] 2026-08-09 07:16:52 | INFO     | KDClient 9 fit round 17 (tier=medium)
[2026-08-09 07:16:52] 2026-08-09 07:16:52 | INFO     | KDClient 9 round 17 public KD (epochs=2)
[2026-08-09 07:17:28] 2026-08-09 07:17:28 | INFO     | KDClient 9 round 17 local training (epochs=3)
[2026-08-09 07:18:14] 2026-08-09 07:18:14 | INFO     | KDClient 9 round 17 completed (acc=0.9193, n=300)
[2026-08-09 07:18:14] 2026-08-09 07:18:14 | INFO     | KDClient 10 fit round 17 (tier=medium)
[2026-08-09 07:18:14] 2026-08-09 07:18:14 | INFO     | KDClient 10 round 17 public KD (epochs=2)
[2026-08-09 07:19:04] 2026-08-09 07:19:04 | INFO     | KDClient 10 round 17 local training (epochs=3)
[2026-08-09 07:19:43] 2026-08-09 07:19:43 | INFO     | KDClient 10 round 17 completed (acc=0.9223, n=300)
[2026-08-09 07:19:43] 2026-08-09 07:19:43 | INFO     | KDClient 11 fit round 17 (tier=medium)
[2026-08-09 07:19:43] 2026-08-09 07:19:43 | INFO     | KDClient 11 round 17 public KD (epochs=2)
[2026-08-09 07:20:28] 2026-08-09 07:20:28 | INFO     | KDClient 11 round 17 local training (epochs=3)
[2026-08-09 07:21:10] 2026-08-09 07:21:10 | INFO     | KDClient 11 round 17 completed (acc=0.9350, n=300)
[2026-08-09 07:21:10] 2026-08-09 07:21:10 | INFO     | KDClient 12 fit round 17 (tier=medium)
[2026-08-09 07:21:10] 2026-08-09 07:21:10 | INFO     | KDClient 12 round 17 public KD (epochs=2)
[2026-08-09 07:21:52] 2026-08-09 07:21:52 | INFO     | KDClient 12 round 17 local training (epochs=3)
[2026-08-09 07:22:42] 2026-08-09 07:22:42 | INFO     | KDClient 12 round 17 completed (acc=0.9215, n=300)
[2026-08-09 07:22:42] 2026-08-09 07:22:42 | INFO     | KDClient 13 fit round 17 (tier=medium)
[2026-08-09 07:22:42] 2026-08-09 07:22:42 | INFO     | KDClient 13 round 17 public KD (epochs=2)
[2026-08-09 07:23:47] 2026-08-09 07:23:47 | INFO     | KDClient 13 round 17 local training (epochs=3)
[2026-08-09 07:24:35] 2026-08-09 07:24:35 | INFO     | KDClient 13 round 17 completed (acc=0.9274, n=300)
[2026-08-09 07:24:35] 2026-08-09 07:24:35 | INFO     | KDClient 14 fit round 17 (tier=large)
[2026-08-09 07:24:35] 2026-08-09 07:24:35 | INFO     | KDClient 14 round 17 public KD (epochs=2)
[2026-08-09 07:25:46] 2026-08-09 07:25:46 | INFO     | KDClient 14 round 17 local training (epochs=3)
[2026-08-09 07:27:11] 2026-08-09 07:27:11 | INFO     | KDClient 14 round 17 completed (acc=0.9300, n=300)
[2026-08-09 07:27:11] 2026-08-09 07:27:11 | INFO     | KDClient 15 fit round 17 (tier=large)
[2026-08-09 07:27:11] 2026-08-09 07:27:11 | INFO     | KDClient 15 round 17 public KD (epochs=2)
[2026-08-09 07:28:33] 2026-08-09 07:28:33 | INFO     | KDClient 15 round 17 local training (epochs=3)
[2026-08-09 07:29:48] 2026-08-09 07:29:48 | INFO     | KDClient 15 round 17 completed (acc=0.9312, n=300)
[2026-08-09 07:29:48] 2026-08-09 07:29:48 | INFO     | KDClient 16 fit round 17 (tier=large)
[2026-08-09 07:29:48] 2026-08-09 07:29:48 | INFO     | KDClient 16 round 17 public KD (epochs=2)
[2026-08-09 07:31:04] 2026-08-09 07:31:04 | INFO     | KDClient 16 round 17 local training (epochs=3)
[2026-08-09 07:32:49] 2026-08-09 07:32:49 | INFO     | KDClient 16 round 17 completed (acc=0.9284, n=300)
[2026-08-09 07:32:49] 2026-08-09 07:32:49 | INFO     | KDClient 17 fit round 17 (tier=large)
[2026-08-09 07:32:49] 2026-08-09 07:32:49 | INFO     | KDClient 17 round 17 public KD (epochs=2)
[2026-08-09 07:34:18] 2026-08-09 07:34:18 | INFO     | KDClient 17 round 17 local training (epochs=3)
[2026-08-09 07:35:53] 2026-08-09 07:35:53 | INFO     | KDClient 17 round 17 completed (acc=0.9181, n=300)
[2026-08-09 07:35:53] 2026-08-09 07:35:53 | INFO     | KDClient 18 fit round 17 (tier=large)
[2026-08-09 07:35:53] 2026-08-09 07:35:53 | INFO     | KDClient 18 round 17 public KD (epochs=2)
[2026-08-09 07:37:06] 2026-08-09 07:37:06 | INFO     | KDClient 18 round 17 local training (epochs=3)
[2026-08-09 07:38:42] 2026-08-09 07:38:42 | INFO     | KDClient 18 round 17 completed (acc=0.9258, n=300)
[2026-08-09 07:38:42] 2026-08-09 07:38:42 | INFO     | KDClient 19 fit round 17 (tier=large)
[2026-08-09 07:38:42] 2026-08-09 07:38:42 | INFO     | KDClient 19 round 17 public KD (epochs=2)
[2026-08-09 07:39:47] 2026-08-09 07:39:47 | INFO     | KDClient 19 round 17 local training (epochs=3)
[2026-08-09 07:40:54] 2026-08-09 07:40:54 | INFO     | KDClient 19 round 17 completed (acc=0.9286, n=300)
[2026-08-09 07:40:54]   Round  17/40 | Avg: 0.9121 | Min: 0.8671 | Max: 0.9350
[2026-08-09 07:40:54] 2026-08-09 07:40:54 | INFO     | FEDAKD — IID: round 18/40 starting
[2026-08-09 07:40:54] 2026-08-09 07:40:54 | INFO     | KDClient 0 fit round 18 (tier=small)
[2026-08-09 07:40:54] 2026-08-09 07:40:54 | INFO     | KDClient 0 round 18 public KD (epochs=2)
[2026-08-09 07:41:11] 2026-08-09 07:41:11 | INFO     | KDClient 0 round 18 local training (epochs=3)
[2026-08-09 07:41:39] 2026-08-09 07:41:39 | INFO     | KDClient 0 round 18 completed (acc=0.8745, n=300)
[2026-08-09 07:41:39] 2026-08-09 07:41:39 | INFO     | KDClient 1 fit round 18 (tier=small)
[2026-08-09 07:41:39] 2026-08-09 07:41:39 | INFO     | KDClient 1 round 18 public KD (epochs=2)
[2026-08-09 07:41:53] 2026-08-09 07:41:52 | INFO     | KDClient 1 round 18 local training (epochs=3)
[2026-08-09 07:42:19] 2026-08-09 07:42:19 | INFO     | KDClient 1 round 18 completed (acc=0.8933, n=300)
[2026-08-09 07:42:19] 2026-08-09 07:42:19 | INFO     | KDClient 2 fit round 18 (tier=small)
[2026-08-09 07:42:19] 2026-08-09 07:42:19 | INFO     | KDClient 2 round 18 public KD (epochs=2)
[2026-08-09 07:42:38] 2026-08-09 07:42:38 | INFO     | KDClient 2 round 18 local training (epochs=3)
[2026-08-09 07:43:03] 2026-08-09 07:43:03 | INFO     | KDClient 2 round 18 completed (acc=0.9102, n=300)
[2026-08-09 07:43:03] 2026-08-09 07:43:03 | INFO     | KDClient 3 fit round 18 (tier=small)
[2026-08-09 07:43:03] 2026-08-09 07:43:03 | INFO     | KDClient 3 round 18 public KD (epochs=2)
[2026-08-09 07:43:23] 2026-08-09 07:43:23 | INFO     | KDClient 3 round 18 local training (epochs=3)
[2026-08-09 07:43:49] 2026-08-09 07:43:49 | INFO     | KDClient 3 round 18 completed (acc=0.8770, n=300)
[2026-08-09 07:43:49] 2026-08-09 07:43:49 | INFO     | KDClient 4 fit round 18 (tier=small)
[2026-08-09 07:43:49] 2026-08-09 07:43:49 | INFO     | KDClient 4 round 18 public KD (epochs=2)
[2026-08-09 07:44:03] 2026-08-09 07:44:03 | INFO     | KDClient 4 round 18 local training (epochs=3)
[2026-08-09 07:44:30] 2026-08-09 07:44:30 | INFO     | KDClient 4 round 18 completed (acc=0.9019, n=300)
[2026-08-09 07:44:30] 2026-08-09 07:44:30 | INFO     | KDClient 5 fit round 18 (tier=small)
[2026-08-09 07:44:30] 2026-08-09 07:44:30 | INFO     | KDClient 5 round 18 public KD (epochs=2)
[2026-08-09 07:44:47] 2026-08-09 07:44:47 | INFO     | KDClient 5 round 18 local training (epochs=3)
[2026-08-09 07:45:10] 2026-08-09 07:45:10 | INFO     | KDClient 5 round 18 completed (acc=0.8779, n=300)
[2026-08-09 07:45:10] 2026-08-09 07:45:10 | INFO     | KDClient 6 fit round 18 (tier=small)
[2026-08-09 07:45:10] 2026-08-09 07:45:10 | INFO     | KDClient 6 round 18 public KD (epochs=2)
[2026-08-09 07:45:27] 2026-08-09 07:45:27 | INFO     | KDClient 6 round 18 local training (epochs=3)
[2026-08-09 07:45:54] 2026-08-09 07:45:54 | INFO     | KDClient 6 round 18 completed (acc=0.8998, n=300)
[2026-08-09 07:45:54] 2026-08-09 07:45:54 | INFO     | KDClient 7 fit round 18 (tier=medium)
[2026-08-09 07:45:54] 2026-08-09 07:45:54 | INFO     | KDClient 7 round 18 public KD (epochs=2)
[2026-08-09 07:46:52] 2026-08-09 07:46:52 | INFO     | KDClient 7 round 18 local training (epochs=3)
[2026-08-09 07:47:56] 2026-08-09 07:47:56 | INFO     | KDClient 7 round 18 completed (acc=0.9288, n=300)
[2026-08-09 07:47:56] 2026-08-09 07:47:56 | INFO     | KDClient 8 fit round 18 (tier=medium)
[2026-08-09 07:47:56] 2026-08-09 07:47:56 | INFO     | KDClient 8 round 18 public KD (epochs=2)
[2026-08-09 07:48:36] 2026-08-09 07:48:36 | INFO     | KDClient 8 round 18 local training (epochs=3)
[2026-08-09 07:49:16] 2026-08-09 07:49:16 | INFO     | KDClient 8 round 18 completed (acc=0.9217, n=300)
[2026-08-09 07:49:16] 2026-08-09 07:49:16 | INFO     | KDClient 9 fit round 18 (tier=medium)
[2026-08-09 07:49:16] 2026-08-09 07:49:16 | INFO     | KDClient 9 round 18 public KD (epochs=2)
[2026-08-09 07:50:02] 2026-08-09 07:50:02 | INFO     | KDClient 9 round 18 local training (epochs=3)
[2026-08-09 07:50:44] 2026-08-09 07:50:44 | INFO     | KDClient 9 round 18 completed (acc=0.9212, n=300)
[2026-08-09 07:50:44] 2026-08-09 07:50:44 | INFO     | KDClient 10 fit round 18 (tier=medium)
[2026-08-09 07:50:44] 2026-08-09 07:50:44 | INFO     | KDClient 10 round 18 public KD (epochs=2)
[2026-08-09 07:51:36] 2026-08-09 07:51:36 | INFO     | KDClient 10 round 18 local training (epochs=3)
[2026-08-09 07:52:20] 2026-08-09 07:52:20 | INFO     | KDClient 10 round 18 completed (acc=0.9207, n=300)
[2026-08-09 07:52:20] 2026-08-09 07:52:20 | INFO     | KDClient 11 fit round 18 (tier=medium)
[2026-08-09 07:52:20] 2026-08-09 07:52:20 | INFO     | KDClient 11 round 18 public KD (epochs=2)
[2026-08-09 07:53:30] 2026-08-09 07:53:30 | INFO     | KDClient 11 round 18 local training (epochs=3)
[2026-08-09 07:54:34] 2026-08-09 07:54:34 | INFO     | KDClient 11 round 18 completed (acc=0.9342, n=300)
[2026-08-09 07:54:34] 2026-08-09 07:54:34 | INFO     | KDClient 12 fit round 18 (tier=medium)
[2026-08-09 07:54:34] 2026-08-09 07:54:34 | INFO     | KDClient 12 round 18 public KD (epochs=2)
[2026-08-09 07:55:27] 2026-08-09 07:55:27 | INFO     | KDClient 12 round 18 local training (epochs=3)
[2026-08-09 07:56:06] 2026-08-09 07:56:06 | INFO     | KDClient 12 round 18 completed (acc=0.9223, n=300)
[2026-08-09 07:56:06] 2026-08-09 07:56:06 | INFO     | KDClient 13 fit round 18 (tier=medium)
[2026-08-09 07:56:06] 2026-08-09 07:56:06 | INFO     | KDClient 13 round 18 public KD (epochs=2)
[2026-08-09 07:56:56] 2026-08-09 07:56:56 | INFO     | KDClient 13 round 18 local training (epochs=3)
[2026-08-09 07:57:57] 2026-08-09 07:57:57 | INFO     | KDClient 13 round 18 completed (acc=0.9317, n=300)
[2026-08-09 07:57:57] 2026-08-09 07:57:57 | INFO     | KDClient 14 fit round 18 (tier=large)
[2026-08-09 07:57:57] 2026-08-09 07:57:57 | INFO     | KDClient 14 round 18 public KD (epochs=2)
[2026-08-09 07:59:06] 2026-08-09 07:59:06 | INFO     | KDClient 14 round 18 local training (epochs=3)
[2026-08-09 08:00:13] 2026-08-09 08:00:13 | INFO     | KDClient 14 round 18 completed (acc=0.9344, n=300)
[2026-08-09 08:00:13] 2026-08-09 08:00:13 | INFO     | KDClient 15 fit round 18 (tier=large)
[2026-08-09 08:00:13] 2026-08-09 08:00:13 | INFO     | KDClient 15 round 18 public KD (epochs=2)
[2026-08-09 08:01:03] 2026-08-09 08:01:03 | INFO     | KDClient 15 round 18 local training (epochs=3)
[2026-08-09 08:01:57] 2026-08-09 08:01:57 | INFO     | KDClient 15 round 18 completed (acc=0.9223, n=300)
[2026-08-09 08:01:57] 2026-08-09 08:01:57 | INFO     | KDClient 16 fit round 18 (tier=large)
[2026-08-09 08:01:57] 2026-08-09 08:01:57 | INFO     | KDClient 16 round 18 public KD (epochs=2)
[2026-08-09 08:03:06] 2026-08-09 08:03:06 | INFO     | KDClient 16 round 18 local training (epochs=3)
[2026-08-09 08:04:13] 2026-08-09 08:04:13 | INFO     | KDClient 16 round 18 completed (acc=0.9231, n=300)
[2026-08-09 08:04:13] 2026-08-09 08:04:13 | INFO     | KDClient 17 fit round 18 (tier=large)
[2026-08-09 08:04:13] 2026-08-09 08:04:13 | INFO     | KDClient 17 round 18 public KD (epochs=2)
[2026-08-09 08:05:15] 2026-08-09 08:05:15 | INFO     | KDClient 17 round 18 local training (epochs=3)
[2026-08-09 08:06:23] 2026-08-09 08:06:23 | INFO     | KDClient 17 round 18 completed (acc=0.9327, n=300)
[2026-08-09 08:06:23] 2026-08-09 08:06:23 | INFO     | KDClient 18 fit round 18 (tier=large)
[2026-08-09 08:06:23] 2026-08-09 08:06:23 | INFO     | KDClient 18 round 18 public KD (epochs=2)
[2026-08-09 08:07:38] 2026-08-09 08:07:38 | INFO     | KDClient 18 round 18 local training (epochs=3)
[2026-08-09 08:08:44] 2026-08-09 08:08:44 | INFO     | KDClient 18 round 18 completed (acc=0.9309, n=300)
[2026-08-09 08:08:44] 2026-08-09 08:08:44 | INFO     | KDClient 19 fit round 18 (tier=large)
[2026-08-09 08:08:44] 2026-08-09 08:08:44 | INFO     | KDClient 19 round 18 public KD (epochs=2)
[2026-08-09 08:09:47] 2026-08-09 08:09:47 | INFO     | KDClient 19 round 18 local training (epochs=3)
[2026-08-09 08:10:53] 2026-08-09 08:10:53 | INFO     | KDClient 19 round 18 completed (acc=0.9275, n=300)
[2026-08-09 08:10:53]   Round  18/40 | Avg: 0.9143 | Min: 0.8745 | Max: 0.9344
[2026-08-09 08:10:53] 2026-08-09 08:10:53 | INFO     | FEDAKD — IID: round 19/40 starting
[2026-08-09 08:10:53] 2026-08-09 08:10:53 | INFO     | KDClient 0 fit round 19 (tier=small)
[2026-08-09 08:10:53] 2026-08-09 08:10:53 | INFO     | KDClient 0 round 19 public KD (epochs=2)
[2026-08-09 08:11:06] 2026-08-09 08:11:06 | INFO     | KDClient 0 round 19 local training (epochs=3)
[2026-08-09 08:11:24] 2026-08-09 08:11:24 | INFO     | KDClient 0 round 19 completed (acc=0.8782, n=300)
[2026-08-09 08:11:24] 2026-08-09 08:11:24 | INFO     | KDClient 1 fit round 19 (tier=small)
[2026-08-09 08:11:24] 2026-08-09 08:11:24 | INFO     | KDClient 1 round 19 public KD (epochs=2)
[2026-08-09 08:11:35] 2026-08-09 08:11:35 | INFO     | KDClient 1 round 19 local training (epochs=3)
[2026-08-09 08:11:57] 2026-08-09 08:11:57 | INFO     | KDClient 1 round 19 completed (acc=0.9020, n=300)
[2026-08-09 08:11:57] 2026-08-09 08:11:57 | INFO     | KDClient 2 fit round 19 (tier=small)
[2026-08-09 08:11:57] 2026-08-09 08:11:57 | INFO     | KDClient 2 round 19 public KD (epochs=2)
[2026-08-09 08:12:10] 2026-08-09 08:12:10 | INFO     | KDClient 2 round 19 local training (epochs=3)
[2026-08-09 08:12:26] 2026-08-09 08:12:26 | INFO     | KDClient 2 round 19 completed (acc=0.9125, n=300)
[2026-08-09 08:12:26] 2026-08-09 08:12:26 | INFO     | KDClient 3 fit round 19 (tier=small)
[2026-08-09 08:12:26] 2026-08-09 08:12:26 | INFO     | KDClient 3 round 19 public KD (epochs=2)
[2026-08-09 08:12:48] 2026-08-09 08:12:48 | INFO     | KDClient 3 round 19 local training (epochs=3)
[2026-08-09 08:13:07] 2026-08-09 08:13:07 | INFO     | KDClient 3 round 19 completed (acc=0.8778, n=300)
[2026-08-09 08:13:07] 2026-08-09 08:13:07 | INFO     | KDClient 4 fit round 19 (tier=small)
[2026-08-09 08:13:07] 2026-08-09 08:13:07 | INFO     | KDClient 4 round 19 public KD (epochs=2)
[2026-08-09 08:13:24] 2026-08-09 08:13:24 | INFO     | KDClient 4 round 19 local training (epochs=3)
[2026-08-09 08:13:53] 2026-08-09 08:13:53 | INFO     | KDClient 4 round 19 completed (acc=0.9012, n=300)
[2026-08-09 08:13:53] 2026-08-09 08:13:53 | INFO     | KDClient 5 fit round 19 (tier=small)
[2026-08-09 08:13:53] 2026-08-09 08:13:53 | INFO     | KDClient 5 round 19 public KD (epochs=2)
[2026-08-09 08:14:11] 2026-08-09 08:14:11 | INFO     | KDClient 5 round 19 local training (epochs=3)
[2026-08-09 08:14:30] 2026-08-09 08:14:30 | INFO     | KDClient 5 round 19 completed (acc=0.8826, n=300)
[2026-08-09 08:14:30] 2026-08-09 08:14:30 | INFO     | KDClient 6 fit round 19 (tier=small)
[2026-08-09 08:14:30] 2026-08-09 08:14:30 | INFO     | KDClient 6 round 19 public KD (epochs=2)
[2026-08-09 08:14:43] 2026-08-09 08:14:43 | INFO     | KDClient 6 round 19 local training (epochs=3)
[2026-08-09 08:14:58] 2026-08-09 08:14:58 | INFO     | KDClient 6 round 19 completed (acc=0.9032, n=300)
[2026-08-09 08:14:58] 2026-08-09 08:14:58 | INFO     | KDClient 7 fit round 19 (tier=medium)
[2026-08-09 08:14:58] 2026-08-09 08:14:58 | INFO     | KDClient 7 round 19 public KD (epochs=2)
[2026-08-09 08:15:41] 2026-08-09 08:15:41 | INFO     | KDClient 7 round 19 local training (epochs=3)
[2026-08-09 08:16:24] 2026-08-09 08:16:24 | INFO     | KDClient 7 round 19 completed (acc=0.9291, n=300)
[2026-08-09 08:16:24] 2026-08-09 08:16:24 | INFO     | KDClient 8 fit round 19 (tier=medium)
[2026-08-09 08:16:24] 2026-08-09 08:16:24 | INFO     | KDClient 8 round 19 public KD (epochs=2)
[2026-08-09 08:17:26] 2026-08-09 08:17:26 | INFO     | KDClient 8 round 19 local training (epochs=3)
[2026-08-09 08:18:25] 2026-08-09 08:18:25 | INFO     | KDClient 8 round 19 completed (acc=0.9224, n=300)
[2026-08-09 08:18:25] 2026-08-09 08:18:25 | INFO     | KDClient 9 fit round 19 (tier=medium)
[2026-08-09 08:18:25] 2026-08-09 08:18:25 | INFO     | KDClient 9 round 19 public KD (epochs=2)
[2026-08-09 08:18:58] 2026-08-09 08:18:58 | INFO     | KDClient 9 round 19 local training (epochs=3)
[2026-08-09 08:19:43] 2026-08-09 08:19:43 | INFO     | KDClient 9 round 19 completed (acc=0.9205, n=300)
[2026-08-09 08:19:43] 2026-08-09 08:19:43 | INFO     | KDClient 10 fit round 19 (tier=medium)
[2026-08-09 08:19:43] 2026-08-09 08:19:43 | INFO     | KDClient 10 round 19 public KD (epochs=2)
[2026-08-09 08:20:25] 2026-08-09 08:20:25 | INFO     | KDClient 10 round 19 local training (epochs=3)
[2026-08-09 08:21:09] 2026-08-09 08:21:09 | INFO     | KDClient 10 round 19 completed (acc=0.9234, n=300)
[2026-08-09 08:21:09] 2026-08-09 08:21:09 | INFO     | KDClient 11 fit round 19 (tier=medium)
[2026-08-09 08:21:09] 2026-08-09 08:21:09 | INFO     | KDClient 11 round 19 public KD (epochs=2)
[2026-08-09 08:22:14] 2026-08-09 08:22:14 | INFO     | KDClient 11 round 19 local training (epochs=3)
[2026-08-09 08:23:02] 2026-08-09 08:23:02 | INFO     | KDClient 11 round 19 completed (acc=0.9295, n=300)
[2026-08-09 08:23:02] 2026-08-09 08:23:02 | INFO     | KDClient 12 fit round 19 (tier=medium)
[2026-08-09 08:23:02] 2026-08-09 08:23:02 | INFO     | KDClient 12 round 19 public KD (epochs=2)
[2026-08-09 08:23:57] 2026-08-09 08:23:57 | INFO     | KDClient 12 round 19 local training (epochs=3)
[2026-08-09 08:24:43] 2026-08-09 08:24:43 | INFO     | KDClient 12 round 19 completed (acc=0.9264, n=300)
[2026-08-09 08:24:43] 2026-08-09 08:24:43 | INFO     | KDClient 13 fit round 19 (tier=medium)
[2026-08-09 08:24:43] 2026-08-09 08:24:43 | INFO     | KDClient 13 round 19 public KD (epochs=2)
[2026-08-09 08:25:20] 2026-08-09 08:25:20 | INFO     | KDClient 13 round 19 local training (epochs=3)
[2026-08-09 08:26:06] 2026-08-09 08:26:06 | INFO     | KDClient 13 round 19 completed (acc=0.9229, n=300)
[2026-08-09 08:26:06] 2026-08-09 08:26:06 | INFO     | KDClient 14 fit round 19 (tier=large)
[2026-08-09 08:26:06] 2026-08-09 08:26:06 | INFO     | KDClient 14 round 19 public KD (epochs=2)
[2026-08-09 08:27:28] 2026-08-09 08:27:28 | INFO     | KDClient 14 round 19 local training (epochs=3)
[2026-08-09 08:28:57] 2026-08-09 08:28:57 | INFO     | KDClient 14 round 19 completed (acc=0.9349, n=300)
[2026-08-09 08:28:57] 2026-08-09 08:28:57 | INFO     | KDClient 15 fit round 19 (tier=large)
[2026-08-09 08:28:57] 2026-08-09 08:28:57 | INFO     | KDClient 15 round 19 public KD (epochs=2)
[2026-08-09 08:30:08] 2026-08-09 08:30:08 | INFO     | KDClient 15 round 19 local training (epochs=3)
[2026-08-09 08:31:39] 2026-08-09 08:31:39 | INFO     | KDClient 15 round 19 completed (acc=0.9229, n=300)
[2026-08-09 08:31:39] 2026-08-09 08:31:39 | INFO     | KDClient 16 fit round 19 (tier=large)
[2026-08-09 08:31:39] 2026-08-09 08:31:39 | INFO     | KDClient 16 round 19 public KD (epochs=2)
[2026-08-09 08:33:00] 2026-08-09 08:33:00 | INFO     | KDClient 16 round 19 local training (epochs=3)
[2026-08-09 08:34:03] 2026-08-09 08:34:03 | INFO     | KDClient 16 round 19 completed (acc=0.9235, n=300)
[2026-08-09 08:34:03] 2026-08-09 08:34:03 | INFO     | KDClient 17 fit round 19 (tier=large)
[2026-08-09 08:34:03] 2026-08-09 08:34:03 | INFO     | KDClient 17 round 19 public KD (epochs=2)
[2026-08-09 08:35:24] 2026-08-09 08:35:24 | INFO     | KDClient 17 round 19 local training (epochs=3)
[2026-08-09 08:36:48] 2026-08-09 08:36:48 | INFO     | KDClient 17 round 19 completed (acc=0.9242, n=300)
[2026-08-09 08:36:48] 2026-08-09 08:36:48 | INFO     | KDClient 18 fit round 19 (tier=large)
[2026-08-09 08:36:48] 2026-08-09 08:36:48 | INFO     | KDClient 18 round 19 public KD (epochs=2)
[2026-08-09 08:38:07] 2026-08-09 08:38:07 | INFO     | KDClient 18 round 19 local training (epochs=3)
[2026-08-09 08:39:34] 2026-08-09 08:39:34 | INFO     | KDClient 18 round 19 completed (acc=0.9231, n=300)
[2026-08-09 08:39:34] 2026-08-09 08:39:34 | INFO     | KDClient 19 fit round 19 (tier=large)
[2026-08-09 08:39:34] 2026-08-09 08:39:34 | INFO     | KDClient 19 round 19 public KD (epochs=2)
[2026-08-09 08:40:27] 2026-08-09 08:40:27 | INFO     | KDClient 19 round 19 local training (epochs=3)
[2026-08-09 08:41:52] 2026-08-09 08:41:52 | INFO     | KDClient 19 round 19 completed (acc=0.9243, n=300)
[2026-08-09 08:41:52]   Round  19/40 | Avg: 0.9142 | Min: 0.8778 | Max: 0.9349
[2026-08-09 08:41:52] 2026-08-09 08:41:52 | INFO     | FEDAKD — IID: round 20/40 starting
[2026-08-09 08:41:52] 2026-08-09 08:41:52 | INFO     | KDClient 0 fit round 20 (tier=small)
[2026-08-09 08:41:52] 2026-08-09 08:41:52 | INFO     | KDClient 0 round 20 public KD (epochs=2)
[2026-08-09 08:42:11] 2026-08-09 08:42:11 | INFO     | KDClient 0 round 20 local training (epochs=3)
[2026-08-09 08:42:38] 2026-08-09 08:42:38 | INFO     | KDClient 0 round 20 completed (acc=0.8780, n=300)
[2026-08-09 08:42:38] 2026-08-09 08:42:38 | INFO     | KDClient 1 fit round 20 (tier=small)
[2026-08-09 08:42:38] 2026-08-09 08:42:38 | INFO     | KDClient 1 round 20 public KD (epochs=2)
[2026-08-09 08:42:58] 2026-08-09 08:42:58 | INFO     | KDClient 1 round 20 local training (epochs=3)
[2026-08-09 08:43:36] 2026-08-09 08:43:36 | INFO     | KDClient 1 round 20 completed (acc=0.8980, n=300)
[2026-08-09 08:43:36] 2026-08-09 08:43:36 | INFO     | KDClient 2 fit round 20 (tier=small)
[2026-08-09 08:43:36] 2026-08-09 08:43:36 | INFO     | KDClient 2 round 20 public KD (epochs=2)
[2026-08-09 08:43:52] 2026-08-09 08:43:52 | INFO     | KDClient 2 round 20 local training (epochs=3)
[2026-08-09 08:44:20] 2026-08-09 08:44:20 | INFO     | KDClient 2 round 20 completed (acc=0.9152, n=300)
[2026-08-09 08:44:20] 2026-08-09 08:44:20 | INFO     | KDClient 3 fit round 20 (tier=small)
[2026-08-09 08:44:20] 2026-08-09 08:44:20 | INFO     | KDClient 3 round 20 public KD (epochs=2)
[2026-08-09 08:44:41] 2026-08-09 08:44:41 | INFO     | KDClient 3 round 20 local training (epochs=3)
[2026-08-09 08:45:07] 2026-08-09 08:45:07 | INFO     | KDClient 3 round 20 completed (acc=0.8816, n=300)
[2026-08-09 08:45:07] 2026-08-09 08:45:07 | INFO     | KDClient 4 fit round 20 (tier=small)
[2026-08-09 08:45:07] 2026-08-09 08:45:07 | INFO     | KDClient 4 round 20 public KD (epochs=2)
[2026-08-09 08:45:34] 2026-08-09 08:45:34 | INFO     | KDClient 4 round 20 local training (epochs=3)
[2026-08-09 08:45:56] 2026-08-09 08:45:56 | INFO     | KDClient 4 round 20 completed (acc=0.9044, n=300)
[2026-08-09 08:45:56] 2026-08-09 08:45:56 | INFO     | KDClient 5 fit round 20 (tier=small)
[2026-08-09 08:45:56] 2026-08-09 08:45:56 | INFO     | KDClient 5 round 20 public KD (epochs=2)
[2026-08-09 08:46:13] 2026-08-09 08:46:13 | INFO     | KDClient 5 round 20 local training (epochs=3)
[2026-08-09 08:46:37] 2026-08-09 08:46:37 | INFO     | KDClient 5 round 20 completed (acc=0.8708, n=300)
[2026-08-09 08:46:37] 2026-08-09 08:46:37 | INFO     | KDClient 6 fit round 20 (tier=small)
[2026-08-09 08:46:37] 2026-08-09 08:46:37 | INFO     | KDClient 6 round 20 public KD (epochs=2)
[2026-08-09 08:46:57] 2026-08-09 08:46:57 | INFO     | KDClient 6 round 20 local training (epochs=3)
[2026-08-09 08:47:23] 2026-08-09 08:47:23 | INFO     | KDClient 6 round 20 completed (acc=0.9047, n=300)
[2026-08-09 08:47:23] 2026-08-09 08:47:23 | INFO     | KDClient 7 fit round 20 (tier=medium)
[2026-08-09 08:47:23] 2026-08-09 08:47:23 | INFO     | KDClient 7 round 20 public KD (epochs=2)
[2026-08-09 08:48:16] 2026-08-09 08:48:16 | INFO     | KDClient 7 round 20 local training (epochs=3)
[2026-08-09 08:48:59] 2026-08-09 08:48:59 | INFO     | KDClient 7 round 20 completed (acc=0.9257, n=300)
[2026-08-09 08:48:59] 2026-08-09 08:48:59 | INFO     | KDClient 8 fit round 20 (tier=medium)
[2026-08-09 08:48:59] 2026-08-09 08:48:59 | INFO     | KDClient 8 round 20 public KD (epochs=2)
[2026-08-09 08:50:09] 2026-08-09 08:50:09 | INFO     | KDClient 8 round 20 local training (epochs=3)
[2026-08-09 08:51:19] 2026-08-09 08:51:19 | INFO     | KDClient 8 round 20 completed (acc=0.9182, n=300)
[2026-08-09 08:51:19] 2026-08-09 08:51:19 | INFO     | KDClient 9 fit round 20 (tier=medium)
[2026-08-09 08:51:19] 2026-08-09 08:51:19 | INFO     | KDClient 9 round 20 public KD (epochs=2)
[2026-08-09 08:52:11] 2026-08-09 08:52:11 | INFO     | KDClient 9 round 20 local training (epochs=3)
[2026-08-09 08:53:01] 2026-08-09 08:53:01 | INFO     | KDClient 9 round 20 completed (acc=0.9259, n=300)
[2026-08-09 08:53:01] 2026-08-09 08:53:01 | INFO     | KDClient 10 fit round 20 (tier=medium)
[2026-08-09 08:53:01] 2026-08-09 08:53:01 | INFO     | KDClient 10 round 20 public KD (epochs=2)
[2026-08-09 08:53:55] 2026-08-09 08:53:55 | INFO     | KDClient 10 round 20 local training (epochs=3)
[2026-08-09 08:54:58] 2026-08-09 08:54:58 | INFO     | KDClient 10 round 20 completed (acc=0.9237, n=300)
[2026-08-09 08:54:58] 2026-08-09 08:54:58 | INFO     | KDClient 11 fit round 20 (tier=medium)
[2026-08-09 08:54:58] 2026-08-09 08:54:58 | INFO     | KDClient 11 round 20 public KD (epochs=2)
[2026-08-09 08:55:45] 2026-08-09 08:55:45 | INFO     | KDClient 11 round 20 local training (epochs=3)
[2026-08-09 08:57:01] 2026-08-09 08:57:01 | INFO     | KDClient 11 round 20 completed (acc=0.9324, n=300)
[2026-08-09 08:57:01] 2026-08-09 08:57:01 | INFO     | KDClient 12 fit round 20 (tier=medium)
[2026-08-09 08:57:01] 2026-08-09 08:57:01 | INFO     | KDClient 12 round 20 public KD (epochs=2)
[2026-08-09 08:58:02] 2026-08-09 08:58:02 | INFO     | KDClient 12 round 20 local training (epochs=3)
[2026-08-09 08:58:47] 2026-08-09 08:58:47 | INFO     | KDClient 12 round 20 completed (acc=0.9247, n=300)
[2026-08-09 08:58:47] 2026-08-09 08:58:47 | INFO     | KDClient 13 fit round 20 (tier=medium)
[2026-08-09 08:58:47] 2026-08-09 08:58:47 | INFO     | KDClient 13 round 20 public KD (epochs=2)
[2026-08-09 08:59:32] 2026-08-09 08:59:32 | INFO     | KDClient 13 round 20 local training (epochs=3)
[2026-08-09 09:00:27] 2026-08-09 09:00:27 | INFO     | KDClient 13 round 20 completed (acc=0.9320, n=300)
[2026-08-09 09:00:27] 2026-08-09 09:00:27 | INFO     | KDClient 14 fit round 20 (tier=large)
[2026-08-09 09:00:27] 2026-08-09 09:00:27 | INFO     | KDClient 14 round 20 public KD (epochs=2)
[2026-08-09 09:01:27] 2026-08-09 09:01:27 | INFO     | KDClient 14 round 20 local training (epochs=3)
[2026-08-09 09:02:56] 2026-08-09 09:02:56 | INFO     | KDClient 14 round 20 completed (acc=0.9346, n=300)
[2026-08-09 09:02:56] 2026-08-09 09:02:56 | INFO     | KDClient 15 fit round 20 (tier=large)
[2026-08-09 09:02:56] 2026-08-09 09:02:56 | INFO     | KDClient 15 round 20 public KD (epochs=2)
[2026-08-09 09:04:22] 2026-08-09 09:04:22 | INFO     | KDClient 15 round 20 local training (epochs=3)
[2026-08-09 09:05:34] 2026-08-09 09:05:34 | INFO     | KDClient 15 round 20 completed (acc=0.9253, n=300)
[2026-08-09 09:05:34] 2026-08-09 09:05:34 | INFO     | KDClient 16 fit round 20 (tier=large)
[2026-08-09 09:05:34] 2026-08-09 09:05:34 | INFO     | KDClient 16 round 20 public KD (epochs=2)
[2026-08-09 09:06:49] 2026-08-09 09:06:49 | INFO     | KDClient 16 round 20 local training (epochs=3)
[2026-08-09 09:08:05] 2026-08-09 09:08:05 | INFO     | KDClient 16 round 20 completed (acc=0.9200, n=300)
[2026-08-09 09:08:05] 2026-08-09 09:08:05 | INFO     | KDClient 17 fit round 20 (tier=large)
[2026-08-09 09:08:05] 2026-08-09 09:08:05 | INFO     | KDClient 17 round 20 public KD (epochs=2)
[2026-08-09 09:09:11] 2026-08-09 09:09:11 | INFO     | KDClient 17 round 20 local training (epochs=3)
[2026-08-09 09:10:26] 2026-08-09 09:10:26 | INFO     | KDClient 17 round 20 completed (acc=0.9355, n=300)
[2026-08-09 09:10:26] 2026-08-09 09:10:26 | INFO     | KDClient 18 fit round 20 (tier=large)
[2026-08-09 09:10:26] 2026-08-09 09:10:26 | INFO     | KDClient 18 round 20 public KD (epochs=2)
[2026-08-09 09:11:24] 2026-08-09 09:11:24 | INFO     | KDClient 18 round 20 local training (epochs=3)
[2026-08-09 09:12:34] 2026-08-09 09:12:34 | INFO     | KDClient 18 round 20 completed (acc=0.9305, n=300)
[2026-08-09 09:12:34] 2026-08-09 09:12:34 | INFO     | KDClient 19 fit round 20 (tier=large)
[2026-08-09 09:12:34] 2026-08-09 09:12:34 | INFO     | KDClient 19 round 20 public KD (epochs=2)
[2026-08-09 09:13:57] 2026-08-09 09:13:57 | INFO     | KDClient 19 round 20 local training (epochs=3)
[2026-08-09 09:14:47] 2026-08-09 09:14:47 | INFO     | KDClient 19 round 20 completed (acc=0.9277, n=300)
[2026-08-09 09:14:47]   Round  20/40 | Avg: 0.9154 | Min: 0.8708 | Max: 0.9355
[2026-08-09 09:14:47] 2026-08-09 09:14:47 | INFO     | FEDAKD — IID: round 21/40 starting
[2026-08-09 09:14:47] 2026-08-09 09:14:47 | INFO     | KDClient 0 fit round 21 (tier=small)
[2026-08-09 09:14:47] 2026-08-09 09:14:47 | INFO     | KDClient 0 round 21 public KD (epochs=2)
[2026-08-09 09:14:57] 2026-08-09 09:14:57 | INFO     | KDClient 0 round 21 local training (epochs=3)
[2026-08-09 09:15:11] 2026-08-09 09:15:11 | INFO     | KDClient 0 round 21 completed (acc=0.8730, n=300)
[2026-08-09 09:15:11] 2026-08-09 09:15:11 | INFO     | KDClient 1 fit round 21 (tier=small)
[2026-08-09 09:15:11] 2026-08-09 09:15:11 | INFO     | KDClient 1 round 21 public KD (epochs=2)
[2026-08-09 09:15:24] 2026-08-09 09:15:24 | INFO     | KDClient 1 round 21 local training (epochs=3)
[2026-08-09 09:15:39] 2026-08-09 09:15:39 | INFO     | KDClient 1 round 21 completed (acc=0.8949, n=300)
[2026-08-09 09:15:39] 2026-08-09 09:15:39 | INFO     | KDClient 2 fit round 21 (tier=small)
[2026-08-09 09:15:39] 2026-08-09 09:15:39 | INFO     | KDClient 2 round 21 public KD (epochs=2)
[2026-08-09 09:15:50] 2026-08-09 09:15:50 | INFO     | KDClient 2 round 21 local training (epochs=3)
[2026-08-09 09:16:04] 2026-08-09 09:16:04 | INFO     | KDClient 2 round 21 completed (acc=0.9135, n=300)
[2026-08-09 09:16:04] 2026-08-09 09:16:04 | INFO     | KDClient 3 fit round 21 (tier=small)
[2026-08-09 09:16:04] 2026-08-09 09:16:04 | INFO     | KDClient 3 round 21 public KD (epochs=2)
[2026-08-09 09:16:15] 2026-08-09 09:16:15 | INFO     | KDClient 3 round 21 local training (epochs=3)
[2026-08-09 09:16:27] 2026-08-09 09:16:27 | INFO     | KDClient 3 round 21 completed (acc=0.8728, n=300)
[2026-08-09 09:16:27] 2026-08-09 09:16:27 | INFO     | KDClient 4 fit round 21 (tier=small)
[2026-08-09 09:16:27] 2026-08-09 09:16:27 | INFO     | KDClient 4 round 21 public KD (epochs=2)
[2026-08-09 09:16:38] 2026-08-09 09:16:38 | INFO     | KDClient 4 round 21 local training (epochs=3)
[2026-08-09 09:16:52] 2026-08-09 09:16:52 | INFO     | KDClient 4 round 21 completed (acc=0.8987, n=300)
[2026-08-09 09:16:52] 2026-08-09 09:16:52 | INFO     | KDClient 5 fit round 21 (tier=small)
[2026-08-09 09:16:52] 2026-08-09 09:16:52 | INFO     | KDClient 5 round 21 public KD (epochs=2)
[2026-08-09 09:17:05] 2026-08-09 09:17:05 | INFO     | KDClient 5 round 21 local training (epochs=3)
[2026-08-09 09:17:25] 2026-08-09 09:17:25 | INFO     | KDClient 5 round 21 completed (acc=0.8853, n=300)
[2026-08-09 09:17:25] 2026-08-09 09:17:25 | INFO     | KDClient 6 fit round 21 (tier=small)
[2026-08-09 09:17:25] 2026-08-09 09:17:25 | INFO     | KDClient 6 round 21 public KD (epochs=2)
[2026-08-09 09:17:38] 2026-08-09 09:17:38 | INFO     | KDClient 6 round 21 local training (epochs=3)
[2026-08-09 09:17:56] 2026-08-09 09:17:56 | INFO     | KDClient 6 round 21 completed (acc=0.9033, n=300)
[2026-08-09 09:17:56] 2026-08-09 09:17:56 | INFO     | KDClient 7 fit round 21 (tier=medium)
[2026-08-09 09:17:56] 2026-08-09 09:17:56 | INFO     | KDClient 7 round 21 public KD (epochs=2)
[2026-08-09 09:18:35] 2026-08-09 09:18:35 | INFO     | KDClient 7 round 21 local training (epochs=3)
[2026-08-09 09:19:12] 2026-08-09 09:19:12 | INFO     | KDClient 7 round 21 completed (acc=0.9231, n=300)
[2026-08-09 09:19:12] 2026-08-09 09:19:12 | INFO     | KDClient 8 fit round 21 (tier=medium)
[2026-08-09 09:19:12] 2026-08-09 09:19:12 | INFO     | KDClient 8 round 21 public KD (epochs=2)
[2026-08-09 09:20:11] 2026-08-09 09:20:11 | INFO     | KDClient 8 round 21 local training (epochs=3)
[2026-08-09 09:20:55] 2026-08-09 09:20:55 | INFO     | KDClient 8 round 21 completed (acc=0.9180, n=300)
[2026-08-09 09:20:55] 2026-08-09 09:20:55 | INFO     | KDClient 9 fit round 21 (tier=medium)
[2026-08-09 09:20:55] 2026-08-09 09:20:55 | INFO     | KDClient 9 round 21 public KD (epochs=2)
[2026-08-09 09:21:29] 2026-08-09 09:21:29 | INFO     | KDClient 9 round 21 local training (epochs=3)
[2026-08-09 09:22:05] 2026-08-09 09:22:05 | INFO     | KDClient 9 round 21 completed (acc=0.9212, n=300)
[2026-08-09 09:22:05] 2026-08-09 09:22:05 | INFO     | KDClient 10 fit round 21 (tier=medium)
[2026-08-09 09:22:05] 2026-08-09 09:22:05 | INFO     | KDClient 10 round 21 public KD (epochs=2)
[2026-08-09 09:22:50] 2026-08-09 09:22:50 | INFO     | KDClient 10 round 21 local training (epochs=3)
[2026-08-09 09:23:37] 2026-08-09 09:23:37 | INFO     | KDClient 10 round 21 completed (acc=0.9257, n=300)
[2026-08-09 09:23:37] 2026-08-09 09:23:37 | INFO     | KDClient 11 fit round 21 (tier=medium)
[2026-08-09 09:23:37] 2026-08-09 09:23:37 | INFO     | KDClient 11 round 21 public KD (epochs=2)
[2026-08-09 09:24:19] 2026-08-09 09:24:19 | INFO     | KDClient 11 round 21 local training (epochs=3)
[2026-08-09 09:25:00] 2026-08-09 09:25:00 | INFO     | KDClient 11 round 21 completed (acc=0.9276, n=300)
[2026-08-09 09:25:00] 2026-08-09 09:25:00 | INFO     | KDClient 12 fit round 21 (tier=medium)
[2026-08-09 09:25:00] 2026-08-09 09:25:00 | INFO     | KDClient 12 round 21 public KD (epochs=2)
[2026-08-09 09:25:49] 2026-08-09 09:25:49 | INFO     | KDClient 12 round 21 local training (epochs=3)
[2026-08-09 09:26:31] 2026-08-09 09:26:31 | INFO     | KDClient 12 round 21 completed (acc=0.9253, n=300)
[2026-08-09 09:26:31] 2026-08-09 09:26:31 | INFO     | KDClient 13 fit round 21 (tier=medium)
[2026-08-09 09:26:31] 2026-08-09 09:26:31 | INFO     | KDClient 13 round 21 public KD (epochs=2)
[2026-08-09 09:27:07] 2026-08-09 09:27:07 | INFO     | KDClient 13 round 21 local training (epochs=3)
[2026-08-09 09:27:39] 2026-08-09 09:27:39 | INFO     | KDClient 13 round 21 completed (acc=0.9231, n=300)
[2026-08-09 09:27:39] 2026-08-09 09:27:39 | INFO     | KDClient 14 fit round 21 (tier=large)
[2026-08-09 09:27:39] 2026-08-09 09:27:39 | INFO     | KDClient 14 round 21 public KD (epochs=2)
[2026-08-09 09:28:48] 2026-08-09 09:28:48 | INFO     | KDClient 14 round 21 local training (epochs=3)
[2026-08-09 09:29:41] 2026-08-09 09:29:41 | INFO     | KDClient 14 round 21 completed (acc=0.9239, n=300)
[2026-08-09 09:29:41] 2026-08-09 09:29:41 | INFO     | KDClient 15 fit round 21 (tier=large)
[2026-08-09 09:29:41] 2026-08-09 09:29:41 | INFO     | KDClient 15 round 21 public KD (epochs=2)
[2026-08-09 09:30:36] 2026-08-09 09:30:36 | INFO     | KDClient 15 round 21 local training (epochs=3)
[2026-08-09 09:31:55] 2026-08-09 09:31:55 | INFO     | KDClient 15 round 21 completed (acc=0.9259, n=300)
[2026-08-09 09:31:55] 2026-08-09 09:31:55 | INFO     | KDClient 16 fit round 21 (tier=large)
[2026-08-09 09:31:55] 2026-08-09 09:31:55 | INFO     | KDClient 16 round 21 public KD (epochs=2)
[2026-08-09 09:33:04] 2026-08-09 09:33:04 | INFO     | KDClient 16 round 21 local training (epochs=3)
[2026-08-09 09:34:20] 2026-08-09 09:34:20 | INFO     | KDClient 16 round 21 completed (acc=0.9182, n=300)
[2026-08-09 09:34:20] 2026-08-09 09:34:20 | INFO     | KDClient 17 fit round 21 (tier=large)
[2026-08-09 09:34:20] 2026-08-09 09:34:20 | INFO     | KDClient 17 round 21 public KD (epochs=2)
[2026-08-09 09:35:39] 2026-08-09 09:35:39 | INFO     | KDClient 17 round 21 local training (epochs=3)
[2026-08-09 09:36:51] 2026-08-09 09:36:51 | INFO     | KDClient 17 round 21 completed (acc=0.9202, n=300)
[2026-08-09 09:36:51] 2026-08-09 09:36:51 | INFO     | KDClient 18 fit round 21 (tier=large)
[2026-08-09 09:36:51] 2026-08-09 09:36:51 | INFO     | KDClient 18 round 21 public KD (epochs=2)
[2026-08-09 09:38:07] 2026-08-09 09:38:07 | INFO     | KDClient 18 round 21 local training (epochs=3)
[2026-08-09 09:39:14] 2026-08-09 09:39:14 | INFO     | KDClient 18 round 21 completed (acc=0.9273, n=300)
[2026-08-09 09:39:14] 2026-08-09 09:39:14 | INFO     | KDClient 19 fit round 21 (tier=large)
[2026-08-09 09:39:14] 2026-08-09 09:39:14 | INFO     | KDClient 19 round 21 public KD (epochs=2)
[2026-08-09 09:39:54] 2026-08-09 09:39:54 | INFO     | KDClient 19 round 21 local training (epochs=3)
[2026-08-09 09:41:13] 2026-08-09 09:41:13 | INFO     | KDClient 19 round 21 completed (acc=0.9227, n=300)
[2026-08-09 09:41:13]   Round  21/40 | Avg: 0.9122 | Min: 0.8728 | Max: 0.9276
[2026-08-09 09:41:13] 2026-08-09 09:41:13 | INFO     | FEDAKD — IID: round 22/40 starting
[2026-08-09 09:41:13] 2026-08-09 09:41:13 | INFO     | KDClient 0 fit round 22 (tier=small)
[2026-08-09 09:41:13] 2026-08-09 09:41:13 | INFO     | KDClient 0 round 22 public KD (epochs=2)
[2026-08-09 09:41:30] 2026-08-09 09:41:30 | INFO     | KDClient 0 round 22 local training (epochs=3)
[2026-08-09 09:41:48] 2026-08-09 09:41:48 | INFO     | KDClient 0 round 22 completed (acc=0.8808, n=300)
[2026-08-09 09:41:48] 2026-08-09 09:41:48 | INFO     | KDClient 1 fit round 22 (tier=small)
[2026-08-09 09:41:48] 2026-08-09 09:41:48 | INFO     | KDClient 1 round 22 public KD (epochs=2)
[2026-08-09 09:41:59] 2026-08-09 09:41:59 | INFO     | KDClient 1 round 22 local training (epochs=3)
[2026-08-09 09:42:11] 2026-08-09 09:42:11 | INFO     | KDClient 1 round 22 completed (acc=0.8937, n=300)
[2026-08-09 09:42:11] 2026-08-09 09:42:11 | INFO     | KDClient 2 fit round 22 (tier=small)
[2026-08-09 09:42:11] 2026-08-09 09:42:11 | INFO     | KDClient 2 round 22 public KD (epochs=2)
[2026-08-09 09:42:22] 2026-08-09 09:42:22 | INFO     | KDClient 2 round 22 local training (epochs=3)
[2026-08-09 09:42:38] 2026-08-09 09:42:38 | INFO     | KDClient 2 round 22 completed (acc=0.9097, n=300)
[2026-08-09 09:42:38] 2026-08-09 09:42:38 | INFO     | KDClient 3 fit round 22 (tier=small)
[2026-08-09 09:42:38] 2026-08-09 09:42:38 | INFO     | KDClient 3 round 22 public KD (epochs=2)
[2026-08-09 09:42:59] 2026-08-09 09:42:59 | INFO     | KDClient 3 round 22 local training (epochs=3)
[2026-08-09 09:43:24] 2026-08-09 09:43:24 | INFO     | KDClient 3 round 22 completed (acc=0.8797, n=300)
[2026-08-09 09:43:24] 2026-08-09 09:43:24 | INFO     | KDClient 4 fit round 22 (tier=small)
[2026-08-09 09:43:24] 2026-08-09 09:43:24 | INFO     | KDClient 4 round 22 public KD (epochs=2)
[2026-08-09 09:43:41] 2026-08-09 09:43:41 | INFO     | KDClient 4 round 22 local training (epochs=3)
[2026-08-09 09:44:06] 2026-08-09 09:44:06 | INFO     | KDClient 4 round 22 completed (acc=0.9076, n=300)
[2026-08-09 09:44:06] 2026-08-09 09:44:06 | INFO     | KDClient 5 fit round 22 (tier=small)
[2026-08-09 09:44:06] 2026-08-09 09:44:06 | INFO     | KDClient 5 round 22 public KD (epochs=2)
[2026-08-09 09:44:20] 2026-08-09 09:44:20 | INFO     | KDClient 5 round 22 local training (epochs=3)
[2026-08-09 09:44:43] 2026-08-09 09:44:43 | INFO     | KDClient 5 round 22 completed (acc=0.8878, n=300)
[2026-08-09 09:44:43] 2026-08-09 09:44:43 | INFO     | KDClient 6 fit round 22 (tier=small)
[2026-08-09 09:44:43] 2026-08-09 09:44:43 | INFO     | KDClient 6 round 22 public KD (epochs=2)
[2026-08-09 09:44:58] 2026-08-09 09:44:58 | INFO     | KDClient 6 round 22 local training (epochs=3)
[2026-08-09 09:45:19] 2026-08-09 09:45:19 | INFO     | KDClient 6 round 22 completed (acc=0.9095, n=300)
[2026-08-09 09:45:19] 2026-08-09 09:45:19 | INFO     | KDClient 7 fit round 22 (tier=medium)
[2026-08-09 09:45:19] 2026-08-09 09:45:19 | INFO     | KDClient 7 round 22 public KD (epochs=2)
[2026-08-09 09:46:24] 2026-08-09 09:46:24 | INFO     | KDClient 7 round 22 local training (epochs=3)
[2026-08-09 09:47:13] 2026-08-09 09:47:13 | INFO     | KDClient 7 round 22 completed (acc=0.9236, n=300)
[2026-08-09 09:47:13] 2026-08-09 09:47:13 | INFO     | KDClient 8 fit round 22 (tier=medium)
[2026-08-09 09:47:13] 2026-08-09 09:47:13 | INFO     | KDClient 8 round 22 public KD (epochs=2)
[2026-08-09 09:48:15] 2026-08-09 09:48:15 | INFO     | KDClient 8 round 22 local training (epochs=3)
[2026-08-09 09:49:05] 2026-08-09 09:49:05 | INFO     | KDClient 8 round 22 completed (acc=0.9203, n=300)
[2026-08-09 09:49:05] 2026-08-09 09:49:05 | INFO     | KDClient 9 fit round 22 (tier=medium)
[2026-08-09 09:49:05] 2026-08-09 09:49:05 | INFO     | KDClient 9 round 22 public KD (epochs=2)
[2026-08-09 09:50:14] 2026-08-09 09:50:14 | INFO     | KDClient 9 round 22 local training (epochs=3)
[2026-08-09 09:50:58] 2026-08-09 09:50:58 | INFO     | KDClient 9 round 22 completed (acc=0.9277, n=300)
[2026-08-09 09:50:58] 2026-08-09 09:50:58 | INFO     | KDClient 10 fit round 22 (tier=medium)
[2026-08-09 09:50:58] 2026-08-09 09:50:58 | INFO     | KDClient 10 round 22 public KD (epochs=2)
[2026-08-09 09:52:09] 2026-08-09 09:52:09 | INFO     | KDClient 10 round 22 local training (epochs=3)
[2026-08-09 09:52:58] 2026-08-09 09:52:58 | INFO     | KDClient 10 round 22 completed (acc=0.9267, n=300)
[2026-08-09 09:52:58] 2026-08-09 09:52:58 | INFO     | KDClient 11 fit round 22 (tier=medium)
[2026-08-09 09:52:58] 2026-08-09 09:52:58 | INFO     | KDClient 11 round 22 public KD (epochs=2)
[2026-08-09 09:53:39] 2026-08-09 09:53:39 | INFO     | KDClient 11 round 22 local training (epochs=3)
[2026-08-09 09:54:27] 2026-08-09 09:54:27 | INFO     | KDClient 11 round 22 completed (acc=0.9316, n=300)
[2026-08-09 09:54:27] 2026-08-09 09:54:27 | INFO     | KDClient 12 fit round 22 (tier=medium)
[2026-08-09 09:54:27] 2026-08-09 09:54:27 | INFO     | KDClient 12 round 22 public KD (epochs=2)
[2026-08-09 09:55:19] 2026-08-09 09:55:19 | INFO     | KDClient 12 round 22 local training (epochs=3)
[2026-08-09 09:56:18] 2026-08-09 09:56:18 | INFO     | KDClient 12 round 22 completed (acc=0.9267, n=300)
[2026-08-09 09:56:18] 2026-08-09 09:56:18 | INFO     | KDClient 13 fit round 22 (tier=medium)
[2026-08-09 09:56:18] 2026-08-09 09:56:18 | INFO     | KDClient 13 round 22 public KD (epochs=2)
[2026-08-09 09:57:12] 2026-08-09 09:57:12 | INFO     | KDClient 13 round 22 local training (epochs=3)
[2026-08-09 09:58:17] 2026-08-09 09:58:17 | INFO     | KDClient 13 round 22 completed (acc=0.9204, n=300)
[2026-08-09 09:58:17] 2026-08-09 09:58:17 | INFO     | KDClient 14 fit round 22 (tier=large)
[2026-08-09 09:58:17] 2026-08-09 09:58:17 | INFO     | KDClient 14 round 22 public KD (epochs=2)
[2026-08-09 09:59:47] 2026-08-09 09:59:47 | INFO     | KDClient 14 round 22 local training (epochs=3)
[2026-08-09 10:01:16] 2026-08-09 10:01:16 | INFO     | KDClient 14 round 22 completed (acc=0.9277, n=300)
[2026-08-09 10:01:16] 2026-08-09 10:01:16 | INFO     | KDClient 15 fit round 22 (tier=large)
[2026-08-09 10:01:16] 2026-08-09 10:01:16 | INFO     | KDClient 15 round 22 public KD (epochs=2)
[2026-08-09 10:02:53] 2026-08-09 10:02:53 | INFO     | KDClient 15 round 22 local training (epochs=3)
[2026-08-09 10:04:29] 2026-08-09 10:04:29 | INFO     | KDClient 15 round 22 completed (acc=0.9291, n=300)
[2026-08-09 10:04:29] 2026-08-09 10:04:29 | INFO     | KDClient 16 fit round 22 (tier=large)
[2026-08-09 10:04:29] 2026-08-09 10:04:29 | INFO     | KDClient 16 round 22 public KD (epochs=2)
[2026-08-09 10:06:01] 2026-08-09 10:06:01 | INFO     | KDClient 16 round 22 local training (epochs=3)
[2026-08-09 10:07:40] 2026-08-09 10:07:40 | INFO     | KDClient 16 round 22 completed (acc=0.9271, n=300)
[2026-08-09 10:07:40] 2026-08-09 10:07:40 | INFO     | KDClient 17 fit round 22 (tier=large)
[2026-08-09 10:07:40] 2026-08-09 10:07:40 | INFO     | KDClient 17 round 22 public KD (epochs=2)
[2026-08-09 10:09:01] 2026-08-09 10:09:01 | INFO     | KDClient 17 round 22 local training (epochs=3)
[2026-08-09 10:10:51] 2026-08-09 10:10:51 | INFO     | KDClient 17 round 22 completed (acc=0.9393, n=300)
[2026-08-09 10:10:51] 2026-08-09 10:10:51 | INFO     | KDClient 18 fit round 22 (tier=large)
[2026-08-09 10:10:51] 2026-08-09 10:10:51 | INFO     | KDClient 18 round 22 public KD (epochs=2)
[2026-08-09 10:12:13] 2026-08-09 10:12:13 | INFO     | KDClient 18 round 22 local training (epochs=3)
[2026-08-09 10:14:04] 2026-08-09 10:14:04 | INFO     | KDClient 18 round 22 completed (acc=0.9281, n=300)
[2026-08-09 10:14:04] 2026-08-09 10:14:04 | INFO     | KDClient 19 fit round 22 (tier=large)
[2026-08-09 10:14:04] 2026-08-09 10:14:04 | INFO     | KDClient 19 round 22 public KD (epochs=2)
[2026-08-09 10:15:26] 2026-08-09 10:15:26 | INFO     | KDClient 19 round 22 local training (epochs=3)
[2026-08-09 10:16:52] 2026-08-09 10:16:51 | INFO     | KDClient 19 round 22 completed (acc=0.9255, n=300)
[2026-08-09 10:16:52]   Round  22/40 | Avg: 0.9161 | Min: 0.8797 | Max: 0.9393
[2026-08-09 10:16:52] 2026-08-09 10:16:52 | INFO     | FEDAKD — IID: round 23/40 starting
[2026-08-09 10:16:52] 2026-08-09 10:16:52 | INFO     | KDClient 0 fit round 23 (tier=small)
[2026-08-09 10:16:52] 2026-08-09 10:16:52 | INFO     | KDClient 0 round 23 public KD (epochs=2)
[2026-08-09 10:17:11] 2026-08-09 10:17:11 | INFO     | KDClient 0 round 23 local training (epochs=3)
[2026-08-09 10:17:31] 2026-08-09 10:17:31 | INFO     | KDClient 0 round 23 completed (acc=0.8816, n=300)
[2026-08-09 10:17:31] 2026-08-09 10:17:31 | INFO     | KDClient 1 fit round 23 (tier=small)
[2026-08-09 10:17:31] 2026-08-09 10:17:31 | INFO     | KDClient 1 round 23 public KD (epochs=2)
[2026-08-09 10:17:43] 2026-08-09 10:17:43 | INFO     | KDClient 1 round 23 local training (epochs=3)
[2026-08-09 10:18:00] 2026-08-09 10:18:00 | INFO     | KDClient 1 round 23 completed (acc=0.8952, n=300)
[2026-08-09 10:18:00] 2026-08-09 10:18:00 | INFO     | KDClient 2 fit round 23 (tier=small)
[2026-08-09 10:18:00] 2026-08-09 10:18:00 | INFO     | KDClient 2 round 23 public KD (epochs=2)
[2026-08-09 10:18:12] 2026-08-09 10:18:12 | INFO     | KDClient 2 round 23 local training (epochs=3)
[2026-08-09 10:18:30] 2026-08-09 10:18:30 | INFO     | KDClient 2 round 23 completed (acc=0.9100, n=300)
[2026-08-09 10:18:30] 2026-08-09 10:18:30 | INFO     | KDClient 3 fit round 23 (tier=small)
[2026-08-09 10:18:30] 2026-08-09 10:18:30 | INFO     | KDClient 3 round 23 public KD (epochs=2)
[2026-08-09 10:18:42] 2026-08-09 10:18:42 | INFO     | KDClient 3 round 23 local training (epochs=3)
[2026-08-09 10:18:53] 2026-08-09 10:18:53 | INFO     | KDClient 3 round 23 completed (acc=0.8836, n=300)
[2026-08-09 10:18:53] 2026-08-09 10:18:53 | INFO     | KDClient 4 fit round 23 (tier=small)
[2026-08-09 10:18:53] 2026-08-09 10:18:53 | INFO     | KDClient 4 round 23 public KD (epochs=2)
[2026-08-09 10:19:06] 2026-08-09 10:19:06 | INFO     | KDClient 4 round 23 local training (epochs=3)
[2026-08-09 10:19:30] 2026-08-09 10:19:30 | INFO     | KDClient 4 round 23 completed (acc=0.9075, n=300)
[2026-08-09 10:19:30] 2026-08-09 10:19:30 | INFO     | KDClient 5 fit round 23 (tier=small)
[2026-08-09 10:19:30] 2026-08-09 10:19:30 | INFO     | KDClient 5 round 23 public KD (epochs=2)
[2026-08-09 10:19:44] 2026-08-09 10:19:44 | INFO     | KDClient 5 round 23 local training (epochs=3)
[2026-08-09 10:20:02] 2026-08-09 10:20:02 | INFO     | KDClient 5 round 23 completed (acc=0.8884, n=300)
[2026-08-09 10:20:02] 2026-08-09 10:20:02 | INFO     | KDClient 6 fit round 23 (tier=small)
[2026-08-09 10:20:02] 2026-08-09 10:20:02 | INFO     | KDClient 6 round 23 public KD (epochs=2)
[2026-08-09 10:20:18] 2026-08-09 10:20:18 | INFO     | KDClient 6 round 23 local training (epochs=3)
[2026-08-09 10:20:36] 2026-08-09 10:20:36 | INFO     | KDClient 6 round 23 completed (acc=0.9130, n=300)
[2026-08-09 10:20:36] 2026-08-09 10:20:36 | INFO     | KDClient 7 fit round 23 (tier=medium)
[2026-08-09 10:20:36] 2026-08-09 10:20:36 | INFO     | KDClient 7 round 23 public KD (epochs=2)
[2026-08-09 10:21:12] 2026-08-09 10:21:12 | INFO     | KDClient 7 round 23 local training (epochs=3)
[2026-08-09 10:21:59] 2026-08-09 10:21:59 | INFO     | KDClient 7 round 23 completed (acc=0.9226, n=300)
[2026-08-09 10:21:59] 2026-08-09 10:21:59 | INFO     | KDClient 8 fit round 23 (tier=medium)
[2026-08-09 10:21:59] 2026-08-09 10:21:59 | INFO     | KDClient 8 round 23 public KD (epochs=2)
[2026-08-09 10:22:43] 2026-08-09 10:22:43 | INFO     | KDClient 8 round 23 local training (epochs=3)
[2026-08-09 10:23:26] 2026-08-09 10:23:26 | INFO     | KDClient 8 round 23 completed (acc=0.9241, n=300)
[2026-08-09 10:23:26] 2026-08-09 10:23:26 | INFO     | KDClient 9 fit round 23 (tier=medium)
[2026-08-09 10:23:26] 2026-08-09 10:23:26 | INFO     | KDClient 9 round 23 public KD (epochs=2)
[2026-08-09 10:24:09] 2026-08-09 10:24:09 | INFO     | KDClient 9 round 23 local training (epochs=3)
[2026-08-09 10:24:46] 2026-08-09 10:24:46 | INFO     | KDClient 9 round 23 completed (acc=0.9247, n=300)
[2026-08-09 10:24:46] 2026-08-09 10:24:46 | INFO     | KDClient 10 fit round 23 (tier=medium)
[2026-08-09 10:24:46] 2026-08-09 10:24:46 | INFO     | KDClient 10 round 23 public KD (epochs=2)
[2026-08-09 10:25:28] 2026-08-09 10:25:28 | INFO     | KDClient 10 round 23 local training (epochs=3)
[2026-08-09 10:26:06] 2026-08-09 10:26:06 | INFO     | KDClient 10 round 23 completed (acc=0.9255, n=300)
[2026-08-09 10:26:06] 2026-08-09 10:26:06 | INFO     | KDClient 11 fit round 23 (tier=medium)
[2026-08-09 10:26:06] 2026-08-09 10:26:06 | INFO     | KDClient 11 round 23 public KD (epochs=2)
[2026-08-09 10:26:50] 2026-08-09 10:26:50 | INFO     | KDClient 11 round 23 local training (epochs=3)
[2026-08-09 10:27:34] 2026-08-09 10:27:34 | INFO     | KDClient 11 round 23 completed (acc=0.9347, n=300)
[2026-08-09 10:27:34] 2026-08-09 10:27:34 | INFO     | KDClient 12 fit round 23 (tier=medium)
[2026-08-09 10:27:34] 2026-08-09 10:27:34 | INFO     | KDClient 12 round 23 public KD (epochs=2)
[2026-08-09 10:28:14] 2026-08-09 10:28:14 | INFO     | KDClient 12 round 23 local training (epochs=3)
[2026-08-09 10:28:51] 2026-08-09 10:28:51 | INFO     | KDClient 12 round 23 completed (acc=0.9279, n=300)
[2026-08-09 10:28:51] 2026-08-09 10:28:51 | INFO     | KDClient 13 fit round 23 (tier=medium)
[2026-08-09 10:28:51] 2026-08-09 10:28:51 | INFO     | KDClient 13 round 23 public KD (epochs=2)
[2026-08-09 10:29:30] 2026-08-09 10:29:30 | INFO     | KDClient 13 round 23 local training (epochs=3)
[2026-08-09 10:30:18] 2026-08-09 10:30:18 | INFO     | KDClient 13 round 23 completed (acc=0.9348, n=300)
[2026-08-09 10:30:18] 2026-08-09 10:30:18 | INFO     | KDClient 14 fit round 23 (tier=large)
[2026-08-09 10:30:18] 2026-08-09 10:30:18 | INFO     | KDClient 14 round 23 public KD (epochs=2)
[2026-08-09 10:31:20] 2026-08-09 10:31:20 | INFO     | KDClient 14 round 23 local training (epochs=3)
[2026-08-09 10:32:25] 2026-08-09 10:32:25 | INFO     | KDClient 14 round 23 completed (acc=0.9280, n=300)
[2026-08-09 10:32:25] 2026-08-09 10:32:25 | INFO     | KDClient 15 fit round 23 (tier=large)
[2026-08-09 10:32:25] 2026-08-09 10:32:25 | INFO     | KDClient 15 round 23 public KD (epochs=2)
[2026-08-09 10:33:33] 2026-08-09 10:33:33 | INFO     | KDClient 15 round 23 local training (epochs=3)
[2026-08-09 10:35:04] 2026-08-09 10:35:04 | INFO     | KDClient 15 round 23 completed (acc=0.9275, n=300)
[2026-08-09 10:35:04] 2026-08-09 10:35:04 | INFO     | KDClient 16 fit round 23 (tier=large)
[2026-08-09 10:35:04] 2026-08-09 10:35:04 | INFO     | KDClient 16 round 23 public KD (epochs=2)
[2026-08-09 10:36:07] 2026-08-09 10:36:07 | INFO     | KDClient 16 round 23 local training (epochs=3)
[2026-08-09 10:37:32] 2026-08-09 10:37:32 | INFO     | KDClient 16 round 23 completed (acc=0.9321, n=300)
[2026-08-09 10:37:32] 2026-08-09 10:37:32 | INFO     | KDClient 17 fit round 23 (tier=large)
[2026-08-09 10:37:32] 2026-08-09 10:37:32 | INFO     | KDClient 17 round 23 public KD (epochs=2)
[2026-08-09 10:38:45] 2026-08-09 10:38:45 | INFO     | KDClient 17 round 23 local training (epochs=3)
[2026-08-09 10:39:49] 2026-08-09 10:39:49 | INFO     | KDClient 17 round 23 completed (acc=0.9370, n=300)
[2026-08-09 10:39:49] 2026-08-09 10:39:49 | INFO     | KDClient 18 fit round 23 (tier=large)
[2026-08-09 10:39:49] 2026-08-09 10:39:49 | INFO     | KDClient 18 round 23 public KD (epochs=2)
[2026-08-09 10:41:01] 2026-08-09 10:41:01 | INFO     | KDClient 18 round 23 local training (epochs=3)
[2026-08-09 10:42:20] 2026-08-09 10:42:20 | INFO     | KDClient 18 round 23 completed (acc=0.9319, n=300)
[2026-08-09 10:42:20] 2026-08-09 10:42:20 | INFO     | KDClient 19 fit round 23 (tier=large)
[2026-08-09 10:42:20] 2026-08-09 10:42:20 | INFO     | KDClient 19 round 23 public KD (epochs=2)
[2026-08-09 10:43:38] 2026-08-09 10:43:38 | INFO     | KDClient 19 round 23 local training (epochs=3)
[2026-08-09 10:44:39] 2026-08-09 10:44:39 | INFO     | KDClient 19 round 23 completed (acc=0.9200, n=300)
[2026-08-09 10:44:39]   Round  23/40 | Avg: 0.9175 | Min: 0.8816 | Max: 0.9370
[2026-08-09 10:44:39] 2026-08-09 10:44:39 | INFO     | FEDAKD — IID: round 24/40 starting
[2026-08-09 10:44:39] 2026-08-09 10:44:39 | INFO     | KDClient 0 fit round 24 (tier=small)
[2026-08-09 10:44:39] 2026-08-09 10:44:39 | INFO     | KDClient 0 round 24 public KD (epochs=2)
[2026-08-09 10:44:57] 2026-08-09 10:44:57 | INFO     | KDClient 0 round 24 local training (epochs=3)
[2026-08-09 10:45:18] 2026-08-09 10:45:18 | INFO     | KDClient 0 round 24 completed (acc=0.8785, n=300)
[2026-08-09 10:45:18] 2026-08-09 10:45:18 | INFO     | KDClient 1 fit round 24 (tier=small)
[2026-08-09 10:45:18] 2026-08-09 10:45:18 | INFO     | KDClient 1 round 24 public KD (epochs=2)
[2026-08-09 10:45:33] 2026-08-09 10:45:33 | INFO     | KDClient 1 round 24 local training (epochs=3)
[2026-08-09 10:45:55] 2026-08-09 10:45:55 | INFO     | KDClient 1 round 24 completed (acc=0.8959, n=300)
[2026-08-09 10:45:55] 2026-08-09 10:45:55 | INFO     | KDClient 2 fit round 24 (tier=small)
[2026-08-09 10:45:55] 2026-08-09 10:45:55 | INFO     | KDClient 2 round 24 public KD (epochs=2)
[2026-08-09 10:46:16] 2026-08-09 10:46:16 | INFO     | KDClient 2 round 24 local training (epochs=3)
[2026-08-09 10:46:30] 2026-08-09 10:46:30 | INFO     | KDClient 2 round 24 completed (acc=0.9079, n=300)
[2026-08-09 10:46:30] 2026-08-09 10:46:30 | INFO     | KDClient 3 fit round 24 (tier=small)
[2026-08-09 10:46:30] 2026-08-09 10:46:30 | INFO     | KDClient 3 round 24 public KD (epochs=2)
[2026-08-09 10:46:41] 2026-08-09 10:46:41 | INFO     | KDClient 3 round 24 local training (epochs=3)
[2026-08-09 10:47:03] 2026-08-09 10:47:03 | INFO     | KDClient 3 round 24 completed (acc=0.8792, n=300)
[2026-08-09 10:47:03] 2026-08-09 10:47:03 | INFO     | KDClient 4 fit round 24 (tier=small)
[2026-08-09 10:47:03] 2026-08-09 10:47:03 | INFO     | KDClient 4 round 24 public KD (epochs=2)
[2026-08-09 10:47:19] 2026-08-09 10:47:19 | INFO     | KDClient 4 round 24 local training (epochs=3)
[2026-08-09 10:47:43] 2026-08-09 10:47:43 | INFO     | KDClient 4 round 24 completed (acc=0.9046, n=300)
[2026-08-09 10:47:43] 2026-08-09 10:47:43 | INFO     | KDClient 5 fit round 24 (tier=small)
[2026-08-09 10:47:43] 2026-08-09 10:47:43 | INFO     | KDClient 5 round 24 public KD (epochs=2)
[2026-08-09 10:48:00] 2026-08-09 10:48:00 | INFO     | KDClient 5 round 24 local training (epochs=3)
[2026-08-09 10:48:19] 2026-08-09 10:48:19 | INFO     | KDClient 5 round 24 completed (acc=0.8833, n=300)
[2026-08-09 10:48:19] 2026-08-09 10:48:19 | INFO     | KDClient 6 fit round 24 (tier=small)
[2026-08-09 10:48:19] 2026-08-09 10:48:19 | INFO     | KDClient 6 round 24 public KD (epochs=2)
[2026-08-09 10:48:31] 2026-08-09 10:48:31 | INFO     | KDClient 6 round 24 local training (epochs=3)
[2026-08-09 10:48:44] 2026-08-09 10:48:44 | INFO     | KDClient 6 round 24 completed (acc=0.9068, n=300)
[2026-08-09 10:48:44] 2026-08-09 10:48:44 | INFO     | KDClient 7 fit round 24 (tier=medium)
[2026-08-09 10:48:44] 2026-08-09 10:48:44 | INFO     | KDClient 7 round 24 public KD (epochs=2)
[2026-08-09 10:49:21] 2026-08-09 10:49:21 | INFO     | KDClient 7 round 24 local training (epochs=3)
[2026-08-09 10:50:06] 2026-08-09 10:50:06 | INFO     | KDClient 7 round 24 completed (acc=0.9256, n=300)
[2026-08-09 10:50:06] 2026-08-09 10:50:06 | INFO     | KDClient 8 fit round 24 (tier=medium)
[2026-08-09 10:50:06] 2026-08-09 10:50:06 | INFO     | KDClient 8 round 24 public KD (epochs=2)
[2026-08-09 10:50:53] 2026-08-09 10:50:53 | INFO     | KDClient 8 round 24 local training (epochs=3)
[2026-08-09 10:51:46] 2026-08-09 10:51:46 | INFO     | KDClient 8 round 24 completed (acc=0.9145, n=300)
[2026-08-09 10:51:46] 2026-08-09 10:51:46 | INFO     | KDClient 9 fit round 24 (tier=medium)
[2026-08-09 10:51:46] 2026-08-09 10:51:46 | INFO     | KDClient 9 round 24 public KD (epochs=2)
[2026-08-09 10:52:51] 2026-08-09 10:52:51 | INFO     | KDClient 9 round 24 local training (epochs=3)
[2026-08-09 10:53:57] 2026-08-09 10:53:57 | INFO     | KDClient 9 round 24 completed (acc=0.9296, n=300)
[2026-08-09 10:53:57] 2026-08-09 10:53:57 | INFO     | KDClient 10 fit round 24 (tier=medium)
[2026-08-09 10:53:57] 2026-08-09 10:53:57 | INFO     | KDClient 10 round 24 public KD (epochs=2)
[2026-08-09 10:55:00] 2026-08-09 10:55:00 | INFO     | KDClient 10 round 24 local training (epochs=3)
[2026-08-09 10:55:39] 2026-08-09 10:55:39 | INFO     | KDClient 10 round 24 completed (acc=0.9272, n=300)
[2026-08-09 10:55:39] 2026-08-09 10:55:39 | INFO     | KDClient 11 fit round 24 (tier=medium)
[2026-08-09 10:55:39] 2026-08-09 10:55:39 | INFO     | KDClient 11 round 24 public KD (epochs=2)
[2026-08-09 10:56:43] 2026-08-09 10:56:43 | INFO     | KDClient 11 round 24 local training (epochs=3)
[2026-08-09 10:57:26] 2026-08-09 10:57:26 | INFO     | KDClient 11 round 24 completed (acc=0.9342, n=300)
[2026-08-09 10:57:26] 2026-08-09 10:57:26 | INFO     | KDClient 12 fit round 24 (tier=medium)
[2026-08-09 10:57:26] 2026-08-09 10:57:26 | INFO     | KDClient 12 round 24 public KD (epochs=2)
[2026-08-09 10:58:35] 2026-08-09 10:58:35 | INFO     | KDClient 12 round 24 local training (epochs=3)
[2026-08-09 10:59:48] 2026-08-09 10:59:48 | INFO     | KDClient 12 round 24 completed (acc=0.9196, n=300)
[2026-08-09 10:59:48] 2026-08-09 10:59:48 | INFO     | KDClient 13 fit round 24 (tier=medium)
[2026-08-09 10:59:48] 2026-08-09 10:59:48 | INFO     | KDClient 13 round 24 public KD (epochs=2)
[2026-08-09 11:00:54] 2026-08-09 11:00:54 | INFO     | KDClient 13 round 24 local training (epochs=3)
[2026-08-09 11:01:41] 2026-08-09 11:01:41 | INFO     | KDClient 13 round 24 completed (acc=0.9297, n=300)
[2026-08-09 11:01:41] 2026-08-09 11:01:41 | INFO     | KDClient 14 fit round 24 (tier=large)
[2026-08-09 11:01:41] 2026-08-09 11:01:41 | INFO     | KDClient 14 round 24 public KD (epochs=2)
[2026-08-09 11:02:50] 2026-08-09 11:02:50 | INFO     | KDClient 14 round 24 local training (epochs=3)
[2026-08-09 11:04:28] 2026-08-09 11:04:28 | INFO     | KDClient 14 round 24 completed (acc=0.9253, n=300)
[2026-08-09 11:04:28] 2026-08-09 11:04:28 | INFO     | KDClient 15 fit round 24 (tier=large)
[2026-08-09 11:04:28] 2026-08-09 11:04:28 | INFO     | KDClient 15 round 24 public KD (epochs=2)
[2026-08-09 11:05:37] 2026-08-09 11:05:37 | INFO     | KDClient 15 round 24 local training (epochs=3)
[2026-08-09 11:07:00] 2026-08-09 11:07:00 | INFO     | KDClient 15 round 24 completed (acc=0.9253, n=300)
[2026-08-09 11:07:00] 2026-08-09 11:07:00 | INFO     | KDClient 16 fit round 24 (tier=large)
[2026-08-09 11:07:00] 2026-08-09 11:07:00 | INFO     | KDClient 16 round 24 public KD (epochs=2)
[2026-08-09 11:08:10] 2026-08-09 11:08:10 | INFO     | KDClient 16 round 24 local training (epochs=3)
[2026-08-09 11:09:15] 2026-08-09 11:09:15 | INFO     | KDClient 16 round 24 completed (acc=0.9306, n=300)
[2026-08-09 11:09:15] 2026-08-09 11:09:15 | INFO     | KDClient 17 fit round 24 (tier=large)
[2026-08-09 11:09:15] 2026-08-09 11:09:15 | INFO     | KDClient 17 round 24 public KD (epochs=2)
[2026-08-09 11:10:46] 2026-08-09 11:10:46 | INFO     | KDClient 17 round 24 local training (epochs=3)
[2026-08-09 11:12:42] 2026-08-09 11:12:42 | INFO     | KDClient 17 round 24 completed (acc=0.9319, n=300)
[2026-08-09 11:12:42] 2026-08-09 11:12:42 | INFO     | KDClient 18 fit round 24 (tier=large)
[2026-08-09 11:12:42] 2026-08-09 11:12:42 | INFO     | KDClient 18 round 24 public KD (epochs=2)
[2026-08-09 11:14:06] 2026-08-09 11:14:06 | INFO     | KDClient 18 round 24 local training (epochs=3)
[2026-08-09 11:16:37] 2026-08-09 11:16:37 | INFO     | KDClient 18 round 24 completed (acc=0.9281, n=300)
[2026-08-09 11:16:37] 2026-08-09 11:16:37 | INFO     | KDClient 19 fit round 24 (tier=large)
[2026-08-09 11:16:37] 2026-08-09 11:16:37 | INFO     | KDClient 19 round 24 public KD (epochs=2)
[2026-08-09 11:18:01] 2026-08-09 11:18:01 | INFO     | KDClient 19 round 24 local training (epochs=3)
[2026-08-09 11:19:36] 2026-08-09 11:19:36 | INFO     | KDClient 19 round 24 completed (acc=0.9247, n=300)
[2026-08-09 11:19:36]   Round  24/40 | Avg: 0.9151 | Min: 0.8785 | Max: 0.9342
[2026-08-09 11:19:36] 2026-08-09 11:19:36 | INFO     | FEDAKD — IID: round 25/40 starting
[2026-08-09 11:19:36] 2026-08-09 11:19:36 | INFO     | KDClient 0 fit round 25 (tier=small)
[2026-08-09 11:19:36] 2026-08-09 11:19:36 | INFO     | KDClient 0 round 25 public KD (epochs=2)
[2026-08-09 11:19:49] 2026-08-09 11:19:49 | INFO     | KDClient 0 round 25 local training (epochs=3)
[2026-08-09 11:20:11] 2026-08-09 11:20:11 | INFO     | KDClient 0 round 25 completed (acc=0.8825, n=300)
[2026-08-09 11:20:11] 2026-08-09 11:20:11 | INFO     | KDClient 1 fit round 25 (tier=small)
[2026-08-09 11:20:11] 2026-08-09 11:20:11 | INFO     | KDClient 1 round 25 public KD (epochs=2)
[2026-08-09 11:20:26] 2026-08-09 11:20:26 | INFO     | KDClient 1 round 25 local training (epochs=3)
[2026-08-09 11:20:58] 2026-08-09 11:20:58 | INFO     | KDClient 1 round 25 completed (acc=0.8951, n=300)
[2026-08-09 11:20:58] 2026-08-09 11:20:58 | INFO     | KDClient 2 fit round 25 (tier=small)
[2026-08-09 11:20:58] 2026-08-09 11:20:58 | INFO     | KDClient 2 round 25 public KD (epochs=2)
[2026-08-09 11:21:13] 2026-08-09 11:21:13 | INFO     | KDClient 2 round 25 local training (epochs=3)
[2026-08-09 11:21:38] 2026-08-09 11:21:38 | INFO     | KDClient 2 round 25 completed (acc=0.9149, n=300)
[2026-08-09 11:21:38] 2026-08-09 11:21:38 | INFO     | KDClient 3 fit round 25 (tier=small)
[2026-08-09 11:21:38] 2026-08-09 11:21:38 | INFO     | KDClient 3 round 25 public KD (epochs=2)
[2026-08-09 11:21:52] 2026-08-09 11:21:52 | INFO     | KDClient 3 round 25 local training (epochs=3)
[2026-08-09 11:22:12] 2026-08-09 11:22:12 | INFO     | KDClient 3 round 25 completed (acc=0.8829, n=300)
[2026-08-09 11:22:12] 2026-08-09 11:22:12 | INFO     | KDClient 4 fit round 25 (tier=small)
[2026-08-09 11:22:12] 2026-08-09 11:22:12 | INFO     | KDClient 4 round 25 public KD (epochs=2)
[2026-08-09 11:22:26] 2026-08-09 11:22:26 | INFO     | KDClient 4 round 25 local training (epochs=3)
[2026-08-09 11:22:51] 2026-08-09 11:22:51 | INFO     | KDClient 4 round 25 completed (acc=0.9029, n=300)
[2026-08-09 11:22:51] 2026-08-09 11:22:51 | INFO     | KDClient 5 fit round 25 (tier=small)
[2026-08-09 11:22:51] 2026-08-09 11:22:51 | INFO     | KDClient 5 round 25 public KD (epochs=2)
[2026-08-09 11:23:06] 2026-08-09 11:23:06 | INFO     | KDClient 5 round 25 local training (epochs=3)
[2026-08-09 11:23:30] 2026-08-09 11:23:30 | INFO     | KDClient 5 round 25 completed (acc=0.8843, n=300)
[2026-08-09 11:23:30] 2026-08-09 11:23:30 | INFO     | KDClient 6 fit round 25 (tier=small)
[2026-08-09 11:23:30] 2026-08-09 11:23:30 | INFO     | KDClient 6 round 25 public KD (epochs=2)
[2026-08-09 11:23:50] 2026-08-09 11:23:50 | INFO     | KDClient 6 round 25 local training (epochs=3)
[2026-08-09 11:24:21] 2026-08-09 11:24:21 | INFO     | KDClient 6 round 25 completed (acc=0.9084, n=300)
[2026-08-09 11:24:21] 2026-08-09 11:24:21 | INFO     | KDClient 7 fit round 25 (tier=medium)
[2026-08-09 11:24:21] 2026-08-09 11:24:21 | INFO     | KDClient 7 round 25 public KD (epochs=2)
[2026-08-09 11:25:18] 2026-08-09 11:25:18 | INFO     | KDClient 7 round 25 local training (epochs=3)
[2026-08-09 11:26:05] 2026-08-09 11:26:05 | INFO     | KDClient 7 round 25 completed (acc=0.9209, n=300)
[2026-08-09 11:26:05] 2026-08-09 11:26:05 | INFO     | KDClient 8 fit round 25 (tier=medium)
[2026-08-09 11:26:05] 2026-08-09 11:26:05 | INFO     | KDClient 8 round 25 public KD (epochs=2)
[2026-08-09 11:26:44] 2026-08-09 11:26:44 | INFO     | KDClient 8 round 25 local training (epochs=3)
[2026-08-09 11:27:24] 2026-08-09 11:27:24 | INFO     | KDClient 8 round 25 completed (acc=0.9218, n=300)
[2026-08-09 11:27:24] 2026-08-09 11:27:24 | INFO     | KDClient 9 fit round 25 (tier=medium)
[2026-08-09 11:27:24] 2026-08-09 11:27:24 | INFO     | KDClient 9 round 25 public KD (epochs=2)
[2026-08-09 11:28:28] 2026-08-09 11:28:28 | INFO     | KDClient 9 round 25 local training (epochs=3)
[2026-08-09 11:29:04] 2026-08-09 11:29:04 | INFO     | KDClient 9 round 25 completed (acc=0.9261, n=300)
[2026-08-09 11:29:04] 2026-08-09 11:29:04 | INFO     | KDClient 10 fit round 25 (tier=medium)
[2026-08-09 11:29:04] 2026-08-09 11:29:04 | INFO     | KDClient 10 round 25 public KD (epochs=2)
[2026-08-09 11:29:39] 2026-08-09 11:29:39 | INFO     | KDClient 10 round 25 local training (epochs=3)
[2026-08-09 11:30:18] 2026-08-09 11:30:18 | INFO     | KDClient 10 round 25 completed (acc=0.9276, n=300)
[2026-08-09 11:30:18] 2026-08-09 11:30:18 | INFO     | KDClient 11 fit round 25 (tier=medium)
[2026-08-09 11:30:18] 2026-08-09 11:30:18 | INFO     | KDClient 11 round 25 public KD (epochs=2)
[2026-08-09 11:30:58] 2026-08-09 11:30:58 | INFO     | KDClient 11 round 25 local training (epochs=3)
[2026-08-09 11:31:36] 2026-08-09 11:31:36 | INFO     | KDClient 11 round 25 completed (acc=0.9389, n=300)
[2026-08-09 11:31:36] 2026-08-09 11:31:36 | INFO     | KDClient 12 fit round 25 (tier=medium)
[2026-08-09 11:31:36] 2026-08-09 11:31:36 | INFO     | KDClient 12 round 25 public KD (epochs=2)
[2026-08-09 11:32:18] 2026-08-09 11:32:18 | INFO     | KDClient 12 round 25 local training (epochs=3)
[2026-08-09 11:33:05] 2026-08-09 11:33:05 | INFO     | KDClient 12 round 25 completed (acc=0.9233, n=300)
[2026-08-09 11:33:05] 2026-08-09 11:33:05 | INFO     | KDClient 13 fit round 25 (tier=medium)
[2026-08-09 11:33:05] 2026-08-09 11:33:05 | INFO     | KDClient 13 round 25 public KD (epochs=2)
[2026-08-09 11:34:09] 2026-08-09 11:34:09 | INFO     | KDClient 13 round 25 local training (epochs=3)
[2026-08-09 11:35:03] 2026-08-09 11:35:03 | INFO     | KDClient 13 round 25 completed (acc=0.9319, n=300)
[2026-08-09 11:35:03] 2026-08-09 11:35:03 | INFO     | KDClient 14 fit round 25 (tier=large)
[2026-08-09 11:35:03] 2026-08-09 11:35:03 | INFO     | KDClient 14 round 25 public KD (epochs=2)
[2026-08-09 11:36:10] 2026-08-09 11:36:10 | INFO     | KDClient 14 round 25 local training (epochs=3)
[2026-08-09 11:37:23] 2026-08-09 11:37:23 | INFO     | KDClient 14 round 25 completed (acc=0.9311, n=300)
[2026-08-09 11:37:23] 2026-08-09 11:37:23 | INFO     | KDClient 15 fit round 25 (tier=large)
[2026-08-09 11:37:23] 2026-08-09 11:37:23 | INFO     | KDClient 15 round 25 public KD (epochs=2)
[2026-08-09 11:38:31] 2026-08-09 11:38:31 | INFO     | KDClient 15 round 25 local training (epochs=3)
[2026-08-09 11:39:42] 2026-08-09 11:39:42 | INFO     | KDClient 15 round 25 completed (acc=0.9258, n=300)
[2026-08-09 11:39:42] 2026-08-09 11:39:42 | INFO     | KDClient 16 fit round 25 (tier=large)
[2026-08-09 11:39:42] 2026-08-09 11:39:42 | INFO     | KDClient 16 round 25 public KD (epochs=2)
[2026-08-09 11:40:36] 2026-08-09 11:40:36 | INFO     | KDClient 16 round 25 local training (epochs=3)
[2026-08-09 11:41:25] 2026-08-09 11:41:25 | INFO     | KDClient 16 round 25 completed (acc=0.9277, n=300)
[2026-08-09 11:41:25] 2026-08-09 11:41:25 | INFO     | KDClient 17 fit round 25 (tier=large)
[2026-08-09 11:41:25] 2026-08-09 11:41:25 | INFO     | KDClient 17 round 25 public KD (epochs=2)
[2026-08-09 11:42:32] 2026-08-09 11:42:32 | INFO     | KDClient 17 round 25 local training (epochs=3)
[2026-08-09 11:43:38] 2026-08-09 11:43:38 | INFO     | KDClient 17 round 25 completed (acc=0.9378, n=300)
[2026-08-09 11:43:38] 2026-08-09 11:43:38 | INFO     | KDClient 18 fit round 25 (tier=large)
[2026-08-09 11:43:38] 2026-08-09 11:43:38 | INFO     | KDClient 18 round 25 public KD (epochs=2)
[2026-08-09 11:44:36] 2026-08-09 11:44:36 | INFO     | KDClient 18 round 25 local training (epochs=3)
[2026-08-09 11:45:27] 2026-08-09 11:45:27 | INFO     | KDClient 18 round 25 completed (acc=0.9303, n=300)
[2026-08-09 11:45:27] 2026-08-09 11:45:27 | INFO     | KDClient 19 fit round 25 (tier=large)
[2026-08-09 11:45:27] 2026-08-09 11:45:27 | INFO     | KDClient 19 round 25 public KD (epochs=2)
[2026-08-09 11:46:38] 2026-08-09 11:46:38 | INFO     | KDClient 19 round 25 local training (epochs=3)
[2026-08-09 11:47:53] 2026-08-09 11:47:53 | INFO     | KDClient 19 round 25 completed (acc=0.9208, n=300)
[2026-08-09 11:47:53]   Round  25/40 | Avg: 0.9168 | Min: 0.8825 | Max: 0.9389
[2026-08-09 11:47:53] 2026-08-09 11:47:53 | INFO     | FEDAKD — IID: round 26/40 starting
[2026-08-09 11:47:53] 2026-08-09 11:47:53 | INFO     | KDClient 0 fit round 26 (tier=small)
[2026-08-09 11:47:53] 2026-08-09 11:47:53 | INFO     | KDClient 0 round 26 public KD (epochs=2)
[2026-08-09 11:48:07] 2026-08-09 11:48:07 | INFO     | KDClient 0 round 26 local training (epochs=3)
[2026-08-09 11:48:26] 2026-08-09 11:48:26 | INFO     | KDClient 0 round 26 completed (acc=0.8859, n=300)
[2026-08-09 11:48:26] 2026-08-09 11:48:26 | INFO     | KDClient 1 fit round 26 (tier=small)
[2026-08-09 11:48:26] 2026-08-09 11:48:26 | INFO     | KDClient 1 round 26 public KD (epochs=2)
[2026-08-09 11:48:37] 2026-08-09 11:48:37 | INFO     | KDClient 1 round 26 local training (epochs=3)
[2026-08-09 11:48:50] 2026-08-09 11:48:50 | INFO     | KDClient 1 round 26 completed (acc=0.8964, n=300)
[2026-08-09 11:48:50] 2026-08-09 11:48:50 | INFO     | KDClient 2 fit round 26 (tier=small)
[2026-08-09 11:48:50] 2026-08-09 11:48:50 | INFO     | KDClient 2 round 26 public KD (epochs=2)
[2026-08-09 11:48:59] 2026-08-09 11:48:59 | INFO     | KDClient 2 round 26 local training (epochs=3)
[2026-08-09 11:49:09] 2026-08-09 11:49:09 | INFO     | KDClient 2 round 26 completed (acc=0.9155, n=300)
[2026-08-09 11:49:09] 2026-08-09 11:49:09 | INFO     | KDClient 3 fit round 26 (tier=small)
[2026-08-09 11:49:09] 2026-08-09 11:49:09 | INFO     | KDClient 3 round 26 public KD (epochs=2)
[2026-08-09 11:49:18] 2026-08-09 11:49:18 | INFO     | KDClient 3 round 26 local training (epochs=3)
[2026-08-09 11:49:31] 2026-08-09 11:49:31 | INFO     | KDClient 3 round 26 completed (acc=0.8796, n=300)
[2026-08-09 11:49:31] 2026-08-09 11:49:31 | INFO     | KDClient 4 fit round 26 (tier=small)
[2026-08-09 11:49:31] 2026-08-09 11:49:31 | INFO     | KDClient 4 round 26 public KD (epochs=2)
[2026-08-09 11:49:43] 2026-08-09 11:49:43 | INFO     | KDClient 4 round 26 local training (epochs=3)
[2026-08-09 11:50:04] 2026-08-09 11:50:04 | INFO     | KDClient 4 round 26 completed (acc=0.8973, n=300)
[2026-08-09 11:50:04] 2026-08-09 11:50:04 | INFO     | KDClient 5 fit round 26 (tier=small)
[2026-08-09 11:50:04] 2026-08-09 11:50:04 | INFO     | KDClient 5 round 26 public KD (epochs=2)
[2026-08-09 11:50:18] 2026-08-09 11:50:18 | INFO     | KDClient 5 round 26 local training (epochs=3)
[2026-08-09 11:50:38] 2026-08-09 11:50:38 | INFO     | KDClient 5 round 26 completed (acc=0.8858, n=300)
[2026-08-09 11:50:38] 2026-08-09 11:50:38 | INFO     | KDClient 6 fit round 26 (tier=small)
[2026-08-09 11:50:38] 2026-08-09 11:50:38 | INFO     | KDClient 6 round 26 public KD (epochs=2)
[2026-08-09 11:50:55] 2026-08-09 11:50:55 | INFO     | KDClient 6 round 26 local training (epochs=3)
[2026-08-09 11:51:18] 2026-08-09 11:51:18 | INFO     | KDClient 6 round 26 completed (acc=0.9042, n=300)
[2026-08-09 11:51:18] 2026-08-09 11:51:18 | INFO     | KDClient 7 fit round 26 (tier=medium)
[2026-08-09 11:51:18] 2026-08-09 11:51:18 | INFO     | KDClient 7 round 26 public KD (epochs=2)
[2026-08-09 11:52:24] 2026-08-09 11:52:24 | INFO     | KDClient 7 round 26 local training (epochs=3)
[2026-08-09 11:53:09] 2026-08-09 11:53:09 | INFO     | KDClient 7 round 26 completed (acc=0.9235, n=300)
[2026-08-09 11:53:09] 2026-08-09 11:53:09 | INFO     | KDClient 8 fit round 26 (tier=medium)
[2026-08-09 11:53:09] 2026-08-09 11:53:09 | INFO     | KDClient 8 round 26 public KD (epochs=2)
[2026-08-09 11:54:17] 2026-08-09 11:54:17 | INFO     | KDClient 8 round 26 local training (epochs=3)
[2026-08-09 11:55:09] 2026-08-09 11:55:09 | INFO     | KDClient 8 round 26 completed (acc=0.9214, n=300)
[2026-08-09 11:55:09] 2026-08-09 11:55:09 | INFO     | KDClient 9 fit round 26 (tier=medium)
[2026-08-09 11:55:09] 2026-08-09 11:55:09 | INFO     | KDClient 9 round 26 public KD (epochs=2)
[2026-08-09 11:55:58] 2026-08-09 11:55:58 | INFO     | KDClient 9 round 26 local training (epochs=3)
[2026-08-09 11:56:46] 2026-08-09 11:56:46 | INFO     | KDClient 9 round 26 completed (acc=0.9201, n=300)
[2026-08-09 11:56:46] 2026-08-09 11:56:46 | INFO     | KDClient 10 fit round 26 (tier=medium)
[2026-08-09 11:56:46] 2026-08-09 11:56:46 | INFO     | KDClient 10 round 26 public KD (epochs=2)
[2026-08-09 11:57:36] 2026-08-09 11:57:36 | INFO     | KDClient 10 round 26 local training (epochs=3)
[2026-08-09 11:58:27] 2026-08-09 11:58:27 | INFO     | KDClient 10 round 26 completed (acc=0.9235, n=300)
[2026-08-09 11:58:27] 2026-08-09 11:58:27 | INFO     | KDClient 11 fit round 26 (tier=medium)
[2026-08-09 11:58:27] 2026-08-09 11:58:27 | INFO     | KDClient 11 round 26 public KD (epochs=2)
[2026-08-09 11:59:12] 2026-08-09 11:59:12 | INFO     | KDClient 11 round 26 local training (epochs=3)
[2026-08-09 11:59:59] 2026-08-09 11:59:59 | INFO     | KDClient 11 round 26 completed (acc=0.9279, n=300)
[2026-08-09 11:59:59] 2026-08-09 11:59:59 | INFO     | KDClient 12 fit round 26 (tier=medium)
[2026-08-09 11:59:59] 2026-08-09 11:59:59 | INFO     | KDClient 12 round 26 public KD (epochs=2)
[2026-08-09 12:00:33] 2026-08-09 12:00:33 | INFO     | KDClient 12 round 26 local training (epochs=3)
[2026-08-09 12:01:16] 2026-08-09 12:01:16 | INFO     | KDClient 12 round 26 completed (acc=0.9293, n=300)
[2026-08-09 12:01:16] 2026-08-09 12:01:16 | INFO     | KDClient 13 fit round 26 (tier=medium)
[2026-08-09 12:01:16] 2026-08-09 12:01:16 | INFO     | KDClient 13 round 26 public KD (epochs=2)
[2026-08-09 12:02:04] 2026-08-09 12:02:04 | INFO     | KDClient 13 round 26 local training (epochs=3)
[2026-08-09 12:02:50] 2026-08-09 12:02:50 | INFO     | KDClient 13 round 26 completed (acc=0.9337, n=300)
[2026-08-09 12:02:50] 2026-08-09 12:02:50 | INFO     | KDClient 14 fit round 26 (tier=large)
[2026-08-09 12:02:50] 2026-08-09 12:02:50 | INFO     | KDClient 14 round 26 public KD (epochs=2)
[2026-08-09 12:04:11] 2026-08-09 12:04:11 | INFO     | KDClient 14 round 26 local training (epochs=3)
[2026-08-09 12:05:35] 2026-08-09 12:05:35 | INFO     | KDClient 14 round 26 completed (acc=0.9316, n=300)
[2026-08-09 12:05:35] 2026-08-09 12:05:35 | INFO     | KDClient 15 fit round 26 (tier=large)
[2026-08-09 12:05:35] 2026-08-09 12:05:35 | INFO     | KDClient 15 round 26 public KD (epochs=2)
[2026-08-09 12:06:58] 2026-08-09 12:06:58 | INFO     | KDClient 15 round 26 local training (epochs=3)
[2026-08-09 12:08:18] 2026-08-09 12:08:18 | INFO     | KDClient 15 round 26 completed (acc=0.9303, n=300)
[2026-08-09 12:08:18] 2026-08-09 12:08:18 | INFO     | KDClient 16 fit round 26 (tier=large)
[2026-08-09 12:08:18] 2026-08-09 12:08:18 | INFO     | KDClient 16 round 26 public KD (epochs=2)
[2026-08-09 12:09:19] 2026-08-09 12:09:19 | INFO     | KDClient 16 round 26 local training (epochs=3)
[2026-08-09 12:10:43] 2026-08-09 12:10:43 | INFO     | KDClient 16 round 26 completed (acc=0.9287, n=300)
[2026-08-09 12:10:43] 2026-08-09 12:10:43 | INFO     | KDClient 17 fit round 26 (tier=large)
[2026-08-09 12:10:43] 2026-08-09 12:10:43 | INFO     | KDClient 17 round 26 public KD (epochs=2)
[2026-08-09 12:12:03] 2026-08-09 12:12:03 | INFO     | KDClient 17 round 26 local training (epochs=3)
[2026-08-09 12:13:03] 2026-08-09 12:13:03 | INFO     | KDClient 17 round 26 completed (acc=0.9258, n=300)
[2026-08-09 12:13:03] 2026-08-09 12:13:03 | INFO     | KDClient 18 fit round 26 (tier=large)
[2026-08-09 12:13:03] 2026-08-09 12:13:03 | INFO     | KDClient 18 round 26 public KD (epochs=2)
[2026-08-09 12:14:09] 2026-08-09 12:14:09 | INFO     | KDClient 18 round 26 local training (epochs=3)
[2026-08-09 12:15:32] 2026-08-09 12:15:32 | INFO     | KDClient 18 round 26 completed (acc=0.9302, n=300)
[2026-08-09 12:15:32] 2026-08-09 12:15:32 | INFO     | KDClient 19 fit round 26 (tier=large)
[2026-08-09 12:15:32] 2026-08-09 12:15:32 | INFO     | KDClient 19 round 26 public KD (epochs=2)
[2026-08-09 12:16:55] 2026-08-09 12:16:55 | INFO     | KDClient 19 round 26 local training (epochs=3)
[2026-08-09 12:18:20] 2026-08-09 12:18:20 | INFO     | KDClient 19 round 26 completed (acc=0.9268, n=300)
[2026-08-09 12:18:20]   Round  26/40 | Avg: 0.9159 | Min: 0.8796 | Max: 0.9337
[2026-08-09 12:18:20] 2026-08-09 12:18:20 | INFO     | FEDAKD — IID: round 27/40 starting
[2026-08-09 12:18:20] 2026-08-09 12:18:20 | INFO     | KDClient 0 fit round 27 (tier=small)
[2026-08-09 12:18:20] 2026-08-09 12:18:20 | INFO     | KDClient 0 round 27 public KD (epochs=2)
[2026-08-09 12:18:33] 2026-08-09 12:18:33 | INFO     | KDClient 0 round 27 local training (epochs=3)
[2026-08-09 12:18:51] 2026-08-09 12:18:51 | INFO     | KDClient 0 round 27 completed (acc=0.8868, n=300)
[2026-08-09 12:18:51] 2026-08-09 12:18:51 | INFO     | KDClient 1 fit round 27 (tier=small)
[2026-08-09 12:18:51] 2026-08-09 12:18:51 | INFO     | KDClient 1 round 27 public KD (epochs=2)
[2026-08-09 12:19:08] 2026-08-09 12:19:08 | INFO     | KDClient 1 round 27 local training (epochs=3)
[2026-08-09 12:19:29] 2026-08-09 12:19:29 | INFO     | KDClient 1 round 27 completed (acc=0.8981, n=300)
[2026-08-09 12:19:29] 2026-08-09 12:19:29 | INFO     | KDClient 2 fit round 27 (tier=small)
[2026-08-09 12:19:29] 2026-08-09 12:19:29 | INFO     | KDClient 2 round 27 public KD (epochs=2)
[2026-08-09 12:19:47] 2026-08-09 12:19:47 | INFO     | KDClient 2 round 27 local training (epochs=3)
[2026-08-09 12:20:19] 2026-08-09 12:20:19 | INFO     | KDClient 2 round 27 completed (acc=0.9153, n=300)
[2026-08-09 12:20:19] 2026-08-09 12:20:19 | INFO     | KDClient 3 fit round 27 (tier=small)
[2026-08-09 12:20:19] 2026-08-09 12:20:19 | INFO     | KDClient 3 round 27 public KD (epochs=2)
[2026-08-09 12:20:37] 2026-08-09 12:20:37 | INFO     | KDClient 3 round 27 local training (epochs=3)
[2026-08-09 12:21:16] 2026-08-09 12:21:16 | INFO     | KDClient 3 round 27 completed (acc=0.8862, n=300)
[2026-08-09 12:21:16] 2026-08-09 12:21:16 | INFO     | KDClient 4 fit round 27 (tier=small)
[2026-08-09 12:21:16] 2026-08-09 12:21:16 | INFO     | KDClient 4 round 27 public KD (epochs=2)
[2026-08-09 12:21:37] 2026-08-09 12:21:37 | INFO     | KDClient 4 round 27 local training (epochs=3)
[2026-08-09 12:22:07] 2026-08-09 12:22:07 | INFO     | KDClient 4 round 27 completed (acc=0.9043, n=300)
[2026-08-09 12:22:07] 2026-08-09 12:22:07 | INFO     | KDClient 5 fit round 27 (tier=small)
[2026-08-09 12:22:07] 2026-08-09 12:22:07 | INFO     | KDClient 5 round 27 public KD (epochs=2)
[2026-08-09 12:22:28] 2026-08-09 12:22:28 | INFO     | KDClient 5 round 27 local training (epochs=3)
[2026-08-09 12:22:56] 2026-08-09 12:22:56 | INFO     | KDClient 5 round 27 completed (acc=0.8870, n=300)
[2026-08-09 12:22:56] 2026-08-09 12:22:56 | INFO     | KDClient 6 fit round 27 (tier=small)
[2026-08-09 12:22:56] 2026-08-09 12:22:56 | INFO     | KDClient 6 round 27 public KD (epochs=2)
[2026-08-09 12:23:16] 2026-08-09 12:23:16 | INFO     | KDClient 6 round 27 local training (epochs=3)
[2026-08-09 12:23:40] 2026-08-09 12:23:40 | INFO     | KDClient 6 round 27 completed (acc=0.9081, n=300)
[2026-08-09 12:23:40] 2026-08-09 12:23:40 | INFO     | KDClient 7 fit round 27 (tier=medium)
[2026-08-09 12:23:40] 2026-08-09 12:23:40 | INFO     | KDClient 7 round 27 public KD (epochs=2)
[2026-08-09 12:24:26] 2026-08-09 12:24:26 | INFO     | KDClient 7 round 27 local training (epochs=3)
[2026-08-09 12:25:18] 2026-08-09 12:25:18 | INFO     | KDClient 7 round 27 completed (acc=0.9237, n=300)
[2026-08-09 12:25:18] 2026-08-09 12:25:18 | INFO     | KDClient 8 fit round 27 (tier=medium)
[2026-08-09 12:25:18] 2026-08-09 12:25:18 | INFO     | KDClient 8 round 27 public KD (epochs=2)
[2026-08-09 12:26:05] 2026-08-09 12:26:05 | INFO     | KDClient 8 round 27 local training (epochs=3)
[2026-08-09 12:27:08] 2026-08-09 12:27:08 | INFO     | KDClient 8 round 27 completed (acc=0.9185, n=300)
[2026-08-09 12:27:08] 2026-08-09 12:27:08 | INFO     | KDClient 9 fit round 27 (tier=medium)
[2026-08-09 12:27:08] 2026-08-09 12:27:08 | INFO     | KDClient 9 round 27 public KD (epochs=2)
[2026-08-09 12:28:04] 2026-08-09 12:28:04 | INFO     | KDClient 9 round 27 local training (epochs=3)
[2026-08-09 12:28:59] 2026-08-09 12:28:59 | INFO     | KDClient 9 round 27 completed (acc=0.9223, n=300)
[2026-08-09 12:28:59] 2026-08-09 12:28:59 | INFO     | KDClient 10 fit round 27 (tier=medium)
[2026-08-09 12:28:59] 2026-08-09 12:28:59 | INFO     | KDClient 10 round 27 public KD (epochs=2)
[2026-08-09 12:29:50] 2026-08-09 12:29:50 | INFO     | KDClient 10 round 27 local training (epochs=3)
[2026-08-09 12:30:54] 2026-08-09 12:30:54 | INFO     | KDClient 10 round 27 completed (acc=0.9228, n=300)
[2026-08-09 12:30:54] 2026-08-09 12:30:54 | INFO     | KDClient 11 fit round 27 (tier=medium)
[2026-08-09 12:30:54] 2026-08-09 12:30:54 | INFO     | KDClient 11 round 27 public KD (epochs=2)
[2026-08-09 12:31:47] 2026-08-09 12:31:47 | INFO     | KDClient 11 round 27 local training (epochs=3)
[2026-08-09 12:32:44] 2026-08-09 12:32:44 | INFO     | KDClient 11 round 27 completed (acc=0.9298, n=300)
[2026-08-09 12:32:44] 2026-08-09 12:32:44 | INFO     | KDClient 12 fit round 27 (tier=medium)
[2026-08-09 12:32:44] 2026-08-09 12:32:44 | INFO     | KDClient 12 round 27 public KD (epochs=2)
[2026-08-09 12:33:57] 2026-08-09 12:33:57 | INFO     | KDClient 12 round 27 local training (epochs=3)
[2026-08-09 12:34:50] 2026-08-09 12:34:50 | INFO     | KDClient 12 round 27 completed (acc=0.9270, n=300)
[2026-08-09 12:34:50] 2026-08-09 12:34:50 | INFO     | KDClient 13 fit round 27 (tier=medium)
[2026-08-09 12:34:50] 2026-08-09 12:34:50 | INFO     | KDClient 13 round 27 public KD (epochs=2)
[2026-08-09 12:35:45] 2026-08-09 12:35:45 | INFO     | KDClient 13 round 27 local training (epochs=3)
[2026-08-09 12:36:31] 2026-08-09 12:36:31 | INFO     | KDClient 13 round 27 completed (acc=0.9287, n=300)
[2026-08-09 12:36:31] 2026-08-09 12:36:31 | INFO     | KDClient 14 fit round 27 (tier=large)
[2026-08-09 12:36:31] 2026-08-09 12:36:31 | INFO     | KDClient 14 round 27 public KD (epochs=2)
[2026-08-09 12:37:43] 2026-08-09 12:37:43 | INFO     | KDClient 14 round 27 local training (epochs=3)
[2026-08-09 12:38:48] 2026-08-09 12:38:48 | INFO     | KDClient 14 round 27 completed (acc=0.9335, n=300)
[2026-08-09 12:38:48] 2026-08-09 12:38:48 | INFO     | KDClient 15 fit round 27 (tier=large)
[2026-08-09 12:38:48] 2026-08-09 12:38:48 | INFO     | KDClient 15 round 27 public KD (epochs=2)
[2026-08-09 12:39:49] 2026-08-09 12:39:49 | INFO     | KDClient 15 round 27 local training (epochs=3)
[2026-08-09 12:40:46] 2026-08-09 12:40:46 | INFO     | KDClient 15 round 27 completed (acc=0.9371, n=300)
[2026-08-09 12:40:46] 2026-08-09 12:40:46 | INFO     | KDClient 16 fit round 27 (tier=large)
[2026-08-09 12:40:46] 2026-08-09 12:40:46 | INFO     | KDClient 16 round 27 public KD (epochs=2)
[2026-08-09 12:41:47] 2026-08-09 12:41:47 | INFO     | KDClient 16 round 27 local training (epochs=3)
[2026-08-09 12:42:44] 2026-08-09 12:42:44 | INFO     | KDClient 16 round 27 completed (acc=0.9320, n=300)
[2026-08-09 12:42:44] 2026-08-09 12:42:44 | INFO     | KDClient 17 fit round 27 (tier=large)
[2026-08-09 12:42:44] 2026-08-09 12:42:44 | INFO     | KDClient 17 round 27 public KD (epochs=2)
[2026-08-09 12:43:49] 2026-08-09 12:43:49 | INFO     | KDClient 17 round 27 local training (epochs=3)
[2026-08-09 12:44:57] 2026-08-09 12:44:57 | INFO     | KDClient 17 round 27 completed (acc=0.9348, n=300)
[2026-08-09 12:44:57] 2026-08-09 12:44:57 | INFO     | KDClient 18 fit round 27 (tier=large)
[2026-08-09 12:44:57] 2026-08-09 12:44:57 | INFO     | KDClient 18 round 27 public KD (epochs=2)
[2026-08-09 12:45:59] 2026-08-09 12:45:59 | INFO     | KDClient 18 round 27 local training (epochs=3)
[2026-08-09 12:47:26] 2026-08-09 12:47:26 | INFO     | KDClient 18 round 27 completed (acc=0.9301, n=300)
[2026-08-09 12:47:26] 2026-08-09 12:47:26 | INFO     | KDClient 19 fit round 27 (tier=large)
[2026-08-09 12:47:26] 2026-08-09 12:47:26 | INFO     | KDClient 19 round 27 public KD (epochs=2)
[2026-08-09 12:48:34] 2026-08-09 12:48:34 | INFO     | KDClient 19 round 27 local training (epochs=3)
[2026-08-09 12:49:43] 2026-08-09 12:49:43 | INFO     | KDClient 19 round 27 completed (acc=0.9274, n=300)
[2026-08-09 12:49:43]   Round  27/40 | Avg: 0.9177 | Min: 0.8862 | Max: 0.9371
[2026-08-09 12:49:43] 2026-08-09 12:49:43 | INFO     | FEDAKD — IID: round 28/40 starting
[2026-08-09 12:49:43] 2026-08-09 12:49:43 | INFO     | KDClient 0 fit round 28 (tier=small)
[2026-08-09 12:49:43] 2026-08-09 12:49:43 | INFO     | KDClient 0 round 28 public KD (epochs=2)
[2026-08-09 12:49:55] 2026-08-09 12:49:55 | INFO     | KDClient 0 round 28 local training (epochs=3)
[2026-08-09 12:50:10] 2026-08-09 12:50:10 | INFO     | KDClient 0 round 28 completed (acc=0.8910, n=300)
[2026-08-09 12:50:10] 2026-08-09 12:50:10 | INFO     | KDClient 1 fit round 28 (tier=small)
[2026-08-09 12:50:10] 2026-08-09 12:50:10 | INFO     | KDClient 1 round 28 public KD (epochs=2)
[2026-08-09 12:50:22] 2026-08-09 12:50:22 | INFO     | KDClient 1 round 28 local training (epochs=3)
[2026-08-09 12:50:39] 2026-08-09 12:50:39 | INFO     | KDClient 1 round 28 completed (acc=0.8952, n=300)
[2026-08-09 12:50:39] 2026-08-09 12:50:39 | INFO     | KDClient 2 fit round 28 (tier=small)
[2026-08-09 12:50:39] 2026-08-09 12:50:39 | INFO     | KDClient 2 round 28 public KD (epochs=2)
[2026-08-09 12:50:50] 2026-08-09 12:50:50 | INFO     | KDClient 2 round 28 local training (epochs=3)
[2026-08-09 12:51:07] 2026-08-09 12:51:07 | INFO     | KDClient 2 round 28 completed (acc=0.9059, n=300)
[2026-08-09 12:51:07] 2026-08-09 12:51:07 | INFO     | KDClient 3 fit round 28 (tier=small)
[2026-08-09 12:51:07] 2026-08-09 12:51:07 | INFO     | KDClient 3 round 28 public KD (epochs=2)
[2026-08-09 12:51:17] 2026-08-09 12:51:17 | INFO     | KDClient 3 round 28 local training (epochs=3)
[2026-08-09 12:51:31] 2026-08-09 12:51:31 | INFO     | KDClient 3 round 28 completed (acc=0.8810, n=300)
[2026-08-09 12:51:31] 2026-08-09 12:51:31 | INFO     | KDClient 4 fit round 28 (tier=small)
[2026-08-09 12:51:31] 2026-08-09 12:51:31 | INFO     | KDClient 4 round 28 public KD (epochs=2)
[2026-08-09 12:51:42] 2026-08-09 12:51:42 | INFO     | KDClient 4 round 28 local training (epochs=3)
[2026-08-09 12:52:00] 2026-08-09 12:52:00 | INFO     | KDClient 4 round 28 completed (acc=0.9034, n=300)
[2026-08-09 12:52:00] 2026-08-09 12:52:00 | INFO     | KDClient 5 fit round 28 (tier=small)
[2026-08-09 12:52:00] 2026-08-09 12:52:00 | INFO     | KDClient 5 round 28 public KD (epochs=2)
[2026-08-09 12:52:13] 2026-08-09 12:52:13 | INFO     | KDClient 5 round 28 local training (epochs=3)
[2026-08-09 12:52:30] 2026-08-09 12:52:30 | INFO     | KDClient 5 round 28 completed (acc=0.8862, n=300)
[2026-08-09 12:52:30] 2026-08-09 12:52:30 | INFO     | KDClient 6 fit round 28 (tier=small)
[2026-08-09 12:52:30] 2026-08-09 12:52:30 | INFO     | KDClient 6 round 28 public KD (epochs=2)
[2026-08-09 12:52:43] 2026-08-09 12:52:43 | INFO     | KDClient 6 round 28 local training (epochs=3)
[2026-08-09 12:52:57] 2026-08-09 12:52:57 | INFO     | KDClient 6 round 28 completed (acc=0.9064, n=300)
[2026-08-09 12:52:57] 2026-08-09 12:52:57 | INFO     | KDClient 7 fit round 28 (tier=medium)
[2026-08-09 12:52:57] 2026-08-09 12:52:57 | INFO     | KDClient 7 round 28 public KD (epochs=2)
[2026-08-09 12:53:37] 2026-08-09 12:53:37 | INFO     | KDClient 7 round 28 local training (epochs=3)
[2026-08-09 12:54:19] 2026-08-09 12:54:19 | INFO     | KDClient 7 round 28 completed (acc=0.9280, n=300)
[2026-08-09 12:54:19] 2026-08-09 12:54:19 | INFO     | KDClient 8 fit round 28 (tier=medium)
[2026-08-09 12:54:19] 2026-08-09 12:54:19 | INFO     | KDClient 8 round 28 public KD (epochs=2)
[2026-08-09 12:54:59] 2026-08-09 12:54:59 | INFO     | KDClient 8 round 28 local training (epochs=3)
[2026-08-09 12:55:34] 2026-08-09 12:55:34 | INFO     | KDClient 8 round 28 completed (acc=0.9137, n=300)
[2026-08-09 12:55:34] 2026-08-09 12:55:34 | INFO     | KDClient 9 fit round 28 (tier=medium)
[2026-08-09 12:55:34] 2026-08-09 12:55:34 | INFO     | KDClient 9 round 28 public KD (epochs=2)
[2026-08-09 12:56:33] 2026-08-09 12:56:33 | INFO     | KDClient 9 round 28 local training (epochs=3)
[2026-08-09 12:57:10] 2026-08-09 12:57:10 | INFO     | KDClient 9 round 28 completed (acc=0.9211, n=300)
[2026-08-09 12:57:10] 2026-08-09 12:57:10 | INFO     | KDClient 10 fit round 28 (tier=medium)
[2026-08-09 12:57:10] 2026-08-09 12:57:10 | INFO     | KDClient 10 round 28 public KD (epochs=2)
[2026-08-09 12:57:54] 2026-08-09 12:57:54 | INFO     | KDClient 10 round 28 local training (epochs=3)
[2026-08-09 12:58:24] 2026-08-09 12:58:24 | INFO     | KDClient 10 round 28 completed (acc=0.9276, n=300)
[2026-08-09 12:58:24] 2026-08-09 12:58:24 | INFO     | KDClient 11 fit round 28 (tier=medium)
[2026-08-09 12:58:24] 2026-08-09 12:58:24 | INFO     | KDClient 11 round 28 public KD (epochs=2)
[2026-08-09 12:59:00] 2026-08-09 12:59:00 | INFO     | KDClient 11 round 28 local training (epochs=3)
[2026-08-09 12:59:55] 2026-08-09 12:59:55 | INFO     | KDClient 11 round 28 completed (acc=0.9322, n=300)
[2026-08-09 12:59:55] 2026-08-09 12:59:55 | INFO     | KDClient 12 fit round 28 (tier=medium)
[2026-08-09 12:59:55] 2026-08-09 12:59:55 | INFO     | KDClient 12 round 28 public KD (epochs=2)
[2026-08-09 13:00:36] 2026-08-09 13:00:36 | INFO     | KDClient 12 round 28 local training (epochs=3)
[2026-08-09 13:01:04] 2026-08-09 13:01:04 | INFO     | KDClient 12 round 28 completed (acc=0.9276, n=300)
[2026-08-09 13:01:04] 2026-08-09 13:01:04 | INFO     | KDClient 13 fit round 28 (tier=medium)
[2026-08-09 13:01:04] 2026-08-09 13:01:04 | INFO     | KDClient 13 round 28 public KD (epochs=2)
[2026-08-09 13:01:40] 2026-08-09 13:01:40 | INFO     | KDClient 13 round 28 local training (epochs=3)
[2026-08-09 13:02:20] 2026-08-09 13:02:20 | INFO     | KDClient 13 round 28 completed (acc=0.9249, n=300)
[2026-08-09 13:02:20] 2026-08-09 13:02:20 | INFO     | KDClient 14 fit round 28 (tier=large)
[2026-08-09 13:02:20] 2026-08-09 13:02:20 | INFO     | KDClient 14 round 28 public KD (epochs=2)
[2026-08-09 13:03:36] 2026-08-09 13:03:36 | INFO     | KDClient 14 round 28 local training (epochs=3)
[2026-08-09 13:04:52] 2026-08-09 13:04:52 | INFO     | KDClient 14 round 28 completed (acc=0.9250, n=300)
[2026-08-09 13:04:52] 2026-08-09 13:04:52 | INFO     | KDClient 15 fit round 28 (tier=large)
[2026-08-09 13:04:52] 2026-08-09 13:04:52 | INFO     | KDClient 15 round 28 public KD (epochs=2)
[2026-08-09 13:06:05] 2026-08-09 13:06:05 | INFO     | KDClient 15 round 28 local training (epochs=3)
[2026-08-09 13:07:22] 2026-08-09 13:07:22 | INFO     | KDClient 15 round 28 completed (acc=0.9307, n=300)
[2026-08-09 13:07:22] 2026-08-09 13:07:22 | INFO     | KDClient 16 fit round 28 (tier=large)
[2026-08-09 13:07:22] 2026-08-09 13:07:22 | INFO     | KDClient 16 round 28 public KD (epochs=2)
[2026-08-09 13:08:32] 2026-08-09 13:08:31 | INFO     | KDClient 16 round 28 local training (epochs=3)
[2026-08-09 13:09:41] 2026-08-09 13:09:41 | INFO     | KDClient 16 round 28 completed (acc=0.9238, n=300)
[2026-08-09 13:09:41] 2026-08-09 13:09:41 | INFO     | KDClient 17 fit round 28 (tier=large)
[2026-08-09 13:09:41] 2026-08-09 13:09:41 | INFO     | KDClient 17 round 28 public KD (epochs=2)
[2026-08-09 13:11:40] 2026-08-09 13:11:40 | INFO     | KDClient 17 round 28 local training (epochs=3)
[2026-08-09 13:12:51] 2026-08-09 13:12:51 | INFO     | KDClient 17 round 28 completed (acc=0.9275, n=300)
[2026-08-09 13:12:51] 2026-08-09 13:12:51 | INFO     | KDClient 18 fit round 28 (tier=large)
[2026-08-09 13:12:51] 2026-08-09 13:12:51 | INFO     | KDClient 18 round 28 public KD (epochs=2)
[2026-08-09 13:13:56] 2026-08-09 13:13:56 | INFO     | KDClient 18 round 28 local training (epochs=3)
[2026-08-09 13:15:07] 2026-08-09 13:15:07 | INFO     | KDClient 18 round 28 completed (acc=0.9284, n=300)
[2026-08-09 13:15:07] 2026-08-09 13:15:07 | INFO     | KDClient 19 fit round 28 (tier=large)
[2026-08-09 13:15:07] 2026-08-09 13:15:07 | INFO     | KDClient 19 round 28 public KD (epochs=2)
[2026-08-09 13:16:26] 2026-08-09 13:16:26 | INFO     | KDClient 19 round 28 local training (epochs=3)
[2026-08-09 13:17:31] 2026-08-09 13:17:31 | INFO     | KDClient 19 round 28 completed (acc=0.9307, n=300)
[2026-08-09 13:17:31]   Round  28/40 | Avg: 0.9155 | Min: 0.8810 | Max: 0.9322
[2026-08-09 13:17:31] 2026-08-09 13:17:31 | INFO     | FEDAKD — IID: round 29/40 starting
[2026-08-09 13:17:31] 2026-08-09 13:17:31 | INFO     | KDClient 0 fit round 29 (tier=small)
[2026-08-09 13:17:31] 2026-08-09 13:17:31 | INFO     | KDClient 0 round 29 public KD (epochs=2)
[2026-08-09 13:17:43] 2026-08-09 13:17:43 | INFO     | KDClient 0 round 29 local training (epochs=3)
[2026-08-09 13:18:05] 2026-08-09 13:18:05 | INFO     | KDClient 0 round 29 completed (acc=0.8913, n=300)
[2026-08-09 13:18:05] 2026-08-09 13:18:05 | INFO     | KDClient 1 fit round 29 (tier=small)
[2026-08-09 13:18:05] 2026-08-09 13:18:05 | INFO     | KDClient 1 round 29 public KD (epochs=2)
[2026-08-09 13:18:23] 2026-08-09 13:18:23 | INFO     | KDClient 1 round 29 local training (epochs=3)
[2026-08-09 13:18:47] 2026-08-09 13:18:47 | INFO     | KDClient 1 round 29 completed (acc=0.8974, n=300)
[2026-08-09 13:18:47] 2026-08-09 13:18:47 | INFO     | KDClient 2 fit round 29 (tier=small)
[2026-08-09 13:18:47] 2026-08-09 13:18:47 | INFO     | KDClient 2 round 29 public KD (epochs=2)
[2026-08-09 13:19:03] 2026-08-09 13:19:03 | INFO     | KDClient 2 round 29 local training (epochs=3)
[2026-08-09 13:19:21] 2026-08-09 13:19:21 | INFO     | KDClient 2 round 29 completed (acc=0.9164, n=300)
[2026-08-09 13:19:21] 2026-08-09 13:19:21 | INFO     | KDClient 3 fit round 29 (tier=small)
[2026-08-09 13:19:21] 2026-08-09 13:19:21 | INFO     | KDClient 3 round 29 public KD (epochs=2)
[2026-08-09 13:19:31] 2026-08-09 13:19:31 | INFO     | KDClient 3 round 29 local training (epochs=3)
[2026-08-09 13:19:48] 2026-08-09 13:19:48 | INFO     | KDClient 3 round 29 completed (acc=0.8806, n=300)
[2026-08-09 13:19:48] 2026-08-09 13:19:48 | INFO     | KDClient 4 fit round 29 (tier=small)
[2026-08-09 13:19:48] 2026-08-09 13:19:48 | INFO     | KDClient 4 round 29 public KD (epochs=2)
[2026-08-09 13:20:06] 2026-08-09 13:20:06 | INFO     | KDClient 4 round 29 local training (epochs=3)
[2026-08-09 13:20:27] 2026-08-09 13:20:27 | INFO     | KDClient 4 round 29 completed (acc=0.8990, n=300)
[2026-08-09 13:20:27] 2026-08-09 13:20:27 | INFO     | KDClient 5 fit round 29 (tier=small)
[2026-08-09 13:20:27] 2026-08-09 13:20:27 | INFO     | KDClient 5 round 29 public KD (epochs=2)
[2026-08-09 13:20:41] 2026-08-09 13:20:41 | INFO     | KDClient 5 round 29 local training (epochs=3)
[2026-08-09 13:20:59] 2026-08-09 13:20:59 | INFO     | KDClient 5 round 29 completed (acc=0.8933, n=300)
[2026-08-09 13:20:59] 2026-08-09 13:20:59 | INFO     | KDClient 6 fit round 29 (tier=small)
[2026-08-09 13:20:59] 2026-08-09 13:20:59 | INFO     | KDClient 6 round 29 public KD (epochs=2)
[2026-08-09 13:21:13] 2026-08-09 13:21:13 | INFO     | KDClient 6 round 29 local training (epochs=3)
[2026-08-09 13:21:37] 2026-08-09 13:21:37 | INFO     | KDClient 6 round 29 completed (acc=0.9065, n=300)
[2026-08-09 13:21:37] 2026-08-09 13:21:37 | INFO     | KDClient 7 fit round 29 (tier=medium)
[2026-08-09 13:21:37] 2026-08-09 13:21:37 | INFO     | KDClient 7 round 29 public KD (epochs=2)
[2026-08-09 13:22:24] 2026-08-09 13:22:24 | INFO     | KDClient 7 round 29 local training (epochs=3)
[2026-08-09 13:23:21] 2026-08-09 13:23:21 | INFO     | KDClient 7 round 29 completed (acc=0.9276, n=300)
[2026-08-09 13:23:21] 2026-08-09 13:23:21 | INFO     | KDClient 8 fit round 29 (tier=medium)
[2026-08-09 13:23:21] 2026-08-09 13:23:21 | INFO     | KDClient 8 round 29 public KD (epochs=2)
[2026-08-09 13:24:13] 2026-08-09 13:24:13 | INFO     | KDClient 8 round 29 local training (epochs=3)
[2026-08-09 13:25:25] 2026-08-09 13:25:25 | INFO     | KDClient 8 round 29 completed (acc=0.9185, n=300)
[2026-08-09 13:25:25] 2026-08-09 13:25:25 | INFO     | KDClient 9 fit round 29 (tier=medium)
[2026-08-09 13:25:25] 2026-08-09 13:25:25 | INFO     | KDClient 9 round 29 public KD (epochs=2)
[2026-08-09 13:26:10] 2026-08-09 13:26:10 | INFO     | KDClient 9 round 29 local training (epochs=3)
[2026-08-09 13:26:56] 2026-08-09 13:26:56 | INFO     | KDClient 9 round 29 completed (acc=0.9270, n=300)
[2026-08-09 13:26:56] 2026-08-09 13:26:56 | INFO     | KDClient 10 fit round 29 (tier=medium)
[2026-08-09 13:26:56] 2026-08-09 13:26:56 | INFO     | KDClient 10 round 29 public KD (epochs=2)
[2026-08-09 13:27:40] 2026-08-09 13:27:40 | INFO     | KDClient 10 round 29 local training (epochs=3)
[2026-08-09 13:28:17] 2026-08-09 13:28:17 | INFO     | KDClient 10 round 29 completed (acc=0.9200, n=300)
[2026-08-09 13:28:17] 2026-08-09 13:28:17 | INFO     | KDClient 11 fit round 29 (tier=medium)
[2026-08-09 13:28:17] 2026-08-09 13:28:17 | INFO     | KDClient 11 round 29 public KD (epochs=2)
[2026-08-09 13:29:07] 2026-08-09 13:29:07 | INFO     | KDClient 11 round 29 local training (epochs=3)
[2026-08-09 13:29:51] 2026-08-09 13:29:51 | INFO     | KDClient 11 round 29 completed (acc=0.9334, n=300)
[2026-08-09 13:29:51] 2026-08-09 13:29:51 | INFO     | KDClient 12 fit round 29 (tier=medium)
[2026-08-09 13:29:51] 2026-08-09 13:29:51 | INFO     | KDClient 12 round 29 public KD (epochs=2)
[2026-08-09 13:30:27] 2026-08-09 13:30:27 | INFO     | KDClient 12 round 29 local training (epochs=3)
[2026-08-09 13:31:17] 2026-08-09 13:31:17 | INFO     | KDClient 12 round 29 completed (acc=0.9243, n=300)
[2026-08-09 13:31:17] 2026-08-09 13:31:17 | INFO     | KDClient 13 fit round 29 (tier=medium)
[2026-08-09 13:31:17] 2026-08-09 13:31:17 | INFO     | KDClient 13 round 29 public KD (epochs=2)
[2026-08-09 13:32:00] 2026-08-09 13:32:00 | INFO     | KDClient 13 round 29 local training (epochs=3)
[2026-08-09 13:32:39] 2026-08-09 13:32:39 | INFO     | KDClient 13 round 29 completed (acc=0.9357, n=300)
[2026-08-09 13:32:39] 2026-08-09 13:32:39 | INFO     | KDClient 14 fit round 29 (tier=large)
[2026-08-09 13:32:39] 2026-08-09 13:32:39 | INFO     | KDClient 14 round 29 public KD (epochs=2)
[2026-08-09 13:34:03] 2026-08-09 13:34:03 | INFO     | KDClient 14 round 29 local training (epochs=3)
[2026-08-09 13:35:44] 2026-08-09 13:35:44 | INFO     | KDClient 14 round 29 completed (acc=0.9308, n=300)
[2026-08-09 13:35:44] 2026-08-09 13:35:44 | INFO     | KDClient 15 fit round 29 (tier=large)
[2026-08-09 13:35:44] 2026-08-09 13:35:44 | INFO     | KDClient 15 round 29 public KD (epochs=2)
[2026-08-09 13:36:50] 2026-08-09 13:36:50 | INFO     | KDClient 15 round 29 local training (epochs=3)
[2026-08-09 13:38:44] 2026-08-09 13:38:44 | INFO     | KDClient 15 round 29 completed (acc=0.9317, n=300)
[2026-08-09 13:38:44] 2026-08-09 13:38:44 | INFO     | KDClient 16 fit round 29 (tier=large)
[2026-08-09 13:38:44] 2026-08-09 13:38:44 | INFO     | KDClient 16 round 29 public KD (epochs=2)
[2026-08-09 13:40:07] 2026-08-09 13:40:07 | INFO     | KDClient 16 round 29 local training (epochs=3)
[2026-08-09 13:41:45] 2026-08-09 13:41:45 | INFO     | KDClient 16 round 29 completed (acc=0.9329, n=300)
[2026-08-09 13:41:45] 2026-08-09 13:41:45 | INFO     | KDClient 17 fit round 29 (tier=large)
[2026-08-09 13:41:45] 2026-08-09 13:41:45 | INFO     | KDClient 17 round 29 public KD (epochs=2)
[2026-08-09 13:43:23] 2026-08-09 13:43:23 | INFO     | KDClient 17 round 29 local training (epochs=3)
[2026-08-09 13:44:54] 2026-08-09 13:44:54 | INFO     | KDClient 17 round 29 completed (acc=0.9245, n=300)
[2026-08-09 13:44:54] 2026-08-09 13:44:54 | INFO     | KDClient 18 fit round 29 (tier=large)
[2026-08-09 13:44:54] 2026-08-09 13:44:54 | INFO     | KDClient 18 round 29 public KD (epochs=2)
[2026-08-09 13:46:12] 2026-08-09 13:46:12 | INFO     | KDClient 18 round 29 local training (epochs=3)
[2026-08-09 13:47:27] 2026-08-09 13:47:27 | INFO     | KDClient 18 round 29 completed (acc=0.9299, n=300)
[2026-08-09 13:47:27] 2026-08-09 13:47:27 | INFO     | KDClient 19 fit round 29 (tier=large)
[2026-08-09 13:47:27] 2026-08-09 13:47:27 | INFO     | KDClient 19 round 29 public KD (epochs=2)
[2026-08-09 13:48:41] 2026-08-09 13:48:41 | INFO     | KDClient 19 round 29 local training (epochs=3)
[2026-08-09 13:49:57] 2026-08-09 13:49:57 | INFO     | KDClient 19 round 29 completed (acc=0.9319, n=300)
[2026-08-09 13:49:57]   Round  29/40 | Avg: 0.9176 | Min: 0.8806 | Max: 0.9357
[2026-08-09 13:49:57] 2026-08-09 13:49:57 | INFO     | FEDAKD — IID: round 30/40 starting
[2026-08-09 13:49:57] 2026-08-09 13:49:57 | INFO     | KDClient 0 fit round 30 (tier=small)
[2026-08-09 13:49:57] 2026-08-09 13:49:57 | INFO     | KDClient 0 round 30 public KD (epochs=2)
[2026-08-09 13:50:16] 2026-08-09 13:50:16 | INFO     | KDClient 0 round 30 local training (epochs=3)
[2026-08-09 13:50:31] 2026-08-09 13:50:31 | INFO     | KDClient 0 round 30 completed (acc=0.8854, n=300)
[2026-08-09 13:50:31] 2026-08-09 13:50:31 | INFO     | KDClient 1 fit round 30 (tier=small)
[2026-08-09 13:50:31] 2026-08-09 13:50:31 | INFO     | KDClient 1 round 30 public KD (epochs=2)
[2026-08-09 13:50:43] 2026-08-09 13:50:43 | INFO     | KDClient 1 round 30 local training (epochs=3)
[2026-08-09 13:50:59] 2026-08-09 13:50:59 | INFO     | KDClient 1 round 30 completed (acc=0.9005, n=300)
[2026-08-09 13:50:59] 2026-08-09 13:50:59 | INFO     | KDClient 2 fit round 30 (tier=small)
[2026-08-09 13:50:59] 2026-08-09 13:50:59 | INFO     | KDClient 2 round 30 public KD (epochs=2)
[2026-08-09 13:51:12] 2026-08-09 13:51:12 | INFO     | KDClient 2 round 30 local training (epochs=3)
[2026-08-09 13:51:35] 2026-08-09 13:51:35 | INFO     | KDClient 2 round 30 completed (acc=0.9147, n=300)
[2026-08-09 13:51:35] 2026-08-09 13:51:35 | INFO     | KDClient 3 fit round 30 (tier=small)
[2026-08-09 13:51:35] 2026-08-09 13:51:35 | INFO     | KDClient 3 round 30 public KD (epochs=2)
[2026-08-09 13:51:47] 2026-08-09 13:51:47 | INFO     | KDClient 3 round 30 local training (epochs=3)
[2026-08-09 13:51:59] 2026-08-09 13:51:59 | INFO     | KDClient 3 round 30 completed (acc=0.8887, n=300)
[2026-08-09 13:51:59] 2026-08-09 13:51:59 | INFO     | KDClient 4 fit round 30 (tier=small)
[2026-08-09 13:51:59] 2026-08-09 13:51:59 | INFO     | KDClient 4 round 30 public KD (epochs=2)
[2026-08-09 13:52:11] 2026-08-09 13:52:11 | INFO     | KDClient 4 round 30 local training (epochs=3)
[2026-08-09 13:52:26] 2026-08-09 13:52:26 | INFO     | KDClient 4 round 30 completed (acc=0.8977, n=300)
[2026-08-09 13:52:26] 2026-08-09 13:52:26 | INFO     | KDClient 5 fit round 30 (tier=small)
[2026-08-09 13:52:26] 2026-08-09 13:52:26 | INFO     | KDClient 5 round 30 public KD (epochs=2)
[2026-08-09 13:52:38] 2026-08-09 13:52:38 | INFO     | KDClient 5 round 30 local training (epochs=3)
[2026-08-09 13:52:56] 2026-08-09 13:52:56 | INFO     | KDClient 5 round 30 completed (acc=0.8869, n=300)
[2026-08-09 13:52:56] 2026-08-09 13:52:56 | INFO     | KDClient 6 fit round 30 (tier=small)
[2026-08-09 13:52:56] 2026-08-09 13:52:56 | INFO     | KDClient 6 round 30 public KD (epochs=2)
[2026-08-09 13:53:07] 2026-08-09 13:53:07 | INFO     | KDClient 6 round 30 local training (epochs=3)
[2026-08-09 13:53:29] 2026-08-09 13:53:29 | INFO     | KDClient 6 round 30 completed (acc=0.9038, n=300)
[2026-08-09 13:53:29] 2026-08-09 13:53:29 | INFO     | KDClient 7 fit round 30 (tier=medium)
[2026-08-09 13:53:29] 2026-08-09 13:53:29 | INFO     | KDClient 7 round 30 public KD (epochs=2)
[2026-08-09 13:54:35] 2026-08-09 13:54:35 | INFO     | KDClient 7 round 30 local training (epochs=3)
[2026-08-09 13:55:36] 2026-08-09 13:55:36 | INFO     | KDClient 7 round 30 completed (acc=0.9262, n=300)
[2026-08-09 13:55:36] 2026-08-09 13:55:36 | INFO     | KDClient 8 fit round 30 (tier=medium)
[2026-08-09 13:55:36] 2026-08-09 13:55:36 | INFO     | KDClient 8 round 30 public KD (epochs=2)
[2026-08-09 13:56:16] 2026-08-09 13:56:16 | INFO     | KDClient 8 round 30 local training (epochs=3)
[2026-08-09 13:56:55] 2026-08-09 13:56:55 | INFO     | KDClient 8 round 30 completed (acc=0.9244, n=300)
[2026-08-09 13:56:55] 2026-08-09 13:56:55 | INFO     | KDClient 9 fit round 30 (tier=medium)
[2026-08-09 13:56:55] 2026-08-09 13:56:55 | INFO     | KDClient 9 round 30 public KD (epochs=2)
[2026-08-09 13:57:32] 2026-08-09 13:57:32 | INFO     | KDClient 9 round 30 local training (epochs=3)
[2026-08-09 13:58:10] 2026-08-09 13:58:10 | INFO     | KDClient 9 round 30 completed (acc=0.9282, n=300)
[2026-08-09 13:58:10] 2026-08-09 13:58:10 | INFO     | KDClient 10 fit round 30 (tier=medium)
[2026-08-09 13:58:10] 2026-08-09 13:58:10 | INFO     | KDClient 10 round 30 public KD (epochs=2)
[2026-08-09 13:58:45] 2026-08-09 13:58:45 | INFO     | KDClient 10 round 30 local training (epochs=3)
[2026-08-09 13:59:26] 2026-08-09 13:59:26 | INFO     | KDClient 10 round 30 completed (acc=0.9283, n=300)
[2026-08-09 13:59:26] 2026-08-09 13:59:26 | INFO     | KDClient 11 fit round 30 (tier=medium)
[2026-08-09 13:59:26] 2026-08-09 13:59:26 | INFO     | KDClient 11 round 30 public KD (epochs=2)
[2026-08-09 14:00:07] 2026-08-09 14:00:07 | INFO     | KDClient 11 round 30 local training (epochs=3)
[2026-08-09 14:00:50] 2026-08-09 14:00:50 | INFO     | KDClient 11 round 30 completed (acc=0.9313, n=300)
[2026-08-09 14:00:50] 2026-08-09 14:00:50 | INFO     | KDClient 12 fit round 30 (tier=medium)
[2026-08-09 14:00:50] 2026-08-09 14:00:50 | INFO     | KDClient 12 round 30 public KD (epochs=2)
[2026-08-09 14:01:29] 2026-08-09 14:01:29 | INFO     | KDClient 12 round 30 local training (epochs=3)
[2026-08-09 14:02:06] 2026-08-09 14:02:06 | INFO     | KDClient 12 round 30 completed (acc=0.9273, n=300)
[2026-08-09 14:02:06] 2026-08-09 14:02:06 | INFO     | KDClient 13 fit round 30 (tier=medium)
[2026-08-09 14:02:06] 2026-08-09 14:02:06 | INFO     | KDClient 13 round 30 public KD (epochs=2)
[2026-08-09 14:02:45] 2026-08-09 14:02:45 | INFO     | KDClient 13 round 30 local training (epochs=3)
[2026-08-09 14:03:34] 2026-08-09 14:03:34 | INFO     | KDClient 13 round 30 completed (acc=0.9351, n=300)
[2026-08-09 14:03:34] 2026-08-09 14:03:34 | INFO     | KDClient 14 fit round 30 (tier=large)
[2026-08-09 14:03:34] 2026-08-09 14:03:34 | INFO     | KDClient 14 round 30 public KD (epochs=2)
[2026-08-09 14:04:51] 2026-08-09 14:04:51 | INFO     | KDClient 14 round 30 local training (epochs=3)
[2026-08-09 14:05:40] 2026-08-09 14:05:40 | INFO     | KDClient 14 round 30 completed (acc=0.9324, n=300)
[2026-08-09 14:05:40] 2026-08-09 14:05:40 | INFO     | KDClient 15 fit round 30 (tier=large)
[2026-08-09 14:05:40] 2026-08-09 14:05:40 | INFO     | KDClient 15 round 30 public KD (epochs=2)
[2026-08-09 14:06:51] 2026-08-09 14:06:51 | INFO     | KDClient 15 round 30 local training (epochs=3)
[2026-08-09 14:07:41] 2026-08-09 14:07:41 | INFO     | KDClient 15 round 30 completed (acc=0.9328, n=300)
[2026-08-09 14:07:41] 2026-08-09 14:07:41 | INFO     | KDClient 16 fit round 30 (tier=large)
[2026-08-09 14:07:41] 2026-08-09 14:07:41 | INFO     | KDClient 16 round 30 public KD (epochs=2)
[2026-08-09 14:08:40] 2026-08-09 14:08:40 | INFO     | KDClient 16 round 30 local training (epochs=3)
[2026-08-09 14:09:55] 2026-08-09 14:09:55 | INFO     | KDClient 16 round 30 completed (acc=0.9330, n=300)
[2026-08-09 14:09:55] 2026-08-09 14:09:55 | INFO     | KDClient 17 fit round 30 (tier=large)
[2026-08-09 14:09:55] 2026-08-09 14:09:55 | INFO     | KDClient 17 round 30 public KD (epochs=2)
[2026-08-09 14:11:10] 2026-08-09 14:11:10 | INFO     | KDClient 17 round 30 local training (epochs=3)
[2026-08-09 14:12:18] 2026-08-09 14:12:18 | INFO     | KDClient 17 round 30 completed (acc=0.9300, n=300)
[2026-08-09 14:12:18] 2026-08-09 14:12:18 | INFO     | KDClient 18 fit round 30 (tier=large)
[2026-08-09 14:12:18] 2026-08-09 14:12:18 | INFO     | KDClient 18 round 30 public KD (epochs=2)
[2026-08-09 14:13:32] 2026-08-09 14:13:32 | INFO     | KDClient 18 round 30 local training (epochs=3)
[2026-08-09 14:14:30] 2026-08-09 14:14:30 | INFO     | KDClient 18 round 30 completed (acc=0.9323, n=300)
[2026-08-09 14:14:30] 2026-08-09 14:14:30 | INFO     | KDClient 19 fit round 30 (tier=large)
[2026-08-09 14:14:30] 2026-08-09 14:14:30 | INFO     | KDClient 19 round 30 public KD (epochs=2)
[2026-08-09 14:15:46] 2026-08-09 14:15:46 | INFO     | KDClient 19 round 30 local training (epochs=3)
[2026-08-09 14:16:40] 2026-08-09 14:16:40 | INFO     | KDClient 19 round 30 completed (acc=0.9275, n=300)
[2026-08-09 14:16:40]   Round  30/40 | Avg: 0.9183 | Min: 0.8854 | Max: 0.9351
[2026-08-09 14:16:40] 2026-08-09 14:16:40 | INFO     | FEDAKD — IID: round 31/40 starting
[2026-08-09 14:16:40] 2026-08-09 14:16:40 | INFO     | KDClient 0 fit round 31 (tier=small)
[2026-08-09 14:16:40] 2026-08-09 14:16:40 | INFO     | KDClient 0 round 31 public KD (epochs=2)
[2026-08-09 14:16:51] 2026-08-09 14:16:51 | INFO     | KDClient 0 round 31 local training (epochs=3)
[2026-08-09 14:17:10] 2026-08-09 14:17:10 | INFO     | KDClient 0 round 31 completed (acc=0.8920, n=300)
[2026-08-09 14:17:10] 2026-08-09 14:17:10 | INFO     | KDClient 1 fit round 31 (tier=small)
[2026-08-09 14:17:10] 2026-08-09 14:17:10 | INFO     | KDClient 1 round 31 public KD (epochs=2)
[2026-08-09 14:17:27] 2026-08-09 14:17:27 | INFO     | KDClient 1 round 31 local training (epochs=3)
[2026-08-09 14:17:45] 2026-08-09 14:17:45 | INFO     | KDClient 1 round 31 completed (acc=0.8957, n=300)
[2026-08-09 14:17:45] 2026-08-09 14:17:45 | INFO     | KDClient 2 fit round 31 (tier=small)
[2026-08-09 14:17:45] 2026-08-09 14:17:45 | INFO     | KDClient 2 round 31 public KD (epochs=2)
[2026-08-09 14:17:58] 2026-08-09 14:17:58 | INFO     | KDClient 2 round 31 local training (epochs=3)
[2026-08-09 14:18:14] 2026-08-09 14:18:14 | INFO     | KDClient 2 round 31 completed (acc=0.9119, n=300)
[2026-08-09 14:18:14] 2026-08-09 14:18:14 | INFO     | KDClient 3 fit round 31 (tier=small)
[2026-08-09 14:18:14] 2026-08-09 14:18:14 | INFO     | KDClient 3 round 31 public KD (epochs=2)
[2026-08-09 14:18:30] 2026-08-09 14:18:30 | INFO     | KDClient 3 round 31 local training (epochs=3)
[2026-08-09 14:18:49] 2026-08-09 14:18:49 | INFO     | KDClient 3 round 31 completed (acc=0.8887, n=300)
[2026-08-09 14:18:49] 2026-08-09 14:18:49 | INFO     | KDClient 4 fit round 31 (tier=small)
[2026-08-09 14:18:49] 2026-08-09 14:18:49 | INFO     | KDClient 4 round 31 public KD (epochs=2)
[2026-08-09 14:19:02] 2026-08-09 14:19:02 | INFO     | KDClient 4 round 31 local training (epochs=3)
[2026-08-09 14:19:23] 2026-08-09 14:19:23 | INFO     | KDClient 4 round 31 completed (acc=0.9025, n=300)
[2026-08-09 14:19:23] 2026-08-09 14:19:23 | INFO     | KDClient 5 fit round 31 (tier=small)
[2026-08-09 14:19:23] 2026-08-09 14:19:23 | INFO     | KDClient 5 round 31 public KD (epochs=2)
[2026-08-09 14:19:36] 2026-08-09 14:19:36 | INFO     | KDClient 5 round 31 local training (epochs=3)
[2026-08-09 14:20:01] 2026-08-09 14:20:01 | INFO     | KDClient 5 round 31 completed (acc=0.8889, n=300)
[2026-08-09 14:20:01] 2026-08-09 14:20:01 | INFO     | KDClient 6 fit round 31 (tier=small)
[2026-08-09 14:20:01] 2026-08-09 14:20:01 | INFO     | KDClient 6 round 31 public KD (epochs=2)
[2026-08-09 14:20:17] 2026-08-09 14:20:17 | INFO     | KDClient 6 round 31 local training (epochs=3)
[2026-08-09 14:20:40] 2026-08-09 14:20:40 | INFO     | KDClient 6 round 31 completed (acc=0.9081, n=300)
[2026-08-09 14:20:40] 2026-08-09 14:20:40 | INFO     | KDClient 7 fit round 31 (tier=medium)
[2026-08-09 14:20:40] 2026-08-09 14:20:40 | INFO     | KDClient 7 round 31 public KD (epochs=2)
[2026-08-09 14:21:46] 2026-08-09 14:21:46 | INFO     | KDClient 7 round 31 local training (epochs=3)
[2026-08-09 14:22:35] 2026-08-09 14:22:35 | INFO     | KDClient 7 round 31 completed (acc=0.9247, n=300)
[2026-08-09 14:22:35] 2026-08-09 14:22:35 | INFO     | KDClient 8 fit round 31 (tier=medium)
[2026-08-09 14:22:35] 2026-08-09 14:22:35 | INFO     | KDClient 8 round 31 public KD (epochs=2)
[2026-08-09 14:23:40] 2026-08-09 14:23:40 | INFO     | KDClient 8 round 31 local training (epochs=3)
[2026-08-09 14:24:19] 2026-08-09 14:24:19 | INFO     | KDClient 8 round 31 completed (acc=0.9204, n=300)
[2026-08-09 14:24:19] 2026-08-09 14:24:19 | INFO     | KDClient 9 fit round 31 (tier=medium)
[2026-08-09 14:24:19] 2026-08-09 14:24:19 | INFO     | KDClient 9 round 31 public KD (epochs=2)
[2026-08-09 14:25:00] 2026-08-09 14:25:00 | INFO     | KDClient 9 round 31 local training (epochs=3)
[2026-08-09 14:25:45] 2026-08-09 14:25:45 | INFO     | KDClient 9 round 31 completed (acc=0.9270, n=300)
[2026-08-09 14:25:45] 2026-08-09 14:25:45 | INFO     | KDClient 10 fit round 31 (tier=medium)
[2026-08-09 14:25:45] 2026-08-09 14:25:45 | INFO     | KDClient 10 round 31 public KD (epochs=2)
[2026-08-09 14:26:39] 2026-08-09 14:26:39 | INFO     | KDClient 10 round 31 local training (epochs=3)
[2026-08-09 14:27:40] 2026-08-09 14:27:40 | INFO     | KDClient 10 round 31 completed (acc=0.9254, n=300)
[2026-08-09 14:27:40] 2026-08-09 14:27:40 | INFO     | KDClient 11 fit round 31 (tier=medium)
[2026-08-09 14:27:40] 2026-08-09 14:27:40 | INFO     | KDClient 11 round 31 public KD (epochs=2)
[2026-08-09 14:28:30] 2026-08-09 14:28:30 | INFO     | KDClient 11 round 31 local training (epochs=3)
[2026-08-09 14:29:15] 2026-08-09 14:29:15 | INFO     | KDClient 11 round 31 completed (acc=0.9327, n=300)
[2026-08-09 14:29:15] 2026-08-09 14:29:15 | INFO     | KDClient 12 fit round 31 (tier=medium)
[2026-08-09 14:29:15] 2026-08-09 14:29:15 | INFO     | KDClient 12 round 31 public KD (epochs=2)
[2026-08-09 14:29:58] 2026-08-09 14:29:58 | INFO     | KDClient 12 round 31 local training (epochs=3)
[2026-08-09 14:30:41] 2026-08-09 14:30:41 | INFO     | KDClient 12 round 31 completed (acc=0.9219, n=300)
[2026-08-09 14:30:41] 2026-08-09 14:30:41 | INFO     | KDClient 13 fit round 31 (tier=medium)
[2026-08-09 14:30:41] 2026-08-09 14:30:41 | INFO     | KDClient 13 round 31 public KD (epochs=2)
[2026-08-09 14:31:25] 2026-08-09 14:31:25 | INFO     | KDClient 13 round 31 local training (epochs=3)
[2026-08-09 14:32:23] 2026-08-09 14:32:23 | INFO     | KDClient 13 round 31 completed (acc=0.9332, n=300)
[2026-08-09 14:32:23] 2026-08-09 14:32:23 | INFO     | KDClient 14 fit round 31 (tier=large)
[2026-08-09 14:32:23] 2026-08-09 14:32:23 | INFO     | KDClient 14 round 31 public KD (epochs=2)
[2026-08-09 14:33:50] 2026-08-09 14:33:50 | INFO     | KDClient 14 round 31 local training (epochs=3)
[2026-08-09 14:34:54] 2026-08-09 14:34:54 | INFO     | KDClient 14 round 31 completed (acc=0.9308, n=300)
[2026-08-09 14:34:54] 2026-08-09 14:34:54 | INFO     | KDClient 15 fit round 31 (tier=large)
[2026-08-09 14:34:54] 2026-08-09 14:34:54 | INFO     | KDClient 15 round 31 public KD (epochs=2)
[2026-08-09 14:35:57] 2026-08-09 14:35:57 | INFO     | KDClient 15 round 31 local training (epochs=3)
[2026-08-09 14:37:30] 2026-08-09 14:37:30 | INFO     | KDClient 15 round 31 completed (acc=0.9275, n=300)
[2026-08-09 14:37:30] 2026-08-09 14:37:30 | INFO     | KDClient 16 fit round 31 (tier=large)
[2026-08-09 14:37:30] 2026-08-09 14:37:30 | INFO     | KDClient 16 round 31 public KD (epochs=2)
[2026-08-09 14:38:33] 2026-08-09 14:38:33 | INFO     | KDClient 16 round 31 local training (epochs=3)
[2026-08-09 14:39:57] 2026-08-09 14:39:57 | INFO     | KDClient 16 round 31 completed (acc=0.9300, n=300)
[2026-08-09 14:39:57] 2026-08-09 14:39:57 | INFO     | KDClient 17 fit round 31 (tier=large)
[2026-08-09 14:39:57] 2026-08-09 14:39:57 | INFO     | KDClient 17 round 31 public KD (epochs=2)
[2026-08-09 14:41:11] 2026-08-09 14:41:11 | INFO     | KDClient 17 round 31 local training (epochs=3)
[2026-08-09 14:42:16] 2026-08-09 14:42:16 | INFO     | KDClient 17 round 31 completed (acc=0.9321, n=300)
[2026-08-09 14:42:16] 2026-08-09 14:42:16 | INFO     | KDClient 18 fit round 31 (tier=large)
[2026-08-09 14:42:16] 2026-08-09 14:42:16 | INFO     | KDClient 18 round 31 public KD (epochs=2)
[2026-08-09 14:44:16] 2026-08-09 14:44:16 | INFO     | KDClient 18 round 31 local training (epochs=3)
[2026-08-09 14:45:40] 2026-08-09 14:45:40 | INFO     | KDClient 18 round 31 completed (acc=0.9239, n=300)
[2026-08-09 14:45:40] 2026-08-09 14:45:40 | INFO     | KDClient 19 fit round 31 (tier=large)
[2026-08-09 14:45:40] 2026-08-09 14:45:40 | INFO     | KDClient 19 round 31 public KD (epochs=2)
[2026-08-09 14:46:58] 2026-08-09 14:46:58 | INFO     | KDClient 19 round 31 local training (epochs=3)
[2026-08-09 14:48:16] 2026-08-09 14:48:16 | INFO     | KDClient 19 round 31 completed (acc=0.9290, n=300)
[2026-08-09 14:48:16]   Round  31/40 | Avg: 0.9173 | Min: 0.8887 | Max: 0.9332
[2026-08-09 14:48:16] 2026-08-09 14:48:16 | INFO     | FEDAKD — IID: round 32/40 starting
[2026-08-09 14:48:16] 2026-08-09 14:48:16 | INFO     | KDClient 0 fit round 32 (tier=small)
[2026-08-09 14:48:16] 2026-08-09 14:48:16 | INFO     | KDClient 0 round 32 public KD (epochs=2)
[2026-08-09 14:48:36] 2026-08-09 14:48:36 | INFO     | KDClient 0 round 32 local training (epochs=3)
[2026-08-09 14:49:05] 2026-08-09 14:49:05 | INFO     | KDClient 0 round 32 completed (acc=0.8927, n=300)
[2026-08-09 14:49:05] 2026-08-09 14:49:05 | INFO     | KDClient 1 fit round 32 (tier=small)
[2026-08-09 14:49:05] 2026-08-09 14:49:05 | INFO     | KDClient 1 round 32 public KD (epochs=2)
[2026-08-09 14:49:26] 2026-08-09 14:49:26 | INFO     | KDClient 1 round 32 local training (epochs=3)
[2026-08-09 14:50:08] 2026-08-09 14:50:08 | INFO     | KDClient 1 round 32 completed (acc=0.8985, n=300)
[2026-08-09 14:50:08] 2026-08-09 14:50:08 | INFO     | KDClient 2 fit round 32 (tier=small)
[2026-08-09 14:50:08] 2026-08-09 14:50:08 | INFO     | KDClient 2 round 32 public KD (epochs=2)
[2026-08-09 14:50:23] 2026-08-09 14:50:23 | INFO     | KDClient 2 round 32 local training (epochs=3)
[2026-08-09 14:50:47] 2026-08-09 14:50:47 | INFO     | KDClient 2 round 32 completed (acc=0.9161, n=300)
[2026-08-09 14:50:47] 2026-08-09 14:50:47 | INFO     | KDClient 3 fit round 32 (tier=small)
[2026-08-09 14:50:47] 2026-08-09 14:50:47 | INFO     | KDClient 3 round 32 public KD (epochs=2)
[2026-08-09 14:51:04] 2026-08-09 14:51:04 | INFO     | KDClient 3 round 32 local training (epochs=3)
[2026-08-09 14:51:24] 2026-08-09 14:51:24 | INFO     | KDClient 3 round 32 completed (acc=0.8771, n=300)
[2026-08-09 14:51:24] 2026-08-09 14:51:24 | INFO     | KDClient 4 fit round 32 (tier=small)
[2026-08-09 14:51:24] 2026-08-09 14:51:24 | INFO     | KDClient 4 round 32 public KD (epochs=2)
[2026-08-09 14:51:39] 2026-08-09 14:51:39 | INFO     | KDClient 4 round 32 local training (epochs=3)
[2026-08-09 14:52:09] 2026-08-09 14:52:09 | INFO     | KDClient 4 round 32 completed (acc=0.9017, n=300)
[2026-08-09 14:52:09] 2026-08-09 14:52:09 | INFO     | KDClient 5 fit round 32 (tier=small)
[2026-08-09 14:52:09] 2026-08-09 14:52:09 | INFO     | KDClient 5 round 32 public KD (epochs=2)
[2026-08-09 14:52:26] 2026-08-09 14:52:26 | INFO     | KDClient 5 round 32 local training (epochs=3)
[2026-08-09 14:52:49] 2026-08-09 14:52:49 | INFO     | KDClient 5 round 32 completed (acc=0.8924, n=300)
[2026-08-09 14:52:49] 2026-08-09 14:52:49 | INFO     | KDClient 6 fit round 32 (tier=small)
[2026-08-09 14:52:49] 2026-08-09 14:52:49 | INFO     | KDClient 6 round 32 public KD (epochs=2)
[2026-08-09 14:53:08] 2026-08-09 14:53:08 | INFO     | KDClient 6 round 32 local training (epochs=3)
[2026-08-09 14:53:35] 2026-08-09 14:53:35 | INFO     | KDClient 6 round 32 completed (acc=0.9105, n=300)
[2026-08-09 14:53:35] 2026-08-09 14:53:35 | INFO     | KDClient 7 fit round 32 (tier=medium)
[2026-08-09 14:53:35] 2026-08-09 14:53:35 | INFO     | KDClient 7 round 32 public KD (epochs=2)
[2026-08-09 14:54:18] 2026-08-09 14:54:18 | INFO     | KDClient 7 round 32 local training (epochs=3)
[2026-08-09 14:55:13] 2026-08-09 14:55:13 | INFO     | KDClient 7 round 32 completed (acc=0.9286, n=300)
[2026-08-09 14:55:13] 2026-08-09 14:55:13 | INFO     | KDClient 8 fit round 32 (tier=medium)
[2026-08-09 14:55:13] 2026-08-09 14:55:13 | INFO     | KDClient 8 round 32 public KD (epochs=2)
[2026-08-09 14:56:01] 2026-08-09 14:56:01 | INFO     | KDClient 8 round 32 local training (epochs=3)
[2026-08-09 14:56:58] 2026-08-09 14:56:58 | INFO     | KDClient 8 round 32 completed (acc=0.9252, n=300)
[2026-08-09 14:56:58] 2026-08-09 14:56:58 | INFO     | KDClient 9 fit round 32 (tier=medium)
[2026-08-09 14:56:58] 2026-08-09 14:56:58 | INFO     | KDClient 9 round 32 public KD (epochs=2)
[2026-08-09 14:57:39] 2026-08-09 14:57:39 | INFO     | KDClient 9 round 32 local training (epochs=3)
[2026-08-09 14:58:28] 2026-08-09 14:58:28 | INFO     | KDClient 9 round 32 completed (acc=0.9282, n=300)
[2026-08-09 14:58:28] 2026-08-09 14:58:28 | INFO     | KDClient 10 fit round 32 (tier=medium)
[2026-08-09 14:58:28] 2026-08-09 14:58:28 | INFO     | KDClient 10 round 32 public KD (epochs=2)
[2026-08-09 14:59:38] 2026-08-09 14:59:38 | INFO     | KDClient 10 round 32 local training (epochs=3)
[2026-08-09 15:00:29] 2026-08-09 15:00:29 | INFO     | KDClient 10 round 32 completed (acc=0.9267, n=300)
[2026-08-09 15:00:29] 2026-08-09 15:00:29 | INFO     | KDClient 11 fit round 32 (tier=medium)
[2026-08-09 15:00:29] 2026-08-09 15:00:29 | INFO     | KDClient 11 round 32 public KD (epochs=2)
[2026-08-09 15:01:18] 2026-08-09 15:01:18 | INFO     | KDClient 11 round 32 local training (epochs=3)
[2026-08-09 15:02:21] 2026-08-09 15:02:21 | INFO     | KDClient 11 round 32 completed (acc=0.9333, n=300)
[2026-08-09 15:02:21] 2026-08-09 15:02:21 | INFO     | KDClient 12 fit round 32 (tier=medium)
[2026-08-09 15:02:21] 2026-08-09 15:02:21 | INFO     | KDClient 12 round 32 public KD (epochs=2)
[2026-08-09 15:03:19] 2026-08-09 15:03:19 | INFO     | KDClient 12 round 32 local training (epochs=3)
[2026-08-09 15:04:15] 2026-08-09 15:04:15 | INFO     | KDClient 12 round 32 completed (acc=0.9211, n=300)
[2026-08-09 15:04:15] 2026-08-09 15:04:15 | INFO     | KDClient 13 fit round 32 (tier=medium)
[2026-08-09 15:04:15] 2026-08-09 15:04:15 | INFO     | KDClient 13 round 32 public KD (epochs=2)
[2026-08-09 15:04:57] 2026-08-09 15:04:57 | INFO     | KDClient 13 round 32 local training (epochs=3)
[2026-08-09 15:05:42] 2026-08-09 15:05:42 | INFO     | KDClient 13 round 32 completed (acc=0.9311, n=300)
[2026-08-09 15:05:42] 2026-08-09 15:05:42 | INFO     | KDClient 14 fit round 32 (tier=large)
[2026-08-09 15:05:42] 2026-08-09 15:05:42 | INFO     | KDClient 14 round 32 public KD (epochs=2)
[2026-08-09 15:06:54] 2026-08-09 15:06:54 | INFO     | KDClient 14 round 32 local training (epochs=3)
[2026-08-09 15:07:39] 2026-08-09 15:07:39 | INFO     | KDClient 14 round 32 completed (acc=0.9314, n=300)
[2026-08-09 15:07:39] 2026-08-09 15:07:39 | INFO     | KDClient 15 fit round 32 (tier=large)
[2026-08-09 15:07:39] 2026-08-09 15:07:39 | INFO     | KDClient 15 round 32 public KD (epochs=2)
[2026-08-09 15:08:35] 2026-08-09 15:08:35 | INFO     | KDClient 15 round 32 local training (epochs=3)
[2026-08-09 15:09:25] 2026-08-09 15:09:25 | INFO     | KDClient 15 round 32 completed (acc=0.9301, n=300)
[2026-08-09 15:09:25] 2026-08-09 15:09:25 | INFO     | KDClient 16 fit round 32 (tier=large)
[2026-08-09 15:09:25] 2026-08-09 15:09:25 | INFO     | KDClient 16 round 32 public KD (epochs=2)
[2026-08-09 15:10:40] 2026-08-09 15:10:40 | INFO     | KDClient 16 round 32 local training (epochs=3)
[2026-08-09 15:11:37] 2026-08-09 15:11:37 | INFO     | KDClient 16 round 32 completed (acc=0.9287, n=300)
[2026-08-09 15:11:37] 2026-08-09 15:11:37 | INFO     | KDClient 17 fit round 32 (tier=large)
[2026-08-09 15:11:37] 2026-08-09 15:11:37 | INFO     | KDClient 17 round 32 public KD (epochs=2)
[2026-08-09 15:12:39] 2026-08-09 15:12:39 | INFO     | KDClient 17 round 32 local training (epochs=3)
[2026-08-09 15:13:36] 2026-08-09 15:13:36 | INFO     | KDClient 17 round 32 completed (acc=0.9312, n=300)
[2026-08-09 15:13:36] 2026-08-09 15:13:36 | INFO     | KDClient 18 fit round 32 (tier=large)
[2026-08-09 15:13:36] 2026-08-09 15:13:36 | INFO     | KDClient 18 round 32 public KD (epochs=2)
[2026-08-09 15:14:41] 2026-08-09 15:14:41 | INFO     | KDClient 18 round 32 local training (epochs=3)
[2026-08-09 15:16:08] 2026-08-09 15:16:08 | INFO     | KDClient 18 round 32 completed (acc=0.9293, n=300)
[2026-08-09 15:16:08] 2026-08-09 15:16:08 | INFO     | KDClient 19 fit round 32 (tier=large)
[2026-08-09 15:16:08] 2026-08-09 15:16:08 | INFO     | KDClient 19 round 32 public KD (epochs=2)
[2026-08-09 15:17:09] 2026-08-09 15:17:09 | INFO     | KDClient 19 round 32 local training (epochs=3)
[2026-08-09 15:18:16] 2026-08-09 15:18:16 | INFO     | KDClient 19 round 32 completed (acc=0.9258, n=300)
[2026-08-09 15:18:16]   Round  32/40 | Avg: 0.9180 | Min: 0.8771 | Max: 0.9333
[2026-08-09 15:18:16] 2026-08-09 15:18:16 | INFO     | FEDAKD — IID: round 33/40 starting
[2026-08-09 15:18:16] 2026-08-09 15:18:16 | INFO     | KDClient 0 fit round 33 (tier=small)
[2026-08-09 15:18:16] 2026-08-09 15:18:16 | INFO     | KDClient 0 round 33 public KD (epochs=2)
[2026-08-09 15:18:28] 2026-08-09 15:18:28 | INFO     | KDClient 0 round 33 local training (epochs=3)
[2026-08-09 15:18:45] 2026-08-09 15:18:45 | INFO     | KDClient 0 round 33 completed (acc=0.8916, n=300)
[2026-08-09 15:18:45] 2026-08-09 15:18:45 | INFO     | KDClient 1 fit round 33 (tier=small)
[2026-08-09 15:18:45] 2026-08-09 15:18:45 | INFO     | KDClient 1 round 33 public KD (epochs=2)
[2026-08-09 15:19:01] 2026-08-09 15:19:01 | INFO     | KDClient 1 round 33 local training (epochs=3)
[2026-08-09 15:19:15] 2026-08-09 15:19:15 | INFO     | KDClient 1 round 33 completed (acc=0.8988, n=300)
[2026-08-09 15:19:15] 2026-08-09 15:19:15 | INFO     | KDClient 2 fit round 33 (tier=small)
[2026-08-09 15:19:15] 2026-08-09 15:19:15 | INFO     | KDClient 2 round 33 public KD (epochs=2)
[2026-08-09 15:19:26] 2026-08-09 15:19:26 | INFO     | KDClient 2 round 33 local training (epochs=3)
[2026-08-09 15:19:41] 2026-08-09 15:19:41 | INFO     | KDClient 2 round 33 completed (acc=0.9128, n=300)
[2026-08-09 15:19:41] 2026-08-09 15:19:41 | INFO     | KDClient 3 fit round 33 (tier=small)
[2026-08-09 15:19:41] 2026-08-09 15:19:41 | INFO     | KDClient 3 round 33 public KD (epochs=2)
[2026-08-09 15:19:53] 2026-08-09 15:19:53 | INFO     | KDClient 3 round 33 local training (epochs=3)
[2026-08-09 15:20:07] 2026-08-09 15:20:07 | INFO     | KDClient 3 round 33 completed (acc=0.8820, n=300)
[2026-08-09 15:20:07] 2026-08-09 15:20:07 | INFO     | KDClient 4 fit round 33 (tier=small)
[2026-08-09 15:20:07] 2026-08-09 15:20:07 | INFO     | KDClient 4 round 33 public KD (epochs=2)
[2026-08-09 15:20:17] 2026-08-09 15:20:17 | INFO     | KDClient 4 round 33 local training (epochs=3)
[2026-08-09 15:20:32] 2026-08-09 15:20:32 | INFO     | KDClient 4 round 33 completed (acc=0.9048, n=300)
[2026-08-09 15:20:32] 2026-08-09 15:20:32 | INFO     | KDClient 5 fit round 33 (tier=small)
[2026-08-09 15:20:32] 2026-08-09 15:20:32 | INFO     | KDClient 5 round 33 public KD (epochs=2)
[2026-08-09 15:20:49] 2026-08-09 15:20:49 | INFO     | KDClient 5 round 33 local training (epochs=3)
[2026-08-09 15:21:06] 2026-08-09 15:21:06 | INFO     | KDClient 5 round 33 completed (acc=0.8928, n=300)
[2026-08-09 15:21:06] 2026-08-09 15:21:06 | INFO     | KDClient 6 fit round 33 (tier=small)
[2026-08-09 15:21:06] 2026-08-09 15:21:06 | INFO     | KDClient 6 round 33 public KD (epochs=2)
[2026-08-09 15:21:23] 2026-08-09 15:21:23 | INFO     | KDClient 6 round 33 local training (epochs=3)
[2026-08-09 15:21:45] 2026-08-09 15:21:45 | INFO     | KDClient 6 round 33 completed (acc=0.9024, n=300)
[2026-08-09 15:21:45] 2026-08-09 15:21:45 | INFO     | KDClient 7 fit round 33 (tier=medium)
[2026-08-09 15:21:45] 2026-08-09 15:21:45 | INFO     | KDClient 7 round 33 public KD (epochs=2)
[2026-08-09 15:22:49] 2026-08-09 15:22:49 | INFO     | KDClient 7 round 33 local training (epochs=3)
[2026-08-09 15:23:39] 2026-08-09 15:23:39 | INFO     | KDClient 7 round 33 completed (acc=0.9267, n=300)
[2026-08-09 15:23:39] 2026-08-09 15:23:39 | INFO     | KDClient 8 fit round 33 (tier=medium)
[2026-08-09 15:23:39] 2026-08-09 15:23:39 | INFO     | KDClient 8 round 33 public KD (epochs=2)
[2026-08-09 15:24:26] 2026-08-09 15:24:26 | INFO     | KDClient 8 round 33 local training (epochs=3)
[2026-08-09 15:25:09] 2026-08-09 15:25:09 | INFO     | KDClient 8 round 33 completed (acc=0.9222, n=300)
[2026-08-09 15:25:09] 2026-08-09 15:25:09 | INFO     | KDClient 9 fit round 33 (tier=medium)
[2026-08-09 15:25:09] 2026-08-09 15:25:09 | INFO     | KDClient 9 round 33 public KD (epochs=2)
[2026-08-09 15:26:00] 2026-08-09 15:26:00 | INFO     | KDClient 9 round 33 local training (epochs=3)
[2026-08-09 15:26:47] 2026-08-09 15:26:47 | INFO     | KDClient 9 round 33 completed (acc=0.9210, n=300)
[2026-08-09 15:26:47] 2026-08-09 15:26:47 | INFO     | KDClient 10 fit round 33 (tier=medium)
[2026-08-09 15:26:47] 2026-08-09 15:26:47 | INFO     | KDClient 10 round 33 public KD (epochs=2)
[2026-08-09 15:27:32] 2026-08-09 15:27:32 | INFO     | KDClient 10 round 33 local training (epochs=3)
[2026-08-09 15:28:16] 2026-08-09 15:28:16 | INFO     | KDClient 10 round 33 completed (acc=0.9272, n=300)
[2026-08-09 15:28:16] 2026-08-09 15:28:16 | INFO     | KDClient 11 fit round 33 (tier=medium)
[2026-08-09 15:28:16] 2026-08-09 15:28:16 | INFO     | KDClient 11 round 33 public KD (epochs=2)
[2026-08-09 15:29:01] 2026-08-09 15:29:01 | INFO     | KDClient 11 round 33 local training (epochs=3)
[2026-08-09 15:29:47] 2026-08-09 15:29:47 | INFO     | KDClient 11 round 33 completed (acc=0.9316, n=300)
[2026-08-09 15:29:47] 2026-08-09 15:29:47 | INFO     | KDClient 12 fit round 33 (tier=medium)
[2026-08-09 15:29:47] 2026-08-09 15:29:47 | INFO     | KDClient 12 round 33 public KD (epochs=2)
[2026-08-09 15:30:31] 2026-08-09 15:30:31 | INFO     | KDClient 12 round 33 local training (epochs=3)
[2026-08-09 15:31:21] 2026-08-09 15:31:21 | INFO     | KDClient 12 round 33 completed (acc=0.9268, n=300)
[2026-08-09 15:31:21] 2026-08-09 15:31:21 | INFO     | KDClient 13 fit round 33 (tier=medium)
[2026-08-09 15:31:21] 2026-08-09 15:31:21 | INFO     | KDClient 13 round 33 public KD (epochs=2)
[2026-08-09 15:32:08] 2026-08-09 15:32:08 | INFO     | KDClient 13 round 33 local training (epochs=3)
[2026-08-09 15:32:55] 2026-08-09 15:32:55 | INFO     | KDClient 13 round 33 completed (acc=0.9346, n=300)
[2026-08-09 15:32:55] 2026-08-09 15:32:55 | INFO     | KDClient 14 fit round 33 (tier=large)
[2026-08-09 15:32:55] 2026-08-09 15:32:55 | INFO     | KDClient 14 round 33 public KD (epochs=2)
[2026-08-09 15:34:08] 2026-08-09 15:34:08 | INFO     | KDClient 14 round 33 local training (epochs=3)
[2026-08-09 15:35:28] 2026-08-09 15:35:28 | INFO     | KDClient 14 round 33 completed (acc=0.9272, n=300)
[2026-08-09 15:35:28] 2026-08-09 15:35:28 | INFO     | KDClient 15 fit round 33 (tier=large)
[2026-08-09 15:35:28] 2026-08-09 15:35:28 | INFO     | KDClient 15 round 33 public KD (epochs=2)
[2026-08-09 15:36:28] 2026-08-09 15:36:28 | INFO     | KDClient 15 round 33 local training (epochs=3)
[2026-08-09 15:37:52] 2026-08-09 15:37:52 | INFO     | KDClient 15 round 33 completed (acc=0.9294, n=300)
[2026-08-09 15:37:52] 2026-08-09 15:37:52 | INFO     | KDClient 16 fit round 33 (tier=large)
[2026-08-09 15:37:52] 2026-08-09 15:37:52 | INFO     | KDClient 16 round 33 public KD (epochs=2)
[2026-08-09 15:39:00] 2026-08-09 15:39:00 | INFO     | KDClient 16 round 33 local training (epochs=3)
[2026-08-09 15:39:57] 2026-08-09 15:39:57 | INFO     | KDClient 16 round 33 completed (acc=0.9299, n=300)
[2026-08-09 15:39:57] 2026-08-09 15:39:57 | INFO     | KDClient 17 fit round 33 (tier=large)
[2026-08-09 15:39:57] 2026-08-09 15:39:57 | INFO     | KDClient 17 round 33 public KD (epochs=2)
[2026-08-09 15:41:02] 2026-08-09 15:41:02 | INFO     | KDClient 17 round 33 local training (epochs=3)
[2026-08-09 15:42:00] 2026-08-09 15:42:00 | INFO     | KDClient 17 round 33 completed (acc=0.9337, n=300)
[2026-08-09 15:42:00] 2026-08-09 15:42:00 | INFO     | KDClient 18 fit round 33 (tier=large)
[2026-08-09 15:42:00] 2026-08-09 15:42:00 | INFO     | KDClient 18 round 33 public KD (epochs=2)
[2026-08-09 15:44:00] 2026-08-09 15:44:00 | INFO     | KDClient 18 round 33 local training (epochs=3)
[2026-08-09 15:45:13] 2026-08-09 15:45:13 | INFO     | KDClient 18 round 33 completed (acc=0.9250, n=300)
[2026-08-09 15:45:13] 2026-08-09 15:45:13 | INFO     | KDClient 19 fit round 33 (tier=large)
[2026-08-09 15:45:13] 2026-08-09 15:45:13 | INFO     | KDClient 19 round 33 public KD (epochs=2)
[2026-08-09 15:46:23] 2026-08-09 15:46:23 | INFO     | KDClient 19 round 33 local training (epochs=3)
[2026-08-09 15:47:50] 2026-08-09 15:47:50 | INFO     | KDClient 19 round 33 completed (acc=0.9254, n=300)
[2026-08-09 15:47:50]   Round  33/40 | Avg: 0.9173 | Min: 0.8820 | Max: 0.9346
[2026-08-09 15:47:50] 2026-08-09 15:47:50 | INFO     | FEDAKD — IID: round 34/40 starting
[2026-08-09 15:47:50] 2026-08-09 15:47:50 | INFO     | KDClient 0 fit round 34 (tier=small)
[2026-08-09 15:47:50] 2026-08-09 15:47:50 | INFO     | KDClient 0 round 34 public KD (epochs=2)
[2026-08-09 15:48:06] 2026-08-09 15:48:06 | INFO     | KDClient 0 round 34 local training (epochs=3)
[2026-08-09 15:48:28] 2026-08-09 15:48:28 | INFO     | KDClient 0 round 34 completed (acc=0.8920, n=300)
[2026-08-09 15:48:28] 2026-08-09 15:48:28 | INFO     | KDClient 1 fit round 34 (tier=small)
[2026-08-09 15:48:28] 2026-08-09 15:48:28 | INFO     | KDClient 1 round 34 public KD (epochs=2)
[2026-08-09 15:48:45] 2026-08-09 15:48:45 | INFO     | KDClient 1 round 34 local training (epochs=3)
[2026-08-09 15:49:07] 2026-08-09 15:49:07 | INFO     | KDClient 1 round 34 completed (acc=0.8954, n=300)
[2026-08-09 15:49:07] 2026-08-09 15:49:07 | INFO     | KDClient 2 fit round 34 (tier=small)
[2026-08-09 15:49:07] 2026-08-09 15:49:07 | INFO     | KDClient 2 round 34 public KD (epochs=2)
[2026-08-09 15:49:20] 2026-08-09 15:49:20 | INFO     | KDClient 2 round 34 local training (epochs=3)
[2026-08-09 15:49:34] 2026-08-09 15:49:34 | INFO     | KDClient 2 round 34 completed (acc=0.9135, n=300)
[2026-08-09 15:49:34] 2026-08-09 15:49:34 | INFO     | KDClient 3 fit round 34 (tier=small)
[2026-08-09 15:49:34] 2026-08-09 15:49:34 | INFO     | KDClient 3 round 34 public KD (epochs=2)
[2026-08-09 15:49:45] 2026-08-09 15:49:45 | INFO     | KDClient 3 round 34 local training (epochs=3)
[2026-08-09 15:49:56] 2026-08-09 15:49:56 | INFO     | KDClient 3 round 34 completed (acc=0.8832, n=300)
[2026-08-09 15:49:56] 2026-08-09 15:49:56 | INFO     | KDClient 4 fit round 34 (tier=small)
[2026-08-09 15:49:56] 2026-08-09 15:49:56 | INFO     | KDClient 4 round 34 public KD (epochs=2)
[2026-08-09 15:50:08] 2026-08-09 15:50:08 | INFO     | KDClient 4 round 34 local training (epochs=3)
[2026-08-09 15:50:27] 2026-08-09 15:50:27 | INFO     | KDClient 4 round 34 completed (acc=0.9059, n=300)
[2026-08-09 15:50:27] 2026-08-09 15:50:27 | INFO     | KDClient 5 fit round 34 (tier=small)
[2026-08-09 15:50:27] 2026-08-09 15:50:27 | INFO     | KDClient 5 round 34 public KD (epochs=2)
[2026-08-09 15:50:41] 2026-08-09 15:50:41 | INFO     | KDClient 5 round 34 local training (epochs=3)
[2026-08-09 15:50:59] 2026-08-09 15:50:59 | INFO     | KDClient 5 round 34 completed (acc=0.8904, n=300)
[2026-08-09 15:50:59] 2026-08-09 15:50:59 | INFO     | KDClient 6 fit round 34 (tier=small)
[2026-08-09 15:50:59] 2026-08-09 15:50:59 | INFO     | KDClient 6 round 34 public KD (epochs=2)
[2026-08-09 15:51:17] 2026-08-09 15:51:17 | INFO     | KDClient 6 round 34 local training (epochs=3)
[2026-08-09 15:51:35] 2026-08-09 15:51:35 | INFO     | KDClient 6 round 34 completed (acc=0.9047, n=300)
[2026-08-09 15:51:35] 2026-08-09 15:51:35 | INFO     | KDClient 7 fit round 34 (tier=medium)
[2026-08-09 15:51:35] 2026-08-09 15:51:35 | INFO     | KDClient 7 round 34 public KD (epochs=2)
[2026-08-09 15:52:40] 2026-08-09 15:52:40 | INFO     | KDClient 7 round 34 local training (epochs=3)
[2026-08-09 15:53:32] 2026-08-09 15:53:32 | INFO     | KDClient 7 round 34 completed (acc=0.9227, n=300)
[2026-08-09 15:53:32] 2026-08-09 15:53:32 | INFO     | KDClient 8 fit round 34 (tier=medium)
[2026-08-09 15:53:32] 2026-08-09 15:53:32 | INFO     | KDClient 8 round 34 public KD (epochs=2)
[2026-08-09 15:54:42] 2026-08-09 15:54:42 | INFO     | KDClient 8 round 34 local training (epochs=3)
[2026-08-09 15:55:40] 2026-08-09 15:55:40 | INFO     | KDClient 8 round 34 completed (acc=0.9245, n=300)
[2026-08-09 15:55:40] 2026-08-09 15:55:40 | INFO     | KDClient 9 fit round 34 (tier=medium)
[2026-08-09 15:55:40] 2026-08-09 15:55:40 | INFO     | KDClient 9 round 34 public KD (epochs=2)
[2026-08-09 15:56:29] 2026-08-09 15:56:29 | INFO     | KDClient 9 round 34 local training (epochs=3)
[2026-08-09 15:57:15] 2026-08-09 15:57:15 | INFO     | KDClient 9 round 34 completed (acc=0.9297, n=300)
[2026-08-09 15:57:15] 2026-08-09 15:57:15 | INFO     | KDClient 10 fit round 34 (tier=medium)
[2026-08-09 15:57:15] 2026-08-09 15:57:15 | INFO     | KDClient 10 round 34 public KD (epochs=2)
[2026-08-09 15:58:13] 2026-08-09 15:58:13 | INFO     | KDClient 10 round 34 local training (epochs=3)
[2026-08-09 15:59:45] 2026-08-09 15:59:45 | INFO     | KDClient 10 round 34 completed (acc=0.9273, n=300)
[2026-08-09 15:59:45] 2026-08-09 15:59:45 | INFO     | KDClient 11 fit round 34 (tier=medium)
[2026-08-09 15:59:45] 2026-08-09 15:59:45 | INFO     | KDClient 11 round 34 public KD (epochs=2)
[2026-08-09 16:00:48] 2026-08-09 16:00:48 | INFO     | KDClient 11 round 34 local training (epochs=3)
[2026-08-09 16:01:57] 2026-08-09 16:01:57 | INFO     | KDClient 11 round 34 completed (acc=0.9317, n=300)
[2026-08-09 16:01:57] 2026-08-09 16:01:57 | INFO     | KDClient 12 fit round 34 (tier=medium)
[2026-08-09 16:01:57] 2026-08-09 16:01:57 | INFO     | KDClient 12 round 34 public KD (epochs=2)
[2026-08-09 16:02:47] 2026-08-09 16:02:47 | INFO     | KDClient 12 round 34 local training (epochs=3)
[2026-08-09 16:03:43] 2026-08-09 16:03:43 | INFO     | KDClient 12 round 34 completed (acc=0.9247, n=300)
[2026-08-09 16:03:43] 2026-08-09 16:03:43 | INFO     | KDClient 13 fit round 34 (tier=medium)
[2026-08-09 16:03:43] 2026-08-09 16:03:43 | INFO     | KDClient 13 round 34 public KD (epochs=2)
[2026-08-09 16:04:27] 2026-08-09 16:04:27 | INFO     | KDClient 13 round 34 local training (epochs=3)
[2026-08-09 16:05:49] 2026-08-09 16:05:49 | INFO     | KDClient 13 round 34 completed (acc=0.9351, n=300)
[2026-08-09 16:05:49] 2026-08-09 16:05:49 | INFO     | KDClient 14 fit round 34 (tier=large)
[2026-08-09 16:05:49] 2026-08-09 16:05:49 | INFO     | KDClient 14 round 34 public KD (epochs=2)
[2026-08-09 16:06:47] 2026-08-09 16:06:47 | INFO     | KDClient 14 round 34 local training (epochs=3)
[2026-08-09 16:07:33] 2026-08-09 16:07:33 | INFO     | KDClient 14 round 34 completed (acc=0.9287, n=300)
[2026-08-09 16:07:33] 2026-08-09 16:07:33 | INFO     | KDClient 15 fit round 34 (tier=large)
[2026-08-09 16:07:33] 2026-08-09 16:07:33 | INFO     | KDClient 15 round 34 public KD (epochs=2)
[2026-08-09 16:08:41] 2026-08-09 16:08:41 | INFO     | KDClient 15 round 34 local training (epochs=3)
[2026-08-09 16:09:25] 2026-08-09 16:09:25 | INFO     | KDClient 15 round 34 completed (acc=0.9221, n=300)
[2026-08-09 16:09:25] 2026-08-09 16:09:25 | INFO     | KDClient 16 fit round 34 (tier=large)
[2026-08-09 16:09:25] 2026-08-09 16:09:25 | INFO     | KDClient 16 round 34 public KD (epochs=2)
[2026-08-09 16:10:26] 2026-08-09 16:10:26 | INFO     | KDClient 16 round 34 local training (epochs=3)
[2026-08-09 16:11:18] 2026-08-09 16:11:18 | INFO     | KDClient 16 round 34 completed (acc=0.9258, n=300)
[2026-08-09 16:11:18] 2026-08-09 16:11:18 | INFO     | KDClient 17 fit round 34 (tier=large)
[2026-08-09 16:11:18] 2026-08-09 16:11:18 | INFO     | KDClient 17 round 34 public KD (epochs=2)
[2026-08-09 16:12:24] 2026-08-09 16:12:24 | INFO     | KDClient 17 round 34 local training (epochs=3)
[2026-08-09 16:13:32] 2026-08-09 16:13:31 | INFO     | KDClient 17 round 34 completed (acc=0.9345, n=300)
[2026-08-09 16:13:32] 2026-08-09 16:13:31 | INFO     | KDClient 18 fit round 34 (tier=large)
[2026-08-09 16:13:32] 2026-08-09 16:13:31 | INFO     | KDClient 18 round 34 public KD (epochs=2)
[2026-08-09 16:14:50] 2026-08-09 16:14:50 | INFO     | KDClient 18 round 34 local training (epochs=3)
[2026-08-09 16:15:58] 2026-08-09 16:15:58 | INFO     | KDClient 18 round 34 completed (acc=0.9297, n=300)
[2026-08-09 16:15:58] 2026-08-09 16:15:58 | INFO     | KDClient 19 fit round 34 (tier=large)
[2026-08-09 16:15:58] 2026-08-09 16:15:58 | INFO     | KDClient 19 round 34 public KD (epochs=2)
[2026-08-09 16:16:58] 2026-08-09 16:16:58 | INFO     | KDClient 19 round 34 local training (epochs=3)
[2026-08-09 16:18:19] 2026-08-09 16:18:19 | INFO     | KDClient 19 round 34 completed (acc=0.9266, n=300)
[2026-08-09 16:18:19]   Round  34/40 | Avg: 0.9174 | Min: 0.8832 | Max: 0.9351
[2026-08-09 16:18:19] 2026-08-09 16:18:19 | INFO     | FEDAKD — IID: round 35/40 starting
[2026-08-09 16:18:19] 2026-08-09 16:18:19 | INFO     | KDClient 0 fit round 35 (tier=small)
[2026-08-09 16:18:19] 2026-08-09 16:18:19 | INFO     | KDClient 0 round 35 public KD (epochs=2)
[2026-08-09 16:18:33] 2026-08-09 16:18:33 | INFO     | KDClient 0 round 35 local training (epochs=3)
[2026-08-09 16:18:55] 2026-08-09 16:18:55 | INFO     | KDClient 0 round 35 completed (acc=0.8936, n=300)
[2026-08-09 16:18:55] 2026-08-09 16:18:55 | INFO     | KDClient 1 fit round 35 (tier=small)
[2026-08-09 16:18:55] 2026-08-09 16:18:55 | INFO     | KDClient 1 round 35 public KD (epochs=2)
[2026-08-09 16:19:09] 2026-08-09 16:19:09 | INFO     | KDClient 1 round 35 local training (epochs=3)
[2026-08-09 16:19:33] 2026-08-09 16:19:33 | INFO     | KDClient 1 round 35 completed (acc=0.8978, n=300)
[2026-08-09 16:19:33] 2026-08-09 16:19:33 | INFO     | KDClient 2 fit round 35 (tier=small)
[2026-08-09 16:19:33] 2026-08-09 16:19:33 | INFO     | KDClient 2 round 35 public KD (epochs=2)
[2026-08-09 16:19:51] 2026-08-09 16:19:51 | INFO     | KDClient 2 round 35 local training (epochs=3)
[2026-08-09 16:20:12] 2026-08-09 16:20:12 | INFO     | KDClient 2 round 35 completed (acc=0.9154, n=300)
[2026-08-09 16:20:12] 2026-08-09 16:20:12 | INFO     | KDClient 3 fit round 35 (tier=small)
[2026-08-09 16:20:12] 2026-08-09 16:20:12 | INFO     | KDClient 3 round 35 public KD (epochs=2)
[2026-08-09 16:20:29] 2026-08-09 16:20:29 | INFO     | KDClient 3 round 35 local training (epochs=3)
[2026-08-09 16:20:45] 2026-08-09 16:20:45 | INFO     | KDClient 3 round 35 completed (acc=0.8816, n=300)
[2026-08-09 16:20:45] 2026-08-09 16:20:45 | INFO     | KDClient 4 fit round 35 (tier=small)
[2026-08-09 16:20:45] 2026-08-09 16:20:45 | INFO     | KDClient 4 round 35 public KD (epochs=2)
[2026-08-09 16:20:56] 2026-08-09 16:20:56 | INFO     | KDClient 4 round 35 local training (epochs=3)
[2026-08-09 16:21:13] 2026-08-09 16:21:12 | INFO     | KDClient 4 round 35 completed (acc=0.9047, n=300)
[2026-08-09 16:21:13] 2026-08-09 16:21:12 | INFO     | KDClient 5 fit round 35 (tier=small)
[2026-08-09 16:21:13] 2026-08-09 16:21:12 | INFO     | KDClient 5 round 35 public KD (epochs=2)
[2026-08-09 16:21:22] 2026-08-09 16:21:22 | INFO     | KDClient 5 round 35 local training (epochs=3)
[2026-08-09 16:21:33] 2026-08-09 16:21:33 | INFO     | KDClient 5 round 35 completed (acc=0.8923, n=300)
[2026-08-09 16:21:33] 2026-08-09 16:21:33 | INFO     | KDClient 6 fit round 35 (tier=small)
[2026-08-09 16:21:33] 2026-08-09 16:21:33 | INFO     | KDClient 6 round 35 public KD (epochs=2)
[2026-08-09 16:21:44] 2026-08-09 16:21:44 | INFO     | KDClient 6 round 35 local training (epochs=3)
[2026-08-09 16:22:05] 2026-08-09 16:22:05 | INFO     | KDClient 6 round 35 completed (acc=0.9027, n=300)
[2026-08-09 16:22:05] 2026-08-09 16:22:05 | INFO     | KDClient 7 fit round 35 (tier=medium)
[2026-08-09 16:22:05] 2026-08-09 16:22:05 | INFO     | KDClient 7 round 35 public KD (epochs=2)
[2026-08-09 16:22:42] 2026-08-09 16:22:42 | INFO     | KDClient 7 round 35 local training (epochs=3)
[2026-08-09 16:23:21] 2026-08-09 16:23:21 | INFO     | KDClient 7 round 35 completed (acc=0.9258, n=300)
[2026-08-09 16:23:21] 2026-08-09 16:23:21 | INFO     | KDClient 8 fit round 35 (tier=medium)
[2026-08-09 16:23:21] 2026-08-09 16:23:21 | INFO     | KDClient 8 round 35 public KD (epochs=2)
[2026-08-09 16:24:06] 2026-08-09 16:24:06 | INFO     | KDClient 8 round 35 local training (epochs=3)
[2026-08-09 16:24:44] 2026-08-09 16:24:44 | INFO     | KDClient 8 round 35 completed (acc=0.9205, n=300)
[2026-08-09 16:24:44] 2026-08-09 16:24:44 | INFO     | KDClient 9 fit round 35 (tier=medium)
[2026-08-09 16:24:44] 2026-08-09 16:24:44 | INFO     | KDClient 9 round 35 public KD (epochs=2)
[2026-08-09 16:25:24] 2026-08-09 16:25:24 | INFO     | KDClient 9 round 35 local training (epochs=3)
[2026-08-09 16:26:03] 2026-08-09 16:26:03 | INFO     | KDClient 9 round 35 completed (acc=0.9255, n=300)
[2026-08-09 16:26:03] 2026-08-09 16:26:03 | INFO     | KDClient 10 fit round 35 (tier=medium)
[2026-08-09 16:26:03] 2026-08-09 16:26:03 | INFO     | KDClient 10 round 35 public KD (epochs=2)
[2026-08-09 16:26:42] 2026-08-09 16:26:42 | INFO     | KDClient 10 round 35 local training (epochs=3)
[2026-08-09 16:27:22] 2026-08-09 16:27:22 | INFO     | KDClient 10 round 35 completed (acc=0.9292, n=300)
[2026-08-09 16:27:22] 2026-08-09 16:27:22 | INFO     | KDClient 11 fit round 35 (tier=medium)
[2026-08-09 16:27:22] 2026-08-09 16:27:22 | INFO     | KDClient 11 round 35 public KD (epochs=2)
[2026-08-09 16:28:03] 2026-08-09 16:28:03 | INFO     | KDClient 11 round 35 local training (epochs=3)
[2026-08-09 16:28:41] 2026-08-09 16:28:41 | INFO     | KDClient 11 round 35 completed (acc=0.9341, n=300)
[2026-08-09 16:28:41] 2026-08-09 16:28:41 | INFO     | KDClient 12 fit round 35 (tier=medium)
[2026-08-09 16:28:41] 2026-08-09 16:28:41 | INFO     | KDClient 12 round 35 public KD (epochs=2)
[2026-08-09 16:29:23] 2026-08-09 16:29:23 | INFO     | KDClient 12 round 35 local training (epochs=3)
[2026-08-09 16:30:03] 2026-08-09 16:30:03 | INFO     | KDClient 12 round 35 completed (acc=0.9275, n=300)
[2026-08-09 16:30:03] 2026-08-09 16:30:03 | INFO     | KDClient 13 fit round 35 (tier=medium)
[2026-08-09 16:30:03] 2026-08-09 16:30:03 | INFO     | KDClient 13 round 35 public KD (epochs=2)
[2026-08-09 16:30:40] 2026-08-09 16:30:40 | INFO     | KDClient 13 round 35 local training (epochs=3)
[2026-08-09 16:31:23] 2026-08-09 16:31:23 | INFO     | KDClient 13 round 35 completed (acc=0.9337, n=300)
[2026-08-09 16:31:23] 2026-08-09 16:31:23 | INFO     | KDClient 14 fit round 35 (tier=large)
[2026-08-09 16:31:23] 2026-08-09 16:31:23 | INFO     | KDClient 14 round 35 public KD (epochs=2)
[2026-08-09 16:32:30] 2026-08-09 16:32:29 | INFO     | KDClient 14 round 35 local training (epochs=3)
[2026-08-09 16:33:17] 2026-08-09 16:33:17 | INFO     | KDClient 14 round 35 completed (acc=0.9313, n=300)
[2026-08-09 16:33:17] 2026-08-09 16:33:17 | INFO     | KDClient 15 fit round 35 (tier=large)
[2026-08-09 16:33:17] 2026-08-09 16:33:17 | INFO     | KDClient 15 round 35 public KD (epochs=2)
[2026-08-09 16:34:33] 2026-08-09 16:34:33 | INFO     | KDClient 15 round 35 local training (epochs=3)
[2026-08-09 16:35:39] 2026-08-09 16:35:39 | INFO     | KDClient 15 round 35 completed (acc=0.9286, n=300)
[2026-08-09 16:35:39] 2026-08-09 16:35:39 | INFO     | KDClient 16 fit round 35 (tier=large)
[2026-08-09 16:35:39] 2026-08-09 16:35:39 | INFO     | KDClient 16 round 35 public KD (epochs=2)
[2026-08-09 16:36:45] 2026-08-09 16:36:45 | INFO     | KDClient 16 round 35 local training (epochs=3)
[2026-08-09 16:37:56] 2026-08-09 16:37:56 | INFO     | KDClient 16 round 35 completed (acc=0.9321, n=300)
[2026-08-09 16:37:56] 2026-08-09 16:37:56 | INFO     | KDClient 17 fit round 35 (tier=large)
[2026-08-09 16:37:56] 2026-08-09 16:37:56 | INFO     | KDClient 17 round 35 public KD (epochs=2)
[2026-08-09 16:39:04] 2026-08-09 16:39:04 | INFO     | KDClient 17 round 35 local training (epochs=3)
[2026-08-09 16:40:03] 2026-08-09 16:40:03 | INFO     | KDClient 17 round 35 completed (acc=0.9343, n=300)
[2026-08-09 16:40:03] 2026-08-09 16:40:03 | INFO     | KDClient 18 fit round 35 (tier=large)
[2026-08-09 16:40:03] 2026-08-09 16:40:03 | INFO     | KDClient 18 round 35 public KD (epochs=2)
[2026-08-09 16:41:17] 2026-08-09 16:41:17 | INFO     | KDClient 18 round 35 local training (epochs=3)
[2026-08-09 16:42:20] 2026-08-09 16:42:20 | INFO     | KDClient 18 round 35 completed (acc=0.9277, n=300)
[2026-08-09 16:42:20] 2026-08-09 16:42:20 | INFO     | KDClient 19 fit round 35 (tier=large)
[2026-08-09 16:42:20] 2026-08-09 16:42:20 | INFO     | KDClient 19 round 35 public KD (epochs=2)
[2026-08-09 16:43:29] 2026-08-09 16:43:29 | INFO     | KDClient 19 round 35 local training (epochs=3)
[2026-08-09 16:44:42] 2026-08-09 16:44:42 | INFO     | KDClient 19 round 35 completed (acc=0.9280, n=300)
[2026-08-09 16:44:42]   Round  35/40 | Avg: 0.9183 | Min: 0.8816 | Max: 0.9343
[2026-08-09 16:44:42] 2026-08-09 16:44:42 | INFO     | FEDAKD — IID: round 36/40 starting
[2026-08-09 16:44:42] 2026-08-09 16:44:42 | INFO     | KDClient 0 fit round 36 (tier=small)
[2026-08-09 16:44:42] 2026-08-09 16:44:42 | INFO     | KDClient 0 round 36 public KD (epochs=2)
[2026-08-09 16:44:55] 2026-08-09 16:44:55 | INFO     | KDClient 0 round 36 local training (epochs=3)
[2026-08-09 16:45:16] 2026-08-09 16:45:16 | INFO     | KDClient 0 round 36 completed (acc=0.8875, n=300)
[2026-08-09 16:45:16] 2026-08-09 16:45:16 | INFO     | KDClient 1 fit round 36 (tier=small)
[2026-08-09 16:45:16] 2026-08-09 16:45:16 | INFO     | KDClient 1 round 36 public KD (epochs=2)
[2026-08-09 16:45:31] 2026-08-09 16:45:31 | INFO     | KDClient 1 round 36 local training (epochs=3)
[2026-08-09 16:45:54] 2026-08-09 16:45:54 | INFO     | KDClient 1 round 36 completed (acc=0.8991, n=300)
[2026-08-09 16:45:54] 2026-08-09 16:45:54 | INFO     | KDClient 2 fit round 36 (tier=small)
[2026-08-09 16:45:54] 2026-08-09 16:45:54 | INFO     | KDClient 2 round 36 public KD (epochs=2)
[2026-08-09 16:46:12] 2026-08-09 16:46:12 | INFO     | KDClient 2 round 36 local training (epochs=3)
[2026-08-09 16:46:32] 2026-08-09 16:46:32 | INFO     | KDClient 2 round 36 completed (acc=0.9132, n=300)
[2026-08-09 16:46:32] 2026-08-09 16:46:32 | INFO     | KDClient 3 fit round 36 (tier=small)
[2026-08-09 16:46:32] 2026-08-09 16:46:32 | INFO     | KDClient 3 round 36 public KD (epochs=2)
[2026-08-09 16:46:46] 2026-08-09 16:46:46 | INFO     | KDClient 3 round 36 local training (epochs=3)
[2026-08-09 16:47:06] 2026-08-09 16:47:06 | INFO     | KDClient 3 round 36 completed (acc=0.8851, n=300)
[2026-08-09 16:47:06] 2026-08-09 16:47:06 | INFO     | KDClient 4 fit round 36 (tier=small)
[2026-08-09 16:47:06] 2026-08-09 16:47:06 | INFO     | KDClient 4 round 36 public KD (epochs=2)
[2026-08-09 16:47:19] 2026-08-09 16:47:19 | INFO     | KDClient 4 round 36 local training (epochs=3)
[2026-08-09 16:47:39] 2026-08-09 16:47:39 | INFO     | KDClient 4 round 36 completed (acc=0.9046, n=300)
[2026-08-09 16:47:39] 2026-08-09 16:47:39 | INFO     | KDClient 5 fit round 36 (tier=small)
[2026-08-09 16:47:39] 2026-08-09 16:47:39 | INFO     | KDClient 5 round 36 public KD (epochs=2)
[2026-08-09 16:47:56] 2026-08-09 16:47:56 | INFO     | KDClient 5 round 36 local training (epochs=3)
[2026-08-09 16:48:11] 2026-08-09 16:48:11 | INFO     | KDClient 5 round 36 completed (acc=0.8890, n=300)
[2026-08-09 16:48:11] 2026-08-09 16:48:11 | INFO     | KDClient 6 fit round 36 (tier=small)
[2026-08-09 16:48:11] 2026-08-09 16:48:11 | INFO     | KDClient 6 round 36 public KD (epochs=2)
[2026-08-09 16:48:23] 2026-08-09 16:48:23 | INFO     | KDClient 6 round 36 local training (epochs=3)
[2026-08-09 16:48:42] 2026-08-09 16:48:42 | INFO     | KDClient 6 round 36 completed (acc=0.9035, n=300)
[2026-08-09 16:48:42] 2026-08-09 16:48:42 | INFO     | KDClient 7 fit round 36 (tier=medium)
[2026-08-09 16:48:42] 2026-08-09 16:48:42 | INFO     | KDClient 7 round 36 public KD (epochs=2)
[2026-08-09 16:49:50] 2026-08-09 16:49:50 | INFO     | KDClient 7 round 36 local training (epochs=3)
[2026-08-09 16:50:52] 2026-08-09 16:50:52 | INFO     | KDClient 7 round 36 completed (acc=0.9273, n=300)
[2026-08-09 16:50:52] 2026-08-09 16:50:52 | INFO     | KDClient 8 fit round 36 (tier=medium)
[2026-08-09 16:50:52] 2026-08-09 16:50:52 | INFO     | KDClient 8 round 36 public KD (epochs=2)
[2026-08-09 16:51:59] 2026-08-09 16:51:59 | INFO     | KDClient 8 round 36 local training (epochs=3)
[2026-08-09 16:52:43] 2026-08-09 16:52:43 | INFO     | KDClient 8 round 36 completed (acc=0.9251, n=300)
[2026-08-09 16:52:43] 2026-08-09 16:52:43 | INFO     | KDClient 9 fit round 36 (tier=medium)
[2026-08-09 16:52:43] 2026-08-09 16:52:43 | INFO     | KDClient 9 round 36 public KD (epochs=2)
[2026-08-09 16:53:27] 2026-08-09 16:53:27 | INFO     | KDClient 9 round 36 local training (epochs=3)
[2026-08-09 16:54:07] 2026-08-09 16:54:07 | INFO     | KDClient 9 round 36 completed (acc=0.9271, n=300)
[2026-08-09 16:54:07] 2026-08-09 16:54:07 | INFO     | KDClient 10 fit round 36 (tier=medium)
[2026-08-09 16:54:07] 2026-08-09 16:54:07 | INFO     | KDClient 10 round 36 public KD (epochs=2)
[2026-08-09 16:54:54] 2026-08-09 16:54:54 | INFO     | KDClient 10 round 36 local training (epochs=3)
[2026-08-09 16:55:50] 2026-08-09 16:55:50 | INFO     | KDClient 10 round 36 completed (acc=0.9294, n=300)
[2026-08-09 16:55:50] 2026-08-09 16:55:50 | INFO     | KDClient 11 fit round 36 (tier=medium)
[2026-08-09 16:55:50] 2026-08-09 16:55:50 | INFO     | KDClient 11 round 36 public KD (epochs=2)
[2026-08-09 16:56:44] 2026-08-09 16:56:44 | INFO     | KDClient 11 round 36 local training (epochs=3)
[2026-08-09 16:57:39] 2026-08-09 16:57:39 | INFO     | KDClient 11 round 36 completed (acc=0.9321, n=300)
[2026-08-09 16:57:39] 2026-08-09 16:57:39 | INFO     | KDClient 12 fit round 36 (tier=medium)
[2026-08-09 16:57:39] 2026-08-09 16:57:39 | INFO     | KDClient 12 round 36 public KD (epochs=2)
[2026-08-09 16:58:28] 2026-08-09 16:58:28 | INFO     | KDClient 12 round 36 local training (epochs=3)
[2026-08-09 16:59:09] 2026-08-09 16:59:09 | INFO     | KDClient 12 round 36 completed (acc=0.9251, n=300)
[2026-08-09 16:59:09] 2026-08-09 16:59:09 | INFO     | KDClient 13 fit round 36 (tier=medium)
[2026-08-09 16:59:09] 2026-08-09 16:59:09 | INFO     | KDClient 13 round 36 public KD (epochs=2)
[2026-08-09 16:59:48] 2026-08-09 16:59:48 | INFO     | KDClient 13 round 36 local training (epochs=3)
[2026-08-09 17:00:34] 2026-08-09 17:00:34 | INFO     | KDClient 13 round 36 completed (acc=0.9300, n=300)
[2026-08-09 17:00:34] 2026-08-09 17:00:34 | INFO     | KDClient 14 fit round 36 (tier=large)
[2026-08-09 17:00:34] 2026-08-09 17:00:34 | INFO     | KDClient 14 round 36 public KD (epochs=2)
[2026-08-09 17:01:57] 2026-08-09 17:01:57 | INFO     | KDClient 14 round 36 local training (epochs=3)
[2026-08-09 17:03:26] 2026-08-09 17:03:26 | INFO     | KDClient 14 round 36 completed (acc=0.9283, n=300)
[2026-08-09 17:03:26] 2026-08-09 17:03:26 | INFO     | KDClient 15 fit round 36 (tier=large)
[2026-08-09 17:03:26] 2026-08-09 17:03:26 | INFO     | KDClient 15 round 36 public KD (epochs=2)
[2026-08-09 17:04:44] 2026-08-09 17:04:44 | INFO     | KDClient 15 round 36 local training (epochs=3)
[2026-08-09 17:06:02] 2026-08-09 17:06:02 | INFO     | KDClient 15 round 36 completed (acc=0.9287, n=300)
[2026-08-09 17:06:02] 2026-08-09 17:06:02 | INFO     | KDClient 16 fit round 36 (tier=large)
[2026-08-09 17:06:02] 2026-08-09 17:06:02 | INFO     | KDClient 16 round 36 public KD (epochs=2)
[2026-08-09 17:07:27] 2026-08-09 17:07:27 | INFO     | KDClient 16 round 36 local training (epochs=3)
[2026-08-09 17:08:59] 2026-08-09 17:08:59 | INFO     | KDClient 16 round 36 completed (acc=0.9328, n=300)
[2026-08-09 17:08:59] 2026-08-09 17:08:59 | INFO     | KDClient 17 fit round 36 (tier=large)
[2026-08-09 17:08:59] 2026-08-09 17:08:59 | INFO     | KDClient 17 round 36 public KD (epochs=2)
[2026-08-09 17:10:25] 2026-08-09 17:10:25 | INFO     | KDClient 17 round 36 local training (epochs=3)
[2026-08-09 17:11:55] 2026-08-09 17:11:55 | INFO     | KDClient 17 round 36 completed (acc=0.9350, n=300)
[2026-08-09 17:11:55] 2026-08-09 17:11:55 | INFO     | KDClient 18 fit round 36 (tier=large)
[2026-08-09 17:11:55] 2026-08-09 17:11:55 | INFO     | KDClient 18 round 36 public KD (epochs=2)
[2026-08-09 17:13:27] 2026-08-09 17:13:27 | INFO     | KDClient 18 round 36 local training (epochs=3)
[2026-08-09 17:15:03] 2026-08-09 17:15:03 | INFO     | KDClient 18 round 36 completed (acc=0.9294, n=300)
[2026-08-09 17:15:03] 2026-08-09 17:15:03 | INFO     | KDClient 19 fit round 36 (tier=large)
[2026-08-09 17:15:03] 2026-08-09 17:15:03 | INFO     | KDClient 19 round 36 public KD (epochs=2)
[2026-08-09 17:16:09] 2026-08-09 17:16:09 | INFO     | KDClient 19 round 36 local training (epochs=3)
[2026-08-09 17:17:29] 2026-08-09 17:17:29 | INFO     | KDClient 19 round 36 completed (acc=0.9332, n=300)
[2026-08-09 17:17:29]   Round  36/40 | Avg: 0.9183 | Min: 0.8851 | Max: 0.9350
[2026-08-09 17:17:29] 2026-08-09 17:17:29 | INFO     | FEDAKD — IID: round 37/40 starting
[2026-08-09 17:17:29] 2026-08-09 17:17:29 | INFO     | KDClient 0 fit round 37 (tier=small)
[2026-08-09 17:17:29] 2026-08-09 17:17:29 | INFO     | KDClient 0 round 37 public KD (epochs=2)
[2026-08-09 17:17:42] 2026-08-09 17:17:42 | INFO     | KDClient 0 round 37 local training (epochs=3)
[2026-08-09 17:17:58] 2026-08-09 17:17:58 | INFO     | KDClient 0 round 37 completed (acc=0.8869, n=300)
[2026-08-09 17:17:58] 2026-08-09 17:17:58 | INFO     | KDClient 1 fit round 37 (tier=small)
[2026-08-09 17:17:58] 2026-08-09 17:17:58 | INFO     | KDClient 1 round 37 public KD (epochs=2)
[2026-08-09 17:18:08] 2026-08-09 17:18:08 | INFO     | KDClient 1 round 37 local training (epochs=3)
[2026-08-09 17:18:21] 2026-08-09 17:18:21 | INFO     | KDClient 1 round 37 completed (acc=0.9010, n=300)
[2026-08-09 17:18:21] 2026-08-09 17:18:21 | INFO     | KDClient 2 fit round 37 (tier=small)
[2026-08-09 17:18:21] 2026-08-09 17:18:21 | INFO     | KDClient 2 round 37 public KD (epochs=2)
[2026-08-09 17:18:31] 2026-08-09 17:18:31 | INFO     | KDClient 2 round 37 local training (epochs=3)
[2026-08-09 17:18:47] 2026-08-09 17:18:47 | INFO     | KDClient 2 round 37 completed (acc=0.9171, n=300)
[2026-08-09 17:18:47] 2026-08-09 17:18:47 | INFO     | KDClient 3 fit round 37 (tier=small)
[2026-08-09 17:18:47] 2026-08-09 17:18:47 | INFO     | KDClient 3 round 37 public KD (epochs=2)
[2026-08-09 17:19:04] 2026-08-09 17:19:04 | INFO     | KDClient 3 round 37 local training (epochs=3)
[2026-08-09 17:19:19] 2026-08-09 17:19:19 | INFO     | KDClient 3 round 37 completed (acc=0.8856, n=300)
[2026-08-09 17:19:19] 2026-08-09 17:19:19 | INFO     | KDClient 4 fit round 37 (tier=small)
[2026-08-09 17:19:19] 2026-08-09 17:19:19 | INFO     | KDClient 4 round 37 public KD (epochs=2)
[2026-08-09 17:19:40] 2026-08-09 17:19:40 | INFO     | KDClient 4 round 37 local training (epochs=3)
[2026-08-09 17:20:00] 2026-08-09 17:20:00 | INFO     | KDClient 4 round 37 completed (acc=0.9086, n=300)
[2026-08-09 17:20:00] 2026-08-09 17:20:00 | INFO     | KDClient 5 fit round 37 (tier=small)
[2026-08-09 17:20:00] 2026-08-09 17:20:00 | INFO     | KDClient 5 round 37 public KD (epochs=2)
[2026-08-09 17:20:11] 2026-08-09 17:20:11 | INFO     | KDClient 5 round 37 local training (epochs=3)
[2026-08-09 17:20:28] 2026-08-09 17:20:28 | INFO     | KDClient 5 round 37 completed (acc=0.8924, n=300)
[2026-08-09 17:20:28] 2026-08-09 17:20:28 | INFO     | KDClient 6 fit round 37 (tier=small)
[2026-08-09 17:20:28] 2026-08-09 17:20:28 | INFO     | KDClient 6 round 37 public KD (epochs=2)
[2026-08-09 17:20:42] 2026-08-09 17:20:42 | INFO     | KDClient 6 round 37 local training (epochs=3)
[2026-08-09 17:20:59] 2026-08-09 17:20:59 | INFO     | KDClient 6 round 37 completed (acc=0.9079, n=300)
[2026-08-09 17:20:59] 2026-08-09 17:20:59 | INFO     | KDClient 7 fit round 37 (tier=medium)
[2026-08-09 17:20:59] 2026-08-09 17:20:59 | INFO     | KDClient 7 round 37 public KD (epochs=2)
[2026-08-09 17:21:46] 2026-08-09 17:21:46 | INFO     | KDClient 7 round 37 local training (epochs=3)
[2026-08-09 17:22:22] 2026-08-09 17:22:22 | INFO     | KDClient 7 round 37 completed (acc=0.9309, n=300)
[2026-08-09 17:22:22] 2026-08-09 17:22:22 | INFO     | KDClient 8 fit round 37 (tier=medium)
[2026-08-09 17:22:22] 2026-08-09 17:22:22 | INFO     | KDClient 8 round 37 public KD (epochs=2)
[2026-08-09 17:22:59] 2026-08-09 17:22:59 | INFO     | KDClient 8 round 37 local training (epochs=3)
[2026-08-09 17:23:39] 2026-08-09 17:23:39 | INFO     | KDClient 8 round 37 completed (acc=0.9202, n=300)
[2026-08-09 17:23:39] 2026-08-09 17:23:39 | INFO     | KDClient 9 fit round 37 (tier=medium)
[2026-08-09 17:23:39] 2026-08-09 17:23:39 | INFO     | KDClient 9 round 37 public KD (epochs=2)
[2026-08-09 17:24:16] 2026-08-09 17:24:16 | INFO     | KDClient 9 round 37 local training (epochs=3)
[2026-08-09 17:24:51] 2026-08-09 17:24:51 | INFO     | KDClient 9 round 37 completed (acc=0.9265, n=300)
[2026-08-09 17:24:51] 2026-08-09 17:24:51 | INFO     | KDClient 10 fit round 37 (tier=medium)
[2026-08-09 17:24:51] 2026-08-09 17:24:51 | INFO     | KDClient 10 round 37 public KD (epochs=2)
[2026-08-09 17:25:33] 2026-08-09 17:25:33 | INFO     | KDClient 10 round 37 local training (epochs=3)
[2026-08-09 17:26:18] 2026-08-09 17:26:18 | INFO     | KDClient 10 round 37 completed (acc=0.9267, n=300)
[2026-08-09 17:26:18] 2026-08-09 17:26:18 | INFO     | KDClient 11 fit round 37 (tier=medium)
[2026-08-09 17:26:18] 2026-08-09 17:26:18 | INFO     | KDClient 11 round 37 public KD (epochs=2)
[2026-08-09 17:27:07] 2026-08-09 17:27:07 | INFO     | KDClient 11 round 37 local training (epochs=3)
[2026-08-09 17:27:52] 2026-08-09 17:27:52 | INFO     | KDClient 11 round 37 completed (acc=0.9352, n=300)
[2026-08-09 17:27:52] 2026-08-09 17:27:52 | INFO     | KDClient 12 fit round 37 (tier=medium)
[2026-08-09 17:27:52] 2026-08-09 17:27:52 | INFO     | KDClient 12 round 37 public KD (epochs=2)
[2026-08-09 17:28:42] 2026-08-09 17:28:42 | INFO     | KDClient 12 round 37 local training (epochs=3)
[2026-08-09 17:29:36] 2026-08-09 17:29:36 | INFO     | KDClient 12 round 37 completed (acc=0.9255, n=300)
[2026-08-09 17:29:36] 2026-08-09 17:29:36 | INFO     | KDClient 13 fit round 37 (tier=medium)
[2026-08-09 17:29:36] 2026-08-09 17:29:36 | INFO     | KDClient 13 round 37 public KD (epochs=2)
[2026-08-09 17:30:23] 2026-08-09 17:30:23 | INFO     | KDClient 13 round 37 local training (epochs=3)
[2026-08-09 17:31:18] 2026-08-09 17:31:18 | INFO     | KDClient 13 round 37 completed (acc=0.9328, n=300)
[2026-08-09 17:31:18] 2026-08-09 17:31:18 | INFO     | KDClient 14 fit round 37 (tier=large)
[2026-08-09 17:31:18] 2026-08-09 17:31:18 | INFO     | KDClient 14 round 37 public KD (epochs=2)
[2026-08-09 17:32:35] 2026-08-09 17:32:34 | INFO     | KDClient 14 round 37 local training (epochs=3)
[2026-08-09 17:33:58] 2026-08-09 17:33:58 | INFO     | KDClient 14 round 37 completed (acc=0.9279, n=300)
[2026-08-09 17:33:58] 2026-08-09 17:33:58 | INFO     | KDClient 15 fit round 37 (tier=large)
[2026-08-09 17:33:58] 2026-08-09 17:33:58 | INFO     | KDClient 15 round 37 public KD (epochs=2)
[2026-08-09 17:35:09] 2026-08-09 17:35:09 | INFO     | KDClient 15 round 37 local training (epochs=3)
[2026-08-09 17:36:28] 2026-08-09 17:36:28 | INFO     | KDClient 15 round 37 completed (acc=0.9217, n=300)
[2026-08-09 17:36:28] 2026-08-09 17:36:28 | INFO     | KDClient 16 fit round 37 (tier=large)
[2026-08-09 17:36:28] 2026-08-09 17:36:28 | INFO     | KDClient 16 round 37 public KD (epochs=2)
[2026-08-09 17:37:25] 2026-08-09 17:37:25 | INFO     | KDClient 16 round 37 local training (epochs=3)
[2026-08-09 17:38:17] 2026-08-09 17:38:17 | INFO     | KDClient 16 round 37 completed (acc=0.9323, n=300)
[2026-08-09 17:38:17] 2026-08-09 17:38:17 | INFO     | KDClient 17 fit round 37 (tier=large)
[2026-08-09 17:38:17] 2026-08-09 17:38:17 | INFO     | KDClient 17 round 37 public KD (epochs=2)
[2026-08-09 17:39:29] 2026-08-09 17:39:29 | INFO     | KDClient 17 round 37 local training (epochs=3)
[2026-08-09 17:40:37] 2026-08-09 17:40:37 | INFO     | KDClient 17 round 37 completed (acc=0.9314, n=300)
[2026-08-09 17:40:37] 2026-08-09 17:40:37 | INFO     | KDClient 18 fit round 37 (tier=large)
[2026-08-09 17:40:37] 2026-08-09 17:40:37 | INFO     | KDClient 18 round 37 public KD (epochs=2)
[2026-08-09 17:41:32] 2026-08-09 17:41:32 | INFO     | KDClient 18 round 37 local training (epochs=3)
[2026-08-09 17:42:28] 2026-08-09 17:42:28 | INFO     | KDClient 18 round 37 completed (acc=0.9250, n=300)
[2026-08-09 17:42:28] 2026-08-09 17:42:28 | INFO     | KDClient 19 fit round 37 (tier=large)
[2026-08-09 17:42:28] 2026-08-09 17:42:28 | INFO     | KDClient 19 round 37 public KD (epochs=2)
[2026-08-09 17:43:42] 2026-08-09 17:43:42 | INFO     | KDClient 19 round 37 local training (epochs=3)
[2026-08-09 17:44:42] 2026-08-09 17:44:42 | INFO     | KDClient 19 round 37 completed (acc=0.9324, n=300)
[2026-08-09 17:44:42]   Round  37/40 | Avg: 0.9184 | Min: 0.8856 | Max: 0.9352
[2026-08-09 17:44:42] 2026-08-09 17:44:42 | INFO     | FEDAKD — IID: round 38/40 starting
[2026-08-09 17:44:42] 2026-08-09 17:44:42 | INFO     | KDClient 0 fit round 38 (tier=small)
[2026-08-09 17:44:42] 2026-08-09 17:44:42 | INFO     | KDClient 0 round 38 public KD (epochs=2)
[2026-08-09 17:44:56] 2026-08-09 17:44:56 | INFO     | KDClient 0 round 38 local training (epochs=3)
[2026-08-09 17:45:18] 2026-08-09 17:45:18 | INFO     | KDClient 0 round 38 completed (acc=0.8924, n=300)
[2026-08-09 17:45:18] 2026-08-09 17:45:18 | INFO     | KDClient 1 fit round 38 (tier=small)
[2026-08-09 17:45:18] 2026-08-09 17:45:18 | INFO     | KDClient 1 round 38 public KD (epochs=2)
[2026-08-09 17:45:34] 2026-08-09 17:45:34 | INFO     | KDClient 1 round 38 local training (epochs=3)
[2026-08-09 17:45:56] 2026-08-09 17:45:56 | INFO     | KDClient 1 round 38 completed (acc=0.8935, n=300)
[2026-08-09 17:45:56] 2026-08-09 17:45:56 | INFO     | KDClient 2 fit round 38 (tier=small)
[2026-08-09 17:45:56] 2026-08-09 17:45:56 | INFO     | KDClient 2 round 38 public KD (epochs=2)
[2026-08-09 17:46:11] 2026-08-09 17:46:11 | INFO     | KDClient 2 round 38 local training (epochs=3)
[2026-08-09 17:46:30] 2026-08-09 17:46:30 | INFO     | KDClient 2 round 38 completed (acc=0.9090, n=300)
[2026-08-09 17:46:30] 2026-08-09 17:46:30 | INFO     | KDClient 3 fit round 38 (tier=small)
[2026-08-09 17:46:30] 2026-08-09 17:46:30 | INFO     | KDClient 3 round 38 public KD (epochs=2)
[2026-08-09 17:46:40] 2026-08-09 17:46:40 | INFO     | KDClient 3 round 38 local training (epochs=3)
[2026-08-09 17:46:52] 2026-08-09 17:46:52 | INFO     | KDClient 3 round 38 completed (acc=0.8726, n=300)
[2026-08-09 17:46:52] 2026-08-09 17:46:52 | INFO     | KDClient 4 fit round 38 (tier=small)
[2026-08-09 17:46:52] 2026-08-09 17:46:52 | INFO     | KDClient 4 round 38 public KD (epochs=2)
[2026-08-09 17:47:01] 2026-08-09 17:47:01 | INFO     | KDClient 4 round 38 local training (epochs=3)
[2026-08-09 17:47:13] 2026-08-09 17:47:13 | INFO     | KDClient 4 round 38 completed (acc=0.8928, n=300)
[2026-08-09 17:47:13] 2026-08-09 17:47:13 | INFO     | KDClient 5 fit round 38 (tier=small)
[2026-08-09 17:47:13] 2026-08-09 17:47:13 | INFO     | KDClient 5 round 38 public KD (epochs=2)
[2026-08-09 17:47:24] 2026-08-09 17:47:24 | INFO     | KDClient 5 round 38 local training (epochs=3)
[2026-08-09 17:47:41] 2026-08-09 17:47:41 | INFO     | KDClient 5 round 38 completed (acc=0.8884, n=300)
[2026-08-09 17:47:41] 2026-08-09 17:47:41 | INFO     | KDClient 6 fit round 38 (tier=small)
[2026-08-09 17:47:41] 2026-08-09 17:47:41 | INFO     | KDClient 6 round 38 public KD (epochs=2)
[2026-08-09 17:47:58] 2026-08-09 17:47:58 | INFO     | KDClient 6 round 38 local training (epochs=3)
[2026-08-09 17:48:15] 2026-08-09 17:48:15 | INFO     | KDClient 6 round 38 completed (acc=0.9087, n=300)
[2026-08-09 17:48:15] 2026-08-09 17:48:15 | INFO     | KDClient 7 fit round 38 (tier=medium)
[2026-08-09 17:48:15] 2026-08-09 17:48:15 | INFO     | KDClient 7 round 38 public KD (epochs=2)
[2026-08-09 17:48:59] 2026-08-09 17:48:59 | INFO     | KDClient 7 round 38 local training (epochs=3)
[2026-08-09 17:49:44] 2026-08-09 17:49:44 | INFO     | KDClient 7 round 38 completed (acc=0.9294, n=300)
[2026-08-09 17:49:44] 2026-08-09 17:49:44 | INFO     | KDClient 8 fit round 38 (tier=medium)
[2026-08-09 17:49:44] 2026-08-09 17:49:44 | INFO     | KDClient 8 round 38 public KD (epochs=2)
[2026-08-09 17:50:32] 2026-08-09 17:50:32 | INFO     | KDClient 8 round 38 local training (epochs=3)
[2026-08-09 17:51:22] 2026-08-09 17:51:22 | INFO     | KDClient 8 round 38 completed (acc=0.9198, n=300)
[2026-08-09 17:51:22] 2026-08-09 17:51:22 | INFO     | KDClient 9 fit round 38 (tier=medium)
[2026-08-09 17:51:22] 2026-08-09 17:51:22 | INFO     | KDClient 9 round 38 public KD (epochs=2)
[2026-08-09 17:52:08] 2026-08-09 17:52:08 | INFO     | KDClient 9 round 38 local training (epochs=3)
[2026-08-09 17:52:52] 2026-08-09 17:52:52 | INFO     | KDClient 9 round 38 completed (acc=0.9228, n=300)
[2026-08-09 17:52:52] 2026-08-09 17:52:52 | INFO     | KDClient 10 fit round 38 (tier=medium)
[2026-08-09 17:52:52] 2026-08-09 17:52:52 | INFO     | KDClient 10 round 38 public KD (epochs=2)
[2026-08-09 17:53:38] 2026-08-09 17:53:38 | INFO     | KDClient 10 round 38 local training (epochs=3)
[2026-08-09 17:54:20] 2026-08-09 17:54:20 | INFO     | KDClient 10 round 38 completed (acc=0.9196, n=300)
[2026-08-09 17:54:20] 2026-08-09 17:54:20 | INFO     | KDClient 11 fit round 38 (tier=medium)
[2026-08-09 17:54:20] 2026-08-09 17:54:20 | INFO     | KDClient 11 round 38 public KD (epochs=2)
[2026-08-09 17:55:08] 2026-08-09 17:55:08 | INFO     | KDClient 11 round 38 local training (epochs=3)
[2026-08-09 17:56:09] 2026-08-09 17:56:09 | INFO     | KDClient 11 round 38 completed (acc=0.9136, n=300)
[2026-08-09 17:56:09] 2026-08-09 17:56:09 | INFO     | KDClient 12 fit round 38 (tier=medium)
[2026-08-09 17:56:09] 2026-08-09 17:56:09 | INFO     | KDClient 12 round 38 public KD (epochs=2)
[2026-08-09 17:56:46] 2026-08-09 17:56:46 | INFO     | KDClient 12 round 38 local training (epochs=3)
[2026-08-09 17:57:33] 2026-08-09 17:57:33 | INFO     | KDClient 12 round 38 completed (acc=0.9262, n=300)
[2026-08-09 17:57:33] 2026-08-09 17:57:33 | INFO     | KDClient 13 fit round 38 (tier=medium)
[2026-08-09 17:57:33] 2026-08-09 17:57:33 | INFO     | KDClient 13 round 38 public KD (epochs=2)
[2026-08-09 17:58:14] 2026-08-09 17:58:14 | INFO     | KDClient 13 round 38 local training (epochs=3)
[2026-08-09 17:58:51] 2026-08-09 17:58:51 | INFO     | KDClient 13 round 38 completed (acc=0.9348, n=300)
[2026-08-09 17:58:51] 2026-08-09 17:58:51 | INFO     | KDClient 14 fit round 38 (tier=large)
[2026-08-09 17:58:51] 2026-08-09 17:58:51 | INFO     | KDClient 14 round 38 public KD (epochs=2)
[2026-08-09 18:00:02] 2026-08-09 18:00:02 | INFO     | KDClient 14 round 38 local training (epochs=3)
[2026-08-09 18:01:46] 2026-08-09 18:01:46 | INFO     | KDClient 14 round 38 completed (acc=0.9300, n=300)
[2026-08-09 18:01:46] 2026-08-09 18:01:46 | INFO     | KDClient 15 fit round 38 (tier=large)
[2026-08-09 18:01:46] 2026-08-09 18:01:46 | INFO     | KDClient 15 round 38 public KD (epochs=2)
[2026-08-09 18:02:54] 2026-08-09 18:02:54 | INFO     | KDClient 15 round 38 local training (epochs=3)
[2026-08-09 18:04:19] 2026-08-09 18:04:19 | INFO     | KDClient 15 round 38 completed (acc=0.9197, n=300)
[2026-08-09 18:04:19] 2026-08-09 18:04:19 | INFO     | KDClient 16 fit round 38 (tier=large)
[2026-08-09 18:04:19] 2026-08-09 18:04:19 | INFO     | KDClient 16 round 38 public KD (epochs=2)
[2026-08-09 18:05:24] 2026-08-09 18:05:24 | INFO     | KDClient 16 round 38 local training (epochs=3)
[2026-08-09 18:06:39] 2026-08-09 18:06:39 | INFO     | KDClient 16 round 38 completed (acc=0.9195, n=300)
[2026-08-09 18:06:39] 2026-08-09 18:06:39 | INFO     | KDClient 17 fit round 38 (tier=large)
[2026-08-09 18:06:39] 2026-08-09 18:06:39 | INFO     | KDClient 17 round 38 public KD (epochs=2)
[2026-08-09 18:07:54] 2026-08-09 18:07:54 | INFO     | KDClient 17 round 38 local training (epochs=3)
[2026-08-09 18:08:58] 2026-08-09 18:08:58 | INFO     | KDClient 17 round 38 completed (acc=0.9240, n=300)
[2026-08-09 18:08:58] 2026-08-09 18:08:58 | INFO     | KDClient 18 fit round 38 (tier=large)
[2026-08-09 18:08:58] 2026-08-09 18:08:58 | INFO     | KDClient 18 round 38 public KD (epochs=2)
[2026-08-09 18:10:19] 2026-08-09 18:10:19 | INFO     | KDClient 18 round 38 local training (epochs=3)
[2026-08-09 18:11:31] 2026-08-09 18:11:31 | INFO     | KDClient 18 round 38 completed (acc=0.9197, n=300)
[2026-08-09 18:11:31] 2026-08-09 18:11:31 | INFO     | KDClient 19 fit round 38 (tier=large)
[2026-08-09 18:11:31] 2026-08-09 18:11:31 | INFO     | KDClient 19 round 38 public KD (epochs=2)
[2026-08-09 18:12:51] 2026-08-09 18:12:51 | INFO     | KDClient 19 round 38 local training (epochs=3)
[2026-08-09 18:14:12] 2026-08-09 18:14:12 | INFO     | KDClient 19 round 38 completed (acc=0.9048, n=300)
[2026-08-09 18:14:12]   Round  38/40 | Avg: 0.9121 | Min: 0.8726 | Max: 0.9348
[2026-08-09 18:14:12] 2026-08-09 18:14:12 | INFO     | FEDAKD — IID: round 39/40 starting
[2026-08-09 18:14:12] 2026-08-09 18:14:12 | INFO     | KDClient 0 fit round 39 (tier=small)
[2026-08-09 18:14:12] 2026-08-09 18:14:12 | INFO     | KDClient 0 round 39 public KD (epochs=2)
[2026-08-09 18:14:26] 2026-08-09 18:14:26 | INFO     | KDClient 0 round 39 local training (epochs=3)
[2026-08-09 18:14:52] 2026-08-09 18:14:52 | INFO     | KDClient 0 round 39 completed (acc=0.8898, n=300)
[2026-08-09 18:14:52] 2026-08-09 18:14:52 | INFO     | KDClient 1 fit round 39 (tier=small)
[2026-08-09 18:14:52] 2026-08-09 18:14:52 | INFO     | KDClient 1 round 39 public KD (epochs=2)
[2026-08-09 18:15:07] 2026-08-09 18:15:07 | INFO     | KDClient 1 round 39 local training (epochs=3)
[2026-08-09 18:15:34] 2026-08-09 18:15:34 | INFO     | KDClient 1 round 39 completed (acc=0.9036, n=300)
[2026-08-09 18:15:34] 2026-08-09 18:15:34 | INFO     | KDClient 2 fit round 39 (tier=small)
[2026-08-09 18:15:34] 2026-08-09 18:15:34 | INFO     | KDClient 2 round 39 public KD (epochs=2)
[2026-08-09 18:15:54] 2026-08-09 18:15:54 | INFO     | KDClient 2 round 39 local training (epochs=3)
[2026-08-09 18:16:30] 2026-08-09 18:16:30 | INFO     | KDClient 2 round 39 completed (acc=0.9092, n=300)
[2026-08-09 18:16:30] 2026-08-09 18:16:30 | INFO     | KDClient 3 fit round 39 (tier=small)
[2026-08-09 18:16:30] 2026-08-09 18:16:30 | INFO     | KDClient 3 round 39 public KD (epochs=2)
[2026-08-09 18:16:49] 2026-08-09 18:16:49 | INFO     | KDClient 3 round 39 local training (epochs=3)
[2026-08-09 18:17:17] 2026-08-09 18:17:17 | INFO     | KDClient 3 round 39 completed (acc=0.8811, n=300)
[2026-08-09 18:17:17] 2026-08-09 18:17:17 | INFO     | KDClient 4 fit round 39 (tier=small)
[2026-08-09 18:17:17] 2026-08-09 18:17:17 | INFO     | KDClient 4 round 39 public KD (epochs=2)
[2026-08-09 18:17:35] 2026-08-09 18:17:35 | INFO     | KDClient 4 round 39 local training (epochs=3)
[2026-08-09 18:18:02] 2026-08-09 18:18:02 | INFO     | KDClient 4 round 39 completed (acc=0.9042, n=300)
[2026-08-09 18:18:02] 2026-08-09 18:18:02 | INFO     | KDClient 5 fit round 39 (tier=small)
[2026-08-09 18:18:02] 2026-08-09 18:18:02 | INFO     | KDClient 5 round 39 public KD (epochs=2)
[2026-08-09 18:18:18] 2026-08-09 18:18:18 | INFO     | KDClient 5 round 39 local training (epochs=3)
[2026-08-09 18:18:56] 2026-08-09 18:18:56 | INFO     | KDClient 5 round 39 completed (acc=0.8972, n=300)
[2026-08-09 18:18:56] 2026-08-09 18:18:56 | INFO     | KDClient 6 fit round 39 (tier=small)
[2026-08-09 18:18:56] 2026-08-09 18:18:56 | INFO     | KDClient 6 round 39 public KD (epochs=2)
[2026-08-09 18:19:15] 2026-08-09 18:19:14 | INFO     | KDClient 6 round 39 local training (epochs=3)
[2026-08-09 18:19:46] 2026-08-09 18:19:46 | INFO     | KDClient 6 round 39 completed (acc=0.9043, n=300)
[2026-08-09 18:19:46] 2026-08-09 18:19:46 | INFO     | KDClient 7 fit round 39 (tier=medium)
[2026-08-09 18:19:46] 2026-08-09 18:19:46 | INFO     | KDClient 7 round 39 public KD (epochs=2)
[2026-08-09 18:20:58] 2026-08-09 18:20:58 | INFO     | KDClient 7 round 39 local training (epochs=3)
[2026-08-09 18:22:25] 2026-08-09 18:22:25 | INFO     | KDClient 7 round 39 completed (acc=0.9302, n=300)
[2026-08-09 18:22:25] 2026-08-09 18:22:25 | INFO     | KDClient 8 fit round 39 (tier=medium)
[2026-08-09 18:22:25] 2026-08-09 18:22:25 | INFO     | KDClient 8 round 39 public KD (epochs=2)
[2026-08-09 18:23:16] 2026-08-09 18:23:16 | INFO     | KDClient 8 round 39 local training (epochs=3)
[2026-08-09 18:24:40] 2026-08-09 18:24:40 | INFO     | KDClient 8 round 39 completed (acc=0.9195, n=300)
[2026-08-09 18:24:40] 2026-08-09 18:24:40 | INFO     | KDClient 9 fit round 39 (tier=medium)
[2026-08-09 18:24:40] 2026-08-09 18:24:40 | INFO     | KDClient 9 round 39 public KD (epochs=2)
[2026-08-09 18:25:27] 2026-08-09 18:25:27 | INFO     | KDClient 9 round 39 local training (epochs=3)
[2026-08-09 18:26:38] 2026-08-09 18:26:38 | INFO     | KDClient 9 round 39 completed (acc=0.9175, n=300)
[2026-08-09 18:26:38] 2026-08-09 18:26:38 | INFO     | KDClient 10 fit round 39 (tier=medium)
[2026-08-09 18:26:38] 2026-08-09 18:26:38 | INFO     | KDClient 10 round 39 public KD (epochs=2)
[2026-08-09 18:27:11] 2026-08-09 18:27:11 | INFO     | KDClient 10 round 39 local training (epochs=3)
[2026-08-09 18:27:49] 2026-08-09 18:27:49 | INFO     | KDClient 10 round 39 completed (acc=0.9297, n=300)
[2026-08-09 18:27:49] 2026-08-09 18:27:49 | INFO     | KDClient 11 fit round 39 (tier=medium)
[2026-08-09 18:27:49] 2026-08-09 18:27:49 | INFO     | KDClient 11 round 39 public KD (epochs=2)
[2026-08-09 18:28:34] 2026-08-09 18:28:34 | INFO     | KDClient 11 round 39 local training (epochs=3)
[2026-08-09 18:29:17] 2026-08-09 18:29:17 | INFO     | KDClient 11 round 39 completed (acc=0.9339, n=300)
[2026-08-09 18:29:17] 2026-08-09 18:29:17 | INFO     | KDClient 12 fit round 39 (tier=medium)
[2026-08-09 18:29:17] 2026-08-09 18:29:17 | INFO     | KDClient 12 round 39 public KD (epochs=2)
[2026-08-09 18:29:52] 2026-08-09 18:29:52 | INFO     | KDClient 12 round 39 local training (epochs=3)
[2026-08-09 18:30:21] 2026-08-09 18:30:21 | INFO     | KDClient 12 round 39 completed (acc=0.9244, n=300)
[2026-08-09 18:30:21] 2026-08-09 18:30:21 | INFO     | KDClient 13 fit round 39 (tier=medium)
[2026-08-09 18:30:21] 2026-08-09 18:30:21 | INFO     | KDClient 13 round 39 public KD (epochs=2)
[2026-08-09 18:31:03] 2026-08-09 18:31:03 | INFO     | KDClient 13 round 39 local training (epochs=3)
[2026-08-09 18:31:54] 2026-08-09 18:31:53 | INFO     | KDClient 13 round 39 completed (acc=0.9286, n=300)
[2026-08-09 18:31:54] 2026-08-09 18:31:53 | INFO     | KDClient 14 fit round 39 (tier=large)
[2026-08-09 18:31:54] 2026-08-09 18:31:53 | INFO     | KDClient 14 round 39 public KD (epochs=2)
[2026-08-09 18:32:57] 2026-08-09 18:32:57 | INFO     | KDClient 14 round 39 local training (epochs=3)
[2026-08-09 18:34:32] 2026-08-09 18:34:32 | INFO     | KDClient 14 round 39 completed (acc=0.9278, n=300)
[2026-08-09 18:34:32] 2026-08-09 18:34:32 | INFO     | KDClient 15 fit round 39 (tier=large)
[2026-08-09 18:34:32] 2026-08-09 18:34:32 | INFO     | KDClient 15 round 39 public KD (epochs=2)
[2026-08-09 18:35:42] 2026-08-09 18:35:42 | INFO     | KDClient 15 round 39 local training (epochs=3)
[2026-08-09 18:36:31] 2026-08-09 18:36:31 | INFO     | KDClient 15 round 39 completed (acc=0.9193, n=300)
[2026-08-09 18:36:31] 2026-08-09 18:36:31 | INFO     | KDClient 16 fit round 39 (tier=large)
[2026-08-09 18:36:31] 2026-08-09 18:36:31 | INFO     | KDClient 16 round 39 public KD (epochs=2)
[2026-08-09 18:37:46] 2026-08-09 18:37:46 | INFO     | KDClient 16 round 39 local training (epochs=3)
[2026-08-09 18:38:43] 2026-08-09 18:38:43 | INFO     | KDClient 16 round 39 completed (acc=0.9196, n=300)
[2026-08-09 18:38:43] 2026-08-09 18:38:43 | INFO     | KDClient 17 fit round 39 (tier=large)
[2026-08-09 18:38:43] 2026-08-09 18:38:43 | INFO     | KDClient 17 round 39 public KD (epochs=2)
[2026-08-09 18:39:48] 2026-08-09 18:39:48 | INFO     | KDClient 17 round 39 local training (epochs=3)
[2026-08-09 18:41:08] 2026-08-09 18:41:08 | INFO     | KDClient 17 round 39 completed (acc=0.9333, n=300)
[2026-08-09 18:41:08] 2026-08-09 18:41:08 | INFO     | KDClient 18 fit round 39 (tier=large)
[2026-08-09 18:41:08] 2026-08-09 18:41:08 | INFO     | KDClient 18 round 39 public KD (epochs=2)
[2026-08-09 18:42:22] 2026-08-09 18:42:22 | INFO     | KDClient 18 round 39 local training (epochs=3)
[2026-08-09 18:43:48] 2026-08-09 18:43:48 | INFO     | KDClient 18 round 39 completed (acc=0.9234, n=300)
[2026-08-09 18:43:48] 2026-08-09 18:43:48 | INFO     | KDClient 19 fit round 39 (tier=large)
[2026-08-09 18:43:48] 2026-08-09 18:43:48 | INFO     | KDClient 19 round 39 public KD (epochs=2)
[2026-08-09 18:45:10] 2026-08-09 18:45:10 | INFO     | KDClient 19 round 39 local training (epochs=3)
[2026-08-09 18:46:38] 2026-08-09 18:46:38 | INFO     | KDClient 19 round 39 completed (acc=0.9295, n=300)
[2026-08-09 18:46:38]   Round  39/40 | Avg: 0.9163 | Min: 0.8811 | Max: 0.9339
[2026-08-09 18:46:38] 2026-08-09 18:46:38 | INFO     | FEDAKD — IID: round 40/40 starting
[2026-08-09 18:46:38] 2026-08-09 18:46:38 | INFO     | KDClient 0 fit round 40 (tier=small)
[2026-08-09 18:46:38] 2026-08-09 18:46:38 | INFO     | KDClient 0 round 40 public KD (epochs=2)
[2026-08-09 18:46:52] 2026-08-09 18:46:52 | INFO     | KDClient 0 round 40 local training (epochs=3)
[2026-08-09 18:47:21] 2026-08-09 18:47:21 | INFO     | KDClient 0 round 40 completed (acc=0.8912, n=300)
[2026-08-09 18:47:21] 2026-08-09 18:47:21 | INFO     | KDClient 1 fit round 40 (tier=small)
[2026-08-09 18:47:21] 2026-08-09 18:47:21 | INFO     | KDClient 1 round 40 public KD (epochs=2)
[2026-08-09 18:47:40] 2026-08-09 18:47:40 | INFO     | KDClient 1 round 40 local training (epochs=3)
[2026-08-09 18:47:58] 2026-08-09 18:47:58 | INFO     | KDClient 1 round 40 completed (acc=0.9018, n=300)
[2026-08-09 18:47:58] 2026-08-09 18:47:58 | INFO     | KDClient 2 fit round 40 (tier=small)
[2026-08-09 18:47:58] 2026-08-09 18:47:58 | INFO     | KDClient 2 round 40 public KD (epochs=2)
[2026-08-09 18:48:11] 2026-08-09 18:48:11 | INFO     | KDClient 2 round 40 local training (epochs=3)
[2026-08-09 18:48:27] 2026-08-09 18:48:27 | INFO     | KDClient 2 round 40 completed (acc=0.9076, n=300)
[2026-08-09 18:48:27] 2026-08-09 18:48:27 | INFO     | KDClient 3 fit round 40 (tier=small)
[2026-08-09 18:48:27] 2026-08-09 18:48:27 | INFO     | KDClient 3 round 40 public KD (epochs=2)
[2026-08-09 18:48:44] 2026-08-09 18:48:44 | INFO     | KDClient 3 round 40 local training (epochs=3)
[2026-08-09 18:49:07] 2026-08-09 18:49:07 | INFO     | KDClient 3 round 40 completed (acc=0.8812, n=300)
[2026-08-09 18:49:07] 2026-08-09 18:49:07 | INFO     | KDClient 4 fit round 40 (tier=small)
[2026-08-09 18:49:07] 2026-08-09 18:49:07 | INFO     | KDClient 4 round 40 public KD (epochs=2)
[2026-08-09 18:49:18] 2026-08-09 18:49:18 | INFO     | KDClient 4 round 40 local training (epochs=3)
[2026-08-09 18:49:30] 2026-08-09 18:49:30 | INFO     | KDClient 4 round 40 completed (acc=0.9013, n=300)
[2026-08-09 18:49:30] 2026-08-09 18:49:30 | INFO     | KDClient 5 fit round 40 (tier=small)
[2026-08-09 18:49:30] 2026-08-09 18:49:30 | INFO     | KDClient 5 round 40 public KD (epochs=2)
[2026-08-09 18:49:46] 2026-08-09 18:49:46 | INFO     | KDClient 5 round 40 local training (epochs=3)
[2026-08-09 18:50:02] 2026-08-09 18:50:02 | INFO     | KDClient 5 round 40 completed (acc=0.8989, n=300)
[2026-08-09 18:50:02] 2026-08-09 18:50:02 | INFO     | KDClient 6 fit round 40 (tier=small)
[2026-08-09 18:50:02] 2026-08-09 18:50:02 | INFO     | KDClient 6 round 40 public KD (epochs=2)
[2026-08-09 18:50:13] 2026-08-09 18:50:13 | INFO     | KDClient 6 round 40 local training (epochs=3)
[2026-08-09 18:50:23] 2026-08-09 18:50:23 | INFO     | KDClient 6 round 40 completed (acc=0.9082, n=300)
[2026-08-09 18:50:23] 2026-08-09 18:50:23 | INFO     | KDClient 7 fit round 40 (tier=medium)
[2026-08-09 18:50:23] 2026-08-09 18:50:23 | INFO     | KDClient 7 round 40 public KD (epochs=2)
[2026-08-09 18:51:04] 2026-08-09 18:51:04 | INFO     | KDClient 7 round 40 local training (epochs=3)
[2026-08-09 18:51:48] 2026-08-09 18:51:48 | INFO     | KDClient 7 round 40 completed (acc=0.9306, n=300)
[2026-08-09 18:51:48] 2026-08-09 18:51:48 | INFO     | KDClient 8 fit round 40 (tier=medium)
[2026-08-09 18:51:48] 2026-08-09 18:51:48 | INFO     | KDClient 8 round 40 public KD (epochs=2)
[2026-08-09 18:52:33] 2026-08-09 18:52:33 | INFO     | KDClient 8 round 40 local training (epochs=3)
[2026-08-09 18:53:19] 2026-08-09 18:53:19 | INFO     | KDClient 8 round 40 completed (acc=0.9245, n=300)
[2026-08-09 18:53:19] 2026-08-09 18:53:19 | INFO     | KDClient 9 fit round 40 (tier=medium)
[2026-08-09 18:53:19] 2026-08-09 18:53:19 | INFO     | KDClient 9 round 40 public KD (epochs=2)
[2026-08-09 18:54:24] 2026-08-09 18:54:24 | INFO     | KDClient 9 round 40 local training (epochs=3)
[2026-08-09 18:55:03] 2026-08-09 18:55:03 | INFO     | KDClient 9 round 40 completed (acc=0.9217, n=300)
[2026-08-09 18:55:03] 2026-08-09 18:55:03 | INFO     | KDClient 10 fit round 40 (tier=medium)
[2026-08-09 18:55:03] 2026-08-09 18:55:03 | INFO     | KDClient 10 round 40 public KD (epochs=2)
[2026-08-09 18:55:50] 2026-08-09 18:55:50 | INFO     | KDClient 10 round 40 local training (epochs=3)
[2026-08-09 18:56:36] 2026-08-09 18:56:36 | INFO     | KDClient 10 round 40 completed (acc=0.9323, n=300)
[2026-08-09 18:56:36] 2026-08-09 18:56:36 | INFO     | KDClient 11 fit round 40 (tier=medium)
[2026-08-09 18:56:36] 2026-08-09 18:56:36 | INFO     | KDClient 11 round 40 public KD (epochs=2)
[2026-08-09 18:57:27] 2026-08-09 18:57:27 | INFO     | KDClient 11 round 40 local training (epochs=3)
[2026-08-09 18:58:23] 2026-08-09 18:58:23 | INFO     | KDClient 11 round 40 completed (acc=0.9353, n=300)
[2026-08-09 18:58:23] 2026-08-09 18:58:23 | INFO     | KDClient 12 fit round 40 (tier=medium)
[2026-08-09 18:58:23] 2026-08-09 18:58:23 | INFO     | KDClient 12 round 40 public KD (epochs=2)
[2026-08-09 18:59:05] 2026-08-09 18:59:05 | INFO     | KDClient 12 round 40 local training (epochs=3)
[2026-08-09 18:59:51] 2026-08-09 18:59:51 | INFO     | KDClient 12 round 40 completed (acc=0.9259, n=300)
[2026-08-09 18:59:51] 2026-08-09 18:59:51 | INFO     | KDClient 13 fit round 40 (tier=medium)
[2026-08-09 18:59:51] 2026-08-09 18:59:51 | INFO     | KDClient 13 round 40 public KD (epochs=2)
[2026-08-09 19:00:30] 2026-08-09 19:00:30 | INFO     | KDClient 13 round 40 local training (epochs=3)
[2026-08-09 19:01:16] 2026-08-09 19:01:16 | INFO     | KDClient 13 round 40 completed (acc=0.9320, n=300)
[2026-08-09 19:01:16] 2026-08-09 19:01:16 | INFO     | KDClient 14 fit round 40 (tier=large)
[2026-08-09 19:01:16] 2026-08-09 19:01:16 | INFO     | KDClient 14 round 40 public KD (epochs=2)
[2026-08-09 19:02:16] 2026-08-09 19:02:16 | INFO     | KDClient 14 round 40 local training (epochs=3)
[2026-08-09 19:03:35] 2026-08-09 19:03:35 | INFO     | KDClient 14 round 40 completed (acc=0.9271, n=300)
[2026-08-09 19:03:35] 2026-08-09 19:03:35 | INFO     | KDClient 15 fit round 40 (tier=large)
[2026-08-09 19:03:35] 2026-08-09 19:03:35 | INFO     | KDClient 15 round 40 public KD (epochs=2)
[2026-08-09 19:04:54] 2026-08-09 19:04:54 | INFO     | KDClient 15 round 40 local training (epochs=3)
[2026-08-09 19:05:58] 2026-08-09 19:05:58 | INFO     | KDClient 15 round 40 completed (acc=0.9302, n=300)
[2026-08-09 19:05:58] 2026-08-09 19:05:58 | INFO     | KDClient 16 fit round 40 (tier=large)
[2026-08-09 19:05:58] 2026-08-09 19:05:58 | INFO     | KDClient 16 round 40 public KD (epochs=2)
[2026-08-09 19:07:16] 2026-08-09 19:07:16 | INFO     | KDClient 16 round 40 local training (epochs=3)
[2026-08-09 19:08:21] 2026-08-09 19:08:21 | INFO     | KDClient 16 round 40 completed (acc=0.9191, n=300)
[2026-08-09 19:08:21] 2026-08-09 19:08:21 | INFO     | KDClient 17 fit round 40 (tier=large)
[2026-08-09 19:08:21] 2026-08-09 19:08:21 | INFO     | KDClient 17 round 40 public KD (epochs=2)
[2026-08-09 19:09:27] 2026-08-09 19:09:27 | INFO     | KDClient 17 round 40 local training (epochs=3)
[2026-08-09 19:10:37] 2026-08-09 19:10:37 | INFO     | KDClient 17 round 40 completed (acc=0.9285, n=300)
[2026-08-09 19:10:37] 2026-08-09 19:10:37 | INFO     | KDClient 18 fit round 40 (tier=large)
[2026-08-09 19:10:37] 2026-08-09 19:10:37 | INFO     | KDClient 18 round 40 public KD (epochs=2)
[2026-08-09 19:11:46] 2026-08-09 19:11:46 | INFO     | KDClient 18 round 40 local training (epochs=3)
[2026-08-09 19:13:26] 2026-08-09 19:13:26 | INFO     | KDClient 18 round 40 completed (acc=0.9280, n=300)
[2026-08-09 19:13:26] 2026-08-09 19:13:26 | INFO     | KDClient 19 fit round 40 (tier=large)
[2026-08-09 19:13:26] 2026-08-09 19:13:26 | INFO     | KDClient 19 round 40 public KD (epochs=2)
[2026-08-09 19:14:34] 2026-08-09 19:14:34 | INFO     | KDClient 19 round 40 local training (epochs=3)
[2026-08-09 19:15:36] 2026-08-09 19:15:36 | INFO     | KDClient 19 round 40 completed (acc=0.9315, n=300)
[2026-08-09 19:15:36]   Round  40/40 | Avg: 0.9178 | Min: 0.8812 | Max: 0.9353
[2026-08-09 19:15:36]   FEDAKD — IID done.
[2026-08-09 19:15:36]   Metadata saved to C:/Users/ggad/Desktop/HomeSenseKD/results/phase1\mnist\fedakd\uniform\iid\metadata.json
[2026-08-09 19:15:36] 2026-08-09 19:15:36 | INFO     | run_one_algo: algorithm=fedakd  setting=noniid
[2026-08-09 19:15:36] 2026-08-09 19:15:36 | INFO     | Building 20 client models for algo=fedakd  tiers=['small', 'small', 'small', 'small', 'small', 'small', 'small', 'medium', 'medium', 'medium', 'medium', 'medium', 'medium', 'medium', 'large', 'large', 'large', 'large', 'large', 'large']
[2026-08-09 19:15:52] 2026-08-09 19:15:52 | INFO     | Starting FEDAKD — NONIID (40 rounds, 20 clients)
[2026-08-09 19:15:52] 
[2026-08-09 19:15:52] =================================================================
[2026-08-09 19:15:52]   FEDAKD — NONIID
[2026-08-09 19:15:52] =================================================================
[2026-08-09 19:15:52] 2026-08-09 19:15:52 | INFO     | FEDAKD — NONIID: round 1/40 starting
[2026-08-09 19:15:52] 2026-08-09 19:15:52 | INFO     | KDClient 0 fit round 1 (tier=small)
[2026-08-09 19:15:52] 2026-08-09 19:15:52 | INFO     | KDClient 0 round 1 local training (epochs=3)
[2026-08-09 19:16:30] 2026-08-09 19:16:29 | INFO     | KDClient 0 round 1 completed (acc=0.7732, n=2849)
[2026-08-09 19:16:30] 2026-08-09 19:16:30 | INFO     | KDClient 1 fit round 1 (tier=small)
[2026-08-09 19:16:30] 2026-08-09 19:16:30 | INFO     | KDClient 1 round 1 local training (epochs=3)
[2026-08-09 19:16:53] 2026-08-09 19:16:53 | INFO     | KDClient 1 round 1 completed (acc=0.7094, n=2453)
[2026-08-09 19:16:53] 2026-08-09 19:16:53 | INFO     | KDClient 2 fit round 1 (tier=small)
[2026-08-09 19:16:53] 2026-08-09 19:16:53 | INFO     | KDClient 2 round 1 local training (epochs=3)
[2026-08-09 19:17:22] 2026-08-09 19:17:22 | INFO     | KDClient 2 round 1 completed (acc=0.7183, n=1737)
[2026-08-09 19:17:22] 2026-08-09 19:17:22 | INFO     | KDClient 3 fit round 1 (tier=small)
[2026-08-09 19:17:22] 2026-08-09 19:17:22 | INFO     | KDClient 3 round 1 local training (epochs=3)
[2026-08-09 19:17:58] 2026-08-09 19:17:57 | INFO     | KDClient 3 round 1 completed (acc=0.7577, n=4569)
[2026-08-09 19:17:58] 2026-08-09 19:17:57 | INFO     | KDClient 4 fit round 1 (tier=small)
[2026-08-09 19:17:58] 2026-08-09 19:17:57 | INFO     | KDClient 4 round 1 local training (epochs=3)
[2026-08-09 19:18:38] 2026-08-09 19:18:38 | INFO     | KDClient 4 round 1 completed (acc=0.8658, n=4988)
[2026-08-09 19:18:38] 2026-08-09 19:18:38 | INFO     | KDClient 5 fit round 1 (tier=small)
[2026-08-09 19:18:38] 2026-08-09 19:18:38 | INFO     | KDClient 5 round 1 local training (epochs=3)
[2026-08-09 19:19:15] 2026-08-09 19:19:15 | INFO     | KDClient 5 round 1 completed (acc=0.7923, n=2078)
[2026-08-09 19:19:15] 2026-08-09 19:19:15 | INFO     | KDClient 6 fit round 1 (tier=small)
[2026-08-09 19:19:15] 2026-08-09 19:19:15 | INFO     | KDClient 6 round 1 local training (epochs=3)
[2026-08-09 19:19:52] 2026-08-09 19:19:52 | INFO     | KDClient 6 round 1 completed (acc=0.7090, n=1216)
[2026-08-09 19:19:52] 2026-08-09 19:19:52 | INFO     | KDClient 7 fit round 1 (tier=medium)
[2026-08-09 19:19:52] 2026-08-09 19:19:52 | INFO     | KDClient 7 round 1 local training (epochs=3)
[2026-08-09 19:21:07] 2026-08-09 19:21:07 | INFO     | KDClient 7 round 1 completed (acc=0.8294, n=2068)
[2026-08-09 19:21:07] 2026-08-09 19:21:07 | INFO     | KDClient 8 fit round 1 (tier=medium)
[2026-08-09 19:21:07] 2026-08-09 19:21:07 | INFO     | KDClient 8 round 1 local training (epochs=3)
[2026-08-09 19:22:11] 2026-08-09 19:22:11 | INFO     | KDClient 8 round 1 completed (acc=0.7061, n=2757)
[2026-08-09 19:22:11] 2026-08-09 19:22:11 | INFO     | KDClient 9 fit round 1 (tier=medium)
[2026-08-09 19:22:11] 2026-08-09 19:22:11 | INFO     | KDClient 9 round 1 local training (epochs=3)
[2026-08-09 19:23:39] 2026-08-09 19:23:39 | INFO     | KDClient 9 round 1 completed (acc=0.7414, n=3030)
[2026-08-09 19:23:39] 2026-08-09 19:23:39 | INFO     | KDClient 10 fit round 1 (tier=medium)
[2026-08-09 19:23:39] 2026-08-09 19:23:39 | INFO     | KDClient 10 round 1 local training (epochs=3)
[2026-08-09 19:25:14] 2026-08-09 19:25:14 | INFO     | KDClient 10 round 1 completed (acc=0.7187, n=2256)
[2026-08-09 19:25:14] 2026-08-09 19:25:14 | INFO     | KDClient 11 fit round 1 (tier=medium)
[2026-08-09 19:25:14] 2026-08-09 19:25:14 | INFO     | KDClient 11 round 1 local training (epochs=3)
[2026-08-09 19:27:18] 2026-08-09 19:27:18 | INFO     | KDClient 11 round 1 completed (acc=0.6788, n=2774)
[2026-08-09 19:27:18] 2026-08-09 19:27:18 | INFO     | KDClient 12 fit round 1 (tier=medium)
[2026-08-09 19:27:18] 2026-08-09 19:27:18 | INFO     | KDClient 12 round 1 local training (epochs=3)
[2026-08-09 19:28:42] 2026-08-09 19:28:42 | INFO     | KDClient 12 round 1 completed (acc=0.7731, n=2925)
[2026-08-09 19:28:42] 2026-08-09 19:28:42 | INFO     | KDClient 13 fit round 1 (tier=medium)
[2026-08-09 19:28:42] 2026-08-09 19:28:42 | INFO     | KDClient 13 round 1 local training (epochs=3)
[2026-08-09 19:30:43] 2026-08-09 19:30:43 | INFO     | KDClient 13 round 1 completed (acc=0.8697, n=4336)
[2026-08-09 19:30:43] 2026-08-09 19:30:43 | INFO     | KDClient 14 fit round 1 (tier=large)
[2026-08-09 19:30:43] 2026-08-09 19:30:43 | INFO     | KDClient 14 round 1 local training (epochs=3)
[2026-08-09 19:33:02] 2026-08-09 19:33:02 | INFO     | KDClient 14 round 1 completed (acc=0.8606, n=2293)
[2026-08-09 19:33:02] 2026-08-09 19:33:02 | INFO     | KDClient 15 fit round 1 (tier=large)
[2026-08-09 19:33:02] 2026-08-09 19:33:02 | INFO     | KDClient 15 round 1 local training (epochs=3)
[2026-08-09 19:35:49] 2026-08-09 19:35:49 | INFO     | KDClient 15 round 1 completed (acc=0.9617, n=4755)
[2026-08-09 19:35:49] 2026-08-09 19:35:49 | INFO     | KDClient 16 fit round 1 (tier=large)
[2026-08-09 19:35:49] 2026-08-09 19:35:49 | INFO     | KDClient 16 round 1 local training (epochs=3)
[2026-08-09 19:38:19] 2026-08-09 19:38:19 | INFO     | KDClient 16 round 1 completed (acc=0.9467, n=4718)
[2026-08-09 19:38:19] 2026-08-09 19:38:19 | INFO     | KDClient 17 fit round 1 (tier=large)
[2026-08-09 19:38:19] 2026-08-09 19:38:19 | INFO     | KDClient 17 round 1 local training (epochs=3)
[2026-08-09 19:40:15] 2026-08-09 19:40:15 | INFO     | KDClient 17 round 1 completed (acc=0.8666, n=3677)
[2026-08-09 19:40:15] 2026-08-09 19:40:15 | INFO     | KDClient 18 fit round 1 (tier=large)
[2026-08-09 19:40:15] 2026-08-09 19:40:15 | INFO     | KDClient 18 round 1 local training (epochs=3)
[2026-08-09 19:41:55] 2026-08-09 19:41:55 | INFO     | KDClient 18 round 1 completed (acc=0.7099, n=1384)
[2026-08-09 19:41:55] 2026-08-09 19:41:55 | INFO     | KDClient 19 fit round 1 (tier=large)
[2026-08-09 19:41:55] 2026-08-09 19:41:55 | INFO     | KDClient 19 round 1 local training (epochs=3)
[2026-08-09 19:43:40] 2026-08-09 19:43:40 | INFO     | KDClient 19 round 1 completed (acc=0.8529, n=3137)
[2026-08-09 19:43:40]   Round   1/40 | Avg: 0.7921 | Min: 0.6788 | Max: 0.9617
[2026-08-09 19:43:40] 2026-08-09 19:43:40 | INFO     | FEDAKD — NONIID: round 2/40 starting
[2026-08-09 19:43:40] 2026-08-09 19:43:40 | INFO     | KDClient 0 fit round 2 (tier=small)
[2026-08-09 19:43:40] 2026-08-09 19:43:40 | INFO     | KDClient 0 round 2 public KD (epochs=2)
[2026-08-09 19:43:55] 2026-08-09 19:43:55 | INFO     | KDClient 0 round 2 local training (epochs=3)
[2026-08-09 19:44:09] 2026-08-09 19:44:09 | INFO     | KDClient 0 round 2 completed (acc=0.8150, n=2849)
[2026-08-09 19:44:09] 2026-08-09 19:44:09 | INFO     | KDClient 1 fit round 2 (tier=small)
[2026-08-09 19:44:09] 2026-08-09 19:44:09 | INFO     | KDClient 1 round 2 public KD (epochs=2)
[2026-08-09 19:44:22] 2026-08-09 19:44:22 | INFO     | KDClient 1 round 2 local training (epochs=3)
[2026-08-09 19:44:40] 2026-08-09 19:44:40 | INFO     | KDClient 1 round 2 completed (acc=0.7711, n=2453)
[2026-08-09 19:44:40] 2026-08-09 19:44:40 | INFO     | KDClient 2 fit round 2 (tier=small)
[2026-08-09 19:44:40] 2026-08-09 19:44:40 | INFO     | KDClient 2 round 2 public KD (epochs=2)
[2026-08-09 19:44:58] 2026-08-09 19:44:58 | INFO     | KDClient 2 round 2 local training (epochs=3)
[2026-08-09 19:45:23] 2026-08-09 19:45:23 | INFO     | KDClient 2 round 2 completed (acc=0.7621, n=1737)
[2026-08-09 19:45:23] 2026-08-09 19:45:23 | INFO     | KDClient 3 fit round 2 (tier=small)
[2026-08-09 19:45:23] 2026-08-09 19:45:23 | INFO     | KDClient 3 round 2 public KD (epochs=2)
[2026-08-09 19:45:45] 2026-08-09 19:45:45 | INFO     | KDClient 3 round 2 local training (epochs=3)
[2026-08-09 19:46:14] 2026-08-09 19:46:14 | INFO     | KDClient 3 round 2 completed (acc=0.8158, n=4569)
[2026-08-09 19:46:14] 2026-08-09 19:46:14 | INFO     | KDClient 4 fit round 2 (tier=small)
[2026-08-09 19:46:14] 2026-08-09 19:46:14 | INFO     | KDClient 4 round 2 public KD (epochs=2)
[2026-08-09 19:46:35] 2026-08-09 19:46:35 | INFO     | KDClient 4 round 2 local training (epochs=3)
[2026-08-09 19:47:00] 2026-08-09 19:47:00 | INFO     | KDClient 4 round 2 completed (acc=0.8767, n=4988)
[2026-08-09 19:47:00] 2026-08-09 19:47:00 | INFO     | KDClient 5 fit round 2 (tier=small)
[2026-08-09 19:47:00] 2026-08-09 19:47:00 | INFO     | KDClient 5 round 2 public KD (epochs=2)
[2026-08-09 19:47:16] 2026-08-09 19:47:16 | INFO     | KDClient 5 round 2 local training (epochs=3)
[2026-08-09 19:47:36] 2026-08-09 19:47:36 | INFO     | KDClient 5 round 2 completed (acc=0.8693, n=2078)
[2026-08-09 19:47:36] 2026-08-09 19:47:36 | INFO     | KDClient 6 fit round 2 (tier=small)
[2026-08-09 19:47:36] 2026-08-09 19:47:36 | INFO     | KDClient 6 round 2 public KD (epochs=2)
[2026-08-09 19:47:53] 2026-08-09 19:47:53 | INFO     | KDClient 6 round 2 local training (epochs=3)
[2026-08-09 19:48:16] 2026-08-09 19:48:16 | INFO     | KDClient 6 round 2 completed (acc=0.7379, n=1216)
[2026-08-09 19:48:16] 2026-08-09 19:48:16 | INFO     | KDClient 7 fit round 2 (tier=medium)
[2026-08-09 19:48:16] 2026-08-09 19:48:16 | INFO     | KDClient 7 round 2 public KD (epochs=2)
[2026-08-09 19:49:06] 2026-08-09 19:49:06 | INFO     | KDClient 7 round 2 local training (epochs=3)
[2026-08-09 19:50:00] 2026-08-09 19:49:59 | INFO     | KDClient 7 round 2 completed (acc=0.8472, n=2068)
[2026-08-09 19:50:00] 2026-08-09 19:49:59 | INFO     | KDClient 8 fit round 2 (tier=medium)
[2026-08-09 19:50:00] 2026-08-09 19:49:59 | INFO     | KDClient 8 round 2 public KD (epochs=2)
[2026-08-09 19:50:49] 2026-08-09 19:50:49 | INFO     | KDClient 8 round 2 local training (epochs=3)
[2026-08-09 19:51:49] 2026-08-09 19:51:49 | INFO     | KDClient 8 round 2 completed (acc=0.7389, n=2757)
[2026-08-09 19:51:49] 2026-08-09 19:51:49 | INFO     | KDClient 9 fit round 2 (tier=medium)
[2026-08-09 19:51:49] 2026-08-09 19:51:49 | INFO     | KDClient 9 round 2 public KD (epochs=2)
[2026-08-09 19:52:34] 2026-08-09 19:52:34 | INFO     | KDClient 9 round 2 local training (epochs=3)
[2026-08-09 19:53:51] 2026-08-09 19:53:51 | INFO     | KDClient 9 round 2 completed (acc=0.7953, n=3030)
[2026-08-09 19:53:51] 2026-08-09 19:53:51 | INFO     | KDClient 10 fit round 2 (tier=medium)
[2026-08-09 19:53:51] 2026-08-09 19:53:51 | INFO     | KDClient 10 round 2 public KD (epochs=2)
[2026-08-09 19:55:05] 2026-08-09 19:55:05 | INFO     | KDClient 10 round 2 local training (epochs=3)
[2026-08-09 19:56:19] 2026-08-09 19:56:19 | INFO     | KDClient 10 round 2 completed (acc=0.7665, n=2256)
[2026-08-09 19:56:19] 2026-08-09 19:56:19 | INFO     | KDClient 11 fit round 2 (tier=medium)
[2026-08-09 19:56:19] 2026-08-09 19:56:19 | INFO     | KDClient 11 round 2 public KD (epochs=2)
[2026-08-09 19:57:20] 2026-08-09 19:57:20 | INFO     | KDClient 11 round 2 local training (epochs=3)
[2026-08-09 19:58:39] 2026-08-09 19:58:39 | INFO     | KDClient 11 round 2 completed (acc=0.7094, n=2774)
[2026-08-09 19:58:39] 2026-08-09 19:58:39 | INFO     | KDClient 12 fit round 2 (tier=medium)
[2026-08-09 19:58:39] 2026-08-09 19:58:39 | INFO     | KDClient 12 round 2 public KD (epochs=2)
[2026-08-09 19:59:48] 2026-08-09 19:59:48 | INFO     | KDClient 12 round 2 local training (epochs=3)
[2026-08-09 20:01:10] 2026-08-09 20:01:10 | INFO     | KDClient 12 round 2 completed (acc=0.8674, n=2925)
[2026-08-09 20:01:10] 2026-08-09 20:01:10 | INFO     | KDClient 13 fit round 2 (tier=medium)
[2026-08-09 20:01:10] 2026-08-09 20:01:10 | INFO     | KDClient 13 round 2 public KD (epochs=2)
[2026-08-09 20:01:52] 2026-08-09 20:01:52 | INFO     | KDClient 13 round 2 local training (epochs=3)
[2026-08-09 20:02:47] 2026-08-09 20:02:47 | INFO     | KDClient 13 round 2 completed (acc=0.8785, n=4336)
[2026-08-09 20:02:47] 2026-08-09 20:02:47 | INFO     | KDClient 14 fit round 2 (tier=large)
[2026-08-09 20:02:47] 2026-08-09 20:02:47 | INFO     | KDClient 14 round 2 public KD (epochs=2)
[2026-08-09 20:04:10] 2026-08-09 20:04:10 | INFO     | KDClient 14 round 2 local training (epochs=3)
[2026-08-09 20:05:19] 2026-08-09 20:05:19 | INFO     | KDClient 14 round 2 completed (acc=0.8679, n=2293)
[2026-08-09 20:05:19] 2026-08-09 20:05:19 | INFO     | KDClient 15 fit round 2 (tier=large)
[2026-08-09 20:05:19] 2026-08-09 20:05:19 | INFO     | KDClient 15 round 2 public KD (epochs=2)
[2026-08-09 20:06:48] 2026-08-09 20:06:48 | INFO     | KDClient 15 round 2 local training (epochs=3)
[2026-08-09 20:08:25] 2026-08-09 20:08:25 | INFO     | KDClient 15 round 2 completed (acc=0.9504, n=4755)
[2026-08-09 20:08:25] 2026-08-09 20:08:25 | INFO     | KDClient 16 fit round 2 (tier=large)
[2026-08-09 20:08:25] 2026-08-09 20:08:25 | INFO     | KDClient 16 round 2 public KD (epochs=2)
[2026-08-09 20:09:35] 2026-08-09 20:09:35 | INFO     | KDClient 16 round 2 local training (epochs=3)
[2026-08-09 20:11:30] 2026-08-09 20:11:30 | INFO     | KDClient 16 round 2 completed (acc=0.9524, n=4718)
[2026-08-09 20:11:30] 2026-08-09 20:11:30 | INFO     | KDClient 17 fit round 2 (tier=large)
[2026-08-09 20:11:30] 2026-08-09 20:11:30 | INFO     | KDClient 17 round 2 public KD (epochs=2)
[2026-08-09 20:12:48] 2026-08-09 20:12:48 | INFO     | KDClient 17 round 2 local training (epochs=3)
[2026-08-09 20:14:33] 2026-08-09 20:14:33 | INFO     | KDClient 17 round 2 completed (acc=0.8626, n=3677)
[2026-08-09 20:14:33] 2026-08-09 20:14:33 | INFO     | KDClient 18 fit round 2 (tier=large)
[2026-08-09 20:14:33] 2026-08-09 20:14:33 | INFO     | KDClient 18 round 2 public KD (epochs=2)
[2026-08-09 20:15:53] 2026-08-09 20:15:53 | INFO     | KDClient 18 round 2 local training (epochs=3)
[2026-08-09 20:17:02] 2026-08-09 20:17:02 | INFO     | KDClient 18 round 2 completed (acc=0.7996, n=1384)
[2026-08-09 20:17:02] 2026-08-09 20:17:02 | INFO     | KDClient 19 fit round 2 (tier=large)
[2026-08-09 20:17:02] 2026-08-09 20:17:02 | INFO     | KDClient 19 round 2 public KD (epochs=2)
[2026-08-09 20:18:17] 2026-08-09 20:18:17 | INFO     | KDClient 19 round 2 local training (epochs=3)
[2026-08-09 20:19:24] 2026-08-09 20:19:24 | INFO     | KDClient 19 round 2 completed (acc=0.8603, n=3137)
[2026-08-09 20:19:24]   Round   2/40 | Avg: 0.8272 | Min: 0.7094 | Max: 0.9524
[2026-08-09 20:19:24] 2026-08-09 20:19:24 | INFO     | FEDAKD — NONIID: round 3/40 starting
[2026-08-09 20:19:24] 2026-08-09 20:19:24 | INFO     | KDClient 0 fit round 3 (tier=small)
[2026-08-09 20:19:24] 2026-08-09 20:19:24 | INFO     | KDClient 0 round 3 public KD (epochs=2)
[2026-08-09 20:19:33] 2026-08-09 20:19:33 | INFO     | KDClient 0 round 3 local training (epochs=3)
[2026-08-09 20:19:57] 2026-08-09 20:19:57 | INFO     | KDClient 0 round 3 completed (acc=0.8063, n=2849)
[2026-08-09 20:19:57] 2026-08-09 20:19:57 | INFO     | KDClient 1 fit round 3 (tier=small)
[2026-08-09 20:19:57] 2026-08-09 20:19:57 | INFO     | KDClient 1 round 3 public KD (epochs=2)
[2026-08-09 20:20:10] 2026-08-09 20:20:10 | INFO     | KDClient 1 round 3 local training (epochs=3)
[2026-08-09 20:20:29] 2026-08-09 20:20:29 | INFO     | KDClient 1 round 3 completed (acc=0.7821, n=2453)
[2026-08-09 20:20:29] 2026-08-09 20:20:29 | INFO     | KDClient 2 fit round 3 (tier=small)
[2026-08-09 20:20:29] 2026-08-09 20:20:29 | INFO     | KDClient 2 round 3 public KD (epochs=2)
[2026-08-09 20:20:44] 2026-08-09 20:20:44 | INFO     | KDClient 2 round 3 local training (epochs=3)
[2026-08-09 20:21:16] 2026-08-09 20:21:16 | INFO     | KDClient 2 round 3 completed (acc=0.7653, n=1737)
[2026-08-09 20:21:16] 2026-08-09 20:21:16 | INFO     | KDClient 3 fit round 3 (tier=small)
[2026-08-09 20:21:16] 2026-08-09 20:21:16 | INFO     | KDClient 3 round 3 public KD (epochs=2)
[2026-08-09 20:21:30] 2026-08-09 20:21:30 | INFO     | KDClient 3 round 3 local training (epochs=3)
[2026-08-09 20:21:53] 2026-08-09 20:21:53 | INFO     | KDClient 3 round 3 completed (acc=0.8275, n=4569)
[2026-08-09 20:21:53] 2026-08-09 20:21:53 | INFO     | KDClient 4 fit round 3 (tier=small)
[2026-08-09 20:21:53] 2026-08-09 20:21:53 | INFO     | KDClient 4 round 3 public KD (epochs=2)
[2026-08-09 20:22:10] 2026-08-09 20:22:10 | INFO     | KDClient 4 round 3 local training (epochs=3)
[2026-08-09 20:22:41] 2026-08-09 20:22:41 | INFO     | KDClient 4 round 3 completed (acc=0.8733, n=4988)
[2026-08-09 20:22:41] 2026-08-09 20:22:41 | INFO     | KDClient 5 fit round 3 (tier=small)
[2026-08-09 20:22:41] 2026-08-09 20:22:41 | INFO     | KDClient 5 round 3 public KD (epochs=2)
[2026-08-09 20:22:55] 2026-08-09 20:22:55 | INFO     | KDClient 5 round 3 local training (epochs=3)
[2026-08-09 20:23:24] 2026-08-09 20:23:24 | INFO     | KDClient 5 round 3 completed (acc=0.8873, n=2078)
[2026-08-09 20:23:24] 2026-08-09 20:23:24 | INFO     | KDClient 6 fit round 3 (tier=small)
[2026-08-09 20:23:24] 2026-08-09 20:23:24 | INFO     | KDClient 6 round 3 public KD (epochs=2)
[2026-08-09 20:23:37] 2026-08-09 20:23:37 | INFO     | KDClient 6 round 3 local training (epochs=3)
[2026-08-09 20:23:56] 2026-08-09 20:23:56 | INFO     | KDClient 6 round 3 completed (acc=0.7156, n=1216)
[2026-08-09 20:23:56] 2026-08-09 20:23:56 | INFO     | KDClient 7 fit round 3 (tier=medium)
[2026-08-09 20:23:56] 2026-08-09 20:23:56 | INFO     | KDClient 7 round 3 public KD (epochs=2)
[2026-08-09 20:25:19] 2026-08-09 20:25:19 | INFO     | KDClient 7 round 3 local training (epochs=3)
[2026-08-09 20:26:27] 2026-08-09 20:26:27 | INFO     | KDClient 7 round 3 completed (acc=0.8660, n=2068)
[2026-08-09 20:26:27] 2026-08-09 20:26:27 | INFO     | KDClient 8 fit round 3 (tier=medium)
[2026-08-09 20:26:27] 2026-08-09 20:26:27 | INFO     | KDClient 8 round 3 public KD (epochs=2)
[2026-08-09 20:27:00] 2026-08-09 20:27:00 | INFO     | KDClient 8 round 3 local training (epochs=3)
[2026-08-09 20:27:56] 2026-08-09 20:27:56 | INFO     | KDClient 8 round 3 completed (acc=0.7441, n=2757)
[2026-08-09 20:27:56] 2026-08-09 20:27:56 | INFO     | KDClient 9 fit round 3 (tier=medium)
[2026-08-09 20:27:56] 2026-08-09 20:27:56 | INFO     | KDClient 9 round 3 public KD (epochs=2)
[2026-08-09 20:28:38] 2026-08-09 20:28:38 | INFO     | KDClient 9 round 3 local training (epochs=3)
[2026-08-09 20:29:22] 2026-08-09 20:29:22 | INFO     | KDClient 9 round 3 completed (acc=0.7884, n=3030)
[2026-08-09 20:29:22] 2026-08-09 20:29:22 | INFO     | KDClient 10 fit round 3 (tier=medium)
[2026-08-09 20:29:22] 2026-08-09 20:29:22 | INFO     | KDClient 10 round 3 public KD (epochs=2)
[2026-08-09 20:30:03] 2026-08-09 20:30:03 | INFO     | KDClient 10 round 3 local training (epochs=3)
[2026-08-09 20:30:59] 2026-08-09 20:30:59 | INFO     | KDClient 10 round 3 completed (acc=0.7591, n=2256)
[2026-08-09 20:30:59] 2026-08-09 20:30:59 | INFO     | KDClient 11 fit round 3 (tier=medium)
[2026-08-09 20:30:59] 2026-08-09 20:30:59 | INFO     | KDClient 11 round 3 public KD (epochs=2)
[2026-08-09 20:32:03] 2026-08-09 20:32:03 | INFO     | KDClient 11 round 3 local training (epochs=3)
[2026-08-09 20:33:46] 2026-08-09 20:33:46 | INFO     | KDClient 11 round 3 completed (acc=0.7604, n=2774)
[2026-08-09 20:33:46] 2026-08-09 20:33:46 | INFO     | KDClient 12 fit round 3 (tier=medium)
[2026-08-09 20:33:46] 2026-08-09 20:33:46 | INFO     | KDClient 12 round 3 public KD (epochs=2)
[2026-08-09 20:34:32] 2026-08-09 20:34:32 | INFO     | KDClient 12 round 3 local training (epochs=3)
[2026-08-09 20:35:57] 2026-08-09 20:35:57 | INFO     | KDClient 12 round 3 completed (acc=0.8631, n=2925)
[2026-08-09 20:35:57] 2026-08-09 20:35:57 | INFO     | KDClient 13 fit round 3 (tier=medium)
[2026-08-09 20:35:57] 2026-08-09 20:35:57 | INFO     | KDClient 13 round 3 public KD (epochs=2)
[2026-08-09 20:37:02] 2026-08-09 20:37:02 | INFO     | KDClient 13 round 3 local training (epochs=3)
[2026-08-09 20:38:25] 2026-08-09 20:38:25 | INFO     | KDClient 13 round 3 completed (acc=0.8642, n=4336)
[2026-08-09 20:38:25] 2026-08-09 20:38:25 | INFO     | KDClient 14 fit round 3 (tier=large)
[2026-08-09 20:38:25] 2026-08-09 20:38:25 | INFO     | KDClient 14 round 3 public KD (epochs=2)
[2026-08-09 20:39:39] 2026-08-09 20:39:39 | INFO     | KDClient 14 round 3 local training (epochs=3)
[2026-08-09 20:40:57] 2026-08-09 20:40:57 | INFO     | KDClient 14 round 3 completed (acc=0.8568, n=2293)
[2026-08-09 20:40:57] 2026-08-09 20:40:57 | INFO     | KDClient 15 fit round 3 (tier=large)
[2026-08-09 20:40:57] 2026-08-09 20:40:57 | INFO     | KDClient 15 round 3 public KD (epochs=2)
[2026-08-09 20:42:13] 2026-08-09 20:42:13 | INFO     | KDClient 15 round 3 local training (epochs=3)
[2026-08-09 20:44:17] 2026-08-09 20:44:17 | INFO     | KDClient 15 round 3 completed (acc=0.9747, n=4755)
[2026-08-09 20:44:17] 2026-08-09 20:44:17 | INFO     | KDClient 16 fit round 3 (tier=large)
[2026-08-09 20:44:17] 2026-08-09 20:44:17 | INFO     | KDClient 16 round 3 public KD (epochs=2)
[2026-08-09 20:45:26] 2026-08-09 20:45:26 | INFO     | KDClient 16 round 3 local training (epochs=3)
[2026-08-09 20:47:53] 2026-08-09 20:47:53 | INFO     | KDClient 16 round 3 completed (acc=0.9522, n=4718)
[2026-08-09 20:47:53] 2026-08-09 20:47:53 | INFO     | KDClient 17 fit round 3 (tier=large)
[2026-08-09 20:47:53] 2026-08-09 20:47:53 | INFO     | KDClient 17 round 3 public KD (epochs=2)
[2026-08-09 20:49:09] 2026-08-09 20:49:09 | INFO     | KDClient 17 round 3 local training (epochs=3)
[2026-08-09 20:51:40] 2026-08-09 20:51:40 | INFO     | KDClient 17 round 3 completed (acc=0.8683, n=3677)
[2026-08-09 20:51:40] 2026-08-09 20:51:40 | INFO     | KDClient 18 fit round 3 (tier=large)
[2026-08-09 20:51:40] 2026-08-09 20:51:40 | INFO     | KDClient 18 round 3 public KD (epochs=2)
[2026-08-09 20:52:43] 2026-08-09 20:52:43 | INFO     | KDClient 18 round 3 local training (epochs=3)
[2026-08-09 20:53:57] 2026-08-09 20:53:57 | INFO     | KDClient 18 round 3 completed (acc=0.7804, n=1384)
[2026-08-09 20:53:57] 2026-08-09 20:53:57 | INFO     | KDClient 19 fit round 3 (tier=large)
[2026-08-09 20:53:57] 2026-08-09 20:53:57 | INFO     | KDClient 19 round 3 public KD (epochs=2)
[2026-08-09 20:54:48] 2026-08-09 20:54:48 | INFO     | KDClient 19 round 3 local training (epochs=3)
[2026-08-09 20:56:22] 2026-08-09 20:56:22 | INFO     | KDClient 19 round 3 completed (acc=0.8965, n=3137)
[2026-08-09 20:56:22]   Round   3/40 | Avg: 0.8316 | Min: 0.7156 | Max: 0.9747
[2026-08-09 20:56:22] 2026-08-09 20:56:22 | INFO     | FEDAKD — NONIID: round 4/40 starting
[2026-08-09 20:56:22] 2026-08-09 20:56:22 | INFO     | KDClient 0 fit round 4 (tier=small)
[2026-08-09 20:56:22] 2026-08-09 20:56:22 | INFO     | KDClient 0 round 4 public KD (epochs=2)
[2026-08-09 20:56:36] 2026-08-09 20:56:36 | INFO     | KDClient 0 round 4 local training (epochs=3)
[2026-08-09 20:57:01] 2026-08-09 20:57:01 | INFO     | KDClient 0 round 4 completed (acc=0.8119, n=2849)
[2026-08-09 20:57:01] 2026-08-09 20:57:01 | INFO     | KDClient 1 fit round 4 (tier=small)
[2026-08-09 20:57:01] 2026-08-09 20:57:01 | INFO     | KDClient 1 round 4 public KD (epochs=2)
[2026-08-09 20:57:17] 2026-08-09 20:57:17 | INFO     | KDClient 1 round 4 local training (epochs=3)
[2026-08-09 20:57:36] 2026-08-09 20:57:36 | INFO     | KDClient 1 round 4 completed (acc=0.8058, n=2453)
[2026-08-09 20:57:36] 2026-08-09 20:57:36 | INFO     | KDClient 2 fit round 4 (tier=small)
[2026-08-09 20:57:36] 2026-08-09 20:57:36 | INFO     | KDClient 2 round 4 public KD (epochs=2)
[2026-08-09 20:57:52] 2026-08-09 20:57:52 | INFO     | KDClient 2 round 4 local training (epochs=3)
[2026-08-09 20:58:10] 2026-08-09 20:58:10 | INFO     | KDClient 2 round 4 completed (acc=0.7938, n=1737)
[2026-08-09 20:58:10] 2026-08-09 20:58:10 | INFO     | KDClient 3 fit round 4 (tier=small)
[2026-08-09 20:58:10] 2026-08-09 20:58:10 | INFO     | KDClient 3 round 4 public KD (epochs=2)
[2026-08-09 20:58:20] 2026-08-09 20:58:20 | INFO     | KDClient 3 round 4 local training (epochs=3)
[2026-08-09 20:58:49] 2026-08-09 20:58:49 | INFO     | KDClient 3 round 4 completed (acc=0.8515, n=4569)
[2026-08-09 20:58:49] 2026-08-09 20:58:49 | INFO     | KDClient 4 fit round 4 (tier=small)
[2026-08-09 20:58:49] 2026-08-09 20:58:49 | INFO     | KDClient 4 round 4 public KD (epochs=2)
[2026-08-09 20:59:02] 2026-08-09 20:59:02 | INFO     | KDClient 4 round 4 local training (epochs=3)
[2026-08-09 20:59:27] 2026-08-09 20:59:27 | INFO     | KDClient 4 round 4 completed (acc=0.8765, n=4988)
[2026-08-09 20:59:27] 2026-08-09 20:59:27 | INFO     | KDClient 5 fit round 4 (tier=small)
[2026-08-09 20:59:27] 2026-08-09 20:59:27 | INFO     | KDClient 5 round 4 public KD (epochs=2)
[2026-08-09 20:59:41] 2026-08-09 20:59:41 | INFO     | KDClient 5 round 4 local training (epochs=3)
[2026-08-09 21:00:11] 2026-08-09 21:00:11 | INFO     | KDClient 5 round 4 completed (acc=0.9042, n=2078)
[2026-08-09 21:00:11] 2026-08-09 21:00:11 | INFO     | KDClient 6 fit round 4 (tier=small)
[2026-08-09 21:00:11] 2026-08-09 21:00:11 | INFO     | KDClient 6 round 4 public KD (epochs=2)
[2026-08-09 21:00:24] 2026-08-09 21:00:24 | INFO     | KDClient 6 round 4 local training (epochs=3)
[2026-08-09 21:00:45] 2026-08-09 21:00:45 | INFO     | KDClient 6 round 4 completed (acc=0.7408, n=1216)
[2026-08-09 21:00:45] 2026-08-09 21:00:45 | INFO     | KDClient 7 fit round 4 (tier=medium)
[2026-08-09 21:00:45] 2026-08-09 21:00:45 | INFO     | KDClient 7 round 4 public KD (epochs=2)
[2026-08-09 21:01:41] 2026-08-09 21:01:41 | INFO     | KDClient 7 round 4 local training (epochs=3)
[2026-08-09 21:02:22] 2026-08-09 21:02:22 | INFO     | KDClient 7 round 4 completed (acc=0.8626, n=2068)
[2026-08-09 21:02:22] 2026-08-09 21:02:22 | INFO     | KDClient 8 fit round 4 (tier=medium)
[2026-08-09 21:02:22] 2026-08-09 21:02:22 | INFO     | KDClient 8 round 4 public KD (epochs=2)
[2026-08-09 21:02:55] 2026-08-09 21:02:55 | INFO     | KDClient 8 round 4 local training (epochs=3)
[2026-08-09 21:04:00] 2026-08-09 21:04:00 | INFO     | KDClient 8 round 4 completed (acc=0.7415, n=2757)
[2026-08-09 21:04:00] 2026-08-09 21:04:00 | INFO     | KDClient 9 fit round 4 (tier=medium)
[2026-08-09 21:04:00] 2026-08-09 21:04:00 | INFO     | KDClient 9 round 4 public KD (epochs=2)
[2026-08-09 21:05:05] 2026-08-09 21:05:05 | INFO     | KDClient 9 round 4 local training (epochs=3)
[2026-08-09 21:06:04] 2026-08-09 21:06:04 | INFO     | KDClient 9 round 4 completed (acc=0.7909, n=3030)
[2026-08-09 21:06:04] 2026-08-09 21:06:04 | INFO     | KDClient 10 fit round 4 (tier=medium)
[2026-08-09 21:06:04] 2026-08-09 21:06:04 | INFO     | KDClient 10 round 4 public KD (epochs=2)
[2026-08-09 21:06:50] 2026-08-09 21:06:50 | INFO     | KDClient 10 round 4 local training (epochs=3)
[2026-08-09 21:07:46] 2026-08-09 21:07:46 | INFO     | KDClient 10 round 4 completed (acc=0.7662, n=2256)
[2026-08-09 21:07:46] 2026-08-09 21:07:46 | INFO     | KDClient 11 fit round 4 (tier=medium)
[2026-08-09 21:07:46] 2026-08-09 21:07:46 | INFO     | KDClient 11 round 4 public KD (epochs=2)
[2026-08-09 21:08:27] 2026-08-09 21:08:27 | INFO     | KDClient 11 round 4 local training (epochs=3)
[2026-08-09 21:09:21] 2026-08-09 21:09:21 | INFO     | KDClient 11 round 4 completed (acc=0.7498, n=2774)
[2026-08-09 21:09:21] 2026-08-09 21:09:21 | INFO     | KDClient 12 fit round 4 (tier=medium)
[2026-08-09 21:09:21] 2026-08-09 21:09:21 | INFO     | KDClient 12 round 4 public KD (epochs=2)
[2026-08-09 21:10:01] 2026-08-09 21:10:01 | INFO     | KDClient 12 round 4 local training (epochs=3)
[2026-08-09 21:11:30] 2026-08-09 21:11:30 | INFO     | KDClient 12 round 4 completed (acc=0.8784, n=2925)
[2026-08-09 21:11:30] 2026-08-09 21:11:30 | INFO     | KDClient 13 fit round 4 (tier=medium)
[2026-08-09 21:11:30] 2026-08-09 21:11:30 | INFO     | KDClient 13 round 4 public KD (epochs=2)
[2026-08-09 21:12:25] 2026-08-09 21:12:25 | INFO     | KDClient 13 round 4 local training (epochs=3)
[2026-08-09 21:13:42] 2026-08-09 21:13:42 | INFO     | KDClient 13 round 4 completed (acc=0.8741, n=4336)
[2026-08-09 21:13:42] 2026-08-09 21:13:42 | INFO     | KDClient 14 fit round 4 (tier=large)
[2026-08-09 21:13:42] 2026-08-09 21:13:42 | INFO     | KDClient 14 round 4 public KD (epochs=2)
[2026-08-09 21:14:58] 2026-08-09 21:14:58 | INFO     | KDClient 14 round 4 local training (epochs=3)
[2026-08-09 21:16:51] 2026-08-09 21:16:51 | INFO     | KDClient 14 round 4 completed (acc=0.8555, n=2293)
[2026-08-09 21:16:51] 2026-08-09 21:16:51 | INFO     | KDClient 15 fit round 4 (tier=large)
[2026-08-09 21:16:51] 2026-08-09 21:16:51 | INFO     | KDClient 15 round 4 public KD (epochs=2)
[2026-08-09 21:18:13] 2026-08-09 21:18:13 | INFO     | KDClient 15 round 4 local training (epochs=3)
[2026-08-09 21:20:17] 2026-08-09 21:20:17 | INFO     | KDClient 15 round 4 completed (acc=0.9645, n=4755)
[2026-08-09 21:20:17] 2026-08-09 21:20:17 | INFO     | KDClient 16 fit round 4 (tier=large)
[2026-08-09 21:20:17] 2026-08-09 21:20:17 | INFO     | KDClient 16 round 4 public KD (epochs=2)
[2026-08-09 21:21:32] 2026-08-09 21:21:32 | INFO     | KDClient 16 round 4 local training (epochs=3)
[2026-08-09 21:23:57] 2026-08-09 21:23:57 | INFO     | KDClient 16 round 4 completed (acc=0.9696, n=4718)
[2026-08-09 21:23:57] 2026-08-09 21:23:57 | INFO     | KDClient 17 fit round 4 (tier=large)
[2026-08-09 21:23:57] 2026-08-09 21:23:57 | INFO     | KDClient 17 round 4 public KD (epochs=2)
[2026-08-09 21:24:55] 2026-08-09 21:24:55 | INFO     | KDClient 17 round 4 local training (epochs=3)
[2026-08-09 21:27:05] 2026-08-09 21:27:05 | INFO     | KDClient 17 round 4 completed (acc=0.8742, n=3677)
[2026-08-09 21:27:05] 2026-08-09 21:27:05 | INFO     | KDClient 18 fit round 4 (tier=large)
[2026-08-09 21:27:05] 2026-08-09 21:27:05 | INFO     | KDClient 18 round 4 public KD (epochs=2)
[2026-08-09 21:28:22] 2026-08-09 21:28:22 | INFO     | KDClient 18 round 4 local training (epochs=3)
[2026-08-09 21:29:39] 2026-08-09 21:29:39 | INFO     | KDClient 18 round 4 completed (acc=0.8225, n=1384)
[2026-08-09 21:29:39] 2026-08-09 21:29:39 | INFO     | KDClient 19 fit round 4 (tier=large)
[2026-08-09 21:29:39] 2026-08-09 21:29:39 | INFO     | KDClient 19 round 4 public KD (epochs=2)
[2026-08-09 21:30:44] 2026-08-09 21:30:44 | INFO     | KDClient 19 round 4 local training (epochs=3)
[2026-08-09 21:32:19] 2026-08-09 21:32:19 | INFO     | KDClient 19 round 4 completed (acc=0.8976, n=3137)
[2026-08-09 21:32:19]   Round   4/40 | Avg: 0.8416 | Min: 0.7408 | Max: 0.9696
[2026-08-09 21:32:19] 2026-08-09 21:32:19 | INFO     | FEDAKD — NONIID: round 5/40 starting
[2026-08-09 21:32:19] 2026-08-09 21:32:19 | INFO     | KDClient 0 fit round 5 (tier=small)
[2026-08-09 21:32:19] 2026-08-09 21:32:19 | INFO     | KDClient 0 round 5 public KD (epochs=2)
[2026-08-09 21:32:34] 2026-08-09 21:32:34 | INFO     | KDClient 0 round 5 local training (epochs=3)
[2026-08-09 21:33:04] 2026-08-09 21:33:04 | INFO     | KDClient 0 round 5 completed (acc=0.8111, n=2849)
[2026-08-09 21:33:04] 2026-08-09 21:33:04 | INFO     | KDClient 1 fit round 5 (tier=small)
[2026-08-09 21:33:04] 2026-08-09 21:33:04 | INFO     | KDClient 1 round 5 public KD (epochs=2)
[2026-08-09 21:33:22] 2026-08-09 21:33:22 | INFO     | KDClient 1 round 5 local training (epochs=3)
[2026-08-09 21:33:49] 2026-08-09 21:33:49 | INFO     | KDClient 1 round 5 completed (acc=0.8048, n=2453)
[2026-08-09 21:33:49] 2026-08-09 21:33:49 | INFO     | KDClient 2 fit round 5 (tier=small)
[2026-08-09 21:33:49] 2026-08-09 21:33:49 | INFO     | KDClient 2 round 5 public KD (epochs=2)
[2026-08-09 21:34:00] 2026-08-09 21:34:00 | INFO     | KDClient 2 round 5 local training (epochs=3)
[2026-08-09 21:34:15] 2026-08-09 21:34:15 | INFO     | KDClient 2 round 5 completed (acc=0.7937, n=1737)
[2026-08-09 21:34:15] 2026-08-09 21:34:15 | INFO     | KDClient 3 fit round 5 (tier=small)
[2026-08-09 21:34:15] 2026-08-09 21:34:15 | INFO     | KDClient 3 round 5 public KD (epochs=2)
[2026-08-09 21:34:25] 2026-08-09 21:34:25 | INFO     | KDClient 3 round 5 local training (epochs=3)
[2026-08-09 21:34:52] 2026-08-09 21:34:52 | INFO     | KDClient 3 round 5 completed (acc=0.8644, n=4569)
[2026-08-09 21:34:52] 2026-08-09 21:34:52 | INFO     | KDClient 4 fit round 5 (tier=small)
[2026-08-09 21:34:52] 2026-08-09 21:34:52 | INFO     | KDClient 4 round 5 public KD (epochs=2)
[2026-08-09 21:35:09] 2026-08-09 21:35:09 | INFO     | KDClient 4 round 5 local training (epochs=3)
[2026-08-09 21:35:38] 2026-08-09 21:35:38 | INFO     | KDClient 4 round 5 completed (acc=0.8783, n=4988)
[2026-08-09 21:35:38] 2026-08-09 21:35:38 | INFO     | KDClient 5 fit round 5 (tier=small)
[2026-08-09 21:35:38] 2026-08-09 21:35:38 | INFO     | KDClient 5 round 5 public KD (epochs=2)
[2026-08-09 21:35:51] 2026-08-09 21:35:51 | INFO     | KDClient 5 round 5 local training (epochs=3)
[2026-08-09 21:36:09] 2026-08-09 21:36:09 | INFO     | KDClient 5 round 5 completed (acc=0.9077, n=2078)
[2026-08-09 21:36:09] 2026-08-09 21:36:09 | INFO     | KDClient 6 fit round 5 (tier=small)
[2026-08-09 21:36:09] 2026-08-09 21:36:09 | INFO     | KDClient 6 round 5 public KD (epochs=2)
[2026-08-09 21:36:24] 2026-08-09 21:36:24 | INFO     | KDClient 6 round 5 local training (epochs=3)
[2026-08-09 21:36:42] 2026-08-09 21:36:42 | INFO     | KDClient 6 round 5 completed (acc=0.7665, n=1216)
[2026-08-09 21:36:42] 2026-08-09 21:36:42 | INFO     | KDClient 7 fit round 5 (tier=medium)
[2026-08-09 21:36:42] 2026-08-09 21:36:42 | INFO     | KDClient 7 round 5 public KD (epochs=2)
[2026-08-09 21:37:32] 2026-08-09 21:37:32 | INFO     | KDClient 7 round 5 local training (epochs=3)
[2026-08-09 21:38:27] 2026-08-09 21:38:27 | INFO     | KDClient 7 round 5 completed (acc=0.8508, n=2068)
[2026-08-09 21:38:27] 2026-08-09 21:38:27 | INFO     | KDClient 8 fit round 5 (tier=medium)
[2026-08-09 21:38:27] 2026-08-09 21:38:27 | INFO     | KDClient 8 round 5 public KD (epochs=2)
[2026-08-09 21:39:17] 2026-08-09 21:39:17 | INFO     | KDClient 8 round 5 local training (epochs=3)
[2026-08-09 21:40:19] 2026-08-09 21:40:19 | INFO     | KDClient 8 round 5 completed (acc=0.7526, n=2757)
[2026-08-09 21:40:19] 2026-08-09 21:40:19 | INFO     | KDClient 9 fit round 5 (tier=medium)
[2026-08-09 21:40:19] 2026-08-09 21:40:19 | INFO     | KDClient 9 round 5 public KD (epochs=2)
[2026-08-09 21:41:02] 2026-08-09 21:41:02 | INFO     | KDClient 9 round 5 local training (epochs=3)
[2026-08-09 21:42:09] 2026-08-09 21:42:09 | INFO     | KDClient 9 round 5 completed (acc=0.8072, n=3030)
[2026-08-09 21:42:09] 2026-08-09 21:42:09 | INFO     | KDClient 10 fit round 5 (tier=medium)
[2026-08-09 21:42:09] 2026-08-09 21:42:09 | INFO     | KDClient 10 round 5 public KD (epochs=2)
[2026-08-09 21:42:53] 2026-08-09 21:42:53 | INFO     | KDClient 10 round 5 local training (epochs=3)
[2026-08-09 21:43:46] 2026-08-09 21:43:46 | INFO     | KDClient 10 round 5 completed (acc=0.7741, n=2256)
[2026-08-09 21:43:46] 2026-08-09 21:43:46 | INFO     | KDClient 11 fit round 5 (tier=medium)
[2026-08-09 21:43:46] 2026-08-09 21:43:46 | INFO     | KDClient 11 round 5 public KD (epochs=2)
[2026-08-09 21:44:30] 2026-08-09 21:44:30 | INFO     | KDClient 11 round 5 local training (epochs=3)
[2026-08-09 21:45:53] 2026-08-09 21:45:53 | INFO     | KDClient 11 round 5 completed (acc=0.7647, n=2774)
[2026-08-09 21:45:53] 2026-08-09 21:45:53 | INFO     | KDClient 12 fit round 5 (tier=medium)
[2026-08-09 21:45:53] 2026-08-09 21:45:53 | INFO     | KDClient 12 round 5 public KD (epochs=2)
[2026-08-09 21:46:37] 2026-08-09 21:46:37 | INFO     | KDClient 12 round 5 local training (epochs=3)
[2026-08-09 21:47:49] 2026-08-09 21:47:49 | INFO     | KDClient 12 round 5 completed (acc=0.8574, n=2925)
[2026-08-09 21:47:49] 2026-08-09 21:47:49 | INFO     | KDClient 13 fit round 5 (tier=medium)
[2026-08-09 21:47:49] 2026-08-09 21:47:49 | INFO     | KDClient 13 round 5 public KD (epochs=2)
[2026-08-09 21:48:57] 2026-08-09 21:48:57 | INFO     | KDClient 13 round 5 local training (epochs=3)
[2026-08-09 21:50:24] 2026-08-09 21:50:24 | INFO     | KDClient 13 round 5 completed (acc=0.8806, n=4336)
[2026-08-09 21:50:24] 2026-08-09 21:50:24 | INFO     | KDClient 14 fit round 5 (tier=large)
[2026-08-09 21:50:24] 2026-08-09 21:50:24 | INFO     | KDClient 14 round 5 public KD (epochs=2)
[2026-08-09 21:51:32] 2026-08-09 21:51:32 | INFO     | KDClient 14 round 5 local training (epochs=3)
[2026-08-09 21:53:19] 2026-08-09 21:53:19 | INFO     | KDClient 14 round 5 completed (acc=0.8623, n=2293)
[2026-08-09 21:53:19] 2026-08-09 21:53:19 | INFO     | KDClient 15 fit round 5 (tier=large)
[2026-08-09 21:53:19] 2026-08-09 21:53:19 | INFO     | KDClient 15 round 5 public KD (epochs=2)
[2026-08-09 21:54:37] 2026-08-09 21:54:37 | INFO     | KDClient 15 round 5 local training (epochs=3)
[2026-08-09 21:57:01] 2026-08-09 21:57:01 | INFO     | KDClient 15 round 5 completed (acc=0.9746, n=4755)
[2026-08-09 21:57:01] 2026-08-09 21:57:01 | INFO     | KDClient 16 fit round 5 (tier=large)
[2026-08-09 21:57:01] 2026-08-09 21:57:01 | INFO     | KDClient 16 round 5 public KD (epochs=2)
[2026-08-09 21:58:20] 2026-08-09 21:58:20 | INFO     | KDClient 16 round 5 local training (epochs=3)
[2026-08-09 22:00:34] 2026-08-09 22:00:34 | INFO     | KDClient 16 round 5 completed (acc=0.9569, n=4718)
[2026-08-09 22:00:34] 2026-08-09 22:00:34 | INFO     | KDClient 17 fit round 5 (tier=large)
[2026-08-09 22:00:34] 2026-08-09 22:00:34 | INFO     | KDClient 17 round 5 public KD (epochs=2)
[2026-08-09 22:01:54] 2026-08-09 22:01:54 | INFO     | KDClient 17 round 5 local training (epochs=3)
[2026-08-09 22:03:40] 2026-08-09 22:03:40 | INFO     | KDClient 17 round 5 completed (acc=0.8687, n=3677)
[2026-08-09 22:03:40] 2026-08-09 22:03:40 | INFO     | KDClient 18 fit round 5 (tier=large)
[2026-08-09 22:03:40] 2026-08-09 22:03:40 | INFO     | KDClient 18 round 5 public KD (epochs=2)
[2026-08-09 22:04:48] 2026-08-09 22:04:48 | INFO     | KDClient 18 round 5 local training (epochs=3)
[2026-08-09 22:05:45] 2026-08-09 22:05:45 | INFO     | KDClient 18 round 5 completed (acc=0.8349, n=1384)
[2026-08-09 22:05:45] 2026-08-09 22:05:45 | INFO     | KDClient 19 fit round 5 (tier=large)
[2026-08-09 22:05:45] 2026-08-09 22:05:45 | INFO     | KDClient 19 round 5 public KD (epochs=2)
[2026-08-09 22:06:45] 2026-08-09 22:06:45 | INFO     | KDClient 19 round 5 local training (epochs=3)
[2026-08-09 22:08:07] 2026-08-09 22:08:07 | INFO     | KDClient 19 round 5 completed (acc=0.9032, n=3137)
[2026-08-09 22:08:07]   Round   5/40 | Avg: 0.8457 | Min: 0.7526 | Max: 0.9746
[2026-08-09 22:08:07] 2026-08-09 22:08:07 | INFO     | FEDAKD — NONIID: round 6/40 starting
[2026-08-09 22:08:07] 2026-08-09 22:08:07 | INFO     | KDClient 0 fit round 6 (tier=small)
[2026-08-09 22:08:07] 2026-08-09 22:08:07 | INFO     | KDClient 0 round 6 public KD (epochs=2)
[2026-08-09 22:08:20] 2026-08-09 22:08:20 | INFO     | KDClient 0 round 6 local training (epochs=3)
[2026-08-09 22:08:41] 2026-08-09 22:08:41 | INFO     | KDClient 0 round 6 completed (acc=0.8140, n=2849)
[2026-08-09 22:08:41] 2026-08-09 22:08:41 | INFO     | KDClient 1 fit round 6 (tier=small)
[2026-08-09 22:08:41] 2026-08-09 22:08:41 | INFO     | KDClient 1 round 6 public KD (epochs=2)
[2026-08-09 22:08:58] 2026-08-09 22:08:58 | INFO     | KDClient 1 round 6 local training (epochs=3)
[2026-08-09 22:09:21] 2026-08-09 22:09:21 | INFO     | KDClient 1 round 6 completed (acc=0.8135, n=2453)
[2026-08-09 22:09:21] 2026-08-09 22:09:21 | INFO     | KDClient 2 fit round 6 (tier=small)
[2026-08-09 22:09:21] 2026-08-09 22:09:21 | INFO     | KDClient 2 round 6 public KD (epochs=2)
[2026-08-09 22:09:35] 2026-08-09 22:09:35 | INFO     | KDClient 2 round 6 local training (epochs=3)
[2026-08-09 22:09:58] 2026-08-09 22:09:58 | INFO     | KDClient 2 round 6 completed (acc=0.7971, n=1737)
[2026-08-09 22:09:58] 2026-08-09 22:09:58 | INFO     | KDClient 3 fit round 6 (tier=small)
[2026-08-09 22:09:58] 2026-08-09 22:09:58 | INFO     | KDClient 3 round 6 public KD (epochs=2)
[2026-08-09 22:10:11] 2026-08-09 22:10:11 | INFO     | KDClient 3 round 6 local training (epochs=3)
[2026-08-09 22:10:37] 2026-08-09 22:10:37 | INFO     | KDClient 3 round 6 completed (acc=0.8787, n=4569)
[2026-08-09 22:10:37] 2026-08-09 22:10:37 | INFO     | KDClient 4 fit round 6 (tier=small)
[2026-08-09 22:10:37] 2026-08-09 22:10:37 | INFO     | KDClient 4 round 6 public KD (epochs=2)
[2026-08-09 22:10:54] 2026-08-09 22:10:54 | INFO     | KDClient 4 round 6 local training (epochs=3)
[2026-08-09 22:11:18] 2026-08-09 22:11:18 | INFO     | KDClient 4 round 6 completed (acc=0.8761, n=4988)
[2026-08-09 22:11:18] 2026-08-09 22:11:18 | INFO     | KDClient 5 fit round 6 (tier=small)
[2026-08-09 22:11:18] 2026-08-09 22:11:18 | INFO     | KDClient 5 round 6 public KD (epochs=2)
[2026-08-09 22:11:29] 2026-08-09 22:11:29 | INFO     | KDClient 5 round 6 local training (epochs=3)
[2026-08-09 22:11:47] 2026-08-09 22:11:47 | INFO     | KDClient 5 round 6 completed (acc=0.9064, n=2078)
[2026-08-09 22:11:47] 2026-08-09 22:11:47 | INFO     | KDClient 6 fit round 6 (tier=small)
[2026-08-09 22:11:47] 2026-08-09 22:11:47 | INFO     | KDClient 6 round 6 public KD (epochs=2)
[2026-08-09 22:11:59] 2026-08-09 22:11:59 | INFO     | KDClient 6 round 6 local training (epochs=3)
[2026-08-09 22:12:16] 2026-08-09 22:12:16 | INFO     | KDClient 6 round 6 completed (acc=0.7678, n=1216)
[2026-08-09 22:12:16] 2026-08-09 22:12:16 | INFO     | KDClient 7 fit round 6 (tier=medium)
[2026-08-09 22:12:16] 2026-08-09 22:12:16 | INFO     | KDClient 7 round 6 public KD (epochs=2)
[2026-08-09 22:12:55] 2026-08-09 22:12:55 | INFO     | KDClient 7 round 6 local training (epochs=3)
[2026-08-09 22:13:56] 2026-08-09 22:13:56 | INFO     | KDClient 7 round 6 completed (acc=0.8611, n=2068)
[2026-08-09 22:13:56] 2026-08-09 22:13:56 | INFO     | KDClient 8 fit round 6 (tier=medium)
[2026-08-09 22:13:56] 2026-08-09 22:13:56 | INFO     | KDClient 8 round 6 public KD (epochs=2)
[2026-08-09 22:14:41] 2026-08-09 22:14:41 | INFO     | KDClient 8 round 6 local training (epochs=3)
[2026-08-09 22:15:34] 2026-08-09 22:15:34 | INFO     | KDClient 8 round 6 completed (acc=0.7487, n=2757)
[2026-08-09 22:15:34] 2026-08-09 22:15:34 | INFO     | KDClient 9 fit round 6 (tier=medium)
[2026-08-09 22:15:34] 2026-08-09 22:15:34 | INFO     | KDClient 9 round 6 public KD (epochs=2)
[2026-08-09 22:16:14] 2026-08-09 22:16:14 | INFO     | KDClient 9 round 6 local training (epochs=3)
[2026-08-09 22:17:07] 2026-08-09 22:17:06 | INFO     | KDClient 9 round 6 completed (acc=0.8070, n=3030)
[2026-08-09 22:17:07] 2026-08-09 22:17:06 | INFO     | KDClient 10 fit round 6 (tier=medium)
[2026-08-09 22:17:07] 2026-08-09 22:17:06 | INFO     | KDClient 10 round 6 public KD (epochs=2)
[2026-08-09 22:17:50] 2026-08-09 22:17:50 | INFO     | KDClient 10 round 6 local training (epochs=3)
[2026-08-09 22:18:41] 2026-08-09 22:18:41 | INFO     | KDClient 10 round 6 completed (acc=0.7569, n=2256)
[2026-08-09 22:18:41] 2026-08-09 22:18:41 | INFO     | KDClient 11 fit round 6 (tier=medium)
[2026-08-09 22:18:41] 2026-08-09 22:18:41 | INFO     | KDClient 11 round 6 public KD (epochs=2)
[2026-08-09 22:19:22] 2026-08-09 22:19:22 | INFO     | KDClient 11 round 6 local training (epochs=3)
[2026-08-09 22:20:31] 2026-08-09 22:20:31 | INFO     | KDClient 11 round 6 completed (acc=0.7772, n=2774)
[2026-08-09 22:20:31] 2026-08-09 22:20:31 | INFO     | KDClient 12 fit round 6 (tier=medium)
[2026-08-09 22:20:31] 2026-08-09 22:20:31 | INFO     | KDClient 12 round 6 public KD (epochs=2)
[2026-08-09 22:21:14] 2026-08-09 22:21:14 | INFO     | KDClient 12 round 6 local training (epochs=3)
[2026-08-09 22:22:18] 2026-08-09 22:22:18 | INFO     | KDClient 12 round 6 completed (acc=0.8466, n=2925)
[2026-08-09 22:22:18] 2026-08-09 22:22:18 | INFO     | KDClient 13 fit round 6 (tier=medium)
[2026-08-09 22:22:18] 2026-08-09 22:22:18 | INFO     | KDClient 13 round 6 public KD (epochs=2)
[2026-08-09 22:23:21] 2026-08-09 22:23:21 | INFO     | KDClient 13 round 6 local training (epochs=3)
[2026-08-09 22:24:58] 2026-08-09 22:24:58 | INFO     | KDClient 13 round 6 completed (acc=0.8739, n=4336)
[2026-08-09 22:24:58] 2026-08-09 22:24:58 | INFO     | KDClient 14 fit round 6 (tier=large)
[2026-08-09 22:24:58] 2026-08-09 22:24:58 | INFO     | KDClient 14 round 6 public KD (epochs=2)
[2026-08-09 22:26:13] 2026-08-09 22:26:13 | INFO     | KDClient 14 round 6 local training (epochs=3)
[2026-08-09 22:28:03] 2026-08-09 22:28:03 | INFO     | KDClient 14 round 6 completed (acc=0.8646, n=2293)
[2026-08-09 22:28:03] 2026-08-09 22:28:03 | INFO     | KDClient 15 fit round 6 (tier=large)
[2026-08-09 22:28:03] 2026-08-09 22:28:03 | INFO     | KDClient 15 round 6 public KD (epochs=2)
[2026-08-09 22:29:26] 2026-08-09 22:29:26 | INFO     | KDClient 15 round 6 local training (epochs=3)
[2026-08-09 22:31:31] 2026-08-09 22:31:31 | INFO     | KDClient 15 round 6 completed (acc=0.9692, n=4755)
[2026-08-09 22:31:31] 2026-08-09 22:31:31 | INFO     | KDClient 16 fit round 6 (tier=large)
[2026-08-09 22:31:31] 2026-08-09 22:31:31 | INFO     | KDClient 16 round 6 public KD (epochs=2)
[2026-08-09 22:32:53] 2026-08-09 22:32:53 | INFO     | KDClient 16 round 6 local training (epochs=3)
[2026-08-09 22:35:58] 2026-08-09 22:35:58 | INFO     | KDClient 16 round 6 completed (acc=0.9548, n=4718)
[2026-08-09 22:35:58] 2026-08-09 22:35:58 | INFO     | KDClient 17 fit round 6 (tier=large)
[2026-08-09 22:35:58] 2026-08-09 22:35:58 | INFO     | KDClient 17 round 6 public KD (epochs=2)
[2026-08-09 22:37:19] 2026-08-09 22:37:19 | INFO     | KDClient 17 round 6 local training (epochs=3)
[2026-08-09 22:38:47] 2026-08-09 22:38:47 | INFO     | KDClient 17 round 6 completed (acc=0.8752, n=3677)
[2026-08-09 22:38:47] 2026-08-09 22:38:47 | INFO     | KDClient 18 fit round 6 (tier=large)
[2026-08-09 22:38:47] 2026-08-09 22:38:47 | INFO     | KDClient 18 round 6 public KD (epochs=2)
[2026-08-09 22:40:02] 2026-08-09 22:40:02 | INFO     | KDClient 18 round 6 local training (epochs=3)
[2026-08-09 22:41:22] 2026-08-09 22:41:22 | INFO     | KDClient 18 round 6 completed (acc=0.8335, n=1384)
[2026-08-09 22:41:22] 2026-08-09 22:41:22 | INFO     | KDClient 19 fit round 6 (tier=large)
[2026-08-09 22:41:22] 2026-08-09 22:41:22 | INFO     | KDClient 19 round 6 public KD (epochs=2)
[2026-08-09 22:42:33] 2026-08-09 22:42:33 | INFO     | KDClient 19 round 6 local training (epochs=3)
[2026-08-09 22:44:09] 2026-08-09 22:44:09 | INFO     | KDClient 19 round 6 completed (acc=0.8771, n=3137)
[2026-08-09 22:44:09]   Round   6/40 | Avg: 0.8450 | Min: 0.7487 | Max: 0.9692
[2026-08-09 22:44:09] 2026-08-09 22:44:09 | INFO     | FEDAKD — NONIID: round 7/40 starting
[2026-08-09 22:44:09] 2026-08-09 22:44:09 | INFO     | KDClient 0 fit round 7 (tier=small)
[2026-08-09 22:44:09] 2026-08-09 22:44:09 | INFO     | KDClient 0 round 7 public KD (epochs=2)
[2026-08-09 22:44:22] 2026-08-09 22:44:22 | INFO     | KDClient 0 round 7 local training (epochs=3)
[2026-08-09 22:44:58] 2026-08-09 22:44:58 | INFO     | KDClient 0 round 7 completed (acc=0.8380, n=2849)
[2026-08-09 22:44:58] 2026-08-09 22:44:58 | INFO     | KDClient 1 fit round 7 (tier=small)
[2026-08-09 22:44:58] 2026-08-09 22:44:58 | INFO     | KDClient 1 round 7 public KD (epochs=2)
[2026-08-09 22:45:13] 2026-08-09 22:45:13 | INFO     | KDClient 1 round 7 local training (epochs=3)
[2026-08-09 22:45:42] 2026-08-09 22:45:42 | INFO     | KDClient 1 round 7 completed (acc=0.8227, n=2453)
[2026-08-09 22:45:42] 2026-08-09 22:45:42 | INFO     | KDClient 2 fit round 7 (tier=small)
[2026-08-09 22:45:42] 2026-08-09 22:45:42 | INFO     | KDClient 2 round 7 public KD (epochs=2)
[2026-08-09 22:46:00] 2026-08-09 22:46:00 | INFO     | KDClient 2 round 7 local training (epochs=3)
[2026-08-09 22:46:27] 2026-08-09 22:46:27 | INFO     | KDClient 2 round 7 completed (acc=0.8086, n=1737)
[2026-08-09 22:46:27] 2026-08-09 22:46:27 | INFO     | KDClient 3 fit round 7 (tier=small)
[2026-08-09 22:46:27] 2026-08-09 22:46:27 | INFO     | KDClient 3 round 7 public KD (epochs=2)
[2026-08-09 22:46:45] 2026-08-09 22:46:45 | INFO     | KDClient 3 round 7 local training (epochs=3)
[2026-08-09 22:47:19] 2026-08-09 22:47:19 | INFO     | KDClient 3 round 7 completed (acc=0.8733, n=4569)
[2026-08-09 22:47:19] 2026-08-09 22:47:19 | INFO     | KDClient 4 fit round 7 (tier=small)
[2026-08-09 22:47:19] 2026-08-09 22:47:19 | INFO     | KDClient 4 round 7 public KD (epochs=2)
[2026-08-09 22:47:33] 2026-08-09 22:47:33 | INFO     | KDClient 4 round 7 local training (epochs=3)
[2026-08-09 22:48:01] 2026-08-09 22:48:01 | INFO     | KDClient 4 round 7 completed (acc=0.8732, n=4988)
[2026-08-09 22:48:01] 2026-08-09 22:48:01 | INFO     | KDClient 5 fit round 7 (tier=small)
[2026-08-09 22:48:01] 2026-08-09 22:48:01 | INFO     | KDClient 5 round 7 public KD (epochs=2)
[2026-08-09 22:48:18] 2026-08-09 22:48:18 | INFO     | KDClient 5 round 7 local training (epochs=3)
[2026-08-09 22:48:38] 2026-08-09 22:48:38 | INFO     | KDClient 5 round 7 completed (acc=0.9004, n=2078)
[2026-08-09 22:48:38] 2026-08-09 22:48:38 | INFO     | KDClient 6 fit round 7 (tier=small)
[2026-08-09 22:48:38] 2026-08-09 22:48:38 | INFO     | KDClient 6 round 7 public KD (epochs=2)
[2026-08-09 22:48:54] 2026-08-09 22:48:54 | INFO     | KDClient 6 round 7 local training (epochs=3)
[2026-08-09 22:49:10] 2026-08-09 22:49:10 | INFO     | KDClient 6 round 7 completed (acc=0.7762, n=1216)
[2026-08-09 22:49:10] 2026-08-09 22:49:10 | INFO     | KDClient 7 fit round 7 (tier=medium)
[2026-08-09 22:49:10] 2026-08-09 22:49:10 | INFO     | KDClient 7 round 7 public KD (epochs=2)
[2026-08-09 22:50:16] 2026-08-09 22:50:16 | INFO     | KDClient 7 round 7 local training (epochs=3)
[2026-08-09 22:51:10] 2026-08-09 22:51:10 | INFO     | KDClient 7 round 7 completed (acc=0.8655, n=2068)
[2026-08-09 22:51:10] 2026-08-09 22:51:10 | INFO     | KDClient 8 fit round 7 (tier=medium)
[2026-08-09 22:51:10] 2026-08-09 22:51:10 | INFO     | KDClient 8 round 7 public KD (epochs=2)
[2026-08-09 22:51:53] 2026-08-09 22:51:53 | INFO     | KDClient 8 round 7 local training (epochs=3)
[2026-08-09 22:52:57] 2026-08-09 22:52:57 | INFO     | KDClient 8 round 7 completed (acc=0.7340, n=2757)
[2026-08-09 22:52:57] 2026-08-09 22:52:57 | INFO     | KDClient 9 fit round 7 (tier=medium)
[2026-08-09 22:52:57] 2026-08-09 22:52:57 | INFO     | KDClient 9 round 7 public KD (epochs=2)
[2026-08-09 22:53:44] 2026-08-09 22:53:44 | INFO     | KDClient 9 round 7 local training (epochs=3)
[2026-08-09 22:54:48] 2026-08-09 22:54:48 | INFO     | KDClient 9 round 7 completed (acc=0.8125, n=3030)
[2026-08-09 22:54:48] 2026-08-09 22:54:48 | INFO     | KDClient 10 fit round 7 (tier=medium)
[2026-08-09 22:54:48] 2026-08-09 22:54:48 | INFO     | KDClient 10 round 7 public KD (epochs=2)
[2026-08-09 22:55:42] 2026-08-09 22:55:42 | INFO     | KDClient 10 round 7 local training (epochs=3)
[2026-08-09 22:56:56] 2026-08-09 22:56:56 | INFO     | KDClient 10 round 7 completed (acc=0.7619, n=2256)
[2026-08-09 22:56:56] 2026-08-09 22:56:56 | INFO     | KDClient 11 fit round 7 (tier=medium)
[2026-08-09 22:56:56] 2026-08-09 22:56:56 | INFO     | KDClient 11 round 7 public KD (epochs=2)
[2026-08-09 22:57:53] 2026-08-09 22:57:53 | INFO     | KDClient 11 round 7 local training (epochs=3)
[2026-08-09 22:59:14] 2026-08-09 22:59:14 | INFO     | KDClient 11 round 7 completed (acc=0.7803, n=2774)
[2026-08-09 22:59:14] 2026-08-09 22:59:14 | INFO     | KDClient 12 fit round 7 (tier=medium)
[2026-08-09 22:59:14] 2026-08-09 22:59:14 | INFO     | KDClient 12 round 7 public KD (epochs=2)
[2026-08-09 23:00:06] 2026-08-09 23:00:06 | INFO     | KDClient 12 round 7 local training (epochs=3)
[2026-08-09 23:01:15] 2026-08-09 23:01:15 | INFO     | KDClient 12 round 7 completed (acc=0.8568, n=2925)
[2026-08-09 23:01:15] 2026-08-09 23:01:15 | INFO     | KDClient 13 fit round 7 (tier=medium)
[2026-08-09 23:01:15] 2026-08-09 23:01:15 | INFO     | KDClient 13 round 7 public KD (epochs=2)
[2026-08-09 23:02:04] 2026-08-09 23:02:04 | INFO     | KDClient 13 round 7 local training (epochs=3)
[2026-08-09 23:04:04] 2026-08-09 23:04:04 | INFO     | KDClient 13 round 7 completed (acc=0.8654, n=4336)
[2026-08-09 23:04:04] 2026-08-09 23:04:04 | INFO     | KDClient 14 fit round 7 (tier=large)
[2026-08-09 23:04:04] 2026-08-09 23:04:04 | INFO     | KDClient 14 round 7 public KD (epochs=2)
[2026-08-09 23:06:06] 2026-08-09 23:06:06 | INFO     | KDClient 14 round 7 local training (epochs=3)
[2026-08-09 23:07:40] 2026-08-09 23:07:40 | INFO     | KDClient 14 round 7 completed (acc=0.8656, n=2293)
[2026-08-09 23:07:40] 2026-08-09 23:07:40 | INFO     | KDClient 15 fit round 7 (tier=large)
[2026-08-09 23:07:40] 2026-08-09 23:07:40 | INFO     | KDClient 15 round 7 public KD (epochs=2)
[2026-08-09 23:08:48] 2026-08-09 23:08:48 | INFO     | KDClient 15 round 7 local training (epochs=3)
[2026-08-09 23:10:52] 2026-08-09 23:10:52 | INFO     | KDClient 15 round 7 completed (acc=0.9714, n=4755)
[2026-08-09 23:10:52] 2026-08-09 23:10:52 | INFO     | KDClient 16 fit round 7 (tier=large)
[2026-08-09 23:10:52] 2026-08-09 23:10:52 | INFO     | KDClient 16 round 7 public KD (epochs=2)
[2026-08-09 23:12:13] 2026-08-09 23:12:13 | INFO     | KDClient 16 round 7 local training (epochs=3)
[2026-08-09 23:14:27] 2026-08-09 23:14:27 | INFO     | KDClient 16 round 7 completed (acc=0.9689, n=4718)
[2026-08-09 23:14:27] 2026-08-09 23:14:27 | INFO     | KDClient 17 fit round 7 (tier=large)
[2026-08-09 23:14:27] 2026-08-09 23:14:27 | INFO     | KDClient 17 round 7 public KD (epochs=2)
[2026-08-09 23:15:38] 2026-08-09 23:15:38 | INFO     | KDClient 17 round 7 local training (epochs=3)
[2026-08-09 23:17:21] 2026-08-09 23:17:21 | INFO     | KDClient 17 round 7 completed (acc=0.8679, n=3677)
[2026-08-09 23:17:21] 2026-08-09 23:17:21 | INFO     | KDClient 18 fit round 7 (tier=large)
[2026-08-09 23:17:21] 2026-08-09 23:17:21 | INFO     | KDClient 18 round 7 public KD (epochs=2)
[2026-08-09 23:18:38] 2026-08-09 23:18:38 | INFO     | KDClient 18 round 7 local training (epochs=3)
[2026-08-09 23:19:44] 2026-08-09 23:19:44 | INFO     | KDClient 18 round 7 completed (acc=0.8592, n=1384)
[2026-08-09 23:19:44] 2026-08-09 23:19:44 | INFO     | KDClient 19 fit round 7 (tier=large)
[2026-08-09 23:19:44] 2026-08-09 23:19:44 | INFO     | KDClient 19 round 7 public KD (epochs=2)
[2026-08-09 23:20:41] 2026-08-09 23:20:41 | INFO     | KDClient 19 round 7 local training (epochs=3)
[2026-08-09 23:22:41] 2026-08-09 23:22:41 | INFO     | KDClient 19 round 7 completed (acc=0.8902, n=3137)
[2026-08-09 23:22:41]   Round   7/40 | Avg: 0.8496 | Min: 0.7340 | Max: 0.9714
[2026-08-09 23:22:41] 2026-08-09 23:22:41 | INFO     | FEDAKD — NONIID: round 8/40 starting
[2026-08-09 23:22:41] 2026-08-09 23:22:41 | INFO     | KDClient 0 fit round 8 (tier=small)
[2026-08-09 23:22:41] 2026-08-09 23:22:41 | INFO     | KDClient 0 round 8 public KD (epochs=2)
[2026-08-09 23:22:53] 2026-08-09 23:22:53 | INFO     | KDClient 0 round 8 local training (epochs=3)
[2026-08-09 23:23:16] 2026-08-09 23:23:16 | INFO     | KDClient 0 round 8 completed (acc=0.8314, n=2849)
[2026-08-09 23:23:16] 2026-08-09 23:23:16 | INFO     | KDClient 1 fit round 8 (tier=small)
[2026-08-09 23:23:16] 2026-08-09 23:23:16 | INFO     | KDClient 1 round 8 public KD (epochs=2)
[2026-08-09 23:23:29] 2026-08-09 23:23:29 | INFO     | KDClient 1 round 8 local training (epochs=3)
[2026-08-09 23:23:47] 2026-08-09 23:23:47 | INFO     | KDClient 1 round 8 completed (acc=0.8269, n=2453)
[2026-08-09 23:23:47] 2026-08-09 23:23:47 | INFO     | KDClient 2 fit round 8 (tier=small)
[2026-08-09 23:23:47] 2026-08-09 23:23:47 | INFO     | KDClient 2 round 8 public KD (epochs=2)
[2026-08-09 23:24:00] 2026-08-09 23:24:00 | INFO     | KDClient 2 round 8 local training (epochs=3)
[2026-08-09 23:24:18] 2026-08-09 23:24:18 | INFO     | KDClient 2 round 8 completed (acc=0.8107, n=1737)
[2026-08-09 23:24:18] 2026-08-09 23:24:18 | INFO     | KDClient 3 fit round 8 (tier=small)
[2026-08-09 23:24:18] 2026-08-09 23:24:18 | INFO     | KDClient 3 round 8 public KD (epochs=2)
[2026-08-09 23:24:31] 2026-08-09 23:24:31 | INFO     | KDClient 3 round 8 local training (epochs=3)
[2026-08-09 23:25:01] 2026-08-09 23:25:01 | INFO     | KDClient 3 round 8 completed (acc=0.8836, n=4569)
[2026-08-09 23:25:01] 2026-08-09 23:25:01 | INFO     | KDClient 4 fit round 8 (tier=small)
[2026-08-09 23:25:01] 2026-08-09 23:25:01 | INFO     | KDClient 4 round 8 public KD (epochs=2)
[2026-08-09 23:25:12] 2026-08-09 23:25:12 | INFO     | KDClient 4 round 8 local training (epochs=3)
[2026-08-09 23:25:39] 2026-08-09 23:25:39 | INFO     | KDClient 4 round 8 completed (acc=0.8767, n=4988)
[2026-08-09 23:25:39] 2026-08-09 23:25:39 | INFO     | KDClient 5 fit round 8 (tier=small)
[2026-08-09 23:25:39] 2026-08-09 23:25:39 | INFO     | KDClient 5 round 8 public KD (epochs=2)
[2026-08-09 23:25:51] 2026-08-09 23:25:51 | INFO     | KDClient 5 round 8 local training (epochs=3)
[2026-08-09 23:26:10] 2026-08-09 23:26:10 | INFO     | KDClient 5 round 8 completed (acc=0.9055, n=2078)
[2026-08-09 23:26:10] 2026-08-09 23:26:10 | INFO     | KDClient 6 fit round 8 (tier=small)
[2026-08-09 23:26:10] 2026-08-09 23:26:10 | INFO     | KDClient 6 round 8 public KD (epochs=2)
[2026-08-09 23:26:22] 2026-08-09 23:26:22 | INFO     | KDClient 6 round 8 local training (epochs=3)
[2026-08-09 23:26:42] 2026-08-09 23:26:42 | INFO     | KDClient 6 round 8 completed (acc=0.7677, n=1216)
[2026-08-09 23:26:42] 2026-08-09 23:26:42 | INFO     | KDClient 7 fit round 8 (tier=medium)
[2026-08-09 23:26:42] 2026-08-09 23:26:42 | INFO     | KDClient 7 round 8 public KD (epochs=2)
[2026-08-09 23:27:26] 2026-08-09 23:27:26 | INFO     | KDClient 7 round 8 local training (epochs=3)
[2026-08-09 23:28:16] 2026-08-09 23:28:16 | INFO     | KDClient 7 round 8 completed (acc=0.8635, n=2068)
[2026-08-09 23:28:16] 2026-08-09 23:28:16 | INFO     | KDClient 8 fit round 8 (tier=medium)
[2026-08-09 23:28:16] 2026-08-09 23:28:16 | INFO     | KDClient 8 round 8 public KD (epochs=2)
[2026-08-09 23:29:02] 2026-08-09 23:29:02 | INFO     | KDClient 8 round 8 local training (epochs=3)
[2026-08-09 23:30:01] 2026-08-09 23:30:01 | INFO     | KDClient 8 round 8 completed (acc=0.7505, n=2757)
[2026-08-09 23:30:01] 2026-08-09 23:30:01 | INFO     | KDClient 9 fit round 8 (tier=medium)
[2026-08-09 23:30:01] 2026-08-09 23:30:01 | INFO     | KDClient 9 round 8 public KD (epochs=2)
[2026-08-09 23:30:42] 2026-08-09 23:30:42 | INFO     | KDClient 9 round 8 local training (epochs=3)
[2026-08-09 23:31:41] 2026-08-09 23:31:41 | INFO     | KDClient 9 round 8 completed (acc=0.7919, n=3030)
[2026-08-09 23:31:41] 2026-08-09 23:31:41 | INFO     | KDClient 10 fit round 8 (tier=medium)
[2026-08-09 23:31:41] 2026-08-09 23:31:41 | INFO     | KDClient 10 round 8 public KD (epochs=2)
[2026-08-09 23:32:26] 2026-08-09 23:32:26 | INFO     | KDClient 10 round 8 local training (epochs=3)
[2026-08-09 23:33:34] 2026-08-09 23:33:34 | INFO     | KDClient 10 round 8 completed (acc=0.7636, n=2256)
[2026-08-09 23:33:34] 2026-08-09 23:33:34 | INFO     | KDClient 11 fit round 8 (tier=medium)
[2026-08-09 23:33:34] 2026-08-09 23:33:34 | INFO     | KDClient 11 round 8 public KD (epochs=2)
[2026-08-09 23:34:41] 2026-08-09 23:34:41 | INFO     | KDClient 11 round 8 local training (epochs=3)
[2026-08-09 23:35:47] 2026-08-09 23:35:47 | INFO     | KDClient 11 round 8 completed (acc=0.7834, n=2774)
[2026-08-09 23:35:47] 2026-08-09 23:35:47 | INFO     | KDClient 12 fit round 8 (tier=medium)
[2026-08-09 23:35:47] 2026-08-09 23:35:47 | INFO     | KDClient 12 round 8 public KD (epochs=2)
[2026-08-09 23:36:21] 2026-08-09 23:36:21 | INFO     | KDClient 12 round 8 local training (epochs=3)
[2026-08-09 23:37:05] 2026-08-09 23:37:05 | INFO     | KDClient 12 round 8 completed (acc=0.8687, n=2925)
[2026-08-09 23:37:05] 2026-08-09 23:37:05 | INFO     | KDClient 13 fit round 8 (tier=medium)
[2026-08-09 23:37:05] 2026-08-09 23:37:05 | INFO     | KDClient 13 round 8 public KD (epochs=2)
[2026-08-09 23:37:47] 2026-08-09 23:37:47 | INFO     | KDClient 13 round 8 local training (epochs=3)
[2026-08-09 23:38:52] 2026-08-09 23:38:52 | INFO     | KDClient 13 round 8 completed (acc=0.8604, n=4336)
[2026-08-09 23:38:52] 2026-08-09 23:38:52 | INFO     | KDClient 14 fit round 8 (tier=large)
[2026-08-09 23:38:52] 2026-08-09 23:38:52 | INFO     | KDClient 14 round 8 public KD (epochs=2)
[2026-08-09 23:39:58] 2026-08-09 23:39:58 | INFO     | KDClient 14 round 8 local training (epochs=3)
[2026-08-09 23:41:46] 2026-08-09 23:41:46 | INFO     | KDClient 14 round 8 completed (acc=0.8636, n=2293)
[2026-08-09 23:41:46] 2026-08-09 23:41:46 | INFO     | KDClient 15 fit round 8 (tier=large)
[2026-08-09 23:41:46] 2026-08-09 23:41:46 | INFO     | KDClient 15 round 8 public KD (epochs=2)
[2026-08-09 23:43:02] 2026-08-09 23:43:02 | INFO     | KDClient 15 round 8 local training (epochs=3)
[2026-08-09 23:44:56] 2026-08-09 23:44:56 | INFO     | KDClient 15 round 8 completed (acc=0.9631, n=4755)
[2026-08-09 23:44:56] 2026-08-09 23:44:56 | INFO     | KDClient 16 fit round 8 (tier=large)
[2026-08-09 23:44:56] 2026-08-09 23:44:56 | INFO     | KDClient 16 round 8 public KD (epochs=2)
[2026-08-09 23:46:14] 2026-08-09 23:46:14 | INFO     | KDClient 16 round 8 local training (epochs=3)
[2026-08-09 23:48:04] 2026-08-09 23:48:04 | INFO     | KDClient 16 round 8 completed (acc=0.9694, n=4718)
[2026-08-09 23:48:04] 2026-08-09 23:48:04 | INFO     | KDClient 17 fit round 8 (tier=large)
[2026-08-09 23:48:04] 2026-08-09 23:48:04 | INFO     | KDClient 17 round 8 public KD (epochs=2)
[2026-08-09 23:49:14] 2026-08-09 23:49:14 | INFO     | KDClient 17 round 8 local training (epochs=3)
[2026-08-09 23:51:09] 2026-08-09 23:51:09 | INFO     | KDClient 17 round 8 completed (acc=0.8713, n=3677)
[2026-08-09 23:51:09] 2026-08-09 23:51:09 | INFO     | KDClient 18 fit round 8 (tier=large)
[2026-08-09 23:51:09] 2026-08-09 23:51:09 | INFO     | KDClient 18 round 8 public KD (epochs=2)
[2026-08-09 23:52:14] 2026-08-09 23:52:14 | INFO     | KDClient 18 round 8 local training (epochs=3)
[2026-08-09 23:53:46] 2026-08-09 23:53:46 | INFO     | KDClient 18 round 8 completed (acc=0.8360, n=1384)
[2026-08-09 23:53:46] 2026-08-09 23:53:46 | INFO     | KDClient 19 fit round 8 (tier=large)
[2026-08-09 23:53:46] 2026-08-09 23:53:46 | INFO     | KDClient 19 round 8 public KD (epochs=2)
[2026-08-09 23:54:51] 2026-08-09 23:54:51 | INFO     | KDClient 19 round 8 local training (epochs=3)
[2026-08-09 23:56:35] 2026-08-09 23:56:35 | INFO     | KDClient 19 round 8 completed (acc=0.9236, n=3137)
[2026-08-09 23:56:35]   Round   8/40 | Avg: 0.8506 | Min: 0.7505 | Max: 0.9694
[2026-08-09 23:56:35] 2026-08-09 23:56:35 | INFO     | FEDAKD — NONIID: round 9/40 starting
[2026-08-09 23:56:35] 2026-08-09 23:56:35 | INFO     | KDClient 0 fit round 9 (tier=small)
[2026-08-09 23:56:35] 2026-08-09 23:56:35 | INFO     | KDClient 0 round 9 public KD (epochs=2)
[2026-08-09 23:56:49] 2026-08-09 23:56:49 | INFO     | KDClient 0 round 9 local training (epochs=3)
[2026-08-09 23:57:12] 2026-08-09 23:57:12 | INFO     | KDClient 0 round 9 completed (acc=0.8383, n=2849)
[2026-08-09 23:57:12] 2026-08-09 23:57:12 | INFO     | KDClient 1 fit round 9 (tier=small)
[2026-08-09 23:57:12] 2026-08-09 23:57:12 | INFO     | KDClient 1 round 9 public KD (epochs=2)
[2026-08-09 23:57:29] 2026-08-09 23:57:29 | INFO     | KDClient 1 round 9 local training (epochs=3)
[2026-08-09 23:57:52] 2026-08-09 23:57:52 | INFO     | KDClient 1 round 9 completed (acc=0.8281, n=2453)
[2026-08-09 23:57:52] 2026-08-09 23:57:52 | INFO     | KDClient 2 fit round 9 (tier=small)
[2026-08-09 23:57:52] 2026-08-09 23:57:52 | INFO     | KDClient 2 round 9 public KD (epochs=2)
[2026-08-09 23:58:04] 2026-08-09 23:58:04 | INFO     | KDClient 2 round 9 local training (epochs=3)
[2026-08-09 23:58:23] 2026-08-09 23:58:23 | INFO     | KDClient 2 round 9 completed (acc=0.8201, n=1737)
[2026-08-09 23:58:23] 2026-08-09 23:58:23 | INFO     | KDClient 3 fit round 9 (tier=small)
[2026-08-09 23:58:23] 2026-08-09 23:58:23 | INFO     | KDClient 3 round 9 public KD (epochs=2)
[2026-08-09 23:58:35] 2026-08-09 23:58:35 | INFO     | KDClient 3 round 9 local training (epochs=3)
[2026-08-09 23:59:03] 2026-08-09 23:59:03 | INFO     | KDClient 3 round 9 completed (acc=0.8613, n=4569)
[2026-08-09 23:59:03] 2026-08-09 23:59:03 | INFO     | KDClient 4 fit round 9 (tier=small)
[2026-08-09 23:59:03] 2026-08-09 23:59:03 | INFO     | KDClient 4 round 9 public KD (epochs=2)
[2026-08-09 23:59:15] 2026-08-09 23:59:15 | INFO     | KDClient 4 round 9 local training (epochs=3)
[2026-08-09 23:59:44] 2026-08-09 23:59:44 | INFO     | KDClient 4 round 9 completed (acc=0.8779, n=4988)
[2026-08-09 23:59:44] 2026-08-09 23:59:44 | INFO     | KDClient 5 fit round 9 (tier=small)
[2026-08-09 23:59:44] 2026-08-09 23:59:44 | INFO     | KDClient 5 round 9 public KD (epochs=2)
[2026-08-10 00:00:05] 2026-08-10 00:00:05 | INFO     | KDClient 5 round 9 local training (epochs=3)
[2026-08-10 00:00:36] 2026-08-10 00:00:36 | INFO     | KDClient 5 round 9 completed (acc=0.9103, n=2078)
[2026-08-10 00:00:36] 2026-08-10 00:00:36 | INFO     | KDClient 6 fit round 9 (tier=small)
[2026-08-10 00:00:36] 2026-08-10 00:00:36 | INFO     | KDClient 6 round 9 public KD (epochs=2)
[2026-08-10 00:00:51] 2026-08-10 00:00:51 | INFO     | KDClient 6 round 9 local training (epochs=3)
[2026-08-10 00:01:15] 2026-08-10 00:01:15 | INFO     | KDClient 6 round 9 completed (acc=0.7723, n=1216)
[2026-08-10 00:01:15] 2026-08-10 00:01:15 | INFO     | KDClient 7 fit round 9 (tier=medium)
[2026-08-10 00:01:15] 2026-08-10 00:01:15 | INFO     | KDClient 7 round 9 public KD (epochs=2)
[2026-08-10 00:02:06] 2026-08-10 00:02:06 | INFO     | KDClient 7 round 9 local training (epochs=3)
[2026-08-10 00:02:58] 2026-08-10 00:02:58 | INFO     | KDClient 7 round 9 completed (acc=0.8671, n=2068)
[2026-08-10 00:02:58] 2026-08-10 00:02:58 | INFO     | KDClient 8 fit round 9 (tier=medium)
[2026-08-10 00:02:58] 2026-08-10 00:02:58 | INFO     | KDClient 8 round 9 public KD (epochs=2)
[2026-08-10 00:03:36] 2026-08-10 00:03:36 | INFO     | KDClient 8 round 9 local training (epochs=3)
[2026-08-10 00:04:27] 2026-08-10 00:04:27 | INFO     | KDClient 8 round 9 completed (acc=0.7445, n=2757)
[2026-08-10 00:04:27] 2026-08-10 00:04:27 | INFO     | KDClient 9 fit round 9 (tier=medium)
[2026-08-10 00:04:27] 2026-08-10 00:04:27 | INFO     | KDClient 9 round 9 public KD (epochs=2)
[2026-08-10 00:05:15] 2026-08-10 00:05:15 | INFO     | KDClient 9 round 9 local training (epochs=3)
[2026-08-10 00:06:27] 2026-08-10 00:06:27 | INFO     | KDClient 9 round 9 completed (acc=0.8064, n=3030)
[2026-08-10 00:06:27] 2026-08-10 00:06:27 | INFO     | KDClient 10 fit round 9 (tier=medium)
[2026-08-10 00:06:27] 2026-08-10 00:06:27 | INFO     | KDClient 10 round 9 public KD (epochs=2)
[2026-08-10 00:07:18] 2026-08-10 00:07:18 | INFO     | KDClient 10 round 9 local training (epochs=3)
[2026-08-10 00:08:42] 2026-08-10 00:08:42 | INFO     | KDClient 10 round 9 completed (acc=0.7652, n=2256)
[2026-08-10 00:08:42] 2026-08-10 00:08:42 | INFO     | KDClient 11 fit round 9 (tier=medium)
[2026-08-10 00:08:42] 2026-08-10 00:08:42 | INFO     | KDClient 11 round 9 public KD (epochs=2)
[2026-08-10 00:09:35] 2026-08-10 00:09:35 | INFO     | KDClient 11 round 9 local training (epochs=3)
[2026-08-10 00:10:40] 2026-08-10 00:10:40 | INFO     | KDClient 11 round 9 completed (acc=0.7684, n=2774)
[2026-08-10 00:10:40] 2026-08-10 00:10:40 | INFO     | KDClient 12 fit round 9 (tier=medium)
[2026-08-10 00:10:40] 2026-08-10 00:10:40 | INFO     | KDClient 12 round 9 public KD (epochs=2)
[2026-08-10 00:11:41] 2026-08-10 00:11:41 | INFO     | KDClient 12 round 9 local training (epochs=3)
[2026-08-10 00:12:59] 2026-08-10 00:12:59 | INFO     | KDClient 12 round 9 completed (acc=0.8705, n=2925)
[2026-08-10 00:12:59] 2026-08-10 00:12:59 | INFO     | KDClient 13 fit round 9 (tier=medium)
[2026-08-10 00:12:59] 2026-08-10 00:12:59 | INFO     | KDClient 13 round 9 public KD (epochs=2)
[2026-08-10 00:13:49] 2026-08-10 00:13:49 | INFO     | KDClient 13 round 9 local training (epochs=3)
[2026-08-10 00:15:15] 2026-08-10 00:15:15 | INFO     | KDClient 13 round 9 completed (acc=0.8820, n=4336)
[2026-08-10 00:15:15] 2026-08-10 00:15:15 | INFO     | KDClient 14 fit round 9 (tier=large)
[2026-08-10 00:15:15] 2026-08-10 00:15:15 | INFO     | KDClient 14 round 9 public KD (epochs=2)
[2026-08-10 00:16:09] 2026-08-10 00:16:09 | INFO     | KDClient 14 round 9 local training (epochs=3)
[2026-08-10 00:17:41] 2026-08-10 00:17:41 | INFO     | KDClient 14 round 9 completed (acc=0.8560, n=2293)
[2026-08-10 00:17:41] 2026-08-10 00:17:41 | INFO     | KDClient 15 fit round 9 (tier=large)
[2026-08-10 00:17:41] 2026-08-10 00:17:41 | INFO     | KDClient 15 round 9 public KD (epochs=2)
[2026-08-10 00:18:30] 2026-08-10 00:18:30 | INFO     | KDClient 15 round 9 local training (epochs=3)
[2026-08-10 00:20:22] 2026-08-10 00:20:22 | INFO     | KDClient 15 round 9 completed (acc=0.9570, n=4755)
[2026-08-10 00:20:22] 2026-08-10 00:20:22 | INFO     | KDClient 16 fit round 9 (tier=large)
[2026-08-10 00:20:23] 2026-08-10 00:20:22 | INFO     | KDClient 16 round 9 public KD (epochs=2)
[2026-08-10 00:21:31] 2026-08-10 00:21:31 | INFO     | KDClient 16 round 9 local training (epochs=3)
[2026-08-10 00:23:22] 2026-08-10 00:23:22 | INFO     | KDClient 16 round 9 completed (acc=0.9694, n=4718)
[2026-08-10 00:23:22] 2026-08-10 00:23:22 | INFO     | KDClient 17 fit round 9 (tier=large)
[2026-08-10 00:23:22] 2026-08-10 00:23:22 | INFO     | KDClient 17 round 9 public KD (epochs=2)
[2026-08-10 00:24:41] 2026-08-10 00:24:41 | INFO     | KDClient 17 round 9 local training (epochs=3)
[2026-08-10 00:27:05] 2026-08-10 00:27:05 | INFO     | KDClient 17 round 9 completed (acc=0.8757, n=3677)
[2026-08-10 00:27:05] 2026-08-10 00:27:05 | INFO     | KDClient 18 fit round 9 (tier=large)
[2026-08-10 00:27:05] 2026-08-10 00:27:05 | INFO     | KDClient 18 round 9 public KD (epochs=2)
[2026-08-10 00:28:21] 2026-08-10 00:28:21 | INFO     | KDClient 18 round 9 local training (epochs=3)
[2026-08-10 00:29:38] 2026-08-10 00:29:38 | INFO     | KDClient 18 round 9 completed (acc=0.8363, n=1384)
[2026-08-10 00:29:38] 2026-08-10 00:29:38 | INFO     | KDClient 19 fit round 9 (tier=large)
[2026-08-10 00:29:38] 2026-08-10 00:29:38 | INFO     | KDClient 19 round 9 public KD (epochs=2)
[2026-08-10 00:31:02] 2026-08-10 00:31:02 | INFO     | KDClient 19 round 9 local training (epochs=3)
[2026-08-10 00:32:41] 2026-08-10 00:32:41 | INFO     | KDClient 19 round 9 completed (acc=0.8956, n=3137)
[2026-08-10 00:32:41]   Round   9/40 | Avg: 0.8501 | Min: 0.7445 | Max: 0.9694
[2026-08-10 00:32:41] 2026-08-10 00:32:41 | INFO     | FEDAKD — NONIID: round 10/40 starting
[2026-08-10 00:32:41] 2026-08-10 00:32:41 | INFO     | KDClient 0 fit round 10 (tier=small)
[2026-08-10 00:32:41] 2026-08-10 00:32:41 | INFO     | KDClient 0 round 10 public KD (epochs=2)
[2026-08-10 00:32:58] 2026-08-10 00:32:58 | INFO     | KDClient 0 round 10 local training (epochs=3)
[2026-08-10 00:33:32] 2026-08-10 00:33:32 | INFO     | KDClient 0 round 10 completed (acc=0.8270, n=2849)
[2026-08-10 00:33:32] 2026-08-10 00:33:32 | INFO     | KDClient 1 fit round 10 (tier=small)
[2026-08-10 00:33:32] 2026-08-10 00:33:32 | INFO     | KDClient 1 round 10 public KD (epochs=2)
[2026-08-10 00:33:46] 2026-08-10 00:33:46 | INFO     | KDClient 1 round 10 local training (epochs=3)
[2026-08-10 00:34:16] 2026-08-10 00:34:16 | INFO     | KDClient 1 round 10 completed (acc=0.8180, n=2453)
[2026-08-10 00:34:16] 2026-08-10 00:34:16 | INFO     | KDClient 2 fit round 10 (tier=small)
[2026-08-10 00:34:16] 2026-08-10 00:34:16 | INFO     | KDClient 2 round 10 public KD (epochs=2)
[2026-08-10 00:34:32] 2026-08-10 00:34:32 | INFO     | KDClient 2 round 10 local training (epochs=3)
[2026-08-10 00:34:48] 2026-08-10 00:34:48 | INFO     | KDClient 2 round 10 completed (acc=0.7979, n=1737)
[2026-08-10 00:34:48] 2026-08-10 00:34:48 | INFO     | KDClient 3 fit round 10 (tier=small)
[2026-08-10 00:34:48] 2026-08-10 00:34:48 | INFO     | KDClient 3 round 10 public KD (epochs=2)
[2026-08-10 00:35:00] 2026-08-10 00:35:00 | INFO     | KDClient 3 round 10 local training (epochs=3)
[2026-08-10 00:35:19] 2026-08-10 00:35:19 | INFO     | KDClient 3 round 10 completed (acc=0.8595, n=4569)
[2026-08-10 00:35:19] 2026-08-10 00:35:19 | INFO     | KDClient 4 fit round 10 (tier=small)
[2026-08-10 00:35:19] 2026-08-10 00:35:19 | INFO     | KDClient 4 round 10 public KD (epochs=2)
[2026-08-10 00:35:36] 2026-08-10 00:35:36 | INFO     | KDClient 4 round 10 local training (epochs=3)
[2026-08-10 00:35:58] 2026-08-10 00:35:58 | INFO     | KDClient 4 round 10 completed (acc=0.8729, n=4988)
[2026-08-10 00:35:58] 2026-08-10 00:35:58 | INFO     | KDClient 5 fit round 10 (tier=small)
[2026-08-10 00:35:58] 2026-08-10 00:35:58 | INFO     | KDClient 5 round 10 public KD (epochs=2)
[2026-08-10 00:36:15] 2026-08-10 00:36:15 | INFO     | KDClient 5 round 10 local training (epochs=3)
[2026-08-10 00:36:35] 2026-08-10 00:36:35 | INFO     | KDClient 5 round 10 completed (acc=0.9065, n=2078)
[2026-08-10 00:36:35] 2026-08-10 00:36:35 | INFO     | KDClient 6 fit round 10 (tier=small)
[2026-08-10 00:36:35] 2026-08-10 00:36:35 | INFO     | KDClient 6 round 10 public KD (epochs=2)
[2026-08-10 00:36:46] 2026-08-10 00:36:46 | INFO     | KDClient 6 round 10 local training (epochs=3)
[2026-08-10 00:37:04] 2026-08-10 00:37:04 | INFO     | KDClient 6 round 10 completed (acc=0.7765, n=1216)
[2026-08-10 00:37:04] 2026-08-10 00:37:04 | INFO     | KDClient 7 fit round 10 (tier=medium)
[2026-08-10 00:37:04] 2026-08-10 00:37:04 | INFO     | KDClient 7 round 10 public KD (epochs=2)
[2026-08-10 00:37:48] 2026-08-10 00:37:48 | INFO     | KDClient 7 round 10 local training (epochs=3)
[2026-08-10 00:38:25] 2026-08-10 00:38:25 | INFO     | KDClient 7 round 10 completed (acc=0.8673, n=2068)
[2026-08-10 00:38:25] 2026-08-10 00:38:25 | INFO     | KDClient 8 fit round 10 (tier=medium)
[2026-08-10 00:38:25] 2026-08-10 00:38:25 | INFO     | KDClient 8 round 10 public KD (epochs=2)
[2026-08-10 00:39:10] 2026-08-10 00:39:10 | INFO     | KDClient 8 round 10 local training (epochs=3)
[2026-08-10 00:40:15] 2026-08-10 00:40:15 | INFO     | KDClient 8 round 10 completed (acc=0.7464, n=2757)
[2026-08-10 00:40:15] 2026-08-10 00:40:15 | INFO     | KDClient 9 fit round 10 (tier=medium)
[2026-08-10 00:40:15] 2026-08-10 00:40:15 | INFO     | KDClient 9 round 10 public KD (epochs=2)
[2026-08-10 00:41:19] 2026-08-10 00:41:19 | INFO     | KDClient 9 round 10 local training (epochs=3)
[2026-08-10 00:42:15] 2026-08-10 00:42:15 | INFO     | KDClient 9 round 10 completed (acc=0.8114, n=3030)
[2026-08-10 00:42:15] 2026-08-10 00:42:15 | INFO     | KDClient 10 fit round 10 (tier=medium)
[2026-08-10 00:42:15] 2026-08-10 00:42:15 | INFO     | KDClient 10 round 10 public KD (epochs=2)
[2026-08-10 00:43:01] 2026-08-10 00:43:01 | INFO     | KDClient 10 round 10 local training (epochs=3)
[2026-08-10 00:43:58] 2026-08-10 00:43:58 | INFO     | KDClient 10 round 10 completed (acc=0.7662, n=2256)
[2026-08-10 00:43:58] 2026-08-10 00:43:58 | INFO     | KDClient 11 fit round 10 (tier=medium)
[2026-08-10 00:43:58] 2026-08-10 00:43:58 | INFO     | KDClient 11 round 10 public KD (epochs=2)
[2026-08-10 00:44:44] 2026-08-10 00:44:44 | INFO     | KDClient 11 round 10 local training (epochs=3)
[2026-08-10 00:45:52] 2026-08-10 00:45:52 | INFO     | KDClient 11 round 10 completed (acc=0.7782, n=2774)
[2026-08-10 00:45:52] 2026-08-10 00:45:52 | INFO     | KDClient 12 fit round 10 (tier=medium)
[2026-08-10 00:45:52] 2026-08-10 00:45:52 | INFO     | KDClient 12 round 10 public KD (epochs=2)
[2026-08-10 00:46:35] 2026-08-10 00:46:35 | INFO     | KDClient 12 round 10 local training (epochs=3)
[2026-08-10 00:47:33] 2026-08-10 00:47:33 | INFO     | KDClient 12 round 10 completed (acc=0.8700, n=2925)
[2026-08-10 00:47:33] 2026-08-10 00:47:33 | INFO     | KDClient 13 fit round 10 (tier=medium)
[2026-08-10 00:47:33] 2026-08-10 00:47:33 | INFO     | KDClient 13 round 10 public KD (epochs=2)
[2026-08-10 00:48:38] 2026-08-10 00:48:38 | INFO     | KDClient 13 round 10 local training (epochs=3)
[2026-08-10 00:49:49] 2026-08-10 00:49:49 | INFO     | KDClient 13 round 10 completed (acc=0.8824, n=4336)
[2026-08-10 00:49:49] 2026-08-10 00:49:49 | INFO     | KDClient 14 fit round 10 (tier=large)
[2026-08-10 00:49:49] 2026-08-10 00:49:49 | INFO     | KDClient 14 round 10 public KD (epochs=2)
[2026-08-10 00:50:48] 2026-08-10 00:50:48 | INFO     | KDClient 14 round 10 local training (epochs=3)
[2026-08-10 00:52:13] 2026-08-10 00:52:13 | INFO     | KDClient 14 round 10 completed (acc=0.8690, n=2293)
[2026-08-10 00:52:13] 2026-08-10 00:52:13 | INFO     | KDClient 15 fit round 10 (tier=large)
[2026-08-10 00:52:13] 2026-08-10 00:52:13 | INFO     | KDClient 15 round 10 public KD (epochs=2)
[2026-08-10 00:53:15] 2026-08-10 00:53:15 | INFO     | KDClient 15 round 10 local training (epochs=3)
[2026-08-10 00:55:30] 2026-08-10 00:55:30 | INFO     | KDClient 15 round 10 completed (acc=0.9752, n=4755)
[2026-08-10 00:55:30] 2026-08-10 00:55:30 | INFO     | KDClient 16 fit round 10 (tier=large)
[2026-08-10 00:55:30] 2026-08-10 00:55:30 | INFO     | KDClient 16 round 10 public KD (epochs=2)
[2026-08-10 00:56:43] 2026-08-10 00:56:43 | INFO     | KDClient 16 round 10 local training (epochs=3)
[2026-08-10 00:58:18] 2026-08-10 00:58:18 | INFO     | KDClient 16 round 10 completed (acc=0.9710, n=4718)
[2026-08-10 00:58:18] 2026-08-10 00:58:18 | INFO     | KDClient 17 fit round 10 (tier=large)
[2026-08-10 00:58:18] 2026-08-10 00:58:18 | INFO     | KDClient 17 round 10 public KD (epochs=2)
[2026-08-10 00:59:17] 2026-08-10 00:59:17 | INFO     | KDClient 17 round 10 local training (epochs=3)
[2026-08-10 01:00:59] 2026-08-10 01:00:59 | INFO     | KDClient 17 round 10 completed (acc=0.8818, n=3677)
[2026-08-10 01:00:59] 2026-08-10 01:00:59 | INFO     | KDClient 18 fit round 10 (tier=large)
[2026-08-10 01:00:59] 2026-08-10 01:00:59 | INFO     | KDClient 18 round 10 public KD (epochs=2)
[2026-08-10 01:02:02] 2026-08-10 01:02:02 | INFO     | KDClient 18 round 10 local training (epochs=3)
[2026-08-10 01:03:27] 2026-08-10 01:03:27 | INFO     | KDClient 18 round 10 completed (acc=0.8487, n=1384)
[2026-08-10 01:03:27] 2026-08-10 01:03:27 | INFO     | KDClient 19 fit round 10 (tier=large)
[2026-08-10 01:03:27] 2026-08-10 01:03:27 | INFO     | KDClient 19 round 10 public KD (epochs=2)
[2026-08-10 01:04:36] 2026-08-10 01:04:36 | INFO     | KDClient 19 round 10 local training (epochs=3)
[2026-08-10 01:05:50] 2026-08-10 01:05:50 | INFO     | KDClient 19 round 10 completed (acc=0.9158, n=3137)
[2026-08-10 01:05:50]   Round  10/40 | Avg: 0.8521 | Min: 0.7464 | Max: 0.9752
[2026-08-10 01:05:50] 2026-08-10 01:05:50 | INFO     | FEDAKD — NONIID: round 11/40 starting
[2026-08-10 01:05:50] 2026-08-10 01:05:50 | INFO     | KDClient 0 fit round 11 (tier=small)
[2026-08-10 01:05:50] 2026-08-10 01:05:50 | INFO     | KDClient 0 round 11 public KD (epochs=2)
[2026-08-10 01:06:01] 2026-08-10 01:06:01 | INFO     | KDClient 0 round 11 local training (epochs=3)
[2026-08-10 01:06:18] 2026-08-10 01:06:18 | INFO     | KDClient 0 round 11 completed (acc=0.8318, n=2849)
[2026-08-10 01:06:18] 2026-08-10 01:06:18 | INFO     | KDClient 1 fit round 11 (tier=small)
[2026-08-10 01:06:18] 2026-08-10 01:06:18 | INFO     | KDClient 1 round 11 public KD (epochs=2)
[2026-08-10 01:06:29] 2026-08-10 01:06:29 | INFO     | KDClient 1 round 11 local training (epochs=3)
[2026-08-10 01:06:45] 2026-08-10 01:06:45 | INFO     | KDClient 1 round 11 completed (acc=0.8086, n=2453)
[2026-08-10 01:06:45] 2026-08-10 01:06:45 | INFO     | KDClient 2 fit round 11 (tier=small)
[2026-08-10 01:06:45] 2026-08-10 01:06:45 | INFO     | KDClient 2 round 11 public KD (epochs=2)
[2026-08-10 01:06:55] 2026-08-10 01:06:55 | INFO     | KDClient 2 round 11 local training (epochs=3)
[2026-08-10 01:07:11] 2026-08-10 01:07:11 | INFO     | KDClient 2 round 11 completed (acc=0.8087, n=1737)
[2026-08-10 01:07:11] 2026-08-10 01:07:11 | INFO     | KDClient 3 fit round 11 (tier=small)
[2026-08-10 01:07:11] 2026-08-10 01:07:11 | INFO     | KDClient 3 round 11 public KD (epochs=2)
[2026-08-10 01:07:27] 2026-08-10 01:07:27 | INFO     | KDClient 3 round 11 local training (epochs=3)
[2026-08-10 01:07:54] 2026-08-10 01:07:54 | INFO     | KDClient 3 round 11 completed (acc=0.8472, n=4569)
[2026-08-10 01:07:54] 2026-08-10 01:07:54 | INFO     | KDClient 4 fit round 11 (tier=small)
[2026-08-10 01:07:54] 2026-08-10 01:07:54 | INFO     | KDClient 4 round 11 public KD (epochs=2)
[2026-08-10 01:08:06] 2026-08-10 01:08:06 | INFO     | KDClient 4 round 11 local training (epochs=3)
[2026-08-10 01:08:29] 2026-08-10 01:08:29 | INFO     | KDClient 4 round 11 completed (acc=0.8739, n=4988)
[2026-08-10 01:08:29] 2026-08-10 01:08:29 | INFO     | KDClient 5 fit round 11 (tier=small)
[2026-08-10 01:08:29] 2026-08-10 01:08:29 | INFO     | KDClient 5 round 11 public KD (epochs=2)
[2026-08-10 01:08:40] 2026-08-10 01:08:40 | INFO     | KDClient 5 round 11 local training (epochs=3)
[2026-08-10 01:08:58] 2026-08-10 01:08:58 | INFO     | KDClient 5 round 11 completed (acc=0.9144, n=2078)
[2026-08-10 01:08:58] 2026-08-10 01:08:58 | INFO     | KDClient 6 fit round 11 (tier=small)
[2026-08-10 01:08:58] 2026-08-10 01:08:58 | INFO     | KDClient 6 round 11 public KD (epochs=2)
[2026-08-10 01:09:10] 2026-08-10 01:09:10 | INFO     | KDClient 6 round 11 local training (epochs=3)
[2026-08-10 01:09:26] 2026-08-10 01:09:26 | INFO     | KDClient 6 round 11 completed (acc=0.7735, n=1216)
[2026-08-10 01:09:26] 2026-08-10 01:09:26 | INFO     | KDClient 7 fit round 11 (tier=medium)
[2026-08-10 01:09:26] 2026-08-10 01:09:26 | INFO     | KDClient 7 round 11 public KD (epochs=2)
[2026-08-10 01:10:00] 2026-08-10 01:10:00 | INFO     | KDClient 7 round 11 local training (epochs=3)
[2026-08-10 01:10:42] 2026-08-10 01:10:42 | INFO     | KDClient 7 round 11 completed (acc=0.8675, n=2068)
[2026-08-10 01:10:42] 2026-08-10 01:10:42 | INFO     | KDClient 8 fit round 11 (tier=medium)
[2026-08-10 01:10:42] 2026-08-10 01:10:42 | INFO     | KDClient 8 round 11 public KD (epochs=2)
[2026-08-10 01:11:18] 2026-08-10 01:11:18 | INFO     | KDClient 8 round 11 local training (epochs=3)
[2026-08-10 01:12:16] 2026-08-10 01:12:16 | INFO     | KDClient 8 round 11 completed (acc=0.7521, n=2757)
[2026-08-10 01:12:16] 2026-08-10 01:12:16 | INFO     | KDClient 9 fit round 11 (tier=medium)
[2026-08-10 01:12:16] 2026-08-10 01:12:16 | INFO     | KDClient 9 round 11 public KD (epochs=2)
[2026-08-10 01:12:52] 2026-08-10 01:12:52 | INFO     | KDClient 9 round 11 local training (epochs=3)
[2026-08-10 01:13:50] 2026-08-10 01:13:50 | INFO     | KDClient 9 round 11 completed (acc=0.8050, n=3030)
[2026-08-10 01:13:50] 2026-08-10 01:13:50 | INFO     | KDClient 10 fit round 11 (tier=medium)
[2026-08-10 01:13:50] 2026-08-10 01:13:50 | INFO     | KDClient 10 round 11 public KD (epochs=2)
[2026-08-10 01:14:28] 2026-08-10 01:14:28 | INFO     | KDClient 10 round 11 local training (epochs=3)
[2026-08-10 01:15:15] 2026-08-10 01:15:15 | INFO     | KDClient 10 round 11 completed (acc=0.7788, n=2256)
[2026-08-10 01:15:15] 2026-08-10 01:15:15 | INFO     | KDClient 11 fit round 11 (tier=medium)
[2026-08-10 01:15:15] 2026-08-10 01:15:15 | INFO     | KDClient 11 round 11 public KD (epochs=2)
[2026-08-10 01:15:53] 2026-08-10 01:15:53 | INFO     | KDClient 11 round 11 local training (epochs=3)
[2026-08-10 01:16:36] 2026-08-10 01:16:36 | INFO     | KDClient 11 round 11 completed (acc=0.7418, n=2774)
[2026-08-10 01:16:36] 2026-08-10 01:16:36 | INFO     | KDClient 12 fit round 11 (tier=medium)
[2026-08-10 01:16:36] 2026-08-10 01:16:36 | INFO     | KDClient 12 round 11 public KD (epochs=2)
[2026-08-10 01:17:09] 2026-08-10 01:17:09 | INFO     | KDClient 12 round 11 local training (epochs=3)
[2026-08-10 01:18:01] 2026-08-10 01:18:01 | INFO     | KDClient 12 round 11 completed (acc=0.8416, n=2925)
[2026-08-10 01:18:01] 2026-08-10 01:18:01 | INFO     | KDClient 13 fit round 11 (tier=medium)
[2026-08-10 01:18:01] 2026-08-10 01:18:01 | INFO     | KDClient 13 round 11 public KD (epochs=2)
[2026-08-10 01:18:41] 2026-08-10 01:18:41 | INFO     | KDClient 13 round 11 local training (epochs=3)
[2026-08-10 01:19:47] 2026-08-10 01:19:47 | INFO     | KDClient 13 round 11 completed (acc=0.8767, n=4336)
[2026-08-10 01:19:47] 2026-08-10 01:19:47 | INFO     | KDClient 14 fit round 11 (tier=large)
[2026-08-10 01:19:47] 2026-08-10 01:19:47 | INFO     | KDClient 14 round 11 public KD (epochs=2)
[2026-08-10 01:20:46] 2026-08-10 01:20:46 | INFO     | KDClient 14 round 11 local training (epochs=3)
[2026-08-10 01:22:11] 2026-08-10 01:22:11 | INFO     | KDClient 14 round 11 completed (acc=0.8644, n=2293)
[2026-08-10 01:22:11] 2026-08-10 01:22:11 | INFO     | KDClient 15 fit round 11 (tier=large)
[2026-08-10 01:22:11] 2026-08-10 01:22:11 | INFO     | KDClient 15 round 11 public KD (epochs=2)
[2026-08-10 01:23:06] 2026-08-10 01:23:06 | INFO     | KDClient 15 round 11 local training (epochs=3)
[2026-08-10 01:24:53] 2026-08-10 01:24:53 | INFO     | KDClient 15 round 11 completed (acc=0.9744, n=4755)
[2026-08-10 01:24:53] 2026-08-10 01:24:53 | INFO     | KDClient 16 fit round 11 (tier=large)
[2026-08-10 01:24:53] 2026-08-10 01:24:53 | INFO     | KDClient 16 round 11 public KD (epochs=2)
[2026-08-10 01:25:45] 2026-08-10 01:25:45 | INFO     | KDClient 16 round 11 local training (epochs=3)
[2026-08-10 01:26:52] 2026-08-10 01:26:52 | INFO     | KDClient 16 round 11 completed (acc=0.9508, n=4718)
[2026-08-10 01:26:52] 2026-08-10 01:26:52 | INFO     | KDClient 17 fit round 11 (tier=large)
[2026-08-10 01:26:52] 2026-08-10 01:26:52 | INFO     | KDClient 17 round 11 public KD (epochs=2)
[2026-08-10 01:27:34] 2026-08-10 01:27:34 | INFO     | KDClient 17 round 11 local training (epochs=3)
[2026-08-10 01:28:39] 2026-08-10 01:28:39 | INFO     | KDClient 17 round 11 completed (acc=0.8675, n=3677)
[2026-08-10 01:28:39] 2026-08-10 01:28:39 | INFO     | KDClient 18 fit round 11 (tier=large)
[2026-08-10 01:28:39] 2026-08-10 01:28:39 | INFO     | KDClient 18 round 11 public KD (epochs=2)
[2026-08-10 01:29:40] 2026-08-10 01:29:40 | INFO     | KDClient 18 round 11 local training (epochs=3)
[2026-08-10 01:30:34] 2026-08-10 01:30:34 | INFO     | KDClient 18 round 11 completed (acc=0.8592, n=1384)
[2026-08-10 01:30:34] 2026-08-10 01:30:34 | INFO     | KDClient 19 fit round 11 (tier=large)
[2026-08-10 01:30:34] 2026-08-10 01:30:34 | INFO     | KDClient 19 round 11 public KD (epochs=2)
[2026-08-10 01:31:38] 2026-08-10 01:31:38 | INFO     | KDClient 19 round 11 local training (epochs=3)
[2026-08-10 01:33:06] 2026-08-10 01:33:06 | INFO     | KDClient 19 round 11 completed (acc=0.8627, n=3137)
[2026-08-10 01:33:07]   Round  11/40 | Avg: 0.8450 | Min: 0.7418 | Max: 0.9744
[2026-08-10 01:33:07] 2026-08-10 01:33:07 | INFO     | FEDAKD — NONIID: round 12/40 starting
[2026-08-10 01:33:07] 2026-08-10 01:33:07 | INFO     | KDClient 0 fit round 12 (tier=small)
[2026-08-10 01:33:07] 2026-08-10 01:33:07 | INFO     | KDClient 0 round 12 public KD (epochs=2)
[2026-08-10 01:33:17] 2026-08-10 01:33:17 | INFO     | KDClient 0 round 12 local training (epochs=3)
[2026-08-10 01:33:35] 2026-08-10 01:33:35 | INFO     | KDClient 0 round 12 completed (acc=0.8433, n=2849)
[2026-08-10 01:33:35] 2026-08-10 01:33:35 | INFO     | KDClient 1 fit round 12 (tier=small)
[2026-08-10 01:33:35] 2026-08-10 01:33:35 | INFO     | KDClient 1 round 12 public KD (epochs=2)
[2026-08-10 01:33:45] 2026-08-10 01:33:45 | INFO     | KDClient 1 round 12 local training (epochs=3)
[2026-08-10 01:34:03] 2026-08-10 01:34:03 | INFO     | KDClient 1 round 12 completed (acc=0.8190, n=2453)
[2026-08-10 01:34:03] 2026-08-10 01:34:03 | INFO     | KDClient 2 fit round 12 (tier=small)
[2026-08-10 01:34:03] 2026-08-10 01:34:03 | INFO     | KDClient 2 round 12 public KD (epochs=2)
[2026-08-10 01:34:17] 2026-08-10 01:34:17 | INFO     | KDClient 2 round 12 local training (epochs=3)
[2026-08-10 01:34:41] 2026-08-10 01:34:41 | INFO     | KDClient 2 round 12 completed (acc=0.8121, n=1737)
[2026-08-10 01:34:41] 2026-08-10 01:34:41 | INFO     | KDClient 3 fit round 12 (tier=small)
[2026-08-10 01:34:41] 2026-08-10 01:34:41 | INFO     | KDClient 3 round 12 public KD (epochs=2)
[2026-08-10 01:34:55] 2026-08-10 01:34:55 | INFO     | KDClient 3 round 12 local training (epochs=3)
[2026-08-10 01:35:26] 2026-08-10 01:35:26 | INFO     | KDClient 3 round 12 completed (acc=0.8748, n=4569)
[2026-08-10 01:35:26] 2026-08-10 01:35:26 | INFO     | KDClient 4 fit round 12 (tier=small)
[2026-08-10 01:35:26] 2026-08-10 01:35:26 | INFO     | KDClient 4 round 12 public KD (epochs=2)
[2026-08-10 01:35:39] 2026-08-10 01:35:39 | INFO     | KDClient 4 round 12 local training (epochs=3)
[2026-08-10 01:36:09] 2026-08-10 01:36:09 | INFO     | KDClient 4 round 12 completed (acc=0.8778, n=4988)
[2026-08-10 01:36:09] 2026-08-10 01:36:09 | INFO     | KDClient 5 fit round 12 (tier=small)
[2026-08-10 01:36:09] 2026-08-10 01:36:09 | INFO     | KDClient 5 round 12 public KD (epochs=2)
[2026-08-10 01:36:22] 2026-08-10 01:36:22 | INFO     | KDClient 5 round 12 local training (epochs=3)
[2026-08-10 01:36:45] 2026-08-10 01:36:45 | INFO     | KDClient 5 round 12 completed (acc=0.9092, n=2078)
[2026-08-10 01:36:45] 2026-08-10 01:36:45 | INFO     | KDClient 6 fit round 12 (tier=small)
[2026-08-10 01:36:45] 2026-08-10 01:36:45 | INFO     | KDClient 6 round 12 public KD (epochs=2)
[2026-08-10 01:36:58] 2026-08-10 01:36:58 | INFO     | KDClient 6 round 12 local training (epochs=3)
[2026-08-10 01:37:19] 2026-08-10 01:37:19 | INFO     | KDClient 6 round 12 completed (acc=0.7773, n=1216)
[2026-08-10 01:37:19] 2026-08-10 01:37:19 | INFO     | KDClient 7 fit round 12 (tier=medium)
[2026-08-10 01:37:19] 2026-08-10 01:37:19 | INFO     | KDClient 7 round 12 public KD (epochs=2)
[2026-08-10 01:37:56] 2026-08-10 01:37:56 | INFO     | KDClient 7 round 12 local training (epochs=3)
[2026-08-10 01:38:57] 2026-08-10 01:38:57 | INFO     | KDClient 7 round 12 completed (acc=0.8649, n=2068)
[2026-08-10 01:38:57] 2026-08-10 01:38:57 | INFO     | KDClient 8 fit round 12 (tier=medium)
[2026-08-10 01:38:57] 2026-08-10 01:38:57 | INFO     | KDClient 8 round 12 public KD (epochs=2)
[2026-08-10 01:39:38] 2026-08-10 01:39:38 | INFO     | KDClient 8 round 12 local training (epochs=3)
[2026-08-10 01:40:49] 2026-08-10 01:40:49 | INFO     | KDClient 8 round 12 completed (acc=0.7479, n=2757)
[2026-08-10 01:40:49] 2026-08-10 01:40:49 | INFO     | KDClient 9 fit round 12 (tier=medium)
[2026-08-10 01:40:49] 2026-08-10 01:40:49 | INFO     | KDClient 9 round 12 public KD (epochs=2)
[2026-08-10 01:41:22] 2026-08-10 01:41:22 | INFO     | KDClient 9 round 12 local training (epochs=3)
[2026-08-10 01:42:17] 2026-08-10 01:42:17 | INFO     | KDClient 9 round 12 completed (acc=0.8097, n=3030)
[2026-08-10 01:42:17] 2026-08-10 01:42:17 | INFO     | KDClient 10 fit round 12 (tier=medium)
[2026-08-10 01:42:17] 2026-08-10 01:42:17 | INFO     | KDClient 10 round 12 public KD (epochs=2)
[2026-08-10 01:42:50] 2026-08-10 01:42:50 | INFO     | KDClient 10 round 12 local training (epochs=3)
[2026-08-10 01:43:34] 2026-08-10 01:43:34 | INFO     | KDClient 10 round 12 completed (acc=0.7719, n=2256)
[2026-08-10 01:43:34] 2026-08-10 01:43:34 | INFO     | KDClient 11 fit round 12 (tier=medium)
[2026-08-10 01:43:34] 2026-08-10 01:43:34 | INFO     | KDClient 11 round 12 public KD (epochs=2)
[2026-08-10 01:44:09] 2026-08-10 01:44:09 | INFO     | KDClient 11 round 12 local training (epochs=3)
[2026-08-10 01:44:49] 2026-08-10 01:44:49 | INFO     | KDClient 11 round 12 completed (acc=0.7610, n=2774)
[2026-08-10 01:44:49] 2026-08-10 01:44:49 | INFO     | KDClient 12 fit round 12 (tier=medium)
[2026-08-10 01:44:49] 2026-08-10 01:44:49 | INFO     | KDClient 12 round 12 public KD (epochs=2)
[2026-08-10 01:45:21] 2026-08-10 01:45:21 | INFO     | KDClient 12 round 12 local training (epochs=3)
[2026-08-10 01:46:16] 2026-08-10 01:46:16 | INFO     | KDClient 12 round 12 completed (acc=0.8816, n=2925)
[2026-08-10 01:46:16] 2026-08-10 01:46:16 | INFO     | KDClient 13 fit round 12 (tier=medium)
[2026-08-10 01:46:16] 2026-08-10 01:46:16 | INFO     | KDClient 13 round 12 public KD (epochs=2)
[2026-08-10 01:46:49] 2026-08-10 01:46:49 | INFO     | KDClient 13 round 12 local training (epochs=3)
[2026-08-10 01:47:41] 2026-08-10 01:47:41 | INFO     | KDClient 13 round 12 completed (acc=0.8802, n=4336)
[2026-08-10 01:47:41] 2026-08-10 01:47:41 | INFO     | KDClient 14 fit round 12 (tier=large)
[2026-08-10 01:47:41] 2026-08-10 01:47:41 | INFO     | KDClient 14 round 12 public KD (epochs=2)
[2026-08-10 01:48:44] 2026-08-10 01:48:44 | INFO     | KDClient 14 round 12 local training (epochs=3)
[2026-08-10 01:49:40] 2026-08-10 01:49:40 | INFO     | KDClient 14 round 12 completed (acc=0.8639, n=2293)
[2026-08-10 01:49:40] 2026-08-10 01:49:40 | INFO     | KDClient 15 fit round 12 (tier=large)
[2026-08-10 01:49:40] 2026-08-10 01:49:40 | INFO     | KDClient 15 round 12 public KD (epochs=2)
[2026-08-10 01:50:22] 2026-08-10 01:50:22 | INFO     | KDClient 15 round 12 local training (epochs=3)
[2026-08-10 01:51:42] 2026-08-10 01:51:42 | INFO     | KDClient 15 round 12 completed (acc=0.9718, n=4755)
[2026-08-10 01:51:42] 2026-08-10 01:51:42 | INFO     | KDClient 16 fit round 12 (tier=large)
[2026-08-10 01:51:42] 2026-08-10 01:51:42 | INFO     | KDClient 16 round 12 public KD (epochs=2)
[2026-08-10 01:52:46] 2026-08-10 01:52:46 | INFO     | KDClient 16 round 12 local training (epochs=3)
[2026-08-10 01:54:12] 2026-08-10 01:54:12 | INFO     | KDClient 16 round 12 completed (acc=0.9531, n=4718)
[2026-08-10 01:54:12] 2026-08-10 01:54:12 | INFO     | KDClient 17 fit round 12 (tier=large)
[2026-08-10 01:54:12] 2026-08-10 01:54:12 | INFO     | KDClient 17 round 12 public KD (epochs=2)
[2026-08-10 01:55:01] 2026-08-10 01:55:01 | INFO     | KDClient 17 round 12 local training (epochs=3)
[2026-08-10 01:56:16] 2026-08-10 01:56:16 | INFO     | KDClient 17 round 12 completed (acc=0.8814, n=3677)
[2026-08-10 01:56:16] 2026-08-10 01:56:16 | INFO     | KDClient 18 fit round 12 (tier=large)
[2026-08-10 01:56:16] 2026-08-10 01:56:16 | INFO     | KDClient 18 round 12 public KD (epochs=2)
[2026-08-10 01:57:06] 2026-08-10 01:57:06 | INFO     | KDClient 18 round 12 local training (epochs=3)
[2026-08-10 01:58:04] 2026-08-10 01:58:04 | INFO     | KDClient 18 round 12 completed (acc=0.8382, n=1384)
[2026-08-10 01:58:04] 2026-08-10 01:58:04 | INFO     | KDClient 19 fit round 12 (tier=large)
[2026-08-10 01:58:04] 2026-08-10 01:58:04 | INFO     | KDClient 19 round 12 public KD (epochs=2)
[2026-08-10 01:59:27] 2026-08-10 01:59:27 | INFO     | KDClient 19 round 12 local training (epochs=3)
[2026-08-10 02:00:33] 2026-08-10 02:00:33 | INFO     | KDClient 19 round 12 completed (acc=0.8656, n=3137)
[2026-08-10 02:00:33]   Round  12/40 | Avg: 0.8502 | Min: 0.7479 | Max: 0.9718
[2026-08-10 02:00:33] 2026-08-10 02:00:33 | INFO     | FEDAKD — NONIID: round 13/40 starting
[2026-08-10 02:00:33] 2026-08-10 02:00:33 | INFO     | KDClient 0 fit round 13 (tier=small)
[2026-08-10 02:00:33] 2026-08-10 02:00:33 | INFO     | KDClient 0 round 13 public KD (epochs=2)
[2026-08-10 02:00:44] 2026-08-10 02:00:44 | INFO     | KDClient 0 round 13 local training (epochs=3)
[2026-08-10 02:01:03] 2026-08-10 02:01:03 | INFO     | KDClient 0 round 13 completed (acc=0.8320, n=2849)
[2026-08-10 02:01:03] 2026-08-10 02:01:03 | INFO     | KDClient 1 fit round 13 (tier=small)
[2026-08-10 02:01:03] 2026-08-10 02:01:03 | INFO     | KDClient 1 round 13 public KD (epochs=2)
[2026-08-10 02:01:14] 2026-08-10 02:01:14 | INFO     | KDClient 1 round 13 local training (epochs=3)
[2026-08-10 02:01:32] 2026-08-10 02:01:32 | INFO     | KDClient 1 round 13 completed (acc=0.8304, n=2453)
[2026-08-10 02:01:32] 2026-08-10 02:01:32 | INFO     | KDClient 2 fit round 13 (tier=small)
[2026-08-10 02:01:32] 2026-08-10 02:01:32 | INFO     | KDClient 2 round 13 public KD (epochs=2)
[2026-08-10 02:01:43] 2026-08-10 02:01:43 | INFO     | KDClient 2 round 13 local training (epochs=3)
[2026-08-10 02:02:00] 2026-08-10 02:02:00 | INFO     | KDClient 2 round 13 completed (acc=0.8065, n=1737)
[2026-08-10 02:02:00] 2026-08-10 02:02:00 | INFO     | KDClient 3 fit round 13 (tier=small)
[2026-08-10 02:02:00] 2026-08-10 02:02:00 | INFO     | KDClient 3 round 13 public KD (epochs=2)
[2026-08-10 02:02:10] 2026-08-10 02:02:10 | INFO     | KDClient 3 round 13 local training (epochs=3)
[2026-08-10 02:02:31] 2026-08-10 02:02:31 | INFO     | KDClient 3 round 13 completed (acc=0.8542, n=4569)
[2026-08-10 02:02:31] 2026-08-10 02:02:31 | INFO     | KDClient 4 fit round 13 (tier=small)
[2026-08-10 02:02:31] 2026-08-10 02:02:31 | INFO     | KDClient 4 round 13 public KD (epochs=2)
[2026-08-10 02:02:41] 2026-08-10 02:02:41 | INFO     | KDClient 4 round 13 local training (epochs=3)
[2026-08-10 02:03:08] 2026-08-10 02:03:08 | INFO     | KDClient 4 round 13 completed (acc=0.8808, n=4988)
[2026-08-10 02:03:08] 2026-08-10 02:03:08 | INFO     | KDClient 5 fit round 13 (tier=small)
[2026-08-10 02:03:08] 2026-08-10 02:03:08 | INFO     | KDClient 5 round 13 public KD (epochs=2)
[2026-08-10 02:03:19] 2026-08-10 02:03:19 | INFO     | KDClient 5 round 13 local training (epochs=3)
[2026-08-10 02:03:36] 2026-08-10 02:03:36 | INFO     | KDClient 5 round 13 completed (acc=0.9022, n=2078)
[2026-08-10 02:03:36] 2026-08-10 02:03:36 | INFO     | KDClient 6 fit round 13 (tier=small)
[2026-08-10 02:03:36] 2026-08-10 02:03:36 | INFO     | KDClient 6 round 13 public KD (epochs=2)
[2026-08-10 02:03:47] 2026-08-10 02:03:47 | INFO     | KDClient 6 round 13 local training (epochs=3)
[2026-08-10 02:04:05] 2026-08-10 02:04:05 | INFO     | KDClient 6 round 13 completed (acc=0.7774, n=1216)
[2026-08-10 02:04:05] 2026-08-10 02:04:05 | INFO     | KDClient 7 fit round 13 (tier=medium)
[2026-08-10 02:04:05] 2026-08-10 02:04:05 | INFO     | KDClient 7 round 13 public KD (epochs=2)
[2026-08-10 02:04:39] 2026-08-10 02:04:39 | INFO     | KDClient 7 round 13 local training (epochs=3)
[2026-08-10 02:05:22] 2026-08-10 02:05:22 | INFO     | KDClient 7 round 13 completed (acc=0.8644, n=2068)
[2026-08-10 02:05:22] 2026-08-10 02:05:22 | INFO     | KDClient 8 fit round 13 (tier=medium)
[2026-08-10 02:05:22] 2026-08-10 02:05:22 | INFO     | KDClient 8 round 13 public KD (epochs=2)
[2026-08-10 02:05:57] 2026-08-10 02:05:57 | INFO     | KDClient 8 round 13 local training (epochs=3)
[2026-08-10 02:06:50] 2026-08-10 02:06:50 | INFO     | KDClient 8 round 13 completed (acc=0.7396, n=2757)
[2026-08-10 02:06:50] 2026-08-10 02:06:50 | INFO     | KDClient 9 fit round 13 (tier=medium)
[2026-08-10 02:06:50] 2026-08-10 02:06:50 | INFO     | KDClient 9 round 13 public KD (epochs=2)
[2026-08-10 02:07:25] 2026-08-10 02:07:25 | INFO     | KDClient 9 round 13 local training (epochs=3)
[2026-08-10 02:08:16] 2026-08-10 02:08:16 | INFO     | KDClient 9 round 13 completed (acc=0.8132, n=3030)
[2026-08-10 02:08:16] 2026-08-10 02:08:16 | INFO     | KDClient 10 fit round 13 (tier=medium)
[2026-08-10 02:08:16] 2026-08-10 02:08:16 | INFO     | KDClient 10 round 13 public KD (epochs=2)
[2026-08-10 02:08:56] 2026-08-10 02:08:56 | INFO     | KDClient 10 round 13 local training (epochs=3)
[2026-08-10 02:10:04] 2026-08-10 02:10:04 | INFO     | KDClient 10 round 13 completed (acc=0.7843, n=2256)
[2026-08-10 02:10:04] 2026-08-10 02:10:04 | INFO     | KDClient 11 fit round 13 (tier=medium)
[2026-08-10 02:10:04] 2026-08-10 02:10:04 | INFO     | KDClient 11 round 13 public KD (epochs=2)
[2026-08-10 02:11:06] 2026-08-10 02:11:06 | INFO     | KDClient 11 round 13 local training (epochs=3)
[2026-08-10 02:12:13] 2026-08-10 02:12:13 | INFO     | KDClient 11 round 13 completed (acc=0.7543, n=2774)
[2026-08-10 02:12:13] 2026-08-10 02:12:13 | INFO     | KDClient 12 fit round 13 (tier=medium)
[2026-08-10 02:12:13] 2026-08-10 02:12:13 | INFO     | KDClient 12 round 13 public KD (epochs=2)
[2026-08-10 02:12:51] 2026-08-10 02:12:51 | INFO     | KDClient 12 round 13 local training (epochs=3)
[2026-08-10 02:13:51] 2026-08-10 02:13:51 | INFO     | KDClient 12 round 13 completed (acc=0.8553, n=2925)
[2026-08-10 02:13:51] 2026-08-10 02:13:51 | INFO     | KDClient 13 fit round 13 (tier=medium)
[2026-08-10 02:13:51] 2026-08-10 02:13:51 | INFO     | KDClient 13 round 13 public KD (epochs=2)
[2026-08-10 02:14:33] 2026-08-10 02:14:33 | INFO     | KDClient 13 round 13 local training (epochs=3)
[2026-08-10 02:15:26] 2026-08-10 02:15:26 | INFO     | KDClient 13 round 13 completed (acc=0.8765, n=4336)
[2026-08-10 02:15:26] 2026-08-10 02:15:26 | INFO     | KDClient 14 fit round 13 (tier=large)
[2026-08-10 02:15:26] 2026-08-10 02:15:26 | INFO     | KDClient 14 round 13 public KD (epochs=2)
[2026-08-10 02:16:19] 2026-08-10 02:16:19 | INFO     | KDClient 14 round 13 local training (epochs=3)
[2026-08-10 02:17:30] 2026-08-10 02:17:30 | INFO     | KDClient 14 round 13 completed (acc=0.8565, n=2293)
[2026-08-10 02:17:30] 2026-08-10 02:17:30 | INFO     | KDClient 15 fit round 13 (tier=large)
[2026-08-10 02:17:30] 2026-08-10 02:17:30 | INFO     | KDClient 15 round 13 public KD (epochs=2)
[2026-08-10 02:18:35] 2026-08-10 02:18:35 | INFO     | KDClient 15 round 13 local training (epochs=3)
[2026-08-10 02:19:52] 2026-08-10 02:19:52 | INFO     | KDClient 15 round 13 completed (acc=0.9735, n=4755)
[2026-08-10 02:19:52] 2026-08-10 02:19:52 | INFO     | KDClient 16 fit round 13 (tier=large)
[2026-08-10 02:19:52] 2026-08-10 02:19:52 | INFO     | KDClient 16 round 13 public KD (epochs=2)
[2026-08-10 02:20:40] 2026-08-10 02:20:40 | INFO     | KDClient 16 round 13 local training (epochs=3)
[2026-08-10 02:22:11] 2026-08-10 02:22:11 | INFO     | KDClient 16 round 13 completed (acc=0.9653, n=4718)
[2026-08-10 02:22:11] 2026-08-10 02:22:11 | INFO     | KDClient 17 fit round 13 (tier=large)
[2026-08-10 02:22:11] 2026-08-10 02:22:11 | INFO     | KDClient 17 round 13 public KD (epochs=2)
[2026-08-10 02:22:58] 2026-08-10 02:22:58 | INFO     | KDClient 17 round 13 local training (epochs=3)
[2026-08-10 02:24:27] 2026-08-10 02:24:27 | INFO     | KDClient 17 round 13 completed (acc=0.8610, n=3677)
[2026-08-10 02:24:27] 2026-08-10 02:24:27 | INFO     | KDClient 18 fit round 13 (tier=large)
[2026-08-10 02:24:27] 2026-08-10 02:24:27 | INFO     | KDClient 18 round 13 public KD (epochs=2)
[2026-08-10 02:25:15] 2026-08-10 02:25:15 | INFO     | KDClient 18 round 13 local training (epochs=3)
[2026-08-10 02:26:05] 2026-08-10 02:26:05 | INFO     | KDClient 18 round 13 completed (acc=0.8362, n=1384)
[2026-08-10 02:26:05] 2026-08-10 02:26:05 | INFO     | KDClient 19 fit round 13 (tier=large)
[2026-08-10 02:26:05] 2026-08-10 02:26:05 | INFO     | KDClient 19 round 13 public KD (epochs=2)
[2026-08-10 02:26:52] 2026-08-10 02:26:52 | INFO     | KDClient 19 round 13 local training (epochs=3)
[2026-08-10 02:28:39] 2026-08-10 02:28:39 | INFO     | KDClient 19 round 13 completed (acc=0.8940, n=3137)
[2026-08-10 02:28:39]   Round  13/40 | Avg: 0.8479 | Min: 0.7396 | Max: 0.9735
[2026-08-10 02:28:39] 2026-08-10 02:28:39 | INFO     | FEDAKD — NONIID: round 14/40 starting
[2026-08-10 02:28:39] 2026-08-10 02:28:39 | INFO     | KDClient 0 fit round 14 (tier=small)
[2026-08-10 02:28:39] 2026-08-10 02:28:39 | INFO     | KDClient 0 round 14 public KD (epochs=2)
[2026-08-10 02:28:51] 2026-08-10 02:28:51 | INFO     | KDClient 0 round 14 local training (epochs=3)
[2026-08-10 02:29:11] 2026-08-10 02:29:11 | INFO     | KDClient 0 round 14 completed (acc=0.8232, n=2849)
[2026-08-10 02:29:11] 2026-08-10 02:29:11 | INFO     | KDClient 1 fit round 14 (tier=small)
[2026-08-10 02:29:11] 2026-08-10 02:29:11 | INFO     | KDClient 1 round 14 public KD (epochs=2)
[2026-08-10 02:29:22] 2026-08-10 02:29:22 | INFO     | KDClient 1 round 14 local training (epochs=3)
[2026-08-10 02:29:46] 2026-08-10 02:29:46 | INFO     | KDClient 1 round 14 completed (acc=0.8308, n=2453)
[2026-08-10 02:29:46] 2026-08-10 02:29:46 | INFO     | KDClient 2 fit round 14 (tier=small)
[2026-08-10 02:29:46] 2026-08-10 02:29:46 | INFO     | KDClient 2 round 14 public KD (epochs=2)
[2026-08-10 02:29:58] 2026-08-10 02:29:58 | INFO     | KDClient 2 round 14 local training (epochs=3)
[2026-08-10 02:30:18] 2026-08-10 02:30:18 | INFO     | KDClient 2 round 14 completed (acc=0.8092, n=1737)
[2026-08-10 02:30:18] 2026-08-10 02:30:18 | INFO     | KDClient 3 fit round 14 (tier=small)
[2026-08-10 02:30:18] 2026-08-10 02:30:18 | INFO     | KDClient 3 round 14 public KD (epochs=2)
[2026-08-10 02:30:31] 2026-08-10 02:30:31 | INFO     | KDClient 3 round 14 local training (epochs=3)
[2026-08-10 02:30:58] 2026-08-10 02:30:58 | INFO     | KDClient 3 round 14 completed (acc=0.8631, n=4569)
[2026-08-10 02:30:58] 2026-08-10 02:30:58 | INFO     | KDClient 4 fit round 14 (tier=small)
[2026-08-10 02:30:58] 2026-08-10 02:30:58 | INFO     | KDClient 4 round 14 public KD (epochs=2)
[2026-08-10 02:31:16] 2026-08-10 02:31:16 | INFO     | KDClient 4 round 14 local training (epochs=3)
[2026-08-10 02:31:42] 2026-08-10 02:31:42 | INFO     | KDClient 4 round 14 completed (acc=0.8791, n=4988)
[2026-08-10 02:31:42] 2026-08-10 02:31:42 | INFO     | KDClient 5 fit round 14 (tier=small)
[2026-08-10 02:31:42] 2026-08-10 02:31:42 | INFO     | KDClient 5 round 14 public KD (epochs=2)
[2026-08-10 02:31:55] 2026-08-10 02:31:55 | INFO     | KDClient 5 round 14 local training (epochs=3)
[2026-08-10 02:32:19] 2026-08-10 02:32:19 | INFO     | KDClient 5 round 14 completed (acc=0.9106, n=2078)
[2026-08-10 02:32:19] 2026-08-10 02:32:19 | INFO     | KDClient 6 fit round 14 (tier=small)
[2026-08-10 02:32:19] 2026-08-10 02:32:19 | INFO     | KDClient 6 round 14 public KD (epochs=2)
[2026-08-10 02:32:37] 2026-08-10 02:32:37 | INFO     | KDClient 6 round 14 local training (epochs=3)
[2026-08-10 02:32:56] 2026-08-10 02:32:56 | INFO     | KDClient 6 round 14 completed (acc=0.7808, n=1216)
[2026-08-10 02:32:56] 2026-08-10 02:32:56 | INFO     | KDClient 7 fit round 14 (tier=medium)
[2026-08-10 02:32:56] 2026-08-10 02:32:56 | INFO     | KDClient 7 round 14 public KD (epochs=2)
[2026-08-10 02:33:35] 2026-08-10 02:33:35 | INFO     | KDClient 7 round 14 local training (epochs=3)
[2026-08-10 02:34:26] 2026-08-10 02:34:26 | INFO     | KDClient 7 round 14 completed (acc=0.8563, n=2068)
[2026-08-10 02:34:26] 2026-08-10 02:34:26 | INFO     | KDClient 8 fit round 14 (tier=medium)
[2026-08-10 02:34:26] 2026-08-10 02:34:26 | INFO     | KDClient 8 round 14 public KD (epochs=2)
[2026-08-10 02:35:00] 2026-08-10 02:35:00 | INFO     | KDClient 8 round 14 local training (epochs=3)
[2026-08-10 02:35:52] 2026-08-10 02:35:52 | INFO     | KDClient 8 round 14 completed (acc=0.7440, n=2757)
[2026-08-10 02:35:52] 2026-08-10 02:35:52 | INFO     | KDClient 9 fit round 14 (tier=medium)
[2026-08-10 02:35:52] 2026-08-10 02:35:52 | INFO     | KDClient 9 round 14 public KD (epochs=2)
[2026-08-10 02:36:21] 2026-08-10 02:36:21 | INFO     | KDClient 9 round 14 local training (epochs=3)
[2026-08-10 02:37:07] 2026-08-10 02:37:07 | INFO     | KDClient 9 round 14 completed (acc=0.7887, n=3030)
[2026-08-10 02:37:07] 2026-08-10 02:37:07 | INFO     | KDClient 10 fit round 14 (tier=medium)
[2026-08-10 02:37:07] 2026-08-10 02:37:07 | INFO     | KDClient 10 round 14 public KD (epochs=2)
[2026-08-10 02:37:41] 2026-08-10 02:37:41 | INFO     | KDClient 10 round 14 local training (epochs=3)
[2026-08-10 02:38:23] 2026-08-10 02:38:23 | INFO     | KDClient 10 round 14 completed (acc=0.7737, n=2256)
[2026-08-10 02:38:23] 2026-08-10 02:38:23 | INFO     | KDClient 11 fit round 14 (tier=medium)
[2026-08-10 02:38:23] 2026-08-10 02:38:23 | INFO     | KDClient 11 round 14 public KD (epochs=2)
[2026-08-10 02:38:58] 2026-08-10 02:38:58 | INFO     | KDClient 11 round 14 local training (epochs=3)
[2026-08-10 02:39:42] 2026-08-10 02:39:42 | INFO     | KDClient 11 round 14 completed (acc=0.7593, n=2774)
[2026-08-10 02:39:42] 2026-08-10 02:39:42 | INFO     | KDClient 12 fit round 14 (tier=medium)
[2026-08-10 02:39:42] 2026-08-10 02:39:42 | INFO     | KDClient 12 round 14 public KD (epochs=2)
[2026-08-10 02:40:12] 2026-08-10 02:40:12 | INFO     | KDClient 12 round 14 local training (epochs=3)
[2026-08-10 02:41:04] 2026-08-10 02:41:04 | INFO     | KDClient 12 round 14 completed (acc=0.8822, n=2925)
[2026-08-10 02:41:04] 2026-08-10 02:41:04 | INFO     | KDClient 13 fit round 14 (tier=medium)
[2026-08-10 02:41:04] 2026-08-10 02:41:04 | INFO     | KDClient 13 round 14 public KD (epochs=2)
[2026-08-10 02:41:36] 2026-08-10 02:41:36 | INFO     | KDClient 13 round 14 local training (epochs=3)
[2026-08-10 02:42:41] 2026-08-10 02:42:41 | INFO     | KDClient 13 round 14 completed (acc=0.8789, n=4336)
[2026-08-10 02:42:41] 2026-08-10 02:42:41 | INFO     | KDClient 14 fit round 14 (tier=large)
[2026-08-10 02:42:41] 2026-08-10 02:42:41 | INFO     | KDClient 14 round 14 public KD (epochs=2)
[2026-08-10 02:43:39] 2026-08-10 02:43:39 | INFO     | KDClient 14 round 14 local training (epochs=3)
[2026-08-10 02:44:51] 2026-08-10 02:44:51 | INFO     | KDClient 14 round 14 completed (acc=0.8683, n=2293)
[2026-08-10 02:44:51] 2026-08-10 02:44:51 | INFO     | KDClient 15 fit round 14 (tier=large)
[2026-08-10 02:44:51] 2026-08-10 02:44:51 | INFO     | KDClient 15 round 14 public KD (epochs=2)
[2026-08-10 02:46:02] 2026-08-10 02:46:02 | INFO     | KDClient 15 round 14 local training (epochs=3)
[2026-08-10 02:48:21] 2026-08-10 02:48:21 | INFO     | KDClient 15 round 14 completed (acc=0.9661, n=4755)
[2026-08-10 02:48:21] 2026-08-10 02:48:21 | INFO     | KDClient 16 fit round 14 (tier=large)
[2026-08-10 02:48:21] 2026-08-10 02:48:21 | INFO     | KDClient 16 round 14 public KD (epochs=2)
[2026-08-10 02:49:33] 2026-08-10 02:49:33 | INFO     | KDClient 16 round 14 local training (epochs=3)
[2026-08-10 02:50:41] 2026-08-10 02:50:41 | INFO     | KDClient 16 round 14 completed (acc=0.9605, n=4718)
[2026-08-10 02:50:41] 2026-08-10 02:50:41 | INFO     | KDClient 17 fit round 14 (tier=large)
[2026-08-10 02:50:41] 2026-08-10 02:50:41 | INFO     | KDClient 17 round 14 public KD (epochs=2)
[2026-08-10 02:51:29] 2026-08-10 02:51:29 | INFO     | KDClient 17 round 14 local training (epochs=3)
[2026-08-10 02:52:44] 2026-08-10 02:52:43 | INFO     | KDClient 17 round 14 completed (acc=0.8616, n=3677)
[2026-08-10 02:52:44] 2026-08-10 02:52:43 | INFO     | KDClient 18 fit round 14 (tier=large)
[2026-08-10 02:52:44] 2026-08-10 02:52:43 | INFO     | KDClient 18 round 14 public KD (epochs=2)
[2026-08-10 02:53:27] 2026-08-10 02:53:27 | INFO     | KDClient 18 round 14 local training (epochs=3)
[2026-08-10 02:54:13] 2026-08-10 02:54:13 | INFO     | KDClient 18 round 14 completed (acc=0.8604, n=1384)
[2026-08-10 02:54:13] 2026-08-10 02:54:13 | INFO     | KDClient 19 fit round 14 (tier=large)
[2026-08-10 02:54:13] 2026-08-10 02:54:13 | INFO     | KDClient 19 round 14 public KD (epochs=2)
[2026-08-10 02:55:01] 2026-08-10 02:55:01 | INFO     | KDClient 19 round 14 local training (epochs=3)
[2026-08-10 02:56:14] 2026-08-10 02:56:14 | INFO     | KDClient 19 round 14 completed (acc=0.9040, n=3137)
[2026-08-10 02:56:14]   Round  14/40 | Avg: 0.8500 | Min: 0.7440 | Max: 0.9661
[2026-08-10 02:56:14] 2026-08-10 02:56:14 | INFO     | FEDAKD — NONIID: round 15/40 starting
[2026-08-10 02:56:14] 2026-08-10 02:56:14 | INFO     | KDClient 0 fit round 15 (tier=small)
[2026-08-10 02:56:14] 2026-08-10 02:56:14 | INFO     | KDClient 0 round 15 public KD (epochs=2)
[2026-08-10 02:56:23] 2026-08-10 02:56:23 | INFO     | KDClient 0 round 15 local training (epochs=3)
[2026-08-10 02:56:38] 2026-08-10 02:56:38 | INFO     | KDClient 0 round 15 completed (acc=0.8468, n=2849)
[2026-08-10 02:56:38] 2026-08-10 02:56:38 | INFO     | KDClient 1 fit round 15 (tier=small)
[2026-08-10 02:56:38] 2026-08-10 02:56:38 | INFO     | KDClient 1 round 15 public KD (epochs=2)
[2026-08-10 02:56:46] 2026-08-10 02:56:46 | INFO     | KDClient 1 round 15 local training (epochs=3)
[2026-08-10 02:57:02] 2026-08-10 02:57:02 | INFO     | KDClient 1 round 15 completed (acc=0.8305, n=2453)
[2026-08-10 02:57:02] 2026-08-10 02:57:02 | INFO     | KDClient 2 fit round 15 (tier=small)
[2026-08-10 02:57:02] 2026-08-10 02:57:02 | INFO     | KDClient 2 round 15 public KD (epochs=2)
[2026-08-10 02:57:11] 2026-08-10 02:57:11 | INFO     | KDClient 2 round 15 local training (epochs=3)
[2026-08-10 02:57:26] 2026-08-10 02:57:26 | INFO     | KDClient 2 round 15 completed (acc=0.8119, n=1737)
[2026-08-10 02:57:26] 2026-08-10 02:57:26 | INFO     | KDClient 3 fit round 15 (tier=small)
[2026-08-10 02:57:26] 2026-08-10 02:57:26 | INFO     | KDClient 3 round 15 public KD (epochs=2)
[2026-08-10 02:57:37] 2026-08-10 02:57:37 | INFO     | KDClient 3 round 15 local training (epochs=3)
[2026-08-10 02:57:57] 2026-08-10 02:57:57 | INFO     | KDClient 3 round 15 completed (acc=0.8614, n=4569)
[2026-08-10 02:57:57] 2026-08-10 02:57:57 | INFO     | KDClient 4 fit round 15 (tier=small)
[2026-08-10 02:57:57] 2026-08-10 02:57:57 | INFO     | KDClient 4 round 15 public KD (epochs=2)
[2026-08-10 02:58:13] 2026-08-10 02:58:13 | INFO     | KDClient 4 round 15 local training (epochs=3)
[2026-08-10 02:58:34] 2026-08-10 02:58:34 | INFO     | KDClient 4 round 15 completed (acc=0.8778, n=4988)
[2026-08-10 02:58:34] 2026-08-10 02:58:34 | INFO     | KDClient 5 fit round 15 (tier=small)
[2026-08-10 02:58:34] 2026-08-10 02:58:34 | INFO     | KDClient 5 round 15 public KD (epochs=2)
[2026-08-10 02:58:44] 2026-08-10 02:58:44 | INFO     | KDClient 5 round 15 local training (epochs=3)
[2026-08-10 02:59:00] 2026-08-10 02:59:00 | INFO     | KDClient 5 round 15 completed (acc=0.9034, n=2078)
[2026-08-10 02:59:00] 2026-08-10 02:59:00 | INFO     | KDClient 6 fit round 15 (tier=small)
[2026-08-10 02:59:00] 2026-08-10 02:59:00 | INFO     | KDClient 6 round 15 public KD (epochs=2)
[2026-08-10 02:59:09] 2026-08-10 02:59:08 | INFO     | KDClient 6 round 15 local training (epochs=3)
[2026-08-10 02:59:18] 2026-08-10 02:59:18 | INFO     | KDClient 6 round 15 completed (acc=0.7765, n=1216)
[2026-08-10 02:59:18] 2026-08-10 02:59:18 | INFO     | KDClient 7 fit round 15 (tier=medium)
[2026-08-10 02:59:18] 2026-08-10 02:59:18 | INFO     | KDClient 7 round 15 public KD (epochs=2)
[2026-08-10 02:59:52] 2026-08-10 02:59:52 | INFO     | KDClient 7 round 15 local training (epochs=3)
[2026-08-10 03:00:30] 2026-08-10 03:00:30 | INFO     | KDClient 7 round 15 completed (acc=0.8591, n=2068)
[2026-08-10 03:00:30] 2026-08-10 03:00:30 | INFO     | KDClient 8 fit round 15 (tier=medium)
[2026-08-10 03:00:30] 2026-08-10 03:00:30 | INFO     | KDClient 8 round 15 public KD (epochs=2)
[2026-08-10 03:01:06] 2026-08-10 03:01:06 | INFO     | KDClient 8 round 15 local training (epochs=3)
[2026-08-10 03:01:57] 2026-08-10 03:01:57 | INFO     | KDClient 8 round 15 completed (acc=0.7471, n=2757)
[2026-08-10 03:01:57] 2026-08-10 03:01:57 | INFO     | KDClient 9 fit round 15 (tier=medium)
[2026-08-10 03:01:57] 2026-08-10 03:01:57 | INFO     | KDClient 9 round 15 public KD (epochs=2)
[2026-08-10 03:02:35] 2026-08-10 03:02:35 | INFO     | KDClient 9 round 15 local training (epochs=3)
[2026-08-10 03:03:22] 2026-08-10 03:03:22 | INFO     | KDClient 9 round 15 completed (acc=0.8043, n=3030)
[2026-08-10 03:03:22] 2026-08-10 03:03:22 | INFO     | KDClient 10 fit round 15 (tier=medium)
[2026-08-10 03:03:22] 2026-08-10 03:03:22 | INFO     | KDClient 10 round 15 public KD (epochs=2)
[2026-08-10 03:03:55] 2026-08-10 03:03:55 | INFO     | KDClient 10 round 15 local training (epochs=3)
[2026-08-10 03:04:38] 2026-08-10 03:04:38 | INFO     | KDClient 10 round 15 completed (acc=0.7808, n=2256)
[2026-08-10 03:04:38] 2026-08-10 03:04:38 | INFO     | KDClient 11 fit round 15 (tier=medium)
[2026-08-10 03:04:38] 2026-08-10 03:04:38 | INFO     | KDClient 11 round 15 public KD (epochs=2)
[2026-08-10 03:05:07] 2026-08-10 03:05:07 | INFO     | KDClient 11 round 15 local training (epochs=3)
[2026-08-10 03:05:54] 2026-08-10 03:05:54 | INFO     | KDClient 11 round 15 completed (acc=0.7776, n=2774)
[2026-08-10 03:05:54] 2026-08-10 03:05:54 | INFO     | KDClient 12 fit round 15 (tier=medium)
[2026-08-10 03:05:54] 2026-08-10 03:05:54 | INFO     | KDClient 12 round 15 public KD (epochs=2)
[2026-08-10 03:06:29] 2026-08-10 03:06:29 | INFO     | KDClient 12 round 15 local training (epochs=3)
[2026-08-10 03:07:27] 2026-08-10 03:07:27 | INFO     | KDClient 12 round 15 completed (acc=0.8730, n=2925)
[2026-08-10 03:07:27] 2026-08-10 03:07:27 | INFO     | KDClient 13 fit round 15 (tier=medium)
[2026-08-10 03:07:27] 2026-08-10 03:07:27 | INFO     | KDClient 13 round 15 public KD (epochs=2)
[2026-08-10 03:08:02] 2026-08-10 03:08:02 | INFO     | KDClient 13 round 15 local training (epochs=3)
[2026-08-10 03:08:50] 2026-08-10 03:08:50 | INFO     | KDClient 13 round 15 completed (acc=0.8797, n=4336)
[2026-08-10 03:08:50] 2026-08-10 03:08:50 | INFO     | KDClient 14 fit round 15 (tier=large)
[2026-08-10 03:08:50] 2026-08-10 03:08:50 | INFO     | KDClient 14 round 15 public KD (epochs=2)
[2026-08-10 03:09:38] 2026-08-10 03:09:38 | INFO     | KDClient 14 round 15 local training (epochs=3)
[2026-08-10 03:10:47] 2026-08-10 03:10:47 | INFO     | KDClient 14 round 15 completed (acc=0.8650, n=2293)
[2026-08-10 03:10:47] 2026-08-10 03:10:47 | INFO     | KDClient 15 fit round 15 (tier=large)
[2026-08-10 03:10:47] 2026-08-10 03:10:47 | INFO     | KDClient 15 round 15 public KD (epochs=2)
[2026-08-10 03:11:53] 2026-08-10 03:11:53 | INFO     | KDClient 15 round 15 local training (epochs=3)
[2026-08-10 03:13:33] 2026-08-10 03:13:33 | INFO     | KDClient 15 round 15 completed (acc=0.9682, n=4755)
[2026-08-10 03:13:33] 2026-08-10 03:13:33 | INFO     | KDClient 16 fit round 15 (tier=large)
[2026-08-10 03:13:33] 2026-08-10 03:13:33 | INFO     | KDClient 16 round 15 public KD (epochs=2)
[2026-08-10 03:14:17] 2026-08-10 03:14:17 | INFO     | KDClient 16 round 15 local training (epochs=3)
[2026-08-10 03:15:56] 2026-08-10 03:15:56 | INFO     | KDClient 16 round 15 completed (acc=0.9641, n=4718)
[2026-08-10 03:15:56] 2026-08-10 03:15:56 | INFO     | KDClient 17 fit round 15 (tier=large)
[2026-08-10 03:15:56] 2026-08-10 03:15:56 | INFO     | KDClient 17 round 15 public KD (epochs=2)
[2026-08-10 03:16:45] 2026-08-10 03:16:45 | INFO     | KDClient 17 round 15 local training (epochs=3)
[2026-08-10 03:18:08] 2026-08-10 03:18:08 | INFO     | KDClient 17 round 15 completed (acc=0.8769, n=3677)
[2026-08-10 03:18:08] 2026-08-10 03:18:08 | INFO     | KDClient 18 fit round 15 (tier=large)
[2026-08-10 03:18:08] 2026-08-10 03:18:08 | INFO     | KDClient 18 round 15 public KD (epochs=2)
[2026-08-10 03:19:04] 2026-08-10 03:19:04 | INFO     | KDClient 18 round 15 local training (epochs=3)
[2026-08-10 03:20:06] 2026-08-10 03:20:06 | INFO     | KDClient 18 round 15 completed (acc=0.8595, n=1384)
[2026-08-10 03:20:06] 2026-08-10 03:20:06 | INFO     | KDClient 19 fit round 15 (tier=large)
[2026-08-10 03:20:06] 2026-08-10 03:20:06 | INFO     | KDClient 19 round 15 public KD (epochs=2)
[2026-08-10 03:20:55] 2026-08-10 03:20:55 | INFO     | KDClient 19 round 15 local training (epochs=3)
[2026-08-10 03:22:03] 2026-08-10 03:22:03 | INFO     | KDClient 19 round 15 completed (acc=0.8822, n=3137)
[2026-08-10 03:22:03]   Round  15/40 | Avg: 0.8523 | Min: 0.7471 | Max: 0.9682
[2026-08-10 03:22:03] 2026-08-10 03:22:03 | INFO     | FEDAKD — NONIID: round 16/40 starting
[2026-08-10 03:22:03] 2026-08-10 03:22:03 | INFO     | KDClient 0 fit round 16 (tier=small)
[2026-08-10 03:22:03] 2026-08-10 03:22:03 | INFO     | KDClient 0 round 16 public KD (epochs=2)
[2026-08-10 03:22:16] 2026-08-10 03:22:16 | INFO     | KDClient 0 round 16 local training (epochs=3)
[2026-08-10 03:22:41] 2026-08-10 03:22:41 | INFO     | KDClient 0 round 16 completed (acc=0.8516, n=2849)
[2026-08-10 03:22:41] 2026-08-10 03:22:41 | INFO     | KDClient 1 fit round 16 (tier=small)
[2026-08-10 03:22:41] 2026-08-10 03:22:41 | INFO     | KDClient 1 round 16 public KD (epochs=2)
[2026-08-10 03:22:54] 2026-08-10 03:22:54 | INFO     | KDClient 1 round 16 local training (epochs=3)
[2026-08-10 03:23:23] 2026-08-10 03:23:23 | INFO     | KDClient 1 round 16 completed (acc=0.8273, n=2453)
[2026-08-10 03:23:23] 2026-08-10 03:23:23 | INFO     | KDClient 2 fit round 16 (tier=small)
[2026-08-10 03:23:23] 2026-08-10 03:23:23 | INFO     | KDClient 2 round 16 public KD (epochs=2)
[2026-08-10 03:23:38] 2026-08-10 03:23:38 | INFO     | KDClient 2 round 16 local training (epochs=3)
[2026-08-10 03:24:00] 2026-08-10 03:24:00 | INFO     | KDClient 2 round 16 completed (acc=0.8167, n=1737)
[2026-08-10 03:24:00] 2026-08-10 03:24:00 | INFO     | KDClient 3 fit round 16 (tier=small)
[2026-08-10 03:24:00] 2026-08-10 03:24:00 | INFO     | KDClient 3 round 16 public KD (epochs=2)
[2026-08-10 03:24:12] 2026-08-10 03:24:12 | INFO     | KDClient 3 round 16 local training (epochs=3)
[2026-08-10 03:24:40] 2026-08-10 03:24:40 | INFO     | KDClient 3 round 16 completed (acc=0.8693, n=4569)
[2026-08-10 03:24:40] 2026-08-10 03:24:40 | INFO     | KDClient 4 fit round 16 (tier=small)
[2026-08-10 03:24:40] 2026-08-10 03:24:40 | INFO     | KDClient 4 round 16 public KD (epochs=2)
[2026-08-10 03:24:58] 2026-08-10 03:24:58 | INFO     | KDClient 4 round 16 local training (epochs=3)
[2026-08-10 03:25:31] 2026-08-10 03:25:31 | INFO     | KDClient 4 round 16 completed (acc=0.8734, n=4988)
[2026-08-10 03:25:31] 2026-08-10 03:25:31 | INFO     | KDClient 5 fit round 16 (tier=small)
[2026-08-10 03:25:31] 2026-08-10 03:25:31 | INFO     | KDClient 5 round 16 public KD (epochs=2)
[2026-08-10 03:25:44] 2026-08-10 03:25:44 | INFO     | KDClient 5 round 16 local training (epochs=3)
[2026-08-10 03:26:10] 2026-08-10 03:26:10 | INFO     | KDClient 5 round 16 completed (acc=0.9175, n=2078)
[2026-08-10 03:26:10] 2026-08-10 03:26:10 | INFO     | KDClient 6 fit round 16 (tier=small)
[2026-08-10 03:26:10] 2026-08-10 03:26:10 | INFO     | KDClient 6 round 16 public KD (epochs=2)
[2026-08-10 03:26:24] 2026-08-10 03:26:24 | INFO     | KDClient 6 round 16 local training (epochs=3)
[2026-08-10 03:26:44] 2026-08-10 03:26:44 | INFO     | KDClient 6 round 16 completed (acc=0.7878, n=1216)
[2026-08-10 03:26:44] 2026-08-10 03:26:44 | INFO     | KDClient 7 fit round 16 (tier=medium)
[2026-08-10 03:26:44] 2026-08-10 03:26:44 | INFO     | KDClient 7 round 16 public KD (epochs=2)
[2026-08-10 03:27:25] 2026-08-10 03:27:25 | INFO     | KDClient 7 round 16 local training (epochs=3)
[2026-08-10 03:28:17] 2026-08-10 03:28:17 | INFO     | KDClient 7 round 16 completed (acc=0.8445, n=2068)
[2026-08-10 03:28:17] 2026-08-10 03:28:17 | INFO     | KDClient 8 fit round 16 (tier=medium)
[2026-08-10 03:28:17] 2026-08-10 03:28:17 | INFO     | KDClient 8 round 16 public KD (epochs=2)
[2026-08-10 03:29:16] 2026-08-10 03:29:16 | INFO     | KDClient 8 round 16 local training (epochs=3)
[2026-08-10 03:30:04] 2026-08-10 03:30:04 | INFO     | KDClient 8 round 16 completed (acc=0.7448, n=2757)
[2026-08-10 03:30:04] 2026-08-10 03:30:04 | INFO     | KDClient 9 fit round 16 (tier=medium)
[2026-08-10 03:30:04] 2026-08-10 03:30:04 | INFO     | KDClient 9 round 16 public KD (epochs=2)
[2026-08-10 03:30:40] 2026-08-10 03:30:40 | INFO     | KDClient 9 round 16 local training (epochs=3)
[2026-08-10 03:31:38] 2026-08-10 03:31:38 | INFO     | KDClient 9 round 16 completed (acc=0.8099, n=3030)
[2026-08-10 03:31:38] 2026-08-10 03:31:38 | INFO     | KDClient 10 fit round 16 (tier=medium)
[2026-08-10 03:31:38] 2026-08-10 03:31:38 | INFO     | KDClient 10 round 16 public KD (epochs=2)
[2026-08-10 03:32:11] 2026-08-10 03:32:11 | INFO     | KDClient 10 round 16 local training (epochs=3)
[2026-08-10 03:32:56] 2026-08-10 03:32:56 | INFO     | KDClient 10 round 16 completed (acc=0.7731, n=2256)
[2026-08-10 03:32:56] 2026-08-10 03:32:56 | INFO     | KDClient 11 fit round 16 (tier=medium)
[2026-08-10 03:32:56] 2026-08-10 03:32:56 | INFO     | KDClient 11 round 16 public KD (epochs=2)
[2026-08-10 03:33:31] 2026-08-10 03:33:31 | INFO     | KDClient 11 round 16 local training (epochs=3)
[2026-08-10 03:34:32] 2026-08-10 03:34:32 | INFO     | KDClient 11 round 16 completed (acc=0.7720, n=2774)
[2026-08-10 03:34:32] 2026-08-10 03:34:32 | INFO     | KDClient 12 fit round 16 (tier=medium)
[2026-08-10 03:34:32] 2026-08-10 03:34:32 | INFO     | KDClient 12 round 16 public KD (epochs=2)
[2026-08-10 03:35:12] 2026-08-10 03:35:12 | INFO     | KDClient 12 round 16 local training (epochs=3)
[2026-08-10 03:36:11] 2026-08-10 03:36:11 | INFO     | KDClient 12 round 16 completed (acc=0.8767, n=2925)
[2026-08-10 03:36:11] 2026-08-10 03:36:11 | INFO     | KDClient 13 fit round 16 (tier=medium)
[2026-08-10 03:36:11] 2026-08-10 03:36:11 | INFO     | KDClient 13 round 16 public KD (epochs=2)
[2026-08-10 03:36:53] 2026-08-10 03:36:53 | INFO     | KDClient 13 round 16 local training (epochs=3)
[2026-08-10 03:37:57] 2026-08-10 03:37:57 | INFO     | KDClient 13 round 16 completed (acc=0.8679, n=4336)
[2026-08-10 03:37:57] 2026-08-10 03:37:57 | INFO     | KDClient 14 fit round 16 (tier=large)
[2026-08-10 03:37:57] 2026-08-10 03:37:57 | INFO     | KDClient 14 round 16 public KD (epochs=2)
[2026-08-10 03:39:07] 2026-08-10 03:39:06 | INFO     | KDClient 14 round 16 local training (epochs=3)
[2026-08-10 03:40:27] 2026-08-10 03:40:27 | INFO     | KDClient 14 round 16 completed (acc=0.8651, n=2293)
[2026-08-10 03:40:27] 2026-08-10 03:40:27 | INFO     | KDClient 15 fit round 16 (tier=large)
[2026-08-10 03:40:27] 2026-08-10 03:40:27 | INFO     | KDClient 15 round 16 public KD (epochs=2)
[2026-08-10 03:41:24] 2026-08-10 03:41:24 | INFO     | KDClient 15 round 16 local training (epochs=3)
[2026-08-10 03:42:44] 2026-08-10 03:42:44 | INFO     | KDClient 15 round 16 completed (acc=0.9694, n=4755)
[2026-08-10 03:42:44] 2026-08-10 03:42:44 | INFO     | KDClient 16 fit round 16 (tier=large)
[2026-08-10 03:42:44] 2026-08-10 03:42:44 | INFO     | KDClient 16 round 16 public KD (epochs=2)
[2026-08-10 03:43:49] 2026-08-10 03:43:49 | INFO     | KDClient 16 round 16 local training (epochs=3)
[2026-08-10 03:45:00] 2026-08-10 03:45:00 | INFO     | KDClient 16 round 16 completed (acc=0.9702, n=4718)
[2026-08-10 03:45:00] 2026-08-10 03:45:00 | INFO     | KDClient 17 fit round 16 (tier=large)
[2026-08-10 03:45:00] 2026-08-10 03:45:00 | INFO     | KDClient 17 round 16 public KD (epochs=2)
[2026-08-10 03:45:46] 2026-08-10 03:45:46 | INFO     | KDClient 17 round 16 local training (epochs=3)
[2026-08-10 03:46:58] 2026-08-10 03:46:58 | INFO     | KDClient 17 round 16 completed (acc=0.8799, n=3677)
[2026-08-10 03:46:58] 2026-08-10 03:46:58 | INFO     | KDClient 18 fit round 16 (tier=large)
[2026-08-10 03:46:58] 2026-08-10 03:46:58 | INFO     | KDClient 18 round 16 public KD (epochs=2)
[2026-08-10 03:47:47] 2026-08-10 03:47:47 | INFO     | KDClient 18 round 16 local training (epochs=3)
[2026-08-10 03:48:41] 2026-08-10 03:48:41 | INFO     | KDClient 18 round 16 completed (acc=0.8564, n=1384)
[2026-08-10 03:48:41] 2026-08-10 03:48:41 | INFO     | KDClient 19 fit round 16 (tier=large)
[2026-08-10 03:48:41] 2026-08-10 03:48:41 | INFO     | KDClient 19 round 16 public KD (epochs=2)
[2026-08-10 03:49:43] 2026-08-10 03:49:43 | INFO     | KDClient 19 round 16 local training (epochs=3)
[2026-08-10 03:50:57] 2026-08-10 03:50:57 | INFO     | KDClient 19 round 16 completed (acc=0.9044, n=3137)
[2026-08-10 03:50:57]   Round  16/40 | Avg: 0.8539 | Min: 0.7448 | Max: 0.9702
[2026-08-10 03:50:57] 2026-08-10 03:50:57 | INFO     | FEDAKD — NONIID: round 17/40 starting
[2026-08-10 03:50:57] 2026-08-10 03:50:57 | INFO     | KDClient 0 fit round 17 (tier=small)
[2026-08-10 03:50:57] 2026-08-10 03:50:57 | INFO     | KDClient 0 round 17 public KD (epochs=2)
[2026-08-10 03:51:14] 2026-08-10 03:51:14 | INFO     | KDClient 0 round 17 local training (epochs=3)
[2026-08-10 03:51:38] 2026-08-10 03:51:37 | INFO     | KDClient 0 round 17 completed (acc=0.8468, n=2849)
[2026-08-10 03:51:38] 2026-08-10 03:51:37 | INFO     | KDClient 1 fit round 17 (tier=small)
[2026-08-10 03:51:38] 2026-08-10 03:51:37 | INFO     | KDClient 1 round 17 public KD (epochs=2)
[2026-08-10 03:51:49] 2026-08-10 03:51:49 | INFO     | KDClient 1 round 17 local training (epochs=3)
[2026-08-10 03:52:11] 2026-08-10 03:52:11 | INFO     | KDClient 1 round 17 completed (acc=0.8240, n=2453)
[2026-08-10 03:52:11] 2026-08-10 03:52:11 | INFO     | KDClient 2 fit round 17 (tier=small)
[2026-08-10 03:52:11] 2026-08-10 03:52:11 | INFO     | KDClient 2 round 17 public KD (epochs=2)
[2026-08-10 03:52:23] 2026-08-10 03:52:23 | INFO     | KDClient 2 round 17 local training (epochs=3)
[2026-08-10 03:52:46] 2026-08-10 03:52:46 | INFO     | KDClient 2 round 17 completed (acc=0.8027, n=1737)
[2026-08-10 03:52:46] 2026-08-10 03:52:46 | INFO     | KDClient 3 fit round 17 (tier=small)
[2026-08-10 03:52:46] 2026-08-10 03:52:46 | INFO     | KDClient 3 round 17 public KD (epochs=2)
[2026-08-10 03:52:58] 2026-08-10 03:52:58 | INFO     | KDClient 3 round 17 local training (epochs=3)
[2026-08-10 03:53:28] 2026-08-10 03:53:28 | INFO     | KDClient 3 round 17 completed (acc=0.8675, n=4569)
[2026-08-10 03:53:28] 2026-08-10 03:53:28 | INFO     | KDClient 4 fit round 17 (tier=small)
[2026-08-10 03:53:28] 2026-08-10 03:53:28 | INFO     | KDClient 4 round 17 public KD (epochs=2)
[2026-08-10 03:53:45] 2026-08-10 03:53:45 | INFO     | KDClient 4 round 17 local training (epochs=3)
[2026-08-10 03:54:11] 2026-08-10 03:54:11 | INFO     | KDClient 4 round 17 completed (acc=0.8762, n=4988)
[2026-08-10 03:54:11] 2026-08-10 03:54:11 | INFO     | KDClient 5 fit round 17 (tier=small)
[2026-08-10 03:54:11] 2026-08-10 03:54:11 | INFO     | KDClient 5 round 17 public KD (epochs=2)
[2026-08-10 03:54:28] 2026-08-10 03:54:28 | INFO     | KDClient 5 round 17 local training (epochs=3)
[2026-08-10 03:54:49] 2026-08-10 03:54:49 | INFO     | KDClient 5 round 17 completed (acc=0.9121, n=2078)
[2026-08-10 03:54:49] 2026-08-10 03:54:49 | INFO     | KDClient 6 fit round 17 (tier=small)
[2026-08-10 03:54:49] 2026-08-10 03:54:49 | INFO     | KDClient 6 round 17 public KD (epochs=2)
[2026-08-10 03:55:01] 2026-08-10 03:55:01 | INFO     | KDClient 6 round 17 local training (epochs=3)
[2026-08-10 03:55:19] 2026-08-10 03:55:19 | INFO     | KDClient 6 round 17 completed (acc=0.7767, n=1216)
[2026-08-10 03:55:19] 2026-08-10 03:55:19 | INFO     | KDClient 7 fit round 17 (tier=medium)
[2026-08-10 03:55:19] 2026-08-10 03:55:19 | INFO     | KDClient 7 round 17 public KD (epochs=2)
[2026-08-10 03:56:00] 2026-08-10 03:56:00 | INFO     | KDClient 7 round 17 local training (epochs=3)
[2026-08-10 03:56:40] 2026-08-10 03:56:40 | INFO     | KDClient 7 round 17 completed (acc=0.8548, n=2068)
[2026-08-10 03:56:40] 2026-08-10 03:56:40 | INFO     | KDClient 8 fit round 17 (tier=medium)
[2026-08-10 03:56:40] 2026-08-10 03:56:40 | INFO     | KDClient 8 round 17 public KD (epochs=2)
[2026-08-10 03:57:10] 2026-08-10 03:57:10 | INFO     | KDClient 8 round 17 local training (epochs=3)
[2026-08-10 03:57:48] 2026-08-10 03:57:48 | INFO     | KDClient 8 round 17 completed (acc=0.7366, n=2757)
[2026-08-10 03:57:48] 2026-08-10 03:57:48 | INFO     | KDClient 9 fit round 17 (tier=medium)
[2026-08-10 03:57:48] 2026-08-10 03:57:48 | INFO     | KDClient 9 round 17 public KD (epochs=2)
[2026-08-10 03:58:24] 2026-08-10 03:58:24 | INFO     | KDClient 9 round 17 local training (epochs=3)
[2026-08-10 03:59:05] 2026-08-10 03:59:05 | INFO     | KDClient 9 round 17 completed (acc=0.8040, n=3030)
[2026-08-10 03:59:05] 2026-08-10 03:59:05 | INFO     | KDClient 10 fit round 17 (tier=medium)
[2026-08-10 03:59:05] 2026-08-10 03:59:05 | INFO     | KDClient 10 round 17 public KD (epochs=2)
[2026-08-10 03:59:35] 2026-08-10 03:59:35 | INFO     | KDClient 10 round 17 local training (epochs=3)
[2026-08-10 04:00:16] 2026-08-10 04:00:16 | INFO     | KDClient 10 round 17 completed (acc=0.7911, n=2256)
[2026-08-10 04:00:16] 2026-08-10 04:00:16 | INFO     | KDClient 11 fit round 17 (tier=medium)
[2026-08-10 04:00:16] 2026-08-10 04:00:16 | INFO     | KDClient 11 round 17 public KD (epochs=2)
[2026-08-10 04:00:48] 2026-08-10 04:00:47 | INFO     | KDClient 11 round 17 local training (epochs=3)
[2026-08-10 04:01:35] 2026-08-10 04:01:35 | INFO     | KDClient 11 round 17 completed (acc=0.7877, n=2774)
[2026-08-10 04:01:35] 2026-08-10 04:01:35 | INFO     | KDClient 12 fit round 17 (tier=medium)
[2026-08-10 04:01:35] 2026-08-10 04:01:35 | INFO     | KDClient 12 round 17 public KD (epochs=2)
[2026-08-10 04:02:04] 2026-08-10 04:02:04 | INFO     | KDClient 12 round 17 local training (epochs=3)
[2026-08-10 04:02:53] 2026-08-10 04:02:53 | INFO     | KDClient 12 round 17 completed (acc=0.8726, n=2925)
[2026-08-10 04:02:53] 2026-08-10 04:02:53 | INFO     | KDClient 13 fit round 17 (tier=medium)
[2026-08-10 04:02:53] 2026-08-10 04:02:53 | INFO     | KDClient 13 round 17 public KD (epochs=2)
[2026-08-10 04:03:30] 2026-08-10 04:03:30 | INFO     | KDClient 13 round 17 local training (epochs=3)
[2026-08-10 04:04:18] 2026-08-10 04:04:18 | INFO     | KDClient 13 round 17 completed (acc=0.8776, n=4336)
[2026-08-10 04:04:18] 2026-08-10 04:04:18 | INFO     | KDClient 14 fit round 17 (tier=large)
[2026-08-10 04:04:18] 2026-08-10 04:04:18 | INFO     | KDClient 14 round 17 public KD (epochs=2)
[2026-08-10 04:05:21] 2026-08-10 04:05:21 | INFO     | KDClient 14 round 17 local training (epochs=3)
[2026-08-10 04:06:19] 2026-08-10 04:06:19 | INFO     | KDClient 14 round 17 completed (acc=0.8620, n=2293)
[2026-08-10 04:06:19] 2026-08-10 04:06:19 | INFO     | KDClient 15 fit round 17 (tier=large)
[2026-08-10 04:06:19] 2026-08-10 04:06:19 | INFO     | KDClient 15 round 17 public KD (epochs=2)
[2026-08-10 04:06:59] 2026-08-10 04:06:59 | INFO     | KDClient 15 round 17 local training (epochs=3)
[2026-08-10 04:08:07] 2026-08-10 04:08:07 | INFO     | KDClient 15 round 17 completed (acc=0.9698, n=4755)
[2026-08-10 04:08:07] 2026-08-10 04:08:07 | INFO     | KDClient 16 fit round 17 (tier=large)
[2026-08-10 04:08:07] 2026-08-10 04:08:07 | INFO     | KDClient 16 round 17 public KD (epochs=2)
[2026-08-10 04:09:11] 2026-08-10 04:09:11 | INFO     | KDClient 16 round 17 local training (epochs=3)
[2026-08-10 04:11:13] 2026-08-10 04:11:13 | INFO     | KDClient 16 round 17 completed (acc=0.9675, n=4718)
[2026-08-10 04:11:13] 2026-08-10 04:11:13 | INFO     | KDClient 17 fit round 17 (tier=large)
[2026-08-10 04:11:13] 2026-08-10 04:11:13 | INFO     | KDClient 17 round 17 public KD (epochs=2)
[2026-08-10 04:12:36] 2026-08-10 04:12:36 | INFO     | KDClient 17 round 17 local training (epochs=3)
[2026-08-10 04:14:16] 2026-08-10 04:14:16 | INFO     | KDClient 17 round 17 completed (acc=0.8768, n=3677)
[2026-08-10 04:14:16] 2026-08-10 04:14:16 | INFO     | KDClient 18 fit round 17 (tier=large)
[2026-08-10 04:14:16] 2026-08-10 04:14:16 | INFO     | KDClient 18 round 17 public KD (epochs=2)
[2026-08-10 04:15:06] 2026-08-10 04:15:06 | INFO     | KDClient 18 round 17 local training (epochs=3)
[2026-08-10 04:16:12] 2026-08-10 04:16:12 | INFO     | KDClient 18 round 17 completed (acc=0.8317, n=1384)
[2026-08-10 04:16:12] 2026-08-10 04:16:12 | INFO     | KDClient 19 fit round 17 (tier=large)
[2026-08-10 04:16:12] 2026-08-10 04:16:12 | INFO     | KDClient 19 round 17 public KD (epochs=2)
[2026-08-10 04:17:21] 2026-08-10 04:17:21 | INFO     | KDClient 19 round 17 local training (epochs=3)
[2026-08-10 04:18:42] 2026-08-10 04:18:42 | INFO     | KDClient 19 round 17 completed (acc=0.9081, n=3137)
[2026-08-10 04:18:42]   Round  17/40 | Avg: 0.8523 | Min: 0.7366 | Max: 0.9698
[2026-08-10 04:18:42] 2026-08-10 04:18:42 | INFO     | FEDAKD — NONIID: round 18/40 starting
[2026-08-10 04:18:42] 2026-08-10 04:18:42 | INFO     | KDClient 0 fit round 18 (tier=small)
[2026-08-10 04:18:42] 2026-08-10 04:18:42 | INFO     | KDClient 0 round 18 public KD (epochs=2)
[2026-08-10 04:18:58] 2026-08-10 04:18:58 | INFO     | KDClient 0 round 18 local training (epochs=3)
[2026-08-10 04:19:17] 2026-08-10 04:19:17 | INFO     | KDClient 0 round 18 completed (acc=0.8320, n=2849)
[2026-08-10 04:19:17] 2026-08-10 04:19:17 | INFO     | KDClient 1 fit round 18 (tier=small)
[2026-08-10 04:19:17] 2026-08-10 04:19:17 | INFO     | KDClient 1 round 18 public KD (epochs=2)
[2026-08-10 04:19:27] 2026-08-10 04:19:27 | INFO     | KDClient 1 round 18 local training (epochs=3)
[2026-08-10 04:19:44] 2026-08-10 04:19:44 | INFO     | KDClient 1 round 18 completed (acc=0.8358, n=2453)
[2026-08-10 04:19:44] 2026-08-10 04:19:44 | INFO     | KDClient 2 fit round 18 (tier=small)
[2026-08-10 04:19:44] 2026-08-10 04:19:44 | INFO     | KDClient 2 round 18 public KD (epochs=2)
[2026-08-10 04:19:56] 2026-08-10 04:19:56 | INFO     | KDClient 2 round 18 local training (epochs=3)
[2026-08-10 04:20:16] 2026-08-10 04:20:16 | INFO     | KDClient 2 round 18 completed (acc=0.8119, n=1737)
[2026-08-10 04:20:16] 2026-08-10 04:20:16 | INFO     | KDClient 3 fit round 18 (tier=small)
[2026-08-10 04:20:16] 2026-08-10 04:20:16 | INFO     | KDClient 3 round 18 public KD (epochs=2)
[2026-08-10 04:20:28] 2026-08-10 04:20:28 | INFO     | KDClient 3 round 18 local training (epochs=3)
[2026-08-10 04:20:50] 2026-08-10 04:20:50 | INFO     | KDClient 3 round 18 completed (acc=0.8649, n=4569)
[2026-08-10 04:20:50] 2026-08-10 04:20:50 | INFO     | KDClient 4 fit round 18 (tier=small)
[2026-08-10 04:20:50] 2026-08-10 04:20:50 | INFO     | KDClient 4 round 18 public KD (epochs=2)
[2026-08-10 04:21:01] 2026-08-10 04:21:01 | INFO     | KDClient 4 round 18 local training (epochs=3)
[2026-08-10 04:21:21] 2026-08-10 04:21:21 | INFO     | KDClient 4 round 18 completed (acc=0.8781, n=4988)
[2026-08-10 04:21:21] 2026-08-10 04:21:21 | INFO     | KDClient 5 fit round 18 (tier=small)
[2026-08-10 04:21:21] 2026-08-10 04:21:21 | INFO     | KDClient 5 round 18 public KD (epochs=2)
[2026-08-10 04:21:30] 2026-08-10 04:21:30 | INFO     | KDClient 5 round 18 local training (epochs=3)
[2026-08-10 04:21:42] 2026-08-10 04:21:42 | INFO     | KDClient 5 round 18 completed (acc=0.9137, n=2078)
[2026-08-10 04:21:42] 2026-08-10 04:21:42 | INFO     | KDClient 6 fit round 18 (tier=small)
[2026-08-10 04:21:42] 2026-08-10 04:21:42 | INFO     | KDClient 6 round 18 public KD (epochs=2)
[2026-08-10 04:21:51] 2026-08-10 04:21:51 | INFO     | KDClient 6 round 18 local training (epochs=3)
[2026-08-10 04:22:03] 2026-08-10 04:22:03 | INFO     | KDClient 6 round 18 completed (acc=0.7796, n=1216)
[2026-08-10 04:22:03] 2026-08-10 04:22:03 | INFO     | KDClient 7 fit round 18 (tier=medium)
[2026-08-10 04:22:03] 2026-08-10 04:22:03 | INFO     | KDClient 7 round 18 public KD (epochs=2)
[2026-08-10 04:22:43] 2026-08-10 04:22:43 | INFO     | KDClient 7 round 18 local training (epochs=3)
[2026-08-10 04:23:29] 2026-08-10 04:23:29 | INFO     | KDClient 7 round 18 completed (acc=0.8644, n=2068)
[2026-08-10 04:23:29] 2026-08-10 04:23:29 | INFO     | KDClient 8 fit round 18 (tier=medium)
[2026-08-10 04:23:29] 2026-08-10 04:23:29 | INFO     | KDClient 8 round 18 public KD (epochs=2)
[2026-08-10 04:24:07] 2026-08-10 04:24:07 | INFO     | KDClient 8 round 18 local training (epochs=3)
[2026-08-10 04:25:02] 2026-08-10 04:25:02 | INFO     | KDClient 8 round 18 completed (acc=0.7437, n=2757)
[2026-08-10 04:25:02] 2026-08-10 04:25:02 | INFO     | KDClient 9 fit round 18 (tier=medium)
[2026-08-10 04:25:02] 2026-08-10 04:25:02 | INFO     | KDClient 9 round 18 public KD (epochs=2)
[2026-08-10 04:25:42] 2026-08-10 04:25:42 | INFO     | KDClient 9 round 18 local training (epochs=3)
[2026-08-10 04:26:34] 2026-08-10 04:26:34 | INFO     | KDClient 9 round 18 completed (acc=0.8177, n=3030)
[2026-08-10 04:26:34] 2026-08-10 04:26:34 | INFO     | KDClient 10 fit round 18 (tier=medium)
[2026-08-10 04:26:34] 2026-08-10 04:26:34 | INFO     | KDClient 10 round 18 public KD (epochs=2)
[2026-08-10 04:27:13] 2026-08-10 04:27:13 | INFO     | KDClient 10 round 18 local training (epochs=3)
[2026-08-10 04:28:14] 2026-08-10 04:28:14 | INFO     | KDClient 10 round 18 completed (acc=0.7760, n=2256)
[2026-08-10 04:28:14] 2026-08-10 04:28:14 | INFO     | KDClient 11 fit round 18 (tier=medium)
[2026-08-10 04:28:14] 2026-08-10 04:28:14 | INFO     | KDClient 11 round 18 public KD (epochs=2)
[2026-08-10 04:28:49] 2026-08-10 04:28:49 | INFO     | KDClient 11 round 18 local training (epochs=3)
[2026-08-10 04:29:53] 2026-08-10 04:29:53 | INFO     | KDClient 11 round 18 completed (acc=0.7715, n=2774)
[2026-08-10 04:29:53] 2026-08-10 04:29:53 | INFO     | KDClient 12 fit round 18 (tier=medium)
[2026-08-10 04:29:53] 2026-08-10 04:29:53 | INFO     | KDClient 12 round 18 public KD (epochs=2)
[2026-08-10 04:30:33] 2026-08-10 04:30:33 | INFO     | KDClient 12 round 18 local training (epochs=3)
[2026-08-10 04:31:23] 2026-08-10 04:31:23 | INFO     | KDClient 12 round 18 completed (acc=0.8746, n=2925)
[2026-08-10 04:31:23] 2026-08-10 04:31:23 | INFO     | KDClient 13 fit round 18 (tier=medium)
[2026-08-10 04:31:23] 2026-08-10 04:31:23 | INFO     | KDClient 13 round 18 public KD (epochs=2)
[2026-08-10 04:31:55] 2026-08-10 04:31:55 | INFO     | KDClient 13 round 18 local training (epochs=3)
[2026-08-10 04:32:43] 2026-08-10 04:32:43 | INFO     | KDClient 13 round 18 completed (acc=0.8877, n=4336)
[2026-08-10 04:32:43] 2026-08-10 04:32:43 | INFO     | KDClient 14 fit round 18 (tier=large)
[2026-08-10 04:32:43] 2026-08-10 04:32:43 | INFO     | KDClient 14 round 18 public KD (epochs=2)
[2026-08-10 04:33:41] 2026-08-10 04:33:41 | INFO     | KDClient 14 round 18 local training (epochs=3)
[2026-08-10 04:34:44] 2026-08-10 04:34:44 | INFO     | KDClient 14 round 18 completed (acc=0.8628, n=2293)
[2026-08-10 04:34:44] 2026-08-10 04:34:44 | INFO     | KDClient 15 fit round 18 (tier=large)
[2026-08-10 04:34:44] 2026-08-10 04:34:44 | INFO     | KDClient 15 round 18 public KD (epochs=2)
[2026-08-10 04:35:35] 2026-08-10 04:35:35 | INFO     | KDClient 15 round 18 local training (epochs=3)
[2026-08-10 04:37:13] 2026-08-10 04:37:13 | INFO     | KDClient 15 round 18 completed (acc=0.9715, n=4755)
[2026-08-10 04:37:13] 2026-08-10 04:37:13 | INFO     | KDClient 16 fit round 18 (tier=large)
[2026-08-10 04:37:13] 2026-08-10 04:37:13 | INFO     | KDClient 16 round 18 public KD (epochs=2)
[2026-08-10 04:38:16] 2026-08-10 04:38:16 | INFO     | KDClient 16 round 18 local training (epochs=3)
[2026-08-10 04:40:15] 2026-08-10 04:40:15 | INFO     | KDClient 16 round 18 completed (acc=0.9719, n=4718)
[2026-08-10 04:40:15] 2026-08-10 04:40:15 | INFO     | KDClient 17 fit round 18 (tier=large)
[2026-08-10 04:40:15] 2026-08-10 04:40:15 | INFO     | KDClient 17 round 18 public KD (epochs=2)
[2026-08-10 04:41:14] 2026-08-10 04:41:14 | INFO     | KDClient 17 round 18 local training (epochs=3)
[2026-08-10 04:43:17] 2026-08-10 04:43:17 | INFO     | KDClient 17 round 18 completed (acc=0.8798, n=3677)
[2026-08-10 04:43:17] 2026-08-10 04:43:17 | INFO     | KDClient 18 fit round 18 (tier=large)
[2026-08-10 04:43:17] 2026-08-10 04:43:17 | INFO     | KDClient 18 round 18 public KD (epochs=2)
[2026-08-10 04:44:12] 2026-08-10 04:44:12 | INFO     | KDClient 18 round 18 local training (epochs=3)
[2026-08-10 04:45:33] 2026-08-10 04:45:33 | INFO     | KDClient 18 round 18 completed (acc=0.8376, n=1384)
[2026-08-10 04:45:33] 2026-08-10 04:45:33 | INFO     | KDClient 19 fit round 18 (tier=large)
[2026-08-10 04:45:33] 2026-08-10 04:45:33 | INFO     | KDClient 19 round 18 public KD (epochs=2)
[2026-08-10 04:46:29] 2026-08-10 04:46:29 | INFO     | KDClient 19 round 18 local training (epochs=3)
[2026-08-10 04:47:52] 2026-08-10 04:47:51 | INFO     | KDClient 19 round 18 completed (acc=0.9178, n=3137)
[2026-08-10 04:47:52]   Round  18/40 | Avg: 0.8547 | Min: 0.7437 | Max: 0.9719
[2026-08-10 04:47:52] 2026-08-10 04:47:52 | INFO     | FEDAKD — NONIID: round 19/40 starting
[2026-08-10 04:47:52] 2026-08-10 04:47:52 | INFO     | KDClient 0 fit round 19 (tier=small)
[2026-08-10 04:47:52] 2026-08-10 04:47:52 | INFO     | KDClient 0 round 19 public KD (epochs=2)
[2026-08-10 04:48:04] 2026-08-10 04:48:04 | INFO     | KDClient 0 round 19 local training (epochs=3)
[2026-08-10 04:48:38] 2026-08-10 04:48:38 | INFO     | KDClient 0 round 19 completed (acc=0.8422, n=2849)
[2026-08-10 04:48:38] 2026-08-10 04:48:38 | INFO     | KDClient 1 fit round 19 (tier=small)
[2026-08-10 04:48:38] 2026-08-10 04:48:38 | INFO     | KDClient 1 round 19 public KD (epochs=2)
[2026-08-10 04:48:51] 2026-08-10 04:48:51 | INFO     | KDClient 1 round 19 local training (epochs=3)
[2026-08-10 04:49:18] 2026-08-10 04:49:18 | INFO     | KDClient 1 round 19 completed (acc=0.8240, n=2453)
[2026-08-10 04:49:18] 2026-08-10 04:49:18 | INFO     | KDClient 2 fit round 19 (tier=small)
[2026-08-10 04:49:18] 2026-08-10 04:49:18 | INFO     | KDClient 2 round 19 public KD (epochs=2)
[2026-08-10 04:49:35] 2026-08-10 04:49:35 | INFO     | KDClient 2 round 19 local training (epochs=3)
[2026-08-10 04:49:58] 2026-08-10 04:49:58 | INFO     | KDClient 2 round 19 completed (acc=0.8152, n=1737)
[2026-08-10 04:49:58] 2026-08-10 04:49:58 | INFO     | KDClient 3 fit round 19 (tier=small)
[2026-08-10 04:49:58] 2026-08-10 04:49:58 | INFO     | KDClient 3 round 19 public KD (epochs=2)
[2026-08-10 04:50:09] 2026-08-10 04:50:09 | INFO     | KDClient 3 round 19 local training (epochs=3)
[2026-08-10 04:50:26] 2026-08-10 04:50:26 | INFO     | KDClient 3 round 19 completed (acc=0.8748, n=4569)
[2026-08-10 04:50:26] 2026-08-10 04:50:26 | INFO     | KDClient 4 fit round 19 (tier=small)
[2026-08-10 04:50:26] 2026-08-10 04:50:26 | INFO     | KDClient 4 round 19 public KD (epochs=2)
[2026-08-10 04:50:33] 2026-08-10 04:50:33 | INFO     | KDClient 4 round 19 local training (epochs=3)
[2026-08-10 04:50:47] 2026-08-10 04:50:47 | INFO     | KDClient 4 round 19 completed (acc=0.8828, n=4988)
[2026-08-10 04:50:47] 2026-08-10 04:50:47 | INFO     | KDClient 5 fit round 19 (tier=small)
[2026-08-10 04:50:47] 2026-08-10 04:50:47 | INFO     | KDClient 5 round 19 public KD (epochs=2)
[2026-08-10 04:50:56] 2026-08-10 04:50:56 | INFO     | KDClient 5 round 19 local training (epochs=3)
[2026-08-10 04:51:09] 2026-08-10 04:51:09 | INFO     | KDClient 5 round 19 completed (acc=0.9115, n=2078)
[2026-08-10 04:51:09] 2026-08-10 04:51:09 | INFO     | KDClient 6 fit round 19 (tier=small)
[2026-08-10 04:51:09] 2026-08-10 04:51:09 | INFO     | KDClient 6 round 19 public KD (epochs=2)
[2026-08-10 04:51:19] 2026-08-10 04:51:19 | INFO     | KDClient 6 round 19 local training (epochs=3)
[2026-08-10 04:51:35] 2026-08-10 04:51:35 | INFO     | KDClient 6 round 19 completed (acc=0.7791, n=1216)
[2026-08-10 04:51:35] 2026-08-10 04:51:35 | INFO     | KDClient 7 fit round 19 (tier=medium)
[2026-08-10 04:51:35] 2026-08-10 04:51:35 | INFO     | KDClient 7 round 19 public KD (epochs=2)
[2026-08-10 04:52:11] 2026-08-10 04:52:11 | INFO     | KDClient 7 round 19 local training (epochs=3)
[2026-08-10 04:52:51] 2026-08-10 04:52:51 | INFO     | KDClient 7 round 19 completed (acc=0.8664, n=2068)
[2026-08-10 04:52:51] 2026-08-10 04:52:51 | INFO     | KDClient 8 fit round 19 (tier=medium)
[2026-08-10 04:52:51] 2026-08-10 04:52:51 | INFO     | KDClient 8 round 19 public KD (epochs=2)
[2026-08-10 04:53:25] 2026-08-10 04:53:24 | INFO     | KDClient 8 round 19 local training (epochs=3)
[2026-08-10 04:54:07] 2026-08-10 04:54:07 | INFO     | KDClient 8 round 19 completed (acc=0.7449, n=2757)
[2026-08-10 04:54:07] 2026-08-10 04:54:07 | INFO     | KDClient 9 fit round 19 (tier=medium)
[2026-08-10 04:54:07] 2026-08-10 04:54:07 | INFO     | KDClient 9 round 19 public KD (epochs=2)
[2026-08-10 04:54:40] 2026-08-10 04:54:40 | INFO     | KDClient 9 round 19 local training (epochs=3)
[2026-08-10 04:55:28] 2026-08-10 04:55:28 | INFO     | KDClient 9 round 19 completed (acc=0.8143, n=3030)
[2026-08-10 04:55:28] 2026-08-10 04:55:28 | INFO     | KDClient 10 fit round 19 (tier=medium)
[2026-08-10 04:55:28] 2026-08-10 04:55:28 | INFO     | KDClient 10 round 19 public KD (epochs=2)
[2026-08-10 04:56:00] 2026-08-10 04:56:00 | INFO     | KDClient 10 round 19 local training (epochs=3)
[2026-08-10 04:56:43] 2026-08-10 04:56:43 | INFO     | KDClient 10 round 19 completed (acc=0.7743, n=2256)
[2026-08-10 04:56:43] 2026-08-10 04:56:43 | INFO     | KDClient 11 fit round 19 (tier=medium)
[2026-08-10 04:56:43] 2026-08-10 04:56:43 | INFO     | KDClient 11 round 19 public KD (epochs=2)
[2026-08-10 04:57:24] 2026-08-10 04:57:24 | INFO     | KDClient 11 round 19 local training (epochs=3)
[2026-08-10 04:58:06] 2026-08-10 04:58:06 | INFO     | KDClient 11 round 19 completed (acc=0.8028, n=2774)
[2026-08-10 04:58:06] 2026-08-10 04:58:06 | INFO     | KDClient 12 fit round 19 (tier=medium)
[2026-08-10 04:58:06] 2026-08-10 04:58:06 | INFO     | KDClient 12 round 19 public KD (epochs=2)
[2026-08-10 04:58:37] 2026-08-10 04:58:37 | INFO     | KDClient 12 round 19 local training (epochs=3)
[2026-08-10 04:59:32] 2026-08-10 04:59:32 | INFO     | KDClient 12 round 19 completed (acc=0.8649, n=2925)
[2026-08-10 04:59:32] 2026-08-10 04:59:32 | INFO     | KDClient 13 fit round 19 (tier=medium)
[2026-08-10 04:59:32] 2026-08-10 04:59:32 | INFO     | KDClient 13 round 19 public KD (epochs=2)
[2026-08-10 05:00:11] 2026-08-10 05:00:11 | INFO     | KDClient 13 round 19 local training (epochs=3)
[2026-08-10 05:01:20] 2026-08-10 05:01:20 | INFO     | KDClient 13 round 19 completed (acc=0.8708, n=4336)
[2026-08-10 05:01:20] 2026-08-10 05:01:20 | INFO     | KDClient 14 fit round 19 (tier=large)
[2026-08-10 05:01:20] 2026-08-10 05:01:20 | INFO     | KDClient 14 round 19 public KD (epochs=2)
[2026-08-10 05:02:18] 2026-08-10 05:02:18 | INFO     | KDClient 14 round 19 local training (epochs=3)
[2026-08-10 05:03:43] 2026-08-10 05:03:43 | INFO     | KDClient 14 round 19 completed (acc=0.8594, n=2293)
[2026-08-10 05:03:43] 2026-08-10 05:03:43 | INFO     | KDClient 15 fit round 19 (tier=large)
[2026-08-10 05:03:43] 2026-08-10 05:03:43 | INFO     | KDClient 15 round 19 public KD (epochs=2)
[2026-08-10 05:04:33] 2026-08-10 05:04:33 | INFO     | KDClient 15 round 19 local training (epochs=3)
[2026-08-10 05:06:27] 2026-08-10 05:06:27 | INFO     | KDClient 15 round 19 completed (acc=0.9733, n=4755)
[2026-08-10 05:06:27] 2026-08-10 05:06:27 | INFO     | KDClient 16 fit round 19 (tier=large)
[2026-08-10 05:06:27] 2026-08-10 05:06:27 | INFO     | KDClient 16 round 19 public KD (epochs=2)
[2026-08-10 05:07:10] 2026-08-10 05:07:10 | INFO     | KDClient 16 round 19 local training (epochs=3)
[2026-08-10 05:08:27] 2026-08-10 05:08:27 | INFO     | KDClient 16 round 19 completed (acc=0.9714, n=4718)
[2026-08-10 05:08:27] 2026-08-10 05:08:27 | INFO     | KDClient 17 fit round 19 (tier=large)
[2026-08-10 05:08:27] 2026-08-10 05:08:27 | INFO     | KDClient 17 round 19 public KD (epochs=2)
[2026-08-10 05:09:33] 2026-08-10 05:09:33 | INFO     | KDClient 17 round 19 local training (epochs=3)
[2026-08-10 05:10:41] 2026-08-10 05:10:41 | INFO     | KDClient 17 round 19 completed (acc=0.8722, n=3677)
[2026-08-10 05:10:41] 2026-08-10 05:10:41 | INFO     | KDClient 18 fit round 19 (tier=large)
[2026-08-10 05:10:41] 2026-08-10 05:10:41 | INFO     | KDClient 18 round 19 public KD (epochs=2)
[2026-08-10 05:11:23] 2026-08-10 05:11:23 | INFO     | KDClient 18 round 19 local training (epochs=3)
[2026-08-10 05:12:32] 2026-08-10 05:12:32 | INFO     | KDClient 18 round 19 completed (acc=0.8315, n=1384)
[2026-08-10 05:12:32] 2026-08-10 05:12:32 | INFO     | KDClient 19 fit round 19 (tier=large)
[2026-08-10 05:12:32] 2026-08-10 05:12:32 | INFO     | KDClient 19 round 19 public KD (epochs=2)
[2026-08-10 05:13:24] 2026-08-10 05:13:24 | INFO     | KDClient 19 round 19 local training (epochs=3)
[2026-08-10 05:14:26] 2026-08-10 05:14:26 | INFO     | KDClient 19 round 19 completed (acc=0.9079, n=3137)
[2026-08-10 05:14:26]   Round  19/40 | Avg: 0.8542 | Min: 0.7449 | Max: 0.9733
[2026-08-10 05:14:26] 2026-08-10 05:14:26 | INFO     | FEDAKD — NONIID: round 20/40 starting
[2026-08-10 05:14:26] 2026-08-10 05:14:26 | INFO     | KDClient 0 fit round 20 (tier=small)
[2026-08-10 05:14:26] 2026-08-10 05:14:26 | INFO     | KDClient 0 round 20 public KD (epochs=2)
[2026-08-10 05:14:35] 2026-08-10 05:14:35 | INFO     | KDClient 0 round 20 local training (epochs=3)
[2026-08-10 05:15:02] 2026-08-10 05:15:02 | INFO     | KDClient 0 round 20 completed (acc=0.8409, n=2849)
[2026-08-10 05:15:02] 2026-08-10 05:15:02 | INFO     | KDClient 1 fit round 20 (tier=small)
[2026-08-10 05:15:02] 2026-08-10 05:15:02 | INFO     | KDClient 1 round 20 public KD (epochs=2)
[2026-08-10 05:15:11] 2026-08-10 05:15:11 | INFO     | KDClient 1 round 20 local training (epochs=3)
[2026-08-10 05:15:30] 2026-08-10 05:15:30 | INFO     | KDClient 1 round 20 completed (acc=0.8319, n=2453)
[2026-08-10 05:15:30] 2026-08-10 05:15:30 | INFO     | KDClient 2 fit round 20 (tier=small)
[2026-08-10 05:15:30] 2026-08-10 05:15:30 | INFO     | KDClient 2 round 20 public KD (epochs=2)
[2026-08-10 05:15:40] 2026-08-10 05:15:40 | INFO     | KDClient 2 round 20 local training (epochs=3)
[2026-08-10 05:15:56] 2026-08-10 05:15:56 | INFO     | KDClient 2 round 20 completed (acc=0.8092, n=1737)
[2026-08-10 05:15:56] 2026-08-10 05:15:56 | INFO     | KDClient 3 fit round 20 (tier=small)
[2026-08-10 05:15:56] 2026-08-10 05:15:56 | INFO     | KDClient 3 round 20 public KD (epochs=2)
[2026-08-10 05:16:07] 2026-08-10 05:16:07 | INFO     | KDClient 3 round 20 local training (epochs=3)
[2026-08-10 05:16:27] 2026-08-10 05:16:27 | INFO     | KDClient 3 round 20 completed (acc=0.8540, n=4569)
[2026-08-10 05:16:27] 2026-08-10 05:16:27 | INFO     | KDClient 4 fit round 20 (tier=small)
[2026-08-10 05:16:27] 2026-08-10 05:16:27 | INFO     | KDClient 4 round 20 public KD (epochs=2)
[2026-08-10 05:16:37] 2026-08-10 05:16:37 | INFO     | KDClient 4 round 20 local training (epochs=3)
[2026-08-10 05:16:58] 2026-08-10 05:16:58 | INFO     | KDClient 4 round 20 completed (acc=0.8804, n=4988)
[2026-08-10 05:16:58] 2026-08-10 05:16:58 | INFO     | KDClient 5 fit round 20 (tier=small)
[2026-08-10 05:16:58] 2026-08-10 05:16:58 | INFO     | KDClient 5 round 20 public KD (epochs=2)
[2026-08-10 05:17:08] 2026-08-10 05:17:08 | INFO     | KDClient 5 round 20 local training (epochs=3)
[2026-08-10 05:17:27] 2026-08-10 05:17:27 | INFO     | KDClient 5 round 20 completed (acc=0.9053, n=2078)
[2026-08-10 05:17:27] 2026-08-10 05:17:27 | INFO     | KDClient 6 fit round 20 (tier=small)
[2026-08-10 05:17:27] 2026-08-10 05:17:27 | INFO     | KDClient 6 round 20 public KD (epochs=2)
[2026-08-10 05:17:37] 2026-08-10 05:17:37 | INFO     | KDClient 6 round 20 local training (epochs=3)
[2026-08-10 05:17:51] 2026-08-10 05:17:51 | INFO     | KDClient 6 round 20 completed (acc=0.7838, n=1216)
[2026-08-10 05:17:51] 2026-08-10 05:17:51 | INFO     | KDClient 7 fit round 20 (tier=medium)
[2026-08-10 05:17:51] 2026-08-10 05:17:51 | INFO     | KDClient 7 round 20 public KD (epochs=2)
[2026-08-10 05:18:23] 2026-08-10 05:18:23 | INFO     | KDClient 7 round 20 local training (epochs=3)
[2026-08-10 05:19:00] 2026-08-10 05:19:00 | INFO     | KDClient 7 round 20 completed (acc=0.8674, n=2068)
[2026-08-10 05:19:00] 2026-08-10 05:19:00 | INFO     | KDClient 8 fit round 20 (tier=medium)
[2026-08-10 05:19:00] 2026-08-10 05:19:00 | INFO     | KDClient 8 round 20 public KD (epochs=2)
[2026-08-10 05:19:31] 2026-08-10 05:19:31 | INFO     | KDClient 8 round 20 local training (epochs=3)
[2026-08-10 05:20:16] 2026-08-10 05:20:16 | INFO     | KDClient 8 round 20 completed (acc=0.7375, n=2757)
[2026-08-10 05:20:16] 2026-08-10 05:20:16 | INFO     | KDClient 9 fit round 20 (tier=medium)
[2026-08-10 05:20:16] 2026-08-10 05:20:16 | INFO     | KDClient 9 round 20 public KD (epochs=2)
[2026-08-10 05:20:55] 2026-08-10 05:20:55 | INFO     | KDClient 9 round 20 local training (epochs=3)
[2026-08-10 05:22:01] 2026-08-10 05:22:01 | INFO     | KDClient 9 round 20 completed (acc=0.8182, n=3030)
[2026-08-10 05:22:01] 2026-08-10 05:22:01 | INFO     | KDClient 10 fit round 20 (tier=medium)
[2026-08-10 05:22:01] 2026-08-10 05:22:01 | INFO     | KDClient 10 round 20 public KD (epochs=2)
[2026-08-10 05:22:39] 2026-08-10 05:22:39 | INFO     | KDClient 10 round 20 local training (epochs=3)
[2026-08-10 05:23:35] 2026-08-10 05:23:35 | INFO     | KDClient 10 round 20 completed (acc=0.7749, n=2256)
[2026-08-10 05:23:35] 2026-08-10 05:23:35 | INFO     | KDClient 11 fit round 20 (tier=medium)
[2026-08-10 05:23:35] 2026-08-10 05:23:35 | INFO     | KDClient 11 round 20 public KD (epochs=2)
[2026-08-10 05:24:12] 2026-08-10 05:24:12 | INFO     | KDClient 11 round 20 local training (epochs=3)
[2026-08-10 05:24:56] 2026-08-10 05:24:56 | INFO     | KDClient 11 round 20 completed (acc=0.7736, n=2774)
[2026-08-10 05:24:56] 2026-08-10 05:24:56 | INFO     | KDClient 12 fit round 20 (tier=medium)
[2026-08-10 05:24:56] 2026-08-10 05:24:56 | INFO     | KDClient 12 round 20 public KD (epochs=2)
[2026-08-10 05:25:30] 2026-08-10 05:25:30 | INFO     | KDClient 12 round 20 local training (epochs=3)
[2026-08-10 05:26:32] 2026-08-10 05:26:32 | INFO     | KDClient 12 round 20 completed (acc=0.8487, n=2925)
[2026-08-10 05:26:32] 2026-08-10 05:26:32 | INFO     | KDClient 13 fit round 20 (tier=medium)
[2026-08-10 05:26:32] 2026-08-10 05:26:32 | INFO     | KDClient 13 round 20 public KD (epochs=2)
[2026-08-10 05:27:11] 2026-08-10 05:27:11 | INFO     | KDClient 13 round 20 local training (epochs=3)
[2026-08-10 05:28:08] 2026-08-10 05:28:08 | INFO     | KDClient 13 round 20 completed (acc=0.8708, n=4336)
[2026-08-10 05:28:08] 2026-08-10 05:28:08 | INFO     | KDClient 14 fit round 20 (tier=large)
[2026-08-10 05:28:08] 2026-08-10 05:28:08 | INFO     | KDClient 14 round 20 public KD (epochs=2)
[2026-08-10 05:29:15] 2026-08-10 05:29:15 | INFO     | KDClient 14 round 20 local training (epochs=3)
[2026-08-10 05:30:15] 2026-08-10 05:30:15 | INFO     | KDClient 14 round 20 completed (acc=0.8656, n=2293)
[2026-08-10 05:30:15] 2026-08-10 05:30:15 | INFO     | KDClient 15 fit round 20 (tier=large)
[2026-08-10 05:30:15] 2026-08-10 05:30:15 | INFO     | KDClient 15 round 20 public KD (epochs=2)
[2026-08-10 05:31:03] 2026-08-10 05:31:03 | INFO     | KDClient 15 round 20 local training (epochs=3)
[2026-08-10 05:33:06] 2026-08-10 05:33:06 | INFO     | KDClient 15 round 20 completed (acc=0.9748, n=4755)
[2026-08-10 05:33:06] 2026-08-10 05:33:06 | INFO     | KDClient 16 fit round 20 (tier=large)
[2026-08-10 05:33:06] 2026-08-10 05:33:06 | INFO     | KDClient 16 round 20 public KD (epochs=2)
[2026-08-10 05:33:58] 2026-08-10 05:33:58 | INFO     | KDClient 16 round 20 local training (epochs=3)
[2026-08-10 05:35:44] 2026-08-10 05:35:44 | INFO     | KDClient 16 round 20 completed (acc=0.9703, n=4718)
[2026-08-10 05:35:44] 2026-08-10 05:35:44 | INFO     | KDClient 17 fit round 20 (tier=large)
[2026-08-10 05:35:44] 2026-08-10 05:35:44 | INFO     | KDClient 17 round 20 public KD (epochs=2)
[2026-08-10 05:36:26] 2026-08-10 05:36:26 | INFO     | KDClient 17 round 20 local training (epochs=3)
[2026-08-10 05:37:40] 2026-08-10 05:37:40 | INFO     | KDClient 17 round 20 completed (acc=0.8781, n=3677)
[2026-08-10 05:37:40] 2026-08-10 05:37:40 | INFO     | KDClient 18 fit round 20 (tier=large)
[2026-08-10 05:37:40] 2026-08-10 05:37:40 | INFO     | KDClient 18 round 20 public KD (epochs=2)
[2026-08-10 05:38:34] 2026-08-10 05:38:34 | INFO     | KDClient 18 round 20 local training (epochs=3)
[2026-08-10 05:39:33] 2026-08-10 05:39:33 | INFO     | KDClient 18 round 20 completed (acc=0.8419, n=1384)
[2026-08-10 05:39:33] 2026-08-10 05:39:33 | INFO     | KDClient 19 fit round 20 (tier=large)
[2026-08-10 05:39:33] 2026-08-10 05:39:33 | INFO     | KDClient 19 round 20 public KD (epochs=2)
[2026-08-10 05:40:23] 2026-08-10 05:40:23 | INFO     | KDClient 19 round 20 local training (epochs=3)
[2026-08-10 05:41:36] 2026-08-10 05:41:36 | INFO     | KDClient 19 round 20 completed (acc=0.8997, n=3137)
[2026-08-10 05:41:37]   Round  20/40 | Avg: 0.8513 | Min: 0.7375 | Max: 0.9748
[2026-08-10 05:41:37] 2026-08-10 05:41:37 | INFO     | FEDAKD — NONIID: round 21/40 starting
[2026-08-10 05:41:37] 2026-08-10 05:41:37 | INFO     | KDClient 0 fit round 21 (tier=small)
[2026-08-10 05:41:37] 2026-08-10 05:41:37 | INFO     | KDClient 0 round 21 public KD (epochs=2)
[2026-08-10 05:41:49] 2026-08-10 05:41:49 | INFO     | KDClient 0 round 21 local training (epochs=3)
[2026-08-10 05:42:08] 2026-08-10 05:42:08 | INFO     | KDClient 0 round 21 completed (acc=0.8471, n=2849)
[2026-08-10 05:42:08] 2026-08-10 05:42:08 | INFO     | KDClient 1 fit round 21 (tier=small)
[2026-08-10 05:42:08] 2026-08-10 05:42:08 | INFO     | KDClient 1 round 21 public KD (epochs=2)
[2026-08-10 05:42:19] 2026-08-10 05:42:19 | INFO     | KDClient 1 round 21 local training (epochs=3)
[2026-08-10 05:42:42] 2026-08-10 05:42:42 | INFO     | KDClient 1 round 21 completed (acc=0.8297, n=2453)
[2026-08-10 05:42:42] 2026-08-10 05:42:42 | INFO     | KDClient 2 fit round 21 (tier=small)
[2026-08-10 05:42:42] 2026-08-10 05:42:42 | INFO     | KDClient 2 round 21 public KD (epochs=2)
[2026-08-10 05:42:54] 2026-08-10 05:42:54 | INFO     | KDClient 2 round 21 local training (epochs=3)
[2026-08-10 05:43:19] 2026-08-10 05:43:19 | INFO     | KDClient 2 round 21 completed (acc=0.8164, n=1737)
[2026-08-10 05:43:19] 2026-08-10 05:43:19 | INFO     | KDClient 3 fit round 21 (tier=small)
[2026-08-10 05:43:19] 2026-08-10 05:43:19 | INFO     | KDClient 3 round 21 public KD (epochs=2)
[2026-08-10 05:43:36] 2026-08-10 05:43:36 | INFO     | KDClient 3 round 21 local training (epochs=3)
[2026-08-10 05:43:58] 2026-08-10 05:43:58 | INFO     | KDClient 3 round 21 completed (acc=0.8807, n=4569)
[2026-08-10 05:43:58] 2026-08-10 05:43:58 | INFO     | KDClient 4 fit round 21 (tier=small)
[2026-08-10 05:43:58] 2026-08-10 05:43:58 | INFO     | KDClient 4 round 21 public KD (epochs=2)
[2026-08-10 05:44:09] 2026-08-10 05:44:09 | INFO     | KDClient 4 round 21 local training (epochs=3)
[2026-08-10 05:44:31] 2026-08-10 05:44:31 | INFO     | KDClient 4 round 21 completed (acc=0.8800, n=4988)
[2026-08-10 05:44:31] 2026-08-10 05:44:31 | INFO     | KDClient 5 fit round 21 (tier=small)
[2026-08-10 05:44:31] 2026-08-10 05:44:31 | INFO     | KDClient 5 round 21 public KD (epochs=2)
[2026-08-10 05:44:42] 2026-08-10 05:44:42 | INFO     | KDClient 5 round 21 local training (epochs=3)
[2026-08-10 05:45:01] 2026-08-10 05:45:01 | INFO     | KDClient 5 round 21 completed (acc=0.9098, n=2078)
[2026-08-10 05:45:01] 2026-08-10 05:45:01 | INFO     | KDClient 6 fit round 21 (tier=small)
[2026-08-10 05:45:01] 2026-08-10 05:45:01 | INFO     | KDClient 6 round 21 public KD (epochs=2)
[2026-08-10 05:45:17] 2026-08-10 05:45:17 | INFO     | KDClient 6 round 21 local training (epochs=3)
[2026-08-10 05:45:35] 2026-08-10 05:45:35 | INFO     | KDClient 6 round 21 completed (acc=0.7796, n=1216)
[2026-08-10 05:45:35] 2026-08-10 05:45:35 | INFO     | KDClient 7 fit round 21 (tier=medium)
[2026-08-10 05:45:35] 2026-08-10 05:45:35 | INFO     | KDClient 7 round 21 public KD (epochs=2)
[2026-08-10 05:46:10] 2026-08-10 05:46:10 | INFO     | KDClient 7 round 21 local training (epochs=3)
[2026-08-10 05:46:58] 2026-08-10 05:46:58 | INFO     | KDClient 7 round 21 completed (acc=0.8650, n=2068)
[2026-08-10 05:46:59] 2026-08-10 05:46:58 | INFO     | KDClient 8 fit round 21 (tier=medium)
[2026-08-10 05:46:59] 2026-08-10 05:46:58 | INFO     | KDClient 8 round 21 public KD (epochs=2)
[2026-08-10 05:47:34] 2026-08-10 05:47:34 | INFO     | KDClient 8 round 21 local training (epochs=3)
[2026-08-10 05:48:14] 2026-08-10 05:48:14 | INFO     | KDClient 8 round 21 completed (acc=0.7558, n=2757)
[2026-08-10 05:48:14] 2026-08-10 05:48:14 | INFO     | KDClient 9 fit round 21 (tier=medium)
[2026-08-10 05:48:14] 2026-08-10 05:48:14 | INFO     | KDClient 9 round 21 public KD (epochs=2)
[2026-08-10 05:48:59] 2026-08-10 05:48:59 | INFO     | KDClient 9 round 21 local training (epochs=3)
[2026-08-10 05:50:04] 2026-08-10 05:50:04 | INFO     | KDClient 9 round 21 completed (acc=0.8021, n=3030)
[2026-08-10 05:50:04] 2026-08-10 05:50:04 | INFO     | KDClient 10 fit round 21 (tier=medium)
[2026-08-10 05:50:04] 2026-08-10 05:50:04 | INFO     | KDClient 10 round 21 public KD (epochs=2)
[2026-08-10 05:50:42] 2026-08-10 05:50:42 | INFO     | KDClient 10 round 21 local training (epochs=3)
[2026-08-10 05:51:45] 2026-08-10 05:51:45 | INFO     | KDClient 10 round 21 completed (acc=0.7843, n=2256)
[2026-08-10 05:51:45] 2026-08-10 05:51:45 | INFO     | KDClient 11 fit round 21 (tier=medium)
[2026-08-10 05:51:45] 2026-08-10 05:51:45 | INFO     | KDClient 11 round 21 public KD (epochs=2)
[2026-08-10 05:52:27] 2026-08-10 05:52:27 | INFO     | KDClient 11 round 21 local training (epochs=3)
[2026-08-10 05:53:16] 2026-08-10 05:53:16 | INFO     | KDClient 11 round 21 completed (acc=0.7659, n=2774)
[2026-08-10 05:53:16] 2026-08-10 05:53:16 | INFO     | KDClient 12 fit round 21 (tier=medium)
[2026-08-10 05:53:16] 2026-08-10 05:53:16 | INFO     | KDClient 12 round 21 public KD (epochs=2)
[2026-08-10 05:54:01] 2026-08-10 05:54:01 | INFO     | KDClient 12 round 21 local training (epochs=3)
[2026-08-10 05:55:10] 2026-08-10 05:55:10 | INFO     | KDClient 12 round 21 completed (acc=0.8863, n=2925)
[2026-08-10 05:55:10] 2026-08-10 05:55:10 | INFO     | KDClient 13 fit round 21 (tier=medium)
[2026-08-10 05:55:10] 2026-08-10 05:55:10 | INFO     | KDClient 13 round 21 public KD (epochs=2)
[2026-08-10 05:56:00] 2026-08-10 05:56:00 | INFO     | KDClient 13 round 21 local training (epochs=3)
[2026-08-10 05:57:08] 2026-08-10 05:57:08 | INFO     | KDClient 13 round 21 completed (acc=0.8810, n=4336)
[2026-08-10 05:57:08] 2026-08-10 05:57:08 | INFO     | KDClient 14 fit round 21 (tier=large)
[2026-08-10 05:57:08] 2026-08-10 05:57:08 | INFO     | KDClient 14 round 21 public KD (epochs=2)
[2026-08-10 05:58:05] 2026-08-10 05:58:05 | INFO     | KDClient 14 round 21 local training (epochs=3)
[2026-08-10 05:59:39] 2026-08-10 05:59:39 | INFO     | KDClient 14 round 21 completed (acc=0.8667, n=2293)
[2026-08-10 05:59:39] 2026-08-10 05:59:39 | INFO     | KDClient 15 fit round 21 (tier=large)
[2026-08-10 05:59:39] 2026-08-10 05:59:39 | INFO     | KDClient 15 round 21 public KD (epochs=2)
[2026-08-10 06:00:37] 2026-08-10 06:00:37 | INFO     | KDClient 15 round 21 local training (epochs=3)
[2026-08-10 06:02:36] 2026-08-10 06:02:36 | INFO     | KDClient 15 round 21 completed (acc=0.9669, n=4755)
[2026-08-10 06:02:36] 2026-08-10 06:02:36 | INFO     | KDClient 16 fit round 21 (tier=large)
[2026-08-10 06:02:36] 2026-08-10 06:02:36 | INFO     | KDClient 16 round 21 public KD (epochs=2)
[2026-08-10 06:03:45] 2026-08-10 06:03:45 | INFO     | KDClient 16 round 21 local training (epochs=3)
[2026-08-10 06:05:45] 2026-08-10 06:05:45 | INFO     | KDClient 16 round 21 completed (acc=0.9674, n=4718)
[2026-08-10 06:05:45] 2026-08-10 06:05:45 | INFO     | KDClient 17 fit round 21 (tier=large)
[2026-08-10 06:05:45] 2026-08-10 06:05:45 | INFO     | KDClient 17 round 21 public KD (epochs=2)
[2026-08-10 06:06:44] 2026-08-10 06:06:44 | INFO     | KDClient 17 round 21 local training (epochs=3)
[2026-08-10 06:08:23] 2026-08-10 06:08:23 | INFO     | KDClient 17 round 21 completed (acc=0.8785, n=3677)
[2026-08-10 06:08:23] 2026-08-10 06:08:23 | INFO     | KDClient 18 fit round 21 (tier=large)
[2026-08-10 06:08:23] 2026-08-10 06:08:23 | INFO     | KDClient 18 round 21 public KD (epochs=2)
[2026-08-10 06:09:11] 2026-08-10 06:09:11 | INFO     | KDClient 18 round 21 local training (epochs=3)
[2026-08-10 06:10:13] 2026-08-10 06:10:13 | INFO     | KDClient 18 round 21 completed (acc=0.8448, n=1384)
[2026-08-10 06:10:13] 2026-08-10 06:10:13 | INFO     | KDClient 19 fit round 21 (tier=large)
[2026-08-10 06:10:13] 2026-08-10 06:10:13 | INFO     | KDClient 19 round 21 public KD (epochs=2)
[2026-08-10 06:11:02] 2026-08-10 06:11:01 | INFO     | KDClient 19 round 21 local training (epochs=3)
[2026-08-10 06:12:46] 2026-08-10 06:12:46 | INFO     | KDClient 19 round 21 completed (acc=0.9078, n=3137)
[2026-08-10 06:12:46]   Round  21/40 | Avg: 0.8558 | Min: 0.7558 | Max: 0.9674
[2026-08-10 06:12:46] 2026-08-10 06:12:46 | INFO     | FEDAKD — NONIID: round 22/40 starting
[2026-08-10 06:12:46] 2026-08-10 06:12:46 | INFO     | KDClient 0 fit round 22 (tier=small)
[2026-08-10 06:12:46] 2026-08-10 06:12:46 | INFO     | KDClient 0 round 22 public KD (epochs=2)
[2026-08-10 06:12:58] 2026-08-10 06:12:58 | INFO     | KDClient 0 round 22 local training (epochs=3)
[2026-08-10 06:13:30] 2026-08-10 06:13:30 | INFO     | KDClient 0 round 22 completed (acc=0.8366, n=2849)
[2026-08-10 06:13:30] 2026-08-10 06:13:30 | INFO     | KDClient 1 fit round 22 (tier=small)
[2026-08-10 06:13:30] 2026-08-10 06:13:30 | INFO     | KDClient 1 round 22 public KD (epochs=2)
[2026-08-10 06:13:42] 2026-08-10 06:13:42 | INFO     | KDClient 1 round 22 local training (epochs=3)
[2026-08-10 06:14:07] 2026-08-10 06:14:07 | INFO     | KDClient 1 round 22 completed (acc=0.8317, n=2453)
[2026-08-10 06:14:07] 2026-08-10 06:14:07 | INFO     | KDClient 2 fit round 22 (tier=small)
[2026-08-10 06:14:07] 2026-08-10 06:14:07 | INFO     | KDClient 2 round 22 public KD (epochs=2)
[2026-08-10 06:14:20] 2026-08-10 06:14:20 | INFO     | KDClient 2 round 22 local training (epochs=3)
[2026-08-10 06:14:48] 2026-08-10 06:14:48 | INFO     | KDClient 2 round 22 completed (acc=0.7976, n=1737)
[2026-08-10 06:14:48] 2026-08-10 06:14:48 | INFO     | KDClient 3 fit round 22 (tier=small)
[2026-08-10 06:14:48] 2026-08-10 06:14:48 | INFO     | KDClient 3 round 22 public KD (epochs=2)
[2026-08-10 06:15:00] 2026-08-10 06:15:00 | INFO     | KDClient 3 round 22 local training (epochs=3)
[2026-08-10 06:15:27] 2026-08-10 06:15:27 | INFO     | KDClient 3 round 22 completed (acc=0.8565, n=4569)
[2026-08-10 06:15:27] 2026-08-10 06:15:27 | INFO     | KDClient 4 fit round 22 (tier=small)
[2026-08-10 06:15:27] 2026-08-10 06:15:27 | INFO     | KDClient 4 round 22 public KD (epochs=2)
[2026-08-10 06:15:39] 2026-08-10 06:15:39 | INFO     | KDClient 4 round 22 local training (epochs=3)
[2026-08-10 06:16:04] 2026-08-10 06:16:04 | INFO     | KDClient 4 round 22 completed (acc=0.8795, n=4988)
[2026-08-10 06:16:04] 2026-08-10 06:16:04 | INFO     | KDClient 5 fit round 22 (tier=small)
[2026-08-10 06:16:04] 2026-08-10 06:16:04 | INFO     | KDClient 5 round 22 public KD (epochs=2)
[2026-08-10 06:16:21] 2026-08-10 06:16:21 | INFO     | KDClient 5 round 22 local training (epochs=3)
[2026-08-10 06:16:42] 2026-08-10 06:16:42 | INFO     | KDClient 5 round 22 completed (acc=0.9088, n=2078)
[2026-08-10 06:16:42] 2026-08-10 06:16:42 | INFO     | KDClient 6 fit round 22 (tier=small)
[2026-08-10 06:16:42] 2026-08-10 06:16:42 | INFO     | KDClient 6 round 22 public KD (epochs=2)
[2026-08-10 06:16:52] 2026-08-10 06:16:52 | INFO     | KDClient 6 round 22 local training (epochs=3)
[2026-08-10 06:17:10] 2026-08-10 06:17:10 | INFO     | KDClient 6 round 22 completed (acc=0.7734, n=1216)
[2026-08-10 06:17:10] 2026-08-10 06:17:10 | INFO     | KDClient 7 fit round 22 (tier=medium)
[2026-08-10 06:17:10] 2026-08-10 06:17:10 | INFO     | KDClient 7 round 22 public KD (epochs=2)
[2026-08-10 06:17:41] 2026-08-10 06:17:41 | INFO     | KDClient 7 round 22 local training (epochs=3)
[2026-08-10 06:18:23] 2026-08-10 06:18:23 | INFO     | KDClient 7 round 22 completed (acc=0.8640, n=2068)
[2026-08-10 06:18:23] 2026-08-10 06:18:23 | INFO     | KDClient 8 fit round 22 (tier=medium)
[2026-08-10 06:18:23] 2026-08-10 06:18:23 | INFO     | KDClient 8 round 22 public KD (epochs=2)
[2026-08-10 06:19:00] 2026-08-10 06:19:00 | INFO     | KDClient 8 round 22 local training (epochs=3)
[2026-08-10 06:19:47] 2026-08-10 06:19:47 | INFO     | KDClient 8 round 22 completed (acc=0.7268, n=2757)
[2026-08-10 06:19:47] 2026-08-10 06:19:47 | INFO     | KDClient 9 fit round 22 (tier=medium)
[2026-08-10 06:19:47] 2026-08-10 06:19:47 | INFO     | KDClient 9 round 22 public KD (epochs=2)
[2026-08-10 06:20:18] 2026-08-10 06:20:18 | INFO     | KDClient 9 round 22 local training (epochs=3)
[2026-08-10 06:21:09] 2026-08-10 06:21:09 | INFO     | KDClient 9 round 22 completed (acc=0.8166, n=3030)
[2026-08-10 06:21:09] 2026-08-10 06:21:09 | INFO     | KDClient 10 fit round 22 (tier=medium)
[2026-08-10 06:21:09] 2026-08-10 06:21:09 | INFO     | KDClient 10 round 22 public KD (epochs=2)
[2026-08-10 06:21:41] 2026-08-10 06:21:41 | INFO     | KDClient 10 round 22 local training (epochs=3)
[2026-08-10 06:22:23] 2026-08-10 06:22:23 | INFO     | KDClient 10 round 22 completed (acc=0.7820, n=2256)
[2026-08-10 06:22:23] 2026-08-10 06:22:23 | INFO     | KDClient 11 fit round 22 (tier=medium)
[2026-08-10 06:22:23] 2026-08-10 06:22:23 | INFO     | KDClient 11 round 22 public KD (epochs=2)
[2026-08-10 06:22:55] 2026-08-10 06:22:55 | INFO     | KDClient 11 round 22 local training (epochs=3)
[2026-08-10 06:23:47] 2026-08-10 06:23:47 | INFO     | KDClient 11 round 22 completed (acc=0.7655, n=2774)
[2026-08-10 06:23:47] 2026-08-10 06:23:47 | INFO     | KDClient 12 fit round 22 (tier=medium)
[2026-08-10 06:23:47] 2026-08-10 06:23:47 | INFO     | KDClient 12 round 22 public KD (epochs=2)
[2026-08-10 06:24:22] 2026-08-10 06:24:22 | INFO     | KDClient 12 round 22 local training (epochs=3)
[2026-08-10 06:25:20] 2026-08-10 06:25:20 | INFO     | KDClient 12 round 22 completed (acc=0.8811, n=2925)
[2026-08-10 06:25:20] 2026-08-10 06:25:20 | INFO     | KDClient 13 fit round 22 (tier=medium)
[2026-08-10 06:25:20] 2026-08-10 06:25:20 | INFO     | KDClient 13 round 22 public KD (epochs=2)
[2026-08-10 06:25:52] 2026-08-10 06:25:52 | INFO     | KDClient 13 round 22 local training (epochs=3)
[2026-08-10 06:26:45] 2026-08-10 06:26:45 | INFO     | KDClient 13 round 22 completed (acc=0.8792, n=4336)
[2026-08-10 06:26:45] 2026-08-10 06:26:45 | INFO     | KDClient 14 fit round 22 (tier=large)
[2026-08-10 06:26:45] 2026-08-10 06:26:45 | INFO     | KDClient 14 round 22 public KD (epochs=2)
[2026-08-10 06:27:30] 2026-08-10 06:27:30 | INFO     | KDClient 14 round 22 local training (epochs=3)
[2026-08-10 06:28:32] 2026-08-10 06:28:32 | INFO     | KDClient 14 round 22 completed (acc=0.8654, n=2293)
[2026-08-10 06:28:32] 2026-08-10 06:28:32 | INFO     | KDClient 15 fit round 22 (tier=large)
[2026-08-10 06:28:32] 2026-08-10 06:28:32 | INFO     | KDClient 15 round 22 public KD (epochs=2)
[2026-08-10 06:29:34] 2026-08-10 06:29:34 | INFO     | KDClient 15 round 22 local training (epochs=3)
[2026-08-10 06:30:59] 2026-08-10 06:30:59 | INFO     | KDClient 15 round 22 completed (acc=0.9739, n=4755)
[2026-08-10 06:30:59] 2026-08-10 06:30:59 | INFO     | KDClient 16 fit round 22 (tier=large)
[2026-08-10 06:30:59] 2026-08-10 06:30:59 | INFO     | KDClient 16 round 22 public KD (epochs=2)
[2026-08-10 06:31:51] 2026-08-10 06:31:51 | INFO     | KDClient 16 round 22 local training (epochs=3)
[2026-08-10 06:33:19] 2026-08-10 06:33:19 | INFO     | KDClient 16 round 22 completed (acc=0.9669, n=4718)
[2026-08-10 06:33:19] 2026-08-10 06:33:19 | INFO     | KDClient 17 fit round 22 (tier=large)
[2026-08-10 06:33:19] 2026-08-10 06:33:19 | INFO     | KDClient 17 round 22 public KD (epochs=2)
[2026-08-10 06:34:06] 2026-08-10 06:34:06 | INFO     | KDClient 17 round 22 local training (epochs=3)
[2026-08-10 06:35:22] 2026-08-10 06:35:22 | INFO     | KDClient 17 round 22 completed (acc=0.8729, n=3677)
[2026-08-10 06:35:22] 2026-08-10 06:35:22 | INFO     | KDClient 18 fit round 22 (tier=large)
[2026-08-10 06:35:22] 2026-08-10 06:35:22 | INFO     | KDClient 18 round 22 public KD (epochs=2)
[2026-08-10 06:36:12] 2026-08-10 06:36:12 | INFO     | KDClient 18 round 22 local training (epochs=3)
[2026-08-10 06:37:12] 2026-08-10 06:37:12 | INFO     | KDClient 18 round 22 completed (acc=0.8669, n=1384)
[2026-08-10 06:37:12] 2026-08-10 06:37:12 | INFO     | KDClient 19 fit round 22 (tier=large)
[2026-08-10 06:37:12] 2026-08-10 06:37:12 | INFO     | KDClient 19 round 22 public KD (epochs=2)
[2026-08-10 06:38:03] 2026-08-10 06:38:03 | INFO     | KDClient 19 round 22 local training (epochs=3)
[2026-08-10 06:39:16] 2026-08-10 06:39:16 | INFO     | KDClient 19 round 22 completed (acc=0.9040, n=3137)
[2026-08-10 06:39:16]   Round  22/40 | Avg: 0.8525 | Min: 0.7268 | Max: 0.9739
[2026-08-10 06:39:16] 2026-08-10 06:39:16 | INFO     | FEDAKD — NONIID: round 23/40 starting
[2026-08-10 06:39:16] 2026-08-10 06:39:16 | INFO     | KDClient 0 fit round 23 (tier=small)
[2026-08-10 06:39:16] 2026-08-10 06:39:16 | INFO     | KDClient 0 round 23 public KD (epochs=2)
[2026-08-10 06:39:25] 2026-08-10 06:39:25 | INFO     | KDClient 0 round 23 local training (epochs=3)
[2026-08-10 06:39:42] 2026-08-10 06:39:42 | INFO     | KDClient 0 round 23 completed (acc=0.8216, n=2849)
[2026-08-10 06:39:42] 2026-08-10 06:39:42 | INFO     | KDClient 1 fit round 23 (tier=small)
[2026-08-10 06:39:42] 2026-08-10 06:39:42 | INFO     | KDClient 1 round 23 public KD (epochs=2)
[2026-08-10 06:39:53] 2026-08-10 06:39:53 | INFO     | KDClient 1 round 23 local training (epochs=3)
[2026-08-10 06:40:07] 2026-08-10 06:40:07 | INFO     | KDClient 1 round 23 completed (acc=0.8277, n=2453)
[2026-08-10 06:40:07] 2026-08-10 06:40:07 | INFO     | KDClient 2 fit round 23 (tier=small)
[2026-08-10 06:40:07] 2026-08-10 06:40:07 | INFO     | KDClient 2 round 23 public KD (epochs=2)
[2026-08-10 06:40:23] 2026-08-10 06:40:23 | INFO     | KDClient 2 round 23 local training (epochs=3)
[2026-08-10 06:40:38] 2026-08-10 06:40:38 | INFO     | KDClient 2 round 23 completed (acc=0.8126, n=1737)
[2026-08-10 06:40:38] 2026-08-10 06:40:38 | INFO     | KDClient 3 fit round 23 (tier=small)
[2026-08-10 06:40:38] 2026-08-10 06:40:38 | INFO     | KDClient 3 round 23 public KD (epochs=2)
[2026-08-10 06:40:48] 2026-08-10 06:40:48 | INFO     | KDClient 3 round 23 local training (epochs=3)
[2026-08-10 06:41:08] 2026-08-10 06:41:08 | INFO     | KDClient 3 round 23 completed (acc=0.8622, n=4569)
[2026-08-10 06:41:08] 2026-08-10 06:41:08 | INFO     | KDClient 4 fit round 23 (tier=small)
[2026-08-10 06:41:08] 2026-08-10 06:41:08 | INFO     | KDClient 4 round 23 public KD (epochs=2)
[2026-08-10 06:41:19] 2026-08-10 06:41:19 | INFO     | KDClient 4 round 23 local training (epochs=3)
[2026-08-10 06:41:47] 2026-08-10 06:41:47 | INFO     | KDClient 4 round 23 completed (acc=0.8787, n=4988)
[2026-08-10 06:41:47] 2026-08-10 06:41:47 | INFO     | KDClient 5 fit round 23 (tier=small)
[2026-08-10 06:41:47] 2026-08-10 06:41:47 | INFO     | KDClient 5 round 23 public KD (epochs=2)
[2026-08-10 06:41:58] 2026-08-10 06:41:58 | INFO     | KDClient 5 round 23 local training (epochs=3)
[2026-08-10 06:42:19] 2026-08-10 06:42:19 | INFO     | KDClient 5 round 23 completed (acc=0.9081, n=2078)
[2026-08-10 06:42:19] 2026-08-10 06:42:19 | INFO     | KDClient 6 fit round 23 (tier=small)
[2026-08-10 06:42:19] 2026-08-10 06:42:19 | INFO     | KDClient 6 round 23 public KD (epochs=2)
[2026-08-10 06:42:30] 2026-08-10 06:42:30 | INFO     | KDClient 6 round 23 local training (epochs=3)
[2026-08-10 06:42:48] 2026-08-10 06:42:48 | INFO     | KDClient 6 round 23 completed (acc=0.7796, n=1216)
[2026-08-10 06:42:48] 2026-08-10 06:42:48 | INFO     | KDClient 7 fit round 23 (tier=medium)
[2026-08-10 06:42:48] 2026-08-10 06:42:48 | INFO     | KDClient 7 round 23 public KD (epochs=2)
[2026-08-10 06:43:27] 2026-08-10 06:43:27 | INFO     | KDClient 7 round 23 local training (epochs=3)
[2026-08-10 06:44:15] 2026-08-10 06:44:15 | INFO     | KDClient 7 round 23 completed (acc=0.8630, n=2068)
[2026-08-10 06:44:15] 2026-08-10 06:44:15 | INFO     | KDClient 8 fit round 23 (tier=medium)
[2026-08-10 06:44:15] 2026-08-10 06:44:15 | INFO     | KDClient 8 round 23 public KD (epochs=2)
[2026-08-10 06:44:49] 2026-08-10 06:44:49 | INFO     | KDClient 8 round 23 local training (epochs=3)
[2026-08-10 06:45:32] 2026-08-10 06:45:32 | INFO     | KDClient 8 round 23 completed (acc=0.7331, n=2757)
[2026-08-10 06:45:32] 2026-08-10 06:45:32 | INFO     | KDClient 9 fit round 23 (tier=medium)
[2026-08-10 06:45:32] 2026-08-10 06:45:32 | INFO     | KDClient 9 round 23 public KD (epochs=2)
[2026-08-10 06:46:05] 2026-08-10 06:46:05 | INFO     | KDClient 9 round 23 local training (epochs=3)
[2026-08-10 06:47:01] 2026-08-10 06:47:01 | INFO     | KDClient 9 round 23 completed (acc=0.8152, n=3030)
[2026-08-10 06:47:01] 2026-08-10 06:47:01 | INFO     | KDClient 10 fit round 23 (tier=medium)
[2026-08-10 06:47:01] 2026-08-10 06:47:01 | INFO     | KDClient 10 round 23 public KD (epochs=2)
[2026-08-10 06:47:41] 2026-08-10 06:47:41 | INFO     | KDClient 10 round 23 local training (epochs=3)
[2026-08-10 06:48:19] 2026-08-10 06:48:19 | INFO     | KDClient 10 round 23 completed (acc=0.7857, n=2256)
[2026-08-10 06:48:19] 2026-08-10 06:48:19 | INFO     | KDClient 11 fit round 23 (tier=medium)
[2026-08-10 06:48:19] 2026-08-10 06:48:19 | INFO     | KDClient 11 round 23 public KD (epochs=2)
[2026-08-10 06:48:59] 2026-08-10 06:48:59 | INFO     | KDClient 11 round 23 local training (epochs=3)
[2026-08-10 06:49:58] 2026-08-10 06:49:58 | INFO     | KDClient 11 round 23 completed (acc=0.7783, n=2774)
[2026-08-10 06:49:58] 2026-08-10 06:49:58 | INFO     | KDClient 12 fit round 23 (tier=medium)
[2026-08-10 06:49:58] 2026-08-10 06:49:58 | INFO     | KDClient 12 round 23 public KD (epochs=2)
[2026-08-10 06:50:32] 2026-08-10 06:50:32 | INFO     | KDClient 12 round 23 local training (epochs=3)
[2026-08-10 06:51:28] 2026-08-10 06:51:28 | INFO     | KDClient 12 round 23 completed (acc=0.8741, n=2925)
[2026-08-10 06:51:28] 2026-08-10 06:51:28 | INFO     | KDClient 13 fit round 23 (tier=medium)
[2026-08-10 06:51:28] 2026-08-10 06:51:28 | INFO     | KDClient 13 round 23 public KD (epochs=2)
[2026-08-10 06:52:06] 2026-08-10 06:52:06 | INFO     | KDClient 13 round 23 local training (epochs=3)
[2026-08-10 06:53:13] 2026-08-10 06:53:13 | INFO     | KDClient 13 round 23 completed (acc=0.8829, n=4336)
[2026-08-10 06:53:13] 2026-08-10 06:53:13 | INFO     | KDClient 14 fit round 23 (tier=large)
[2026-08-10 06:53:13] 2026-08-10 06:53:13 | INFO     | KDClient 14 round 23 public KD (epochs=2)
[2026-08-10 06:54:02] 2026-08-10 06:54:02 | INFO     | KDClient 14 round 23 local training (epochs=3)
[2026-08-10 06:55:28] 2026-08-10 06:55:28 | INFO     | KDClient 14 round 23 completed (acc=0.8656, n=2293)
[2026-08-10 06:55:28] 2026-08-10 06:55:28 | INFO     | KDClient 15 fit round 23 (tier=large)
[2026-08-10 06:55:28] 2026-08-10 06:55:28 | INFO     | KDClient 15 round 23 public KD (epochs=2)
[2026-08-10 06:56:22] 2026-08-10 06:56:22 | INFO     | KDClient 15 round 23 local training (epochs=3)
[2026-08-10 06:57:47] 2026-08-10 06:57:47 | INFO     | KDClient 15 round 23 completed (acc=0.9707, n=4755)
[2026-08-10 06:57:47] 2026-08-10 06:57:47 | INFO     | KDClient 16 fit round 23 (tier=large)
[2026-08-10 06:57:47] 2026-08-10 06:57:47 | INFO     | KDClient 16 round 23 public KD (epochs=2)
[2026-08-10 06:58:41] 2026-08-10 06:58:41 | INFO     | KDClient 16 round 23 local training (epochs=3)
[2026-08-10 07:00:45] 2026-08-10 07:00:45 | INFO     | KDClient 16 round 23 completed (acc=0.9722, n=4718)
[2026-08-10 07:00:45] 2026-08-10 07:00:45 | INFO     | KDClient 17 fit round 23 (tier=large)
[2026-08-10 07:00:45] 2026-08-10 07:00:45 | INFO     | KDClient 17 round 23 public KD (epochs=2)
[2026-08-10 07:01:40] 2026-08-10 07:01:40 | INFO     | KDClient 17 round 23 local training (epochs=3)
[2026-08-10 07:02:51] 2026-08-10 07:02:51 | INFO     | KDClient 17 round 23 completed (acc=0.8746, n=3677)
[2026-08-10 07:02:51] 2026-08-10 07:02:51 | INFO     | KDClient 18 fit round 23 (tier=large)
[2026-08-10 07:02:51] 2026-08-10 07:02:51 | INFO     | KDClient 18 round 23 public KD (epochs=2)
[2026-08-10 07:03:37] 2026-08-10 07:03:37 | INFO     | KDClient 18 round 23 local training (epochs=3)
[2026-08-10 07:05:07] 2026-08-10 07:05:07 | INFO     | KDClient 18 round 23 completed (acc=0.8626, n=1384)
[2026-08-10 07:05:07] 2026-08-10 07:05:07 | INFO     | KDClient 19 fit round 23 (tier=large)
[2026-08-10 07:05:07] 2026-08-10 07:05:07 | INFO     | KDClient 19 round 23 public KD (epochs=2)
[2026-08-10 07:06:18] 2026-08-10 07:06:18 | INFO     | KDClient 19 round 23 local training (epochs=3)
[2026-08-10 07:08:17] 2026-08-10 07:08:17 | INFO     | KDClient 19 round 23 completed (acc=0.9074, n=3137)
[2026-08-10 07:08:17]   Round  23/40 | Avg: 0.8538 | Min: 0.7331 | Max: 0.9722
[2026-08-10 07:08:17] 2026-08-10 07:08:17 | INFO     | FEDAKD — NONIID: round 24/40 starting
[2026-08-10 07:08:17] 2026-08-10 07:08:17 | INFO     | KDClient 0 fit round 24 (tier=small)
[2026-08-10 07:08:17] 2026-08-10 07:08:17 | INFO     | KDClient 0 round 24 public KD (epochs=2)
[2026-08-10 07:08:32] 2026-08-10 07:08:32 | INFO     | KDClient 0 round 24 local training (epochs=3)
[2026-08-10 07:09:05] 2026-08-10 07:09:05 | INFO     | KDClient 0 round 24 completed (acc=0.8434, n=2849)
[2026-08-10 07:09:05] 2026-08-10 07:09:05 | INFO     | KDClient 1 fit round 24 (tier=small)
[2026-08-10 07:09:05] 2026-08-10 07:09:05 | INFO     | KDClient 1 round 24 public KD (epochs=2)
[2026-08-10 07:09:20] 2026-08-10 07:09:20 | INFO     | KDClient 1 round 24 local training (epochs=3)
[2026-08-10 07:09:51] 2026-08-10 07:09:51 | INFO     | KDClient 1 round 24 completed (acc=0.8031, n=2453)
[2026-08-10 07:09:51] 2026-08-10 07:09:51 | INFO     | KDClient 2 fit round 24 (tier=small)
[2026-08-10 07:09:51] 2026-08-10 07:09:51 | INFO     | KDClient 2 round 24 public KD (epochs=2)
[2026-08-10 07:10:06] 2026-08-10 07:10:06 | INFO     | KDClient 2 round 24 local training (epochs=3)
[2026-08-10 07:10:34] 2026-08-10 07:10:34 | INFO     | KDClient 2 round 24 completed (acc=0.8083, n=1737)
[2026-08-10 07:10:34] 2026-08-10 07:10:34 | INFO     | KDClient 3 fit round 24 (tier=small)
[2026-08-10 07:10:34] 2026-08-10 07:10:34 | INFO     | KDClient 3 round 24 public KD (epochs=2)
[2026-08-10 07:10:53] 2026-08-10 07:10:53 | INFO     | KDClient 3 round 24 local training (epochs=3)
[2026-08-10 07:11:25] 2026-08-10 07:11:25 | INFO     | KDClient 3 round 24 completed (acc=0.8582, n=4569)
[2026-08-10 07:11:25] 2026-08-10 07:11:25 | INFO     | KDClient 4 fit round 24 (tier=small)
[2026-08-10 07:11:25] 2026-08-10 07:11:25 | INFO     | KDClient 4 round 24 public KD (epochs=2)
[2026-08-10 07:11:37] 2026-08-10 07:11:37 | INFO     | KDClient 4 round 24 local training (epochs=3)
[2026-08-10 07:12:05] 2026-08-10 07:12:05 | INFO     | KDClient 4 round 24 completed (acc=0.8760, n=4988)
[2026-08-10 07:12:05] 2026-08-10 07:12:05 | INFO     | KDClient 5 fit round 24 (tier=small)
[2026-08-10 07:12:05] 2026-08-10 07:12:05 | INFO     | KDClient 5 round 24 public KD (epochs=2)
[2026-08-10 07:12:19] 2026-08-10 07:12:19 | INFO     | KDClient 5 round 24 local training (epochs=3)
[2026-08-10 07:12:42] 2026-08-10 07:12:42 | INFO     | KDClient 5 round 24 completed (acc=0.9155, n=2078)
[2026-08-10 07:12:42] 2026-08-10 07:12:42 | INFO     | KDClient 6 fit round 24 (tier=small)
[2026-08-10 07:12:42] 2026-08-10 07:12:42 | INFO     | KDClient 6 round 24 public KD (epochs=2)
[2026-08-10 07:12:53] 2026-08-10 07:12:53 | INFO     | KDClient 6 round 24 local training (epochs=3)
[2026-08-10 07:13:09] 2026-08-10 07:13:09 | INFO     | KDClient 6 round 24 completed (acc=0.7862, n=1216)
[2026-08-10 07:13:09] 2026-08-10 07:13:09 | INFO     | KDClient 7 fit round 24 (tier=medium)
[2026-08-10 07:13:09] 2026-08-10 07:13:09 | INFO     | KDClient 7 round 24 public KD (epochs=2)
[2026-08-10 07:13:46] 2026-08-10 07:13:46 | INFO     | KDClient 7 round 24 local training (epochs=3)
[2026-08-10 07:14:27] 2026-08-10 07:14:27 | INFO     | KDClient 7 round 24 completed (acc=0.8649, n=2068)
[2026-08-10 07:14:27] 2026-08-10 07:14:27 | INFO     | KDClient 8 fit round 24 (tier=medium)
[2026-08-10 07:14:27] 2026-08-10 07:14:27 | INFO     | KDClient 8 round 24 public KD (epochs=2)
[2026-08-10 07:14:59] 2026-08-10 07:14:59 | INFO     | KDClient 8 round 24 local training (epochs=3)
[2026-08-10 07:15:43] 2026-08-10 07:15:43 | INFO     | KDClient 8 round 24 completed (acc=0.7419, n=2757)
[2026-08-10 07:15:43] 2026-08-10 07:15:43 | INFO     | KDClient 9 fit round 24 (tier=medium)
[2026-08-10 07:15:43] 2026-08-10 07:15:43 | INFO     | KDClient 9 round 24 public KD (epochs=2)
[2026-08-10 07:16:15] 2026-08-10 07:16:15 | INFO     | KDClient 9 round 24 local training (epochs=3)
[2026-08-10 07:17:00] 2026-08-10 07:17:00 | INFO     | KDClient 9 round 24 completed (acc=0.8163, n=3030)
[2026-08-10 07:17:00] 2026-08-10 07:17:00 | INFO     | KDClient 10 fit round 24 (tier=medium)
[2026-08-10 07:17:00] 2026-08-10 07:17:00 | INFO     | KDClient 10 round 24 public KD (epochs=2)
[2026-08-10 07:17:28] 2026-08-10 07:17:28 | INFO     | KDClient 10 round 24 local training (epochs=3)
[2026-08-10 07:18:02] 2026-08-10 07:18:02 | INFO     | KDClient 10 round 24 completed (acc=0.7782, n=2256)
[2026-08-10 07:18:02] 2026-08-10 07:18:02 | INFO     | KDClient 11 fit round 24 (tier=medium)
[2026-08-10 07:18:02] 2026-08-10 07:18:02 | INFO     | KDClient 11 round 24 public KD (epochs=2)
[2026-08-10 07:18:33] 2026-08-10 07:18:33 | INFO     | KDClient 11 round 24 local training (epochs=3)
[2026-08-10 07:19:21] 2026-08-10 07:19:21 | INFO     | KDClient 11 round 24 completed (acc=0.7851, n=2774)
[2026-08-10 07:19:21] 2026-08-10 07:19:21 | INFO     | KDClient 12 fit round 24 (tier=medium)
[2026-08-10 07:19:21] 2026-08-10 07:19:21 | INFO     | KDClient 12 round 24 public KD (epochs=2)
[2026-08-10 07:20:02] 2026-08-10 07:20:02 | INFO     | KDClient 12 round 24 local training (epochs=3)
[2026-08-10 07:20:50] 2026-08-10 07:20:50 | INFO     | KDClient 12 round 24 completed (acc=0.8811, n=2925)
[2026-08-10 07:20:50] 2026-08-10 07:20:50 | INFO     | KDClient 13 fit round 24 (tier=medium)
[2026-08-10 07:20:50] 2026-08-10 07:20:50 | INFO     | KDClient 13 round 24 public KD (epochs=2)
[2026-08-10 07:21:22] 2026-08-10 07:21:22 | INFO     | KDClient 13 round 24 local training (epochs=3)
[2026-08-10 07:22:26] 2026-08-10 07:22:26 | INFO     | KDClient 13 round 24 completed (acc=0.8863, n=4336)
[2026-08-10 07:22:26] 2026-08-10 07:22:26 | INFO     | KDClient 14 fit round 24 (tier=large)
[2026-08-10 07:22:26] 2026-08-10 07:22:26 | INFO     | KDClient 14 round 24 public KD (epochs=2)
[2026-08-10 07:23:17] 2026-08-10 07:23:17 | INFO     | KDClient 14 round 24 local training (epochs=3)
[2026-08-10 07:24:30] 2026-08-10 07:24:30 | INFO     | KDClient 14 round 24 completed (acc=0.8629, n=2293)
[2026-08-10 07:24:30] 2026-08-10 07:24:30 | INFO     | KDClient 15 fit round 24 (tier=large)
[2026-08-10 07:24:30] 2026-08-10 07:24:30 | INFO     | KDClient 15 round 24 public KD (epochs=2)
[2026-08-10 07:25:41] 2026-08-10 07:25:41 | INFO     | KDClient 15 round 24 local training (epochs=3)
[2026-08-10 07:27:15] 2026-08-10 07:27:15 | INFO     | KDClient 15 round 24 completed (acc=0.9727, n=4755)
[2026-08-10 07:27:15] 2026-08-10 07:27:15 | INFO     | KDClient 16 fit round 24 (tier=large)
[2026-08-10 07:27:15] 2026-08-10 07:27:15 | INFO     | KDClient 16 round 24 public KD (epochs=2)
[2026-08-10 07:28:22] 2026-08-10 07:28:22 | INFO     | KDClient 16 round 24 local training (epochs=3)
[2026-08-10 07:29:40] 2026-08-10 07:29:40 | INFO     | KDClient 16 round 24 completed (acc=0.9697, n=4718)
[2026-08-10 07:29:40] 2026-08-10 07:29:40 | INFO     | KDClient 17 fit round 24 (tier=large)
[2026-08-10 07:29:40] 2026-08-10 07:29:40 | INFO     | KDClient 17 round 24 public KD (epochs=2)
[2026-08-10 07:30:24] 2026-08-10 07:30:24 | INFO     | KDClient 17 round 24 local training (epochs=3)
[2026-08-10 07:31:35] 2026-08-10 07:31:35 | INFO     | KDClient 17 round 24 completed (acc=0.8773, n=3677)
[2026-08-10 07:31:35] 2026-08-10 07:31:35 | INFO     | KDClient 18 fit round 24 (tier=large)
[2026-08-10 07:31:35] 2026-08-10 07:31:35 | INFO     | KDClient 18 round 24 public KD (epochs=2)
[2026-08-10 07:32:14] 2026-08-10 07:32:14 | INFO     | KDClient 18 round 24 local training (epochs=3)
[2026-08-10 07:33:18] 2026-08-10 07:33:18 | INFO     | KDClient 18 round 24 completed (acc=0.8580, n=1384)
[2026-08-10 07:33:18] 2026-08-10 07:33:18 | INFO     | KDClient 19 fit round 24 (tier=large)
[2026-08-10 07:33:18] 2026-08-10 07:33:18 | INFO     | KDClient 19 round 24 public KD (epochs=2)
[2026-08-10 07:34:01] 2026-08-10 07:34:01 | INFO     | KDClient 19 round 24 local training (epochs=3)
[2026-08-10 07:35:03] 2026-08-10 07:35:03 | INFO     | KDClient 19 round 24 completed (acc=0.9285, n=3137)
[2026-08-10 07:35:03]   Round  24/40 | Avg: 0.8557 | Min: 0.7419 | Max: 0.9727
[2026-08-10 07:35:03] 2026-08-10 07:35:03 | INFO     | FEDAKD — NONIID: round 25/40 starting
[2026-08-10 07:35:03] 2026-08-10 07:35:03 | INFO     | KDClient 0 fit round 25 (tier=small)
[2026-08-10 07:35:03] 2026-08-10 07:35:03 | INFO     | KDClient 0 round 25 public KD (epochs=2)
[2026-08-10 07:35:10] 2026-08-10 07:35:10 | INFO     | KDClient 0 round 25 local training (epochs=3)
[2026-08-10 07:35:28] 2026-08-10 07:35:28 | INFO     | KDClient 0 round 25 completed (acc=0.8396, n=2849)
[2026-08-10 07:35:28] 2026-08-10 07:35:28 | INFO     | KDClient 1 fit round 25 (tier=small)
[2026-08-10 07:35:28] 2026-08-10 07:35:28 | INFO     | KDClient 1 round 25 public KD (epochs=2)
[2026-08-10 07:35:36] 2026-08-10 07:35:36 | INFO     | KDClient 1 round 25 local training (epochs=3)
[2026-08-10 07:35:50] 2026-08-10 07:35:50 | INFO     | KDClient 1 round 25 completed (acc=0.8318, n=2453)
[2026-08-10 07:35:50] 2026-08-10 07:35:50 | INFO     | KDClient 2 fit round 25 (tier=small)
[2026-08-10 07:35:50] 2026-08-10 07:35:50 | INFO     | KDClient 2 round 25 public KD (epochs=2)
[2026-08-10 07:35:59] 2026-08-10 07:35:59 | INFO     | KDClient 2 round 25 local training (epochs=3)
[2026-08-10 07:36:13] 2026-08-10 07:36:13 | INFO     | KDClient 2 round 25 completed (acc=0.8126, n=1737)
[2026-08-10 07:36:13] 2026-08-10 07:36:13 | INFO     | KDClient 3 fit round 25 (tier=small)
[2026-08-10 07:36:13] 2026-08-10 07:36:13 | INFO     | KDClient 3 round 25 public KD (epochs=2)
[2026-08-10 07:36:22] 2026-08-10 07:36:22 | INFO     | KDClient 3 round 25 local training (epochs=3)
[2026-08-10 07:36:41] 2026-08-10 07:36:41 | INFO     | KDClient 3 round 25 completed (acc=0.8577, n=4569)
[2026-08-10 07:36:41] 2026-08-10 07:36:41 | INFO     | KDClient 4 fit round 25 (tier=small)
[2026-08-10 07:36:41] 2026-08-10 07:36:41 | INFO     | KDClient 4 round 25 public KD (epochs=2)
[2026-08-10 07:36:50] 2026-08-10 07:36:50 | INFO     | KDClient 4 round 25 local training (epochs=3)
[2026-08-10 07:37:11] 2026-08-10 07:37:11 | INFO     | KDClient 4 round 25 completed (acc=0.8745, n=4988)
[2026-08-10 07:37:11] 2026-08-10 07:37:11 | INFO     | KDClient 5 fit round 25 (tier=small)
[2026-08-10 07:37:11] 2026-08-10 07:37:11 | INFO     | KDClient 5 round 25 public KD (epochs=2)
[2026-08-10 07:37:20] 2026-08-10 07:37:20 | INFO     | KDClient 5 round 25 local training (epochs=3)
[2026-08-10 07:37:36] 2026-08-10 07:37:36 | INFO     | KDClient 5 round 25 completed (acc=0.9164, n=2078)
[2026-08-10 07:37:36] 2026-08-10 07:37:36 | INFO     | KDClient 6 fit round 25 (tier=small)
[2026-08-10 07:37:36] 2026-08-10 07:37:36 | INFO     | KDClient 6 round 25 public KD (epochs=2)
[2026-08-10 07:37:45] 2026-08-10 07:37:45 | INFO     | KDClient 6 round 25 local training (epochs=3)
[2026-08-10 07:37:58] 2026-08-10 07:37:58 | INFO     | KDClient 6 round 25 completed (acc=0.7826, n=1216)
[2026-08-10 07:37:58] 2026-08-10 07:37:58 | INFO     | KDClient 7 fit round 25 (tier=medium)
[2026-08-10 07:37:58] 2026-08-10 07:37:58 | INFO     | KDClient 7 round 25 public KD (epochs=2)
[2026-08-10 07:38:28] 2026-08-10 07:38:28 | INFO     | KDClient 7 round 25 local training (epochs=3)
[2026-08-10 07:39:04] 2026-08-10 07:39:04 | INFO     | KDClient 7 round 25 completed (acc=0.8651, n=2068)
[2026-08-10 07:39:04] 2026-08-10 07:39:04 | INFO     | KDClient 8 fit round 25 (tier=medium)
[2026-08-10 07:39:04] 2026-08-10 07:39:04 | INFO     | KDClient 8 round 25 public KD (epochs=2)
[2026-08-10 07:39:32] 2026-08-10 07:39:32 | INFO     | KDClient 8 round 25 local training (epochs=3)
[2026-08-10 07:40:23] 2026-08-10 07:40:23 | INFO     | KDClient 8 round 25 completed (acc=0.7432, n=2757)
[2026-08-10 07:40:23] 2026-08-10 07:40:23 | INFO     | KDClient 9 fit round 25 (tier=medium)
[2026-08-10 07:40:23] 2026-08-10 07:40:23 | INFO     | KDClient 9 round 25 public KD (epochs=2)
[2026-08-10 07:40:57] 2026-08-10 07:40:57 | INFO     | KDClient 9 round 25 local training (epochs=3)
[2026-08-10 07:41:41] 2026-08-10 07:41:41 | INFO     | KDClient 9 round 25 completed (acc=0.8234, n=3030)
[2026-08-10 07:41:41] 2026-08-10 07:41:41 | INFO     | KDClient 10 fit round 25 (tier=medium)
[2026-08-10 07:41:41] 2026-08-10 07:41:41 | INFO     | KDClient 10 round 25 public KD (epochs=2)
[2026-08-10 07:42:18] 2026-08-10 07:42:18 | INFO     | KDClient 10 round 25 local training (epochs=3)
[2026-08-10 07:42:59] 2026-08-10 07:42:59 | INFO     | KDClient 10 round 25 completed (acc=0.7809, n=2256)
[2026-08-10 07:42:59] 2026-08-10 07:42:59 | INFO     | KDClient 11 fit round 25 (tier=medium)
[2026-08-10 07:42:59] 2026-08-10 07:42:59 | INFO     | KDClient 11 round 25 public KD (epochs=2)
[2026-08-10 07:43:36] 2026-08-10 07:43:36 | INFO     | KDClient 11 round 25 local training (epochs=3)
[2026-08-10 07:44:31] 2026-08-10 07:44:31 | INFO     | KDClient 11 round 25 completed (acc=0.7898, n=2774)
[2026-08-10 07:44:31] 2026-08-10 07:44:31 | INFO     | KDClient 12 fit round 25 (tier=medium)
[2026-08-10 07:44:31] 2026-08-10 07:44:31 | INFO     | KDClient 12 round 25 public KD (epochs=2)
[2026-08-10 07:45:04] 2026-08-10 07:45:04 | INFO     | KDClient 12 round 25 local training (epochs=3)
[2026-08-10 07:45:53] 2026-08-10 07:45:53 | INFO     | KDClient 12 round 25 completed (acc=0.8761, n=2925)
[2026-08-10 07:45:53] 2026-08-10 07:45:53 | INFO     | KDClient 13 fit round 25 (tier=medium)
[2026-08-10 07:45:53] 2026-08-10 07:45:53 | INFO     | KDClient 13 round 25 public KD (epochs=2)
[2026-08-10 07:46:24] 2026-08-10 07:46:24 | INFO     | KDClient 13 round 25 local training (epochs=3)
[2026-08-10 07:47:10] 2026-08-10 07:47:10 | INFO     | KDClient 13 round 25 completed (acc=0.8809, n=4336)
[2026-08-10 07:47:10] 2026-08-10 07:47:10 | INFO     | KDClient 14 fit round 25 (tier=large)
[2026-08-10 07:47:10] 2026-08-10 07:47:10 | INFO     | KDClient 14 round 25 public KD (epochs=2)
[2026-08-10 07:47:59] 2026-08-10 07:47:59 | INFO     | KDClient 14 round 25 local training (epochs=3)
[2026-08-10 07:49:03] 2026-08-10 07:49:03 | INFO     | KDClient 14 round 25 completed (acc=0.8638, n=2293)
[2026-08-10 07:49:03] 2026-08-10 07:49:03 | INFO     | KDClient 15 fit round 25 (tier=large)
[2026-08-10 07:49:03] 2026-08-10 07:49:03 | INFO     | KDClient 15 round 25 public KD (epochs=2)
[2026-08-10 07:49:51] 2026-08-10 07:49:51 | INFO     | KDClient 15 round 25 local training (epochs=3)
[2026-08-10 07:51:17] 2026-08-10 07:51:17 | INFO     | KDClient 15 round 25 completed (acc=0.9662, n=4755)
[2026-08-10 07:51:17] 2026-08-10 07:51:17 | INFO     | KDClient 16 fit round 25 (tier=large)
[2026-08-10 07:51:17] 2026-08-10 07:51:17 | INFO     | KDClient 16 round 25 public KD (epochs=2)
[2026-08-10 07:52:24] 2026-08-10 07:52:24 | INFO     | KDClient 16 round 25 local training (epochs=3)
[2026-08-10 07:53:38] 2026-08-10 07:53:38 | INFO     | KDClient 16 round 25 completed (acc=0.9701, n=4718)
[2026-08-10 07:53:38] 2026-08-10 07:53:38 | INFO     | KDClient 17 fit round 25 (tier=large)
[2026-08-10 07:53:38] 2026-08-10 07:53:38 | INFO     | KDClient 17 round 25 public KD (epochs=2)
[2026-08-10 07:54:28] 2026-08-10 07:54:28 | INFO     | KDClient 17 round 25 local training (epochs=3)
[2026-08-10 07:55:41] 2026-08-10 07:55:41 | INFO     | KDClient 17 round 25 completed (acc=0.8771, n=3677)
[2026-08-10 07:55:41] 2026-08-10 07:55:41 | INFO     | KDClient 18 fit round 25 (tier=large)
[2026-08-10 07:55:41] 2026-08-10 07:55:41 | INFO     | KDClient 18 round 25 public KD (epochs=2)
[2026-08-10 07:56:24] 2026-08-10 07:56:24 | INFO     | KDClient 18 round 25 local training (epochs=3)
[2026-08-10 07:57:24] 2026-08-10 07:57:24 | INFO     | KDClient 18 round 25 completed (acc=0.8571, n=1384)
[2026-08-10 07:57:24] 2026-08-10 07:57:24 | INFO     | KDClient 19 fit round 25 (tier=large)
[2026-08-10 07:57:24] 2026-08-10 07:57:24 | INFO     | KDClient 19 round 25 public KD (epochs=2)
[2026-08-10 07:58:47] 2026-08-10 07:58:47 | INFO     | KDClient 19 round 25 local training (epochs=3)
[2026-08-10 08:00:05] 2026-08-10 08:00:05 | INFO     | KDClient 19 round 25 completed (acc=0.9077, n=3137)
[2026-08-10 08:00:05]   Round  25/40 | Avg: 0.8558 | Min: 0.7432 | Max: 0.9701
[2026-08-10 08:00:05] 2026-08-10 08:00:05 | INFO     | FEDAKD — NONIID: round 26/40 starting
[2026-08-10 08:00:05] 2026-08-10 08:00:05 | INFO     | KDClient 0 fit round 26 (tier=small)
[2026-08-10 08:00:05] 2026-08-10 08:00:05 | INFO     | KDClient 0 round 26 public KD (epochs=2)
[2026-08-10 08:00:17] 2026-08-10 08:00:17 | INFO     | KDClient 0 round 26 local training (epochs=3)
[2026-08-10 08:00:41] 2026-08-10 08:00:41 | INFO     | KDClient 0 round 26 completed (acc=0.8321, n=2849)
[2026-08-10 08:00:41] 2026-08-10 08:00:41 | INFO     | KDClient 1 fit round 26 (tier=small)
[2026-08-10 08:00:41] 2026-08-10 08:00:41 | INFO     | KDClient 1 round 26 public KD (epochs=2)
[2026-08-10 08:00:53] 2026-08-10 08:00:53 | INFO     | KDClient 1 round 26 local training (epochs=3)
[2026-08-10 08:01:13] 2026-08-10 08:01:13 | INFO     | KDClient 1 round 26 completed (acc=0.8248, n=2453)
[2026-08-10 08:01:13] 2026-08-10 08:01:13 | INFO     | KDClient 2 fit round 26 (tier=small)
[2026-08-10 08:01:13] 2026-08-10 08:01:13 | INFO     | KDClient 2 round 26 public KD (epochs=2)
[2026-08-10 08:01:30] 2026-08-10 08:01:30 | INFO     | KDClient 2 round 26 local training (epochs=3)
[2026-08-10 08:01:49] 2026-08-10 08:01:49 | INFO     | KDClient 2 round 26 completed (acc=0.8224, n=1737)
[2026-08-10 08:01:49] 2026-08-10 08:01:49 | INFO     | KDClient 3 fit round 26 (tier=small)
[2026-08-10 08:01:49] 2026-08-10 08:01:49 | INFO     | KDClient 3 round 26 public KD (epochs=2)
[2026-08-10 08:01:59] 2026-08-10 08:01:59 | INFO     | KDClient 3 round 26 local training (epochs=3)
[2026-08-10 08:02:20] 2026-08-10 08:02:20 | INFO     | KDClient 3 round 26 completed (acc=0.8689, n=4569)
[2026-08-10 08:02:20] 2026-08-10 08:02:20 | INFO     | KDClient 4 fit round 26 (tier=small)
[2026-08-10 08:02:20] 2026-08-10 08:02:20 | INFO     | KDClient 4 round 26 public KD (epochs=2)
[2026-08-10 08:02:30] 2026-08-10 08:02:30 | INFO     | KDClient 4 round 26 local training (epochs=3)
[2026-08-10 08:02:54] 2026-08-10 08:02:54 | INFO     | KDClient 4 round 26 completed (acc=0.8819, n=4988)
[2026-08-10 08:02:54] 2026-08-10 08:02:54 | INFO     | KDClient 5 fit round 26 (tier=small)
[2026-08-10 08:02:54] 2026-08-10 08:02:54 | INFO     | KDClient 5 round 26 public KD (epochs=2)
[2026-08-10 08:03:06] 2026-08-10 08:03:06 | INFO     | KDClient 5 round 26 local training (epochs=3)
[2026-08-10 08:03:29] 2026-08-10 08:03:29 | INFO     | KDClient 5 round 26 completed (acc=0.9116, n=2078)
[2026-08-10 08:03:29] 2026-08-10 08:03:29 | INFO     | KDClient 6 fit round 26 (tier=small)
[2026-08-10 08:03:29] 2026-08-10 08:03:29 | INFO     | KDClient 6 round 26 public KD (epochs=2)
[2026-08-10 08:03:40] 2026-08-10 08:03:40 | INFO     | KDClient 6 round 26 local training (epochs=3)
[2026-08-10 08:03:56] 2026-08-10 08:03:56 | INFO     | KDClient 6 round 26 completed (acc=0.7840, n=1216)
[2026-08-10 08:03:56] 2026-08-10 08:03:56 | INFO     | KDClient 7 fit round 26 (tier=medium)
[2026-08-10 08:03:56] 2026-08-10 08:03:56 | INFO     | KDClient 7 round 26 public KD (epochs=2)
[2026-08-10 08:04:33] 2026-08-10 08:04:33 | INFO     | KDClient 7 round 26 local training (epochs=3)
[2026-08-10 08:05:20] 2026-08-10 08:05:20 | INFO     | KDClient 7 round 26 completed (acc=0.8641, n=2068)
[2026-08-10 08:05:20] 2026-08-10 08:05:20 | INFO     | KDClient 8 fit round 26 (tier=medium)
[2026-08-10 08:05:20] 2026-08-10 08:05:20 | INFO     | KDClient 8 round 26 public KD (epochs=2)
[2026-08-10 08:05:56] 2026-08-10 08:05:56 | INFO     | KDClient 8 round 26 local training (epochs=3)
[2026-08-10 08:06:56] 2026-08-10 08:06:56 | INFO     | KDClient 8 round 26 completed (acc=0.7175, n=2757)
[2026-08-10 08:06:56] 2026-08-10 08:06:56 | INFO     | KDClient 9 fit round 26 (tier=medium)
[2026-08-10 08:06:56] 2026-08-10 08:06:56 | INFO     | KDClient 9 round 26 public KD (epochs=2)
[2026-08-10 08:07:35] 2026-08-10 08:07:35 | INFO     | KDClient 9 round 26 local training (epochs=3)
[2026-08-10 08:08:23] 2026-08-10 08:08:23 | INFO     | KDClient 9 round 26 completed (acc=0.8193, n=3030)
[2026-08-10 08:08:23] 2026-08-10 08:08:23 | INFO     | KDClient 10 fit round 26 (tier=medium)
[2026-08-10 08:08:23] 2026-08-10 08:08:23 | INFO     | KDClient 10 round 26 public KD (epochs=2)
[2026-08-10 08:09:03] 2026-08-10 08:09:03 | INFO     | KDClient 10 round 26 local training (epochs=3)
[2026-08-10 08:09:47] 2026-08-10 08:09:47 | INFO     | KDClient 10 round 26 completed (acc=0.7690, n=2256)
[2026-08-10 08:09:47] 2026-08-10 08:09:47 | INFO     | KDClient 11 fit round 26 (tier=medium)
[2026-08-10 08:09:47] 2026-08-10 08:09:47 | INFO     | KDClient 11 round 26 public KD (epochs=2)
[2026-08-10 08:10:25] 2026-08-10 08:10:25 | INFO     | KDClient 11 round 26 local training (epochs=3)
[2026-08-10 08:11:18] 2026-08-10 08:11:18 | INFO     | KDClient 11 round 26 completed (acc=0.7890, n=2774)
[2026-08-10 08:11:18] 2026-08-10 08:11:18 | INFO     | KDClient 12 fit round 26 (tier=medium)
[2026-08-10 08:11:18] 2026-08-10 08:11:18 | INFO     | KDClient 12 round 26 public KD (epochs=2)
[2026-08-10 08:11:57] 2026-08-10 08:11:57 | INFO     | KDClient 12 round 26 local training (epochs=3)
[2026-08-10 08:12:45] 2026-08-10 08:12:45 | INFO     | KDClient 12 round 26 completed (acc=0.8851, n=2925)
[2026-08-10 08:12:45] 2026-08-10 08:12:45 | INFO     | KDClient 13 fit round 26 (tier=medium)
[2026-08-10 08:12:45] 2026-08-10 08:12:45 | INFO     | KDClient 13 round 26 public KD (epochs=2)
[2026-08-10 08:13:24] 2026-08-10 08:13:24 | INFO     | KDClient 13 round 26 local training (epochs=3)
[2026-08-10 08:14:28] 2026-08-10 08:14:28 | INFO     | KDClient 13 round 26 completed (acc=0.8736, n=4336)
[2026-08-10 08:14:28] 2026-08-10 08:14:28 | INFO     | KDClient 14 fit round 26 (tier=large)
[2026-08-10 08:14:28] 2026-08-10 08:14:28 | INFO     | KDClient 14 round 26 public KD (epochs=2)
[2026-08-10 08:15:26] 2026-08-10 08:15:26 | INFO     | KDClient 14 round 26 local training (epochs=3)
[2026-08-10 08:17:26] 2026-08-10 08:17:26 | INFO     | KDClient 14 round 26 completed (acc=0.8493, n=2293)
[2026-08-10 08:17:26] 2026-08-10 08:17:26 | INFO     | KDClient 15 fit round 26 (tier=large)
[2026-08-10 08:17:26] 2026-08-10 08:17:26 | INFO     | KDClient 15 round 26 public KD (epochs=2)
[2026-08-10 08:18:27] 2026-08-10 08:18:27 | INFO     | KDClient 15 round 26 local training (epochs=3)
[2026-08-10 08:20:29] 2026-08-10 08:20:29 | INFO     | KDClient 15 round 26 completed (acc=0.9627, n=4755)
[2026-08-10 08:20:29] 2026-08-10 08:20:29 | INFO     | KDClient 16 fit round 26 (tier=large)
[2026-08-10 08:20:29] 2026-08-10 08:20:29 | INFO     | KDClient 16 round 26 public KD (epochs=2)
[2026-08-10 08:21:34] 2026-08-10 08:21:34 | INFO     | KDClient 16 round 26 local training (epochs=3)
[2026-08-10 08:23:05] 2026-08-10 08:23:05 | INFO     | KDClient 16 round 26 completed (acc=0.9721, n=4718)
[2026-08-10 08:23:05] 2026-08-10 08:23:05 | INFO     | KDClient 17 fit round 26 (tier=large)
[2026-08-10 08:23:05] 2026-08-10 08:23:05 | INFO     | KDClient 17 round 26 public KD (epochs=2)
[2026-08-10 08:24:01] 2026-08-10 08:24:01 | INFO     | KDClient 17 round 26 local training (epochs=3)
[2026-08-10 08:25:33] 2026-08-10 08:25:33 | INFO     | KDClient 17 round 26 completed (acc=0.8758, n=3677)
[2026-08-10 08:25:33] 2026-08-10 08:25:33 | INFO     | KDClient 18 fit round 26 (tier=large)
[2026-08-10 08:25:33] 2026-08-10 08:25:33 | INFO     | KDClient 18 round 26 public KD (epochs=2)
[2026-08-10 08:26:26] 2026-08-10 08:26:26 | INFO     | KDClient 18 round 26 local training (epochs=3)
[2026-08-10 08:27:40] 2026-08-10 08:27:40 | INFO     | KDClient 18 round 26 completed (acc=0.8490, n=1384)
[2026-08-10 08:27:40] 2026-08-10 08:27:40 | INFO     | KDClient 19 fit round 26 (tier=large)
[2026-08-10 08:27:40] 2026-08-10 08:27:40 | INFO     | KDClient 19 round 26 public KD (epochs=2)
[2026-08-10 08:28:27] 2026-08-10 08:28:27 | INFO     | KDClient 19 round 26 local training (epochs=3)
[2026-08-10 08:29:39] 2026-08-10 08:29:39 | INFO     | KDClient 19 round 26 completed (acc=0.9177, n=3137)
[2026-08-10 08:29:39]   Round  26/40 | Avg: 0.8535 | Min: 0.7175 | Max: 0.9721
[2026-08-10 08:29:39] 2026-08-10 08:29:39 | INFO     | FEDAKD — NONIID: round 27/40 starting
[2026-08-10 08:29:39] 2026-08-10 08:29:39 | INFO     | KDClient 0 fit round 27 (tier=small)
[2026-08-10 08:29:39] 2026-08-10 08:29:39 | INFO     | KDClient 0 round 27 public KD (epochs=2)
[2026-08-10 08:29:46] 2026-08-10 08:29:46 | INFO     | KDClient 0 round 27 local training (epochs=3)
[2026-08-10 08:29:58] 2026-08-10 08:29:58 | INFO     | KDClient 0 round 27 completed (acc=0.8242, n=2849)
[2026-08-10 08:29:58] 2026-08-10 08:29:58 | INFO     | KDClient 1 fit round 27 (tier=small)
[2026-08-10 08:29:58] 2026-08-10 08:29:58 | INFO     | KDClient 1 round 27 public KD (epochs=2)
[2026-08-10 08:30:07] 2026-08-10 08:30:07 | INFO     | KDClient 1 round 27 local training (epochs=3)
[2026-08-10 08:30:22] 2026-08-10 08:30:22 | INFO     | KDClient 1 round 27 completed (acc=0.8335, n=2453)
[2026-08-10 08:30:22] 2026-08-10 08:30:22 | INFO     | KDClient 2 fit round 27 (tier=small)
[2026-08-10 08:30:22] 2026-08-10 08:30:22 | INFO     | KDClient 2 round 27 public KD (epochs=2)
[2026-08-10 08:30:33] 2026-08-10 08:30:33 | INFO     | KDClient 2 round 27 local training (epochs=3)
[2026-08-10 08:30:49] 2026-08-10 08:30:49 | INFO     | KDClient 2 round 27 completed (acc=0.8075, n=1737)
[2026-08-10 08:30:49] 2026-08-10 08:30:49 | INFO     | KDClient 3 fit round 27 (tier=small)
[2026-08-10 08:30:49] 2026-08-10 08:30:49 | INFO     | KDClient 3 round 27 public KD (epochs=2)
[2026-08-10 08:31:00] 2026-08-10 08:31:00 | INFO     | KDClient 3 round 27 local training (epochs=3)
[2026-08-10 08:31:21] 2026-08-10 08:31:21 | INFO     | KDClient 3 round 27 completed (acc=0.8670, n=4569)
[2026-08-10 08:31:21] 2026-08-10 08:31:21 | INFO     | KDClient 4 fit round 27 (tier=small)
[2026-08-10 08:31:21] 2026-08-10 08:31:21 | INFO     | KDClient 4 round 27 public KD (epochs=2)
[2026-08-10 08:31:31] 2026-08-10 08:31:31 | INFO     | KDClient 4 round 27 local training (epochs=3)
[2026-08-10 08:31:52] 2026-08-10 08:31:52 | INFO     | KDClient 4 round 27 completed (acc=0.8761, n=4988)
[2026-08-10 08:31:52] 2026-08-10 08:31:52 | INFO     | KDClient 5 fit round 27 (tier=small)
[2026-08-10 08:31:52] 2026-08-10 08:31:52 | INFO     | KDClient 5 round 27 public KD (epochs=2)
[2026-08-10 08:32:03] 2026-08-10 08:32:03 | INFO     | KDClient 5 round 27 local training (epochs=3)
[2026-08-10 08:32:20] 2026-08-10 08:32:20 | INFO     | KDClient 5 round 27 completed (acc=0.9065, n=2078)
[2026-08-10 08:32:20] 2026-08-10 08:32:20 | INFO     | KDClient 6 fit round 27 (tier=small)
[2026-08-10 08:32:20] 2026-08-10 08:32:20 | INFO     | KDClient 6 round 27 public KD (epochs=2)
[2026-08-10 08:32:29] 2026-08-10 08:32:29 | INFO     | KDClient 6 round 27 local training (epochs=3)
[2026-08-10 08:32:44] 2026-08-10 08:32:44 | INFO     | KDClient 6 round 27 completed (acc=0.7839, n=1216)
[2026-08-10 08:32:44] 2026-08-10 08:32:44 | INFO     | KDClient 7 fit round 27 (tier=medium)
[2026-08-10 08:32:44] 2026-08-10 08:32:44 | INFO     | KDClient 7 round 27 public KD (epochs=2)
[2026-08-10 08:33:18] 2026-08-10 08:33:18 | INFO     | KDClient 7 round 27 local training (epochs=3)
[2026-08-10 08:34:02] 2026-08-10 08:34:02 | INFO     | KDClient 7 round 27 completed (acc=0.8615, n=2068)
[2026-08-10 08:34:02] 2026-08-10 08:34:02 | INFO     | KDClient 8 fit round 27 (tier=medium)
[2026-08-10 08:34:02] 2026-08-10 08:34:02 | INFO     | KDClient 8 round 27 public KD (epochs=2)
[2026-08-10 08:34:39] 2026-08-10 08:34:39 | INFO     | KDClient 8 round 27 local training (epochs=3)
[2026-08-10 08:35:53] 2026-08-10 08:35:53 | INFO     | KDClient 8 round 27 completed (acc=0.7318, n=2757)
[2026-08-10 08:35:53] 2026-08-10 08:35:53 | INFO     | KDClient 9 fit round 27 (tier=medium)
[2026-08-10 08:35:53] 2026-08-10 08:35:53 | INFO     | KDClient 9 round 27 public KD (epochs=2)
[2026-08-10 08:36:30] 2026-08-10 08:36:30 | INFO     | KDClient 9 round 27 local training (epochs=3)
[2026-08-10 08:37:28] 2026-08-10 08:37:28 | INFO     | KDClient 9 round 27 completed (acc=0.8133, n=3030)
[2026-08-10 08:37:28] 2026-08-10 08:37:28 | INFO     | KDClient 10 fit round 27 (tier=medium)
[2026-08-10 08:37:28] 2026-08-10 08:37:28 | INFO     | KDClient 10 round 27 public KD (epochs=2)
[2026-08-10 08:38:08] 2026-08-10 08:38:08 | INFO     | KDClient 10 round 27 local training (epochs=3)
[2026-08-10 08:39:01] 2026-08-10 08:39:01 | INFO     | KDClient 10 round 27 completed (acc=0.7608, n=2256)
[2026-08-10 08:39:01] 2026-08-10 08:39:01 | INFO     | KDClient 11 fit round 27 (tier=medium)
[2026-08-10 08:39:01] 2026-08-10 08:39:01 | INFO     | KDClient 11 round 27 public KD (epochs=2)
[2026-08-10 08:39:39] 2026-08-10 08:39:39 | INFO     | KDClient 11 round 27 local training (epochs=3)
[2026-08-10 08:40:34] 2026-08-10 08:40:34 | INFO     | KDClient 11 round 27 completed (acc=0.7694, n=2774)
[2026-08-10 08:40:34] 2026-08-10 08:40:34 | INFO     | KDClient 12 fit round 27 (tier=medium)
[2026-08-10 08:40:34] 2026-08-10 08:40:34 | INFO     | KDClient 12 round 27 public KD (epochs=2)
[2026-08-10 08:41:16] 2026-08-10 08:41:16 | INFO     | KDClient 12 round 27 local training (epochs=3)
[2026-08-10 08:41:58] 2026-08-10 08:41:58 | INFO     | KDClient 12 round 27 completed (acc=0.8969, n=2925)
[2026-08-10 08:41:58] 2026-08-10 08:41:58 | INFO     | KDClient 13 fit round 27 (tier=medium)
[2026-08-10 08:41:58] 2026-08-10 08:41:58 | INFO     | KDClient 13 round 27 public KD (epochs=2)
[2026-08-10 08:42:30] 2026-08-10 08:42:30 | INFO     | KDClient 13 round 27 local training (epochs=3)
[2026-08-10 08:43:36] 2026-08-10 08:43:36 | INFO     | KDClient 13 round 27 completed (acc=0.8745, n=4336)
[2026-08-10 08:43:36] 2026-08-10 08:43:36 | INFO     | KDClient 14 fit round 27 (tier=large)
[2026-08-10 08:43:36] 2026-08-10 08:43:36 | INFO     | KDClient 14 round 27 public KD (epochs=2)
[2026-08-10 08:44:39] 2026-08-10 08:44:39 | INFO     | KDClient 14 round 27 local training (epochs=3)
[2026-08-10 08:45:41] 2026-08-10 08:45:41 | INFO     | KDClient 14 round 27 completed (acc=0.8676, n=2293)
[2026-08-10 08:45:41] 2026-08-10 08:45:41 | INFO     | KDClient 15 fit round 27 (tier=large)
[2026-08-10 08:45:41] 2026-08-10 08:45:41 | INFO     | KDClient 15 round 27 public KD (epochs=2)
[2026-08-10 08:46:24] 2026-08-10 08:46:24 | INFO     | KDClient 15 round 27 local training (epochs=3)
[2026-08-10 08:47:38] 2026-08-10 08:47:38 | INFO     | KDClient 15 round 27 completed (acc=0.9709, n=4755)
[2026-08-10 08:47:38] 2026-08-10 08:47:38 | INFO     | KDClient 16 fit round 27 (tier=large)
[2026-08-10 08:47:38] 2026-08-10 08:47:38 | INFO     | KDClient 16 round 27 public KD (epochs=2)
[2026-08-10 08:48:20] 2026-08-10 08:48:20 | INFO     | KDClient 16 round 27 local training (epochs=3)
[2026-08-10 08:49:34] 2026-08-10 08:49:34 | INFO     | KDClient 16 round 27 completed (acc=0.9411, n=4718)
[2026-08-10 08:49:34] 2026-08-10 08:49:34 | INFO     | KDClient 17 fit round 27 (tier=large)
[2026-08-10 08:49:34] 2026-08-10 08:49:34 | INFO     | KDClient 17 round 27 public KD (epochs=2)
[2026-08-10 08:50:40] 2026-08-10 08:50:40 | INFO     | KDClient 17 round 27 local training (epochs=3)
[2026-08-10 08:51:44] 2026-08-10 08:51:44 | INFO     | KDClient 17 round 27 completed (acc=0.8689, n=3677)
[2026-08-10 08:51:44] 2026-08-10 08:51:44 | INFO     | KDClient 18 fit round 27 (tier=large)
[2026-08-10 08:51:44] 2026-08-10 08:51:44 | INFO     | KDClient 18 round 27 public KD (epochs=2)
[2026-08-10 08:52:30] 2026-08-10 08:52:30 | INFO     | KDClient 18 round 27 local training (epochs=3)
[2026-08-10 08:53:39] 2026-08-10 08:53:39 | INFO     | KDClient 18 round 27 completed (acc=0.7719, n=1384)
[2026-08-10 08:53:39] 2026-08-10 08:53:39 | INFO     | KDClient 19 fit round 27 (tier=large)
[2026-08-10 08:53:39] 2026-08-10 08:53:39 | INFO     | KDClient 19 round 27 public KD (epochs=2)
[2026-08-10 08:54:45] 2026-08-10 08:54:45 | INFO     | KDClient 19 round 27 local training (epochs=3)
[2026-08-10 08:55:52] 2026-08-10 08:55:52 | INFO     | KDClient 19 round 27 completed (acc=0.9084, n=3137)
[2026-08-10 08:55:52]   Round  27/40 | Avg: 0.8468 | Min: 0.7318 | Max: 0.9709
[2026-08-10 08:55:52] 2026-08-10 08:55:52 | INFO     | FEDAKD — NONIID: round 28/40 starting
[2026-08-10 08:55:52] 2026-08-10 08:55:52 | INFO     | KDClient 0 fit round 28 (tier=small)
[2026-08-10 08:55:52] 2026-08-10 08:55:52 | INFO     | KDClient 0 round 28 public KD (epochs=2)
[2026-08-10 08:56:02] 2026-08-10 08:56:02 | INFO     | KDClient 0 round 28 local training (epochs=3)
[2026-08-10 08:56:17] 2026-08-10 08:56:17 | INFO     | KDClient 0 round 28 completed (acc=0.8116, n=2849)
[2026-08-10 08:56:17] 2026-08-10 08:56:17 | INFO     | KDClient 1 fit round 28 (tier=small)
[2026-08-10 08:56:17] 2026-08-10 08:56:17 | INFO     | KDClient 1 round 28 public KD (epochs=2)
[2026-08-10 08:56:33] 2026-08-10 08:56:33 | INFO     | KDClient 1 round 28 local training (epochs=3)
[2026-08-10 08:56:53] 2026-08-10 08:56:53 | INFO     | KDClient 1 round 28 completed (acc=0.8325, n=2453)
[2026-08-10 08:56:53] 2026-08-10 08:56:53 | INFO     | KDClient 2 fit round 28 (tier=small)
[2026-08-10 08:56:53] 2026-08-10 08:56:53 | INFO     | KDClient 2 round 28 public KD (epochs=2)
[2026-08-10 08:57:05] 2026-08-10 08:57:05 | INFO     | KDClient 2 round 28 local training (epochs=3)
[2026-08-10 08:57:25] 2026-08-10 08:57:25 | INFO     | KDClient 2 round 28 completed (acc=0.8106, n=1737)
[2026-08-10 08:57:25] 2026-08-10 08:57:25 | INFO     | KDClient 3 fit round 28 (tier=small)
[2026-08-10 08:57:25] 2026-08-10 08:57:25 | INFO     | KDClient 3 round 28 public KD (epochs=2)
[2026-08-10 08:57:37] 2026-08-10 08:57:37 | INFO     | KDClient 3 round 28 local training (epochs=3)
[2026-08-10 08:58:00] 2026-08-10 08:58:00 | INFO     | KDClient 3 round 28 completed (acc=0.8679, n=4569)
[2026-08-10 08:58:00] 2026-08-10 08:58:00 | INFO     | KDClient 4 fit round 28 (tier=small)
[2026-08-10 08:58:00] 2026-08-10 08:58:00 | INFO     | KDClient 4 round 28 public KD (epochs=2)
[2026-08-10 08:58:17] 2026-08-10 08:58:17 | INFO     | KDClient 4 round 28 local training (epochs=3)
[2026-08-10 08:58:39] 2026-08-10 08:58:39 | INFO     | KDClient 4 round 28 completed (acc=0.8800, n=4988)
[2026-08-10 08:58:39] 2026-08-10 08:58:39 | INFO     | KDClient 5 fit round 28 (tier=small)
[2026-08-10 08:58:39] 2026-08-10 08:58:39 | INFO     | KDClient 5 round 28 public KD (epochs=2)
[2026-08-10 08:58:49] 2026-08-10 08:58:49 | INFO     | KDClient 5 round 28 local training (epochs=3)
[2026-08-10 08:59:08] 2026-08-10 08:59:08 | INFO     | KDClient 5 round 28 completed (acc=0.9080, n=2078)
[2026-08-10 08:59:08] 2026-08-10 08:59:08 | INFO     | KDClient 6 fit round 28 (tier=small)
[2026-08-10 08:59:08] 2026-08-10 08:59:08 | INFO     | KDClient 6 round 28 public KD (epochs=2)
[2026-08-10 08:59:19] 2026-08-10 08:59:19 | INFO     | KDClient 6 round 28 local training (epochs=3)
[2026-08-10 08:59:34] 2026-08-10 08:59:34 | INFO     | KDClient 6 round 28 completed (acc=0.7704, n=1216)
[2026-08-10 08:59:34] 2026-08-10 08:59:34 | INFO     | KDClient 7 fit round 28 (tier=medium)
[2026-08-10 08:59:34] 2026-08-10 08:59:34 | INFO     | KDClient 7 round 28 public KD (epochs=2)
[2026-08-10 09:00:03] 2026-08-10 09:00:03 | INFO     | KDClient 7 round 28 local training (epochs=3)
[2026-08-10 09:00:53] 2026-08-10 09:00:53 | INFO     | KDClient 7 round 28 completed (acc=0.8599, n=2068)
[2026-08-10 09:00:53] 2026-08-10 09:00:53 | INFO     | KDClient 8 fit round 28 (tier=medium)
[2026-08-10 09:00:53] 2026-08-10 09:00:53 | INFO     | KDClient 8 round 28 public KD (epochs=2)
[2026-08-10 09:01:28] 2026-08-10 09:01:28 | INFO     | KDClient 8 round 28 local training (epochs=3)
[2026-08-10 09:02:26] 2026-08-10 09:02:26 | INFO     | KDClient 8 round 28 completed (acc=0.7294, n=2757)
[2026-08-10 09:02:26] 2026-08-10 09:02:26 | INFO     | KDClient 9 fit round 28 (tier=medium)
[2026-08-10 09:02:26] 2026-08-10 09:02:26 | INFO     | KDClient 9 round 28 public KD (epochs=2)
[2026-08-10 09:03:02] 2026-08-10 09:03:02 | INFO     | KDClient 9 round 28 local training (epochs=3)
[2026-08-10 09:03:57] 2026-08-10 09:03:57 | INFO     | KDClient 9 round 28 completed (acc=0.8145, n=3030)
[2026-08-10 09:03:57] 2026-08-10 09:03:57 | INFO     | KDClient 10 fit round 28 (tier=medium)
[2026-08-10 09:03:57] 2026-08-10 09:03:57 | INFO     | KDClient 10 round 28 public KD (epochs=2)
[2026-08-10 09:04:32] 2026-08-10 09:04:32 | INFO     | KDClient 10 round 28 local training (epochs=3)
[2026-08-10 09:05:21] 2026-08-10 09:05:21 | INFO     | KDClient 10 round 28 completed (acc=0.7702, n=2256)
[2026-08-10 09:05:21] 2026-08-10 09:05:21 | INFO     | KDClient 11 fit round 28 (tier=medium)
[2026-08-10 09:05:21] 2026-08-10 09:05:21 | INFO     | KDClient 11 round 28 public KD (epochs=2)
[2026-08-10 09:05:54] 2026-08-10 09:05:54 | INFO     | KDClient 11 round 28 local training (epochs=3)
[2026-08-10 09:06:54] 2026-08-10 09:06:54 | INFO     | KDClient 11 round 28 completed (acc=0.7791, n=2774)
[2026-08-10 09:06:54] 2026-08-10 09:06:54 | INFO     | KDClient 12 fit round 28 (tier=medium)
[2026-08-10 09:06:54] 2026-08-10 09:06:54 | INFO     | KDClient 12 round 28 public KD (epochs=2)
[2026-08-10 09:07:31] 2026-08-10 09:07:31 | INFO     | KDClient 12 round 28 local training (epochs=3)
[2026-08-10 09:08:19] 2026-08-10 09:08:19 | INFO     | KDClient 12 round 28 completed (acc=0.8725, n=2925)
[2026-08-10 09:08:19] 2026-08-10 09:08:19 | INFO     | KDClient 13 fit round 28 (tier=medium)
[2026-08-10 09:08:19] 2026-08-10 09:08:19 | INFO     | KDClient 13 round 28 public KD (epochs=2)
[2026-08-10 09:08:55] 2026-08-10 09:08:55 | INFO     | KDClient 13 round 28 local training (epochs=3)
[2026-08-10 09:09:55] 2026-08-10 09:09:55 | INFO     | KDClient 13 round 28 completed (acc=0.8806, n=4336)
[2026-08-10 09:09:55] 2026-08-10 09:09:55 | INFO     | KDClient 14 fit round 28 (tier=large)
[2026-08-10 09:09:55] 2026-08-10 09:09:55 | INFO     | KDClient 14 round 28 public KD (epochs=2)
[2026-08-10 09:10:47] 2026-08-10 09:10:47 | INFO     | KDClient 14 round 28 local training (epochs=3)
[2026-08-10 09:11:44] 2026-08-10 09:11:44 | INFO     | KDClient 14 round 28 completed (acc=0.8650, n=2293)
[2026-08-10 09:11:44] 2026-08-10 09:11:44 | INFO     | KDClient 15 fit round 28 (tier=large)
[2026-08-10 09:11:44] 2026-08-10 09:11:44 | INFO     | KDClient 15 round 28 public KD (epochs=2)
[2026-08-10 09:12:52] 2026-08-10 09:12:52 | INFO     | KDClient 15 round 28 local training (epochs=3)
[2026-08-10 09:14:30] 2026-08-10 09:14:30 | INFO     | KDClient 15 round 28 completed (acc=0.9675, n=4755)
[2026-08-10 09:14:30] 2026-08-10 09:14:30 | INFO     | KDClient 16 fit round 28 (tier=large)
[2026-08-10 09:14:30] 2026-08-10 09:14:30 | INFO     | KDClient 16 round 28 public KD (epochs=2)
[2026-08-10 09:15:23] 2026-08-10 09:15:23 | INFO     | KDClient 16 round 28 local training (epochs=3)
[2026-08-10 09:16:47] 2026-08-10 09:16:47 | INFO     | KDClient 16 round 28 completed (acc=0.9606, n=4718)
[2026-08-10 09:16:47] 2026-08-10 09:16:47 | INFO     | KDClient 17 fit round 28 (tier=large)
[2026-08-10 09:16:47] 2026-08-10 09:16:47 | INFO     | KDClient 17 round 28 public KD (epochs=2)
[2026-08-10 09:17:37] 2026-08-10 09:17:37 | INFO     | KDClient 17 round 28 local training (epochs=3)
[2026-08-10 09:18:56] 2026-08-10 09:18:56 | INFO     | KDClient 17 round 28 completed (acc=0.8795, n=3677)
[2026-08-10 09:18:56] 2026-08-10 09:18:56 | INFO     | KDClient 18 fit round 28 (tier=large)
[2026-08-10 09:18:56] 2026-08-10 09:18:56 | INFO     | KDClient 18 round 28 public KD (epochs=2)
[2026-08-10 09:19:47] 2026-08-10 09:19:47 | INFO     | KDClient 18 round 28 local training (epochs=3)
[2026-08-10 09:20:54] 2026-08-10 09:20:54 | INFO     | KDClient 18 round 28 completed (acc=0.8446, n=1384)
[2026-08-10 09:20:54] 2026-08-10 09:20:54 | INFO     | KDClient 19 fit round 28 (tier=large)
[2026-08-10 09:20:54] 2026-08-10 09:20:54 | INFO     | KDClient 19 round 28 public KD (epochs=2)
[2026-08-10 09:22:03] 2026-08-10 09:22:03 | INFO     | KDClient 19 round 28 local training (epochs=3)
[2026-08-10 09:23:34] 2026-08-10 09:23:34 | INFO     | KDClient 19 round 28 completed (acc=0.9147, n=3137)
[2026-08-10 09:23:34]   Round  28/40 | Avg: 0.8510 | Min: 0.7294 | Max: 0.9675
[2026-08-10 09:23:34] 2026-08-10 09:23:34 | INFO     | FEDAKD — NONIID: round 29/40 starting
[2026-08-10 09:23:34] 2026-08-10 09:23:34 | INFO     | KDClient 0 fit round 29 (tier=small)
[2026-08-10 09:23:34] 2026-08-10 09:23:34 | INFO     | KDClient 0 round 29 public KD (epochs=2)
[2026-08-10 09:23:47] 2026-08-10 09:23:47 | INFO     | KDClient 0 round 29 local training (epochs=3)
[2026-08-10 09:24:14] 2026-08-10 09:24:14 | INFO     | KDClient 0 round 29 completed (acc=0.8347, n=2849)
[2026-08-10 09:24:14] 2026-08-10 09:24:14 | INFO     | KDClient 1 fit round 29 (tier=small)
[2026-08-10 09:24:14] 2026-08-10 09:24:14 | INFO     | KDClient 1 round 29 public KD (epochs=2)
[2026-08-10 09:24:27] 2026-08-10 09:24:27 | INFO     | KDClient 1 round 29 local training (epochs=3)
[2026-08-10 09:24:49] 2026-08-10 09:24:49 | INFO     | KDClient 1 round 29 completed (acc=0.8439, n=2453)
[2026-08-10 09:24:49] 2026-08-10 09:24:49 | INFO     | KDClient 2 fit round 29 (tier=small)
[2026-08-10 09:24:49] 2026-08-10 09:24:49 | INFO     | KDClient 2 round 29 public KD (epochs=2)
[2026-08-10 09:24:57] 2026-08-10 09:24:57 | INFO     | KDClient 2 round 29 local training (epochs=3)
[2026-08-10 09:25:22] 2026-08-10 09:25:22 | INFO     | KDClient 2 round 29 completed (acc=0.8081, n=1737)
[2026-08-10 09:25:22] 2026-08-10 09:25:22 | INFO     | KDClient 3 fit round 29 (tier=small)
[2026-08-10 09:25:22] 2026-08-10 09:25:22 | INFO     | KDClient 3 round 29 public KD (epochs=2)
[2026-08-10 09:25:34] 2026-08-10 09:25:34 | INFO     | KDClient 3 round 29 local training (epochs=3)
[2026-08-10 09:26:04] 2026-08-10 09:26:04 | INFO     | KDClient 3 round 29 completed (acc=0.8661, n=4569)
[2026-08-10 09:26:04] 2026-08-10 09:26:04 | INFO     | KDClient 4 fit round 29 (tier=small)
[2026-08-10 09:26:04] 2026-08-10 09:26:04 | INFO     | KDClient 4 round 29 public KD (epochs=2)
[2026-08-10 09:26:17] 2026-08-10 09:26:17 | INFO     | KDClient 4 round 29 local training (epochs=3)
[2026-08-10 09:26:49] 2026-08-10 09:26:49 | INFO     | KDClient 4 round 29 completed (acc=0.8772, n=4988)
[2026-08-10 09:26:49] 2026-08-10 09:26:49 | INFO     | KDClient 5 fit round 29 (tier=small)
[2026-08-10 09:26:49] 2026-08-10 09:26:49 | INFO     | KDClient 5 round 29 public KD (epochs=2)
[2026-08-10 09:27:02] 2026-08-10 09:27:02 | INFO     | KDClient 5 round 29 local training (epochs=3)
[2026-08-10 09:27:25] 2026-08-10 09:27:25 | INFO     | KDClient 5 round 29 completed (acc=0.9108, n=2078)
[2026-08-10 09:27:25] 2026-08-10 09:27:25 | INFO     | KDClient 6 fit round 29 (tier=small)
[2026-08-10 09:27:25] 2026-08-10 09:27:25 | INFO     | KDClient 6 round 29 public KD (epochs=2)
[2026-08-10 09:27:37] 2026-08-10 09:27:37 | INFO     | KDClient 6 round 29 local training (epochs=3)
[2026-08-10 09:27:55] 2026-08-10 09:27:55 | INFO     | KDClient 6 round 29 completed (acc=0.7817, n=1216)
[2026-08-10 09:27:55] 2026-08-10 09:27:55 | INFO     | KDClient 7 fit round 29 (tier=medium)
[2026-08-10 09:27:55] 2026-08-10 09:27:55 | INFO     | KDClient 7 round 29 public KD (epochs=2)
[2026-08-10 09:28:57] 2026-08-10 09:28:57 | INFO     | KDClient 7 round 29 local training (epochs=3)
[2026-08-10 09:29:37] 2026-08-10 09:29:37 | INFO     | KDClient 7 round 29 completed (acc=0.8668, n=2068)
[2026-08-10 09:29:37] 2026-08-10 09:29:37 | INFO     | KDClient 8 fit round 29 (tier=medium)
[2026-08-10 09:29:37] 2026-08-10 09:29:37 | INFO     | KDClient 8 round 29 public KD (epochs=2)
[2026-08-10 09:30:11] 2026-08-10 09:30:11 | INFO     | KDClient 8 round 29 local training (epochs=3)
[2026-08-10 09:31:01] 2026-08-10 09:31:01 | INFO     | KDClient 8 round 29 completed (acc=0.7290, n=2757)
[2026-08-10 09:31:01] 2026-08-10 09:31:01 | INFO     | KDClient 9 fit round 29 (tier=medium)
[2026-08-10 09:31:01] 2026-08-10 09:31:01 | INFO     | KDClient 9 round 29 public KD (epochs=2)
[2026-08-10 09:31:31] 2026-08-10 09:31:31 | INFO     | KDClient 9 round 29 local training (epochs=3)
[2026-08-10 09:32:16] 2026-08-10 09:32:16 | INFO     | KDClient 9 round 29 completed (acc=0.8024, n=3030)
[2026-08-10 09:32:16] 2026-08-10 09:32:16 | INFO     | KDClient 10 fit round 29 (tier=medium)
[2026-08-10 09:32:16] 2026-08-10 09:32:16 | INFO     | KDClient 10 round 29 public KD (epochs=2)
[2026-08-10 09:32:57] 2026-08-10 09:32:57 | INFO     | KDClient 10 round 29 local training (epochs=3)
[2026-08-10 09:33:53] 2026-08-10 09:33:53 | INFO     | KDClient 10 round 29 completed (acc=0.7757, n=2256)
[2026-08-10 09:33:53] 2026-08-10 09:33:53 | INFO     | KDClient 11 fit round 29 (tier=medium)
[2026-08-10 09:33:53] 2026-08-10 09:33:53 | INFO     | KDClient 11 round 29 public KD (epochs=2)
[2026-08-10 09:34:33] 2026-08-10 09:34:33 | INFO     | KDClient 11 round 29 local training (epochs=3)
[2026-08-10 09:35:32] 2026-08-10 09:35:32 | INFO     | KDClient 11 round 29 completed (acc=0.7763, n=2774)
[2026-08-10 09:35:32] 2026-08-10 09:35:32 | INFO     | KDClient 12 fit round 29 (tier=medium)
[2026-08-10 09:35:32] 2026-08-10 09:35:32 | INFO     | KDClient 12 round 29 public KD (epochs=2)
[2026-08-10 09:36:13] 2026-08-10 09:36:13 | INFO     | KDClient 12 round 29 local training (epochs=3)
[2026-08-10 09:37:09] 2026-08-10 09:37:09 | INFO     | KDClient 12 round 29 completed (acc=0.8658, n=2925)
[2026-08-10 09:37:09] 2026-08-10 09:37:09 | INFO     | KDClient 13 fit round 29 (tier=medium)
[2026-08-10 09:37:09] 2026-08-10 09:37:09 | INFO     | KDClient 13 round 29 public KD (epochs=2)
[2026-08-10 09:37:46] 2026-08-10 09:37:46 | INFO     | KDClient 13 round 29 local training (epochs=3)
[2026-08-10 09:38:52] 2026-08-10 09:38:52 | INFO     | KDClient 13 round 29 completed (acc=0.8760, n=4336)
[2026-08-10 09:38:52] 2026-08-10 09:38:52 | INFO     | KDClient 14 fit round 29 (tier=large)
[2026-08-10 09:38:52] 2026-08-10 09:38:52 | INFO     | KDClient 14 round 29 public KD (epochs=2)
[2026-08-10 09:39:42] 2026-08-10 09:39:42 | INFO     | KDClient 14 round 29 local training (epochs=3)
[2026-08-10 09:40:37] 2026-08-10 09:40:37 | INFO     | KDClient 14 round 29 completed (acc=0.8688, n=2293)
[2026-08-10 09:40:37] 2026-08-10 09:40:37 | INFO     | KDClient 15 fit round 29 (tier=large)
[2026-08-10 09:40:37] 2026-08-10 09:40:37 | INFO     | KDClient 15 round 29 public KD (epochs=2)
[2026-08-10 09:41:23] 2026-08-10 09:41:23 | INFO     | KDClient 15 round 29 local training (epochs=3)
[2026-08-10 09:42:41] 2026-08-10 09:42:41 | INFO     | KDClient 15 round 29 completed (acc=0.9762, n=4755)
[2026-08-10 09:42:41] 2026-08-10 09:42:41 | INFO     | KDClient 16 fit round 29 (tier=large)
[2026-08-10 09:42:41] 2026-08-10 09:42:41 | INFO     | KDClient 16 round 29 public KD (epochs=2)
[2026-08-10 09:43:26] 2026-08-10 09:43:26 | INFO     | KDClient 16 round 29 local training (epochs=3)
[2026-08-10 09:44:44] 2026-08-10 09:44:44 | INFO     | KDClient 16 round 29 completed (acc=0.9678, n=4718)
[2026-08-10 09:44:44] 2026-08-10 09:44:44 | INFO     | KDClient 17 fit round 29 (tier=large)
[2026-08-10 09:44:44] 2026-08-10 09:44:44 | INFO     | KDClient 17 round 29 public KD (epochs=2)
[2026-08-10 09:45:34] 2026-08-10 09:45:34 | INFO     | KDClient 17 round 29 local training (epochs=3)
[2026-08-10 09:46:52] 2026-08-10 09:46:52 | INFO     | KDClient 17 round 29 completed (acc=0.8755, n=3677)
[2026-08-10 09:46:52] 2026-08-10 09:46:52 | INFO     | KDClient 18 fit round 29 (tier=large)
[2026-08-10 09:46:52] 2026-08-10 09:46:52 | INFO     | KDClient 18 round 29 public KD (epochs=2)
[2026-08-10 09:47:39] 2026-08-10 09:47:39 | INFO     | KDClient 18 round 29 local training (epochs=3)
[2026-08-10 09:48:44] 2026-08-10 09:48:44 | INFO     | KDClient 18 round 29 completed (acc=0.8458, n=1384)
[2026-08-10 09:48:44] 2026-08-10 09:48:44 | INFO     | KDClient 19 fit round 29 (tier=large)
[2026-08-10 09:48:44] 2026-08-10 09:48:44 | INFO     | KDClient 19 round 29 public KD (epochs=2)
[2026-08-10 09:49:37] 2026-08-10 09:49:37 | INFO     | KDClient 19 round 29 local training (epochs=3)
[2026-08-10 09:51:00] 2026-08-10 09:51:00 | INFO     | KDClient 19 round 29 completed (acc=0.9198, n=3137)
[2026-08-10 09:51:00]   Round  29/40 | Avg: 0.8534 | Min: 0.7290 | Max: 0.9762
[2026-08-10 09:51:00] 2026-08-10 09:51:00 | INFO     | FEDAKD — NONIID: round 30/40 starting
[2026-08-10 09:51:00] 2026-08-10 09:51:00 | INFO     | KDClient 0 fit round 30 (tier=small)
[2026-08-10 09:51:00] 2026-08-10 09:51:00 | INFO     | KDClient 0 round 30 public KD (epochs=2)
[2026-08-10 09:51:13] 2026-08-10 09:51:12 | INFO     | KDClient 0 round 30 local training (epochs=3)
[2026-08-10 09:51:41] 2026-08-10 09:51:41 | INFO     | KDClient 0 round 30 completed (acc=0.8124, n=2849)
[2026-08-10 09:51:41] 2026-08-10 09:51:41 | INFO     | KDClient 1 fit round 30 (tier=small)
[2026-08-10 09:51:41] 2026-08-10 09:51:41 | INFO     | KDClient 1 round 30 public KD (epochs=2)
[2026-08-10 09:51:52] 2026-08-10 09:51:52 | INFO     | KDClient 1 round 30 local training (epochs=3)
[2026-08-10 09:52:09] 2026-08-10 09:52:09 | INFO     | KDClient 1 round 30 completed (acc=0.8228, n=2453)
[2026-08-10 09:52:09] 2026-08-10 09:52:09 | INFO     | KDClient 2 fit round 30 (tier=small)
[2026-08-10 09:52:09] 2026-08-10 09:52:09 | INFO     | KDClient 2 round 30 public KD (epochs=2)
[2026-08-10 09:52:19] 2026-08-10 09:52:19 | INFO     | KDClient 2 round 30 local training (epochs=3)
[2026-08-10 09:52:34] 2026-08-10 09:52:34 | INFO     | KDClient 2 round 30 completed (acc=0.8159, n=1737)
[2026-08-10 09:52:34] 2026-08-10 09:52:34 | INFO     | KDClient 3 fit round 30 (tier=small)
[2026-08-10 09:52:34] 2026-08-10 09:52:34 | INFO     | KDClient 3 round 30 public KD (epochs=2)
[2026-08-10 09:52:43] 2026-08-10 09:52:43 | INFO     | KDClient 3 round 30 local training (epochs=3)
[2026-08-10 09:53:02] 2026-08-10 09:53:02 | INFO     | KDClient 3 round 30 completed (acc=0.8727, n=4569)
[2026-08-10 09:53:02] 2026-08-10 09:53:02 | INFO     | KDClient 4 fit round 30 (tier=small)
[2026-08-10 09:53:02] 2026-08-10 09:53:02 | INFO     | KDClient 4 round 30 public KD (epochs=2)
[2026-08-10 09:53:12] 2026-08-10 09:53:12 | INFO     | KDClient 4 round 30 local training (epochs=3)
[2026-08-10 09:53:32] 2026-08-10 09:53:32 | INFO     | KDClient 4 round 30 completed (acc=0.8777, n=4988)
[2026-08-10 09:53:32] 2026-08-10 09:53:32 | INFO     | KDClient 5 fit round 30 (tier=small)
[2026-08-10 09:53:32] 2026-08-10 09:53:32 | INFO     | KDClient 5 round 30 public KD (epochs=2)
[2026-08-10 09:53:41] 2026-08-10 09:53:41 | INFO     | KDClient 5 round 30 local training (epochs=3)
[2026-08-10 09:53:57] 2026-08-10 09:53:57 | INFO     | KDClient 5 round 30 completed (acc=0.9052, n=2078)
[2026-08-10 09:53:57] 2026-08-10 09:53:57 | INFO     | KDClient 6 fit round 30 (tier=small)
[2026-08-10 09:53:57] 2026-08-10 09:53:57 | INFO     | KDClient 6 round 30 public KD (epochs=2)
[2026-08-10 09:54:06] 2026-08-10 09:54:06 | INFO     | KDClient 6 round 30 local training (epochs=3)
[2026-08-10 09:54:21] 2026-08-10 09:54:21 | INFO     | KDClient 6 round 30 completed (acc=0.7745, n=1216)
[2026-08-10 09:54:21] 2026-08-10 09:54:21 | INFO     | KDClient 7 fit round 30 (tier=medium)
[2026-08-10 09:54:21] 2026-08-10 09:54:21 | INFO     | KDClient 7 round 30 public KD (epochs=2)
[2026-08-10 09:54:51] 2026-08-10 09:54:51 | INFO     | KDClient 7 round 30 local training (epochs=3)
[2026-08-10 09:55:31] 2026-08-10 09:55:31 | INFO     | KDClient 7 round 30 completed (acc=0.8602, n=2068)
[2026-08-10 09:55:31] 2026-08-10 09:55:31 | INFO     | KDClient 8 fit round 30 (tier=medium)
[2026-08-10 09:55:31] 2026-08-10 09:55:31 | INFO     | KDClient 8 round 30 public KD (epochs=2)
[2026-08-10 09:56:02] 2026-08-10 09:56:02 | INFO     | KDClient 8 round 30 local training (epochs=3)
[2026-08-10 09:56:43] 2026-08-10 09:56:43 | INFO     | KDClient 8 round 30 completed (acc=0.7348, n=2757)
[2026-08-10 09:56:43] 2026-08-10 09:56:43 | INFO     | KDClient 9 fit round 30 (tier=medium)
[2026-08-10 09:56:43] 2026-08-10 09:56:43 | INFO     | KDClient 9 round 30 public KD (epochs=2)
[2026-08-10 09:57:17] 2026-08-10 09:57:17 | INFO     | KDClient 9 round 30 local training (epochs=3)
[2026-08-10 09:58:03] 2026-08-10 09:58:03 | INFO     | KDClient 9 round 30 completed (acc=0.8253, n=3030)
[2026-08-10 09:58:03] 2026-08-10 09:58:03 | INFO     | KDClient 10 fit round 30 (tier=medium)
[2026-08-10 09:58:03] 2026-08-10 09:58:03 | INFO     | KDClient 10 round 30 public KD (epochs=2)
[2026-08-10 09:58:32] 2026-08-10 09:58:32 | INFO     | KDClient 10 round 30 local training (epochs=3)
[2026-08-10 09:59:09] 2026-08-10 09:59:09 | INFO     | KDClient 10 round 30 completed (acc=0.7765, n=2256)
[2026-08-10 09:59:09] 2026-08-10 09:59:09 | INFO     | KDClient 11 fit round 30 (tier=medium)
[2026-08-10 09:59:09] 2026-08-10 09:59:09 | INFO     | KDClient 11 round 30 public KD (epochs=2)
[2026-08-10 09:59:41] 2026-08-10 09:59:41 | INFO     | KDClient 11 round 30 local training (epochs=3)
[2026-08-10 10:00:26] 2026-08-10 10:00:26 | INFO     | KDClient 11 round 30 completed (acc=0.7801, n=2774)
[2026-08-10 10:00:26] 2026-08-10 10:00:26 | INFO     | KDClient 12 fit round 30 (tier=medium)
[2026-08-10 10:00:26] 2026-08-10 10:00:26 | INFO     | KDClient 12 round 30 public KD (epochs=2)
[2026-08-10 10:01:01] 2026-08-10 10:01:01 | INFO     | KDClient 12 round 30 local training (epochs=3)
[2026-08-10 10:01:47] 2026-08-10 10:01:47 | INFO     | KDClient 12 round 30 completed (acc=0.8682, n=2925)
[2026-08-10 10:01:47] 2026-08-10 10:01:47 | INFO     | KDClient 13 fit round 30 (tier=medium)
[2026-08-10 10:01:47] 2026-08-10 10:01:47 | INFO     | KDClient 13 round 30 public KD (epochs=2)
[2026-08-10 10:02:19] 2026-08-10 10:02:19 | INFO     | KDClient 13 round 30 local training (epochs=3)
[2026-08-10 10:03:22] 2026-08-10 10:03:22 | INFO     | KDClient 13 round 30 completed (acc=0.8802, n=4336)
[2026-08-10 10:03:22] 2026-08-10 10:03:22 | INFO     | KDClient 14 fit round 30 (tier=large)
[2026-08-10 10:03:22] 2026-08-10 10:03:22 | INFO     | KDClient 14 round 30 public KD (epochs=2)
[2026-08-10 10:04:07] 2026-08-10 10:04:07 | INFO     | KDClient 14 round 30 local training (epochs=3)
[2026-08-10 10:05:20] 2026-08-10 10:05:20 | INFO     | KDClient 14 round 30 completed (acc=0.8694, n=2293)
[2026-08-10 10:05:20] 2026-08-10 10:05:20 | INFO     | KDClient 15 fit round 30 (tier=large)
[2026-08-10 10:05:20] 2026-08-10 10:05:20 | INFO     | KDClient 15 round 30 public KD (epochs=2)
[2026-08-10 10:06:23] 2026-08-10 10:06:23 | INFO     | KDClient 15 round 30 local training (epochs=3)
[2026-08-10 10:07:41] 2026-08-10 10:07:41 | INFO     | KDClient 15 round 30 completed (acc=0.9761, n=4755)
[2026-08-10 10:07:41] 2026-08-10 10:07:41 | INFO     | KDClient 16 fit round 30 (tier=large)
[2026-08-10 10:07:41] 2026-08-10 10:07:41 | INFO     | KDClient 16 round 30 public KD (epochs=2)
[2026-08-10 10:08:25] 2026-08-10 10:08:25 | INFO     | KDClient 16 round 30 local training (epochs=3)
[2026-08-10 10:09:45] 2026-08-10 10:09:45 | INFO     | KDClient 16 round 30 completed (acc=0.9700, n=4718)
[2026-08-10 10:09:45] 2026-08-10 10:09:45 | INFO     | KDClient 17 fit round 30 (tier=large)
[2026-08-10 10:09:45] 2026-08-10 10:09:45 | INFO     | KDClient 17 round 30 public KD (epochs=2)
[2026-08-10 10:10:34] 2026-08-10 10:10:34 | INFO     | KDClient 17 round 30 local training (epochs=3)
[2026-08-10 10:11:42] 2026-08-10 10:11:42 | INFO     | KDClient 17 round 30 completed (acc=0.8541, n=3677)
[2026-08-10 10:11:42] 2026-08-10 10:11:42 | INFO     | KDClient 18 fit round 30 (tier=large)
[2026-08-10 10:11:42] 2026-08-10 10:11:42 | INFO     | KDClient 18 round 30 public KD (epochs=2)
[2026-08-10 10:12:33] 2026-08-10 10:12:33 | INFO     | KDClient 18 round 30 local training (epochs=3)
[2026-08-10 10:13:34] 2026-08-10 10:13:34 | INFO     | KDClient 18 round 30 completed (acc=0.8524, n=1384)
[2026-08-10 10:13:34] 2026-08-10 10:13:34 | INFO     | KDClient 19 fit round 30 (tier=large)
[2026-08-10 10:13:34] 2026-08-10 10:13:34 | INFO     | KDClient 19 round 30 public KD (epochs=2)
[2026-08-10 10:14:13] 2026-08-10 10:14:13 | INFO     | KDClient 19 round 30 local training (epochs=3)
[2026-08-10 10:15:23] 2026-08-10 10:15:23 | INFO     | KDClient 19 round 30 completed (acc=0.9076, n=3137)
[2026-08-10 10:15:23]   Round  30/40 | Avg: 0.8518 | Min: 0.7348 | Max: 0.9761
[2026-08-10 10:15:23] 2026-08-10 10:15:23 | INFO     | FEDAKD — NONIID: round 31/40 starting
[2026-08-10 10:15:23] 2026-08-10 10:15:23 | INFO     | KDClient 0 fit round 31 (tier=small)
[2026-08-10 10:15:23] 2026-08-10 10:15:23 | INFO     | KDClient 0 round 31 public KD (epochs=2)
[2026-08-10 10:15:39] 2026-08-10 10:15:39 | INFO     | KDClient 0 round 31 local training (epochs=3)
[2026-08-10 10:15:57] 2026-08-10 10:15:57 | INFO     | KDClient 0 round 31 completed (acc=0.8234, n=2849)
[2026-08-10 10:15:57] 2026-08-10 10:15:57 | INFO     | KDClient 1 fit round 31 (tier=small)
[2026-08-10 10:15:57] 2026-08-10 10:15:57 | INFO     | KDClient 1 round 31 public KD (epochs=2)
[2026-08-10 10:16:07] 2026-08-10 10:16:07 | INFO     | KDClient 1 round 31 local training (epochs=3)
[2026-08-10 10:16:25] 2026-08-10 10:16:25 | INFO     | KDClient 1 round 31 completed (acc=0.8209, n=2453)
[2026-08-10 10:16:25] 2026-08-10 10:16:25 | INFO     | KDClient 2 fit round 31 (tier=small)
[2026-08-10 10:16:25] 2026-08-10 10:16:25 | INFO     | KDClient 2 round 31 public KD (epochs=2)
[2026-08-10 10:16:35] 2026-08-10 10:16:35 | INFO     | KDClient 2 round 31 local training (epochs=3)
[2026-08-10 10:16:51] 2026-08-10 10:16:51 | INFO     | KDClient 2 round 31 completed (acc=0.7968, n=1737)
[2026-08-10 10:16:51] 2026-08-10 10:16:51 | INFO     | KDClient 3 fit round 31 (tier=small)
[2026-08-10 10:16:51] 2026-08-10 10:16:51 | INFO     | KDClient 3 round 31 public KD (epochs=2)
[2026-08-10 10:17:07] 2026-08-10 10:17:07 | INFO     | KDClient 3 round 31 local training (epochs=3)
[2026-08-10 10:17:29] 2026-08-10 10:17:29 | INFO     | KDClient 3 round 31 completed (acc=0.8707, n=4569)
[2026-08-10 10:17:29] 2026-08-10 10:17:29 | INFO     | KDClient 4 fit round 31 (tier=small)
[2026-08-10 10:17:29] 2026-08-10 10:17:29 | INFO     | KDClient 4 round 31 public KD (epochs=2)
[2026-08-10 10:17:39] 2026-08-10 10:17:39 | INFO     | KDClient 4 round 31 local training (epochs=3)
[2026-08-10 10:18:01] 2026-08-10 10:18:01 | INFO     | KDClient 4 round 31 completed (acc=0.8741, n=4988)
[2026-08-10 10:18:01] 2026-08-10 10:18:01 | INFO     | KDClient 5 fit round 31 (tier=small)
[2026-08-10 10:18:01] 2026-08-10 10:18:01 | INFO     | KDClient 5 round 31 public KD (epochs=2)
[2026-08-10 10:18:17] 2026-08-10 10:18:17 | INFO     | KDClient 5 round 31 local training (epochs=3)
[2026-08-10 10:18:35] 2026-08-10 10:18:35 | INFO     | KDClient 5 round 31 completed (acc=0.9048, n=2078)
[2026-08-10 10:18:35] 2026-08-10 10:18:35 | INFO     | KDClient 6 fit round 31 (tier=small)
[2026-08-10 10:18:35] 2026-08-10 10:18:35 | INFO     | KDClient 6 round 31 public KD (epochs=2)
[2026-08-10 10:18:46] 2026-08-10 10:18:46 | INFO     | KDClient 6 round 31 local training (epochs=3)
[2026-08-10 10:19:04] 2026-08-10 10:19:04 | INFO     | KDClient 6 round 31 completed (acc=0.7814, n=1216)
[2026-08-10 10:19:04] 2026-08-10 10:19:04 | INFO     | KDClient 7 fit round 31 (tier=medium)
[2026-08-10 10:19:04] 2026-08-10 10:19:04 | INFO     | KDClient 7 round 31 public KD (epochs=2)
[2026-08-10 10:19:37] 2026-08-10 10:19:37 | INFO     | KDClient 7 round 31 local training (epochs=3)
[2026-08-10 10:20:25] 2026-08-10 10:20:25 | INFO     | KDClient 7 round 31 completed (acc=0.8595, n=2068)
[2026-08-10 10:20:25] 2026-08-10 10:20:25 | INFO     | KDClient 8 fit round 31 (tier=medium)
[2026-08-10 10:20:25] 2026-08-10 10:20:25 | INFO     | KDClient 8 round 31 public KD (epochs=2)
[2026-08-10 10:21:02] 2026-08-10 10:21:02 | INFO     | KDClient 8 round 31 local training (epochs=3)
[2026-08-10 10:21:56] 2026-08-10 10:21:56 | INFO     | KDClient 8 round 31 completed (acc=0.7276, n=2757)
[2026-08-10 10:21:56] 2026-08-10 10:21:56 | INFO     | KDClient 9 fit round 31 (tier=medium)
[2026-08-10 10:21:56] 2026-08-10 10:21:56 | INFO     | KDClient 9 round 31 public KD (epochs=2)
[2026-08-10 10:22:34] 2026-08-10 10:22:34 | INFO     | KDClient 9 round 31 local training (epochs=3)
[2026-08-10 10:23:30] 2026-08-10 10:23:30 | INFO     | KDClient 9 round 31 completed (acc=0.8150, n=3030)
[2026-08-10 10:23:30] 2026-08-10 10:23:30 | INFO     | KDClient 10 fit round 31 (tier=medium)
[2026-08-10 10:23:30] 2026-08-10 10:23:30 | INFO     | KDClient 10 round 31 public KD (epochs=2)
[2026-08-10 10:24:09] 2026-08-10 10:24:09 | INFO     | KDClient 10 round 31 local training (epochs=3)
[2026-08-10 10:25:02] 2026-08-10 10:25:02 | INFO     | KDClient 10 round 31 completed (acc=0.7718, n=2256)
[2026-08-10 10:25:02] 2026-08-10 10:25:02 | INFO     | KDClient 11 fit round 31 (tier=medium)
[2026-08-10 10:25:02] 2026-08-10 10:25:02 | INFO     | KDClient 11 round 31 public KD (epochs=2)
[2026-08-10 10:25:36] 2026-08-10 10:25:36 | INFO     | KDClient 11 round 31 local training (epochs=3)
[2026-08-10 10:26:36] 2026-08-10 10:26:36 | INFO     | KDClient 11 round 31 completed (acc=0.7695, n=2774)
[2026-08-10 10:26:36] 2026-08-10 10:26:36 | INFO     | KDClient 12 fit round 31 (tier=medium)
[2026-08-10 10:26:36] 2026-08-10 10:26:36 | INFO     | KDClient 12 round 31 public KD (epochs=2)
[2026-08-10 10:27:13] 2026-08-10 10:27:13 | INFO     | KDClient 12 round 31 local training (epochs=3)
[2026-08-10 10:28:03] 2026-08-10 10:28:03 | INFO     | KDClient 12 round 31 completed (acc=0.8761, n=2925)
[2026-08-10 10:28:03] 2026-08-10 10:28:03 | INFO     | KDClient 13 fit round 31 (tier=medium)
[2026-08-10 10:28:03] 2026-08-10 10:28:03 | INFO     | KDClient 13 round 31 public KD (epochs=2)
[2026-08-10 10:28:43] 2026-08-10 10:28:43 | INFO     | KDClient 13 round 31 local training (epochs=3)
[2026-08-10 10:29:46] 2026-08-10 10:29:46 | INFO     | KDClient 13 round 31 completed (acc=0.8740, n=4336)
[2026-08-10 10:29:46] 2026-08-10 10:29:46 | INFO     | KDClient 14 fit round 31 (tier=large)
[2026-08-10 10:29:46] 2026-08-10 10:29:46 | INFO     | KDClient 14 round 31 public KD (epochs=2)
[2026-08-10 10:30:35] 2026-08-10 10:30:35 | INFO     | KDClient 14 round 31 local training (epochs=3)
[2026-08-10 10:31:38] 2026-08-10 10:31:38 | INFO     | KDClient 14 round 31 completed (acc=0.8426, n=2293)
[2026-08-10 10:31:38] 2026-08-10 10:31:38 | INFO     | KDClient 15 fit round 31 (tier=large)
[2026-08-10 10:31:38] 2026-08-10 10:31:38 | INFO     | KDClient 15 round 31 public KD (epochs=2)
[2026-08-10 10:32:32] 2026-08-10 10:32:32 | INFO     | KDClient 15 round 31 local training (epochs=3)
[2026-08-10 10:34:11] 2026-08-10 10:34:11 | INFO     | KDClient 15 round 31 completed (acc=0.9722, n=4755)
[2026-08-10 10:34:11] 2026-08-10 10:34:11 | INFO     | KDClient 16 fit round 31 (tier=large)
[2026-08-10 10:34:11] 2026-08-10 10:34:11 | INFO     | KDClient 16 round 31 public KD (epochs=2)
[2026-08-10 10:35:11] 2026-08-10 10:35:11 | INFO     | KDClient 16 round 31 local training (epochs=3)
[2026-08-10 10:37:11] 2026-08-10 10:37:11 | INFO     | KDClient 16 round 31 completed (acc=0.9705, n=4718)
[2026-08-10 10:37:11] 2026-08-10 10:37:11 | INFO     | KDClient 17 fit round 31 (tier=large)
[2026-08-10 10:37:11] 2026-08-10 10:37:11 | INFO     | KDClient 17 round 31 public KD (epochs=2)
[2026-08-10 10:38:13] 2026-08-10 10:38:13 | INFO     | KDClient 17 round 31 local training (epochs=3)
[2026-08-10 10:40:03] 2026-08-10 10:40:03 | INFO     | KDClient 17 round 31 completed (acc=0.8742, n=3677)
[2026-08-10 10:40:03] 2026-08-10 10:40:03 | INFO     | KDClient 18 fit round 31 (tier=large)
[2026-08-10 10:40:03] 2026-08-10 10:40:03 | INFO     | KDClient 18 round 31 public KD (epochs=2)
[2026-08-10 10:40:50] 2026-08-10 10:40:50 | INFO     | KDClient 18 round 31 local training (epochs=3)
[2026-08-10 10:41:57] 2026-08-10 10:41:57 | INFO     | KDClient 18 round 31 completed (acc=0.8524, n=1384)
[2026-08-10 10:41:57] 2026-08-10 10:41:57 | INFO     | KDClient 19 fit round 31 (tier=large)
[2026-08-10 10:41:57] 2026-08-10 10:41:57 | INFO     | KDClient 19 round 31 public KD (epochs=2)
[2026-08-10 10:43:03] 2026-08-10 10:43:03 | INFO     | KDClient 19 round 31 local training (epochs=3)
[2026-08-10 10:44:07] 2026-08-10 10:44:07 | INFO     | KDClient 19 round 31 completed (acc=0.9125, n=3137)
[2026-08-10 10:44:07]   Round  31/40 | Avg: 0.8495 | Min: 0.7276 | Max: 0.9722
[2026-08-10 10:44:07] 2026-08-10 10:44:07 | INFO     | FEDAKD — NONIID: round 32/40 starting
[2026-08-10 10:44:07] 2026-08-10 10:44:07 | INFO     | KDClient 0 fit round 32 (tier=small)
[2026-08-10 10:44:07] 2026-08-10 10:44:07 | INFO     | KDClient 0 round 32 public KD (epochs=2)
[2026-08-10 10:44:19] 2026-08-10 10:44:19 | INFO     | KDClient 0 round 32 local training (epochs=3)
[2026-08-10 10:44:40] 2026-08-10 10:44:40 | INFO     | KDClient 0 round 32 completed (acc=0.8240, n=2849)
[2026-08-10 10:44:40] 2026-08-10 10:44:40 | INFO     | KDClient 1 fit round 32 (tier=small)
[2026-08-10 10:44:40] 2026-08-10 10:44:40 | INFO     | KDClient 1 round 32 public KD (epochs=2)
[2026-08-10 10:44:52] 2026-08-10 10:44:52 | INFO     | KDClient 1 round 32 local training (epochs=3)
[2026-08-10 10:45:09] 2026-08-10 10:45:09 | INFO     | KDClient 1 round 32 completed (acc=0.8198, n=2453)
[2026-08-10 10:45:09] 2026-08-10 10:45:09 | INFO     | KDClient 2 fit round 32 (tier=small)
[2026-08-10 10:45:09] 2026-08-10 10:45:09 | INFO     | KDClient 2 round 32 public KD (epochs=2)
[2026-08-10 10:45:21] 2026-08-10 10:45:21 | INFO     | KDClient 2 round 32 local training (epochs=3)
[2026-08-10 10:45:40] 2026-08-10 10:45:40 | INFO     | KDClient 2 round 32 completed (acc=0.8062, n=1737)
[2026-08-10 10:45:40] 2026-08-10 10:45:40 | INFO     | KDClient 3 fit round 32 (tier=small)
[2026-08-10 10:45:40] 2026-08-10 10:45:40 | INFO     | KDClient 3 round 32 public KD (epochs=2)
[2026-08-10 10:45:51] 2026-08-10 10:45:51 | INFO     | KDClient 3 round 32 local training (epochs=3)
[2026-08-10 10:46:17] 2026-08-10 10:46:17 | INFO     | KDClient 3 round 32 completed (acc=0.8749, n=4569)
[2026-08-10 10:46:17] 2026-08-10 10:46:17 | INFO     | KDClient 4 fit round 32 (tier=small)
[2026-08-10 10:46:17] 2026-08-10 10:46:17 | INFO     | KDClient 4 round 32 public KD (epochs=2)
[2026-08-10 10:46:28] 2026-08-10 10:46:28 | INFO     | KDClient 4 round 32 local training (epochs=3)
[2026-08-10 10:46:49] 2026-08-10 10:46:49 | INFO     | KDClient 4 round 32 completed (acc=0.8812, n=4988)
[2026-08-10 10:46:49] 2026-08-10 10:46:49 | INFO     | KDClient 5 fit round 32 (tier=small)
[2026-08-10 10:46:49] 2026-08-10 10:46:49 | INFO     | KDClient 5 round 32 public KD (epochs=2)
[2026-08-10 10:47:00] 2026-08-10 10:47:00 | INFO     | KDClient 5 round 32 local training (epochs=3)
[2026-08-10 10:47:16] 2026-08-10 10:47:16 | INFO     | KDClient 5 round 32 completed (acc=0.9114, n=2078)
[2026-08-10 10:47:16] 2026-08-10 10:47:16 | INFO     | KDClient 6 fit round 32 (tier=small)
[2026-08-10 10:47:16] 2026-08-10 10:47:16 | INFO     | KDClient 6 round 32 public KD (epochs=2)
[2026-08-10 10:47:26] 2026-08-10 10:47:26 | INFO     | KDClient 6 round 32 local training (epochs=3)
[2026-08-10 10:47:37] 2026-08-10 10:47:37 | INFO     | KDClient 6 round 32 completed (acc=0.7855, n=1216)
[2026-08-10 10:47:37] 2026-08-10 10:47:37 | INFO     | KDClient 7 fit round 32 (tier=medium)
[2026-08-10 10:47:37] 2026-08-10 10:47:37 | INFO     | KDClient 7 round 32 public KD (epochs=2)
[2026-08-10 10:48:15] 2026-08-10 10:48:15 | INFO     | KDClient 7 round 32 local training (epochs=3)
[2026-08-10 10:49:11] 2026-08-10 10:49:11 | INFO     | KDClient 7 round 32 completed (acc=0.8672, n=2068)
[2026-08-10 10:49:11] 2026-08-10 10:49:11 | INFO     | KDClient 8 fit round 32 (tier=medium)
[2026-08-10 10:49:11] 2026-08-10 10:49:11 | INFO     | KDClient 8 round 32 public KD (epochs=2)
[2026-08-10 10:49:48] 2026-08-10 10:49:48 | INFO     | KDClient 8 round 32 local training (epochs=3)
[2026-08-10 10:50:47] 2026-08-10 10:50:47 | INFO     | KDClient 8 round 32 completed (acc=0.7247, n=2757)
[2026-08-10 10:50:47] 2026-08-10 10:50:47 | INFO     | KDClient 9 fit round 32 (tier=medium)
[2026-08-10 10:50:47] 2026-08-10 10:50:47 | INFO     | KDClient 9 round 32 public KD (epochs=2)
[2026-08-10 10:51:29] 2026-08-10 10:51:29 | INFO     | KDClient 9 round 32 local training (epochs=3)
[2026-08-10 10:52:22] 2026-08-10 10:52:22 | INFO     | KDClient 9 round 32 completed (acc=0.8029, n=3030)
[2026-08-10 10:52:22] 2026-08-10 10:52:22 | INFO     | KDClient 10 fit round 32 (tier=medium)
[2026-08-10 10:52:22] 2026-08-10 10:52:22 | INFO     | KDClient 10 round 32 public KD (epochs=2)
[2026-08-10 10:53:01] 2026-08-10 10:53:01 | INFO     | KDClient 10 round 32 local training (epochs=3)
[2026-08-10 10:53:55] 2026-08-10 10:53:54 | INFO     | KDClient 10 round 32 completed (acc=0.7764, n=2256)
[2026-08-10 10:53:55] 2026-08-10 10:53:54 | INFO     | KDClient 11 fit round 32 (tier=medium)
[2026-08-10 10:53:55] 2026-08-10 10:53:54 | INFO     | KDClient 11 round 32 public KD (epochs=2)
[2026-08-10 10:54:32] 2026-08-10 10:54:32 | INFO     | KDClient 11 round 32 local training (epochs=3)
[2026-08-10 10:55:21] 2026-08-10 10:55:21 | INFO     | KDClient 11 round 32 completed (acc=0.7138, n=2774)
[2026-08-10 10:55:21] 2026-08-10 10:55:21 | INFO     | KDClient 12 fit round 32 (tier=medium)
[2026-08-10 10:55:21] 2026-08-10 10:55:21 | INFO     | KDClient 12 round 32 public KD (epochs=2)
[2026-08-10 10:56:01] 2026-08-10 10:56:01 | INFO     | KDClient 12 round 32 local training (epochs=3)
[2026-08-10 10:56:55] 2026-08-10 10:56:55 | INFO     | KDClient 12 round 32 completed (acc=0.8841, n=2925)
[2026-08-10 10:56:55] 2026-08-10 10:56:55 | INFO     | KDClient 13 fit round 32 (tier=medium)
[2026-08-10 10:56:55] 2026-08-10 10:56:55 | INFO     | KDClient 13 round 32 public KD (epochs=2)
[2026-08-10 10:57:35] 2026-08-10 10:57:35 | INFO     | KDClient 13 round 32 local training (epochs=3)
[2026-08-10 10:58:41] 2026-08-10 10:58:41 | INFO     | KDClient 13 round 32 completed (acc=0.8810, n=4336)
[2026-08-10 10:58:41] 2026-08-10 10:58:41 | INFO     | KDClient 14 fit round 32 (tier=large)
[2026-08-10 10:58:41] 2026-08-10 10:58:41 | INFO     | KDClient 14 round 32 public KD (epochs=2)
[2026-08-10 10:59:37] 2026-08-10 10:59:37 | INFO     | KDClient 14 round 32 local training (epochs=3)
[2026-08-10 11:00:47] 2026-08-10 11:00:47 | INFO     | KDClient 14 round 32 completed (acc=0.8660, n=2293)
[2026-08-10 11:00:47] 2026-08-10 11:00:47 | INFO     | KDClient 15 fit round 32 (tier=large)
[2026-08-10 11:00:47] 2026-08-10 11:00:47 | INFO     | KDClient 15 round 32 public KD (epochs=2)
[2026-08-10 11:01:59] 2026-08-10 11:01:59 | INFO     | KDClient 15 round 32 local training (epochs=3)
[2026-08-10 11:03:51] 2026-08-10 11:03:51 | INFO     | KDClient 15 round 32 completed (acc=0.9678, n=4755)
[2026-08-10 11:03:51] 2026-08-10 11:03:51 | INFO     | KDClient 16 fit round 32 (tier=large)
[2026-08-10 11:03:51] 2026-08-10 11:03:51 | INFO     | KDClient 16 round 32 public KD (epochs=2)
[2026-08-10 11:04:28] 2026-08-10 11:04:28 | INFO     | KDClient 16 round 32 local training (epochs=3)
[2026-08-10 11:05:38] 2026-08-10 11:05:38 | INFO     | KDClient 16 round 32 completed (acc=0.9618, n=4718)
[2026-08-10 11:05:38] 2026-08-10 11:05:38 | INFO     | KDClient 17 fit round 32 (tier=large)
[2026-08-10 11:05:38] 2026-08-10 11:05:38 | INFO     | KDClient 17 round 32 public KD (epochs=2)
[2026-08-10 11:06:21] 2026-08-10 11:06:21 | INFO     | KDClient 17 round 32 local training (epochs=3)
[2026-08-10 11:07:30] 2026-08-10 11:07:30 | INFO     | KDClient 17 round 32 completed (acc=0.8776, n=3677)
[2026-08-10 11:07:30] 2026-08-10 11:07:30 | INFO     | KDClient 18 fit round 32 (tier=large)
[2026-08-10 11:07:30] 2026-08-10 11:07:30 | INFO     | KDClient 18 round 32 public KD (epochs=2)
[2026-08-10 11:08:34] 2026-08-10 11:08:34 | INFO     | KDClient 18 round 32 local training (epochs=3)
[2026-08-10 11:09:24] 2026-08-10 11:09:24 | INFO     | KDClient 18 round 32 completed (acc=0.8503, n=1384)
[2026-08-10 11:09:24] 2026-08-10 11:09:24 | INFO     | KDClient 19 fit round 32 (tier=large)
[2026-08-10 11:09:24] 2026-08-10 11:09:24 | INFO     | KDClient 19 round 32 public KD (epochs=2)
[2026-08-10 11:10:11] 2026-08-10 11:10:11 | INFO     | KDClient 19 round 32 local training (epochs=3)
[2026-08-10 11:11:21] 2026-08-10 11:11:21 | INFO     | KDClient 19 round 32 completed (acc=0.9162, n=3137)
[2026-08-10 11:11:21]   Round  32/40 | Avg: 0.8496 | Min: 0.7138 | Max: 0.9678
[2026-08-10 11:11:21] 2026-08-10 11:11:21 | INFO     | FEDAKD — NONIID: round 33/40 starting
[2026-08-10 11:11:21] 2026-08-10 11:11:21 | INFO     | KDClient 0 fit round 33 (tier=small)
[2026-08-10 11:11:21] 2026-08-10 11:11:21 | INFO     | KDClient 0 round 33 public KD (epochs=2)
[2026-08-10 11:11:31] 2026-08-10 11:11:31 | INFO     | KDClient 0 round 33 local training (epochs=3)
[2026-08-10 11:11:48] 2026-08-10 11:11:48 | INFO     | KDClient 0 round 33 completed (acc=0.8423, n=2849)
[2026-08-10 11:11:48] 2026-08-10 11:11:48 | INFO     | KDClient 1 fit round 33 (tier=small)
[2026-08-10 11:11:48] 2026-08-10 11:11:48 | INFO     | KDClient 1 round 33 public KD (epochs=2)
[2026-08-10 11:11:58] 2026-08-10 11:11:58 | INFO     | KDClient 1 round 33 local training (epochs=3)
[2026-08-10 11:12:16] 2026-08-10 11:12:16 | INFO     | KDClient 1 round 33 completed (acc=0.8169, n=2453)
[2026-08-10 11:12:16] 2026-08-10 11:12:16 | INFO     | KDClient 2 fit round 33 (tier=small)
[2026-08-10 11:12:16] 2026-08-10 11:12:16 | INFO     | KDClient 2 round 33 public KD (epochs=2)
[2026-08-10 11:12:26] 2026-08-10 11:12:26 | INFO     | KDClient 2 round 33 local training (epochs=3)
[2026-08-10 11:12:43] 2026-08-10 11:12:43 | INFO     | KDClient 2 round 33 completed (acc=0.8163, n=1737)
[2026-08-10 11:12:43] 2026-08-10 11:12:43 | INFO     | KDClient 3 fit round 33 (tier=small)
[2026-08-10 11:12:43] 2026-08-10 11:12:43 | INFO     | KDClient 3 round 33 public KD (epochs=2)
[2026-08-10 11:12:53] 2026-08-10 11:12:53 | INFO     | KDClient 3 round 33 local training (epochs=3)
[2026-08-10 11:13:16] 2026-08-10 11:13:15 | INFO     | KDClient 3 round 33 completed (acc=0.8532, n=4569)
[2026-08-10 11:13:16] 2026-08-10 11:13:15 | INFO     | KDClient 4 fit round 33 (tier=small)
[2026-08-10 11:13:16] 2026-08-10 11:13:15 | INFO     | KDClient 4 round 33 public KD (epochs=2)
[2026-08-10 11:13:26] 2026-08-10 11:13:26 | INFO     | KDClient 4 round 33 local training (epochs=3)
[2026-08-10 11:13:47] 2026-08-10 11:13:47 | INFO     | KDClient 4 round 33 completed (acc=0.8809, n=4988)
[2026-08-10 11:13:47] 2026-08-10 11:13:47 | INFO     | KDClient 5 fit round 33 (tier=small)
[2026-08-10 11:13:47] 2026-08-10 11:13:47 | INFO     | KDClient 5 round 33 public KD (epochs=2)
[2026-08-10 11:13:57] 2026-08-10 11:13:57 | INFO     | KDClient 5 round 33 local training (epochs=3)
[2026-08-10 11:14:13] 2026-08-10 11:14:13 | INFO     | KDClient 5 round 33 completed (acc=0.9044, n=2078)
[2026-08-10 11:14:13] 2026-08-10 11:14:13 | INFO     | KDClient 6 fit round 33 (tier=small)
[2026-08-10 11:14:13] 2026-08-10 11:14:13 | INFO     | KDClient 6 round 33 public KD (epochs=2)
[2026-08-10 11:14:23] 2026-08-10 11:14:23 | INFO     | KDClient 6 round 33 local training (epochs=3)
[2026-08-10 11:14:39] 2026-08-10 11:14:39 | INFO     | KDClient 6 round 33 completed (acc=0.7864, n=1216)
[2026-08-10 11:14:39] 2026-08-10 11:14:39 | INFO     | KDClient 7 fit round 33 (tier=medium)
[2026-08-10 11:14:39] 2026-08-10 11:14:39 | INFO     | KDClient 7 round 33 public KD (epochs=2)
[2026-08-10 11:15:10] 2026-08-10 11:15:10 | INFO     | KDClient 7 round 33 local training (epochs=3)
[2026-08-10 11:15:50] 2026-08-10 11:15:50 | INFO     | KDClient 7 round 33 completed (acc=0.8652, n=2068)
[2026-08-10 11:15:50] 2026-08-10 11:15:50 | INFO     | KDClient 8 fit round 33 (tier=medium)
[2026-08-10 11:15:50] 2026-08-10 11:15:50 | INFO     | KDClient 8 round 33 public KD (epochs=2)
[2026-08-10 11:16:23] 2026-08-10 11:16:23 | INFO     | KDClient 8 round 33 local training (epochs=3)
[2026-08-10 11:17:12] 2026-08-10 11:17:12 | INFO     | KDClient 8 round 33 completed (acc=0.7197, n=2757)
[2026-08-10 11:17:12] 2026-08-10 11:17:12 | INFO     | KDClient 9 fit round 33 (tier=medium)
[2026-08-10 11:17:12] 2026-08-10 11:17:12 | INFO     | KDClient 9 round 33 public KD (epochs=2)
[2026-08-10 11:17:45] 2026-08-10 11:17:45 | INFO     | KDClient 9 round 33 local training (epochs=3)
[2026-08-10 11:18:34] 2026-08-10 11:18:33 | INFO     | KDClient 9 round 33 completed (acc=0.8123, n=3030)
[2026-08-10 11:18:34] 2026-08-10 11:18:33 | INFO     | KDClient 10 fit round 33 (tier=medium)
[2026-08-10 11:18:34] 2026-08-10 11:18:33 | INFO     | KDClient 10 round 33 public KD (epochs=2)
[2026-08-10 11:19:02] 2026-08-10 11:19:02 | INFO     | KDClient 10 round 33 local training (epochs=3)
[2026-08-10 11:19:40] 2026-08-10 11:19:40 | INFO     | KDClient 10 round 33 completed (acc=0.7782, n=2256)
[2026-08-10 11:19:40] 2026-08-10 11:19:40 | INFO     | KDClient 11 fit round 33 (tier=medium)
[2026-08-10 11:19:40] 2026-08-10 11:19:40 | INFO     | KDClient 11 round 33 public KD (epochs=2)
[2026-08-10 11:20:12] 2026-08-10 11:20:12 | INFO     | KDClient 11 round 33 local training (epochs=3)
[2026-08-10 11:21:02] 2026-08-10 11:21:02 | INFO     | KDClient 11 round 33 completed (acc=0.7564, n=2774)
[2026-08-10 11:21:02] 2026-08-10 11:21:02 | INFO     | KDClient 12 fit round 33 (tier=medium)
[2026-08-10 11:21:02] 2026-08-10 11:21:02 | INFO     | KDClient 12 round 33 public KD (epochs=2)
[2026-08-10 11:21:35] 2026-08-10 11:21:35 | INFO     | KDClient 12 round 33 local training (epochs=3)
[2026-08-10 11:22:28] 2026-08-10 11:22:28 | INFO     | KDClient 12 round 33 completed (acc=0.8876, n=2925)
[2026-08-10 11:22:28] 2026-08-10 11:22:28 | INFO     | KDClient 13 fit round 33 (tier=medium)
[2026-08-10 11:22:28] 2026-08-10 11:22:28 | INFO     | KDClient 13 round 33 public KD (epochs=2)
[2026-08-10 11:23:00] 2026-08-10 11:23:00 | INFO     | KDClient 13 round 33 local training (epochs=3)
[2026-08-10 11:24:01] 2026-08-10 11:24:01 | INFO     | KDClient 13 round 33 completed (acc=0.8859, n=4336)
[2026-08-10 11:24:01] 2026-08-10 11:24:01 | INFO     | KDClient 14 fit round 33 (tier=large)
[2026-08-10 11:24:01] 2026-08-10 11:24:01 | INFO     | KDClient 14 round 33 public KD (epochs=2)
[2026-08-10 11:25:05] 2026-08-10 11:25:05 | INFO     | KDClient 14 round 33 local training (epochs=3)
[2026-08-10 11:26:17] 2026-08-10 11:26:17 | INFO     | KDClient 14 round 33 completed (acc=0.8611, n=2293)
[2026-08-10 11:26:17] 2026-08-10 11:26:17 | INFO     | KDClient 15 fit round 33 (tier=large)
[2026-08-10 11:26:17] 2026-08-10 11:26:17 | INFO     | KDClient 15 round 33 public KD (epochs=2)
[2026-08-10 11:27:04] 2026-08-10 11:27:04 | INFO     | KDClient 15 round 33 local training (epochs=3)
[2026-08-10 11:28:24] 2026-08-10 11:28:24 | INFO     | KDClient 15 round 33 completed (acc=0.9749, n=4755)
[2026-08-10 11:28:24] 2026-08-10 11:28:24 | INFO     | KDClient 16 fit round 33 (tier=large)
[2026-08-10 11:28:24] 2026-08-10 11:28:24 | INFO     | KDClient 16 round 33 public KD (epochs=2)
[2026-08-10 11:29:15] 2026-08-10 11:29:15 | INFO     | KDClient 16 round 33 local training (epochs=3)
[2026-08-10 11:30:27] 2026-08-10 11:30:27 | INFO     | KDClient 16 round 33 completed (acc=0.9624, n=4718)
[2026-08-10 11:30:27] 2026-08-10 11:30:27 | INFO     | KDClient 17 fit round 33 (tier=large)
[2026-08-10 11:30:27] 2026-08-10 11:30:27 | INFO     | KDClient 17 round 33 public KD (epochs=2)
[2026-08-10 11:31:10] 2026-08-10 11:31:10 | INFO     | KDClient 17 round 33 local training (epochs=3)
[2026-08-10 11:32:21] 2026-08-10 11:32:21 | INFO     | KDClient 17 round 33 completed (acc=0.8779, n=3677)
[2026-08-10 11:32:21] 2026-08-10 11:32:21 | INFO     | KDClient 18 fit round 33 (tier=large)
[2026-08-10 11:32:21] 2026-08-10 11:32:21 | INFO     | KDClient 18 round 33 public KD (epochs=2)
[2026-08-10 11:33:27] 2026-08-10 11:33:27 | INFO     | KDClient 18 round 33 local training (epochs=3)
[2026-08-10 11:34:37] 2026-08-10 11:34:37 | INFO     | KDClient 18 round 33 completed (acc=0.8688, n=1384)
[2026-08-10 11:34:37] 2026-08-10 11:34:37 | INFO     | KDClient 19 fit round 33 (tier=large)
[2026-08-10 11:34:37] 2026-08-10 11:34:37 | INFO     | KDClient 19 round 33 public KD (epochs=2)
[2026-08-10 11:35:48] 2026-08-10 11:35:48 | INFO     | KDClient 19 round 33 local training (epochs=3)
[2026-08-10 11:36:57] 2026-08-10 11:36:57 | INFO     | KDClient 19 round 33 completed (acc=0.9174, n=3137)
[2026-08-10 11:36:57]   Round  33/40 | Avg: 0.8534 | Min: 0.7197 | Max: 0.9749
[2026-08-10 11:36:57] 2026-08-10 11:36:57 | INFO     | FEDAKD — NONIID: round 34/40 starting
[2026-08-10 11:36:57] 2026-08-10 11:36:57 | INFO     | KDClient 0 fit round 34 (tier=small)
[2026-08-10 11:36:57] 2026-08-10 11:36:57 | INFO     | KDClient 0 round 34 public KD (epochs=2)
[2026-08-10 11:37:13] 2026-08-10 11:37:13 | INFO     | KDClient 0 round 34 local training (epochs=3)
[2026-08-10 11:37:33] 2026-08-10 11:37:33 | INFO     | KDClient 0 round 34 completed (acc=0.8330, n=2849)
[2026-08-10 11:37:33] 2026-08-10 11:37:33 | INFO     | KDClient 1 fit round 34 (tier=small)
[2026-08-10 11:37:33] 2026-08-10 11:37:33 | INFO     | KDClient 1 round 34 public KD (epochs=2)
[2026-08-10 11:37:49] 2026-08-10 11:37:49 | INFO     | KDClient 1 round 34 local training (epochs=3)
[2026-08-10 11:38:08] 2026-08-10 11:38:08 | INFO     | KDClient 1 round 34 completed (acc=0.8220, n=2453)
[2026-08-10 11:38:08] 2026-08-10 11:38:08 | INFO     | KDClient 2 fit round 34 (tier=small)
[2026-08-10 11:38:08] 2026-08-10 11:38:08 | INFO     | KDClient 2 round 34 public KD (epochs=2)
[2026-08-10 11:38:19] 2026-08-10 11:38:19 | INFO     | KDClient 2 round 34 local training (epochs=3)
[2026-08-10 11:38:37] 2026-08-10 11:38:37 | INFO     | KDClient 2 round 34 completed (acc=0.8135, n=1737)
[2026-08-10 11:38:37] 2026-08-10 11:38:37 | INFO     | KDClient 3 fit round 34 (tier=small)
[2026-08-10 11:38:37] 2026-08-10 11:38:37 | INFO     | KDClient 3 round 34 public KD (epochs=2)
[2026-08-10 11:38:49] 2026-08-10 11:38:49 | INFO     | KDClient 3 round 34 local training (epochs=3)
[2026-08-10 11:39:16] 2026-08-10 11:39:16 | INFO     | KDClient 3 round 34 completed (acc=0.8695, n=4569)
[2026-08-10 11:39:16] 2026-08-10 11:39:16 | INFO     | KDClient 4 fit round 34 (tier=small)
[2026-08-10 11:39:16] 2026-08-10 11:39:16 | INFO     | KDClient 4 round 34 public KD (epochs=2)
[2026-08-10 11:39:28] 2026-08-10 11:39:28 | INFO     | KDClient 4 round 34 local training (epochs=3)
[2026-08-10 11:39:57] 2026-08-10 11:39:57 | INFO     | KDClient 4 round 34 completed (acc=0.8819, n=4988)
[2026-08-10 11:39:57] 2026-08-10 11:39:57 | INFO     | KDClient 5 fit round 34 (tier=small)
[2026-08-10 11:39:57] 2026-08-10 11:39:57 | INFO     | KDClient 5 round 34 public KD (epochs=2)
[2026-08-10 11:40:09] 2026-08-10 11:40:09 | INFO     | KDClient 5 round 34 local training (epochs=3)
[2026-08-10 11:40:31] 2026-08-10 11:40:31 | INFO     | KDClient 5 round 34 completed (acc=0.9067, n=2078)
[2026-08-10 11:40:31] 2026-08-10 11:40:31 | INFO     | KDClient 6 fit round 34 (tier=small)
[2026-08-10 11:40:31] 2026-08-10 11:40:31 | INFO     | KDClient 6 round 34 public KD (epochs=2)
[2026-08-10 11:40:42] 2026-08-10 11:40:42 | INFO     | KDClient 6 round 34 local training (epochs=3)
[2026-08-10 11:41:01] 2026-08-10 11:41:01 | INFO     | KDClient 6 round 34 completed (acc=0.7766, n=1216)
[2026-08-10 11:41:01] 2026-08-10 11:41:01 | INFO     | KDClient 7 fit round 34 (tier=medium)
[2026-08-10 11:41:01] 2026-08-10 11:41:01 | INFO     | KDClient 7 round 34 public KD (epochs=2)
[2026-08-10 11:41:36] 2026-08-10 11:41:36 | INFO     | KDClient 7 round 34 local training (epochs=3)
[2026-08-10 11:42:17] 2026-08-10 11:42:17 | INFO     | KDClient 7 round 34 completed (acc=0.8659, n=2068)
[2026-08-10 11:42:17] 2026-08-10 11:42:17 | INFO     | KDClient 8 fit round 34 (tier=medium)
[2026-08-10 11:42:17] 2026-08-10 11:42:17 | INFO     | KDClient 8 round 34 public KD (epochs=2)
[2026-08-10 11:42:52] 2026-08-10 11:42:52 | INFO     | KDClient 8 round 34 local training (epochs=3)
[2026-08-10 11:43:49] 2026-08-10 11:43:49 | INFO     | KDClient 8 round 34 completed (acc=0.7327, n=2757)
[2026-08-10 11:43:49] 2026-08-10 11:43:49 | INFO     | KDClient 9 fit round 34 (tier=medium)
[2026-08-10 11:43:49] 2026-08-10 11:43:49 | INFO     | KDClient 9 round 34 public KD (epochs=2)
[2026-08-10 11:44:34] 2026-08-10 11:44:34 | INFO     | KDClient 9 round 34 local training (epochs=3)
[2026-08-10 11:45:37] 2026-08-10 11:45:37 | INFO     | KDClient 9 round 34 completed (acc=0.8158, n=3030)
[2026-08-10 11:45:37] 2026-08-10 11:45:37 | INFO     | KDClient 10 fit round 34 (tier=medium)
[2026-08-10 11:45:37] 2026-08-10 11:45:37 | INFO     | KDClient 10 round 34 public KD (epochs=2)
[2026-08-10 11:46:20] 2026-08-10 11:46:20 | INFO     | KDClient 10 round 34 local training (epochs=3)
[2026-08-10 11:47:27] 2026-08-10 11:47:27 | INFO     | KDClient 10 round 34 completed (acc=0.7668, n=2256)
[2026-08-10 11:47:27] 2026-08-10 11:47:27 | INFO     | KDClient 11 fit round 34 (tier=medium)
[2026-08-10 11:47:27] 2026-08-10 11:47:27 | INFO     | KDClient 11 round 34 public KD (epochs=2)
[2026-08-10 11:48:06] 2026-08-10 11:48:06 | INFO     | KDClient 11 round 34 local training (epochs=3)
[2026-08-10 11:48:55] 2026-08-10 11:48:55 | INFO     | KDClient 11 round 34 completed (acc=0.7235, n=2774)
[2026-08-10 11:48:55] 2026-08-10 11:48:55 | INFO     | KDClient 12 fit round 34 (tier=medium)
[2026-08-10 11:48:55] 2026-08-10 11:48:55 | INFO     | KDClient 12 round 34 public KD (epochs=2)
[2026-08-10 11:49:58] 2026-08-10 11:49:58 | INFO     | KDClient 12 round 34 local training (epochs=3)
[2026-08-10 11:51:10] 2026-08-10 11:51:10 | INFO     | KDClient 12 round 34 completed (acc=0.8682, n=2925)
[2026-08-10 11:51:10] 2026-08-10 11:51:10 | INFO     | KDClient 13 fit round 34 (tier=medium)
[2026-08-10 11:51:10] 2026-08-10 11:51:10 | INFO     | KDClient 13 round 34 public KD (epochs=2)
[2026-08-10 11:51:48] 2026-08-10 11:51:48 | INFO     | KDClient 13 round 34 local training (epochs=3)
[2026-08-10 11:52:44] 2026-08-10 11:52:44 | INFO     | KDClient 13 round 34 completed (acc=0.8741, n=4336)
[2026-08-10 11:52:44] 2026-08-10 11:52:44 | INFO     | KDClient 14 fit round 34 (tier=large)
[2026-08-10 11:52:44] 2026-08-10 11:52:44 | INFO     | KDClient 14 round 34 public KD (epochs=2)
[2026-08-10 11:54:07] 2026-08-10 11:54:07 | INFO     | KDClient 14 round 34 local training (epochs=3)
[2026-08-10 11:55:15] 2026-08-10 11:55:15 | INFO     | KDClient 14 round 34 completed (acc=0.8636, n=2293)
[2026-08-10 11:55:15] 2026-08-10 11:55:15 | INFO     | KDClient 15 fit round 34 (tier=large)
[2026-08-10 11:55:15] 2026-08-10 11:55:15 | INFO     | KDClient 15 round 34 public KD (epochs=2)
[2026-08-10 11:56:22] 2026-08-10 11:56:22 | INFO     | KDClient 15 round 34 local training (epochs=3)
[2026-08-10 11:57:43] 2026-08-10 11:57:43 | INFO     | KDClient 15 round 34 completed (acc=0.9755, n=4755)
[2026-08-10 11:57:43] 2026-08-10 11:57:43 | INFO     | KDClient 16 fit round 34 (tier=large)
[2026-08-10 11:57:43] 2026-08-10 11:57:43 | INFO     | KDClient 16 round 34 public KD (epochs=2)
[2026-08-10 11:58:30] 2026-08-10 11:58:30 | INFO     | KDClient 16 round 34 local training (epochs=3)
[2026-08-10 11:59:44] 2026-08-10 11:59:44 | INFO     | KDClient 16 round 34 completed (acc=0.9656, n=4718)
[2026-08-10 11:59:44] 2026-08-10 11:59:44 | INFO     | KDClient 17 fit round 34 (tier=large)
[2026-08-10 11:59:44] 2026-08-10 11:59:44 | INFO     | KDClient 17 round 34 public KD (epochs=2)
[2026-08-10 12:00:30] 2026-08-10 12:00:30 | INFO     | KDClient 17 round 34 local training (epochs=3)
[2026-08-10 12:01:55] 2026-08-10 12:01:54 | INFO     | KDClient 17 round 34 completed (acc=0.8776, n=3677)
[2026-08-10 12:01:55] 2026-08-10 12:01:54 | INFO     | KDClient 18 fit round 34 (tier=large)
[2026-08-10 12:01:55] 2026-08-10 12:01:54 | INFO     | KDClient 18 round 34 public KD (epochs=2)
[2026-08-10 12:02:44] 2026-08-10 12:02:44 | INFO     | KDClient 18 round 34 local training (epochs=3)
[2026-08-10 12:03:51] 2026-08-10 12:03:51 | INFO     | KDClient 18 round 34 completed (acc=0.8615, n=1384)
[2026-08-10 12:03:51] 2026-08-10 12:03:51 | INFO     | KDClient 19 fit round 34 (tier=large)
[2026-08-10 12:03:51] 2026-08-10 12:03:51 | INFO     | KDClient 19 round 34 public KD (epochs=2)
[2026-08-10 12:04:45] 2026-08-10 12:04:45 | INFO     | KDClient 19 round 34 local training (epochs=3)
[2026-08-10 12:06:06] 2026-08-10 12:06:06 | INFO     | KDClient 19 round 34 completed (acc=0.9360, n=3137)
[2026-08-10 12:06:06]   Round  34/40 | Avg: 0.8515 | Min: 0.7235 | Max: 0.9755
[2026-08-10 12:06:06] 2026-08-10 12:06:06 | INFO     | FEDAKD — NONIID: round 35/40 starting
[2026-08-10 12:06:06] 2026-08-10 12:06:06 | INFO     | KDClient 0 fit round 35 (tier=small)
[2026-08-10 12:06:06] 2026-08-10 12:06:06 | INFO     | KDClient 0 round 35 public KD (epochs=2)
[2026-08-10 12:06:18] 2026-08-10 12:06:18 | INFO     | KDClient 0 round 35 local training (epochs=3)
[2026-08-10 12:06:47] 2026-08-10 12:06:47 | INFO     | KDClient 0 round 35 completed (acc=0.8313, n=2849)
[2026-08-10 12:06:47] 2026-08-10 12:06:47 | INFO     | KDClient 1 fit round 35 (tier=small)
[2026-08-10 12:06:47] 2026-08-10 12:06:47 | INFO     | KDClient 1 round 35 public KD (epochs=2)
[2026-08-10 12:07:04] 2026-08-10 12:07:04 | INFO     | KDClient 1 round 35 local training (epochs=3)
[2026-08-10 12:07:28] 2026-08-10 12:07:28 | INFO     | KDClient 1 round 35 completed (acc=0.8265, n=2453)
[2026-08-10 12:07:28] 2026-08-10 12:07:28 | INFO     | KDClient 2 fit round 35 (tier=small)
[2026-08-10 12:07:28] 2026-08-10 12:07:28 | INFO     | KDClient 2 round 35 public KD (epochs=2)
[2026-08-10 12:07:46] 2026-08-10 12:07:46 | INFO     | KDClient 2 round 35 local training (epochs=3)
[2026-08-10 12:08:12] 2026-08-10 12:08:12 | INFO     | KDClient 2 round 35 completed (acc=0.8065, n=1737)
[2026-08-10 12:08:12] 2026-08-10 12:08:12 | INFO     | KDClient 3 fit round 35 (tier=small)
[2026-08-10 12:08:12] 2026-08-10 12:08:12 | INFO     | KDClient 3 round 35 public KD (epochs=2)
[2026-08-10 12:08:26] 2026-08-10 12:08:26 | INFO     | KDClient 3 round 35 local training (epochs=3)
[2026-08-10 12:08:58] 2026-08-10 12:08:58 | INFO     | KDClient 3 round 35 completed (acc=0.8695, n=4569)
[2026-08-10 12:08:58] 2026-08-10 12:08:58 | INFO     | KDClient 4 fit round 35 (tier=small)
[2026-08-10 12:08:58] 2026-08-10 12:08:58 | INFO     | KDClient 4 round 35 public KD (epochs=2)
[2026-08-10 12:09:15] 2026-08-10 12:09:15 | INFO     | KDClient 4 round 35 local training (epochs=3)
[2026-08-10 12:09:47] 2026-08-10 12:09:47 | INFO     | KDClient 4 round 35 completed (acc=0.8746, n=4988)
[2026-08-10 12:09:47] 2026-08-10 12:09:47 | INFO     | KDClient 5 fit round 35 (tier=small)
[2026-08-10 12:09:47] 2026-08-10 12:09:47 | INFO     | KDClient 5 round 35 public KD (epochs=2)
[2026-08-10 12:09:59] 2026-08-10 12:09:59 | INFO     | KDClient 5 round 35 local training (epochs=3)
[2026-08-10 12:10:25] 2026-08-10 12:10:25 | INFO     | KDClient 5 round 35 completed (acc=0.9127, n=2078)
[2026-08-10 12:10:25] 2026-08-10 12:10:25 | INFO     | KDClient 6 fit round 35 (tier=small)
[2026-08-10 12:10:25] 2026-08-10 12:10:25 | INFO     | KDClient 6 round 35 public KD (epochs=2)
[2026-08-10 12:10:40] 2026-08-10 12:10:40 | INFO     | KDClient 6 round 35 local training (epochs=3)
[2026-08-10 12:10:57] 2026-08-10 12:10:57 | INFO     | KDClient 6 round 35 completed (acc=0.7826, n=1216)
[2026-08-10 12:10:57] 2026-08-10 12:10:57 | INFO     | KDClient 7 fit round 35 (tier=medium)
[2026-08-10 12:10:57] 2026-08-10 12:10:57 | INFO     | KDClient 7 round 35 public KD (epochs=2)
[2026-08-10 12:11:31] 2026-08-10 12:11:31 | INFO     | KDClient 7 round 35 local training (epochs=3)
[2026-08-10 12:12:23] 2026-08-10 12:12:23 | INFO     | KDClient 7 round 35 completed (acc=0.8662, n=2068)
[2026-08-10 12:12:23] 2026-08-10 12:12:23 | INFO     | KDClient 8 fit round 35 (tier=medium)
[2026-08-10 12:12:23] 2026-08-10 12:12:23 | INFO     | KDClient 8 round 35 public KD (epochs=2)
[2026-08-10 12:13:00] 2026-08-10 12:13:00 | INFO     | KDClient 8 round 35 local training (epochs=3)
[2026-08-10 12:13:57] 2026-08-10 12:13:57 | INFO     | KDClient 8 round 35 completed (acc=0.7303, n=2757)
[2026-08-10 12:13:57] 2026-08-10 12:13:57 | INFO     | KDClient 9 fit round 35 (tier=medium)
[2026-08-10 12:13:57] 2026-08-10 12:13:57 | INFO     | KDClient 9 round 35 public KD (epochs=2)
[2026-08-10 12:14:26] 2026-08-10 12:14:26 | INFO     | KDClient 9 round 35 local training (epochs=3)
[2026-08-10 12:15:00] 2026-08-10 12:15:00 | INFO     | KDClient 9 round 35 completed (acc=0.8185, n=3030)
[2026-08-10 12:15:00] 2026-08-10 12:15:00 | INFO     | KDClient 10 fit round 35 (tier=medium)
[2026-08-10 12:15:00] 2026-08-10 12:15:00 | INFO     | KDClient 10 round 35 public KD (epochs=2)
[2026-08-10 12:15:29] 2026-08-10 12:15:29 | INFO     | KDClient 10 round 35 local training (epochs=3)
[2026-08-10 12:16:05] 2026-08-10 12:16:05 | INFO     | KDClient 10 round 35 completed (acc=0.7916, n=2256)
[2026-08-10 12:16:05] 2026-08-10 12:16:05 | INFO     | KDClient 11 fit round 35 (tier=medium)
[2026-08-10 12:16:05] 2026-08-10 12:16:05 | INFO     | KDClient 11 round 35 public KD (epochs=2)
[2026-08-10 12:16:34] 2026-08-10 12:16:34 | INFO     | KDClient 11 round 35 local training (epochs=3)
[2026-08-10 12:17:05] 2026-08-10 12:17:05 | INFO     | KDClient 11 round 35 completed (acc=0.7746, n=2774)
[2026-08-10 12:17:05] 2026-08-10 12:17:05 | INFO     | KDClient 12 fit round 35 (tier=medium)
[2026-08-10 12:17:05] 2026-08-10 12:17:05 | INFO     | KDClient 12 round 35 public KD (epochs=2)
[2026-08-10 12:17:34] 2026-08-10 12:17:34 | INFO     | KDClient 12 round 35 local training (epochs=3)
[2026-08-10 12:18:12] 2026-08-10 12:18:12 | INFO     | KDClient 12 round 35 completed (acc=0.8753, n=2925)
[2026-08-10 12:18:12] 2026-08-10 12:18:12 | INFO     | KDClient 13 fit round 35 (tier=medium)
[2026-08-10 12:18:12] 2026-08-10 12:18:12 | INFO     | KDClient 13 round 35 public KD (epochs=2)
[2026-08-10 12:18:49] 2026-08-10 12:18:49 | INFO     | KDClient 13 round 35 local training (epochs=3)
[2026-08-10 12:19:41] 2026-08-10 12:19:41 | INFO     | KDClient 13 round 35 completed (acc=0.8735, n=4336)
[2026-08-10 12:19:41] 2026-08-10 12:19:41 | INFO     | KDClient 14 fit round 35 (tier=large)
[2026-08-10 12:19:41] 2026-08-10 12:19:41 | INFO     | KDClient 14 round 35 public KD (epochs=2)
[2026-08-10 12:20:25] 2026-08-10 12:20:25 | INFO     | KDClient 14 round 35 local training (epochs=3)
[2026-08-10 12:21:32] 2026-08-10 12:21:32 | INFO     | KDClient 14 round 35 completed (acc=0.8663, n=2293)
[2026-08-10 12:21:32] 2026-08-10 12:21:32 | INFO     | KDClient 15 fit round 35 (tier=large)
[2026-08-10 12:21:32] 2026-08-10 12:21:32 | INFO     | KDClient 15 round 35 public KD (epochs=2)
[2026-08-10 12:22:20] 2026-08-10 12:22:20 | INFO     | KDClient 15 round 35 local training (epochs=3)
[2026-08-10 12:23:32] 2026-08-10 12:23:32 | INFO     | KDClient 15 round 35 completed (acc=0.9753, n=4755)
[2026-08-10 12:23:32] 2026-08-10 12:23:32 | INFO     | KDClient 16 fit round 35 (tier=large)
[2026-08-10 12:23:32] 2026-08-10 12:23:32 | INFO     | KDClient 16 round 35 public KD (epochs=2)
[2026-08-10 12:24:04] 2026-08-10 12:24:04 | INFO     | KDClient 16 round 35 local training (epochs=3)
[2026-08-10 12:25:20] 2026-08-10 12:25:20 | INFO     | KDClient 16 round 35 completed (acc=0.9640, n=4718)
[2026-08-10 12:25:20] 2026-08-10 12:25:20 | INFO     | KDClient 17 fit round 35 (tier=large)
[2026-08-10 12:25:20] 2026-08-10 12:25:20 | INFO     | KDClient 17 round 35 public KD (epochs=2)
[2026-08-10 12:26:04] 2026-08-10 12:26:04 | INFO     | KDClient 17 round 35 local training (epochs=3)
[2026-08-10 12:27:07] 2026-08-10 12:27:07 | INFO     | KDClient 17 round 35 completed (acc=0.8752, n=3677)
[2026-08-10 12:27:07] 2026-08-10 12:27:07 | INFO     | KDClient 18 fit round 35 (tier=large)
[2026-08-10 12:27:07] 2026-08-10 12:27:07 | INFO     | KDClient 18 round 35 public KD (epochs=2)
[2026-08-10 12:28:11] 2026-08-10 12:28:11 | INFO     | KDClient 18 round 35 local training (epochs=3)
[2026-08-10 12:29:06] 2026-08-10 12:29:06 | INFO     | KDClient 18 round 35 completed (acc=0.8601, n=1384)
[2026-08-10 12:29:06] 2026-08-10 12:29:06 | INFO     | KDClient 19 fit round 35 (tier=large)
[2026-08-10 12:29:06] 2026-08-10 12:29:06 | INFO     | KDClient 19 round 35 public KD (epochs=2)
[2026-08-10 12:30:10] 2026-08-10 12:30:10 | INFO     | KDClient 19 round 35 local training (epochs=3)
[2026-08-10 12:31:19] 2026-08-10 12:31:19 | INFO     | KDClient 19 round 35 completed (acc=0.9209, n=3137)
[2026-08-10 12:31:19]   Round  35/40 | Avg: 0.8548 | Min: 0.7303 | Max: 0.9753
[2026-08-10 12:31:19] 2026-08-10 12:31:19 | INFO     | FEDAKD — NONIID: round 36/40 starting
[2026-08-10 12:31:19] 2026-08-10 12:31:19 | INFO     | KDClient 0 fit round 36 (tier=small)
[2026-08-10 12:31:19] 2026-08-10 12:31:19 | INFO     | KDClient 0 round 36 public KD (epochs=2)
[2026-08-10 12:31:29] 2026-08-10 12:31:29 | INFO     | KDClient 0 round 36 local training (epochs=3)
[2026-08-10 12:31:44] 2026-08-10 12:31:44 | INFO     | KDClient 0 round 36 completed (acc=0.8160, n=2849)
[2026-08-10 12:31:44] 2026-08-10 12:31:44 | INFO     | KDClient 1 fit round 36 (tier=small)
[2026-08-10 12:31:44] 2026-08-10 12:31:44 | INFO     | KDClient 1 round 36 public KD (epochs=2)
[2026-08-10 12:31:54] 2026-08-10 12:31:54 | INFO     | KDClient 1 round 36 local training (epochs=3)
[2026-08-10 12:32:09] 2026-08-10 12:32:09 | INFO     | KDClient 1 round 36 completed (acc=0.8324, n=2453)
[2026-08-10 12:32:09] 2026-08-10 12:32:09 | INFO     | KDClient 2 fit round 36 (tier=small)
[2026-08-10 12:32:09] 2026-08-10 12:32:09 | INFO     | KDClient 2 round 36 public KD (epochs=2)
[2026-08-10 12:32:19] 2026-08-10 12:32:19 | INFO     | KDClient 2 round 36 local training (epochs=3)
[2026-08-10 12:32:34] 2026-08-10 12:32:34 | INFO     | KDClient 2 round 36 completed (acc=0.8098, n=1737)
[2026-08-10 12:32:34] 2026-08-10 12:32:34 | INFO     | KDClient 3 fit round 36 (tier=small)
[2026-08-10 12:32:34] 2026-08-10 12:32:34 | INFO     | KDClient 3 round 36 public KD (epochs=2)
[2026-08-10 12:32:44] 2026-08-10 12:32:44 | INFO     | KDClient 3 round 36 local training (epochs=3)
[2026-08-10 12:33:04] 2026-08-10 12:33:04 | INFO     | KDClient 3 round 36 completed (acc=0.8790, n=4569)
[2026-08-10 12:33:04] 2026-08-10 12:33:04 | INFO     | KDClient 4 fit round 36 (tier=small)
[2026-08-10 12:33:04] 2026-08-10 12:33:04 | INFO     | KDClient 4 round 36 public KD (epochs=2)
[2026-08-10 12:33:19] 2026-08-10 12:33:19 | INFO     | KDClient 4 round 36 local training (epochs=3)
[2026-08-10 12:33:40] 2026-08-10 12:33:40 | INFO     | KDClient 4 round 36 completed (acc=0.8808, n=4988)
[2026-08-10 12:33:40] 2026-08-10 12:33:40 | INFO     | KDClient 5 fit round 36 (tier=small)
[2026-08-10 12:33:40] 2026-08-10 12:33:40 | INFO     | KDClient 5 round 36 public KD (epochs=2)
[2026-08-10 12:33:48] 2026-08-10 12:33:48 | INFO     | KDClient 5 round 36 local training (epochs=3)
[2026-08-10 12:34:03] 2026-08-10 12:34:03 | INFO     | KDClient 5 round 36 completed (acc=0.9188, n=2078)
[2026-08-10 12:34:03] 2026-08-10 12:34:03 | INFO     | KDClient 6 fit round 36 (tier=small)
[2026-08-10 12:34:03] 2026-08-10 12:34:03 | INFO     | KDClient 6 round 36 public KD (epochs=2)
[2026-08-10 12:34:13] 2026-08-10 12:34:13 | INFO     | KDClient 6 round 36 local training (epochs=3)
[2026-08-10 12:34:29] 2026-08-10 12:34:29 | INFO     | KDClient 6 round 36 completed (acc=0.7775, n=1216)
[2026-08-10 12:34:29] 2026-08-10 12:34:29 | INFO     | KDClient 7 fit round 36 (tier=medium)
[2026-08-10 12:34:29] 2026-08-10 12:34:29 | INFO     | KDClient 7 round 36 public KD (epochs=2)
[2026-08-10 12:35:01] 2026-08-10 12:35:01 | INFO     | KDClient 7 round 36 local training (epochs=3)
[2026-08-10 12:35:41] 2026-08-10 12:35:41 | INFO     | KDClient 7 round 36 completed (acc=0.8659, n=2068)
[2026-08-10 12:35:41] 2026-08-10 12:35:41 | INFO     | KDClient 8 fit round 36 (tier=medium)
[2026-08-10 12:35:41] 2026-08-10 12:35:41 | INFO     | KDClient 8 round 36 public KD (epochs=2)
[2026-08-10 12:36:17] 2026-08-10 12:36:17 | INFO     | KDClient 8 round 36 local training (epochs=3)
[2026-08-10 12:36:58] 2026-08-10 12:36:58 | INFO     | KDClient 8 round 36 completed (acc=0.7229, n=2757)
[2026-08-10 12:36:58] 2026-08-10 12:36:58 | INFO     | KDClient 9 fit round 36 (tier=medium)
[2026-08-10 12:36:58] 2026-08-10 12:36:58 | INFO     | KDClient 9 round 36 public KD (epochs=2)
[2026-08-10 12:37:29] 2026-08-10 12:37:29 | INFO     | KDClient 9 round 36 local training (epochs=3)
[2026-08-10 12:38:17] 2026-08-10 12:38:17 | INFO     | KDClient 9 round 36 completed (acc=0.8108, n=3030)
[2026-08-10 12:38:17] 2026-08-10 12:38:17 | INFO     | KDClient 10 fit round 36 (tier=medium)
[2026-08-10 12:38:17] 2026-08-10 12:38:17 | INFO     | KDClient 10 round 36 public KD (epochs=2)
[2026-08-10 12:38:54] 2026-08-10 12:38:54 | INFO     | KDClient 10 round 36 local training (epochs=3)
[2026-08-10 12:39:38] 2026-08-10 12:39:38 | INFO     | KDClient 10 round 36 completed (acc=0.7822, n=2256)
[2026-08-10 12:39:38] 2026-08-10 12:39:38 | INFO     | KDClient 11 fit round 36 (tier=medium)
[2026-08-10 12:39:38] 2026-08-10 12:39:38 | INFO     | KDClient 11 round 36 public KD (epochs=2)
[2026-08-10 12:40:12] 2026-08-10 12:40:12 | INFO     | KDClient 11 round 36 local training (epochs=3)
[2026-08-10 12:41:08] 2026-08-10 12:41:08 | INFO     | KDClient 11 round 36 completed (acc=0.7794, n=2774)
[2026-08-10 12:41:08] 2026-08-10 12:41:08 | INFO     | KDClient 12 fit round 36 (tier=medium)
[2026-08-10 12:41:08] 2026-08-10 12:41:08 | INFO     | KDClient 12 round 36 public KD (epochs=2)
[2026-08-10 12:41:45] 2026-08-10 12:41:45 | INFO     | KDClient 12 round 36 local training (epochs=3)
[2026-08-10 12:42:42] 2026-08-10 12:42:42 | INFO     | KDClient 12 round 36 completed (acc=0.8742, n=2925)
[2026-08-10 12:42:42] 2026-08-10 12:42:42 | INFO     | KDClient 13 fit round 36 (tier=medium)
[2026-08-10 12:42:42] 2026-08-10 12:42:42 | INFO     | KDClient 13 round 36 public KD (epochs=2)
[2026-08-10 12:43:17] 2026-08-10 12:43:17 | INFO     | KDClient 13 round 36 local training (epochs=3)
[2026-08-10 12:44:30] 2026-08-10 12:44:30 | INFO     | KDClient 13 round 36 completed (acc=0.8664, n=4336)
[2026-08-10 12:44:30] 2026-08-10 12:44:30 | INFO     | KDClient 14 fit round 36 (tier=large)
[2026-08-10 12:44:30] 2026-08-10 12:44:30 | INFO     | KDClient 14 round 36 public KD (epochs=2)
[2026-08-10 12:45:25] 2026-08-10 12:45:25 | INFO     | KDClient 14 round 36 local training (epochs=3)
[2026-08-10 12:46:30] 2026-08-10 12:46:29 | INFO     | KDClient 14 round 36 completed (acc=0.8663, n=2293)
[2026-08-10 12:46:30] 2026-08-10 12:46:29 | INFO     | KDClient 15 fit round 36 (tier=large)
[2026-08-10 12:46:30] 2026-08-10 12:46:29 | INFO     | KDClient 15 round 36 public KD (epochs=2)
[2026-08-10 12:47:18] 2026-08-10 12:47:18 | INFO     | KDClient 15 round 36 local training (epochs=3)
[2026-08-10 12:48:57] 2026-08-10 12:48:57 | INFO     | KDClient 15 round 36 completed (acc=0.9604, n=4755)
[2026-08-10 12:48:57] 2026-08-10 12:48:57 | INFO     | KDClient 16 fit round 36 (tier=large)
[2026-08-10 12:48:57] 2026-08-10 12:48:57 | INFO     | KDClient 16 round 36 public KD (epochs=2)
[2026-08-10 12:50:04] 2026-08-10 12:50:04 | INFO     | KDClient 16 round 36 local training (epochs=3)
[2026-08-10 12:51:33] 2026-08-10 12:51:33 | INFO     | KDClient 16 round 36 completed (acc=0.9634, n=4718)
[2026-08-10 12:51:33] 2026-08-10 12:51:33 | INFO     | KDClient 17 fit round 36 (tier=large)
[2026-08-10 12:51:33] 2026-08-10 12:51:33 | INFO     | KDClient 17 round 36 public KD (epochs=2)
[2026-08-10 12:52:41] 2026-08-10 12:52:41 | INFO     | KDClient 17 round 36 local training (epochs=3)
[2026-08-10 12:54:08] 2026-08-10 12:54:08 | INFO     | KDClient 17 round 36 completed (acc=0.8764, n=3677)
[2026-08-10 12:54:08] 2026-08-10 12:54:08 | INFO     | KDClient 18 fit round 36 (tier=large)
[2026-08-10 12:54:08] 2026-08-10 12:54:08 | INFO     | KDClient 18 round 36 public KD (epochs=2)
[2026-08-10 12:55:12] 2026-08-10 12:55:12 | INFO     | KDClient 18 round 36 local training (epochs=3)
[2026-08-10 12:56:51] 2026-08-10 12:56:51 | INFO     | KDClient 18 round 36 completed (acc=0.8619, n=1384)
[2026-08-10 12:56:51] 2026-08-10 12:56:51 | INFO     | KDClient 19 fit round 36 (tier=large)
[2026-08-10 12:56:51] 2026-08-10 12:56:51 | INFO     | KDClient 19 round 36 public KD (epochs=2)
[2026-08-10 12:58:06] 2026-08-10 12:58:06 | INFO     | KDClient 19 round 36 local training (epochs=3)
[2026-08-10 12:59:42] 2026-08-10 12:59:42 | INFO     | KDClient 19 round 36 completed (acc=0.9070, n=3137)
[2026-08-10 12:59:42]   Round  36/40 | Avg: 0.8526 | Min: 0.7229 | Max: 0.9634
[2026-08-10 12:59:42] 2026-08-10 12:59:42 | INFO     | FEDAKD — NONIID: round 37/40 starting
[2026-08-10 12:59:42] 2026-08-10 12:59:42 | INFO     | KDClient 0 fit round 37 (tier=small)
[2026-08-10 12:59:42] 2026-08-10 12:59:42 | INFO     | KDClient 0 round 37 public KD (epochs=2)
[2026-08-10 12:59:54] 2026-08-10 12:59:54 | INFO     | KDClient 0 round 37 local training (epochs=3)
[2026-08-10 13:00:17] 2026-08-10 13:00:17 | INFO     | KDClient 0 round 37 completed (acc=0.8245, n=2849)
[2026-08-10 13:00:17] 2026-08-10 13:00:17 | INFO     | KDClient 1 fit round 37 (tier=small)
[2026-08-10 13:00:17] 2026-08-10 13:00:17 | INFO     | KDClient 1 round 37 public KD (epochs=2)
[2026-08-10 13:00:30] 2026-08-10 13:00:30 | INFO     | KDClient 1 round 37 local training (epochs=3)
[2026-08-10 13:00:52] 2026-08-10 13:00:52 | INFO     | KDClient 1 round 37 completed (acc=0.8219, n=2453)
[2026-08-10 13:00:52] 2026-08-10 13:00:52 | INFO     | KDClient 2 fit round 37 (tier=small)
[2026-08-10 13:00:52] 2026-08-10 13:00:52 | INFO     | KDClient 2 round 37 public KD (epochs=2)
[2026-08-10 13:01:08] 2026-08-10 13:01:08 | INFO     | KDClient 2 round 37 local training (epochs=3)
[2026-08-10 13:01:25] 2026-08-10 13:01:25 | INFO     | KDClient 2 round 37 completed (acc=0.8188, n=1737)
[2026-08-10 13:01:25] 2026-08-10 13:01:25 | INFO     | KDClient 3 fit round 37 (tier=small)
[2026-08-10 13:01:25] 2026-08-10 13:01:25 | INFO     | KDClient 3 round 37 public KD (epochs=2)
[2026-08-10 13:01:36] 2026-08-10 13:01:36 | INFO     | KDClient 3 round 37 local training (epochs=3)
[2026-08-10 13:01:57] 2026-08-10 13:01:57 | INFO     | KDClient 3 round 37 completed (acc=0.8843, n=4569)
[2026-08-10 13:01:57] 2026-08-10 13:01:57 | INFO     | KDClient 4 fit round 37 (tier=small)
[2026-08-10 13:01:57] 2026-08-10 13:01:57 | INFO     | KDClient 4 round 37 public KD (epochs=2)
[2026-08-10 13:02:07] 2026-08-10 13:02:07 | INFO     | KDClient 4 round 37 local training (epochs=3)
[2026-08-10 13:02:24] 2026-08-10 13:02:24 | INFO     | KDClient 4 round 37 completed (acc=0.8786, n=4988)
[2026-08-10 13:02:24] 2026-08-10 13:02:24 | INFO     | KDClient 5 fit round 37 (tier=small)
[2026-08-10 13:02:24] 2026-08-10 13:02:24 | INFO     | KDClient 5 round 37 public KD (epochs=2)
[2026-08-10 13:02:34] 2026-08-10 13:02:34 | INFO     | KDClient 5 round 37 local training (epochs=3)
[2026-08-10 13:02:46] 2026-08-10 13:02:46 | INFO     | KDClient 5 round 37 completed (acc=0.9059, n=2078)
[2026-08-10 13:02:46] 2026-08-10 13:02:46 | INFO     | KDClient 6 fit round 37 (tier=small)
[2026-08-10 13:02:46] 2026-08-10 13:02:46 | INFO     | KDClient 6 round 37 public KD (epochs=2)
[2026-08-10 13:02:57] 2026-08-10 13:02:57 | INFO     | KDClient 6 round 37 local training (epochs=3)
[2026-08-10 13:03:18] 2026-08-10 13:03:18 | INFO     | KDClient 6 round 37 completed (acc=0.7859, n=1216)
[2026-08-10 13:03:18] 2026-08-10 13:03:18 | INFO     | KDClient 7 fit round 37 (tier=medium)
[2026-08-10 13:03:18] 2026-08-10 13:03:18 | INFO     | KDClient 7 round 37 public KD (epochs=2)
[2026-08-10 13:03:52] 2026-08-10 13:03:52 | INFO     | KDClient 7 round 37 local training (epochs=3)
[2026-08-10 13:04:38] 2026-08-10 13:04:38 | INFO     | KDClient 7 round 37 completed (acc=0.8640, n=2068)
[2026-08-10 13:04:38] 2026-08-10 13:04:38 | INFO     | KDClient 8 fit round 37 (tier=medium)
[2026-08-10 13:04:38] 2026-08-10 13:04:38 | INFO     | KDClient 8 round 37 public KD (epochs=2)
[2026-08-10 13:05:20] 2026-08-10 13:05:20 | INFO     | KDClient 8 round 37 local training (epochs=3)
[2026-08-10 13:06:17] 2026-08-10 13:06:17 | INFO     | KDClient 8 round 37 completed (acc=0.7292, n=2757)
[2026-08-10 13:06:17] 2026-08-10 13:06:17 | INFO     | KDClient 9 fit round 37 (tier=medium)
[2026-08-10 13:06:17] 2026-08-10 13:06:17 | INFO     | KDClient 9 round 37 public KD (epochs=2)
[2026-08-10 13:06:49] 2026-08-10 13:06:49 | INFO     | KDClient 9 round 37 local training (epochs=3)
[2026-08-10 13:07:35] 2026-08-10 13:07:35 | INFO     | KDClient 9 round 37 completed (acc=0.8114, n=3030)
[2026-08-10 13:07:35] 2026-08-10 13:07:35 | INFO     | KDClient 10 fit round 37 (tier=medium)
[2026-08-10 13:07:35] 2026-08-10 13:07:35 | INFO     | KDClient 10 round 37 public KD (epochs=2)
[2026-08-10 13:08:17] 2026-08-10 13:08:17 | INFO     | KDClient 10 round 37 local training (epochs=3)
[2026-08-10 13:09:04] 2026-08-10 13:09:04 | INFO     | KDClient 10 round 37 completed (acc=0.7732, n=2256)
[2026-08-10 13:09:04] 2026-08-10 13:09:04 | INFO     | KDClient 11 fit round 37 (tier=medium)
[2026-08-10 13:09:04] 2026-08-10 13:09:04 | INFO     | KDClient 11 round 37 public KD (epochs=2)
[2026-08-10 13:09:37] 2026-08-10 13:09:37 | INFO     | KDClient 11 round 37 local training (epochs=3)
[2026-08-10 13:10:43] 2026-08-10 13:10:43 | INFO     | KDClient 11 round 37 completed (acc=0.7728, n=2774)
[2026-08-10 13:10:43] 2026-08-10 13:10:43 | INFO     | KDClient 12 fit round 37 (tier=medium)
[2026-08-10 13:10:43] 2026-08-10 13:10:43 | INFO     | KDClient 12 round 37 public KD (epochs=2)
[2026-08-10 13:11:17] 2026-08-10 13:11:17 | INFO     | KDClient 12 round 37 local training (epochs=3)
[2026-08-10 13:11:51] 2026-08-10 13:11:51 | INFO     | KDClient 12 round 37 completed (acc=0.8739, n=2925)
[2026-08-10 13:11:51] 2026-08-10 13:11:51 | INFO     | KDClient 13 fit round 37 (tier=medium)
[2026-08-10 13:11:51] 2026-08-10 13:11:51 | INFO     | KDClient 13 round 37 public KD (epochs=2)
[2026-08-10 13:12:21] 2026-08-10 13:12:21 | INFO     | KDClient 13 round 37 local training (epochs=3)
[2026-08-10 13:13:21] 2026-08-10 13:13:21 | INFO     | KDClient 13 round 37 completed (acc=0.8765, n=4336)
[2026-08-10 13:13:21] 2026-08-10 13:13:21 | INFO     | KDClient 14 fit round 37 (tier=large)
[2026-08-10 13:13:21] 2026-08-10 13:13:21 | INFO     | KDClient 14 round 37 public KD (epochs=2)
[2026-08-10 13:14:20] 2026-08-10 13:14:20 | INFO     | KDClient 14 round 37 local training (epochs=3)
[2026-08-10 13:15:48] 2026-08-10 13:15:48 | INFO     | KDClient 14 round 37 completed (acc=0.8664, n=2293)
[2026-08-10 13:15:48] 2026-08-10 13:15:48 | INFO     | KDClient 15 fit round 37 (tier=large)
[2026-08-10 13:15:48] 2026-08-10 13:15:48 | INFO     | KDClient 15 round 37 public KD (epochs=2)
[2026-08-10 13:16:43] 2026-08-10 13:16:43 | INFO     | KDClient 15 round 37 local training (epochs=3)
[2026-08-10 13:19:05] 2026-08-10 13:19:05 | INFO     | KDClient 15 round 37 completed (acc=0.9671, n=4755)
[2026-08-10 13:19:05] 2026-08-10 13:19:05 | INFO     | KDClient 16 fit round 37 (tier=large)
[2026-08-10 13:19:05] 2026-08-10 13:19:05 | INFO     | KDClient 16 round 37 public KD (epochs=2)
[2026-08-10 13:20:04] 2026-08-10 13:20:04 | INFO     | KDClient 16 round 37 local training (epochs=3)
[2026-08-10 13:21:59] 2026-08-10 13:21:59 | INFO     | KDClient 16 round 37 completed (acc=0.9663, n=4718)
[2026-08-10 13:21:59] 2026-08-10 13:21:59 | INFO     | KDClient 17 fit round 37 (tier=large)
[2026-08-10 13:21:59] 2026-08-10 13:21:59 | INFO     | KDClient 17 round 37 public KD (epochs=2)
[2026-08-10 13:22:55] 2026-08-10 13:22:55 | INFO     | KDClient 17 round 37 local training (epochs=3)
[2026-08-10 13:24:30] 2026-08-10 13:24:30 | INFO     | KDClient 17 round 37 completed (acc=0.8620, n=3677)
[2026-08-10 13:24:30] 2026-08-10 13:24:30 | INFO     | KDClient 18 fit round 37 (tier=large)
[2026-08-10 13:24:30] 2026-08-10 13:24:30 | INFO     | KDClient 18 round 37 public KD (epochs=2)
[2026-08-10 13:25:14] 2026-08-10 13:25:14 | INFO     | KDClient 18 round 37 local training (epochs=3)
[2026-08-10 13:26:08] 2026-08-10 13:26:08 | INFO     | KDClient 18 round 37 completed (acc=0.8600, n=1384)
[2026-08-10 13:26:08] 2026-08-10 13:26:08 | INFO     | KDClient 19 fit round 37 (tier=large)
[2026-08-10 13:26:08] 2026-08-10 13:26:08 | INFO     | KDClient 19 round 37 public KD (epochs=2)
[2026-08-10 13:27:09] 2026-08-10 13:27:09 | INFO     | KDClient 19 round 37 local training (epochs=3)
[2026-08-10 13:28:09] 2026-08-10 13:28:09 | INFO     | KDClient 19 round 37 completed (acc=0.8667, n=3137)
[2026-08-10 13:28:09]   Round  37/40 | Avg: 0.8505 | Min: 0.7292 | Max: 0.9671
[2026-08-10 13:28:09] 2026-08-10 13:28:09 | INFO     | FEDAKD — NONIID: round 38/40 starting
[2026-08-10 13:28:09] 2026-08-10 13:28:09 | INFO     | KDClient 0 fit round 38 (tier=small)
[2026-08-10 13:28:09] 2026-08-10 13:28:09 | INFO     | KDClient 0 round 38 public KD (epochs=2)
[2026-08-10 13:28:17] 2026-08-10 13:28:17 | INFO     | KDClient 0 round 38 local training (epochs=3)
[2026-08-10 13:28:31] 2026-08-10 13:28:31 | INFO     | KDClient 0 round 38 completed (acc=0.8218, n=2849)
[2026-08-10 13:28:31] 2026-08-10 13:28:31 | INFO     | KDClient 1 fit round 38 (tier=small)
[2026-08-10 13:28:31] 2026-08-10 13:28:31 | INFO     | KDClient 1 round 38 public KD (epochs=2)
[2026-08-10 13:28:40] 2026-08-10 13:28:40 | INFO     | KDClient 1 round 38 local training (epochs=3)
[2026-08-10 13:28:56] 2026-08-10 13:28:56 | INFO     | KDClient 1 round 38 completed (acc=0.8234, n=2453)
[2026-08-10 13:28:56] 2026-08-10 13:28:56 | INFO     | KDClient 2 fit round 38 (tier=small)
[2026-08-10 13:28:56] 2026-08-10 13:28:56 | INFO     | KDClient 2 round 38 public KD (epochs=2)
[2026-08-10 13:29:06] 2026-08-10 13:29:06 | INFO     | KDClient 2 round 38 local training (epochs=3)
[2026-08-10 13:29:21] 2026-08-10 13:29:21 | INFO     | KDClient 2 round 38 completed (acc=0.8043, n=1737)
[2026-08-10 13:29:21] 2026-08-10 13:29:21 | INFO     | KDClient 3 fit round 38 (tier=small)
[2026-08-10 13:29:21] 2026-08-10 13:29:21 | INFO     | KDClient 3 round 38 public KD (epochs=2)
[2026-08-10 13:29:30] 2026-08-10 13:29:30 | INFO     | KDClient 3 round 38 local training (epochs=3)
[2026-08-10 13:29:48] 2026-08-10 13:29:48 | INFO     | KDClient 3 round 38 completed (acc=0.8743, n=4569)
[2026-08-10 13:29:48] 2026-08-10 13:29:48 | INFO     | KDClient 4 fit round 38 (tier=small)
[2026-08-10 13:29:48] 2026-08-10 13:29:48 | INFO     | KDClient 4 round 38 public KD (epochs=2)
[2026-08-10 13:29:58] 2026-08-10 13:29:58 | INFO     | KDClient 4 round 38 local training (epochs=3)
[2026-08-10 13:30:16] 2026-08-10 13:30:16 | INFO     | KDClient 4 round 38 completed (acc=0.8795, n=4988)
[2026-08-10 13:30:16] 2026-08-10 13:30:16 | INFO     | KDClient 5 fit round 38 (tier=small)
[2026-08-10 13:30:16] 2026-08-10 13:30:16 | INFO     | KDClient 5 round 38 public KD (epochs=2)
[2026-08-10 13:30:25] 2026-08-10 13:30:25 | INFO     | KDClient 5 round 38 local training (epochs=3)
[2026-08-10 13:30:38] 2026-08-10 13:30:38 | INFO     | KDClient 5 round 38 completed (acc=0.9130, n=2078)
[2026-08-10 13:30:38] 2026-08-10 13:30:38 | INFO     | KDClient 6 fit round 38 (tier=small)
[2026-08-10 13:30:38] 2026-08-10 13:30:38 | INFO     | KDClient 6 round 38 public KD (epochs=2)
[2026-08-10 13:30:46] 2026-08-10 13:30:46 | INFO     | KDClient 6 round 38 local training (epochs=3)
[2026-08-10 13:31:00] 2026-08-10 13:31:00 | INFO     | KDClient 6 round 38 completed (acc=0.7808, n=1216)
[2026-08-10 13:31:00] 2026-08-10 13:31:00 | INFO     | KDClient 7 fit round 38 (tier=medium)
[2026-08-10 13:31:00] 2026-08-10 13:31:00 | INFO     | KDClient 7 round 38 public KD (epochs=2)
[2026-08-10 13:31:38] 2026-08-10 13:31:38 | INFO     | KDClient 7 round 38 local training (epochs=3)
[2026-08-10 13:32:34] 2026-08-10 13:32:34 | INFO     | KDClient 7 round 38 completed (acc=0.8657, n=2068)
[2026-08-10 13:32:34] 2026-08-10 13:32:34 | INFO     | KDClient 8 fit round 38 (tier=medium)
[2026-08-10 13:32:34] 2026-08-10 13:32:34 | INFO     | KDClient 8 round 38 public KD (epochs=2)
[2026-08-10 13:33:07] 2026-08-10 13:33:07 | INFO     | KDClient 8 round 38 local training (epochs=3)
[2026-08-10 13:33:57] 2026-08-10 13:33:57 | INFO     | KDClient 8 round 38 completed (acc=0.7340, n=2757)
[2026-08-10 13:33:57] 2026-08-10 13:33:57 | INFO     | KDClient 9 fit round 38 (tier=medium)
[2026-08-10 13:33:57] 2026-08-10 13:33:57 | INFO     | KDClient 9 round 38 public KD (epochs=2)
[2026-08-10 13:34:27] 2026-08-10 13:34:27 | INFO     | KDClient 9 round 38 local training (epochs=3)
[2026-08-10 13:35:09] 2026-08-10 13:35:09 | INFO     | KDClient 9 round 38 completed (acc=0.7858, n=3030)
[2026-08-10 13:35:09] 2026-08-10 13:35:09 | INFO     | KDClient 10 fit round 38 (tier=medium)
[2026-08-10 13:35:09] 2026-08-10 13:35:09 | INFO     | KDClient 10 round 38 public KD (epochs=2)
[2026-08-10 13:35:42] 2026-08-10 13:35:42 | INFO     | KDClient 10 round 38 local training (epochs=3)
[2026-08-10 13:36:23] 2026-08-10 13:36:23 | INFO     | KDClient 10 round 38 completed (acc=0.7722, n=2256)
[2026-08-10 13:36:23] 2026-08-10 13:36:23 | INFO     | KDClient 11 fit round 38 (tier=medium)
[2026-08-10 13:36:23] 2026-08-10 13:36:23 | INFO     | KDClient 11 round 38 public KD (epochs=2)
[2026-08-10 13:36:56] 2026-08-10 13:36:56 | INFO     | KDClient 11 round 38 local training (epochs=3)
[2026-08-10 13:37:44] 2026-08-10 13:37:44 | INFO     | KDClient 11 round 38 completed (acc=0.7746, n=2774)
[2026-08-10 13:37:44] 2026-08-10 13:37:44 | INFO     | KDClient 12 fit round 38 (tier=medium)
[2026-08-10 13:37:44] 2026-08-10 13:37:44 | INFO     | KDClient 12 round 38 public KD (epochs=2)
[2026-08-10 13:38:16] 2026-08-10 13:38:16 | INFO     | KDClient 12 round 38 local training (epochs=3)
[2026-08-10 13:38:57] 2026-08-10 13:38:57 | INFO     | KDClient 12 round 38 completed (acc=0.8750, n=2925)
[2026-08-10 13:38:57] 2026-08-10 13:38:57 | INFO     | KDClient 13 fit round 38 (tier=medium)
[2026-08-10 13:38:57] 2026-08-10 13:38:57 | INFO     | KDClient 13 round 38 public KD (epochs=2)
[2026-08-10 13:39:25] 2026-08-10 13:39:25 | INFO     | KDClient 13 round 38 local training (epochs=3)
[2026-08-10 13:40:24] 2026-08-10 13:40:24 | INFO     | KDClient 13 round 38 completed (acc=0.8929, n=4336)
[2026-08-10 13:40:24] 2026-08-10 13:40:24 | INFO     | KDClient 14 fit round 38 (tier=large)
[2026-08-10 13:40:24] 2026-08-10 13:40:24 | INFO     | KDClient 14 round 38 public KD (epochs=2)
[2026-08-10 13:41:10] 2026-08-10 13:41:10 | INFO     | KDClient 14 round 38 local training (epochs=3)
[2026-08-10 13:42:24] 2026-08-10 13:42:24 | INFO     | KDClient 14 round 38 completed (acc=0.8498, n=2293)
[2026-08-10 13:42:24] 2026-08-10 13:42:24 | INFO     | KDClient 15 fit round 38 (tier=large)
[2026-08-10 13:42:24] 2026-08-10 13:42:24 | INFO     | KDClient 15 round 38 public KD (epochs=2)
[2026-08-10 13:43:10] 2026-08-10 13:43:10 | INFO     | KDClient 15 round 38 local training (epochs=3)
[2026-08-10 13:44:33] 2026-08-10 13:44:33 | INFO     | KDClient 15 round 38 completed (acc=0.9748, n=4755)
[2026-08-10 13:44:33] 2026-08-10 13:44:33 | INFO     | KDClient 16 fit round 38 (tier=large)
[2026-08-10 13:44:33] 2026-08-10 13:44:33 | INFO     | KDClient 16 round 38 public KD (epochs=2)
[2026-08-10 13:45:19] 2026-08-10 13:45:19 | INFO     | KDClient 16 round 38 local training (epochs=3)
[2026-08-10 13:46:34] 2026-08-10 13:46:34 | INFO     | KDClient 16 round 38 completed (acc=0.9616, n=4718)
[2026-08-10 13:46:34] 2026-08-10 13:46:34 | INFO     | KDClient 17 fit round 38 (tier=large)
[2026-08-10 13:46:34] 2026-08-10 13:46:34 | INFO     | KDClient 17 round 38 public KD (epochs=2)
[2026-08-10 13:47:38] 2026-08-10 13:47:38 | INFO     | KDClient 17 round 38 local training (epochs=3)
[2026-08-10 13:48:40] 2026-08-10 13:48:40 | INFO     | KDClient 17 round 38 completed (acc=0.8558, n=3677)
[2026-08-10 13:48:40] 2026-08-10 13:48:40 | INFO     | KDClient 18 fit round 38 (tier=large)
[2026-08-10 13:48:40] 2026-08-10 13:48:40 | INFO     | KDClient 18 round 38 public KD (epochs=2)
[2026-08-10 13:49:31] 2026-08-10 13:49:31 | INFO     | KDClient 18 round 38 local training (epochs=3)
[2026-08-10 13:50:45] 2026-08-10 13:50:44 | INFO     | KDClient 18 round 38 completed (acc=0.8534, n=1384)
[2026-08-10 13:50:45] 2026-08-10 13:50:44 | INFO     | KDClient 19 fit round 38 (tier=large)
[2026-08-10 13:50:45] 2026-08-10 13:50:44 | INFO     | KDClient 19 round 38 public KD (epochs=2)
[2026-08-10 13:51:29] 2026-08-10 13:51:29 | INFO     | KDClient 19 round 38 local training (epochs=3)
[2026-08-10 13:52:41] 2026-08-10 13:52:41 | INFO     | KDClient 19 round 38 completed (acc=0.9095, n=3137)
[2026-08-10 13:52:41]   Round  38/40 | Avg: 0.8501 | Min: 0.7340 | Max: 0.9748
[2026-08-10 13:52:41] 2026-08-10 13:52:41 | INFO     | FEDAKD — NONIID: round 39/40 starting
[2026-08-10 13:52:42] 2026-08-10 13:52:42 | INFO     | KDClient 0 fit round 39 (tier=small)
[2026-08-10 13:52:42] 2026-08-10 13:52:42 | INFO     | KDClient 0 round 39 public KD (epochs=2)
[2026-08-10 13:52:54] 2026-08-10 13:52:54 | INFO     | KDClient 0 round 39 local training (epochs=3)
[2026-08-10 13:53:19] 2026-08-10 13:53:19 | INFO     | KDClient 0 round 39 completed (acc=0.8317, n=2849)
[2026-08-10 13:53:19] 2026-08-10 13:53:19 | INFO     | KDClient 1 fit round 39 (tier=small)
[2026-08-10 13:53:19] 2026-08-10 13:53:19 | INFO     | KDClient 1 round 39 public KD (epochs=2)
[2026-08-10 13:53:31] 2026-08-10 13:53:31 | INFO     | KDClient 1 round 39 local training (epochs=3)
[2026-08-10 13:53:57] 2026-08-10 13:53:57 | INFO     | KDClient 1 round 39 completed (acc=0.8243, n=2453)
[2026-08-10 13:53:57] 2026-08-10 13:53:57 | INFO     | KDClient 2 fit round 39 (tier=small)
[2026-08-10 13:53:57] 2026-08-10 13:53:57 | INFO     | KDClient 2 round 39 public KD (epochs=2)
[2026-08-10 13:54:10] 2026-08-10 13:54:10 | INFO     | KDClient 2 round 39 local training (epochs=3)
[2026-08-10 13:54:34] 2026-08-10 13:54:34 | INFO     | KDClient 2 round 39 completed (acc=0.8071, n=1737)
[2026-08-10 13:54:34] 2026-08-10 13:54:34 | INFO     | KDClient 3 fit round 39 (tier=small)
[2026-08-10 13:54:34] 2026-08-10 13:54:34 | INFO     | KDClient 3 round 39 public KD (epochs=2)
[2026-08-10 13:54:48] 2026-08-10 13:54:48 | INFO     | KDClient 3 round 39 local training (epochs=3)
[2026-08-10 13:55:14] 2026-08-10 13:55:14 | INFO     | KDClient 3 round 39 completed (acc=0.8683, n=4569)
[2026-08-10 13:55:14] 2026-08-10 13:55:14 | INFO     | KDClient 4 fit round 39 (tier=small)
[2026-08-10 13:55:14] 2026-08-10 13:55:14 | INFO     | KDClient 4 round 39 public KD (epochs=2)
[2026-08-10 13:55:27] 2026-08-10 13:55:27 | INFO     | KDClient 4 round 39 local training (epochs=3)
[2026-08-10 13:55:58] 2026-08-10 13:55:58 | INFO     | KDClient 4 round 39 completed (acc=0.8804, n=4988)
[2026-08-10 13:55:58] 2026-08-10 13:55:58 | INFO     | KDClient 5 fit round 39 (tier=small)
[2026-08-10 13:55:58] 2026-08-10 13:55:58 | INFO     | KDClient 5 round 39 public KD (epochs=2)
[2026-08-10 13:56:09] 2026-08-10 13:56:09 | INFO     | KDClient 5 round 39 local training (epochs=3)
[2026-08-10 13:56:26] 2026-08-10 13:56:26 | INFO     | KDClient 5 round 39 completed (acc=0.9189, n=2078)
[2026-08-10 13:56:26] 2026-08-10 13:56:26 | INFO     | KDClient 6 fit round 39 (tier=small)
[2026-08-10 13:56:26] 2026-08-10 13:56:26 | INFO     | KDClient 6 round 39 public KD (epochs=2)
[2026-08-10 13:56:35] 2026-08-10 13:56:35 | INFO     | KDClient 6 round 39 local training (epochs=3)
[2026-08-10 13:56:50] 2026-08-10 13:56:50 | INFO     | KDClient 6 round 39 completed (acc=0.7816, n=1216)
[2026-08-10 13:56:50] 2026-08-10 13:56:50 | INFO     | KDClient 7 fit round 39 (tier=medium)
[2026-08-10 13:56:50] 2026-08-10 13:56:50 | INFO     | KDClient 7 round 39 public KD (epochs=2)
[2026-08-10 13:57:27] 2026-08-10 13:57:27 | INFO     | KDClient 7 round 39 local training (epochs=3)
[2026-08-10 13:58:20] 2026-08-10 13:58:20 | INFO     | KDClient 7 round 39 completed (acc=0.8621, n=2068)
[2026-08-10 13:58:20] 2026-08-10 13:58:20 | INFO     | KDClient 8 fit round 39 (tier=medium)
[2026-08-10 13:58:20] 2026-08-10 13:58:20 | INFO     | KDClient 8 round 39 public KD (epochs=2)
[2026-08-10 13:59:00] 2026-08-10 13:59:00 | INFO     | KDClient 8 round 39 local training (epochs=3)
[2026-08-10 13:59:44] 2026-08-10 13:59:44 | INFO     | KDClient 8 round 39 completed (acc=0.7330, n=2757)
[2026-08-10 13:59:44] 2026-08-10 13:59:44 | INFO     | KDClient 9 fit round 39 (tier=medium)
[2026-08-10 13:59:44] 2026-08-10 13:59:44 | INFO     | KDClient 9 round 39 public KD (epochs=2)
[2026-08-10 14:00:15] 2026-08-10 14:00:15 | INFO     | KDClient 9 round 39 local training (epochs=3)
[2026-08-10 14:01:15] 2026-08-10 14:01:15 | INFO     | KDClient 9 round 39 completed (acc=0.8110, n=3030)
[2026-08-10 14:01:15] 2026-08-10 14:01:15 | INFO     | KDClient 10 fit round 39 (tier=medium)
[2026-08-10 14:01:15] 2026-08-10 14:01:15 | INFO     | KDClient 10 round 39 public KD (epochs=2)
[2026-08-10 14:01:54] 2026-08-10 14:01:54 | INFO     | KDClient 10 round 39 local training (epochs=3)
[2026-08-10 14:02:46] 2026-08-10 14:02:46 | INFO     | KDClient 10 round 39 completed (acc=0.7691, n=2256)
[2026-08-10 14:02:46] 2026-08-10 14:02:46 | INFO     | KDClient 11 fit round 39 (tier=medium)
[2026-08-10 14:02:46] 2026-08-10 14:02:46 | INFO     | KDClient 11 round 39 public KD (epochs=2)
[2026-08-10 14:03:24] 2026-08-10 14:03:24 | INFO     | KDClient 11 round 39 local training (epochs=3)
[2026-08-10 14:04:34] 2026-08-10 14:04:34 | INFO     | KDClient 11 round 39 completed (acc=0.7689, n=2774)
[2026-08-10 14:04:34] 2026-08-10 14:04:34 | INFO     | KDClient 12 fit round 39 (tier=medium)
[2026-08-10 14:04:34] 2026-08-10 14:04:34 | INFO     | KDClient 12 round 39 public KD (epochs=2)
[2026-08-10 14:05:21] 2026-08-10 14:05:21 | INFO     | KDClient 12 round 39 local training (epochs=3)
[2026-08-10 14:06:36] 2026-08-10 14:06:36 | INFO     | KDClient 12 round 39 completed (acc=0.8822, n=2925)
[2026-08-10 14:06:36] 2026-08-10 14:06:36 | INFO     | KDClient 13 fit round 39 (tier=medium)
[2026-08-10 14:06:36] 2026-08-10 14:06:36 | INFO     | KDClient 13 round 39 public KD (epochs=2)
[2026-08-10 14:07:22] 2026-08-10 14:07:22 | INFO     | KDClient 13 round 39 local training (epochs=3)
[2026-08-10 14:08:57] 2026-08-10 14:08:57 | INFO     | KDClient 13 round 39 completed (acc=0.8767, n=4336)
[2026-08-10 14:08:57] 2026-08-10 14:08:57 | INFO     | KDClient 14 fit round 39 (tier=large)
[2026-08-10 14:08:57] 2026-08-10 14:08:57 | INFO     | KDClient 14 round 39 public KD (epochs=2)
[2026-08-10 14:10:52] 2026-08-10 14:10:52 | INFO     | KDClient 14 round 39 local training (epochs=3)
[2026-08-10 14:11:12] W0000 00:00:1786385472.635210   41604 op_kernel.cc:1858] OP_REQUIRES failed at mkl_conv_ops.cc:1115 : ABORTED: Operation received an exception:Status: 1, message: could not create a memory object, in file tensorflow/core/kernels/mkl/mkl_conv_ops.cc:1112
[2026-08-10 14:11:12] W0000 00:00:1786385472.717946   41604 local_rendezvous.cc:412] Local rendezvous is aborting with status: ABORTED: Operation received an exception:Status: 1, message: could not create a memory object, in file tensorflow/core/kernels/mkl/mkl_conv_ops.cc:1112
[2026-08-10 14:11:12] 	 [[{{node StatefulPartitionedCall/large_clf_1/conv2d_62_1/Relu}}]]
[2026-08-10 14:11:14] 2026-08-10 14:11:13 | ERROR    | Experiment crashed
[2026-08-10 14:11:14] Traceback (most recent call last):
[2026-08-10 14:11:14]   File "C:\Users\ggad\Desktop\HomeSenseKD\run_fedkd.py", line 843, in <module>
[2026-08-10 14:11:14]     main()
[2026-08-10 14:11:14]   File "C:\Users\ggad\Desktop\HomeSenseKD\run_fedkd.py", line 819, in main
[2026-08-10 14:11:14]     ci_stats[algo] = run_multiseed(algo, cfg, seeds)
[2026-08-10 14:11:14]                      ^^^^^^^^^^^^^^^^^^^^^^^^^^^^^^^
[2026-08-10 14:11:14]   File "C:\Users\ggad\Desktop\HomeSenseKD\run_fedkd.py", line 669, in run_multiseed
[2026-08-10 14:11:14]     stats = run_one_algo(algo, cfg, tiers, tier_map,
[2026-08-10 14:11:14]             ^^^^^^^^^^^^^^^^^^^^^^^^^^^^^^^^^^^^^^^^
[2026-08-10 14:11:14]   File "C:\Users\ggad\Desktop\HomeSenseKD\run_fedkd.py", line 618, in run_one_algo
[2026-08-10 14:11:14]     all_stats[setting] = run_kd(
[2026-08-10 14:11:14]                          ^^^^^^^
[2026-08-10 14:11:14]   File "C:\Users\ggad\Desktop\HomeSenseKD\run_fedkd.py", line 377, in run_kd
[2026-08-10 14:11:14]     res, _, m = c.fit(params_in, {"round_num": rnd, "seed": seed, "alpha": alpha})
[2026-08-10 14:11:14]                 ^^^^^^^^^^^^^^^^^^^^^^^^^^^^^^^^^^^^^^^^^^^^^^^^^^^^^^^^^^^^^^^^^^
[2026-08-10 14:11:14]   File "C:\Users\ggad\Desktop\HomeSenseKD\run_fedkd.py", line 303, in fit
[2026-08-10 14:11:14]     self.node.train_on_target(epochs=self.local_epochs, verbose=False,
[2026-08-10 14:11:14]   File "C:\Users\ggad\Desktop\HomeSenseKD\utils.py", line 401, in train_on_target
[2026-08-10 14:11:14]     self.model[0].fit(self.local_target_dataset[0], self.local_target_dataset[1],
[2026-08-10 14:11:14]   File "C:\Users\ggad\Desktop\HomeSenseKD\venv\Lib\site-packages\keras\src\utils\traceback_utils.py", line 122, in error_handler
[2026-08-10 14:11:14]     raise e.with_traceback(filtered_tb) from None
[2026-08-10 14:11:14]   File "C:\Users\ggad\Desktop\HomeSenseKD\venv\Lib\site-packages\tensorflow\python\eager\execute.py", line 59, in quick_execute
[2026-08-10 14:11:14]     except TypeError as e:
[2026-08-10 14:11:14] tensorflow.python.framework.errors_impl.AbortedError: Graph execution error:
[2026-08-10 14:11:14] 
[2026-08-10 14:11:14] Detected at node StatefulPartitionedCall/large_clf_1/conv2d_62_1/Relu defined at (most recent call last):
[2026-08-10 14:11:14] <stack traces unavailable>
[2026-08-10 14:11:14] Operation received an exception:Status: 1, message: could not create a memory object, in file tensorflow/core/kernels/mkl/mkl_conv_ops.cc:1112
[2026-08-10 14:11:14] 	 [[{{node StatefulPartitionedCall/large_clf_1/conv2d_62_1/Relu}}]] [Op:__inference_multi_step_on_iterator_7857498]
[2026-08-10 14:11:14] Traceback (most recent call last):
[2026-08-10 14:11:14]   File "C:\Users\ggad\Desktop\HomeSenseKD\run_fedkd.py", line 843, in <module>
[2026-08-10 14:11:14]     main()
[2026-08-10 14:11:14]   File "C:\Users\ggad\Desktop\HomeSenseKD\run_fedkd.py", line 819, in main
[2026-08-10 14:11:14]     ci_stats[algo] = run_multiseed(algo, cfg, seeds)
[2026-08-10 14:11:14]                      ^^^^^^^^^^^^^^^^^^^^^^^^^^^^^^^
[2026-08-10 14:11:14]   File "C:\Users\ggad\Desktop\HomeSenseKD\run_fedkd.py", line 669, in run_multiseed
[2026-08-10 14:11:14]     stats = run_one_algo(algo, cfg, tiers, tier_map,
[2026-08-10 14:11:14]             ^^^^^^^^^^^^^^^^^^^^^^^^^^^^^^^^^^^^^^^^
[2026-08-10 14:11:14]   File "C:\Users\ggad\Desktop\HomeSenseKD\run_fedkd.py", line 618, in run_one_algo
[2026-08-10 14:11:14]     all_stats[setting] = run_kd(
[2026-08-10 14:11:14]                          ^^^^^^^
[2026-08-10 14:11:14]   File "C:\Users\ggad\Desktop\HomeSenseKD\run_fedkd.py", line 377, in run_kd
[2026-08-10 14:11:14]     res, _, m = c.fit(params_in, {"round_num": rnd, "seed": seed, "alpha": alpha})
[2026-08-10 14:11:14]                 ^^^^^^^^^^^^^^^^^^^^^^^^^^^^^^^^^^^^^^^^^^^^^^^^^^^^^^^^^^^^^^^^^^
[2026-08-10 14:11:14]   File "C:\Users\ggad\Desktop\HomeSenseKD\run_fedkd.py", line 303, in fit
[2026-08-10 14:11:14]     self.node.train_on_target(epochs=self.local_epochs, verbose=False,
[2026-08-10 14:11:14]   File "C:\Users\ggad\Desktop\HomeSenseKD\utils.py", line 401, in train_on_target
[2026-08-10 14:11:14]     self.model[0].fit(self.local_target_dataset[0], self.local_target_dataset[1],
[2026-08-10 14:11:14]   File "C:\Users\ggad\Desktop\HomeSenseKD\venv\Lib\site-packages\keras\src\utils\traceback_utils.py", line 122, in error_handler
[2026-08-10 14:11:14]     raise e.with_traceback(filtered_tb) from None
[2026-08-10 14:11:14]   File "C:\Users\ggad\Desktop\HomeSenseKD\venv\Lib\site-packages\tensorflow\python\eager\execute.py", line 53, in quick_execute
[2026-08-10 14:11:14]     tensors = pywrap_tfe.TFE_Py_Execute(ctx._handle, device_name, op_name,
[2026-08-10 14:11:14]   ^^^^^^^^^^^^^^^^^^^^^^^^^^^^^^^^^^^^^^^^^^^^^^^^^^^^^^^^^^^^^^^^^^^^^^^^
[2026-08-10 14:11:14] tensorflow.python.framework.errors_impl.AbortedError: Graph execution error:
[2026-08-10 14:11:14] 
[2026-08-10 14:11:14] Detected at node StatefulPartitionedCall/large_clf_1/conv2d_62_1/Relu defined at (most recent call last):
[2026-08-10 14:11:14] <stack traces unavailable>
[2026-08-10 14:11:14] Operation received an exception:Status: 1, message: could not create a memory object, in file tensorflow/core/kernels/mkl/mkl_conv_ops.cc:1112
[2026-08-10 14:11:14] 	 [[{{node StatefulPartitionedCall/large_clf_1/conv2d_62_1/Relu}}]] [Op:__inference_multi_step_on_iterator_7857498]
[2026-08-10 14:13:05] ============================================================
[2026-08-10 14:13:05]   JOB DONE    : mnist_fedakd_uniform  (exit 0)
[2026-08-10 14:13:05]   Full log    : /c/Users/ggad/Desktop/HomeSenseKD/logs/phase1/mnist_fedakd_uniform.log
[2026-08-10 14:13:05] ============================================================
