epoch,accuracy,loss,val_accuracy,val_loss
0,0.5950000286102295,1.349372148513794,0.8427000045776367,0.5656538605690002
1,0.8339999914169312,0.5049853324890137,0.8812000155448914,0.3978412449359894
2,0.8949999809265137,0.3482761085033417,0.8855000138282776,0.37110960483551025
3,0.9169999957084656,0.24671299755573273,0.9107000231742859,0.28834906220436096
4,0.9440000057220459,0.1792515218257904,0.8970999717712402,0.3238799273967743
