epoch,accuracy,loss,val_accuracy,val_loss
0,0.6050000190734863,1.3086096048355103,0.8392999768257141,0.5568479299545288
1,0.8379999995231628,0.5166932940483093,0.8759999871253967,0.4124433100223541
2,0.8999999761581421,0.34209564328193665,0.8865000009536743,0.3674575686454773
3,0.921999990940094,0.27427050471305847,0.8931000232696533,0.34866759181022644
