epoch,accuracy,loss,val_accuracy,val_loss
0,0.6050000190734863,1.3086096048355103,0.8392999768257141,0.5568479299545288
