epoch,accuracy,loss,val_accuracy,val_loss
0,0.5899999737739563,1.3133012056350708,0.8271999955177307,0.5745145678520203
1,0.8309999704360962,0.5380454063415527,0.8805999755859375,0.40909093618392944
2,0.8859999775886536,0.38265082240104675,0.8892999887466431,0.37967681884765625
3,0.9139999747276306,0.2790375053882599,0.9057000279426575,0.3178432881832123
4,0.9319999814033508,0.21506237983703613,0.911300003528595,0.30141860246658325
