epoch,accuracy,loss,val_accuracy,val_loss
0,0.6439999938011169,1.2537115812301636,0.8400999903678894,0.5363711714744568
1,0.8479999899864197,0.48358070850372314,0.892300009727478,0.3826141953468323
2,0.9010000228881836,0.3190244734287262,0.8996000289916992,0.3370397984981537
3,0.9369999766349792,0.23285284638404846,0.9110999703407288,0.30415380001068115
4,0.9480000138282776,0.15908308327198029,0.9153000116348267,0.29449737071990967
