epoch,accuracy,loss,val_accuracy,val_loss
0,0.6110000014305115,1.3034306764602661,0.815500020980835,0.6086707711219788
1,0.8199999928474426,0.5466095209121704,0.8769000172615051,0.4283515512943268
2,0.8679999709129333,0.3826769292354584,0.8892999887466431,0.3760738670825958
3,0.9229999780654907,0.2605397701263428,0.9070000052452087,0.327160120010376
4,0.9369999766349792,0.22069069743156433,0.9074000120162964,0.3160236179828644
